event_sequence,event_id,timestamp_utc,request_id,requester_officer_hash,requester_station_id,target_record_hash,decision,primary_reason_code,policy_version_evaluated,request_content_hash,decision_hash,explanation_hash,audit_anchor_hash,event_payload_hash,previous_event_hash,event_hash,log_signature,signature_algorithm,audit_log_version
1,063e07eb08f5289d718787d5,2026-05-27T00:13:00Z,REQ-000001,d57f9cfca107b054602e3afe,STATE_02_DIST_04_PS_03,ebee7338989614ba92eb1548,deny,DENY_INACTIVE_CREDENTIAL,P-2026-05-STEP2-ORACLE,06331a153b84763cbb5d81ee4143a49dc252a085d642bca6fcb83bda31f24d3b,5528c8cfdb92c23feff0a56edb96a5b0071fccb3535aaebe53166e6a20b55823,f0bd4f3b97a4df2217c29b442e77234b44dd0fc780dcfdbcd5685a3cdd411fe0,6213a85bcb56f5cc83499ed6abbbd680a56b26fda54b95ecca1884e287c2e2aa,2862a9b232506fe86cd2b8bc707ced3ce7328f8388f1ac679490e19a730637eb,GENESIS,3bc4781e7cbe0e08d94bb9a81a2382d8068fdd7650045c8ba80f0b7cb95c853e,04b006ea65834337213d332a0fb220f30ea0466adb3bf6187203233d70eb32fb,HMAC-SHA256-DEMO,AUDIT-2026-05-STEP3
2,b357df6dbe7b64512eeceba1,2026-05-27T00:14:00Z,REQ-000002,f1cd31d43c526f5a63bbd87e,STATE_01_DIST_03_PS_01,86cf9537924a3bb27fd6a3c9,allow,ALLOW_ROUTINE_CONTEXTUAL_ACCESS,P-2026-05-STEP2-ORACLE,475931ac6bcaa3dddfe1961e8c286934d2c3e75c2213c230eac98e13726cdd33,958313998dd17dc98714b7487ac2861fdb9eab438199ab6019a1a41b337315d9,0a76906011c17bd9b6acb25d53052d67244217f47a7f4cbb88dd16133eee5a02,060ff8a37d68ccba79024e45a750ecde8bee5b201bebe9702e8e1a1e4d9235ed,ace47ece968e3ad226bf128675079c0e3f4caf07ec4cdbbb335cd8caf21f053a,3bc4781e7cbe0e08d94bb9a81a2382d8068fdd7650045c8ba80f0b7cb95c853e,707604f8bbf2ab101aca4f57b26c7acb6607463a45684c54db8895ce1ad2abec,c124b9c45d1ee84425510e678d3e94170476717ca5c55c860038ab4cc2c139bf,HMAC-SHA256-DEMO,AUDIT-2026-05-STEP3
3,ebafd6d41bd247c62bbccf8e,2026-05-27T00:36:00Z,REQ-000003,0333fdd2d35c528a38a1dbe4,STATE_01_DIST_02_PS_02,d8c9df09b1ba5408e3849067,escalate,ESCALATE_PRIVACY_SENSITIVE_RECORD,P-2026-05-STEP2-ORACLE,dabd8fc23182abf0833b6e4ebc8b68d941decc5cca28058d97bb7c27eb9b3f50,bed80e6e22f6f29f3c8f3c1cc0cbc710eda974bc98f3efbdff6162a3e89b2f13,a444f106a40bb84e1d6409199d0652f8f60f811305dd769cb627d4bbf480b281,bc59cbd36c1cebd6d6b4ca6404c217f2ae333d0519ee6cb3a9d7bcafa30feab3,8d746c8aa5bfb626cb1fbad9c83ae2d743d1466f068c5e685111888735ad9ea1,707604f8bbf2ab101aca4f57b26c7acb6607463a45684c54db8895ce1ad2abec,ace68e90b8fc34317cec19daece93ddfabd2e7f32654a46ad0de612fd3eb3c96,56119c9ba35a2bfc3de9ee116230ce7d4c4eb790e243646e2114eab4601ee574,HMAC-SHA256-DEMO,AUDIT-2026-05-STEP3
4,aff7ceb86f5835be184601f9,2026-05-27T00:36:00Z,REQ-000004,4bb363d085866d6dbe19f005,STATE_01_DIST_03_PS_02,fb5fe9b5c0b2f6fb1de8118b,deny,DENY_SEALED_RECORD_WITHOUT_COURT_CONTEXT,P-2026-05-STEP2-ORACLE,a855cb436b05bc68a5cffa7940b82dfb1ca4da43222814cb521e6cef4aecf70d,521c34e9200d93b2ed38ab06001e30bd735bfac04440b4d91dbd86f34847ebca,3b39d6f59eb50aaec9e5dab73aaea2e32268ee86d8b3b12734dca814f3d30f5f,a56726da3237cbde2a1296cca3dcd888fb104148794fbd600b2911a9d776bdff,570bd00f6cdb67a84bb9553e3eb4b86b945e401ca7253cbfb844c30ac2b3deef,ace68e90b8fc34317cec19daece93ddfabd2e7f32654a46ad0de612fd3eb3c96,15a3371e489a7a13838031e5cd45342c4be43e28ea9b6017be83141615aafb37,8c576f8db7656b3dffbc4e71cb42b9bdade81d7e4a5fffab3e9ec7c02c11b0c2,HMAC-SHA256-DEMO,AUDIT-2026-05-STEP3
5,7d5ebd9fc75913057a578bdc,2026-05-27T00:45:00Z,REQ-000005,b1ddf55c2af537d97ad1287a,STATE_03_DIST_04_PS_03,04bb3bbec77f28b17144322b,deny,DENY_STALE_CASE_ASSIGNMENT,P-2026-05-STEP2-ORACLE,08f8d0ec29700f7843fea41ca03ec9a4e17dbbdfce33cad9dc125f79fa44537c,b5641cae8b4de6510a64815e6ab40cbbc5def96dddb8c066297412f566456bd6,dd06e583ee11b7fc10c3205face8414b1cda8cb7a4aaec2392e8246fca9a7230,21258df6b70e509a6172624a40d15e21a70ffcd0dbbd7041ae163ad7104c2942,6f1d15b7c11a56f5074b23b1d33c6d69d1c6b2441a45bdb4a7fb32b79322ddf8,15a3371e489a7a13838031e5cd45342c4be43e28ea9b6017be83141615aafb37,9869777b019e2f2b9051f9f858c1d53f7a68ad0daeaa6395cc7bbb3aa1265e9d,9359e52336c9a6b45eb3a7a74438b2420ef7fc6856e3cb2ac6f1422d1cc5c9aa,HMAC-SHA256-DEMO,AUDIT-2026-05-STEP3
6,322f4b2e4e2e048ccdf71690,2026-05-27T01:36:00Z,REQ-000006,f8755a48fce2988e7e892881,STATE_01_DIST_01_PS_01,65c13ca172c0e8f26de94b13,escalate,ESCALATE_EMERGENCY_REVIEW_REQUIRED,P-2026-05-STEP2-ORACLE,887bfd919eb2c574be54c283f889720a1e073580d07c26287a641e082845cb10,364b6b340b238e3f270d6e44ccc4d1c7af670b045b59e6cdff9def2ad8ace41f,ad503725a0156c5f5149579d6cda2f102fbb9a844acf96f72dabd066d40bc790,47686a18385af4200883bc8d3355bf24cc0cb4d3887a2712b93e0e1eb9950dbf,3c0e63bd0868d37850c8aa1e9dbd672feab568c5485d1ecdcc665380276990cf,9869777b019e2f2b9051f9f858c1d53f7a68ad0daeaa6395cc7bbb3aa1265e9d,876fc3f504552720bb23eb1ca025863344e0dd71805a822c3e7e511d4a894d14,8243710303222b59d3abf09fc6a05d599f9ef6086fa26edac9a46c47f6b12ad6,HMAC-SHA256-DEMO,AUDIT-2026-05-STEP3
7,2c1ea4870cbeff70cf4d0997,2026-05-27T01:17:00Z,REQ-000007,a2651cd5c21b20cc4d4edc22,STATE_02_DIST_04_PS_01,efc254275269a6226b4fd601,escalate,ESCALATE_SEALED_RECORD_REVIEW_REQUIRED,P-2026-05-STEP2-ORACLE,f74bdefc5d43e62444100fc308aaf10a7f1dfabacb93de064cb7f44e8c4c0032,a21de44ceedfd19e1b4ff64c2b28ff5e580eab1c23fb33d762c1579ba95fdcd0,2e89689f16f90510e3b5822aeddd44dd93095938031ce14ce2a72052d73329c7,44dc0f7f7ce4b9488dbcca30165bffb3d3478a74015870eb2c74ce762f3001e9,788cbfb78720074a263cc2700eb6714c56b5ae272f1d5c6550526bd89a7bc018,876fc3f504552720bb23eb1ca025863344e0dd71805a822c3e7e511d4a894d14,80c001a43795139c3255fe0a57900f6642092b26e028912709bb9aad7329a1d2,c09edee98827a49730dc5e1cb67fbbe8d11289240b0b666fec508c7b5c1b8f3d,HMAC-SHA256-DEMO,AUDIT-2026-05-STEP3
8,9221f3e6c8b4d0d9a19ab6cb,2026-05-27T01:12:00Z,REQ-000008,81023882823dba8b6e04e6a8,STATE_03_DIST_02_PS_03,6bcf6ec8e79fb5cd0b4d23ea,escalate,ESCALATE_PRIVACY_SENSITIVE_RECORD,P-2026-05-STEP2-ORACLE,7c9cd7f3d13fc1c966250da28b12d32514b78afacaf30b81084947dbed2d897c,76eac6f1a01cefbe731e3c6c439ea24a28b8789e395a23e4e23a61c58a95fded,b38df0e20391fa25fdcacafc82cf0da3cca9b4c3296681e99c6e6173d0185462,46269d0534860a3cd6327625d2dc5978e4d6f29d0f25e2ece4703a7bfb9083bb,83fdd27539f731fc75f03a3950c34e6326d1a91fd1202cd3b62b89b335b564ca,80c001a43795139c3255fe0a57900f6642092b26e028912709bb9aad7329a1d2,74ecd667aef41b92d39aef4def7927d0b6699ff6b7acf959c64aca606299f44b,ec0d9ef8d82a8a5eae4843cd3c0967fd125d6c1a065542fcfa33334edf645836,HMAC-SHA256-DEMO,AUDIT-2026-05-STEP3
9,0b34638e09db3679f406c16d,2026-05-27T00:54:00Z,REQ-000009,fb4c90a703ac874dae2f1454,STATE_01_DIST_02_PS_01,8cd04623158a527d67db5be4,deny,DENY_SEALED_RECORD_WITHOUT_COURT_CONTEXT,P-2026-05-STEP2-ORACLE,20ac18d72e5a8052738e3ec97a38e0df173de20234b9a12a020f9f42b8b4c2f1,41189bb466713ed3d20d1749739355cefff37b758cf0aa464f27aaab02900850,c8227d45095c5e5e6ae7a1f80b3f7e686953352b411af14ed9399477cbc0bd83,31468b4720996a01a6f71043da2301262da4cdc7cbef424ae73b8f386c719307,ed2027b6cff423f7174031bab26d5031ffbf93d41d1c3ddd7f1ae2b384ad22e6,74ecd667aef41b92d39aef4def7927d0b6699ff6b7acf959c64aca606299f44b,379bbfe5b424ed6cfcea14d7bc4f1b49068948cc728a144119ab4655dedd392c,b665a8629170df24b8e394c6164a6e9f8347c4cfd7bff9aca80b61ac5ec10f43,HMAC-SHA256-DEMO,AUDIT-2026-05-STEP3
10,388a038292c4d2fc5b45bbf2,2026-05-27T02:30:00Z,REQ-000010,4f04697319f636cd795e5d1b,STATE_03_DIST_04_PS_03,7d60c16d6ecbadcdbdfa7d7b,escalate,ESCALATE_PRIVACY_SENSITIVE_RECORD,P-2026-05-STEP2-ORACLE,41a1cde713d1c91f7c981e4f1f63f8c3d79e67afb4d1f1db0509f9b84df63e76,748332c3258afc3655ae7c0d68784c2451e30fb625b2d24ffef11a5fa1c0a31b,ecd29a4546d3c216b85246d167ba4c5a0c450d4d4d1e26b53b7f7a9f64ac1ac1,41fe57162c021dd5e05cdddbc3af2fd07e19f136ded86d06cecfb2c6c1de344b,58993a90747d0763a34aeeaddcddf9aad8ca5842a7fe9075573c07c538887885,379bbfe5b424ed6cfcea14d7bc4f1b49068948cc728a144119ab4655dedd392c,c7962ccca9f04292fc6d9addc83533d967e884d916fb99cc1da2cc142543816e,ae44dfa1bbdbc52a48520ef62b626fc672aae917eada64ca4df2301d35d65a2b,HMAC-SHA256-DEMO,AUDIT-2026-05-STEP3
11,d530d5a73ab33d70275da504,2026-05-27T01:28:00Z,REQ-000011,516e122c203e5dd62fd9ee93,STATE_03_DIST_01_PS_02,013db09002c5359870535b51,escalate,ESCALATE_SEALED_RECORD_REVIEW_REQUIRED,P-2026-05-STEP2-ORACLE,b258c93f17728529a0922939b1335ee236705b23cbb7bd307113bd6850942e94,af21565731a079950f703995528280d00f08e05c188951432d6dc9948aebae43,512995722a7b064e05592d4b39c8b12be0f06005f5f0e007bfeeb281216d2796,313dc9de4f396d92723057b1e7a2e4cbff0a3f5002422890ed4e0ee6c997fe0b,a75bf193007856eb6a6e9a347003725dc6458f02d957ce7d44d2305f838eb363,c7962ccca9f04292fc6d9addc83533d967e884d916fb99cc1da2cc142543816e,9483f95639a23d923a1779fa2e28d4c063569ac021de9c5b2ce093a51cd237ce,c7da4135be163ade8f168a2c1cfee37cfc858363cc5925f85c2cb4957f0007bc,HMAC-SHA256-DEMO,AUDIT-2026-05-STEP3
12,b0c9076a1f12f3a0aeeafe66,2026-05-27T03:00:00Z,REQ-000012,fdc97c18ce18a70d495aa065,STATE_03_DIST_04_PS_02,202493a89eae5b6458ec7ff8,deny,DENY_SEALED_RECORD_WITHOUT_COURT_CONTEXT,P-2026-05-STEP2-ORACLE,d3a085281c6428996f00eb5bb5ac979cf2e5e330cbfaddcbdde60644b288d75c,5cd6ffc0148c4a6333aef7197817e994a1e21b751f204e972ebbbde709eeab27,30672bdfd17c1220c7afaab33fd9aae4b6b22a11f5156c894afd11291a51d7cb,147f8209e9d89a0a1d2baac82e95acf6540ac3e71a5d5e03134efd42e7441913,8e804bd49fa4898989fab137a91c1589aa5850f39bc2af1556719d85dd43c933,9483f95639a23d923a1779fa2e28d4c063569ac021de9c5b2ce093a51cd237ce,b3d561fc2de0e91fed69bf05e8673c414beb91030a14ea3d5447485289f67cc7,397f3aa091a36dfd8e35505217ae4a3595abb95d0923ad2e6ef40e9e3ed981a8,HMAC-SHA256-DEMO,AUDIT-2026-05-STEP3
13,8cd7e9fd7e2b953b3e085a49,2026-05-27T01:18:00Z,REQ-000013,0d893c2441da140e8c46fc54,STATE_03_DIST_03_PS_01,fb5fe9b5c0b2f6fb1de8118b,escalate,ESCALATE_SEALED_RECORD_REVIEW_REQUIRED,P-2026-05-STEP2-ORACLE,545a0f3ff0e46bbc8e24fc2efa5cf86001c115acc72a0e937673ca8246ba5688,b0d89f32211abaa2a042de0f236de484614cfe8984acc9eabcfd2eef0ad60918,4086873db8698b3a5f06fe81677f026c31168e37140127c4970fcfbbe9905362,262b47ae2d452cb6cca2f8559d5078e811e6d43d16dd346b769154e6c374feba,d131a04aa381ce817bbb25f1a117ba1f9080227b9d588f7ae776f67487b3e4d7,b3d561fc2de0e91fed69bf05e8673c414beb91030a14ea3d5447485289f67cc7,7dc18dca1c9dc186d6f9db89c6f09e468b1e449f1bb554e85beafbb4c3779564,71d5e63612aa4b646018c88fa635b255f50268a5458c105843e70b14ffdf96ad,HMAC-SHA256-DEMO,AUDIT-2026-05-STEP3
14,6d20c02ad7b1ff2a6f570f1c,2026-05-27T01:52:00Z,REQ-000014,871e4c8cc36e0fafb27ef560,STATE_01_DIST_01_PS_03,318f5250c892dade4a4047ee,escalate,ESCALATE_PRIVACY_SENSITIVE_RECORD,P-2026-05-STEP2-ORACLE,1e923640f0abca3357853227372e2d6f288bd86888bda0ca6c012f21286e015b,9c69d67ef4e23edbeed006bf73c91c8a9887a93510c32f30fd582e2af74f4436,b767bb37458eea08e5b359055db22ccfbace24031b320bcec0a682699237572b,ebc5adc66c97c95fff77e59ab71ad926b98809dc7d4a436d85d939af88980cd7,4e8ff57369233da3027533ea51300a616df293a2f6e039645716ac5194d29c09,7dc18dca1c9dc186d6f9db89c6f09e468b1e449f1bb554e85beafbb4c3779564,4708116d368383515a20e958189a36af0127454bab27c5150ffa79c8c1d5376f,fc9573ade511e3393759f01c01757aa6d7a2fc5cc2bb6db16d94733a65860d45,HMAC-SHA256-DEMO,AUDIT-2026-05-STEP3
15,688a6eaa8197b451a70d3962,2026-05-27T03:30:00Z,REQ-000015,0c912fab59a9f46b26c259dd,STATE_02_DIST_01_PS_02,0e1d97f5f0e6ea3b9c5ccb7f,escalate,ESCALATE_PRIVACY_SENSITIVE_RECORD,P-2026-05-STEP2-ORACLE,1be89d7c16882451d6c155563e0e621fe23c2378d997e0e15e820157a6d2275f,550332a8d72d2d94337c42b8f015753eddd7baa962af200d12359c2af90839d2,392ccb1844f7b549f1ab6aea044c7a5eefc3815496013f2f94b3c58373087381,9c31732cc8472892ed0c043bf5903489b3b5d2aa0de275c12674afaaabf4378c,008e3d4d3307d17ca3f95590eaf0669bbe90c330a896eda00dca5493d300a8b1,4708116d368383515a20e958189a36af0127454bab27c5150ffa79c8c1d5376f,64ba3c8df4a9ea4d7b2545172d89d72c125b1947744c191c1d91039242097cd2,c17dd6f03d9c3732766d57dad9a30c894820738cc14a20c35da4be9ef726603c,HMAC-SHA256-DEMO,AUDIT-2026-05-STEP3
16,dcaf5c456b6071a3952180e8,2026-05-27T03:44:00Z,REQ-000016,cd7bb6b37a4bf493a6fadfea,STATE_03_DIST_03_PS_01,865e1a4e9bd8f6f99acdf7fe,deny,DENY_SEALED_RECORD_WITHOUT_COURT_CONTEXT,P-2026-05-STEP2-ORACLE,011236afc3afac9dcc4690ee4001de5f70340a77ad532dde892abb10f09f62e1,900b97366af9ebb0f0650dc57eb96a9426e80a5b993886f981986b52e0651c45,37dfe3e0842c849e03a49acde51238d43c725db817df1cf09c9a4122e0235fcf,92833f540dc67b67478831127fe0fbc3f362bc751115a62663b9d37f284b25d2,60a95c833616c51483b8c0c038a8a562965c8026871800b62ad6d23b9a9ea48f,64ba3c8df4a9ea4d7b2545172d89d72c125b1947744c191c1d91039242097cd2,01d0c8aa8b87f880e5bfd1626b5f845a1fc68d0127277defe64e096d770a1ba3,24774a55cd04c43d1cc5b2a9349851776502ddb10967d15bb68c34b0ab252172,HMAC-SHA256-DEMO,AUDIT-2026-05-STEP3
17,8d2b087575f6a0e307eab99c,2026-05-27T04:49:00Z,REQ-000017,4bdedd9e1ddefe7a1e6434d1,STATE_03_DIST_02_PS_03,d87443e05911b2d34de3a269,escalate,ESCALATE_PRIVACY_SENSITIVE_RECORD,P-2026-05-STEP2-ORACLE,88b6deb1d3cca6afd53d8018c18cb909ccbbc4c87a8c6b4d138d34ce04712645,9d6faeaa9d90744b84b4ca6248c14eaae43b82c95ac201a8f2d31dca887760b3,7c64426c6bda43abbd625fbd8ccc9c92e9838dc8ce9c76a3e358143dd770ad55,5b35802335027b1d93cd960255a92a3e24e599a44bfb33c21e34dbfad97dfba9,ba81008bbb64947cb9cf1a9bc9f3a41ab3c34fc851ef5eba3b072e4a69259a86,01d0c8aa8b87f880e5bfd1626b5f845a1fc68d0127277defe64e096d770a1ba3,d5fa10319a5837b6f78d8313538c711ce4637f59f5b2a8fad46f2f267582b314,3aa06f779f124c495116c166056b26141ac6086547d45fb907bda02add4e11a4,HMAC-SHA256-DEMO,AUDIT-2026-05-STEP3
18,6103a45be1cc19ef7c8d7ecb,2026-05-27T00:36:00Z,REQ-000018,b9a151dcbadde0404b02e5b7,STATE_02_DIST_04_PS_01,035947ce158c415bf5e8b231,deny,DENY_SENSITIVE_UPDATE_WITH_LOW_RANK,P-2026-05-STEP2-ORACLE,0d4023107322e4a744e195be89b54681044e51d7c3f1205a641b65fcb5995823,75e6ca7b2d7a30f6557edcac9fca80d957e793252a1edbae5139c9653b5bc0cc,bac6c2608c298bd79cb160d9db67bc7aa2fae3dbde2fd0f170963ae22dde13cc,b7e51fb36fdd33ff1eef4e3ad73eb1f423918125b141bc97b8b71883bfa48dde,b4246b6a46797e1518cf54bd7c80868b9d715c1f276f248a6e6f7f37c413dd48,d5fa10319a5837b6f78d8313538c711ce4637f59f5b2a8fad46f2f267582b314,803f05fdca70323623982b507c61e28f91f4b063459fc25aaeb041565f131283,d5aad001fc4e17aadff7393c672bdc0d9b372e6976c273da19e5fb3310be08a3,HMAC-SHA256-DEMO,AUDIT-2026-05-STEP3
19,d6f2690dc0bcaa23dc61cfa2,2026-05-27T02:13:00Z,REQ-000019,4be2947fa44b5e03c9285de0,STATE_02_DIST_01_PS_02,855965ff849e31dc11494c47,allow,ALLOW_ROUTINE_CONTEXTUAL_ACCESS,P-2026-05-STEP2-ORACLE,ec9eb34c8b4cbefe442922e9bf90299c1fb46926128017dc5ac1e065dc4378c2,e5abc9d59c2b341514adeff791f9a964c7def5539066ee43dd80a0772ffc2080,acd684221bb306c021dfcdce6ad1d5f76b965578fe23c3e061af012c2230cc44,b5378b182089855185e0c4b1703dce3381d938545ea2f0d4419e874247e9cca7,3be2f96c8dae931ae69b07057d114db3333a400607e93231e37dee407d1ede94,803f05fdca70323623982b507c61e28f91f4b063459fc25aaeb041565f131283,5a4caa99889ae60c2dde4cfc9e5ce2bb24369dd278c7c6146379fe155908da46,aba4f7776c874788c150d87e974b1a2ff8ba7866f6807983991be53c9660cced,HMAC-SHA256-DEMO,AUDIT-2026-05-STEP3
20,6660767f29eda71caab1fc94,2026-05-27T05:00:00Z,REQ-000020,4abc3e055d213fe06ce85aef,STATE_01_DIST_03_PS_03,de8ed503b092aff04a4f6676,deny,DENY_SEALED_RECORD_WITHOUT_COURT_CONTEXT,P-2026-05-STEP2-ORACLE,43155fc9519dd4ffd7b6b346efc708acb76557dd2c0559b992b1cb2abcf33413,1edde7b6f4d5fb400bbf210b6c4227aac93df34082afd832613f76233bb49b82,0116a129438f5f17e52f0a883f49db745d3cacbfc9d331e8bf6e0b4611344e33,2be4b3864677c3c3d38d1f6674e04a3b993243a48625297c76178acfc3ce996e,531198a54d05e177ed332b32ea220b49efd4505e76d5fec3aed1690a3f276909,5a4caa99889ae60c2dde4cfc9e5ce2bb24369dd278c7c6146379fe155908da46,102093e8f50d93ab3c250d0cba2d1f36cf1d0a2aff83aafc9f34d3ea5c4fa448,cccd6e79c4703555f8eb4a4303add12c7d51f8d00eed1154ff9e60ff6fb7bd38,HMAC-SHA256-DEMO,AUDIT-2026-05-STEP3
21,d4d94dd737c4d9a232a8cd3a,2026-05-27T05:15:00Z,REQ-000021,3344e545d464730d22df7101,STATE_03_DIST_02_PS_02,abfd23e434f0f6d490ebb742,escalate,ESCALATE_PRIVACY_SENSITIVE_RECORD,P-2026-05-STEP2-ORACLE,3ef60bfb65504a2ff222611602358e62186777f619efe333a76a0923193a0565,6d6696ffd7739375e4a7ab5f2ed4156c316691de090fc27d047b0ba087456c37,b52289a23857baf4e5ff5929df4a288851f60f6fcfb6ad36b1c2a6b8fab6377d,3b075bcc8825031aec7b9c8b5b3d299b18267b3252e84131b555b972ab4d7feb,188d32f74e59164da97c2a04a9a5ac0c52f3a6b3eb00f9bfdcf459b0beff00b3,102093e8f50d93ab3c250d0cba2d1f36cf1d0a2aff83aafc9f34d3ea5c4fa448,f68afbf310d319d8279bcc9f8e8dc7341fa005ced805889e0a0a5081f7145696,dc5bffca0101b387b1a5c07e2d24d8db40c073ec2783f4bf492999823fa6bf4e,HMAC-SHA256-DEMO,AUDIT-2026-05-STEP3
22,fcda733906686ea7d5ee9888,2026-05-27T05:08:00Z,REQ-000022,72129b83faafabab27729edc,STATE_03_DIST_02_PS_02,3de35c117f9aa817f83b27dd,escalate,ESCALATE_CROSS_JURISDICTION_SENSITIVE_RECORD,P-2026-05-STEP2-ORACLE,02696e4b1833e5d0133cff3c2373cdaf1cf37598c9a2c65eb3b355fa79299df7,8907ea85ba8b2dc2bcea9415958d637ee59b11e6086f92f12fa947d51a277e53,4e10fb6c82b81ff12f19bc7bb8b805797f4b2b64b4f87b3abb02f325eb991e8d,ae714e4f7902fdebf833d26ef5fda063b0b24c9916ab47bfadef8a6a1cb92ad0,b1a97dbe680644a043b721f007111555481d27c0422002954f3b05e0e3ad0872,f68afbf310d319d8279bcc9f8e8dc7341fa005ced805889e0a0a5081f7145696,d0d564618a48e421be495b42dfa4d991e18726041d7c3708e18c69ff3ca19b22,55645f2926731c89290efbd5c3329172608c93b15d1bcec3093ea6b7e6134595,HMAC-SHA256-DEMO,AUDIT-2026-05-STEP3
23,183d30497694d1cbae8c5f5b,2026-05-27T05:45:00Z,REQ-000023,893580185d14634211eb9a59,STATE_01_DIST_02_PS_03,83adebd0920663713a0e1b4b,escalate,ESCALATE_CROSS_JURISDICTION_SENSITIVE_RECORD,P-2026-05-STEP2-ORACLE,3958fb8ba0eec2eaed2305c84ee6fabdfb526b3bf97720769df5f94e98864271,5b7992c4be916f7ff7cb42abcc38716a9bf3e64c97189237ec2ea225b49f2c52,14bebc66d551baf45981d85fbc08d939eff2b541b0ce3f102b8a60092e1307d7,fb160c9ac5401b6e55e831987285dfcc472de2f8c555363e63d65bf1db1b7f37,d70ac3c3f9095c525198746c1aadcf9b983536f09f370e7a6f472aa01d7a668f,d0d564618a48e421be495b42dfa4d991e18726041d7c3708e18c69ff3ca19b22,740dafeee73ea48f82f6911023e19efc0ffab219c70b75ca317b219cfb82a998,0bb6a6ab11bbb35c9e692795d4df02a1e02ab077760325b63f332c754b791ef2,HMAC-SHA256-DEMO,AUDIT-2026-05-STEP3
24,555454b74533466a6dd1e674,2026-05-27T02:48:00Z,REQ-000024,bacbc9ea0ca5c88caca1fb35,STATE_02_DIST_03_PS_03,04bb3bbec77f28b17144322b,allow,ALLOW_ROUTINE_CONTEXTUAL_ACCESS,P-2026-05-STEP2-ORACLE,75891aa1c947b049ffead8e5a8474811f6028930addae5bce9e17efc3761d1b5,cbee32651104bae01496865128ecc6ea42c06fae6a1eacf6c1b736e37799c9b0,673d9d77665ebdcb7e0f019de75c3c41c25c9d512ad4fe53a3f8d4ddb9a2da66,4f57ce04a3b751f777ed340633ed99bade609719b952aa213c4febe8695f5b08,a982d540dea9fede3d9a4aa7e88d6a716c7a9ec9ba43fa587a9bed61fc940033,740dafeee73ea48f82f6911023e19efc0ffab219c70b75ca317b219cfb82a998,d2bce24084c40c78711feb69f6d710f93e0dd12b5f7273a26cc09bebcea1662f,04751f10f4f42c1822da1a9501dd14609b3b7f7ff926eff4c86d3cf554852bc1,HMAC-SHA256-DEMO,AUDIT-2026-05-STEP3
25,1b4017f8828c47514101d9fb,2026-05-27T02:55:00Z,REQ-000025,cad50d4d8a49a83faad951a4,STATE_02_DIST_01_PS_01,6197a206f9aa2b3df21b2fe7,escalate,ESCALATE_CROSS_JURISDICTION_SENSITIVE_RECORD,P-2026-05-STEP2-ORACLE,9d54d26674b8d74efa0615e4f2a9ff4b8dc9da278a3ae50fca68654fd7b03595,314fd39f9cf7d9ea5bbdbe58062fe9c4abde8d691e759cfa14f0676d6e0fd45b,db63a7440de01ec08efd1e8be6e8ce67840f98d5c9331790cad85eac8b104fbb,8939b9ee8a88d11dbc7baf99ee58fd9c5b683a3a16c3aa45ba63176c9c56ca81,eda4f023209d01cd18364671713ccdfa79fa11d47e046a8d0c975c6c2f20bdb0,d2bce24084c40c78711feb69f6d710f93e0dd12b5f7273a26cc09bebcea1662f,6d581db3b54ce45f76960c7c25621b982994cda8e59c7e76f5eec2cc5c619229,cacc2b531cfb550595eb6e271682760a78a7b9a031b08bdd251c58cc685e81ed,HMAC-SHA256-DEMO,AUDIT-2026-05-STEP3
26,cddb14e6ebe5c813a28cd379,2026-05-27T02:10:00Z,REQ-000026,c5766246d7388485ac5c149e,STATE_02_DIST_02_PS_02,a6e23e6abf3d2acbd2b24e0b,escalate,ESCALATE_PRIVACY_SENSITIVE_RECORD,P-2026-05-STEP2-ORACLE,b7af5a457c6fd6079157ead6a3c580aa988a13ee41f73afd5ea14078b7516d64,fffefe3b8ddbb217881f07e7f80ac03c7e68f722e4af6185c225977cade1e1f6,2c19eeb73718a71ad1e70d14785498af013d4a483b9a54c6fc00a22585310537,a7a83a97b3041faf6331fd9aff0d19febcf49f622c37a98416d23edfd6fe10cf,52b3b0032f3ec6404e4fa10c2ee3e33b65cf725a4a9b9d7f8ca143de3f55eba5,6d581db3b54ce45f76960c7c25621b982994cda8e59c7e76f5eec2cc5c619229,8160207c7f39840277d084b8df554500576dd5432e3b53215a9ee9cf6c77cb65,012db4d0a95e35992922f80b815923d825675e2efab1ce412e684653062632d9,HMAC-SHA256-DEMO,AUDIT-2026-05-STEP3
27,7507f7298fc110d0a4e01bfc,2026-05-27T07:39:00Z,REQ-000027,b4d11e5f08de15f8b7a05319,STATE_01_DIST_04_PS_02,77d32ca0b64129acb6ad66e4,allow,ALLOW_ROUTINE_CONTEXTUAL_ACCESS,P-2026-05-STEP2-ORACLE,0d480fdb8ec23753824c368a644936f1f28f4ad7371c5b4601842c51fd89ae65,ad8b13770399f80bbc1c55b2820aa26308a80bc219939af7a7d5c89090cad231,0448938797da242e6328662aac5183f0b611c6ad83ebee6c5a61b3c12a7f29c9,259e15918ab3e232be2709c62e1d66fee55bfb7e65680fe8c7b2aa95688f8505,6b270b01144a435ad0ade28f35a2e18954d2968fed4c4c8391f004f172e884fb,8160207c7f39840277d084b8df554500576dd5432e3b53215a9ee9cf6c77cb65,0d2939b5cf3cb83c09c1c1c38192b05ef2092e402c6dbc992a9442bc33712482,cf339b0d2b1898e8c056ef678b71b2d98543f6abd8797d93b4fd0e2b84c2326f,HMAC-SHA256-DEMO,AUDIT-2026-05-STEP3
28,b6e0e76e4441bf762161987d,2026-05-27T06:04:00Z,REQ-000028,3a0f3bfd087110a0cbe914c5,STATE_03_DIST_02_PS_01,05c7c986bc49b426bf6cd52e,deny,DENY_STALE_CASE_ASSIGNMENT,P-2026-05-STEP2-ORACLE,08ddaa8dccf8f9300d4496759d5f50a209b4f4a8f24baf229198a1a1ef35adad,a8dbfa7db2d9c29d0094c145e5847ca56ff0173fefab14e644c6dc25f2413c65,ebbb4cb13db4659da948d2624cd8fab405d71997a9491a52cf9195d8863880ad,413b6791fdcbe6de7b3681bb6a3cad6d25f473734d01ffb282fd5631a5649705,5827e410772aeb2187b6cfbd47b0cfaa3758553097b5c236d1d8b5c80a53284b,0d2939b5cf3cb83c09c1c1c38192b05ef2092e402c6dbc992a9442bc33712482,e0e2dfe219a9a5acad7dbd4e894b56623fccdc1831a57cf8b86db7dc3ab76c4c,e5cf7d9b4b2a88dc7ba91ba51d3388cd3c4b110a699f50616c02b1394838ad0b,HMAC-SHA256-DEMO,AUDIT-2026-05-STEP3
29,86378ade700aa8f9da60739e,2026-05-27T02:54:00Z,REQ-000029,2deed09bfdff4831b0bfcd1c,STATE_02_DIST_03_PS_01,949e9506f350533dfbd08052,deny,DENY_APPROVAL_ACTION_WITHOUT_SUPERVISOR_RANK,P-2026-05-STEP2-ORACLE,517abba70d7cc8e2ba72672da4a932c3aacf90130496a69f5ccc3bfc464716e1,b1381a6c807f6f76e25080667d6ae7694012c5667b013f60a35164adcfdb0df3,520a70b7cbf85be766de887e7a14d7c5b94fad95070e46628c3a3d28aa929f38,ae3b6d239797729b1d7e39497f26779e87d019e069d6b0811b91339eb79dbca2,83999caf7ffe94a77fd5ce5e16a8e4624d4721a5c5ede881aadf250e2f33ec18,e0e2dfe219a9a5acad7dbd4e894b56623fccdc1831a57cf8b86db7dc3ab76c4c,1c838e997cece91556d6e679d44151e6aaf1ce043f001e8ca99c8c3d5365e8b5,a155808e9a1ff9ab030f90b979d09335255c6726f67c9abaf77f5154c9a3523f,HMAC-SHA256-DEMO,AUDIT-2026-05-STEP3
30,562570b6207c3254a7675288,2026-05-27T08:30:00Z,REQ-000030,9f1a046129b76f0cd0f13803,STATE_01_DIST_04_PS_02,4020825f360cc30925138d2c,allow,ALLOW_ROUTINE_CONTEXTUAL_ACCESS,P-2026-05-STEP2-ORACLE,40341ea44f8d100d0f818042ab40da4eef8df02a967ab1e4873cfdc1c2938f58,9bb8022277fa14a0f213760354d3e9e9c0220a71525975b5ed8fb605764cdca4,312213046a28eb59b0911f26d76707a762950655ba4f4d011068fc89256cf6d3,168feb23dc5a4686cbd48aab9c6d90bdc6b2ffc0bae33e9090ca0ca404f7b965,f2adbf5554d95d4a2c74045e84addd339b29dfaa0b63a3a88f001d34913d878c,1c838e997cece91556d6e679d44151e6aaf1ce043f001e8ca99c8c3d5365e8b5,d11fa8b54df9355150794ca375556165c03ead76e4fdd0f4b69e95387a7e313e,fb5c344300bd662c51e320bb55e3cb858f0e1e478a3bd552d8d93c8429138f19,HMAC-SHA256-DEMO,AUDIT-2026-05-STEP3
31,cc3537dc1816a1e26441a163,2026-05-27T01:33:00Z,REQ-000031,95ff51d542090c1b60accce5,STATE_02_DIST_04_PS_02,6e7de166bc3795238e165ca0,deny,DENY_STALE_CASE_ASSIGNMENT,P-2026-05-STEP2-ORACLE,fa966b46c22509a03d643785c488046a3839b92a68fd4fa037f66da10e298bf1,af4f55eb1541a59d3c6b4674cf2f4073326db40930af5da3dec25f3f9cb7d9bd,78aa850f7ddccbb44a60f183193863c8fa3bd414552142769e61b61963894d4f,622633eea66cccc69dcfe49da76f486d7f852e4dd046ec97605e08cfc35c73e0,3f8972c38a191febb604250f1b45bbcc36b32175fe09a7622194439564541041,d11fa8b54df9355150794ca375556165c03ead76e4fdd0f4b69e95387a7e313e,86ff738d753ff2e435757799c353d24bcd2d916cff7abe3a0c3e7f91a93a5680,4e9e01ce3cd8f6343025b4a96fcb6f7cb95cadbc8811526e247108e2f3707b25,HMAC-SHA256-DEMO,AUDIT-2026-05-STEP3
32,3a25664f621cd11e64fa8728,2026-05-27T08:00:00Z,REQ-000032,0f5e28fd8c1c5a758d17ef19,STATE_02_DIST_03_PS_02,16baa3e2081d8d2c21cf5879,deny,DENY_TRAINING_PURPOSE_FOR_SENSITIVE_RECORD,P-2026-05-STEP2-ORACLE,075edbe2b657dd3bf96f8fb28d72d0a86f68aaabb88cc4b35525e32a25b435c5,0b78daf64dc6b8fdd17b91ae287e7547af479486564bd5f70d570ea9e6e2d78d,57a5cc068351445acf7c33a8751bea18ad5a9609238f81c1aeecb89b53d571f4,8f03fdb0491a87155a39aaac591029ef7c14f524eb43870808a0f43f3148b863,515fa1c05f2563a93cdd6cc53d9d1e4d375bd1ae7db462a7e052a5bfc3d20fc4,86ff738d753ff2e435757799c353d24bcd2d916cff7abe3a0c3e7f91a93a5680,e2195216dfc95b903719fbcce47da2ce5f1f6ec2dcef6a6d17266e61514804c4,773c61738d3eec8f47d5da8b96c2c140cf83561917ccb8af7170f290c69b3798,HMAC-SHA256-DEMO,AUDIT-2026-05-STEP3
33,4808e7450039cfcbc33b0639,2026-05-27T01:39:00Z,REQ-000033,cef54734e093447c3864ede7,STATE_02_DIST_03_PS_01,fc498ccdbed501011d0e55db,deny,DENY_SEALED_RECORD_WITHOUT_COURT_CONTEXT,P-2026-05-STEP2-ORACLE,37e0c4c16d949770e597cccee01d57d6c1eb82b7ef0f620454817cfa0c925159,eff19ef288b52ba943f97eb37337a0744d184548c04c4b101368509b9b9e983a,e18dd19ce768be3492cce9fa43b4196180c6591bdb7e95cbc44bbf39dfbf4535,b74c92e84237542d7502e814c78209eefd2c397af136aca47a9256f4f3d60338,11674d5ce486f2b48321a6be137ee4aec6be07269939d6f48034feb217d88cd2,e2195216dfc95b903719fbcce47da2ce5f1f6ec2dcef6a6d17266e61514804c4,f03234187c8552f40c9bfebe5b709461afd023ec07a7c1bf84a0516a613970de,fe54295b4e8c698a25dc3bfdc53ce4d624a2fe47d416202db9fbb09bb78144b6,HMAC-SHA256-DEMO,AUDIT-2026-05-STEP3
34,211573b684dbffe2c0b8f890,2026-05-27T02:50:00Z,REQ-000034,5f5d03cad2864eb9986177dd,STATE_03_DIST_02_PS_02,62c4bd5e3c46d322ca954d3d,escalate,ESCALATE_PRIVACY_SENSITIVE_RECORD,P-2026-05-STEP2-ORACLE,a7aac24ddef29ae4077c4ea630f5cd60cdf60051fd67fbe01f8e2246eda55736,e8b152c910580a7e5038510dcccfb885970cb24f08e7801b9864d97804f85c46,f04e54c8eab596ec7c769e622f40ad8fa96030334ff1448992d781327fbfe0e9,5657f0c3aa9ecc82163200d70fbb32c4fe69d5edd9daf9015dfd7a47533d0085,79a674e47a6c398dccb0f73d52db31ac9efb0e77a64e3182cdb8924851ae1e8e,f03234187c8552f40c9bfebe5b709461afd023ec07a7c1bf84a0516a613970de,5920fc4724e0072def204952cdced95a14180d0b8b1c7ffc80a83a1e800f7a4a,4f3ed4a62b67f00a50982e0950af2b8733095a26907d4d52735d997e690b3612,HMAC-SHA256-DEMO,AUDIT-2026-05-STEP3
35,a19e3cbca07b2693218464ed,2026-05-27T01:10:00Z,REQ-000035,4857d6398585bfa5b41baddd,STATE_02_DIST_02_PS_03,3fad45ed842e9179a901ac73,deny,DENY_STALE_CASE_ASSIGNMENT,P-2026-05-STEP2-ORACLE,2d3d9bfeef8de4ace99dee47b6bbae7506914a96f7f8a4f0419425c5242ede4f,d42362276f6c3f70ed92fbddb52704b6f39df2e62074357a9c58e82a6e00975b,6a60e4725f7de89c4857686fb040020340bbd89336c96809d1d3f95f6bbc3e92,17238b8037d52d5737d616c4330f53f438cb6cb88e98ba5acb214ba250b20e59,4c83fac3939a9ad81288e2e949fcc5675e1cb64fea46b019a4b1290c0db59b86,5920fc4724e0072def204952cdced95a14180d0b8b1c7ffc80a83a1e800f7a4a,ae1ff479c575f244284347ec999b9f4f53e71ee2a59557c86ecc95a58943f783,8fc304f5099fb178530ed3ddb3a37c15e01e2273b1796be0635ae9add4ca7dd9,HMAC-SHA256-DEMO,AUDIT-2026-05-STEP3
36,4edcd2d51cd838c2c24bcde9,2026-05-27T03:36:00Z,REQ-000036,516e122c203e5dd62fd9ee93,STATE_03_DIST_01_PS_02,118bf6e235079ff659306fe5,allow,ALLOW_ROUTINE_CONTEXTUAL_ACCESS,P-2026-05-STEP2-ORACLE,42961945dae8f4cb92e032bf767fa30fd2e381155f7560163cf8c05ffbbe494e,ca6f6742d704bef0a5d48d8aa64b14dd2610021b97f2b1d34712b13480ce4bbf,b4830e6ef2531eeefac3fe692982d06919e83223a576d2c30e103543de79ca8d,d7bfa67fc4adb199f05973b19c26a014108914c3b02366d5d5ad01227ec0537c,877ccba1226453b8fae1b72a04a9b1969907500ceb64bad260b01cdf83f92844,ae1ff479c575f244284347ec999b9f4f53e71ee2a59557c86ecc95a58943f783,0a3b38a1217ff67c96fc424b2fdc2c0c938996becd4253ea6909a44cecb0f4e9,4cdefd873690fc4fcf2ed9c184923858d514bf57b782984dca9bc042ff2937b9,HMAC-SHA256-DEMO,AUDIT-2026-05-STEP3
37,fb8765053a6c27c95eb191f6,2026-05-27T02:28:00Z,REQ-000037,7ee6e3366f554e7379c63997,STATE_01_DIST_03_PS_03,3ba8e78c5a6aece88796d6f8,deny,DENY_TRAINING_PURPOSE_FOR_SENSITIVE_RECORD,P-2026-05-STEP2-ORACLE,7fe903e11307b0298e20d6a67376d37f66c583b6dddd15dd9dbe6e44561bf23d,ba0185ee159c84c093176f100ae7c7728f43c22346911f9bc1a5fef3c453b889,98f08db171b27a1fcaa503566e4e37b2559d5082e660587c67fe532f9b5a94c6,e1eb581361c41878fa230718e458cd6d632bb449c1f82323ff005f7fd2471c5f,e92d44af26b2dcbc86a3de83b3e36645951aeed0b49fbe537dfa14aa1f005040,0a3b38a1217ff67c96fc424b2fdc2c0c938996becd4253ea6909a44cecb0f4e9,e55510c5056aa8bd23afed07ec420e629f928cc18733b3c96cd14d55a5e0a739,c59e310c72347bfd3fe743f46aaf1030118dc8751103b98288b2f1de7e339024,HMAC-SHA256-DEMO,AUDIT-2026-05-STEP3
38,07b85f5ed4eab84e24bf19ad,2026-05-27T05:04:00Z,REQ-000038,2deed09bfdff4831b0bfcd1c,STATE_02_DIST_03_PS_01,8a1855c9f0da9b257d4efc0b,escalate,ESCALATE_EMERGENCY_REVIEW_REQUIRED,P-2026-05-STEP2-ORACLE,80109cfdb451c813726ba0916b2b5d6e95586fc6f50bd9462daa5a50d7b875c8,48a26c8095f6a241d80eb31e71c9598bd4188ff903e0fc642f5f6a58d0cfe90f,5d2911b9cb39f428a96d04fcf22e7c7471b14faf66296e946ec38bd131523c88,4abb6d614dd68fafa537e41b04e825fc00a819a63481e1cd7cca171814578706,6f9e5a0a7f50139b742103915097ec49ba151974f80b9b6c3cf35ba221632ed2,e55510c5056aa8bd23afed07ec420e629f928cc18733b3c96cd14d55a5e0a739,7f7280df3c22b02bcbef87f9198a385d5879e9b0fbb39305be2ec222172823ab,b1941e6c39eb7d80ceca41af91680a81c4c472b412469e0f6aad01f89c810cc8,HMAC-SHA256-DEMO,AUDIT-2026-05-STEP3
39,ea439f855d839133435e9a5b,2026-05-27T05:12:00Z,REQ-000039,9f1a046129b76f0cd0f13803,STATE_01_DIST_04_PS_02,45f266e2d8253ba005720834,escalate,ESCALATE_PRIVACY_SENSITIVE_RECORD,P-2026-05-STEP2-ORACLE,6a453260a3642cb0745dea5011b6bc33c3ccdf37423421312c2db21601aef47a,7109393c90d613f601bdf3beb3f229936b12708683403435f063e61580107ebc,2d899201fefb9aed874c668e6557b83222a233ac1be74bedca614beda2f64bf1,fb743775e692cf68baf2f49030e7178672a7ea8cc022d4c419b8c0bd0c5e5d1f,0bdbe7c62b9aa87dee5fb1076977ea18c33a68d126b8cd662ad9063717fa81b7,7f7280df3c22b02bcbef87f9198a385d5879e9b0fbb39305be2ec222172823ab,48c1609b8b6e7e4db9d0cc0b83eadd551c49ec87060e386dcb9abb08b0708a53,57af2c9c147a76f1a80f53f9770af203800feca40a4a97f663ffd9d7b96b7823,HMAC-SHA256-DEMO,AUDIT-2026-05-STEP3
40,7fcd88fce2cda8c21c2f0560,2026-05-27T08:00:00Z,REQ-000040,3928cce83c394fe536f56bf5,STATE_01_DIST_03_PS_02,168a1c2b3087fff6a8185d0d,deny,DENY_SEALED_RECORD_WITHOUT_COURT_CONTEXT,P-2026-05-STEP2-ORACLE,c058ff494d8de52206b45c2c3e53039d5cd56aa6f6fcc5be7e6ca6544ae7230b,564dcc942520284333b85ef2e2f4465bffeaa70af34ff3c525c8ec739e01c599,c64559958af367f2b2ee19bb64bf90b0aa372feff7cacfc267eae60f22140c9c,6328be6d94e3867eb41730a9fe6be675ca8d79a1b6fe89471ccc4826a56f6b6c,c107c52ae02a0270bce5532501dc579518c3b6f65d0657b13a7f1ed16817053e,48c1609b8b6e7e4db9d0cc0b83eadd551c49ec87060e386dcb9abb08b0708a53,4ad999eeea7c6df49ab3fba5fa1380b1fb3fb99fd2c5c396a0d63f9d38a7912a,7e655448540ec6fa1df68dc815476763b17f08dec598c58afb0c49e04eb583e0,HMAC-SHA256-DEMO,AUDIT-2026-05-STEP3
41,6d18bd569efd4e09793551f8,2026-05-27T02:03:00Z,REQ-000041,ad021cf14b60633e375d65f6,STATE_03_DIST_02_PS_01,19d91561ded3d1723d97b056,escalate,ESCALATE_PRIVACY_SENSITIVE_RECORD,P-2026-05-STEP2-ORACLE,074bfdac8a11b213e3cdf1033811d529636de46826264d304e4e5a0bbc283a01,3f821efb8414590b4dbb8f704ff2b4b9ccc1acfca1b369e6ae8ad4e70693d8f6,tampered_b3e7fdb551a5d3432dc74024246bb1c36fd345d46b82ab7ff92fe2e,eacafa656713b9d52f02d7508ffd7ebb7270348eb5e1e7c08172b2757b5b4647,ad52329bf77ba17c38ee442aa39e159573ed1af4db97bc36a3468ef2697efc92,4ad999eeea7c6df49ab3fba5fa1380b1fb3fb99fd2c5c396a0d63f9d38a7912a,a70253377c492ac9f8f6376a5262cc11bec6fc4419c9efd8d28415032a17442a,3ae84ad610bdc73670e9e82ae328ef39fd529a77bd19475f00d64b9138d01e85,HMAC-SHA256-DEMO,AUDIT-2026-05-STEP3
42,af6e4059a2ca892abdc8005d,2026-05-27T02:06:00Z,REQ-000042,5226641dfbffc5688ec0818a,STATE_02_DIST_01_PS_03,3be862e685c83a2a19e0c1ca,deny,DENY_SEALED_RECORD_WITHOUT_COURT_CONTEXT,P-2026-05-STEP2-ORACLE,5bc52fece863328fa13e43feffbaf4ff8c4a75bde1a5348a3c1b89e5fc77d220,6da45d9317ef29c6d62dbf1ebcc26cde5fe5a5f67d244b099aceb5b41b061c9a,d0c2c483b94507e3e883e06c9426e4eb472ee42a3a205e41ed9eb9107247e96f,28aba2c7308668fb1a8b8a1fcbb16e528856d60c1d76199520b3de9aa8d41912,937b903a27286ec9f00730f35941ce0986d4d895cd3e631eed4092d5eb95a041,a70253377c492ac9f8f6376a5262cc11bec6fc4419c9efd8d28415032a17442a,f1386223d50e3d68e1d5026ceccb1f56a081fcc8240243c7ca538534dc47ef40,6ba4ed3cbd6933f609c2e3a3830b5276691943559187131543196647c8204708,HMAC-SHA256-DEMO,AUDIT-2026-05-STEP3
43,1bd193c93e903efcbeabcea5,2026-05-27T12:11:00Z,REQ-000043,90740f6d12084e4c579f3454,STATE_02_DIST_02_PS_02,5ab36a7308e1e2c1c699873d,escalate,ESCALATE_CONTEXTUAL_REVIEW_REQUIRED,P-2026-05-STEP2-ORACLE,39c198c761cd343b0bdd73af8cdc68396fe473291edf4734c8588b1ad4c4708c,d1a51ffd08dcf26d767d1d9da2e99ffe507ca0afdc8cc6185e8efaf079d4755c,6e03aa2a4bae3305af713dbc01176310a22ece9078e4f03178bc23d9dc6e29ce,8d7fa87113d9aaf4d8757f42cc60b2a42707b409804b4c657be7b59f30a34f72,823eb107cc4bcd7e0fe56880f3f68de9b587888ad51c8a51a5c9a3261c187066,f1386223d50e3d68e1d5026ceccb1f56a081fcc8240243c7ca538534dc47ef40,b0a8ae557bad09084cdd5c29b8a56bc31d5a697053d6baacb580a49e64757d7a,9cf6e2e5a1b43a20f9c249b2cfefc5640bf66debcc1ab01972bc4b8ee89d6237,HMAC-SHA256-DEMO,AUDIT-2026-05-STEP3
44,04b080b30bc72f285403024b,2026-05-27T10:16:00Z,REQ-000044,5226641dfbffc5688ec0818a,STATE_02_DIST_01_PS_03,dc4c3f3e77fc3a315713097c,deny,DENY_APPROVAL_ACTION_WITHOUT_SUPERVISOR_RANK,P-2026-05-STEP2-ORACLE,159f52d06b950bc16369df4d431b7b9e62d263fab5f1870fbdc80800a77817e9,dab136348fd87c1f17f7ca430a5ccf046334f9d0fe90b594a6dc7443f899a77e,8cd2ac068183485288d8800cd385284e98b268bb9ca54d2ae24fd7b58b81b298,b188dce42def21f8ecbfa16e73c01ff1b20e87c96b15899d18c95a496d9c38a4,d3402965274dd0c4b6d03a7c016d6363cb08312a5fb4ebc04879968ab137429b,b0a8ae557bad09084cdd5c29b8a56bc31d5a697053d6baacb580a49e64757d7a,38f3122c649288d1e7cd403fc98d6eb4cd72f22f243c62dc95b48555ad42aeb3,d0c50bee808f208b66aa61d455ff420cd96e52d132e2df60ca57a96471541cf0,HMAC-SHA256-DEMO,AUDIT-2026-05-STEP3
45,d09ec27d83b86bd506691ff7,2026-05-27T02:15:00Z,REQ-000045,e1441290962ca2a8517d8d0f,STATE_03_DIST_04_PS_03,17ebb06a599dae60d15c8174,deny,DENY_INACTIVE_CREDENTIAL,P-2026-05-STEP2-ORACLE,90806a88bb8fac27480c8dba28202d05beb4d347f218b2e8b2fe335cf6d6fe82,fdf8a74c70c153accd09de7416fbe50a5611dc70f5e6bed9ca583f982175e2bb,d495fc37e2619a0d8b619377c52cd3df04123112ff8e8f5e80e37355ae64e7af,a1da4e18267e27b13261109ea7a6d152ccce4d39d5c76e252d3575e0dd4cb4e0,217d26293c9f4030f25bcb6c3bdcc988b9b4bbf15aaef74cd0c3bdf1b19edbf9,38f3122c649288d1e7cd403fc98d6eb4cd72f22f243c62dc95b48555ad42aeb3,e7204f5e3f30a7c615b9bf7fc2d45557dfe7a21d5dbb1cce4f43b2cc31ca6351,ae65c028e6d1f8b32f4bc9a0b533691c1098db599642506bd294beda81562928,HMAC-SHA256-DEMO,AUDIT-2026-05-STEP3
46,48b853b58d5cac90ca4ea8d1,2026-05-27T06:08:00Z,REQ-000046,bb454708489db5641c11f4b0,STATE_03_DIST_01_PS_03,7e2aedceb6118ffd11b5c74d,escalate,ESCALATE_SEALED_RECORD_REVIEW_REQUIRED,P-2026-05-STEP2-ORACLE,1ee16bda93eb3f3ac5cb0f32a5ffa39d7c0bd650378c77cb4546c82c8282dff2,da5a533240ba7cbdd3ca5465621b8819b8dc5f106280fe186ab16b7dd9955764,88f4d24323351eca22ae42ac0da76ac4cf43b3bd6cc8ce66a17ea97d2f5ecaf9,dea2c3527867b4f44df08f868ee4a632f2c9c791dead82fb500fe394f4e5a154,fd29a72993490c0a8d0feb865382b316f9acf69113366c7ce6d6088f79e49764,e7204f5e3f30a7c615b9bf7fc2d45557dfe7a21d5dbb1cce4f43b2cc31ca6351,4ef0004689bfc511e62eeca40b9c4a0d2f8572512606bfe164857ed41817c748,c5441db705666231798694d00dcaf631b16df90fc322924d1d6d2d0096b9aa39,HMAC-SHA256-DEMO,AUDIT-2026-05-STEP3
47,729ed73f802fbe6588654753,2026-05-27T05:29:00Z,REQ-000047,5e4ff04af077f5ff22cd6cd0,STATE_03_DIST_04_PS_03,b6253d82131a9ba998cdc6ba,escalate,ESCALATE_PRIVACY_SENSITIVE_RECORD,P-2026-05-STEP2-ORACLE,47e2c03117629ad792b09ad8a3c45f778e1da087f116e3e101a24dc057f0e3ba,0f87760e5cf1b6bc2545591182fa2925218b17801e1d213e0debcda832f2f958,5ac71596639a51d67f284c847541aae7ec163d5fb9ea3a7f798df097016a48cb,aa24bfcdd94b7ab3ea8f9ef0025562b2834f98bea1278612ae7201a640b6d4c3,0249965eb1124f1b056fde3de3f71b6ed40e8991fc92c2e6acbf90696d251e4d,4ef0004689bfc511e62eeca40b9c4a0d2f8572512606bfe164857ed41817c748,9041b0342e43e15eac3c1dfcf75804ddb10a8cf68be17210d739c8c17d5fa14b,2f814495a377a09e72ac6fe92d4ce0d24d866b82f9a9c7b71d002db4d545691c,HMAC-SHA256-DEMO,AUDIT-2026-05-STEP3
48,41ad4a8fe8922e6ad9c476bd,2026-05-27T12:00:00Z,REQ-000048,7fa77f7b07565190b1b9a0af,STATE_02_DIST_03_PS_02,df2072e9cce45f58ab9712de,deny,DENY_TRAINING_PURPOSE_FOR_SENSITIVE_RECORD,P-2026-05-STEP2-ORACLE,053bf27e9fcea55157135657dc734e7a519a09b7541fa1e335539911ca4f4fda,3efbd4eca0dd440a2e44601f351436802aecf2eb67209c6c034c70741e40ca93,2e5fbe313f051f7a6aad5e4fac234993b43b3ebd7958bbfc31e9d1f1c05c9457,d83618ec4f50ec501d7fef3cb395475f9447990486c976a3b0840fe44e791d11,15f2160a2f7cb31e73795213c90f7da4d99933b9d832bef73ecc63622df09b50,9041b0342e43e15eac3c1dfcf75804ddb10a8cf68be17210d739c8c17d5fa14b,3179cc48addf87b2e1635d3c345d75f18091ee2ab9cae9875f96931a9c7954e2,bc536bd8ebc7a86f15942edafec79c1cde48324409837a8091302db1b87fbe5e,HMAC-SHA256-DEMO,AUDIT-2026-05-STEP3
49,34b16da02251a429508ac6cd,2026-05-27T05:43:00Z,REQ-000049,1086c897162d91ce96d22b8e,STATE_01_DIST_02_PS_02,c36ad04b5ef75b66d4db8068,escalate,ESCALATE_CROSS_JURISDICTION_SENSITIVE_RECORD,P-2026-05-STEP2-ORACLE,0bc4f519d81268dbfece7932b6138174e84ca3ca909e156247af107e30acb0cb,d9e621eb45c1502830b47de9ae59fb79cee32c004054a88483c669cee994e000,e39b77999c4ba742cb631d43025b4a61ed26dc8a06e1bf172d153a79d867a2aa,2ebd93b81b1817a9c5991c7cafdab06166f8dbb19fd1c1854eba07e61b381227,5314a8bbeadb1565785dddf6ce78203adbe15a947df0283beb06ed738a03728b,3179cc48addf87b2e1635d3c345d75f18091ee2ab9cae9875f96931a9c7954e2,7a80d73adcd3cb534d4ef78c9df4251eb12fd0941cea13a9abaf15820f187ab6,63e124e2ceb044b9e658160c968db6c4e05a47bd167840f26bb9f34c01d027ac,HMAC-SHA256-DEMO,AUDIT-2026-05-STEP3
50,4a82bf8dc8017ebddd3542e2,2026-05-27T01:40:00Z,REQ-000050,2deed09bfdff4831b0bfcd1c,STATE_02_DIST_03_PS_01,9e07dff2b8dc1dd1a0637d25,escalate,ESCALATE_EMERGENCY_REVIEW_REQUIRED,P-2026-05-STEP2-ORACLE,ac21828a1e10faf65dddf385b014525b0951fb4989dc1717ae98dcab13f49b22,886dca2fba3b6d8cd5f776c56f308d0e8d2279761b9b3c33cfa455bae7a3eca0,737f1bb24dcae4c7b751ab770ec4b13ddd0534382182e741556c10851af40ecd,d6d71276c7fb4c26713f473f3675f0a6e25d0ad373e04533c59f54cbe07a8826,0ab762d4307369438423c3858327359a74a2b6d5795367f6ab39ec50a3f78447,7a80d73adcd3cb534d4ef78c9df4251eb12fd0941cea13a9abaf15820f187ab6,00e2f68404e4aef5666face3200d700eefc8e51985e536a7c7907f015b1e1da3,3d5c5d2fadea420cd15155ffba8ca77eb032afab11bea2217aed6d32a4096498,HMAC-SHA256-DEMO,AUDIT-2026-05-STEP3
51,2d701f0b153ca0ed456e40a5,2026-05-27T14:27:00Z,REQ-000051,c5766246d7388485ac5c149e,STATE_02_DIST_02_PS_02,a6e23e6abf3d2acbd2b24e0b,escalate,ESCALATE_PRIVACY_SENSITIVE_RECORD,P-2026-05-STEP2-ORACLE,b81874374e3041a2a248408a021e43a9187f297f9b74973abe7cebc5d0b1e6c8,33dfe19ebbd8e97613a0355003068594430c2fd85ce5b06bb0c364edef77ca2e,9a8752c50bf4ddddf2a26d0cec884b7b1d1cfead2c9214eb2d93420579ea326f,77456184b84ed9b1398e0f64980032e89c0bea59143d287af532ba8a3fd7f7ac,2eeb87b6cda098912749fe373a884e8d5b48938314d7f6945faf16b6868f7bc4,00e2f68404e4aef5666face3200d700eefc8e51985e536a7c7907f015b1e1da3,90c4ab563a960a0eba61a1cff1e2cd15c2d4dd3983a25d0df7c2038ce18a8ee9,d9e24056e4de6891f4e6ca7be57bfe5fec360002d3d89cba26525eaef367e38d,HMAC-SHA256-DEMO,AUDIT-2026-05-STEP3
52,2fea02dbaa5fa9cfd1c941fa,2026-05-27T03:28:00Z,REQ-000052,05c3cda35f4947118d9b39ea,STATE_03_DIST_03_PS_03,18d1592d4e115ec7275f6778,escalate,ESCALATE_PRIVACY_SENSITIVE_RECORD,P-2026-05-STEP2-ORACLE,a8ccf9ca698f3c31539d71fdb754dec43d5069dc19a5245fcf4898fd3eadd842,47e62b4dd4b265ac7d56df319c9f084d60a2d56d05c74b2bb9248c99539e5202,efdc6a7687e290a001870775a8787d3f3c8c87c6d1e1ae3302a83208cf5f9cbb,0329d7d89a31ba80bcfb83e4427e8c76e0a94d4fbaf4a1470d14cf1b18365ba9,4d4587448176420a6d9c5260ad8523c28884b47d24b0110c6da7cae730b6fa2f,90c4ab563a960a0eba61a1cff1e2cd15c2d4dd3983a25d0df7c2038ce18a8ee9,72269b3dad742b82d7b923c9a1326157d5749e8d0de661c8680d3fafbd5fafea,a6e85948942e3d788581b912e7c1898c3a937b71bc95219fd3ee44af50e3adb7,HMAC-SHA256-DEMO,AUDIT-2026-05-STEP3
53,96c45b1da344a72c85204966,2026-05-27T15:01:00Z,REQ-000053,0d893c2441da140e8c46fc54,STATE_03_DIST_03_PS_01,7e1af28dadbf5d983261b8b0,escalate,ESCALATE_SEALED_RECORD_REVIEW_REQUIRED,P-2026-05-STEP2-ORACLE,747978ed070182b4f1e834dfe1e3f85ddf1902f94f4af7e995a4ce4909380a3c,d7e760bedb31b876a0250d3a23291337bd06097ddd468f605dce4e497b266eeb,d4ab72d74c14556cf205c5ae12b9c9f20336856dee43a6bc07e437f44f761c05,f335df1ef02519e75257069d2416fc4ec58aab880845437d3ab9b44dc6d3947d,5f3aa42c5a9f6e04e2edadcb99e2fa737d2efd70c64f667bac14a922065856a6,72269b3dad742b82d7b923c9a1326157d5749e8d0de661c8680d3fafbd5fafea,b0c94d88ee78ebd19defd60bdb558a1cc0eaefa44ac4293f5e859b90cc903373,cda5155d69f10cbb37f667488e354b4951419aa396f50614fa77074bd5a31bfa,HMAC-SHA256-DEMO,AUDIT-2026-05-STEP3
54,3fc6a3a451c6e801d25662c2,2026-05-27T01:48:00Z,REQ-000054,072b2cbde28c17244de8ae4d,STATE_01_DIST_04_PS_03,a677cce772515d48d3a1528e,allow,ALLOW_ROUTINE_CONTEXTUAL_ACCESS,P-2026-05-STEP2-ORACLE,d7bc262f21685d2e1ea2de474b04331f4b0f07a8725d13666cddf6b63cb939de,2b1f7330f93a63e4333c7416b8cfbc039c21e90d12d5d270e938f46b7baf700f,c1709d0c6b826c4bb8780e5691e6bb68b8d576b06cc55e7fda034fed98cd71b5,6b3a2cbd3848a5ba2210e60c8ed1868f474c7a43039fa9b4e3162ef9b2798bb0,3ff9de1c3dee928da15853ae396ad0c91b83c676973ae4ca48670809ac9eb6d9,b0c94d88ee78ebd19defd60bdb558a1cc0eaefa44ac4293f5e859b90cc903373,87480cda7bd6426e10699f0dc25103feff608f0306029373149abff3649eea59,d8a54359ca760ced7d3dd708bcb7d181dd5733436ab46be1ebee92510480161d,HMAC-SHA256-DEMO,AUDIT-2026-05-STEP3
55,c5a5fc86934dab01c82939d2,2026-05-27T03:40:00Z,REQ-000055,1f0d6f8c17d7221984909f27,STATE_02_DIST_04_PS_03,1ed90992e302a5bc0272cda1,escalate,ESCALATE_PRIVACY_SENSITIVE_RECORD,P-2026-05-STEP2-ORACLE,7bffaef447a832e7af3af2dcf1c8e71613506f5336f12c49520a4646ee993e2d,838477c7e2b405e0cbd7849f87da9ccd0c850845685f76369c0817f32e3a93c8,1fb89cf93c743bea7730eccccb7b594ecda6a9f0c5cd91bd5e09cc84d138a11e,39e30f0fda88b70c8ddb932568789e62d82bb273f940b119fe1b0ec093bb5786,d3ce63b2f31e13cca530e73d47b8af53e84d2b073ec379fce986edc8f6708a9e,87480cda7bd6426e10699f0dc25103feff608f0306029373149abff3649eea59,099e3bdac986eb8ec038a6c34f1c8bc4d451ae3f61db20c8284bec8fa6a17002,07fc69f2591e754a1a78d9095c583e95a7bbf21cd3776325f9273fafdbda0ccb,HMAC-SHA256-DEMO,AUDIT-2026-05-STEP3
56,3c701b55120c838dd50312c1,2026-05-27T10:16:00Z,REQ-000056,4b271c3dc209eac61d05dd4f,STATE_01_DIST_01_PS_01,13b2a2a0db1373b8363e1c5a,deny,DENY_APPROVAL_ACTION_WITHOUT_SUPERVISOR_RANK,P-2026-05-STEP2-ORACLE,9ae6b18c8809fa5eb0c023deed3cdbcbbb4ac7b8e9e991764d9373e90578fac0,26ba8932c0ac13756a1e3e182a41411fa965e706e2d08e7e8338b6243a18121e,55af27bdc12d354aef7c255a0d26458050d2da0bf139bf1f0160e47d626123ed,21bacf1e3cb8eaeebb7050b618d2dc9b81d6d4108c88c09a12fd34395d1035f6,440ab68e9d5e2e77a6d5a44551d6dc76a740cad71996a85c83b727a09c3878a4,099e3bdac986eb8ec038a6c34f1c8bc4d451ae3f61db20c8284bec8fa6a17002,f4d547ffda2776314cbdacfde91b82e8c0e46ad95d2f6e0241c7c08bf082f483,f2d18af7a0ea63cc566111521ddae87575ec0e184331abc553d4631f5f784d9a,HMAC-SHA256-DEMO,AUDIT-2026-05-STEP3
57,1a4ad0c2a2f3925f65e2634b,2026-05-27T12:21:00Z,REQ-000057,733b1499389b250473119b5c,STATE_03_DIST_04_PS_01,14a811b89adf18999a258ce2,escalate,ESCALATE_CROSS_JURISDICTION_SENSITIVE_RECORD,P-2026-05-STEP2-ORACLE,538f334edca5e010b39c9c338a8f71997ce22c1ff7cd602d7ea6edba647e9d9c,792b5642e26bd881dbe58f1c828d37b5fecfb10e8b9123a40607663bdb4231c6,01e0955650146c8e2312836eca37ff17ee58874d741ba451adbc58e15b6834a8,b2be513a8b33dc274c97f3459343abbd09f791ae2e278fbf3d456ee520a1dd92,3cf75d5b869c2b422fcbbed317f5a6a77e558a9faf549f7c5b8c997ba1eb0bf7,f4d547ffda2776314cbdacfde91b82e8c0e46ad95d2f6e0241c7c08bf082f483,2467447ad77a69dcd2c50fde34343a6ff581529abbadb160500a661b405f00e5,efe0c646bb38082e02d3dba2fe0e0380a2b810417ab40aa603c1fa50ee4f3226,HMAC-SHA256-DEMO,AUDIT-2026-05-STEP3
58,8d6d7e437c4f0b664e179ae8,2026-05-27T05:48:00Z,REQ-000058,116125532167435d32c323d1,STATE_03_DIST_02_PS_01,729722bb0f927d10ce07afd4,escalate,ESCALATE_PRIVACY_SENSITIVE_RECORD,P-2026-05-STEP2-ORACLE,e597b4f8a177a03e3af81ab230e2b7e0873ea020a17ff8362399ba8301b70648,53021ced71f6b40aa89df77688ca25e002c6182d2f551b528dde4dad24f28001,34fdfbb51670bd6ec09bcd5d7117fc7db0b8df3eb8b9f2959fd487c2a04e269a,169b8b6fe169b492193036684a08476f59ac6646c7df191c21e1fd9c864a5f75,eac6b6433343c13dd18ef91549e542246b83269382ef936d266bcfb3de958de9,2467447ad77a69dcd2c50fde34343a6ff581529abbadb160500a661b405f00e5,1229f27a483253649b2963c1879e97890d7a727646318d9875033d4298421d29,a29e43009903348756d15c3d2004e6dbef0166bcef72fe8b67d4a9d131c2b64b,HMAC-SHA256-DEMO,AUDIT-2026-05-STEP3
59,a5cd8d04ad20b079ca4bc8e0,2026-05-27T06:53:00Z,REQ-000059,f1cd31d43c526f5a63bbd87e,STATE_01_DIST_03_PS_01,5ca844b2848b805c696a09e9,escalate,ESCALATE_PRIVACY_SENSITIVE_RECORD,P-2026-05-STEP2-ORACLE,9ae9cc4581ede301e91c18f451503a4567691f01ff4807c0dec90674d1b32c87,e8ed446defb5fba3af7b7ae40a871eb09c14e3b00dedb71ab4ea50b489240edc,2496ab48fd9beeb81c8ac18b3f8eb7b920cc4034385735bd4e6e80d50ded3987,75fbb3d3d447da01b4663311d3813faab1fb6394b65a8d03711b93f82014b41e,b0525ca5a714e4f2ce0041b8a51c1134f27268c06c05fff3f37e3f7a1a4962ee,1229f27a483253649b2963c1879e97890d7a727646318d9875033d4298421d29,1c9566821d87df2dae469cda4cdc2c1071eee27bb9a35db122c21d379b3f574e,70a028ebaea7f0124b52221d2a9ac07acb9a631de05a17511b3de10e306167dc,HMAC-SHA256-DEMO,AUDIT-2026-05-STEP3
60,2a54b379df55cc94909b6b0c,2026-05-27T08:00:00Z,REQ-000060,100ec956e3b5dce60e3db6a6,STATE_01_DIST_01_PS_02,43e3463a3b559634b3353097,deny,DENY_INACTIVE_CREDENTIAL,P-2026-05-STEP2-ORACLE,9d68131c9dd5b7ca8afaf658fb9f6c0ef100c80a6802acaf7ef249c0fdc1c565,58cd6978fb467cb4561309cc11ecaa33b8b5e214162eb045fcf6b65d7d2c32bc,af76984afd60d952cb2c4f4ecb27922f284876fc2346b951732b35c9696e5580,97c92d31a798f820481cd531d3eacc2a4c21fb7df616a6372a6e4aa367e6cfaf,8be0fa2d814d28ae81fe9577024b0234cd9a8d88fa3aa59e0185d5c9a7fba2fa,1c9566821d87df2dae469cda4cdc2c1071eee27bb9a35db122c21d379b3f574e,6fb09196d284620f3dd11cf6e5ba1277a26cba39fbc01968c165663f9f978b30,18d48fc89a6f3d7336ea961d21def76801169afa3a1940c3b64f3bca09e72d7a,HMAC-SHA256-DEMO,AUDIT-2026-05-STEP3
61,126c46e02138af40badd0d58,2026-05-27T04:04:00Z,REQ-000061,ccfa52e7df949ec76b129260,STATE_01_DIST_01_PS_02,bd05b7562eae2d678359c483,escalate,ESCALATE_PRIVACY_SENSITIVE_RECORD,P-2026-05-STEP2-ORACLE,51a3bf98a86dbd728e91ce732d836c41fa1e502815016741a0bab70f0b27a78b,7c51d04c4c4570cf0ac5c7384ffed83a4f477c4c72ae0bd77b9d55c2a20f48b4,8f7288ffd963d41cda87ba7779660550bd2f6cc75b461c8761049b896a98eb34,2ce9cac1943f94be4977ce3f09de2fdb1a400d6f2ac7f10433c97759ef4f4010,a09c4f5aacad429fc3290cfab685a608f1f3116fbdd4dce6efc95b54807b2c84,6fb09196d284620f3dd11cf6e5ba1277a26cba39fbc01968c165663f9f978b30,21ae9a97949a279fbc2f1b3794c66da74611b5e6e24520527b8acb213bb98b4d,0a02366b3d826c44f22f1cc57d143f2a8e8f34cc1622d52d5903570528d312ea,HMAC-SHA256-DEMO,AUDIT-2026-05-STEP3
62,f447fbdaaac3d284baea54c8,2026-05-27T10:20:00Z,REQ-000062,816d13ffa68e60a160c3810f,STATE_03_DIST_02_PS_03,29c6b3e6eb3337cb1c09848c,escalate,ESCALATE_CROSS_JURISDICTION_SENSITIVE_RECORD,P-2026-05-STEP2-ORACLE,07143a2b3e34f41f3fd6c467e30641976d7684eadedd7a9f640c159626eff816,5a753922812d477ff86f0dcebb39b28bf93aeace489eecb768e8857aa5b40fcc,4669f75791cbccb1f0ae2268b9b51c2c747570df1eb57252f0d9b6f4c3ea6872,1b56579ccb1a125c80b620c6dc342f79cf898a05dffc23f88b40039f68013f0f,a7ef17737055ec10c03916fe2a02cdbead7b7cdbcdac5fdcb41f330371e9e706,21ae9a97949a279fbc2f1b3794c66da74611b5e6e24520527b8acb213bb98b4d,77288da7f01b6ad708e2ad7994dec90dd98f118eb043a7d219060c198cc8225f,ce074455037777ac811e8aaabc9d8975a2f4220c88528cabab9a920567bb9a06,HMAC-SHA256-DEMO,AUDIT-2026-05-STEP3
63,6281c0fdbfd07daf529c883f,2026-05-27T17:51:00Z,REQ-000063,2deed09bfdff4831b0bfcd1c,STATE_02_DIST_03_PS_01,6acc6042dd574d412fb83e2d,allow,ALLOW_ROUTINE_CONTEXTUAL_ACCESS,P-2026-05-STEP2-ORACLE,fd98ee8813ade06eb4724374230855ed5d8f93787a0157a44e109b1561fe8826,c2ee0f87d5a7d662a2a19c599bc6a6ef897a03442e51dea88311af54002ebcfc,8627b982889491212aff31f714e3385728769ad9f47ace6d7b40200f6370e7f8,c380ec626d9149b40fd6edc08ffd5efeddf42e55dbb876819c8df4551aecdbd9,5758d5cb2de34ea37510369f2180f0b05644d2ac7902cadf4595ee9f88dc8c58,77288da7f01b6ad708e2ad7994dec90dd98f118eb043a7d219060c198cc8225f,55219457310c746de8510bbdea3d48ef7bc8bbd84761950e3b4f156a63072150,71fdd0f7c5c3b25eceff49b5fafe96acae7b75312c9d5a35d261fb35d95b0fc4,HMAC-SHA256-DEMO,AUDIT-2026-05-STEP3
64,5c4028b99a81de0309371d3d,2026-05-27T07:28:00Z,REQ-000064,a2651cd5c21b20cc4d4edc22,STATE_02_DIST_04_PS_01,7b291ea97b660dc95e52b341,allow,ALLOW_ROUTINE_CONTEXTUAL_ACCESS,P-2026-05-STEP2-ORACLE,859e461cf658d4518dab6567abd006bb1f35c88be8859f63ef341b1265a90d50,204961cecbce53b473f2da6d42bde75b7ae4bd076686aa11995bc602571ee22a,49573eac267ac651495cf1c98e88b0ddd7546d95db8015a4a2120c4cb9a0347a,a2e3f7790d5fa63d439cebef7846fb58fa287e5ab22656a21fa6f92bd8c1ad71,acdc0f4f80ccff00c1fe790b3713c0ac59bdbd5f15a74ed9fd995b5aa2e43bb4,55219457310c746de8510bbdea3d48ef7bc8bbd84761950e3b4f156a63072150,6da9ee64ebe4bacc513e6a21634e0ae4c66a8978e6632510eee57c804d9c173d,2eab637e56b6e40d66bfae24c8d9de0e2df1871d7fc6245ad6443ff83a924c3b,HMAC-SHA256-DEMO,AUDIT-2026-05-STEP3
65,67f05d45845bf9f92e32f459,2026-05-27T10:50:00Z,REQ-000065,07e08d113775d9e409a3ca05,STATE_01_DIST_03_PS_03,f9bc8573a426e646d493c5fc,deny,DENY_INACTIVE_CREDENTIAL,P-2026-05-STEP2-ORACLE,081a43a0deba010440756e94e96b70d84316afb3f5bb21600366570625e521d8,a700d343da85a6d386fa81fa8f7f5044eb5eec00b9c44de3a9ec915da688bac9,06aeb5feb922e3ed4df9f685a0f0ba5c8ae1f450aa4d4e95ab5e6f791f3282d8,bbf680c67a7bbe65a64201876a2e30dded6068513a696fc3e2d1e132342ea13f,4665692ed5097537e2e37cc148c7bafaff1d442148f15b4bca69d71b54ffac54,6da9ee64ebe4bacc513e6a21634e0ae4c66a8978e6632510eee57c804d9c173d,246a1af36760d1d1a8329e71db292c1501946babbed7d7741dea49707443375d,12d39381a70d0ede3e92ce00a680bf4c7dffce6352ca55cd6a88d122f27fdd23,HMAC-SHA256-DEMO,AUDIT-2026-05-STEP3
66,916cf2ad2f08b0281c28cde6,2026-05-27T17:36:00Z,REQ-000066,362db027dc02e204d8d16948,STATE_01_DIST_04_PS_01,2a324b1f1c72134354401324,allow,ALLOW_ROUTINE_CONTEXTUAL_ACCESS,P-2026-05-STEP2-ORACLE,c92db766d19bc3da1b4d6a304439740f138c3ea77e54c2ee6fb5f7c2ca674155,2c5b0ab14c75605a4e38997d0779eefebf680c3ac399cadca7bcb00945defdef,06bd4badbc4a90c438dce383a118ea2b33e35e6c6ed13d792eda63266cc21116,95e47a7dcf20e9886260cb409e0c78909a2a5921abade990e5b24a1117dcb4df,5725eb7a33dd05c9ccab931e924bfd98351ad003fb17cef05a003ff6ef6e9263,246a1af36760d1d1a8329e71db292c1501946babbed7d7741dea49707443375d,95e3e281435567019990276316e8cd9f4731835caf2bc0dc4fbb062cc1d4121b,cee6ab3269ff319bdecd63381857a949561c9093cc4bf78be4862bebdc9f324c,HMAC-SHA256-DEMO,AUDIT-2026-05-STEP3
67,ea831de5cfd53eff15e3736d,2026-05-27T12:17:00Z,REQ-000067,21f9b37fcb4f7d2db6857d62,STATE_03_DIST_02_PS_03,f2c0ebfdd7531b5c97ba07d9,escalate,ESCALATE_CROSS_JURISDICTION_SENSITIVE_RECORD,P-2026-05-STEP2-ORACLE,e0522dfdf47ac7cd8dd5c3ab021cd1ec9c997584d018c541c90cbf843c8114ca,a80626a81c38d3bb7ec259848e8ffac3d5ec1f6d2c689efb728c9ee2d7eec38f,dacdb511a538a2a4d7aaf02017a77d7d6239f17d5876fd45ade9666eb4d4b2c1,a3ea2dc19f0a622567d297f6e96219acf3dafb7cfc7f32a7b993a9a703f83def,d2db34edc8ab5c21230d0e11d6fb9c25923523640dba2d1b9bcd4a6658b4da65,95e3e281435567019990276316e8cd9f4731835caf2bc0dc4fbb062cc1d4121b,ec8d9a8d264d07b7d3f79090fe1efebdee4529c075267d76b2392a7228503b0b,765311b4a9a680453e427d57d227e86409ec8bf46fbfa78162c4dd5dd503a7d6,HMAC-SHA256-DEMO,AUDIT-2026-05-STEP3
68,1bef03539d9924ca5badc467,2026-05-27T07:56:00Z,REQ-000068,7fa77f7b07565190b1b9a0af,STATE_02_DIST_03_PS_02,1ed90992e302a5bc0272cda1,escalate,ESCALATE_EMERGENCY_REVIEW_REQUIRED,P-2026-05-STEP2-ORACLE,092e25654c71026e2730c8a8d3b5f80e40b786dcf4a280828192b47c66f01485,462c4e954a16859d411ed282b7e3ffe78452bcc3e1e9eb99d557eeef34a7406a,782fc83f4fa271a81887aa9d919c38df00f95555e1e50b6d55c035813e0ce290,7ab5bc95e393c867706512904e07bfda4a4b449dd7f5a2442202d7ca16867375,1aaf9081fb9a1cd0e7be5ff624b5d1049f54adf0d899320bb8899cdf6c6475d4,ec8d9a8d264d07b7d3f79090fe1efebdee4529c075267d76b2392a7228503b0b,a7fe4a54e7d05087f0f7abbf8bf291a9a4bf664fe44f3ddeed946ed1f85c1f54,a275e8899b535cebfb1c09244e6d7a55f1ee4caddfad673b4e37dcc7b3ece971,HMAC-SHA256-DEMO,AUDIT-2026-05-STEP3
69,8cebc24ea3a5d46bf25db205,2026-05-27T05:45:00Z,REQ-000069,c5766246d7388485ac5c149e,STATE_02_DIST_02_PS_02,280d55b817622116beaedf87,escalate,ESCALATE_PRIVACY_SENSITIVE_RECORD,P-2026-05-STEP2-ORACLE,1b6e4d6358b9fc0e0a97bb737e37320dd8423e7af82b2428a674843935a33df5,6d2a651f95caaf4c47e3e2f031656e25a7056a9604a686e344b583ee911de612,1fa5fb60408c1ef30207d90105e5d9d0e775af97e51f3688620a26444262fc6d,7310a64aabb61fa49c80a42460c265896b7e26d1d73b8604706140ac0b6f95ab,50268b53bb0122a097b6346b87f6e1fcef86b29275a85634b854f7b8c64f4a8d,a7fe4a54e7d05087f0f7abbf8bf291a9a4bf664fe44f3ddeed946ed1f85c1f54,0d52f3299eca0cdf335a65ce523f226a277698b29e0590c936e94fe7fa6bf178,e6410a0935f22dd4cb9c56ea9562bdca94dbabc9dd858605506d8027740363b2,HMAC-SHA256-DEMO,AUDIT-2026-05-STEP3
70,f4524201aa49153a71215c97,2026-05-27T03:30:00Z,REQ-000070,6d335433b612a148a4921389,STATE_02_DIST_01_PS_01,a6951979d6b0ca29c516a2a0,deny,DENY_INACTIVE_CREDENTIAL,P-2026-05-STEP2-ORACLE,af5157ed432d40329932e55de3680aa41011b9db8a7878062886fee1aabdd2a8,ff60d5e0147e2c668b17b69beef921348a59e72ebdde7f193a93ba44f344cff9,ac82fb84a0a34f3ec482704170d833bb64289e03e6d5fdc23fe0e6419768e38c,979e71923942175c92ab42ed56e78301b17de3b6ebd62780474b48cfd8a34ddd,a18620f093e60853b3bec8afc67be55d7b763637f95858e0576bf536b0564390,0d52f3299eca0cdf335a65ce523f226a277698b29e0590c936e94fe7fa6bf178,f1afaaa9c3f3a69223a68350d2d895c097b4fcbc4c1cb53fc427dd381d99fd52,d6d2f805f96ce69e36036b8d313a202fa5001e982769071adf6c0b03365ab2be,HMAC-SHA256-DEMO,AUDIT-2026-05-STEP3
71,279eb13ca29dbad20c82aeca,2026-05-27T08:17:00Z,REQ-000071,ceb8bb971ba08b4df678d1fa,STATE_03_DIST_04_PS_03,f00953fe3c0b73fa1844aab5,escalate,ESCALATE_PRIVACY_SENSITIVE_RECORD,P-2026-05-STEP2-ORACLE,fc7eade1e37d643fe7081ab570fce97363391c28192e09e7b33657152613db6a,c4dd7638a7f111e6ba4188071c650b079c05cb25c21aaf84a08b0ebcfc0495d1,bbb089f2c5310ceb3bd70663dbbcfc97c266fd73def018dc7d34c0b8449d9edb,9053562de42668e107a19da4a7550bfa4d45aae00e9ec16ceeaaa304e7d973fd,35d031c0b27f1388cdc5caaecce1782a899889ad9a01295ce5892ffb3a376c7e,f1afaaa9c3f3a69223a68350d2d895c097b4fcbc4c1cb53fc427dd381d99fd52,721018e1bfccbf89d4744cd9e3bbc22ad9d59ef10a041a423e4673ba7f4cd58d,cd267375102898d08cac98a550346b710845626e11800bde5293d3b6b938cf9e,HMAC-SHA256-DEMO,AUDIT-2026-05-STEP3
72,1fb36778f89519b3e987ced2,2026-05-27T09:36:00Z,REQ-000072,100ec956e3b5dce60e3db6a6,STATE_01_DIST_01_PS_02,276aac543835aec95a7ad242,deny,DENY_INACTIVE_CREDENTIAL,P-2026-05-STEP2-ORACLE,631f80923b2d99c52f2043500bc43dc29dc5f4ce5f4532467808a6ccaee5f1d7,5ed0178b81e500409a924eb756978b8fb1ca0709011414b55a7e835f49a7d58f,9d12ad791417ebd6fe806a8342338559abae508dcb752be528f536a8e4b5e30f,96642f9ff428cc9a006a04ec46259ef002186bfbecd57725e5215f8727cc9e62,f9519f6cab8d5672880059282e612d49809e0f15d4dc56d333baa3ca8e58ae20,721018e1bfccbf89d4744cd9e3bbc22ad9d59ef10a041a423e4673ba7f4cd58d,4d185e271d66c2aa966e1851986260a24cc1108dde02c2f16f87f02bb81a3be5,1b72e5dddd4650cd67326e54c066c97302fca443d49bddedb9829957ec457de7,HMAC-SHA256-DEMO,AUDIT-2026-05-STEP3
73,80cb27b6cf1cd7713fd0b299,2026-05-27T19:28:00Z,REQ-000073,0d9d0f67e217f12f80467acf,STATE_03_DIST_04_PS_01,264f17522a14cb90f82924b9,deny,DENY_SEALED_RECORD_WITHOUT_COURT_CONTEXT,P-2026-05-STEP2-ORACLE,c41b91078885f22d679d461d63f7f1fdb27e4c95c9014010d6e1c1cd8dedfbd0,30e04013f67e90a43a62f3ac8f86a27e3f51339208708a685138a29439e6f575,26d8cc773969754ee1574c5916033e5ab2194c8d4327d00e8c2f99939a0be28c,cbc03e9209ecb783ed2ad7c30e73befd24784252149db86d49d2531061c44f4e,f618ce1e1d9b6805be98deaefca44749dceccc7d22e7139d2b15ae1ae24771ca,4d185e271d66c2aa966e1851986260a24cc1108dde02c2f16f87f02bb81a3be5,a62bc64c7f09c80675c9611ea3450e65efb2ec675a7a2010c7362213954b8f2e,1e63b2aaf7698637a3aef8c63606eb7488136fd64ccb1c5e38962258473a8b15,HMAC-SHA256-DEMO,AUDIT-2026-05-STEP3
74,465e2a13be7922c389aec8fd,2026-05-27T08:38:00Z,REQ-000074,7e3146ebb6c4e9a4f7f4cfaa,STATE_01_DIST_03_PS_03,755f540876cbb4154b50313c,deny,DENY_EXPIRED_APPROVAL_TOKEN,P-2026-05-STEP2-ORACLE,5219bfbff05406dfbeaa106f555778b5237e936e8774b744785d066a99309860,3285b20066b50bacbe758fe1dcd6c5b701c3409e44f8de0f7cba6800a946db28,f3a82374908c68091689c7cafbe1bb909c31af3ff625614e63ce002dbc8b0103,2da1bef29ac9c8cc5b8a0494916564f40de08bc41444b8c073cb66aa9ae157ab,2c45e1f8bdfc8aeeb81528e711941301bf4d7efbd679ed80bc745766f1fa1993,a62bc64c7f09c80675c9611ea3450e65efb2ec675a7a2010c7362213954b8f2e,d6f9ce076d1993c64f31d9b8778ecfdacabef7f0fe1cbfbcfb0cc612303c3b50,ad0107930d10200f58f108e4833698bc51364ee2c65c020864cfd495e490245f,HMAC-SHA256-DEMO,AUDIT-2026-05-STEP3
75,e4143a6e05a9df4f0c5deedb,2026-05-27T07:30:00Z,REQ-000075,6734000e8363d6ae298dddfd,STATE_03_DIST_03_PS_03,a677cce772515d48d3a1528e,deny,DENY_INACTIVE_CREDENTIAL,P-2026-05-STEP2-ORACLE,e18831492d471a8672f6aa9c759fc95e3ce5919be9500b5ac7f1421d03831bfd,b7b06500d75cfea3d7ba7c47de583c9178af1a6985aade4dcb4eaaaaf232822b,6e3aff68c46f7e4141737bf1c6714aec660ba122a5ba9fc1ad2a76dc597c93e4,801b493129fdf61413237718f16416133ed1069b1500979c4e0db0e9183f408e,3ae7dd09c06ba6e1e920f0ba8c9a4daeda71d2a49f469bb786b0120ae10b5ade,d6f9ce076d1993c64f31d9b8778ecfdacabef7f0fe1cbfbcfb0cc612303c3b50,af343780bdf41db0fe6c673d8201b0e3b3e198f177e93e520c3ed68d27091c1b,514d8a7d3c43b7785b3ab427f0d8fa28d83a9a9dbad923a025c46b161ab24713,HMAC-SHA256-DEMO,AUDIT-2026-05-STEP3
76,42f656b8f75520fb2b69eeee,2026-05-27T06:20:00Z,REQ-000076,7e2b88d260bb5ef29585a94e,STATE_01_DIST_03_PS_02,2f09515fb47c95c60bae3db1,escalate,ESCALATE_SEALED_RECORD_REVIEW_REQUIRED,P-2026-05-STEP2-ORACLE,5f3dc485c31cf124cd8eac10c3ee9b8f7adc416c00ded7ad7b54256e3831f5ed,7186b7c6615e888af895e8ae206c125dcd2917d611bb8987c9482e1e4e183c75,cfc76545447141ada7360b6312d34b398734eb9b177607a2e76ec3afa103d9aa,29ae616dbca548be1b6f5c96be0c5388d5d44cc082acf6f4c508d1943782694f,05d719ac7020535012c0b07af5aceca50c2770774e200305e6c8244f1a691972,af343780bdf41db0fe6c673d8201b0e3b3e198f177e93e520c3ed68d27091c1b,317ca90094d22a4c5847dcf8fa32825ea2be43e77effd872c7af6ec60ffd594e,98df81bcb22dd8947c78bd0009fa3cecb6f63e640cd6b2465d233ab3ab362b5e,HMAC-SHA256-DEMO,AUDIT-2026-05-STEP3
77,9b343394922867641831abf0,2026-05-27T10:16:00Z,REQ-000077,da8724df1e30e5c801778777,STATE_03_DIST_04_PS_03,6ad9e4a02d6cbe34a4ed9e5d,deny,DENY_TRAINING_PURPOSE_FOR_SENSITIVE_RECORD,P-2026-05-STEP2-ORACLE,11ce39816a773ae2f2e3599752502e445c98eb1f86d2687acf67410b99cd29b4,ff75776741060d36e3b18f86aab53f68acecfbd697fb5bf36a5d983ae060e61a,008d4fc980111a957310f2eafd83e05735db4b194f6be564b47d5cbacd833ebd,7b1adfdda4cb4263e63cb1b84685b1a4078f89bd270271bf8accfff2fdd783f5,fe1fdbe5cb1eb11005c2756388d6000e10aa31200c79b3df314f1a42ec30e136,317ca90094d22a4c5847dcf8fa32825ea2be43e77effd872c7af6ec60ffd594e,5110d525c081303de1d976500fb90f48022689bcba8940595448e65543018330,368d48ea71a02cc182858314fcab3a16d2d549b245e856c8382bfc1d3412fb78,HMAC-SHA256-DEMO,AUDIT-2026-05-STEP3
78,f3761ba2ed7e5c155eae1cea,2026-05-27T22:06:00Z,REQ-000078,769c0f71f92a8b49e252746c,STATE_03_DIST_01_PS_01,65a60273afcbaa34ae4c3128,allow,ALLOW_ROUTINE_CONTEXTUAL_ACCESS,P-2026-05-STEP2-ORACLE,f2a2508806d3686b7127282be49b67dc9442a3267b1e80a5c4e34163652a3bca,09306e66a11904dec20b2fd740298f4a0a759f2fc67ef489423ec2bb827d26e0,9a520a9059419371e184cd110847376d205da6ffe89eaefa623047c998c2d8e0,9c1960c65f3aa029701902ffcfab890da8d5fae6600a083f15fc7b5e280442a2,76e7598a3de193b94d4d1e2bc08eefa24b57211a96b6006c36008d4d281a75f9,5110d525c081303de1d976500fb90f48022689bcba8940595448e65543018330,cb9f14e36b79e7823f3f92f666f3b2dde2e9bbd9350da488303c9720afc4a7e0,87406a692e1633229d4d8b53b2b627b2df457f49ea9373c457fcac4771518253,HMAC-SHA256-DEMO,AUDIT-2026-05-STEP3
79,059ef53e1ebb2ce4ad1f93e5,2026-05-27T18:26:00Z,REQ-000079,ecaec2b1bb689d9a6ebf8cca,STATE_02_DIST_03_PS_02,634985427cd8688fee2b98d0,escalate,ESCALATE_CONTEXTUAL_REVIEW_REQUIRED,P-2026-05-STEP2-ORACLE,8bcd81cffd5cb9461d8a7886c916a1e58ed40a19dc25e27f39a5d73077c2949c,d1ffe29ac6c74c46eeda6d993f0c4c0dead0e4a79d4f09e586401b642631835b,b556660cdd715e56bde24d1fd65ffaddb5527a577062db3358ffec4ac58776b2,6f4f362fd8d7a506cc329a39ecd82440caac7750c7256e08686d34eb6121c819,7543c2a55d48962ac95d9d89b36982f344425471a2aa4400e60c9d5d9aa69112,cb9f14e36b79e7823f3f92f666f3b2dde2e9bbd9350da488303c9720afc4a7e0,155e4fdce87cba21463ca1c25f23ac5faaae7a1c96349b6385df835facb95077,85a073b10139e0791413a47aea196262dac84cee33049b232ded28413708acf6,HMAC-SHA256-DEMO,AUDIT-2026-05-STEP3
80,314eb3bd2d0dbe7096902667,2026-05-27T16:00:00Z,REQ-000080,02df4864bc93f0037e94de95,STATE_02_DIST_04_PS_02,f7151781855b8ca96dc2f997,deny,DENY_SEALED_RECORD_WITHOUT_COURT_CONTEXT,P-2026-05-STEP2-ORACLE,e94985d7d9ddc098fcc5a726d11e464cb909d9ee7437009148dee87e6a29d060,28bd0e0c1f00f9dea8af46542a6bace365c7c10f907940b452e8097b6cd77a91,7df79c74044919296126c8b170330f5c4c6648bd636088d7b4ea938dc062ee6e,44c901268d280db94ed6a061d907cd31e5ad3a255f67cafc92a12f90ceff7ce8,e2418b200d9d8dd20270b5ab680353dce2a72d2ce7e574755b82fc5fa80bcff4,155e4fdce87cba21463ca1c25f23ac5faaae7a1c96349b6385df835facb95077,f2010f440c3da796eabc2b0d4c83915ebbe60e60d8e2dd212cb0ed039a6a05d5,d9ce3793c793f31e65d56d83ab912f1927536d39f4a0178bb3985da64ec8b128,HMAC-SHA256-DEMO,AUDIT-2026-05-STEP3
81,4ffff174c5b5f42d17105c92,2026-05-27T08:06:00Z,REQ-000081,b2c7b3b76aeb981b1bd8756b,STATE_02_DIST_02_PS_03,5c4dcd6cb3328632f88609d4,deny,DENY_STALE_CASE_ASSIGNMENT,P-2026-05-STEP2-ORACLE,96960dd9ce7d156ebc097338697ebd0017818b18aca7ead75305a4a64f3817d7,b9076348bf34ff27e2c0267482fe40b7cee8e05d59ccf5a233f22f95f1e2d177,7cb8d2f7152b66258ef12b3a651f1d954bcfb36761e4ec5d3edfbcc9effc7018,e8200635f361b151ae5608adcb36e44a762c5019f6b0d013aa517ac816ac3f0d,3d64c382374e00fb567fbd3da04701561a5800fc4119310431d9ba232242da97,f2010f440c3da796eabc2b0d4c83915ebbe60e60d8e2dd212cb0ed039a6a05d5,74b97514a9f57060f8edb72f5005c3b9c96d4d82fad4857b80cff31c1545dd5f,9f96893ae06aa3c17b055959aae4135b71394262b7eafea1b10c10702ad0c866,HMAC-SHA256-DEMO,AUDIT-2026-05-STEP3
82,28b8ef51d3a36ae7cc739733,2026-05-27T06:50:00Z,REQ-000082,5250e04b75f9aa481b9f2c6e,STATE_01_DIST_04_PS_01,eda072470422c2d10fd9265d,escalate,ESCALATE_PRIVACY_SENSITIVE_RECORD,P-2026-05-STEP2-ORACLE,0529eba3bb35f23e137dcda31b74c07b6c3076a3a56318e962d4a0f03a8dda39,57dd3204179552e3725c9b5bb8614a46af944b35db33b3f2c7587dfe8a06e424,40cc25c1af8ce01d902ba6c7335a9e3ca5c18a2270eb9fcec55ea66d186b4d77,2ea8818a82014b384b70e77ba34d826a2e4381e189bf8bc47218e0677c6fe1c9,5087cfa6cc7fbcbd72e9e2a7b0cb79d5b1c3373920aeacbd8a2ddda64d3c0358,74b97514a9f57060f8edb72f5005c3b9c96d4d82fad4857b80cff31c1545dd5f,f40c888f5b15a9bf2b462e3bf35d44e6a68a475b4f9391255e1b8abdcbb916c4,1a4673b38b6ff136f1f9a6120cdb3ab4cd793116235543e981372deb8ec8664b,HMAC-SHA256-DEMO,AUDIT-2026-05-STEP3
83,2eeae506733ba6caa40c5951,2026-05-27T13:50:00Z,REQ-000083,adb77e6ea2a2edb0afc7410d,STATE_01_DIST_02_PS_02,95ee8d5d62c6fbce3b7000ee,escalate,ESCALATE_CROSS_JURISDICTION_SENSITIVE_RECORD,P-2026-05-STEP2-ORACLE,760ca005ee81f8a73ca730b9850973e73bd58652257e04441e2132eba7ead8e0,efcd72650742ade40f93e2a1f1754ecded19d438ad297b9b02833d20cb3afad6,ab40ebdf17cca99a1e5134a20ca77a286af2ac678751f7a4b3e93b13a9dbabf6,b520acd2dd8626edf46c153438680986838c6ecd766aee53341a9a4a86528d74,b3eacd57291020aeb6a1e36554d6311aade4f44a30b85646cf596a31ae02c7a6,f40c888f5b15a9bf2b462e3bf35d44e6a68a475b4f9391255e1b8abdcbb916c4,6b7411aacfcf160574c258635a7c402254475579e40367607ff944358b7d9ee6,7f4ffb4c7848c4442c373fd85475128748ae1d6e3df0388cf2468c2ce2dfbd68,HMAC-SHA256-DEMO,AUDIT-2026-05-STEP3
84,af85659a94903c7500df4d90,2026-05-27T15:24:00Z,REQ-000084,0d893c2441da140e8c46fc54,STATE_03_DIST_03_PS_01,c037395aee2e6c54b7bdb5ce,deny,DENY_SEALED_RECORD_WITHOUT_COURT_CONTEXT,P-2026-05-STEP2-ORACLE,bb4794299694f7be0df61a2c73e8f0161ea64ea8cdaf88bd9547951389645d08,1c6758398c18e029eb8fb763b02d4a343d3355b18f18fc69c2411decced2ce40,3bc486535ee4147cf12a4428589fa14781bc1a75f23bd3c8cb45c914e21f69f3,00ec99fffce57d1cf4cbfef07feb4505dcac4361aecffd3131f3b33a79d3851e,a158226c5d95633babfb285f377d59aa29c6c7a6834ecd59ddf31a108934d491,6b7411aacfcf160574c258635a7c402254475579e40367607ff944358b7d9ee6,0ea40bd0b93b9f685c43a56cb8364132af32239c6c54e76267bee80c7f0858b4,34e409e96e3147b6b6f49a1d15f512643046d058d12717471597358636faa92e,HMAC-SHA256-DEMO,AUDIT-2026-05-STEP3
85,b5dde3a51c2c3d634b65060c,2026-05-27T18:25:00Z,REQ-000085,fe7f0fee4990978ba985ec2d,STATE_01_DIST_02_PS_03,8d196118f5537bf44adff98a,escalate,ESCALATE_CROSS_JURISDICTION_SENSITIVE_RECORD,P-2026-05-STEP2-ORACLE,37ef9717dbd76875651b97d61bb9fa6843fed50f9cda707694b71d2814e14a3b,d537fcb65db0ae932cc9b12368e2a9da358aa6bd67527a544f2ea524489bae4b,459cbd186432658109c78fdffec2eb39398dbc6a08e722c63389834f1871485c,382bbe8cf552e8eb0e8f0608d2823aa9844f8748890e4371d69915dbe5e212e0,f7b0420472ea7cbde35f4d56356b6c87f0c3a5055f170db6edf78c4c7b14a1ed,0ea40bd0b93b9f685c43a56cb8364132af32239c6c54e76267bee80c7f0858b4,00019e5b9f46e2c9350af67ef955e3967fee05044df1043deb4b6d69eec9c511,eef45895f6dbaf4d4570ebf52fdca2e8e2b7db0f5ffb2490459a74defc51eb71,HMAC-SHA256-DEMO,AUDIT-2026-05-STEP3
86,4430511f34fb5826d56db170,2026-05-27T15:46:00Z,REQ-000086,a2651cd5c21b20cc4d4edc22,STATE_02_DIST_04_PS_01,b3d1d2f79d5a7ecb8b5f0667,escalate,ESCALATE_PRIVACY_SENSITIVE_RECORD,P-2026-05-STEP2-ORACLE,b010821a2ec4ac174e0253d8387b40450239b8e98cd0900e08c80560a7190336,73f8b4e869c3e77271a49c0a02d4663b7b813c3f45f2cb83ae65993e3b6b7526,bf5395a1783871fcbb5074480e4c6b1f072f9dc1c9dd2f0e87abe031a61e3764,1d8f78cd844189d8939b4e2a97e29caf671101aa93931b0f2018020683b4c4f7,aa7e362d579ad56a09a5e43736ca5de153dbb1fdfe93692ef4d39dac82cba627,00019e5b9f46e2c9350af67ef955e3967fee05044df1043deb4b6d69eec9c511,64aa204f7f8ba9b520712b9dabbe39fb0f4d10d3bf1612314944c4b6c1ca27af,38090fe6750fb4fa3fbee15969cecca043ec5a77775cdbd9cab0b165cb765add,HMAC-SHA256-DEMO,AUDIT-2026-05-STEP3
87,8ab22add50f850e17f71f605,2026-05-27T02:54:00Z,REQ-000087,ccfa52e7df949ec76b129260,STATE_01_DIST_01_PS_02,0ae0abdd95a97e36857f638e,deny,DENY_STALE_CASE_ASSIGNMENT,P-2026-05-STEP2-ORACLE,9a94c3a1654cd95ec6100ed2eb3b356fcbd0d26a71bf9d0bd11e3387a15471b8,b676e260f4747f2306aa506c571e6983cc1deb52f8708abed03d4e25c99e4757,4df34b684cc65c9e919c48113e91031a2fec925ae84b29f39a947cdb0acfcb43,aa05c55eb023051bcbdece8d36c9846a88ebb7c2dcd76a79bb25ad03b4969948,377b38009a88a5a67770375ea06933bec295a59b47742a0c62a66549dcea9350,64aa204f7f8ba9b520712b9dabbe39fb0f4d10d3bf1612314944c4b6c1ca27af,8a1daabfbd357df0c0a405672f3a3e0db90474ef248fb64532bf47bbb59eeac2,56f85371d5b1c371c94f7f332ccf920f97bed31e955c7295652b2f547042df89,HMAC-SHA256-DEMO,AUDIT-2026-05-STEP3
88,d9896ea60de08d39abb39fde,2026-05-27T20:32:00Z,REQ-000088,4abc3e055d213fe06ce85aef,STATE_01_DIST_03_PS_03,25a1feea984cfe4999437ed0,deny,DENY_SEALED_RECORD_WITHOUT_COURT_CONTEXT,P-2026-05-STEP2-ORACLE,d1832190c1b7ce42805faf3ac09c4d4728c6476035ad9342b39504728a3623c3,d10f422667bbd27937c78813c99202c4f2e36b91ab7b14e50fe980f2325da0b8,a4cb39effbe66a756d9fcd23310b23de7bb5c99aac9241dbb54d8a03ebeba0f2,f2b59886f5a259e040f7ac413e8027fa03561dad67899f837f30926428f0e0c2,1852c609f3d0e2c2669f7fe3c5b5bd58ab29064fe9aea4f7f0b2dc847e4fc07d,8a1daabfbd357df0c0a405672f3a3e0db90474ef248fb64532bf47bbb59eeac2,3210e95739daf32b27017ed2e6d153722f9aabc19fbbc78ad32a51449f63fb57,92b970e0b7af3e7d57eb6d98586eccfdd58d6d029b561ccf7fd5b015bca8a340,HMAC-SHA256-DEMO,AUDIT-2026-05-STEP3
89,6eb5652297bdd323bfe18264,2026-05-27T23:44:00Z,REQ-000089,02df4864bc93f0037e94de95,STATE_02_DIST_04_PS_02,5ab36a7308e1e2c1c699873d,allow,ALLOW_ROUTINE_CONTEXTUAL_ACCESS,P-2026-05-STEP2-ORACLE,93d4f88dc3f0f6d7cf30018a4120e47c3e7977e9a5a6882e8268a7c215d5e00d,06e6483c57b677bcf7eac48a50bfacfba16e5df9fa065848bf7475b27ec0d6a8,5059813f9fe2b7aa63c6c5d43f7bf9d6e933957b37f8a19e1ea6aa5881ea682c,cd2b9cc02f49f4aabe246f404e7950998e5de32a02f19c3eb3f840fd42bb1917,ccff251188e2d4ad46f9c2fa3377dcb8d14acd73c1276b848da81265af5ddeaf,3210e95739daf32b27017ed2e6d153722f9aabc19fbbc78ad32a51449f63fb57,e7a24df09cb2c68d17109c5a25b3d7c5649decb1459fca5a855d7622a2045cd0,4b911252c32649f2c38412def8ea1f058d995473e67429374f7e1535e1de7dc5,HMAC-SHA256-DEMO,AUDIT-2026-05-STEP3
90,8ff3153748f4639f237f9f8c,2026-05-27T04:30:00Z,REQ-000090,fcd532f0d95281220fe7337b,STATE_01_DIST_04_PS_01,7c0122e2e09819ce56c6d8b8,escalate,ESCALATE_CONTEXTUAL_REVIEW_REQUIRED,P-2026-05-STEP2-ORACLE,a0e4f0da77b1dd13c96d4bc6867ebdf069ce2cd46f4d69fe1ef18db1bfcc2c3a,8145bfa8a2d2e5d9ca7ca1caca81b783872c484fa160ccce0dfb4bac6f2d3c4d,fd6b808ab655ee1eef26752f439c0c3bc7ba7e04eae6c90bd4531920c88d75b9,09510c1e5b6b10cd38166b44b9b3bbb2b0f480a80d3fa280acd301532b3cab9a,edf30bc35da436d59fec71b235af36fb2b5cf1170c19fe819a4df4a5cf36b104,e7a24df09cb2c68d17109c5a25b3d7c5649decb1459fca5a855d7622a2045cd0,1501f94797cce3e13c0466d70494dfd5df77c778de9e787a07a2cb5b12cdbc0e,6c2e347b8e3b0bb87ea73bc109196d25ebef218b39bff5b39547216dce823e5d,HMAC-SHA256-DEMO,AUDIT-2026-05-STEP3
91,8e11be5544fe76322840cf7d,2026-05-28T01:47:00Z,REQ-000091,90e9de18363ee212ab55f392,STATE_01_DIST_02_PS_01,9a0d075d9c11b2be0f4fbe2f,escalate,ESCALATE_PRIVACY_SENSITIVE_RECORD,P-2026-05-STEP2-ORACLE,d36b4da54c2503a8bea79ac9bc162dd061b859621a073bf004f6d04d4c272c17,134adaff3fb6847f02e59d991123aa1bb75abaa5fa4d5c159232ba00ad90cd15,93546d2fe1a1d91af0fdc39a944702174d42c1e2078cb1f8698ff1b786ea0bf0,faa74268fabb9ce7dbaacb8acf26e3226da84513d562e6ca927053c11ef3913e,d26836ed6e72252d6e6df34a85b779a54acc962e5b4a05eb485d47c4b3a764d0,1501f94797cce3e13c0466d70494dfd5df77c778de9e787a07a2cb5b12cdbc0e,80dbbb0c7f80c8d78c48de4385b2e1dd230cc3d96fdd38255a0980f88b489f5d,5af2a6bd30553811c8700c0bdd1f20cfe744e3e7a1179eb69ce0aad81a1fdf8d,HMAC-SHA256-DEMO,AUDIT-2026-05-STEP3
92,53ada1bf2f52bfa39bec363f,2026-05-27T12:16:00Z,REQ-000092,6734000e8363d6ae298dddfd,STATE_03_DIST_03_PS_03,d16a47696c0bd461b5abb533,deny,DENY_INACTIVE_CREDENTIAL,P-2026-05-STEP2-ORACLE,61c212f5d71858493777820af670fb82bf0a4ec9a7a3a66b2c15bd7c418f661f,7a62c95ca7bdf0757e7f5643aae3e0b9dc0fdf3dd941162f49dd7364dab4edf6,4129887e6253f9a0625d9f70b4d15669d6f03a558fff83a05740a208531f6d9e,446bbe24dd5206d8858de5d10c8a6a8f09712f4ed123f346570cb35ac669295b,8530e8025899499055720dda7929d5d58f87d2f9a648f1ede6f1b38e5d58a7fb,80dbbb0c7f80c8d78c48de4385b2e1dd230cc3d96fdd38255a0980f88b489f5d,502a66b1e1c46f024e9949bc0ac8d329c2092f3d2d0a137cfbcc3b3262998296,674acd3c2b36ef38f125f540654392f31b413977478b397c95e44e4ced30ed0e,HMAC-SHA256-DEMO,AUDIT-2026-05-STEP3
93,5b44f746f688b0b5ad4dac5a,2026-05-27T15:30:00Z,REQ-000093,90e9de18363ee212ab55f392,STATE_01_DIST_02_PS_01,6133804fd5bfb391fba56083,escalate,ESCALATE_PRIVACY_SENSITIVE_RECORD,P-2026-05-STEP2-ORACLE,51dc6a47b62b97f20871ff9444114fc0b68399b85936999a014c7a15f5208d77,bcb0a2f01dca8776891a8cf1973fb7c964ee8f0f605c691ec717e900767d591b,2f49dcbbbabf61c6388d673bf4fe22a0cb41db99db25f444ae5fc8ce1ad60b42,55338975897d7453b4c9918e63e8d436e1f0506a02e8b53f5164be90db76516d,5b804853d2e0ab22e6cd5ba3f6601667f6e9418fadc47750a231e31153d03993,502a66b1e1c46f024e9949bc0ac8d329c2092f3d2d0a137cfbcc3b3262998296,90f5e4b26cfc246023c78069b7e308c72faa7c6bd3e8099ef3ac223a550f2c32,af7114bf573c82267a180acbb64cfd7eaf5649f8282e4373a2c189f55ae7f22f,HMAC-SHA256-DEMO,AUDIT-2026-05-STEP3
94,8a04c212b41d6cbb50a0f62e,2026-05-27T17:14:00Z,REQ-000094,858f20314a8c64995d905a33,STATE_01_DIST_03_PS_02,9d828451fa91e0118c922412,escalate,ESCALATE_CROSS_JURISDICTION_SENSITIVE_RECORD,P-2026-05-STEP2-ORACLE,f099ff0f28390330837c359e1991ef9fc570bc77954f921c84cd80d5c2560c90,ec74a49522ec8205bcfa571949650de67ca1db67c78b73de4c7516c9694571cf,a181f9fda46d0f46441fe84ff2283c33d5257d8e9f32ea44a39c8d3e74e230a3,1b31b777d6ad43bf0cf13353dc477990a2f39ce3a7d13f9ea7acaf8758bd9b26,52c0f309e42c2f587fd1283ed6e95833cbed6c1001717ddb852c2e4f0b1723db,90f5e4b26cfc246023c78069b7e308c72faa7c6bd3e8099ef3ac223a550f2c32,2d73a05af43dca38ff5c9113d4c142d9d43de652b5801ebdcf0e8f24ee0dbd29,8aaee43c18736685b2a64025eb2316103b56cb8fd0184afd699866d6d8ab3103,HMAC-SHA256-DEMO,AUDIT-2026-05-STEP3
95,8c4ef05c1620ce802d1c5452,2026-05-27T09:30:00Z,REQ-000095,ad021cf14b60633e375d65f6,STATE_03_DIST_02_PS_01,2b5ed92b73d41d7d7ad6f4ce,deny,DENY_EXPIRED_APPROVAL_TOKEN,P-2026-05-STEP2-ORACLE,0f6928a08a433f497dc22d096d93743a0075fbf6585eeb2202a7a98206c5cbdd,88064d917e6c97de38ea5332f512f4d176cf96f5f2e89c6d71462f1523affaba,55dd2aa570445ff8aac8d6d1e3e07922c2b28ee267aab175c6270d9608922d23,636836a7f50460dcc2e73d9d9690b0314d5d4b2b968b6c0816373ae19e90942f,229f0b841f552d1191bfe8b31f4e81cf7d18ada89ecff4975ff74aaa4bedc13b,2d73a05af43dca38ff5c9113d4c142d9d43de652b5801ebdcf0e8f24ee0dbd29,867240a4d18404056b8d4be56c9dbf8a3dda20b510bdf8d2114722e452abdf4c,861a8222753efc8897f3fdc072a0d802914de24e3083301ff9832934d4504667,HMAC-SHA256-DEMO,AUDIT-2026-05-STEP3
96,1980e7dbb6d3f3f8018a2d19,2026-05-27T08:00:00Z,REQ-000096,012f7330673a61c61f1d0ef9,STATE_03_DIST_02_PS_01,97493f5f079666824f863137,escalate,ESCALATE_PRIVACY_SENSITIVE_RECORD,P-2026-05-STEP2-ORACLE,a822cc7a7ab427e281a7554ef17e54f3fea761afd3c4caa19084bf27ff22dca7,9ede1c9b3f33a1893ba919269c6100dea16e92ab5ee18a75e41fb39fdd5a6491,e8d87bc01774cf949f2d34bb73b1db005bd4989d80b1f3194b5bd0c0df7f57c4,ed1739040ba46951636858cea55dc4b111542150950883a8629ea82a550dec20,35bef669dae3aa010b5b99312c6b09c4794b0270b499dc1fc8c1d03f1d656b25,867240a4d18404056b8d4be56c9dbf8a3dda20b510bdf8d2114722e452abdf4c,4f2b2fbb82ad8587a18af51bfa48754c2c15e120f8f90c4c1624058e5ca3b822,22399c1f0f411b8206844dda2d5ec2eea337def7f649fa786ae0b04562465457,HMAC-SHA256-DEMO,AUDIT-2026-05-STEP3
97,9709dc5e59f40d91ac7b640a,2026-05-28T00:15:00Z,REQ-000097,0de9124a7d38c17a328e4497,STATE_02_DIST_02_PS_03,31d4edd023a1e32e08b15bb2,escalate,ESCALATE_PRIVACY_SENSITIVE_RECORD,P-2026-05-STEP2-ORACLE,4d0e9ff39cae456d305516a73a6f786ccde0a438e8c7b9fb664d2c8027cd1672,2c592ae0a7318d5d6736fccd65abc9034deb990a98df929bc64c3ad205f4836b,3c97a23de4a1b31f1c8e0b008cb5dbe2cd018931be8bca12db1af54524e2d2bf,8455f5e2ece2ba7fd94a9edd19b59918e04296b10e4ce7e10abd157e6fe56c45,c84ef797970a8967906f3ba27cef3711193b6212e1d01fefbc015ef07ef3dfb3,4f2b2fbb82ad8587a18af51bfa48754c2c15e120f8f90c4c1624058e5ca3b822,bc3159455720b8f27003cd0beed0229423d3273db17476d024928f41719167cd,606678a2c0b26b409f501097ce2f73bbd2d14744a498f5c70b3a1ee6ad6bd669,HMAC-SHA256-DEMO,AUDIT-2026-05-STEP3
98,5a47abd4a4c5a78e03706843,2026-05-27T16:20:00Z,REQ-000098,ad021cf14b60633e375d65f6,STATE_03_DIST_02_PS_01,4aed89da6d83f2b742f3ba9e,deny,DENY_EXPIRED_APPROVAL_TOKEN,P-2026-05-STEP2-ORACLE,1b5dedfc30c758c72f01befbc71c6f153b51e3c08aebe0ee71c733e32e2843d7,c00ad28496baaad0994bf7843b229ab7ec8782b53b4a7085ea1b54d77487c38c,78848e158c702244f1d75a03b4874e62b107b6afb4b87695c6020740474ea936,cac9145622ebd4113ac05899a207fcff6de05fd9f50e24b57f1ea85a5c8443a5,326f6dfad268ba364f04948691e75dc34be48bf235cb64d9d2060fe8b1387647,bc3159455720b8f27003cd0beed0229423d3273db17476d024928f41719167cd,e7cfb6b1ffd083ee01907f294264582b6bf728ac02dd1d1594afa2da03c49ff9,7d43d55058a54c65dbac9b36754c77692ba11509ad0bf4da2d2e3340d402c484,HMAC-SHA256-DEMO,AUDIT-2026-05-STEP3
99,abeb77cb9893a51cc2fa46aa,2026-05-27T13:12:00Z,REQ-000099,3cc947c5caadabb45a541b46,STATE_03_DIST_03_PS_02,bd05b7562eae2d678359c483,escalate,ESCALATE_PRIVACY_SENSITIVE_RECORD,P-2026-05-STEP2-ORACLE,1bbf5860f50c3f86cac67cfceb7999cfcb19f508d811093db1b3efa2521d2e62,e19f3267b686209de1cf951ceea37285414fa9f3e7b97d106fc45ede05427b90,b12c5e067c438f0c00e2a9ed126b0045afbf2f7cc28e79a85a76d2125383af60,3a209f0c3184659ea00911a91963941a00d2ab0474b01cdbebef2067d28ac67f,1d71723222f034427b1f9e2e429c613bb011e7e206ce4d0c8bb81d9ae0b3095b,e7cfb6b1ffd083ee01907f294264582b6bf728ac02dd1d1594afa2da03c49ff9,944670c02e3b43ccf38544ad960cac8ef67a3ef77cb80414025823cd3f720476,50e539d19a405a387e20ecc5c1700342721b8f3430d6663d0c13bc632039de7b,HMAC-SHA256-DEMO,AUDIT-2026-05-STEP3
100,89c32dd71df6a3c69e90f84b,2026-05-27T21:40:00Z,REQ-000100,86505bfb457a23f7a0108287,STATE_03_DIST_01_PS_01,f38571fab98970e83b278f4c,escalate,ESCALATE_SEALED_RECORD_REVIEW_REQUIRED,P-2026-05-STEP2-ORACLE,a3a46ae8723ce158a805074b4daeac23a33f6ced57e00b9ceb6667a4836aabee,42619bf47b173f529b2879b07b408adb1000777271b2988558a1f4a3707df99d,8c4453e345e3a4ed969c81c2009b5ea5785fb9f3b1c3728774466414ad2e08aa,7a83fcead29550273a1a2eff8d5fdeda87a5800ce51b5e02fadd54e3e8b21296,30d16dbd1fecd5cf02ae974b3af810c44da7bdf260c6d70409327f0d656eefd5,944670c02e3b43ccf38544ad960cac8ef67a3ef77cb80414025823cd3f720476,9cd7525875206e5b7d8fcb8db469b1f54d86c470be82f24492352f086e6b9f1a,716972a542f2c139eda8768a177fb09e48b37b4b9d8572953608fc6aa6d9bc72,HMAC-SHA256-DEMO,AUDIT-2026-05-STEP3
101,b34d5ff3d5bfd07caa2a6ccf,2026-05-27T11:47:00Z,REQ-000101,4718492e22f05239e76383dd,STATE_01_DIST_01_PS_01,3d33aeac9a024f9da6d7ccf9,deny,DENY_SEALED_RECORD_WITHOUT_COURT_CONTEXT,P-2026-05-STEP2-ORACLE,5c7537179f8b742281f370bed3e69698d398488ba5cf18647d06825f7e77bce9,2d9199d8990bd80f002bd8e587705cc062729f05a6649ff3af498fc30fda4535,8270fb8ff82eb14b15e3a498b1a730b285796410d07f24a30ecd5f328e0191c4,e8b2ef0931b75347172bdada52b7a16aa1c797684f5a24de3f0e02645d1c24c2,320f98c3b300124f611e1df34dec3597822b6c90a0c93364ba257a5b801a87d0,9cd7525875206e5b7d8fcb8db469b1f54d86c470be82f24492352f086e6b9f1a,ae03b8c18415115cd713a0d35be6ff786fa1f4dd8f10516fc1091f890c72b842,7d5dc945a96f094fd3f41f713a3a9eb5e08ea0c368b38ffc4546a9a31a0b51ef,HMAC-SHA256-DEMO,AUDIT-2026-05-STEP3
102,b60e6b9be8c7fcf98e5f48e6,2026-05-28T03:12:00Z,REQ-000102,934e26f772b73b1d824939e2,STATE_02_DIST_01_PS_01,865e1a4e9bd8f6f99acdf7fe,deny,DENY_SEALED_RECORD_WITHOUT_COURT_CONTEXT,P-2026-05-STEP2-ORACLE,3c228dd2cf77303b1d85f4d98738c1861dd0a069579a0c6c900f33c11f8b74c3,65bebc9cd51e9b5c9709b1492c40ad3846f54127ccdc29afbbd06fd38cbe5424,c695b37ba79819cd84d0a3b21fa3f1f5411d52a51ed6627aa72e15efbd1f3112,e2a73ffb06bdd58634d8e3225c2308188f16861e7cd1300998a320d36f1d7c33,bd9aa891a04a4fcff1860e059b63f958f25856f91475cdbf6297131edc47a429,ae03b8c18415115cd713a0d35be6ff786fa1f4dd8f10516fc1091f890c72b842,ed6fafaba5854bf4be504ab9cfa3a885afe93ccc280da7e9c9d4ff85c8b82537,4c4f54bb0b9c40b77a315840072dd00a83f9b6f954403624b7e0d92ed4ea4a3f,HMAC-SHA256-DEMO,AUDIT-2026-05-STEP3
103,156d92c00d78eeaf5f9baf0d,2026-05-27T03:26:00Z,REQ-000103,80474f2be101fe342f3d27b8,STATE_01_DIST_04_PS_03,00fe5fb5f78e8a6e10ed89ea,deny,DENY_EXPIRED_APPROVAL_TOKEN,P-2026-05-STEP2-ORACLE,37de5723ccc41af3755bce1546909a93f18039e5ac0ff9f60b47e904f6fcaf16,4e8dfcdb79c82f42e7177f4a457335cd8db4bf226e590faf85dd029019effa88,fb2665def04c8d5038a290e9f9fe5329a6d4299c90f19178401de5e65fa64b65,5503e202b4102b75576a50da3bbcae6dc7b54d2452513826d8bd3e937cc649f4,2bb03c1b0a0c1a00a7e109e7262eb05c5c82d0d4bf508e372cc6597ead44be58,ed6fafaba5854bf4be504ab9cfa3a885afe93ccc280da7e9c9d4ff85c8b82537,70378fb51bc730fc70ebee14bfb2594627aaaa5ba0b9f45371dc59a829722bb5,544251ec6202b0dcabf0dd51bc5c9107fffb9614ffbb34883d95f357fa5d99a4,HMAC-SHA256-DEMO,AUDIT-2026-05-STEP3
104,f0bb6054daeb1c454aa2fe90,2026-05-27T08:40:00Z,REQ-000104,3d55943653d0579351b1bb1c,STATE_03_DIST_03_PS_02,c54e9a5030ced1940176de55,escalate,ESCALATE_CROSS_JURISDICTION_SENSITIVE_RECORD,P-2026-05-STEP2-ORACLE,90a8e7d953fa58d9128604d49b99ff8fc2e4211815aa96f0df3cdfea843c8fef,1ffd53a0e9772a7b581507795171aa4391b9cee3c0d1cc2ff9b9afa4428f9c06,f2ddbbdd32803a0dd024c6ca3d42b504f09f72b0c6c51fdadcb97abb904e7d3b,36f932f387fae32a5ca6f23ed67c90629634b3043bc517d2fc2894d921c5a4cd,c91cbddc2a81cff2a6e283c9413d9e1d0e9b30789aa844de2a03b3b54e0714f2,70378fb51bc730fc70ebee14bfb2594627aaaa5ba0b9f45371dc59a829722bb5,bec4e7776b802f1b909dc7d2860325b9b48903b60335e9df52992b8d5057eecc,c2d834a1b2200d81da2fa8111c05c9b65468375f7520489eec30166f5ea0cc3e,HMAC-SHA256-DEMO,AUDIT-2026-05-STEP3
105,7f3d95e1f0ddee94d8898880,2026-05-27T05:15:00Z,REQ-000105,2747b4371f8a7719020e45ce,STATE_02_DIST_03_PS_03,34b421fa7c4bcf173b3fb1b8,escalate,ESCALATE_PRIVACY_SENSITIVE_RECORD,P-2026-05-STEP2-ORACLE,8e11ce13c9565c233803f7239b3a72ce7187d0013013f4ff32614ca47432ac41,34a27a0c7e688f11c98c52f269e61265f6d2bf2eaf83107dddd4b902dd3309e7,05a737234faa8270d10aa11f59b2ec0aa2cf64080d0b96cf6e7cbd9b59169e44,88dea6a3f5fe2d8c260809c7d9e9ba319062c2d41e347d6eb3d79e1ab2b7c478,7822eee4994195c88abc90c660d2c899d5a65639f4dbc4cde7adfa68a01f4ec9,bec4e7776b802f1b909dc7d2860325b9b48903b60335e9df52992b8d5057eecc,3a41a5d7a9311dac676302ea132981781e79bae0fc997cf0f961d8f51fddc2b2,f2a0f706813fcbd0f1ed375cd86a7b2c3e505b5d213fdab2dae9b2f5a1709c99,HMAC-SHA256-DEMO,AUDIT-2026-05-STEP3
106,426adb6f56291a4ecba28dc6,2026-05-27T03:32:00Z,REQ-000106,b4d11e5f08de15f8b7a05319,STATE_01_DIST_04_PS_02,f79dddd63956765ac2f5649f,escalate,ESCALATE_PRIVACY_SENSITIVE_RECORD,P-2026-05-STEP2-ORACLE,1be370bdaa9fde32518fb235d9de511bf4f256ac10518037352cb5d7cb508753,a9a384235638194311e2a09c20f9f6a73bf1d0d69dba02610282b7a2b563c8fb,e8e3cc09efd89694e861e8d737446181ba48e4aeb0e826ed5b7c205ab80d6e6d,fcdd98377d6c5e10ac0f08cbc8f3b5a72c6eb03e09187162b3073ace9bf069fe,94146303fa809b9dda09465eeeb14d832d9d909ac53d817654f172bd02a0beda,3a41a5d7a9311dac676302ea132981781e79bae0fc997cf0f961d8f51fddc2b2,0625f4d39e898b5ba988b039dd48368382c4ffa3cee4f65c21548916bd1b3bdc,f738449ff7f53f5522c2b316e2c2f9c6715073dd7bf651bd95487de7a4688216,HMAC-SHA256-DEMO,AUDIT-2026-05-STEP3
107,9fce96cbb7a309ba2991555b,2026-05-27T08:55:00Z,REQ-000107,f7c9b924c136028c31a62c8c,STATE_01_DIST_03_PS_01,95272f463d03a2186ae00bc6,deny,DENY_EXPIRED_APPROVAL_TOKEN,P-2026-05-STEP2-ORACLE,c452feca6f8219a338b5cc1cea3050f768eba118452fb84256cc9f78a7ec0315,229cf5be69607be5ec5d3a2dc6443ba880e4d56e6e63be0eaba6fc74f3441af3,6f2b43d32e264a01b8f2562df6e4101a63cc33e0b00ad0bcdbe4353fa6d8dc72,992d643df0e3f7de8fefb8ca22d98938d9c496d7349f64cdb92257607249c7a0,56591863739f495a8cfbe4a882ad98647b25a335d0c24e9750666343d3c288cb,0625f4d39e898b5ba988b039dd48368382c4ffa3cee4f65c21548916bd1b3bdc,9cad77ed8bd2535fb2e67fbd560cace1d648de48400d1b20202d06013d292000,16b8f357d8e0af5ffad160431b73d8b8142757b8d0c7f1367935df8ad884d049,HMAC-SHA256-DEMO,AUDIT-2026-05-STEP3
108,b807e50e1426892ae27a16b0,2026-05-27T07:12:00Z,REQ-000108,12eb6ff70063628bed70540f,STATE_01_DIST_02_PS_01,2f09515fb47c95c60bae3db1,deny,DENY_STALE_CASE_ASSIGNMENT,P-2026-05-STEP2-ORACLE,e2dc71d6fdbf43f685efb67393acbd00c45dd3d80d30f56e9b5acea08ad032da,eadd67f291a87cf4cc861cec59f95f1635ae50750598176cf07b43fcae5b4f40,2645380a800aea5aefe90b7d4198e37968d0f4518c857fb68085674eeb169d87,e9da8eb7d26e75cf328250eec3e1c5746d8170a4d14186a16a122cde1319e6c2,ce16578f463641742983fe15a049f18ec9d1b7ebbf0b6519cdda8587f2679333,9cad77ed8bd2535fb2e67fbd560cace1d648de48400d1b20202d06013d292000,aa16485c678ab573013ba969f879fba7475d288fed1416bcebf689e0aeca6bcf,bdbedb6773f3653a9e053578c0b40088f3eb478dc49b5712095b11917339509c,HMAC-SHA256-DEMO,AUDIT-2026-05-STEP3
109,92ff84afd4be83bdcb6dea78,2026-05-27T19:59:00Z,REQ-000109,a2884bcebf8616c20bdb4688,STATE_02_DIST_02_PS_03,9169482ae7cab0166b265e60,deny,DENY_EXPIRED_APPROVAL_TOKEN,P-2026-05-STEP2-ORACLE,01748673c20bc2a5a925edebd9fbb97ddfc6052f94c498afbc6f09835d72994e,b3bc851822fbe537a5570caf445a4a0a6ad26f49fb944a3733adaa763f354f65,37d4fe12fbf91d18ecd712507f094247e8807897f723e1881e473b71811b0306,79ad84a35024d2cb29291e91346e40cefa33d4a967e1ed3819fdf034b2737c34,2261d35c98dd9fd6d8f8c3d3f3caaa77f2a6e9b0bf8ca0cabd28204bcc54705e,aa16485c678ab573013ba969f879fba7475d288fed1416bcebf689e0aeca6bcf,e625f63dca16343fa28710f52105fbae4502adb05d288d10a3870bf7c618b598,170d1a7b1d6836db274e9df4e992886cff82ad10ff673fd579e04cdd9ebb18f8,HMAC-SHA256-DEMO,AUDIT-2026-05-STEP3
110,271e4cc68a32d37b52524764,2026-05-27T07:20:00Z,REQ-000110,8d450ebb6d2a4135d240f974,STATE_03_DIST_03_PS_01,d7a80c935b5e982d9aa6d398,deny,DENY_SEALED_RECORD_WITHOUT_COURT_CONTEXT,P-2026-05-STEP2-ORACLE,1642287a0a41e59e0221059e02c06998f980295ea6bf9da789545831958cae42,173199c6d41756082463b31e1b3d7b8828d962ccb4fde120baecaae60d841f80,06e00791c789c8b0b07d52491e172752a1524df80085b656db20dfce08d83963,279fa76a9ae2b726c9ed8d7d98b2771ef6488f08d5a1397a3582b85170b13e34,aba0de46c9cdfa731682705fc0c8eaa6b2f790fd087046a46f4ca145781315ce,e625f63dca16343fa28710f52105fbae4502adb05d288d10a3870bf7c618b598,77565c75cef089b4d8adecd4c0ff6a63468a69ef56fff93d08470ffb66371d5c,c146ad0efc71695764435b5a3a13c052b887e0b2256ab95e4a8887c5d16a96d4,HMAC-SHA256-DEMO,AUDIT-2026-05-STEP3
111,0ec96a4302c22365f69d9161,2026-05-27T07:24:00Z,REQ-000111,2e90133c615ae26c343ba035,STATE_03_DIST_01_PS_02,3f9f59a761f0bb3750c122f1,deny,DENY_SEALED_RECORD_WITHOUT_COURT_CONTEXT,P-2026-05-STEP2-ORACLE,170af18522bfb957dcc5c3c71e6f861288846b331bef4fec47aa22037795c879,3520d5f6275421be6f64c9291f4a7fb32e03d6808dd11b8b01f7fab589f5b3ba,ed689729ce7155b46a90a81d0379ae4e98c174d4fbf5f57e38a40a2d50d548c6,aaef9f4b6f5f6f1dbfd260f1b6aa80746c142d4a044a1f1b902baa15d6bacdfe,cd86b8e7388a043fdf85fecfd6d2508fffaea531feb277f15d5962b04d107813,77565c75cef089b4d8adecd4c0ff6a63468a69ef56fff93d08470ffb66371d5c,31000df51b1097db470cd5bb4a4be42d7d481ab22b3a29a2b01c350f9cb8e567,3e519085793b57c3c5709a9fc4cca02dac8f2778f625c3c00f9929cbf638b88d,HMAC-SHA256-DEMO,AUDIT-2026-05-STEP3
112,457b854909751106b626b9b3,2026-05-28T07:44:00Z,REQ-000112,3344e545d464730d22df7101,STATE_03_DIST_02_PS_02,abfd23e434f0f6d490ebb742,escalate,ESCALATE_PRIVACY_SENSITIVE_RECORD,P-2026-05-STEP2-ORACLE,fccdb9c82c96ab9d72f8f6ca6c125f1d489634d275fe6c6bfbbc6c2554c083dc,27cd76a3d7010d0cdd28f5c4280ac2815b8e49cf6ddb35f96edf36b359fcce0e,11e82c8d614dcea666dee3e439f9a5e763d6be6a4b187175102bc3e98dd180f1,655052c83ebe819102d22c5c5bd371a09da3acedd4b74bc2706347fdcabdf079,8358a4eb19b04b2b9055ab7aa3ac09361b90dc1e6d401da5b6ee22ff6781d90e,31000df51b1097db470cd5bb4a4be42d7d481ab22b3a29a2b01c350f9cb8e567,60c60daf25ed3d74658a19cec9828dc03b61235709aee4ad9449f54ba8508a7f,cc2172bdd227642d167c5f83c78f9ad032743581ab566e4f4e385d2d507a22e0,HMAC-SHA256-DEMO,AUDIT-2026-05-STEP3
113,784c084383a07f43a5bdc323,2026-05-28T08:01:00Z,REQ-000113,3d55943653d0579351b1bb1c,STATE_03_DIST_03_PS_02,b4258e3f240db05e85d23c50,deny,DENY_STALE_CASE_ASSIGNMENT,P-2026-05-STEP2-ORACLE,f78f83abce68f34813fe2f28170d92e26f1d6b25071f9dca1390019e3a0ba64c,896113e3d6e3e1e57393b24fbcd027358d61054fa20e674d58bfcc8a21941b18,ba57accb16e35341c9a32458fc95c7b3a09b433cd722346572f14b09b55754b6,5d0d97723b8fd7f6fa006509f935a154d5318ec1f59aa5150995cb9ef3257342,58f834023d3c0a1613fc5cb3f93abb291b5c12a7b97623cb82a8d41177485809,60c60daf25ed3d74658a19cec9828dc03b61235709aee4ad9449f54ba8508a7f,3a5c9c4e7b298057b14d0d3cb7de6c1a6e6cfde8f1f25cac95cb713ac1d2d431,cefac45ed0d4deb69520a13c9720305da99c6f45de8ddfb7ec1822018ee2db0e,HMAC-SHA256-DEMO,AUDIT-2026-05-STEP3
114,f051373cd5eaf2f3338819a6,2026-05-27T15:12:00Z,REQ-000114,3cc947c5caadabb45a541b46,STATE_03_DIST_03_PS_02,e850584f79208f7544c625c3,escalate,ESCALATE_PRIVACY_SENSITIVE_RECORD,P-2026-05-STEP2-ORACLE,251d4759cb5ea64e01608ad5d967fa63b093ab95638273c7f2e69491ee7e4aa7,45f943c74513f319e6da55923fb6d8d85648aff2a634f2865d76b5e15ccc9e13,1c65654d566631431cafe1f996b0cfd39104ec0f65ee131866ccae3d59f02fdd,9e3cb47d41aed673191e08a92f4be5c07b8f0d8e16129b15cd03177a970ba2e8,d92d4267b65aef7938ccc2b758a5416a3884381f89b41942d373e1afcd68b24e,3a5c9c4e7b298057b14d0d3cb7de6c1a6e6cfde8f1f25cac95cb713ac1d2d431,b43ce7d83116f89ebd89eb78b720d92f0de4b96c2aa42af7e1412dc7880a90e7,d9d1693f9a92f4672b9418dd7349cb661ed187719b54a44c4cdcf70ed81f74d3,HMAC-SHA256-DEMO,AUDIT-2026-05-STEP3
115,1bb0812944800454f95bb490,2026-05-27T21:05:00Z,REQ-000115,0c324b29f9a967adb599bde0,STATE_01_DIST_03_PS_01,47aeace697fdef02cf20af38,deny,DENY_TRAINING_PURPOSE_FOR_SENSITIVE_RECORD,P-2026-05-STEP2-ORACLE,2932adb3bf5eb0d6a250bb56d98b8a73738ddd0252294f62779fa0bdd6d9f54c,6a5848082b806b6ed2a74c92404137e6a18ae3b1eb79c601af31b2127ee1b237,032c66b09eaa2e674a505a8331aa2ea43b82e0aa12beb918746fca3879f506dd,220479ea2e1a8c7e78f45f0a02bfbabb2d2269b7aa6d3f7c5cac3f2344181bc3,73610e89b9a591c2f87ca73113bfa417a9f73d77b78cf3522482746919463566,b43ce7d83116f89ebd89eb78b720d92f0de4b96c2aa42af7e1412dc7880a90e7,5debfe0b282307b470c64297f76764cfde2ef3938f6b5acecf5f13592f8c0d91,af90678f8cb3b23506e345061b1a80d9be81fe6516f8897c76f31a59fa6194f5,HMAC-SHA256-DEMO,AUDIT-2026-05-STEP3
116,6ff4d631d5f1dc4fd03c8a56,2026-05-27T11:36:00Z,REQ-000116,8e0a9feb90e3ea8a4997b70d,STATE_02_DIST_02_PS_01,e114683a25bff76e8e848d9c,deny,DENY_STALE_CASE_ASSIGNMENT,P-2026-05-STEP2-ORACLE,4823cff5964c0f76c2dbb8e5cca87f09ee63f1dc7f040b49cbb0aee54222ae8f,0a49ec4b6ec11f9e03d31b3fb57269c9d96cbcbfe23e79573be6596279fc5ac3,334f386128dec918987e9c56527fdbeb7bf2cb05538f20dc573a24e06c7b543d,a6b587bb0b217320975fa6e8425dbfc10d5e5ff7c24436a9410e2216669d51b4,c6fbf894cd5c1c047de50172cd2c632480fb4095b5f4bab68ac7711892c3dcc1,5debfe0b282307b470c64297f76764cfde2ef3938f6b5acecf5f13592f8c0d91,95c2b141803a7bb3f17e66e85f88937830d95e9dba573c5e63c3821dded67e5b,1cbdd29ba73c5432e2279d20b89f4e800cac4c63ae5501c4ff4daa88ba847a31,HMAC-SHA256-DEMO,AUDIT-2026-05-STEP3
117,ca5cc2cf5fafce21f4b98798,2026-05-27T03:54:00Z,REQ-000117,6734000e8363d6ae298dddfd,STATE_03_DIST_03_PS_03,05b4283d2353c06c08b8622c,deny,DENY_INACTIVE_CREDENTIAL,P-2026-05-STEP2-ORACLE,cb42ca910c413f2df936ee2335bd7ac3b1ab2f8bdfaf508b205ba15659d40fc1,827defa08391a47afbb85c858783536184f4b8da011346f0804e28be39485e7b,df0da7e22ca52ab0ca5c818b3bf8c92abb390df87416bc05c406f107964dccb4,0bb79e92629d5d9c803efb24155afbe4d0ed47f24fcd6d0a9136fa23b5b9b43e,58ff6548dae57a7630f9b9791045cf3336177b9aff6f249d51697c64b876756e,95c2b141803a7bb3f17e66e85f88937830d95e9dba573c5e63c3821dded67e5b,69ab5f7d7e7c1ae4fe4597b47d2c7fa024caa4d7fc45b3966ce7cd61f47b39b1,9676e269b8916a11d34b22fead33d7d66b4a6bba9cdae5a4e0f0832b532882dc,HMAC-SHA256-DEMO,AUDIT-2026-05-STEP3
118,ed817764906d8bb2f241b946,2026-05-28T09:26:00Z,REQ-000118,b0f05da9786602e3afcbd606,STATE_01_DIST_03_PS_02,3280828e601e84ca37579d0f,allow,ALLOW_ROUTINE_CONTEXTUAL_ACCESS,P-2026-05-STEP2-ORACLE,fc2ff394cfcbbac47c4445903c08ef2ef31693aab48857acc4aa946681749268,980a1a7912e4773ae8dc5dc94d37780348c2cdb43ea4dad041e453f60f197b0b,49f768620ea9279f06e2896d7675b0836301fb40bcdd6767932875891ae44fa4,b83c516b98110b3d4876f7bea3e6d80842619d883ad85864d0666304eb12eb1c,9cb1da9cf73efbe5d975a8b333fd9e0e270c91d6fd01126588b8a33fda8e9b5d,69ab5f7d7e7c1ae4fe4597b47d2c7fa024caa4d7fc45b3966ce7cd61f47b39b1,9f126fbb83569f3a570879dafb82ef13d40ce44366e0be3a6c9c5b1aa1b9bf12,5d79852b3f0400ba00cd96895bcbe1d2f95925cf5785c6eec82d27ef91158ecd,HMAC-SHA256-DEMO,AUDIT-2026-05-STEP3
119,f7425f38300d1d97b223b742,2026-05-27T09:55:00Z,REQ-000119,b20f60775fe6a25591c31932,STATE_01_DIST_03_PS_02,e1bedec8993c859386b91f05,escalate,ESCALATE_CROSS_JURISDICTION_SENSITIVE_RECORD,P-2026-05-STEP2-ORACLE,a0c6ce1b13421b2a94fc1874511368faab35a88bb228f564947b8ecaf8cb80c4,c4ac18a9c80b428a9a643ca17c88887ebf0033521897a15eaf7a4ebe56e416ff,d769a9c06a7d7eb8c5cccee8018cdcc3c03937b2540892aa338088c78b4cb858,43b1245191fed418d2caeadc4d661873308df58ff691ff89d29d7af9feb8ec4e,9a44a0ffb5c4fb8f4a76a216c15173a776b6ec8b0263f72350a824c3a926a419,9f126fbb83569f3a570879dafb82ef13d40ce44366e0be3a6c9c5b1aa1b9bf12,f4895296af855d2998a7b1fc556a3ac71519322bbc874f1e04566158da459d89,a17a0531546a6e9a2fb8e040bf56e9db93fca7b3d80132be4a12b995c4959eb0,HMAC-SHA256-DEMO,AUDIT-2026-05-STEP3
120,0bc3fa59843047c3ba3cda62,2026-05-27T20:00:00Z,REQ-000120,8287968c0e33f42b2e380e47,STATE_03_DIST_04_PS_01,25579b73e0cca8193764a119,escalate,ESCALATE_PRIVACY_SENSITIVE_RECORD,P-2026-05-STEP2-ORACLE,4b56174a30a3f9e821602ad9f4bf43f726397bf3a3ef8795d95971a97101275d,4a153f7d63e32a270b90459373e49edb44ecbadc906086d96b159d9a8531c654,9df7ffd16bbb7679fbcafbe0ed89ce7988db101c068834922f2d0de8e36827b1,29ecef2fc57dca6ea4cb99965a73b2299824ffb76c031ea139eba9b862ba3daa,79ac75bf7a99479ed9dc47377c9a46248819638a61bf9dda06a9532bbfad492e,f4895296af855d2998a7b1fc556a3ac71519322bbc874f1e04566158da459d89,5bd8bf01dc2da61a9655e47daa60607b86807c2936bd08183026ff86b942ea17,18c37721fd6ecd684746b2cb5cc58e3330718500518d028f5815d773eae4a693,HMAC-SHA256-DEMO,AUDIT-2026-05-STEP3
121,41fe6a716ab8e5d36d9faf44,2026-05-27T16:08:00Z,REQ-000121,69b61a8c9ab3b270d0f7db2e,STATE_02_DIST_04_PS_01,b4476e72e12a7120e87a4bfb,deny,DENY_EXPIRED_APPROVAL_TOKEN,P-2026-05-STEP2-ORACLE,6f6a5de3c6bab56878f68e79a4200cca22ea4eb21a1bbe1105c10e4b09f01d2e,706f66e655d7bcd559191d37b3180f08cd803e405df4deb965dcfe4c695c6e4d,237e05e0cdddc5ac756a145be7347fe435aaa95f62efae986d185c58aee018d3,87adf7a1536eae5087fdbabcd1eb1459fffc0e5d905be2e244ba7c208ba086de,771509a486942eacb26aa291b2577cf25205165923d992952890903ffd1c6eef,5bd8bf01dc2da61a9655e47daa60607b86807c2936bd08183026ff86b942ea17,d9b9b8bb155ee1cb001dc29bac084ae8697fdde31198f445133bdf7da1bf486c,76b91b4c196468f435340b847655ff43f8e4856856768e72616b1bf082f6b05c,HMAC-SHA256-DEMO,AUDIT-2026-05-STEP3
122,52e554d3d3dc5b2cb93b04b5,2026-05-28T04:28:00Z,REQ-000122,6734000e8363d6ae298dddfd,STATE_03_DIST_03_PS_03,48b92ff9ac1a24972931331f,deny,DENY_INACTIVE_CREDENTIAL,P-2026-05-STEP2-ORACLE,7d7698a6c2849474b9939ec6011651d86f2e33e2d08392f736470e70f32c64e1,abb68d7f89210ab306dd3069073e21f2ac683e113cc42fa0ecaaea5013f7a1dc,7afc379316e66f8497424592b1f991c7381432bd67759619b4a5da4358118ed2,34e7f92731ff10167d050bcd57b92a14f42e25710241a8c9fbdb97e777b7ddf5,f7a32cf1636b99115657ee87aa6bd10a2092d0825f7a4396e0906e399d62e246,d9b9b8bb155ee1cb001dc29bac084ae8697fdde31198f445133bdf7da1bf486c,c1f06f6a22d73431bac0746a566053c62ea461bcee8226ad809a48e1aa27cd54,8323b54b0cd00083f8cba93d3c1a0185d3d58253bc7a9f0c5c1458b344ae9103,HMAC-SHA256-DEMO,AUDIT-2026-05-STEP3
123,70b97a99f6caec58fb425cb4,2026-05-27T04:06:00Z,REQ-000123,1abb810c99dd60558b095f4d,STATE_02_DIST_03_PS_02,de8ed503b092aff04a4f6676,deny,DENY_SEALED_RECORD_WITHOUT_COURT_CONTEXT,P-2026-05-STEP2-ORACLE,0ad742f38321b4b15152ddb58e33c1cabd2f3b2f278c4765c96ad2458f5a1d52,b30c2d305647d7331e8e7a3c46d6800404ba80c9ad310c6c376d4dfcec44ed4c,3ef343d536b022fb487aff4c9fd3cf1baca4e6ea86ffcc476b34a48341017630,9249790e202306dc9ab02c03e3171044914b64668e58115250173b75869cb369,320d2b672d8497925bbcb12be6b2c05520bb2ef1fbe925c28bcc505ad8d480da,c1f06f6a22d73431bac0746a566053c62ea461bcee8226ad809a48e1aa27cd54,3a649cfaeeed8c52907f26cf658b76c2db620bd4a8716c480072f77d2c95ee0b,f7b1d65a77905b2e50f27cae83c23fc38eb745d73a32b9506a1bc4bf8bbd0337,HMAC-SHA256-DEMO,AUDIT-2026-05-STEP3
124,abfe0f408651e7063d89674e,2026-05-27T18:36:00Z,REQ-000124,e35d3d5ab37a57023a757cf4,STATE_03_DIST_04_PS_02,092c1f9963d0656d1838f128,escalate,ESCALATE_CROSS_JURISDICTION_SENSITIVE_RECORD,P-2026-05-STEP2-ORACLE,ff36f327bb808737c4c89d5ca97f993479e78b68c8f552d64f81335f3d2f5ce3,2ee2e5267b11508f222ab314046dfc638bc1de11a9b0cf698f4c0638eabf4aee,b34cfa1e4d2a33657a58684042b51797c8f9297f5fe693eeed8355c76f8a0d80,cfd71535e0741edd05f93b8ad93590ec186bec45534f931a3f1e80d7f1aa4b96,a520c4e3fceda836b10674d96e88a6be4e3f7a5a5b08e4f834bedbabd853055a,3a649cfaeeed8c52907f26cf658b76c2db620bd4a8716c480072f77d2c95ee0b,e674661f6fa7e3e2b5ee805ae4bbf088dca570f0f586774bc0666c8321ebae22,81f34f7188aa54a6af773c68d412ea8f9737e0f8c4e69707b79d27dd876486ac,HMAC-SHA256-DEMO,AUDIT-2026-05-STEP3
125,3a6115ae8af4060ce296fabf,2026-05-28T03:05:00Z,REQ-000125,88db5c4f1341722984d72ca6,STATE_03_DIST_01_PS_02,2b5ed92b73d41d7d7ad6f4ce,escalate,ESCALATE_PRIVACY_SENSITIVE_RECORD,P-2026-05-STEP2-ORACLE,56de0379ef40901e36b63299748991f82bf3af0f27d38ff5c2ad878603aadd98,c51789454c8e8b7f068c91460b2c9fc911a25b113e5e0e3783e8d39211273530,177696554e774b149d7fb73677580945d2aa9eee0254ba02d617a8d9b0f67525,ca0198c99eb03848e753dd37c8a07fe0cba3fb73e215c72f0cc4b48f9c6f4f75,b962186039143beb9cc073a08c4c5503e893591a98a47f30f6fd8453d913bec6,e674661f6fa7e3e2b5ee805ae4bbf088dca570f0f586774bc0666c8321ebae22,889d7ed64bd890a5b3193495d6d610bb8a0ad1eb9da51ffd7d4673370763f42a,dde385304873892514999a4c4182bdaa68439e0648a4dbae83652f4ea23e9c4c,HMAC-SHA256-DEMO,AUDIT-2026-05-STEP3
126,28e110d3193d05334234ba16,2026-05-28T01:12:00Z,REQ-000126,90e9de18363ee212ab55f392,STATE_01_DIST_02_PS_01,681b4f93de08437e40966100,escalate,ESCALATE_PRIVACY_SENSITIVE_RECORD,P-2026-05-STEP2-ORACLE,3d7727951da4e835b23b6e7082c98bbf9803291e3aa313bfa3877722c80c4c34,c2608ce88ead3f3acc699368404e62ce329feda7216b3565fd33b47d9d883786,14cf990b170a2f3f537e6cee3e352ccbd45452302b0dc206c91576fec76ca044,32f5b2d6883a43afdb253b35d5f34dc157f1c23fb5df47c66e1917c5c6c1c352,ae8ccc291740c83c3fe2262d68a9af264fdb176167cb61ab5f8e1008e161826f,889d7ed64bd890a5b3193495d6d610bb8a0ad1eb9da51ffd7d4673370763f42a,ae524b03a24be6afef7de0d95b2f2dab9d4426a367b0a49a0a7b037846923ac0,205c6cb9723d197ba562865be0668d736e2163001fda5cc7c7302de2c55b5f05,HMAC-SHA256-DEMO,AUDIT-2026-05-STEP3
127,34ee0ac0c9e4f770fce0250a,2026-05-27T14:49:00Z,REQ-000127,100ec956e3b5dce60e3db6a6,STATE_01_DIST_01_PS_02,2f78e1f4884ee0d4cf5e7c7f,deny,DENY_INACTIVE_CREDENTIAL,P-2026-05-STEP2-ORACLE,cef29c21a882997c12630b431091efa3028d5ec2411f0d50f811262b9abbaffc,ad8d1c94cf00d949850f9151f86b6c5be6e75e44ac7e98ff0e616c038fd4b9d2,9aaad66e6a9d7c07e66c6950bc2cf36ea00494eedf8598cd6ff8b2efcc91416d,6b52d63ce5cb605d5f03c167171083f4dbe0853c0a1f026eaf45d6f5d59cc9bf,1e2347be6d7b488b74f9b5b5f0f4d883ea41b2b64fc6007b317ec81d32a99b42,ae524b03a24be6afef7de0d95b2f2dab9d4426a367b0a49a0a7b037846923ac0,daba68490aaa098dedf2f15cace3d047fc1d9c2481dd20eb3353be2f20649818,9c64d0b6016082e057aa24dc2f33eab151ffe010c0e1b43d3ad6858bcc55adce,HMAC-SHA256-DEMO,AUDIT-2026-05-STEP3
128,8b027db335d14f12bc0b9978,2026-05-27T14:56:00Z,REQ-000128,4b271c3dc209eac61d05dd4f,STATE_01_DIST_01_PS_01,fd3d5cc99a32a0d7670df06b,allow,ALLOW_ROUTINE_CONTEXTUAL_ACCESS,P-2026-05-STEP2-ORACLE,eb16a0dc23a895f83f11e083dcb9fd58f9aa37c7b4a09f63063691cdeaf19a18,6250664c4672be63219467f6cdbe4fd0ff16f4c042cb3cac5aff23e2285097c0,43b8f1b79d018b3ee89c7ff534525cb9c75553a27913a9545f9c6b08bde082ee,a2cee323b9c5374afba5fd16e82e0799d66bd5bb3b878e17ddb0ff82bddc76fb,4f9b29a30d2cbd82c88cdb5631b499d9282fb180df78be40b0e8ac216f5b1131,daba68490aaa098dedf2f15cace3d047fc1d9c2481dd20eb3353be2f20649818,2a5b211180cbeb9c031edb51fc75a09d973e710dfe94d17f60007779ac41fcb3,6e9db9f01dd410d95057456e8ccab87d91088aaf4bfa4ab3d8047be96e3da463,HMAC-SHA256-DEMO,AUDIT-2026-05-STEP3
129,7ce4d5c3ac8edca00f2e1ffa,2026-05-27T06:27:00Z,REQ-000129,fad5d40018942c6b0ef2d75c,STATE_01_DIST_03_PS_02,b1cba9b450fb8d5bb630c5a5,escalate,ESCALATE_PRIVACY_SENSITIVE_RECORD,P-2026-05-STEP2-ORACLE,7d4f4694bda2f466717d20bda6a1c05a28a165e99a9a4f9dd734ae4980f29de6,470aeef2e51af8ed99e317b43e1b430db4b37461c802abedf5f7b5689c6d806b,c58c9dc8a2cc4182585b3375c18b05280fe9aff1e4c5e2a29225ad5188cb0ac6,94c0ce9f7c707507fa1918bdb6eb417bfd0916c2d8a87eeea635239ce063fa6f,2d54cf1101fca3da6943da18e07c03329c8616ee2fa6e78a717bf1df315a4fc8,2a5b211180cbeb9c031edb51fc75a09d973e710dfe94d17f60007779ac41fcb3,b0a5176f7dfd8a2bdad3548ed88f802ec04b93fb07ddd2023370562e5bc15e0b,bad128b3ec907bbd4285865f441b29d651e7b60754c10ad4d4c1a686a3bbb8bb,HMAC-SHA256-DEMO,AUDIT-2026-05-STEP3
130,b126e2c44f8514dcad1cbf68,2026-05-28T12:50:00Z,REQ-000130,61fb1f33fe73b6361966f242,STATE_03_DIST_02_PS_01,36cbeb78e0fd147f27cbda56,deny,DENY_EXPIRED_APPROVAL_TOKEN,P-2026-05-STEP2-ORACLE,4b145e81b9f746480f286b8ab1ceebf43b16e96790cdc4ca02f16a5741a5b94f,f3f929c89796a31b8b62c858c4498bb1a0e7abbebf9ac65ba6f60adc4d67e669,0baedb2e254956c8149cf80bd72007a80df6c0b8473f475c7954ffca9a81c0bf,56d9f5d7dfa73b3d70fc24846951b38a858f8d18b7d9ca15ca2b70f8af0a53f2,b5c00addce485a136e77e35cb1e1d87cc87aa0e7049035a560d0067c44181399,b0a5176f7dfd8a2bdad3548ed88f802ec04b93fb07ddd2023370562e5bc15e0b,aa9981a015602d284433769e6aecee8b6fd482c79023fac9f7efd97be8bee70c,98ab6f23e98aed47b36c6fc2d17f41cc252e975936ea4606d8b0819a279035ec,HMAC-SHA256-DEMO,AUDIT-2026-05-STEP3
131,d09a83a7ae21b15334ff8c69,2026-05-28T10:56:00Z,REQ-000131,4fe847ab79de841540c7b990,STATE_01_DIST_01_PS_01,fd3d5cc99a32a0d7670df06b,allow,ALLOW_ROUTINE_CONTEXTUAL_ACCESS,P-2026-05-STEP2-ORACLE,d8a2b9811e5fb4917b704db1e7e454e7171e26fa117b73e84160c8d0098626ff,7d868697fd4214e5f591420ec3613d65ba2300edcd007607a9a9b55c970f87d0,cba544950a7c982b896d9b81183ddac3b2893d75852b08d1ddb0b9fd32f05489,60e5b0f4cc57adee06410731f8125008735e6ff218428fa6d38922f936a0eb61,ea8a966f6f9f4cfcd0b6943dc2867500eac2f506b2988244e1582bb3fd9c7b9f,aa9981a015602d284433769e6aecee8b6fd482c79023fac9f7efd97be8bee70c,0a5730252ee532c40d8c3680301df8517e0106a69d40fb0fe71930aa5f2a2da3,1323f74396a5380269c335a2a635e0b9e3f9712e207c6a9431bfa3cfea56b99e,HMAC-SHA256-DEMO,AUDIT-2026-05-STEP3
132,52778e92bb1b977fa785252f,2026-05-28T13:24:00Z,REQ-000132,ad021cf14b60633e375d65f6,STATE_03_DIST_02_PS_01,5a2346d627dc5abc734fab91,escalate,ESCALATE_CROSS_JURISDICTION_SENSITIVE_RECORD,P-2026-05-STEP2-ORACLE,441e2180ecd0ab94e494ef8923df5a60256ff9afb3e932206d146009716ea145,229e3f4f14381ba866d73dd3f8f2dd3c51ab0bcb23fef67b2ed878673c754f9d,a3e0e83b000deebaee9476e18d7d681882bd821965bfa813387a027ae9f8d45f,5385b43c82178e6ab2d4ba98358273f28d937fd91983b494f6a8a005c862f8cf,d64ec6b6d0ce3c24786fe59a8fff65e4ab25fba13fb1febe6d0b2569cf33cfe8,0a5730252ee532c40d8c3680301df8517e0106a69d40fb0fe71930aa5f2a2da3,972c752ed98f289b0370811ad01162611023dfaaeacda156ebf7e206363f158d,79efbdafb5ca8a7134eb0c73598a5b7e6b48e6414d1c3fb238d34e6ce4862e8d,HMAC-SHA256-DEMO,AUDIT-2026-05-STEP3
133,0bebf545c0860a63979c7e44,2026-05-28T04:49:00Z,REQ-000133,d60f48d22e03c3316a18fa6d,STATE_03_DIST_02_PS_01,4ffb3f05d4241456901410f6,deny,DENY_INACTIVE_CREDENTIAL,P-2026-05-STEP2-ORACLE,5a0dcb690dc857c9a61cad30707cd81b1baf87c6629ecc97c702f9c121f3c15c,54326fbe2d5333b64a5513761602d7d902f094fe012ddd469fb14d840cf520b2,dfbd9d5037a59693e76499fffcd9b8320afe768a4e1f970c8b7070e3f0138526,a2bd7339c771c799b659bf8a72c0968cec5491e16130f24e0ba045c9d47f5b6c,50f60011d0ae4d7671ffdb132f456c01380362c619aad3471b7029917731c60c,972c752ed98f289b0370811ad01162611023dfaaeacda156ebf7e206363f158d,c2c3f133fe54f7849807a483df6463ab49a6f45003a59c2faf5b79ec3f8cc11f,a073c37cb38c20c0b00f2eec514df58cb7aa2b6a8b057d2e5448532f98b6ff05,HMAC-SHA256-DEMO,AUDIT-2026-05-STEP3
134,0dbfbd8c9a024fc759a26941,2026-05-28T09:30:00Z,REQ-000134,46ac5b5381ef953a345ce319,STATE_01_DIST_03_PS_01,f918883e0652f9e5806aa095,deny,DENY_EXPIRED_APPROVAL_TOKEN,P-2026-05-STEP2-ORACLE,5af908fb79739c85b23e855dc3d7b98ce10587a51fb2ebb7f698918022dbaf46,ce23f29d46f342fd47c8e4aa95b7260f253d7f3183385927f1d7e13397468648,6e0133e4f18dd69ec39a03e650fbd4373f21dfc927dc9b39396dd378e4940a95,7e658e834203482d6223c3ed291dcdfb3224771dbf9573c4a7764f692b2ec627,c1804f888bf6a013ee67d83709d307d3992be78efbb8697379269611bc45fdfb,c2c3f133fe54f7849807a483df6463ab49a6f45003a59c2faf5b79ec3f8cc11f,0af292e56a69655b2a8694c783f2e8e775437c07431a49d40e44436203c31c26,a3c17a7dadeb3a41de1840223088c5133cf9f08a68416f2006a12f2b6ff5e410,HMAC-SHA256-DEMO,AUDIT-2026-05-STEP3
135,dcc2bec89d42968a31cc1207,2026-05-27T04:30:00Z,REQ-000135,0cef9a18606529b664cb0b3f,STATE_03_DIST_02_PS_02,993302f952e97c82aaeeeeba,deny,DENY_STALE_CASE_ASSIGNMENT,P-2026-05-STEP2-ORACLE,32ca70b3d63019916ee1e31cd7987d3c1cf4e6eebb1768a9df4c258961a09788,61709d1916af4f9cbfa33c4b72327c73a2cb62ee2e0d76b1767dfde9bf56a180,e3e927f326b30b7ee36bc10adccc57369a5fbdbeea0f2d6e381e7676cd4be6de,bd92698f5a8a96f3cba9fb241dc066566395ff6bdb14cf6c4d06d4ec74a35a38,556d12fe299e2af1ffe69054d5c171764586ab61f4bfca8aa331a7eb0e0d0612,0af292e56a69655b2a8694c783f2e8e775437c07431a49d40e44436203c31c26,ed954eb82327e71bba38e593ee9b526b8ab74b05d9baa2f125a6836ea2a9f848,a49be245318e8913d8b7417e510b083a2ccdcebcd45e0891414a4cae11abd0a1,HMAC-SHA256-DEMO,AUDIT-2026-05-STEP3
136,c340480e2d743210bac72798,2026-05-27T09:04:00Z,REQ-000136,1f84d906e82c7901ab98337e,STATE_02_DIST_02_PS_01,95272f463d03a2186ae00bc6,allow,ALLOW_ROUTINE_CONTEXTUAL_ACCESS,P-2026-05-STEP2-ORACLE,d9e594884499997013b243daf342b0c09272c33b116f6a6783109d59cf549c22,b0a222380c423aa454d1763b7b4ca1a33cbe15e597d078912144d7d6eb9e12c4,98a5c20aa2a32d713e0fb7a4213b584c41efa2b7fa38f006ecdbcde57ec7c820,22f8169924547dd5f29c96b4c20681bffad80b6a2458bc17c3f2cb336842ccc4,246da4295603e02bdd2b0e2a6fd4a6b47f3ffd6256a6e1e9b0bf2e625b7c9e63,ed954eb82327e71bba38e593ee9b526b8ab74b05d9baa2f125a6836ea2a9f848,36d7656e46b69521dffb0bcef58079068487add5e01c37d3d82662c1e46408f9,913c75cbc37f162021b468055214ab3296d2cf07ba905eadcab6ddaa12c88375,HMAC-SHA256-DEMO,AUDIT-2026-05-STEP3
137,1034a7894f92353a9d10e384,2026-05-27T18:16:00Z,REQ-000137,910fbfbd952d337d55470015,STATE_03_DIST_02_PS_02,19a7c92363fbe8fe785c9ff8,deny,DENY_INACTIVE_CREDENTIAL,P-2026-05-STEP2-ORACLE,c3ed9a2ea66f1bada470112487249fd977fd1081444c91342117ce52c415f33b,a78f4f818b1d18c08c99b288026f27d5c6b973a7a59c127fd63947fb6e464cf1,4dea6bed0002f13d0559b5961d936a0a803a844f7a7d3e7fd60fd04b742e40eb,793326765b246ad60a4bf66e600b756772676850bb9585880b219ea477397473,b43ebf8fa31453a8ed9411e2cac85e87258a3474080f0cc773c1fd5daf2d4bee,36d7656e46b69521dffb0bcef58079068487add5e01c37d3d82662c1e46408f9,6db730b654f0880fc3ed81e1e05cc2aeeae6772c0345195d03f63b6c89441eeb,9efae1c7b194aa5ea2a7e35fd11657df18921302d2d87c841cadb32180d306c2,HMAC-SHA256-DEMO,AUDIT-2026-05-STEP3
138,9bd078916aaff6d028a7e92a,2026-05-27T13:48:00Z,REQ-000138,100ec956e3b5dce60e3db6a6,STATE_01_DIST_01_PS_02,b1369cfe83c9b50aaaf08c20,deny,DENY_INACTIVE_CREDENTIAL,P-2026-05-STEP2-ORACLE,4ff476f39ed865a82bb170185da444c6028f845a2212d152d5a4499eb03600e1,00d67fa909582c2a8ceb8d6f8049d2ffa3fb5cba9bac259fbdb65b0fa8794b5a,a426652ce3b77dcfe6654f35d94c16dc1a2da1e1019d0eba5ad0a58f962ab02b,c2eefc307ae40037ffa119c8f8efc3aad4d7c23ec9c8fd5a5dd7c52c35c4f9d9,c7d35170166440069c50af42fb2d9920248ebe1902570f244bc543614a3e1083,6db730b654f0880fc3ed81e1e05cc2aeeae6772c0345195d03f63b6c89441eeb,2c8db1dba280ed4d87d59bff0068055c49e8b07d5108db5993c3bb27a500dee6,aadac06a54aed86af6c7f667e33ba05cdbd227ac91e263652bfcf85d7a7fe1f0,HMAC-SHA256-DEMO,AUDIT-2026-05-STEP3
139,c436dd8c640b6cfdaa696d8b,2026-05-28T10:45:00Z,REQ-000139,ed345e57c83b3d1c5b2c2660,STATE_03_DIST_03_PS_03,e11cd5a6c9ec9e77c31803ca,escalate,ESCALATE_CONTEXTUAL_REVIEW_REQUIRED,P-2026-05-STEP2-ORACLE,f647acab7b400f44f4d4b976a4ac31019374e7b224b7673195214ec6775a2f6e,6d1e34d4e67951608ca34f0595a451ffe72da6ee81e018dcbb715530d3ef7630,c6d85ee0f09f9d033953403f596c0d48e56d6b5fd636e9ac8769c3bbe9bb6ac2,3b2402a6b79a5645828e5df3f9bf3b3bba0908e6bba18dd3a4d6e6dc1d0698c4,44e6636e9b5fdfa5430e00ff04a8b4111a160961647b2474b957e845fda7a2ba,2c8db1dba280ed4d87d59bff0068055c49e8b07d5108db5993c3bb27a500dee6,7b0e590d19e01226ed901315ec338e97b106c7727c79b4e376ae84f3f2bfcbd3,6391b182992304e856bf2e54bd1fc4fd4543556a595e8bca0859dbf5e40a3129,HMAC-SHA256-DEMO,AUDIT-2026-05-STEP3
140,91f5f2487f823701a14ff599,2026-05-27T16:20:00Z,REQ-000140,e246494264abad2f32845507,STATE_02_DIST_02_PS_03,27a2461445cecdd70ffd515e,escalate,ESCALATE_CROSS_JURISDICTION_SENSITIVE_RECORD,P-2026-05-STEP2-ORACLE,a5b1c1a6c8d75e188a2cf07cb0fb02722ecea41af2cddfd5a3f8e420491c19db,7ea702c407d3f0552dc82c0b6daef0ada3f85d4b6787bd7bc74249ab0e03414c,ebe48ddfbeeebc982d2eea4788636df74cff11e4e7fef85c6ceb65ac667ffa6a,ba30f35e0de4048b2be302b543938336070ba7db35cbccb55fbdbbac56aa45bc,f3e869af2fcad499aec62b46e232230b5a2427d1d9bf5f72de25d1de76d85f06,7b0e590d19e01226ed901315ec338e97b106c7727c79b4e376ae84f3f2bfcbd3,68e197744b6df46ea6a19eef3d08b966bc57c4ea0a9d5dfb11dbfc03cce68649,7836b9ace2b48b5dbc5370f27f8cb078f211a04227a01b4c68022abfc9bd5403,HMAC-SHA256-DEMO,AUDIT-2026-05-STEP3
141,8464e3168221a60677e2e0ef,2026-05-27T23:30:00Z,REQ-000141,fcd532f0d95281220fe7337b,STATE_01_DIST_04_PS_01,b2fe1d7e7f491d2222d662d6,escalate,ESCALATE_PRIVACY_SENSITIVE_RECORD,P-2026-05-STEP2-ORACLE,e93109ee1c36d753fe15f659e30f41c14c35eddc22202dccaed4944dee352ea0,c547f90375e187d0e316ab9dec2a92909df87da6cdb3afbf716a13716c2fc4d7,e8769914daa4335d6abccceccf5d424e25bfc0a34dc7c4c23fd60bd9169d89ea,cd3abcab5220387a8b41c06764096da7604db79570d6283d9fdd3bb10fd245ac,1dcbcc69b970f43bb9022696c606745d4b7753d83e20ce1c57ef6daf2ad28f75,68e197744b6df46ea6a19eef3d08b966bc57c4ea0a9d5dfb11dbfc03cce68649,0997ef334ab46a43c6be00086aa708a719c27d931189c01b94b09566d7ff12cb,19062b1eafd6b4235dac01100d55071a457e905bd986147a58a4180952b2b875,HMAC-SHA256-DEMO,AUDIT-2026-05-STEP3
142,f8ffcdb04e9da8fbc9a02c57,2026-05-28T16:14:00Z,REQ-000142,5d49251d25024e2ef906fcfa,STATE_03_DIST_04_PS_01,4ea55cba83dc306bfa955910,deny,DENY_SEALED_RECORD_WITHOUT_COURT_CONTEXT,P-2026-05-STEP2-ORACLE,1e291d26127bf7f7ffd4e4729ce4bdf1c8960e5b85d84e63a2d135b2e91f33a5,c8bcf47ffc7891dda474eddd7dd9c9fa10cc8a986fbe92600bc8d71cbdf59194,d57d767250d046b00429c2e1767c9098606879b1e4685da425ea0c612f536a65,07864bae85a68625efe5fe787a2e622be8fd94dcaa0cb83370e16c87451f2c81,a23012b4afb4e0d7da552be0d9039da1281ee0878c3e4fab4da9b9d4d2f8c988,0997ef334ab46a43c6be00086aa708a719c27d931189c01b94b09566d7ff12cb,6645a30e45565b8c9a1b53d4d023b0d57e8dc5252b34bfa1e85f7eb565597ed2,f971f25735877b41fe7cdd1fe49577b63d7aea7a1a9f2ea9d26d99827b940af2,HMAC-SHA256-DEMO,AUDIT-2026-05-STEP3
143,18396cfe8381bd2489c966d0,2026-05-27T19:04:00Z,REQ-000143,f920410d24c1d513e4b5b45f,STATE_03_DIST_02_PS_02,24c8c0c8b19638b5e8c5fe9b,deny,DENY_STALE_CASE_ASSIGNMENT,P-2026-05-STEP2-ORACLE,b90c4788579405bb4f080f3ebe97d0f763de72e808af6880e72d02842d5f151f,4dd7f4b7b8fe42bb5770139e2033e0bf83e7b3c985c24dd234c4167caf6fc0c9,de5f043ea04b0dfb0ad000daaed7da90bd826e88586853014b7c567557535e59,b1d4bd789d8a58c9c6e2955a9d46131730ce9e767d94cac13250340ddd70a726,8d2f3f9c0d6602ba5482a9823ce88cea346ed29d96a0a640c1055eddd4f02dfc,6645a30e45565b8c9a1b53d4d023b0d57e8dc5252b34bfa1e85f7eb565597ed2,d1688f44db05ed6ce524bc74d172453ac614e36dbacfc6ed12776cec59e0fb33,b494634831e144ea7a13262fe7ba41cd6a480086715041e45de17d2e951adc3e,HMAC-SHA256-DEMO,AUDIT-2026-05-STEP3
144,fcaf3dcdeca8794c01869080,2026-05-28T04:48:00Z,REQ-000144,c0fc3111ae7a563a9f54250e,STATE_02_DIST_04_PS_02,b0e996b4ecdf66ce33e6405c,allow,ALLOW_ROUTINE_CONTEXTUAL_ACCESS,P-2026-05-STEP2-ORACLE,a25defb957d8930bce6f36377ba00d032bccb8be2cab117eb06f72a418a1d24b,a8d9658fc131379dfbd2185a27eb66af452d3911e19b5298fb6cfc409eac8593,ecf1129c52424ef9527bf19d029b9e6247a947d31969cfc21dac01e985205bb9,6447fb51ed58e0d99ccf923f078b96174185921bdd9039c9711d40d604a6758e,172f8de91dd093dc1b7a7e907af0d807b320c62a419e875edc47988706dc2d4b,d1688f44db05ed6ce524bc74d172453ac614e36dbacfc6ed12776cec59e0fb33,bb5a887ece357591a3940ec2a62e4af23055a4a2fc9a0b7939c70b9d5afdfcc8,bf923dd5098598baa1d7274362b1798045c6879e0be9419c6c18d0298f7ce1be,HMAC-SHA256-DEMO,AUDIT-2026-05-STEP3
145,06f9e6d3e7b412259083573d,2026-05-27T04:50:00Z,REQ-000145,fad5d40018942c6b0ef2d75c,STATE_01_DIST_03_PS_02,634985427cd8688fee2b98d0,allow,ALLOW_ROUTINE_CONTEXTUAL_ACCESS,P-2026-05-STEP2-ORACLE,ab872d79bc08ff714b5087d21fa3d1edb04eb650514d95615eff6b4c26c5b56c,6c9d9e30176c0ea6b26ee34930de33e8f13f9321d03104bfa3529765572b07ca,57d4e823c9eef341232bf776bfb3837c2ac5e58387c496346e73e2d77b28c6d3,a379636927aa59c4135ba91d930997077ae6d4ce4fedf410d069db583106a365,87780bb3788159bbdfeddc0c6784fa5904be7822cdaf6eb9068b0e07e516d8aa,bb5a887ece357591a3940ec2a62e4af23055a4a2fc9a0b7939c70b9d5afdfcc8,e607c4bccb4d876916028a73cebd5a0047cb5694163636429c417aa340fc5991,ecc79e6e91813402cddfe677ec803a251b3b083fc06a480f641090d6ca2e747b,HMAC-SHA256-DEMO,AUDIT-2026-05-STEP3
146,d42a42a308b1101c85d32fd9,2026-05-27T19:28:00Z,REQ-000146,4abc3e055d213fe06ce85aef,STATE_01_DIST_03_PS_03,858b3fe36acc7e4e879f12b7,escalate,ESCALATE_PRIVACY_SENSITIVE_RECORD,P-2026-05-STEP2-ORACLE,f69ac5e334ee788861835e315c559c86b5aff3b56f7f1390b516c5748ce2542b,c996fb98ff3ab27117195fabada66185addd52b5abef5fee0c9a9c398d21188c,cea9d857372c8d51072722777cfb3d0efc31de9a6e7e58591500ca12ad16396e,0fe8c23103d6c5e385cff94056852695b0417ebcdfa7cd97c3ef5331093154af,7e94b28427f35c6fd6783f627ba4daf14ca615b75ac02f7e22b5924a84c4b4fe,e607c4bccb4d876916028a73cebd5a0047cb5694163636429c417aa340fc5991,589439272452bd3eb556cb825c223443c97fb6f7abcd4e68312bb936b9005912,95e4e76af2fb6e8986842681a5802d188405ec2cd94beac06366b9ddef7c5ef5,HMAC-SHA256-DEMO,AUDIT-2026-05-STEP3
147,989208ff13258ea7a0be279f,2026-05-27T04:54:00Z,REQ-000147,f30bb583158115d6451ff1ba,STATE_02_DIST_03_PS_01,b1ef8bd2a5615b92e3c7daa5,deny,DENY_STALE_CASE_ASSIGNMENT,P-2026-05-STEP2-ORACLE,fd83c926d633f22128b305da5be252275444167db71ffa7f1081b10e3377f50f,aecc2edd9f0be16fba4a638868b0f25f41c230637c95f29cd8abf33450c08983,75626bf62cf21a7e9d877531349dbb22007441477f0a514a6afca8d35c202909,a2be376e9a06fc94a5dd4c61295f1ac18cc3f4bb165ec017c439d21a3bd47995,9b0389aaa53b878470d08526d927e4a3b108f2e411e76e6de030dcaab8cb982a,589439272452bd3eb556cb825c223443c97fb6f7abcd4e68312bb936b9005912,d94fffeb3f1ea63229ca598bf0593c745250e133c6afbced00bf088e612faf30,ff422fb7975e339dc46a93a17bed385f52529950f8d6d95abe44f560217affb1,HMAC-SHA256-DEMO,AUDIT-2026-05-STEP3
148,7d43d6cad5420e1b7fe02d1a,2026-05-28T13:00:00Z,REQ-000148,d60f48d22e03c3316a18fa6d,STATE_03_DIST_02_PS_01,e1a5c2e42c1a757dba4cde54,deny,DENY_INACTIVE_CREDENTIAL,P-2026-05-STEP2-ORACLE,9fc97cbaedb8cb1fd78208ca26d01b87c4ad282485513b006b0fd9fdb135e08c,062f88b7034a8d6c4ac1ed968221c319a69923503b88c58ecfc4967f801dfa2c,2f855bbbb375f044ef6ba7f19049c94f1f42a0165c34aee5087a7e358af0ac6d,e4b4ab036da392b097a8fc8dd7a8990ec8dbd96c09c52f00b7c242ccabcd9f53,b4391b5aefbabb65d7a47cf3f1b2227480b2c3ae96c157a93a46c9e5243b0c1d,d94fffeb3f1ea63229ca598bf0593c745250e133c6afbced00bf088e612faf30,f1710c476d35f2d5bcdb40c36bfbf38b38500e3ebdb1e05845fcfc39efd43256,57cc358a911693ca22421239f41b827c93fea649053c196c9d405fc0bc2e6022,HMAC-SHA256-DEMO,AUDIT-2026-05-STEP3
149,f5fe89189ee46193527233db,2026-05-27T17:23:00Z,REQ-000149,d60f48d22e03c3316a18fa6d,STATE_03_DIST_02_PS_01,d7d8d1e7e58fe0de6096f7ff,deny,DENY_INACTIVE_CREDENTIAL,P-2026-05-STEP2-ORACLE,914d7ec9ba835a06f48e5bc3dc8219fe88f79822556e87223f4d5178e6dcc5a6,59a73df9f77e771ac6b1e65c3e89e0b00fa66e82fee7a844f7c141c908dae39d,4141c5cb9822a420c16b8f5e2a19d047d20d076bb431ef8e4dbb5aeefa53835f,17ba385ccbe311286350be5bc8d231ff224939f7d5cf22996462ba7fedfca7d8,299233a57bed0bbf6534946931a12c0c9f41d0f24371dcb5804ff65ef7457939,f1710c476d35f2d5bcdb40c36bfbf38b38500e3ebdb1e05845fcfc39efd43256,1b776cb76a317b6f8376d7693483f126824edf57283baf3206ca0fc4ea451f50,563b9d4545cca0f0d9fd1323c6ee7f92f8a897e9d958e65ac37dc0cdc3be11b5,HMAC-SHA256-DEMO,AUDIT-2026-05-STEP3
150,7b0a38a153203c06728f3e00,2026-05-27T10:00:00Z,REQ-000150,e35d3d5ab37a57023a757cf4,STATE_03_DIST_04_PS_02,a0f405d28cc064a49ae643d4,escalate,ESCALATE_PRIVACY_SENSITIVE_RECORD,P-2026-05-STEP2-ORACLE,b8f1adf740b177170e78bf6dafaf8a8afa9bd9c0ab6fabab14873048e4faf5a9,b2d85ccb427281417d606341c1e4de5aa393b357444263bbb45d8e72792ff7e2,c42569c8cf0179faed18158b845d1274ee9422d3cc8cc9d8313f051325ac491d,4ac662de81b0d5f7c52f6573c6ee9853870822395b555b56458f5b9aa8d74520,dd72ff79d6c77a238715b01fd90f31a72f75d005eee2615bf1465595653b5bb9,1b776cb76a317b6f8376d7693483f126824edf57283baf3206ca0fc4ea451f50,8963b6ca11252a2cb71926e46b9080566b22effcb28d22f640ac85dcadc48d77,3b497685d8e5f6fefcb38243417976202545cdd5ef6f1ebc7168f3561375a745,HMAC-SHA256-DEMO,AUDIT-2026-05-STEP3
151,08a877ec3c6cec09a2bd8cfd,2026-05-28T03:41:00Z,REQ-000151,1f84d906e82c7901ab98337e,STATE_02_DIST_02_PS_01,4ea55cba83dc306bfa955910,escalate,ESCALATE_SEALED_RECORD_REVIEW_REQUIRED,P-2026-05-STEP2-ORACLE,483c0d9e99777870960cdb22774b70f0e9c725c64bb5cc13807fca7c5e98819f,c70959349a4b0415a39a277c77a4350845b0449150df06f2c25c2272a6063842,c582fb8891b1cf672aaee98428101187576868e37a24a4dd0df5dc8c4a3f0ced,c1c7d51831dd68ca3fc6a0c0b4b5fbfc9b71d6c75a283c2f742da71742a4f6e9,36837a620afc894a465d6b982a9155b9a2c9156f54d9846386effd918cbc81c9,8963b6ca11252a2cb71926e46b9080566b22effcb28d22f640ac85dcadc48d77,9f976ca3653db713205df91ea5947eba34d2bc35d871de4f4944af0eedf1e6d0,c000d4da2dc5021d7a1093cf24f152e37693ebbc654978c884193100d0de0ab4,HMAC-SHA256-DEMO,AUDIT-2026-05-STEP3
152,1f6f3280ccb4bb7d5c7eee5f,2026-05-28T14:00:00Z,REQ-000152,abdf3e234ce3687605069a60,STATE_01_DIST_03_PS_02,9cf76f652fcb60053f1a781e,deny,DENY_EXPIRED_APPROVAL_TOKEN,P-2026-05-STEP2-ORACLE,8adff7d76f7ad827bfc850b8020574b04817b41ca7a136502ea07a5d707d5f76,ef0a32a302502da12c9b329b1aba143a3832633329cf532a7b291802bb38c19b,3f3c6ca44f5e7dfa028f325bcbb4e6e84d52064326670046ded77af55e066079,5e7f04ea243daa74ee578529595377167e996118fa4482e6850116af72ecbf8c,80ad37d7922bfa06ed8de560e38b2ddfd7633bae00be18872647ba8029bc289e,9f976ca3653db713205df91ea5947eba34d2bc35d871de4f4944af0eedf1e6d0,6bcfbf3bfb33d2922b9c9535beb8ee4eb684d5a58b92b8e77245487640324f86,dace896282635dc5857fd8ec166a62443e5b7144b358efde0466c3d98069d3cb,HMAC-SHA256-DEMO,AUDIT-2026-05-STEP3
153,13a56c11d2c3f0e943e3d3d4,2026-05-28T01:30:00Z,REQ-000153,2be0332c4385b770ea00150b,STATE_02_DIST_01_PS_02,eec522c5b9b600387b5fa262,deny,DENY_EXPIRED_APPROVAL_TOKEN,P-2026-05-STEP2-ORACLE,004e9a489ebd6cb36bec8d722f0328b1615553128564b92195e0b6f1767344a7,25488d4b9d584098807bb95d4b1dfe95010baffa4fca2bf26e7c7e2ccde024a7,4a5b05532cc1db81bff8414dec91b20f506afc2a6757d8829a09a9dc0e1196cc,d0b2ddab2971f41a7825077039e313d56363c246bf5547ced74cdba38e7e6687,88ac05baa039640978bba2acf8c6930b1f2c61ec3f8bb1156341db5f00e55ee9,6bcfbf3bfb33d2922b9c9535beb8ee4eb684d5a58b92b8e77245487640324f86,d890f81c8ccce980b061f1edc8625e438839122fa547b59e3c9f7a7aaee14ed4,bdf707fec0b1a42ae30bf74e3fc784613ba18b376073305391a1e1d6f9bc47a5,HMAC-SHA256-DEMO,AUDIT-2026-05-STEP3
154,7549829e7afc91691c7bc8de,2026-05-28T06:48:00Z,REQ-000154,5f5d03cad2864eb9986177dd,STATE_03_DIST_02_PS_02,293dc9e885e75ae99324c2aa,escalate,ESCALATE_CROSS_JURISDICTION_SENSITIVE_RECORD,P-2026-05-STEP2-ORACLE,65e970096b5462274cd076ece061a09b5e2e77ba9355fc976bb687cd7973a7cf,06cd2f5a98f2355216595ffed1f6c8db01bac71b8ed0ba3cc9b67562c9136b31,3df1000fbc2084ceaebdc57de76ef132bf93186f50ec78ee61d9da31626c63f7,5fd334c8001c66c006bc68ef0564aecf2ec29899706b0b63779140ce6b0a3963,3863c44e5e70ccadfc9d918f67bb817cad29d575b38ad9059dfc97f94dfb4f52,d890f81c8ccce980b061f1edc8625e438839122fa547b59e3c9f7a7aaee14ed4,ecca43b6fa4e3bfac4d69eb234cc41f059cdca9b8dc055464c17ae274293cca8,312ce62957fab085a0c4ec934c5cb8a53c1f8b52cbd382d668d9e452c5a9dfd5,HMAC-SHA256-DEMO,AUDIT-2026-05-STEP3
155,a3197e80aab1350e1137a27f,2026-05-28T14:45:00Z,REQ-000155,a1e23926bdb89d718dc0ff23,STATE_03_DIST_04_PS_02,7a1c1d8011a25f728528d611,escalate,ESCALATE_PRIVACY_SENSITIVE_RECORD,P-2026-05-STEP2-ORACLE,3bf5362ff3e533ea442d11c1baacb02f4a40028b27dd9c92e07aef7607673b89,bd44312c5747c41ae9899e096daf089ae0eb698f0a30d372b3a5ee4fe6598066,9c1e5978528e4081940fe97634b4380339bb216892cb29d5049b3b7a2b2926e7,fe943bca0504759c8e233dac54ae6f5f701fb340523c388b39af4c4f43fc2297,7f099429664cddc5de6ddf8109c54f57560648f8da6525d071873ad73d3eb194,ecca43b6fa4e3bfac4d69eb234cc41f059cdca9b8dc055464c17ae274293cca8,a1cde541880353345b07db0d5a0b1eb3f44f2b3c441f558f0297e40c94602b8a,e1621f1bffd3b04e4bbabe217e7de1ab4a4942a25d72e72c86f27639b99a97ac,HMAC-SHA256-DEMO,AUDIT-2026-05-STEP3
156,3bc0f5ab719db483bcbcafbd,2026-05-27T15:36:00Z,REQ-000156,22a74f5c5cd00d0646a359b6,STATE_03_DIST_02_PS_01,cbe1fd17453b68043b279572,escalate,ESCALATE_PRIVACY_SENSITIVE_RECORD,P-2026-05-STEP2-ORACLE,92e27706fd53a128dbde5a8c2a6bcc4918591e28a49f0aeab9d6e3c0122faf66,052f44b3e68c27f648ecd16ea575d9ecf3ba4f506fc8b1124cf91cffe6f72a78,f250408ba9537ea056254bed043bf131b19617ef198a9cc38fc98753c675b98d,93052c4ea83e32952238e570fe2f0e74a99784f45d794721d229359125d21e9a,a5695315d8a4a531fbd8d9e48ab3212f44ef3ad0312ce5e6a1cf509f53619fd6,a1cde541880353345b07db0d5a0b1eb3f44f2b3c441f558f0297e40c94602b8a,c60b24da93b8e6aa6816e94ad76e41ae5df4712d169087a16e936bc5019a0f40,dbdf615b77caea3d6bd896106caddc5bfac3c24fe9c9e818dea2a5e1e878b6f9,HMAC-SHA256-DEMO,AUDIT-2026-05-STEP3
157,11e1cd1b35a82fcfec69e476,2026-05-27T20:56:00Z,REQ-000157,0d9d0f67e217f12f80467acf,STATE_03_DIST_04_PS_01,118bf6e235079ff659306fe5,deny,DENY_STALE_CASE_ASSIGNMENT,P-2026-05-STEP2-ORACLE,197a0cea0e8a2b2a301a722128aec4787262cc57fab6ce7554e6e95906fb1563,a8a5ecc02accaf42d56f6053db75b1ae021979f50da58d7b4db99d6cc624c815,2c7dc79ae0f4531421da8f7442d4a1c7a9ec8390e7773d14151e0fc541926a59,3a8245aa3edcfb3b39e749001d58a13ec1b5245817d6127e9b03a0b10db2e2c5,7d02b377b33e3f9f0d82df50059cf7ea6a3dcaa50f835e7021d2e794fb398538,c60b24da93b8e6aa6816e94ad76e41ae5df4712d169087a16e936bc5019a0f40,975a13d0851eb11a898edb0b1d9dd91e92f28174d293f14b22bec83d02dc7a35,717a99f065c2ae5ddd3a318cee509f897bdb9348840d2996042ba80a88f8f04f,HMAC-SHA256-DEMO,AUDIT-2026-05-STEP3
158,79f7af82092b0e364750045e,2026-05-28T12:52:00Z,REQ-000158,f7c9b924c136028c31a62c8c,STATE_01_DIST_03_PS_01,3ccd34687090d2923fc32e3b,allow,ALLOW_ROUTINE_CONTEXTUAL_ACCESS,P-2026-05-STEP2-ORACLE,61d0bf82fe3bd6e4e67adea775950cefd7ba3e68d160f416d8a67cce6a674cdc,11d1e58c70daeea5abadf24677927d918a6427f56a853d7441c3fd877b2bbfb6,130ff02bed7dd391339809e31d5478a2380c98ada6ccb27a48129b7b7cec75cc,f3ed677ea8b9ca9456e7eec6a58d41d573e1d7b56ca58be3b026b19e55b78c38,364071769e23b39c6eb6070a0df1a3c690e687eac4871f26851a8b87edda4656,975a13d0851eb11a898edb0b1d9dd91e92f28174d293f14b22bec83d02dc7a35,fa80a8af70ac91a444558fda46f1317d1b61dd75d8318e9b6d0ff7f36bd62b61,acf321f783b3d6f05e300bac5eaf8e4a37dcd1e8036284c05a03ca74f5488daf,HMAC-SHA256-DEMO,AUDIT-2026-05-STEP3
159,3e6d4db64b3444f52d39b526,2026-05-28T05:09:00Z,REQ-000159,7c415028a69bb19f488fe7d8,STATE_02_DIST_03_PS_03,8ccbd9b70dff9bfa5bc9f0dd,allow,ALLOW_ROUTINE_CONTEXTUAL_ACCESS,P-2026-05-STEP2-ORACLE,236c0bb23bcc91c49019666ceacab0c51cb367cb92a5e73e920df89d93c65769,8c193ad4a7b1056ea5b6c50f8a0ceb52115c59e3cea202315041388bc36bdd4c,bef126a710fdbbcc6205db9550b0fb6926e9c3566ba5419c49fd3d1ea3ab2f03,c218177af91c4829b0a174e62109329b7c0ab8bd137aa7d331ed0fa83f768c4c,c1b2eff80d94748686e890cb00d93c9e1d093a5143b894a9b6e096c71303b932,fa80a8af70ac91a444558fda46f1317d1b61dd75d8318e9b6d0ff7f36bd62b61,7e332904ce47dab9ebd538e4b36964ff71e9f67d815cccbb72b42cba36c6449e,2b6cde5ad01138674d7526e117aba38cd228bfe4073cb60b92f34089921af188,HMAC-SHA256-DEMO,AUDIT-2026-05-STEP3
160,5f10cdffdbb06d2f0d91d01e,2026-05-27T05:20:00Z,REQ-000160,a7db164c4af844793a01db35,STATE_03_DIST_03_PS_03,2a44ea7167c606e1a50fbc7d,escalate,ESCALATE_PRIVACY_SENSITIVE_RECORD,P-2026-05-STEP2-ORACLE,6679a0b3c0666e3e74cfced932a39917f3d0d6f7f9c120930f9e947216f43061,865c3973eaae88ffc578d16a1ebb24e65c4ecdb33061b1131c85bc0fce360e1b,3a67919b6b374fb1a863a3906704a3ea5bb96d07e8ee0c2ca551967627f3f5d3,84df86479829e22243a8c57addb02a036cc97a6527b4793268c751e5c5c743e2,76d8859967e9d06ce1c7aedcffb74d0b36a48b21a970c9c5426cd58a680d8eca,7e332904ce47dab9ebd538e4b36964ff71e9f67d815cccbb72b42cba36c6449e,157b4fe093e690cb48e998bdfb831eec870979d33bd7112b766c9d7ab2b9cb9a,83e032670f4c0d82c7f92e64fd6bb7e7bbf4b999ef70e90fded6aaf0ce2bdb25,HMAC-SHA256-DEMO,AUDIT-2026-05-STEP3
161,ae4c517a67d1d0c37d4430ff,2026-05-27T10:44:00Z,REQ-000161,1086c897162d91ce96d22b8e,STATE_01_DIST_02_PS_02,efc254275269a6226b4fd601,deny,DENY_SEALED_RECORD_WITHOUT_COURT_CONTEXT,P-2026-05-STEP2-ORACLE,2240fbe095feec5902b59ee2b6d5fc2fd793dfd449681b4e37c44f2541c15758,b7598c24c72293661fe5557fb69f408361847b92e566e1c089dcf3e7cc58f0c2,15eddeb2409c9cc05cd3e71d39ce627a7520e6126d4b21a9f1af242ef70f8ca7,696a1a57eb65e4682bd149fca7a1c0c3d0917fac4e7fd7160b00715a0604bf43,8e63701be12c9d28af2f20335059a84b5b8bf39d451eb7df63a97f6ec54227eb,157b4fe093e690cb48e998bdfb831eec870979d33bd7112b766c9d7ab2b9cb9a,0852dad91100708d7e7892c88df4bedef6891a2f11796d17b2afb56f74c2ee14,25c6e143e6b4d07cd25ff470efe2ae1ab26101e9f60b66f8ebdbcf0801966503,HMAC-SHA256-DEMO,AUDIT-2026-05-STEP3
162,7afc2779f31840ae0130988c,2026-05-27T10:48:00Z,REQ-000162,3a6a5386535f809a826fc8a7,STATE_02_DIST_04_PS_02,b0e996b4ecdf66ce33e6405c,allow,ALLOW_ROUTINE_CONTEXTUAL_ACCESS,P-2026-05-STEP2-ORACLE,a87cbd32109110888627cdec070ee518665bcc1d5e72854037bab464f47f57a5,d13b6f75d68fc76371f8c635e08b79de7f5a510e0f9dc5036558acb5711fed23,0fb878ac21570dd92fc87a590557bd6d4d743df276e1d52a0efeec1f25b4c500,988609d36694b08734003f2757cab69a28e67112fe00f765d3abdc77365eb327,582075ab35a662c52cbb80c7a652100d74b686d4875d4c32b8f5ea28f655587f,0852dad91100708d7e7892c88df4bedef6891a2f11796d17b2afb56f74c2ee14,ffa5d839e9f5275c59f38de76120350794f9c9a0df14f524cf8030356ae5154f,9562e9a023b75d0a4de2ba7769522ec7f8482d548dbdb0bfe22918ce7b720f8e,HMAC-SHA256-DEMO,AUDIT-2026-05-STEP3
163,6a03d20c821015286d1362ae,2026-05-27T08:09:00Z,REQ-000163,90e9de18363ee212ab55f392,STATE_01_DIST_02_PS_01,add976587ec76c7d2c996cfb,escalate,ESCALATE_PRIVACY_SENSITIVE_RECORD,P-2026-05-STEP2-ORACLE,437e5b688e552a7d1876d5241b3440b1b73f429600a98c8fd1ab091aaf5dd3a8,9e1274219f6708375b8a618269e8b44c4aa015c423543e7873432cd9ec01d418,ded24fff05b85708ce87651ec89a9d3ae162e903f5524b9942f774ae5c104694,e31b4ab2411a0415016e5b85509ed7357409c501c2da8d2045a8e4f69ce82313,c12bce64bc0cdc710c72004058a2f22e82556b50bcfd6da717514e95dd7fb535,ffa5d839e9f5275c59f38de76120350794f9c9a0df14f524cf8030356ae5154f,50d1cd068723308e947844b226859c3d073e8547694669af237669f103db36fd,0947e037a721fbecf03f4a04446e01d08f1524585a76c4704235f54a815d71df,HMAC-SHA256-DEMO,AUDIT-2026-05-STEP3
164,648606ad9107dcbf6b5c2d9d,2026-05-27T13:40:00Z,REQ-000164,cd7bb6b37a4bf493a6fadfea,STATE_03_DIST_03_PS_01,c289388229db506c0792742b,allow,ALLOW_ROUTINE_CONTEXTUAL_ACCESS,P-2026-05-STEP2-ORACLE,77a72c63f6205ad97a159a2cc9dec43e8ed62aa514b425fc02f8950f63a0831f,abb2442c0c34e5728ffc2ecf7e1df018eb8bc9f7ce01cf492d462fe0849013d2,2cbda5045e8bd330db586e426d92341d3c066451d87223ce483a0f2f2f4590d8,e959346c4288b3b027f665dac0c1b05b96650e532b35bae8229898fbd1377708,a315d23464b37c8886f8def9a7023002b281910d1d478d9dfd64614c3f1ce221,50d1cd068723308e947844b226859c3d073e8547694669af237669f103db36fd,f25bb2d1fb49550a3d696e25837672bf6cc11fef688e19f812f36157d0d5f058,fd11668ba82292c470077876581dc187fb2c8263c248e16f0e551114613b0784,HMAC-SHA256-DEMO,AUDIT-2026-05-STEP3
165,0dc0f61e57b0d1613f2735a3,2026-05-28T00:45:00Z,REQ-000165,48f5470b8ce4df5af3e82ab0,STATE_02_DIST_02_PS_03,956aca67b33c2620ff186459,allow,ALLOW_ROUTINE_CONTEXTUAL_ACCESS,P-2026-05-STEP2-ORACLE,a0f2f018aa5a133f3104347eb6b90a229eb67f9f755e1765789ca86595002160,0cb52143c83e3a793352573f5e9de01ec628be965f1a8d1b2fe2579f4cfe1f1e,bfea89ca8167f2fddbfc91fb9182b184745e3392d97f8444df81c6168cda867b,169ef02d2315d919f79438d3d7a8aa514652e2148896bb05fc80b79e1608043f,c5484af4d41e3d264f3058446b8a1020f0aebe905f908a64dfdd36949f37da4c,f25bb2d1fb49550a3d696e25837672bf6cc11fef688e19f812f36157d0d5f058,7f36d6c001c10c47ec0ea2cb2432984702402c699efcc26601670226db288413,e8092742f9433e2509e1d0b1cb145f003c0b762f09a7e3ddfb85d73e76db366b,HMAC-SHA256-DEMO,AUDIT-2026-05-STEP3
166,6f2ca69dc727e3364985f8f2,2026-05-28T06:26:00Z,REQ-000166,3d55943653d0579351b1bb1c,STATE_03_DIST_03_PS_02,dc6ed48644cef8458ae92ea7,escalate,ESCALATE_PRIVACY_SENSITIVE_RECORD,P-2026-05-STEP2-ORACLE,db6293688456d725b304dc32eaedf64d19404e4307d0047235a98bbd320c2030,1fcba5d938a1164e1b4752b1280cd6cb191c7aae799ecb3ec221925f44174c34,0cc32cfaab4a9d851b6d326520fcc0b4edd0cd25f4ad783526c43b441e59bf37,3f4d3b1ec8bf1a0cb4cf70283a62bd04ff898bfcb53842c523fcde2cd9fb43c8,834408fdb348cffe939931affd89c2bdcc526b19663a81b9053ca07e74b434c6,7f36d6c001c10c47ec0ea2cb2432984702402c699efcc26601670226db288413,156f48e974fa5e406e51fc1ab13932cf89836f0bed2671aed003609e1ca1220d,231274374c9fb15886bca2d3a6216fbc01ab17a693fa1eae8bafb3bdf817739d,HMAC-SHA256-DEMO,AUDIT-2026-05-STEP3
167,2a2d27433e3bc9e17a011c54,2026-05-28T03:50:00Z,REQ-000167,8fe1499c5ed9142abbac6485,STATE_01_DIST_02_PS_03,dc7ebd2a3c118cae47903bf9,deny,DENY_STALE_CASE_ASSIGNMENT,P-2026-05-STEP2-ORACLE,ceabdbfa3edf85d347a1c530de87e296136a7092dec0ef66af8f58a73d46c038,49333a3cfda11f2724c121b7e1223b038971d27090bcb98d94a5f1efb8db2129,be0bd99bfe91ac6bd2a1ad571c2e3d60d935442916b3d4c2cd13fc7d8da81188,83a021102fc83b567a678be8eae8bdf66f335e01cc4c31798309fdb13e5223ba,9b354abf64f665cc79086fe0e954fae8adee7b7e95633d026dab40fd6ad6a2c8,156f48e974fa5e406e51fc1ab13932cf89836f0bed2671aed003609e1ca1220d,553676c2608162c685ab66389a22ae270d3f73b8d7288fd942474b0faf7298bf,21d6da28380059cbd1e762c80bf62aef4991d17d5f7d431abb20543bc30712d0,HMAC-SHA256-DEMO,AUDIT-2026-05-STEP3
168,e6481569087ef2ca8109af4a,2026-05-28T18:00:00Z,REQ-000168,0333fdd2d35c528a38a1dbe4,STATE_01_DIST_02_PS_02,08dd64986685dcabe431977b,escalate,ESCALATE_CROSS_JURISDICTION_SENSITIVE_RECORD,P-2026-05-STEP2-ORACLE,e29d0985d22ae21232a3184784b3f961e9fc246d21b505e659b63f3af0159c70,23605f6a1190849aa921a6980be5f404d0fa822fd7197c51d58eb2e2bea21342,e3b406f079dc651a552243beb6ec833e5c344217d39953279dd7c850e8a46835,ef79743141e1e20d7d669e75766ef526d8e87b96bd270265486b73167df25b39,9f5b609e5663ad04c11c1e37f28c08a223c31ddde890f7a07fa35e247e072804,553676c2608162c685ab66389a22ae270d3f73b8d7288fd942474b0faf7298bf,3e8160b8856404a4ff6c1258ec9e8c59ea695f57013406cdbb173f1a3bfc462c,cad6b71a6ed0598e8d6f7f8fc600fa444a8d836cce8225ed2acac8ae229c8bf7,HMAC-SHA256-DEMO,AUDIT-2026-05-STEP3
169,1e18497897ec6aaed943f655,2026-05-27T19:43:00Z,REQ-000169,ce1b63fb3ee51890894fc213,STATE_03_DIST_04_PS_01,5d20a2d5caff676d0afb5185,escalate,ESCALATE_PRIVACY_SENSITIVE_RECORD,P-2026-05-STEP2-ORACLE,4a0b8aa67583684d6f8ec45e1a5643493f354d664f6c51f08c5966f3b7bee24c,dde3818f6ef9f1d6e4bca30d86242f5875420f6ed927882cda8640a4c917c12d,f0d3a5abe3f7eca1d1294836a52d3f225290a65c4e25bfd3bc242b7ce27c1aa8,fcad13a3ca65b073efed5cfc46fc976111470da32e2420ed29a02603d9b1c838,8a45b348369657ba3c68406ef3123d2669f619417c2302e6324bec293bf04b95,3e8160b8856404a4ff6c1258ec9e8c59ea695f57013406cdbb173f1a3bfc462c,a9470a9d485817747b30243ad8522ec6becf788bea62078cdab25a0263cab3b6,fdb73a72857ddbd69d3988a8f702892c914151752900c96a0ca18c3f5cb2ce00,HMAC-SHA256-DEMO,AUDIT-2026-05-STEP3
170,9882c3742c21e998ebf05471,2026-05-27T05:40:00Z,REQ-000170,116125532167435d32c323d1,STATE_03_DIST_02_PS_01,4644ab9bab94b2012e83fa80,deny,DENY_EXPIRED_APPROVAL_TOKEN,P-2026-05-STEP2-ORACLE,7c43a9d6dfcc9ac2506b76b3e6afec4eaca30c4e85fe30a69db40eac77137565,f5b38b71511a7f7a38585789ec017aa241a05baa2aa2f553aaf64c4593fecb13,6d688606173c354200d16843059c9b12a74fbe27d800237133be71e52ca6e45a,539c137b92211169542e0d45ea9e41875b958d7beca8f9fe2642eff4c49ebbd0,53b38533553814993c6e878aef2cf6984161287a38181fd19cda59b2e7efa420,a9470a9d485817747b30243ad8522ec6becf788bea62078cdab25a0263cab3b6,5b0b04846401a20c483968555cc273437a09725a0089f8f5bed9c93d26866a38,9107c7704dd0994938152217ab736279815bfee002d239e0f0624d7a488f74b3,HMAC-SHA256-DEMO,AUDIT-2026-05-STEP3
171,7c2478aed708348aaa788157,2026-05-27T17:06:00Z,REQ-000171,8fe1499c5ed9142abbac6485,STATE_01_DIST_02_PS_03,bddbea36e35c483e079157c2,allow,ALLOW_ROUTINE_CONTEXTUAL_ACCESS,P-2026-05-STEP2-ORACLE,0d8f03f1b93e7847a7b5a8ac39b4fd7e946b4c3d223e214a71bf807388a4b217,92a4cb82c71f47aa2f695654b633a596c0d651975d88cafdf8dbacbf311c4f88,35729e78863ed87b463bbf48258c2405bceb9b381746d36e1c15744c70d85129,690e5a909ddb9b598f515d850eb4cfda229422a9b75793f66351f1f85afc0435,428476e716f5a216dac8a26c997b9d18027741f3ccb92ae113e823375763e83c,5b0b04846401a20c483968555cc273437a09725a0089f8f5bed9c93d26866a38,1e01154bad9335bc6d23e1231e9c96db7e283b7175596e09a26a9ef5bdebe85c,ce9d3736608b60ac5dc96fb76a60a785dfbd34e6eeb0bfab786da49ccb4a212e,HMAC-SHA256-DEMO,AUDIT-2026-05-STEP3
172,68d9823cf290312535e53123,2026-05-27T11:28:00Z,REQ-000172,9f1a046129b76f0cd0f13803,STATE_01_DIST_04_PS_02,698b4ee210401c7be744cc1d,deny,DENY_SEALED_RECORD_WITHOUT_COURT_CONTEXT,P-2026-05-STEP2-ORACLE,e40944a357d9df5708c9e769e97ed6e3afad85e4a83cc37971345c82bfc08a5c,9f9590156cc1f8fd89781be69321a26d2ff188717ecc55e687f4b478d2dba33c,c7eb39e3bdc0f59e257bcf962f6e89211411a6935b4266987d3458e179392b01,cf13ad07ffb626c179f62f7eadeb4fd3aebbbadf00d089e2cfd046b810c72050,aa49b516acb591f44726247ce47dedf490a0bad36778e83524e5ecc56341bd92,1e01154bad9335bc6d23e1231e9c96db7e283b7175596e09a26a9ef5bdebe85c,05df16017fc1659f55bcfe044a9ff5b9f4ac41b25247f638c62aa0c401f352d5,099f3837a08da731e3036173c68f24b9366246e91aa42ae98c9eb27624482d49,HMAC-SHA256-DEMO,AUDIT-2026-05-STEP3
173,bb15369db52e16c00a35bf1e,2026-05-28T19:15:00Z,REQ-000173,6d335433b612a148a4921389,STATE_02_DIST_01_PS_01,4f004fd6ecff230b24cb85ac,deny,DENY_INACTIVE_CREDENTIAL,P-2026-05-STEP2-ORACLE,658e7ec43d98b34074100306cb6ffb222935ce9f201b9911a352517987879cc4,bcd217261899a5d66d9ec1fd01d3acfa5cefeb64766d7382b509e6ea2fb390f7,ea8870e73e06ddd264ebce2b5ee455324fda8c3e684e890317701aa072bfd313,3451fc562f06ae4c8ae0e7abe7358639de2ee7a8e19ec9228683716a93667e96,cd4eb7c02d4e7b749144204c1f43bbca491192192f2a9d7d69bce6e5c1c57d9c,05df16017fc1659f55bcfe044a9ff5b9f4ac41b25247f638c62aa0c401f352d5,ad695533a133e496ff1eaed01e97eee065182b9e351c5a6b2c9fb8472162c327,42f22ef694ae5337fbe21086b08a80f7779ca1db096447bbc0b056363fcb3293,HMAC-SHA256-DEMO,AUDIT-2026-05-STEP3
174,e62dc3ce2165f78a420f0595,2026-05-28T10:48:00Z,REQ-000174,1dfcf9ccdf6fab5303a9e921,STATE_02_DIST_01_PS_02,729722bb0f927d10ce07afd4,escalate,ESCALATE_PRIVACY_SENSITIVE_RECORD,P-2026-05-STEP2-ORACLE,c8b39d83ba666135dc4c27619359f453c8b407211fb3d5c50d4ebff4a0e4de94,3dba0147d8976061fe3e1f10f19f14e543844eedada2dd86ac51f756537b8509,77a18803f6f619a5b49911466cb222a28513fe32fc0f1a7bfed16da26cddd529,4ab02ed3dbbc842b067b8768e5096616e1d22ad463d8a9418b3581935a724260,7e4821a30ed3611774a12adaf4887709f4a4aee657ad76bcfa937e5887547c5c,ad695533a133e496ff1eaed01e97eee065182b9e351c5a6b2c9fb8472162c327,e14b52f48c5629310a7b8e00cf1406d9dbb6cf682bd6e867fab335b0ea978f0f,4b53b3f43c64083f90b25bba35ac02e532dc525982b6c123a2fb818870462348,HMAC-SHA256-DEMO,AUDIT-2026-05-STEP3
175,c1e6d5d3ac4c0dfe291c1a76,2026-05-27T08:45:00Z,REQ-000175,81023882823dba8b6e04e6a8,STATE_03_DIST_02_PS_03,baf86b559647425ddbc4733b,escalate,ESCALATE_PRIVACY_SENSITIVE_RECORD,P-2026-05-STEP2-ORACLE,355e020be653c0457b8cec7f92e5af55b4e2b11699019410ef277a25669cc055,eb6d0d23f59d983d315be011eb545433561cf6bbe47bd6431fcf2eb2027936d7,0fd9f073183e3827a6472bfe102f283130c7932a3ab913ec1a369f50ebadf0d3,f483baf399c942841e954979916a2dc394ca29a151a2ba7848b55796665fc2f8,9c258dc16d9a2e64a8e7f4d1224bcca82ad3590112fe345c7e3eb053ed1342be,e14b52f48c5629310a7b8e00cf1406d9dbb6cf682bd6e867fab335b0ea978f0f,0c3f1240132295bb6aa6b1384896e2d2b87d7e3e12349784afacee7022979ece,894b25afdded630757c75bbf231eb9011db862b38d5c4436d8b929d9f6c7bace,HMAC-SHA256-DEMO,AUDIT-2026-05-STEP3
176,038e68794388112a3b5d46aa,2026-05-28T05:20:00Z,REQ-000176,adb77e6ea2a2edb0afc7410d,STATE_01_DIST_02_PS_02,57feb3c60423fddfa0461895,deny,DENY_EXPIRED_APPROVAL_TOKEN,P-2026-05-STEP2-ORACLE,03e01c998aa0eed26c51a86c57e255ab0cb8dfcf029c76146d986d3af9034f93,d2451d4ccdf6fba16728b6c26456df60daf847f836059f63ca317b2f3e5b7a4a,49982dad97e63a3e1bc5d641d56fce6779c3d76741b1b4a667715de618e28529,45f4ad67ca825704b78cb5f2f22f9bdd6e5bcf1f99067fda6b38ec470b008139,d9fda1c4274ec931e041a38880bc498ab146d1bed90bebeb65386f7740164ffd,0c3f1240132295bb6aa6b1384896e2d2b87d7e3e12349784afacee7022979ece,cf270b29c144fd9e18a134f251b6f24a61e8948abfa0b6888d06053ec06feeec,59e700988a1ed0a9d306e945918737478ca3570b683c86df8d301f5fe9405253,HMAC-SHA256-DEMO,AUDIT-2026-05-STEP3
177,383361dd744cb1573f6d75cd,2026-05-29T02:09:00Z,REQ-000177,0de9124a7d38c17a328e4497,STATE_02_DIST_02_PS_03,957a61b122db170092250b9c,escalate,ESCALATE_CROSS_JURISDICTION_SENSITIVE_RECORD,P-2026-05-STEP2-ORACLE,3e9629a084302b0806bb585d2c371d7b971f4dd8c29eb2cc8473d831de6fc5d4,61e7a518d24baa09e8ce22e599363e558857c6b302c9ce64ee590760661d9bfb,6f392521ada3dbcecbf62740cf024dd78ef38557c93b67f703d4345f66cfae06,d5af17b1255344fc9a391313856fd3ed570d4494c0dd25e0e6a89e16990b2d5a,3649aa30cc85edc35cec0c22c0a83e394f4f37275c537510f16aff6325cd892d,cf270b29c144fd9e18a134f251b6f24a61e8948abfa0b6888d06053ec06feeec,ba527528335db026fd88df6cf20b93bdf4fff3ac52792fb9753499a894b45bb3,81020d024fc2926c6659103e8c096a5860bcfdce39da3c38819bf267ce3cde22,HMAC-SHA256-DEMO,AUDIT-2026-05-STEP3
178,d59bd212d99dc6e4fc1c7db7,2026-05-28T20:30:00Z,REQ-000178,9f1a046129b76f0cd0f13803,STATE_01_DIST_04_PS_02,803e05eda0391b5c99c7c16e,deny,DENY_SEALED_RECORD_WITHOUT_COURT_CONTEXT,P-2026-05-STEP2-ORACLE,35181b7fb6d03121befc7cd8191ea4e168e9d9a7645fb191bce617627724c0c4,3d32c409f1eda850e0c4ff1098e3296158e57fd43eb92766aa4cdb797760a661,18b72fd9b9d992dff2927958058af0c67586f585290770c421514a3fae62306b,617b3d499ce7d5f4ecea775b71ba9bc05627aa4d973b62dfb33bc398c984c303,d9a77f96228740ebbc82089adcf37b99c426bcea7e870452df35b9b24056e535,ba527528335db026fd88df6cf20b93bdf4fff3ac52792fb9753499a894b45bb3,2013ae625b183d89284ad5fb3e853c3f45d54e0e719de2dfcc59f8d08d38b03e,5192bd3e2074a5f9e4ad77d02b13836cf8d55707a3fd58ba17f40d04d2be0a12,HMAC-SHA256-DEMO,AUDIT-2026-05-STEP3
179,85371a1efd316f2e11f78e72,2026-05-27T08:57:00Z,REQ-000179,7fa77f7b07565190b1b9a0af,STATE_02_DIST_03_PS_02,8141e33806e7c1ff4897751c,escalate,ESCALATE_CROSS_JURISDICTION_SENSITIVE_RECORD,P-2026-05-STEP2-ORACLE,571b7a8184ef65ed8241c272235d208b3256435a526134089fd6e541f0f601f8,8244a051783aa008c798b450165369d3bcc49cc5dbbdebc2b8a0ba961c3a27ed,c2de1fa57721062ea44ae1f3439cc0a96afc49b4b0c0399a8625c96848258e1a,ec6ec2c1d564113cafcd8350e12c31aa2505110c6ee13fa1ef945364986b643f,076e663066ee907ac63729ad1f309fd89d3bf4cca3399b2d3aa654949aa3d9c2,2013ae625b183d89284ad5fb3e853c3f45d54e0e719de2dfcc59f8d08d38b03e,f7ccbd96955f5f44a92b86ae81852cd53abd96206a010f477bfec22966314c7e,fa46e80fc7f8b0d24f2e30d8f3febf823cb80ef11a84afd6d734ed6cc696d831,HMAC-SHA256-DEMO,AUDIT-2026-05-STEP3
180,9403dc056036c6af0b80bfe8,2026-05-29T00:00:00Z,REQ-000180,fcd532f0d95281220fe7337b,STATE_01_DIST_04_PS_01,e3756b6206a69f17c5ab1d23,escalate,ESCALATE_PRIVACY_SENSITIVE_RECORD,P-2026-05-STEP2-ORACLE,3bc7cbc53e35b70e5744a06d9b88b9d8a3d24ebb07a78cc20dd15fc046038013,0db526f159b17f595953f0dccf7e9a88707905f284989da0c0ae04e193d8d570,c0117c21787f8b10df6c2c7b7fc7c99535decb76d802ab68227293b4984c598a,3979cbb551eb9bf807234df6a8064cbfa505325729931c9be20bc6e965df26c6,5564826fdb57f39b21a82eb02b79422bd8b0847acab4c8224c9718de66749884,f7ccbd96955f5f44a92b86ae81852cd53abd96206a010f477bfec22966314c7e,ca63cc88ee7b8914b7f53e2055ce5a5548448512a623086df969b373b8194537,54bb051d882195204ef3c20af96c3ab8321ccf8dab637f7f256d1cb393054200,HMAC-SHA256-DEMO,AUDIT-2026-05-STEP3
181,9fa7ddda1c9c24aacddb5013,2026-05-29T03:17:00Z,REQ-000181,1dfcf9ccdf6fab5303a9e921,STATE_02_DIST_01_PS_02,6306f9f14c804fd8a63eb60c,allow,ALLOW_ROUTINE_CONTEXTUAL_ACCESS,P-2026-05-STEP2-ORACLE,4a012b13a3214b2a1be92c3b0ee8ac51dc0dc7efff9d9fc9934b1564a6ca317a,e0714f8289a4e4a5771a97cf202768f636b13a359fcf0e6e51b2a9231d423e72,ca0981f27f822889e6ac4f05bc50e4a8352b9b824dd9e024ddcffc5aea4613e1,ea63972275f4706c00aa31f2fe3df1ca9db06603d6e39c06f30b264f061c5a28,8a98b612000f539056109d8b1e3814a34f8f1b249850780a35199eaaef18f775,ca63cc88ee7b8914b7f53e2055ce5a5548448512a623086df969b373b8194537,aad5e3aafcfd6dc34ec758a2db5f30100a885ca4d6019038f85c0122bf359ae9,e1f22e9c82e5fbfc1899d7f3c5b94edf2652aa969c1d3462faf638fb2a728bb6,HMAC-SHA256-DEMO,AUDIT-2026-05-STEP3
182,a8f6155a5a954279d3ed81da,2026-05-28T03:18:00Z,REQ-000182,eab5f274c3e036f9a382d87d,STATE_03_DIST_02_PS_03,6aabf48095821f12d5d59868,deny,DENY_INACTIVE_CREDENTIAL,P-2026-05-STEP2-ORACLE,e2c57b89c1e9d821cbe54c3c9b0f5a9231119649e8115d48b373922f92f44e64,73fc9bd72c9373248bbb44540d6a4f9848a27bc78acec59fc8d28ab4799c8106,a4301d7622c42517f2640fee44e1356085db5f51e45a1822d92077fb0ad31c3d,d1cb3fe28317867853e90f97e55f4b7165dde991a10a560e02ef0fd0acb5f49d,a16cdbd64dfbeae42658d77390206fa16424f0f278fc53ed6bb3455b0823b114,aad5e3aafcfd6dc34ec758a2db5f30100a885ca4d6019038f85c0122bf359ae9,533a642fc54cc5813886f76aa4d23456feb5d1c5ba901986b05a0f05c0e53471,d07813c22f9e4b487c26de912809dd7366983a17768066be1558a2844b04b4bd,HMAC-SHA256-DEMO,AUDIT-2026-05-STEP3
183,5e4247024cb60451ebd1b05b,2026-05-28T00:24:00Z,REQ-000183,36f9518be85535c10000ffd5,STATE_03_DIST_02_PS_02,4644ab9bab94b2012e83fa80,escalate,ESCALATE_EMERGENCY_REVIEW_REQUIRED,P-2026-05-STEP2-ORACLE,ebc794177bfe6231aff4d61a528ba6f8d566cba425e2e4405f6985ab6af3a9af,cf6c422e823dd0483df86fda32b642afd44c06a3e7a07c80f98117b18df4026e,048ade5f2619dabb11d020f49ed56cf93cce1f99fc8a29f8218ef219d1caa9b2,84a2d8dea405290b159b90836f81b1fc41c8f6a18e019be8c7de220f2196c71b,f79a14a896fc4ec5da14c68249f6858a9de76bebdae1690cddaed49e324ab931,533a642fc54cc5813886f76aa4d23456feb5d1c5ba901986b05a0f05c0e53471,8fc1024b3e1e450b8fec27fef7aa2815c21b3e8d4ffc669e294e7682795117f3,e91a79b5c941441f2e76be3b1682cb47aec4d33ca18f638d360e762f6f801cb8,HMAC-SHA256-DEMO,AUDIT-2026-05-STEP3
184,a5d7a029d3464996555d36d9,2026-05-27T15:20:00Z,REQ-000184,cd7bb6b37a4bf493a6fadfea,STATE_03_DIST_03_PS_01,f8d01d9519981fbe6119c784,deny,DENY_STALE_CASE_ASSIGNMENT,P-2026-05-STEP2-ORACLE,cb69909e5e315466211cd91b0674062678eb39b085faac05bce6064874e5e097,a31691b2a763e83bab6431fbf9ea676d1021a215b8e25daa66bae7ade027dbe7,5f62a423ee72eae1a94f605e58a7f4a760ebe5d5b04e1c0e4711639d93635be0,79a20d9378c4b2a3417e5a1accf9a79a4de9752f06589fad83a72e5da2a622d0,8dcb765bbc52172083c25fee1233e99b6d82535cca77d038c685cf8657ab9a46,8fc1024b3e1e450b8fec27fef7aa2815c21b3e8d4ffc669e294e7682795117f3,d3b103e6f8bace98a608bf448c71f0c028921cfc4a1f7f95b746ac329de304cb,7c79ea07e5332a783220b823e747d97ebbd700c7191cef9419fb3f59350aa138,HMAC-SHA256-DEMO,AUDIT-2026-05-STEP3
185,1ee2c3a08178afb18cd9fad9,2026-05-28T06:50:00Z,REQ-000185,86505bfb457a23f7a0108287,STATE_03_DIST_01_PS_01,1a967617111b9eb80520a1d6,deny,DENY_EXPIRED_APPROVAL_TOKEN,P-2026-05-STEP2-ORACLE,4bce3745e1de6d0df971ca5f6d08c788dc95983c80864bb9e46573fa754e147c,173d08b8fce2b5423cf2a2ad840d3c3ef78d32c01c2eeb7ffc09d27ce65ecd50,19ccb09d80d425a7be82aaf98582d78ae0b6e138a61681184d846d971606fc13,a8fd4a8a75e55eb0651bb87bc564f1e53672312ce203b182bdb81fd72de28642,823120e7f8a18e445971234358a24db5ca395bf748c9e4ffaf18ca8e0f691c04,d3b103e6f8bace98a608bf448c71f0c028921cfc4a1f7f95b746ac329de304cb,2349db053ba4b7365d176b49658b262413785684b4fd23f5ff6473066a05f0e0,9c69a95d59fb5ff84b6359b80e8abfe209b5d8c68143bc329a6d03dcef3bcc71,HMAC-SHA256-DEMO,AUDIT-2026-05-STEP3
186,fcb6e982e47b026009a2a698,2026-05-27T21:42:00Z,REQ-000186,c6c5d38ea874865e512ea30c,STATE_01_DIST_04_PS_02,05ba601a717ce064fee7e4a0,deny,DENY_STALE_CASE_ASSIGNMENT,P-2026-05-STEP2-ORACLE,bb5ac55953cc4f96c0f3a9eb3e295a3d20b14da806bf59790d874ac165096dfa,0ee588d9261c19943dd94cc26a4daa2721a0717c7ce4e37b2dab89279ab6737b,2533f31225e59ed8cf4cd8ad2c08f9cf61b833937436a3b43104bc5966aa07be,5af53b6ca11c6cebd6a726022a4e198b6aea4360838d665b137478bc7b5e15c7,027c2841b3488e4c1a059c14dd45dbd6441262399f258c8d2ed0ccbbe6bf23bb,2349db053ba4b7365d176b49658b262413785684b4fd23f5ff6473066a05f0e0,6a6b3776af2ea6a131b42af455eaa11c55fcb3fdb1ed61f1ffbafa8e26c9f1f6,10306b93037e33650b408bea5a48c54a4099c775aec14128bf61565affef2a9d,HMAC-SHA256-DEMO,AUDIT-2026-05-STEP3
187,65c28b88a9bfe06de3348716,2026-05-28T22:45:00Z,REQ-000187,58ae919f19aeb7c7f1527d26,STATE_01_DIST_02_PS_02,d4efcb9a9982cc5a71505982,escalate,ESCALATE_PRIVACY_SENSITIVE_RECORD,P-2026-05-STEP2-ORACLE,ae867098fd00ab1ef0ebd2550a69f5677b845fc7877b452cf4f8f9b51047b4a4,55fe0bdbf45893f7d2e27345a3919b0131ab83d5136ff2950bec0f824dd18178,9cb781ad1aff3ad95caa8981010bb105ad7c704d67b780bff462560d541cdcee,bf4c5ccb5a35689f5fa3b0f72416f4966b79a5fe2fb86e0d553c27c5a2ce5fbf,badc09ce4e62c1ae4b1c908468f0c54f179a6c0d9d6dbb07306c97848d39006e,6a6b3776af2ea6a131b42af455eaa11c55fcb3fdb1ed61f1ffbafa8e26c9f1f6,a88a7eaebd3a29c91f2b0d677f40173d93f670a7e279de2568a85b1535c70a77,8f9f2cf0f3da21b903ccfea136f6574369959c87b569a1adaf7bf738542f1d2d,HMAC-SHA256-DEMO,AUDIT-2026-05-STEP3
188,407b338912c5e93cd823d0f1,2026-05-28T10:28:00Z,REQ-000188,5d49251d25024e2ef906fcfa,STATE_03_DIST_04_PS_01,26560f8c17e3de8c4965db49,deny,DENY_STALE_CASE_ASSIGNMENT,P-2026-05-STEP2-ORACLE,5220bd7d0ff63df4106a93508db7e9286fa46b33f71c3a562d50d50e8ef36c50,a3a73ddb942c334523eb529d0848f8402d66f782f5f6ce093d54d08cd27832c6,49d71e623f0f2688d8df8c9eac02741f592cf91c9b69a5b9a106215048220696,b2388270306fb77b79561f3024735f2003890d0045dd7fa8216a65d3126e3116,6df2174829128f8cb6d2b3083b0968df24135fc2dead5a24ad1b7bdff4e7637a,a88a7eaebd3a29c91f2b0d677f40173d93f670a7e279de2568a85b1535c70a77,028ea7665a447fdb8244dc6b3d5a1fdc96ef0cdaf00d9655fc55589a41554bc3,8148b1121cb6774caf604fbffac67e5395603b5ac8b449e8983ede872719882d,HMAC-SHA256-DEMO,AUDIT-2026-05-STEP3
189,fe2305d2d5133a94a48934b3,2026-05-28T04:21:00Z,REQ-000189,e48c526210cf797e3886d5ef,STATE_03_DIST_04_PS_03,9cfb441fcd2d957d0a3af473,escalate,ESCALATE_PRIVACY_SENSITIVE_RECORD,P-2026-05-STEP2-ORACLE,6c8ad50e8a10224e71d2f4e4d911f887678923dbc73737d1524d17f27b37c87f,d89a8958a0cb1628cfbd70ee27a347205949308f33958328f117df3963394d9f,773b5d3cf35a33feb871d95ebb3356075b329921bae4b5bf396dee34a120c444,420b71a354f799b35aa3fba3f8e85d7499922947c2b1f7aae260c46f8a46f11c,997bdd9e1617dd85b5e809e6a6751f2dcfdfa36b985a0a8171adeb3cf0571dfe,028ea7665a447fdb8244dc6b3d5a1fdc96ef0cdaf00d9655fc55589a41554bc3,c07db43ee5cc7ad17b566aecbadbe133f1a2c8f016ec017b82cf758b4be90323,c77e34ad1da501600b73076403c4d396edb6a8e5d6564246992b227df85758f0,HMAC-SHA256-DEMO,AUDIT-2026-05-STEP3
190,a216384443c1f0a45b66ddb8,2026-05-28T20:20:00Z,REQ-000190,84a9b6fb8d6efe7cd09043f6,STATE_01_DIST_02_PS_01,cf0a8bb9bb95909a28d05205,escalate,ESCALATE_CROSS_JURISDICTION_SENSITIVE_RECORD,P-2026-05-STEP2-ORACLE,15bce63922f04edec608bd80d2083be022d08cbd81f9903a809c5c8cec5d23fa,c0566fa2aa2f2d667d4823013d2d2fd1d79c3c7ce322b37b687a363be7d18a08,8018c4ff0177d1fb0ef4977e44838e38ad1ceda60fd4920dee82fb1fb3a1113f,76bd7182a1a814e05131ff1008be374e44fab719e1dd17c9082b0a2902789803,01a9421d208d0c9ebdfa5d3ae1034ebc46a59ff6a5e7f0dfc9acafe90f943a37,c07db43ee5cc7ad17b566aecbadbe133f1a2c8f016ec017b82cf758b4be90323,43fce1b8c9fd15733afd3bda0c5b185913ccb6e3bab0e7c1decaf6f649dd9afb,fd702f75a503c63a457543c82d7e357b110fc8c1b537a0b523951876f912636c,HMAC-SHA256-DEMO,AUDIT-2026-05-STEP3
191,f46265824e9e5aaebf6ba83f,2026-05-28T11:01:00Z,REQ-000191,100ec956e3b5dce60e3db6a6,STATE_01_DIST_01_PS_02,48758dbc1a6f7f4934133647,deny,DENY_INACTIVE_CREDENTIAL,P-2026-05-STEP2-ORACLE,e4150ac6b17091d9d7e717f1d0b0822ba60b7977cf639afceae3fc159d25d4ab,91de61ac47a19b89fca8a6f449c22753f1973472d075a6add465b37a350386ae,0fdace44ea9887e18493edca44b337f15c88c4ac9e3c0f381b75dacdfd796ec5,df6aaa534ce3623c311f3e82cc7941b674e83f91c981994aee4f9e1c382358d9,718068cebcb342ee0f1b5a1a141df067b0a33df060d945e18b4828c148e33335,43fce1b8c9fd15733afd3bda0c5b185913ccb6e3bab0e7c1decaf6f649dd9afb,8bf54fd42a13e44c3575f5db4259d1ae4d54b132bb745e7037838fd22fd0be48,e8456eaf73344c8c5e976125dd269d90d7d1fc84cb83cf2a3f886c50d72fce71,HMAC-SHA256-DEMO,AUDIT-2026-05-STEP3
192,9d80942745fa9091e3f05172,2026-05-27T22:24:00Z,REQ-000192,8ec325482a0f9259719128c5,STATE_03_DIST_03_PS_03,e5c055800da6250fb67db7ab,escalate,ESCALATE_PRIVACY_SENSITIVE_RECORD,P-2026-05-STEP2-ORACLE,7d5913dd209f1429511a6cc18536fd20ca6ae1f18b591f040ee750f52a8e6009,5d65c2121eb0198e6c28e1de2ae84fbbeb787716eb4a65fcbccc73d8e143a0b6,1c7f9af0665bd58e23175a4f3d7c3ee3d87215fc81f851a17f76358ed9ab6768,970659f7f42a0f2f472fe70fe72950405e4346e8254877120de611837323745f,3f291e89f4e4961b5a9af28ff0a22e251929da9b1dbe20024cd4b666b7c73dbd,8bf54fd42a13e44c3575f5db4259d1ae4d54b132bb745e7037838fd22fd0be48,bd94303d540669486bd39b53bef6ea172aa6e03ec9cda0d4e29b4969bf19baec,63fbb5aa187cccfbb1050216ea1815e1075540880e1f7196d42ca90ca090230d,HMAC-SHA256-DEMO,AUDIT-2026-05-STEP3
193,ce59b5462cadb92dcbd1a9bf,2026-05-27T06:26:00Z,REQ-000193,0f7c12f84c6ccd771a655279,STATE_01_DIST_02_PS_01,cd84e4f0dd8740713e22e1aa,deny,DENY_SEALED_RECORD_WITHOUT_COURT_CONTEXT,P-2026-05-STEP2-ORACLE,0a2cc32ba664df23b8a10146e96e32128019fbb4a330c48c42ebf87ebfdb79bc,64c205bf3167d03eeafbd88401ddd71ef2face86cd387bf6b6422dbf6bb260c0,bab6a69bad8cd0b729ae55ce56becdcf71c616c7afce2b2e36ee43c13763f7bc,52a9e1c6499543048a14d54c6618eaec66ca054ffca4292ed92055ec359f5859,cb8010c1f7a06f8dbdd6ad66e2b23c04c51619ea9544440b7675eeb3833baeed,bd94303d540669486bd39b53bef6ea172aa6e03ec9cda0d4e29b4969bf19baec,59249d3c73908a519e7034d105899db22a2694990dd469d7af86f17ffc392261,08b5bcdb2b0c92d6c649b0063c9907a22efbcff7332c127d3a0cb96235abed02,HMAC-SHA256-DEMO,AUDIT-2026-05-STEP3
194,2bfca370ed4c428871ce57b0,2026-05-28T05:06:00Z,REQ-000194,58ae919f19aeb7c7f1527d26,STATE_01_DIST_02_PS_02,5c4dcd6cb3328632f88609d4,escalate,ESCALATE_PRIVACY_SENSITIVE_RECORD,P-2026-05-STEP2-ORACLE,09356f6f88a79b60b8372f234a5a5e6ad9e3538c30d665584cb8d0d3e4e75ab0,50981faccbae63e83f93f6d18e2a6ab47bddcb58ddc2d54270c26ed09c2c2025,1175d797d592dc27c1661c739e84b512412dcf4d556b138230b3b3225622db4b,1f016e59e43a35c67edf0b4f52df81505724defc194e60c323152b23b07bbbdf,eb92cf00323c52867d01daa50469fb22e07f16f681470b3d0dabd95dce639ca8,59249d3c73908a519e7034d105899db22a2694990dd469d7af86f17ffc392261,01d2b71be4a3ab3f4ef3427d4cd43097a9eddb82f3e4d9fd043f593116164b47,dd24c4b31d882cb970121799999fdc197d230fb21da582c655f8b25d570c2a45,HMAC-SHA256-DEMO,AUDIT-2026-05-STEP3
195,ae1c05f895c347044c33b593,2026-05-28T08:30:00Z,REQ-000195,1abb810c99dd60558b095f4d,STATE_02_DIST_03_PS_02,c1be72ae2e586a7fecd00956,escalate,ESCALATE_PRIVACY_SENSITIVE_RECORD,P-2026-05-STEP2-ORACLE,907a144e4fcef78e682cac2559f49c5f5ba7ebf4228181f13f113b56d91cb507,d6564d41d00fa92a7d3f87ce1a3fd6b7cff2c759d5574aa6e45926b134cc3bd7,5235f175c935ddb8c1029ba5770294c960ba84ca51ae2ac761aac89f1b8fbfb1,b971dae49a3db58e06ceb9d1561c18c74537ac1d7939c9ddccebec0d15d8ff68,471e5d32453193bc052f8272eec38837309c66b4745332b72b12e6db660f59ad,01d2b71be4a3ab3f4ef3427d4cd43097a9eddb82f3e4d9fd043f593116164b47,43a6a169626f15aabec4acfe5a6ac56bee69de9ef483500230b8390530012701,f474c823b274d781b1efbbfeee3268b73739f4b448f6f7808e0a8b8118212416,HMAC-SHA256-DEMO,AUDIT-2026-05-STEP3
196,a6ea0be1fdaf13e9e0b3e1db,2026-05-29T07:32:00Z,REQ-000196,b43730f9ee11d476cccd1130,STATE_02_DIST_02_PS_01,2a05bb6a95495218d6bd8508,escalate,ESCALATE_EMERGENCY_REVIEW_REQUIRED,P-2026-05-STEP2-ORACLE,f051b85a4702f9f8c1bbb68926d89bc19784d41ac04965ab5028d53fa05b1f5e,4587dd44a3df9e736e6173b67f5c36354932fb82d1077c26eed2c002cbad18c4,8bd896637f1a2b738828ed0085a0ee1b84a463dd039b296393437fc25293b1ba,a675e9644b47e25f6222e044b1e8fcc197cbb738f1eef60ce9d9f1616c2b42d3,2fe100f2ab6291a80aad78c5c24a8e2fe4c0473c9f6d1eba6a26bd18adee835a,43a6a169626f15aabec4acfe5a6ac56bee69de9ef483500230b8390530012701,03f495a4eefc66b2fb0b858a0af26b4357a64878b11f45e374f46ff2a4bb020d,6390beecd99e0a6b31b867c44c9a12ffa72984a140f230f0aa2a11ed6f576758,HMAC-SHA256-DEMO,AUDIT-2026-05-STEP3
197,8d0766547861e56689bd5f3c,2026-05-29T07:49:00Z,REQ-000197,c6c5d38ea874865e512ea30c,STATE_01_DIST_04_PS_02,59cec4c3a5633ecd97648ccb,escalate,ESCALATE_PRIVACY_SENSITIVE_RECORD,P-2026-05-STEP2-ORACLE,73457a8deaafea21f2cbca8d9d60121cc90d7dfa49603aee65a135e524a5b474,9f745e5d938c8cc484d4e4c4d41142b4bee9dda31c484c0dff6ec03c4854e97f,9d742360e29b32fa07394ff9a4ce3a121efb44e8373d91f7656ead7a769f200b,86c3147e848f78bc0305cef76466557821e94fe1584aecbabebcac4d9df2df0a,5f9e51aefefa1caa880a803f137b33d1141b25134d260be4cadb6044a72ec303,03f495a4eefc66b2fb0b858a0af26b4357a64878b11f45e374f46ff2a4bb020d,3f8a861a1cbf72dc2c5b96cb6f33b203a9073ac62b62784e109df16f868b62c6,24d7f78429a9e4fe1f410f816f5312eae162cee9f7bca2e9c37ebdeda5f19892,HMAC-SHA256-DEMO,AUDIT-2026-05-STEP3
198,46dbf309d69138b791c292cf,2026-05-28T09:00:00Z,REQ-000198,5ce4d64c20eb4b8a7537a1f7,STATE_01_DIST_03_PS_01,187880cd627f35cb125937fb,allow,ALLOW_ROUTINE_CONTEXTUAL_ACCESS,P-2026-05-STEP2-ORACLE,a45e5bb1dbe0336da64005add39f50a6c207fc92f1f563335615ffbb0be327a3,8e7a39e36014086abe78d13cd403afb22c31ce01f8a48f125158edce19d95880,5179f3dd5441c5a806d73ec21c981e9474feb8f40dfa0f0bd4964cc02ccdf9f7,44fdc7fc3c8de577558a2bf7d8aa218b9acfd8341bca6d6a18beceeadf4128a3,aaa8c056e363e61571ea16ac2b20856f2999eca25bbf76317c9fd3997e61d1c2,3f8a861a1cbf72dc2c5b96cb6f33b203a9073ac62b62784e109df16f868b62c6,e206efae2eda6be9cf66df454c61fcf03595bdf6e3d77e47f8cbf93069a8d559,76f80d9160213f7ec408ee554649238bb2156166e5b476c3dbde912d40c65d3a,HMAC-SHA256-DEMO,AUDIT-2026-05-STEP3
199,aa18f30e56b887c8c6823372,2026-05-28T22:26:00Z,REQ-000199,6f9812bdfd1847e653ec5454,STATE_01_DIST_01_PS_02,b3d1d2f79d5a7ecb8b5f0667,deny,DENY_EXPIRED_APPROVAL_TOKEN,P-2026-05-STEP2-ORACLE,8e02a7e66bd270ee64c3ebae0ecaed593dcc88dd95d36ee20d5901fd283c2639,80d36b58bcda1ae3a3124ce956efa468d06eaa9b125fee09ddd9cb2d0f188afb,9613e491df095ac0364122a56330ae244fd4d4bedd76e8b4d3a003686e8302e9,405e879583a1884b3631e540ab7c9ac041d2ae5c8aad4515364ee8a472c42077,d5df0d49bfbf4b8f559203bcbfc892c36fe45c3d73b28a526e8ac7f3036bb228,e206efae2eda6be9cf66df454c61fcf03595bdf6e3d77e47f8cbf93069a8d559,a1528b3758b304412b183cb67afd97c9b8d11497be6543425c7d57505ef03152,0374eb87de05498a82639d37699b7c9a1af011f4f4a916ed360c2c24fea96c65,HMAC-SHA256-DEMO,AUDIT-2026-05-STEP3
200,f5b11c8b7c17712b5f74e4a3,2026-05-28T12:40:00Z,REQ-000200,956b1c8673c706b9098bdcd1,STATE_02_DIST_04_PS_01,0031d7cc69231177ee5472a8,escalate,ESCALATE_PRIVACY_SENSITIVE_RECORD,P-2026-05-STEP2-ORACLE,f54c1396830bccf0f2995a12b51ab70663c953cca5295d10f14b563c2af32cc2,49aa90ac1c8e1a0ee35383ddd2e7c3d695395a136d2cbb1596d3f027eb7918a9,f4f7770c2c96ec5913eee79ec7a80aa2de155b462fd64383cba0126fbb43c8e7,fb7fd763dce8d0aab2bd486b2ae192fcc0a2ffb145919e53a8593ae1bd598cc6,4fa3178ecb6fe0ae54310832f7825e94a7c9324ca965d0a19b958206e2ae7be8,a1528b3758b304412b183cb67afd97c9b8d11497be6543425c7d57505ef03152,5ca7ef05e16d67cca351ebdb1934706a48f507411aacebea9167cb1bcb388944,877276ab4c08c508ebd520c7bd02bee41fd0de36b842eecac0d5e6ee014862c5,HMAC-SHA256-DEMO,AUDIT-2026-05-STEP3
201,9b095e2321dac637691dfdf4,2026-05-27T23:27:00Z,REQ-000201,5e4ff04af077f5ff22cd6cd0,STATE_03_DIST_04_PS_03,9cfb441fcd2d957d0a3af473,escalate,ESCALATE_PRIVACY_SENSITIVE_RECORD,P-2026-05-STEP2-ORACLE,c9c67fb1df0200af727fc5d44341803d077b7fd7b4a2294826d25707161662a1,2eab4b5bfab5d81c735eb609022db271f2207da3979fdb37ca89f6c3df9682b5,4c246cc0bc1ae0a89435ed4ae1ebb5e20016f16138f0aaf6649d212b1006fa9f,362c5b6a81f474378e82549ed5c5b8ea26e3fd632dcf3eb5c15003ae03f0a214,5301bd5fca541cd2740c58e9b7da3507101c3ca4f8c46ef30ae101e40d7252b6,5ca7ef05e16d67cca351ebdb1934706a48f507411aacebea9167cb1bcb388944,33d148dffcae42cded819805769082ab86db054e00fa12e7a4ae7420aa3c099c,e58cbd8a5af43adb60d972e930ba2202e85a1425cb2d41a2d60db07d0b0bbcf3,HMAC-SHA256-DEMO,AUDIT-2026-05-STEP3
202,77af8063881085e7ed1666f8,2026-05-28T19:46:00Z,REQ-000202,8d450ebb6d2a4135d240f974,STATE_03_DIST_03_PS_01,2e977ba934961ac3b1ab490d,escalate,ESCALATE_PRIVACY_SENSITIVE_RECORD,P-2026-05-STEP2-ORACLE,805d00e3abde4fbf6817f97497f53c09bec484c65a687f2836f66c91500b65e1,96608e14296d39d9f3836085b35ba9d6d932b5b40a439fa780db536f1869fd74,60d033bf2ffc2ee3cd66c99e0557b201b97977ab7a074456d9a2a1c2b9ad2642,50ee14e373332599df128f74c98cae726722e2a8e0915313555ba7009051cd04,784aab4e578fccba9f68ab4848becbd48696d96236d9e7c0810c75cc6ea796d9,33d148dffcae42cded819805769082ab86db054e00fa12e7a4ae7420aa3c099c,f255f3b5c8d78995468fdcd7151f06f57098a7778fdeab6a207a10bbca6f4f73,697f7d003431ef5052234dacf10c2e63724004ba163c09ac93f4915b93bf0d59,HMAC-SHA256-DEMO,AUDIT-2026-05-STEP3
203,03b26ca3ec674260403508c3,2026-05-28T03:04:00Z,REQ-000203,858f20314a8c64995d905a33,STATE_01_DIST_03_PS_02,1ce4791bcfe4088122f5f137,deny,DENY_SEALED_RECORD_WITHOUT_COURT_CONTEXT,P-2026-05-STEP2-ORACLE,bd4f6d9340415158d287eb355aca1ae619bc0f6ac046ad992938268ddd0c4a0d,1e25e1fd3f7b37a032047f39ad2b50a17f23963b2546a9c7a4c1f19d9a9c6ca3,4f135f2493580f9e1bab478442abdd93581a44c0011292b8ce2a949fd42cb18f,4897e6f87990e5cad71df213eb4e3e473099c47e552d849638823944dccdb880,a2d09b5c4c8b1774843d7471ad81bef2ea4bc2fcf6b36c809a9b0e619926a958,f255f3b5c8d78995468fdcd7151f06f57098a7778fdeab6a207a10bbca6f4f73,5c6437ec2d15a0b764af472eef4bf7d75064ff559fd9d2d9e1beafe39f656b0f,cb2c01dd4fdd2b19ff07fe60908056f1149f5ffc391935c82f5be1c245312ef4,HMAC-SHA256-DEMO,AUDIT-2026-05-STEP3
204,aef5d3e75d51ee4b4f6c8762,2026-05-29T03:00:00Z,REQ-000204,7dd10e346a2e773cbf9da071,STATE_03_DIST_04_PS_02,b3438785218344505dbd3e7c,deny,DENY_STALE_CASE_ASSIGNMENT,P-2026-05-STEP2-ORACLE,1d1ce9953315f80b5b016d94ef168df8b23cf20333f2b16b1847f1072bae8ed1,6e955a1d23c3547efbc5ff67804374b46acb571de104c60e0b37f37e5d0aee1b,aeacd49afece334e7a19d5745300c79e9cf6eb5366b869b5546af72ac30fd948,bc1ca6ba5bf8573f9f6119100f92703e32898fdd0a38cf80652769abca6900c9,3983bc0b7f757d412dfbd4b14efddbfa229bfb98cd82199a0068c83864f5952e,5c6437ec2d15a0b764af472eef4bf7d75064ff559fd9d2d9e1beafe39f656b0f,3058a89e32ecb9328a5804a298c647ab7776e91094016e09bee3c0e167db720d,a855b28bf927e63102eabf93393b40a26198ba27d5d81aff5ccea9bf58e7635b,HMAC-SHA256-DEMO,AUDIT-2026-05-STEP3
205,02aabd9f3a686730e57f8e13,2026-05-27T20:30:00Z,REQ-000205,100ec956e3b5dce60e3db6a6,STATE_01_DIST_01_PS_02,c4075db33966cb270b3f46bb,deny,DENY_INACTIVE_CREDENTIAL,P-2026-05-STEP2-ORACLE,8f6338dd2cea0506dfb2c7b4f1dcc6b4e52e88a6dc73a44253e87a6b622db15a,73661ce21ea0dbde4d81bf62ec61f674e3e9419f01387ce2f0ab987cefc9f33c,721bb1bb803ebf73c4ea1d03fd58eeeb670aa81f66d32a8a70d4f1881bbe808d,8bbcd7dd90abfe0ca7a288b1d2ac8d0e2ecdd906187b49b3d0764580f9b8cab0,a797a0e09f68eeab2dc233a54d74cef8a6b646a927f9bbe463c5db374ef9ea26,3058a89e32ecb9328a5804a298c647ab7776e91094016e09bee3c0e167db720d,d015fe2d35418be968d4e56f86edde87d44d2a982068d1c044d4e946c71456bd,4e2c81a4419bbee861cbcd38a4f4f705adeb41a3d11d75e92539cc8e5ff000f8,HMAC-SHA256-DEMO,AUDIT-2026-05-STEP3
206,b4c9a0e4ca69f23cdeee03f5,2026-05-29T06:56:00Z,REQ-000206,614c14e8c660d73ace97d265,STATE_02_DIST_01_PS_01,7421d676dad537501affa1f2,escalate,ESCALATE_EMERGENCY_REVIEW_REQUIRED,P-2026-05-STEP2-ORACLE,cd420d9188737193784753db7ad3da922a0cfad676b26789be95104948469b9c,5f79162e99ff5603b76df14140532b87a5e46207d18224a8f6aab165353d1313,ff9ddce7e244b13b3a44bbf9ce97804297fdb3e540e4c72a777fc5e17f2756bc,d853e3301b17ca4d88af62a4782b40faa57e4bc1aec397f45dc50db0fbd8efd8,6b073fe5d7d6e38fd01cdeb7b98d164b55c96cff01e720dfccbd723d50635cb7,d015fe2d35418be968d4e56f86edde87d44d2a982068d1c044d4e946c71456bd,fedf375b2105d1d5e7c5d695a4b86d2478d2095f54ca8cd59487c7f8b327d543,da1005cc2b96f3b2db6ebd5841bb47d15565188523138cac2d3aca7e3ea2d9eb,HMAC-SHA256-DEMO,AUDIT-2026-05-STEP3
207,958c36fa733e9eb784a7fd85,2026-05-29T03:45:00Z,REQ-000207,2deed09bfdff4831b0bfcd1c,STATE_02_DIST_03_PS_01,b3d1d2f79d5a7ecb8b5f0667,escalate,ESCALATE_PRIVACY_SENSITIVE_RECORD,P-2026-05-STEP2-ORACLE,02dd88c587049c2c160218a7827d95132b1a6c3c7966677677700c9f0240dfa6,fce63e65f2f760c14f39b5c1d31092703fa5c5ca284c399cd4f2382dc438df97,59972b74dde9d24c2abf34414de69ee02872efcf960a40e2562b99443db3e811,94746bbed6556d779ab32de79b8b274573bd3aeb4428e8bb6970f6e3aaabd82d,09ae2d43291511e6f1ae3eaf7a697a9d07243b8ffa2ec52af44a30b3523fd14e,fedf375b2105d1d5e7c5d695a4b86d2478d2095f54ca8cd59487c7f8b327d543,74cbfdc6b74abe2c63aaf5447c780f9412c8cae2f53af393cc1713c647d03d1b,0c3e1dfc25dd9742b0662c5cd79a57c669c502695017895c5a2423c449106d7c,HMAC-SHA256-DEMO,AUDIT-2026-05-STEP3
208,0148a0c5cad853cfa3d9b000,2026-05-28T21:04:00Z,REQ-000208,5f299dc3f248e4c74232aab4,STATE_03_DIST_03_PS_03,73230ba21a564ed91e8c7eea,deny,DENY_STALE_CASE_ASSIGNMENT,P-2026-05-STEP2-ORACLE,1be26e9348a889e74564e5b5146e10ed832725c0584a8e082c180e899255d409,dbdc8b919d3431b0fd8284696d5c0ff8ab4f65e961ecc64929ff422c1630d8cc,85f339807c6610b75c177b982321ad67079e5b3ce2e4bc0f5c41f9cb6e5444ed,e5abe4fc40634196eee4af09bb945804eb097500e544f75ab0b3b12413826335,c4c7b51a64bc4ef1ccba361102e6606e414d511e3a438b4e993377381d619370,74cbfdc6b74abe2c63aaf5447c780f9412c8cae2f53af393cc1713c647d03d1b,61e67a51b08b78f7e02c2ea3edf41eb0e7a1702ff86d557f0cb3c7ae3c16c6d5,553980f7396b9393e14ff5b059a14d68914ae1c10abbc5211dd10f83a0c619e1,HMAC-SHA256-DEMO,AUDIT-2026-05-STEP3
209,52d6426033ec94f0c367343c,2026-05-29T07:44:00Z,REQ-000209,f30bb583158115d6451ff1ba,STATE_02_DIST_03_PS_01,f4972800f0988fc7dc7942be,allow,ALLOW_ROUTINE_CONTEXTUAL_ACCESS,P-2026-05-STEP2-ORACLE,cd1235daac1e769d12aa3003e417383ee9ad22a3675d4c0d71023e558dcf6a1d,70785a92ee0cfe11298f378f60cc434720b6258daa9e616a6fe3be960cdf902e,305132c4b37972133cf5b899906150aef9561df8107c4e081f0ab8a47f409bb1,12b5b5f70649fcff6b58007a2853f0c7d3351abccd96788adaa402c356d58254,1867e48641d19c0f6e0f6bd79ce570a7ad7900e3efd0e7aa8e1a0def8451c893,61e67a51b08b78f7e02c2ea3edf41eb0e7a1702ff86d557f0cb3c7ae3c16c6d5,46e18b9878dc52f924fda34a4ed277fae9edd840775927aba96d1fa5a63269df,f32e332e02dc8e28e8f7f72336381ff32e1a810074658927c805db909bb7a624,HMAC-SHA256-DEMO,AUDIT-2026-05-STEP3
210,cb8cf6882735b7778adeed14,2026-05-28T18:00:00Z,REQ-000210,c5766246d7388485ac5c149e,STATE_02_DIST_02_PS_02,1ce4791bcfe4088122f5f137,escalate,ESCALATE_SEALED_RECORD_REVIEW_REQUIRED,P-2026-05-STEP2-ORACLE,e47a98af2729879c803fb67e53cc4d4ef2ba3fb3895214af0dfe01dc0ed4fee0,fd659f05f5ad002cb7ad06c722965d1397e6ad556e90a494976500fee6eed50e,35791c6cec21cebbc5234371a42afce1b332e6202dbfc2f2613346d319eca532,dab57bfa69ac01b604220b4a45a17b21212412d1cd958d6e3698248558553b45,79dd917abad2ab91ddf211347f66ac6829fde1247a61b07bd0f697b6915b11c2,46e18b9878dc52f924fda34a4ed277fae9edd840775927aba96d1fa5a63269df,15b290eb4f41695f02edd86050095412116a84078af27c0bb8045c2cbd52d32a,9182146bcf86c14b97027049fce7ec6b7a6465c9855ddfc1ed0453b2ea76e434,HMAC-SHA256-DEMO,AUDIT-2026-05-STEP3
211,eb9d6394f79606497d9f3108,2026-05-27T21:06:00Z,REQ-000211,9f1a046129b76f0cd0f13803,STATE_01_DIST_04_PS_02,19e175daeb23a7b7e4767fb9,deny,DENY_EXPIRED_APPROVAL_TOKEN,P-2026-05-STEP2-ORACLE,9172f249763fb172e9f0f763501d19a20b2165f14ff55e1a8ac80585162e6e05,b95cc611067e8a70382d5a37ee91c68e9b4cf7611e35ac3b18533628781bfec5,ef266b49392189118774c1a9443f2ac36305eeb601ae724519c4e2fb5319c314,d171d7f94a1bf041a85c328310c7da2330387a0fc7cf2a58d324b22a1618d46c,ab46d35f17f809f35768669b75e5d12a72089cb6d9bb48df17bde993b7dca2b6,15b290eb4f41695f02edd86050095412116a84078af27c0bb8045c2cbd52d32a,c77a917adf2de734344a7ab23c6d0f48ccab1dba692696345e94bed25dfee8d4,ea929a1a8e2601467d4eb72822a9bf66766fd3ff024a9cfb5a283487235e2079,HMAC-SHA256-DEMO,AUDIT-2026-05-STEP3
212,4e55b1e744812852f99ceb8a,2026-05-27T17:40:00Z,REQ-000212,5226641dfbffc5688ec0818a,STATE_02_DIST_01_PS_03,63c910ce62e656e7950b3fc5,deny,DENY_SEALED_RECORD_WITHOUT_COURT_CONTEXT,P-2026-05-STEP2-ORACLE,1268a96e60d750854dcc9441a3286ad61b775781134bced6425f5e3c2a3aba74,1ea1cf5cb2edd3286f36128e293de43d6cd77fd46d3324d1022a26f0a4709d02,f9fd13bac442af4c08a2a64c5b52a964e3bd0d39188212c1ce98df6901e3ceb0,e9ea2dcc0be6c8288861a6e54a4bdee16d436bcc37a7f178eea0badd853558e5,496a3aa35ce3d035a10082386b6522944ae4654d8d89293f978087a6bc6e1975,c77a917adf2de734344a7ab23c6d0f48ccab1dba692696345e94bed25dfee8d4,6af126deb6603b4f269e9fd2fcfefc830eddfd16bfabf81edc5e10ab754ace9f,e6336b4d5a2a5652456a07311db9b7209f9eb3616315967212c4573846db8afc,HMAC-SHA256-DEMO,AUDIT-2026-05-STEP3
213,4129767a47e8b429e7940e6f,2026-05-28T07:57:00Z,REQ-000213,1f84d906e82c7901ab98337e,STATE_02_DIST_02_PS_01,202493a89eae5b6458ec7ff8,deny,DENY_SEALED_RECORD_WITHOUT_COURT_CONTEXT,P-2026-05-STEP2-ORACLE,ecc3f933d668facb53caaf7d86f027d453ccb089b6e55952a8f7cb5d12d83dcf,bcde32d0b1eb2b525962d85ad5408b627d93a946af74e836b9f90f96d613bd91,37c198d0fae8e82bc9575bc9f0fc08983c66cc0bc82baecc7e8d745e82a4dc20,2333fe238540c0d9f74ee93034d91c31fb69ee7a5698455e0aa437041ce7b8ea,6e377506a95e2b840b6d6f3936aa5c1478779f268877e2df949f93177e14837d,6af126deb6603b4f269e9fd2fcfefc830eddfd16bfabf81edc5e10ab754ace9f,c285e0e5403e4d1bd6aa54bf252ab0bdd84237d3da4187df8e8861ca99b5fb6c,fc362fb2494bfcc68e940834e945851d976e6c6a58ab7bac1d3ddf3d8b0a4626,HMAC-SHA256-DEMO,AUDIT-2026-05-STEP3
214,4f7052f0787892db1f20dc0f,2026-05-28T08:06:00Z,REQ-000214,f30bb583158115d6451ff1ba,STATE_02_DIST_03_PS_01,ae6871039a0d9aecf690453c,deny,DENY_CLASSIFIED_SHARE_WITHOUT_VALID_APPROVAL,P-2026-05-STEP2-ORACLE,ab8ce258e84f9b9d79158db5c544c3003403505c45128a2f74b9de1fbe921e2b,5766a07a6de3ffdba8d5c9d32bcfb272efc0737ce6e7741c20bea2a0746b1e65,01c66822f470d7bbd4791aea9172176eb7001f783bd430a802583ecd76a5ed4b,a7cdfcc2f77024955408be64dce8a23544016b3729abcdf16a35cb48d211add0,6933a63dbc9249dac44a9b0b86d300fd58ca39554b9c3c93eafb681e59785cd5,c285e0e5403e4d1bd6aa54bf252ab0bdd84237d3da4187df8e8861ca99b5fb6c,e841095dede11a2f4293406389ad6aed75cd1424ac88e51cbd6e38e2ffcc056e,0d3431652f4d1da268116decf435837a955626a0906e25e0e926519c036c47b7,HMAC-SHA256-DEMO,AUDIT-2026-05-STEP3
215,7c67a931e42e4bd604d977b5,2026-05-28T22:35:00Z,REQ-000215,21f9b37fcb4f7d2db6857d62,STATE_03_DIST_02_PS_03,b3eecf3008e24f3ad0d4b532,deny,DENY_SEALED_RECORD_WITHOUT_COURT_CONTEXT,P-2026-05-STEP2-ORACLE,f81b277db3beeb291643724c8f84ff18c08f0f51a62c3e6b5da03196e193c16d,0c4af662599acc56b7975f98f9f57e1b93625ce8cdaa3cafe268e99a6782cff7,b94bec9c1f48b106ad4e8a5dc589f070496d92af9f97d23ea37bcf1e6cb40f57,a03bba38fc11a6c144a94536a64f1bd75c8b1b4497fd2f85d1edcc5b9bd04792,73792e6488f6fd717c75186d177d964702d7c029241a61702ed2ab0a7daca441,e841095dede11a2f4293406389ad6aed75cd1424ac88e51cbd6e38e2ffcc056e,93d93b893edd081cac7d89bec8c25159aeaa28e65654f50aa74c63058572b5e3,a74f7b6f601b5df210687fce86593a7191c026a0242d7abb09782bf44dc8343c,HMAC-SHA256-DEMO,AUDIT-2026-05-STEP3
216,19f7f0c39512e6f0a6f566bd,2026-05-29T02:24:00Z,REQ-000216,7ea4c7cce178f9ad9715431c,STATE_01_DIST_04_PS_01,7e8ccab175c754a03694eafa,escalate,ESCALATE_EMERGENCY_REVIEW_REQUIRED,P-2026-05-STEP2-ORACLE,aff772255af89ec44134c83b7d6eb9a2a2734bd9f3d718e0f02657fdd1288279,8d7f30d0981e10e106eff7c844b1a87f66fb4636e8912294e0a7c0631b1e3790,552e7e920f219a8273c818c3427d5bc8143ecc1d0c856f3f29926fc6732e48de,f43225368a0c72a03281be102fbdf58db991d7a572c8df3cbe2c5fb0b0f47f0f,6d2bf1f3cf2d9510065946de1e7e4e5a75ed54773a9d1bd03d87d9706f06a16e,93d93b893edd081cac7d89bec8c25159aeaa28e65654f50aa74c63058572b5e3,c07f66f78db44dd69269f56d23d0678b4145ac91f81556115d13afaff9274d5b,ed135c222cc89784eec1a15f958e22df24fadc52afc428be3a26429340d9e92b,HMAC-SHA256-DEMO,AUDIT-2026-05-STEP3
217,6204b392e94a2da6444fce77,2026-05-29T09:52:00Z,REQ-000217,17c3357ea795f04352db1db0,STATE_02_DIST_01_PS_02,6306f9f14c804fd8a63eb60c,allow,ALLOW_ROUTINE_CONTEXTUAL_ACCESS,P-2026-05-STEP2-ORACLE,2d365e6f319f2db49148b8c820ce39fc904fd6fe8bcfd02b99d93b6b2ec2da60,d955fbc52f11efe087bb73e3f5f67c30aba7918eb1a500aab40be4aa6c2a1eeb,0b27e21d742ce2c99ba75121a656841f8825214510ace013bae05cd387c178b3,6474721a3fbc11679a40c35d0857f524dda9fdb59691d53f6600b7a29debbcea,d65e61ee7b4d2cfb7e2de366fbee4e11df2907470a05377016b2093e8e908644,c07f66f78db44dd69269f56d23d0678b4145ac91f81556115d13afaff9274d5b,5f40d6909606f0d7ab7c7e33b1df3b81de808e2c16e7207ef5318695683c2e27,556dfb7dd276b9933127d570ef4376d5d3a70e7edcbd7df19a5ada983e12f580,HMAC-SHA256-DEMO,AUDIT-2026-05-STEP3
218,4fb90efb8e95b6634cbf5bf6,2026-05-28T19:36:00Z,REQ-000218,d4da98f8bbaf8c84670817a6,STATE_01_DIST_03_PS_03,6a2e764a7c5c098cd2bd4b1e,escalate,ESCALATE_CROSS_JURISDICTION_SENSITIVE_RECORD,P-2026-05-STEP2-ORACLE,0437a9716471698a6860f8cbffb9fb67415aa811d8a50308ba5443eaca3593cc,2113d5e1a391e7f5d1b64044f224e3b894d0ca4f2ff7a5c968db39067844cb1d,c7ba3ee0786d9969f90df4c338a967203767910d3fea604fe077796e41e7cdd1,4585dfd01d30529eabef59b3a5d6fb5c0fc74668cbb44193be0943b64bbaaef7,6bc36f295f9291b32044d61a9c0dffc832360bc1c3ebc95ae556fb9a41d383a4,5f40d6909606f0d7ab7c7e33b1df3b81de808e2c16e7207ef5318695683c2e27,fbf9a8b3be62abcbd37d9aa38cabdd1092ca1d15674f36935fd4b95e2091d024,d1dc316b56b7a2091b25623a99ca930963d1d06d375efdbd3f3b2279cf561b4e,HMAC-SHA256-DEMO,AUDIT-2026-05-STEP3
219,72aa0d2f7066ed906275b73f,2026-05-29T14:03:00Z,REQ-000219,cef54734e093447c3864ede7,STATE_02_DIST_03_PS_01,6e868b11dcb21524d5970d01,deny,DENY_STALE_CASE_ASSIGNMENT,P-2026-05-STEP2-ORACLE,8cdf8c50a1fad31980b390e56876baccb435b570e423ea198f36cf373de20948,7d7222971dd1bd550092911184918dcdf1666968452794c3f9d1ab9f5e791306,72a4040bc50cb5f32aeb62842040b175b653568726f1d7606b1337ca7904740e,29f2d08ee4d21ca1266c2c7863f4e4288cfe5ffbb8cc615bcd95f32f3d5c6fd7,4faae55ec72f38c9224881c872f99d73ff5192b929524bfe043dee944a22ece3,fbf9a8b3be62abcbd37d9aa38cabdd1092ca1d15674f36935fd4b95e2091d024,c85caf2829797e415c326b2e83c98db8d249f15363e5d7db2d573008cdc183dd,1e54685511e5cb1405738e454f16d28e262ad68458ddff319aaf533145cf28f0,HMAC-SHA256-DEMO,AUDIT-2026-05-STEP3
220,85d60fe6d7b64f07842d23b8,2026-05-28T23:40:00Z,REQ-000220,910fbfbd952d337d55470015,STATE_03_DIST_02_PS_02,361a07f3293bb4a0066f3f14,deny,DENY_INACTIVE_CREDENTIAL,P-2026-05-STEP2-ORACLE,6c5b8ccf0816e15d393762c1f9e3899a3e77bd629236f3ffc3db1faef3a09649,53feef15c447dc68447e219a829cac572ede42561fe075ece39e30cc4c29c547,c1ee64617ff3c33801eb95ae0d5d2431d7dafab7f60ac6d09f5736a325adfcc5,a0851b10a5356181d30775b710a13691036bdf84f36459f26ac6d63c065bd81f,0ffb7635481f3781424b38562224066e477f922d28e9095dd5a81b41344cc992,c85caf2829797e415c326b2e83c98db8d249f15363e5d7db2d573008cdc183dd,573ec5026b5d37adc4ff59be81be624dc5561ea1c494966b25fdeb23295f5437,9935f78c8232413186bed74fea11e99a9724d796f9bf23f1a1393144ad522b8c,HMAC-SHA256-DEMO,AUDIT-2026-05-STEP3
221,ffb7f9f6dab26de1d39dd7f9,2026-05-29T14:37:00Z,REQ-000221,b91bac32e23ee5afdb826394,STATE_03_DIST_02_PS_03,019a5823b2dbc8eb666b5e17,escalate,ESCALATE_PRIVACY_SENSITIVE_RECORD,P-2026-05-STEP2-ORACLE,6b076a5ec6310b0aff0bd156d0497462a0610e00c737a60ed97909d3f9882d0a,ff5a1f33f29f474d36f01f7580275af273caeeb3b81391e374dce6c70d6d2f73,0d5c75e131e086b1206af413c07e506e08e00a565e3ce8fc1a3a690c82b2ccb9,8884f85978fa1a837a426d793ffc3cb03dbdc0133a976e690fc6ccfe4aa3e760,13f2b97f3c2e250638a5f1bbb1c499a4f7c7f145f507c364811455947796dc5d,573ec5026b5d37adc4ff59be81be624dc5561ea1c494966b25fdeb23295f5437,a84d443f66e3717da0eb745831f81dcd714fae3c84b7c06065606c850e418a1b,db2100e95d7c44ab3efb2ba6d35d3340ad4fa70a32b746f0a2c880fe02428e4a,HMAC-SHA256-DEMO,AUDIT-2026-05-STEP3
222,62be09aed5a86b0ca85f0461,2026-05-27T18:30:00Z,REQ-000222,a07f98edb4eac55d9fa73ffe,STATE_03_DIST_01_PS_02,642d10df7173c2a1250dbb36,escalate,ESCALATE_CROSS_JURISDICTION_SENSITIVE_RECORD,P-2026-05-STEP2-ORACLE,b22b4b2f2815d0cc1bdcda93faa24e735068888d542e39f109a01e5884393ead,b83e51965ee49f928bb93c16ce0e83e54f4393083ba56d084420134b1b6592b2,cd539d4a6abe7b9a9c830e7ec5e2994f7a277341f2ccbc554f407ed88d5592a2,21fc6d791d130fc354dcf8f43049cd154e70f484efb9e282b33910a3cf50c2cb,2be37f522787de382cab6b7b236dccaee0a0625ae5be46995c590d843c001284,a84d443f66e3717da0eb745831f81dcd714fae3c84b7c06065606c850e418a1b,c3b284b623c655bb59d63e3fc3856077b80d9c642d07665ff5369a2e441735ee,c7b99fc4828efa70e4016c12c31466683e9da91dca33bba9cd07ce4baa963e71,HMAC-SHA256-DEMO,AUDIT-2026-05-STEP3
223,1a4b3cbcdb5e8f40ff0acda2,2026-05-27T18:35:00Z,REQ-000223,cad50d4d8a49a83faad951a4,STATE_02_DIST_01_PS_01,481635364f5f6393b2fbfd90,deny,DENY_SEALED_RECORD_WITHOUT_COURT_CONTEXT,P-2026-05-STEP2-ORACLE,0923000df006312bf8a489212d6feba590167459324d85d1249c9b0de6d2e5b3,f6e7ab9554589ad599f84180fdd9fa223474182590e35a08f5b93579d4981cdc,eb815d647dd2528996bd98974bbb09e0a26d6bf18865c8614c03d5b07ca036bf,a22573c25c24362b48425d5eea0e52a96576ab6ad4bd0d0077f57e353a9172fa,c159453946c2f6be790920ca6012cbb5884e689d76317578e2836928bbb8cb49,c3b284b623c655bb59d63e3fc3856077b80d9c642d07665ff5369a2e441735ee,3cea6681d4522103bb4793648282cfbfe01cab58e05c8ac4c683a258496dd997,65d9344198e69dcc2246fcdc04d586d35f8483f7f7c7edba4a7e5968dd9a30b8,HMAC-SHA256-DEMO,AUDIT-2026-05-STEP3
224,d97c2315e5c64a6443ef98c4,2026-05-28T05:52:00Z,REQ-000224,f65ad458155d09405f8da86c,STATE_03_DIST_01_PS_03,97493f5f079666824f863137,escalate,ESCALATE_PRIVACY_SENSITIVE_RECORD,P-2026-05-STEP2-ORACLE,36f28360e4dcad96907a7d063f62f84a2e44240c2b5fec74db04cb2ccbf0d263,cc43dab5291d2b4bd87d2b0eb231b9ea5b913ec942d88d43e898f3d15a20d069,e138e4e3c98388af450672fe5911567cb76ba70fcd6d825f04a3a58edf8471cb,575d2dff80568de8b228934947a423f74c9c3c5f88a6d2d98f25ab958396fb26,6cb7b47c73bf7a55d16d4fe11ba56929a90f3623f53d9ea154b1f4621b47d9d6,3cea6681d4522103bb4793648282cfbfe01cab58e05c8ac4c683a258496dd997,e4e50cfb7ab3416fc1e141cf1071d194e902a7af149a4eee53b9234bb6e34040,15045bc2f91ba42847eeea3b7ba07a1d99262b2f32c8266701b0f3dbb3fa4c90,HMAC-SHA256-DEMO,AUDIT-2026-05-STEP3
225,3d9a1c15f3ad572c597f57fb,2026-05-27T15:00:00Z,REQ-000225,f7c9b924c136028c31a62c8c,STATE_01_DIST_03_PS_01,b011cf5ae48f4ee0fa784772,allow,ALLOW_ROUTINE_CONTEXTUAL_ACCESS,P-2026-05-STEP2-ORACLE,6e30e531179b3a3d58cb28ca455846a0298c43e8fd57bc0968eb2dae3987338e,992121b804fc8a2426eb14a2ab24465aa34d97ccdaa21c5f52b624c2026a8376,078424a1dd6023793aa0fc700131d5a6c79c081962c081d8d8872fc32705d877,57b9e316efa5d7c187514a3c0f89009a6048c2bbeb24d16abfb63b5b4176710b,495a3b9409cd369dcc2aeffb3c372bdef3cbf1c6c978e13b63c550373b4cca4f,e4e50cfb7ab3416fc1e141cf1071d194e902a7af149a4eee53b9234bb6e34040,5c0d304d0cd837193985a217a4b53e639253bf980a1cfb5d4565d0ce8c8ce8e4,fd18f68c7c1b448ca36907b1a9e090608b7b573cdb833be05643351ed1678d6d,HMAC-SHA256-DEMO,AUDIT-2026-05-STEP3
226,5e5c90c4d7c896876ed15959,2026-05-27T15:04:00Z,REQ-000226,910fbfbd952d337d55470015,STATE_03_DIST_02_PS_02,6e7de166bc3795238e165ca0,deny,DENY_INACTIVE_CREDENTIAL,P-2026-05-STEP2-ORACLE,782b8810bec2536eb454ee09353f36f1c9a9fdd795614c482f300fdb3a76375a,c48f1260e222674757c9c6459f6dbd9ec6deb380b4b1c9187e7f84202bd016cb,97bf7cc09dfda94d2f67da2a8e6b18abb4be455c95715dda1801ccb75b251265,ba24bab691acd1f8f7273fcb162fb46dcc4330f32ca2a45569b2fbbcbd445034,62a3a943bb5ef66049351e1cd0230bbbc793b8557c0977146e522b3052aa69b9,5c0d304d0cd837193985a217a4b53e639253bf980a1cfb5d4565d0ce8c8ce8e4,72530041381ceaa8a4ad232e9ff15416cdf848fb36be51dab4349c763a8165c4,208a804a68f3eb0057eb7742ce567c71f2d800ab480a358dbc6ea661bab2fa19,HMAC-SHA256-DEMO,AUDIT-2026-05-STEP3
227,7097e624b850aa8ed42f93a9,2026-05-28T10:03:00Z,REQ-000227,5d29ee05d50fe82bba4375d8,STATE_03_DIST_03_PS_01,76eebcbd721d1571cb5fcac8,deny,DENY_STALE_CASE_ASSIGNMENT,P-2026-05-STEP2-ORACLE,bda0f610ba06cb7311a7a5d678243f23ab41cc822eb860290f2d909587459527,7a99b68bca98a2a817d6068fc888feb1dc6b24bff9e0f0c456fe79ad6cfe0a11,7bb63dc2b035e7c52471f6b1e657e4054437215eb10c27aa2a9c8fbb101633ec,91d2974eb22b31bd0229e47170ccf1bce50a027654b55e4d214a4907a4fa9798,3f7907193d79c6552728332101542e30d61a4be3affc6dc645153d03b4b95087,72530041381ceaa8a4ad232e9ff15416cdf848fb36be51dab4349c763a8165c4,155ff25e1f505b86513dcf59eeb3e2a33c120c1726ca8e49b1db3fa2f8b995e3,d6e685d7f5dc9fe66eb84c14592b9d23a190e0e687a6b5f009bcaf2a04f2014c,HMAC-SHA256-DEMO,AUDIT-2026-05-STEP3
228,5c7b3173f3998e59ecc563cd,2026-05-29T01:24:00Z,REQ-000228,4857d6398585bfa5b41baddd,STATE_02_DIST_02_PS_03,9043a679045e2af84cd3c449,allow,ALLOW_ROUTINE_CONTEXTUAL_ACCESS,P-2026-05-STEP2-ORACLE,46df400aeada6a3f33c86173ea5a07af2192a751e4d84c56fde14647b7d4fbcd,f89d9d304819a562f7cd02095e40a0cd95c4ca82f685b86adeecfe62e5d231b4,8a9a29b60368afaf83a8411a685921c9a68110d6ace7be5545de822590bf38be,ac9e57e34bbd0c67af989362a5aaae607229c636aba26691d7b5a05915af470a,0ad719621afb3dc167d3247ce8057f532b393465be1697dd83603bb20477c743,155ff25e1f505b86513dcf59eeb3e2a33c120c1726ca8e49b1db3fa2f8b995e3,a5f1574fbf15cea29437ce234e51a41f8ec97b4d68bac0766fe542cd08035509,41c4c759fa3476d6e0be4f13cd9848b116dfa4f5cb2599edd810e76abf3d9edd,HMAC-SHA256-DEMO,AUDIT-2026-05-STEP3
229,5efa49353c84c77c8852c1e2,2026-05-29T05:26:00Z,REQ-000229,d4da98f8bbaf8c84670817a6,STATE_01_DIST_03_PS_03,dc7ebd2a3c118cae47903bf9,allow,ALLOW_ROUTINE_CONTEXTUAL_ACCESS,P-2026-05-STEP2-ORACLE,4df2b6622e04ab21e37c8e34169612be9ade306a116e2e8c21164e2d39f267bd,42bbad6d756f6386b8b6397b380f565aeb88614d2da2c23e0710e58243f2d07a,4d20dda296f1f785c47dd8fe46f6250b73b14aebd94293fdead027603df82cbf,38478327dc7c6d8f7e238e2ce6f56c13ebc0029700350c0c190122219a0632b9,f8a3bd23cd9d1a390e1dd9179a84f2a0046fbad5b19028c0c48fad166b712036,a5f1574fbf15cea29437ce234e51a41f8ec97b4d68bac0766fe542cd08035509,37b2399f0d5796b5e650d9b086fe25aebb2c0d33d923629cb9cc9b2ae287a888,ae6500e7d592f9a0ee93b186f913d392ec10b03be6d610ad700369155db23869,HMAC-SHA256-DEMO,AUDIT-2026-05-STEP3
230,b76ab9a6cb7357f15651bfad,2026-05-28T22:00:00Z,REQ-000230,f30bb583158115d6451ff1ba,STATE_02_DIST_03_PS_01,b0a4a1fab9708ce6b59edcf2,escalate,ESCALATE_EMERGENCY_REVIEW_REQUIRED,P-2026-05-STEP2-ORACLE,c485cd9142f3ca1e5ce2a87027b94dbda90608cecfb13f6a3db36ea84b677c9d,bd8b08ce99b263e57deacd32e97aa653e00bc17d91aece87105d9651ddf12cdc,a634a7fb34c927eb66bdbd8f1e8831cbe7f94eee9d00e5eb479649fc546a58fd,02e4b7577bc6f83802a3546b5a572572d9c7be9322b5446cc3ecc81bc2462be1,f85dda89ad4235adfde316810048e26a9cd40c2ef40030f60cd6c5212054395a,37b2399f0d5796b5e650d9b086fe25aebb2c0d33d923629cb9cc9b2ae287a888,caa6df9a3cff7f42826f271b777f19b0dc7e3ae5fa2e95f2a1b253b581885ab7,5358602a397d76e821b0960a16d6ad4661237081663c64272df46c45b1214e8d,HMAC-SHA256-DEMO,AUDIT-2026-05-STEP3
231,9d863141aace0c024cb866ff,2026-05-27T15:24:00Z,REQ-000231,f8755a48fce2988e7e892881,STATE_01_DIST_01_PS_01,b0a4a1fab9708ce6b59edcf2,deny,DENY_EXPIRED_APPROVAL_TOKEN,P-2026-05-STEP2-ORACLE,2d3523a9ddbf6c165988e636f96a8e63a12dc58bf536cb64aa735dcf4cfb5390,5ad8a36eb3c650d14c56d3b9bed53f788f8757ffd3a243b0f73684ae31561af0,6736e49a78695c792b8ed75756b8d4d1ba0a8bc3d3cd0a09160f8009cd3a9038,7188abbc5104aacb38184a6d1c2fc64c8f02f7d0157e108dc04718d351e9b869,c3ba3b9ea709daf2cad7206a56935187a7e29f5e665a85febf36dda6f7ef9f08,caa6df9a3cff7f42826f271b777f19b0dc7e3ae5fa2e95f2a1b253b581885ab7,43e04fe4c7422bad21c34047b0ad4a3b36850727661b219b81cc7a7fcfc5bb79,c4d0f446021d23e801673593705298615a33d64d8e847b3251dfbd6bf1170b1d,HMAC-SHA256-DEMO,AUDIT-2026-05-STEP3
232,5d0837047edc6b1b28c48f6d,2026-05-28T14:40:00Z,REQ-000232,3dd77930332ffbb4fb60fb78,STATE_02_DIST_03_PS_01,a6951979d6b0ca29c516a2a0,escalate,ESCALATE_SEALED_RECORD_REVIEW_REQUIRED,P-2026-05-STEP2-ORACLE,7753218627cedd8ba0ac17b550d7dffc9d50c3f154096a8baa6406715ea9260e,419eacf0bda336c7dfe602a1db87a42d54a9dfee7a344504febd9f0b822e77d5,8f0a8fe84dac6cbd6630785fe4de9244246371162d2ca9d2bf1899949c7b14c9,e3ee182e77ae20972b1a1308b5f02d8da0e3c2f89a6f2ef5dd924a6c8b310952,63c18741dfad6c76c178c61af2f03a7b8383abc6af8a814c6269b09026277377,43e04fe4c7422bad21c34047b0ad4a3b36850727661b219b81cc7a7fcfc5bb79,e6bf54caea473d9fdc6e759e8047ed24fcab2a38a5cd8f8763b2b44ea23b5534,9a32ead8f8ce7a1ac4479895b3800865f0015a267b674e285321da27e35cdd47,HMAC-SHA256-DEMO,AUDIT-2026-05-STEP3
233,32d983ab14d69f898f57aa76,2026-05-27T07:46:00Z,REQ-000233,12eb6ff70063628bed70540f,STATE_01_DIST_02_PS_01,3becdfa7ff5a42c711468de9,escalate,ESCALATE_SEALED_RECORD_REVIEW_REQUIRED,P-2026-05-STEP2-ORACLE,de9160ebb892d6f0d201faf26e5bc8226b867b04018e921f4b062042e1c74ffa,6fa3fb2f418008d70d622ef4ffe03baad3f5c488fc0a407b72437695bdb524e4,338547012ef6d2d620f20f943d927c655fc7fad8704061940e63dfac77317753,e4af6de4987b37152659cbfc93884494c67a20dec420c1f9dc69904d123bb79e,098b95e2d0c4da674c37f8f18d4a0b5a18e0870aa3c63d6c2b1587a284838184,e6bf54caea473d9fdc6e759e8047ed24fcab2a38a5cd8f8763b2b44ea23b5534,0b0c255c1b9671f22bf7a9aaf7536fed2cd47f2ec2deb539317dd63a49c4ced8,3234a1dc7d593de75b570da2150b7b585b26197945d5963a46ab76f0506815f7,HMAC-SHA256-DEMO,AUDIT-2026-05-STEP3
234,7061799c19c1dc8f0e302477,2026-05-29T18:18:00Z,REQ-000234,934e26f772b73b1d824939e2,STATE_02_DIST_01_PS_01,b0e996b4ecdf66ce33e6405c,escalate,ESCALATE_CONTEXTUAL_REVIEW_REQUIRED,P-2026-05-STEP2-ORACLE,0649e4f3552f524978763e0607b974bdf6654479bdbc7d894e5c9bce3a217c6b,1a0c680acb931791bbf69eb7f843c18135c0c54fb1a09384620951ac78d2d13e,7053947eea750231819014f5a8790d119f8a68d7900cb6b139b56de2fe42d7c5,749845b91f3bfe1f49e71d6424b4ff8f3efcdd337ef0383282760e078bfc4b48,aed187e29d9c5c7605b85457a4ab5ef8da49b89bd558781334c5cef03184dd5b,0b0c255c1b9671f22bf7a9aaf7536fed2cd47f2ec2deb539317dd63a49c4ced8,85fcf167289f8e8550abf3317a3fab905dd07d14b23688d37fda42222b68abf3,38c0aad4f8020aae266ebbd61f89a4e452af9ff55e0125b1de09d0692e7e0e6f,HMAC-SHA256-DEMO,AUDIT-2026-05-STEP3
235,aedcf7f3d71ff4f07bdefc8b,2026-05-29T02:55:00Z,REQ-000235,22d2f79089811df3a4aeb9a5,STATE_02_DIST_04_PS_01,7ce5d3c68a1d4bf9a69dd131,escalate,ESCALATE_PRIVACY_SENSITIVE_RECORD,P-2026-05-STEP2-ORACLE,678a1932362801be6d915f46582b9d2a726fca03c0e25fe07dc3ae964a100c21,fd20718bccb735b1d797d7fa68f36182c484c2962b8543db16da40496646890b,375ded8a91999d400cdcb1009c6ca7479900f33bbf79f1208a8023c1069ea141,c1676f849960b1dedfccdd27725ae3bddeabd0d7628f87b352f6268ce89df03e,bd715b488907543783652f6df6b91870f08146df828a8d87c29e7c6aabf76615,85fcf167289f8e8550abf3317a3fab905dd07d14b23688d37fda42222b68abf3,1802e3d649d800ec8bc212748ffa1cbcab23f4d73c3b9cec902ac28a0cdf015f,38f97af64ecf180d7a8ed4086ab68c1aa8a6f1689a78affd8971e13dfa511f65,HMAC-SHA256-DEMO,AUDIT-2026-05-STEP3
236,ce6f0c46fa7ce6f031da539e,2026-05-27T11:48:00Z,REQ-000236,d60f48d22e03c3316a18fa6d,STATE_03_DIST_02_PS_01,03448ee43768bdde0a74294f,deny,DENY_INACTIVE_CREDENTIAL,P-2026-05-STEP2-ORACLE,a42ac288fc6a8dd552b97b228f4c1f818e79d923d101276257130ffff3bfb021,300d6aefb20332eb11c25d3f0215b199c08cff44fc9d00d8e071c7737b0acea4,b010c7a91cf75ac414f66ccc2825bbb1d1a4e1b48ae7c5ab44a2d1a81c1d36f1,9745e284e682be36e3d96d1096523b96ab40c62d93ba31626cc3807753db30d7,f28f892b175e0009d6473ffab762a8b351f774f2562e24bacc2f23dc565f1136,1802e3d649d800ec8bc212748ffa1cbcab23f4d73c3b9cec902ac28a0cdf015f,8f1b964c817df851640f8abf74b81555f4e2a0f5db65fe6e524c786125d92a9c,5634644f5e0af65eec2142f1e9457e7a242825cf4e140c286b712190dc23f81b,HMAC-SHA256-DEMO,AUDIT-2026-05-STEP3
237,36911bfb85e8cf665b3f3bf2,2026-05-28T23:24:00Z,REQ-000237,4fe847ab79de841540c7b990,STATE_01_DIST_01_PS_01,64ea53e96d98bd809e79a9ef,escalate,ESCALATE_CONTEXTUAL_REVIEW_REQUIRED,P-2026-05-STEP2-ORACLE,88b04090cac8ac931c8f061378731d3717153c3925adfa99b15b9f762041a034,e73eacbf1ac6e1fb682b3c6e5ba55bb5383029e0f09f0aba0488a097551fec33,d3df7f854ce5c77d7173eb1941d979546ea016f96fc15801b55aeb9219b1e640,c64dcfe9ad562cd2801285f7f064bb8431a64f039d20c532a1315f072b4bcf07,f9786e802a5ea0f38997c9ea6059c84056884359d1b229dd351018c55c572f36,8f1b964c817df851640f8abf74b81555f4e2a0f5db65fe6e524c786125d92a9c,5648d17304fe06fd074bbf1a9859b5c0a6eee4a7d64b7ceead48df54de9c5e54,1960684930f5be82544111bad2ecf079830d87a7a57fdc2d4800c39f04da6ed1,HMAC-SHA256-DEMO,AUDIT-2026-05-STEP3
238,96bd776dbc93b1fbc7b015e8,2026-05-28T07:44:00Z,REQ-000238,6d335433b612a148a4921389,STATE_02_DIST_01_PS_01,0c1424411003da95fbf32b97,deny,DENY_INACTIVE_CREDENTIAL,P-2026-05-STEP2-ORACLE,57baa37634d9252a6b7c27f831e7bc0dad4f52ff5eacddd178833fb8f3a51537,4b5b489ed4ba7e2097c80ce62461c69bdaaa967e0bc7fdb8be194b2d1343c569,c9a76a12f8a94e7fbb992ff8a253c28d068bcbd9a732c0dfee49633707954236,e07efa06d5c22b1274fcfb20e0a42250e06858169aca45ce8cea12cc65913877,f6a81db279d05b02a3542e187de69a8daaa186e5ad00ef98fef1fb361879adbd,5648d17304fe06fd074bbf1a9859b5c0a6eee4a7d64b7ceead48df54de9c5e54,03cf4936ad3398b07f046e56e97201eef65424b31af6e827c8ece411d3a5ede6,caeade22e54453d2809a30318231cee1a860ddda6c150b3e966e702a94c5501c,HMAC-SHA256-DEMO,AUDIT-2026-05-STEP3
239,4ce5b2ca118904b16705d65e,2026-05-28T19:49:00Z,REQ-000239,36f9518be85535c10000ffd5,STATE_03_DIST_02_PS_02,dc4c3f3e77fc3a315713097c,deny,DENY_STALE_CASE_ASSIGNMENT,P-2026-05-STEP2-ORACLE,c7fd297c3416551bf9262a663b7974a95533f62a825aa344a489167c1cf850ae,0d235e57fbb45e09e0f859916f5fce188fbb3b581834a75d6e572e27dd631f7d,554ce9f1ea3282c79d306d88aa7bd2c95dfcb1395cf07e18f45bd5f50e5389ce,f3c781eb76d9519adfa0ccdde35c39212fa059f087aceea7e726faa4db43c8c5,c8836707b89876e13803ee9e17875f18f1e07025b8475231f24c6cbac8949f1b,03cf4936ad3398b07f046e56e97201eef65424b31af6e827c8ece411d3a5ede6,dee899f5ee63eff398b1ad28e1acc03aa2d3753fb6de222a4dc9ae76251cc63f,89913ce3c9b39d29f134f46a8f7c0403d5ccd388ff07a03035eac81a72b9ae65,HMAC-SHA256-DEMO,AUDIT-2026-05-STEP3
240,1704f3166d161975a1a13a53,2026-05-29T20:00:00Z,REQ-000240,ecaec2b1bb689d9a6ebf8cca,STATE_02_DIST_03_PS_02,4f004fd6ecff230b24cb85ac,deny,DENY_EXPIRED_APPROVAL_TOKEN,P-2026-05-STEP2-ORACLE,78d207ed6bd2c8d036aa7d9a8cb196ea070c8612071be5f929fd215a1eb1638f,73a7f86d7048a4ce4b81820105b4c14749c7e7d1e11758d3ca430cf12716d462,8bdb76487f7b5a9ee37f2d73fb13e2dec93f05f1338ca093356132a0c2f11fb2,df3f482f4c2ce55e87e43a26ebd351eee36f1aa7fdf628120af15b791ce7e423,98d6de92faefb2d14a7ba8b661c38bf2f679687c5b548d2c648c1f025732fad7,dee899f5ee63eff398b1ad28e1acc03aa2d3753fb6de222a4dc9ae76251cc63f,88c23c4479ea3b7dc9c15edaadf3e121e1afab52d9075fc29ee7a2fb70165bd0,d1ee3b97c9f36baf77a687ec08872d345f55f31e61d73c35e6e75ed4f4614c29,HMAC-SHA256-DEMO,AUDIT-2026-05-STEP3
241,67d578f6aeefe8b38a9b9c2a,2026-05-28T12:09:00Z,REQ-000241,cf4f97b5eda3195f8d5d3726,STATE_02_DIST_01_PS_03,2ad48e61ef29028c1def570f,escalate,ESCALATE_PRIVACY_SENSITIVE_RECORD,P-2026-05-STEP2-ORACLE,9bd8ddf9a49eb0560236d6a14c61799390badca0c523f617e02152c0d14e18b4,a57b9bf44386caca5a4db2c85719c169bd86d87004d9e8e6c3784039ac91c5be,42fe83f00e4ebc71279141517f8754c19ca9e29847b17ad1cccdf3487ae5b3b6,e2f664531b7407cd87d1c5ad71c2df76cdcd21f8afd92a3977c4947d17aa0f13,52a66c7f2d2d6814b4d3802cdee1504d062eedb18f845f031b9ddf0e5702f5d2,88c23c4479ea3b7dc9c15edaadf3e121e1afab52d9075fc29ee7a2fb70165bd0,2c967a8ebae73ebb6fca75bafaec7578aa6aa18a9a0836ad1d04585431c10792,6ab25968cb5fc45dae9803aef6d881fb0351b5414c003b955e10bdb08eac21f3,HMAC-SHA256-DEMO,AUDIT-2026-05-STEP3
242,d4b369e9e6f21a9e599a66d3,2026-05-27T16:08:00Z,REQ-000242,ade36a17fa7aeeef7c2513ee,STATE_01_DIST_01_PS_01,711f7cc2bc52141ce8aa3579,deny,DENY_SENSITIVE_UPDATE_WITH_LOW_RANK,P-2026-05-STEP2-ORACLE,9e38dd12b1d1da12aa86cb7c63af0b81004225fc0880dbcb8306f98987c201bd,98c13792ea0a2235289927a69332961a985a97098e3f775f5809652c7c30cfcf,21c84d4338f6d522eba7c1237ec03693701f0074f19f684f094ae9b456fefa1f,695baca36504172ced80197b025ac78b98a801193743483b548f81df4076c784,99eccabacc4a98d715aee64d836082f01de3ab4a3f99d74f08b247b47f6e8b25,2c967a8ebae73ebb6fca75bafaec7578aa6aa18a9a0836ad1d04585431c10792,a0675838b16a2bc1bbc93c6c8dca03330ee284e8d1935185ea0eda7b9800cc38,58c16c6192ce5952ec850334e3c6b8389eb9076b4dbb8fe2a09ef615a76c347d,HMAC-SHA256-DEMO,AUDIT-2026-05-STEP3
243,58be77145f819a60f1184127,2026-05-29T08:42:00Z,REQ-000243,0d893c2441da140e8c46fc54,STATE_03_DIST_03_PS_01,501ec7976756cb1bbf632fc6,allow,ALLOW_ROUTINE_CONTEXTUAL_ACCESS,P-2026-05-STEP2-ORACLE,a19230677c12836202b994ad50493b99b4fdb05655f1b5e6043057863cd3038b,cf1743b50719eca14835776aa56a12f2e7fac10140669d7e6c5253e9a7eaab66,cd5609013674cec4eb027345ddfa659ac824636c416c4a787fc3dfc2cdf05028,70624b0ba3d009fba0b85ab03ac35f7f3dcacfcd6f12035c3adeee308de03e3d,ccaa617c3d00a736d334cb226663ea91f579521467bdad43187c031f4b930734,a0675838b16a2bc1bbc93c6c8dca03330ee284e8d1935185ea0eda7b9800cc38,d6d7cb6aee09dfe6ed5d591e112c186d3a669fac3503c11653e1306e6460c16a,80104d8c7f0a5c783283590bbfa9f025d1ff3a90ac4a5ca68f655223bd014394,HMAC-SHA256-DEMO,AUDIT-2026-05-STEP3
244,36a0160daf5c29ca0548ed1d,2026-05-29T00:48:00Z,REQ-000244,e35de54e8ce29e22aa4fb84d,STATE_01_DIST_02_PS_03,9ef7805d5e451525d9e7038e,allow,ALLOW_ROUTINE_CONTEXTUAL_ACCESS,P-2026-05-STEP2-ORACLE,c13e96ca356c1e3d26b70f29284392783cc36334aeabcfc16f1c6d4012aa1079,d3d3f90c8b860796ea3b90ade71b822b96c247ec0a3d2f783b4c4b5efa28ff66,1d466abd92d7a808b777ed834705c44a5e8dab8eb8adb6cc9b45d9d0d80d74d3,b167e4fd434fa1e67fc7b050e3ae0552fcc7c82e30910daaeaff161917646d49,06bad5a19748b5f858105f9c1193163c778cf7e82a3138b9b704801ac01c4864,d6d7cb6aee09dfe6ed5d591e112c186d3a669fac3503c11653e1306e6460c16a,ec7170652d2f46f2b0b3be69973c0333df1fe18b92087f4031fec4ba7618fe68,5a5ce94a901cd9c847c1cbf8baeb4c1ef33e8d8d2c4a61964b38dc9f1353fff5,HMAC-SHA256-DEMO,AUDIT-2026-05-STEP3
245,c47c3027411b3644f1032321,2026-05-27T12:15:00Z,REQ-000245,072b2cbde28c17244de8ae4d,STATE_01_DIST_04_PS_03,ee3ca38f34162c711e83a513,escalate,ESCALATE_PRIVACY_SENSITIVE_RECORD,P-2026-05-STEP2-ORACLE,e01e75bfc85f2f0b555c2444e871936fa2607d02ce527e062650346a6b33a113,585063786df5542b8188b0b9fe3ee606f09c252c5c9278e5a89043d9b388dfa2,f18faa5bc7318a53dec9f7c712e99ec1ecddd59edf97b232ca619ca3e55a0405,a8bda93286fb85c14208530caa3d10959fc0c57193b93fc6a412f81c87230ea6,f868ba1ed59e65cc0a916c5604c4b7d70e9aeec6181ef6e4a866f6418de77c9b,ec7170652d2f46f2b0b3be69973c0333df1fe18b92087f4031fec4ba7618fe68,67ddb57a17901e5f3e185764606aa95c1a8279e739896f4c0e8652a19fa5a890,c6429dcba481b2784d76c657745fdff4131ea5ff488b5a0676f736cb5543e269,HMAC-SHA256-DEMO,AUDIT-2026-05-STEP3
246,6158198621569cdc1be62bd7,2026-05-28T17:00:00Z,REQ-000246,030fbe8b71b501096276a8ab,STATE_01_DIST_01_PS_03,c27231d6450095869ad898ec,escalate,ESCALATE_SEALED_RECORD_REVIEW_REQUIRED,P-2026-05-STEP2-ORACLE,3b6d3c7381c76d67cee32ab2c9d37459d36d4f57260d5d7dfc16068425f0178b,37fd2443284683e517342501018c5c84005ed3a8a449903410070be971d419b3,b388feebb644bfedc78f04f1994ccb613b7ce7481ebd9df05438258892753688,8dfd4bef619ad01cb275f682e3279e9940ab7a2c6bfbbf71a8913410b41d90d7,17d2449c82bc9bd5a8920574cd4f5ec027808a8c71ad80f3fa8a9364589bf45e,67ddb57a17901e5f3e185764606aa95c1a8279e739896f4c0e8652a19fa5a890,18e174af402a2ae7c46fa7b2a468e808c66d26c22ff5f7eed9f2a5f7e14fe7b5,8216fc4edda06c5e104333a08c168274120c0949b225e39e0c9f9579319ab140,HMAC-SHA256-DEMO,AUDIT-2026-05-STEP3
247,09ac71122e6e67b8174cf688,2026-05-28T13:03:00Z,REQ-000247,fb4c90a703ac874dae2f1454,STATE_01_DIST_02_PS_01,8e67f9c2d6007f18c8de9209,deny,DENY_SEALED_RECORD_WITHOUT_COURT_CONTEXT,P-2026-05-STEP2-ORACLE,b2847fb54855878266537e5cda3a082aadd321bb82d8fc74662b01c47f994747,9748ee4f7b369f8baeffaef3841bda53d5528a4c3b20dd919088628777a58aaf,87a912bd580b705e8501935e8aa85202b46527f095ded95bcb02e169f7bcdf31,0212a834d42ce681393fddd1318c031f2b8d9ae8e371f66f5f9daf502a85914d,2526bdd4fa3bc3c129d1cd03b7a357c839c2dbec1085d55990741ef992f3cf46,18e174af402a2ae7c46fa7b2a468e808c66d26c22ff5f7eed9f2a5f7e14fe7b5,af95522389d5174bf49de62fe3fd4f8454c5c719a8e87757b4e8445cdac812a7,3170783b5d301c8c1888d3529b7ee1e456257b9bb644e9c0f2a995c5055fe049,HMAC-SHA256-DEMO,AUDIT-2026-05-STEP3
248,eaf0a90e2fe7e75d773cd89e,2026-05-27T08:16:00Z,REQ-000248,ad021cf14b60633e375d65f6,STATE_03_DIST_02_PS_01,2bb01093000cff150787fcc9,escalate,ESCALATE_SEALED_RECORD_REVIEW_REQUIRED,P-2026-05-STEP2-ORACLE,7b4842863e808d58b37598cc64ab8bc5dcef86f611a6830e6fa6d03534e75c29,0b5e386104763ae42c760fb035f051e4cb8981b81898203f0b76c99479f47fdb,adf388f4a8feb60a82c4fdb456cdc5809047f905333e9eaa838d39533ee9ec5b,e8092eb0aad200cfa91d9cf7d66e99092408d81ae084d7b44c7f503d4277e9f7,97d79ed82e1a6b00e263c4681be7129b89b2251da933626d5a137b164bd16fe9,af95522389d5174bf49de62fe3fd4f8454c5c719a8e87757b4e8445cdac812a7,1e344be75c3f7609e12e73ffdef0954609dc17c720d197758dd46ac63dab371a,f06e4101e078bc2284622163664da3b968bdba23ea61e3d626f1d032edb2a97e,HMAC-SHA256-DEMO,AUDIT-2026-05-STEP3
249,c8b02ee66a80e2eb4be517ce,2026-05-29T18:24:00Z,REQ-000249,88db5c4f1341722984d72ca6,STATE_03_DIST_01_PS_02,4a81b7a88a623e390137c284,allow,ALLOW_ROUTINE_CONTEXTUAL_ACCESS,P-2026-05-STEP2-ORACLE,d7d6d543f974f64e03a6083a5a9b5d111ef29ec155366927c349be8b737c1d36,cccf1c84080c138b707362e09c954c7764f20aaec535d817bd64f1eedde9d207,bf72b5216967a9cf150145d5beced097c07761b79388589392d1dc8c0be9046d,24cce273edaf200acbfc7d2465471e899555a73971556fd2bc35404ea468a688,a924d27945c3cc56e748043b77875c85f6161fcf6c0f2b352ec84cfff2483ecd,1e344be75c3f7609e12e73ffdef0954609dc17c720d197758dd46ac63dab371a,c3cccad8bb493c370446940ac8d95b053e459bc5585246228ef34a85f8cbb97b,6d744ca0beb5cba6b5cadb997c3d905617dab2466bbcc3a8df699a78b168393c,HMAC-SHA256-DEMO,AUDIT-2026-05-STEP3
250,3b1a11e8933bd6ba496bab3a,2026-05-29T02:00:00Z,REQ-000250,071c750c420d0b5f044d6ae7,STATE_01_DIST_02_PS_03,bddbea36e35c483e079157c2,allow,ALLOW_ROUTINE_CONTEXTUAL_ACCESS,P-2026-05-STEP2-ORACLE,a047906f2ce7c5a04f24dae5007497fc2f8c5c54b2006f325cc4b4339c4690f4,af5ad80113dbc79edb5445389ff87a31f4588176abd562c213f604d0b7d3dc24,73a6c7c55f7d98a2d9d185d7ef52c54b27e9f499799f54cdd9c4ea44d83e9840,0b1ee46470b19d61913100c9f7e411a7a63a5c1bb77c3f9c08de0eab1e2aa022,03d6c03eb6e4c9725abf06577ca25c56a39c05ce36cab2d6ee55da6bb06bf510,c3cccad8bb493c370446940ac8d95b053e459bc5585246228ef34a85f8cbb97b,2afeb30e0bba3a1b8017a7d59a4d1117a548d9474bee1fda3750c734554f01b7,e20f4119a7f441cb29a95da99d2eff1a31a3b3ff12298b7a2d9f8d5f110bd0a4,HMAC-SHA256-DEMO,AUDIT-2026-05-STEP3
251,2ada2e40c92568b2ed97e9d6,2026-05-28T05:17:00Z,REQ-000251,46ac5b5381ef953a345ce319,STATE_01_DIST_03_PS_01,bddbea36e35c483e079157c2,escalate,ESCALATE_CONTEXTUAL_REVIEW_REQUIRED,P-2026-05-STEP2-ORACLE,e7396503159036b8aef04a38068abd383aee5761ae8889e1568335712bbad490,cf23982c253f2b1f1ccb5a27b2aaacb1f2f981090cf00e2fa84469c1f3140307,0d2553deed80ab69e41403a3e1b40f2603c4c714d768df6977492aa54ccb275d,ddb4c98b4447850ea59d1aa366d9c7a787fc492bf3cb1a40e995d2c44db1f440,71f9c292346b4788df07495fff50b6fbe531ce850ef295b50fb722665b1ae452,2afeb30e0bba3a1b8017a7d59a4d1117a548d9474bee1fda3750c734554f01b7,e1ee1126ee84d9b61d79db3cc1d5b514dfb72a78d654b8254ba41a4e09a14aed,f6f1242f7640d02ba59a163743f94db4b58c4de54695d5ee4b4d38eab0a5db33,HMAC-SHA256-DEMO,AUDIT-2026-05-STEP3
252,22d8ddb276fcfff94b63cad6,2026-05-29T02:24:00Z,REQ-000252,4bb363d085866d6dbe19f005,STATE_01_DIST_03_PS_02,3280828e601e84ca37579d0f,allow,ALLOW_ROUTINE_CONTEXTUAL_ACCESS,P-2026-05-STEP2-ORACLE,a8135b909859d487783b0d9a9c80ede81e74c6949e61b56f1934d60ab6f3d80c,11d08421bb809a40a1f39f30364bce39d801b2633f3f96624c891420f286344c,30e7f2d5efb20c0c8ec2d68d76817aa56d2b9479898fe2b53d0692e139d6c51a,096c1014af73d7112a2fd40d11c4dfc3e51b66c57b5c871618c33c1e78ffffb0,bbb3f489e0281a9ac0d98fb186b7560fc4cec4ff8a90b5a7742ff22b6540a430,e1ee1126ee84d9b61d79db3cc1d5b514dfb72a78d654b8254ba41a4e09a14aed,0e8e1bd9e8c8bb429c7ab792a58a887b2f7763baeb5bbbcd6bc47a4bf70e6de2,5acc579c0475666d27e918807ba8af4f387e6d5a6f9341686695b94c91ea3964,HMAC-SHA256-DEMO,AUDIT-2026-05-STEP3
253,814061ad9381496bbdca1a84,2026-05-27T12:39:00Z,REQ-000253,8c053db99a24095548996524,STATE_03_DIST_01_PS_02,61e633b0b3b0ef9d8ed2391c,allow,ALLOW_ROUTINE_CONTEXTUAL_ACCESS,P-2026-05-STEP2-ORACLE,543103b78862bb56f01ff14eaeaaeb27cd116c5775d547d9a004fc772c5000b8,ed5124ee1573797f77f7f8cd2a2a23c554b5492b290557d4f5a8bbdbe81f0f92,77b5df7cc23769e3a2f13942900534060c6f1f40719cec783fbaafe39f551a38,469dc18d5fb89e98391181541880d132ddb7c16ae55826b98b848de5954e670b,f6803454bd4fd4d5ed3b13ba609d1e2311def03f582ad12f689e3a045be2111b,0e8e1bd9e8c8bb429c7ab792a58a887b2f7763baeb5bbbcd6bc47a4bf70e6de2,08b02efc4a9bec8ccece717b2f55dca1cd4f129c7023b9637879c7c462423686,3b192a51dd1974cac5d857ac716808fca5ef8b35a4a1ebb3d3ea8647122a7a64,HMAC-SHA256-DEMO,AUDIT-2026-05-STEP3
254,a64de689726a53ffa512479a,2026-05-29T15:30:00Z,REQ-000254,a2651cd5c21b20cc4d4edc22,STATE_02_DIST_04_PS_01,438e40e436069a3ccfd0260e,escalate,ESCALATE_PRIVACY_SENSITIVE_RECORD,P-2026-05-STEP2-ORACLE,1a9edbbed8528113149de3c185efe7e15f9c9d61d7436d2a005c2e8f98155a53,5c2ed8aab267ca5c282d7f65d315b19e30d02e81e09b61253cee9f7989162147,4282faddade7909517049a281d57b4ab95b843dd75b6dbea268a03bc4aa7a9e2,7153f210c70856d1352c2034eb792cc12cad7a2ab99fa481e4bcf0c583cd5d19,5499f5621fd480cad73ea307980a22489dd3d8ddbbf1ed5600f1cb896d8cd482,08b02efc4a9bec8ccece717b2f55dca1cd4f129c7023b9637879c7c462423686,8708d9bbf330133f6e826ee4f4df27b39d79f56c50e50a34349149237f0c82fb,286004691c85ae7da62fe83674ec425ea9abaa9e67ed1b7356b761ed6712ffcc,HMAC-SHA256-DEMO,AUDIT-2026-05-STEP3
255,c4cefd31586264925631a293,2026-05-29T07:15:00Z,REQ-000255,3344e545d464730d22df7101,STATE_03_DIST_02_PS_02,abfd23e434f0f6d490ebb742,escalate,ESCALATE_PRIVACY_SENSITIVE_RECORD,P-2026-05-STEP2-ORACLE,d57ac14afab1e9f315cfa8a50c9c5ba21f480ac54173c89bf662e45b06c04ab7,d748836befe548eb053774a317dfcd634b7227525e67e9a56c47eb223665c515,f78e2322df6bd5fa05239255e22b5081ef308ab3948156fc033d830b473e7516,8d7ca83b975c40590c8d91d7f24c2652f73beb376c264b50ccd774b1a536f326,e9aac19d77cf4c4635be1c3bf73390c1012e05ac09b1c7a36527c3d62cb3dbe6,8708d9bbf330133f6e826ee4f4df27b39d79f56c50e50a34349149237f0c82fb,c9d257eed0ecc39cc07eb5cfcbf51289c2f20dc5cbf00666de1b5e718e3ac1d1,6dadb03057ca4ca0cce8eee9066179c92d519b2277d1f7232503ca553a2e9d39,HMAC-SHA256-DEMO,AUDIT-2026-05-STEP3
256,f6296d50af76095cda538784,2026-05-27T21:20:00Z,REQ-000256,ad021cf14b60633e375d65f6,STATE_03_DIST_02_PS_01,54ac14016e1768af6fa9f2ec,deny,DENY_STALE_CASE_ASSIGNMENT,P-2026-05-STEP2-ORACLE,226b047c35aaaa463dc84c29883bb149cb923c9feebfc1e1be78d70e70614990,770e497111d9d3d65e5e56a5efd411057b57a3538dc935a56cd2394d2784d76c,bccb029d002c8dd0c2a30a7dcb463b04a26c2e94a0edd6401d84b559004e5b94,7a5cc22d5216857ed559f98838d56f9d2d22b89a738e0c016134afb283e85544,36113ce2b59300e34e2aaf358ba25e0d79cd04750892f2456615c442842fd548,c9d257eed0ecc39cc07eb5cfcbf51289c2f20dc5cbf00666de1b5e718e3ac1d1,1ad0a9239bb06e0809af6d3a1f19a72672edc3b86b8ac6e2b1a89770ccc8008a,730d0b08273c4609f09347dac8a7cba0be66fafdafdf6b1815a3a43a70f8d099,HMAC-SHA256-DEMO,AUDIT-2026-05-STEP3
257,26f4950f98ca2a3fcd914ee1,2026-05-27T17:08:00Z,REQ-000257,b20f60775fe6a25591c31932,STATE_01_DIST_03_PS_02,1ed90992e302a5bc0272cda1,deny,DENY_SENSITIVE_UPDATE_WITH_LOW_RANK,P-2026-05-STEP2-ORACLE,e55fecfcd629f891cbec52e7f666b611da572c1822d77416d2c41b78e0f6b3e6,f519929e66795a322b087b56e39fc258d97d72a94c90274ee296393d88d8a803,90a7592790d5f73df2aae0c7f81dca8caec2fa465ac97eecae3851b0c36a4b97,05ad3deafbbfa78a4a87381d559936a6500ef4593ce3b000d492a9a970445563,7ce02a5b721ea1e3468bdf5252c19cdb743f0dad305a540bd9d0e9bed6c7c673,1ad0a9239bb06e0809af6d3a1f19a72672edc3b86b8ac6e2b1a89770ccc8008a,2a55cc321ee5f12d875c857c5e60607e9a3d11052049b08006ccb5a3077dac67,cc1c623fae42bf453ef258e111fafea60102972ae7d5f285dc034582a446af8f,HMAC-SHA256-DEMO,AUDIT-2026-05-STEP3
258,92cf22f5232a1de462b9b51c,2026-05-30T01:06:00Z,REQ-000258,b9583c7e99cc3289ea585d73,STATE_02_DIST_04_PS_02,3ee2b445178eb78c844bc181,escalate,ESCALATE_CROSS_JURISDICTION_SENSITIVE_RECORD,P-2026-05-STEP2-ORACLE,7ad0ccf65f5c802e80424ccc8ebfd51c012f9b21644348beb3943b2a7b3ff241,d7e16d30fb8d8cb450d8715b5b7fb11ddc8978377893e5391993d5ef9c70c964,3eb0295ba4a9e043e84d8fc93f70b2d280c3d30c05135456c8f7b86c8a64b50f,a8346bc10d4755479e7b1020a38d420e2cef9378c8fdc3b9b4107848fe6a55e4,4a8d7d629dbf67ef2b25f5697a1bdf7130d9a2af3c8913ec3b597131ec0f8565,2a55cc321ee5f12d875c857c5e60607e9a3d11052049b08006ccb5a3077dac67,a2e04e5e80fbe8881c18102a2f0747464da8d2aadb94f4c2f93597967acfd5c2,7632d37b5a1bb66997adbdf657f93509b76dde8289929c5a68f4e0a558c1b276,HMAC-SHA256-DEMO,AUDIT-2026-05-STEP3
259,9fb8074c1d5bfad4c08032db,2026-05-28T14:51:00Z,REQ-000259,59518bd254aa8c0d0b7a139c,STATE_02_DIST_02_PS_01,553fe77679decc32f66d81bb,escalate,ESCALATE_EMERGENCY_REVIEW_REQUIRED,P-2026-05-STEP2-ORACLE,07d42f03db18ab81219730b1760669a00e2c176f07b957bcef4734490d4f7f18,1dbd34123f25d3a5c5cb592fae782c02d13f6a3ca3ca3d196e69c36b9b63e4c9,325c96c8946132fca3bcaceaa9e2b98736a6929c6dad277a4aebd86b9c0afb88,a6a3b600ff00e4d3ff486d9eca0ed498e63181dfb30cab0a19ac6fad90f97f03,7a28054e95c428ab9aaec5ec0c69cc81228051df654eefe551622b8f0531f6ca,a2e04e5e80fbe8881c18102a2f0747464da8d2aadb94f4c2f93597967acfd5c2,0d23c0ab69568cf797e7fcbfa64eb0a6e407828294df0ea922c57eb05975c6f6,38816490c6f064a74513a7f27b51aba0776d3e5fcfd6bef44e30b02c29be9968,HMAC-SHA256-DEMO,AUDIT-2026-05-STEP3
260,8938597c6edab45437e51b07,2026-05-27T17:20:00Z,REQ-000260,cad50d4d8a49a83faad951a4,STATE_02_DIST_01_PS_01,634985427cd8688fee2b98d0,deny,DENY_STALE_CASE_ASSIGNMENT,P-2026-05-STEP2-ORACLE,463b470823974dacbc8912e1abf50362f044957669958284d6d013e359ff89d6,5590c2eb4bce4e0c9fa499162e3c382767bb66d7e2c36a2e4465dedf12cb2ff1,9edfe5fe2582a6ec14c8481d56006f399020930b87fb5bbd7098f09cbad06e7d,c203ea2d599b73208774d2a042d5057bad2ce297a16b875dfdfc4e3477a89d9a,165738f1e9c8a7b6c83e86dd388b58a633bcf1d500a0a242f1b1681a38fba6d4,0d23c0ab69568cf797e7fcbfa64eb0a6e407828294df0ea922c57eb05975c6f6,f046161728b39e1235fa1cd1668a0b46ec95eb13d36e7848c4d1fa808eed3ca8,19fc4b6518b7b16a4b7746c35a4d2298ba4f50d22f690586cd5fc3d2ca64fe85,HMAC-SHA256-DEMO,AUDIT-2026-05-STEP3
261,7ff6b9046f0e4e090faae7f1,2026-05-28T15:09:00Z,REQ-000261,8d48fc84d688aabaae7c6986,STATE_01_DIST_02_PS_02,c289388229db506c0792742b,deny,DENY_EXPIRED_APPROVAL_TOKEN,P-2026-05-STEP2-ORACLE,2d693dea60482be3e35bb59eb50959671c57f6ac20d3d74b312002b9fb2b18c3,915652b7c63a367437a4cdfe365dd4949974d678d891c7a6664d86a5934a40de,0e47898577cdc66d2a00872b46d8b5d171187f441acb5946ecc56f29a99c108f,0a63da427cb0211090844a416d6c13360a155967fe77d7b4bb3a96dc195d6232,3770d46d8f9a4ea71b8bd9c1008e0ef3836058e212469038c67ca67b0f48a81b,f046161728b39e1235fa1cd1668a0b46ec95eb13d36e7848c4d1fa808eed3ca8,61c0586a89b9bf637283f3ca7a9922346716b3ead4a480bf1aafd2070729fb90,f5c96f8947f88058d42750d238dddcfd83346e7dd41c18764311f4f68101c6c9,HMAC-SHA256-DEMO,AUDIT-2026-05-STEP3
262,e381b3781f4672dac3f41634,2026-05-28T02:12:00Z,REQ-000262,6aacb3c44032122c078cc506,STATE_01_DIST_01_PS_03,3d33aeac9a024f9da6d7ccf9,escalate,ESCALATE_SEALED_RECORD_REVIEW_REQUIRED,P-2026-05-STEP2-ORACLE,5820439bf5c759904c9ee5dad7e523a63fb8a76891a333aea7f3727aeea25265,e9c2b385ca078681bc669b1687da1ab915914ba5a74400103431e2de02832d34,e6f82c148ccdd625dc0aee704a7a0b35d749985105408939c8799149ae7a3400,8040fe283a513cd3b3d4e7934b267f9210d21fcf2e44e7d539f6da8dbd5a6fd2,7757a46020113d2958c71fe35e2bb78c343cb533e0b30b47dab18745ddd1fb10,61c0586a89b9bf637283f3ca7a9922346716b3ead4a480bf1aafd2070729fb90,b8abfac61d83e24763f7aeff0915f8d03f0d2b33134c7cb6ed257e681ad0da77,0650cd98dd6eacf39d6fa0c8655e3acd7f284269bec3a37119fd9be4f292ff7e,HMAC-SHA256-DEMO,AUDIT-2026-05-STEP3
263,048e00ccf95b4843cdf653e4,2026-05-27T21:55:00Z,REQ-000263,0d9d0f67e217f12f80467acf,STATE_03_DIST_04_PS_01,83bca7e310ed9ee58d743944,deny,DENY_SEALED_RECORD_WITHOUT_COURT_CONTEXT,P-2026-05-STEP2-ORACLE,74f2410002a289b42780774ab9452272fa0b0245a0c41b69e0de10241dff91b4,38b3b0b1b8217bd1ca90c6f53acc475113c8990e7ded0aeb76982d747d99e8aa,5a43fdecc99236ea5abfdb89fa0b710bca704839cf84b9a00ea6d8c4bc881cc0,5ff7844d035cf6058d0c9f1b8a5198c53d1091d0a8af30e4aaf02467e1234253,3ccab14efb2d102732e1b7d6a86059b9abc95a64401e78c922234ffbd24d3068,b8abfac61d83e24763f7aeff0915f8d03f0d2b33134c7cb6ed257e681ad0da77,faf4ac754fbe9ddbbe284fbe49e5565d99a8b55f2329ee2ab947cfff8f2d7303,aca04f74413109400cfb32820dc123ad0eee1f6551baf326ed2a99762a15d586,HMAC-SHA256-DEMO,AUDIT-2026-05-STEP3
264,2bd81e28b51b999ab5f9ae0c,2026-05-29T18:00:00Z,REQ-000264,bcb4468affef262ed92897ea,STATE_01_DIST_04_PS_02,cf8ebeb85a2905cc60220b74,allow,ALLOW_ROUTINE_CONTEXTUAL_ACCESS,P-2026-05-STEP2-ORACLE,57e6cdd230cf1500e74f3f83eeb2f5a00f93e939fc8f10284c513ffde090bfeb,23fa6836a066fa7eca1fec1a35730be21d04d4c9be0192dd01e436adeb0021e4,90e513e578381b92c951ddba4856ca94450365dc6dcd1107f762911517b5a535,c546a5ca1097e58dc96e140cfdf3a4416ed5382c90124220021f80718b677e40,709737f688d14b35af37f9dc36fcac71eda5ada7bd1336ce0f639d2cdecca7f1,faf4ac754fbe9ddbbe284fbe49e5565d99a8b55f2329ee2ab947cfff8f2d7303,5701725b7fdb8456220b72ae3acc6a69f94b5830f6857563ee839486bedbc77a,33b33bdee0eb2089e4f181718a03f6dd576db6d2c4e83106606e947a857f511f,HMAC-SHA256-DEMO,AUDIT-2026-05-STEP3
265,dcb48922bb448408a8d91cb8,2026-05-27T13:15:00Z,REQ-000265,07e08d113775d9e409a3ca05,STATE_01_DIST_03_PS_03,9dbbb6a343493bd757013eb2,deny,DENY_INACTIVE_CREDENTIAL,P-2026-05-STEP2-ORACLE,8483c57eeeb092bfaafc7cff31aedf47bb7055cd0b22e3f52c7ef0b252f92c75,9208d0fe4f659ca902c9d75bab8ef8c0ce72dec798c783842eb13ac87f897d53,8b5b0756438913087005e07be3e39cc5cf2d02f8d1a241d888d3a91706aa0675,86c09ccacbbedb5c7dbcd53c6d19c04ca490686801f90379b9e2b59ef729a023,3d3f21e0b170f425dea01f2497c27b887af782df3ca0ef31a32930b5e1755ee7,5701725b7fdb8456220b72ae3acc6a69f94b5830f6857563ee839486bedbc77a,e6e1b81d18f0090ae8e91d135806c3481bd231a9e7f59bf95b7a752799ce50bc,c1b3315cb46c8938ea2f3ce40814c496dfe81ec926621ee7831925389ff3326b,HMAC-SHA256-DEMO,AUDIT-2026-05-STEP3
266,2f1defd63fdf7e03991908fe,2026-05-28T02:36:00Z,REQ-000266,058b6ca906f6f017cad2b2fa,STATE_02_DIST_04_PS_01,7ce5d3c68a1d4bf9a69dd131,escalate,ESCALATE_PRIVACY_SENSITIVE_RECORD,P-2026-05-STEP2-ORACLE,4c07f0bf79baad9077b7daa209d1d850e0952af52407ac98018e7e67775ed07d,7674353f9d1bdf79622af84be1ba29a96ba37e41fcd0bfcc4f39c45ad32e8e81,d869b8716f0d9476abe7418397669ef09d61ab3561bc3e363f005a925ee3a4e5,2e52e9907bc58acb060157900b7e12942d12c1549c8021c1050c02890f87df68,10c41e277adaa6c8b195d459ec25051c25bde82b6d8e9cad218287513d5c73a7,e6e1b81d18f0090ae8e91d135806c3481bd231a9e7f59bf95b7a752799ce50bc,f0df8a8c30e12bba148047987ac5b2abc74755ec8532a6c0ef0dd6516466c251,87b0d4e50f7d88c7a0b46396bd66618690cf8c0162eea1b8f4bab55a378be025,HMAC-SHA256-DEMO,AUDIT-2026-05-STEP3
267,0f5e80f968f7f374a7dc741f,2026-05-29T23:12:00Z,REQ-000267,b4afcf069d55876dc928c9fe,STATE_03_DIST_01_PS_01,19f9edd30f8406ca598631a4,escalate,ESCALATE_CROSS_JURISDICTION_SENSITIVE_RECORD,P-2026-05-STEP2-ORACLE,fc6d12552de46e555a390f2e80e48a7d46c314320f2a21976132046763f93909,b17fb7c0b912c000211a6837e34fe2da63f38b07c675284b6fab12360f500815,0fd656b31da8148f21f399161caace0c4f1bbcc82f2e232f8b3150958eb694e2,e68f0a97281d82f6c1d0c519b88311e4b8f8e8294d9d209404100eb85875ab24,4af34e3822795c929deb865b4b941dc814b8370a03d38b9280896b94272015af,f0df8a8c30e12bba148047987ac5b2abc74755ec8532a6c0ef0dd6516466c251,16584e1d232d582aaa4d935af4600aea36600fdb974419bec7d13a52212617d7,9354ad24be7b5fe4c776db14dfa6448c60b8722737c1bb29ed477769a667c6f3,HMAC-SHA256-DEMO,AUDIT-2026-05-STEP3
268,fc502a666f84a4e0dd6b0aa9,2026-05-29T19:00:00Z,REQ-000268,4ee0497be96c65e5642e3a72,STATE_01_DIST_02_PS_02,803e05eda0391b5c99c7c16e,deny,DENY_SEALED_RECORD_WITHOUT_COURT_CONTEXT,P-2026-05-STEP2-ORACLE,3e2c266136e379f14c753c229f3abdf3fba80b61639f12f316ba1d5fe8fcdefa,df5303251653d25bc40ab00f4c518a28b17260f3ecb61f6c4b15e7be7c731d28,e1f12ad05c5cd3449db765edad25492e57f5f12509aa12b57468319d98e8e3d0,33852838a438b740d16ea35b31981d700411d42fca0ab07c0b12165903eae9cd,36af9077e51e679ffeb7c16bf32f13dea99e077bb18670db9c2e43bdc9295abc,16584e1d232d582aaa4d935af4600aea36600fdb974419bec7d13a52212617d7,0b596558fbc47794d284d92dae272b4657c82551dced087b69202189716295fa,129bbd84d276368273c7120f9b85e8253431385ad13113cc459ad53afe77d148,HMAC-SHA256-DEMO,AUDIT-2026-05-STEP3
269,04f0c6392eb139daf4bdf818,2026-05-29T05:48:00Z,REQ-000269,f250eda449687032c1f3ce21,STATE_01_DIST_01_PS_01,33d770afa0f3663c50bb006b,deny,DENY_SEALED_RECORD_WITHOUT_COURT_CONTEXT,P-2026-05-STEP2-ORACLE,bc976c69accc15f9509e83796c0e8b4cc70aa8387a49fb203eb2b615a7717733,f136164115e080b57ccb9181028269a683a5ec42afb50fbc8368095c7ea90cec,13fb18191705c9753e46c389102acc1e606ea679225a1af9f6e4afd69543f2c7,3f93ae3f09f3dca03b1487fd47ef46994afe4cafb5b9f27de1f99f0ca41f2197,693113456c43eed081104ad9fffd0b03455a6b2a425bd2257528565703753c4a,0b596558fbc47794d284d92dae272b4657c82551dced087b69202189716295fa,3f6ba7bf765a382d0e0831c892c5bb559522e622de30c4e6c73034454461e7d0,67ec5faba47724985764e3d6342f96494db502152e37e76a68419d15c66cdbd3,HMAC-SHA256-DEMO,AUDIT-2026-05-STEP3
270,393d09788f5c56f350c6db47,2026-05-27T22:30:00Z,REQ-000270,769c0f71f92a8b49e252746c,STATE_03_DIST_01_PS_01,65a60273afcbaa34ae4c3128,allow,ALLOW_ROUTINE_CONTEXTUAL_ACCESS,P-2026-05-STEP2-ORACLE,8cde60067f18dd1e5692767afc163fab3e19f57352e949f56b2f2a0806814728,f41ef6ddc28f52e48be1f7ce1fad8d0be3cff6b47d14b9a2f9564afd8801a250,2e412426b230600dbed85700a78a7df718d7351c922bce9086e99fa5478602c7,00a9dff9715af02150ef86c9afeaadf9b8af43cc58523c2c432484f4c710a9ea,00e82e84e2fd6d58edd23d1dfd5cbd5113966d09e0ae008778562fb5b8befb04,3f6ba7bf765a382d0e0831c892c5bb559522e622de30c4e6c73034454461e7d0,1bb7123bfc43f45dab8add2c3fa07d0c2d9c2e492aff9dc991f47661bebcc621,a060e46f621d2aa10ffab9dee343ae761258d719b94c7f853edb3017ce5a781b,HMAC-SHA256-DEMO,AUDIT-2026-05-STEP3
271,cb21504db1fedb2d6a62a007,2026-05-27T13:33:00Z,REQ-000271,4bb363d085866d6dbe19f005,STATE_01_DIST_03_PS_02,0e67d609ea46cf7a4eb4513b,escalate,ESCALATE_PRIVACY_SENSITIVE_RECORD,P-2026-05-STEP2-ORACLE,dcb562ec88a005475006800056325b4d27874ded1383339df95b0322a660db1f,94a75116532f6109fd2a18d1ed7551cae2dfece98de14f128359bbb96a510068,4f438d5bb413e59b93267feb217c69d55440350de77897cebee7ec5e7d47efb6,68c2582c59ac2eb950c76e3db7f64fcc621e3eb3c59db25bff36077c852d890c,a7d62786e3f80ccf296e3000e45a40b6a6cb434f67c9daa2c1886742aad6a088,1bb7123bfc43f45dab8add2c3fa07d0c2d9c2e492aff9dc991f47661bebcc621,405a7c3b1a7b44d0eef0ea9b5ca793c2f087b7640790081d1c2fbab3f05aa4bf,0d705eaa1683adf3e8d4d5ff823b4cff387f78c553693142d8a96a74261d5e32,HMAC-SHA256-DEMO,AUDIT-2026-05-STEP3
272,68cf8bb69c7bb7a71aff898c,2026-05-29T20:00:00Z,REQ-000272,16a2d504d34232bf9551d690,STATE_01_DIST_03_PS_01,7e1af28dadbf5d983261b8b0,deny,DENY_SEALED_RECORD_WITHOUT_COURT_CONTEXT,P-2026-05-STEP2-ORACLE,2e88a8e7fecaa089ed0324368e97f4269d6b74303a6e1f9cb89e5ee88b7a0e2b,e4912200027a07753208b04ff0e0305e67ca6bbcee2238809c7c99a3a0bed11c,aa3eea2159dab47068554a245fa25cdf01faa7d374944bf1bd95d4f66cf546a5,1adc01a144c103ec7ffd5899fb32ba20674a417d3126abb7103476d1f838516d,4073e08f216aa0f12395c95e4baf6b8e0260d72907151ade4df4229b4ba998b3,405a7c3b1a7b44d0eef0ea9b5ca793c2f087b7640790081d1c2fbab3f05aa4bf,a0fb8dda59977e795a33e7d48be3e9f32b1b8490f5d5a8436b7a72cfc87929a0,57e907131af66feba3a0c4a7dee713ed99c8e3d020a072ffd768198072ca1e93,HMAC-SHA256-DEMO,AUDIT-2026-05-STEP3
273,3fe2179c591d289daa34ae83,2026-05-27T18:12:00Z,REQ-000273,750741a21ba1ad37a768df1b,STATE_02_DIST_03_PS_03,dd50cdb30b8facf0896c1182,escalate,ESCALATE_CROSS_JURISDICTION_SENSITIVE_RECORD,P-2026-05-STEP2-ORACLE,0c63f8467ed85a98d09a594485a63e07b3d82d5b3bd87d1e6224c0d5834e7c81,7efdf4e8d9af1749a18d19d57c11011bf8e38ea2ef28926998d648611ad47572,01586b208a9591025f35bbbcabfc2ad45313d1b861bfbfcc6944a1cd3f95061c,fb433bf90be6284b088010bd5bb98a2a1d071bc34d61705b261e2fde5e664771,06c88307e971cc704006328aca72c95809e80111689c69ba121f91e4694cd60a,a0fb8dda59977e795a33e7d48be3e9f32b1b8490f5d5a8436b7a72cfc87929a0,31e4f464b7cb0d78be68d5837545fa00a4274bfb9090f51e08178b76f4b65184,abb3ce316c2b514fb73c9c636c8c3dbafab412942cbfe9db15533177588e1a41,HMAC-SHA256-DEMO,AUDIT-2026-05-STEP3
274,d6779b08b24376c056c80ef4,2026-05-28T07:58:00Z,REQ-000274,006fa23a737e20e3625debb8,STATE_02_DIST_01_PS_02,7d3d13caa3164dca6626bc9b,deny,DENY_EXPIRED_APPROVAL_TOKEN,P-2026-05-STEP2-ORACLE,7b3701960b1247e442e9bd66e8e11277959c5f6468d4911a0ed93e7d03edf693,60930ad16844a27a31f9d6e28221d4321c5df86ba72e64ef5526e006582cccf4,ab54d9c7f3e3dedd0401c94746478de6cbf2aad0ed36b9923f21a376a1705ccc,56ebecaaacf71a5b343884364e5edae19944586cb41fda9a36e6f4e2cab3c7c9,e541d6b5addbfefc8c6548a07c4e61324011c82f09e7ed1647454fab3784709a,31e4f464b7cb0d78be68d5837545fa00a4274bfb9090f51e08178b76f4b65184,85af2bb23d18ad150e278861ac9e9e886d663ef6241ce4258310a9fc43deb286,125a043e194d70de64e528860143d1a4bc190ef3c8e25a27440676aaeb9ba771,HMAC-SHA256-DEMO,AUDIT-2026-05-STEP3
275,6fa98b2928d9fbe088f395b5,2026-05-29T07:00:00Z,REQ-000275,956b1c8673c706b9098bdcd1,STATE_02_DIST_04_PS_01,f6f606c409b171df8e67b6a2,deny,DENY_STALE_CASE_ASSIGNMENT,P-2026-05-STEP2-ORACLE,a6bb4b7bbf6cd9a49d787a9cc7b02c5082cd101f5a2e3e4062c708db2f7d499f,f7a8c23564a0ab674421877872fc5a28b44e7bbda1d09c8d88bba22caf0f3ee4,9cfbcc5b759e0db2960c7f3d746ce71634c887a8248e075e36ff4ae3a3e7b297,021db8b472a7f116f75b8372eb0485cf8604d30579b9e53f48f44c1fca0e3a9d,a5d5fcd298bc160c3a750e921dcfa1c521ac86353cc95368f92387e0377d1e31,85af2bb23d18ad150e278861ac9e9e886d663ef6241ce4258310a9fc43deb286,766b8d0755df4fb9be39b526ade519d39f8fcd24a2a998f283e689098de6287f,0ec832c71749acbe727d503158987541c2321ad14d0f9f8124417e01068cb9d2,HMAC-SHA256-DEMO,AUDIT-2026-05-STEP3
276,b052938f042c6f7e267699b1,2026-05-28T22:00:00Z,REQ-000276,750741a21ba1ad37a768df1b,STATE_02_DIST_03_PS_03,8ccbd9b70dff9bfa5bc9f0dd,allow,ALLOW_ROUTINE_CONTEXTUAL_ACCESS,P-2026-05-STEP2-ORACLE,f27be5f73e993d272221c22099b0a112c00eed32dbf4436c62f8c388f005244f,af4b0849265cb5a9e42133066a1d2b8ebacc3f3559a220b5b7ad2d64928ee554,c3c9e4620e9de9ff160ae92ad96ee1e4a2f39792cf621776d0f59e275e303d97,c8ede7457d9eea47c58045bea9df607d74d40a60713cc8c8666b5329cfc8df5a,ef5f0888797530d39f718aa45b9e5cbab1716a4552d8b91ee8ef2dbb3c0197f5,766b8d0755df4fb9be39b526ade519d39f8fcd24a2a998f283e689098de6287f,738999741f20babf631847965043356f0a323ae0c2dda6ab8d81f19ba4e681f3,22ba4a948804b71676a4fa34fef86c75eda3cc80a5e67fa5a189a2a9853747ca,HMAC-SHA256-DEMO,AUDIT-2026-05-STEP3
277,ccb1fe496b192322a1b9ae1d,2026-05-28T12:56:00Z,REQ-000277,3388bd23d03d7e43b3bd8d53,STATE_02_DIST_01_PS_01,a9cbee3038e84f297bca5de4,deny,DENY_STALE_CASE_ASSIGNMENT,P-2026-05-STEP2-ORACLE,70c773ebfba2ba59def2f8e200e1b376c73a56a945476f7da5931cfdc54189e8,ee1a060e5216a491efca0a63767b85ea3ccf97ceb7ac6538165e2605c4c1679c,3e571cee94e92932e68c012abf6e5b1a18e9f68cf0c99583270c910cceddf4eb,a48ed3594c4295fe78fdbf5cefe78cee40a2876bdfcae5da8261bbbc15fc2e49,15775524442ff1cbb4c4181952145e47e5f960f4f7d92c7bd52115a4d9a207cb,738999741f20babf631847965043356f0a323ae0c2dda6ab8d81f19ba4e681f3,50e23aa9a765dfcd47291fd75343dd2902d3d6780c7513362b6be75910640552,446abc1cee69b5ea482b19bc91d3f26d6d61ac61916706b9e97ae47567ec0da2,HMAC-SHA256-DEMO,AUDIT-2026-05-STEP3
278,aedec9d829a976dc41a811aa,2026-05-28T17:42:00Z,REQ-000278,fcd532f0d95281220fe7337b,STATE_01_DIST_04_PS_01,b2fe1d7e7f491d2222d662d6,escalate,ESCALATE_PRIVACY_SENSITIVE_RECORD,P-2026-05-STEP2-ORACLE,afabb0a52aad18c891fc75be120e9fb68987de94d43346d4901e4caf8c915a87,b1119bb05733a6e9ac4bf68e8fe70460ef56a19cbc2e963505659067e2d091ce,c6b8cfac3a035af1be91dc1b994ce857ca4f9772966fdda3a4cf167b046bba5c,343a096fc4abdf99bb9c2b80834111ccd06e26e53b5d6cbdd0a756a83d7c6cc6,fd867af75f7c02d1a3dbbda467e6d32d296cf6288869bdb9b807304be2088174,50e23aa9a765dfcd47291fd75343dd2902d3d6780c7513362b6be75910640552,cdd3922643f67818df2203452240cc3a8df05eeaf4eda4b9700e55940c45ae9f,113ab4d4f1d31591702a20a8fae47f88b7797193f10a9e7fad99f1dbe7fc2acc,HMAC-SHA256-DEMO,AUDIT-2026-05-STEP3
279,e10bd0418a81d2a106524880,2026-05-29T17:06:00Z,REQ-000279,93ea324e5b0159f974ae2ac9,STATE_03_DIST_02_PS_02,c5a7655426851bce3abc43ba,escalate,ESCALATE_EMERGENCY_REVIEW_REQUIRED,P-2026-05-STEP2-ORACLE,f14c02e98f683558a8f21b01d47190421588f0b05c635cb82b940a89d5e0f266,8ae6963a971cbf61ff592df1a8e6c2e4011e8e8bfa9809f857552b50152bd25c,1ac4e4b78390302fbb2f80e3c70e030bc667a4184489515f77c94e1d0d543a56,239906f39bc29f00efb2408149c0f7653f722ca29a78ea63cacdb64815035cbb,a0be6e1a01f8551ce32c3c3192e2e6f2c6cba4629081e436fb7ce52251278cfe,cdd3922643f67818df2203452240cc3a8df05eeaf4eda4b9700e55940c45ae9f,e5e4212a39db5af4e745df09c96f76e60619edece2a50f9a0b079790751f4f67,5e1a097c3752e7d9dc9739d9bf0cc9a9678595a20825a73f34e85bf3725b476d,HMAC-SHA256-DEMO,AUDIT-2026-05-STEP3
280,a2f2657a76d1465e3b4f25e6,2026-05-29T22:00:00Z,REQ-000280,f30bb583158115d6451ff1ba,STATE_02_DIST_03_PS_01,22d13ba63717ca715e5005a7,escalate,ESCALATE_PRIVACY_SENSITIVE_RECORD,P-2026-05-STEP2-ORACLE,0c01a1e5595746d6292c1cd22071b29838de3d8e0a0f13cfb77016579feedd16,d3f89507905755275abd0ed5ad36c58e4149130464dc8c5635ba26edad5c781c,7d3e8e1424d83e217124490d8b1e0e39cb6fcfb8f4dc4b25c3c65aa56c3e9d76,95db334313ed47b2373589ff38bd0ecd56336ac41be34ddd148cd14390ccb5dd,18055ea52dae5d7cb623283e9b68997fb68edc89171d872ffbbaeee25a3541e3,e5e4212a39db5af4e745df09c96f76e60619edece2a50f9a0b079790751f4f67,73c57c267273874675bcab530af22f83d9ccf0eee3bc81e91f4479b1113f385c,473d8f8d7e692d48b63eb42ea68fa525645bc1168a46de68d4cb91db76951523,HMAC-SHA256-DEMO,AUDIT-2026-05-STEP3
281,36846bda7aa6b0ed03c43586,2026-05-29T22:15:00Z,REQ-000281,4b271c3dc209eac61d05dd4f,STATE_01_DIST_01_PS_01,47c18a6e1dfb5f8551512e9f,allow,ALLOW_ROUTINE_CONTEXTUAL_ACCESS,P-2026-05-STEP2-ORACLE,c118632947d402bd6c76c20c2bd95753068d2edb9d3e4aea6a9db9cfebb9ad0c,55a55aa9bb472a886719daf72ab4ad462ab53408af88aef47dad2cf1900a50c8,a013712b6b7d04f4179806cfdbf9de686f7d54aaed47e37011e0482144f0d61a,81ffb6c741dcf8cc81e6a175d9328e7896411c3f4bab7441dddc110c2ef5b693,c4f894fdd6fadf9a40f812b184ba0ac41419c7c038ef3ed503401c1d7db49957,73c57c267273874675bcab530af22f83d9ccf0eee3bc81e91f4479b1113f385c,16f09f1f5f73d7fb18c096634203ede9b00efa0bcf8bf4112e9449cb0bcaa809,c1633f4f30c1a5c2e2b997fb85f689b11c95191259920ac1cf49316139f14dc1,HMAC-SHA256-DEMO,AUDIT-2026-05-STEP3
282,5887c1d271e90dca6f92cfec,2026-05-29T08:24:00Z,REQ-000282,48f5470b8ce4df5af3e82ab0,STATE_02_DIST_02_PS_03,2b2d7ab4e1a9781372404fec,deny,DENY_SEALED_RECORD_WITHOUT_COURT_CONTEXT,P-2026-05-STEP2-ORACLE,53cde0027aef0b1861863ec5e06e4aa54a37762a639454f95d617f45d422302e,ab50615a8f253ca48f491fdd93bb491e1632ad0e70f171fab25c96cc4496edbd,c1f098ca61ef217ebd5befdce4fcd6f879615eec362e128a3fe97a98a79cc67a,0176780636b785c2c41c992c64ff5aabdc6d3c6ac8612a44ec8f5015c84b9346,0ae5c9d6f647b5462720ab835201024a17e858bcf790afada7974c9e0647430a,16f09f1f5f73d7fb18c096634203ede9b00efa0bcf8bf4112e9449cb0bcaa809,78dba59e48ecf04e5cce4435bf97e62be3ce873466e8b25ab2925eb87e1b79dd,9dc699eac0e51d029cb4eddf155b157117ddeee5e01ce80f4e8181c34607fc99,HMAC-SHA256-DEMO,AUDIT-2026-05-STEP3
283,e882ada6eea1c6affd7e0198,2026-05-29T03:53:00Z,REQ-000283,910fbfbd952d337d55470015,STATE_03_DIST_02_PS_02,9222c0ba833f5a7c57f8a24c,deny,DENY_INACTIVE_CREDENTIAL,P-2026-05-STEP2-ORACLE,ef3296777eb56cd2b0a71c7e731e0c1e8f7300b652b25a9c9a9ec82ddae6b074,9598042439591c071a42597b1eaaf70c7635a9a533723d8afba5fd24c28245cf,24c93394a40362a4716fd19b705a2b03d245228e064b82b12bfd61a101019334,cabea29620e35eb834b991db0149b8cebaa79e7ffc94943e1cafae97e899b7e8,8a70af92ee87edb786e9d05334209d10b47621d5b387ca20e0f4527289c6900e,78dba59e48ecf04e5cce4435bf97e62be3ce873466e8b25ab2925eb87e1b79dd,75edcd47e06cbe7799a90071c89404f953b445345a5303151c5c828aeb98c7dd,7b032502a40a9c79fd7bdd58d4bd522c799898e3e02b2a218e695f257a9c31a8,HMAC-SHA256-DEMO,AUDIT-2026-05-STEP3
284,c13223a7aae85034f9eb3889,2026-05-29T08:48:00Z,REQ-000284,86505bfb457a23f7a0108287,STATE_03_DIST_01_PS_01,08dd64986685dcabe431977b,deny,DENY_STALE_CASE_ASSIGNMENT,P-2026-05-STEP2-ORACLE,d3d0d87c57360f0832c4268aa4301177047b68fe36d10d2bc635e04e64bfff59,5fdadc72705d23a0374826c1b6706202ad4a996cbad2c9d54d9acccb41433513,c41ae20086c5ee10b64b40329e0495cf9a7c464f1273c7033683fdeac220ce1b,f23a8b63e34cd4db35c7cf571a654512fe803681cac0d0c58d88e0c97f1c1685,76c7960d2d4760ab9220fd530237a018114ed3827a82af6c3481b33db19f6a52,75edcd47e06cbe7799a90071c89404f953b445345a5303151c5c828aeb98c7dd,b7dcd0bebb0b4a78b467a72bc70c15d38c7fdd0dd83da2afc2d81235f6862637,613065ba5009fe9510f11d669a0c18d83a6da8e2f69dfd9551635f1f6a8ae46a,HMAC-SHA256-DEMO,AUDIT-2026-05-STEP3
285,016c7dda9f29874de21a833e,2026-05-27T19:00:00Z,REQ-000285,4857d6398585bfa5b41baddd,STATE_02_DIST_02_PS_03,9043a679045e2af84cd3c449,allow,ALLOW_ROUTINE_CONTEXTUAL_ACCESS,P-2026-05-STEP2-ORACLE,19ff4427afc4160756ba12daf3fd0a3c2969153b50204b1fc67732ac501517f0,bca2d4031377a9fa49cd2016a380a8f6dac1c7561ff6022f09eeadfe0b122c3e,847567a05fbcbf85d5e470aab24f1c650625d8f58383440cfa6f48c986948588,84c5242580235455010fce3959b245513d2af2f4c729df48e140daf01e1859c9,ce2b67b76a5d41f90e0b3c73d4c954d078b93741f8c20c091b8333632ca986d7,b7dcd0bebb0b4a78b467a72bc70c15d38c7fdd0dd83da2afc2d81235f6862637,c5a3f476021ba086a16ea5b87a004e4ae675469fe1741527a8019677c6a44860,3ae048e2a9e1c3389374cdc4a5858861bf6be5209ff373d9b48f18d8122c84e4,HMAC-SHA256-DEMO,AUDIT-2026-05-STEP3
286,bdf85e145341480dbb7b4418,2026-05-29T13:58:00Z,REQ-000286,733b1499389b250473119b5c,STATE_03_DIST_04_PS_01,431cd98dd82eaadeaea9ba71,escalate,ESCALATE_EMERGENCY_REVIEW_REQUIRED,P-2026-05-STEP2-ORACLE,2f6944790aadd51929de9fec28dd4233f588fea9badfc315d195a95ecb2b13b8,05994382c3f393048780232055f5dee533e0c36e6047cca6ef3077e213d269bb,810ec5bf86cbdcb2e9e48e00cb8fd349905a6e588b752816ec56fd51be336061,b4628241984efc0fc8fb8bbdce70fb752c8029635172c2e863a2d88d3e365c32,2fe59dc7d8779268e754be765fbba2152fecf6ecf7e8bbe331ae6527b3df05ce,c5a3f476021ba086a16ea5b87a004e4ae675469fe1741527a8019677c6a44860,32d1bd4f7f3e48913a1c0ce07b490dbd6e744eb3ce964678ac74b549865d6981,2f43c7028f290283fd1ad66c7bb59473fa2bcc4c4ac24790d2eb011533133ceb,HMAC-SHA256-DEMO,AUDIT-2026-05-STEP3
287,f954c4bee124c871799d5586,2026-05-28T09:29:00Z,REQ-000287,f1cd31d43c526f5a63bbd87e,STATE_01_DIST_03_PS_01,d5992de3faed601edf297932,escalate,ESCALATE_CROSS_JURISDICTION_SENSITIVE_RECORD,P-2026-05-STEP2-ORACLE,91bfa3bbf8b5a88d9064dd646c907abfdeccce494db3c953d0ce38191560d397,d49a4493ad1aec4ccbe8ce31d063517548eddbd93a50292a633e415cb24fc362,67d0dcfa924719d5be8f555fce27b7e7cea99aa129b4922cfbbf33352fac1a91,3bb1a612e61eea183b572bc511214499b6861bdac383702d710f0b54fd23661e,7b69e76483faa65a1e82c37628763ded0d73893b6b2e568bef0273cb5164670b,32d1bd4f7f3e48913a1c0ce07b490dbd6e744eb3ce964678ac74b549865d6981,e7322028b63e8de7448d09e038c6cfb36d79f22fd94799ad230cb9a07e514405,0177c8e95fd7f6d59dfba7b12dfcf09c62e45a105bcb36a3ebfb11d77ea13f45,HMAC-SHA256-DEMO,AUDIT-2026-05-STEP3
288,b83c30610412becb8030b48f,2026-05-27T19:12:00Z,REQ-000288,f7c9b924c136028c31a62c8c,STATE_01_DIST_03_PS_01,13b2a2a0db1373b8363e1c5a,escalate,ESCALATE_PRIVACY_SENSITIVE_RECORD,P-2026-05-STEP2-ORACLE,2bbd012dbf65c6ad263a11c689451d6e1f11d67997f46bf11c573787cc4f55e5,20260a36e66b26fd334dbac772d6473e93292104d412b0599543505fa7bc3d86,98f8cf250ff90b01f755e675d421434b4fa886505fa7147c46dcc485b40512fa,e66653ae2635179949bc386459988b0fa250a4024960ad828efc205701b96960,f8d516b59d0b95e82cae8fd43a20d6c93951601211bc49d36c94b4b5155e9d19,e7322028b63e8de7448d09e038c6cfb36d79f22fd94799ad230cb9a07e514405,44a8681ae02ba8d04b324a87135ed4e797a0de4b7adb51d155ac5fb11858f799,a831b8ee7fa0f1c29556bb9d58c2d1c429d0324253e5fa0a0e3f1f75135c53ae,HMAC-SHA256-DEMO,AUDIT-2026-05-STEP3
289,f1fd56358498785c9fff87bb,2026-05-29T19:26:00Z,REQ-000289,eff0953046ce4a5fb1d8ee91,STATE_03_DIST_04_PS_02,3fe5f563961efc8bcecb0585,allow,ALLOW_ROUTINE_CONTEXTUAL_ACCESS,P-2026-05-STEP2-ORACLE,6941a9d45bbf60e69cdf65f2fb863260e39fe107aadcaedc42be4a78ef1a1613,6d37cf21513c7ed7487317af942c8d6784c0ed0c187a7688fbe0a5dc346bd6ab,b1dd4020927dcd1a124a2a392a54da0e82f01b35a6c1d42241e507b62b6cf88d,1e8b07216f79c458057f0a0495b31433a714d18d72be378397bc7a5602c8fb59,d476f075a4ae0c2150a2a9ef2c28097f5bfd7db87dcddbb081e0dab44145a47a,44a8681ae02ba8d04b324a87135ed4e797a0de4b7adb51d155ac5fb11858f799,e5f617c7070b6c3aaf04f28b72b3aeb4c4b202303f64f27505504fa57bf93c41,88d7f933d51197727baeea71ebb2e85fee72da937f01aaa61b9ee0387bc01072,HMAC-SHA256-DEMO,AUDIT-2026-05-STEP3
290,baa32a241434515006c8190e,2026-05-29T00:20:00Z,REQ-000290,ccfa52e7df949ec76b129260,STATE_01_DIST_01_PS_02,c8ce7d730a23ef48683bf642,allow,ALLOW_ROUTINE_CONTEXTUAL_ACCESS,P-2026-05-STEP2-ORACLE,c43bfe657c1f7c5c3d81ed7d767e62b768a53e8e18b3ddb7686117b984ee5e6d,aebcd07e0c856b84caf7b462e53034fd513b15e079769fa16908e5be08883b55,d8993857e9d2072c6165c10b65d83fa1cb4880d203daab470c9f4521631f187c,2b8f68208f32774130ad4c25a4ca3ac0555f48ff29577e4461d911d79f9abb2b,390e6010c61ca75458463670d7387fdbf5dbc8fd0e9e6db90090c06f48e28b5d,e5f617c7070b6c3aaf04f28b72b3aeb4c4b202303f64f27505504fa57bf93c41,489bce46eba4ae41963d13b67dec67c7a82b5dcb1d2ac16a151648583e97ebfe,19d6d73e0e9b547f740780056e9f56fe2d0c58bb03386bec16f707810445b131,HMAC-SHA256-DEMO,AUDIT-2026-05-STEP3
291,21ddde2f1236bc46a9078dc4,2026-05-29T05:21:00Z,REQ-000291,adb77e6ea2a2edb0afc7410d,STATE_01_DIST_02_PS_02,b10eeff052ba452504a54f88,deny,DENY_SEALED_RECORD_WITHOUT_COURT_CONTEXT,P-2026-05-STEP2-ORACLE,caaa5407b3bfd9dbfa46131f466f50a08b08dfb460a9c540744ad806da7302a0,8bf1b22b01e383c100896dd1b848fdf78bfa16a452a1b3e17745330727f2ebb8,4714613d265bdd12e190e8501aa6af4842929282bd5978621fe3c0dfca17a551,fa145c49226aeb6d6fa7ffdf9442b375a1373e77cf89f8f69215129ad8f1bec1,7cf55785d239afe6126cc1d0a7c4561cfdfb4f771d28872e4012eeeadce89d76,489bce46eba4ae41963d13b67dec67c7a82b5dcb1d2ac16a151648583e97ebfe,9f9252afb84be35d583241901f9fba4e1fa8894c0f1c67f800ca1b22e521fe3e,ca242cfcee249ffd3e18a7bcd1bb10eee610c57b61ff4148524e42fb49e19072,HMAC-SHA256-DEMO,AUDIT-2026-05-STEP3
292,0d050f46e42bbd023ff12ba0,2026-05-28T00:20:00Z,REQ-000292,816d13ffa68e60a160c3810f,STATE_03_DIST_02_PS_03,c41b67b4eb7eaeb0d8a6bb62,deny,DENY_EXPIRED_APPROVAL_TOKEN,P-2026-05-STEP2-ORACLE,2fd3389321758811eba05622c34e8422929b97170ed410acdcc779042eb3c5a2,16eca421894cd88744d6a8e706217bde67968c2df1155a95a8cbf0582ad58956,b3e5128470ce60c4af59b1f5876b9e094439d9309d2c39d98d562bc5a5127acc,46bf618dd4369d7464fe9ccf64a9a8727a51d9ac5ea3a45f4974c12ab661f1e3,e7dcd1493fb6135fb47703b8c7e471c448d8ab7ad619d939dd8ab2f0e6ba4bce,9f9252afb84be35d583241901f9fba4e1fa8894c0f1c67f800ca1b22e521fe3e,a9313497ca7243c926eb722c4de53a1206973ce3ea71b235d5b0ff7fb0ae651f,b254adc1c9e242ada8479639b7fdddcdf7bf023488644fb2f46a41d6e898f0a1,HMAC-SHA256-DEMO,AUDIT-2026-05-STEP3
293,39b97adf7120b7af757249d9,2026-05-29T10:36:00Z,REQ-000293,5ce4d64c20eb4b8a7537a1f7,STATE_01_DIST_03_PS_01,603952239175b0f17942d266,deny,DENY_STALE_CASE_ASSIGNMENT,P-2026-05-STEP2-ORACLE,2988a3349e311fe9398aa61f51bda37de87625e7393171b5b78f42648dec4f2d,c0eefbffdb53c95b39c329da512823aace5cc423089b7c9a7372a8e45fe55086,7fba8e1889fa93719f8ea23483c9b771de098b922002a50d7cbfb5cab4fbef9e,026d6077ee94de95a2eff09305f928285c6826eb96a1ce5c38909b57ceced39a,2c1a63c9fc6923a1c88b7f23ed4bf2a3f942489d7e2d1a983eed93b08b39dfda,a9313497ca7243c926eb722c4de53a1206973ce3ea71b235d5b0ff7fb0ae651f,4456c4a1b92576db37cab7eabb8909fefa23ded3b31cfaf02d153049d1df4e38,0bdd37797ba32478f0baa0f71d6fa47f634250771488b9c105dceb4fa5f909dd,HMAC-SHA256-DEMO,AUDIT-2026-05-STEP3
294,8f26803fe3444f0234bdadef,2026-05-28T05:24:00Z,REQ-000294,0d9d0f67e217f12f80467acf,STATE_03_DIST_04_PS_01,3d4b5b64967f8dbf39aeb99e,escalate,ESCALATE_CROSS_JURISDICTION_SENSITIVE_RECORD,P-2026-05-STEP2-ORACLE,c4d3f28c5f534f40cbe2058ff9d9ab8acf846d51bf169dd7a471445590d29f40,52834e50cf0251dc696b5af3dfaa18cbea58fb5f568f8c0caa338db6667087a9,c7d7f13b56624e5d586f2a8b585e382004f9a9cc379efe68178b91756a884701,f5e35e91df9fb7f8f7b941423202188aff4dd85715f640aab599b1fbf71add57,d01dd3764de58749d95ce3a1111f4361198d3e606e267de27f4ac3aeb6803724,4456c4a1b92576db37cab7eabb8909fefa23ded3b31cfaf02d153049d1df4e38,c5d0b5a564386bdd60798ab32c8b8174eddff4ba285744bc51836414b3726e81,5aca3e77863add5df9a2c7aea8b646b19d58575ce2fa70f4d529bc4f0f05c118,HMAC-SHA256-DEMO,AUDIT-2026-05-STEP3
295,4c418b83e787d5dee474b300,2026-05-27T14:45:00Z,REQ-000295,910fbfbd952d337d55470015,STATE_03_DIST_02_PS_02,66b007268423d51b9a1c9d89,deny,DENY_INACTIVE_CREDENTIAL,P-2026-05-STEP2-ORACLE,62fdf9eda2c934cc48edd02582ce26b167a4fbfae5b1dce51d18289612fcfe45,3ab8b6d5bc67c89b3a79a709528338783465f1f42bd0444e5304ca94b354eb88,c4300ba705e2b8922362e0385cc0ec518ec92edbe840c5681f637b6eed77ab25,b1c2dd8aeb7e07d01022bb6982d5299158260b01c2a595d456b3cdb44b8eb8f4,de6906bb7af9f7c32b82e83881c905dd28746b9f05ccd9bbdfd28390bf26fd8e,c5d0b5a564386bdd60798ab32c8b8174eddff4ba285744bc51836414b3726e81,af6c875f14884d84c5da4582d13098e30015eee2ed523b56e847df8d532f829e,ef95207a5bd5e2f7ed028300cb4cad156545691e377c91cd3f1d4b4254023fad,HMAC-SHA256-DEMO,AUDIT-2026-05-STEP3
296,c70a58491144c520ca1fb2dd,2026-05-28T20:24:00Z,REQ-000296,3dd77930332ffbb4fb60fb78,STATE_02_DIST_03_PS_01,71e0d974adfaea423315288d,deny,DENY_SEALED_RECORD_WITHOUT_COURT_CONTEXT,P-2026-05-STEP2-ORACLE,0659ce443abb478302bb4b61166c5e3b3fe9bda63a6fc582ed719da986bea5ce,31db34043236ee05f1f15ebcd1040ecd779509ef549969534b7be0ecfde2ce91,729f33c71435510a41a4c3f6fdc97a20e22a5b6544de8fd0f8d7170a1ffcc33f,5fe2e0730be892952570e0e4037fb1480956f9606a64829ce37257d37a494eab,8b1d90ce270b83d8074fa915f7071a07fb6c79aceb6fd9833024f1c7b7ad40b3,af6c875f14884d84c5da4582d13098e30015eee2ed523b56e847df8d532f829e,5fa5026e20a2e986343358e0e05a5d0b48cc551e6534716cdc681450685377a3,39895b7e48655cfa953e60d088a1d76a66b509d20ab16b4e37403103a998d70a,HMAC-SHA256-DEMO,AUDIT-2026-05-STEP3
297,8d7100d2bf597804b86ed69c,2026-05-28T00:45:00Z,REQ-000297,bb454708489db5641c11f4b0,STATE_03_DIST_01_PS_03,dfb0e94f858b759ef429abc3,escalate,ESCALATE_PRIVACY_SENSITIVE_RECORD,P-2026-05-STEP2-ORACLE,ecc86c0ef206e09d5d82475adfce65595b5de514166aaeee375c08df20bcfd2c,fd7f62fef634654ecff985db9e1323fb03ab178a73c32d45bf75cc7e56bedc96,7356881f7d380a73a96fccd8b53b96348cd85537bb616acf08a801379f081a8f,b3e847d35056655fba4058dd3d0dea9d51d78baa926f0e59863ec60924d96aac,315de8f901413d974334b7ce652c4faa1ad54272239a0612453293c7692c7cc0,5fa5026e20a2e986343358e0e05a5d0b48cc551e6534716cdc681450685377a3,4e26b935c6e1de08cca788920e572a71c4cbe41dded5d7b5b9a0399aa171ea98,530d51d88834078d98c585811c29255f2cef879430ea01dc3904d00f1e3fba5f,HMAC-SHA256-DEMO,AUDIT-2026-05-STEP3
298,cdadc8be7e1fbb6ea2cfe578,2026-05-30T02:30:00Z,REQ-000298,72950e6372134a5838550d42,STATE_01_DIST_04_PS_03,3b085a1d745c31eb8625296d,allow,ALLOW_ROUTINE_CONTEXTUAL_ACCESS,P-2026-05-STEP2-ORACLE,86252894022a0b7fcc297bceb1cbe23d0cea53b6f05cf499445875ca1db260b6,afeff74e01f629fe9689816e0693388e8eab790f7c8fa5ae0f63f4f918009e8e,8e91df74fdcc6e4788e10aa3b04069478d50807642fe77bac426255f1ddb3f88,97fddc0248bf049bfe941b4993bc7751a0afbfed532f1b4a857bb64ab32ce1b4,e8f99495e3c27eb767a07ba41c678eb4aa3654e77cf72a23bb897f999df1fd7f,4e26b935c6e1de08cca788920e572a71c4cbe41dded5d7b5b9a0399aa171ea98,25f02a618326d3de753cf40c6a374c56f4d983424999bec5e6d6601ced8f5a05,da24831157f4d8de3c15a50d32bc626130e91ee915f92dec6f4a34f721bfc3cc,HMAC-SHA256-DEMO,AUDIT-2026-05-STEP3
299,524fd6c070a7e1036e725b9b,2026-05-28T10:53:00Z,REQ-000299,e1441290962ca2a8517d8d0f,STATE_03_DIST_04_PS_03,898f4538ce2725a5c586c365,deny,DENY_INACTIVE_CREDENTIAL,P-2026-05-STEP2-ORACLE,944f0d0db0cf7ed25a966f142e9af03b7e3fa533162cda157deaa2e552b51100,e0486b1635090f24ced528bb7d60f3b65f29fc73dbb6e9aa3e432bf827e36456,0cd2ef3dacff91463549354264a168df47cf359012706124889983f9e84d06a5,ebb87a0da32eceb6328f4b60e76f1c2114cc19285a4d7489fcbee25839da8af0,c8b46ce9be83f342d2e60e29df2e8090924c8d99d7539140d6568dd57e364e8a,25f02a618326d3de753cf40c6a374c56f4d983424999bec5e6d6601ced8f5a05,0ec888fd314ffd09dcdaf4ed2b2c6b27ff5c082a2055f5da3009aebddf04dfc9,f49da0f8c3c2e8050c2fa296f6d160584df4b06b13a07e47b05402dec2b3719e,HMAC-SHA256-DEMO,AUDIT-2026-05-STEP3
300,01c43211513b11981f3f9a54,2026-05-30T08:00:00Z,REQ-000300,59518bd254aa8c0d0b7a139c,STATE_02_DIST_02_PS_01,459f734ddb6a3c78ec8e6d7d,escalate,ESCALATE_CROSS_JURISDICTION_SENSITIVE_RECORD,P-2026-05-STEP2-ORACLE,c9f7c79ad57d72d07cb38e9a99b9ba30849f61e708179b90c1c42a2169f36fd5,47d75a1f5b154d34d0bd5699b94f3e2e3ed20f18b699383fc91b326674c69005,166e225f3dbc7a882d42dae98be830f5bddecb3a9463238d2e230887ae302038,0a9f7c8bc5214fa5083b5da4785d4544f3c3e962347ef24b607d2318e2300d75,2e11c5f65ed6e454cfb717cb8c709949b614392849d0787aa6c8b04443227063,0ec888fd314ffd09dcdaf4ed2b2c6b27ff5c082a2055f5da3009aebddf04dfc9,2c1176aee7af0f20346cd226cfb2dd346f9aafa7c8974aefa33e86a549d683ac,c4e7e4cc8a6842480a5b69274ae093cde8dcad98d258601d6902d1471d1d0f05,HMAC-SHA256-DEMO,AUDIT-2026-05-STEP3
301,56354017d30ef9bef6570e65,2026-05-27T10:02:00Z,REQ-000301,29e63067f87e22c26e60f375,STATE_02_DIST_03_PS_02,21cd1407a639ec217457fb46,escalate,ESCALATE_CROSS_JURISDICTION_SENSITIVE_RECORD,P-2026-05-STEP2-ORACLE,e18d009ea266ca8b7251266580fc12287f08ca044fa7e88f1e4c6effa94af6e8,7fcf040c5c6d5cab37cebf3af5141a925a09f03358f65a8deba0370900443fd1,a12a28cad6d51aa0c51244fbf5fcc1e032a79d8a0c08a565e1761cc5e35b331e,aec4934b1a11947afe9f9d327418d66bae9d28172fa420736c858503fd7ee66a,1d786f486d2ab08e03ff864de0cddb26d9659438df210aedd487467fc38d76bd,2c1176aee7af0f20346cd226cfb2dd346f9aafa7c8974aefa33e86a549d683ac,83e6200c920b7b53447c4f603e17cdcf4f74361f31cf36122f012a8382268cf4,0c83332a58e973b592e4d4696054cebc18ee04bb713f9cb474e49cdc25e65bca,HMAC-SHA256-DEMO,AUDIT-2026-05-STEP3
302,d984bfaf9b6cdef2f35b746f,2026-05-28T21:18:00Z,REQ-000302,0c912fab59a9f46b26c259dd,STATE_02_DIST_01_PS_02,4644ab9bab94b2012e83fa80,escalate,ESCALATE_PRIVACY_SENSITIVE_RECORD,P-2026-05-STEP2-ORACLE,84acbe3574fb43291a4be59cbc7afcb7a2fb3b876e018dbdd379fdb7c271cdd1,b57f6f40501a837a290b04c84dd1e2a13b1540ea55a94ff92240c77e40370918,91aea3ce22c49d60bf26766aef987acbe3a346eeec239ec22f953b43fe4de7ee,86338f25fb3aac407634cbb74713e2d6eb5e7be936bbe3ae40012e12a17b20d5,ece44054ddba9e1ba3813b24ed9fd3718a599a00a33a155a6accb3dd50f7eef2,83e6200c920b7b53447c4f603e17cdcf4f74361f31cf36122f012a8382268cf4,e2d5e6f7606349308fd9554abe0045673b65681ef6b771fc8978e43475def89a,83fca2221dd1137c3e2748ab3ee0260230ac05dd474eefad342e94903e26115c,HMAC-SHA256-DEMO,AUDIT-2026-05-STEP3
303,9281d5a099365e172925c360,2026-05-29T22:42:00Z,REQ-000303,6734000e8363d6ae298dddfd,STATE_03_DIST_03_PS_03,31a9bc92fe67a1f3c2a37133,deny,DENY_INACTIVE_CREDENTIAL,P-2026-05-STEP2-ORACLE,65d3f4cc80b4f812c58a175e8e103136bd3bc61c93626ecc764bc901dd519285,4571392683f6101be55b464b6e1e65251ec4ee5bffdcf7f0cb667e68f64d3d0f,d089b276a1e26f808ee0859e413cafaead6b7427b0bb64eb126e2b1ee18ac1d5,13d51035fdd746cbdaa11e55cb5b804c28cf0b5a384c2d14d0deb9abe585e69a,791bd63a0a2333c0f32817e170310f4258815e84eafdd3d3b46ac43d6e316e22,e2d5e6f7606349308fd9554abe0045673b65681ef6b771fc8978e43475def89a,90ed4818910b55d1745f4879227402f8ff2b460d35bf6ac20417f23717ca0b33,fbcc3a262da6a7644234ca6dcc8a11c60e1c16306cc7f884f6297681fc8d7d4d,HMAC-SHA256-DEMO,AUDIT-2026-05-STEP3
304,d802d0a7c1b4cba43873d6cc,2026-05-28T01:20:00Z,REQ-000304,426f43bdc9c73b5f3d8480a4,STATE_01_DIST_01_PS_02,25cf43974f4cf53c05dbceca,escalate,ESCALATE_CROSS_JURISDICTION_SENSITIVE_RECORD,P-2026-05-STEP2-ORACLE,a24c17646b43204dd78b814fb5d86167dac95c73aabcf7c24f528758c6378ca6,5b4c942194e243e28aa40cc59558fc2ffdd1a87bfc46f94148902d417083fb0d,9ef3159f5de2f1c02ea5f67e54024cc3b97794bed38475ad0806e068affd218a,37226639800176937d9bc7a32ca274713cb61b01e42919fb72d5568793e05bd7,bf30eb52ba9aab92b68b190220e4f1e4b591172ebc5396966e60e2eaeaff2b76,90ed4818910b55d1745f4879227402f8ff2b460d35bf6ac20417f23717ca0b33,521b7300339d701b7ae1eda459102a579f43027cbf035d60f3e4576b6cb508ad,375efafd8c34344d0931bf345832dab7b6d1188a585817cb3b4fe44ae9c0ee52,HMAC-SHA256-DEMO,AUDIT-2026-05-STEP3
305,d23f58674f5e4129b2ad725d,2026-05-30T14:25:00Z,REQ-000305,59518bd254aa8c0d0b7a139c,STATE_02_DIST_02_PS_01,202493a89eae5b6458ec7ff8,deny,DENY_SEALED_RECORD_WITHOUT_COURT_CONTEXT,P-2026-05-STEP2-ORACLE,e47ece273f3115890b331d69f6a842b45b2cb2ba6d2809bd9751f9611ed9f390,e2abaa780f34d3531e8b9b5130efe58ffc38bd1f0a3ab0eedd2d453042f47a07,aba86a51bee92c685bef6eab89ba19dcf71371d1f7030898fe68cdf9fde9d683,987b0998c84cd1b8c821dfcb482f66b74d9db85c6d19dab6ac57925dce0b8157,a27fef0e35749081b1db69be74b9bad447f506fa0f1a8491a56c1d92bf59cf3a,521b7300339d701b7ae1eda459102a579f43027cbf035d60f3e4576b6cb508ad,23af055cf3452f633979a196764f903d14453a2c1487b937d7b0f0689ea9be17,d49f5bb6fdfbb13d2ee6ed84109ba0bbda0f1e60ce516057eaf92b97c4dc6774,HMAC-SHA256-DEMO,AUDIT-2026-05-STEP3
306,896b081d42376752b7952cba,2026-05-27T20:24:00Z,REQ-000306,858f20314a8c64995d905a33,STATE_01_DIST_03_PS_02,ca153ea0d75435e5b8a9b538,escalate,ESCALATE_CROSS_JURISDICTION_SENSITIVE_RECORD,P-2026-05-STEP2-ORACLE,a7317ea60db7f51ed52fc21491eb37343b1159c388a0e1edfc5c1b0be2057104,a39b7f70ee5c2ba7cc5f3579789810678f85a4b193041f4170d29bf0b9008f45,d93a0fd7d0b5dc322feee656b50ef3234c5e29f6a9d5aad3332796ee9f01bc90,7418b3ceb48c02dd9f71cbadbbc7e7bdcdd7da64c05465708ab9207811aaf6cc,e5bd8d0841bb14c30212d41475b4b287259be43112cb2dab84e42e75ec0cd05f,23af055cf3452f633979a196764f903d14453a2c1487b937d7b0f0689ea9be17,548bc267a2c52043908f560b0420e5f3d9a137c74723f62cc086ac9208db1a44,71450da2b49d64ed6235635c416d4c16015bf53eb85de577b58a0b19d14d9c4a,HMAC-SHA256-DEMO,AUDIT-2026-05-STEP3
307,5014c207c6e700dec0456497,2026-05-29T23:38:00Z,REQ-000307,5d49251d25024e2ef906fcfa,STATE_03_DIST_04_PS_01,0a4ebe96de8201efc315bad5,deny,DENY_EXPIRED_APPROVAL_TOKEN,P-2026-05-STEP2-ORACLE,3adc88071d81ff4fd178574f3284582a0607e7a1fce8c500a6176f0703eba9c9,c3af6f575bdb4cb0191234c94e1e90b6cd7a02a419199f9364271cc990ae320d,7e9ed9b5bf4283ed6b1c6e25ad6df6608ecba1bf4c719a3f0f34d8a869e818c2,8cbed29bf456507bb34031dfe95aebf3b79fe313604534946e6b7f4a284cda31,65b49748fd8277f9e12c679ac971227319a77bef566c1982043b64780580ddeb,548bc267a2c52043908f560b0420e5f3d9a137c74723f62cc086ac9208db1a44,ea12547e98d0ac3f6eaa6808f4a5e656fa1d00f4438df53dff58a531ebb0644a,44a13302a24fe78687f1d56edf2e03c46dc916ad1dd8f97bec9958931495d59e,HMAC-SHA256-DEMO,AUDIT-2026-05-STEP3
308,80e73d883b8d791228f943a4,2026-05-28T11:56:00Z,REQ-000308,07e08d113775d9e409a3ca05,STATE_01_DIST_03_PS_03,a6e23e6abf3d2acbd2b24e0b,deny,DENY_INACTIVE_CREDENTIAL,P-2026-05-STEP2-ORACLE,f943439709c31c044a24414956e5937834ae19d143ebcb840a97f9f4e5621d1b,ca38ceecf88127116e9da3d61379ecd230fe3b5306efd26d1623b479206b79bb,ba9973d8e02bea45ba95f36d4f12845c470c1cebf874f3426810271ca0593c5a,4eb78a5380b9369bfdfceea3a24938a9bf95395e39e20925776cb8b80ec7cb29,564e06deaff7a02f390b83958ea03713812646c6bb41b0f07a30a79d1dbbb1b5,ea12547e98d0ac3f6eaa6808f4a5e656fa1d00f4438df53dff58a531ebb0644a,d55c50bad1503389217d0adfe0557280bfbd744feb4cdabfdcfa744415e3e519,a25375ec88ead59202b2fad8d7f7e2c39b349d0612f36f338a67cb9a1060cc4a,HMAC-SHA256-DEMO,AUDIT-2026-05-STEP3
309,2035da1d2e49e19695c19c63,2026-05-28T01:45:00Z,REQ-000309,4abc3e055d213fe06ce85aef,STATE_01_DIST_03_PS_03,9628ec353c72a2aa57abba92,escalate,ESCALATE_PRIVACY_SENSITIVE_RECORD,P-2026-05-STEP2-ORACLE,ece4b2a12b0018f49ec43fe6a65e4b3be4be6df923a2f365d2e95a530bd33eff,62a1451f933c05fe956fe171f05bf8cddc3aaae676983b61e82bdac28fd6d0ce,5b0d276aff8e969c35b85b3d24b027fa6945b1603905577ffa04a03bbeb8e16e,acc447858a47a1cc6e97c2a2e66d56629662e8bb3d597d1eb3bfa3e52a271afd,16d3c438ac822963f72a3c12dc98d72274ff0e1631c83441f3423678fed99871,d55c50bad1503389217d0adfe0557280bfbd744feb4cdabfdcfa744415e3e519,25c06f5526d8d59340f9e1618062243d201ffa55fb488dc095ccc6718773dc6a,5fb017fffddfc82a26bb4d62ed4631519a08a65241048f8fbe0ff963a988bcd3,HMAC-SHA256-DEMO,AUDIT-2026-05-STEP3
310,892aa17bffab52ff2d6769ba,2026-05-28T17:20:00Z,REQ-000310,7527b25e318154df01ec7550,STATE_01_DIST_01_PS_03,bd8150b0c487b45357673f02,escalate,ESCALATE_PRIVACY_SENSITIVE_RECORD,P-2026-05-STEP2-ORACLE,ccbe1f1fee8784cfed04c2ab602659102fd2c8e44926f0b6dc07694fcb090021,6d6dde2856a2395a378bdeecf5a826222078dd650e14b7674e69d7ce04ee061f,6bcd2e5c38bdf1cbe7e9c754108eaa8f692b58f1be8dc401166b12413d8262d4,6b3e88363a290f6f263a7d700a527a5a3b4cd2349413ebdf2e405abff0d3a500,daae9ffc2437e426aa4ddaa381f148f68bee0862d0a9e0abde3eb25221575a50,25c06f5526d8d59340f9e1618062243d201ffa55fb488dc095ccc6718773dc6a,865cbf91740a94376ec193737e75391ba8d0faf9d2e52b52cfba7dc96b08c4dc,cad9ab0bfb1a7a1fd0f065a73b0cef9ce76b485a9f025f2b72d23617bee3a5f1,HMAC-SHA256-DEMO,AUDIT-2026-05-STEP3
311,9bca4291e0b15e4dffeaa335,2026-05-29T19:23:00Z,REQ-000311,d57f9cfca107b054602e3afe,STATE_02_DIST_04_PS_03,2867d85e6650cddfa2049599,deny,DENY_INACTIVE_CREDENTIAL,P-2026-05-STEP2-ORACLE,a6c5a865d0e534745603b9df7d96d2503b3a1bfff15b509e947054d79d335db3,709915a8900267cf4cdec406ae3db2add13f01824bcafd635395a00afa575526,92944a88ed50b41f4ff35f398eb86245b2646b61e0bc905b9f924e4fb493d772,884c6235a5d87b9a2895e296fad5a113028aebce5540b052056bd34d2dcfb410,64dbb14d7546955826c8d9b4ce4b126a6c24c9ac4fac6bb713fca1d4136997de,865cbf91740a94376ec193737e75391ba8d0faf9d2e52b52cfba7dc96b08c4dc,213734c1f94097be63178ede9ba3bb08d230fa7668648ac556ddefc3e39e6e67,b8631ea2381f0f429775c6bd2a3540aaff0e33aecde59d009a2f32d975558b1a,HMAC-SHA256-DEMO,AUDIT-2026-05-STEP3
312,c2d95bce4b5939c866e39db1,2026-05-29T04:00:00Z,REQ-000312,69b61a8c9ab3b270d0f7db2e,STATE_02_DIST_04_PS_01,201bd2e21b21dd12c27511f3,deny,DENY_EXPIRED_APPROVAL_TOKEN,P-2026-05-STEP2-ORACLE,61b8ed80626bfd453013f44b9c422006dd61062a2b1359c62cc186e5d5432b1f,e0139d2ff7c86a37baeef470cabe231f818ead12e0017ed3f6e71a11ab9aeae8,e7036336e46e9dcd801011146095814536bbe9a20e40b89ffc804ff6670fcbca,d20f0685f9eb1e75b56a5f4aded16975a6c6c26b71d7d7b00607f932063e2b8c,39ae888d9be1e288df2ed56a06a94c876fe2ae22bf81d7457ec99762d502e83e,213734c1f94097be63178ede9ba3bb08d230fa7668648ac556ddefc3e39e6e67,1399c1ac30ea7f6d76092f5077b28d7727836db3854b73de323d03ad71d0104f,9add044b87fb51b4c4d16d4f15081e0a3e11a23e310142353f00fe562af77216,HMAC-SHA256-DEMO,AUDIT-2026-05-STEP3
313,ff0a82edd2cac411e59805e9,2026-05-28T02:05:00Z,REQ-000313,81f27590363500d418d0fc7b,STATE_02_DIST_02_PS_03,c51983dca46d517bbf8c1eec,escalate,ESCALATE_PRIVACY_SENSITIVE_RECORD,P-2026-05-STEP2-ORACLE,5e0cf1ce486667e84453479088fd71359a3559f3154e74df597dc257c1882ca9,f03a0a8c99e01c9244afe69ed2daa81f586dc462c1d7a9950b54fd59a189c0bd,988396d3aa6a3c4ba1f3f8be2f3d9d74544eb1edf3a1bb2c027b8aab55512ee8,ea0893c4d0260a4bf0b6b5f9f8ee2083c3d06577258b1e6002c36e32171377cc,deab9c99af87001bfac9a684939d6ff36907e5f3b4c01f15d1fcb06d3a86f80f,1399c1ac30ea7f6d76092f5077b28d7727836db3854b73de323d03ad71d0104f,b0e4bad247d237b42640e86c0b5d232a0659e44374fb71c62b4d14d88a6c3612,39604610c340898d8e6945223f3c6e6799ef824f8b2b3e2fed3fd1041603b40b,HMAC-SHA256-DEMO,AUDIT-2026-05-STEP3
314,a11be1e3be37e467378f708a,2026-05-30T11:44:00Z,REQ-000314,48f5470b8ce4df5af3e82ab0,STATE_02_DIST_02_PS_03,956aca67b33c2620ff186459,allow,ALLOW_ROUTINE_CONTEXTUAL_ACCESS,P-2026-05-STEP2-ORACLE,54916fef8b1267ce47a0a1a8b02ca21e9aca06aef72418cdb388fbc6f776a2e4,b624f674efcac28bc3152cb01faf907b66ea6b57b27591fee4974413884717ad,2353e14d1b58a5d51a31554d2f32168ce062e56f7a9cd7dd5ef795da614d26b0,7ae34a85b83846f68f09bc3e4dca7fe14515b936788675e683997186255a50f9,d79d1f04a77ae682e2180f3c17bc822eb3a7c8743770833ad01e8c804422b966,b0e4bad247d237b42640e86c0b5d232a0659e44374fb71c62b4d14d88a6c3612,253c55a7f1562ef6b98f4510bad83bfaad0ea22976fc5ede464be7e607752c4a,a7a619b4d4b330a4b6fdccff5423ea76d283c5b14db93a7b2241229a00358b1f,HMAC-SHA256-DEMO,AUDIT-2026-05-STEP3
315,3f801b743dde49ce51e649a7,2026-05-29T15:00:00Z,REQ-000315,f8755a48fce2988e7e892881,STATE_01_DIST_01_PS_01,1fb453252f4bdc939ef6f6df,escalate,ESCALATE_EMERGENCY_REVIEW_REQUIRED,P-2026-05-STEP2-ORACLE,fd27a6eb046f0c89109070f6b7569f15fc8ada3689d9ee2c977be341930939fd,e827e7254cec73888cf443f60cdb3e8209e34fb2d61fa51576fa359d9e9d948e,f04908e5757886a279f6d7d2db23a6bb3d19476fe32c33d84bdfccddadde992f,cccb50076a5e2a3939bb85f9478a0a022cef7c505fb455c6ecbcaf49b0309aef,aa7490c9b094b6f0280374e0b6d498f75af2e3bbc72253fbb33bf163e15de310,253c55a7f1562ef6b98f4510bad83bfaad0ea22976fc5ede464be7e607752c4a,ce2aef0416d25b301df8f128e290b06e65c4e5f4bd748e1ed3fd96b15aad2dd4,2a373363c5617ddc08ab2605f5e349a216b2bd1babd48bfd4065a4803425d896,HMAC-SHA256-DEMO,AUDIT-2026-05-STEP3
316,6fc928035e90a132b7706ff8,2026-05-27T21:04:00Z,REQ-000316,ceb8bb971ba08b4df678d1fa,STATE_03_DIST_04_PS_03,387ce36dfb2809a360448216,deny,DENY_EXPIRED_APPROVAL_TOKEN,P-2026-05-STEP2-ORACLE,f73830783ae485604a72de7b3c683f9a4cc3c777cb020417fed9d5dd3d65223e,6eb72fe555d9a85605ba65829bbc1c89da5f89b6af09e36638caba908adb99ac,dbf53e7053e800dc8f76535f7e13038140639bfc274463ca9e832d29ffd255f8,852fcfd32ae4ac5812f9f9e1dd648ffb4985bb47141cebe9beb7a5455cdf541b,4f4a9218b1ea12bd15bf73e564cba1db4f766b09979afc081c677babde06849f,ce2aef0416d25b301df8f128e290b06e65c4e5f4bd748e1ed3fd96b15aad2dd4,9054c850bc14b7f575887b63a84fbfd9fcbb7cafb2ee1f20bcfa6d4551ad56f2,01785166fd6366a89352acfe53fc7bb79d87db6ceffd153e522833d497500b23,HMAC-SHA256-DEMO,AUDIT-2026-05-STEP3
317,302a1e40d34a1e6690c24d0c,2026-05-30T07:15:00Z,REQ-000317,4150a8ceaba40e213683ea41,STATE_01_DIST_02_PS_01,8e67f9c2d6007f18c8de9209,deny,DENY_SEALED_RECORD_WITHOUT_COURT_CONTEXT,P-2026-05-STEP2-ORACLE,3450bbdb80c35df9c838764bbc1983a447d5b422d547c47b521a5e3e8c3d375c,540a84ab9316a85e62423160a1ae13448bc44eefcb63c10eed5119503a47c316,4d5f9bf3ffdf73b170846f4e0a7ee2a3570e3a8e958b18035343840a3c90858a,5d5037d30f023cbaee8f3394147962fabae2a9a82a7b866a770b86a59852f753,1ee6a8dbe77cb823674418fe0ceefab9814191b3a33870c4d8538f749ee53cee,9054c850bc14b7f575887b63a84fbfd9fcbb7cafb2ee1f20bcfa6d4551ad56f2,651891a062533e97117a2c79bc7607cf3eb372b28283c65a9b54234aebf6d601,3e1ac27da918f45baafb96ea3a22473af1e1bef61a5ed35dfd1978a125b1fb94,HMAC-SHA256-DEMO,AUDIT-2026-05-STEP3
318,3078b64427f24ff1865a2cbd,2026-05-27T21:12:00Z,REQ-000318,cad50d4d8a49a83faad951a4,STATE_02_DIST_01_PS_01,481635364f5f6393b2fbfd90,deny,DENY_SEALED_RECORD_WITHOUT_COURT_CONTEXT,P-2026-05-STEP2-ORACLE,53082e78cf935c294e9907aea7825f803a9a84740048f3d9db364ad9c9cea0a3,302944a491f0eadbb776b8a5fbd7a2516d1265dcf3f11c02706570789f95722f,07f002d557b6d1b2d2696d2693a0b9232cc8d016f65cb3dcd354634e394810ef,72c43fdcc3985c96a018f80a0173867016f41ffc0ee9890058bb94c530ababe7,dcb75c7f6aff75476bb01be8573dcff4908af2647f14a5923552fe21537734ce,651891a062533e97117a2c79bc7607cf3eb372b28283c65a9b54234aebf6d601,56e09ffb854b4902556feee8a04bf2a98d588665907745bd81077489b7b00d5f,31219d51ad6d6cee36e32cccb69cdbbe92ab6b7daf06c460f384e14b9e98880f,HMAC-SHA256-DEMO,AUDIT-2026-05-STEP3
319,4c548a15661994ed59023e30,2026-05-28T13:13:00Z,REQ-000319,4b271c3dc209eac61d05dd4f,STATE_01_DIST_01_PS_01,d6154df7eb0a7850d878cc7e,deny,DENY_SEALED_RECORD_WITHOUT_COURT_CONTEXT,P-2026-05-STEP2-ORACLE,8ad57b507e5cb527b37ffe1d1ce25599ec2105d71ae1ebe0f47a2344d8fe7ac3,b0f22caf95043f2ac7ec114691eb969e0acaf748bea3b5b9dd1b8be42b133775,7d3d7cf14735ab1aa2e794dcb7b659437ce0dd7702f6b8a6c07019dfba5f4e25,6a47150e9b55bd724ebcca7d0f65ceaffcc894f21435f226e250f6536903f796,cdc2eef018e9be37da3f6a8224c33e2dfe37ec6d21f0aa196e65c5d710bc0651,56e09ffb854b4902556feee8a04bf2a98d588665907745bd81077489b7b00d5f,077044f1f3405dfa43c3acde3711c14bd572b5a1624ba97807b59cffe7f31390,4d58ecf3e6abadb9f0a11eaca5cb552c7c4f28266459ff1b6973c53d7666ed45,HMAC-SHA256-DEMO,AUDIT-2026-05-STEP3
320,a83d385788f224fb450432d1,2026-05-28T08:00:00Z,REQ-000320,f1cd31d43c526f5a63bbd87e,STATE_01_DIST_03_PS_01,093331674304fdf16d37b24b,deny,DENY_SEALED_RECORD_WITHOUT_COURT_CONTEXT,P-2026-05-STEP2-ORACLE,ba1629ab29f9ddf97612bb22ee6fe5f0f865efb8660cc695a56d3449ac3ea86a,4a4ad1f0554039ebafdc754bf88c86537756d46252d3f974259ac4a8ea674912,b69551578dc1cf55b1383db9b422aafca182038612834d5e4351aee7fc50c4f0,d1b5123d0de8b880c9149af9f91791898b6fb1021441eb360dd6dce04c413a73,e5ea0f21d20c97bc85fc488c2e416e3cffc03e872ddf8937415eebfbdbce5522,077044f1f3405dfa43c3acde3711c14bd572b5a1624ba97807b59cffe7f31390,e8227601a310dbe75de0217bc70f1ba143752e552e8faa440a9555842644d2b3,d56d6473cf9c301a3f99fcf35f7aecd854e9ab11efee13e869abf8ae543e1f74,HMAC-SHA256-DEMO,AUDIT-2026-05-STEP3
321,d690b63a0c339a6b6986bd72,2026-05-28T13:27:00Z,REQ-000321,fb4c90a703ac874dae2f1454,STATE_01_DIST_02_PS_01,81e0fd770f78046b7bd7fa18,escalate,ESCALATE_CROSS_JURISDICTION_SENSITIVE_RECORD,P-2026-05-STEP2-ORACLE,83e546d9ac03e085a8672f9e34f5194760d1208ea84ca6f242c25ac638fbe888,00dcad4a7ba6cf00653b15f9d03838094328d83aa66830d4bfcb13de749129fa,c3c76f89520eb773ecce8c50a6578281624688a81337646ff9892c4ec29e4a81,2c146aa9dce61aa23eceade02f8f7ca47ab026c5611679bedf064f1884cec209,d39982aa11982be5935b41295a10f8fe8c2dd1d2232ee5f1b790956b246af684,e8227601a310dbe75de0217bc70f1ba143752e552e8faa440a9555842644d2b3,4c82446b3a1eda782c3494d8ec6dd050e43b51ad849fd5b5b2f14beafc0bfbfc,6333d73e665203db74c83ab75fe9f3d5258289804ab1352581daeb3abaebc6fc,HMAC-SHA256-DEMO,AUDIT-2026-05-STEP3
322,edfa3e735f65e6359454deda,2026-05-30T13:52:00Z,REQ-000322,81023882823dba8b6e04e6a8,STATE_03_DIST_02_PS_03,e5d687012599ae15945a2fb8,escalate,ESCALATE_CONTEXTUAL_REVIEW_REQUIRED,P-2026-05-STEP2-ORACLE,ebf7eaa9463ca0b96418d8ce474e056e0ef52d5d7732902117838f83c2fd45bd,f1892231ec301c5f1bc22278ba1d64ed0f3b90f27fc3578b27f7e48b4126a0d9,fa4159a0ed9ddb14c6e268b1e702fc8a94e7739c5061d11a04be7ee4d908274f,84e750e313f7ed092d9080f1abb0a0b41d55414779581571e1e3734542712737,05f18c1ffdfd5f18ae5de7a3d56e3e73686c571a902a26e17821fe5364028887,4c82446b3a1eda782c3494d8ec6dd050e43b51ad849fd5b5b2f14beafc0bfbfc,827314226e0e54b79aecebce9b54a5fd91088b2338a27aa26b56a82ebc4d3ee0,bc2ee85a7300bee5e03cc9cbd2d1b43c513a4281e5202a6d9d7c06dc9dbb66bc,HMAC-SHA256-DEMO,AUDIT-2026-05-STEP3
323,455b594dd6ab4b9a2d2eacb6,2026-05-30T08:45:00Z,REQ-000323,c6c5d38ea874865e512ea30c,STATE_01_DIST_04_PS_02,6806ba66b352cd0ace2dc62d,escalate,ESCALATE_SEALED_RECORD_REVIEW_REQUIRED,P-2026-05-STEP2-ORACLE,10ecc8475c346a8f7a79750fddb80c04d600a45e4ee1e36d251ab46933a0b9f2,7f649c165842e6a83d047b4a1ddba9c3a08e05a69d014485eb4d558faa2fa237,22d43d9bbff7bbb081f648aab87a153424249e3b26c95b5f44bad2a97975806e,d0b0bff4232213958e49c511915f83111e987787d231094282234f13143ba28f,8264f3d615b495e2f808176e278addf048db30b07ed2f7fd51281561b6fa0c10,827314226e0e54b79aecebce9b54a5fd91088b2338a27aa26b56a82ebc4d3ee0,86b367335ad98dda214ade8a7df605cbf74dd959cf77136188cc0cc656a4ef5d,10977a5ef7f28d7018a2290616abd42149b93c8e5daff15e0f4d8cc90176fc74,HMAC-SHA256-DEMO,AUDIT-2026-05-STEP3
324,503b050f366018cd1fe542af,2026-05-28T19:12:00Z,REQ-000324,e1441290962ca2a8517d8d0f,STATE_03_DIST_04_PS_03,9d828451fa91e0118c922412,deny,DENY_INACTIVE_CREDENTIAL,P-2026-05-STEP2-ORACLE,3664cd1b653228a532e474b8a27b10f442cf6c59e58c516740467c2f7666cf2d,2478d30c08fadca6828a2ba6e941458cb3a2eec002fe18b4ce4e5577689902e9,8cac074c315220eb7589916eb06239c1e2f6917d6174941993b01dacc48b9a9c,5de0fd29d6f0811588f2c864b535448592b1a0e09907bd8c8098e24eba0a3656,e15339ec50ee3bb8bf2fb7602a27254c6d56c38e187d5383e329554f28955f55,86b367335ad98dda214ade8a7df605cbf74dd959cf77136188cc0cc656a4ef5d,8b728c2396067d797486efe7771a6807221d2ca324dce06296d5e9c07ddc0138,df42ddef0d0006bd9d3a05b1a57aa6797fc7532662467af3891196dbe68372e9,HMAC-SHA256-DEMO,AUDIT-2026-05-STEP3
325,883faa4fa517394b653eeb70,2026-05-27T16:15:00Z,REQ-000325,bcb4468affef262ed92897ea,STATE_01_DIST_04_PS_02,0dc2c7ba3a4eee4a67c0382e,deny,DENY_STALE_CASE_ASSIGNMENT,P-2026-05-STEP2-ORACLE,b0516bd66a0506d3f3e3b2034f67b6fd7219aa7b044b56856ee2913d4ddb1865,33bfab204052033b0d5aeb606c2c0324666d78517fa63965b8c1d108ba429f75,5880a59fdde850cffc54feec21b2f4d9fd4adc31fc84626e340a0615b8bd512c,0871994757c23c5e89b29f24c2c7bc038934effe1094b1a6dbdb55f28f7597d3,b3ee19e8dde2ffaf3dc70839091ea40499ecfe241735b3d85e78b59c3bcea340,8b728c2396067d797486efe7771a6807221d2ca324dce06296d5e9c07ddc0138,0706cea174af9cb4408ba8dd294c16cb464fa2e9f9cb306937364791d446cdeb,87e812efaf224eb87cd9d0fecd6d163550408eb3aa9a878743865f052380aaff,HMAC-SHA256-DEMO,AUDIT-2026-05-STEP3
326,99d7151327be83eac5279134,2026-05-28T14:02:00Z,REQ-000326,1f84d906e82c7901ab98337e,STATE_02_DIST_02_PS_01,c3ce957724d4114b3695b46d,escalate,ESCALATE_CROSS_JURISDICTION_SENSITIVE_RECORD,P-2026-05-STEP2-ORACLE,c6a91731ede9b2d446083533943a5dcc6e59c54f42ddb48d38baf3ee8a08bdbe,bae48904827045b29ca1b0549fd371f59aa37e04957787c553d5ab5f4ae1bac3,4c24ca67f7e88b7cde13cc10f7bc0cd1b479c997f8b2c8aefee310b87098a741,4d7c769e2835b6d045b8089841a4d408a9e161e3082edad420f1b1bac91af392,20b748e34a465a865fc1c98fdaa4aece3755b14b16ff975bce2b1f775b6218d2,0706cea174af9cb4408ba8dd294c16cb464fa2e9f9cb306937364791d446cdeb,07bf9642579604ca46c7339c20b2e6c39de98a0e51d46643ff1ad35385489def,4110027807c1ee5f56feddd46587dea59e4ebd842fec677cc29ebb124765ca3b,HMAC-SHA256-DEMO,AUDIT-2026-05-STEP3
327,9026ee8a53e5f28e56e73083,2026-05-30T09:45:00Z,REQ-000327,90740f6d12084e4c579f3454,STATE_02_DIST_02_PS_02,c1be72ae2e586a7fecd00956,deny,DENY_EXPIRED_APPROVAL_TOKEN,P-2026-05-STEP2-ORACLE,7c0bf86ecda6dd2b62dc7818994081b4f5036059fec9f5fcaa38373d5e713d96,857181be4f7aba87f1683a23a8e59316598eafd8741aa66ce44cb1d1424d1e3d,81c739e2ad3fc97a71839662ac3abc8b18e69b3d622d12fe881d39e2705a5ef7,4555178cdb2c06c0eddc1fd6172f9fc82b183a62ef6be6221e6f61df80b65de3,6e93d1cd9cd017f6e60313671a14647812eb9dc0137b307a522aa1c71cfba5bb,07bf9642579604ca46c7339c20b2e6c39de98a0e51d46643ff1ad35385489def,2bea4b1c6ccb0455d74765982613cefe746bfc31d037101ceecfd4d9602e63f7,5e591a4b783c56838d15339942886810dc6503101f1b1ecccdab7fca0fc3f09f,HMAC-SHA256-DEMO,AUDIT-2026-05-STEP3
328,e90c411fb19041d992f3d89d,2026-05-29T01:12:00Z,REQ-000328,16a2d504d34232bf9551d690,STATE_01_DIST_03_PS_01,2ddaa1320a373931336701cf,escalate,ESCALATE_SEALED_RECORD_REVIEW_REQUIRED,P-2026-05-STEP2-ORACLE,5dc17024da28d4ad6df3a91995f90ea0e68da21520a475d33f219beac55a5cb9,21050a4256becd764ad49be0c56bc7d38ecad9fa840662b744a96d8a42af0d0b,9bb9f4aeccda4cd83b0ea047b8ca6b247ec547ccb4e7d7875e7257151f23cc1d,04bd75489a459c4b9458abfbd58d8a64b314672c6429075d680d63f6f47aa05b,2e192ca0a79972d5942858440cd13e8b4d81e701f20c4740292a1f63c2dfca39,2bea4b1c6ccb0455d74765982613cefe746bfc31d037101ceecfd4d9602e63f7,70eff57ddb1745a43ee8717045c27e16341e58197313c3eac6eb9d099c6aeb7c,13b2dee59f0376ad7a0d101bf2bb713249acadca31dedc65e452f3d65dcb8b0d,HMAC-SHA256-DEMO,AUDIT-2026-05-STEP3
329,4ed1e49a8040f18918fb53a6,2026-05-29T12:19:00Z,REQ-000329,b012e7e4d1319033c362fb26,STATE_02_DIST_02_PS_01,1b6266e26115c2f66cac94c7,escalate,ESCALATE_SEALED_RECORD_REVIEW_REQUIRED,P-2026-05-STEP2-ORACLE,a135c0cb73302f74e8ca22d506437f184156b776e047234940cd8826e1a6bdc8,d2e6c196108e838795c47f90e5512e9dc93ec548e21d6c74dd47a7b686e08615,b91386aa3334f409d5a11c4065fde20958b088087fe9e08acb0954798c4faa26,b736a6dbd552e22f0cd904004bd470a28532e9eb656ea5ba11302f5ddc00da0d,ec1e2348512e7669f87d299233306cc1c56012d411d72459da942fcdd5581322,70eff57ddb1745a43ee8717045c27e16341e58197313c3eac6eb9d099c6aeb7c,31c5d5d11c8a9f70e84fec4c68cba708aeb9192ca76fdbb54bb15859032618c6,fbc2d1cf5f33d1edc87ff4ae9d543ad842b7929766587d31e138e980e2b79f24,HMAC-SHA256-DEMO,AUDIT-2026-05-STEP3
330,4a99f3a8679d82945a5622ce,2026-05-27T22:00:00Z,REQ-000330,4be2947fa44b5e03c9285de0,STATE_02_DIST_01_PS_02,459488c4e9b1cde4e6af43bf,deny,DENY_EXPIRED_APPROVAL_TOKEN,P-2026-05-STEP2-ORACLE,684b09aecb12c7b523d8a4761a36678d29673cb7580f33535d822e36c2e74878,4532e73c3f836b59c7521d7a0c1159cde0ba80e771a72a8a1ac906a104ecf3d9,3770de5abaa7dfcbfbc49cc6e85f841e545c0bd90ffbb5ec0e7fa20a5217763a,3284951a3064ef3f2fcdee61bdd917c987df3581c8cb97e7adc6aa85f7f0e5db,c81f1d1bf82b2c33b8fa932705dfb1d0dc461bc97989bf67427f81d9f98e29a0,31c5d5d11c8a9f70e84fec4c68cba708aeb9192ca76fdbb54bb15859032618c6,5d37d2f15a07af2549ef9e02a4569e445432e63ac52c8e43b6cab718505e93c2,7bb22e0795e50e610b1624bebd3d14a1eb7caf980f7b21863bf8126dae95623c,HMAC-SHA256-DEMO,AUDIT-2026-05-STEP3
331,e31a735cd83639cba6c31a58,2026-05-27T22:04:00Z,REQ-000331,22d2f79089811df3a4aeb9a5,STATE_02_DIST_04_PS_01,6e7de166bc3795238e165ca0,deny,DENY_SEALED_RECORD_WITHOUT_COURT_CONTEXT,P-2026-05-STEP2-ORACLE,cd69f6e0745ea3e918e8865e6ca74c03ffc54c3509ebf10dc847f6736b01689a,fb2e41e3241a05c71a3f8674f0453b4e39aaa80de3438f1ec072b4e4bad3002a,3827c83a2ce744acfe9a7309ab8d187ee6868f79ac19417f259108c81e8f709d,0dad831e1d400d0dd8918278272c163ecf1d7b3d84c59c7ed6680411c951c60e,3235ce89a5b4525767627adaabddf826bdb99fa38c2add104b3ec19331058eb9,5d37d2f15a07af2549ef9e02a4569e445432e63ac52c8e43b6cab718505e93c2,cabb767ba7675ea6d74aa77e6b8786506d6ec486abffe4db48604ce8c55dd086,fe6e5ba2bde860c3faf9d7c0d0ae7e3a6781a6836952cc1e6e6decc3a7a6f356,HMAC-SHA256-DEMO,AUDIT-2026-05-STEP3
332,3d6136baff95f4c493cc9c21,2026-05-27T11:04:00Z,REQ-000332,cef54734e093447c3864ede7,STATE_02_DIST_03_PS_01,dbdbf7405940702190f7c84f,escalate,ESCALATE_PRIVACY_SENSITIVE_RECORD,P-2026-05-STEP2-ORACLE,59fc8bb59b29e9114284eb922a440e2f94605c6cfbb3b5fa7a5a419182caec9c,3b50afb97051ad12bbcf1ca51e04d39d64373805a9af48137f57a097d0e2c126,20a5527d3fd19ae57f45d02f9578d9ce667e80cbe8448a2f96e03b3326e2332f,4f842b30f9b541fb52b6bc248658cfea4cceae346fc5757f68925296f50e92ef,065fb6e6905b37f333f397e59349e1aa68e1107f4ef76ecd382d3b384b18a4d7,cabb767ba7675ea6d74aa77e6b8786506d6ec486abffe4db48604ce8c55dd086,e32f230ab87fb5c332fc9d8e8cde01fdf6dece4155506603e71ae4d952cf8b4c,bd8c991d04c50d6a31bd025607d53309f2dea2f04bc9b3b888690bad6c7acac0,HMAC-SHA256-DEMO,AUDIT-2026-05-STEP3
333,bbdd927e39c53df48cd813e0,2026-05-30T16:48:00Z,REQ-000333,0de9124a7d38c17a328e4497,STATE_02_DIST_02_PS_03,00fe5fb5f78e8a6e10ed89ea,deny,DENY_STALE_CASE_ASSIGNMENT,P-2026-05-STEP2-ORACLE,83d66178fd365c1d04338805081808eac81221c83297c5c324f02ee3a2e0d591,ec32b58ecdf82c20bfbc6eb08a36d316a90dcf847f27fb60cf6cc85d926f2005,b6e3b291fddcacc167e16697eebc23100f5d3094b36189c8c1b8e933f3cd9ac9,984f1a2ffbacc344bd4adf0a9c29fd6ffbaf356978264b10635be791612635b0,f50895522144fc415032920e65e8840f3ff498cf735a062a6f695f6a671ff826,e32f230ab87fb5c332fc9d8e8cde01fdf6dece4155506603e71ae4d952cf8b4c,1005d3c68188e44fee1fbe42fa20444e4a7031bc34026fe76dd866dc216da896,81da0c649373b4f735056042803f39461bf8df59f8828f44ce39de088cae58cf,HMAC-SHA256-DEMO,AUDIT-2026-05-STEP3
334,bfab5ddae20f3b654225f233,2026-05-30T11:30:00Z,REQ-000334,910fbfbd952d337d55470015,STATE_03_DIST_02_PS_02,aa31525ccbce63a1ef943aba,deny,DENY_INACTIVE_CREDENTIAL,P-2026-05-STEP2-ORACLE,d88777342c23a0f7b2480cca18f88217f8fafcf7449c8346bc2a4a085ca15e12,b52c4da9474e262db4426b777b251027fc6d7f7b2bdc7fc335376c69c72fed25,49e1c3b56d79dcad3cf6d6b37dbf93d723e10505d590b8dd9ec6bb6d72a99968,4a890678069f1dd38aa0fa38578df8325cee34086b487c88ecd60de1ae7bf73d,d73db059f290e29d78caeffc2afe9cb46ed63bc6ee9c9c11792ecea5f3fc3b5d,1005d3c68188e44fee1fbe42fa20444e4a7031bc34026fe76dd866dc216da896,51f0ea8625ebb4e23476c060b83e091d99eafa3483dcdced2d9245d7ac188ade,70ba38cf6059e5cdc40af19750afaecb652967de932dad1b5268498c850598ac,HMAC-SHA256-DEMO,AUDIT-2026-05-STEP3
335,a247f0bbec5ea387d57de351,2026-05-30T00:35:00Z,REQ-000335,816d13ffa68e60a160c3810f,STATE_03_DIST_02_PS_03,215ab041d7ba027eff82f6d6,escalate,ESCALATE_PRIVACY_SENSITIVE_RECORD,P-2026-05-STEP2-ORACLE,1695b0c7dff5b81a1e728d3e43a7587802506956c5ad75b9d8c7b0d592611542,d478c8f66dc8775ca45edebd80a069f7fdc3db4a8f5a2ce8e6928d36548978ff,20833afc7e8bffc5a4e19d7f7848291ba41c70959db61a2ba1a22f1f8846e629,3fcb5f7b497c78ebff4ae39cf0c33270ce6c16e0edc8b9a1c34e553ee41e8cb7,0da06a5e06ee4f4a67799db4d0d4665cd1f1934bf16833ae40a6affa9ccc7c38,51f0ea8625ebb4e23476c060b83e091d99eafa3483dcdced2d9245d7ac188ade,d863e7380658c9e165f163496fc26a49d77f88506d686b69e2a9a08173d7161c,4e56082dba4de6e01b76dbfd5060462a8962176ea13966e7ef55a9fbcc151adf,HMAC-SHA256-DEMO,AUDIT-2026-05-STEP3
336,7dc8e102836ac3771605c265,2026-05-30T12:00:00Z,REQ-000336,6734000e8363d6ae298dddfd,STATE_03_DIST_03_PS_03,95ee8d5d62c6fbce3b7000ee,deny,DENY_INACTIVE_CREDENTIAL,P-2026-05-STEP2-ORACLE,7a21804efea1e9ad3dd893006ffa1d787e7f888d26648e43d98ab234c75b6413,d2f60ff45408626eec5608d9b981b10b32d99876215216fb604bc105e698a729,39de395a2563539763ef24b25a666dc9623a4a491304fa7d5958d68d682a73e8,8fc205a7b4067530547b2058b23db97b471bd7f5cf3a3d71df131caf7c11e141,c8de7245ebc9397eac93438d5dda25e521b4836553fae91596ee071bbbdea53c,d863e7380658c9e165f163496fc26a49d77f88506d686b69e2a9a08173d7161c,8bd80d799e99cda58b940b6f14b9de955c651a580011a2c56ab9a0a12ff48428,3a93a0b677027f650885db22f29cd6056dc5d62679edc3f073d5193602a0bae4,HMAC-SHA256-DEMO,AUDIT-2026-05-STEP3
337,d7efdb37bf8e600120ca45ea,2026-05-30T12:15:00Z,REQ-000337,f250eda449687032c1f3ce21,STATE_01_DIST_01_PS_01,b633e7b814cf174a43cb626e,deny,DENY_SEALED_RECORD_WITHOUT_COURT_CONTEXT,P-2026-05-STEP2-ORACLE,5eba8adbbc58f9223baa828004b5b06ed4b0caee20254ef2ed429e716de6bfaf,44c99d916b1ebd3e0b6b9db8ae4a19cfd408354248f80ae63321bcb39810c5d9,3a2ddeef57d1a9312a9acd8bf4096515fe36776cff6d289268d7f1b91a2fd2dd,66cb60ff17b22ead49c3452a218da22d0f29ce9f17c111c247ea99ae2dca0ef8,cff78713869c9f664d4b1626079e1b872b4e0ec9a0fd37f5612f202eee5d1139,8bd80d799e99cda58b940b6f14b9de955c651a580011a2c56ab9a0a12ff48428,0549079127a5977c100c6001fc478fd4812a912a650db85a2f34ec18b8b8c9ca,ca6b051e4c2935884d5614adf4b64dbc74ef70116a5d2b6b017143f86bbbac85,HMAC-SHA256-DEMO,AUDIT-2026-05-STEP3
338,12c1c8497fa8b3b335f87935,2026-05-27T11:16:00Z,REQ-000338,f65ad458155d09405f8da86c,STATE_03_DIST_01_PS_03,98962a80fa6d073c1494536b,escalate,ESCALATE_PRIVACY_SENSITIVE_RECORD,P-2026-05-STEP2-ORACLE,080ec8a95ebc1fe91f610611854c62f112afbc7af25767cab6f2a4421bf375cf,6319106d354c92b4631f363c6ba06a20d9aacff4b4213d79de1c8046b3aab9ca,46d7699a22637387780b8b5b5a1e760cfa6132576a85ed93ced1f0cb7d2d7c74,f7d512dd57f2342063737c8873307b6d0ad38151c485f96dff6d4aa9c65ceb1e,b573659d7129c9b3382b4bb4759249a1f94a68c7aa0ceea38bc0d4128d2126f5,0549079127a5977c100c6001fc478fd4812a912a650db85a2f34ec18b8b8c9ca,5c4e8f833f439082eb79a02f21f8b733029a8b02e8828459cfef92d32985b3c3,8e75da6b8c0ccea55c1ba727187dc1edeae4404138b88218d9a9a81d79f05abb,HMAC-SHA256-DEMO,AUDIT-2026-05-STEP3
339,aa4a4e29d764177571bac8d2,2026-05-27T16:57:00Z,REQ-000339,6d2396ea39d60a2c9554602a,STATE_01_DIST_01_PS_01,1fa4d6bca4118e64a6aa1c12,allow,ALLOW_ROUTINE_CONTEXTUAL_ACCESS,P-2026-05-STEP2-ORACLE,9c38f720ac8168c70cfa3ec94d171a43cb10d6b7d3389e67bc71d7e5b408ee6b,1db564f152a4226f6c157cf645156fbbd2feabe39eeb48986f321590203df35b,c1dfee8cd5f8a17119b375322331887d2e3aea66ee1fee2bbf2ad2417e9dd457,00a3cfbec7b424530b5b5c24b1ae8775ebc153007ed2835b5f0b8cec4696cad7,7606d5753eaa4e63a5cc0c953c25740da33c3a9106e01a373af3807cdf0cd984,5c4e8f833f439082eb79a02f21f8b733029a8b02e8828459cfef92d32985b3c3,8c25bd374e18f412f677ffce4c167c0b548e25a406bb77959e4a7d60b5ec1a9c,a7ca1ab371a97648498b0dbe697d77835df6190f444c0d74d4015e20b2cfd571,HMAC-SHA256-DEMO,AUDIT-2026-05-STEP3
340,0a160f198a818843d13c2be8,2026-05-30T01:40:00Z,REQ-000340,7e2b88d260bb5ef29585a94e,STATE_01_DIST_03_PS_02,14e6805622a63d5a065797bd,escalate,ESCALATE_PRIVACY_SENSITIVE_RECORD,P-2026-05-STEP2-ORACLE,1ba07669496698d4decadce5df00265bfa2f63e4b4366dc87bca45e2abfeb7ff,24472e50734c4d9c94f84f6608ebcb3107ae87e35ffadaba041fa41ca0cdd5a8,0c176714e0b1899829d461c2897ebbfe02af404b68e998ab7f2f82fb94fe6faa,399cd475251667ac2b1989e523d6942bff37e4cb23985aa71d38fd24a1fcd2a7,71beed631116d20d9579a0ee45d2d1e6431faf3c77c45c5b5d43a5efbb2c4237,8c25bd374e18f412f677ffce4c167c0b548e25a406bb77959e4a7d60b5ec1a9c,df5fd6fd76d39421c967bb343b882972b962abbac96e643b825191b3a2cad098,e77d0c8bb08efda7340f85b2a5a15c65195cb6dbcd3bb6947dbbacc3505c8f8c,HMAC-SHA256-DEMO,AUDIT-2026-05-STEP3
341,7803ac9273a2dba3f43cb521,2026-05-29T08:50:00Z,REQ-000341,e48c526210cf797e3886d5ef,STATE_03_DIST_04_PS_03,570fcb5882c79818b6fa7ccd,escalate,ESCALATE_PRIVACY_SENSITIVE_RECORD,P-2026-05-STEP2-ORACLE,766e307c5e64e568b673bcb400318dd5ce11c56f70c18e174cd0dd6b552fbc94,a0e15b302efc59a99060f37f688ce9fd74809dce249b4eb94f1abfd3d015736f,946b316ca0986115ee51b4e11b0b53c5cfa747e5c9eea34298aedf620e9c134f,740899b3e9cb18da644e98740f61ce0c39bed6d9c67b2bdccf605b335ba955b9,c543f429856321cfd8726771b4f49b4191e56904d51e1c1451d917b160fe899f,df5fd6fd76d39421c967bb343b882972b962abbac96e643b825191b3a2cad098,c1cae838af20d9e69327abc4aeda478c0b72303ee34ea7fcf7188618c1703ce0,9a2ba7e5293127eb7f24cbf34be931b11a817926ff394f084014ff862ea0e7c3,HMAC-SHA256-DEMO,AUDIT-2026-05-STEP3
342,bfa7ac85ce6d499e30d7d38d,2026-05-30T02:06:00Z,REQ-000342,2f283926393a08241f4c19ba,STATE_01_DIST_02_PS_01,5735e1f43cfb1d05ceef90b4,deny,DENY_SEALED_RECORD_WITHOUT_COURT_CONTEXT,P-2026-05-STEP2-ORACLE,80f3ddcee62c5cb63f29da11fbdb0123d8584d81c86389a90fdc8b0f326309bc,33280a52c69b7f544932e79b59a5fcdcb556543b2932237189ffa3b502ec1ca7,cb0850ac32c988a17e4f27866c756092cf01492e40926711134bb7c074d1a31b,62e660632a227b0a64732681ec59ea94beb1cf23250ecdccfda5f1895be7a87f,f91fde7aa4841ee336c2a18f2bbb7cf21c1f14012ce97ad2bce4ddecd6af48ce,c1cae838af20d9e69327abc4aeda478c0b72303ee34ea7fcf7188618c1703ce0,519bd51de06dae9daac4c540c4c6c35684b5f65156f7e5775c2d1a00e80df1ea,14865fa141c250857dd8574bfb9f7ccd6d74141bd487fd0dc7bb13f3d1d5b0d7,HMAC-SHA256-DEMO,AUDIT-2026-05-STEP3
343,ff9c63d849b259a664ef5ef5,2026-05-29T09:10:00Z,REQ-000343,b6791729f7de52114f8f5aba,STATE_01_DIST_03_PS_01,b011cf5ae48f4ee0fa784772,allow,ALLOW_ROUTINE_CONTEXTUAL_ACCESS,P-2026-05-STEP2-ORACLE,88af7b88dbc656a940404d6042ddda75caf3480b29929e8abd81c4d76b7b975c,dc6b607c54c794816c191c813736abe9b86446c519f70af7d34efa56740c35fe,48e5d68c0896a044b5b3748a60950e938af41ad964c7f651e9ec40aa176db985,c28616f9e2174ef176fdbe7568819e0bc8fc258b2a5438ca47c89f716f0c3597,a78bc80f47e1de69b17ecee6d86ea4ac58e69248c749398c812cf18af7c947f3,519bd51de06dae9daac4c540c4c6c35684b5f65156f7e5775c2d1a00e80df1ea,5d9af23fcc70e1f2eb47f0aeb5f2a8d177ee20713ffdecd8d07ec7a629a0fa5b,441985eccbd0922906d1a03d0bda344fd4f4086aca6354899254272cf13f6758,HMAC-SHA256-DEMO,AUDIT-2026-05-STEP3
344,80a4f98fd7cc8bd6a9eb1cc1,2026-05-27T17:12:00Z,REQ-000344,071c750c420d0b5f044d6ae7,STATE_01_DIST_02_PS_03,bddbea36e35c483e079157c2,allow,ALLOW_ROUTINE_CONTEXTUAL_ACCESS,P-2026-05-STEP2-ORACLE,7d6c5a152f3cba110b19024bf93a192802d2f0722a1ac2ad435ba57a77dc477a,aa85a267213ea569dbf250b660a0d1efe7984507adbc97e4b3db5b32ed3d2d4f,05f6a1f3f989fa30d8b44fe39e052b71d836e4ceaac8cf2111682e81dd66d342,13644a0f1860a5621775434d911a99d023cf40bd4971493c6951647e5eb48ca2,2d39be0fff6d92c49f2ba05d4a5f347a6332a84b235ca88e5c9b4d1c497dc5a5,5d9af23fcc70e1f2eb47f0aeb5f2a8d177ee20713ffdecd8d07ec7a629a0fa5b,72f30ff2afb0ce794a52375865ad79f503123687243dcaf5c6d635ee6340eafe,8fcc7d5861e75ddd54c6c3f09a30a1d9e937962d1e2b46f0ea5bcfe09a5560c2,HMAC-SHA256-DEMO,AUDIT-2026-05-STEP3
345,adfc01ae1315f4184fd5f63b,2026-05-29T03:45:00Z,REQ-000345,f65ad458155d09405f8da86c,STATE_03_DIST_01_PS_03,13b2a2a0db1373b8363e1c5a,escalate,ESCALATE_PRIVACY_SENSITIVE_RECORD,P-2026-05-STEP2-ORACLE,c01315a854a73a992c7b1c01df71fafdcdf0432f04ab89d93988e9d9d8e33304,4ddf514cbac67ff1ff73f1a2517daef8e6490e8274df3b077f957898dcb3167f,f2fc7cafd413f9542092e3cc447163fea214871ee14c1a51465f917593165205,831c8530f079477183f4109ff060af41568bf644b9c5d2c2ffdc4bd7deae1c4a,1024461f107783559955afdae9787c152df3335b7a44626607b14188c57ea018,72f30ff2afb0ce794a52375865ad79f503123687243dcaf5c6d635ee6340eafe,21e606663014e2f6e04bc2ca2724bad0265e9b269f034cc4f083dd41805f9150,3c580227378b4ecd1561cd11a4e54d82d04b00c35691cfa9ece9c83de07a0823,HMAC-SHA256-DEMO,AUDIT-2026-05-STEP3
346,9bc6ef7bc878b06738260c89,2026-05-28T04:50:00Z,REQ-000346,8e0a9feb90e3ea8a4997b70d,STATE_02_DIST_02_PS_01,efb1f48ed439503d51e29577,deny,DENY_EXPIRED_APPROVAL_TOKEN,P-2026-05-STEP2-ORACLE,5c033277562f6dd48ad26d2d315a586bf54667164df258faeb0f9ad35953fb84,ccbfd89210ae7c51dd7b27cfd61f9c917dcfe3e8e8efbe7315ca19377060c540,c9751cdd228b1a93a9218ed0d6b820a8acf0b6ff45ce6ea553a0ee5c3c1d45c8,ceb6d89b79929826ab634b8a79a6c7484384328a7103ef439577608709eacb77,187a65d3b6e8f4adaa82269d8c8e0284549dced31a1e5a423f332c30d318b339,21e606663014e2f6e04bc2ca2724bad0265e9b269f034cc4f083dd41805f9150,b9bfa3e62eeb8ef8f7b1ce00b6689fef363e5845dcd6de0e1afa447da2d80218,dadbbdcc21154b794d68897dde2e4d1b1df6eef877b6cb4d340b8501385b58bc,HMAC-SHA256-DEMO,AUDIT-2026-05-STEP3
347,aff01566299c6a61b553a72e,2026-05-30T14:45:00Z,REQ-000347,100ec956e3b5dce60e3db6a6,STATE_01_DIST_01_PS_02,9ce8cdb605a07f0e9f3a0392,deny,DENY_INACTIVE_CREDENTIAL,P-2026-05-STEP2-ORACLE,9a09d8f1077d2c999e14402b7d76bc5fdcd4c969daf2d5074109cf4b355f4a52,8463a3da7d89fde8ed68657ca452351bb438da61ba568299acdd6a64db69ec6b,72d4dea3e345f9c40d439983af35785270a3d15802331571f0b1826a20df28c3,e2337c482e01b15abca749400d605b54c1f614e58ef1ca5ff8940b0049524416,fbd05d29e707dab2453f0a275baeb778909726acea932fd07f5909354e2a2c00,b9bfa3e62eeb8ef8f7b1ce00b6689fef363e5845dcd6de0e1afa447da2d80218,5a8aa24aa8511a6eee30b90b401cc0270c629009f3fdb62376bd038974321c39,851f1460ea606d81adc9801a2c4eeddd2eeb9a5f1d4aa1761c942df0f9103393,HMAC-SHA256-DEMO,AUDIT-2026-05-STEP3
348,e39a2922de05b59f81d7c975,2026-05-27T17:24:00Z,REQ-000348,36f9518be85535c10000ffd5,STATE_03_DIST_02_PS_02,834c1d76a17a3ab249dc2b1f,deny,DENY_APPROVAL_ACTION_WITHOUT_SUPERVISOR_RANK,P-2026-05-STEP2-ORACLE,4afb6939a50857377724dee320694fcac1f7637076353f211f44644341c8577d,dd495fe17b79b9d2231d26d37f19c72903bf9e03af61fd7d1c1cd47cd5693d34,ad02846602622c84617246b5263a9f059a261ec7c995f9eb2235734d8c8061f6,5a30ab53759147c829becbea436b90ee033bbebf2115ae999885e22b0bb43675,102028416466a9fc045f77761454e0cce787f268a0cff2d24460a24944108ad9,5a8aa24aa8511a6eee30b90b401cc0270c629009f3fdb62376bd038974321c39,99d0109134a0de396f98dcc6926fc2ab635a712b06f93e10fb06d21467fc02bf,f362f374edbfa66a98535b169f0b52087b1e48c4f87327047a8d07d87a86267d,HMAC-SHA256-DEMO,AUDIT-2026-05-STEP3
349,12701bc40b10978682672d7e,2026-05-30T09:26:00Z,REQ-000349,910fbfbd952d337d55470015,STATE_03_DIST_02_PS_02,9a67ff28795c9b0a3b72e121,deny,DENY_INACTIVE_CREDENTIAL,P-2026-05-STEP2-ORACLE,88125becbb03d4dc152b36b05cdf44e89fcb3d02d2e1fed27fdf921b08d4ce75,0e214d0ae9c6b7d6ffb0d00ebb718a609d362e8194e64345756adcfe035be1b1,0dac98aba9018698edf9cb00873ad24025ef2008891f40b0fd2932bdd4f301cf,cc7e6895b15961e7c9db2e943e73107ad1ea3432406e846cdd042ed021badfb3,3f642c8c9bb49fc4dde9f33875c0abd59fef5dbe5f17d3db04c5ead5409640dd,99d0109134a0de396f98dcc6926fc2ab635a712b06f93e10fb06d21467fc02bf,ab9f4dc2fa6d2376588557ab48eb29b289824591205fac2c17a242980c094001,1d16c2b2c584e6d2d508d179ce65cc3afbe76e48ec9a444fc9afa01019a6fcb3,HMAC-SHA256-DEMO,AUDIT-2026-05-STEP3
350,0236d44bcc258a660368a9f4,2026-05-29T22:00:00Z,REQ-000350,6f9812bdfd1847e653ec5454,STATE_01_DIST_01_PS_02,7c5a32c9e66cd2cd800b2f7b,deny,DENY_EXPIRED_APPROVAL_TOKEN,P-2026-05-STEP2-ORACLE,11db42025a8ecf7cb7a0cdf5f6cecf72cd6941a12d9ee580e2a00be7393dcf62,dbb1378de53a443c8dae46f286d2d5e6f132c50529774ec848c7a34321e78824,0f91cd89aaaa87fe477250f38769db27b194425b893eb6d5f077d8505e8df122,103bf41548f0e8a30568d9760ebb08705b316a1642ef58a332ab71e567a3415e,a47bb5e80f42b3db11c9d38e2278da5cb574a5e615915d15344e3a6c414311fd,ab9f4dc2fa6d2376588557ab48eb29b289824591205fac2c17a242980c094001,c6bacb1bb6bd240bba5f6ea4c9a7eed35c4da4a5f6b9e3c5915a8b741f1563c6,fc8a1baabc9a31652508b804821d24eb0f5aef732eef149220da491b38d5afd7,HMAC-SHA256-DEMO,AUDIT-2026-05-STEP3
351,23ae6fc7ae3065af55e9116d,2026-05-30T15:45:00Z,REQ-000351,318fd1a9b080d018ffb85691,STATE_03_DIST_04_PS_01,7cde120b6e55c28ec650e2f7,escalate,ESCALATE_PRIVACY_SENSITIVE_RECORD,P-2026-05-STEP2-ORACLE,9225202ef25381a854b80274cd232f4ab34f8213455f9a7507c49a80f5328436,3b530f2a861703112698ae8659068b00c74e1edc5bacada71db57449aede1445,02bcc5cc7f1dce6a63c9c6937c9cf441d891fa1c8ee2e9e0956c11477d2002a5,e99390373c48f2f6055b881c9d3b9cea0914e1978ac176f37f22cfcba087adae,369e02060e74ef8892b4e9a50331cd66d5586afcf35d3571fea5bb83d2076ece,c6bacb1bb6bd240bba5f6ea4c9a7eed35c4da4a5f6b9e3c5915a8b741f1563c6,14a794f80f4a18e992938d5a0067b66ce53debf807cf068ba6eacc7cbc1770b1,a6228b65886f3003f4e7c2f4c35343c89216cee2a905a99859ebf1108ed447e1,HMAC-SHA256-DEMO,AUDIT-2026-05-STEP3
352,b5b1d945e90fe933775a6b2b,2026-05-28T11:12:00Z,REQ-000352,29e63067f87e22c26e60f375,STATE_02_DIST_03_PS_02,d54e59d1e5b8752743ec8dd1,escalate,ESCALATE_EMERGENCY_REVIEW_REQUIRED,P-2026-05-STEP2-ORACLE,de03c18fe12d2fdbb65b07c1bf4a0332c7cd7ba94aeadf4b1a4494e7bbfecfa7,2d0d524301dcca58d85eedbee98477ab286aa6b49821ba76efd4321b5ea4645f,57c17a9d74df34b7b8005a11dce987a8e79904f4004ca0d343f0ed8ce58cc23c,04e868a32fedcda11bff2f1c371b2e9cc3406b1513a06f1dbe6257e83f567071,1c9016400143f823ba5e725ce56c790e34126facf5676b2c6e79e962e64adaf8,14a794f80f4a18e992938d5a0067b66ce53debf807cf068ba6eacc7cbc1770b1,172391414105d7abd5c7f21be67267dbe851f6d24391cee73e358f04ebc5ad5f,c9e04fb287bc4e2672ca59919d094d8921dd1aea0142d718d6b733a732c6f6c3,HMAC-SHA256-DEMO,AUDIT-2026-05-STEP3
353,cb24de08718cfbf76ffcb3e1,2026-05-27T23:32:00Z,REQ-000353,05c3cda35f4947118d9b39ea,STATE_03_DIST_03_PS_03,d94f39756f13edae41f5ef09,deny,DENY_STALE_CASE_ASSIGNMENT,P-2026-05-STEP2-ORACLE,2c821b5ba4211770cb892443ccf47b0b636e924f35acd6543eb4a408d0f43715,b5e92c962d7b9cf7a5c5f41f0220e9ce7eddfd5aaa9049e75603201bd4395f1d,299541c00a8f80a23f643df48c48e15e9ad553b4380f6666aff2e940276948db,2bf1083baf04fe4ba8b9e445066a4308ed0ebc36f7be5e6cf1369534f81c4b03,1ae8fce7dff1d251448abf1be67c2edbc34283ecff17c9d14839c5acb81753af,172391414105d7abd5c7f21be67267dbe851f6d24391cee73e358f04ebc5ad5f,6cdcdac14a6cb8f57f342a1e6404f267b578dfd648f932a802072c1a94a42963,221041915ae38b06e1c5f35e6e2d74d49254f2891f3a7a8c74a9bf661c19f169,HMAC-SHA256-DEMO,AUDIT-2026-05-STEP3
354,eb772668ce3f899cfd98a7e2,2026-05-30T22:24:00Z,REQ-000354,5f299dc3f248e4c74232aab4,STATE_03_DIST_03_PS_03,2efca3bea97d54995e702601,escalate,ESCALATE_EMERGENCY_REVIEW_REQUIRED,P-2026-05-STEP2-ORACLE,45bdf71e7108581947d5a33490de7cab364631ed356507d29d4c9f56e6809729,450289ac623137cad5f4f6c549714a1da6ed5e19367c1ebd1cd32e9561fe3ab4,bb34e202bd8bc6aa7f4f5a64067e186d6456480ed36c8988e003c5066dad85b7,e4ec0649e727d1a48c9da16a161360968900231d5ff265f70cafb17d6cea3c75,b4a41be91a5b03bb41b2c97459c664bbbe86f69e807b502e22532838619018af,6cdcdac14a6cb8f57f342a1e6404f267b578dfd648f932a802072c1a94a42963,c9915747185f501ee15ef8c2500fc4c011e8fad2e73d4401584eb3bbc840cb31,db160d9f195b8087c7b78798ff2d34de9903902a4a2b821df8b227f16688fe0b,HMAC-SHA256-DEMO,AUDIT-2026-05-STEP3
355,064f7102eb95c9a1a1261d1e,2026-05-31T04:35:00Z,REQ-000355,59295c95c257a05519b6f91d,STATE_01_DIST_01_PS_02,b10eeff052ba452504a54f88,deny,DENY_SEALED_RECORD_WITHOUT_COURT_CONTEXT,P-2026-05-STEP2-ORACLE,1dc602b01d42bf0f2efb3ab696d7104318c4436d617744567ff18cb0544385e6,eae424f27afbbec0e73a8c007035c1978583d7d2bbc3bae314b0cc93f27e093f,63480ced15df2796178d2ac2333e5f0cb182f6788251145826e472c2ec56962f,6c09876ae2cf65482743fd474d6dffd52786a896a248bd37711ecd4d2d9a8136,8dff9954c64eb50e51a5f01ad452bcdd4adea1bd4bf9b1fe08a1d58a26648a9f,c9915747185f501ee15ef8c2500fc4c011e8fad2e73d4401584eb3bbc840cb31,365c5311189345830b490bbf1ea3ac4d4a8f00af2b53e0ac55a60829a619882a,ec6e00ff9aeaa3e8576ff83d74dbdf77f6b7f7ca2fbdaf73191660e47ec09f94,HMAC-SHA256-DEMO,AUDIT-2026-05-STEP3
356,af963a187603cfabb733ac7f,2026-05-28T05:40:00Z,REQ-000356,0de9124a7d38c17a328e4497,STATE_02_DIST_02_PS_03,7e1af28dadbf5d983261b8b0,deny,DENY_SEALED_RECORD_WITHOUT_COURT_CONTEXT,P-2026-05-STEP2-ORACLE,5ba341f12c5fdae8da9efb48d1ce83a5d6fc12b10ef055e36ba304a426e1248b,124d55ee43c88d35bd12c06b1d5a5efc0f0789e6a171d81d7115446971c17301,e89429bf7c6540e825eb7fb4a8d3258d0c80380559787d41d0635e78e51f6d32,8d957776a9992fbc5c613f40b4fb711581d2e9282957c6c4c14e02a08d151200,ad7a1fe3ba3d4b29f0a61424509912394d8c8d628edc5c07a5705505ebe2df15,365c5311189345830b490bbf1ea3ac4d4a8f00af2b53e0ac55a60829a619882a,eab914a611eb1969ffc447a8989a7511ceb649263681ce521f715a96ee9c41a5,8e8b3207c34ad15f3729aaa452cc99618b1c13d94a43baea9f15860c5d839d48,HMAC-SHA256-DEMO,AUDIT-2026-05-STEP3
357,d75cf5266a5d6d8ac4c79828,2026-05-28T05:45:00Z,REQ-000357,e48c526210cf797e3886d5ef,STATE_03_DIST_04_PS_03,0f1b88c2aa88b245603f719f,escalate,ESCALATE_PRIVACY_SENSITIVE_RECORD,P-2026-05-STEP2-ORACLE,050cb852a84d526e5ee9d16bb1866f52ec40838331dee0805d0943bb8287d19a,649390e06521303a450690fddb7a36fae8b5e1eaa5c347cc2138d96982403643,acb88bebc3f780ef47d42f4249c9c56afdb95880fe955cc213fda95d9b2de602,887b1010d421a73751acd677f283606fff31a01b63e22b4dcd2f33be51faaea1,fa7d5d4b665e96f4695649265bfe09ab708423d7e495e43fabc2b6cec40fc457,eab914a611eb1969ffc447a8989a7511ceb649263681ce521f715a96ee9c41a5,8515dbbe1c20ae0436c9fced19a4a0c5fb69fef237edb327215f775513af26c3,ba8e0e145641ed520073e0694f2e3f6d6ee8f5d094bd7874c4e572118f776158,HMAC-SHA256-DEMO,AUDIT-2026-05-STEP3
358,b696b2abcf1e4ccd0a76ffd5,2026-05-29T17:38:00Z,REQ-000358,c6c5d38ea874865e512ea30c,STATE_01_DIST_04_PS_02,47060cab97e3e5e52667cc8f,escalate,ESCALATE_EMERGENCY_REVIEW_REQUIRED,P-2026-05-STEP2-ORACLE,c06cdc96f782ab2ca4c771435d46228bdb7774993b3b954639d4712a18d2b09c,873bc28ef25bdf062868810931e906faa2487ab2eef8189adeeee73ac2643067,91931e1c519da131af85f6863e4946df2119f22bb079ae57ce70215df0d1a778,28c9e61d92c55dff52079f06e46ab065516b1d3cca12872baa080f111bc1fe60,88eba352e07a595ec3e074053b24bd6ed56f3bc4ec0b9ba38635a6866e6e6a96,8515dbbe1c20ae0436c9fced19a4a0c5fb69fef237edb327215f775513af26c3,8484791b87f819b2c496ad87a7c7fad2947447a2bd282d22cae9414c27612132,ce96da90baa82a6233c2b810f04c9f25bdc97397eb49153b53f57580fd4d483a,HMAC-SHA256-DEMO,AUDIT-2026-05-STEP3
359,09adac9bb68ebf448b4b6c7f,2026-05-30T11:46:00Z,REQ-000359,6b0d84a1d858aa1335aacb1b,STATE_03_DIST_02_PS_03,6e7de166bc3795238e165ca0,escalate,ESCALATE_SEALED_RECORD_REVIEW_REQUIRED,P-2026-05-STEP2-ORACLE,31be5f13cbcd7cd0fbe2e736bb31c0d3b4d92831e73ea4fa90e1c06c9046dfdb,3d4b771cad66691daf49daed6604c9881c0d9fad938535b13da0fd2c916b64fa,7e12b5f29e818d02db96216a10943c21e252e8c30abfaf16e2142d4522bd503d,33fc6efe16be83801ce901997ff5442f9432add7e36b908152f8e730388fba42,152451bbf7466da61c4c580fd2f19ef5896ead26ace8a45251fea0b2dc691362,8484791b87f819b2c496ad87a7c7fad2947447a2bd282d22cae9414c27612132,9dd015bf37ec87a0e4dbd4eb99a1a925495bb5805cffc6019214298b2fd4dd61,938da019296677237e22af829a14d49dc09ff7c60b6b7c98f07dce2c46c74fc8,HMAC-SHA256-DEMO,AUDIT-2026-05-STEP3
360,5b8694703f2e08e1d9a7770a,2026-05-30T18:00:00Z,REQ-000360,90e9de18363ee212ab55f392,STATE_01_DIST_02_PS_01,7a1c1d8011a25f728528d611,escalate,ESCALATE_PRIVACY_SENSITIVE_RECORD,P-2026-05-STEP2-ORACLE,bde6f4ad2743bdda8ace09033ce3cc1d28b619af5fdd64667205c06eafa34318,b32bc3447632ada6b30a7a4b46e337612bc29bc5da055c96ea1d2481a0fd0606,94199ac3dd03b7bebdaeae00f7d7e4a098632769320573a67f142e2c9abc1fc2,7bf6578608e26d359cb75ceb2222aa9a6b35e68fb3248fa05b2af1d99609ca05,db1dc33f2e20bded52cf7334ae72d2593367b0d1ba32b2cfeb72941b830f6a14,9dd015bf37ec87a0e4dbd4eb99a1a925495bb5805cffc6019214298b2fd4dd61,273610e3773c7541fd1a81336fffbdb7b49e894a312272523614c9a1c606c19e,3560dfb460bd63cf9885dfd0b18cee02a64dbde54b5229c94a9815935400911f,HMAC-SHA256-DEMO,AUDIT-2026-05-STEP3
361,3391e2e652c2007d79536062,2026-05-30T12:14:00Z,REQ-000361,71f10fb896bfac44fed3436e,STATE_01_DIST_02_PS_03,093331674304fdf16d37b24b,deny,DENY_SEALED_RECORD_WITHOUT_COURT_CONTEXT,P-2026-05-STEP2-ORACLE,db362f2ab4de6efb2dc884f6492a8ab3c451c2a3c62b1fbd807c52f41e8100d1,57059400c0e265be236d3888795b248e11c1af8f1dbce2d2cbd7c816af492567,e39d19bb23a7b9f527148f4a312e2324240b2f54b34b47b37c6978b105fdfcf6,b8c0f9b2f6d648729d742347315967775ab7c87b6723e67dedd15cb6e4b34696,e854266f6fe1dc2b75a9af36e4b4cace40bb2acda953fcf7b6b720be503236c1,273610e3773c7541fd1a81336fffbdb7b49e894a312272523614c9a1c606c19e,ece872efc134186bb2afa87964b35fa68fd1f80e8acee138582d86d9cb13fc16,1fb8932d39e9c81527e08129e1cea4309909cd193222e6e1c892afc1c3024845,HMAC-SHA256-DEMO,AUDIT-2026-05-STEP3
362,9a44280fea7afa0e148d1b27,2026-05-28T12:12:00Z,REQ-000362,5250e04b75f9aa481b9f2c6e,STATE_01_DIST_04_PS_01,2ad48e61ef29028c1def570f,escalate,ESCALATE_PRIVACY_SENSITIVE_RECORD,P-2026-05-STEP2-ORACLE,24d9a3920c5ccd991526ebaeaa13733168dcc4afeeaafc4e80ffb956a1fcd06a,b3bccc87edaf583fdf6ef349393c588a024cae8ed799de743b43a757205d196b,331a6fccc5aa6e0f16beb1e9d624e1c6c92ce039b0d6b4e6e80f41e280b98532,d2b1ecce3d383b591635782a056a6a9a83e04e5c2f94f47e775538df9a167e65,74dd959c5bccd92e5e716fb67201be0c626646edf0826b58a1cafb0cdc35745c,ece872efc134186bb2afa87964b35fa68fd1f80e8acee138582d86d9cb13fc16,814426ad0b8a4c09e58b24d72ae5f1c73cb8d24c2589ef3b058f424def4f3d2d,b54569d4c69a3b4393e186fe67cac073a5e0a3000efc83476abb522bd359703b,HMAC-SHA256-DEMO,AUDIT-2026-05-STEP3
363,f0c9b1b4d6fa1343f21f24d2,2026-05-28T06:15:00Z,REQ-000363,48f5470b8ce4df5af3e82ab0,STATE_02_DIST_02_PS_03,428efc3efd7b1b0a60e8d834,escalate,ESCALATE_PRIVACY_SENSITIVE_RECORD,P-2026-05-STEP2-ORACLE,148f91478586d8ed446dce419be5c6f9c28d98f4b32d40341528ebcb16d7b20c,80fcfa0df687bb57f84ca5698bedb419254dede74e03e86d18895ed0cd56a23e,8c897b405851a6329d967df0cbc09af6043c753f2e50b9d0b2cf67c671210fcf,dd47ffa3e7434cba57f676c24ed8968f86c26edefbdce818a0af1f9179902324,4a7435a330c8c5618a2573517ed9452b39a25159b6ec86d51a8e2e531cfb2ca3,814426ad0b8a4c09e58b24d72ae5f1c73cb8d24c2589ef3b058f424def4f3d2d,739e559493111de06d3ab3d3bf7578e725e1ceaea66b63d87bd1b0cc926b5437,75aaee32f95c5925081d2f7c0f540ba9eaa806ccd1f08e243291e853caf15d1d,HMAC-SHA256-DEMO,AUDIT-2026-05-STEP3
364,5ade86268d15f957ce0c87fb,2026-05-31T07:08:00Z,REQ-000364,072b2cbde28c17244de8ae4d,STATE_01_DIST_04_PS_03,2b2d7ab4e1a9781372404fec,deny,DENY_SEALED_RECORD_WITHOUT_COURT_CONTEXT,P-2026-05-STEP2-ORACLE,032396e1588fe9a949b576f2c38c6ae6a976e13053775e14d4140fa7464226a4,354c63ac55cbd740ce476c42fe504029f2b87e52c315cda528cdf28f01b721d0,21fc86789207d88d56bcbe8a4fbd76de106b8822ab04388b7ea3a8f792f51934,9c74c28c812ce32063c76a8d13edfbdf1e0ece3d52904a589819083bae062bb0,a6a9b419cdd13fc1cc5e09b7194209ae730875c1f81bcf4adf8a69026ba325f9,739e559493111de06d3ab3d3bf7578e725e1ceaea66b63d87bd1b0cc926b5437,96059819c78c9933346cf59dcbebe01b89186df81b604cd6de7b2aabe2430895,22878fe491f9dee1eadba1fded2b30d8babc59dda1ca09e9d64b3cb06ca1005f,HMAC-SHA256-DEMO,AUDIT-2026-05-STEP3
365,169d4a504e5d1a8847c6b641,2026-05-27T12:10:00Z,REQ-000365,d58ac64e32ce6bc751285238,STATE_02_DIST_03_PS_03,14a811b89adf18999a258ce2,deny,DENY_EXPIRED_APPROVAL_TOKEN,P-2026-05-STEP2-ORACLE,125021b445ec738064bd8c7d419e1977262b2be25d8ca20f21a317f78c34ec19,36bbb3e5962812be336f150cc841b2618cdf3143a70c983860a94e2588b6aa8f,0ac96bb86f1e33639b864840a11b63bee823eacf28f81654fa8404d40b3b6f8a,64f8b6ceb38097567f6a8b9e30b5fc8e90bed21d07c07dac811dd77adb263c41,53c8b37d25b24c362845df31beeabf53fef53e1d1890916f1014a89bd9fc7896,96059819c78c9933346cf59dcbebe01b89186df81b604cd6de7b2aabe2430895,5ada7552ebba367156de57ffbf31c9d54771e0b5e7e66118334827bac90a4372,b303697d526503f266e8e031a0240a0d8298459c6499ab61dd82f9d71506e0bb,HMAC-SHA256-DEMO,AUDIT-2026-05-STEP3
366,fac79cd874e503670b55ba3d,2026-05-30T13:24:00Z,REQ-000366,f59f4c244c14d1c05b3b5fef,STATE_03_DIST_04_PS_01,097a777f9c4bd6dbc56eef69,deny,DENY_STALE_CASE_ASSIGNMENT,P-2026-05-STEP2-ORACLE,c20f85890e5efa5e2d8395d896530fc329e6356cc5f50e9b4b5e54b53d0f2c1c,f91c79a4b17e121fe26b1af56083f1d2b3e15df11b3ed655eddfdd7f82619608,bf4877e3d295a3057fe82ebc87f2130cc24ce2966165da0fd6e485c56933515f,1b0479594a01e5d8726a8fec74b53fbf2213c3157866935ff59fe37edc59639f,d1557c7460397d470b1f2da49b0e007f321e37a3fa3d403f04528052e3e04891,5ada7552ebba367156de57ffbf31c9d54771e0b5e7e66118334827bac90a4372,1f64530fb54b3d1a990bde7b65456b7698bfb9ab88331cead6dca33217896666,705c656a117f3499770579ae6c18ac23b59f7ea7e3f38c7fa62abd809425cd8d,HMAC-SHA256-DEMO,AUDIT-2026-05-STEP3
367,e2242c05cf263295dc20d53f,2026-05-28T06:35:00Z,REQ-000367,4857d6398585bfa5b41baddd,STATE_02_DIST_02_PS_03,3d33aeac9a024f9da6d7ccf9,escalate,ESCALATE_SEALED_RECORD_REVIEW_REQUIRED,P-2026-05-STEP2-ORACLE,8926539027d375ae840f4925f9b9193f6e80d653956c1a894324a67869c2f5d5,6e5fef82215d6b023107e96ea5751c19ab81b9727a68b01ff913fd3d48a7af6c,f7368ca79fc8fb49d3e30714cc2e3a9b379f05fc9561307bd5e9aa652903c925,b2796db06fcf3a7ee820913b5df467e3547b1c483227b0a483da8376287872cf,76372005a4d216f3de4b91c20d3f9e27454ccc11f92fc120a277346652ab4b68,1f64530fb54b3d1a990bde7b65456b7698bfb9ab88331cead6dca33217896666,79f9b6644f7dd15bd708cd5f89af0e2307c4e4f9d6e2b3baa440af504371ae0e,31e8e4ce31f12e1e9a260d6a5aa2f730bfe4e7e3cf2e29355628229a574f595c,HMAC-SHA256-DEMO,AUDIT-2026-05-STEP3
368,58140c9c23e18a5f31ba2ccf,2026-05-28T00:32:00Z,REQ-000368,f250eda449687032c1f3ce21,STATE_01_DIST_01_PS_01,4d4eedc6995d8719bb69eab8,escalate,ESCALATE_CROSS_JURISDICTION_SENSITIVE_RECORD,P-2026-05-STEP2-ORACLE,35041efdb1f503ff62f4b5030bb53dbd45e8d06106daefc665c258f585a16832,e93e6c1610420b8dc7f6138760f9d9a35e2ac918160d1b6fc955209bda27114d,39f7ba335d1e05b34f0a89d8e60bb617890a5128d4ad9197afab88b123409077,34145fb88c9661fc0cffdc30f198f94d4416c5be4acb4300f6e5c0856ec84a80,1fd3b80c71d1bf1f8489febd3c97510f58619bf904bc1a4c248cabb9569b2724,79f9b6644f7dd15bd708cd5f89af0e2307c4e4f9d6e2b3baa440af504371ae0e,c0a0bb690320dd0e924940a5b8c2dad7e3d57523c5ad9015bde294fbe565e6b6,08392b775dc18b98ac298da73a745dbd8cc48bdda9b58af186d049656f208739,HMAC-SHA256-DEMO,AUDIT-2026-05-STEP3
369,ade3862a00f46d03ee6e2547,2026-05-29T13:30:00Z,REQ-000369,bb454708489db5641c11f4b0,STATE_03_DIST_01_PS_03,bccd2e37a2abdbd141306a62,deny,DENY_STALE_CASE_ASSIGNMENT,P-2026-05-STEP2-ORACLE,95bb763c3b7e72f00b898b12d307aa0560fb20f8a0381c7a3d4f0a0102bd7cb9,fa71f9441f17cc6dc2a018bfc61fd967225f39e168110ad08d051d040ab89100,47781d4eb3b100718d6b478cf936d5bcc8c3e45d566d6de280fd0b088ea5e7f1,612413aa39d58f26967e689cbe3c122c7634ea52f27d0ce165cadfd635cef415,e240d9d6d51a07c649fea6ea4d4b98e1f88148c5040e9541df1770cd5e7c51d9,c0a0bb690320dd0e924940a5b8c2dad7e3d57523c5ad9015bde294fbe565e6b6,750063ff9de6bc1e2512017306909f3e291a5d68a7c43c312c95ee2d65c341f6,6fd3972842498323b69627f3008a81821e46d84aca10cdd1e416a2d14c3a373e,HMAC-SHA256-DEMO,AUDIT-2026-05-STEP3
370,1a721b56f326ce330a5eb1c2,2026-05-28T19:10:00Z,REQ-000370,b2c7b3b76aeb981b1bd8756b,STATE_02_DIST_02_PS_03,39d3051b583edb8f08d3ac66,deny,DENY_SEALED_RECORD_WITHOUT_COURT_CONTEXT,P-2026-05-STEP2-ORACLE,253be173c456a5b3fafdb716b1de2818ef69661bb00c5267d271aa7b3d57d0dd,859c822d03dcba632aeb1f8f4593424f8bb60055c1710fd314a0975f668e79e5,6d15adebc4c209ad4bb75e498f2ee3f4487b4307b5390de7380481523525cbcd,16f12756b3714242f366c1eb14aa069fbb014f1ebf9ca9d33c47e5ecba5020c4,84fa5e8b04e7fd139bda3245f28aa6470611294c8aecd4307d4733471f279eea,750063ff9de6bc1e2512017306909f3e291a5d68a7c43c312c95ee2d65c341f6,98e2dc7db5180112f36be92d51ae3e74d1f41c7fb8869e97ecc46eb48f2f457d,3e48ec058df64c697b81b80de70c30d6e2bad8e2b02cb97cfb34145e1b349809,HMAC-SHA256-DEMO,AUDIT-2026-05-STEP3
371,67daae44bf1c4cda554d7f01,2026-05-29T07:39:00Z,REQ-000371,90740f6d12084e4c579f3454,STATE_02_DIST_02_PS_02,387ce36dfb2809a360448216,escalate,ESCALATE_PRIVACY_SENSITIVE_RECORD,P-2026-05-STEP2-ORACLE,b451a173700d95a5737c81ef748a552ec1e43f8e7a6973945b6592ea4855f6b8,66aef6dc29e4934672098a9cd6474528026722773ea6610d039119ffc23362f0,652ae1cc1fe4f1c861b659d9df046e946e868ee78cdc9df659ee09da58eb3a8a,5d3fee437a7e960d92803cbadacd146557d2907525a6b4cb4f08655b8910a282,10c43656b84cdb83baa33e4154bb8610692097dcc62609c78410db3f199da295,98e2dc7db5180112f36be92d51ae3e74d1f41c7fb8869e97ecc46eb48f2f457d,2f51bef22a167060798598bb12aac2c674322ec131fb85582a3e3f264f3525a0,f45d9a11a24d4edebdebfce2d5eb6c9800d54f276301e3f73fe8bcf830cc8639,HMAC-SHA256-DEMO,AUDIT-2026-05-STEP3
372,5de653747506e9599925f404,2026-05-30T14:48:00Z,REQ-000372,abdf3e234ce3687605069a60,STATE_01_DIST_03_PS_02,1c6ecb2d745c985d50c99379,deny,DENY_SEALED_RECORD_WITHOUT_COURT_CONTEXT,P-2026-05-STEP2-ORACLE,e0d539671c2182f5decc4c5687e00b51dd1281af1cd11f32ae8656e960b75926,4748825b235c20e79f234e3659150524596483ae4641a80c511111addc0ff0c2,745d2a79c12f09afa687540078e4b4520db18783e7609d5304fd18ce7f826dad,49f15158538807f81c9b7155267e5998ea459f61885d51c101da16374d834b20,20183551a9ae775e668f8f3967d3a3e651c498bfe4a265d6397dfb5606df10e0,2f51bef22a167060798598bb12aac2c674322ec131fb85582a3e3f264f3525a0,becbd946ead300a8c94d1e4c9ef32d05449e07e73181c64a122186d98d3a007a,cc8eec1c49342e4b57b932fdd4501b7d87090cb0e8e31a75a5d149336947aff7,HMAC-SHA256-DEMO,AUDIT-2026-05-STEP3
373,3a11b3a5593b44cc9399fffb,2026-05-28T19:31:00Z,REQ-000373,ceb8bb971ba08b4df678d1fa,STATE_03_DIST_04_PS_03,71bbf19d311d6a56e619166e,deny,DENY_STALE_CASE_ASSIGNMENT,P-2026-05-STEP2-ORACLE,d24390927a5088ad2fb0d367484eb15c9b07f30745b9a9f325f1e864184938dc,97fca97482736a2db094dd0fd8d38e67795f8a0d75be1782df556524b1659162,57d7caa83c6110d2e6e20ab03c276f98441626046ec46dca125adbc673c45d5a,fb9de657c58f9375fa951b222c562c17033877b4c5b1a487257fb40eda2a531d,0b098436b354ab42a8a2b1e177f39ec9bc66b52cadeb10a1e3377093972369d8,becbd946ead300a8c94d1e4c9ef32d05449e07e73181c64a122186d98d3a007a,a3b873bc1b78844b6ba5b4df2572b71dc718a0d8b96558265137387d7f4d8ec2,df80950e07967259c36edec7edd960a86326a58207c3017ad863aca87e6bb641,HMAC-SHA256-DEMO,AUDIT-2026-05-STEP3
374,7d636cb6841e3d24c745de3e,2026-05-28T13:24:00Z,REQ-000374,93ea324e5b0159f974ae2ac9,STATE_03_DIST_02_PS_02,4ee73ace57928929f1ba50f2,deny,DENY_EXPIRED_APPROVAL_TOKEN,P-2026-05-STEP2-ORACLE,918ca61ae82c9bca386e94af96e1d9c4b4045aba6690a8da61659adf91e706ca,f20ada4a985f5a479fc671a4d16d948571c7140f62600ac165c47358c134d0cb,bba7e3f5374634884b6a976cdc02841b18056dd18a9714d1e090699357955016,b42801a73a2370932153b38e3fee03c4def54b27ac9c229ed6ebf6f9006e6adc,0560b91b1917ae79d782bda0e25b2a6ee5ca3866cdbef53a2f09f6616d69e3a0,a3b873bc1b78844b6ba5b4df2572b71dc718a0d8b96558265137387d7f4d8ec2,77e0dfb6ee667e43fd22cb5133e6f9fdf693b73c1eb0ba12b6ab0a33c48dd6cf,ade4436132efdb97a3702acf8f8d772f2a780c1cc6af9d3d6d629e2024e5598b,HMAC-SHA256-DEMO,AUDIT-2026-05-STEP3
375,6444328adc639247bcec7a9f,2026-05-29T08:15:00Z,REQ-000375,63cd4d5013242ca51327d961,STATE_02_DIST_01_PS_01,6c7dd30d86756aae58d7c81b,escalate,ESCALATE_PRIVACY_SENSITIVE_RECORD,P-2026-05-STEP2-ORACLE,3b777b95331f527b07be1fbb351d025e602c867d103ac58d7b0b2439450a5122,792f0bb320dd73befeb69c5378a6d68e372838194ba3f4d50448d70d1e828a92,320ccbbea2d79a955ce120ebdfcbd3ac6c5e51e5b25ab65354c083a51379d400,9069ab38b4ba093a2a3ca69df443add2b6cea59c31d5bfb59edae9f53744e9bd,3705c3287bf314b20d6a6c1bbcb8e53b970b1997fe1f23345413da026e340d47,77e0dfb6ee667e43fd22cb5133e6f9fdf693b73c1eb0ba12b6ab0a33c48dd6cf,ae55e93c269e36e58e340c04f0893c095c4f5bfda33dc1e32223f2b5a12f37de,91d9d8b1a1c67f67d0c83e6612d5492421c8416baa7076edb6d4fe7537115293,HMAC-SHA256-DEMO,AUDIT-2026-05-STEP3
376,599e6f207b62ba963f93eec7,2026-05-28T01:04:00Z,REQ-000376,f250eda449687032c1f3ce21,STATE_01_DIST_01_PS_01,deffffbc895a829fcc534b52,allow,ALLOW_ROUTINE_CONTEXTUAL_ACCESS,P-2026-05-STEP2-ORACLE,8893e3c58d32aaccec607cbc9a36854fbf1fbf64f66abdee8b33dbf34f7c8aca,6f808e6449dcb7fd7d23f639d502b5b597c5fb88884291051e2f5c7e4e0a3900,b8894f3ec9b9e0fe1a90a126f144a49095cc4ccf7df69b36353b70c1d59c9d44,05d7881896cc862bdc7154eec17954c08694a747445edd1c393d737d5fd5809d,a185f520ecf0fdb33355c7003adee8e40fbba38167bcf38222b39209f840dd23,ae55e93c269e36e58e340c04f0893c095c4f5bfda33dc1e32223f2b5a12f37de,cd6bd8687478d7b023ab6a8a31648ea01e8d551b9fef5ea24041c6ed263f693a,a1d97acc02aa3af580f33bc73d094c88b700e7aacba594125eb1560bf6027e73,HMAC-SHA256-DEMO,AUDIT-2026-05-STEP3
377,63fb4b1abf29dca95c9ee15d,2026-05-29T08:33:00Z,REQ-000377,69527641f80b28a01bb229b7,STATE_01_DIST_04_PS_01,d3396f3cbd7762ada5e22661,escalate,ESCALATE_CROSS_JURISDICTION_SENSITIVE_RECORD,P-2026-05-STEP2-ORACLE,564306ac69dacc41bce08fe62daf179285fbba12d474174f76c98a3f0762e07b,add563180865d489eaba755d279b41553be22eed557fce9cd611f0ee4581087c,063163b2b150425a3250caad468c3560ebc6ffd78360dd8867545ebf2f7bf416,70264f978e37f387a353efd1db28ca814fdc1ed87666f2bdf2cf5ae57cbbed06,2eec2f9fe011e37e7b22654bd43bc369fe78fe0b1c6fea428ea8be10ee9cdcac,cd6bd8687478d7b023ab6a8a31648ea01e8d551b9fef5ea24041c6ed263f693a,7c1cfcfa88653095b258206a80774c1cee0dfdcfe97daa11eefbd26fbaabf333,f639436c74ae5bcb068f93b48d9d847a79bc80a039db338cf22cf26e9dfec656,HMAC-SHA256-DEMO,AUDIT-2026-05-STEP3
378,f9d350f8cf85fd8a88633e81,2026-05-28T13:48:00Z,REQ-000378,0f7c12f84c6ccd771a655279,STATE_01_DIST_02_PS_01,e2ff4d5969aefec4bef47d9d,deny,DENY_SEALED_RECORD_WITHOUT_COURT_CONTEXT,P-2026-05-STEP2-ORACLE,f2d2b31a3229369876a0e4a9ded55bcb037b26ba05625e4f95c3d6e84aa73457,338277826a70ce6505b2a4f4b0b7abbe77e7e8e8348644fc567f00072d2ab657,632c3b153517abaad65803e3d613a11534f55a6adf9912e29cff9ca97cd10308,8ca907ad91f834eab0843329de752eb57985c705a1b89c09a0aa8e14028373a4,eed98c0adfe01bc4e6a618339da504c7798124d05d794639f5037fd48ad54c2e,7c1cfcfa88653095b258206a80774c1cee0dfdcfe97daa11eefbd26fbaabf333,2956ebdaaa8d8464be57831705d59e301d3b3ad94b0c8cbaf54275c8828f7e40,01a520acdc209ca8db6749541695a60fc057c683537fd5521c8fb022a0107f37,HMAC-SHA256-DEMO,AUDIT-2026-05-STEP3
379,f0288ec0eb3d4f3aeec95534,2026-05-30T03:48:00Z,REQ-000379,f8755a48fce2988e7e892881,STATE_01_DIST_01_PS_01,729722bb0f927d10ce07afd4,escalate,ESCALATE_PRIVACY_SENSITIVE_RECORD,P-2026-05-STEP2-ORACLE,c79756cffdc8bbadba5d7b24cf75228520e5905b6c02b8f4ad4782c932c224f5,77154ffebe8c21cecec0bda64ff35fc626a72a473d2b584deacfc2fffbcd293b,a04488bf1f3a1b437036b8f0cfae901426b4d010a317570c653d95fc658ae64a,dd9177084a236e13a255a171e6ce20fc160b849df9d72c19eaf07c49b7f0ceae,e6843f60326dbbc7f64bbd766f8ccf917e3544bdff9380a6d791722b4b7c124d,2956ebdaaa8d8464be57831705d59e301d3b3ad94b0c8cbaf54275c8828f7e40,c4a8734eea174af8570ab153a25b29920edae570308ef4a687bf47f6f7b41f60,055865e141b7893aca853993f775ee21ce550717b03ab0272ec0d29a9e6b7810,HMAC-SHA256-DEMO,AUDIT-2026-05-STEP3
380,353b473169eeea915d1ed4af,2026-05-29T21:40:00Z,REQ-000380,d58ac64e32ce6bc751285238,STATE_02_DIST_03_PS_03,19ed51c598418f3a839728dc,deny,DENY_SEALED_RECORD_WITHOUT_COURT_CONTEXT,P-2026-05-STEP2-ORACLE,051b1863da1da3c96a2ed6e476cefd91ccdf52af8b5e80a548eacf6d015126c7,02a96eaddeb04c37b26205798f72ffd91d48bc510055b31cbd02070e72065f82,9fcd6c18e00422e0a2eb5c37fa42f8db7f36d3b868b677422e946c1a317c2da5,86b11ef59a8ab36b0c497d9df0185a0b261ec9a6d257cf3a489981aaf1c795ed,da0df3bbfb0ba66a66c6deb233d2f4ca5fb666498879e128b7e4e6ac304072eb,c4a8734eea174af8570ab153a25b29920edae570308ef4a687bf47f6f7b41f60,573c3290020028c04c731a1e57dd8cc2f6f705278299bf25c3ce9f5585a70c7d,203b9b1f540a0915f4998fdec5a97a7cd1aa68a8d9c5c1bdc7253c1e46f77321,HMAC-SHA256-DEMO,AUDIT-2026-05-STEP3
381,964a5a03d8ae262c2be13f80,2026-05-29T15:30:00Z,REQ-000381,1086c897162d91ce96d22b8e,STATE_01_DIST_02_PS_02,75f04acfcb1add0751aa6da0,escalate,ESCALATE_PRIVACY_SENSITIVE_RECORD,P-2026-05-STEP2-ORACLE,bfb071c291b7b79522513d6638895f924a4ed421f3c98bcf4e1540d74cdb2186,def347dd00ad2b00c9f679d432d3762967898af5252e20a87adc0d0d5e60fd46,6a0249170f2ed0554adabed1f7244712d048b60985ec935c3266a4205aca06f2,6d84ec6e0b370d8ecf48f22be5cfbb8a41a97fed87d930a1947e313ccedeeb24,dbde658c73fd9ae8648161f1155ea4f68dbacd43f7c52cba09910133b2b8ec97,573c3290020028c04c731a1e57dd8cc2f6f705278299bf25c3ce9f5585a70c7d,95c1d101dd64c8a0dd2823b56445e2d19409a98a4f9da410b6994c8d48d8b258,d1cf23e2ca5d377393c97e7a84c04bbb7e1d423988f9405e26af8f12161514ae,HMAC-SHA256-DEMO,AUDIT-2026-05-STEP3
382,ccc94a92b72e4be9557cdb6a,2026-05-30T04:24:00Z,REQ-000382,e48c526210cf797e3886d5ef,STATE_03_DIST_04_PS_03,121319e5c742c9826335312f,deny,DENY_STALE_CASE_ASSIGNMENT,P-2026-05-STEP2-ORACLE,be24312797ce5e0732fd2c94992427b9b74946f55528c298c767db271e1db190,e7e13d38cbfd82158bc20a4a736353a1b7536c3065d9b8198c541b6f40f112a6,847a0dfb4a9b223753e904071aabfc8b917cc3ef09ce90ef7bfed9bcab788f19,f7dbd6bc7201ae047b556e07fed9d518e9df9099faba77b8f11947533633e3c6,ad215dafb2435d8da28ed8e07a5118d38e15dbb0b56c7e8169e17d783f79a29b,95c1d101dd64c8a0dd2823b56445e2d19409a98a4f9da410b6994c8d48d8b258,fef2bf1cb2457550ca019decc474f5c9824721f4b44a0fdbf34eb42b3384f9ad,c227696668bd6655690f42162f8c5c400d605b1494729b4f6d6b6a82b4d375b2,HMAC-SHA256-DEMO,AUDIT-2026-05-STEP3
383,83bace242698b73980f323b2,2026-05-31T12:31:00Z,REQ-000383,5f299dc3f248e4c74232aab4,STATE_03_DIST_03_PS_03,127942772b7096cf80318d9f,escalate,ESCALATE_CROSS_JURISDICTION_SENSITIVE_RECORD,P-2026-05-STEP2-ORACLE,168e749d875536da1a206416b36564c64df7d1381d602a88320480a3d317dd68,c806478f507a27188ef6f5fd1d04ac3b5b57ff8c36cf4facb13564290b39d803,1ae1b883b27166058ee7033acaa60ab73b2bbf80217a5faebe5835176ca4cfef,44686c1ce94d583aaec277ab77cb2b362d4b88539c8f3b362580c1b3624aba62,039777a83e968dc2bf67e862e51cbcdbdb8c19b90247abb67f6abbbad83ffb58,fef2bf1cb2457550ca019decc474f5c9824721f4b44a0fdbf34eb42b3384f9ad,036ee341c995ea1bb2f061dfa3ae82fb5f32392227c79f83d2d91871fdbca505,48689a5f19419de038eb11a6dfcb51f05a26d91f9a928ec13e9d74abab0b60b0,HMAC-SHA256-DEMO,AUDIT-2026-05-STEP3
384,b7d4e40fb2121d2bea82a643,2026-05-28T20:48:00Z,REQ-000384,e48c526210cf797e3886d5ef,STATE_03_DIST_04_PS_03,f905e90f3faf128a9c8c9d40,deny,DENY_STALE_CASE_ASSIGNMENT,P-2026-05-STEP2-ORACLE,bbd54c9c30e928de59be6e8adc93a26a6a66494aeb80f24d76f2a8de4448f0bb,fb52d268ad16f1dbda29a81f7e2cb0c91c2248be61e63a90bea4954debbba182,a5ff3beee89a55df517507812ff89e0b92ad46be43e19a931e9566cc4bec4abf,53bde5d8193d50470272e6f7afc4548ef1c348b8d29c2b6026727e2e61189517,6197b92e2a13b86c355952602ab06789d1ddcdce5824650435bd1e4a4b8539ce,036ee341c995ea1bb2f061dfa3ae82fb5f32392227c79f83d2d91871fdbca505,de04e18730e4f97d9c506180f1ed78b6ec4d9f2b431aa2af9cecbb5529b641fd,dea509e02ba8c6f65c6f8e1f8963b0157d8b296929306ab5d23d2020a55a6d63,HMAC-SHA256-DEMO,AUDIT-2026-05-STEP3
385,75c31220991b42733ac8b6b0,2026-05-29T22:35:00Z,REQ-000385,02df4864bc93f0037e94de95,STATE_02_DIST_04_PS_02,5ab36a7308e1e2c1c699873d,allow,ALLOW_ROUTINE_CONTEXTUAL_ACCESS,P-2026-05-STEP2-ORACLE,1d9f75ec0d40a401b13da60a637122d741aecbf3472d6c8e6008dc1d4b74f576,e97d7f0257fb5488ab576a30d43662a6ad7d5693d4006df9cdbe9c2be5e6df27,8781511a078b5400adb6c71572ab9ddfaa9464f5955548357907bd1391088bde,8144e81076d374705a65fd0af5b7ed6c6f25dc26387c7ceb3aaaede0c0080f0d,a264a11a26c3354737c7a797e8ec4a3969e14c3f1b50ac3761b84181bd8d1021,de04e18730e4f97d9c506180f1ed78b6ec4d9f2b431aa2af9cecbb5529b641fd,a81922a2b2b0637a5ec222efc7cdf17e28eff8129a3f3d4f31ae7dfeb655effa,d392ec0b4e6947a2a63cf7a51576a7f118ed04c7393ce867a30050a65166b594,HMAC-SHA256-DEMO,AUDIT-2026-05-STEP3
386,a35125e18175ebb274891952,2026-05-28T21:02:00Z,REQ-000386,100ec956e3b5dce60e3db6a6,STATE_01_DIST_01_PS_02,8a6b763636cb267428784251,deny,DENY_INACTIVE_CREDENTIAL,P-2026-05-STEP2-ORACLE,d0cbc8d95f142abeebd811bfc87b38eaea1a9105aa7e8be7fbd2ad3803a6b1ae,bc521213815e0491b3cdeaa4ecde0496a66a05ccdced578001d11e63f684a77b,acf0a46cc194f4830301b8feb1bf9b7a896c2b8eb54824fcd0303a524f086298,3e4daa1a4ae09baeda705fcdc452192c00f488b4c3d13cb2249418213c95d0c9,bd71ba4a23f9a78740164c953b1ce00e58ac1928f16a9614b39ed14429a9783b,a81922a2b2b0637a5ec222efc7cdf17e28eff8129a3f3d4f31ae7dfeb655effa,aa78b7412037dd699d1d74e449ea2f9035e57b2dec5e3bed1c7e94956335d932,526d3e84b17339ad3f6e079d4115af28e039536721edc960f35ab57594fb82cf,HMAC-SHA256-DEMO,AUDIT-2026-05-STEP3
387,f4a9068e891111fdd75d6154,2026-05-28T14:42:00Z,REQ-000387,733b1499389b250473119b5c,STATE_03_DIST_04_PS_01,76df25147fc74f6bc230dfad,escalate,ESCALATE_CROSS_JURISDICTION_SENSITIVE_RECORD,P-2026-05-STEP2-ORACLE,056c8fc181d52f022aeb18ee8aa252dff25894eb3588b4da2ff8a6402396040c,def7db20c3512587fc3ba342f8cc0d0c6b2f5bb4acc30bd34aca00c036823710,1277c2b58efb8dd1e5c94b95cf5799d5ad8af224edd19970fb78420968ef479d,7325be355e283ac0373306a1feb49436c79f0e40b4bdb12c0351e3b4525af722,d08f03b30663c54a3af65d69bd2990b912be418ef5960e0fa5443267dda80349,aa78b7412037dd699d1d74e449ea2f9035e57b2dec5e3bed1c7e94956335d932,3c14cfd728145f10a824129df935f3b6c62bef9ccad59601eadf029cf88d029d,95e03923bc88a0710b068d9c47dadc4ce95c13b669dc19a44699e3082b5f49c3,HMAC-SHA256-DEMO,AUDIT-2026-05-STEP3
388,e019854af54d3f4c6ff1f0fe,2026-05-31T01:00:00Z,REQ-000388,782ce33054ac702eb25bdce6,STATE_01_DIST_04_PS_03,5cffb8dc75d9d131aa574db1,escalate,ESCALATE_PRIVACY_SENSITIVE_RECORD,P-2026-05-STEP2-ORACLE,828ff4e3b1c48462e09ab3200eb3d6d302a05441a6dde78f365a21881c926195,a3016aaa534b0212c4b91d566263f455915697436f916c1af05babfc7b94f57a,0690eaded2525a42dca60addf58bc0437b705ae7c8990c98f80fc9eb9cfb3917,76c35f6f19f6f2c9df5fe60afe4ba33f72915989e7c56bbcb9579cf64614a2b8,355e7c839dc6c5fd5595a95a5b7863501523990a8e1205f80b6f94eb6816aa52,3c14cfd728145f10a824129df935f3b6c62bef9ccad59601eadf029cf88d029d,cd24220f76a4ae666cf5efa6ec063846704049290a0448b59844c5161f3bca54,f625000a7d5a3902822791bbb8a8eb24f71f17b646fe31959c18daeca16cc88c,HMAC-SHA256-DEMO,AUDIT-2026-05-STEP3
389,3b48721d2890f8eb47ac8a69,2026-05-27T12:58:00Z,REQ-000389,d57f9cfca107b054602e3afe,STATE_02_DIST_04_PS_03,d12a6a6433534d48c6b83a73,deny,DENY_INACTIVE_CREDENTIAL,P-2026-05-STEP2-ORACLE,c0426b498b625150cff1ac4026459ad2c38b9c3fcb15a1a0df0ec8571f020090,1816de27ce63091835111a50d05d09f6b7dc2c6e034314d558142b5406a84559,392c2d9c157267382f89e6ccaa32da29217471d4234f188ec93d911347feeb51,fa2d787bbc0a84fb5c561e0bb9e8a97596e73fbac3f61643e7c1d1bedad40147,222a87355003a631f00e9f6a4e5a1084042af55121a250e1e742c3fbb87eb5fc,cd24220f76a4ae666cf5efa6ec063846704049290a0448b59844c5161f3bca54,14766782dea6e1a5ef08cd2c42d9e4543d3218a466a581a78b0942be54397192,49542f937790e7118fe8c3a0ffa04e014721fd8d76456f37dfec4616a62ad625,HMAC-SHA256-DEMO,AUDIT-2026-05-STEP3
390,2a20191e96d15f0f1d080bfb,2026-05-28T21:30:00Z,REQ-000390,72129b83faafabab27729edc,STATE_03_DIST_02_PS_02,fc498ccdbed501011d0e55db,deny,DENY_SEALED_RECORD_WITHOUT_COURT_CONTEXT,P-2026-05-STEP2-ORACLE,48f6b0e489c8f6d3d3104f2d5487c36c1bfc4b2a25daead8d9d96c0eb8bc2d03,4f704e4d58001b707d877d3a2c6f967c19982435bf6ba68c8db1250b25d12e22,7b17661a38b19750759ad8e9657c1f6afe4d6593da6420e60f7d8414a589027d,fdc0145af8c00ea7e4054e6e5918dedb46e53533d63996f736f86d54a9fffe15,dc4c044dce2f5d5184b9d228edb66176dd5be299117148356761f8da5017108d,14766782dea6e1a5ef08cd2c42d9e4543d3218a466a581a78b0942be54397192,7d200d81bb71aa0497aab78359ecc44acfddabeb349a4ce87c2fdb2c4410e193,53a8c9126622c126516c8afd65183ed8f849ace23bb2b1811f086c6868d9ef0c,HMAC-SHA256-DEMO,AUDIT-2026-05-STEP3
391,97ce435be10445e7ea29e0c4,2026-05-29T10:39:00Z,REQ-000391,4718492e22f05239e76383dd,STATE_01_DIST_01_PS_01,17c8611dfefa058b391351b2,deny,DENY_SENSITIVE_UPDATE_WITH_LOW_RANK,P-2026-05-STEP2-ORACLE,550b997462f06d651c78e0b14d0176c2e4e767ed8f5717b0e72c8f5dfc3c9945,c3a01fdb10c518b3d7b1ec5f0489fed9d498986492fba6300e87fa66e39c08e1,d56ab034b7a5562cd6014d9cb28629174fa5e440ed2037096b159163d542a992,663e3499babc9f19642924d18753600a969fd412edac336cdfb31aa22ed76506,954a0f3bc030d0e3017c65134778233a6cb3a49cd14ccb9ca88bb7b36e3cadb2,7d200d81bb71aa0497aab78359ecc44acfddabeb349a4ce87c2fdb2c4410e193,3617d98befad9bec1ab6bd516b4da22230d531d42d490a352a98b077cf5fa798,21a8df18ef7764f0cf543a7fb1b3b3d01c76b50c42cdd64c85afece588f8175b,HMAC-SHA256-DEMO,AUDIT-2026-05-STEP3
392,1c01e335722a88f6015627b7,2026-05-28T08:40:00Z,REQ-000392,ccfa52e7df949ec76b129260,STATE_01_DIST_01_PS_02,5c4dcd6cb3328632f88609d4,escalate,ESCALATE_PRIVACY_SENSITIVE_RECORD,P-2026-05-STEP2-ORACLE,fb5d7f127c5b4c362af18e8baddf6254b08421904345c2e80fe9d40b4634639c,02d2046c393ebba769e12dee2ffce759dc61a33593004e46bdefb33bccd394c6,00da38bb9fc2947d8ec52dea285f3d7e57d2369e1ca552e1205de2dd015a9b88,5803af641e056c86fbef1b924fc410f96f3c5df979f1cfbaf941424fb317117d,dfddd9b9bf65d36095775c09d263994205f48a1bb9528c64263c690d8f0c20d2,3617d98befad9bec1ab6bd516b4da22230d531d42d490a352a98b077cf5fa798,f3658ccc78962080f1d9a7285c234a4a9cd92fc515af481096667e218c34c048,60d90ff1c285ca0806859e447458149522d013efd2fe94eadb95d1ba262fc2e0,HMAC-SHA256-DEMO,AUDIT-2026-05-STEP3
393,99cb260f82a1cac145abfb51,2026-05-30T00:03:00Z,REQ-000393,cad50d4d8a49a83faad951a4,STATE_02_DIST_01_PS_01,82c782797dfec3a3d7607e70,deny,DENY_STALE_CASE_ASSIGNMENT,P-2026-05-STEP2-ORACLE,af02bbbcb6a48d56d2e1c31021699554024ffc07b4ea57a16a31c925633b9735,b31153fb9b9bef5ca3d4bf772c8140d8c2f1e0bbae88704a95277af35b7b61ec,190b764cf7272d68c50df81f98d590feb3436592a28188d88c80f588857c536e,d7fc7c8b800c2e77fff19c7844be427d03cbdec183c42c1ff362c36c72771a63,35e247d0d1c5dce62d49f58ca77b8dd6085507ac8b33671ae2a1dba9bacff231,f3658ccc78962080f1d9a7285c234a4a9cd92fc515af481096667e218c34c048,f9314116d0f5e4a0870f1c2f61b4064f2f39cdd94772ccd104c633973c7279f0,98ee0eca7f9026c5ac503e5f3bbaefdddab879a888c3166b122adec79eb66f5d,HMAC-SHA256-DEMO,AUDIT-2026-05-STEP3
394,1335331547f0f2ba686449af,2026-05-30T06:48:00Z,REQ-000394,5f299dc3f248e4c74232aab4,STATE_03_DIST_03_PS_03,d6154df7eb0a7850d878cc7e,deny,DENY_SEALED_RECORD_WITHOUT_COURT_CONTEXT,P-2026-05-STEP2-ORACLE,e7e160fbea0d8f2b637ff1cec13de6f74118a790e3110209652c76452d25ec76,bad8d97eb654ce60cf3bf815694ed5d93c5ecbee06b0a38e7c7c6a6b93cb50d6,fa866249cbee7b383fb9c86dae70af5df6b842066aa72a638daefa15b65aa2a9,1519ad12774b5a8a9332e8283f5d53a2da9a84dc5e9457df47a8c1016c555196,853551da0eb5887486ca39222e252fde89897bd0dd43b30f1695e2ec493fdcd8,f9314116d0f5e4a0870f1c2f61b4064f2f39cdd94772ccd104c633973c7279f0,4ccd0af168e5adcdb8b1303d96f178760d052838009360cb0f0c2c3e082f648c,80b549bbe0cb1b487caec1a8370286a3bc27bea56d13a121155dfb6a3782b746,HMAC-SHA256-DEMO,AUDIT-2026-05-STEP3
395,0bfd4417c05377749e7a466c,2026-05-30T07:00:00Z,REQ-000395,9764196f496c1b6c2299d105,STATE_02_DIST_04_PS_02,6aabf48095821f12d5d59868,deny,DENY_TRAINING_PURPOSE_FOR_SENSITIVE_RECORD,P-2026-05-STEP2-ORACLE,0bd4d65fef092ceff2ed2c58ee6aaff39735d270b6838d8fb9aae02da60baecb,acfa090240f3b72a0587c05593c630452fed48468637d8b46c797086690d9e8e,09b627dd51dd2f9a23292d54c76df35e5cdd2733cfafbfe3cf9012161d6896b0,7dc122ee32d102360f8a202021b99ea51db81d9b6fce078068d0d51156bbc072,9002853d840c78cc68b9996cb8f222a9a5a7a2a10465a7338b92fbf9e24a70c2,4ccd0af168e5adcdb8b1303d96f178760d052838009360cb0f0c2c3e082f648c,2f594d7a74adcf868e3b34f127f6750f02c29c6d518d66a3d66a9205d41fbd5e,ea5522fbbc45aba121fd6a9caa3412f7b8f447b6f1208905911e6d0358d59df0,HMAC-SHA256-DEMO,AUDIT-2026-05-STEP3
396,c33cc375237959b8015bc9f3,2026-05-30T20:24:00Z,REQ-000396,b1ddf55c2af537d97ad1287a,STATE_03_DIST_04_PS_03,6d530f6e96b5b93268a775f8,allow,ALLOW_ROUTINE_CONTEXTUAL_ACCESS,P-2026-05-STEP2-ORACLE,3523017d1643fa2653d11b0279f87023cb95eccc48d0996f64b424319dddbdef,8b7ed97d23254e9a54d82b2420e87f4afbecb1772d67ce1d09ce9ff06ecd1cda,192cfa8eaab0b27860c4011cce27924d648825ed9c8ee17503b65a2bd9762b81,caa337c00ef8367dced36fa25022c102f285317e255051aed666e3d9f2da714e,a4413064dad42a95cd66eb3066a0aec1ca943ca9555220d8cca57e30610015c2,2f594d7a74adcf868e3b34f127f6750f02c29c6d518d66a3d66a9205d41fbd5e,9dcfc64774dcd952e0f6a0e5363a6cc29405581ab977fb474452adbc6cc6dbf0,1ff9bb89043ecfbb6c5227fb7a470b5e3b3a4cc064648369ab6520fe23a8eaff,HMAC-SHA256-DEMO,AUDIT-2026-05-STEP3
397,0cd0dac0b2219368832cd324,2026-05-31T16:29:00Z,REQ-000397,1f0d6f8c17d7221984909f27,STATE_02_DIST_04_PS_03,de8ed503b092aff04a4f6676,deny,DENY_SEALED_RECORD_WITHOUT_COURT_CONTEXT,P-2026-05-STEP2-ORACLE,1e1987ab186ea2f149c09562aa3d9b302e9d28064b6ee5d9c3fdbd1d6dd7195b,3e6443c9f794d8dd4168eabf88477e159fd096e5c6adbd2a265ffec8a6c4cc4c,7bfbb6b7af753b9db5c53fdacf807b79245913c12f2a6e9d6d706e0785855b7d,ddec20f4ae0b7d7845665222adc7fecf47c4906e622bb8acf80fb8d4df748fda,a2c44117ececef3066325744d478239292152ceb7bd5ba2d37ceb62d229ff92f,9dcfc64774dcd952e0f6a0e5363a6cc29405581ab977fb474452adbc6cc6dbf0,032cef5e4519455fa2bec111a3ee3466547d899390c715b01b2a4028d1b24d98,919817ab859531f48b69b919285fea2a125d210acd1a25664d94b5711e79b770,HMAC-SHA256-DEMO,AUDIT-2026-05-STEP3
398,313b1e8bb5738f392b66d346,2026-05-31T10:08:00Z,REQ-000398,9764196f496c1b6c2299d105,STATE_02_DIST_04_PS_02,1ae63c6c5896953b40aa34aa,escalate,ESCALATE_CROSS_JURISDICTION_SENSITIVE_RECORD,P-2026-05-STEP2-ORACLE,17d8b0da1dd55a680c25d0b322e865e499c987bfa4112aa3ffa60bf97981e22b,d467c7138e4dc95bf3acfd8c98830fdd97db8c3d3d2f460311fba89b5d1b9099,19f43398915ff4db5a9252b3dfd2159a327c0665cf8e4dc1c9a0f21f179c1f09,7d5ce913c4e2d84d94f1b770a738869c1604b03c931b8b7953d5119d9bc369fa,ca9fddca7b9759f5df7327251d964bb06c7965427d2662fffb07195e25bc0583,032cef5e4519455fa2bec111a3ee3466547d899390c715b01b2a4028d1b24d98,578cc4e6e364bbb123e7f0dd5997e0d66fc9d09230d4bd18edd0cdea160126a0,29c6a74f5f736e41325fc35a41af91076c86019260d8e53e3a85e618407d0a89,HMAC-SHA256-DEMO,AUDIT-2026-05-STEP3
399,9d47f11816ee1ec7e09f51c3,2026-05-30T07:48:00Z,REQ-000399,0c912fab59a9f46b26c259dd,STATE_02_DIST_01_PS_02,198325ea87b957803b3bf480,escalate,ESCALATE_EMERGENCY_REVIEW_REQUIRED,P-2026-05-STEP2-ORACLE,da382f0199a539715da2acb2f507fa5094c756701522d620e63ef2cdbfff8d48,0e38f2e05ff675af64ba2c2999cde23fc18de86736224b484e59289c71ae5bff,a2a7359f92695590968b21d31eae610171b740885d437e8f2e2262a6dc73fefa,4ef3c1f97ebed01591ca4b716d2ca70a48658b3214fd1cf886b29e09705b0964,2f84fc12ce2451e70fb63509003b57e567e93695de00371d3081dbedb2ad2347,578cc4e6e364bbb123e7f0dd5997e0d66fc9d09230d4bd18edd0cdea160126a0,da84c7f2522df7d549cc139dc524af84bc1066f8e1f93a29257bc593481dce1f,6a648da5beb343a284fbb1e0e8f8684537a4f2f8b4d9eefdb25347f97afdf625,HMAC-SHA256-DEMO,AUDIT-2026-05-STEP3
400,c5f0798ba450e18da77b23d3,2026-05-27T13:20:00Z,REQ-000400,63cd4d5013242ca51327d961,STATE_02_DIST_01_PS_01,ee2e764d1a9ea993ed80e6a3,deny,DENY_STALE_CASE_ASSIGNMENT,P-2026-05-STEP2-ORACLE,57759fc120fe713b41b2a19f5e44ff12be8a1e8d8ac7b2dc5d7ddf97513a1400,bbe741e6b448e84734f5b69fbb8b8aaf2c44af4b03d64946c0728ede23e47c30,c805da80f8fa9f7886dbb8410e11aa6865e8ac999662117b7db8054e608c837c,ccee496eac3fe1a216f52e2ad024cc207867d58bf03246419e8d9b0db9b5fa47,a41c0c45b505e158937111c606f2b9a4ea1e2bd0e71f39cd2fc1d2a724921aae,da84c7f2522df7d549cc139dc524af84bc1066f8e1f93a29257bc593481dce1f,b55fd65efbc8eb8d5bff6bfcd4344977237639158ffec4c9c8559324fd639530,6e6e3eb13e0bee50ababc1b2fd459b7935aef548fefc378e0e5a9f9412d5948b,HMAC-SHA256-DEMO,AUDIT-2026-05-STEP3
401,3602931293c8610407e67c0a,2026-05-29T05:28:00Z,REQ-000401,721eda836388e57ee154e383,STATE_01_DIST_04_PS_02,a50f154cd90fb54e0509c371,allow,ALLOW_ROUTINE_CONTEXTUAL_ACCESS,P-2026-05-STEP2-ORACLE,88c165b496a6f86d2490e8c34752d48f1c8a806349dcfc575dad3f841ba09878,d2a1403157258f188af9dfff242b5b83cfd65ad96d1ab919d5eb999e7e09309b,e9384ab692142c96b55ccc1e651643581afe14938657f00fe5a66aba50f96f44,e5e1becf6cca1ccd84da64e41e13dff76abbd64b63b438189110157ddf7be450,7d136535fe8df0d5847bbe3e20c72ead03301f2f1632c319551d7cfff9f08854,b55fd65efbc8eb8d5bff6bfcd4344977237639158ffec4c9c8559324fd639530,4c706fabf8cd75e83c0dda3611a8d8a9a68c20df905787093a90ca7f9bb39b8e,89400fc1b39e55c30d362e7ab54f793862c8dd761556bdd75069ee8917188aa5,HMAC-SHA256-DEMO,AUDIT-2026-05-STEP3
402,fc037678d82c82f71fc0c385,2026-05-27T20:06:00Z,REQ-000402,59295c95c257a05519b6f91d,STATE_01_DIST_01_PS_02,280d55b817622116beaedf87,escalate,ESCALATE_PRIVACY_SENSITIVE_RECORD,P-2026-05-STEP2-ORACLE,b93112751eefb8be8e7ef9551dbd5200fb883ee1ae17e6a0c18f6466e329a39e,fb63f597baf1cf43d2b84b83860cf259f639fedeca882dbb439e41f269003a4f,26a0d9eefe9b69a0f6c094c4bdd672d7c61089fb935f8001f46749d71fae2df3,03d0b981199b77882713627f511ce3bb45f315fa1cc0297ce24fdd6bf6e771f3,04a95f37ae539798d4a6bdfecbc3d54cbef1564e4dd29862041589649129816f,4c706fabf8cd75e83c0dda3611a8d8a9a68c20df905787093a90ca7f9bb39b8e,62b8a819f8ab1e4a19f36fbb23d5c027b8680030c772d2350cc741f3215e3f57,e109375bb4e5a863778e4685010316f97623f6c4bdc18f92cf345aee7def0357,HMAC-SHA256-DEMO,AUDIT-2026-05-STEP3
403,0bb07f73a0ba1989a0e11da8,2026-05-29T12:27:00Z,REQ-000403,4857d6398585bfa5b41baddd,STATE_02_DIST_02_PS_03,865e1a4e9bd8f6f99acdf7fe,deny,DENY_SEALED_RECORD_WITHOUT_COURT_CONTEXT,P-2026-05-STEP2-ORACLE,45d4f92d9cb13b42510eb6aa5d4e2e0f4bef2de52f03b01763d680f491078a2f,a028f67924f42a44da0d54446f81c109070c36e4b097b257220212962e47470e,2f8de0f504a69787abb5b806e2953e073dbc5bde13d6f67e9277c7da86de8dca,0874a01b48e6082b56dee75aec81bc6c08fc038d04f7f4807e071fedef910e1f,0fb50da7c82effd8f3606ba34e22b9ede9337a9cfef2bde91472d5987fe456ff,62b8a819f8ab1e4a19f36fbb23d5c027b8680030c772d2350cc741f3215e3f57,da508be7b27db59f32fcaa0de3ae0a2abfe0994ee04b4a387503df9dac5a32fa,ea94fbc3c548410a509597cc9ab1bc34afeec04c45bf06f24552d87d33c247fc,HMAC-SHA256-DEMO,AUDIT-2026-05-STEP3
404,73c98a994f9a357c3decceb7,2026-05-27T13:28:00Z,REQ-000404,614c14e8c660d73ace97d265,STATE_02_DIST_01_PS_01,55503cf4baba214afaaf17a5,escalate,ESCALATE_CROSS_JURISDICTION_SENSITIVE_RECORD,P-2026-05-STEP2-ORACLE,e2a0d5fcf216e5a43aa70ef095790d63348a99f6fc3f5ede50e72ecd2daf7516,829279e8a8fca5667ad69d49ee94f87d0ee47ffba8948daefec540251005a8f9,f46ac3845f1005ea4cc038d471734852bbf5bfc8aa841425659b75e29ad2e99c,c9021741c05b6ebe92e626b531393081bef8c058a36b773632af3e26f4e710d7,57ee19232324cad283d50dac357e30e6ff7b1be5ab74dacafb0fd042da83f43d,da508be7b27db59f32fcaa0de3ae0a2abfe0994ee04b4a387503df9dac5a32fa,9a3226be523a9ea009c20845df5f85ebbd2f7e39c5ba7c110d9eb934d9ba8f22,75138e9206e6e2b3ee401331f44d9365b1219ef824383f94edfe18e7f50ac924,HMAC-SHA256-DEMO,AUDIT-2026-05-STEP3
405,8aa06f2f5261a4e1ab550616,2026-05-28T09:45:00Z,REQ-000405,05c3cda35f4947118d9b39ea,STATE_03_DIST_03_PS_03,eb98737f534a00bfebfcce9c,deny,DENY_STALE_CASE_ASSIGNMENT,P-2026-05-STEP2-ORACLE,141470cc8c781cd81122ae59f37662d4585e76337d1b34173722183f633168cf,0179498570f78fdbb0ae21a224a675e6a417e16c289e7456661b44d5dcbd85ab,557d61281823fecaf9a2d5cd5a5cf787678b46960e440590b78a77b09607ae02,5f070b5b0bf0c44d047c964483eed6e28f97d5d54db99a1d79698ff67200e449,e051a72741e275bac6abaf6b85d1936ba6c742a7788e64567ecc3b42741cd716,9a3226be523a9ea009c20845df5f85ebbd2f7e39c5ba7c110d9eb934d9ba8f22,7908bcb6dd592a4313bf9ec48c46dd1a2488ae570032ee48613755751f56bbd4,49b7bc54f64ea650e9b3df5442275ac2a80119c5dfaf51fb4238d7536eb58441,HMAC-SHA256-DEMO,AUDIT-2026-05-STEP3
406,4deefbb9dcab13b0fddaefd4,2026-05-30T09:12:00Z,REQ-000406,871e4c8cc36e0fafb27ef560,STATE_01_DIST_01_PS_03,6eb3070cc91b9cf830a1ecb0,escalate,ESCALATE_PRIVACY_SENSITIVE_RECORD,P-2026-05-STEP2-ORACLE,395af9b5404d0e09e9614a773e0c6cbeb5ad499bb69763fdda51e120d4e934ef,ce7236ecae637065898e038b121b9480dba8336c101d03a00283b74d4670a33b,c49882a89e9686699fde812fd181d233910b68b4989add081959b766e3fa54f7,ea3d81366a6db03c59ff9b7260ae5360619fcaf74327688b4c18345ade0f5ea3,ccc9a5479bc64dfac842cc984e738382c1fb2430fb6a37c6a013f809f18d1dc4,7908bcb6dd592a4313bf9ec48c46dd1a2488ae570032ee48613755751f56bbd4,0aa21e7caf79bb7c404d423f162c2e07ca2b331ae20c2c6a57901d27263e2c2c,0a86dd2a9fdfff616a671c709df6674a89abaf3fce2f2519502b8897e26bf17a,HMAC-SHA256-DEMO,AUDIT-2026-05-STEP3
407,f6318a7b839444a6a424dd76,2026-05-30T22:58:00Z,REQ-000407,6d335433b612a148a4921389,STATE_02_DIST_01_PS_01,215ab041d7ba027eff82f6d6,deny,DENY_INACTIVE_CREDENTIAL,P-2026-05-STEP2-ORACLE,81ee8de5256a5dec613570776e0c6d638af88a857ab2fc2019842c54e1008906,cb92149dce7a9d34a11380767b4df2f5f9fed1f93d6778997fcdc87fb33993f4,6c21e4dafae4f5d0bbca5a8615bb0f61a509134a9b0ae0b9bbd4246537a87685,f76d7aa8583482857a7324046c5b584f6ca6c0b577a01fec5caa4e364ff0c277,ee62d29c8cc8bc6317dfa6482f3b7878c7d20a345ccb81575d7601db7940ad2d,0aa21e7caf79bb7c404d423f162c2e07ca2b331ae20c2c6a57901d27263e2c2c,5bc0c26ad6ce4bd739b3c8013be9525433a51c15e7ff57d82011db79cdc7b14f,646b395563824b8f4c9e52f2fa14b3eee0ff8843f2ae108c181790782b84f9a6,HMAC-SHA256-DEMO,AUDIT-2026-05-STEP3
408,4b97e5a66fdcff891b1620e9,2026-05-29T13:12:00Z,REQ-000408,1744a4b8e7d09467e6ea7495,STATE_02_DIST_02_PS_01,280d55b817622116beaedf87,deny,DENY_SENSITIVE_UPDATE_WITH_LOW_RANK,P-2026-05-STEP2-ORACLE,cc3725814ee7650ab642ff7ac0c9af45e7d3c01402a872f75ea62cfde46b819a,d1fbd8a359877734f7d58b0b17a5d53367f1b4dcefe5349db97a2dced0e9835e,20bf54d56ddeccc0f783a769484d731cdd11b5625a6de8004e0002fb085c2a77,131aeae54395d606fecd673496badb8c756e51784319b7edfb2ba99389de474e,9057ae9e76a648b9cab186f30fc51d08168e0ee58d31d55be7c03dca966886c1,5bc0c26ad6ce4bd739b3c8013be9525433a51c15e7ff57d82011db79cdc7b14f,8ad8251c719b2f9201175551e650e9dc61fd1605cbc8d3562e18d938d9e6ce4b,2e5b12fa408fd881d26d3220064aa571cb0985a0a561f78c1e9e8eab6a3baefb,HMAC-SHA256-DEMO,AUDIT-2026-05-STEP3
409,1a5580d7bc8a0730b5a57b88,2026-05-27T20:27:00Z,REQ-000409,cdb37082bd33066e73ce6a23,STATE_02_DIST_02_PS_01,8eb6e43f09093badac30f01a,escalate,ESCALATE_PRIVACY_SENSITIVE_RECORD,P-2026-05-STEP2-ORACLE,0e7c148e32e9038c7c372ce32be512194960516639d2defe97ac536fa2907913,ca532a032b1e438da204e2079b3fc36a4dcd94c7bd58e5f7bec945760d591daf,0cc8b855e175761b3703065cc24a8b6012c222160b1d20d2b82bd0e501cf78ea,825017cf082f0359f50459e2d5845cbc3aaf68f504832c19637b7b6063345841,d53271e5aaebaa4f43daa2fbf7d744fd7a01b3860500acf5ff9bb213dcb70d45,8ad8251c719b2f9201175551e650e9dc61fd1605cbc8d3562e18d938d9e6ce4b,20dc66686242094cf3d92df45fd1d4f2225ddf3c9b2ed8854ca0e67aeb4887d1,af539e2f4b5f0ad066d5526e936718b062c9b9ecff50da7fcad173548bc7bfbd,HMAC-SHA256-DEMO,AUDIT-2026-05-STEP3
410,12a0b6c3aa86ffee87966b0d,2026-05-29T06:40:00Z,REQ-000410,73b99e563b8590d8f1f3488f,STATE_03_DIST_02_PS_03,081f8b348eb32537b20fc451,allow,ALLOW_ROUTINE_CONTEXTUAL_ACCESS,P-2026-05-STEP2-ORACLE,884c1c86c5edf1ab7c721ac2c37092bb3869ab590e8e84430011de5a588e4761,32b7c71f3c6bf47ce840ca90cee594e618e66135929417eba5ddcc594d72d3ab,1207b620054397102c7794d76a7607eb289f00c6270a9b4f60e1bc7abe646643,ba0e4574380e6260fa6cad68f61071c1cf7818f6c5c6670b8d22b37f90a0fe28,cb1eab3d608495c9eb81772897a66e38d1a9484e5212240cc0e162c609633ddf,20dc66686242094cf3d92df45fd1d4f2225ddf3c9b2ed8854ca0e67aeb4887d1,4e09c42e2b3f407488f14c6ed927cafe8673b9b4709f9071506ff1c7c78b81f2,0803cfa60622d4091aa569ddc984cc76fcec088c5136f7a99417a57b0a9e1cd9,HMAC-SHA256-DEMO,AUDIT-2026-05-STEP3
411,57724c4edc9c28182687a502,2026-05-28T23:57:00Z,REQ-000411,95ff51d542090c1b60accce5,STATE_02_DIST_04_PS_02,19c48d877feab54f0ec30141,deny,DENY_EXPIRED_APPROVAL_TOKEN,P-2026-05-STEP2-ORACLE,f38358bf68118ad3b16bb009278f6ef6595d5ae1ef1377df1cd0d4df56980b2d,529d9279701e7760dae451c5ce00c5268ad68d835278fa09241a711d803c17f0,eca24e87532290e3f054cadfbe3a5e1a59b9eecb744f3af40e52477c0c6fd2b8,daaa031a1197d5b31f2688f7f4125003c80f0e1348dac614abf073107ef976f7,d3e2a6c54cf1b598e807e4d10c4541a2ace1bd3bd1fb3110635b95792cc1f47a,4e09c42e2b3f407488f14c6ed927cafe8673b9b4709f9071506ff1c7c78b81f2,a3b1a4839676787023de65d0c12f430aba8e17b9699d51c8307f3cdae593c840,179e8024c11f88019860ad5f72017bc8c8e7cdc25a9771c44a633422bd9d5bf8,HMAC-SHA256-DEMO,AUDIT-2026-05-STEP3
412,ba24aa007a54b25ab7e0f436,2026-05-30T10:24:00Z,REQ-000412,100ec956e3b5dce60e3db6a6,STATE_01_DIST_01_PS_02,d44d8c2e89a75cde0e441ceb,deny,DENY_INACTIVE_CREDENTIAL,P-2026-05-STEP2-ORACLE,a0d4c44f6e759f982b3fe931584699b95bffd258e18bb62d548d784fbc03f639,09584c17646cc736036aa9c5e0699f099fb257220a5d3066c96423b6f855d7ca,83da3b852cafe0972c139cd73435c6fc15b7ca77d600ef744e6d0911107bd9a4,3ca36959a4aef7f9c4021c34c4a31cca0f261315bfb69089a5ccd4510b72b652,eb8622ed17892240f0177bf2f89551dd626b2506b2e307d1778e096e8975c82c,a3b1a4839676787023de65d0c12f430aba8e17b9699d51c8307f3cdae593c840,7dbbdc32fe736f8606f7ca3574f3ab4a6b0ec376fec740b9f32d5de4328ce63b,8f0a15cbe597dc58090e072f9eef289c97d43d859d2c89999d410b3f110bb2dd,HMAC-SHA256-DEMO,AUDIT-2026-05-STEP3
413,144522a3a5ab8d3f5f76c161,2026-05-31T00:22:00Z,REQ-000413,f7c9b924c136028c31a62c8c,STATE_01_DIST_03_PS_01,3ccd34687090d2923fc32e3b,allow,ALLOW_ROUTINE_CONTEXTUAL_ACCESS,P-2026-05-STEP2-ORACLE,251901736b845a343d008ce4fb8522490153823663208f7cb610cacf246ff51e,a7d2201edec8ec4627680a943013adb0cc20aca3091c135b8d888b3c86eb0f9c,10ac2c35f2d56ed9653c9b04a3bf0ed493b2b2547c559bd9f8467df007aa5155,c3ffea794b9e4c8c7169dc315561059da55307b9f71bf6fffcf397516695801b,1c225dbbe90310e7e644f7324bc0e33608962b82a9c4ce1d66d093b91a4681e8,7dbbdc32fe736f8606f7ca3574f3ab4a6b0ec376fec740b9f32d5de4328ce63b,7add4cb318386739f1db8a902774590fd46d597ec4c4b1f44e98a0cadf283ae1,f791f8d23d704e25352d34a27963a12123ee0f124902f0391f9c8b8ad4f88998,HMAC-SHA256-DEMO,AUDIT-2026-05-STEP3
414,dcb980fabea45541fdaa7c43,2026-05-31T21:18:00Z,REQ-000414,63cd4d5013242ca51327d961,STATE_02_DIST_01_PS_01,d95f9c5d640c8816f3f8bfe6,escalate,ESCALATE_SEALED_RECORD_REVIEW_REQUIRED,P-2026-05-STEP2-ORACLE,8c03aadcd51de4feb47df0f865047a6c822d487cb4dc3d1f4233b3ebd6c21eaf,d298abae74c7f8cb3d7b5c7b60683d5a27db372fbf0524062ba82b6f2640a255,1da4dcaf0a2ed8f1e286d151992aadd06532a7343a16e3cbef03ec489a7df675,a5057c73a3b6be3fe446635890894c96973fed578ece9eded8ec075c1810d090,0a4e5263ab86e8700a7154d52ad721435f1781e3ae5fe1e8d83c448625a7d14f,7add4cb318386739f1db8a902774590fd46d597ec4c4b1f44e98a0cadf283ae1,728192ab6fb49e8023cf0592738726fbe2b73ee7310c8787964b320c0eded8f0,6bd4d14673ab3bee2f430b23618fa7cb38b5fc08ecb0f28539a8fa2d3ef9e0fa,HMAC-SHA256-DEMO,AUDIT-2026-05-STEP3
415,5c56f0af2b348040c170b768,2026-05-29T21:10:00Z,REQ-000415,c3da23329ac65eb7b3af694c,STATE_03_DIST_02_PS_01,ee55c8a6a4e3f5ecb860e4be,deny,DENY_STALE_CASE_ASSIGNMENT,P-2026-05-STEP2-ORACLE,7b5c393470d48eb4b5e24bd7a328ba5856ff807246e9e3bbca478f5a300cf8b2,95a7602baa468256237974a6e1f3007b093368f4b34591c8bfe86e4b19718376,d04bf2ed0343de0e85e486239e1948afd6b817e3dd2a7568d2b2c64068d814d3,bc5746e66a95e18e4ecfad0201a8124dff9d76b582686e7125cd991966f086db,4ffdb7ed34a2a10c2c7d80a0b24acda101d0976423c119656575527fe97472c6,728192ab6fb49e8023cf0592738726fbe2b73ee7310c8787964b320c0eded8f0,da71974f92c87cca97fc386190f9ea452d7668e5e185b20b8a69797fee88894a,208cc97e38f319319f34928134fad8f8e1b18e43704ec7268d9a33c86cde2dff,HMAC-SHA256-DEMO,AUDIT-2026-05-STEP3
416,a411391c282f51e9ac9533ae,2026-05-28T17:36:00Z,REQ-000416,f733b89b991cd7dc6791cabb,STATE_03_DIST_02_PS_01,1922b95ccc37339a4045c508,allow,ALLOW_ROUTINE_CONTEXTUAL_ACCESS,P-2026-05-STEP2-ORACLE,b14dc1b54b995c158419cbcf17becaf4f59cad6fbad0e5ec5e268f8b8537ae25,4b5208a4fa90c5b77de8c06b09fc0fc1d9e6a9ccaa89d33bc15602868e8b2c32,b28ddb55d9528fcf00df7309fdc06d8d2844367dc047822f4ace3b0e7716bc3b,205bb14948e7e2fe88eaf2338fc2a819a1b1074d29dd9dd4f39640c4623b5880,d4e3982114253254c54432a214b0a9962329216e8792807c17800c7bb972c84d,da71974f92c87cca97fc386190f9ea452d7668e5e185b20b8a69797fee88894a,1598391a3447e5a99c2f42751b1fdc5ec4ffc3512919d089dfa9d7c1b2f2599a,0e43f66979903900047ad2b0653183236e8d56d65212549e73b166a7346eeb11,HMAC-SHA256-DEMO,AUDIT-2026-05-STEP3
417,9017e756da6319a4375000a3,2026-05-30T04:27:00Z,REQ-000417,b0f05da9786602e3afcbd606,STATE_01_DIST_03_PS_02,e2ff4d5969aefec4bef47d9d,escalate,ESCALATE_SEALED_RECORD_REVIEW_REQUIRED,P-2026-05-STEP2-ORACLE,7ada1e2733eb2b20e8e310724450c10dfd89fbf6efe91c814e68b55da2643247,36a30e11014bd212237c2cd622749afbe25ad22ce982bdee0b7a1a3fc5e67f63,fb8424162b81d381acfe3ee16a49375972dd4a506343144f7d4c2c5882d928a1,6db6d7cfd03a82ac19e9f2a49fa7508fa67ed410b0e8efa1b41efa839bf048cd,eecbe4ef90218be2a19082ad1aa8ff2e2e916f5e53a11e180df2c73ad9074ac0,1598391a3447e5a99c2f42751b1fdc5ec4ffc3512919d089dfa9d7c1b2f2599a,c76e13e7ba1eb648252385de0845887270df7c5663f09429585b2858f4647113,623832eb7e2bccd65afbc352b1a75264ca88d863048acb41141664c52ddb17f0,HMAC-SHA256-DEMO,AUDIT-2026-05-STEP3
418,c9c5ca179b0ca0d5367ba0ce,2026-05-31T01:32:00Z,REQ-000418,4b271c3dc209eac61d05dd4f,STATE_01_DIST_01_PS_01,7b9873ced5a31509c43025a2,escalate,ESCALATE_PRIVACY_SENSITIVE_RECORD,P-2026-05-STEP2-ORACLE,6c9bbead914bdf34b7b05c9159d02c98a3e33a0d800bbcbe9acac7f214d6bb1e,7c8063ccc21222f03c717be3df85137987b3ae788b6e17cf1c1264b92c0500f5,473045588d628a49a0acfc6ef475f44d00372956b2e2904e3df80aa6bd63f346,38758c5b7d335cfd9bc7f0775ae2f0c458f518f88113a5094b11ebf75a789ae8,37a73c5081948c5902dca2fe62579f09b8dd1bb5c1ffbe0aa023170495e6151f,c76e13e7ba1eb648252385de0845887270df7c5663f09429585b2858f4647113,6f6146bc1114f67caddd14c6226e07c7b7f856c1b39285d3842a2342ecf7e5fd,4402bffbdb3d7cb0ac211ae6a8a7ab5320dab8e2849419f1d0329ca2c8bfbfd7,HMAC-SHA256-DEMO,AUDIT-2026-05-STEP3
419,4f51b15b89fd0fb05137cdcd,2026-05-31T22:43:00Z,REQ-000419,5f5d03cad2864eb9986177dd,STATE_03_DIST_02_PS_02,d9b95c7545a328e01eab7773,escalate,ESCALATE_EMERGENCY_REVIEW_REQUIRED,P-2026-05-STEP2-ORACLE,ab822225dec7515764b5d90facf2798b45a231a0a1c52fdc32c578416ac6138a,da2e6090660aed1c66e63aef81b6585b435225dcec6d8efac2e83c44ca275e56,eadec5c44a92819e0f1f42615a24d2912dcd02076a01c66b65386e426de0748e,860e04a154fd7d3a76c18afb171fcc5a5473a55e9964590b539599c8506f6024,69e8bff14843ef76303ef6c16c0480b7307b4f81965c731ed5cc8f62e8b0c701,6f6146bc1114f67caddd14c6226e07c7b7f856c1b39285d3842a2342ecf7e5fd,54eb415b6f5b5302d890ce0a03616fd68197f7001831699c9e01695a09f95568,6072ab82bc1fa738c9e5643765fd0d5f8d2c4471fb4eaceb2c7d4b8712185c1e,HMAC-SHA256-DEMO,AUDIT-2026-05-STEP3
420,d8b7347ab1b4f78283818e67,2026-05-29T22:00:00Z,REQ-000420,0de9124a7d38c17a328e4497,STATE_02_DIST_02_PS_03,9a9c0722091c1601b3f73b45,deny,DENY_STALE_CASE_ASSIGNMENT,P-2026-05-STEP2-ORACLE,d44d649c82064f083c335f8f20c2cb1ceadb073db592c89aa78d675d310a45e2,0dd799aaee20193eb8d80fb4aafbdfd25eec9eb1b8c4b2f6d1c602bb20c49235,ce44c7ca0421f0419f7556d2888278189890566945bb30330aa82a407f954b09,2f6d7af063d66380fd05e32c83df929b1237fcfda50c9e02698a92eac868a7b2,5697cc60e80a86701b9698658d49dafe8462c88b851352019b77b32b09128805,54eb415b6f5b5302d890ce0a03616fd68197f7001831699c9e01695a09f95568,850c09dbe4872c09e874dc03f307f5aa40f2bff5efd4c5e64cf17640377edbba,633d8cee25482b4fda96911d10e7d8b4f53123276993af79970c1603fc07c0bc,HMAC-SHA256-DEMO,AUDIT-2026-05-STEP3
421,04b916748155afe33870b6eb,2026-05-31T16:16:00Z,REQ-000421,426f43bdc9c73b5f3d8480a4,STATE_01_DIST_01_PS_02,b6bb8ed01f34c52b36d9c919,deny,DENY_APPROVAL_ACTION_WITHOUT_SUPERVISOR_RANK,P-2026-05-STEP2-ORACLE,d43b31ef4f2adf25e58d7def429cbafafa415cb621cdc29dd560de4797ba4804,5de56efdf93cf79b999f42804429674ecb36c431a2a5b6307166ad54a8a65d57,a17806e6a1b853477103d7cad13c3863e3da2e230b538c51e432dd661e3d3960,7f0ded2d0e235050927b71777d0fa722dc8ff36ec0528b9949625b89341b8d57,3e1464fe6f8d7cb476ef45658b4d85510057f4ac31e9b54942329f9bb00bd0ba,850c09dbe4872c09e874dc03f307f5aa40f2bff5efd4c5e64cf17640377edbba,ce1f8d0892e9147b1d27a4d5721d26b8d42956fa6c2aa45a9a0645f6104fc8af,682f9b985005682e7d733d50284fe53dcca0ceea80107f2c6b4f762f5f8c6bef,HMAC-SHA256-DEMO,AUDIT-2026-05-STEP3
422,538d04aa17906cff53a88bb6,2026-05-31T16:32:00Z,REQ-000422,fe341f3994ddbba307367393,STATE_01_DIST_01_PS_02,a01b4fff545a372b8d651084,escalate,ESCALATE_EMERGENCY_REVIEW_REQUIRED,P-2026-05-STEP2-ORACLE,900d62b0ac7e24db2e3b059939e94b0310a25d80b96967fdb0d5481ec6907d31,74b1d75b3c5ddfb3284a41eeb81609ed4b46ccea8709e13f209205e52725c5e0,d18baa6e07712b6b3dc15b90233c4345864650097bf0ead6da019157fdd7a383,5efd43f4566bb57bc9e6aeac193d966708717ddce8f09d0e8946101b17fcf091,6b8f09174f2c8fa4efc477a8d925b94229b6e6eb1e42bd3ed2e551b1f01f1184,ce1f8d0892e9147b1d27a4d5721d26b8d42956fa6c2aa45a9a0645f6104fc8af,66a9b64bfc8126f7fc531ac0847b36401dcc156289f88cb8674287b1aafc32b5,0513ade8e1ed0195b765497feffaf9f96ecc695d0890f89944620335405d6e39,HMAC-SHA256-DEMO,AUDIT-2026-05-STEP3
423,4411e24170374939654d3b65,2026-05-29T01:21:00Z,REQ-000423,4f04697319f636cd795e5d1b,STATE_03_DIST_04_PS_03,b18bf580b9222d64b5f00c0a,escalate,ESCALATE_SEALED_RECORD_REVIEW_REQUIRED,P-2026-05-STEP2-ORACLE,89418ddec8ea5abfe744cb349980990095cb6d080373126fb055bbbce071a99c,9a46000bb03a97be391b7b0e4acc32bdf92da4c7f63091393f8e71f76f4ff45d,2cb103829a31b82db72b75e2b36cf74cba22e9377ba637a47d614f0b1d8e6491,a92db7b9f0cb0c1d26187ee719cfad3cda3e5716d6b261281e744ce4d4017fae,66895b9b9b47e0b5c240b2d68aba103c3dc1421c991d11c188fd8140ca2c5fae,66a9b64bfc8126f7fc531ac0847b36401dcc156289f88cb8674287b1aafc32b5,de512517aab397a926e7387143e7a2f640c2447e2c73e7f0befcf90fa390d4f2,bd848a0001de381bad80f3b62758d88a3013f5aea0134ca429341055356affef,HMAC-SHA256-DEMO,AUDIT-2026-05-STEP3
424,cb87a5cdba63fb5bd13a1f52,2026-05-27T21:12:00Z,REQ-000424,6d335433b612a148a4921389,STATE_02_DIST_01_PS_01,cd66005fffbf2859a1f3a83c,deny,DENY_INACTIVE_CREDENTIAL,P-2026-05-STEP2-ORACLE,5b10e67301983fd81c45c89bf5197c1b5e4fc929a035bc9e34f29fb6805ce755,30363291e78df77fd6e629de503bc46ec02a8aa921ba0eae120e5473209506c8,28fec956c38f4845cae254a47e791b8f34ccd5f65c9587d61c3913b4b8b8b518,a6bf95423f062ea406f2ae1bf09db8de7b10493705d8812a9a1723ec7eb7ef52,4aca3cc8e8f5f7d247d07d4954c35a10e78022c8f6adb790b649f334e1628fb6,de512517aab397a926e7387143e7a2f640c2447e2c73e7f0befcf90fa390d4f2,46aba6e8cca1329788055c63d215b66622cdd0644ce83dd858ab71c7e4240e3c,0e4591d4361aaf87d96a94ff4eb709f498407b3c94899f85f852a33490305410,HMAC-SHA256-DEMO,AUDIT-2026-05-STEP3
425,af19571eae1dca7fd65e3c4f,2026-05-29T15:45:00Z,REQ-000425,3d428018fa91d9e32fcf8296,STATE_03_DIST_02_PS_02,7d6f478ee9bc86b7332e87fc,deny,DENY_SEALED_RECORD_WITHOUT_COURT_CONTEXT,P-2026-05-STEP2-ORACLE,bc8461be4b6d6713ceefbb08f911677fe744faf5f4585529f64a0d9c61a4cc2d,01899620a20ac544f0082b53f2304dc04398e919c51ffb46c4d6f5ad9445b0d0,79d69ad49776966dbc601a13768f4bff3cc2bdbbb8c3cd67e5fdede456570d61,ee492c760a7fa9d0a57d6bf026ec259b037f11bc963a6ca8e9681da24af8e341,abda19d2adc15fd8e0bdcb7265d1c3863e75a9d6dc74ebd99902d047ab637b5a,46aba6e8cca1329788055c63d215b66622cdd0644ce83dd858ab71c7e4240e3c,29f2cab5bf8c80d26aa29eaaa1c9c4747b1ad2a38eeb04550dca4c2ca60c362a,ffae2de3e2b12458fbd95af3a6ac750d0775ffbfa0eab8455da676660a8f1359,HMAC-SHA256-DEMO,AUDIT-2026-05-STEP3
426,b4f0a0641ef0e4c29b46f26e,2026-05-30T06:06:00Z,REQ-000426,47e9daa6a9eddbbbae1d0bd7,STATE_01_DIST_02_PS_03,9ba3222b46677adfe4b27463,escalate,ESCALATE_SEALED_RECORD_REVIEW_REQUIRED,P-2026-05-STEP2-ORACLE,5416e99a16658154fe761ed610d84209ced491a6b6030f25f16cc4d4e0b0eb61,e78fe61df3ca6a462fa7ee7a7837e395d7bb0a4903bb2b6582493ba198fc0db1,2dacccf52a2203a5652785a0db95a12ed7a8ec214dfe416695457e1ef77409d3,05d88c6d5d5c45bd80d7d50046b7297260f6f6054dd1af4c74f640db72fa9348,3aec38acb2ef4b0805f275cd8baad90ea3d3a535f78cb484dcad306378814e2e,29f2cab5bf8c80d26aa29eaaa1c9c4747b1ad2a38eeb04550dca4c2ca60c362a,fbcf9cf4c141de7a353c344c6951f1b52099be89346aed31a686c507e51215d2,62b027ddb8e591f3d245627c02eeb68d317358737b59edc3462db6b58071cfdd,HMAC-SHA256-DEMO,AUDIT-2026-05-STEP3
427,c3f31b28e2fc6e53d0c341a7,2026-05-30T06:17:00Z,REQ-000427,07e08d113775d9e409a3ca05,STATE_01_DIST_03_PS_03,fc498ccdbed501011d0e55db,deny,DENY_INACTIVE_CREDENTIAL,P-2026-05-STEP2-ORACLE,efe5f29663a85dfec9bc3cce39a732494a8d96a1246c6aaeb26cc3042747cfdd,95c6d8387aeb0dd9e00264ad794d089cc9e8f594cb636457123a4d5a962ec024,b9592603d8bbb4238fece8226cdfa47084c0b0f1b7a2557abbb19fe701ef641b,3c7eff3b6be51c482a7645d2405baa83a55d90f44fdb113f91276d97496cb014,0e2087b43819078d3c79f5c16edf964b65c1364fe0dc231e1bb6ff3f46a0efbe,fbcf9cf4c141de7a353c344c6951f1b52099be89346aed31a686c507e51215d2,f9a11689418b37f59a33e3d063ebf9802390a802c9cdcd8674a0e41f8beb9fad,830ac5e040f627db343cea2a5a73fb960585f9380c924e1ca2c2c9779cafa4dc,HMAC-SHA256-DEMO,AUDIT-2026-05-STEP3
428,9f270c88b8460ce81e04e519,2026-05-31T03:52:00Z,REQ-000428,7c415028a69bb19f488fe7d8,STATE_02_DIST_03_PS_03,7ee8de49d1fbda970c1c712f,escalate,ESCALATE_PRIVACY_SENSITIVE_RECORD,P-2026-05-STEP2-ORACLE,192a256154c65e16cc4ca7a20f75c6a64bd289daad68ea0c5342e697529890f9,e8065e321ae6b44d377e33446bc77f8cd024904baa205bf1db3aef29ffad8e3b,e81912e5dc464bd71b9754aebbb9429d4a41b0c07ff36d5685e8254c582ae8e2,4f35ec76ceb23d49e148a5199ec1553a4c59f49658e433661658cb0740686e74,52f222b096a1fc1176cd9f689aacc4d351b4c5d31cab856baa828bc8d8f5e8b1,f9a11689418b37f59a33e3d063ebf9802390a802c9cdcd8674a0e41f8beb9fad,f18c684e9f09ba6934e8841dac958f3f3ae95e6bbda996beb69953df3c0c4a74,f3ef8355f29c326d049c55927849a84abe38dbeca1bcbba24b0b72892d78566a,HMAC-SHA256-DEMO,AUDIT-2026-05-STEP3
429,b26cc78a1c2089100bd0e3bc,2026-05-31T04:06:00Z,REQ-000429,2be0332c4385b770ea00150b,STATE_02_DIST_01_PS_02,d7a80c935b5e982d9aa6d398,escalate,ESCALATE_SEALED_RECORD_REVIEW_REQUIRED,P-2026-05-STEP2-ORACLE,34976d088ce811cc614a7f993925f5d8c782485a3bb0a3509812c21b2d60e131,edbe0b9e51436b0c20c60d13cf9a723897a393ba4b22ef81ae370fa86b34c4fb,9f3a14bf12dc6b8d2a0ea696c7bc7bda0a9979876346ccca6b4523e6778917f4,37bc73d538c7573e6a7f33db19a64700623fe48603fad0fdefeded47eaf9dbcf,1d9355a43b7fe2001b574f83cdf9423b4bd37bf08004530ffbd97279f6daf175,f18c684e9f09ba6934e8841dac958f3f3ae95e6bbda996beb69953df3c0c4a74,86230624436999d5cc7e7d442951b9319040e040d12bfe525bff0ccd88dd606f,7827910dc5c7a0d9ecbc28966ed29a2c6436e2aa2d83a770e265f43ae647b2fe,HMAC-SHA256-DEMO,AUDIT-2026-05-STEP3
430,9d9bde4ceb3ae3a2989bddb3,2026-05-28T11:50:00Z,REQ-000430,21f9b37fcb4f7d2db6857d62,STATE_03_DIST_02_PS_03,b3eecf3008e24f3ad0d4b532,deny,DENY_SEALED_RECORD_WITHOUT_COURT_CONTEXT,P-2026-05-STEP2-ORACLE,688d2cb93e488eb185a82c078f1c3e4a72042efa783457c7fe1b270ede3ce915,0acaf0086370c86d1b28331d0af135942759e045aef6baca49c9b64fc07f22d3,3e056e41c9ad1fd81449da01cb30b342a6a873ac3720da0477e678075f233a56,4b201eaed282956b9f83971daf05fade26f95b14475192c131a8540fa5ad948c,b442f0bb11d101b7b84fa27f5a613e3396768e35cadb6df7747e6325dd20035e,86230624436999d5cc7e7d442951b9319040e040d12bfe525bff0ccd88dd606f,e9acbd510c87df7ec1529b6212e836c47ff1e02c2bc72a4c5c87f2ff31097f52,80ee3cd4a379fbee57f80ed4faf7e27c1afe15b6af84ea0dc4bc47dd88aaa16e,HMAC-SHA256-DEMO,AUDIT-2026-05-STEP3
431,7bd9d29b7b6f2f7a0f931bbc,2026-05-30T14:12:00Z,REQ-000431,94b2d412892c95cbfdbe73cd,STATE_01_DIST_01_PS_01,fc530ff7f7f640ebd76d5d3f,escalate,ESCALATE_PRIVACY_SENSITIVE_RECORD,P-2026-05-STEP2-ORACLE,2bee7258eb3a4cff0404c62e3498e70077bcdafe3b613795d71a7c95b7f8c954,f9d3b750d89cd5977291019b8ba67e5d3d10f71f421c48fec20d99f1d0b6ff9a,0050430459a6f8e31b9e9e005b09f2a83d05bb8a7042531996558181e4a4628b,0f283da437df5653c07492a92ca807f7add81c1a4dd7785ae9b6940499c11c22,2e8bad5ce2e2426dd1623f33f757620a55f39bc275c08a6074752e32248c27e2,e9acbd510c87df7ec1529b6212e836c47ff1e02c2bc72a4c5c87f2ff31097f52,7affd941cd9acbb156cae9c161dbfc48785a369dcaf01b7cdfc2b96ab5b86441,6ef8856212cebc8a6ead6cfe901713a776b1d743d7d48cde97b74571bff03407,HMAC-SHA256-DEMO,AUDIT-2026-05-STEP3
432,216fffef4b6330e337843a4c,2026-05-30T07:12:00Z,REQ-000432,1e6c5e762b98d4b3d94fa258,STATE_02_DIST_01_PS_02,cc807e9870eb2999a5aa2981,deny,DENY_EXPIRED_APPROVAL_TOKEN,P-2026-05-STEP2-ORACLE,be82e997fb6d761fce59d070e3f62c769d104a9feb793f03980f3a98e7418cf4,36081fa922b2ee1992a8f76d0271d42401355ad580d40f42fb98de5f5b0acbf7,1ebf5f50e15f940271b670415a35049c1b36edf1ca9fb6f4fc67e0e60bd787b9,650ff96d0b3848a54539b26b8ac0d1157245dea2c1ff8dacd5235fff791c8459,ef0bde28ca89650423277f90239d69eb85f518d54aa72043fa8c64e50c309841,7affd941cd9acbb156cae9c161dbfc48785a369dcaf01b7cdfc2b96ab5b86441,58c30c9664879d36d0a3c252a436ab01eef913319b42b42bd5d9657f72d89c03,dfa56ef2d1ec84a1b6e265fe10b79f41d6a34ebea3f61252d2563d5a9d399c63,HMAC-SHA256-DEMO,AUDIT-2026-05-STEP3
433,2220e67ff81997fd27306638,2026-05-30T00:10:00Z,REQ-000433,1f84d906e82c7901ab98337e,STATE_02_DIST_02_PS_01,6d12fa3584ddb2f01bc14091,escalate,ESCALATE_CROSS_JURISDICTION_SENSITIVE_RECORD,P-2026-05-STEP2-ORACLE,f25df3dc4c949b46d730490fca5b25be4accccbfc44905a8c84da437c371fcb4,4c5fc32d369bd1b4d4af06d37d92b0d7ee60acd448754164a771f461496b514d,c1e15bffe534bdb376fd899cfa54648fcdae4a1a1a11fb41a35d11ebc766743d,2fe71dd1cb976b310046d2896f4739de35fc4e4fd9998e16afbfbc76039048fb,fe7d4ea32d500bcb76176c366bc5b5939d46fd4555c10505c433a4a04214adb2,58c30c9664879d36d0a3c252a436ab01eef913319b42b42bd5d9657f72d89c03,f3cf606a61e27d3939425d0dbc4b4fb2c0fe23dd3bb8b65212ebbe7506e07a9c,2513264fbeb4b57422c0d9bbda6da75de22b25053809f7199c52918e883bcd2e,HMAC-SHA256-DEMO,AUDIT-2026-05-STEP3
434,3994a11061e619b2d9c80bb7,2026-05-29T17:06:00Z,REQ-000434,c078db1796c2d8c169b84669,STATE_01_DIST_04_PS_01,fdb7034b483c7023be0c105f,deny,DENY_EXPIRED_APPROVAL_TOKEN,P-2026-05-STEP2-ORACLE,3ff656030135d820130ae95b7da66c19bb6cf32b214692cdc59c7f9ade045a3c,2cd4785fa41264cdb0bbb1fbb25ec735e9c88f52c1d2bf4eaede103d66c1a3d1,3a3c5d136bccfa7c48b105fcb7e1c92aebf84ec00f1862bebcbeea4ec44c3822,65d384542bfd2f022538945713142906d5e0477cffe773b25d2fa48c8a1c095e,749ceaab0b9095214166625b601727afb08f317d3f8e34fd5d8b562c5437960d,f3cf606a61e27d3939425d0dbc4b4fb2c0fe23dd3bb8b65212ebbe7506e07a9c,075a643015994bf8e4bec02f1010b58a2f5fae8755c14cf78ab0a037f65a0950,6abb166394b28e0c6333b44c4c1e7e0205c254c996ea0f2c75f71b9f86d7f6b8,HMAC-SHA256-DEMO,AUDIT-2026-05-STEP3
435,34ea9f01de02db2105757a98,2026-05-31T05:30:00Z,REQ-000435,86505bfb457a23f7a0108287,STATE_03_DIST_01_PS_01,5ca844b2848b805c696a09e9,escalate,ESCALATE_PRIVACY_SENSITIVE_RECORD,P-2026-05-STEP2-ORACLE,879097299cae5fb577b423fd4c16218747ce246e10a579aa7365d7ab0fbf7b96,e9688560e06955fe2f7eda415dc83cec1f0f1e846b6f17b2059e16c9c3bfbc02,85584dd165494c45ecd6a5bfbebba995c7a63210be1f85bf56ac8eee2be68ec7,4a4bb2fd1c83758702ed29ca1f066a11b31c82839876628d844630574c934814,4e0d2b89bd4de5a901cacd9e478dcde426d9c56e907af7668974e13228097cc8,075a643015994bf8e4bec02f1010b58a2f5fae8755c14cf78ab0a037f65a0950,ceb11526bf2e55009e0de8db363e4effde1f1fdcbb406d01f1b3d7fcde091517,6c2a86baa400e3a8e340086919909f5d21825019ea29b0d8dac7aea70dc4d107,HMAC-SHA256-DEMO,AUDIT-2026-05-STEP3
436,2a4bc79c2a535f08b176cbd9,2026-05-31T13:00:00Z,REQ-000436,02df4864bc93f0037e94de95,STATE_02_DIST_04_PS_02,b0e996b4ecdf66ce33e6405c,allow,ALLOW_ROUTINE_CONTEXTUAL_ACCESS,P-2026-05-STEP2-ORACLE,a98c3919fb735c0ac0f17042ca7026729d1a08f66f7375ddf1e77de63ad91d66,f29c79a5d21aa244df2b6daa16461b260d0335e2954c408be1a46eb294b5c6b3,c64ab2ae9e48dc1bf92e5fd8820d8f651df5741093c96ded6d8417104f5138ff,16ee76bd8485eff7ef9a791babe3cd74837b6f63b8dabdba62a5a3704643ccd2,ba0fab61138e329d0e44e6c04257b35946a285b0b94742897f8b1195d7bdd75a,ceb11526bf2e55009e0de8db363e4effde1f1fdcbb406d01f1b3d7fcde091517,57e071ee696b17f3cda3aa5b9aa39d5f82fdcf1f9edfeae5dfe45baf325a9706,506fd741c482f3bae7c5418d79b9892fa9aff0fce421322bd2054a24ab2e29a1,HMAC-SHA256-DEMO,AUDIT-2026-05-STEP3
437,3349a52b3dc5c420cce17ef7,2026-05-31T13:15:00Z,REQ-000437,8c053db99a24095548996524,STATE_03_DIST_01_PS_02,3b274e811b747441ea332f7c,escalate,ESCALATE_SEALED_RECORD_REVIEW_REQUIRED,P-2026-05-STEP2-ORACLE,31c751aef39f070f2d932a297708910ecb5dc8fb1e2c649e0565cb84af7f1e78,3e11a475a1632914a958e9caef2f74fdde8024a4682c90a03c9ef51e737b6cb4,61c61f7e4b8eab4efa22d10220b7699d46a20835e6a4d3ed20e3035a327129d6,36bab28092bf1d6ba832bb2e0157c5faf21fedcb6629edf90e2ce932f4c49527,88e680b8f626571976a66ff5dafa7628b566de3eeab8313990122f385f6d0bbd,57e071ee696b17f3cda3aa5b9aa39d5f82fdcf1f9edfeae5dfe45baf325a9706,96814d3b096ffcb47ce128c67c212e3c538da170f6670dbec77d4313b1ebe48d,bee27e6367c69dc6c9adb170b5e3b50a4256e1f00353b9b98a9adcc5898b4f15,HMAC-SHA256-DEMO,AUDIT-2026-05-STEP3
438,d2e43447d929e97efea950d6,2026-05-31T20:48:00Z,REQ-000438,f7c9b924c136028c31a62c8c,STATE_01_DIST_03_PS_01,375c93cbfc19c6b728ba102e,escalate,ESCALATE_EMERGENCY_REVIEW_REQUIRED,P-2026-05-STEP2-ORACLE,70495afab48c5432d83c45b81f49957dda8aa39623213e5b4b0d99872212702c,3f31cccdfced63a86d4440c50041a5e640c8374c90c759b6b3eee17e5ba81e70,cdc25cf804e38ba6c22009a8c32c0a01eafa9a50f3ed208100e632147b9338b9,de929dae5672cef07ce0ebdeef91f79037c773e01c7e2d364b95eea8f02dc2c5,121a79c6fb5fa1078d25d8f88676d14ad89ca696a058adf66111b99330bc7379,96814d3b096ffcb47ce128c67c212e3c538da170f6670dbec77d4313b1ebe48d,e14e7325282b623bfff58ca0bd4deed2b94120f0c09454dbaea0668ce000b26a,69b4798fa0ae08d0d38cfd53483b70c83054699590c17f72daf85a439af6e54a,HMAC-SHA256-DEMO,AUDIT-2026-05-STEP3
439,e0e10e56d8439b22d0f4c825,2026-05-30T01:10:00Z,REQ-000439,b43730f9ee11d476cccd1130,STATE_02_DIST_02_PS_01,34b21675c93019fd5a4c0262,escalate,ESCALATE_SEALED_RECORD_REVIEW_REQUIRED,P-2026-05-STEP2-ORACLE,64c1426d58b39b403c01573dc1567127dca32df50b622cbe6004beefad1a0970,a8fab0a455563fc6228b8a07d4e278fd3aceb7b11086b613af74c5104268b0e6,a458653f27a21ec8e725c837207d107bd85f4b7863b66e8a5eae79a7103a51c3,982587366449fabdb0e4730779748a28ff301c57d9b5cf12b9176929fd1a128f,d6686887c12d8fc0d30150abe33e1d33ee961c1b82647caa64e73a6cfda439ce,e14e7325282b623bfff58ca0bd4deed2b94120f0c09454dbaea0668ce000b26a,97eee7e97fbe15fe7ff9d89443a4d9179359cd864d3c729575dee6590910deb2,0df3cc958092a7da2367bcae3fb721bcabe4ed0af969d817e5e7f38379f6dec3,HMAC-SHA256-DEMO,AUDIT-2026-05-STEP3
440,a2dea217f8a14545c0ac7039,2026-05-30T23:20:00Z,REQ-000440,ceb8bb971ba08b4df678d1fa,STATE_03_DIST_04_PS_03,2ba4339d45b004134829f8df,escalate,ESCALATE_CONTEXTUAL_REVIEW_REQUIRED,P-2026-05-STEP2-ORACLE,a20b94d6585bd1d6908d996152e849811a2e45bcadadde6b5188a7ba62a9a09f,774c75beae3e6ae6b81d536a321355fd980d63c3a7fab582c694c31383518693,368da42d2a8560a8f71cdd04f5c9c1db51899d4afeabe24d36c48e293b77852a,11f3ac7878914e98db591773cbbf35bfe85c0509689028c09669bab13d5a3853,e2c76ff3f5c709d95de25fa4923bc888c5f9bbaf2f88c650cb45a53ae8a5fbee,97eee7e97fbe15fe7ff9d89443a4d9179359cd864d3c729575dee6590910deb2,ae69be1c69c2f197cce135c17c37caee6aa9225c114b7107db7d4c0f97e3d7d5,063a486a71d376d34bdaf9e56ed112f69c6e25bcf99c64d4099f475b4ae067b1,HMAC-SHA256-DEMO,AUDIT-2026-05-STEP3
441,c93a419933af6c4a00297ddd,2026-05-29T03:27:00Z,REQ-000441,21f9b37fcb4f7d2db6857d62,STATE_03_DIST_02_PS_03,17ebb06a599dae60d15c8174,escalate,ESCALATE_EMERGENCY_REVIEW_REQUIRED,P-2026-05-STEP2-ORACLE,d97eccc736b1c1eaffd3daee77be1b986d2abec8ace97521789c87f1b972a46a,3342e237f074f0330d76b7cb6a62d4fc32520463846f53936655e8f9499158a7,148348f8760d53e41b27dfafbe59bbb2d94fae10128315d61d94a76a8251ce1e,a45a92441e26f20c69409aa8f29254908b472488c2ff6a0bdf9858e9e8dc9966,b9c0386c63067d4eeed45e19b4bed7cc59a41a617ab9c34a6a974cf3393db0ed,ae69be1c69c2f197cce135c17c37caee6aa9225c114b7107db7d4c0f97e3d7d5,65ccccb0764c85787fd96ca8cd2d41206b2c3308f0693795cd64da9ccc1e227d,f0acd3dab0c493250091e20a60f78313d0358f794b1a0bf5c0d8f791b511a734,HMAC-SHA256-DEMO,AUDIT-2026-05-STEP3
442,b1e063e86626656cc2d54422,2026-05-27T14:44:00Z,REQ-000442,b9583c7e99cc3289ea585d73,STATE_02_DIST_04_PS_02,9f0f7289f61179e609d4afba,escalate,ESCALATE_CONTEXTUAL_REVIEW_REQUIRED,P-2026-05-STEP2-ORACLE,998662b4747a314238dd23f0b0babab3368c1c518ba8be74c1c62928a86b6cac,df69f8f50f8c0cc95c9cf81748787ca075315d837e382a855d68a5a00c5a9571,7c7a02183c8a5e4e75f24cfd84e4dfc2d9fd713af1751d860fe2bc0217e09f02,f09437ba844da2ee222bcf5d77a1a0e8cd6c57daf105d8111eebf111f27c31a8,7298255f4d8d17af339d486435bc2cc2fcb8d8a01c0b8b93e91d3334bddd9b3f,65ccccb0764c85787fd96ca8cd2d41206b2c3308f0693795cd64da9ccc1e227d,066685e14c3f5d218db0763762356427a3e3f46a005dd9ad1c10344ce8cba6d4,8fa24691e33500126920fa9cb6ab05977b433dd53ed5a085f83fbd64f71c4947,HMAC-SHA256-DEMO,AUDIT-2026-05-STEP3
443,1564a05168b1f69e28e1182b,2026-05-28T05:32:00Z,REQ-000443,1086c897162d91ce96d22b8e,STATE_01_DIST_02_PS_02,804f341ba0075b398eb34543,allow,ALLOW_ROUTINE_CONTEXTUAL_ACCESS,P-2026-05-STEP2-ORACLE,14582e35ae5914dca9f2aa994ce11345f911b1918361c86186a9f929ea80b92f,746bf46c1bd32f48556ee05c3651f13189d8dc56985b5e22b5010c60fadce1c7,f7290acc8978b941c5c64baa3784e9e8101a0ec3566cb5803204bd0a3b9524f0,38ca945da3cf86710f80961e6d7ba7a76eb0951675c20650b8570e3dfaa95331,3bc2677f17cc9fd9c4180dfcd04f2f2cfb3be3d6a98c212d6ee5baa7aa0df840,066685e14c3f5d218db0763762356427a3e3f46a005dd9ad1c10344ce8cba6d4,4ed5bb34150c7ef4849ebcd87958208e312141f20df795883dced692ea6d3a26,8239737f819925358d65409309d6756a2d6b221c2c71079e3182271a204740c7,HMAC-SHA256-DEMO,AUDIT-2026-05-STEP3
444,ae1ea24c2be8751e314687c2,2026-05-31T07:36:00Z,REQ-000444,b6791729f7de52114f8f5aba,STATE_01_DIST_03_PS_01,b011cf5ae48f4ee0fa784772,allow,ALLOW_ROUTINE_CONTEXTUAL_ACCESS,P-2026-05-STEP2-ORACLE,949104645cc2beaff3cceb38da11a291e6656194c8dca76d87a71367b329160a,965827f512ad1d5972741dddf5bf24fa5ad81bebd96cf952d0f9e76cd772fa0a,0e4e13b8a2923194628fa48a223907ae7280a5974d10997d7ed46d72e84b9275,468f5b8e8412f3ca772948857bf913561d5bbf2fed2a11458ecd9938c6d1cd0d,2e609d16b96ece64c9813a6fad3e0b0ae7180dde671cf5b2d073741645ffccba,4ed5bb34150c7ef4849ebcd87958208e312141f20df795883dced692ea6d3a26,5f5aa6e18f3b353713e277eb38ccab499bf570d7d773998706cb4ab6b29528fc,b2936a56b091e6623f5be9d792e83fa802283049acd1af056f3f119dae135d82,HMAC-SHA256-DEMO,AUDIT-2026-05-STEP3
445,83b768e6f4bf10091c523c61,2026-05-30T02:10:00Z,REQ-000445,36f9518be85535c10000ffd5,STATE_03_DIST_02_PS_02,62c4bd5e3c46d322ca954d3d,escalate,ESCALATE_PRIVACY_SENSITIVE_RECORD,P-2026-05-STEP2-ORACLE,2d7e5a94f6ed3856f49fb2d6d6563d489052694b480079d1d5d0b374a3f92b95,87f4aea34f8d766113c671fe1d4599a8142182451288d182f4f622f858163843,6ea237a0e385e5c2957a8e6432bfca69f189c19dbb24fb126cced921a0043f84,1e593eba698171ac7b9edfa92485c89ad0c1b56b288a7506eb29adb81cb9ae4c,11c3f221b90d57451009c98173b55b15c8fc615b4794fa432d1fbc1ee1958d57,5f5aa6e18f3b353713e277eb38ccab499bf570d7d773998706cb4ab6b29528fc,0696383de72bffc8fda7af5ab413caa9cdbdaf39214a64d71482ac6ce77168b1,a9556574f34b69472045cbe05fc1ed334f247daf02bb8b6d263034b29ffe0ef0,HMAC-SHA256-DEMO,AUDIT-2026-05-STEP3
446,6a817cb3ee76de6945953486,2026-05-30T09:46:00Z,REQ-000446,318fd1a9b080d018ffb85691,STATE_03_DIST_04_PS_01,6db7c5075e1c51bf79a23ffe,escalate,ESCALATE_PRIVACY_SENSITIVE_RECORD,P-2026-05-STEP2-ORACLE,ccce647b80720073222fea576bafe4cd36b4782d80c494b387500ca82970eaeb,7c905c00f559ef772982825441dc94449858e09e349c51fbdc74d878bff87591,cd8c449c778c0153618c35b01b30461b8c595eeb5693690a4d6db3f2f1092a57,13b1fd04dae90f6eb0dbf8d735f5088af83ca0304e9550fcba26c4da7487477f,a294b9c4f69922121b2a063a0bf4e3787e310ce3331d4ce58a200d093df810ca,0696383de72bffc8fda7af5ab413caa9cdbdaf39214a64d71482ac6ce77168b1,0d0b1e34b4576c246aaf6f7d7f9b7e4223b1324c67487c46d4ea883f31c4f186,599ca406be3436d3483fc17abd0eb66956e5a7a58f0f74a4371c9286c288bcca,HMAC-SHA256-DEMO,AUDIT-2026-05-STEP3
447,1487787a1878b7cca552f5d5,2026-05-31T08:18:00Z,REQ-000447,934e26f772b73b1d824939e2,STATE_02_DIST_01_PS_01,711f7cc2bc52141ce8aa3579,deny,DENY_SEALED_RECORD_WITHOUT_COURT_CONTEXT,P-2026-05-STEP2-ORACLE,7614fee0ca342cbc4afebfcda0489384b7eaafdc2db2533011e84515d6f0776f,b1fb14eef3ea2aca010f9900f7d8a5445a479febf0c35e9a8e3216b9b090d8c7,399e4b720e7620f0f94096230d683fd9905644dd406a2e5c9bcf47b48cf71e37,33b96b9f232a00cd4e936fefad0a050f0c30ab726b8c59484099e3b7211855ae,0033ef63606e46cffb4ea570bd1f55dc041250d6eb0611c30377dc2bb2155761,0d0b1e34b4576c246aaf6f7d7f9b7e4223b1324c67487c46d4ea883f31c4f186,196ac6f497b46ee6e2d2478bfcc9dd167e7c2e1e1f8b80997c717ad11c569534,778a311ad12f6b6f65b301a889ab5ab7ac7b6b25af8e32d2e2724ab691ac9b68,HMAC-SHA256-DEMO,AUDIT-2026-05-STEP3
448,46b8d644448eae3a329497d4,2026-05-30T17:36:00Z,REQ-000448,71ae00fed2507668078d658b,STATE_03_DIST_03_PS_01,5a5456b695cba3207b5bffdc,escalate,ESCALATE_EMERGENCY_REVIEW_REQUIRED,P-2026-05-STEP2-ORACLE,3a15e856a586128322259e2ff960e53f9301bcdeba8aff9199480973baa2924e,e7f20e3339633247d61ef4c6580335c552b2371dd79f0627fc28afc1586534e4,e9724db705d82aad0e0312da66dc2b40a5b5ec593ae08b829934ff8f51339c19,6f1ade9e093a2ca167d2c0c557541faf8614ea4c913a68cb0eb9cf1e4e97b794,76082c9e3f0f704beeda222369bccca80e20b3251f9caa41fbdfebfe8e07c00a,196ac6f497b46ee6e2d2478bfcc9dd167e7c2e1e1f8b80997c717ad11c569534,0ebe87d50a27b4826a4762776cb789256f0db24219690a2a25cdf0043491eed1,3a330c349def296fb3c46141450a773e6dc2d524c772be4a9bb202b4fbf52dd3,HMAC-SHA256-DEMO,AUDIT-2026-05-STEP3
449,60cb06499837ee3b6ec35186,2026-06-01T07:13:00Z,REQ-000449,cdb37082bd33066e73ce6a23,STATE_02_DIST_02_PS_01,570fcb5882c79818b6fa7ccd,escalate,ESCALATE_PRIVACY_SENSITIVE_RECORD,P-2026-05-STEP2-ORACLE,2bfeaeab29ed633783f1f8a73b0108c0fd967c6c88a56e32af088b7069512012,131651ce9fb25a1380678b45f42595013f930a040f7a9e9a6ebaab1cc449236d,3d3206b67be4dadd767fec9edab1e887dbf5685bfd5afa09d2d7b6a1ed0c7ee6,68c35adbff626a2c4621b139b1e4d2f899338e8046951f0d37d465b35a159398,2b1d482474d319d58808210418cec76172e4fb1ccdff10266632045210c2faea,0ebe87d50a27b4826a4762776cb789256f0db24219690a2a25cdf0043491eed1,799e102c8b4ebc3dbf8b828052da8068761329a8575a7810c80b236fc8ba214f,56b0367c9ab2c1ab89e9444af2e57844bced781d88acfa346ebfb2e2dd93daae,HMAC-SHA256-DEMO,AUDIT-2026-05-STEP3
450,b0b5dc9473bb3a847a9f7d24,2026-06-01T00:00:00Z,REQ-000450,1f84d906e82c7901ab98337e,STATE_02_DIST_02_PS_01,e7b2a26cabc70803d3186378,escalate,ESCALATE_PRIVACY_SENSITIVE_RECORD,P-2026-05-STEP2-ORACLE,f0d9c27e42d3f322238128e896068ae784aa7cfa253794e282e3a4002162adb0,63b9c5ed8c070e0e4c03d4855ec886f6ac1aa7489e382a2df7b41722de59f81b,714e6f4f666995349879689875b832d48576a2d4c35a957770441947e0cae963,be51922a1f89dcf8dc5e7f299aa4ece82e7cd6709c94fe913923f6af51fe540a,ccfe68ca237ced85bc80324eba1e78a458c615bda6ef8126d50323f3e06c6f2c,799e102c8b4ebc3dbf8b828052da8068761329a8575a7810c80b236fc8ba214f,1687ed95ba60dd857f58a9bae7e376436c38b5fe0646a30c18a83a054c92bc7e,480c8253868f0d1fb53606f4ec35bf92b28256451a8861140a5e4793b45519bc,HMAC-SHA256-DEMO,AUDIT-2026-05-STEP3
451,33ddd500ccd57f8602b4a9f9,2026-05-28T21:06:00Z,REQ-000451,7527b25e318154df01ec7550,STATE_01_DIST_01_PS_03,47b911abbdd432ecb134dc06,deny,DENY_STALE_CASE_ASSIGNMENT,P-2026-05-STEP2-ORACLE,40c0ae0fd2bef27371178944628c72d2589613f523d2b2a7980ca7b5a21b8f63,46d74cf6423575b5313d49a48d67f2f8ae690fac70e08387d0cb714eca9d8d0e,c2b3e63c32032707af479581fd573bb8c9c85c6d7956660bc6c0a555d7960783,ff66787b27501bb7a784bfa943db84fbccb8462f89117e96fd2bac5821557a63,aba6c14e9cbcbf07c573ffefeda446efa8247de3b92e71c2e7cbe0e9d9c5a8a8,1687ed95ba60dd857f58a9bae7e376436c38b5fe0646a30c18a83a054c92bc7e,5a986ae647d593d79d46931422353cf77587b5c4ca4e75623139a476c6a353f0,0d13acd640b8c1eed84771e866eb6c0c5ce81728487156e0ea8f5e49eca414f8,HMAC-SHA256-DEMO,AUDIT-2026-05-STEP3
452,a050d686921e68a4c4f08fdb,2026-05-31T17:00:00Z,REQ-000452,058b6ca906f6f017cad2b2fa,STATE_02_DIST_04_PS_01,7ce5d3c68a1d4bf9a69dd131,escalate,ESCALATE_PRIVACY_SENSITIVE_RECORD,P-2026-05-STEP2-ORACLE,7c68bc4075a4e4153006492c8a8b8691b42b557d9f5ab051db4945c27e42400f,5e7a4c1892c654d88d56979a52b1421bc733e5028eae4fde56b9d8254aab2cf5,6f9265e8fba7a4361356714c83471b158f4ab10b69d14a63f3b7f00797e884ea,6d5c8ec546480e2b5b27133023c47ecef8041461a50449dcd4333385db310bfd,ff9b86a969fb0c8c46b1e0150fdec70264bb3d7d63abfb27b7cf662d74f20842,5a986ae647d593d79d46931422353cf77587b5c4ca4e75623139a476c6a353f0,7810de799502a1dc35e8885ba3e73b5d67c8663f19b4493f09b372e49f58724e,7a855cdce539577c6f070ab580938ac723ab635c80548aec79e473af6c0df18d,HMAC-SHA256-DEMO,AUDIT-2026-05-STEP3
453,1f6c2459b3cbe1ef60ec4d8a,2026-05-31T17:15:00Z,REQ-000453,b0f05da9786602e3afcbd606,STATE_01_DIST_03_PS_02,33d770afa0f3663c50bb006b,escalate,ESCALATE_SEALED_RECORD_REVIEW_REQUIRED,P-2026-05-STEP2-ORACLE,dc413d6ab517412524b237ed38eda9f6c7037f2e83530b1edf275a40827482b2,ed12ae615d47e2b7016e05d71d3cf4ce216a14903f64d58b9bbc664f8a3b803b,f2df3a233cdb7dac7cd3b4472c79c04cb10587486944be1f68c01554e81feea9,d572acb9d6f679507ae527696c7cc463884b5d2528e71b5abc14cf3e090009eb,6da2a249bf1f07f87e671d68b66fd6432913ebaf2b78975112c72657bf8f0ca6,7810de799502a1dc35e8885ba3e73b5d67c8663f19b4493f09b372e49f58724e,73b7ff5d15f3a012fe4ce78471846e9e66324559b96cf2da178872e56502d749,c45471771b4f7025aeb2992b7fdbc8da6553a34a2f9af7d57447a63ccf905d20,HMAC-SHA256-DEMO,AUDIT-2026-05-STEP3
454,b83c840a91eb501b91e2784d,2026-05-28T06:16:00Z,REQ-000454,4857d6398585bfa5b41baddd,STATE_02_DIST_02_PS_03,9043a679045e2af84cd3c449,allow,ALLOW_ROUTINE_CONTEXTUAL_ACCESS,P-2026-05-STEP2-ORACLE,72c6f1132cae24108b3d7911e3cabbfab59a2675bc3b024e0674204ff0e1e6c3,52c47df98a2df9a60bc6436f56b841e51ac8fc280a46825b80eca6c6697cb5e6,0e9a0f7e686fb592eb94a03a39ce843028da8c07eba55c1c8ebc08c5b59d3267,c7a0f25fa8cea6eb49bbe4f906709c49b2b7bf6801d19c0caf8ef917c40c5fbe,b9b63f3a0e39d2e1bf78df8ebe6785472c689615f8e9e7f84edbfaffd4efc29d,73b7ff5d15f3a012fe4ce78471846e9e66324559b96cf2da178872e56502d749,7d22a9b50552b5ae6a22fdeea69233ea53f54328a70272a8af3425fa0d6d783a,44f0aa006d0042581e301d89ba155692f19995e66ccf2a08b5d4c07b54b44d79,HMAC-SHA256-DEMO,AUDIT-2026-05-STEP3
455,be1966b5e945ed706ca19a4a,2026-05-28T13:55:00Z,REQ-000455,782ce33054ac702eb25bdce6,STATE_01_DIST_04_PS_03,2ad48e61ef29028c1def570f,escalate,ESCALATE_PRIVACY_SENSITIVE_RECORD,P-2026-05-STEP2-ORACLE,f409c0ab6151399f1d64840f012b8f8a6731e72b45d491cc8557258d758d0e39,8cbe2dbc4725bb1a5c6732747aa12adc8e7356f3dc583f4072a0d586cf55047f,9f71befee2911b439da69ecb19cb5473f84ed14489436b7ddf32481b8971d3fe,0ca0f919af78b06067f8876a63d00a103e701203b3acb0784639af4a880b9b14,5191c0ca71bede88b990103cd57576570fc914d9d05104848c20ae8f796316f6,7d22a9b50552b5ae6a22fdeea69233ea53f54328a70272a8af3425fa0d6d783a,b745a652399ae1ee114dfff0060f9b5f0be3e22912206d96b147e2efbef125a9,086c80df6db14ddfbc88001c801f7000942a38df4222257776ce344c6b0ef04a,HMAC-SHA256-DEMO,AUDIT-2026-05-STEP3
456,bbc8b3288f3fc005b4a02efd,2026-05-31T02:48:00Z,REQ-000456,0333fdd2d35c528a38a1dbe4,STATE_01_DIST_02_PS_02,66b007268423d51b9a1c9d89,escalate,ESCALATE_PRIVACY_SENSITIVE_RECORD,P-2026-05-STEP2-ORACLE,b7cfe1ed55ba0979c8cd0d740dcca5493c748f02468088e5508d26674c8ed574,b553da6ff394075f6bf21e597dcd1dce5b06c47f3820806b4af0f65161143bde,770a5dd6fa6157bf4d5e0b573bd76e511d8a5e401fe5f0276a73b1776c847433,4fb5eba758b446ef23bf197700a00aab699d24eee0e0e338b847171a92c073b3,4a2b44e2cf6788244e6f7e4b2fe32941ac39a4b52477fd972997a89681a414db,b745a652399ae1ee114dfff0060f9b5f0be3e22912206d96b147e2efbef125a9,60a04d5d715d73750a4eb3a3e6ea28e31c26ec18d3dd7b7fa1ff1598c5cecee7,466de0ee1e91579cc9a65bde8356f701f8fd483d1f8afaab78bdd73581e965d4,HMAC-SHA256-DEMO,AUDIT-2026-05-STEP3
457,ea2c601988c60ff163960b79,2026-05-28T06:28:00Z,REQ-000457,e35de54e8ce29e22aa4fb84d,STATE_01_DIST_02_PS_03,bddbea36e35c483e079157c2,allow,ALLOW_ROUTINE_CONTEXTUAL_ACCESS,P-2026-05-STEP2-ORACLE,c38239c0b97182212efcbd2510e06afa06fc2d003df35776daaae62555c21270,00b24ac4b02c4f91290b0896f3bfbfee416615b97a1e191d3b27608666735657,9d9f35f3d0b2a690cbe6d270c870a80fa61184cc38058110b061664e52cac434,9bbf501962338aa17ec1a39638ed7599786595a44e0c123c6fff9953928304d3,747a4777e8cbaabd4d4abaf4280ad5ab70f801196cfd6068beccd71d2250de2c,60a04d5d715d73750a4eb3a3e6ea28e31c26ec18d3dd7b7fa1ff1598c5cecee7,4b954fcccf11cfc8bd2a16322caa2a53f2cd541476fe867fb5cd15977c356dc4,caa48f1e750a78cb4b07c1b8da4c8e0ccb76e35b942abfe6178ede3e2bc36ecc,HMAC-SHA256-DEMO,AUDIT-2026-05-STEP3
458,a61303cf2a7d8457139c464c,2026-05-27T15:16:00Z,REQ-000458,47e9daa6a9eddbbbae1d0bd7,STATE_01_DIST_02_PS_03,438e40e436069a3ccfd0260e,escalate,ESCALATE_PRIVACY_SENSITIVE_RECORD,P-2026-05-STEP2-ORACLE,61e975b3485a066c31978d59e1100b723a2c198cc8ace1760e241f0ddc8a50c6,370c5f4e84c7b1fd5f567adae9ccf63f2ad4261528273f86b4af6eeb25f81fe2,cb4a2dec87eb278c226a01c55913b115f0471b87d9cf3d15d280fbd452fe6416,1a7fad6c6cf4ae643772b5ff894862d321317372e14062ce2b9e17a6cf05f282,adf9b4ac2e6a7006bcfacfe7a8436e998417044943faf226ce850585e2c58cd1,4b954fcccf11cfc8bd2a16322caa2a53f2cd541476fe867fb5cd15977c356dc4,9141a88dfac2ec12430a39d368c3376eba1cc32955ad3e0574b20c9c9da0cde7,0d67934464205687467a2ab3b2d8567fb862913ff59d38b991975811e346dfca,HMAC-SHA256-DEMO,AUDIT-2026-05-STEP3
459,0ac70b34e4c10f505760542b,2026-05-29T13:12:00Z,REQ-000459,f250eda449687032c1f3ce21,STATE_01_DIST_01_PS_01,3d33aeac9a024f9da6d7ccf9,deny,DENY_SEALED_RECORD_WITHOUT_COURT_CONTEXT,P-2026-05-STEP2-ORACLE,0338e9c02775adc0772d6eac166d307b2cb8f2a94f557f1666a9b9ea825e4637,157fb13b99038e3ce08b9aba66c940ac0bc3cea7af1d8b6a4b3ecd90d447ae21,64884bab36069828963026066b53974f291cbc9b0e18594c0d0c2c024d7c416f,b609764c56bae2ab449802b5f0035875dcc73bdcd8da7d828ee919425a4f318a,94ba68d4f5f7283622fdbbf77ac44e314cdeaa7d11031e8f112041429e731936,9141a88dfac2ec12430a39d368c3376eba1cc32955ad3e0574b20c9c9da0cde7,c1d2bcec4ee82c05da6e555327db5bbb2a8d21e36e7d85fc1a155eefd8413005,8281da47ca2b49f7b91dffa50fb5f31901a0c44034ae7dfcaf925f9496c56faa,HMAC-SHA256-DEMO,AUDIT-2026-05-STEP3
460,cc8dbe8c8b81e22f6ef118b1,2026-05-29T05:40:00Z,REQ-000460,16a2d504d34232bf9551d690,STATE_01_DIST_03_PS_01,5642ceb4f3ffc8faa22ce857,deny,DENY_APPROVAL_ACTION_WITHOUT_SUPERVISOR_RANK,P-2026-05-STEP2-ORACLE,d49b37bafe1eec3ee83408a8da8900e2a9f43a7660fb90a5eae15dde4670517e,4d27b9f14f361c0b801b6c2836356f277ffbb3e53c386a9d42cb6f624fb0d6b4,7933a9e786208782b2121b259774e2bc190a1ba54691d6fdac35933e6f1aa303,c359fb2f485f4b7b00a9cb1546733103d8e5b25b749fa2d5bd258a5c46472fc9,45034736450467d5b9afeb2e30d96d79814956093482c866c356f6f27e3be4e3,c1d2bcec4ee82c05da6e555327db5bbb2a8d21e36e7d85fc1a155eefd8413005,02e725ccf9f142f6ff31fe2c784bda8bb5fc4efbd7c137a35161e0a8cc906f5e,f1daedd00c042347ab9d6ee5db19dc5ceba2b22b83b4b9af73b660dc3317f591,HMAC-SHA256-DEMO,AUDIT-2026-05-STEP3
461,971defa14bcacf1f5c1bcdf9,2026-05-30T12:31:00Z,REQ-000461,2f283926393a08241f4c19ba,STATE_01_DIST_02_PS_01,dc7ecde6650882062908b0d9,deny,DENY_STALE_CASE_ASSIGNMENT,P-2026-05-STEP2-ORACLE,d360da0083a47e046be390aa117d3d62f69c14a72a4c88bcd88915b100fc5b19,2ad479e9ea39d0272c8ead01458fc8af4b63d6c8813acf0bba8a16bc99e5cb61,2c7a1e459281db589ec68750d455f44dec4d2105545802a4dc29c5bb478b8982,d08d6144b39ff9cff47f01338833c0ca74cd8f79f243562e2fe1183828a199b5,22e5d4a12880d241a8cb549562187fc3fea8114f37f0bcf191f55985bbe8d609,02e725ccf9f142f6ff31fe2c784bda8bb5fc4efbd7c137a35161e0a8cc906f5e,03576a9c1a13425cf47cab63bd8aefeefcd7ea9fa11e1e73c8a8f3ea10da728f,1ee7a32f9725a9dc082431429c28887d55771c9d3f31ec7cb90c2503983c475f,HMAC-SHA256-DEMO,AUDIT-2026-05-STEP3
462,d7f538ce4c1765e490ee3b1f,2026-05-30T20:24:00Z,REQ-000462,8ec325482a0f9259719128c5,STATE_03_DIST_03_PS_03,d09b3513b623ce4439f5c622,escalate,ESCALATE_CROSS_JURISDICTION_SENSITIVE_RECORD,P-2026-05-STEP2-ORACLE,ab2c56c2fa7b13d1bc34a3a7b4e23806b1008353d4cc8ca1fb51431641dbf894,29d9a92166b2e6352b0916a0075cbe3cca988b4d8ae104ebfc415db5eefc5627,8eeac8e47236ce45f017a9d745ec47adb8b6ff1ff5f401073156dc77eea6a33e,78885bea7ccb77f42856cbac4ca2a2e2a03570ba2dda61500144d23a2b22381c,9b74b1d6d07c5bb5680b9d12279be0f15994f17811f9aa8080f166237f5880b8,03576a9c1a13425cf47cab63bd8aefeefcd7ea9fa11e1e73c8a8f3ea10da728f,4d398222839f40a700d3e6db7d7147ae97889fa8a87940481fd295fc0857baf4,37f6e9dec54a808cd11909bacc9fe05851b94645057239f25ee5342d4e8387ae,HMAC-SHA256-DEMO,AUDIT-2026-05-STEP3
463,e01bf8eadadd1b593be41f8e,2026-05-31T04:19:00Z,REQ-000463,0d893c2441da140e8c46fc54,STATE_03_DIST_03_PS_01,b75e8c8b30e094fcea41d709,escalate,ESCALATE_PRIVACY_SENSITIVE_RECORD,P-2026-05-STEP2-ORACLE,3c7208f3e96086b7d4339dcb49edb0c2aa166c9b4d74a755f84fcfd649d9bd47,cd9551873960ea4cb84de9646ee919b7f9af5fc33148f845fe70b74a21b8e9a1,eaaf8bcded7f02eb9a3b62f7ed384ecf92359f6cd5d9cb31f773986aaac81d62,50a7baafa3a6f10d7471b2a251c02284b51057791bcb7a1e219c0eaf1b72780c,f32428a8413c4a19fc9a78152a64047e02b2ff88621a931ed49fc497361da0fb,4d398222839f40a700d3e6db7d7147ae97889fa8a87940481fd295fc0857baf4,40fd7b05fe49ffd9917f2e2f1049cb7a7734e247e32e6e04aab40c207172565a,b86396f4fcea1af7ea57286f833d619bd32d4717d4fef69a68fde56c1e63a730,HMAC-SHA256-DEMO,AUDIT-2026-05-STEP3
464,0586cfd90920daed42cec8ee,2026-05-28T14:40:00Z,REQ-000464,2747b4371f8a7719020e45ce,STATE_02_DIST_03_PS_03,6306f9f14c804fd8a63eb60c,escalate,ESCALATE_NODE_STATUS_DEGRADED,P-2026-05-STEP2-ORACLE,abe0141e635ba86b48cfbf74ac91bb769e9c11ca56fc056cda8b3d81f5c9c5a9,6ff4131a1e8001aacf97386dea25bf400506150d6217ac151ed6e18ef3c975bc,6e3c157d8afd2d92c5ecfc9124262bbefbd26066f91d13fbdc7bbb69be8d623f,747f5d1612cf7266047198ab640a1b6f7f7981061294473068c2cb66803f1952,ad658bcf0f2ff0e8c60dd0fde5f35984d9357328d92254ce71b23e8dddb2a697,40fd7b05fe49ffd9917f2e2f1049cb7a7734e247e32e6e04aab40c207172565a,9844b9393b777cc91225fbeb39a67d8cfb93ae1ee448abe517227d49d65e7999,b5a06568f8dd9675047491d411e33cf55f9a3c2676cc85f2e613991a1eb79b59,HMAC-SHA256-DEMO,AUDIT-2026-05-STEP3
465,100897752fef103a33afab29,2026-05-30T21:00:00Z,REQ-000465,1744a4b8e7d09467e6ea7495,STATE_02_DIST_02_PS_01,7ab3e40f2a90e61c28933d11,deny,DENY_SENSITIVE_UPDATE_WITH_LOW_RANK,P-2026-05-STEP2-ORACLE,6fcb3b0b588c98f399db27ca893909ba49ef04ad0ce3c841d7588ede5d6839bf,3054a25d1036fc7ab62e96ab786f8e1669d11d8b9a6bce78a27363d39c00db61,dc9b3469fec171672ac70e11d81eabc3c3e3dc572988c19a7875a09d3016510a,576f21de9133d49ae5bf5a5abbda0ebe7916298e16bfc4c623a58dce9ebd0f00,52da97158f3519e8e7734c191fa91fe08736831320f93691c85866d30f68487e,9844b9393b777cc91225fbeb39a67d8cfb93ae1ee448abe517227d49d65e7999,3df98f7b7117923f6c63899b0629a7c07eafbecb55786255bfcd734e49a63a95,bc661f588801f14134ac7e5e6636312178d6c6d8992ba1baae916cfaa1fed1e1,HMAC-SHA256-DEMO,AUDIT-2026-05-STEP3
466,ce8959e9000c651456fee6d8,2026-06-01T12:02:00Z,REQ-000466,5e223aae914ba42e97c387c1,STATE_03_DIST_01_PS_01,cd84e4f0dd8740713e22e1aa,deny,DENY_SEALED_RECORD_WITHOUT_COURT_CONTEXT,P-2026-05-STEP2-ORACLE,478ca5dd99e27ddddde3b38a86ee1176805e01e28124b63446f86d0af9fb57eb,40022e87f9e2e138261d3dc37766b77451b4619b394afe78f7bc3227a4b0cc53,466b1eb52da318b4915e689bbd7d2247b92cace856945c453168ee16d13b0148,368a7bfee4796a35e17632e5e882bb5a23d74143bdc73fc62caf6d9551264a68,7e49cee8286fcb52b0fcb54e12c4cd3833fe65e68997ea45fc1eaf51a6384875,3df98f7b7117923f6c63899b0629a7c07eafbecb55786255bfcd734e49a63a95,c1b75ef39cf74bdf679321b4013028b138bde8ec52238a02c58f2cae2d22eb72,8613039f0341c57927a6fb2654729578dfaba5ed77d7b879e75040ce74cfb9bc,HMAC-SHA256-DEMO,AUDIT-2026-05-STEP3
467,049ddd1c50fe9a544642bfe7,2026-05-27T23:21:00Z,REQ-000467,5f299dc3f248e4c74232aab4,STATE_03_DIST_03_PS_03,480dd8d22c5fc6cb6b711fb3,allow,ALLOW_ROUTINE_CONTEXTUAL_ACCESS,P-2026-05-STEP2-ORACLE,c17c165041d5934f28750f644327f2361f640acd75ed969a0105cae66291ab82,28a005b0ba7350d2962159558a1a0302e07c76c32a0a39f4244cd26f5fde5be1,6bc3d5e34560b87379fbad80680acdfeaae9c5d3dce9344408bca7d793b6aff4,b61248d3f736bca7a6d5603f5ec840a5b6cac44722ee84c8e4f38706bc3733c9,3470fea4f88f8078b40447e2a02f256ca65b6f1c961fd66f64ed411775f213ff,c1b75ef39cf74bdf679321b4013028b138bde8ec52238a02c58f2cae2d22eb72,9b4072ce193d5bce74e740e69f128778b714b75f3c810d69eb56501002cbb5a9,f6d7d33bdd8ff41444b1455d17014779bc7d16c82c43bc2bd1965746af151ce0,HMAC-SHA256-DEMO,AUDIT-2026-05-STEP3
468,ec3111db3ee7bab2402eb69b,2026-05-30T13:48:00Z,REQ-000468,1e6c5e762b98d4b3d94fa258,STATE_02_DIST_01_PS_02,206ecfa615baf8d96316ecca,deny,DENY_SEALED_RECORD_WITHOUT_COURT_CONTEXT,P-2026-05-STEP2-ORACLE,598afb638cea6444f4c08c5621eb9647cc9534e736b295d41d92558f690087ff,b17aa68ca5b3b25c7070efc120f575da99575bb1f4146c88edf80c765777474e,792843e63d800a12fad917265b30af2ec3f24129540d1486949d250de82b2300,0f4ae5605cad0ad6c87e1c6ee423f3ff5948a9f088348233a7d8d24a386b30ae,1b0815a686c2ba39837c7d03ce26961cd3fadc5439eb6987428e21c7a8e0a42b,9b4072ce193d5bce74e740e69f128778b714b75f3c810d69eb56501002cbb5a9,5c7a1109faa43c0fffadd7a64f6443237a7e1adaa6016894f6964dfcaf91e559,0bef0fd3a7c4accb5adbea341c3959646946014c6b2d3943fc6e1ef30157deda,HMAC-SHA256-DEMO,AUDIT-2026-05-STEP3
469,c04a132f1efd9251bb82fdd4,2026-05-31T05:37:00Z,REQ-000469,d60f48d22e03c3316a18fa6d,STATE_03_DIST_02_PS_01,7e1af28dadbf5d983261b8b0,deny,DENY_INACTIVE_CREDENTIAL,P-2026-05-STEP2-ORACLE,0f3f05b52a793570809f9f272c89ea39b358271146e7d0f7e77c8d0867421c99,319a22c15a9f2b522627a5ab84446d704bd1956d0ecc134466fcfdb77435d212,abd2fb44c3d541309f97c1c226bbbe3aba22b6104e842ab549d63d881aa58449,e0a382ba274e2fae6ed5408f1c1442b3f3b2fb64372652bcabfc8b0e4c726148,48f8944f7b7cbd2e3fee7ec255096af0be15710623fb5a948f43e74e56433603,5c7a1109faa43c0fffadd7a64f6443237a7e1adaa6016894f6964dfcaf91e559,015ee50f26b08d0f552b2dedce387e99dcab2d197d060abd9cdc890f45262719,c175ffa066d7b3634398fa5b7441b09f0454b60cfa450a1dd94f29d462371f89,HMAC-SHA256-DEMO,AUDIT-2026-05-STEP3
470,409b45b3472e3567889b9e73,2026-06-01T13:10:00Z,REQ-000470,3573eec47a61bb4c69e2b339,STATE_02_DIST_02_PS_01,da955dc4e17b595e2820e3be,escalate,ESCALATE_EMERGENCY_REVIEW_REQUIRED,P-2026-05-STEP2-ORACLE,885e376be1e068714e666379020196ac0033f8bf400db8f27016000655b9bf3d,909b8a9d8d889aa5cc8479fc48733171c062911beab7a90f3f5ff3e47444713e,088050f34e27bce398f1b381ea2555f268aad02703dc432937ffb63db43b1525,3e0ed0be64ebc3301fade5e669d35f9381d8177fda860b703ac4125fa5600507,bf8508e86556e79988d33a4df484dc4a1edfc739df12613b940047f280227336,015ee50f26b08d0f552b2dedce387e99dcab2d197d060abd9cdc890f45262719,ec270f6b26dca79a9895581467db8478c6fe0dca36605d3db4f7e757213834a0,df97d78645956fbf12ee307edfdd56b8225b708c439e948e05ae706327283f46,HMAC-SHA256-DEMO,AUDIT-2026-05-STEP3
471,58f765c12dfae595aec3b85c,2026-05-30T22:12:00Z,REQ-000471,c078db1796c2d8c169b84669,STATE_01_DIST_04_PS_01,6806ba66b352cd0ace2dc62d,deny,DENY_SEALED_RECORD_WITHOUT_COURT_CONTEXT,P-2026-05-STEP2-ORACLE,a5d7e07bbe818e301eca7d3d999f595fa968675b09342575c8c10342108d7414,d4fae06a968b9d2acf5495606c5e2116d3aba455de4acf49f81de762075f2ffe,635ad6b18c7d285a80db571c84417693e206049960d7e97851d821ba1f6e1d07,3d4bc7af405f19b86b3ac331758b276b53c69f1e89bad141d6007a51e889a1f7,357edef8019a479f185164dd1fdaf4dc1780b4e11a36c73aaf3ae49c5e538614,ec270f6b26dca79a9895581467db8478c6fe0dca36605d3db4f7e757213834a0,69a3e7ce62a0e09a182e68faea293df6e21c88bf68267cd7c5e4a5878cce4461,6914c9c0080ecef38c774fb63ddf2cc6e6edf31c5cc7d8a5753e7f66e19283e8,HMAC-SHA256-DEMO,AUDIT-2026-05-STEP3
472,3e6da8e6e8c306108709ed62,2026-05-30T06:40:00Z,REQ-000472,071c750c420d0b5f044d6ae7,STATE_01_DIST_02_PS_03,611df5ff59543174c9f30992,escalate,ESCALATE_PRIVACY_SENSITIVE_RECORD,P-2026-05-STEP2-ORACLE,391ecfc461aed7772ea73802d29d48735acc7088bb0c6986c958b79da3348617,09bd8c15927c26c13505ec56d6df9866e2a171361b4243e89e1f94022d1af34d,48e3c582208c071d774da52c7983e006648ef527e859f2f1ff03ec0c6686f5c7,fe1cdd5411117e38f0456c6179fd5e82fec7d80c05820f0541dfdc68ad10a765,fbc3d46274208974dff0d0fae28a0f2f33a1f282b95961859c0f274b18735937,69a3e7ce62a0e09a182e68faea293df6e21c88bf68267cd7c5e4a5878cce4461,1263097010d13f4b49bc182c0eed38a2b14fec01ccd987370e1cd044dacdb0fb,da67f2574aa3670032b7e0a264e9607414399661ad23c5011fd55bf792152d4b,HMAC-SHA256-DEMO,AUDIT-2026-05-STEP3
473,f0e028c95aed659b3ffab7bf,2026-05-31T22:15:00Z,REQ-000473,3928cce83c394fe536f56bf5,STATE_01_DIST_03_PS_02,621a5b8525c112683611c655,deny,DENY_EXPIRED_APPROVAL_TOKEN,P-2026-05-STEP2-ORACLE,ee5ac3c29c32b730993f4997446cb8276bda6938ec7b22238372de9f2e141f7d,7a0270af418385bd18eb0919ff104e8fbe99d291f2cb8efd2c1cae226c71fc85,c3a58210f8f3d30b075dc38de0812f09efd8508c8ffd11f43c793587df841123,be59a48d07ade8f5519193456940661287fea867a6b18e9f845d2195d1f53814,f709c5571360b417edf172c5f5b677425f9f3ee5e465730151528c0770032615,1263097010d13f4b49bc182c0eed38a2b14fec01ccd987370e1cd044dacdb0fb,3f1bb8c23f786c5508069c2c0b311b5967a5365a0b923533e6c9eb8e3b79d2f4,bea68dbec33a696f0971a1b4192bd9b86c6b80af0ba4f0f48fa60aca97e4fce2,HMAC-SHA256-DEMO,AUDIT-2026-05-STEP3
474,ca925da9969d8e7f3fbee62d,2026-06-01T06:24:00Z,REQ-000474,2deed09bfdff4831b0bfcd1c,STATE_02_DIST_03_PS_01,c029e206494d47d41682de9a,escalate,ESCALATE_SEALED_RECORD_REVIEW_REQUIRED,P-2026-05-STEP2-ORACLE,618fd3afed0164dc7d1d55a75347db0fa989dbb47fc17634b80fa74c3156a321,4afff8e04968b772fb4f3de5b1f82089b8f058d9fc13de35be79a36ae8e395eb,cbd7df53728b3393bd92f45f58f12d351334e95493eb1b08721cb2cc16cb7799,6d2904fd0200d32b7ba6742f0073b890e30b877bbab88e2392845a9be7592dc7,d52452be7af4bdc112a38b265be570ff1cc9edfd3c31b60cc1d4be06ae109e4b,3f1bb8c23f786c5508069c2c0b311b5967a5365a0b923533e6c9eb8e3b79d2f4,c19a4642ee6ef8faf29e1adbe2c904dfb473cdf1087854923aa7c1b6ff8ff9e4,b859c0cc0a5676ee6b4aa313acb344b5d3704f62bcb95aa2f8d6a9827f4f6591,HMAC-SHA256-DEMO,AUDIT-2026-05-STEP3
475,cf77ac8b368e41cb0c8ae8df,2026-05-30T23:00:00Z,REQ-000475,f920410d24c1d513e4b5b45f,STATE_03_DIST_02_PS_02,9cf76f652fcb60053f1a781e,deny,DENY_SEALED_RECORD_WITHOUT_COURT_CONTEXT,P-2026-05-STEP2-ORACLE,9869d776e63c6032d89d9cf55b7dfe83084cedc07e2473039ace1811aa0d07d0,ff3661d73d615f37ff6ba847ce6c10f0f3b5f63cbe359a62823a0c3fed6e7a17,6e7dade62c066d8fc64a0b17de97c2550e5e90586355b59bc08fa11d2f6dcda0,8b5bbc091f15534b5f0b4c73fe1a26d3a974937d002986d16562c9653c437a6c,d98b70030b03a0ca8a8af555b7d075849afb893ff8d2c9580113a84270ba7000,c19a4642ee6ef8faf29e1adbe2c904dfb473cdf1087854923aa7c1b6ff8ff9e4,2cb6a41a47cae3a25021a6820a83961af17152a1c9d956396f5ec12d90d57c90,3acad312b60f358fc142b1903d8fd69ade6363975585046c6dd5a363e17380b5,HMAC-SHA256-DEMO,AUDIT-2026-05-STEP3
476,0add78cef8739fd7a075691f,2026-05-31T15:04:00Z,REQ-000476,21f9b37fcb4f7d2db6857d62,STATE_03_DIST_02_PS_03,081f8b348eb32537b20fc451,allow,ALLOW_ROUTINE_CONTEXTUAL_ACCESS,P-2026-05-STEP2-ORACLE,9d91d7dd121ecf40150807c8e7f2cd2690f805e4c7edd951da6d46ed9a480858,33b7bdba287971ecbb2de23aeb3eb8f3be091c0cf80c0998bac6911a5835f06e,8cb6817d7c3d7f88d9e33cc3ed163037b6cb64deec347e8bc0863d94f987b5fc,6f7b04bfbcc2a396e09f2ec1f8f4869c2fa46305323b5a378cd6ba4c8d89bade,bc6d1a5b45574f2ec6207f21293b376503e0ce1a1efab0c063cb83c4563eee7f,2cb6a41a47cae3a25021a6820a83961af17152a1c9d956396f5ec12d90d57c90,fb74bbf07f4af1f1287ecc8e600f8a8cf06ae05bec7b59b746bf2a6d4c037acf,7b4776e652a4e224215bbd7a975f341681b145a129aa2a052f32bf2d778ee8d5,HMAC-SHA256-DEMO,AUDIT-2026-05-STEP3
477,7fef60adf82f23dec7e3e1b5,2026-05-31T15:18:00Z,REQ-000477,614c14e8c660d73ace97d265,STATE_02_DIST_01_PS_01,4ea55cba83dc306bfa955910,deny,DENY_SEALED_RECORD_WITHOUT_COURT_CONTEXT,P-2026-05-STEP2-ORACLE,d03d2e24cec91ae67dd33772f5edd67f618cde57e949effebef68941a9a10b53,165fa7b91a0153ac433ea20a828034fe81a07bed95468396c69b634b9120835c,444fe2484abbe985a19f7b53d6314ca95056c9b25657489e1dd4615b6eaa42a0,23542b983383f0e920ed8089b3df2f1c1817aad3dbeff7a6732fb24125d41611,84c679723da1348faeb12d99139a00500d10554aa1a1b11797825bf617f06a6b,fb74bbf07f4af1f1287ecc8e600f8a8cf06ae05bec7b59b746bf2a6d4c037acf,62f751b436366a64e4a5a1c97b4e8bf092463ef783c892544ab0f123dae6b13e,293ddff3fdc9b7cfee7fd870c8bbdd14cb93b7f319b0801e96d1e6a6c10a3793,HMAC-SHA256-DEMO,AUDIT-2026-05-STEP3
478,ca81ae240a6961cc2d22f67b,2026-05-29T15:44:00Z,REQ-000478,5e223aae914ba42e97c387c1,STATE_03_DIST_01_PS_01,cd84e4f0dd8740713e22e1aa,deny,DENY_SEALED_RECORD_WITHOUT_COURT_CONTEXT,P-2026-05-STEP2-ORACLE,f3fd68abe8f4fd689b24b6a158a76dec078fa125215275ebcf7edd2f73eab216,8c8089d3ce9ab2a4fea7b8b928e336a39622a8d5ec1531b3e2c9caf00dad721b,e38de56bf3a5ad7ee3c0a2368df0f64a26139eb6eb56e9f673768583b7d47845,f8991f64153b4255de96485a6161b33c688a8f1880654286e58d0a276ae9a102,452e312ae0a92f8fe0172783ad7776f0a51627dda5bec7f45f4e5033980b4e87,62f751b436366a64e4a5a1c97b4e8bf092463ef783c892544ab0f123dae6b13e,94e8d867254a04e326bf607f70f22aefa030999c0292824508229597e5d5df98,d205e3d92e7c707e886d0b0d8c585010090700c53cca137d475f43b33b4967b0,HMAC-SHA256-DEMO,AUDIT-2026-05-STEP3
479,39a73bc1fc3e722ab52956ca,2026-05-31T07:47:00Z,REQ-000479,b4afcf069d55876dc928c9fe,STATE_03_DIST_01_PS_01,c8ce7d730a23ef48683bf642,allow,ALLOW_ROUTINE_CONTEXTUAL_ACCESS,P-2026-05-STEP2-ORACLE,df7374d0190ee9234dfed5269d9ff9c8fa43173c7fdad85d16d099a7c56ec6a3,8c01bee3403402ea84f6110072a110f3a712cd3a651b79f0b4d0036f9c399822,502e80a7335acb1bd79b190fb3368d326a21ef2866aef40c93aa978b5102cd92,9c7bb957ef21cb1cae32165e1afd2fec10326067ec00dfbc6edb62faf2e7a2b1,6c46020b26a7f57c4365fe86054837b631c33822dba887ef00f60c611a00ee87,94e8d867254a04e326bf607f70f22aefa030999c0292824508229597e5d5df98,231c07a6e614e3cb3a4fa81940e7bd6d0d63d02d2285acec08cb00aefac96213,f084eaf70b5012e08adde3a665a9eed9dcb7fce92815bae16589339857879206,HMAC-SHA256-DEMO,AUDIT-2026-05-STEP3
480,db277c9eea99cf2e9a74d5d4,2026-05-29T16:00:00Z,REQ-000480,8287968c0e33f42b2e380e47,STATE_03_DIST_04_PS_01,31c8bd69fafd25493ad89627,deny,DENY_STALE_CASE_ASSIGNMENT,P-2026-05-STEP2-ORACLE,4370304cff0e73125290ee6569065f0e493828eda4d0bdef4aa12feb28dc3cf3,dc548f58d7da22866d7834f8e6ea9b0178672b2961b84540deabc47d2b68d665,2c5299e3241c94110fd83998f21dd10b0e5f19617d3143765e6683079c38ba54,6d8193907e9d99fc1d861af939960ea2a675b01771f43e7fc5cdaf68683ab549,3a1c65829c97ab1ecf41c0f0700f3e42a4f5734f0c86f1a8c020d4aeb066ce57,231c07a6e614e3cb3a4fa81940e7bd6d0d63d02d2285acec08cb00aefac96213,7d80ee521f17d16d062aad3a029a4fc3e8ef3332a03aacaa5a324c960149dd56,6a2aeaab4832f5d10d1d4e980743cd61e45b5d3c728b58d946a7281e2e391175,HMAC-SHA256-DEMO,AUDIT-2026-05-STEP3
481,a55ad051c6e018fe6c674614,2026-05-28T00:03:00Z,REQ-000481,4ee0497be96c65e5642e3a72,STATE_01_DIST_02_PS_02,8cd436b23498bf982d16d8f4,deny,DENY_SEALED_RECORD_WITHOUT_COURT_CONTEXT,P-2026-05-STEP2-ORACLE,34cc2afdb01570f8766becfbb811a7ca5f09164ce19aa96e5c4869ec239f5da2,9f6bcb69359b89845b4530fa0ae09a8b7ac439145f6e6654b2c85923cae54f3d,b66bcdb6fb6af4c69b00f395010bf8216711a0d2a65dd5b956efc05c29fc8c78,9664ae7228026e9059f14917bb826c98c30ee826ab8d0929e7e1d042ea364fd5,45e42c7a1a2affd52babaaefacb6fa07d4590252bfa2fb62443c3f773ee73aa6,7d80ee521f17d16d062aad3a029a4fc3e8ef3332a03aacaa5a324c960149dd56,15ac578c7182660c3c5f81e643404143f11f54781d7ccd75c05e92c87e452052,be814d6b11dbe57eff223319dc3c339a7e6fa711d64a81ce1e9ef1881d00b162,HMAC-SHA256-DEMO,AUDIT-2026-05-STEP3
482,49abc12a7621f4ea56f15043,2026-05-28T16:10:00Z,REQ-000482,43619f9291295cde078ede73,STATE_01_DIST_03_PS_01,b011cf5ae48f4ee0fa784772,allow,ALLOW_ROUTINE_CONTEXTUAL_ACCESS,P-2026-05-STEP2-ORACLE,43995a968c44bc18a819eadf1c214f04b3f17777991009ffec2e8e1f90715635,2762597f83ba77c1bf73d7fcaeb414c917ede9d2f7e4ada72781755b63e44809,8dd0a015e28be4718f7d94018b9dd2507721984b22cc4d81c093528ba0dacccb,6a933c55c93b13e08a0c0f326f48a9686ae9963cba0d449ddf6e6e20e775fa3c,8328ecf71a27c7e61769b906af81a6925423c81b5935fd0e1a399d218f0f9e0c,15ac578c7182660c3c5f81e643404143f11f54781d7ccd75c05e92c87e452052,3dbc4889e7c3bdaf24737373dc09225fa9c6d9b1d75b902adcf8c266e82f4296,33121ada8ebbc3c4397adb26a6bdbac6957a8c4c3ecbea92456628116c97cb0f,HMAC-SHA256-DEMO,AUDIT-2026-05-STEP3
483,fc4214025e42ec183a72ce70,2026-05-28T08:12:00Z,REQ-000483,893580185d14634211eb9a59,STATE_01_DIST_02_PS_03,175d5a935eeacb3276aa0ab5,escalate,ESCALATE_EMERGENCY_REVIEW_REQUIRED,P-2026-05-STEP2-ORACLE,87705aed30a2fd0a5de8d03c66af962288fe5cdd022c7a09f2cc3ed62799391a,063924fb39dfb77962ce170b1e7ae788e65f1f02c4dcfc763ea9ff3331ac5c6a,1999e71cd10aecdeb443ea3b0307874ebabff78620077c15dc82ddf2b87a1766,c2254b760d11a996ba685900b86e4a18cd7995e1e15401def139e643de88a2b9,f95c5e2d7600a1c375658bfdcfe27db2009291c771e825a588dbf95e6086dbfa,3dbc4889e7c3bdaf24737373dc09225fa9c6d9b1d75b902adcf8c266e82f4296,2f29e47e0d764161f04c5a691309de38a460320506713b2c8bf2b40a58e02b88,f7ae2208ba9b53addac824bc31795a7a3d1496180f63715958daf7ab3f6fcf04,HMAC-SHA256-DEMO,AUDIT-2026-05-STEP3
484,61756374927e63921d74c8dd,2026-06-01T17:08:00Z,REQ-000484,8a7aea37c451a80fdc290e57,STATE_02_DIST_03_PS_01,f4972800f0988fc7dc7942be,allow,ALLOW_ROUTINE_CONTEXTUAL_ACCESS,P-2026-05-STEP2-ORACLE,814b3b1642f53d708aad9fcf9443f4dcdc6bbce185e9674cf97360d0068c3c14,9af54918b1da91aa84782ab4194802fb733d20e5d8edac8669c041f8a945f2d3,b87c856232335ed433b1e79c81848ad4cac237f1fe41a07c36640ce96ae129d3,bf59343e7f8e12676219005b9fc4d761d52500a599c54b0b2de9f7e3ce482f64,6408d34bde3e6ba14796e6cca4ceb46a52d892d2f60a49cef64285c823a9064d,2f29e47e0d764161f04c5a691309de38a460320506713b2c8bf2b40a58e02b88,43df277841c284e868734c8da767b40d81389ad934d0f153d4bd9938364f6754,b38368fee617cb78f220ecbd4e98db9cb86dba2a2f59e06c17a1c21f290c452b,HMAC-SHA256-DEMO,AUDIT-2026-05-STEP3
485,ad476600e1777f5349c50043,2026-05-30T16:55:00Z,REQ-000485,0de9124a7d38c17a328e4497,STATE_02_DIST_02_PS_03,5820681615acad6176f4144a,escalate,ESCALATE_EMERGENCY_REVIEW_REQUIRED,P-2026-05-STEP2-ORACLE,37c1d7f16a75287d7d2d328cc4763a53a864f597a4e786de3e7c78bc211798ea,4d8523f7be9e391e017ac35c00ecc568c6e476584c0352896effd03f5f34a733,5e0a3df1d410d2e54fcc28bc7b90862d22d23edf70334c73f4abbf4d54fc466d,85272026a75e52b6355019bc203f1574e950568ca62d54c5690011895f5abc61,50316330fee7b128d9328e5ba951a2cd3667ad8f65252bfee469ba028c789252,43df277841c284e868734c8da767b40d81389ad934d0f153d4bd9938364f6754,f284529de6723e93cb8a1d006aceb56d6484cb56d3effb8347ea26f47b4707c8,dfcea766b11bb576e91bab08b741dd4c70541e895cb4b1cec0e886b885ee9e0a,HMAC-SHA256-DEMO,AUDIT-2026-05-STEP3
486,7c19e771efed6d99886f6b0c,2026-06-01T09:36:00Z,REQ-000486,871e4c8cc36e0fafb27ef560,STATE_01_DIST_01_PS_03,514216f8601919c64b5e89c6,escalate,ESCALATE_EMERGENCY_REVIEW_REQUIRED,P-2026-05-STEP2-ORACLE,681e338a35e9dab215785af452ed2e5e800e2580be35a7ccf9373cac4c416e0c,16b43862803fc25d2def5fb6b6bb598451b6d5c1103c41c2a2bbfd29d9066aab,2c4bf4862542a5018ec25e8b30059d966e137aa85dbfdac1a3f3db1820328dd5,08b62e12e59d080f673ed9e2c7aae402172a567ee152276814d194ebdbdceb6c,0a84187f62d4490a3b7979a1a0fdcc2437f41a7e297fb2f95402c9d830e45f3b,f284529de6723e93cb8a1d006aceb56d6484cb56d3effb8347ea26f47b4707c8,394d1408eff805f0faed96c1da01d054febf91a1df74854a6dcb9945c44f503c,cd0de1420a4b6a762faffa6a023c3111639cab6872f8513f1f50ce6ae8370dd1,HMAC-SHA256-DEMO,AUDIT-2026-05-STEP3
487,fe2dbdb1879c6089ae495faa,2026-06-01T09:52:00Z,REQ-000487,6d335433b612a148a4921389,STATE_02_DIST_01_PS_01,0e1d97f5f0e6ea3b9c5ccb7f,deny,DENY_INACTIVE_CREDENTIAL,P-2026-05-STEP2-ORACLE,60f24e6fac251eaff25f538cdf1c434e91c0606e26ae2e491636519c0346938c,11601717a7ae259ae8c990dba620c095aca483d83dec410e59b9061073026e36,0977b7bdfa2dc66b442fa3877ff8ae90f656ab5033449f491bdc10c039ffa3c9,7c3cd803057d217e742d7f9158524d1cb3dd6cf4568387cb7af6e750bdef26ef,3d7f12351494d4747424f4eb0874dd8f363da8c9d6206245269394e0de067777,394d1408eff805f0faed96c1da01d054febf91a1df74854a6dcb9945c44f503c,144344382a7e67813a009b77386c0ac767e241ed126c91d559668b3db6c65d71,dc7d79eba92b59c2b3ef0f5413d16ffcb6219152d81bc4ebe8054b8514e0a925,HMAC-SHA256-DEMO,AUDIT-2026-05-STEP3
488,9871abe9bfcea0bcb3d715fc,2026-05-29T17:04:00Z,REQ-000488,71ae00fed2507668078d658b,STATE_03_DIST_03_PS_01,7688899d0d149034386f953b,deny,DENY_STALE_CASE_ASSIGNMENT,P-2026-05-STEP2-ORACLE,330312a168e9b61295aa8c82597d8f3d6b4ef76dfbd3d71ccd87bd68f0302f58,92043e52dd4215258009abf5f928f18d69be47e4ae300e6931c68ef39a930b5f,885d90493c6d3d43d3476adfb825725f94a053a318da81146a2c684c7254ce7a,35d6d84867df280debf90390195ef39b809d62f5d262ce987b9bc8a4c9de7f67,cd5a8e2d6722d2d12a3e212ae67faaf3c436ee8a755d327f5f4f38a662289acd,144344382a7e67813a009b77386c0ac767e241ed126c91d559668b3db6c65d71,90ef783cd1da03fc76e1ca5b22d0384cfd40c69b7e2a82b3d14b012bc2e9ad20,c3eed694e0a592e8e4d806de4fce577d11797f62343767162ef743d7a53cc128,HMAC-SHA256-DEMO,AUDIT-2026-05-STEP3
489,d5edd03360791986f960b2ea,2026-05-29T00:54:00Z,REQ-000489,da8724df1e30e5c801778777,STATE_03_DIST_04_PS_03,5829dfd38c2f180bb5b50f42,escalate,ESCALATE_PRIVACY_SENSITIVE_RECORD,P-2026-05-STEP2-ORACLE,95b295d3dae848b1250b7a922d06cfe39b5cafdf7479d213807df1a6df75d24e,0645263c0188527e50c1500961a50bf867d4faf726c6c6da2b46272ee916aacc,b5913f4a911cdb75bcdd256c0f02d9647ae0f733dd030c1c1ae9cb84db049d6a,8891a6b72477e5c7a136a3b8d66531048f9a4f203c02eb0cbcffc96f9e695b18,ec17e04e289bd34308d06270572081a150c60d7e3dd3b92667cd4f698aed66c5,90ef783cd1da03fc76e1ca5b22d0384cfd40c69b7e2a82b3d14b012bc2e9ad20,a44b0d5f2d3b53f4478770df0c1909794772f305dfa40845315c4d0c06aa9f21,b6e5804962bf92cbab4f3a12ea95831eeb04058679ae2aa15b653515f9d480e9,HMAC-SHA256-DEMO,AUDIT-2026-05-STEP3
490,f67fd89fb6f143efabfdaf73,2026-05-29T17:20:00Z,REQ-000490,4857d6398585bfa5b41baddd,STATE_02_DIST_02_PS_03,e850584f79208f7544c625c3,deny,DENY_STALE_CASE_ASSIGNMENT,P-2026-05-STEP2-ORACLE,1417fd76fbe61c9bcaa3efefba5eaaad6dad9b45e77366247705ec6a2b5dcdac,3192b54daea60768d4dab01bdda69971df19dbfd6809d345ad4a7268c7329161,aa6eb6bb9bf957438f7f8b1e9f8d0631de02c43b7691dee7b457f2cbe062c2e9,6d1248833c3332c63420b528f46a59dc1bbec0cbb75717736fe06ebdc8a9e1f4,7c3e3231cf312cc791c0d026e413ecf3c2fe751c71465c887d9f02d2636846b8,a44b0d5f2d3b53f4478770df0c1909794772f305dfa40845315c4d0c06aa9f21,f66efa2f937d72ead8ec5e9576d469ba44a3bb339c4dc0bc2ff2a8cc7cdb2fa6,b5bbc8ff2fbbc3e42dee2f5d678b5074821c81e39db73f1da1216901b3867fe2,HMAC-SHA256-DEMO,AUDIT-2026-05-STEP3
491,e8021eff15bf8463c5480566,2026-05-29T09:17:00Z,REQ-000491,030fbe8b71b501096276a8ab,STATE_01_DIST_01_PS_03,5a2346d627dc5abc734fab91,deny,DENY_SENSITIVE_UPDATE_WITH_LOW_RANK,P-2026-05-STEP2-ORACLE,e7328c081b8eb6703f48aa42ef4a9f53a1cf89cc03afa3bfe382475068b8e871,68fe4633216e3f78e1cfba20d7429fb3f9e94ed8a8e18a2d3c47c2d3627e4207,b4b64e5990d9f116c939f756bfe31af95d4a46c9017a713a046f8de89b1c72fc,4fa549a688406df7934d8ec23a608d956ec6edf82305bcee5fe655d4f5aa2793,389de0b16ac413d19411b8f47397dae16b612dbd384bebe7af9514d3f4b351c9,f66efa2f937d72ead8ec5e9576d469ba44a3bb339c4dc0bc2ff2a8cc7cdb2fa6,4fb80e73ad95833de26e0bbb0ae28deb328aca12581f39b79b93b32fb63b136a,37df60c22be906a2a08048f108edb7c8ff98e445a977f30ef4e42a06f82306b2,HMAC-SHA256-DEMO,AUDIT-2026-05-STEP3
492,e47b9df904eeb706baf2837c,2026-05-29T01:12:00Z,REQ-000492,05c3cda35f4947118d9b39ea,STATE_03_DIST_03_PS_03,6bcf6ec8e79fb5cd0b4d23ea,escalate,ESCALATE_PRIVACY_SENSITIVE_RECORD,P-2026-05-STEP2-ORACLE,2e21652386017845043c9efa203db78ec99c255e16e516198c567a2c640b63a1,1d46a25a8c0554d7c77dd4dfd95a1b5c40a35c28b0a21147162ec5ac94f8be2a,dd8ad7b022b595f5d00e25baa4e1d18f4744869e739cba9bba84c5d2fefdb73b,17133974b5a73343dd7389bfd1857d69d8aced6f6ee1e3f993f3917fb868de1a,0f95cfd81ba347f4cb827e78f31e3555646a54cf17f41bb78645957a13510130,4fb80e73ad95833de26e0bbb0ae28deb328aca12581f39b79b93b32fb63b136a,c852fa1119ad19578951bd335e772321838420d3d15cb10c01bcd05fae8ca6e1,f0e03c0c8dbaf875b835bcdb2216a6ce451f096085b4789c2e0497a3418291ee,HMAC-SHA256-DEMO,AUDIT-2026-05-STEP3
493,7a60d3ea87067a57541178b0,2026-05-31T02:36:00Z,REQ-000493,116125532167435d32c323d1,STATE_03_DIST_02_PS_01,7421d676dad537501affa1f2,escalate,ESCALATE_PRIVACY_SENSITIVE_RECORD,P-2026-05-STEP2-ORACLE,09a352893eeadd2d31f1e05a58504f707202198739f7aea9f0239d12b1cb5ca9,a73408662776b6dbc2964b5499a96d5ece5219fa935deeda7042a0480f0bf1bc,5b719504347d5e77f498b6f56ec0af8e9dcc39fe76b501d8337e92b1d3e50dfc,d2278bc26994f644c892d6cf9813f65d5efe9fd1ca6813b85732bbce3cdceaf2,50a4c5e4d8006861d600445b5227de3d6783a8bcf4d4b17443665ef5e4774c37,c852fa1119ad19578951bd335e772321838420d3d15cb10c01bcd05fae8ca6e1,d17cb1b5e2c97b6f8013ae8efa8c2b8c0772d35d0ddf81983a8b6067599835c6,397bbe3e1c40a6674b3fc94f29a30ba4d4dc2bfa6b0a7624c2b6874ac2d2d49c,HMAC-SHA256-DEMO,AUDIT-2026-05-STEP3
494,d8daa727e48845ee903b7037,2026-06-01T11:44:00Z,REQ-000494,aba84a984ee3606ae0d30a0a,STATE_02_DIST_01_PS_01,aecc4eeab743055519b9afaa,deny,DENY_EXPIRED_APPROVAL_TOKEN,P-2026-05-STEP2-ORACLE,cba777d7b80aa2716b50d1cf55a8ff35468e21384dad710d1ebd1530271eb9cb,0309adff861b7e3be29ed03562bede78a3980a8024a85013792f0dcc806a5440,15281fd746012d16283e30d72ce950f2e55c6590111f64d647e3d3395b3e6091,4db7044d7bb0b27ad6354f44b203bee4bd40d63a2940256163f18a3f191917f6,201362b60014813148bdd586228142e91587ab85feb99aa4e5c2d62ce254e7d8,d17cb1b5e2c97b6f8013ae8efa8c2b8c0772d35d0ddf81983a8b6067599835c6,46d877ce1847aa897c23dab5ec3db6b6ecbe4716ad71a36b96e8a06007a64e14,44da5bff52c0cdd3371b0faa014e422fb349cfe15bc8e929f48fe920ebb3ae1d,HMAC-SHA256-DEMO,AUDIT-2026-05-STEP3
495,c07246559dc214825d28a07f,2026-06-01T03:45:00Z,REQ-000495,b1ddf55c2af537d97ad1287a,STATE_03_DIST_04_PS_03,bddbea36e35c483e079157c2,deny,DENY_STALE_CASE_ASSIGNMENT,P-2026-05-STEP2-ORACLE,966deebba95dc887f501d5c07af72d33d50975c49c4d7404a3f176645094213a,cf582cb4c0d3a949374fc9a9b10c3c0d18758bf2b07099aeee0670c22080f937,65df25001828c82b1a1b200bad1a68f5e730393058e3873e3eeb0c6d86ec9f0d,adb182952884722199fb5dd59972fc3cf6107b5eade8ca3930a9b7b487385b39,b1a60750c48b8d6b0c8112f410f6412505b5c186535ab2607eec102318b48c18,46d877ce1847aa897c23dab5ec3db6b6ecbe4716ad71a36b96e8a06007a64e14,721bec708469d9a5c06e15ca8ad83e8939805239ddfa868cd47c4378f18245eb,377bbb3b0bf094d6646517a61d7a2be57dd9f052afa207c34d391b561a96f1ba,HMAC-SHA256-DEMO,AUDIT-2026-05-STEP3
496,ea12f0ad2f5a1a6fed1202ae,2026-05-28T17:20:00Z,REQ-000496,4bb363d085866d6dbe19f005,STATE_01_DIST_03_PS_02,ef42f5a6dc2c41267c313d66,allow,ALLOW_ROUTINE_CONTEXTUAL_ACCESS,P-2026-05-STEP2-ORACLE,0cdc49bec187f709dfb1b590aecdfa4d74d52975b15049fe93fa06c9e60f1fd3,8dcaf523c04caf43d09fdd865c66fdab75f9a323cb065154f5cf56dce79a5a70,2d8f134c33ed93ae784e7fa678b72781b88c16414901ba7ece87cadbe2b7ab37,b2ee057c65c002303d190deac038b59247a737861b1ed726af4a14090cb27d2b,69a575ed97dd96cb6fab3d0e2dcf30325d54e39a0812395c21fc41e25cdacafe,721bec708469d9a5c06e15ca8ad83e8939805239ddfa868cd47c4378f18245eb,5d66bfee88a33e167bae7ef58666bf7b95463712f03aa7bfaf4df69ce773771c,8f61f594ea244cd6e3c85cc5f8ecd7b85c41edb67ba96a7e8f84f285fdb3e6b1,HMAC-SHA256-DEMO,AUDIT-2026-05-STEP3
497,c398ef3438d4bcbcc11b3d44,2026-05-31T11:41:00Z,REQ-000497,c5c5b540de8f1dde6964dc89,STATE_03_DIST_04_PS_01,b3d1d2f79d5a7ecb8b5f0667,escalate,ESCALATE_EMERGENCY_REVIEW_REQUIRED,P-2026-05-STEP2-ORACLE,bc56c9135785b3a494998830ed136e5bb21774c0210ae193e5f596c1603aedef,decc1ef46ef544cc042d13987294f2a35c15c3c596994c99f5c5f51680ced78d,8e769f45cc57c7f1558ecb7636c1ba4e9f2b420ec8809d7a76f57df10cb1e194,07511c28fc2a99b87a24c8e0351db8d3d0f1318a11d63ce02a8578f93c23da6b,4bd0fbd16128c7c2a821de07e22571310c43b16b203b6a0412648f52c61b2f43,5d66bfee88a33e167bae7ef58666bf7b95463712f03aa7bfaf4df69ce773771c,796338982c554b4c7aa9983262b139708f38b3044f7f6d6302e890d1b3238655,0dbb15ca9f2cabbe4cd7c78040d4c19a5dfcb1e9738e09f70e0c25f5120c0d20,HMAC-SHA256-DEMO,AUDIT-2026-05-STEP3
498,4bb053bd7cc396825bc113bc,2026-05-31T03:36:00Z,REQ-000498,b012e7e4d1319033c362fb26,STATE_02_DIST_02_PS_01,0c5416ff376c02a72e644dba,escalate,ESCALATE_PRIVACY_SENSITIVE_RECORD,P-2026-05-STEP2-ORACLE,ba45dab2be0c2961ab4f233bf7fc1abfbb659e63c16fd5d1a74d935b73d10d68,11cc92d2bb5c96d7c5e406abc01eb83d92d1af0f6de8b3da18a6f19244fb01ac,2bb064e35798065a58e4adc6d5757a45df9cb6961bcbf21988c2408f61394deb,2e9bf335e7fdd28b7228c444320e0e1ee0877b0385eca58d3bb54a59f427247d,9e168e6784a700d7362742a20011204a985950323a1e38de70c6302d944b17e7,796338982c554b4c7aa9983262b139708f38b3044f7f6d6302e890d1b3238655,8103841aee98c8e702e7b053034aedeadcfa605a8867010a293d69caf9b7c76e,e790b7e5a5dc0a5a9d0a924a8ac76edd5df237f9f3b3bd2bf8cd49346c4983d8,HMAC-SHA256-DEMO,AUDIT-2026-05-STEP3
499,bf317b0890671e9aab1da45c,2026-05-29T18:32:00Z,REQ-000499,2747b4371f8a7719020e45ce,STATE_02_DIST_03_PS_03,081f8b348eb32537b20fc451,escalate,ESCALATE_CONTEXTUAL_REVIEW_REQUIRED,P-2026-05-STEP2-ORACLE,b3deec7df8349b34a762e95bbc535d190346db0d60195ffc07b7f155e80b2f07,2dd416b8e5cffbe9d908b7a0dd815d65d479c7bf7109fe43f70f9f8878f4cc71,1b964d4fed88798b6212740957a87558f01872abea43cb918e220d6e71e974f2,33c6d36ddf7edfe462b131889e89d3888eb418db3f27c516fb9dbd27fd73e12e,03dd07e8433c059902af4c2eef1dd2ebe88deed89339e570c8738f1025a7703e,8103841aee98c8e702e7b053034aedeadcfa605a8867010a293d69caf9b7c76e,e8de3976cc6f351ae359a6b6cce407997eb92264fbcf71da05029aaa9b1deddc,1ed5899373fc8185958549282f0305225fbe1ad577f44376cfdd95669cb99710,HMAC-SHA256-DEMO,AUDIT-2026-05-STEP3
500,b7435187e72f0a4259498956,2026-06-01T05:00:00Z,REQ-000500,eab5f274c3e036f9a382d87d,STATE_03_DIST_02_PS_03,0c1424411003da95fbf32b97,deny,DENY_INACTIVE_CREDENTIAL,P-2026-05-STEP2-ORACLE,fcd9e0c65eb93dad85ec1c6fed97a3ae2386ad5dbe67c5d443892fa69296e04f,046246ad95604e907d5a64250289717845f51aeef644a86e5b7d885cdbe737a6,3563a6b31c4b00bfc4078d5933a344016cba0c75a6a8cb77503e1665de31122d,63ac9410ea7e781a941ad1a5733ce72787ed54c18bc02fb5301e5d65628966eb,8be3e6339dd530b0c121986711fb98efe6ea9ff5c99b8fb15b5c86eac863e316,e8de3976cc6f351ae359a6b6cce407997eb92264fbcf71da05029aaa9b1deddc,8c59a974deacaf2958807ccc7ae16f4a0f2e4faa03be52b9f7569b55f56331bd,29d1cc512a34aa157822faacef4b95c82bd83ef639b86a16e4473b7264406cb6,HMAC-SHA256-DEMO,AUDIT-2026-05-STEP3
501,30971ccdcd54aae283fc9e76,2026-05-31T04:12:00Z,REQ-000501,85642e8c300a0dccea130cc9,STATE_03_DIST_03_PS_02,5d71ed3aa7f62c0f2b873f7d,deny,DENY_INACTIVE_CREDENTIAL,P-2026-05-STEP2-ORACLE,5f721eecc15a478829288171c1c423d142793ed7bd7cb90924fcfa8603cb568d,672c23e3fbe46c94a222ed56720311b1a4586fcfa8d05bd64c48dbcb98edb61f,000f460ef8c5e5bda722cc23c85cf835ede636c53de9879c21fa40d41627e634,6bdf158d1f96dff806d2999824b25bb7da0e6aa9399f1ae2433c3de3ed4e544a,071b16770621bbc5818637791c50c9f4e936de38bae7a6e486735cdab3fee5b5,8c59a974deacaf2958807ccc7ae16f4a0f2e4faa03be52b9f7569b55f56331bd,995891b4fd499ec79e9fb7fc6f34783ccaed751b3a4776a7ae7367a22b7c585c,ac38640cb3b91838376029c17054bdb2b7b255e0f18eda2ddc2fb77fe2b817ed,HMAC-SHA256-DEMO,AUDIT-2026-05-STEP3
502,eff06f1d75ac1d2f227ec546,2026-06-01T13:52:00Z,REQ-000502,5d49251d25024e2ef906fcfa,STATE_03_DIST_04_PS_01,bcf0da0b6da0cc65eed4d85d,deny,DENY_EXPIRED_APPROVAL_TOKEN,P-2026-05-STEP2-ORACLE,81632602fd55faf8d5043c1295c132a9b21bc5a07ea9cd4ed99c4aac2a911912,a67705067196ec93a59f56ace6a861cdb56128a49cb38075e61d46ba89e06ac1,10d08af34a6dd7910d1af581cc5019790aab3b60eb6753b506f7f1bb7d5ae73f,44b1675114eed83bbf4e7e31cbdb1c52f3241b6aea374c276a926964659b6b85,c365efbd400eb6c24291effe08c07af32a51c3ffc8f2dfa2268916d704185a3f,995891b4fd499ec79e9fb7fc6f34783ccaed751b3a4776a7ae7367a22b7c585c,89924c46b778d2f2a058010ee987b55ad860a1abfff9ff9f93f928b43111a19c,522210e8df2661b6fd4656e2395e87f40605e3bdd3d6fe7792718e8bf738a18d,HMAC-SHA256-DEMO,AUDIT-2026-05-STEP3
503,c67b804921274f41fa2b1cd7,2026-05-29T19:04:00Z,REQ-000503,9764196f496c1b6c2299d105,STATE_02_DIST_04_PS_02,7d234b848bd150ce84069ce3,escalate,ESCALATE_EMERGENCY_REVIEW_REQUIRED,P-2026-05-STEP2-ORACLE,3f42adb58830fcc43658dddc630074bdb73ba509d1818ec7234efa6946e810fb,9904a5bea4e68dcee1672b56bcaa4291e0bc39f7411b1ceefb027f351db7cde7,dbdbbc74c3e98f0f9054ff5f504539935545dfb13bd4d64f17598d205c1051a8,84bf7535514d1ba2f6b7be19ccf1a8666eaacd70bb1242067172727357a6ded6,05aed37b99bd9c79891779b08b59ce962278d6cfc0a03123629ca40df78911af,89924c46b778d2f2a058010ee987b55ad860a1abfff9ff9f93f928b43111a19c,6355ccf9df74662984ec642096642b7d7fb7ce1e4da1850b93e502fd665cf7dd,90aba1ec488e100acf75d9166fa87a3058f923c7ad9cc6bd068ef90617391cc1,HMAC-SHA256-DEMO,AUDIT-2026-05-STEP3
504,b583f16312367716fcbfeba7,2026-06-01T06:00:00Z,REQ-000504,fb4c90a703ac874dae2f1454,STATE_01_DIST_02_PS_01,a14b960f9d5b88d2544ce012,deny,DENY_EXPIRED_APPROVAL_TOKEN,P-2026-05-STEP2-ORACLE,380d5b8f6a438e97e106188a3efe32f9a5c7294e76d563f8113b7fb806b332ea,1a0a5d966966c8a7d61d298dedae3992edf547a153e9cdb0828f60ce9e5fd9d9,bc0f1f90abcb8b3295640159f1e785b82d41ef5433da88cf818889cf24ee80ae,4948c73f9b05abb556a59fd2c67f42cc2508be2d1a175f6b9e1fd233d7b0481f,8d1e7a57011efc60835577d626b9c442aa8da85bd807dbdaafb5788625155090,6355ccf9df74662984ec642096642b7d7fb7ce1e4da1850b93e502fd665cf7dd,be4ec5c0ebff642aba20633e1c6d3734cb375ce6c7eaaa71258a7fca3828971b,b3a9ac69158032c868436b9bac80408731a98eb086f0d4f6dcbdd8ddedb6bef2,HMAC-SHA256-DEMO,AUDIT-2026-05-STEP3
505,b48e9fd2eaac739dff534ab5,2026-05-28T09:40:00Z,REQ-000505,ed345e57c83b3d1c5b2c2660,STATE_03_DIST_03_PS_03,baf10ec9465354fe201f4e39,escalate,ESCALATE_PRIVACY_SENSITIVE_RECORD,P-2026-05-STEP2-ORACLE,193a73ab65feb6ed57245fe5b03f4efbacc11c1d8a2774c95dd2a1880f1bce36,3c856c788e7557115de467e19c310de7170c23916d463bc15c628fb0a8b12093,887593a00cd4a7b608157a2b8614aa4bdffdfb65117af39ac931533b6a95cb36,09776100bcafd70b0ae9f925564dec4316392e03956e1b7aee787272d90d62a2,0c168512fe13e16dfaf8425d7315e3eb8c80c36da5a739cc80e0068b843e7f9b,be4ec5c0ebff642aba20633e1c6d3734cb375ce6c7eaaa71258a7fca3828971b,5f2c4f55e4144fc6cf925b12e11239689e0097f52f9495a3719aa9ba80b29afb,867e7256982322e980cd869013be88719f803b7b2c725a610f5dc665dbc9c98f,HMAC-SHA256-DEMO,AUDIT-2026-05-STEP3
506,6207036c28b6aa5aa310eb03,2026-05-30T03:54:00Z,REQ-000506,1dfcf9ccdf6fab5303a9e921,STATE_02_DIST_01_PS_02,7582da5fbf1d280dcf845424,deny,DENY_SEALED_RECORD_WITHOUT_COURT_CONTEXT,P-2026-05-STEP2-ORACLE,8c99cce192fbf0805d32a342099ddc72f858e0f9a48eb870fbd7a8310dfdcb7b,ecf28984211e081c773830dcd71fb6d187f3d0a5fb08fe58931413b37a634758,666eb02b36400867affb98660a2f005b8a5fc1b6082febb4aea557417704edec,abb6a4dcb79adcb09818b14007740dff194c190d98b82572fcda8551e4c85c53,26245c35ea7edfa2d760074bd86d7786bf82c3c65aaffb4628babd840e0eae6d,5f2c4f55e4144fc6cf925b12e11239689e0097f52f9495a3719aa9ba80b29afb,93cb2bccf407cce0f2ff4954ce852a9002cc0219ca18acbca344c2b3dea27161,190594e9dcc4cdb50f9547856bcdcdc9676bcd66eafe43f045a836d3f1b5ecd5,HMAC-SHA256-DEMO,AUDIT-2026-05-STEP3
507,7aaa9ebb285cde45a213f9d8,2026-05-31T05:24:00Z,REQ-000507,cdb37082bd33066e73ce6a23,STATE_02_DIST_02_PS_01,698b4ee210401c7be744cc1d,escalate,ESCALATE_SEALED_RECORD_REVIEW_REQUIRED,P-2026-05-STEP2-ORACLE,cc3551feb075af1c6c4d3b8d873059c9853dddcecc0c8b1574fecb35b288c4f8,f21f15a8229c69823310389c7ffb8a033f6f6f5482592a38838bf8238f666ea8,43591afda1577a1ce64df51b4f71b301536c3a82c68bcbddd620149e02a81ef2,43532a647114037975507a8cef8502711773fe693703355ceac473fe7eaaf75f,99937dd7b83ce011eac559977685b5fbf59b53f78eae68715ec28d150d75a09c,93cb2bccf407cce0f2ff4954ce852a9002cc0219ca18acbca344c2b3dea27161,c73ef03a11cc646b90010069f2abdb029a6d305caf8e4baa159a4ca294718cb9,7fed3d55c419de24e376c56d833890417b908ab2f968631a462c78e726ba8a4a,HMAC-SHA256-DEMO,AUDIT-2026-05-STEP3
508,53552d2d36867da645c1eb5f,2026-05-27T16:56:00Z,REQ-000508,02df4864bc93f0037e94de95,STATE_02_DIST_04_PS_02,05c7c986bc49b426bf6cd52e,escalate,ESCALATE_SEALED_RECORD_REVIEW_REQUIRED,P-2026-05-STEP2-ORACLE,ff8f7053b9b0b538816c7312fedea52e16aceecf8e9e0a1aa3aa2f0de9ce980c,f94f17d3ecb4f9c0364aae4138700f1e286462d39ab0f421dff2741a3b7bf1e2,e77f89a0b877486803fff3427a4dea44d5aedbc75aef796718b3d4d6f450df58,86540930a184a23d8d4701b9321db038b83710520659590e71caadd83003c890,d861cad9d8960f79849ba9d5b74de1de67da866b7d3cc8ffc8cd2c29a40604aa,c73ef03a11cc646b90010069f2abdb029a6d305caf8e4baa159a4ca294718cb9,2a6c1cbf92e4044c674005e5896500e608d73b9e41eb70516c56aed30a12c1f2,ffa42e496d2c316ef864413548f3580301f31413182ee6324fe605a210907a8b,HMAC-SHA256-DEMO,AUDIT-2026-05-STEP3
509,ced6cd4a126a2db8064d2082,2026-05-29T19:52:00Z,REQ-000509,c6c5d38ea874865e512ea30c,STATE_01_DIST_04_PS_02,c546f9235f27603167edda58,deny,DENY_STALE_CASE_ASSIGNMENT,P-2026-05-STEP2-ORACLE,367eff77e3fb10ab0457749710bf85056980bc0ce5dbd2b5c9dcb3580f4fd516,35fe4bd56dfcc07fff142b6838e186a326c6f541582cf87f4ecbf5c4f7828afc,64d08fb0a82167317fa0e536fd0cda4934de818ed92a346a7cbc51e7577ddc3b,8051a24ed4ee658b51ebef1979b90b36414c852e3df2724d94436e3bda39e838,58327789e18296babadb2e46030d5445803e60d08932f9e2b0375b3cee982f63,2a6c1cbf92e4044c674005e5896500e608d73b9e41eb70516c56aed30a12c1f2,e248050d92ab4398cda1a51afbc6fa9e4b673e20df03446eb35dfb3da809f722,b16ea8f3661bba7c75a1e000e61d1656ae50a7d62bf022e8fefdf8249cfe9883,HMAC-SHA256-DEMO,AUDIT-2026-05-STEP3
510,1e1144427bcdd19c60bfcbd8,2026-05-29T11:30:00Z,REQ-000510,733b1499389b250473119b5c,STATE_03_DIST_04_PS_01,05c7c986bc49b426bf6cd52e,escalate,ESCALATE_SEALED_RECORD_REVIEW_REQUIRED,P-2026-05-STEP2-ORACLE,d44fbfe4dd73d3dd2c4c855159ffa1b298ad6d1ec6e306653b1822a51303fe47,45590c325eee73043891556c034004a1e7a74715fcd75ab8ef3c6b190611c386,bcccb2c9d0526d0d2ff3e991b0a3f7b2eff7b2ef0782920bc1829991eeecf321,140c162782e4b3ffe3d4460e3862dd17d137b7e6001e1f1553f2b82d8af34103,4a9f6743ff7828a873690198dcfd245e830a33f4e19b6e55bfd2e7c8e2341b18,e248050d92ab4398cda1a51afbc6fa9e4b673e20df03446eb35dfb3da809f722,ba52f55cbcdd1f08ac3c47856738db701dea833809c1cfe7c6272a066c44d0ad,3ea90dd3e61a9fc027658e7e3015ba4d30e8e8ee0c95edab4dbc0a35c6c6f73d,HMAC-SHA256-DEMO,AUDIT-2026-05-STEP3
511,76e23799172a8030fccab186,2026-05-30T04:39:00Z,REQ-000511,fe7f0fee4990978ba985ec2d,STATE_01_DIST_02_PS_03,48cf890fe5e2b35e37ba9f33,escalate,ESCALATE_PRIVACY_SENSITIVE_RECORD,P-2026-05-STEP2-ORACLE,3e6ef32dfdac90493c5c41c2482814853973bc2243e4c1ca354f6fd0a1a1bc07,af72cb85454f8a694fa0980e689959dcf90b139e014426e3219fc95422141b81,1d1d70ea70f86ecc1d7d312e0807eac81ab7af9ab33fe07fbe6088566ea63188,2e95abaed3f5a79d3512b980d61e450a144ea205706fcd03322c4885f72c0bee,eabd6ed02c18200d30b821b3e9253dc9c5900c8e8173cbb7da03fd983d17749d,ba52f55cbcdd1f08ac3c47856738db701dea833809c1cfe7c6272a066c44d0ad,ff83c3dfe1f9c611143cb9537b20aaae625bc3cc6b41a1bd17ae04079cd497c2,f4e4d7a9be7f7491014904e3f6592c6d0c87a8fcb7efdc8c0195d58da2d62720,HMAC-SHA256-DEMO,AUDIT-2026-05-STEP3
512,29fbdd038374dbe4101b15e6,2026-05-30T04:48:00Z,REQ-000512,22a74f5c5cd00d0646a359b6,STATE_03_DIST_02_PS_01,843cf898ec16befab9bb0dba,escalate,ESCALATE_CROSS_JURISDICTION_SENSITIVE_RECORD,P-2026-05-STEP2-ORACLE,bf514b36fe9a3c3e0e2fa049a2c1b968ff07d4e82adc3ed7c4d076d377d918c8,70fe7e8e3d02c77d9f6c4ac4f374a69cc2a90f0c88eac363f7ed99fb2a6386c2,cff6e4c8b551c1e758420b57ee30576a2b81317d8788f5c5003661947ae3bb79,24d4ecd45e82324dfa610775bb4820ca38054ae1428bfa5d5e3d79857291d9cf,ed5c788f670d7f6ca93fa14aa9e04592db8f86b93240f8ba3edbe1f4cabc82d7,ff83c3dfe1f9c611143cb9537b20aaae625bc3cc6b41a1bd17ae04079cd497c2,05affa926dcaec0cfd119b4f4ade76213b1238af25d0eb16ea9ee96720badd9d,bdc973fdfde431672567b5bf0543d0deded9d0fd8279aa219d2f4b955e33ff6f,HMAC-SHA256-DEMO,AUDIT-2026-05-STEP3
513,ed8e8e23413566dfe9548614,2026-06-01T08:15:00Z,REQ-000513,8d48fc84d688aabaae7c6986,STATE_01_DIST_02_PS_02,14cac1db740ca3069e8c9406,escalate,ESCALATE_PRIVACY_SENSITIVE_RECORD,P-2026-05-STEP2-ORACLE,310cc81c770d9d54844721278f6a16a6094a2ebe59f7c5c718253ad632da7d36,db30b296d7f03a06451181b80a1c31384aafd3b55dd8ab5703c1e12ac0c6b3a4,953167bf24bc0ba659937573d75f5a09e49673fda26205e6f59fe6d72f2106d5,d987dd0266aed82f1a72e4fa97c48c3137f4c466a622d9fa01c1f54e21feecab,a21e5062bc42c6da895dd986111abbd16c12c5c67005a430facac540e491c92e,05affa926dcaec0cfd119b4f4ade76213b1238af25d0eb16ea9ee96720badd9d,b7408d78e8caf6dbfdfb223048150204f32b65287b9bb44047d0e5125843dc81,3a08ce11aede4b2a0d54049eeba75bb000ff470b44af2d27a59547bb6b7f9103,HMAC-SHA256-DEMO,AUDIT-2026-05-STEP3
514,f533fd75357d437ccc671a30,2026-05-28T10:16:00Z,REQ-000514,5e223aae914ba42e97c387c1,STATE_03_DIST_01_PS_01,c029e206494d47d41682de9a,deny,DENY_SEALED_RECORD_WITHOUT_COURT_CONTEXT,P-2026-05-STEP2-ORACLE,534b1de5b820e62f4012d003db073b832bc5370ee9800f04eed31912e6b565f5,bd32099b3a7478e2a8342af0cbb5eb8506c072c0519985e8d3b520fa7da43f7e,2a27b36ee806a07bac8fb35702c70ccf7bb819f3822aba1bd06233ba9326b99a,83fec2ecdc3ac3a737f730c5050e5160c939a9107273117191c1363336aeb7e6,76612644429cb8c4c78cb2e260912cc1fcc27e785c4d68b8c3861f01ba07fa89,b7408d78e8caf6dbfdfb223048150204f32b65287b9bb44047d0e5125843dc81,a2a21b3b2adf7c6bab8a08b54b180c1bfaf69d1f0edf463b351e97250aac7f72,ddfbad475c307e701a536b4819d0aaefcb9d6fbea39a18c5108bbbcedb3bee62,HMAC-SHA256-DEMO,AUDIT-2026-05-STEP3
515,7a9209c6246b9b2fc47c7cdf,2026-05-29T20:40:00Z,REQ-000515,782ce33054ac702eb25bdce6,STATE_01_DIST_04_PS_03,5d20a2d5caff676d0afb5185,escalate,ESCALATE_PRIVACY_SENSITIVE_RECORD,P-2026-05-STEP2-ORACLE,b9fd7463945070b8c4eb7af91d2fc01b793905a445c863a6bff1e78ba58182cc,6ef147ec021ae905618ec170c7798e38d0f026318a868af6937cb325eba19f6e,33177bacc7b7c81f8481a7f92fd13dad398db47b1267ea239a123a0178736848,9f499ca655961f4f9a49265241561ba133c61fb7527cc7d9b9265e69b29022b8,ea23d7266ca984e069d7cc1e8098f20155ffdf5bfa53efd30db3b36192c7801b,a2a21b3b2adf7c6bab8a08b54b180c1bfaf69d1f0edf463b351e97250aac7f72,b13a7d9dd35605db2f5ed7d437951e8cc4954ce0a6e288a67a9b39abd770ea25,60696abd909e231ce23f0acb951fc1a0421797623fc4ec0437332386de777230,HMAC-SHA256-DEMO,AUDIT-2026-05-STEP3
516,49620ae75f21fe4fb23759ed,2026-05-29T03:36:00Z,REQ-000516,ceb8bb971ba08b4df678d1fa,STATE_03_DIST_04_PS_03,c3c560b7671d3f284c65f621,escalate,ESCALATE_PRIVACY_SENSITIVE_RECORD,P-2026-05-STEP2-ORACLE,73a55378b0605e9d1a7a787e32a09d68b50694693a3a70e6357a725799b98c4d,358c6304f8ef281aa22823ad4228b4455e37f7a9b2ace3e3ef2877ac5416a1d3,7905cb9ad1d3b7463fbc9a5632d2b12f2891970dfaf90cc69e0f65eef81a2727,9d17f43c1b94af132f28d65d90829f64e8456c18526b5d466037c8fbf26336b6,04f260167f60d4d12cddd46aec235397f9652bd523fda9dbe1e41f01b47d8568,b13a7d9dd35605db2f5ed7d437951e8cc4954ce0a6e288a67a9b39abd770ea25,914c5ea480090cea1b2b56e07277ad866d1b73cc802b5606ffd29c563fa9310e,b81b533cfd6202d813fd69172c1f3a5f6ab555642f2896c58927f42664826535,HMAC-SHA256-DEMO,AUDIT-2026-05-STEP3
517,65c7c98218f5dcca125b455f,2026-05-29T03:42:00Z,REQ-000517,47e9daa6a9eddbbbae1d0bd7,STATE_01_DIST_02_PS_03,bddbea36e35c483e079157c2,allow,ALLOW_ROUTINE_CONTEXTUAL_ACCESS,P-2026-05-STEP2-ORACLE,d6c039e09ada510196939f804ac8d052674355034cca7a564713fca1b0e048ff,1d215c0fe487ec0867e0171444fbc24338c920126a0380eb9d0fd59e204fcb84,f8d525294bd44c4dd4f148123e71d377e6d7cc18578d701aebd9dc0221a7a8e0,3fe367f8d7b9f60dcf1063d415840c3baacfec44accc6983486c9b3de6176116,bdce438466e30fae29c803aff21d5ec2f13e0d400b1779a8abdd1c2231ce0b46,914c5ea480090cea1b2b56e07277ad866d1b73cc802b5606ffd29c563fa9310e,3d19172d12d7cdd14f31c251989dcdcd5ed09d7e16c50bddfebbc3b5b2f19aa7,d96f14c9acb7a5ab1aaf7f1b92aa68d5c7aa3e035cd3af340d58b352a8601ab8,HMAC-SHA256-DEMO,AUDIT-2026-05-STEP3
518,1203497e1486b48d33630a90,2026-05-30T14:20:00Z,REQ-000518,6734000e8363d6ae298dddfd,STATE_03_DIST_03_PS_03,673ba424a3a4663dda643f8d,deny,DENY_INACTIVE_CREDENTIAL,P-2026-05-STEP2-ORACLE,f86d842a3f9dd7359faffb2dd07193152126d8d285f5c87468856eef5002bc0a,11c5ccc86dc070a2e0da6730c05faf5d4356eacb31ea7bfd534c8ccda6a95c48,05f336889ca4bda904f9d1518c7cc730cb55bd60a6fe9472047ff8808e011930,d465d1b24e7e114bac34e1f3451e66e5629fe65e958d3cb31ee3acc00db4dc85,5310e440941818d6de70e04b6115703549347d031418ba993557dd6008f96107,3d19172d12d7cdd14f31c251989dcdcd5ed09d7e16c50bddfebbc3b5b2f19aa7,317cbf82d68dfd4ebcf6c8845d941a2ea51a6a960077bf8a7a4b877ebc052529,2a98cd957aa9188a8a5379089ddb53bb13422b3a67b5008b6bf0e9e801ed1d3a,HMAC-SHA256-DEMO,AUDIT-2026-05-STEP3
519,cc96c9f3df75f377dbbd9c61,2026-06-02T03:03:00Z,REQ-000519,934e26f772b73b1d824939e2,STATE_02_DIST_01_PS_01,503913487f4adab6b2f0d310,escalate,ESCALATE_CROSS_JURISDICTION_SENSITIVE_RECORD,P-2026-05-STEP2-ORACLE,09ed4f7f109e3274ee5dfbe4fb3dc875718bacf2c3aedbd5788c3d55ee019f17,048e8679f30962b27ba8ca4b1d6393656a6888166fb2ed213cdcc6427075c874,70fd990afb21c0b86bc109fc4ce0f1e6eefb9503ed979cf13616ec12c58ea9a3,70be24c7aab6d39f4eb69bf5db6b87aeb8c3e8da21b9766ba9eb388ae7464637,88aa265b9af7fa09c3b5411e357f56e84fff2e47012933787d3d46d8cedaec6d,317cbf82d68dfd4ebcf6c8845d941a2ea51a6a960077bf8a7a4b877ebc052529,213031f38b9d77eef2e083482ef312e3a715427ea29c49ab1acb7196de018cf7,b411d60061e60d1b56ec9ef1afe806c48a188d8ee0b439baa0a48e451263d855,HMAC-SHA256-DEMO,AUDIT-2026-05-STEP3
520,547cac7faaa535b8a1dd6d19,2026-06-02T03:20:00Z,REQ-000520,0d893c2441da140e8c46fc54,STATE_03_DIST_03_PS_01,013db09002c5359870535b51,deny,DENY_STALE_CASE_ASSIGNMENT,P-2026-05-STEP2-ORACLE,fe0a299550f498732f6d5bf05cc9363b8f55ab80cdf44afe3c637e90a7cf8612,d2253fa7c1a7ca3b3eb1ad6ff7f62c5b9812e134852529bc8e192ad0800e1e32,b30d2f62c76926dbdbb55e5e7afbbe97173055c6e2c5dd09ad209eecb2675cbf,aac8aa2172a1d356211a25a0b7c553eef3dced8bb7e1e10740fd6c7cccc55e0b,11f6fdfdb3387fec296996b9280d1337fa73c7225ff9959af5a41867d7820d72,213031f38b9d77eef2e083482ef312e3a715427ea29c49ab1acb7196de018cf7,ddec5f6318eb9716e0db21f46ad878b73e2821fcd9b5c78b7db92139490f65a7,7961b6f4d115be7594caf2bf06f8341f2a5931890d9468729c0d0062f67c94b5,HMAC-SHA256-DEMO,AUDIT-2026-05-STEP3
521,1f2124a1b67177f59f916e68,2026-06-01T10:15:00Z,REQ-000521,b0f05da9786602e3afcbd606,STATE_01_DIST_03_PS_02,255eef6a2a2326cbbe551f51,escalate,ESCALATE_PRIVACY_SENSITIVE_RECORD,P-2026-05-STEP2-ORACLE,04ee2636c29490cdfab7e78096db1cafab9cfcd5985bfae1edfa7699a3a7d643,c1877fd7704262f22cc11f6871bfd2ed7c449ede2f666358a7b85de154ce5fc4,bd988638f78c01d50d8bef0266dc8b6721e57e45dcfa8edfe94ec538adf46b0e,e50621200c20329e04c37b00ed97fe941040379549fd97153e7ae2c3511fed10,f1eea8a3ec47e42206afd26c47014c5040c51ce2e3a3bd459cbf159937800fcc,ddec5f6318eb9716e0db21f46ad878b73e2821fcd9b5c78b7db92139490f65a7,05d2822fbe0080612d9d1209bd8cec9de7f2260ba78b18d93caa4e063a6c3193,be2f613246e5928ad47c5f5d0a95bd233a1d78e4fe373cc850730253e40ebd9f,HMAC-SHA256-DEMO,AUDIT-2026-05-STEP3
522,ee492efdcbaa969b52b0974a,2026-05-27T17:24:00Z,REQ-000522,b6791729f7de52114f8f5aba,STATE_01_DIST_03_PS_01,d16a47696c0bd461b5abb533,escalate,ESCALATE_EMERGENCY_REVIEW_REQUIRED,P-2026-05-STEP2-ORACLE,65ad04a5f3235ea79e18352bc7311f999af8e343cff102dabff9b7abbc91a9e2,1478e9adb8b33bce9768c09531e932a4c789d82970e0edbfaec3133cdbe40ccc,d528106b2f8ae157d3dd7a52ee329992c756f7357e2605f92211cfdcd7cba113,fe425bb57e2e91f2047a128bc762a426a7787942da62bb8ffde3b788cb8c1755,97814d04b56bf21f3b0bc98b6d76661b1e48f8e8f0d100eb9d10d73056edb94a,05d2822fbe0080612d9d1209bd8cec9de7f2260ba78b18d93caa4e063a6c3193,7495cf4d0f3fdad97379f14b73c4a620c0fd65b0c98d03fad460390abb3cc725,e8115bea6ec27c1268f9c87d7544447d44889357821cae298f0dd3aa938db082,HMAC-SHA256-DEMO,AUDIT-2026-05-STEP3
523,f0d1cbee691e4a437d4ae685,2026-06-02T04:11:00Z,REQ-000523,c3da23329ac65eb7b3af694c,STATE_03_DIST_02_PS_01,467e4eeac859b0b49846ed99,deny,DENY_STALE_CASE_ASSIGNMENT,P-2026-05-STEP2-ORACLE,85d06b8f9d58f9f7ec5f962272c971d39a45f1651b7bdaa8f8437ae661a15e56,11b20124e1ce2df4d16ac76762fc5785b444e2dcc4801ff30d324ac5e7eb7502,290400df6f329cdc13e597483e51f894109a512756096ecee0355fa0f1cb5d42,574542c69804b23e74c97c4f65cf7afbf68636c5336de65ff2eefbed9f74866d,a4dea0d46e8f4856168bb8621b7d804b3dc91802a730efe3ed49c13d411acaea,7495cf4d0f3fdad97379f14b73c4a620c0fd65b0c98d03fad460390abb3cc725,156a684d62442d7dc22fb5a587e774e6b2e84e9e56123a77d908fa864e741ea1,0d99de5b812df188b922a44c27090c92f7a656a0a7cf28d7f64a767198081012,HMAC-SHA256-DEMO,AUDIT-2026-05-STEP3
524,f588a695837403ac074b8c91,2026-06-02T04:28:00Z,REQ-000524,750741a21ba1ad37a768df1b,STATE_02_DIST_03_PS_03,2bb01093000cff150787fcc9,escalate,ESCALATE_SEALED_RECORD_REVIEW_REQUIRED,P-2026-05-STEP2-ORACLE,0e6b8335fbe88a026c280101e0cdf04e6ed257354c4e4ec052085a12a48de6f4,7dafd3ef9ed9d3b4eb53eb8109f54576e523bab9e1face9d7fc20db8221266c0,b34d5464e240bcaf09d112d012bfd1288e7f4655095ae1970951c35e015389b7,19cc9a87049905a7e6682e3f7f0b1d20f0656bd565153e0c171f4d6e48885d4e,6dae5db63ef76c39188dcc8cf1c063186ddbd5c2f842a3146a6dc7231f54a9ae,156a684d62442d7dc22fb5a587e774e6b2e84e9e56123a77d908fa864e741ea1,a3853a6960ecc759455bf9077434dd2855fdbe05686b6e74b059fe72eb8df192,94b7dfd87dd3955bbecf339db4964bd7e031b75a77914e2b0d924c1bfdd23ec8,HMAC-SHA256-DEMO,AUDIT-2026-05-STEP3
525,dfee16d181400e8427b1acc7,2026-05-30T15:30:00Z,REQ-000525,0c324b29f9a967adb599bde0,STATE_01_DIST_03_PS_01,1ed90992e302a5bc0272cda1,escalate,ESCALATE_PRIVACY_SENSITIVE_RECORD,P-2026-05-STEP2-ORACLE,03fdba90fffeec85a7dfa870a4dd94c15bf7da52dd822b3eadc77a684d4d024f,a6d43fede64c1b21f19531244070760c0517cdc064312082e32e463017913af1,251d82400cfbd036403db1ea5b7cfe0aff57e2b77cb4a3cf4cf51e141eb8744a,777768fdf9250056704fe6c6e1c0f3b874dd1cc36a17da79c66d7b6974d90dd0,7e982f32409475eb3be35d9980f8722b720aedb0fb07c80470d2d4a34d73184d,a3853a6960ecc759455bf9077434dd2855fdbe05686b6e74b059fe72eb8df192,0b6f05760a4170a68945001d00ca06398717e0a83bb20a5ffc894a17126544a0,2f388bb1a78b2b33c87f9596557040beb2e19bd3cca130545066678c1fd5cc1c,HMAC-SHA256-DEMO,AUDIT-2026-05-STEP3
526,d28217c1ae4617131e8bbaea,2026-05-27T17:32:00Z,REQ-000526,71ae00fed2507668078d658b,STATE_03_DIST_03_PS_01,f918883e0652f9e5806aa095,allow,ALLOW_ROUTINE_CONTEXTUAL_ACCESS,P-2026-05-STEP2-ORACLE,7af6500f7aaabca6b74025c213407055938a2142ecbbc130497002ab575fb605,99f4d6c5d7890fa1191148f688c68b1542c3df87d6373242cab2a098f7fef64a,80517398b55ce57bef4fa05dfe315761f4680576e99c3b76c0219e16252b6ee0,328f8068330dac18b55c17c568ac9ca765219ba74d23d31f644e5397cd117ae4,206c7eeccec64746b4a7e18dd97e4cc34544bdeb75b19caefeb80b334f792e73,0b6f05760a4170a68945001d00ca06398717e0a83bb20a5ffc894a17126544a0,0c3307d8f87b58be71f0b17d524ac26a92158f055b2a8a4d89e6567af9a6bbbb,15f186df7319dfbec9e9244884b75e6eb7a39ad4d87b9dafa380c55fafedf551,HMAC-SHA256-DEMO,AUDIT-2026-05-STEP3
527,92f4d8a4efcdaa7e33498c85,2026-05-29T22:16:00Z,REQ-000527,f59f4c244c14d1c05b3b5fef,STATE_03_DIST_04_PS_01,5dcb9cf611c085fc0a4c3283,escalate,ESCALATE_CROSS_JURISDICTION_SENSITIVE_RECORD,P-2026-05-STEP2-ORACLE,8977b5b4c62a1e81c680a9da7d1df5278396513536351243230a182f7bd0fd95,d27d728b9067e0ea6433067b1d7347ed34649b218d369730a3c5789cdc26acfa,da073e98e4bcbf55de0d08ef3f59a1c947047924dc106eb42d2072439f087dc0,6fd2834d43143a1396371d541e36ee34662c1e890edff1c08e5034d42f2eda58,568355fdcec1b329c536c064c5a1bd45955ecd187dbfce2a4a75231e6581b5a4,0c3307d8f87b58be71f0b17d524ac26a92158f055b2a8a4d89e6567af9a6bbbb,9ab3ef57574f9cda8a71fc222cd7c6e60f6dacd2a2fb1c9eb91197085ee2a92d,29c822064febb563678b54abb99ad565af53526b8fc2f98972ff5ef19099b761,HMAC-SHA256-DEMO,AUDIT-2026-05-STEP3
528,594cf1b158b8e818f2b14407,2026-05-27T17:36:00Z,REQ-000528,2be0332c4385b770ea00150b,STATE_02_DIST_01_PS_02,2f09515fb47c95c60bae3db1,deny,DENY_SEALED_RECORD_WITHOUT_COURT_CONTEXT,P-2026-05-STEP2-ORACLE,b7c164cf3da68a1470789d71f9c2f8a16509865e40231f78c73f1278867e5d4b,104fac6aa7c8e1f300cd4e316930bc98e71f42a5674065277e04e960495d440b,02b4f984d2ecc41c892d8a185110c864af5dc725ba450d6dca95ea9dd7228a2f,b8e82967c61b88d4cb49895d0f681114a215612ff7ab8f1fc3b579413207192d,e44798fbcf5b18b8ff62a0bf9af245e813ffa8faf307af85289adf546c7a42c8,9ab3ef57574f9cda8a71fc222cd7c6e60f6dacd2a2fb1c9eb91197085ee2a92d,d2d7b78b935cd03a5808a2bb10e0590e74724031efd1c230a36c5a4e7940ef5e,e03a885fe3b068f0ad5ccf8fbf00464ad6d0767db8fe4367ad3bdbb89a6f0f71,HMAC-SHA256-DEMO,AUDIT-2026-05-STEP3
529,b5373d40afa2c53fabe70a78,2026-06-01T21:04:00Z,REQ-000529,cf4f97b5eda3195f8d5d3726,STATE_02_DIST_01_PS_03,cd84e4f0dd8740713e22e1aa,deny,DENY_SEALED_RECORD_WITHOUT_COURT_CONTEXT,P-2026-05-STEP2-ORACLE,68c99bcfa095222bba58ec1b1a9835c9e1122a77c4f768f126fbc9b9bc8d22a2,8fe9313451bc98b5222b19fc7e003db156a952ae9a7375fd2ef07843c34cc45e,6974850788e8c218999903404f6310a03fdfcc22e88fd5d702842b951db48b4a,f4aaaca4a6eec671cb93f7c7e80aaca577c61f646f4292e42c53f2955fa05249,597cac1729204cede06f7185cad3bdc58d7ea3e8881314f0745df024c5d64893,d2d7b78b935cd03a5808a2bb10e0590e74724031efd1c230a36c5a4e7940ef5e,a8db61a69e8a6f57bfa7f2f8a3c4e4f537f9449f2f21c8cc90fe210d8c7c3415,08b458dca126475d66d2840d24a46ded8fabc5b9ea16b4da409ad8eeaccd3659,HMAC-SHA256-DEMO,AUDIT-2026-05-STEP3
530,24dfecb048a154662367b79a,2026-06-01T21:20:00Z,REQ-000530,750741a21ba1ad37a768df1b,STATE_02_DIST_03_PS_03,5a2346d627dc5abc734fab91,escalate,ESCALATE_EMERGENCY_REVIEW_REQUIRED,P-2026-05-STEP2-ORACLE,e75284604d0f13913a60b317daf8bcfedc370a478192843b1def5e12f69d5bdf,51003a88dd315cf800a6438287074d26eaea407c8ced227e5df6a9a7a1e484c7,253114f48f4d2299c73b83bb147fb719cb2faf20d3f1e6fd91f0dba09566eb51,0efbe7ca39151bb6f61258f552386bae98a4283f02177decf948516e6b908089,64397c1504319871ac454418a8a29a1ebfe23a500862d7f7fe34f3ca78da448e,a8db61a69e8a6f57bfa7f2f8a3c4e4f537f9449f2f21c8cc90fe210d8c7c3415,1ab26d9a999627f270a87c0039d3dbb6e322e128ff9ecbcd2cc1b112c46bfff8,8ae34080220673ad9329b8b52bcc56316c73832e4c4fc0a0a7669cd00607d50f,HMAC-SHA256-DEMO,AUDIT-2026-05-STEP3
531,61b6cdf6ba62d487b0de4bea,2026-06-01T03:54:00Z,REQ-000531,7ee6e3366f554e7379c63997,STATE_01_DIST_03_PS_03,9b8a6086df4407004a417807,deny,DENY_SENSITIVE_UPDATE_WITH_LOW_RANK,P-2026-05-STEP2-ORACLE,8015b2f9a706211351eab9df53c07825b3205f35e4e03d3bf23da160f9968a80,9d37b3e23b0a22493c0a28a52de7ca347c2dcd120741f2c17b179c3a4976f455,d39c0b384c0f2f5f6b34f7576f7f968597c7be935e5f327df135dd6626aabbbd,d7d1ebc2f3239feb85494a88dcb32402ee497e9e69ba6f625b7ebe79a7568377,6c7d52159b8d7d0c1cb57d877eb02b238e6881ffd39dfbf019565c3aaf954e3f,1ab26d9a999627f270a87c0039d3dbb6e322e128ff9ecbcd2cc1b112c46bfff8,a3f2a44e7f127ed8b3405a2d966942802bbaf1ebcd4558c90444c97fbe0acf20,533e25c8310b82cace01360169b9184f9799bce36472ef62239c10b3603946d0,HMAC-SHA256-DEMO,AUDIT-2026-05-STEP3
532,0189e63d231e93d31ec5cf30,2026-05-28T02:36:00Z,REQ-000532,5d29ee05d50fe82bba4375d8,STATE_03_DIST_03_PS_01,b3d1d2f79d5a7ecb8b5f0667,escalate,ESCALATE_PRIVACY_SENSITIVE_RECORD,P-2026-05-STEP2-ORACLE,9494339db74dd0d98bb54f4b2ff7136d1da602c70c5821da64c5cd1cfc2fa036,8462698517d3379aecb9431ee5e29ba4124532f158d1d81f9fb3f716ab8f60e7,c5a278249b6d8fa0c9e5832e9c812e3f547f6671c0f265b4af41304568371f11,b7614dc0806d3f1da84bbc5ef2a5c2832720a3a344a7d354657afd660e0bd15c,a0744cc30f10542e0ff069912a2ba03c73139afa486024631c33a8b670038964,a3f2a44e7f127ed8b3405a2d966942802bbaf1ebcd4558c90444c97fbe0acf20,13bc54a3ddc7f4ca725b8b7adc6b08a96bb8baa0b8d86a72074bfdac89180390,320f426739a3861978d156983204ca98170fc84602dc97ae2cff6b8a0e836d7b,HMAC-SHA256-DEMO,AUDIT-2026-05-STEP3
533,469ba932874c6c77fac93f14,2026-05-30T07:57:00Z,REQ-000533,4abc3e055d213fe06ce85aef,STATE_01_DIST_03_PS_03,afc66b49673d015deb1322a9,escalate,ESCALATE_CROSS_JURISDICTION_SENSITIVE_RECORD,P-2026-05-STEP2-ORACLE,a19e609377ba9743f7204a0b96b26601e224dd57d7a3a1c90e75b9c6fd8c083f,47cd2c13176bfd27d3f4218b26df014b061ccfedc5d8bca43a93a789b563c670,794804237ea05142d5033cd8c959fdc4e46479e967e2dba8fb7309c65a4235d4,b548a38413ef49442284c2e4cfb7443d814ca1f76ff5e2b50bdfcd327d2670b4,b1fdc4a56696361f47f35a3dc9889a35332fe5d9f19c385999492d07434228ea,13bc54a3ddc7f4ca725b8b7adc6b08a96bb8baa0b8d86a72074bfdac89180390,619b70f0ea1f9ee73b6256e1eed3016266f2cc2b195c5e63dc93e91d8fd93365,cad5f73560c658662c74982718cc878d0ed219b2b2bec05a6cf2cdcff0aeacba,HMAC-SHA256-DEMO,AUDIT-2026-05-STEP3
534,c75b2dde5a95a3f070ab717a,2026-06-01T13:30:00Z,REQ-000534,3d428018fa91d9e32fcf8296,STATE_03_DIST_02_PS_02,aecc4eeab743055519b9afaa,escalate,ESCALATE_CROSS_JURISDICTION_SENSITIVE_RECORD,P-2026-05-STEP2-ORACLE,ecf36a5d85fb0e1f94276a9062d1b0373b42e69a6da94eeedba8f777b9afb1bb,67cfd742de772a3b842e8d277186b0e1ac33a0c987ae3a10441384689dc6352d,fec1b7474ad9102cca8fd22b08c565f647e6dfc6087ad583eeab60ae69b1ca30,0315d09e1215ee11b01b99336d2fec7e443f66248e00e8dd605644c7d7a25d38,eefd35dcf98207a36dd79510730b13f756f3fd3163df5c07f293751dcc0f0e7e,619b70f0ea1f9ee73b6256e1eed3016266f2cc2b195c5e63dc93e91d8fd93365,9502e3e532c2c323d61d8a3e71a0051322b94715443d32e14c2b8988b64970a6,512706197fff01605c8889d17a1247a4fac5dfdec887a7d3b5fb81ec6454755b,HMAC-SHA256-DEMO,AUDIT-2026-05-STEP3
535,79e659cb42f3eb8e94f93f69,2026-05-30T08:15:00Z,REQ-000535,f65ad458155d09405f8da86c,STATE_03_DIST_01_PS_03,4ffb3f05d4241456901410f6,escalate,ESCALATE_EMERGENCY_REVIEW_REQUIRED,P-2026-05-STEP2-ORACLE,110dd7b55b6136df5a7de837cf937b45a45087a18963567c746e0db0b1509f4b,948e34477b23a01b1f1f5ef7da08131a54b995427ea555cbbd3fab1cb0ef58e2,a082518f40c43b4b4e7bd24f5d359e057551871315bbd683a9701131d031ed56,374ab01f99c70164b49a75e9aff77bae28185021ba28981bf7a44b4abfbce409,f26a6f78c27023b3004b880023f26b602185094761c0e8a4121ccbde13b53f51,9502e3e532c2c323d61d8a3e71a0051322b94715443d32e14c2b8988b64970a6,3df2c036e3c544d6c9290e42a052b698ff560ee1661bf71ff1a56cd35fd6054e,3538af2e8128913c53b3ef7e068678a297444ff8d991fec8d91076cc278f80cc,HMAC-SHA256-DEMO,AUDIT-2026-05-STEP3
536,486de47fa28d6436baab7a16,2026-05-29T05:36:00Z,REQ-000536,2be0332c4385b770ea00150b,STATE_02_DIST_01_PS_02,858b3fe36acc7e4e879f12b7,escalate,ESCALATE_PRIVACY_SENSITIVE_RECORD,P-2026-05-STEP2-ORACLE,57082a30d1703e0abe9c00030d22e2f1857a3d5d6712f763f5bfe3ad4505b5c7,55727706bd1d81296af85119678e36852614968f69863d04625983b5c20230d1,7566c908df6852c1612805dea0daa96c6c9b41b5eb48ae232d6c49817b82f75f,07e124af94bac07c9fa96b062aceebd4d710dd2204b445348d958f04faacb825,9cb316df9499de98bc27ed42b4e82d8325169e524c1577cf5c327216fc79e6f7,3df2c036e3c544d6c9290e42a052b698ff560ee1661bf71ff1a56cd35fd6054e,ab88d5d5eeab9cdd74313d7173f334f06a058402c945062f04beaedb2449d923,f4a44145e8e5704b4f76b9f8940d1b4a32be3e5c73721a160ab5f0819ff24829,HMAC-SHA256-DEMO,AUDIT-2026-05-STEP3
537,4e7d610669474b8dcd5cebc1,2026-06-02T08:09:00Z,REQ-000537,d3ba9e82379b9a1fa09b884a,STATE_03_DIST_03_PS_02,681b4f93de08437e40966100,escalate,ESCALATE_PRIVACY_SENSITIVE_RECORD,P-2026-05-STEP2-ORACLE,0a30553556a6a256cb303e43ca3976ffad3d79c450068ad5ba5bc95008db6042,7b47469dd5faf8a58fe96ced3e185d0251e33df221feef3a7b92d508947e8599,4a0b23bf6592413dd3873a966d28080278f9e9a7c7b5a834c8b44178febb4711,3a07aaaebd6a2cc31139e05a5adebfbce51ebdc1c8dcecbed3fd746baa11f3f4,20cf2634f593597fc0d84141e40b8cc04a9bae1de65b2cd3162c999ba8c0ea29,ab88d5d5eeab9cdd74313d7173f334f06a058402c945062f04beaedb2449d923,8f5bf78c111c1297ce43bf58d956a2f75d0474586a160c99fb34d35239b7a0f4,add9d3a9fb5ee8958a938c36281ecd1dcc687df6d6947851158eb51f5da8796f,HMAC-SHA256-DEMO,AUDIT-2026-05-STEP3
538,3d55103baca91c30ae979d2d,2026-06-02T08:26:00Z,REQ-000538,5d9a86e9bbd1b3774caee2db,STATE_02_DIST_04_PS_03,7f770a6365675e0331fba489,allow,ALLOW_ROUTINE_CONTEXTUAL_ACCESS,P-2026-05-STEP2-ORACLE,3c420334d7a2030c17ddd1bd77ef57896eda52bdc32a9679c6bf29c520fe53d5,c5bb26574b92086b2e96c08e5b2393447d3052d4ba52a99fe9bd495555a8a831,8066082c20c9dc60f8c03f9801fb33db70b3b3ad5e276509ed4635a4abc026c0,04d7cfb0fa803db71e51a1f8475e23b3998adb1f588fd1a46547e80ccb01474a,52cf015be4e2a5ca496c947a5b8e762c9626be57d01c5c1088e6ff0b9a18f6e4,8f5bf78c111c1297ce43bf58d956a2f75d0474586a160c99fb34d35239b7a0f4,40d5b93f8d03b24a0fa0a1739ede5627e8d6ad72c994047b49acabbf3878e9a7,eda2da2e817824b08a9252b8fa35c975cf15d7780a2ee8160438d0588e9a9e51,HMAC-SHA256-DEMO,AUDIT-2026-05-STEP3
539,d4a26add772301ef078deea4,2026-05-31T02:49:00Z,REQ-000539,ade36a17fa7aeeef7c2513ee,STATE_01_DIST_01_PS_01,b633e7b814cf174a43cb626e,deny,DENY_SEALED_RECORD_WITHOUT_COURT_CONTEXT,P-2026-05-STEP2-ORACLE,0409d5b7745a5eb316b2bba620db5b902d900632929bd00266685c973115c868,d476c088f67c045262499742c15e13f444263f5e545a4a50e711a20aa50e9d83,392acf935483a9851c1344fff05c3c364e994302dd3ed8cc9c1cd8910d8f09f5,16d9dc14f9c0375ce068eb42fba66bab9eeed59595f6bfd5aa74ff10cbb0029d,3a5d39724c53ba034ecc0ff05070ba1bb932d84fc9add2e445ab021a98864535,40d5b93f8d03b24a0fa0a1739ede5627e8d6ad72c994047b49acabbf3878e9a7,aa018d97283081bf64a677adc12b0ef73d8261d0416c04898fa172785baa9b99,a6606b3f62f329d103ed2eecf884295b6ea8ad3f5a4966940fba4e7add941a4a,HMAC-SHA256-DEMO,AUDIT-2026-05-STEP3
540,4d3356c921602822d30364f2,2026-06-01T06:00:00Z,REQ-000540,bacbc9ea0ca5c88caca1fb35,STATE_02_DIST_03_PS_03,8eb6e43f09093badac30f01a,escalate,ESCALATE_PRIVACY_SENSITIVE_RECORD,P-2026-05-STEP2-ORACLE,431fc82c12a652de838c86ae2d643d1b2fd58e31eba813287c2cd47a7745fe5f,08ef5e07c990733be3c6103318e6340fb00a6a48b4206e9e7b0f94f21346afdd,095ddaf7715a104e22726d0ba55bd03d72633b32f64993bdda6f4d3f6fa6d16c,e16ddc20e1c10facaac3b36e6233d0b810dffc07de3b260bc017bdd8dc6e958f,395be2a726e45feb5216383ad081d206e2516380278d45c8c3df73ae7620c20c,aa018d97283081bf64a677adc12b0ef73d8261d0416c04898fa172785baa9b99,388e795d249ce59206861e60ed5fc61808d0b1df6fd4b788518e88c5f6ba4059,dac711b68785d28fc2c4f413be8b284920a35fef2141b6c75b4b922d830344ab,HMAC-SHA256-DEMO,AUDIT-2026-05-STEP3
541,a3ad5ada5c6e89dca31d12f8,2026-05-29T15:07:00Z,REQ-000541,8d450ebb6d2a4135d240f974,STATE_03_DIST_03_PS_01,c289388229db506c0792742b,allow,ALLOW_ROUTINE_CONTEXTUAL_ACCESS,P-2026-05-STEP2-ORACLE,6eb8ae02390f65bc492f9c2c0aacfe52fa182b1d9243572e3722229f04f50347,d5b54b401910b84d265e456f4a83701b56d8f63bd6e789876172faa78a93e542,8246f67f29b3b4c19776b664a842d3df42cb30fb20a8eee2ace948f7a85011b1,528ec7d46f826f952bc2429b1db92d0e3b3ce7ac381b2c5ab5e333c41d0ddc44,88e04fb9cb05f576651b27001c373cf44db87a0ef7fd4a07485baecc238a59d0,388e795d249ce59206861e60ed5fc61808d0b1df6fd4b788518e88c5f6ba4059,5ded671c74c46882113167486a3f1e7720f03be67cb64a2c188025d50c0df9ee,bd43cf2528e4bf5ad3e083602f313ad2192dea84e11b2a81d587de6e3c768ed5,HMAC-SHA256-DEMO,AUDIT-2026-05-STEP3
542,87cc93fb100506646e5da25a,2026-05-30T00:16:00Z,REQ-000542,71ae00fed2507668078d658b,STATE_03_DIST_03_PS_01,201bd2e21b21dd12c27511f3,allow,ALLOW_ROUTINE_CONTEXTUAL_ACCESS,P-2026-05-STEP2-ORACLE,d944bb3aa0f8afacbc3b0070c16e40c59c39a3f823d249c161f25b55f9c848cb,da5e090e97e034f54ed3e35f212dc9b8ae52fdd61a049adf082a8714b73e9498,8a727f6cdff29c083850170830a484f5befd58910734eeaee2d8fe70fe8878c9,f5a62c3c9546336b1a13abec2dc4ac4c8d6e18210f8da9ef0f8f3ae5551bce0e,9b2df0eeb28ae8cc32151a127e82c2126a61c250b9306c3a4e910c79ebb9800f,5ded671c74c46882113167486a3f1e7720f03be67cb64a2c188025d50c0df9ee,4087cff74c93ff15c5dd6210f4f05bf84548cffa7611fec4973558a527e3f7e2,82789a1166811f6469b7e29920f345ec0768f264034e3a4813fc7f4205650c06,HMAC-SHA256-DEMO,AUDIT-2026-05-STEP3
543,0ffa4389703fcfef9dcf4fa0,2026-05-30T00:24:00Z,REQ-000543,2747b4371f8a7719020e45ce,STATE_02_DIST_03_PS_03,ef42f5a6dc2c41267c313d66,deny,DENY_EXPIRED_APPROVAL_TOKEN,P-2026-05-STEP2-ORACLE,5a804bf2ed10b0923f97061cd53b64d4ba21ba8159a998b18cd54f202f121330,587ad19d8058d121ee8135130724587bb644b560f50907b5615fcf40ef26f8cf,e5617add4d087c5e05ac190134c0b83eb2a53cda68790b6170ee7d4ce146ed99,e3e7502f781a13633189585ebed58a2707ce3193038bf57cf91170faf481b377,a21464784b026c2c240dea724c17a8cf9c899e765471d7efeabf574a4697ac9a,4087cff74c93ff15c5dd6210f4f05bf84548cffa7611fec4973558a527e3f7e2,cdfa9e3becc5f485e02f4f4a24289da6180f202d70fc31c50059fd26b92d73bb,d5186c43a8f6989e77bcd4ef4d749241d5c7da4950bab7f82a427ab83004d276,HMAC-SHA256-DEMO,AUDIT-2026-05-STEP3
544,1cf08bbc0fdb5bde80157007,2026-05-31T12:48:00Z,REQ-000544,5226641dfbffc5688ec0818a,STATE_02_DIST_01_PS_03,05fbaffbdcc8ed96f536c6a1,deny,DENY_STALE_CASE_ASSIGNMENT,P-2026-05-STEP2-ORACLE,4ffc83298d102f5bc38ffb8c82a3a81cd77e9cf772bbe4d7696f9f74c04685a4,8b3b96954a485fee6a08c28c72b011d8538611322a83188b5004db2094721f79,6564f7b5139530cbd310040fbdf335bb0c990d4c15b15fed9149a5e305ec6ece,1ec0959f410434402b8f9aaf84942356df1a491e7f7fad65cd98df03c9ddbc43,e9a52ded18f3b5aea2279651187f08a134e3ae35d8c05daa902c3850ef1bd4e8,cdfa9e3becc5f485e02f4f4a24289da6180f202d70fc31c50059fd26b92d73bb,05e78d14305ea7c6251f2a854e117c4c13aa17efd42146e1338979e1be759080,a087b3a16a9b716c1d52176f2df05a885a48b689b33d78bfcedf335e1d709819,HMAC-SHA256-DEMO,AUDIT-2026-05-STEP3
545,7d5658f742feb8e8f10a7580,2026-05-30T09:45:00Z,REQ-000545,7ea4c7cce178f9ad9715431c,STATE_01_DIST_04_PS_01,10b28371b7de24a49bde6fd2,deny,DENY_STALE_CASE_ASSIGNMENT,P-2026-05-STEP2-ORACLE,43b2f41cefc23edc6bbb3038e8b04a89e582153d4de2c6fdb9f3ff4fed5c45ee,3aec10c6409d08ec77ef89bd145b9446ac6e600a85b521d7d03a9452b4ebd90e,073909c662da5b25123751df5fe0e61758fccdd8e0f4e2b29cbcfb0d67ba072b,0be75fd4c47ea5b5832a33cb69a49059c4300b02d4b73b60da9c96284b279ee2,15c633a29385d47288d9a8ce692b8c28ce766db95071d708f76eb1143baa3182,05e78d14305ea7c6251f2a854e117c4c13aa17efd42146e1338979e1be759080,d83a8567c23a881add24fa5604c9953bc823dc16baf5c96691bb02877ff41355,7ed2339ba66a0f4e210c8c020c0dff1435a6cf11bea1ea8043b1e1158348be54,HMAC-SHA256-DEMO,AUDIT-2026-05-STEP3
546,8683eab13823528495589f03,2026-06-02T01:36:00Z,REQ-000546,02df4864bc93f0037e94de95,STATE_02_DIST_04_PS_02,f7151781855b8ca96dc2f997,deny,DENY_SEALED_RECORD_WITHOUT_COURT_CONTEXT,P-2026-05-STEP2-ORACLE,e6707dd0bdf85eb78f2b93ca71405cf352631669db57381d057144350e4c9867,f8d11fbd4bada046b91356c7b42359dba4e32f0f339b1e8a5ea3cb40ff5a238e,87e8720761182260515cac973354bd584c977d0abc81d308787195518fd08eba,969ddc1a1d5fd3b6cf094e332971a8b6760319f1067300a8ecc4e1a4dd0e0bd2,66ed1648173ced48f62d69a1771f263fea3a72a2bf7874aa8fdd196afd868303,d83a8567c23a881add24fa5604c9953bc823dc16baf5c96691bb02877ff41355,064c1303cefe9148ece008ce7d8b8c8a914aa323b85ca2c4cdd75bb84cb85fca,bccbd412255fd96efd5e2161a4ef62db34a3359cbe39cbf1d0726f15324682e1,HMAC-SHA256-DEMO,AUDIT-2026-05-STEP3
547,4109eda863d2b1927d528103,2026-06-01T16:45:00Z,REQ-000547,d57f9cfca107b054602e3afe,STATE_02_DIST_04_PS_03,dbc9514c0caf7dba5d34549f,deny,DENY_INACTIVE_CREDENTIAL,P-2026-05-STEP2-ORACLE,77f03ddad260dbdad07c8e6130799e28ad0d3effd4649d448cbe2fb39990e2b1,7351f972aa32baa99bdb11deccf8aa8fe10f80fa40341fcfc96b901612c53b43,c7a8e73f4f4a62faceeb407bd50025c8296ae3f5958a758ba712e5ce0a4440d9,f0ef6145b8661ee365a4b34b349ccc7ab6a65a3745b7b40bf0db049bf952edb0,49234a0eac1c0451fc01b7b8f4d532f2a94a45bfd51430564658028b18d81af7,064c1303cefe9148ece008ce7d8b8c8a914aa323b85ca2c4cdd75bb84cb85fca,bf0fcd4162aa20e59e2add6b1e038d2b8489a05a63242e83cecbbf74de1ba38a,b2cee357deb2c37343969f32299c1c6f9b90ecd6df21b4d0a9ef0b02b63324bf,HMAC-SHA256-DEMO,AUDIT-2026-05-STEP3
548,1672a5a1a7a2745aae916992,2026-05-27T18:16:00Z,REQ-000548,71f10fb896bfac44fed3436e,STATE_01_DIST_02_PS_03,39d3051b583edb8f08d3ac66,deny,DENY_SEALED_RECORD_WITHOUT_COURT_CONTEXT,P-2026-05-STEP2-ORACLE,595c2573730440e1e9e647d7c2f6e391a6ffe0050a7e33c924228fd302f34218,52812bcb28d0193846aab31327c04ff542f002c280337bb3fae817747aeef4bf,d0dea08f3613d2592354c586966251bd85a0760ceab1afcd997ab11151f14933,d5a2509031587f510375d83b0f94924181b897dfd7ed74f7f4685245cef039db,038b1bf9785c8adae89e8ec54a63ee0258c4e4d5a3ea0068b277ea0652b2a086,bf0fcd4162aa20e59e2add6b1e038d2b8489a05a63242e83cecbbf74de1ba38a,4156d6836a62ba75fdd1b73546286f1f43b25815c4b7cc72c63f8fd212bea0f8,2ba39fdfe2151839a30dd024e23593fefb470f9cbcdbdcd0b15681e96dd7a5eb,HMAC-SHA256-DEMO,AUDIT-2026-05-STEP3
549,bc8080e8d07dae596ddbd1e2,2026-05-30T19:30:00Z,REQ-000549,58ae919f19aeb7c7f1527d26,STATE_01_DIST_02_PS_02,6acc6042dd574d412fb83e2d,deny,DENY_EXPIRED_APPROVAL_TOKEN,P-2026-05-STEP2-ORACLE,c4766a635b21c463e9fec1d4ac78562012e393c0bcbe90da971ad0d729967641,775b98c10744c50164828637ac56be571de1d18ea8d14f41cd350a39e9c0ed16,492a6c744d403edfbd5088bab2ed7012653174ed62d12cf37d58e62280c73855,d19cc100a5da43377e7b27a63aba72b1338222d13a78fcb5a91aeb9eac708416,02e2e971c972715c740f4cd5a1765d30a47886c3052b183c74ac5e4be301dfbc,4156d6836a62ba75fdd1b73546286f1f43b25815c4b7cc72c63f8fd212bea0f8,7ee90537947e564cdd8520fd66000045f76e39679d948d6ef494650484d7444e,5a2639d4faadc9c44d9eddb993eab576468ae949fce612cd2baea88caa5f8bfe,HMAC-SHA256-DEMO,AUDIT-2026-05-STEP3
550,125a700b6897844248da1a32,2026-06-02T11:50:00Z,REQ-000550,ade36a17fa7aeeef7c2513ee,STATE_01_DIST_01_PS_01,f18effadc3d065c53fee4ccc,escalate,ESCALATE_CROSS_JURISDICTION_SENSITIVE_RECORD,P-2026-05-STEP2-ORACLE,87f7fd738c8cf7214c52ab40257cbe06ff60e61131c5680d17cc4b1a75156043,24fc90e26484207ce9e583519cfe55dc872d7ad25222040fe14e5d854480fbed,fa331fffce031d79e776f7e273f38ff7f70e3d27180e6df3db82045fa0b628a9,4e9556857a888b79777cf48a460fa556bcc1c0ab631607de69a242ca854d5c3a,829d071902e4e534bb294badf5914f8e2c35a4a6415184b21798882ad1616583,7ee90537947e564cdd8520fd66000045f76e39679d948d6ef494650484d7444e,3b58e41d0b4e04b06657c33d6feb37de406b970a5f811f55cb6f1d6ba7c33a9e,31ff621d2fe7fc1468aa0ed45fa961071abf10b68f6ab86885ec795b4fef3660,HMAC-SHA256-DEMO,AUDIT-2026-05-STEP3
551,afbb4f011e6a1b0c7c506549,2026-05-31T05:01:00Z,REQ-000551,2b64c21367370d53935a5e0d,STATE_01_DIST_04_PS_01,720bf6c497722937465299f7,deny,DENY_STALE_CASE_ASSIGNMENT,P-2026-05-STEP2-ORACLE,6701ea325de1548d8d0f21e3884a3750694dae8c71b3f9fe56c386e56ff47ed1,e1d258e10650d748f91c2f4ca87988794905b907f4cea0aeeba87109a77bf715,30984b9469766244c97640bb7c27e51a0846ba8d2927fa28368a3008368646a4,cb5f0f99a1c741ac026c4d9a5cbeca4b204c0a5300bb60a9a148e79131df6183,5997096cae10653385c327d40b10509c3212979179b7fd97668b345c3220ed64,3b58e41d0b4e04b06657c33d6feb37de406b970a5f811f55cb6f1d6ba7c33a9e,12432219eef241b4eb8ccc490df131aef3eaa5a35ba56efbb4d61ed1b9852d0f,8d6262a0b1881197401584fb3d15eb95939551f879d2f8cef3a41bc45d688d87,HMAC-SHA256-DEMO,AUDIT-2026-05-STEP3
552,d068472f744ecebed84c7547,2026-05-28T03:36:00Z,REQ-000552,b9583c7e99cc3289ea585d73,STATE_02_DIST_04_PS_02,72235a5e8373d10e7468cb53,escalate,ESCALATE_CROSS_JURISDICTION_SENSITIVE_RECORD,P-2026-05-STEP2-ORACLE,25ecfd5d2b959a5832c4f508eb7230a957c8463f249f6f0e9dffddd051603f88,d3f066c473147f1016e9e43a4a4260cc3ede5f4a848ae4d5dc72b508cdd3d439,1ec8486878acf068f153f1d6b840ecb241d3ca7d7785e3b6d5f5fd018b61643d,b88dadb755ebecdf3dd4fc968bd04cae5c39286523ea0a0a117264c9263d2733,2c4a3e892baade65d75fc38a8f81c9e5978aa20570d0abaa80d54be342e5f689,12432219eef241b4eb8ccc490df131aef3eaa5a35ba56efbb4d61ed1b9852d0f,fc5a046dcefaa640aafa4bf42ad833e69d392e433120b61bec3032b62b20f295,cb6a2a62291972a850fa9a8fcb1aa57c50344385a75b8f4aa84032d61b5512f1,HMAC-SHA256-DEMO,AUDIT-2026-05-STEP3
553,3edab098ea2d01d12f0a21bd,2026-05-31T23:49:00Z,REQ-000553,8e0a9feb90e3ea8a4997b70d,STATE_02_DIST_02_PS_01,858b3fe36acc7e4e879f12b7,deny,DENY_EXPIRED_APPROVAL_TOKEN,P-2026-05-STEP2-ORACLE,ac305ffe4bd5852615f5ed2e6ee7a484aa76f6bbafe7d9ba8cde0ad6a674423d,0b2efe4f6d796f616845a4ed849a5833d147975d8509def0006ee0bb825faaf1,e9e6082a3e8dc89c27cdc530c16799cdd9b8954b8dd60b672d57426c8c422b23,02ed11df384962ba7b959a75e714ce2cdfe1a5725e8e8d67ffc94c231c2f4cc8,20b67d3ad5fea49601511160bdb369d4bba2c300699dc82dced9e502a07e8e99,fc5a046dcefaa640aafa4bf42ad833e69d392e433120b61bec3032b62b20f295,31ef41c42e7800a8defe93c1094f3094476e8b905d6ed4446f89eb4b6b5455b4,e044c5816fc81989ceeaada80bacf0270508eed738bd527a096724a3e832ab06,HMAC-SHA256-DEMO,AUDIT-2026-05-STEP3
554,69aabff67641a865a260c86a,2026-05-29T07:24:00Z,REQ-000554,b9a151dcbadde0404b02e5b7,STATE_02_DIST_04_PS_01,d12a6a6433534d48c6b83a73,escalate,ESCALATE_PRIVACY_SENSITIVE_RECORD,P-2026-05-STEP2-ORACLE,14a887682360212c6708d32794e55787c795d93c8fa35ab9be92ff18bf15df19,6a61c95e4aacfd6e28fa4b9ace5ce2c8b6ee0223c2ebe85fc69028c6d9ed65dd,f9c3105f3dc63c6bec116adc84b090fa3d9505c0eeedba31a0ec6487c09875bf,f368658bbba307440c2727962a63a394891c9f8430e076cec88fadb3bc60b8ba,6586ec5a462cd3342ed81aa76218ae39408bee925752c5ffe8d842177aff0ce7,31ef41c42e7800a8defe93c1094f3094476e8b905d6ed4446f89eb4b6b5455b4,ff148410648b1b1c44015cae2bc066deabe47c9d5b710c189ca52d02546e5d6b,31086a45cbf508db1eae3f61a375df29d6eeb77974202807a48e6f5fce55fb1a,HMAC-SHA256-DEMO,AUDIT-2026-05-STEP3
555,2f7da1c4828ac100002d5692,2026-06-02T13:15:00Z,REQ-000555,c078db1796c2d8c169b84669,STATE_01_DIST_04_PS_01,97b25092037eea00eafba145,escalate,ESCALATE_PRIVACY_SENSITIVE_RECORD,P-2026-05-STEP2-ORACLE,6fafe4b02bd50ae2f73a970a1e7dad092f37a429e1fba0e37897478635e746dd,437a81e43446638c263d2d3c260bfc0cce1cbf2421ba0751cc6b6ff12d35741d,5912c7e317dd9db888591725e217f185557d634944b848bf79376641d55e1079,b82aaa7cca93f4690d7a6c41149041cde857f3783e71f328580105e541c0f4b2,54987949ca2dce7d81eae6f11d7a43a44680ae9619345571ef9338dabef42681,ff148410648b1b1c44015cae2bc066deabe47c9d5b710c189ca52d02546e5d6b,dfcc8183b86a17020686f65512f613643ae320ae7bd37d3e7bb849a514d800c4,78e945c2fca2d6ee88bcaad842e0a32c73e191f1d0180251184a70198ccdc69d,HMAC-SHA256-DEMO,AUDIT-2026-05-STEP3
556,64623d5e9c5f009a24b39115,2026-06-02T04:16:00Z,REQ-000556,6aacb3c44032122c078cc506,STATE_01_DIST_01_PS_03,c011f85cd776f501c3ad33a7,escalate,ESCALATE_EMERGENCY_REVIEW_REQUIRED,P-2026-05-STEP2-ORACLE,3afaf1a15d87b936d3bc869532551be0b3648ce2242b5babc9e779fdba5ab41a,08ebb2aa3f9d7610365401cfbf83fa5f79bc3d59f467d2019baf1a283228aacd,20ebc6580495080fd98db230244409415b53be4105d29b69605d99bfe6138a9d,590ccefc94fae04331d5f08317511b17e14a58aca768d9a9ec73ef4c17eefad9,641a8ca56904dce0134a4d801013564dc38abc14f4a2c3fc9e36fc1ed8810196,dfcc8183b86a17020686f65512f613643ae320ae7bd37d3e7bb849a514d800c4,72bf934adf40936adf973f1f78fd1c943b54b8dc292fbfb73015fa350e812549,aea74de3496c6e9b6324770c7c9ec200e451e96add98ee543a11d0de073203b9,HMAC-SHA256-DEMO,AUDIT-2026-05-STEP3
557,4b686ced5e16099b1badd845,2026-05-29T16:59:00Z,REQ-000557,21f9b37fcb4f7d2db6857d62,STATE_03_DIST_02_PS_03,013db09002c5359870535b51,escalate,ESCALATE_SEALED_RECORD_REVIEW_REQUIRED,P-2026-05-STEP2-ORACLE,3fc3e232a7237e41a4f6ea2954adbbd9abac307d590529905cf8cfc54b2d2133,b51832f7d8a26b6cb5c1f5b29a3e79863dbec842df6843cd7c053c2eeb18788c,8fb2fcf6a39e2f7b255bb494d024e5bacd73c9b7e8e9f726674555b8db05ef75,f157bba54e12308dd6fa44c84271575eeb070c6e10aeb04d4db0850a8b913217,a2f04301920779b5f9fff7571e8e43ed25d807fc8fe9b3ac68e611b709a7d507,72bf934adf40936adf973f1f78fd1c943b54b8dc292fbfb73015fa350e812549,907c87c2ce2d9f7e65de51b972da34ca266c8815d045c0dca1b728892389406a,6c761349cf59865ac99e71b196da3a1a8fdb3783e7be9ee8eb945b5812868b34,HMAC-SHA256-DEMO,AUDIT-2026-05-STEP3
558,73143432f1aba208b1eeeddc,2026-05-28T03:54:00Z,REQ-000558,a1e23926bdb89d718dc0ff23,STATE_03_DIST_04_PS_02,b0a4a1fab9708ce6b59edcf2,deny,DENY_EXPIRED_APPROVAL_TOKEN,P-2026-05-STEP2-ORACLE,13132c0ebdc47a1bb21c98c03687c8c457ef129d0c6e420606b6d812e1f62efe,4b9c77964c6d977068a0524adb151d460347d0c052bd72e9aab655a7d82532f5,8330aa468144c5544d128ae5dd60565e0a62c05f397e465489508b8c6f94ef96,b2356744d07656eec9411a7f7e87d72187bd12ec5b99d76e2490faef19e936af,1ec21e932e4383b4f0e1210448cd758b0ebfb16f457a606be9c4b7c9d4fb2a10,907c87c2ce2d9f7e65de51b972da34ca266c8815d045c0dca1b728892389406a,1414bc0d7f8a77930ccb674b48e501cc4971c4da0dde5eebaec60b31bb433496,e9fe59797531011aad13b80f64f1220f69ca35ae8290913b409589e345d7df68,HMAC-SHA256-DEMO,AUDIT-2026-05-STEP3
559,e93bc9801e83f20e057073a1,2026-05-31T15:48:00Z,REQ-000559,5ce4d64c20eb4b8a7537a1f7,STATE_01_DIST_03_PS_01,73a955fe3375c918a3bfc978,deny,DENY_STALE_CASE_ASSIGNMENT,P-2026-05-STEP2-ORACLE,c01941c01e5f5c1bc4be781231aed19e527a173a2dcd312a9f9ee1d6d4126690,cad88d5a6eca4567194281b07ff01077bb17dde5be3d5a7eed7a089a73450ff9,6cac436ce0b47e084354ec0656932fec072c0bb1cad232643ba7ea87cd29790c,e75d73d53582737706357054848f1c2b4b9156966fc558c118f0e28981c64b09,67d8c1e412f9e8afcaa6c24ca16bf46dd85877cb528dee1952918a11b31f263a,1414bc0d7f8a77930ccb674b48e501cc4971c4da0dde5eebaec60b31bb433496,7408402df80255c30f78382b784b139662748f8e864b366604055525e7a150df,085536530afbb5961abee0cbdc36887fa64c829873324236fd4cac09810428c1,HMAC-SHA256-DEMO,AUDIT-2026-05-STEP3
560,265593b7df77c49bab241134,2026-06-01T01:20:00Z,REQ-000560,516e122c203e5dd62fd9ee93,STATE_03_DIST_01_PS_02,19e175daeb23a7b7e4767fb9,deny,DENY_STALE_CASE_ASSIGNMENT,P-2026-05-STEP2-ORACLE,df10ca76cf9604073976beb82de6bedc6db625e94cb12e6980732b8afb16160f,0e3888485feaa64582c88784c95188d84eb73d98c0987a5a2ce05daca12c38c2,e176537f67ac3c92d1649ddcab91489302a4c52b7fbdf0ee8fce7308914d9dbf,43f9a8a53a980b474e883f456a470fea250bdc6f5ca721c038f7102a01e82636,3717201f9d2abaa4ad683e3006e0ee296cdb1adea5a34b21d729da6841328239,7408402df80255c30f78382b784b139662748f8e864b366604055525e7a150df,b2720d25153e7dbcf71a7bcae31dfef87d3a3f140edba834d6120fd36f7aec98,933a8006630d6b64458e844ac274e964da69084fcc3141a9376ad6bad2b11ff7,HMAC-SHA256-DEMO,AUDIT-2026-05-STEP3
561,be40d0ac34dc62b06932576e,2026-05-27T18:42:00Z,REQ-000561,cad50d4d8a49a83faad951a4,STATE_02_DIST_01_PS_01,227c461d84e121aa1f3cf1a9,escalate,ESCALATE_SEALED_RECORD_REVIEW_REQUIRED,P-2026-05-STEP2-ORACLE,958a137ef03e2684f4b76750bf57ef0a013a7a5e90258800f7e8a8ee254f3887,0d4bc97fac90326997191d3da9701b404a4df38a403e16724aface0eb5338487,a319db1db2d858af61daf1095707a494a2db7ef6d1168b471b13593456b43c42,e5f95ef7cc9e776cb6a182e67e9310d3782efc472453daddc26b96da6a636fee,e885bdbf9b5d5da8fc315a593e5aa5aebb0bbe175b03c92c675d0ab1b6b3a8bd,b2720d25153e7dbcf71a7bcae31dfef87d3a3f140edba834d6120fd36f7aec98,23d84744355dea2669933c08ea666635b6ed5e1ebc58c495ba6ee01b3ed7dc1c,318924ede0b03cc1f376f1f4b7bae8c3063bbaf6f7498c93bd7d021d1d487c43,HMAC-SHA256-DEMO,AUDIT-2026-05-STEP3
562,6347124171c9ae8e0086ef9e,2026-05-31T07:02:00Z,REQ-000562,eff0953046ce4a5fb1d8ee91,STATE_03_DIST_04_PS_02,a3e77934549e166377318689,deny,DENY_EXPIRED_APPROVAL_TOKEN,P-2026-05-STEP2-ORACLE,36b5bcb711c3cf22982ed91c3c89683ae33e9e126f14b1a8032c653dcebbaccc,f57c0a7ef366b739c2298b21732ab5c75e8367e1acffa2e6efab3b1cae4569b5,b6b54fddb42572521e15af74d693dd960bfddb48e05989a0165f86336e30cd4e,8630f4c66e939fb4c3fd0232826793b0b76fa235198566b2bfb7e3d065c7dd6a,c8f049eda44df86ab938215ab01a56bbc4d134fb77c0d1c31bb465a1fa472b7e,23d84744355dea2669933c08ea666635b6ed5e1ebc58c495ba6ee01b3ed7dc1c,081f47fdd5b85f3528aab66b59c175390d4312fa6099775dbf74a4aab3fe5e05,c045f90ce55c46b8b3818c4059fae1431f8612f4fed691a57ff954a31d0d124d,HMAC-SHA256-DEMO,AUDIT-2026-05-STEP3
563,34141b719a982711d2e52dd1,2026-05-28T13:32:00Z,REQ-000563,4857d6398585bfa5b41baddd,STATE_02_DIST_02_PS_03,093331674304fdf16d37b24b,deny,DENY_SEALED_RECORD_WITHOUT_COURT_CONTEXT,P-2026-05-STEP2-ORACLE,466ba49ee34f2153ae68549e2c46b37428ad2f4fbe0fc59907835178a1d74433,5497f3bc91ea1dc24aa7cffca7313e9d305b66cc2db7e4e6d6db585cad0df033,535b418b98289b8310ca42b63551d69ade3af4bd9683c0944729f64c2a8661dc,72aac68bf682598a8af75d25a4b0c24673a1dc90e1be70d5c91fe430a473e839,c5076b284a57e65adea82142bb900f665ea7e6c8b62a0fd04b3cb1af6fac2402,081f47fdd5b85f3528aab66b59c175390d4312fa6099775dbf74a4aab3fe5e05,0d0619df2cb1c54dd2683a7b08d3e6c167c82ab8fd1c004bd94408f14b2279b7,893496bf54ddf6f4dd14b8dce84d79123acff9b0da114bfad7bc73cb2c8b8396,HMAC-SHA256-DEMO,AUDIT-2026-05-STEP3
564,325fa053e9c1d2e01015bb44,2026-06-01T11:36:00Z,REQ-000564,6b0d84a1d858aa1335aacb1b,STATE_03_DIST_02_PS_03,634985427cd8688fee2b98d0,escalate,ESCALATE_CONTEXTUAL_REVIEW_REQUIRED,P-2026-05-STEP2-ORACLE,76af026fc045e9c69c9b1294d9c96dd01ce2f3af458b63e2d71ab128ca83ab3d,23fb4327cc4a15c8e749c57421cd0a8fdeb1e5da5cac67adecd916c281787705,dd6cc28548e7f168bd92814b4cfdac1b03708cbbaca5c8fcbf5754bd33ec7cba,3f42ba77ca7d5610039084223760982a6f65c1cf041b5de80ad29fc8c8791b36,8bfda8389a5d6310d3ebf4bbc4f8cbfe92d2e35dff6b682635de15edaaed24db,0d0619df2cb1c54dd2683a7b08d3e6c167c82ab8fd1c004bd94408f14b2279b7,59fd2eaa5219bf155140c2462aa46611cd577e9874719a2c8e8452bf083363ca,46be20f69c9e4afacacc5d656ecbcd2e667baaf3b5f6f0ea7f2de6c6325ccd72,HMAC-SHA256-DEMO,AUDIT-2026-05-STEP3
565,bc16d8ab10352757be6e1fda,2026-05-27T18:50:00Z,REQ-000565,e1441290962ca2a8517d8d0f,STATE_03_DIST_04_PS_03,8f79339c7d2dbf517d8d6680,deny,DENY_INACTIVE_CREDENTIAL,P-2026-05-STEP2-ORACLE,562fc02b6560605eda9f0de835e0d9a18b422fb2c3e2e5f1e4c20355cfac001d,fe81bb387120a559c878098520647aabda449b3d3ee781d2fbad7f5d994b0526,6c42b8a23ed5003814e7d16c54b56946d298f1191104b9642723802fbbde98b2,c453c5de7c80a6283519c81f763aa5f2659e2ff841c364482f1a4f604a4f41e3,dbb81d8a034161c52bc4a11333f61b920c1165e464216c40f3485ef7c7ac04a0,59fd2eaa5219bf155140c2462aa46611cd577e9874719a2c8e8452bf083363ca,757c9c7b841d88e9dcedff87a4300c8e90200242fde6e8dac352c3cef696cac2,f8e2b5b1aa2c8bc207786d67ce4093928b3412fa160a8eb1b92d22b1d105891a,HMAC-SHA256-DEMO,AUDIT-2026-05-STEP3
566,3ab9bdadb96a34482d276155,2026-05-28T13:44:00Z,REQ-000566,58ae919f19aeb7c7f1527d26,STATE_01_DIST_02_PS_02,6133804fd5bfb391fba56083,escalate,ESCALATE_PRIVACY_SENSITIVE_RECORD,P-2026-05-STEP2-ORACLE,1b31d4e01c342f63530cc195f76ab657a96e9e34d11b5f7037827fb5dc07e0a8,1ac5f4a2411bb7a03ecd81316944d90d524b6c80926bc5424d83f87f1f4d654d,9d0021afcb034e1b65fa58fd02d5c1c3aeb057aed82243c27c1b4f1fd8112051,f3469605cf26c17aa3e9a11a9ff2a2d098547fdbdb6997ff50de266b68f80f40,f5cbbc9d2ab5036f70a9fea44cdc5f563554aa19c2b2a20f55ead12645c3ec3c,757c9c7b841d88e9dcedff87a4300c8e90200242fde6e8dac352c3cef696cac2,4c15b99af7e39068893695151e89d8c38e5fedb1d282534c5868283cdb0ab990,1122ba84d57c89921d4855019e4e4bfd34b51e360bbc19579e131f9ba8495c4a,HMAC-SHA256-DEMO,AUDIT-2026-05-STEP3
567,c6474f05051bbb2795749149,2026-05-31T17:24:00Z,REQ-000567,f30bb583158115d6451ff1ba,STATE_02_DIST_03_PS_01,c3f8c18d15a47d1d26029870,deny,DENY_STALE_CASE_ASSIGNMENT,P-2026-05-STEP2-ORACLE,e899ebaab5f95483b855b491c72155865d5dd70861c314689498f3de99cb7cbe,4b7544d6af89807aa51fd18202024301a0822948b5bea3d6a232a1c1e4c19f3b,5e81559014a7b9f6264cf04080cecb56c636063fa3a69b9a331906b85168464a,c0f36b416d34adf7655e990b71fbce93916dd3bb660fae7534f18434d9ac6295,fba0e511c74e91b1d581086ea67125a421abac69eeed82e12e32e71786d09237,4c15b99af7e39068893695151e89d8c38e5fedb1d282534c5868283cdb0ab990,38d9024a351509253bef9b6766c3b7c4ffaae1c58b3912fff8376783f1851a07,79bbead29977e1023e624b4c054de7856a662bf3fab2fab2930435cc4da09d95,HMAC-SHA256-DEMO,AUDIT-2026-05-STEP3
568,de0c74a9f52126bf6e61f355,2026-05-29T08:48:00Z,REQ-000568,9a1678400f682a3201830c3a,STATE_03_DIST_03_PS_01,c54e9a5030ced1940176de55,escalate,ESCALATE_CROSS_JURISDICTION_SENSITIVE_RECORD,P-2026-05-STEP2-ORACLE,167e130120e99c853c4d32c7778a0c092780f4dd8dbe74c19c0542dd6a0c9eef,6812621d92eb4ae0b34e75ae0bd78056a262558fdda7bd69b8b63d470ba0da69,17b50e9d1d9098c70119061286338836cdd2d9c7a4d4bc3eb9ee31cb97e4f1ec,ee1756054d955ab81652d471bef77429829a96dfbed78b2f14447a80a2777b95,23fdfc4c082f6830b14c2688aadfc27eab1a193990d072bef27b721618fca174,38d9024a351509253bef9b6766c3b7c4ffaae1c58b3912fff8376783f1851a07,db03c26a8eacf30267fae12f673740c177651e4172ded83b9bdd6ab7db86d440,babd6d991119152285537725293de3220ac91541c9690c56000fb1ebe0e25ce4,HMAC-SHA256-DEMO,AUDIT-2026-05-STEP3
569,1d53f54e4c09863932c6da40,2026-05-28T04:27:00Z,REQ-000569,dea3496d0907b239fdcdd5a2,STATE_02_DIST_04_PS_01,1a8cd49509cc3470cdf5eeb8,escalate,ESCALATE_PRIVACY_SENSITIVE_RECORD,P-2026-05-STEP2-ORACLE,bd6d019b0d703d260bc274433c30f362044b39fb346b94c6600133e452a4f8c8,e2668e3b71f593b78eb4d5610804dfe29253fa500372addbf578960d1f596643,1e6412cdceb4d24674db982abcdd11835b4dca1d25e9eea5cfdd60b84f94a64b,4bd7c6a8c8a99b74d28c70b9d7dcce63c97ecd6d2921d19d8642462f756e402a,115b13d8b70e765b9ade5925997ad989778bdf762351a88fc5128a2c735877b2,db03c26a8eacf30267fae12f673740c177651e4172ded83b9bdd6ab7db86d440,6dd37468c977e8eb1736f86f58ec0c4ef3f23d63962e55cb6e0b29695e47ea58,1f31a008d178730b1a9daf9550dd5d7e0f19278ea7429da9563148e8c9dff3bd,HMAC-SHA256-DEMO,AUDIT-2026-05-STEP3
570,b3ee427852c8076d52a67079,2026-05-29T09:00:00Z,REQ-000570,4f04697319f636cd795e5d1b,STATE_03_DIST_04_PS_03,95de19451c2ca7264b0032ce,escalate,ESCALATE_CROSS_JURISDICTION_SENSITIVE_RECORD,P-2026-05-STEP2-ORACLE,86e161295d92a8287573704a97dd33f18fb2b5aadb968ae4aa70aeeb8b91d657,c5e77099315dab222b0e924c3ea257f85f33f6343404335b4aeed66a7706ffd4,5d74c288d4cc63649d9654445771a3f514b71ae846faba4e35da2ae4333670fa,f14cbfe22134c0dbd86f0166fedbe8da4581537df1f349698c42155d054dee8a,714b8b1a3568a9018ca8dc3f13d25bd697216c96f1b0cc7277c498d50c8aec26,6dd37468c977e8eb1736f86f58ec0c4ef3f23d63962e55cb6e0b29695e47ea58,a1e6a92c173d0fb70d4fb4bebfe6ff38d059ab6479ba3f0214f6a49489d7935c,92a83119d6c2751ec88767e21d714d2c121d129e788d810838e5ddbab6c5ff99,HMAC-SHA256-DEMO,AUDIT-2026-05-STEP3
571,6d33f44bafadc67651a00f5b,2026-06-01T13:14:00Z,REQ-000571,fcd532f0d95281220fe7337b,STATE_01_DIST_04_PS_01,a638e70808e21ac763018336,deny,DENY_TRAINING_PURPOSE_FOR_SENSITIVE_RECORD,P-2026-05-STEP2-ORACLE,600f5bf3d5e3b320e4d0054e5875a8c53be7b614b1dffb642f807be034af1952,53af9c86b17393404a32f53be6cbc7013e1c79b90ccfd414adfadf97de471f3d,d48567ce15c025dd7af129f21b81491d7f4f6c78213118fc1d6502782d091ea6,840c247ac9bb84bbb80dd980c88916b8a2966a38f08abbf82de6c290e957183f,8248b69a7132221fe2a0da38f2e2d7039cd1908639cb3af2809dcbbd3955fe01,a1e6a92c173d0fb70d4fb4bebfe6ff38d059ab6479ba3f0214f6a49489d7935c,cce70b07082611708c7fd349d3259ae209d656416d7ecd96191662c21f9e44aa,516309e708e11c7d4807332f58f1b1af17e64be381dcfe9d42291f5f348c0ee6,HMAC-SHA256-DEMO,AUDIT-2026-05-STEP3
572,95a9579a8259b551f70ac1e6,2026-05-28T23:40:00Z,REQ-000572,1df1233ec54fa0732a43c292,STATE_03_DIST_04_PS_02,ebb25f911f77c3f1d4019b67,allow,ALLOW_ROUTINE_CONTEXTUAL_ACCESS,P-2026-05-STEP2-ORACLE,7f1d64cf2ebaa99a12b0de81f54cd99ba8278ec8814b76eeb781791f389b9146,32cd276849369ea11b0af6aa60b61f41f08f66cebad5cfb2555ca5d9799c75df,2edd0ce23c92b03486e4cc7d80b5ecd3ab5465379b0d6c9e4f0b01991605cea1,27a4c68f31d4e3fcb4bc6c8d762a05d28be75d6f414e8b2fb53f7cd06209d8b6,5b675ca37e5405d89233bbd973a23417c39057b792e8dd26b53b3564faac0e01,cce70b07082611708c7fd349d3259ae209d656416d7ecd96191662c21f9e44aa,fbec0feb06589e4fc07e8b638e4634d06ec18eab76de5c3d0b0f1c78e467ec07,995a1b5ddec42d03b98603f7a5b761287e93e341acdc4a111eb7e539a0091700,HMAC-SHA256-DEMO,AUDIT-2026-05-STEP3
573,f4ac732c0f9bf56cb3392d72,2026-06-01T04:09:00Z,REQ-000573,ed345e57c83b3d1c5b2c2660,STATE_03_DIST_03_PS_03,1b6266e26115c2f66cac94c7,deny,DENY_SEALED_RECORD_WITHOUT_COURT_CONTEXT,P-2026-05-STEP2-ORACLE,0d976ff15a2b23ce6ba15e46a329b3fb316e219fcd4acd675ecdcb0b61c6d3f7,972ad5978c67e41e33cfa3f132fdbc2890f285e50fa4f203d7c1bf1886bd5ca3,e73911b7d7e1a0c01bc086ddc7ea6bfeac5e9134c4ecb569ea3119dd81ecf8b5,1d23e877fa1d2b2165736c211fedc51066e3fb7cdc46cb2afb67f9c2ac392e75,58ecbdd133ed189bbbf57184330156f18acc0a26019b492fefbd9f9531ba92d3,fbec0feb06589e4fc07e8b638e4634d06ec18eab76de5c3d0b0f1c78e467ec07,a9af80747953bc617e1f309463fc7919534aadd11c3f08332ad740b744980c3b,4d94692b5a35945809e2c9e93aca7a8eba602860c697a0fdab1935bf0bbe6767,HMAC-SHA256-DEMO,AUDIT-2026-05-STEP3
574,a2d9d86f443135c4655b73af,2026-06-01T04:22:00Z,REQ-000574,02df4864bc93f0037e94de95,STATE_02_DIST_04_PS_02,b3d1d2f79d5a7ecb8b5f0667,escalate,ESCALATE_EMERGENCY_REVIEW_REQUIRED,P-2026-05-STEP2-ORACLE,7bc55dd6a6dd3c9d50b9a46658ca843395cfa7d21a6b0299c166bd7eaca9dffb,74c9e15f39acb1e79441791c16e50a0545ed6fc522e4cbe19ab663546535116d,4952a3dbbfe648d20c534da1ad3d2c40bb3949159c88b4d20b07fda4d6b8e45e,082f7209954fe7a3f25ae40bb36af9d7ea6610bb5d1474ab5d7246f1f685416d,9a0291c6006a30f38bdac466af1ddc374cceaac80a2f280cc49f55f0514119eb,a9af80747953bc617e1f309463fc7919534aadd11c3f08332ad740b744980c3b,b5708731181bf722a92b0efe52448ce0721a3df2fee75fed995a28afc8e9860e,ab7bb02c41c731bacf6378d1263a0754a161be6bc81c5b25975564d1e2ef9f5e,HMAC-SHA256-DEMO,AUDIT-2026-05-STEP3
575,206cb49969d0ea692997496c,2026-06-01T04:35:00Z,REQ-000575,eff0953046ce4a5fb1d8ee91,STATE_03_DIST_04_PS_02,d9b95c7545a328e01eab7773,deny,DENY_STALE_CASE_ASSIGNMENT,P-2026-05-STEP2-ORACLE,65d44e1ebe18a1f6173a61cfe43e5862445f32bd8a8a137f3f61eb433acacafa,fc6072e96344902cb2e6dda554c13c674628b7dbd1ab78aebe2dab71edf4ed32,390e4531123995711954fcb8278b83207d02bf2186de81eb330847f559fa1445,c7b54d94d091e0e9a6d5df19df8debf79d044ae899a082e9130f10cbf6cb6c99,98dd7d55f0e3467fea68ed88519c69dbc9475624b2c70a7863e71570219401f8,b5708731181bf722a92b0efe52448ce0721a3df2fee75fed995a28afc8e9860e,12687fa97c1fc8c2dc9af8486c7ceeee21e7f596d1cf33572858b52f4a8bd1c6,f5497c419d32e5f744d5b5774cbbe65c0f86e5db324455997536ce311e81b285,HMAC-SHA256-DEMO,AUDIT-2026-05-STEP3
576,52f1b1d5d3a34003322f45c2,2026-06-01T14:24:00Z,REQ-000576,4718492e22f05239e76383dd,STATE_01_DIST_01_PS_01,2e977ba934961ac3b1ab490d,escalate,ESCALATE_PRIVACY_SENSITIVE_RECORD,P-2026-05-STEP2-ORACLE,a44b9e000c48238c64ca4ad5634a76c3073bd5606646b89d166407b3e4b59ab6,df4f079b42f9c7ac4a84e1e4e69b53fc4b91c63680b0e2857746ce154fee9bf7,a735a6a57ebabdb0aa1413fb2805c8dfc0123429c375ce05e6b7a71fe21fda30,0966b78adaa96adda6c1ca21b0bf0b5c892d543dafe5a1af73c3e520d22c4b2e,49537a862f94ad529bc044fac31e77292cf5ef91335c0999816511eea866aac2,12687fa97c1fc8c2dc9af8486c7ceeee21e7f596d1cf33572858b52f4a8bd1c6,b68ac33bfad689bfdd586349d51ada34bfaa196c51fa4f3bfd6e6ba1ebc8954f,e31a4bcd6e6c6409359f648a0165fd99ef2c037a4f312635ac8a76e52f02f24b,HMAC-SHA256-DEMO,AUDIT-2026-05-STEP3
577,a7878ab7a57eb7931cfe3eab,2026-05-31T19:24:00Z,REQ-000577,f8755a48fce2988e7e892881,STATE_01_DIST_01_PS_01,f25dca854781c5619ace3e1f,escalate,ESCALATE_CROSS_JURISDICTION_SENSITIVE_RECORD,P-2026-05-STEP2-ORACLE,35526a7572c1446546bcc7804983e505bf5efb4c5a77d121a9d65292e8dc5b96,605dfc883d1796a92be3c2b5d3e3ae1804291471db0499462c326cb4746f9a58,744cd2e4d9d85ecb935b556405d4b7a70ef491c04bfe0022ec32d72215f19721,61fcb53948999a8bf0af1bfd24e517a19afc2822532c6a405d5c15cb45e73325,df5b7488f6f5b7821a5c400a3e78421bc68db3de508f163e8b57babd7505ebd9,b68ac33bfad689bfdd586349d51ada34bfaa196c51fa4f3bfd6e6ba1ebc8954f,1f3e0abe84cafc5caf973a36adfb9f441c423bfe232f464806df33f067e46a70,fdde861b028417cc201e19495f844438562df3b76dc3ccc78346854e8058e4ab,HMAC-SHA256-DEMO,AUDIT-2026-05-STEP3
578,5335ffabbcb5948b3b8bc011,2026-05-28T14:32:00Z,REQ-000578,1f0d6f8c17d7221984909f27,STATE_02_DIST_04_PS_03,8a1855c9f0da9b257d4efc0b,escalate,ESCALATE_CROSS_JURISDICTION_SENSITIVE_RECORD,P-2026-05-STEP2-ORACLE,f7181fc629e0c966417107597fa22f94ffe9b82e40cb9ec8311ff8cfe7791c14,0dbb8e02526d07abd3351045790e0a98ed6c015b3e07b3c36fa724776e6e1022,cc279e41b1f20b0863f9ec5058785a82adf08002f6e6295d373e584bc3cad220,c9fb49dbafc26e7238b14b449208f742f6ddf00b9b6a58be0fffe77ac8e79d9c,88317ec10ac95af474f6a5a90185a5b3bd3506157fd94e683da7731119eb7178,1f3e0abe84cafc5caf973a36adfb9f441c423bfe232f464806df33f067e46a70,80db4c32c3033e6b8c63e6775b0af9a9da2e5fb043fb461ddd72fdfa952c03c3,78dae7b620cf838554e25c48fd9cf1b2cf59894a77aa4f96cfb741221c7dd1fb,HMAC-SHA256-DEMO,AUDIT-2026-05-STEP3
579,a213a316b00b335119da6fe2,2026-05-29T19:33:00Z,REQ-000579,6d2396ea39d60a2c9554602a,STATE_01_DIST_01_PS_01,1fa4d6bca4118e64a6aa1c12,escalate,ESCALATE_NODE_STATUS_DEGRADED,P-2026-05-STEP2-ORACLE,46dae72b8096321df60e152f2080206ebe68b0519b938b3dea86477db912a7e4,8cf4ff75b88f1820ab35431fba60704a196bff3d1533dfc1500b77c506dcd203,705e3525bb60f0bf223b516c25a283d8336f659a760a613c8d00479a56d41246,cf10c6da93949c430ffb12e37ac851f73977e31787dc31fc7ccbf2cfab993227,d62c1d3d68bc9be44efbee197a0c08b1cd56b632f5cb08ac23b65d7f2311c4e8,80db4c32c3033e6b8c63e6775b0af9a9da2e5fb043fb461ddd72fdfa952c03c3,820c2f875fa62efbb11d4edeea8247a2b122270dec0541f380460124d1265c59,cdb796076f6d6c92fe4451fc306a6ba7fd6de3ba794566935ce09b4ca107b076,HMAC-SHA256-DEMO,AUDIT-2026-05-STEP3
580,aef6d7d66d1ba2e9772c590e,2026-06-01T15:20:00Z,REQ-000580,47e9daa6a9eddbbbae1d0bd7,STATE_01_DIST_02_PS_03,58336e9663acff35aa7b3832,deny,DENY_SEALED_RECORD_WITHOUT_COURT_CONTEXT,P-2026-05-STEP2-ORACLE,ac09f2c3c0ba569b713733f7334901176b49e07bbe9910964e9bdb9604e057e4,5bc8b90529065418961bc91c690a4034f099a2c57547af5270a7ce903cc8b11b,9eebf9b192ef76e05b7f61ef1bcced5ddb85f53f77ddca1e83c335e091eca2e5,1f63cfb5ba8691576f1baf4ea12a3fd385556ad7f481d932f38e9185d8d50ce3,8066fd2cf483e299241ba2885412536f7825b753457efe49ee51ff3c8f89b3f8,820c2f875fa62efbb11d4edeea8247a2b122270dec0541f380460124d1265c59,943b34aa15aeaf47462649ac5240327c8517e42bb20cf21af8b84e5e4efe7fc7,72bf2213aabaa469f49a9c0788adcb95a1a4e773e0eee67cc20208c665002b85,HMAC-SHA256-DEMO,AUDIT-2026-05-STEP3
581,01e42ace7db9c1fb92ab8c98,2026-06-02T20:37:00Z,REQ-000581,fe341f3994ddbba307367393,STATE_01_DIST_01_PS_02,dfb0e94f858b759ef429abc3,escalate,ESCALATE_PRIVACY_SENSITIVE_RECORD,P-2026-05-STEP2-ORACLE,19a968fa5d7f906a054a979c89c528b17a6c08916d135f6641066a3c5f7e8a31,697f95b2e78850f4c9bb1b64f33a6b420caae399231d639a54794aaee8d80677,84e499848368ec773b86445e296dabb7aee4340fb79d63328b6e708fd2075fb6,64376689db33ba3ac4b5531a06eac282da823d43e9a43fa686cc0d692de51b64,ef41f0130afb1b660c9cbf27b04a2fb31c5331aac55c7e61763a131ec6630431,943b34aa15aeaf47462649ac5240327c8517e42bb20cf21af8b84e5e4efe7fc7,debeece61883d4946aaa58c6986a43327f752965061838ef14aae55697b07a2e,2f34464396edd8ef10ef2cedd542542bedafa428c9feaa28b0cdced8c4dfcb83,HMAC-SHA256-DEMO,AUDIT-2026-05-STEP3
582,2872e724c2e3f570abaec503,2026-05-28T14:48:00Z,REQ-000582,72129b83faafabab27729edc,STATE_03_DIST_02_PS_02,127942772b7096cf80318d9f,escalate,ESCALATE_EMERGENCY_REVIEW_REQUIRED,P-2026-05-STEP2-ORACLE,ea2389e2c261c9e2bffcaf4054f460be3ab21035fe121f09b172658b12b1a6f3,66035df5b88bfd7481e09a7e918138b06a3472a2ace8fd3b681edd0703f5aa41,5be3b52134c12241da6e5ec4d74102212a5b3bd5a69001f74ed130fa403cb87c,7e321a08a536f227c0dfbbb076f6f5a975a380899af66f75ff2899752b121085,5f5811affc0ba2ed660814c75f3e19e87595c57edaa03f8262276185e640a4e4,debeece61883d4946aaa58c6986a43327f752965061838ef14aae55697b07a2e,f91d71e3d1638a538b73bb234a78b515a429ed94ae05dd0608b4cf7f85683716,f8b06ebc426b0de557c92cd24cd0ab19770816e6a751074ee7fd2ad02706acd2,HMAC-SHA256-DEMO,AUDIT-2026-05-STEP3
583,a35f8aa3fdb627d12104d360,2026-06-01T06:19:00Z,REQ-000583,48f5470b8ce4df5af3e82ab0,STATE_02_DIST_02_PS_03,b4258e3f240db05e85d23c50,deny,DENY_STALE_CASE_ASSIGNMENT,P-2026-05-STEP2-ORACLE,221513ccf2c1344738061ad56bfadc47e2a81dbd5612965b821b9542616e4ef0,1073a94207377d64221b9c5ad3a8f9ac70f5026edd187a81e7e1ddb1a2dfd518,92e7feb30df1dc88ec251c3ec567d56a305814639bdf66d348344da44d531747,5f9b45ae48f3a95bb25b8dc478154e3e54e7ea8e0f10be6421e512c58733c16d,81f79ecb77929d22b9826b7929b591ecc4e06d5dce7ffc90ba945b52492ab5df,f91d71e3d1638a538b73bb234a78b515a429ed94ae05dd0608b4cf7f85683716,cb1e0cc422e4fc0babd8933f61a5c1826f03bbf831c6864a6a222ae28aa838dc,d60d1b854f453ba55686db464e58edab2d1ba1d02e6b19231ed931560b4d9f9c,HMAC-SHA256-DEMO,AUDIT-2026-05-STEP3
584,2f439defd9510477998c410b,2026-06-01T16:16:00Z,REQ-000584,006fa23a737e20e3625debb8,STATE_02_DIST_01_PS_02,08dd64986685dcabe431977b,escalate,ESCALATE_CROSS_JURISDICTION_SENSITIVE_RECORD,P-2026-05-STEP2-ORACLE,69d5d5646238b252c3da805631a87433de02dc79350e46792353f6d8468c44f7,8af5465e6475e0352ed63f2b761b87b53b8806a503dbedd0a6b4a1b3a359eda8,c489c67d5c17250680128742f7eb93002a174708c67fa788893daadb65cda18b,eb0a896c5924b6d9f7096fb54127339a141d4d2d17be9ee54a961732ce37d424,5a477bed553d56aa7d774dd2af83c316d3a529157591ddc47dc6e82609699cf0,cb1e0cc422e4fc0babd8933f61a5c1826f03bbf831c6864a6a222ae28aa838dc,ea13307a1024b23b522aef308be2b26063f08d926325a5dfa3d7b1074f6a6aab,4167d573b75fa90d659e116b73b1a7016bbc5ff12ae31f99df287020c44d321f,HMAC-SHA256-DEMO,AUDIT-2026-05-STEP3
585,6ab4b3c58d4c20b8d1521f7e,2026-05-28T15:00:00Z,REQ-000585,cad50d4d8a49a83faad951a4,STATE_02_DIST_01_PS_01,ca8fc35650ee04e7cf5447f3,allow,ALLOW_ROUTINE_CONTEXTUAL_ACCESS,P-2026-05-STEP2-ORACLE,ab4eae98bf8423219494318ad7985411b1a380dd5a2b18234ca16ab2a1fa3310,31c86d42f0ca49ccfe14bfe853fa8ce84738f25fa53314e0149453bc58cca691,6b02913bf7ef59442c3250eca4971334b2cb01008f1246fee87a5257f5c6b683,44ce31e4eb9f7b054d904e0ca7eb151d1784068d10cda2feb638178c694584d4,99e4cd501e1421f0033b5ff92fc02d322b8d4799b8d65e182d32101406e7d65b,ea13307a1024b23b522aef308be2b26063f08d926325a5dfa3d7b1074f6a6aab,fb82df412fe282df472b99500cc7f520a66a6724ac646877d2979d9107df2317,b063cf52a7b156182c5c98e7deec467c64e334e36674ee638ee20edbc41c4ed5,HMAC-SHA256-DEMO,AUDIT-2026-05-STEP3
586,e3c96f29e639a5383c91a056,2026-05-30T06:08:00Z,REQ-000586,b4d11e5f08de15f8b7a05319,STATE_01_DIST_04_PS_02,9ce8cdb605a07f0e9f3a0392,escalate,ESCALATE_PRIVACY_SENSITIVE_RECORD,P-2026-05-STEP2-ORACLE,8a52bd75bfe528d85db9fdadfbf2eff8a5129b28096dfaa07015e2ff82a9cd09,ea41fe23292aca5a79106c8bd75853e7cffa04ff1510df078027a03d80823de5,31b9ca2547e7b06c70ae37215ab191074f29f17597b2f458fa1db90c212c7dfb,c294874d8163e64ccb49deb08538fc05f0bffe33753b3c8f26023c841ef8efc1,4419270b36ef6d1260b86a72b448559f85ccf2d5b20de5d5512942f1fd2c6a8f,fb82df412fe282df472b99500cc7f520a66a6724ac646877d2979d9107df2317,aff7a848da45970f7334ac6571a4957507913ef90d872683bdc113262c242993,4795c226aa20cd85ed62bcb68c8f7aaa1df7a805fddc849ee5119d7c83dc1724,HMAC-SHA256-DEMO,AUDIT-2026-05-STEP3
587,96770fea55ddee91131e29b6,2026-05-31T11:37:00Z,REQ-000587,733b1499389b250473119b5c,STATE_03_DIST_04_PS_01,3d33aeac9a024f9da6d7ccf9,escalate,ESCALATE_SEALED_RECORD_REVIEW_REQUIRED,P-2026-05-STEP2-ORACLE,731333acec78c61ea0c8b6997ac45bb1468083cd1797d1adf103f5b54ca54ac9,1f6454df82ee32a6fe07d7a4648859171078364143af7c5d6f077daf182439f4,1be3d5a0c1b318696507d75298d371be442226404e3b55ede25a2e3773782e87,78f3798f89e4a80301754c166e930c74531507b520cf6c60d8ac752494e059f4,306633a17aa7eef6f855bb09b9ddb9753f228a116cbef2be603ad1ef56f38af1,aff7a848da45970f7334ac6571a4957507913ef90d872683bdc113262c242993,bf3ab028498048f93801f50021060feef6c79692fef7cf8f2a5210b30aa7c6a5,266ff66059e254a4a69370ce82bbffc3da45fcd3249ecc5412bfa6af2e3e6979,HMAC-SHA256-DEMO,AUDIT-2026-05-STEP3
588,3825186aa60b28d582905035,2026-05-31T11:48:00Z,REQ-000588,c6c5d38ea874865e512ea30c,STATE_01_DIST_04_PS_02,b6253d82131a9ba998cdc6ba,escalate,ESCALATE_PRIVACY_SENSITIVE_RECORD,P-2026-05-STEP2-ORACLE,4027a3249c7b109d2ef8525147233b2ea0f3dd3bd6526dbb4c01e13125327d45,6e596c9e1c8d82e020c4f1d1a48348a7356c93cac5ed1afd8220b20bbccea7f3,4f6d9488964209239689c389aa2a327de43c1a2cbfde32a2d6767bee81b692f9,d2acec2bb5586ffbd446d7100c160bfd845376c73c82b7223cfdda9551a81a08,94b1f2c722d5126d75e5a53baf280fd44c6c4e1a41f3e73ed5b0df83835cffe5,bf3ab028498048f93801f50021060feef6c79692fef7cf8f2a5210b30aa7c6a5,52e0b19b1667687853ce6f2ebf853518880a1cc38959cef1380a4e6a3584e799,6877dfdf94d56e81357a9222bf163e937fa8bc914e7779fefc578368fee82a11,HMAC-SHA256-DEMO,AUDIT-2026-05-STEP3
589,eee01991ce643f5b35ec93e4,2026-05-31T02:10:00Z,REQ-000589,cf4f97b5eda3195f8d5d3726,STATE_02_DIST_01_PS_03,148f5201e446b9e7af6ac7c4,deny,DENY_SEALED_RECORD_WITHOUT_COURT_CONTEXT,P-2026-05-STEP2-ORACLE,291ee6ff902f0975aeb5bcda760b1f8b44db079914d7bd1b01195b2f2c528a9f,3ae5624c8a7fbfb7a558ab0fd356446302cada4b8445dbe9ecad027c0bc7a535,c018f80c972054842a9e8f973c6303fcb4590fc147ad2b632ead1d2b18ac715c,be4f84339e5c8bd0230b790696166b30b09a0a03e370cdc70009d856c684f9dc,ff5bf8ed2e56bf6e672dfffc066da2c79a5d4b8e22bfae547e3668241a9507e6,52e0b19b1667687853ce6f2ebf853518880a1cc38959cef1380a4e6a3584e799,00ac0f96c7d6189725bb96a0d01f8ed32c3a024f55f121f08c5d84e2175a4079,a2eb69848343807f910b47da360b23f51c56322253808b1cecdc951caf3dec71,HMAC-SHA256-DEMO,AUDIT-2026-05-STEP3
590,c970105bcff00e6d961811e7,2026-06-01T17:40:00Z,REQ-000590,90e9de18363ee212ab55f392,STATE_01_DIST_02_PS_01,7e1af28dadbf5d983261b8b0,deny,DENY_SEALED_RECORD_WITHOUT_COURT_CONTEXT,P-2026-05-STEP2-ORACLE,5b4d7c713fed13868431a33b71802fec8eb0c574afbf282b86a00296e667f880,3f2a2af5c2c329e8b4fe671660f76f07eea87700bca42a981439d442dd4a061f,38367066099a9b041bd88dadf0f53ab8247057ef40f1e4c610f933a26cbbcb70,7f875c5ec1757bf9d04db2a46367bf9cf2d4195a48436d151a7fd1cf8070e75e,57b0004ef9f34b95616c9ae9c83ac3e7367856bf3fee7bdf36830df353c2b9c2,00ac0f96c7d6189725bb96a0d01f8ed32c3a024f55f121f08c5d84e2175a4079,2bb7dc46a37cda9113ab0767de6d51d5f37fedc8e23c3f68b2e08ad64f41a19e,21ec06bec3860ad67726e2343d65d66b755961f6b79966ab48e82be849891e6f,HMAC-SHA256-DEMO,AUDIT-2026-05-STEP3
591,5c6fc5738b7113a142e02849,2026-06-02T03:45:00Z,REQ-000591,0c912fab59a9f46b26c259dd,STATE_02_DIST_01_PS_02,0e1d97f5f0e6ea3b9c5ccb7f,escalate,ESCALATE_PRIVACY_SENSITIVE_RECORD,P-2026-05-STEP2-ORACLE,343f3cb235613d12db6b01030dd3cf3644bda9dbb9f2959420802ede3eec82c4,a98f16024651e84f041e2165b04dde6b12e78d3292b8de60328842602da79920,de9c1c83127c98ca237773c42cf6ffa936ef85230fa43ba39da13d8ad915c81c,e6597a428cebfec2e2266cf6f71a45279dd22d16f3709ab1cc414a394679ef99,02955bb0f03790aa9d411cc5f5c971645be831961e8a103805fd1ebf5b10558d,2bb7dc46a37cda9113ab0767de6d51d5f37fedc8e23c3f68b2e08ad64f41a19e,b274d2b8d4b4e32508b4d72392c9fb976ade470852ef28297a1d6bd7495ecb0d,5fec48a916980c1dbab8dd76cea5cb4c9c2ca63ac72e2b15a25f049e563e98ef,HMAC-SHA256-DEMO,AUDIT-2026-05-STEP3
592,681c6dc834def8c6a641bf91,2026-05-29T01:20:00Z,REQ-000592,5d49251d25024e2ef906fcfa,STATE_03_DIST_04_PS_01,a01b4fff545a372b8d651084,escalate,ESCALATE_PRIVACY_SENSITIVE_RECORD,P-2026-05-STEP2-ORACLE,9d2a1d0c9c06ccd3622554a9738f1ef53674affa7a8f38861a81628af6d8f0b0,bb0c81f094f4e8b69b0a07da128d6fbcc5773527e60e6a06d0f3a701c9acd222,d5e65bc7b183ca91edfeefebb25666f8d5210f79f9cfd80cf40caefe335eb89c,77f6b45a9a406a3025de5a8a5dea30b64554bc699d3219476381c05461eb4145,c1e380515359b25c25e43efb8906f7ddb29ee88aa6d3410dda737cbd0390c7a6,b274d2b8d4b4e32508b4d72392c9fb976ade470852ef28297a1d6bd7495ecb0d,19a8d90d2ef61b21a34ddfa65f5f42e703cdab1ba2ff614591f7aa4b58d8d19d,106d697698b12e0c01546f73b7083ac0b400c4ac1ee0152256cfb8c426b0b4e1,HMAC-SHA256-DEMO,AUDIT-2026-05-STEP3
593,8dcbbd8c1134c42df731d194,2026-06-02T04:15:00Z,REQ-000593,6734000e8363d6ae298dddfd,STATE_03_DIST_03_PS_03,5ace8dc7e04de95336593c34,deny,DENY_INACTIVE_CREDENTIAL,P-2026-05-STEP2-ORACLE,1e4ed31f95d65f341762f6dd7534e6a792316e1f1f852712eacb64c7d6878d92,b7308ea249bc401393df21712f60b93e223a31a0fc3d1bb570debde64c573360,d9819fbd0802aae24446d39d2b56fe42f14487d71ee0c257e29fc3b397680f4f,bed80c55923081977ea38abd1f4365c4a509d14135ed68f58c6b55edac369f61,55a82539856f0a740f3fcd84bf9e5f9b1243df6d10de34b94d58fc15efc68ac3,19a8d90d2ef61b21a34ddfa65f5f42e703cdab1ba2ff614591f7aa4b58d8d19d,99848fd8c8f9a8812246f0acaea4d82f465e3243b3abe836a3b34459f94747ed,44b1dcfe7e5978fffe26fcb827ce20293b7da607b5439d21f7ca533a55e88af2,HMAC-SHA256-DEMO,AUDIT-2026-05-STEP3
594,64b586564e968c89cf622e69,2026-05-31T03:00:00Z,REQ-000594,95ff51d542090c1b60accce5,STATE_02_DIST_04_PS_02,03db1b138a3912e8b9ba6c90,escalate,ESCALATE_PRIVACY_SENSITIVE_RECORD,P-2026-05-STEP2-ORACLE,0254e95b18016641db590d5989ba63ab7e33942992b204bd646f46c00cf7dcd8,74527992a0267ca9b112fdfe3700817a11c1c2f0bbb438ea4a1849cae8499d00,c76cbdded0d9a08a924cbf9dba15dbc843e670a28e432680e226a9434ec8f55f,8cd54d389afe96a0ece939688965fa82ccbf8bdc649635f8064f21be3a6ca057,f29640103a9a88bf05aadc320a0219e2fb3386ebc8b9ab38d98bb703db4e5a01,99848fd8c8f9a8812246f0acaea4d82f465e3243b3abe836a3b34459f94747ed,f122475d71e831ad35fe01767e5724edb16c3e3c72e01620c22fe514b573df72,a29033fabc8d010f846a8f6dcf7ef3500862d1021a2f62bb8eab04853bf80387,HMAC-SHA256-DEMO,AUDIT-2026-05-STEP3
595,e88dde10fd2894834b548495,2026-05-30T07:20:00Z,REQ-000595,516e122c203e5dd62fd9ee93,STATE_03_DIST_01_PS_02,e5385c525aa0b8f6bd09732a,escalate,ESCALATE_PRIVACY_SENSITIVE_RECORD,P-2026-05-STEP2-ORACLE,3d9cf9a550b6aee8aa36ab1410e0581909b66fdc2cc3ff299ef727fa32067467,7ea2efdaa335e9edabc29f4734eada42c7f18f89748dd035226c805ab858619c,4eed73468ddb12a3c402e833d11be7353b3ef444567f133c78d50494b278bb9c,269fbc899c3e91d21798506d531c678d7baeae988e25dbbb422fdf36aeecc631,7a385be885dabf1f0eec9d7ab485ab1ea6e43f174e685112404a1e9e9b3f502b,f122475d71e831ad35fe01767e5724edb16c3e3c72e01620c22fe514b573df72,eb77f82f44c1650c0bd24f5862d4a3b7971f5f179071ce20e7164a8595586c28,f91207beb41be4c1780cbbc6da60641f2f26d3797a8d1f9d2c4d799e0463124a,HMAC-SHA256-DEMO,AUDIT-2026-05-STEP3
596,9a1c1fdaaf93d7f7ca906b5e,2026-05-30T17:24:00Z,REQ-000596,0c324b29f9a967adb599bde0,STATE_01_DIST_03_PS_01,2ad48e61ef29028c1def570f,escalate,ESCALATE_PRIVACY_SENSITIVE_RECORD,P-2026-05-STEP2-ORACLE,3739d55da6f965fd9cbf569631ec4d922199eb3630c319d6ff4ff7497704a908,e52343c27255ddb065f28f68f12a3ea7d7f6ff75b3e1bd637ced0bb648c8741c,2dd575fc1b2045f10f7a29e99e18dfad5536a34c5e9bf0ad6cc22295e70e8972,3eece6e2d63c3789ec47aec1ee4a9d1fe0ce3c53d3b4599589010f193f7dabdf,efe4dc00827924007bc65356a8deecdb813f0e8cdfd678b806e2caeacb8e2151,eb77f82f44c1650c0bd24f5862d4a3b7971f5f179071ce20e7164a8595586c28,60f4cd6adb725763a6978153e806b877dc81260bbe77e6c89d3e1fb771e01aa8,e511e89d186303dbbb34a9bafdd5ac5b9b04d5159ed72cda7c4b200524167928,HMAC-SHA256-DEMO,AUDIT-2026-05-STEP3
597,6b9baa25fc99f8a5adbe1f6c,2026-06-01T19:18:00Z,REQ-000597,da8724df1e30e5c801778777,STATE_03_DIST_04_PS_03,5a8ac217886c2fc1fa2bcbb6,deny,DENY_SENSITIVE_UPDATE_WITH_LOW_RANK,P-2026-05-STEP2-ORACLE,2a67d5e39b82b7e70a12e059d9bfc69d769a12d8b1352cc2ff841d687505c17f,d26688dd82022652e841862c126ca1bb907f2c2ddb8a901fd4c987a4df3b1d58,3ce4d3c32804da7010fd375af3bb8773d6b02cf36f91f89e5ccb909fe8a6607f,2b3752ee6ba1b7347dd0ecc7fbbc96f484ffc04c6ca7072f7068727245a87940,bc22efb675c960a83aa802b46a46b09872758aa6f9474f4c2bd20f6179396a2c,60f4cd6adb725763a6978153e806b877dc81260bbe77e6c89d3e1fb771e01aa8,4237a75914fc2eb2709443ceb735f586fc23c2c1836a92b7892ec111aa0ced76,bb9eda1f78b003ece966b4469a8f56b505e731fb71f1caf1ff0f3933dc379f00,HMAC-SHA256-DEMO,AUDIT-2026-05-STEP3
598,18eb8e550216a623a4c4ec57,2026-06-01T19:32:00Z,REQ-000598,a07f98edb4eac55d9fa73ffe,STATE_03_DIST_01_PS_02,1a7a075d9c96c7650482fbad,deny,DENY_STALE_CASE_ASSIGNMENT,P-2026-05-STEP2-ORACLE,550d0a9a10942868820fea1894e43ab12e53d7a7fb4832c1d063105c69ad9341,87f9f15bbfe4583001c516a536497ca67fe08706f45814f76ca6b8a9557fe792,0f7a50f9d21f4422b5f65d36846b2be700433c1100f6e7baeb5f8be0106a362f,3a0693ec29412106e933c066afb7c944993830296808d10f5d3b8fa1b4e93828,1363716df462ddb565ec5b10ec2ec00a7bdb0a02e7a628138d103b029229eb7d,4237a75914fc2eb2709443ceb735f586fc23c2c1836a92b7892ec111aa0ced76,f26e6122ba67566dabf9e457f4fa9701d2b60d605003b2eb68da83e8f2197ac2,da8c3805712dc4d6d6fc4e9b40bfc80a10125e3296ae14a1e629c46d5e4a556e,HMAC-SHA256-DEMO,AUDIT-2026-05-STEP3
599,6c61854b55d44921e4ea3bee,2026-05-27T19:58:00Z,REQ-000599,5e223aae914ba42e97c387c1,STATE_03_DIST_01_PS_01,c029e206494d47d41682de9a,deny,DENY_SEALED_RECORD_WITHOUT_COURT_CONTEXT,P-2026-05-STEP2-ORACLE,c695ce0bf4a383dfec5599638dbf8939b70403f6a086ee331ae26ba6c7bd09e1,25e1a3d00fd3228b6a6c47e79018eb2e8713ae43a576444fedd418b039c7d1c5,35f065eb5b0c1e2d0616875a0a475e37db515bc432e680024b93042f3dc6d85c,2b1c74f54e831635073a4f727f951d3949993afcd63a66b805dc2cd650a0fa94,6209f87b92668c89814cdce184292fa5b2a187da097a991f4d8fbe3283a0a139,f26e6122ba67566dabf9e457f4fa9701d2b60d605003b2eb68da83e8f2197ac2,68e73dda28603a9bc97a74f011c1948eaf5aa0201eb421000741e3b1ced74baf,53d83d9cf81da5a3638db50ee73a17013164128613642ba5c5b744fe9f95fa2e,HMAC-SHA256-DEMO,AUDIT-2026-05-STEP3
600,4c4fecf7ed66f0b6bc18fc90,2026-06-01T20:00:00Z,REQ-000600,46b29e30bec752302a2d886e,STATE_02_DIST_02_PS_03,ee0077472217a89dfddd7b51,deny,DENY_STALE_CASE_ASSIGNMENT,P-2026-05-STEP2-ORACLE,5690a249229e06c3d92405e6edb2cdf82450d1614f107481602d970b117d230e,62248165ca66253f2c9d3a9452fa79cb41e041896ca052a0d10c66b36234640d,76d254407dd214e510fcc964d056c375121e03b77c107625f2dff31871fb24ba,42d5daea72c2590d263a3bddaf2256c9ef07d5907d3b918863b2b945babb79b8,107f02bff51c0c1d87fc4d25b8cfa673e96bdaca44a3b5fe103cb6fc6caba59c,68e73dda28603a9bc97a74f011c1948eaf5aa0201eb421000741e3b1ced74baf,8a4c806736614cffcdedbdc6bfe45932cbeb86af2e103e0fce6038cc10731b58,b20e6812e0a5c16249d0ed5236e70f99617c67f09b6a6894c5b9da0420fb25ae,HMAC-SHA256-DEMO,AUDIT-2026-05-STEP3
601,9a5dc9addfa6378ece282f73,2026-06-01T20:14:00Z,REQ-000601,80474f2be101fe342f3d27b8,STATE_01_DIST_04_PS_03,3b085a1d745c31eb8625296d,allow,ALLOW_ROUTINE_CONTEXTUAL_ACCESS,P-2026-05-STEP2-ORACLE,e381196007abd994e67f5e21c77e211605c17a6020ac7b16381ddfe8294d75b4,541954a37a59808fac5fb34f1f5bac5b52fe6b8fbc84296c34b87908e31db640,a6245eaaa1dcc4163f5d395ac9d2a31e22eacef20d34edcc64e6a010640683ed,5e4347e544c31dccb6499d83a6212a23ee06f235f8702576a8bebf6ad2bea50c,76d5d38f48391ff7c60014af4474132d37687369d9ec05ec7588b9b9ae0bc5b5,8a4c806736614cffcdedbdc6bfe45932cbeb86af2e103e0fce6038cc10731b58,9d920a7ba9745f9ef5aeec099e65bacbd3417e30ced252b9c962188ee6680ad6,23e16d8fe520a2de8f2477a63778620e3f000bcd8d96f4698b751e0c4d5a9054,HMAC-SHA256-DEMO,AUDIT-2026-05-STEP3
602,9aa268a9d03a5555761f1fc4,2026-06-03T02:34:00Z,REQ-000602,9a1678400f682a3201830c3a,STATE_03_DIST_03_PS_01,a62882abc3511c2fb68d874b,escalate,ESCALATE_PRIVACY_SENSITIVE_RECORD,P-2026-05-STEP2-ORACLE,fadecc645f17b5900b23078d3392b2b2ea14776a5a412480da335a04c55acb51,a4787ddb814a90e6fd25d473217304a6a903e2ba3e05cda83a72fc85b969d159,d8086467dc4dd5b6e94d98d353c119347c408845be4cc40c8e2bce54d5325a92,66c8eac35b9ef66ed6eeda822e1cc9132e93e2d6d41d7e8b05fe0c55b3a4e45d,8b15ebc3ef3dcb46a1e242663fb74f86652775d1e25ddd3404f054e67f7bda75,9d920a7ba9745f9ef5aeec099e65bacbd3417e30ced252b9c962188ee6680ad6,c83c804e90d887f3da0a89cbc0c9ae5eb5486da27da987b5614442aac076ab5c,a662a4ee7a25c5000e9f4dbdd6ca7b7427847cbc06e1422b24d749220f898f81,HMAC-SHA256-DEMO,AUDIT-2026-05-STEP3
603,2110c64599c6a051572744c9,2026-06-03T02:51:00Z,REQ-000603,97ea02f4f8fba926781c7fc5,STATE_02_DIST_03_PS_01,2efca3bea97d54995e702601,deny,DENY_STALE_CASE_ASSIGNMENT,P-2026-05-STEP2-ORACLE,cc3e5bf378f27afa53b217dc574c0ba086dac310a62855e79031092fc0659460,c11f66d6edcf42ed919eec6fd043405fb294e22450f6f8343e1da7ba7ac8e952,b1bcdbe212e215d0769779c3108ffa9de4b4a6ab258d28579dc8ece5f88da1e5,a2b769c6d5932dd9a5c12966279df8e5d94b5a2effa97e784fec5daef3dfcf2d,3a041a4d4e306d3f5e185cff7a658abe7bcb839360fda787a4af451631395367,c83c804e90d887f3da0a89cbc0c9ae5eb5486da27da987b5614442aac076ab5c,b7441e88426f9c508cc5283f55e5a75206007a41107156b100e8901fc0ccdff3,f3856a89c6ba7cd40b18268e88ae39d9ef43fc3a8168f442f395ca0b4958b067,HMAC-SHA256-DEMO,AUDIT-2026-05-STEP3
604,d5aee1b414f224054dc2ef16,2026-05-28T16:16:00Z,REQ-000604,86505bfb457a23f7a0108287,STATE_03_DIST_01_PS_01,cd84e4f0dd8740713e22e1aa,deny,DENY_SEALED_RECORD_WITHOUT_COURT_CONTEXT,P-2026-05-STEP2-ORACLE,93c1ad5cff1820ee48f06f645c0683c76702b490af93109772f894ff8139eced,ed8b16c42a4250966952e866e120b3105e8c84c63e52aca757e8889dd1592234,32a5641b2d8e0dcbfbad4e7a16bdd331e020943e39f8ec5db87986cc746a2fd3,8ca1333375c5efea41565e2cbd2ddca44468608485966a548eff44a17a4fa343,6e55bec8732996514cb87e365dfbdc40b81ca72848027000db77f159608eaa4d,b7441e88426f9c508cc5283f55e5a75206007a41107156b100e8901fc0ccdff3,32eaf28a97d951332da59198cc6288732e1c3ce2dde8d142a0b4dc195d507fbb,e76b02af4af1bc6a40396850e05daf5ceeb99c697db397e00d1ab33ab5b9403f,HMAC-SHA256-DEMO,AUDIT-2026-05-STEP3
605,74aa0b55512bd6d3be8a7ea7,2026-05-31T04:50:00Z,REQ-000605,030fbe8b71b501096276a8ab,STATE_01_DIST_01_PS_03,86a01f1aea6edb3a8fe86ce4,escalate,ESCALATE_EMERGENCY_REVIEW_REQUIRED,P-2026-05-STEP2-ORACLE,c94208dab92d0d3c773d31e727c21aa7737aa9c26b032f902ae4989ab8cbc8ec,cf3f38243ec8d16fa18fbff75ace5a6951652ea8b1b66ef31993b7d07e323385,d0a62cd816a617ddc09a49ffa1146a1acd61a90467e20402a68b4a3e957957e1,8cfc20b1d74108b0fe35c1f07e24268b937ee586ae352429bba1d482ff126bb3,7084d2630bf9b1d4f757f8ad467a5570cd3969243628b39ab584cf0f63f2168a,32eaf28a97d951332da59198cc6288732e1c3ce2dde8d142a0b4dc195d507fbb,4803490bdd3ea21aa476c2a8ad64ebdcafba614eb474143efd250c69f57f8d01,402f563819835f80fb04aa97496fd32984d7a6226b83189f9b4e85ea9a413429,HMAC-SHA256-DEMO,AUDIT-2026-05-STEP3
606,184a83c10740b7fe41bd126c,2026-05-29T22:42:00Z,REQ-000606,316e4edba94c2b3868db8ac7,STATE_02_DIST_04_PS_03,7dea6e8129bbe8639d8b8ab6,deny,DENY_EXPIRED_APPROVAL_TOKEN,P-2026-05-STEP2-ORACLE,2a2b0dd58e04dc5feca11af7754682e8d3a4aec50789eb11d6180429e256c388,563f28d52331da1dbc3b82b6961c1aa89f7ac3e0690f24fbd5f3ab8feb963cc1,570d2ce649484f2ffe7c4f29c5627748560d2a82fccd1f3bb34baabab044cf29,76d0e9ff2058f68840ec8f2a66b38c771339f6bf6d9208917977f9a24969aa9b,6bd1197c9435f796b39ff4160907dfd81e9d2ae3919e8d91b11fe8db63a72bdd,4803490bdd3ea21aa476c2a8ad64ebdcafba614eb474143efd250c69f57f8d01,1d9a2335307eba5e3b6ac2266a7aa50125a7c177a419d3e666879c446fa818c4,8e21a6d4ef613c6b9c06023275aadbf864c16b8781d1eebd8d913cbe74727c10,HMAC-SHA256-DEMO,AUDIT-2026-05-STEP3
607,9ea41e033d93990e012bf0cc,2026-05-29T02:35:00Z,REQ-000607,9a1678400f682a3201830c3a,STATE_03_DIST_03_PS_01,9a0d075d9c11b2be0f4fbe2f,escalate,ESCALATE_PRIVACY_SENSITIVE_RECORD,P-2026-05-STEP2-ORACLE,eeabb5d7c39894e8b98181ce427066a039a832fbadd9a593aa152cacd50d8f74,3c76dec46f4f8eccb9e064b3efa9e7a02fa0c59df406d7c407d3641ac7701766,18f271530ed6e1bbb97c704088231a71b35f97c8a080cc7e595e6f6d7b6eb4e2,7c4a6e51bcb4e4671002792378d0d5ee0a3f088b9da61f924785e86610fe6403,716519ec5798821403d3adc3a6b32906ab613b80dabb83adfa68c8ceaa4aeabe,1d9a2335307eba5e3b6ac2266a7aa50125a7c177a419d3e666879c446fa818c4,3cd5b73f2ae9a43664981e34aaf5e9857b2ff73eaf8a4c168e4fe661f9bca9da,44547bd81d22852246fac852447aa0fa24403ff79897d7d6beb184ed4673a39f,HMAC-SHA256-DEMO,AUDIT-2026-05-STEP3
608,f9abcc71709b1d8d14453e49,2026-05-31T05:20:00Z,REQ-000608,030fbe8b71b501096276a8ab,STATE_01_DIST_01_PS_03,db6a2cf39ae4810f63b6b02e,deny,DENY_SEALED_RECORD_WITHOUT_COURT_CONTEXT,P-2026-05-STEP2-ORACLE,58bea4ce08eda5094d40ff568528c806a930015d94d55a15a70d4d3e35345081,eb4916e149be7711747fc7dd9336f5ed49bf02349c2717035be57660732396d0,f9a75204b5958a57f63ef0c965326288934c35b4dfc5312f4b97fee594e3780d,84ca331cc6d519dfd64374cf18233229daeeb582802f391c53b7d2e04ed1124b,6ff544a4759e818003d79d94b2c41e6a750e54f0d37f988dc1df51cab8d68f83,3cd5b73f2ae9a43664981e34aaf5e9857b2ff73eaf8a4c168e4fe661f9bca9da,3327a528bea2af628f2813ea38d515311e28aad05233b3d633a3ce5eb3e555ea,2ab9f005e279ce388c7674153f2026aeacbb50b642c76749a3696472b23e19ed,HMAC-SHA256-DEMO,AUDIT-2026-05-STEP3
609,1c4bda7ac77edbd0dbb2a813,2026-06-01T11:57:00Z,REQ-000609,934e26f772b73b1d824939e2,STATE_02_DIST_01_PS_01,2f78e1f4884ee0d4cf5e7c7f,deny,DENY_STALE_CASE_ASSIGNMENT,P-2026-05-STEP2-ORACLE,32d29fc458f5ebb186db34df0059b143f9155463dd81acb37c31180f68eded9c,f9ba8f7f3c0fa91b4cabe3fa2df9df6b921f5ad6a1c83f152bb002c8a5bb096d,e984bc163a2e6de8e2bb25599072919c4ad3820e422ce1028b60c1dce706984b,c6ad21b19b3c8dbe83aab523c3bf69511daeb94d472de3230d382aee75a91fce,72ea247f4efae6c6656c4a6067284a9ed08e9e885df288d1b1cfabd868d24aa1,3327a528bea2af628f2813ea38d515311e28aad05233b3d633a3ce5eb3e555ea,09026f44df7448c3b55af9ececa28f99c090a393e068038390b5b083e669012b,bbdefc02ec31f832e8c922d2a56a9c3115c97b4fca7c0a1a81e0de45db664cf7,HMAC-SHA256-DEMO,AUDIT-2026-05-STEP3
610,a9ba75f755406b40f7b92171,2026-06-01T22:20:00Z,REQ-000610,006fa23a737e20e3625debb8,STATE_02_DIST_01_PS_02,89476745cac894a936858ff7,escalate,ESCALATE_PRIVACY_SENSITIVE_RECORD,P-2026-05-STEP2-ORACLE,7fca4655de90936d4755c82fc59be7ae4bceb4fea4cfca309162a818f58c45bb,66ea416229b5c3c1fd520def6c8486e30ebcdc7f7046ac42980a3cf44bc39450,26c22f05050c7735b2f496f7bb8f5f50e3ed04bfa923120c82adf56bfff30386,df3ccd58636474654bc0f61c277baf4fc758e66eb2f96ab6c67fad751dc67d1c,f2cac1361198c996a3fd8c06493c26ca9a32a95d8494bf4f079f2fbf46faf59a,09026f44df7448c3b55af9ececa28f99c090a393e068038390b5b083e669012b,848e67464cebe5b9eeac23cdf8f6717d1615a3ee5f1619dc9925dc0b61727635,984420e693c05d00124509e0f98eac37186bcecf0fdd162ab2cde6dbfbf7105c,HMAC-SHA256-DEMO,AUDIT-2026-05-STEP3
611,d7c88b162e4472bb1fd03642,2026-06-02T18:56:00Z,REQ-000611,8d450ebb6d2a4135d240f974,STATE_03_DIST_03_PS_01,c289388229db506c0792742b,allow,ALLOW_ROUTINE_CONTEXTUAL_ACCESS,P-2026-05-STEP2-ORACLE,9938f006cba7d388697497cc8b6c126b71162c175293561e97f50dabeebfb3c3,539f3ecbca2d2e8423e8eb5885fddcbac02833e539a2b2591c4d7bedb08abeb8,56ea7667d4e2318fbd70542b4fbd80a4a23770d461ad9717fc58817ea122f2c5,f815e084a47b53faf831f20593cc35a6091289efc1c1ba2cbe317f1ce1586593,a670ef40f22f730fd5f4cc516051ff5456cc23c906a97397bdd2ef736dba6cdd,848e67464cebe5b9eeac23cdf8f6717d1615a3ee5f1619dc9925dc0b61727635,64f251b2821361c51767d73d6ed3d53c166c4348d87ec102908d7b67b83d5fdd,f00055082c95fb76005b120990953b198931641acf9163380cd8c672c8ac0444,HMAC-SHA256-DEMO,AUDIT-2026-05-STEP3
612,baefd9017fe361da16871a5e,2026-05-29T13:12:00Z,REQ-000612,4718492e22f05239e76383dd,STATE_01_DIST_01_PS_01,168a1c2b3087fff6a8185d0d,deny,DENY_SEALED_RECORD_WITHOUT_COURT_CONTEXT,P-2026-05-STEP2-ORACLE,c78431d8301b64e68fcc8dee7dc7624ce0150fb9ca4f7907e8cef8f2861ba950,b303452503ac66177fbb5dcf135c15041060679a4756f7a7a655f434c8aa7187,2ccb6d3667eeeda0d725781b0d1b4e58cb56fc0160e97be6cf1f8c922952cdb7,7d4176373e9da3b9b252b9f351d06029692a8031719662bd9ff01901b289158a,a6ffef5fc4a13d5eee90d7a6f5924bc3e974d7f22a62c3bcee620b3f197b9882,64f251b2821361c51767d73d6ed3d53c166c4348d87ec102908d7b67b83d5fdd,1471fe934488d97966168571149692b52cd893771031b9c6f6ac935002dc6614,0408f40194ccb08195dfe98f01a369301d4cfe5399c37f1bac436b2a5a9e4a45,HMAC-SHA256-DEMO,AUDIT-2026-05-STEP3
613,2430bf73ff4ed73d10994515,2026-06-03T05:41:00Z,REQ-000613,cf4f97b5eda3195f8d5d3726,STATE_02_DIST_01_PS_03,f7151781855b8ca96dc2f997,escalate,ESCALATE_SEALED_RECORD_REVIEW_REQUIRED,P-2026-05-STEP2-ORACLE,5a0e132bdd7aac6e79b71fe8c6c7e4027e6ad80b16e2570d9e0312f6f7765a4c,17517fa375ca9da7a7e540cc56ff9bf5009416a660f4465d93cf11390ea2b257,cce0474158b5245027d26eec60b0b7dbf7aff7b0dd99a74476730299ddd7a96d,be9a075ad42561c0109e47c2a75a1144ebff75c2b1f8d32c3f16c6e6fb93c917,271a2d6010d223ed83be26e9e419af409507d070c0bd7b14e65c09755d8e5c27,1471fe934488d97966168571149692b52cd893771031b9c6f6ac935002dc6614,0bc3e71e75a3c470ff8a50354dc5ea7c9ed25a769db33f9228357525097c9d2d,93aa45b8af0c69eae1714800a9adfd701f434b871224f34b33180639493c03c6,HMAC-SHA256-DEMO,AUDIT-2026-05-STEP3
614,c4266b2a29c7eff235ea46e2,2026-05-29T13:24:00Z,REQ-000614,0c324b29f9a967adb599bde0,STATE_01_DIST_03_PS_01,5e42dfb878f0ad90838bae74,allow,ALLOW_ROUTINE_CONTEXTUAL_ACCESS,P-2026-05-STEP2-ORACLE,ae9b966214385f0616a45c03e204ca24a2c058b22a9e03d675bd9d81214eb536,f38a7474ea79cce02e0f86981bc4ed68621c18b1b83dbaa043f12383ef594cd7,e59340271479d3f29a4f38e37a461386751267522019cd3592a2574e98ececd1,0f52bc46fe66faf2972cbc4420e475015bf5732a790d8f3b0433aaebb81531de,81f874f089df5cc0940e5b919cf2d336d100dea9471a7aa7fa5c11f1156ddce2,0bc3e71e75a3c470ff8a50354dc5ea7c9ed25a769db33f9228357525097c9d2d,1d75e9159ec26a063d296758828e98cccb421a6118197bc6e4d38cf36ceeeafc,74eb26fc4cc865ae6ef26e19a1892012edeb1a0b005d1415f6b29f5f1b1951c3,HMAC-SHA256-DEMO,AUDIT-2026-05-STEP3
615,d7d441ea1c6ccb0c11d72302,2026-06-02T20:00:00Z,REQ-000615,17c3357ea795f04352db1db0,STATE_02_DIST_01_PS_02,957a61b122db170092250b9c,escalate,ESCALATE_EMERGENCY_REVIEW_REQUIRED,P-2026-05-STEP2-ORACLE,23f102460a0a594cc8e2e5d73266ed4c6b3212a65373f809d303c6c9ac9884d8,bf5f31739fe7fa3d4342e15c67462b80bd5ff26472a02b18cb9233a0fac7d0a1,d128e1a70514650b9b3094747915b07deb88114d3fd9ad7793c1792162584359,e95b48b5888cc0baf955fb91760e895307da6702dccdbb8d0f2a979e17e774c3,50b7cf2571ec7d2f577da8b6adae4b4feb3708b3fa22d9eba69c7a40f1d1e07e,1d75e9159ec26a063d296758828e98cccb421a6118197bc6e4d38cf36ceeeafc,50f48f4e07a1844da0b6c595c461f98f921f3bd529bd07f24d271f24abdfa89b,5b62ecdef863b52e35a5062d87c085c4df9d1eb9b17416cd1edcc1edd61c7dc3,HMAC-SHA256-DEMO,AUDIT-2026-05-STEP3
616,e47f5850d4b477fd1b8099e1,2026-06-01T13:28:00Z,REQ-000616,6d335433b612a148a4921389,STATE_02_DIST_01_PS_01,77385b524212abbfb3cdbdf8,deny,DENY_INACTIVE_CREDENTIAL,P-2026-05-STEP2-ORACLE,63c47de87bbe2fdc574e9cb78bb6be3cc339ebedae75efd3e32f2f838b062b82,1563bfe127151a73ae5cafcd805008d31160dd0368c39b4acdf38038fd5d8a9b,20819c13a7ff331dedd8afb4d54c54e42b2522dab7c051378b802ad85122a5c1,9196e9d03dcc4f6836b476e4bce54a56d1628c9a20ffbd1f317c5c3b0238953a,45f778f324519ea4cb54bd28e60e8f810275c1ddb2dbfab37035159a0361709a,50f48f4e07a1844da0b6c595c461f98f921f3bd529bd07f24d271f24abdfa89b,6762051bd44c9fd45a29f1f94d26aea9062ff89215fd27e30af8a4ca0c3b8c86,09c73a1bf1e62af9c5defcfc68cd0c711c8ef1cd54739c19661b0b00eef5f05e,HMAC-SHA256-DEMO,AUDIT-2026-05-STEP3
617,2ca024c2472db60a1fd2e401,2026-06-03T06:49:00Z,REQ-000617,2b64c21367370d53935a5e0d,STATE_01_DIST_04_PS_01,7c5a32c9e66cd2cd800b2f7b,allow,ALLOW_ROUTINE_CONTEXTUAL_ACCESS,P-2026-05-STEP2-ORACLE,a9c38634c5873cc5749ef502ab83f13fe924ad728bf163e171e2fc5117292f99,54c10311c4a3963080e161717908df1d530ff15c1d55d3b03a5f56e8c967681c,61ee5194a65727b7361bffd4ab3f9007a3a4919a4242fe13546fa66710569faa,0043217e53a9d14c59b84bdfb3fcaf918905061bc2e7983505ff916294119f3d,88f65ce5277e16eb5fb1980e62ad51dc7209e5034aae64dd5158d6cab08995ec,6762051bd44c9fd45a29f1f94d26aea9062ff89215fd27e30af8a4ca0c3b8c86,ef03b610dac917752f21855d1b690a7d4db2d264222b57c46f79cb1249d7b1de,ebd0e6cf218bd2f46251426d553b59bbe668045f0858e10830209cd1db5cdfa5,HMAC-SHA256-DEMO,AUDIT-2026-05-STEP3
618,86f337f0c16e451f171634ad,2026-05-31T07:00:00Z,REQ-000618,29e63067f87e22c26e60f375,STATE_02_DIST_03_PS_02,193966fad57108ff4acda611,escalate,ESCALATE_PRIVACY_SENSITIVE_RECORD,P-2026-05-STEP2-ORACLE,7bcbf53067cd7783642fd7dd36a0189de99f209538577052dadb27745c6fe67b,1128e63112498f61abe97e1b8511252c7c3e86acbc2b5988c06db854d2dbb3ae,802f220f1b067ce1944f28bab976328e157793e4e8bab2249d3ebed4bbab5c13,17c30409a36955d7f3d1635ed5edc99132727ab814fc46265d5cb01d450fde5c,02d61d72673d801b1ff6ba0decf5f5239205bff1b511a2e7152710dbb179e74e,ef03b610dac917752f21855d1b690a7d4db2d264222b57c46f79cb1249d7b1de,923a374797f58c8c1f6741448477414853e5e8f381b60b95f1d69b62d734d7f6,e2affe85a55be25dd3d7b7593fb692b035074cc4cc0d4de0c25b5498f844dbad,HMAC-SHA256-DEMO,AUDIT-2026-05-STEP3
619,5807d25eded1617cfc9d548c,2026-06-01T03:48:00Z,REQ-000619,116125532167435d32c323d1,STATE_03_DIST_02_PS_01,5b3c9fb228bd8b29719c1a5a,escalate,ESCALATE_PRIVACY_SENSITIVE_RECORD,P-2026-05-STEP2-ORACLE,f3cfa863fc064741501098adfa6c993ced6d081251d26111015ff1e900ddf067,edcfc271100a70df81ccc72bdb0f4dde61249d02a9d93d07589aa32b8be377ec,063a5505175782b5a048fad08b2904718bbe02fdd577daa7c0218cf5b7beaf4f,b6cdb4060bea36b9ad2559fbf9974f6dcd69eb4f5a51eff0d4dc3f5bfe00c86e,c2b5bf877fcd9b39e9dcdcedf7a49b0957029e87f3028e2fe955b8affb3f19dc,923a374797f58c8c1f6741448477414853e5e8f381b60b95f1d69b62d734d7f6,8808e13b4511e59efb9c842920e2650f0e2a75725a9c4096cdec95385402f33a,5c1f0296a8279a1568476a8244c3b8c062bba449d87a1a98b43325aafe3f1aa4,HMAC-SHA256-DEMO,AUDIT-2026-05-STEP3
620,a07457c0393fd8cd0ebddc8c,2026-05-28T17:20:00Z,REQ-000620,5d49251d25024e2ef906fcfa,STATE_03_DIST_04_PS_01,bd50a8e4e50ac9f99d20af26,escalate,ESCALATE_CROSS_JURISDICTION_SENSITIVE_RECORD,P-2026-05-STEP2-ORACLE,75482089e766f19ef6031918c3e080cc16240af4d31ceb8af9d21ba6965305a7,7329ec5c7320115bb9519c705cbe8f0acfb0fcfa311c70bb42976494a73afbf8,d0e1bda17728e8386f5c859e19f829fbe6b885bdfd78149e8fd38b7fb15c4036,666d2681352cf420b6bb9d92fc7e9c3b7005025d36491fcf8970b9b0f0e668c0,96bae4bba553666d4aeff62e99e62511b943aaf3196700c961deafef5a681a71,8808e13b4511e59efb9c842920e2650f0e2a75725a9c4096cdec95385402f33a,73d7e1a09ba0855ce5a02c2c968a38e0ffdc84c2a5fa227764559e29dbcc360b,ba3bd056189b6039ef4f69c2b00e3b3c45efcd8ed03b47f50d97ce23a3fbe410,HMAC-SHA256-DEMO,AUDIT-2026-05-STEP3
621,556cd7a80a721b68f29c9687,2026-05-29T14:06:00Z,REQ-000621,c5c5b540de8f1dde6964dc89,STATE_03_DIST_04_PS_01,71b13ba5ea5eddd1dd8aa5b6,escalate,ESCALATE_PRIVACY_SENSITIVE_RECORD,P-2026-05-STEP2-ORACLE,d33ac1cb8f24fff4f55fad91556df26d6717f36195e70b678888291562006b15,45a28e3811370a289e23a84b1ad115ef04c29690be791f52208bf4a4a021dae1,a808f304f3cf90c2a07194e20e0bd4ef68f9f2f398f1f7a1d09cd51a1c814683,04bb9faa11f9bdec9613e59a7b00f7cd5ad11172270f6e57507fd57add6f88be,ae7e578ec722711120bb4a7bef80cf9adf4eb6bcaf0e45b450c97c2bffd46e1d,73d7e1a09ba0855ce5a02c2c968a38e0ffdc84c2a5fa227764559e29dbcc360b,ebfb8a6e0b697116face318b6254f8a4872f97105af0356d6fa726be04a3924a,f7552c7589272c2df9ee34b2832ff71b9c4276bcf30260a688569d82018a9ecf,HMAC-SHA256-DEMO,AUDIT-2026-05-STEP3
622,8a369b6c072289bbdcb427db,2026-06-02T11:30:00Z,REQ-000622,cf4f97b5eda3195f8d5d3726,STATE_02_DIST_01_PS_03,e1083b56bf8aea3261c52dbd,escalate,ESCALATE_PRIVACY_SENSITIVE_RECORD,P-2026-05-STEP2-ORACLE,2c5154ee317d4348e1fd17c9bf0d5f549a7c489403c2035895a6bdfae0a3f84b,b020ec4b9e3dee8ed9f504ccaf33c57178ce3138dc52f6041ad233058a8a9df3,1be72cdf63a2b686e4f5f338c64f1332bdb0fb187de6d8519a100115ed3e42a5,737e20fb5e513810958e7afe1aad5d06a2a6acc507fc49e10afa96e38a96dec4,6a1bfee0afc81a0d4876d52640f7e15c6a051a24d3493c61d6cddea943b41e74,ebfb8a6e0b697116face318b6254f8a4872f97105af0356d6fa726be04a3924a,1980c796721ac67bf76a1f581c78a1abe02c0000f0bb13839cb7b3663764c224,9d1a233a666aa6651518aa95dff9bbf93c15118b56a256a896fb736c2221a354,HMAC-SHA256-DEMO,AUDIT-2026-05-STEP3
623,93c984af4113ff5fc9a081c9,2026-05-31T07:50:00Z,REQ-000623,c3da23329ac65eb7b3af694c,STATE_03_DIST_02_PS_01,3247cfd0298737ce5f467ec6,escalate,ESCALATE_PRIVACY_SENSITIVE_RECORD,P-2026-05-STEP2-ORACLE,959aa26781f4d11c25ebb75beddd4a981733f4c67f6b718082cf1dfad3b9360f,0092de5413bc45d9d0437e69cc89f0dd54bfca529d7ae679f7c573263d2af799,0888012cd8c80eec798f5fbb20263245aedd86b671387440ca3964281d39de53,6c4e7690fd4b4b8fe5f6dc9a48a7f562b95e0d405966ead210ba2165f38f9262,912c47ca24f8dda440a7b02efe9f8594eb6a1857c2ef99b597e0902d7187c039,1980c796721ac67bf76a1f581c78a1abe02c0000f0bb13839cb7b3663764c224,216e3a1f30e9ec5546d74ce41a6b11d39e848c329306c167694daa8c3759cb59,c04435778bcc86b9dfee40cad232057ae6c421ae48ef22332bcf2d879ceae5ca,HMAC-SHA256-DEMO,AUDIT-2026-05-STEP3
624,5650295c175d6a785590de41,2026-06-01T15:12:00Z,REQ-000624,3a6a5386535f809a826fc8a7,STATE_02_DIST_04_PS_02,83c5b0534e468f6304fb5a25,escalate,ESCALATE_PRIVACY_SENSITIVE_RECORD,P-2026-05-STEP2-ORACLE,0c2cbc1c903ea0be9f96ec7ad8efe9f2634f12dfe1f53cf88c36ae1c9036ad9b,085b110cc89c6c6627aa9a1d18a0897c231afcbb1769c3b437e0ef3387ccf265,83b37825ca4276ba42b583f80777a1d0076c3c2d02c2e0aa485c93e4a1d9f0a5,734f5b3dfa69d176836af8984a9f83bd96282696b69977c1cab30ef9ef9928a2,28f23eb5cdef491bb5015bc4b8765b3994c5dca4d8ccb50f6af95c4859d0aa9d,216e3a1f30e9ec5546d74ce41a6b11d39e848c329306c167694daa8c3759cb59,ac9a0d8bbbdc912a79080ae2bd2c6a8652f53069222b6d63d6c65de83b32ff16,9c75780bd1c927566f6dd8264d1dcf8db95082bf41b691482053dd566c6419d6,HMAC-SHA256-DEMO,AUDIT-2026-05-STEP3
625,8c2251cae390bb8e8a552dca,2026-05-31T08:10:00Z,REQ-000625,7e2b88d260bb5ef29585a94e,STATE_01_DIST_03_PS_02,f34566a66a686c1db1f13e6c,deny,DENY_EXPIRED_APPROVAL_TOKEN,P-2026-05-STEP2-ORACLE,e8149b19ded4ae28be531bc0e66d83463bc99821a4b9eca67054085caf482699,9e85d808d9c5c0acfed4e1dffed8a1018d9d3edce5e761028ebacdcd1989183a,371b722b943c889ecda3a44813ee037169746bf07a2f062fb0f052e6727a1577,5a27eb061dc747079bc5f27911e159bf3ae0ce6a3172714338afcd8ea02b9486,ad5d6deab67babcf7db1cf95ff14b3121951fb3ee01b47b0b3f805f790bf19e3,ac9a0d8bbbdc912a79080ae2bd2c6a8652f53069222b6d63d6c65de83b32ff16,5519c1a129e21d138ea991114432dbcf228999a42074f0dbc96b072847c5ffa3,a1261aa203f7b6451159ddadd3ad46d887f0d493e6cf0982129277eea178cec3,HMAC-SHA256-DEMO,AUDIT-2026-05-STEP3
626,362709cf56d8ab690b5c6f18,2026-06-02T02:04:00Z,REQ-000626,63cd4d5013242ca51327d961,STATE_02_DIST_01_PS_01,bf2181704489a082cfccfcaa,escalate,ESCALATE_SEALED_RECORD_REVIEW_REQUIRED,P-2026-05-STEP2-ORACLE,cad5cd5e88753cd2d87ca9be5a44ac5fe2e8f51f7f5c2f01592f930792cf55e8,02e9dc85781535832cc17d57d708baee9f77b9a57c8228362551428c3d0b73a5,10b8df97e7c3935e162170d2e4ccc0323709816a3ef6d3497dd8ffe3b74d0c44,acc494df0258ff5fcce0c8a15b70f40a24842d68147a31f17d70f2f7ff26872e,01cae012bdd2754e1ad9e4fafc9f8c68e9ff40b8f0f68420a4a181bfc5a1f64e,5519c1a129e21d138ea991114432dbcf228999a42074f0dbc96b072847c5ffa3,d963f3e0392bbfae447a0095aab4b6d537aa653ffa18b961194f47cd2e564dbb,49831b5ccffdf396d61c8a6cdacb629700999b5aead2d973233acf6908382a25,HMAC-SHA256-DEMO,AUDIT-2026-05-STEP3
627,62ff19d34625767903b2fccd,2026-06-02T23:12:00Z,REQ-000627,eb2cec3f8312decabe6f3925,STATE_01_DIST_04_PS_01,24b2390d4286ceb3b5cac194,allow,ALLOW_ROUTINE_CONTEXTUAL_ACCESS,P-2026-05-STEP2-ORACLE,b77211a01aa102121c65439b50127aada4c52ec0a4ba40bb3221dc73d38b61b3,493dec662c69bf780604d0a1649e1ef067371d0c30ea8e8d19a45107897d24e7,f5289a48da6e5a5023bce45b106f68e2e58047105c3b2e362a43ad48dad69a46,ba7b79a35854f2a52b81459e762ac79ca6ad0995be6e0c54733a8fea4d6a9047,2835c0e6a21a60a13400c05d3a75d98044544404ac350810dd335a7722463fb9,d963f3e0392bbfae447a0095aab4b6d537aa653ffa18b961194f47cd2e564dbb,b94c119d0d6cfde51faf1d724dc3b288ccbf91d96a87150eb3e1157b0ae58aec,b69e269eeedd338c0005ec50b41f123c181e5e67f3ff19b43aaf3564748acbd0,HMAC-SHA256-DEMO,AUDIT-2026-05-STEP3
628,6aeb3425d2f4c84962b93d9d,2026-06-03T09:56:00Z,REQ-000628,8ec325482a0f9259719128c5,STATE_03_DIST_03_PS_03,e5d687012599ae15945a2fb8,deny,DENY_EXPIRED_APPROVAL_TOKEN,P-2026-05-STEP2-ORACLE,1b581c159be3004f34e21b27bd2c9b2f42a716cc9ef99064b8ad76bd0eed8330,d60ee13afb48caaa36be76247652e31e2e36c8cf0f0268bc4adcc44bfc7c7c52,0f8556fa4aae600e1780eb89f49672cb6f08ab72fa5885cbe72b1f023e0ef553,f386bf5a0c2e7bbb69b2ce136adf9669e134ff0ee4c1bf7395929a0b1a676d5b,c60763109e3ba5c2de4a18bb62c4e3ab3827b3a44318f86dd11db7b08bba26f3,b94c119d0d6cfde51faf1d724dc3b288ccbf91d96a87150eb3e1157b0ae58aec,3f1d55bceeff71024b33be895ef037ffca0a9845aef2b317f2a6c31013a038de,8a3f8d8c21a896df20c012947ec6f781f3e3afb3e472c8fb449c29d952e684d4,HMAC-SHA256-DEMO,AUDIT-2026-05-STEP3
629,8f8488ff86b0c58e82eff8cb,2026-06-03T10:13:00Z,REQ-000629,46b29e30bec752302a2d886e,STATE_02_DIST_02_PS_03,83c5b0534e468f6304fb5a25,escalate,ESCALATE_PRIVACY_SENSITIVE_RECORD,P-2026-05-STEP2-ORACLE,6a6acc48ac5af731bd58edc96d53fba180f2a61b7b7ca160a99c680572eca76d,d36878c9470e2c6dc8c540ec53f1407a1ca66b72775cc26baa88976799ba37f0,38980d51e2c064aef5b28dea369fd17d66ae2a371cc341b9fcb0e6bc5b8b4fb8,0f06e90af6c87fc682160797bad662ec9c43be47004222a7445e009615f80617,19c30546fb10ff1ebc4b591c1c95d9fc75526e33b9fac15fe0dad7453bacdc14,3f1d55bceeff71024b33be895ef037ffca0a9845aef2b317f2a6c31013a038de,f66ca4c82720170117ec6a4e62a0813294b1c94191de564c2d2de814bf3e8342,9ed7f13dc43ba358eb342df90f8c0740e566e2eb9d4665af555e371eb30e1e03,HMAC-SHA256-DEMO,AUDIT-2026-05-STEP3
630,c10226c03acdef82b03339f5,2026-05-30T12:00:00Z,REQ-000630,90740f6d12084e4c579f3454,STATE_02_DIST_02_PS_02,a294966bbab71d6e812d21a5,escalate,ESCALATE_CROSS_JURISDICTION_SENSITIVE_RECORD,P-2026-05-STEP2-ORACLE,29fd262c480925e0fa6aa269b6494787305b968760ee705e02bebad81ed9a8fd,d334de3f275f75286d6b157ebe77ac9857fd1a83de4d4a8a4f118015a1c9860f,3577ad13f6ab396ceddc5710c0f3d09f26fae3fddab240cefb867806ac9253ae,42faf8d153e327e061b196c9e8ee22fe5950126f34186cf4747aa3a493a6b360,9b9f7465e5d3828ddb9ec69c45ca2de37db7b97b64a806104f953e7d5e2b7696,f66ca4c82720170117ec6a4e62a0813294b1c94191de564c2d2de814bf3e8342,d354f4d549a40087e3c272cb9d3a1ced31fd267571dd15b21752a70f4531e369,8057927db8d845a492155622e058a0e87c55ff7f1ae0cdf878617e357b52e1aa,HMAC-SHA256-DEMO,AUDIT-2026-05-STEP3
631,31137b7c2c7134ef39e746aa,2026-05-29T04:35:00Z,REQ-000631,6d335433b612a148a4921389,STATE_02_DIST_01_PS_01,58a9f38a07138e1943c8cd6c,deny,DENY_INACTIVE_CREDENTIAL,P-2026-05-STEP2-ORACLE,922478e88ddf369feb9f53cbb31c38289ac2326151a96fa8fc6f5430cc944d8b,44c636b8ee560cf9cba926d171d925ff965fcef3e548efba3169cf8e934f77af,3c36354143ebec8551bb633f0c5894ad20cfee858c3ccb081ffc07364c34bd47,62172a0e0fe3ee3c9ca6e6c0e276cb564ca52ece28dd4ccae49afed62cb2e8f3,3f49e6a76b5fd29801e4627e0d56b67e67fa27db4e8dde8523db9f3e8f25f4a7,d354f4d549a40087e3c272cb9d3a1ced31fd267571dd15b21752a70f4531e369,e76e4e0a43109d1face4a35a172c0bbd4218a734cedafe0fd95a4b40be56c19b,3cc61e4263e14f412058df97964f1619183f625b9a1903e26f879cb87190624c,HMAC-SHA256-DEMO,AUDIT-2026-05-STEP3
632,5fc756943177b6a5d8f4b508,2026-05-29T15:12:00Z,REQ-000632,5f5d03cad2864eb9986177dd,STATE_03_DIST_02_PS_02,62c4bd5e3c46d322ca954d3d,escalate,ESCALATE_PRIVACY_SENSITIVE_RECORD,P-2026-05-STEP2-ORACLE,ea78f8f99792ba58dd27e18349104e5e9ca19ef4bdd41910828bb2ed37d95b0d,9203667d4cb3e1fdb1123f35715600eb671dadefd12483e36e58dbff4767534c,294fb602e343d0b586cf59595694791f033ac8b5d0562ccc251634fc86c056ef,edfe6345c99bd918e15b65fc19cab9155c5b34502e966b5c39a573bb2dd0fa21,6f688892afc5e3d90032bc6eea2516fd7e737874b16f52838dcbdc25564202f7,e76e4e0a43109d1face4a35a172c0bbd4218a734cedafe0fd95a4b40be56c19b,e016df41dff1d08f43901340fd034c669c52dfb6913419cce8517a2fd0911c14,db1dec5bd917585535d71a372dd65f2e2911d95a9a23f12bccce397a9fd463c2,HMAC-SHA256-DEMO,AUDIT-2026-05-STEP3
633,43d040973ef913b37bdb614a,2026-06-01T17:09:00Z,REQ-000633,858f20314a8c64995d905a33,STATE_01_DIST_03_PS_02,b10eeff052ba452504a54f88,deny,DENY_SEALED_RECORD_WITHOUT_COURT_CONTEXT,P-2026-05-STEP2-ORACLE,3cd022d63e942a4ef4cff888bda68ae844625d57ca4413657ce83e38a191f623,afaf534781f0fc9bc55f74fb80cb400562f57b94d765446eaf317dae448649a4,e61d4064f1ab5352eaa772a2911382f7a0e29025a79cb5c11968a71fc877e607,2e10e3fcff2bf1349ab45c14de178cb43ba9b2031220c3a3d9fc8412be82b85f,e9dfbbc8161f98c4ba02d4cbf7f8b934d3db4d1b0cc2cc96f04ecd510e48d574,e016df41dff1d08f43901340fd034c669c52dfb6913419cce8517a2fd0911c14,ab25e9810748b9ac1f40d5b060c2dbc410902e3b6419e46ba43f75064abce59b,f9f2534389055a4718ad849a60990ac5ea4824907ae2187676ca500fd7e3b01c,HMAC-SHA256-DEMO,AUDIT-2026-05-STEP3
634,784e79b40cc15e1b0c1b72db,2026-05-27T21:08:00Z,REQ-000634,7fa77f7b07565190b1b9a0af,STATE_02_DIST_03_PS_02,1401f3e1054a0aaab0eeff1c,escalate,ESCALATE_EMERGENCY_REVIEW_REQUIRED,P-2026-05-STEP2-ORACLE,29f6175851bd38f46307af25b1132e8f6e45dac80fbcec89559fd8f9f5723a86,577d0cf1fbd72938cc8c354f23fbb969820ac1a20fbf6c15c2ee2e5bde33a490,7212e81d247bb29f3e705eab212fb88a8f70e78b770953b51948bf3d20a48c1c,93d8df064859a50e13827c012eea9f7c4caa6b488cc0ee0859189b918252a65b,ccf1da9100155db79c4e2e0018b9684abd8efea149f6db2cc96c483df7d524d7,ab25e9810748b9ac1f40d5b060c2dbc410902e3b6419e46ba43f75064abce59b,84475a5162ec204defbabc2d5eaebe2d998a803c78e31e2f2c800263e76b3a8e,3147a0ce86ea05c64949ea6c07c376aa43d2c6ea5b288bcdfd78005d1a8d2375,HMAC-SHA256-DEMO,AUDIT-2026-05-STEP3
635,7ae06d16b509b64ba3184845,2026-05-28T18:20:00Z,REQ-000635,5250e04b75f9aa481b9f2c6e,STATE_01_DIST_04_PS_01,148f5201e446b9e7af6ac7c4,escalate,ESCALATE_SEALED_RECORD_REVIEW_REQUIRED,P-2026-05-STEP2-ORACLE,95aea41860cfb89064bfb2463a44a4350b827340780d7f7c8f826bb395b64236,96246b061886dcc3270c3a873134b26bb021763e8d72b826ccb048538ef240cc,e0ac476fbc7530c7feb260d655db6725f9c6c9e320ef4b2b8e715866d87f390a,a41fe72fbedd00f8366020c8bc86b46e1b0ed11b33326cd8a8e1e5afa06cc6d6,329e81e761af3adaaa8f18bee5272cd6d9570ccd2c9d6a61f33b23a96af6bbd6,84475a5162ec204defbabc2d5eaebe2d998a803c78e31e2f2c800263e76b3a8e,96d5e813f9b40ba68e6c53136efeef847f73c620bf1504cd2c2b5e3205977830,cc1bce873f0277103eda3400aa313296ae2fb43e655620500f73522251c758cd,HMAC-SHA256-DEMO,AUDIT-2026-05-STEP3
636,74a3781a4468c1dac3533f39,2026-05-28T07:48:00Z,REQ-000636,769c0f71f92a8b49e252746c,STATE_03_DIST_01_PS_01,013db09002c5359870535b51,deny,DENY_SEALED_RECORD_WITHOUT_COURT_CONTEXT,P-2026-05-STEP2-ORACLE,4bfbd0cea5567a33b6dcab83168d718a4526c7b5b02a01dc2831e3fd9e1423a4,5f80c641cb4300b5b652026f7827a65b0b29f0b2d997437a0ae396ef459e973c,20cb7e1a9735ed67823603b05f8381ca23c466e453cfc2a576b9657b44e7cc13,0fb8c5fbb0d7f402eac21d1b5d20bff6bd1eb44024fd99404bc19affd2d10c05,00ccc139e9864ac62c4efdf99ee49dbb08fb5f44b4771826c1f3d9ea198a41d2,96d5e813f9b40ba68e6c53136efeef847f73c620bf1504cd2c2b5e3205977830,69311c1b84947cf3f0b614eedac363f75dac1acd311b4112d20394bdab3737bd,5bc7e782718daf286c6e229a94d1a8fe4238ffd46d827160613223d650b3c80e,HMAC-SHA256-DEMO,AUDIT-2026-05-STEP3
637,bb7a0611e7ac986ca173f1d5,2026-06-02T04:38:00Z,REQ-000637,d60f48d22e03c3316a18fa6d,STATE_03_DIST_02_PS_01,deffffbc895a829fcc534b52,deny,DENY_INACTIVE_CREDENTIAL,P-2026-05-STEP2-ORACLE,bef98c6be36aa658926bf4267d7a2c5a58236b686b98b3be85422d7add650501,09f97b613c5f3d084960507ac3f33967064999a5e2bb9ef602ab7b5e0847870d,cc3cd7178a94ca5d038ccd40ba061d7904bb48d39a03054b3b5e34a6c89e7fed,8198d5f67f1ae77c7f72f6c0a952016e9cf6932bca4af9ed14543003dba9c1f0,b846bb0aa904d562d333b02da167a437733b86502f118f11174bc248781ddf31,69311c1b84947cf3f0b614eedac363f75dac1acd311b4112d20394bdab3737bd,77696a2bd2f70ca934298f5fbc21f27ea87c194ba2a5bb1991867d3e8073fa9f,048bda84203f7f25ab49b4cf886c29414a34972399a09fc6ed33b465049ff61c,HMAC-SHA256-DEMO,AUDIT-2026-05-STEP3
638,8b64ed711598ae59842b27d6,2026-05-28T07:54:00Z,REQ-000638,6d335433b612a148a4921389,STATE_02_DIST_01_PS_01,5820681615acad6176f4144a,deny,DENY_INACTIVE_CREDENTIAL,P-2026-05-STEP2-ORACLE,085feae7eeda33812357f83907fc01c29b17760e65e01c12f0a01db386d9daca,d8ef62c214859ddf98cdf52dee68220f774b9be7c074615b4f0d1b7e1838b368,2f470702fe8bbb9fc524b13dcb2b64a2abc9bc94b30a1093fdc29d7edcea5d5f,ec36eeb1c55fc14f447590823b5cd96623014914e9468566214f327f73ae5266,d5948af135cd12ff720e6493a08ea35ccdea45bd1b4944332cef769c8bc53dce,77696a2bd2f70ca934298f5fbc21f27ea87c194ba2a5bb1991867d3e8073fa9f,ef1b6b3732e9029ef16b23383997961a454ce8d934a3e463b55dfadd5694ee97,a00a534081657ab72be90bb4f68360900393ed8efa4e2eab89a1323988bbfb3f,HMAC-SHA256-DEMO,AUDIT-2026-05-STEP3
639,95637e0178eab22c85d9ff0e,2026-05-30T23:51:00Z,REQ-000639,4f04697319f636cd795e5d1b,STATE_03_DIST_04_PS_03,c1be72ae2e586a7fecd00956,deny,DENY_APPROVAL_ACTION_WITHOUT_SUPERVISOR_RANK,P-2026-05-STEP2-ORACLE,65932726e3f0c3a475f701a442453734383ba4517a23f62ad84b229bb7f99845,2edce70d26bb7c36367d654bbaf70963df1008d5acf083d7c960749f4f6cb091,ae4d267251e63ea046822cb459cdadfd9737226f3a1b1d702717f544007b2d4e,b012436cfa7ffaeb468e091bc7dc1d0a079ef468730823c58d4b966e7b325e84,3adafdb566c211196f19268c635752c3784104d1189e5404c0771bad1329e76c,ef1b6b3732e9029ef16b23383997961a454ce8d934a3e463b55dfadd5694ee97,3cdb5a3002b2cacdd02ddc6caea1670dfb15496a11cdf07d6524be53887e3d73,642d411799a0914c781530fc70a6bdaad804b4fd63a3de6a1fa28c30f6f0f1a9,HMAC-SHA256-DEMO,AUDIT-2026-05-STEP3
640,e9838b216ceefe2855eb7d21,2026-05-28T08:00:00Z,REQ-000640,fad5d40018942c6b0ef2d75c,STATE_01_DIST_03_PS_02,b1d414a86aab728f35101d37,deny,DENY_SENSITIVE_UPDATE_WITH_LOW_RANK,P-2026-05-STEP2-ORACLE,1d27b040441bc7d904e934fd6364f1de4c4833b31ecf073d0bbd140b20009833,99ec34b9783b1a1a118c06b4c110a1d6732bdc4d58763406be59ec243da2e7bc,27759c285a0386385eb5b7a943dfe2a87d22d4a0d67fabcff7f00f1e9069b328,e0bce226a6e7308c776a92580c242d98535b089ae1dae7c5da5b759a30526c17,3fb51e5ecb287c2d84c2d50641c2030a0e83e51b343f2a8b6b0fd18fc9da082d,3cdb5a3002b2cacdd02ddc6caea1670dfb15496a11cdf07d6524be53887e3d73,8d7917f205538056a5efa4d005517a7ca05af91666ba03546594abbbace8df0a,a1439facca5c0f65630e01e444eacc453d32b28011923feef4390a57b56865ff,HMAC-SHA256-DEMO,AUDIT-2026-05-STEP3
641,d006c5729d4f3313e35009a4,2026-06-02T05:34:00Z,REQ-000641,07e08d113775d9e409a3ca05,STATE_01_DIST_03_PS_03,834c1d76a17a3ab249dc2b1f,deny,DENY_INACTIVE_CREDENTIAL,P-2026-05-STEP2-ORACLE,5055045ef8f90ccc6e8c9430e48ebb49e4c3620f106070b189e34b1df8127ec4,e2145d76992a052f6cc49f37cc29b2fe50f6608d90094cdb129c0e82f498ce93,b2985d095ef4e04d17908bd881a1ada9fd00d3c7f9d78e01dd9ec90fff0108be,8242aa652f24a6f8d7beb0ccff8c6ff0f7206f73305591f69ac111cfbba189ff,23c7a73c7d80c916cc99f25a7e0bb630633c1548e9e7c3667d6ad93750ad6b62,8d7917f205538056a5efa4d005517a7ca05af91666ba03546594abbbace8df0a,c4377d14d3ffef67491b12a525dacdb2b96c61733e9387311e6928976317eec8,45c476d31f22010cb516379c4315e41b6c8d9c4ff9c5992f000d6c9c6f985570,HMAC-SHA256-DEMO,AUDIT-2026-05-STEP3
642,f947451dfe4f1a63549a771a,2026-05-30T02:54:00Z,REQ-000642,2e90133c615ae26c343ba035,STATE_03_DIST_01_PS_02,f38571fab98970e83b278f4c,escalate,ESCALATE_SEALED_RECORD_REVIEW_REQUIRED,P-2026-05-STEP2-ORACLE,1159eaaa97cbb7c825d943e640e9eccf6e254def251621cb462a6770a3f1d666,7e1ce1b9e1c000f483e63b8250296e6b16c143d935cf6805fb46faa8910c982b,7c8497949d7ffd7651c564a61f7120d491f37b2ba6815eae05fe4709d0a259c3,285d6ad77f890fcd58575d0d7e7d465e6ec0551eca506dddef8ad0829811e775,81dd189af11cca0a915292b8255ce943479056d6e8bed22f841013411e292c96,c4377d14d3ffef67491b12a525dacdb2b96c61733e9387311e6928976317eec8,33759c52d63c46ef07dbe995b859f7117bb035a171a49fc4f4aec30013c5bf29,cfd712024bc78467b94616918ebbec17e942c9afc9ef47af0a39fb76db425e54,HMAC-SHA256-DEMO,AUDIT-2026-05-STEP3
643,3f31af80447111ec58b6b3eb,2026-05-31T00:27:00Z,REQ-000643,fdc97c18ce18a70d495aa065,STATE_03_DIST_04_PS_02,19ed51c598418f3a839728dc,deny,DENY_SEALED_RECORD_WITHOUT_COURT_CONTEXT,P-2026-05-STEP2-ORACLE,216351ff754eca03888558e777454976f98c897088e65b706557cc7126bfb665,4c8f87efded0998a84ee2cf2e40ac8604a69490a85ce7139d24757f4b6ad690c,27bb620e295030bbf9f648bba441c2d5384763918bd21f0060af122813f9b75b,98f081fb720ee010669ed51169f55cb467d1028e139e4c003622fec778eb4393,4b65ac79601989027c29101a2364655d98f9b6629ac21c1d9751855eaf1426d5,33759c52d63c46ef07dbe995b859f7117bb035a171a49fc4f4aec30013c5bf29,5c2d49b6b26ae41543ed0275baaa4315a04c420c1d130842f4762da215eab1f8,855ba73013cac9a72a721fae4958866f21b8d21da0520feb12d583a4184e26ad,HMAC-SHA256-DEMO,AUDIT-2026-05-STEP3
644,12ea05bac679c7208ae9d50b,2026-06-01T08:48:00Z,REQ-000644,3cc947c5caadabb45a541b46,STATE_03_DIST_03_PS_02,17ebb06a599dae60d15c8174,deny,DENY_STALE_CASE_ASSIGNMENT,P-2026-05-STEP2-ORACLE,eb9470001b146adeaf75bb3ff9b0a925eed2d5367a5d2a38fd48db808be43023,22e79c988781b1fcab2c05b16ab322ec0a3e1d55300f4d9e61fd04d85391d631,92cb77dd3aedb553d06a268e7e29f9ef2d86cde5eba9f25002c2bbb71b9062a1,dd4a9ad4872c7a4f730908ceefdf49419dd79c10d3fdfd10a79a11c51b32d347,b20470b627ac89a948bd6e5860935bbe78827b9d138f2115a85192982366e734,5c2d49b6b26ae41543ed0275baaa4315a04c420c1d130842f4762da215eab1f8,e9bf6bd4e51c45c68367576d23a1f0dfb46d547e19ab03d3ff7059085d48dac9,f3be652daff142ef5db0a72de082267f4f07762ee2f0d17f3c07141387d16fa1,HMAC-SHA256-DEMO,AUDIT-2026-05-STEP3
645,c02629459388ff75405d9bdb,2026-05-31T11:30:00Z,REQ-000645,bacbc9ea0ca5c88caca1fb35,STATE_02_DIST_03_PS_03,2bb01093000cff150787fcc9,escalate,ESCALATE_SEALED_RECORD_REVIEW_REQUIRED,P-2026-05-STEP2-ORACLE,f6404890cb8d149c75478d8b02af7ae17502af391aa40758b1ff27a3c54cb56d,83dd42abfdb38c8faa75d8daa270ced1025209eda574a9a7fb10d43c639932bc,f37729cda3fa93f036793ad587ac5ec1030c5d38aa2b75ed8bafb89e786c9d3a,e6c6f8510968d5b4251eb9ae218f801ecf10a420a102dd5ea317484fcf41254b,5230c82ecd6421bca48d91a5501a82f431ac6b5babcd3f411a392fb3716e38ae,e9bf6bd4e51c45c68367576d23a1f0dfb46d547e19ab03d3ff7059085d48dac9,b5c54c94a200082e321d24ba9134865ed68cfcda5ce371225159153fcae70bba,2f22f7cdbf9c3b52547fe42063e860496f8bad882b3b610737835ac14ef5bc3a,HMAC-SHA256-DEMO,AUDIT-2026-05-STEP3
646,c19beb80e91ce6cc0c9ead56,2026-06-03T04:16:00Z,REQ-000646,adb77e6ea2a2edb0afc7410d,STATE_01_DIST_02_PS_02,5ca844b2848b805c696a09e9,escalate,ESCALATE_PRIVACY_SENSITIVE_RECORD,P-2026-05-STEP2-ORACLE,750f279e65e8472f413db501d8ef99d7bdad8b027024846dcf51682f48f7775c,5bc4954f1d6ec30b93daea762ef6ff0c3e58a5fa7c76d4dcff5ca1d7e15fbdfe,d969108deb40356d0df5ba5dabb60181c785caa9feae79fe6905c2d3f2f3f636,708f417006d99254412f8e3636149ca1537abe3e87f135483020b96bffaef615,9327ce23bf53d345e39875f9335efbf9acd2885b0929a9c1d15f6543b851e76a,b5c54c94a200082e321d24ba9134865ed68cfcda5ce371225159153fcae70bba,bda0f55d7f9b3d295d00b942b4c345abb75038a7afe0f80d7c079f039d821bf2,225d6153771d75db90669efa5479a14b94628eb5dee10a7ff0eff7f25aac178d,HMAC-SHA256-DEMO,AUDIT-2026-05-STEP3
647,61e86fa9338322f20c434f8e,2026-06-03T04:32:00Z,REQ-000647,9764196f496c1b6c2299d105,STATE_02_DIST_04_PS_02,f7151781855b8ca96dc2f997,deny,DENY_SEALED_RECORD_WITHOUT_COURT_CONTEXT,P-2026-05-STEP2-ORACLE,1f47352fcd47aa47370295ec5cdf975e534d1680c15b3cced4b2edeaf29980c5,089bd3ecd893e4d50787203a04520a1fb0c63edd73deca8425511c3b19f97089,f3e16416cee2f0cd08fada7827c15fcca44a3395a101237470a7b55516b8ca30,8154c5addb385b01952afd48e6e3b34ab4b7498518f9a1b6cb65ce27f982d610,051476f0febd7c2d306c3b084dfd7234a1000e32d644e8197f75246e82f0dc47,bda0f55d7f9b3d295d00b942b4c345abb75038a7afe0f80d7c079f039d821bf2,95883742e80b1c2d115d6a12cc29a3e5b2b3c155368fa4e018e88c99b86dd2c8,a2cecf0da7d621427caa26ea2ef761c98b12f53a5477ac3af73228e206840b11,HMAC-SHA256-DEMO,AUDIT-2026-05-STEP3
648,3359e8d428da7bb125851c90,2026-05-28T08:24:00Z,REQ-000648,ccfa52e7df949ec76b129260,STATE_01_DIST_01_PS_02,0c5416ff376c02a72e644dba,deny,DENY_EXPIRED_APPROVAL_TOKEN,P-2026-05-STEP2-ORACLE,ca6d61ae3a27aee24ad1820c20ab6462503b746cf082f7859e8639196c8606a2,c1c698d5ed81f83b76db9e9384b8a7ea5ce7bbf5dbaa1ed605d8593fefef6f80,b79a40799408d1dce5dae46dd383038bd31ed2ba1ed65b0937345e346c030ee5,7eb445b870a9cba2d5fcda2c087d72915a64db40a006390305c37b45662be531,11cb4cf2007f2850d0a85b99bdbfe80da5a66bed2a56928a6f9fdbc7768e563a,95883742e80b1c2d115d6a12cc29a3e5b2b3c155368fa4e018e88c99b86dd2c8,6e2cec1099e94b5c96b527a779f5da5c18f71bf3de0742bfe0b21dd2471df210,1655e78ee28ca8be44085042ee0d718cbcf3596d259fcb539986aec2384a5b54,HMAC-SHA256-DEMO,AUDIT-2026-05-STEP3
649,944703053894517a3eaf3ab2,2026-06-02T07:26:00Z,REQ-000649,fe341f3994ddbba307367393,STATE_01_DIST_01_PS_02,a6951979d6b0ca29c516a2a0,deny,DENY_SEALED_RECORD_WITHOUT_COURT_CONTEXT,P-2026-05-STEP2-ORACLE,435fe42d4731dbe4e0dbe8927f7d4ede4848de01d6de732e0f838246e1ac801f,5bc2c81cd3cc8c1ea009de12db2c471b0f79c6fee686a017ffb72ccbe0f0a708,a8f8b40766ec60b0b21b98f08327df00e9785506d2a6134170a0f4101fec016e,c4b9d7ba7ac1ae0c0ae0ad199c955a2282662594bc63e6841cc65c1a773e54ee,a1a87cc848ab6ceebe05c4e71338f3b52e91f2779df0a53dd04664231d944984,6e2cec1099e94b5c96b527a779f5da5c18f71bf3de0742bfe0b21dd2471df210,ea5917f0efebd30073c80067293dea075beb24d391c88e3c346154997b98eb51,8d9afacfcd67a0397e59f6ac0ef1b2d4665dc948346eff3e359eb1fa960b49c4,HMAC-SHA256-DEMO,AUDIT-2026-05-STEP3
650,3fd101e641c30b1834387b94,2026-05-31T23:10:00Z,REQ-000650,69527641f80b28a01bb229b7,STATE_01_DIST_04_PS_01,7c5a32c9e66cd2cd800b2f7b,allow,ALLOW_ROUTINE_CONTEXTUAL_ACCESS,P-2026-05-STEP2-ORACLE,f8dae2c7b7a3cd945869a2fc32a8a02f6c2e73fba7539f7718604f91aadfb1f4,f6c6e8ee464a3ad35be4a0d9353ca2b0aea1b4b1f200a79ad1d976fd369be806,cb5970f3089770799522116839bcf7c33321e2ae544f8fb6af45abd714a4d4e7,e1dc1582d775e3d872a878935d29d0caec47b4d2c513d2629fa792da87ec3860,a121c8fc2983cd603e90183adf64c94aae1595b19b5f02b3c1a6f111cd2d0662,ea5917f0efebd30073c80067293dea075beb24d391c88e3c346154997b98eb51,0163ce90ac2db4ba9053a88fdb62a9fafb721726ddbf0a067eaff6cdb75cbad7,13eb1c61e66b5d3a280682d84d95123fac43b30b1785926a89732f94b3e46829,HMAC-SHA256-DEMO,AUDIT-2026-05-STEP3
651,31943d64f57e45074518423c,2026-06-01T10:12:00Z,REQ-000651,5d9a86e9bbd1b3774caee2db,STATE_02_DIST_04_PS_03,c7a1cb7711a9318d95ea172b,deny,DENY_APPROVAL_ACTION_WITHOUT_SUPERVISOR_RANK,P-2026-05-STEP2-ORACLE,df0239bc6fa6324d0330d576a2a3de5858c158d24eaeb7707555a1e3f0ba4cf4,6a9d18d70ebab11f014c9316f2d30dcd1de89f84f434f0166d8a2fd44390bdb2,f9d409f5cc7a032f01d7e758cbe827689268f1bd73824a0ebaa8bd6754db7903,6ad08029c0c311bd7b825902809215dbed2a2c249e91516135f005fc517322f7,ada66997dc4c804683067954616710800f502c6af9784fa97204159dfafcf6bc,0163ce90ac2db4ba9053a88fdb62a9fafb721726ddbf0a067eaff6cdb75cbad7,f1be6142fea22c91e56b2f676399b2b2411fce47cf5d619524ed43d963681506,668df2b1661fc5b35211e538533a30fa7699c1cc5f2e8bcbe631d6424738a9a5,HMAC-SHA256-DEMO,AUDIT-2026-05-STEP3
652,d03a9b90f04dcefb3434aec4,2026-05-29T06:20:00Z,REQ-000652,8d48fc84d688aabaae7c6986,STATE_01_DIST_02_PS_02,94045736c42ce267b600c772,escalate,ESCALATE_PRIVACY_SENSITIVE_RECORD,P-2026-05-STEP2-ORACLE,a13cbdbb684397521fe821162dd55ef44978eeb7c9f8621dc77ec58de42b4d46,12fe73cd67cba40929213a0bcba5c1845348e832b0289073087fd123a5473361,3d091231ba6d23b39c495b86d02c6def99d469d1a6d47e84fcf4a459907531c4,7b0f83fdae92e50ab355aba54adadea6ce6d71364e1bf2f5ed5255db8d197bf8,6ecdbe30a1dc55781733772023f8dd0b2964d70589cf6f85d832ff3d451df029,f1be6142fea22c91e56b2f676399b2b2411fce47cf5d619524ed43d963681506,73436b669006a2a6194d3dfe046a6e961288ec0c4a4e3f9cd230dae3880967b7,765a83fca81e1848e0a7c3f1e4a48195324b291b225e9ad1a952b2b6bff497f9,HMAC-SHA256-DEMO,AUDIT-2026-05-STEP3
653,aa8dc51c59ba9756338a1991,2026-05-30T04:11:00Z,REQ-000653,cad50d4d8a49a83faad951a4,STATE_02_DIST_01_PS_01,cbe1fd17453b68043b279572,escalate,ESCALATE_PRIVACY_SENSITIVE_RECORD,P-2026-05-STEP2-ORACLE,efedf4fed0e71015a6de15505e68194f5473b89d963ca23ee171d8b079f26e36,501d52a9d48d1de050ff4c51544fd63ab66a852a04307d280bc9dd4af0d19d73,25b6fdaa4bc177435e80a5ff56c3a5550bccbc5450351fe737e9955d1407295f,001cc03dde39b6fc9556c6cec52ddfb988facb4c0c84d9e9b4a36cfdc850ac1f,3cc4dcae1ceca47cd5c1da03cfbc8c377e05d7e324e940641c19120ad54cc2f2,73436b669006a2a6194d3dfe046a6e961288ec0c4a4e3f9cd230dae3880967b7,490fc2fe923467ba1e63e558208e113c187dcf5e2cd9ed5013c4dd4fbe5ca4c2,5a33dfb299a6e5d82e2a2e0b028e091ce1aaf9476cb522b811c6b275be8c4b96,HMAC-SHA256-DEMO,AUDIT-2026-05-STEP3
654,25f65262e4c65ef3cfa8347e,2026-05-28T19:36:00Z,REQ-000654,e1441290962ca2a8517d8d0f,STATE_03_DIST_04_PS_03,0de583999fee751f0b57b1a4,deny,DENY_INACTIVE_CREDENTIAL,P-2026-05-STEP2-ORACLE,477b7e16720afc24b921feeebaa79b02cd4515fadc959f5cc3f6a76a7fce8878,892c2819273e52e8b7433bfd3489534e84b3d689dfb48d4853758fb94eec279d,5c1e8630a8ad044c87297fe99ad7236c5d423bf5e82a2ee830e52a933da70eb8,c8c7b35e10cf0d34031283dd2bd0a623c630c97e4c5cc2b1697fc7a911278212,c65827e8d6321fbbe050c263fc5e6379f37f4d96cd4f464417c3836d77108fe6,490fc2fe923467ba1e63e558208e113c187dcf5e2cd9ed5013c4dd4fbe5ca4c2,ce65f1f2ce33fc2f396d0924a5f531cd3f2557ad3b15c108d12f5745d3b57e5e,1cf9a1434df53d986aad4ca8f2419715c2ed63902546a6dbf81ca56c0e2a8b3f,HMAC-SHA256-DEMO,AUDIT-2026-05-STEP3
655,5b77df4d06585ba1e5931360,2026-06-03T06:40:00Z,REQ-000655,5f5d03cad2864eb9986177dd,STATE_03_DIST_02_PS_02,db6a2cf39ae4810f63b6b02e,deny,DENY_APPROVAL_ACTION_WITHOUT_SUPERVISOR_RANK,P-2026-05-STEP2-ORACLE,2fa3630ef86b628e3689b953b4177a97dee46f0081e2bed193fee4699569d5d8,528af869ef0972ab576409eecf2c9d871dafbb65ed3cc8b17e33ae24f90208cf,fb3f12e16c4f3ca057aecce1761ce48828a6151f5d5eae8de9fbb7df398a15a2,b96963273382f90706a39d41a07cffe7b0dd13c7574b681384e44893baa8e5fc,842b5d358883aad4210f66e1c8f31a56d392466ab26f8238cdcc8c5efd038426,ce65f1f2ce33fc2f396d0924a5f531cd3f2557ad3b15c108d12f5745d3b57e5e,e4bf23d7e4618c3852028ec6e17b9a2172ffcb19b3051ecb2cf765c4feb41690,aaaa7745bc1fec2cd60bd4f89df94c9dc180c88943442c35ee3d6c27cde88051,HMAC-SHA256-DEMO,AUDIT-2026-05-STEP3
656,7e62b26aa1375ef4d738f80f,2026-05-31T13:20:00Z,REQ-000656,93ea324e5b0159f974ae2ac9,STATE_03_DIST_02_PS_02,092c1f9963d0656d1838f128,deny,DENY_STALE_CASE_ASSIGNMENT,P-2026-05-STEP2-ORACLE,cc785c227e3b0f3f47572a012cec3c749a1c1c3f7d0dad04573d52c3a22d7e52,88640fd75229bc5c44a3ac6bb0c12fd0c5660b93f16b8aff98fb1a495c9a1e9f,1c4c6a7ccdebff8b6bd1aa04020940905b7b2e65c2e0d3cb06168d977d0d3c16,746a6815c59a2ffcdb01a3c00b41b97368615cb5a600acad1c86cfd9a6b3b1a5,2d1cd392da7630e050497738fc113c13259482ec788c340fa57e775c564d6b4d,e4bf23d7e4618c3852028ec6e17b9a2172ffcb19b3051ecb2cf765c4feb41690,51a0ab267eee5f4437483d62f5bf06638d18e1b6281e71360245f12cb45ca0fe,81b879429ccd9b2abc4fae866838fd73f64aad1b7aeb9686e13133c850fa6dbe,HMAC-SHA256-DEMO,AUDIT-2026-05-STEP3
657,2195b3e8061f0072a391a7b3,2026-05-30T15:36:00Z,REQ-000657,fe341f3994ddbba307367393,STATE_01_DIST_01_PS_02,945f4f7b3a236a35a569de92,deny,DENY_APPROVAL_ACTION_WITHOUT_SUPERVISOR_RANK,P-2026-05-STEP2-ORACLE,2d379e254f39dfabbf09a846d0704106fee25708249617abac000ec5a4402d65,5b2e383a4da12436254b257c42f4aa861610b4deda641c8785402aa36bcbc713,ce8ba8978340f943b459c69500fadd595907db89988dde2b5899421e4c110901,4cf3e214b6bf4a404a3bb0585397d562e1d4a5e4310acd7df016b36e9b843e62,8254d934ca577063788eead98ca028dce55122494941acbf46eb468ddc5addfb,51a0ab267eee5f4437483d62f5bf06638d18e1b6281e71360245f12cb45ca0fe,f4447bacd13a2f6f1d86f5b09a505a35d5fb372a0f133f43ccb2c98004d6437f,e898a7e154b05ec6288b4ebca8b527d49be856d3e318c38d9c3c6c385c7dee77,HMAC-SHA256-DEMO,AUDIT-2026-05-STEP3
658,fa3100ccc1466e6e6e696f07,2026-06-02T09:32:00Z,REQ-000658,46719ed3c0b1ab7f0fbf5f90,STATE_03_DIST_04_PS_01,87f18e9e88edd6b6be2df2d1,deny,DENY_STALE_CASE_ASSIGNMENT,P-2026-05-STEP2-ORACLE,b3d91ce21e22369848385a65b67ab474c3717e0c1536749e94749b4a43af090d,6c534da93b77f64268f3e006778dd63b0dff85cd09d8f5777d707e3d59ad289e,6038d93d3be44f1e7f26d5a09b7c66b4e14741745b0a33d7cf0f974674445bdf,19e4200f1a608caee92d6d0cf1312e7c379ed59682f107cdf8f1daa4744fa156,9735beb54dcbf45ddb3aa4d499b9f9c14ac90a5e490457028145be86250fc5d9,f4447bacd13a2f6f1d86f5b09a505a35d5fb372a0f133f43ccb2c98004d6437f,a09013099b590d6035edd9efff03328f0d470b41ce65ff300842e2efa6b35092,f2897045a84c346227feace11a9fcac8d9731cd9bf99bb0aab421a812a0491fb,HMAC-SHA256-DEMO,AUDIT-2026-05-STEP3
659,21e7ab8403cfa9d69b89fcf1,2026-06-03T07:44:00Z,REQ-000659,0c912fab59a9f46b26c259dd,STATE_02_DIST_01_PS_02,7ee8de49d1fbda970c1c712f,escalate,ESCALATE_PRIVACY_SENSITIVE_RECORD,P-2026-05-STEP2-ORACLE,edaa3994149a6671c3a02bf54331ec5636ea6aa4add496937c307d138d523b8e,121ccafe5e4259dc9c822f971da4f87b9087a514d3524904d3f113e285a90b71,132c0b578d283272b9caf0b6ab0c2856a70ae9f5642917fc3d9d897d742bc3e9,0ea7f8190ead158cb5302c7b66d0e3c28d367afd1e10cdb5482156062fb6a38b,d17227e95230950798f56815a3efda3391b7be01b6ba12c40c5bed5aef45b06d,a09013099b590d6035edd9efff03328f0d470b41ce65ff300842e2efa6b35092,8f96607a44d740beccfe6a2c7deef85429000b591a09818a5b2ded46f48f68f4,0a51c59c57131c4c13a0e0c1f2ecb322f54dd8c2ebc3ad627368f5925eba7e8b,HMAC-SHA256-DEMO,AUDIT-2026-05-STEP3
660,bcac7ef9bccb874e7b272057,2026-06-01T12:00:00Z,REQ-000660,d60f48d22e03c3316a18fa6d,STATE_03_DIST_02_PS_01,a638e70808e21ac763018336,deny,DENY_INACTIVE_CREDENTIAL,P-2026-05-STEP2-ORACLE,81538a3d3f69dc683e9728b318ced515a8cc76fd4b97d6e58900c02cd0087144,da0d7d26593c9be0554f4e0cf8950723465064e3d9c00eb5adb24973e0ac08ee,7892ef4ef04a52f02de872980424dee5f975faa36d3e0e369edc38d3e86c1023,63d46bbfca8272eb98fa6c19296406cf458f44cac2bf97eb7fab6c17b272d36b,eea9155b2a885232d8a9542fd57bb9685a09a6cf675f4baa139de9dfe7459057,8f96607a44d740beccfe6a2c7deef85429000b591a09818a5b2ded46f48f68f4,97b28c27c7df52b7cf97bee0d2572a427cfac01ecce2f1c9aa8afe01a8ba1f1f,e1386221cb90a9d412d14d85806602221330c8865f02e581b9090e94e209098c,HMAC-SHA256-DEMO,AUDIT-2026-05-STEP3
661,dd44a07ce33bf7868f07a3ff,2026-06-01T12:12:00Z,REQ-000661,6734000e8363d6ae298dddfd,STATE_03_DIST_03_PS_03,d94d037bceb6d6ea53e03101,deny,DENY_INACTIVE_CREDENTIAL,P-2026-05-STEP2-ORACLE,b3a319f794366aeb9bba590fb73fae964725432e4fe0b1cc2e7dcebffb83920f,19411a83feb3dfc3eae65cf1aceeb10252a2696af62c7a107639a40eeb2b0647,80386c50963549309594076c224a05f723d56ebcff662e02e9d0a0f2306a18c1,7560915e0405cf84ea8e7ac1204b64c6e8447a19b33a63917d50b3f5d6254c4f,9406d0e97ffb396fa84cf75499ef006a4dc2f16010a7dfe13734c3a8a86f80a8,97b28c27c7df52b7cf97bee0d2572a427cfac01ecce2f1c9aa8afe01a8ba1f1f,fbb411799014e92108268df368e6a10f8f0ce61ba4590f7de022cd0b1d6e57c6,80fa4ce859c0dcdcf700231b356f51206fc9d69c550a418eaa9a1a7c485a2bc1,HMAC-SHA256-DEMO,AUDIT-2026-05-STEP3
662,b6b8ea1f8f98f8020364166c,2026-05-28T09:06:00Z,REQ-000662,8fe1499c5ed9142abbac6485,STATE_01_DIST_02_PS_03,25579b73e0cca8193764a119,escalate,ESCALATE_PRIVACY_SENSITIVE_RECORD,P-2026-05-STEP2-ORACLE,45887bfa4e5d64ff0d44f312cb3b8acace71c739c5739865a5f375c02f7ae2ba,a0bbb174eacc0eaf6b5826c0ee0fc4facd2c2a472be349c6f970ca5ce8a04495,5de5777082bdd5e5d37aec9f7649889b8acba2b470798d60b71e30797033445b,813037220feb4d19d9a33d610e72c5ff87719eec83263c63e5bc4eece6f85ad4,5ef93a31af10c4b33afc6e43dbbdb942478e5ef2ebe646b51a2406d6249c67a6,fbb411799014e92108268df368e6a10f8f0ce61ba4590f7de022cd0b1d6e57c6,fb54ce9d61461c1f52c9bd07002df0be05024c94f098811d7e96646390b12bc0,8707710b1ea06797b64c9463f88b5830416873cc8e7487993dcf7e332efbb0dc,HMAC-SHA256-DEMO,AUDIT-2026-05-STEP3
663,88b97102b5676d0a870e1ef8,2026-06-01T23:39:00Z,REQ-000663,4bb363d085866d6dbe19f005,STATE_01_DIST_03_PS_02,0a4ebe96de8201efc315bad5,escalate,ESCALATE_CROSS_JURISDICTION_SENSITIVE_RECORD,P-2026-05-STEP2-ORACLE,4c03d9b19695d31c137eef6403767d34dafc9e608bae4a49d80d61490d58ab8c,69fac19c2ea7a3e9df3fd8a5d9ee2f6d6912493f501bf8fcdaaa8df78b65e06e,fb74a5d4431ebc320d4d6df8c1b7df314f139b89ed014227637cbeb8ab316584,4ac4f8e98a962ddddb838534ccaad25968a40b43c3f22730d57b61cebcbbd736,b744cbbf60295a20f6d30e13cd62d6847a1d73c47a3a96fd9f0399fd74cb0569,fb54ce9d61461c1f52c9bd07002df0be05024c94f098811d7e96646390b12bc0,08f49cf5f712924385aed0268ceb1b3e7c2831813016661df60f8c65c8befceb,897bc5a42c92788c64f796f3bd78ad66f93dbfd0a92eb74c66ef6d3aaae8dc28,HMAC-SHA256-DEMO,AUDIT-2026-05-STEP3
664,baeaa52c3d2387b2fbbbb5b0,2026-05-29T07:20:00Z,REQ-000664,90740f6d12084e4c579f3454,STATE_02_DIST_02_PS_02,52069d243f6adcab391e83cc,escalate,ESCALATE_PRIVACY_SENSITIVE_RECORD,P-2026-05-STEP2-ORACLE,6c300c22fdbfeae0ed2d1d89ab7d1ad5b7b08cec505928e601b515db80b4c4ec,be1847e0f58d56138c19f100e9a0eca3f98f89e544a4b3a281aef60f138dfea2,c9ad08c322d7c29bca55413b7bc5ad528ecbcbdc8206ad7d2817f98c5eb0d633,d32d8f950845874629924aaff7b1d421faf10e1e5d37899778e1cd49fd7bdfef,a3e2525f1f412df09d725fb09a243726c801ca7cc97066c72e3353a0b4a5cb78,08f49cf5f712924385aed0268ceb1b3e7c2831813016661df60f8c65c8befceb,c2de81e688a2d8c8d498fd17334e680a36fd3629142a879f26ee4c2bf11b3f0a,4b435da7232a60118ce1278811bb9b09ac1bc9bf59a7b8fcba059f87a71444f7,HMAC-SHA256-DEMO,AUDIT-2026-05-STEP3
665,e587f01dc315f47ca76db993,2026-05-31T14:50:00Z,REQ-000665,100ec956e3b5dce60e3db6a6,STATE_01_DIST_01_PS_02,e3756b6206a69f17c5ab1d23,deny,DENY_INACTIVE_CREDENTIAL,P-2026-05-STEP2-ORACLE,20d07de1af731cd340090fd7855035d8c17e1850f9db301f94649719f62f0dfb,1c376f9a71979195a2f18f887f96917b33531399674edbd0b0f228cc72290150,cf6aa9f1afd95ed744962aa4ec1d5966a8de4dccad8b7252c5dee27be905a8a8,b302fb1f8ee25962c8563ff0904a78e0543575cfa1fde6ebf6d995d566c7d08e,1791639b17a1bf2002d768c51b964631204addfc6ff99fb46dd15f7484e7f223,c2de81e688a2d8c8d498fd17334e680a36fd3629142a879f26ee4c2bf11b3f0a,a892dfa46f1d1b97514ccd8986f07b7b22a4782c6d1cf302ea79496f1a51c898,77cccbe3ec7e91e932bc7faa877267a8563572f0d45aef1605d87ab61d229547,HMAC-SHA256-DEMO,AUDIT-2026-05-STEP3
666,b8986e04a57f0d1dbcac35f6,2026-06-02T11:24:00Z,REQ-000666,4150a8ceaba40e213683ea41,STATE_01_DIST_02_PS_01,7e9348f391ef3580bb2ca07e,deny,DENY_SEALED_RECORD_WITHOUT_COURT_CONTEXT,P-2026-05-STEP2-ORACLE,573a995ba2bd4a80951ff2c94b53585295ec96b0c3b17f15426e753cfc8ecb26,b0583aeb67d6e6a648b08f5585c18b2f1c6950fa530cff7fb96f0448b927e764,871ead022218bbfea8c29ea147a8ae4793e1989485cccc4baa3a24265eb54792,15afa03596b4bf46c2103beabcb8ab922bc12d8f20a806615a08aae028f71136,88fb98f1c6d14598eccefe1f8c0c0caaf5e611d1cc66b14a53dadde007d70b97,a892dfa46f1d1b97514ccd8986f07b7b22a4782c6d1cf302ea79496f1a51c898,aeeb103147fc53ecdab8786e7b0bacf2f1d91f823f14562fb816c085e90ecbeb,69ea0e669b47a25a0c6dda5d0bdcdd47295380fbc860d4f4c789b150babe8825,HMAC-SHA256-DEMO,AUDIT-2026-05-STEP3
667,c7327c219715c362b85ccdc0,2026-05-27T22:14:00Z,REQ-000667,84a9b6fb8d6efe7cd09043f6,STATE_01_DIST_02_PS_01,29d9aeede8e69bbf19fc8398,escalate,ESCALATE_PRIVACY_SENSITIVE_RECORD,P-2026-05-STEP2-ORACLE,6e195a4adcb83e5d99e6681f9ed693854374e457a1f37d483214498f701da8be,ffc1e449cffbdfcc1b070d27fef4a462b910c8e6568209733d57e352b1c72853,6754463c104b54a56c111cffdb7f0e03328a9fca96000fb14a87cb4b1e8af222,079c3c1c06941c15c79c7f9c573c5a13e4f0dd6df1cd205fe054c41563826cd6,599892cb8fbc6a02e3d9f8b85a75fb44b975e7ec33c51b9a41cd1df15447c5c4,aeeb103147fc53ecdab8786e7b0bacf2f1d91f823f14562fb816c085e90ecbeb,3372016887b343f75c1267000928e40ef0fd3dbd1157fde2aa0682080c24aced,a51e27e2337aa44526ac51e336a4f77ec2778850139cd661cc808c7285012fe6,HMAC-SHA256-DEMO,AUDIT-2026-05-STEP3
668,62fb7a88d25b7dd877c60ec9,2026-05-31T04:12:00Z,REQ-000668,4718492e22f05239e76383dd,STATE_01_DIST_01_PS_01,3d33aeac9a024f9da6d7ccf9,deny,DENY_SEALED_RECORD_WITHOUT_COURT_CONTEXT,P-2026-05-STEP2-ORACLE,f00e47b1589021f9c612f7b3584f5374ca98dba1c65b981a09f074fb88fb6aae,d8ae456801bea23f832caefd390ac2ddc9fd56c98707f9bac19f6b245111deb0,240f8aa07beb429134560fe2403dd764b8800d686104fa9540381a11af0bb91b,5fb6968ef3c9334bbc520be0ed04840284884924c43d3681f715ed1f099dd381,a05a934df93a79cb3a9f33981281fe69ebadc9597773554a75409477537bf8c6,3372016887b343f75c1267000928e40ef0fd3dbd1157fde2aa0682080c24aced,53e8caca1907c18e8b61d4aed4f224d2ee8dc195cd4c7cb45bc93b565c089100,0f7735d504af10abe7bc758c84f3d1acc60cb69dd0ea69a20009b6b44389a9b0,HMAC-SHA256-DEMO,AUDIT-2026-05-STEP3
669,ab101fb8ab05c2358adb3ced,2026-05-31T04:21:00Z,REQ-000669,ceb8bb971ba08b4df678d1fa,STATE_03_DIST_04_PS_03,fb5fe9b5c0b2f6fb1de8118b,deny,DENY_SEALED_RECORD_WITHOUT_COURT_CONTEXT,P-2026-05-STEP2-ORACLE,e71a524eeadefd4c830eb32f81c5282afae1e1d37e4db6a816ec6786c83bde55,5203fc79aa29ab4af00b4ef3dc4232470aec62c1baf322ec3cdb24b6b82d2fa6,393a9529e69d3518224beee57209a5931bd5f88b71770628c06e34ccfcaf70ef,901dd1171111ff8bcfa666b6dc7954a03a9f39faf20f36818a304f094cd5de6d,dbaab49bdf927731deb1d2d4ef02a9f96c9fbdaa703bdbba0cb685f09e064b5d,53e8caca1907c18e8b61d4aed4f224d2ee8dc195cd4c7cb45bc93b565c089100,60d1e71df2836a5e3384044b72a451d7170e80394f353fa8b707745dfc7f4824,1cdbd157eb4cf4054d800d15b38ac513c8d8d5945efde480ac3bd90e329106b1,HMAC-SHA256-DEMO,AUDIT-2026-05-STEP3
670,a098730f12c22ea5e7353aef,2026-05-28T09:30:00Z,REQ-000670,893580185d14634211eb9a59,STATE_01_DIST_02_PS_03,7d82342fe6c14212138544d1,escalate,ESCALATE_CROSS_JURISDICTION_SENSITIVE_RECORD,P-2026-05-STEP2-ORACLE,8c5fe35a077ef2bd12713532f446ebbf5d9dc8f4767e2c24049deff2cf94824a,8794df59b96fe7da202df69ecfc73becb27abdce4a8e821de9c8398a543cf10b,51ba636fce1179386bb4c1b87f5a73148d837ddf9efe613a147e04046ec16769,bff82e5e25fe59bf99148ced157c1bb937dc915f0ba2fe8fd1cd442d3ccb7ee1,1819b1905d4f01d717d835abb8fa66c89d61491a18c787983462d6d43e7308be,60d1e71df2836a5e3384044b72a451d7170e80394f353fa8b707745dfc7f4824,cab71798ad2761c9f8a500e8538fd988b2b6190ec32f1e60adf677c0ba279997,0c50470d696a8d794604188028b2107777d70f9a99cb5f62758cf64db28ec3db,HMAC-SHA256-DEMO,AUDIT-2026-05-STEP3
671,4a49248b9aa466d417c42912,2026-06-02T23:45:00Z,REQ-000671,da8724df1e30e5c801778777,STATE_03_DIST_04_PS_03,80b0b04a04631a2d56ecbd71,deny,DENY_STALE_CASE_ASSIGNMENT,P-2026-05-STEP2-ORACLE,de09b09ed664c658da7843129b8bd3fc964548ab7e2e50f11db5bb20daa18766,e6b69b8618ffd63560650730086bc0cb6fb9a46dfa7c8d7358d01ca929f01d95,ce35d652961b6b111a67c69baba188caf5d31ac6c6b1307660bf05f2f4eebfb0,13a44d08dbbee9bddd1361064344caef9ac1b84e373d7f92fb5a8486958510f1,df1d8e4cf8f2172ef8418a576cecdbf6b88d533d06683a56a098959dcb60b937,cab71798ad2761c9f8a500e8538fd988b2b6190ec32f1e60adf677c0ba279997,31a6e8f0d9e90fb9214c8b1f299dfbf39379de6057bba0eacc87267e361a60b4,415efb35db73e9188ad97e00fc1a62bb59e66039efaf759a21dc853887c9dad7,HMAC-SHA256-DEMO,AUDIT-2026-05-STEP3
672,09fadb785215f49dec048601,2026-05-27T22:24:00Z,REQ-000672,8d450ebb6d2a4135d240f974,STATE_03_DIST_03_PS_01,7d143f54dd071d0e35912d44,deny,DENY_EXPIRED_APPROVAL_TOKEN,P-2026-05-STEP2-ORACLE,06a0e0ed0a47eedec75bb4d951e614d7d17890d3eeb21691f6d9d0d36cd94473,5dad1d3d9432f2db4b158fb6e2049e6bd76bd49f3185b3d8d8f3272a4826465f,e48453e8c21e541288b822e4f3a25668c3762859b6754a62f7a128b9f22a1fb6,e628d18628ea408290a47e3bf65e770ed6b9c14338d51274791659b760a686d1,ddabbf82b2d7ba27f6cc73e001e73bea0bbb6f2045531bc73c064c730ee2783e,31a6e8f0d9e90fb9214c8b1f299dfbf39379de6057bba0eacc87267e361a60b4,8de9c4bde629954b1105d433a985414cbe6ff67db0bac4af12cadcd7f5a46da7,12f47fe140c2729f3330e24becaaa6150d3c76d74bf139a5c33a2937bef8fbc6,HMAC-SHA256-DEMO,AUDIT-2026-05-STEP3
673,dae506de333b7cfb22fbe59d,2026-05-29T08:05:00Z,REQ-000673,bacbc9ea0ca5c88caca1fb35,STATE_02_DIST_03_PS_03,e1d51408056939f2b7fccbac,escalate,ESCALATE_PRIVACY_SENSITIVE_RECORD,P-2026-05-STEP2-ORACLE,3eaa3a6ac30e01928d5a6eeba8b036200c87ad09b9cc18f3a2939cbd1d37b3cc,fbc3af99edc1d090ce6f4746b48ad2cc7e81bed5bc058a827b85d23562cb5168,473486f68dda412013fd743f0367c016022ab725de281eea0fa8c3865284207b,444b4422912083a104e8cbc2ca6f35a8f34ad2630c77b92a2ac0b2c8ac3c2256,3131212c3bd284f8f9b4c66be32a9787225ad750effebe1c714e554c8090809d,8de9c4bde629954b1105d433a985414cbe6ff67db0bac4af12cadcd7f5a46da7,33a492d64cdaa7c92991a8a287a14b25556c03a95abc97f053d8c91e33ca089e,5810e28e5e473061d427ea71f5362a7bf294516d80e0461b93a0bc6f013c727c,HMAC-SHA256-DEMO,AUDIT-2026-05-STEP3
674,a4564f41070e899242578095,2026-05-29T19:24:00Z,REQ-000674,7eb01572e4f979827683d0ca,STATE_02_DIST_03_PS_02,afc66b49673d015deb1322a9,escalate,ESCALATE_CROSS_JURISDICTION_SENSITIVE_RECORD,P-2026-05-STEP2-ORACLE,e5b5a7a203455d456ff4d15592024d13ae5bcec77a2c19fbd8c151a4aef4165d,c2634503ec1927ad9f2fab6a6e21008f4e3339dca1f38def92530b4197da66b9,7a8968f0904be22abb14a62626cc58a062accb844074b70d4e6609f4a350b98e,14019a7a39c13b6dfe2c2b66504b675c1ed8009c127301309ff7017b795d27d1,94230a693f9fa7790e7e2dbc8292d9f7ce3a981cc331619cbae527df3ddd627f,33a492d64cdaa7c92991a8a287a14b25556c03a95abc97f053d8c91e33ca089e,ee692d934bd7f3748463ec2e48c17975951146e697773abd4a000129b398ca4e,c08179c2665dad09df3f92c291a2f473f0f2bf6449ef9f2d0071b5bffb2e6676,HMAC-SHA256-DEMO,AUDIT-2026-05-STEP3
675,1bdf16b331bd90976ba7cdea,2026-06-01T15:00:00Z,REQ-000675,b43730f9ee11d476cccd1130,STATE_02_DIST_02_PS_01,6991232df5fe59f3ed13dc59,escalate,ESCALATE_CROSS_JURISDICTION_SENSITIVE_RECORD,P-2026-05-STEP2-ORACLE,36b657c366a3dd011762c3ab6ca43e6beabb9b4c06b032945d6380f1c6324b8b,5f3e001d84abcd61bf9e8f938d72a141ec7ca0efd579c2ce8a4a3501b21c1dd8,322afb98cbc14172a52d23b2915a817332e174eb1ebb00ebf255ca850115bd94,5b5f2476786093bb5be3ba2860f50655fa9ab261cb79a1caf02d0fd13167aaf7,264a2daaecc0c88015bb7f12ecb91beea13e02154c2eff055f5a411903ac1128,ee692d934bd7f3748463ec2e48c17975951146e697773abd4a000129b398ca4e,c3444af9ce2ce026740b1da3665f8d168b12cf5d570574a96e079b6a0df98920,39ceb6dc2369c120f72bbbd39f9151eabdcfe936344873cad21796feb5071d11,HMAC-SHA256-DEMO,AUDIT-2026-05-STEP3
676,f0356852b3e5210bef04ba14,2026-05-30T18:08:00Z,REQ-000676,b0f05da9786602e3afcbd606,STATE_01_DIST_03_PS_02,7ce5d3c68a1d4bf9a69dd131,escalate,ESCALATE_PRIVACY_SENSITIVE_RECORD,P-2026-05-STEP2-ORACLE,2001e50802e93024c47b5a8add22289f663082e45e671f6743c536b455827f41,6735ce8e6a9f57eacb765ca62aae12fc0d9daadedeb17dac4bb22a7234979c61,c563763f2f67d462ff0000e125e3f5a6e0778b1416a5c4a3b1877e56d786bbe4,10abbe33efa95f48c40767ba54131e1fa0d121d8b8a8deb6ef25a62f8bf970b6,2d81aa35180753ef4b95cf1dd7065edf03d239f57d3e165578d1e0f80594acd0,c3444af9ce2ce026740b1da3665f8d168b12cf5d570574a96e079b6a0df98920,f85a0d5734625ecdcbd830c41bbfbe747749fc78456739ff9edddaae4f31bed5,6329735b706bf18e82fb3297f881d7d3b181c7bcfb9a66e8f5843b886c739184,HMAC-SHA256-DEMO,AUDIT-2026-05-STEP3
677,7d04ca343609a05eadacd1e8,2026-06-03T01:15:00Z,REQ-000677,c5c5b540de8f1dde6964dc89,STATE_03_DIST_04_PS_01,5a8ac217886c2fc1fa2bcbb6,deny,DENY_EXPIRED_APPROVAL_TOKEN,P-2026-05-STEP2-ORACLE,0783e99d002ab19ba3edd769e876f7018271b758c51f5ad98215c77382c222b0,c7e80c8fb94ab5b9f23a96ec8d1bbfbb8eb88e2c4d376cf0a5c19a1061ffe273,2c55655401ce49bb9f68f34fc77cd9a287b75676dc3fd0d9819ddfb3994a5771,9db61a417db2f0a2b6cbab18d330d5f1423d0029094d86e47c8ae82a8cf90edd,11843e454fbea2645cb9e1916c1bab1d8aab4dde1ca3b3984f0c71f013177cd8,f85a0d5734625ecdcbd830c41bbfbe747749fc78456739ff9edddaae4f31bed5,c3202a13824ac99bc60c3db37df928916aff48655c5c66c1300d948c05b5bd9b,38d47d6f1337f092812d5698478a397249b100fc2923fee50392009b2e450c4e,HMAC-SHA256-DEMO,AUDIT-2026-05-STEP3
678,babb48dbed9e9fb611af2668,2026-06-01T04:18:00Z,REQ-000678,858f20314a8c64995d905a33,STATE_01_DIST_03_PS_02,2f78e1f4884ee0d4cf5e7c7f,allow,ALLOW_ROUTINE_CONTEXTUAL_ACCESS,P-2026-05-STEP2-ORACLE,254acdd7236ac4eca40b5c35ad1702bc27fd6dfcc5c3fb4d1fe3f40c9f688f12,f99deb07b7e3951fa418de16d1728eb851276f8816132a80cd6763d27333ccb5,607a3013b637735903a8d8097c4bba30d36f96176be08e1c8ecbb4fa1953c8d0,6ff86b82ce0e1469c22c813c04be389e9f35bde0ac5cca3cd31932dc5cfba11e,7377f117eccb80d7a33240a3c6dd121e43a5632946e7589f2597e6f6c0d8ddd4,c3202a13824ac99bc60c3db37df928916aff48655c5c66c1300d948c05b5bd9b,ca8764362b640cb553aa41cdbf877596f637fbff7d8d51e494e2085462fc88e8,a774b6887bfc3c2b9197d4fe5c8fdb86f27947f685da0128db9a8d5852dac44d,HMAC-SHA256-DEMO,AUDIT-2026-05-STEP3
679,f6f7be1a823bc1d7bb79d278,2026-06-03T13:04:00Z,REQ-000679,12eb6ff70063628bed70540f,STATE_01_DIST_02_PS_01,e41a741ff1db4f243478c8f1,escalate,ESCALATE_PRIVACY_SENSITIVE_RECORD,P-2026-05-STEP2-ORACLE,093792971411a21a938532a7e1fdd83a368eb995e3712d995f09f3dcf24f64dd,efab60d032cc35dbdd5e9e813f18ead1aaeee3aa0df306eebcad6ae37b84f330,2e375e15a204d64c04f71a148fdaa0f7ed883a20bbed1542979b6b3c5b363393,72b85b97f314e8ccf2fce3ee9ba48ae949aa6575e0cdc34f050fc8b5f5e0d931,b1a6b71e00ae8688fb04e51de762bb8af2addc8ba8fef55b1c054aa9a1bf461a,ca8764362b640cb553aa41cdbf877596f637fbff7d8d51e494e2085462fc88e8,24d4bd5dc92928a53121d11a8c73e8db4a84462341dee4761fde2240a43a66d4,27cdf34305b769bed46c2ff745d782543c460ed1145630e5c13772dad530a856,HMAC-SHA256-DEMO,AUDIT-2026-05-STEP3
680,1d0a444ba711b3c6c6b27b27,2026-05-31T06:00:00Z,REQ-000680,6d335433b612a148a4921389,STATE_02_DIST_01_PS_01,24b2390d4286ceb3b5cac194,deny,DENY_INACTIVE_CREDENTIAL,P-2026-05-STEP2-ORACLE,e330f30175e7f2b00a60854fea06e8dcba5398e5faa2c63d9dcd1ca5f953859c,d6c2daaaa7b888321f6a8e395094d7b97ba2970061ae026fa8052a05702cee76,3d05dcf3d4028aec60e95e791d99aa69c328c9b69e336c2709a3ffe9c1058fb4,34ad15ec1effc6aed991ada51fbe30189dce8b37bea3a536f42761c26442318b,a092dd87af60fcf5e0c073bcb92b4065ad38ab608bf48bf27acc3be987dfe251,24d4bd5dc92928a53121d11a8c73e8db4a84462341dee4761fde2240a43a66d4,e340912eded537cb46018e62a5f24b16243a9cdbcf1ded713fbd31d0f89e16df,316651193ad18f51c8058dd9308da4d59cdd869c7e1da39a323ee54924c5706c,HMAC-SHA256-DEMO,AUDIT-2026-05-STEP3
681,5ccf5d3da84dc9911954119e,2026-05-29T20:06:00Z,REQ-000681,61f9c30ebf940f606c1a2520,STATE_02_DIST_03_PS_03,f7957a653c92d0a1cfcc053a,deny,DENY_STALE_CASE_ASSIGNMENT,P-2026-05-STEP2-ORACLE,155abeaa3e6ccfddff9c664c8b33639f587d5a2b8ca5cede53739c6077086e4a,70479873f0e0e82bbb3cc9c00869e538e062ce7651ab566e3e4276d9fdba7b3d,29874a117171c5dd2b11a83b0a33e78276fd5f58f98cdd747ecd5962b2e6faa8,f03ea2bf82ed7289d833cd91e36e028956fcab79c82ac5e122c317c5a949a6b3,59132e172ba33e4d829370481feb5b456ff821afe04f3df332d8cd7fa3f9b9bb,e340912eded537cb46018e62a5f24b16243a9cdbcf1ded713fbd31d0f89e16df,43137029f865a59416536196b7b0f7399a283bf18566948b54058bef4be36f6f,4a832e767feee9caa6defe1b5bbe84d26e063aa3c0fdd588b793d4e02637a239,HMAC-SHA256-DEMO,AUDIT-2026-05-STEP3
682,cd1fdc96b26cfc3a27bf1e39,2026-06-02T15:08:00Z,REQ-000682,4ee0497be96c65e5642e3a72,STATE_01_DIST_02_PS_02,803e05eda0391b5c99c7c16e,deny,DENY_SEALED_RECORD_WITHOUT_COURT_CONTEXT,P-2026-05-STEP2-ORACLE,84dd912846225dc1ea77043b27484c43dd297891d25978e294de52d8f06cbff3,0896e1b9368be6b7a26d900938d8bc7aeed7947cf4fcdf27d1e2dafe23c4a5d9,f734eb6086bef3b069ed3eec9924c52dfd598230ea7d9ee48efd5a99731ff28c,7f204c2fd30043733c4f42783367a1ceff4fa050324c7c8a06deca0d773eec27,bb2916eb6ba314aa5e1c70d173465cfbc4bf3b79bd283be1525078eb175d88d9,43137029f865a59416536196b7b0f7399a283bf18566948b54058bef4be36f6f,f05597f7c2e2c1c75463961420048e8b9a01b05a148f0e711aa591d3ae94ec2f,735df7b5e42079a33c31f9f54678b7be077ae46b6b9a20b0a330b1591c89a982,HMAC-SHA256-DEMO,AUDIT-2026-05-STEP3
683,801b31d542c2bdb3cdc26203,2026-05-30T07:41:00Z,REQ-000683,88db5c4f1341722984d72ca6,STATE_03_DIST_01_PS_02,47c63e7665f354ae6f2a6d64,escalate,ESCALATE_PRIVACY_SENSITIVE_RECORD,P-2026-05-STEP2-ORACLE,2efd31ae5b35f6e0a136dec61e05520a84d3a83082fd99eca4afcc0a50372c71,a55377ac0a48ad14ce7b452f6a2a98788696be9953ef8c22b5e0c449fd004588,6bdd2db58c21222f86fe4501b6ed5b44d0318b41a6b4c84d328628a6b8232523,4e82e54edb674cf5a67f194b55465dc57f9027c3fc216f9ca00e47a2612d0618,08be901d33f0f566c256b5ed9a8c1851a9ce1f6423a2525a0da836bea8baf63f,f05597f7c2e2c1c75463961420048e8b9a01b05a148f0e711aa591d3ae94ec2f,483e58a5cf3399e04a85d1c18f9dfb5c35990c414e09fcd44e950d4ad698c025,703d5ebf84412188dde982836cad03d5c211cc1a7e39683a769d7641ee52f675,HMAC-SHA256-DEMO,AUDIT-2026-05-STEP3
684,ce058dfe03312f7f9942b96f,2026-05-30T07:48:00Z,REQ-000684,adb77e6ea2a2edb0afc7410d,STATE_01_DIST_02_PS_02,73a955fe3375c918a3bfc978,deny,DENY_SENSITIVE_UPDATE_WITH_LOW_RANK,P-2026-05-STEP2-ORACLE,59fb46410d85cb6a28f938f2970b3375ef12974737633be902f2733c99f2f8e6,3e7644f17a5d36622febcf164026297dea4e1304891bb49a58eac62d81db7a8a,1a63d771b15b4dc645da5a85df3738a7e5f633e37b58885ca8969216567b2095,43b99032b56b9228c0b1ac692200a722a7e526a884dbe6f04c510672b4749689,76c3d2f637a0ac6f2a54ba869a65c0b5f67174bb833caf66d43375734804c3ec,483e58a5cf3399e04a85d1c18f9dfb5c35990c414e09fcd44e950d4ad698c025,c1371901f65624bd26aaa87e8656f1162821fd8299a6ef1da47d3ff8dc88eb54,c086c2cbc74708a2ee4f11d3f5c7b1b52d740a8f1cfa8688fb62407b032b53b2,HMAC-SHA256-DEMO,AUDIT-2026-05-STEP3
685,6627432a9f86f6d2bd2e0856,2026-06-02T04:25:00Z,REQ-000685,90740f6d12084e4c579f3454,STATE_02_DIST_02_PS_02,52069d243f6adcab391e83cc,escalate,ESCALATE_PRIVACY_SENSITIVE_RECORD,P-2026-05-STEP2-ORACLE,1bb199a365224a20aea044c536b3246e452c6e3f66255b3514af9b24f822707a,29987c2dbd5dc5fad56dc13f27d61599cf47f111631fc285a50732d7df1a26eb,ba4a368fbd2607c0b1d69c45a30e841f20998c174af895d0420fafa291e10177,5117576a3036ffd3b282842f3a5f8dedf14cde99aaf05ef7fb3da8637d769612,8b95ebce9d2da1dd382b3a84933cad13d5b075fda9375b2c3b427631ddef66db,c1371901f65624bd26aaa87e8656f1162821fd8299a6ef1da47d3ff8dc88eb54,68b648bc5073c343a2beecc9ebb580e40e0031c4e89c05f7b41fad9e9124952a,da8fd1839af6d648a251b407a926b71a4585d0b70eac07aad46b935c0950734c,HMAC-SHA256-DEMO,AUDIT-2026-05-STEP3
686,a1937a4955c775eb97b72a0e,2026-06-01T17:12:00Z,REQ-000686,9a1678400f682a3201830c3a,STATE_03_DIST_03_PS_01,3becdfa7ff5a42c711468de9,deny,DENY_SEALED_RECORD_WITHOUT_COURT_CONTEXT,P-2026-05-STEP2-ORACLE,1b61cd46f86eb4ed84f4603475dd759d2a6981591d9ef291c5d36254583b70db,466b22880ea5331bae310f79866da9391223dd02911d5d8a77391af37efce426,2b796d640f16957e5f43ee5135914fc665d8e95f2ff87cae362bfc6e9fc48044,fbce0794c6e5ab2a825f0a072f23b16a82cf8699da958a20c774e09885b57542,b7c44f2785f23f4174bc5659ed5c9f8055c86a1ef964d0b5118df23e4aa8f7ba,68b648bc5073c343a2beecc9ebb580e40e0031c4e89c05f7b41fad9e9124952a,7668f14d40217bce66073cd32d392bdc06e6e60eb90a2a42f6b44b30475ce4d1,4e4c67a046bdd05b13d116b5651f77204d66bbfb69cc402b1660496640e965ed,HMAC-SHA256-DEMO,AUDIT-2026-05-STEP3
687,9761250c9cab610cc715cd21,2026-05-30T19:36:00Z,REQ-000687,e35de54e8ce29e22aa4fb84d,STATE_01_DIST_02_PS_03,34c63fb4a90f2aefe4cd515c,deny,DENY_STALE_CASE_ASSIGNMENT,P-2026-05-STEP2-ORACLE,ab2e305134bb33812c699001b8e43d1879050581f4d1c8e4d626bba794ca59fe,c0d2d46a1adc1ffee37f24741d4d2cb4abbe4791b851da248a8e8f0469ceb49d,7816e1657a608b05be180380fe12d8adbb3e89bc3900f297995f1d96eadbf1a8,16c8f91d2076027edb7330980f85899c1ecd83eac5edcf6b81003ff7747a40cf,f3831dbc638024b455f68bcdb70befb672009fb36b8170616b4b89d29702e262,7668f14d40217bce66073cd32d392bdc06e6e60eb90a2a42f6b44b30475ce4d1,a31f27edd4e617d6a8674902515b6884ef0dbb53914644643a66a0b2e26ea162,a96ec63fbc7b1c36d3986d50c2dde871e7fed6f09970ecdb0f05152e142f251e,HMAC-SHA256-DEMO,AUDIT-2026-05-STEP3
688,37c794f527efc60fbe7fb076,2026-05-30T19:44:00Z,REQ-000688,816d13ffa68e60a160c3810f,STATE_03_DIST_02_PS_03,5ca844b2848b805c696a09e9,deny,DENY_STALE_CASE_ASSIGNMENT,P-2026-05-STEP2-ORACLE,b2ea8bce2cee94d0be485e069a509f8cfe54451623dc94e2f9cf2feea7acfff9,f2a0f3f5b3bac447ff7e7139d3a8be55e452f5d8e3a2d08152ddd3e14844b841,4be660c8defd1b4a889b8d7e3cff02d8e95e5ffcf86ec5d9faf23ec230d6928a,bbd3e10c414af9afccefefd460e72458ab55f449a55843a6dfd591da8689fcda,b349efebe3da98b6f0c6cc717a36bc051b8c7aed1d5b4ee7fd8651089f3e896d,a31f27edd4e617d6a8674902515b6884ef0dbb53914644643a66a0b2e26ea162,5af5b7058e1abd303bb6290b2a922ce03442b1bd003135f58e9cfd621aaa3a0b,55a6ef7b60be98f16a7af435f45af44ed332a24be4275918f4c4e4263edcb641,HMAC-SHA256-DEMO,AUDIT-2026-05-STEP3
689,1c161fc6e2aa0d5176523475,2026-05-28T21:56:00Z,REQ-000689,0333fdd2d35c528a38a1dbe4,STATE_01_DIST_02_PS_02,e2ab6a19944224989c13a294,escalate,ESCALATE_PRIVACY_SENSITIVE_RECORD,P-2026-05-STEP2-ORACLE,49d504ce49de941d4f1bc25b06b1b39a2633792708379ac456b849b5bb8ce854,7f5456681d0825adcbd337351cc2248ac03992152ab10eff11e28c6156e44e21,5891b34889323e9a76d6b210ce091a6088a8845833c24b3262341737c6f24074,8479f45a995201ce63162bb959cf30b1d75f8e4acda6a1cfc5e4852336cad662,7f7ff063b8a68eedf548115374b031c0fb27011fc2da782bb89ab527ebf18e0e,5af5b7058e1abd303bb6290b2a922ce03442b1bd003135f58e9cfd621aaa3a0b,27726c7bb224c2fd1d1f7d3d2838447e0c35ebf031bd2278e76bf2d22e79a569,d44d3e9d99e17a00b339639adb20c91289dc1da42f1d185c179573d48a6ada84,HMAC-SHA256-DEMO,AUDIT-2026-05-STEP3
690,6e62deaa86a647dab9994864,2026-05-30T08:30:00Z,REQ-000690,6d335433b612a148a4921389,STATE_02_DIST_01_PS_01,42a91652eab7d0965c774e59,deny,DENY_INACTIVE_CREDENTIAL,P-2026-05-STEP2-ORACLE,cb576fe55bc738ad30b16397db6e36c330d42fbdd4ac3a88a5828d2ed51b3384,6cfcc5118f224790199afc5774231f3318925d198cc16a884b52ac112961749e,c0fd7d1de9b16f81f3fdd0df2e0770bd0e5a140ca63f23b12a3311157ca90af3,a031e139b2c8a429418f7d5830d4ef39ebdc872065963ef542897dc22feecf4c,fdfc5128277ee1102efc334a0a224cadb445ab97e2cba78e9f05d5ff18c2a0cc,27726c7bb224c2fd1d1f7d3d2838447e0c35ebf031bd2278e76bf2d22e79a569,699da3ff89f8c1755436821e6e4da01ae378321cbc3dbbd2895d6f3085f53684,2f6f528995fc063800d7d24041c6f05bb8df9dbe4e18f19d06850942aaa942af,HMAC-SHA256-DEMO,AUDIT-2026-05-STEP3
691,fa4d321ecbb58985078175d6,2026-05-31T07:39:00Z,REQ-000691,4be2947fa44b5e03c9285de0,STATE_02_DIST_01_PS_02,63c910ce62e656e7950b3fc5,deny,DENY_SEALED_RECORD_WITHOUT_COURT_CONTEXT,P-2026-05-STEP2-ORACLE,c188d46869d39fb7f5762bd4822327a66c3b380f09f35b9641f3ff4cf3fbc77a,350072915249d1c39978b315fa09b91230a867181d9c9cc736ca745a3829e042,4a8f8417fa27c28dea68d6c2fdabb5b9019e76a2b0dffe585ec3c76d90908f35,061e0e849eb4bb4ae5caa73fa08c8e806ff0d615180bf248489d10a4b5213932,ccc3de217a1efd42e5184fba5573a173c6b41d44e9e3237b2aeede1f4f60dc72,699da3ff89f8c1755436821e6e4da01ae378321cbc3dbbd2895d6f3085f53684,45096c6f7fe544a944078f6124643fffb8c0c68113b4de92981ff6fcf40bffa6,0a0d409e0e7160b4c70ad87baec869dd541ae2aa0bcf73abfcf15dd6581f4ee3,HMAC-SHA256-DEMO,AUDIT-2026-05-STEP3
692,c2fce670f041d286ee617763,2026-05-27T23:04:00Z,REQ-000692,012f7330673a61c61f1d0ef9,STATE_03_DIST_02_PS_01,90c44e5b5f4485801e5b8a18,escalate,ESCALATE_CROSS_JURISDICTION_SENSITIVE_RECORD,P-2026-05-STEP2-ORACLE,afb60069fb45ff63ac03f50467bfc216252cf3d345e8838ed8b52c11a2fb234b,009c1a68cba49451b9750fcdba7a60b4b30ba2c94363dedea543b3d89ac952a6,5fce110ec4f754edc864715411cf6ea01b06470a21e3d243f630d34b8671d39c,5825d834f308c45eda6faa0c14451d10e5bf4132d2a5ebba7aa8fae90854be9d,e6e825920045ecc751e40c0ff52f4a7e373857ef55549a9049b9df2629dfcc72,45096c6f7fe544a944078f6124643fffb8c0c68113b4de92981ff6fcf40bffa6,e67704a1c2654e327db8b8aaf1947fb07318f813db8cdfd93e9d9082577b7a48,12e3516c553d86f06eb82a8e213a6e126554a335b848ae62d596e3af2fb9f9b0,HMAC-SHA256-DEMO,AUDIT-2026-05-STEP3
693,bb1f47617a4af6ce20baf8f5,2026-05-30T20:24:00Z,REQ-000693,6f9812bdfd1847e653ec5454,STATE_01_DIST_01_PS_02,0c5416ff376c02a72e644dba,escalate,ESCALATE_PRIVACY_SENSITIVE_RECORD,P-2026-05-STEP2-ORACLE,f22bb47f1a187e982ac0f23047ff5623ac8468327d0b303f3da0b3067d12982b,8d7540b1f2f0e99a3af94b8a5f2c7d5b2848902534ac32152ee121d41039c6e3,15558b95b27d17abe7411936a93b6afe9ebc19ae42d981ef11ca041f3f457a64,492d34cb2ac006749c2c50bb8ec48a0f1f4d190d0422d14b396d5f11f618de80,b7d1448eda43b11eff05f95f8015a711ee00c6f47a83a903ec94dd47be0964cd,e67704a1c2654e327db8b8aaf1947fb07318f813db8cdfd93e9d9082577b7a48,8a18a1daea1f57251b2617fe9a528aef8f544a084c91632078619c68828c4659,7dc252a0676449f92d3a4014e10ebdd95cf8931c884faab6a3e2bd1b58603d63,HMAC-SHA256-DEMO,AUDIT-2026-05-STEP3
694,9b41498c1c58cc715da6b07c,2026-05-30T20:32:00Z,REQ-000694,e246494264abad2f32845507,STATE_02_DIST_02_PS_03,c037395aee2e6c54b7bdb5ce,deny,DENY_SEALED_RECORD_WITHOUT_COURT_CONTEXT,P-2026-05-STEP2-ORACLE,166683385e59d68ddea41cdfa573eee8e2ef58cba05259e374086a23459cff65,9153df3cb5a28107dcb1eb5c0f8a594929da304d645636cc30fd7509432f2f86,25557a30e15a5265ea4af15fc2a59ed68e445193c2c90c8221398ff81aee422b,091196492b7361fef8460be3a07a3583d78771da24f781f7405990a4a3a14e47,22781e71fd7215bff59ecaf2f839593ee7557dea03f119db8a7ad25c577efe21,8a18a1daea1f57251b2617fe9a528aef8f544a084c91632078619c68828c4659,128480e86b3660aa3c28da40daa1708fb9ee006b6f6af7f6e6307edc9c1b4c9c,7cfcebb678298a6aaaa45d3dd87b146124cf0d1329527497a28338a7bcd2cd4b,HMAC-SHA256-DEMO,AUDIT-2026-05-STEP3
695,2bc5be2cf546f77d5e4141b1,2026-05-28T10:45:00Z,REQ-000695,e1441290962ca2a8517d8d0f,STATE_03_DIST_04_PS_03,2ddaa1320a373931336701cf,deny,DENY_INACTIVE_CREDENTIAL,P-2026-05-STEP2-ORACLE,90b76efbf2a31e7b2243bbdf3707298565c699dfe3b580bb3423f7643ee12708,a91b094839076cc2c181c457d1efc9834227a607908ea41d043078700c4d62c2,6f7df86c3f72cb2c5039fa8905f63510271c6da82b66a5dbc39b16068f8c6887,5e658a8941897680847fe95b912d57a4eaa124ad9e4131acec0dac64dd770ed1,a823ac7b705a7e171c97ecc0ebbfee472959bfd96b5d92f3264fd8556b9ef1fb,128480e86b3660aa3c28da40daa1708fb9ee006b6f6af7f6e6307edc9c1b4c9c,0b28b06d2d45c8ff24a265a3c776b174097965081045f3dee6cde3b049c031c3,13157ce6d3f03198c6de671c0d1000fedcf6ec50616f20e64c1d0e2f654f5062,HMAC-SHA256-DEMO,AUDIT-2026-05-STEP3
696,7b8985c08fdf0d25784a76b5,2026-05-30T09:12:00Z,REQ-000696,c6c5d38ea874865e512ea30c,STATE_01_DIST_04_PS_02,7a1c1d8011a25f728528d611,escalate,ESCALATE_PRIVACY_SENSITIVE_RECORD,P-2026-05-STEP2-ORACLE,0f92ab89e609d9acfc197ae91dc9a828d5fff52d018cb5511368a4c11db9947e,8bfff959f373f6a932e14c1e2262f8c14f2c5958cfefa2ced326c1b04e1e3c3d,cfb32b921ab626b308d0197771f5e75174b847b78efa39693a37325f8424492d,9bec5f4ab1fb1ea09af4bace0a5d0f8eebb45a2b4200823b36c11723005f07ab,fed525bb391f25e06bb427e0ee53322e7ddc3128f62f7efc7c691af325efb9dd,0b28b06d2d45c8ff24a265a3c776b174097965081045f3dee6cde3b049c031c3,c4c11f0bf7f0ddb1fdd50aa28296d65ccaa14aeb01145d02bb9971f58d1f5c76,3d3bd513c9d7762ed1b26c24fcd25ddc4b50f544a68b905b0ebdd70885347602,HMAC-SHA256-DEMO,AUDIT-2026-05-STEP3
697,b660f559162c6efcf5a22b2b,2026-06-03T17:52:00Z,REQ-000697,59518bd254aa8c0d0b7a139c,STATE_02_DIST_02_PS_01,76f11b624b1e439ab531c33c,escalate,ESCALATE_CROSS_JURISDICTION_SENSITIVE_RECORD,P-2026-05-STEP2-ORACLE,b5686b258bb415842ccfade0d8a03951a3573563bdb797f885682c34cf18b014,7f6b2161149ae589b40cc08a638fb0ce7a3bafcb571e8d06cdabac9ff6540816,59a343c7eafea5c97b497b1acdc376146edf92e276f7b4d04625cf24f1141ad3,f34d5792a1693d6b17b875bc13cdcfa4b06cd1f41e7cf69068a77b94e567e10d,6a41fc8cc8e2e2e1ce58b0efef817a1502a4e7c69e3223d0baf7c5dfe3caa15a,c4c11f0bf7f0ddb1fdd50aa28296d65ccaa14aeb01145d02bb9971f58d1f5c76,ef93ba22b92fd2a0214b8048e7458deb494ba484c5f0acefca04864976e8f597,547002c0b8d61e514d1be66461a9565904ade34d75b2fb6a01dbddc08d6b2b32,HMAC-SHA256-DEMO,AUDIT-2026-05-STEP3
698,1931ab3505df134e7a37b3b1,2026-06-03T18:08:00Z,REQ-000698,7e2b88d260bb5ef29585a94e,STATE_01_DIST_03_PS_02,55503cf4baba214afaaf17a5,deny,DENY_SENSITIVE_UPDATE_WITH_LOW_RANK,P-2026-05-STEP2-ORACLE,218f329620eb19caf4f2e6244bfdcfc4869445e4365b5f486ce84d18149098b3,8040b1fe766484432eed34f425762c8c91aa30181b30048a7672d5b53b4fc5a2,e5c2861648b56916024d5c670e7670ff09317bd30f33aad24759d6cadf2cb17d,08676638348d9911124250f053be6734b1d9c512ea7590f5ef319130f3d42940,050a735bb645901695d68723875fda1d7e30a240f3efc35425fd6236ca275a6c,ef93ba22b92fd2a0214b8048e7458deb494ba484c5f0acefca04864976e8f597,65e00617a550ecad406cc848b01119daba62cb1d9b764671d0cda8ac3f1af2e7,2554acb266520df7208ecaa241bbad32806a4e7512c1b6f9b3e6a27cc5ca7e88,HMAC-SHA256-DEMO,AUDIT-2026-05-STEP3
699,a0fb666a1f319ebb60a2c13d,2026-05-29T10:15:00Z,REQ-000699,b20f60775fe6a25591c31932,STATE_01_DIST_03_PS_02,89476745cac894a936858ff7,escalate,ESCALATE_PRIVACY_SENSITIVE_RECORD,P-2026-05-STEP2-ORACLE,f633b0e3cd294d4f0971a26218bfe093e04c249066f6892e632eef62e6b2a5a8,d1957a889f503096c883ce930018ec514f938262f3bd65f107259222e0eddaac,63cafdf11e0a0845a2cfc9fdfcf8d08b24a026c1c68ec9e231238e2c5fc38990,98abd9462daed1cbb1224dae626d597aba57a6e1e079fff71d0ef476cc9ace9f,65d919508f8cf0a3dc78b83e8ade426df0db6d434001440ba3de8e9440f2fa06,65e00617a550ecad406cc848b01119daba62cb1d9b764671d0cda8ac3f1af2e7,24cc37994f47ceebeff36c0e11a252895b2604056bf17f00d63c2d7c5b3ad8b5,0fdf9c4fdb1dab486ebbd647058026d991497d77e09fff0ca451c7b10d7e05ea,HMAC-SHA256-DEMO,AUDIT-2026-05-STEP3
700,be0dbcb771e581534460f915,2026-05-28T22:40:00Z,REQ-000700,f65ad458155d09405f8da86c,STATE_03_DIST_01_PS_03,bd8150b0c487b45357673f02,escalate,ESCALATE_PRIVACY_SENSITIVE_RECORD,P-2026-05-STEP2-ORACLE,137c1369e96b7ee5a76d084d1da15e0806c4914e583370fe498425fafb4c9fc1,8285dd865cbd3865a6f51572eece0c69326adec95fd4cb6d42824f8b0d5bfa1c,78d3e8d4145482985fc4518f945c095cc3fc7ee2abd9fe06d72ee0e92b3d7752,82846d3812c0b7b1a03daff0db00083b2377d47463db87c53c860c42c91e201c,982d61e2d22f6875abd5434d23cb560f90a03dbd25a680e199fede0765eec5e8,24cc37994f47ceebeff36c0e11a252895b2604056bf17f00d63c2d7c5b3ad8b5,0c5b7b3e4185ec5de4656b9955c9867a5639680181d6e8fd9bf3157688bbd1b6,f565a390e2b761a9566615697eec316c0ba5a0847d02f16f694cc2ba7298b957,HMAC-SHA256-DEMO,AUDIT-2026-05-STEP3
701,e593e7947f6aa748a40e2b3a,2026-06-03T07:15:00Z,REQ-000701,030fbe8b71b501096276a8ab,STATE_01_DIST_01_PS_03,72dd84998fce687b117e7ec0,escalate,ESCALATE_PRIVACY_SENSITIVE_RECORD,P-2026-05-STEP2-ORACLE,14f1fee51207c6202ab5110b74d271619062ad1ea8168df84f88c18bb59dcc55,e937ef7446a8eb1f9427d2e60facf334f7d2dcaeab4930d5a60f4b840e46858b,ac03c9def9f34b809b4947613c455d2cc96c048030b1e09b86f5095cd1f9f497,eab1df3319ed8c971125a58a593b651a811ccc57fe0bb3590af198bfed474cdb,347326e9608b06c9782b2d7e43983b6e6881f16f1356a9bff90a954c76844e76,0c5b7b3e4185ec5de4656b9955c9867a5639680181d6e8fd9bf3157688bbd1b6,b20463ef4c56365c90521ddf55a2d13c896ad08d4915ce23de58f4e06781a7b9,474e38430c5ae2f8d339168cdaa33ccf153338db1c5193f076f1b64017aca10a,HMAC-SHA256-DEMO,AUDIT-2026-05-STEP3
702,1f701880e9f58a3485f37305,2026-06-03T19:12:00Z,REQ-000702,072b2cbde28c17244de8ae4d,STATE_01_DIST_04_PS_03,f8d01d9519981fbe6119c784,deny,DENY_STALE_CASE_ASSIGNMENT,P-2026-05-STEP2-ORACLE,09d1c77c78cdf00f5a570df4c7c835f1ec96a3495316945376bf8e2df189e79c,1aa2d97158ac053e3ff9291f23690e87863863a483894e9e4276c1d98d92633e,15e0a17be8a6aabb0651c3166e4b0c056d6f42729d382459e722a0d27ccad594,256aafc68f597e11dbab5fddafd553e3cb6a77ed2e9b31e107d44dd32624e5c6,b9795f980081c959c86a0decf2a1013e9ec29f664f25b77d1de89efecc362fc7,b20463ef4c56365c90521ddf55a2d13c896ad08d4915ce23de58f4e06781a7b9,fbad708197383ea996367815eb1c74f98d9270df2ec03e9f2bde51cbc71f1bca,2d28bbeb643293d9eaee557143756342f900d82340f34e5c55ddb1759891194e,HMAC-SHA256-DEMO,AUDIT-2026-05-STEP3
703,2a6c39ab01c10d67b2d26488,2026-05-27T23:26:00Z,REQ-000703,4ee0497be96c65e5642e3a72,STATE_01_DIST_02_PS_02,803e05eda0391b5c99c7c16e,deny,DENY_SEALED_RECORD_WITHOUT_COURT_CONTEXT,P-2026-05-STEP2-ORACLE,109b226d7511d3dd899dc99b0760c3a93049fa900b9cd589c535ccdc20e20aa3,c004859f1f4becbf3e483f0890b72b905ee003090b74c2b841d205fd5b548c7b,dc4523a96660d8893a8f8045182230c68248a1b666425994752f21d127d8af50,ab3e5fedf817017ba7dc630da8d193ca6fa2e3689425d2dafc44e2bdd8cd2afb,c9aeb0d88fcde1fb630ed87d28806eff4d6c8af7db8e7489bd7fb4a8d0fd5cba,fbad708197383ea996367815eb1c74f98d9270df2ec03e9f2bde51cbc71f1bca,4cd34f5de39b34c560a0605eede658fcf221acfac3e337990c47100018b34695,be61947a5bd57c87750d1214d7361802361a94e458ac4fd7efac0c4035777343,HMAC-SHA256-DEMO,AUDIT-2026-05-STEP3
704,8c408cdf3159cc68b0c27d1e,2026-05-28T22:56:00Z,REQ-000704,61fb1f33fe73b6361966f242,STATE_03_DIST_02_PS_01,65b119681a10677745fef3d9,deny,DENY_SEALED_RECORD_WITHOUT_COURT_CONTEXT,P-2026-05-STEP2-ORACLE,0ddb837863e2ae246a6c9b13efcd2cf60f2661f6e21639b65f118a7a0a06e463,c25d075d5f02caf3e56fd7bbdbaac9da1c8d56eb747606caa9cb896749693a1a,8205a42b9d4d268d9a65ac6653efc0a2fe7cc13b8ea4f778434612d934cc1396,4457005c60ebb7f38c50b5ac494b09ea1eaaa23c23cc6e03398abbc8764351f8,6cffecd1b27b8325b3e0ecde3ad815ae1dde68fed6355dcb6410e59b975b7fd5,4cd34f5de39b34c560a0605eede658fcf221acfac3e337990c47100018b34695,79e1a044f5382a5ae7a7a3accb8e7ec034f481392c49b74e7686785fea71962c,b9d2e74a139d19bd6349bd513c6c5d6a51b2b0d7b64e24d77e6da1dcc76e8080,HMAC-SHA256-DEMO,AUDIT-2026-05-STEP3
705,0aa40a25a41881875d8fd64e,2026-05-27T23:30:00Z,REQ-000705,0c912fab59a9f46b26c259dd,STATE_02_DIST_01_PS_02,0e1d97f5f0e6ea3b9c5ccb7f,escalate,ESCALATE_PRIVACY_SENSITIVE_RECORD,P-2026-05-STEP2-ORACLE,f53984eb0a3d44e28ed2056cf0b763edc84876567c208804c79a247b17f532fb,8bdeb1f167db15d9aced0a7b47f31ea190da8b7b72c02571ff26c940debe1df7,a9ddc08a07db56be2b5be87d84156bfcbfb0210991ba758917bbbb9d9b9f9091,90bd4a1b9f48463542d374e867ce92309aafbb9531484f5e5768daaec779d59c,f8ea4d03a04f98e591639b4c404f772f3388e671f593ebd15ce90cfa79a56703,79e1a044f5382a5ae7a7a3accb8e7ec034f481392c49b74e7686785fea71962c,ca7bb23a95a5780fd694aba0afb7d7a859a74ac660fdcffb74817ea4a870a515,11bd49ba59c34d3d9fd0c1192f00b8a99e2071d6c7820c83574771b20719698a,HMAC-SHA256-DEMO,AUDIT-2026-05-STEP3
706,2b5b68978f0f4d8166d41188,2026-05-29T22:36:00Z,REQ-000706,acd11cf62713639d9ec501cd,STATE_02_DIST_02_PS_03,8542907be82d8ebf3ebccb80,deny,DENY_INACTIVE_CREDENTIAL,P-2026-05-STEP2-ORACLE,adcf34ae5d88afea1cac443eff940310b68f03e44f9f0dc69b57aea4355b8479,cac4bb3f7c2076a519894e7d83deb33192fd86919ebce2074b6569353eaa04f0,f447ce65509f9025c89628c5389bf108536bd7af00c148206a4714dc22ff83c3,9d07387c0cc07c9cb2b7dc8b325de176796e1430c2ca812226d545a3418b78b8,a81484564b27a04210b83cc93f6c796f8e00f269c16a0129179602f51de12d00,ca7bb23a95a5780fd694aba0afb7d7a859a74ac660fdcffb74817ea4a870a515,64100ccb98c44dc68f3068d11ca54d47813be0566e0737403865c9b96679201e,4671e8ec00b2263bd62e3eb668fabb880ea47591c3b6a692d4516da6e5d4e919,HMAC-SHA256-DEMO,AUDIT-2026-05-STEP3
707,12dd7c25538a242e145ad024,2026-05-28T11:21:00Z,REQ-000707,5ce4d64c20eb4b8a7537a1f7,STATE_01_DIST_03_PS_01,a0f405d28cc064a49ae643d4,escalate,ESCALATE_PRIVACY_SENSITIVE_RECORD,P-2026-05-STEP2-ORACLE,ea72707eda3b1416cf3e8de3f9085e2db36ba263619c812447e701b31815c352,65eaf7c5ee0ce05a08467205a26df0e839e66bfcad9cf3ccb414f5b6e7ec33db,5f352ec5b95fd731fde1fb2439eb2b992ca63eb13f67d98a89efbb7bf1bff9b5,cf70c40bd68f6e918bd8d6f66a3b517b0b30a0a49396068304fc92b88c4618e6,d1561e0a64c359a17cee2e87a749a55c9e7520d64f1bf498f84f9d7a2652689a,64100ccb98c44dc68f3068d11ca54d47813be0566e0737403865c9b96679201e,1698aac44967270a8e57fe2fc6897f18001d759d2f4f02772af71da84fecaf8c,0e15eb9f9e324ea851310b87d5eb9cb735af6c161365bc3e86ce034d01b62a89,HMAC-SHA256-DEMO,AUDIT-2026-05-STEP3
708,1d96ecfb34a1a741668bc21a,2026-06-02T09:24:00Z,REQ-000708,9a1678400f682a3201830c3a,STATE_03_DIST_03_PS_01,baa6b6685b0bb577aff12148,escalate,ESCALATE_PRIVACY_SENSITIVE_RECORD,P-2026-05-STEP2-ORACLE,99912104c424db8815eb534c210a934602c30c4253d0b0bf909674c3b1b540b3,c53228384b59c15806b46d58a0f10776f5fd851d04d9b8899ef9891b6cc26630,e8f00225cc5944b87b13d4fb6cd81845bbc444a669263cbe9f7f6ce260b52a6a,4c93226982537ff6ab0d57052cfd8a511377cc96e45f1776be94ceb096630a2b,71b0e343ca22d1dffdabb45601b1c125bb6d26e8178f167fea3303b0ff1b7f69,1698aac44967270a8e57fe2fc6897f18001d759d2f4f02772af71da84fecaf8c,2c8d1e760b8c487c059a09a6aab6839d9ad477030b9bf42b8a9065b8fb09a606,21b63e0f874d490ba19ced73149b565a45274e8345bd2d2f0c042c60a764aef5,HMAC-SHA256-DEMO,AUDIT-2026-05-STEP3
709,48366ac63a52824b101fffb4,2026-05-31T10:21:00Z,REQ-000709,7fa77f7b07565190b1b9a0af,STATE_02_DIST_03_PS_02,e5b9726d9f3e2587e6ca9d62,escalate,ESCALATE_EMERGENCY_REVIEW_REQUIRED,P-2026-05-STEP2-ORACLE,51af88a56d75e41f33ba1e87025df4a262d526b336d5c4bc77ac94e8d1e043f0,7ae3dd8772974c8fb54af8c56b2f1fafa5f836e11fa11abe5fd6b33fb2efe8e3,fc5bc1ae81bd9be26059b84f10ed9b4cb07a19305ffc2e44ae9df3434d365b48,c9bce2234130bbc3f32e01067ef6d7a0343e542f1ee99ce4842ba50cf14ff870,4ba2a191ad21c34dd4414bc6ee74e470f1d51bd4d3fed76584a6a2f239a2f293,2c8d1e760b8c487c059a09a6aab6839d9ad477030b9bf42b8a9065b8fb09a606,ba87ce580df3e31801dc402ef4a9da6f8179c4b2d5f529551a13ff39e38e864c,1e379048d130956526c921513e8f5ac40e6db90b58f2f9de001f415dea1a72dd,HMAC-SHA256-DEMO,AUDIT-2026-05-STEP3
710,11e15bedd96cbb214fccdf21,2026-05-28T11:30:00Z,REQ-000710,3a0f3bfd087110a0cbe914c5,STATE_03_DIST_02_PS_01,2ba015c222df82621a60df37,escalate,ESCALATE_CROSS_JURISDICTION_SENSITIVE_RECORD,P-2026-05-STEP2-ORACLE,5ce55c844f8406b86197fad7bc8ade217606255c8602e28573a74df9fe6d4988,3e9a2b7f56239939f9ee04ad0bf0d31ca3821d17f3f4773546ac1a925b0b8811,853237ef3ba6cb81d235af83e6e3af3fd5505e0703b9b5e633db68c9d4e0193b,6d7c3e6ebca95a374b1f14ccdcaa09a704ef807b78e802465f575f912839bbf8,5585990742049075aad19feea82154d9d91b156a68e8c75d82ff4acf7643b638,ba87ce580df3e31801dc402ef4a9da6f8179c4b2d5f529551a13ff39e38e864c,504ff2dce390dc4173ef43ffc6d984fb87c5561b8ff1d85816860710303fb5e6,5f2b969a371cec1cfd8c6e63e9ddb1dca6d1a5a27523b89690fbb2985e2bc43c,HMAC-SHA256-DEMO,AUDIT-2026-05-STEP3
711,266dd18d6c099d4595659290,2026-05-30T10:57:00Z,REQ-000711,5d49251d25024e2ef906fcfa,STATE_03_DIST_04_PS_01,957a61b122db170092250b9c,escalate,ESCALATE_EMERGENCY_REVIEW_REQUIRED,P-2026-05-STEP2-ORACLE,0bd81d695d0e0ff5877132c89c8c750fcb8b6f46f8b1106a5142d6ac666e9fc0,335ecec765e1fe2c324f343453c5ba7f06962f7b7db60eaf219471ebadf6eb0a,d1d208f712a9a44e3c4359643ac42874891f71a56a96d3aee4cf292b7e37ffb5,15adc721eb86b9f4637f94b7a279ee75466985c4c30bff820041823ee991e314,c1ad94be729682db64d101480171e76cde36ce093a166d18542ce912fd85cd9a,504ff2dce390dc4173ef43ffc6d984fb87c5561b8ff1d85816860710303fb5e6,ddc743b5db0abc0b00892382d5ff32450f15b32b93341b0819e55a902e9a8184,29f89f7543fcdd8d6f198545c48b5887ea5e30775092a77bd884f6287cb6eb53,HMAC-SHA256-DEMO,AUDIT-2026-05-STEP3
712,39530b4e6c95756c7b7975c1,2026-05-27T23:44:00Z,REQ-000712,f8755a48fce2988e7e892881,STATE_01_DIST_01_PS_01,da955dc4e17b595e2820e3be,escalate,ESCALATE_PRIVACY_SENSITIVE_RECORD,P-2026-05-STEP2-ORACLE,11c135b22ac6a8bd74b827fc2bf31487be50cc745b6a6812d5616b57e19339a7,5a578ca4a2aef64ca59f6a9ab6153147d3a6e5e88f42b47bbf4807614b3da1d8,7cb276aef3b0966f1284aa3e30871cd51a9f65665f5589c0af08362a8ceeb97c,39be2f29f1141fe75058e1bd537a998904b8a5610824abdc28d93e059b0f353d,6b4793d42cbadb6b33001e80f88d70e59bcfec9fcfe05c39c8868e9a7be0b9d0,ddc743b5db0abc0b00892382d5ff32450f15b32b93341b0819e55a902e9a8184,015909f91b1c0db46f582c64d7d22a2d6ec986c1cb2e800e4536089c55764086,60d44346ddf5f5f31728d242523f7d734f2f3ab96adad092464a37dfd3aca1a6,HMAC-SHA256-DEMO,AUDIT-2026-05-STEP3
713,824fbe94b16942fbfa050f49,2026-05-28T23:32:00Z,REQ-000713,7c415028a69bb19f488fe7d8,STATE_02_DIST_03_PS_03,97737c0c588710f35bffa79b,escalate,ESCALATE_CROSS_JURISDICTION_SENSITIVE_RECORD,P-2026-05-STEP2-ORACLE,36374f96fbe8d0adb082d61513e4ae93c6c86e720c3c1c4b9f30d8f3284f3f8a,12b639090bdaf53ff1558f2409885c7991ad64e05f73549c9ba701c6afd1be74,bd29435f7174c8508821990734b23d3e46daae29539b8e83e1f722eba3191893,19e09eb4ca7ea42d2a7dcc97eba26db5213e3f6edf55f2ace7a39a2c4ce104e0,8cd330fa9f7c183885222f630104718369770f39fa1372dba2677ccdff1ab02e,015909f91b1c0db46f582c64d7d22a2d6ec986c1cb2e800e4536089c55764086,2567b375aa42000bf2807ef923d616bc3ff9c55f6966403720a513270bd9db9a,2cb9b3167de0a428bdb8426917e6fa65b3cbf40469fef697112e386531f4f0b7,HMAC-SHA256-DEMO,AUDIT-2026-05-STEP3
714,0f9d391dc2e220d3fda0384a,2026-06-01T10:54:00Z,REQ-000714,6d335433b612a148a4921389,STATE_02_DIST_01_PS_01,3cef4d9f8d92d3f7cc295a2a,deny,DENY_INACTIVE_CREDENTIAL,P-2026-05-STEP2-ORACLE,e4f354e5a2be70ce74ca434c021ef455bce995aa149424a4630a1aba9684d291,eec969b80cb8f0c07741fa61634dc0a54033f766bb3725c302a16d895d63a449,8b5fdb5b3f0415129b7e0284e531476fbb3c5b7b2b2314d957b573fa4c599e05,64b1f72825298371b7b8c2b0b8f03766ee584c0d5f1ae524a7b94954c28cec54,9c7abcbd62f630a6c06476bb8980eee0d5a8e6ad3c6cf3d167cd7746607315f0,2567b375aa42000bf2807ef923d616bc3ff9c55f6966403720a513270bd9db9a,f0c12ff5629a254b4f8ae1d0881d7382b6cada2fa26b91cb8ee4645214cafe6e,0fab5a1f633f71bb980271251d9b7926ad4acaf13cfe81cc714e8ea9b61b305b,HMAC-SHA256-DEMO,AUDIT-2026-05-STEP3
715,d28a071dbc2a22fc06c9f8f4,2026-06-03T10:45:00Z,REQ-000715,d57f9cfca107b054602e3afe,STATE_02_DIST_04_PS_03,3c00705a45e0f58dab6ee427,deny,DENY_INACTIVE_CREDENTIAL,P-2026-05-STEP2-ORACLE,baa2c37252594af9f9242c0a8e7d1eae39581a58ce366f6a148a5dc5bd9d6b70,0a8be99f8b1f5e65606e24ba13fa7170270e57d8ffc36c33e7c3fc25c2e113c6,5ad63a22bacc808cc5d97ad42ce97beca728b18de5ddf21760a037cbb0577de2,63412bf45755f7749dad7c1a5e180c09c9f7b49fa3e4aef20392220335f8b5c5,316e1ece81b2e35bb7c29964b4b5713ff44f283645122b09a3239cb47e1fecdb,f0c12ff5629a254b4f8ae1d0881d7382b6cada2fa26b91cb8ee4645214cafe6e,b951489590d0fe0ab1e4e917e3c7b9986c4a5d538c8b626d2452bc7092eaaa01,27de323b77926f902d6151b55e67f1ec7c746a1380850736094497df10a02c1f,HMAC-SHA256-DEMO,AUDIT-2026-05-STEP3
716,a632b77935ee65191d323a1c,2026-06-02T11:08:00Z,REQ-000716,5226641dfbffc5688ec0818a,STATE_02_DIST_01_PS_03,b1369cfe83c9b50aaaf08c20,escalate,ESCALATE_PRIVACY_SENSITIVE_RECORD,P-2026-05-STEP2-ORACLE,1ea88ba5d0668e09a99cddbfc4e9a914aab9a0fb26996dfe76cb11c054a29586,1f9a3bf9c8f14564baad48891e49815f6abc201fc2c1a6501c8e9b5e55daa656,7f0aefde343b42f6af909e62791616d2e5bf15e10a6637958f4850fc25b1227a,366c5c62b5dd34770878b0695fb3b9f6d7f27fb551481f435237b404dcc63db6,709e36b183f16cc6aaacc786de40bbdc5d2eca0a29fb84ea8d379f4c34a297b2,b951489590d0fe0ab1e4e917e3c7b9986c4a5d538c8b626d2452bc7092eaaa01,2e5c5e0db03e1c10b7acdad25c58f3dc7ca7e68ba7ca1a71d481b3eff37f3a10,e0d5c329992a97c5ae0893b19d35e403ffb63817aaff4caa9e4b0088064b28f6,HMAC-SHA256-DEMO,AUDIT-2026-05-STEP3
717,197e44d849846d1919f65091,2026-06-02T11:21:00Z,REQ-000717,cd7bb6b37a4bf493a6fadfea,STATE_03_DIST_03_PS_01,71e0d974adfaea423315288d,deny,DENY_SEALED_RECORD_WITHOUT_COURT_CONTEXT,P-2026-05-STEP2-ORACLE,2a2323f9ae60d9a5ae0e30b80d2abaab8ce6101f2fef72144eb953108dad71ac,49f8b9c374e3993f4e837f42088fa9779c703475728dfd8343b0ebef1a94a933,868dcd7d04b7afda6ad3e8d4839bd93a37ad91067162a9eafda837847d565e2a,98d644c41dd3f04c6ef6159057bea602bdd90ab42784fd4445f5ccdbf302dd30,15aedaee5fbe2cb08a5df53cd5fa7c1d6be7a0e92ebf4a01da5dbe31ccf0059a,2e5c5e0db03e1c10b7acdad25c58f3dc7ca7e68ba7ca1a71d481b3eff37f3a10,7135a6e3564814a223ba43b1d90481a075294a7bb226ca5f3ea805ede8a8bab7,f5adec678e5dbed29f00f7634d61b258e6439dc98bcac0e00e39d511b65d8f94,HMAC-SHA256-DEMO,AUDIT-2026-05-STEP3
718,67367d4659e5f666bbef4514,2026-06-03T11:30:00Z,REQ-000718,0f5e28fd8c1c5a758d17ef19,STATE_02_DIST_03_PS_02,e2ff4d5969aefec4bef47d9d,deny,DENY_SEALED_RECORD_WITHOUT_COURT_CONTEXT,P-2026-05-STEP2-ORACLE,3e965f2d3196e2d443010cbe482044704e6f3d17d37a9646c70fc4654bc56cab,1e0ed1d0806817c52b8549276e5783f86d8ebe1942009fa5acd317fcc8e6e62f,9963b90b8b2a341016e3e8416ec5a2e162e411669cadd19021218606bd796e58,f490aae207f0d813fd5fa2e85df02695b2cd46cca2325221c8ff7eee8e558f57,3d25b366e0bed24cf9145db087ef82e24e55fc4448c0428f8cb27a2a312c0827,7135a6e3564814a223ba43b1d90481a075294a7bb226ca5f3ea805ede8a8bab7,6db4044fbd51365f6b59ddce1c0d10d37a13ddd09a26c1edea8f3c34433fe79e,373a35e600524d238756a5377b3be4975efa5b5ff1430753d6a52fed77104486,HMAC-SHA256-DEMO,AUDIT-2026-05-STEP3
719,60afbb182c74d97317fe35a5,2026-05-31T23:50:00Z,REQ-000719,2e90133c615ae26c343ba035,STATE_03_DIST_01_PS_02,121319e5c742c9826335312f,escalate,ESCALATE_SEALED_RECORD_REVIEW_REQUIRED,P-2026-05-STEP2-ORACLE,fd744e41e178152a1c2a9ca38e842bc9f04b83e445b3456655fd7ae680a18637,9a7b67563fd5e77c62ede42c23a4ef47d7b016e4b8c77e56e3eaf302548cbef5,7ebdb9d21cacd65213c8291efae9fa7300d3b74d483d9107a8622fe4c7a26756,f89cc2007c53e57cd5e852f82769ca716e81de212cbb02f65d32c09b150132c3,8787db25702a1cab1fc8cd0077997533757f6ffa14ddeeba3db6f86c4c2288dc,6db4044fbd51365f6b59ddce1c0d10d37a13ddd09a26c1edea8f3c34433fe79e,a83e3df627cecb2e5f98bbeed6c1040d17acfc4c930dd60c352f22a8322071bb,e9ad1bf7e02295708b05c883fbfd4049ea942543a51bda1015bc8639a25b8b33,HMAC-SHA256-DEMO,AUDIT-2026-05-STEP3
720,11c54421fd6af9becd6ed31d,2026-05-31T00:00:00Z,REQ-000720,61f9c30ebf940f606c1a2520,STATE_02_DIST_03_PS_03,aa5d5e9574a1ce5800dc6459,deny,DENY_SEALED_RECORD_WITHOUT_COURT_CONTEXT,P-2026-05-STEP2-ORACLE,53c4ddd62edd04bbfe02ae9159be76f5392a2a08e4696a3ad4b206155df2a8dd,c70b5c2036712a5cca7d4376e293fbc12431cd938a7ab65ee8d5782f654a6068,77c2595143285dc84299995558eba6617cb33bc015a47ca7aa138dbe4c0a9445,a523df533f37dbd7e61ee6b043a7fab06157a023d8453995d8af70328c6a454a,05c218ba3815f255aa5a6d8dd0ae632fb1b56da482a98aff06496aeb7133da3f,a83e3df627cecb2e5f98bbeed6c1040d17acfc4c930dd60c352f22a8322071bb,34c3784e4c33ba7a88d8aad4ed9d9c8db78709fd3b1223e976b65301eb2f7366,7fa7977f356f3409c7727b6c3b13ebb2e8bc750886877d05d4371d6334d581cf,HMAC-SHA256-DEMO,AUDIT-2026-05-STEP3
721,c186625f50d1e04db0490c82,2026-05-29T12:05:00Z,REQ-000721,5e223aae914ba42e97c387c1,STATE_03_DIST_01_PS_01,d7a80c935b5e982d9aa6d398,deny,DENY_SEALED_RECORD_WITHOUT_COURT_CONTEXT,P-2026-05-STEP2-ORACLE,404bd6f63808005d97d7a30dc52e00b34d42ae28d0a67adf9190e76fa1308ace,21bce07aafa8fbc1c43c30b09463a4726eb6f830990c03e8449fff1c000a284a,1535ba54458dac77e012569dd64955a06a591b7e0808e6e5ddb44b5ec855f760,50e7cf7b968537fa1e9d40b7b5cf40938e5155e3984a3135c4b63b838eeb3e0a,0c2a1d3bdf9613bad9846c2adbdc484b1bd77929b7c804544a5f4f0e3f422051,34c3784e4c33ba7a88d8aad4ed9d9c8db78709fd3b1223e976b65301eb2f7366,ebfea431c6b1fde69824477da8816a788ba8cf7e425c18e2d819f3238f0cb686,38e260e421d96e2b6de9551cff7e4fb3d022153009e453b32002c2aa5d4ec0e4,HMAC-SHA256-DEMO,AUDIT-2026-05-STEP3
722,2605ea5584e87947e8aff348,2026-05-31T00:16:00Z,REQ-000722,5d9a86e9bbd1b3774caee2db,STATE_02_DIST_04_PS_03,d7f5f5e94d3e5229dcdcc76e,allow,ALLOW_ROUTINE_CONTEXTUAL_ACCESS,P-2026-05-STEP2-ORACLE,f4c35b7bff8cbe6096add0bedcc42118529842e854cecfcc5958bb1869a31980,0765524b735b4f1ff6e318e66475eed77bfd6c5acac765ec58c292335bdca582,3015e4aa873d25ee46ebc333ff41f141ddbb9ffbec189ed7e74b3f3bd05d30a5,fa384a59e8219376065fd3c0b3ca5a20472357f1e26d6bc016670cf362544950,2713c81caaad00ad0b15ea4d66a4331f52eccba211bb0d5072eca0c82aded4fd,ebfea431c6b1fde69824477da8816a788ba8cf7e425c18e2d819f3238f0cb686,e3ee025e430ae1dc6baa657b24e7025f2c9f5fe221ecd49bcbaff5be5591d721,581fd192cf132fc514431e413e247171250378717c680f6240fd58c8b8de60c7,HMAC-SHA256-DEMO,AUDIT-2026-05-STEP3
723,b617689d024c6d8f3eb50163,2026-05-28T12:09:00Z,REQ-000723,1744a4b8e7d09467e6ea7495,STATE_02_DIST_02_PS_01,24c8c0c8b19638b5e8c5fe9b,escalate,ESCALATE_CROSS_JURISDICTION_SENSITIVE_RECORD,P-2026-05-STEP2-ORACLE,c1b8ffddad6100a27376cf57af1d03e3b740321b7eb5986912adffe19fb47570,0ad8fc1d3f0e079d63632bcd321d3a1a881c7d933d0686bafe5daa8373017b28,1cb1afa53797c57c8d30ede0d94d3bcefbc1dea8184030f95f008c5caef15701,aaca34ce5b8b4397c2884f1b8a010445b673012a4cde6f95a274864056796f62,ea3e100de4c5dbfddd31278249d86d7fc7eac55b9d82f36d7a06ceb3faccfdc3,e3ee025e430ae1dc6baa657b24e7025f2c9f5fe221ecd49bcbaff5be5591d721,45f02faf44e1cf547cb06bacf364285e9b39326fefb13a1e640ccdcca7e4d522,641fe1951aa86dca7bc7aca7c86588cbcd9de0424d5edad72a5ca2f5647e19c6,HMAC-SHA256-DEMO,AUDIT-2026-05-STEP3
724,a3229ca0ec0be10254791b13,2026-05-28T00:08:00Z,REQ-000724,7fa77f7b07565190b1b9a0af,STATE_02_DIST_03_PS_02,98962a80fa6d073c1494536b,escalate,ESCALATE_PRIVACY_SENSITIVE_RECORD,P-2026-05-STEP2-ORACLE,893834820ed59b6fc7670824b6d49f36066954ed632369d70ef4de95d0857f69,72ec7deda88cf548a9aecd0085aee3cdad3bc16e09a128000b334e0d07362edb,b72bc50ee808963ea817573fb7adfa9e33895414cab55d6df17cc04c5386060c,e8cac61156c4f8a040670d337bf762ab3a73930dfd2d1d42940518200c480dba,1923c7a24add63e4e387ddbe6130fb578bb10ddfd1413f5cc35ad6175a7df7a9,45f02faf44e1cf547cb06bacf364285e9b39326fefb13a1e640ccdcca7e4d522,8d348c08ca7397fdd21cb06fac58f00e340be8fd3680edfb1dae86ef8f3f78a6,e256888be9c94df515de88a6f0702468b51665bf65cd761c645ae77ee9b901e3,HMAC-SHA256-DEMO,AUDIT-2026-05-STEP3
725,ea3ca0646e274f8675989f6a,2026-05-30T00:30:00Z,REQ-000725,316e4edba94c2b3868db8ac7,STATE_02_DIST_04_PS_03,2b5c0f81a93bb857349468a0,allow,ALLOW_ROUTINE_CONTEXTUAL_ACCESS,P-2026-05-STEP2-ORACLE,1966e4dc6ae07f3b06791bd3c0f1b12c741d12334f1db4251d55accc052910a8,7394701279eae7530d8e2c758b9186a25cb4f73eafd9b03950faee06928d57b3,6267a8821a1ba54dd56bf56f9b2c541ffce4c32092b2cc8fd900b5140139f62b,765eeea2ac24b70f59d3a56a722f27e135f05468a6c12d85202a085ba13660b5,f7c648d354ff9ba08aec2afd1b7fe6cd34265fae6cd73269123890d77f28c88f,8d348c08ca7397fdd21cb06fac58f00e340be8fd3680edfb1dae86ef8f3f78a6,02008093e03f976a9532051e501d8ab0d0c6920e00772207e43a832fe6323728,54f3f8b5a530de6eae57765aa25c63044d8dfaca31cf72a18e05f2f1cf05b57d,HMAC-SHA256-DEMO,AUDIT-2026-05-STEP3
726,3f483377e886d64a1fbe4509,2026-05-29T12:30:00Z,REQ-000726,94b2d412892c95cbfdbe73cd,STATE_01_DIST_01_PS_01,5a022bb5b6a0d5861acb06eb,escalate,ESCALATE_SEALED_RECORD_REVIEW_REQUIRED,P-2026-05-STEP2-ORACLE,bb6e9ccbf80ddee350389514b04c79384a5d9f522c61eba0546e77de699fa02a,a5655ed7ed2c9a21b6f4f674091f20934782ed4ef4bdc28971a9581027c09a1f,bcef13d493e0e23c42aaecc2d285406072c15d533b4c97473bb10afab031cea1,bda306deb6a9043a88265bfe48f2b9ebecb7af6d9a37126d4aab9f25adcd1ab3,e99cf0793615aa3247d3814c83a388460dbb815c9455fd37202155267d1cfd70,02008093e03f976a9532051e501d8ab0d0c6920e00772207e43a832fe6323728,277b5dc188626cedfc6265d80094030ee2a2f6e83778e874e49243a2d69ebdc5,cddcfa14e9bd35bde649a8ed2cb62890db4164796e10af20f3e3d83233669abc,HMAC-SHA256-DEMO,AUDIT-2026-05-STEP3
727,d550c7da9b26e539f38ceaf7,2026-05-30T00:42:00Z,REQ-000727,072b2cbde28c17244de8ae4d,STATE_01_DIST_04_PS_03,be1c97c5c56e77b750e46471,escalate,ESCALATE_PRIVACY_SENSITIVE_RECORD,P-2026-05-STEP2-ORACLE,c5ba193bccd2133717a888f8f97b21687f8d57214c57740651917e0fb3c7f034,c39d4fde5f6891ea35370e651d6c4224654d24c8b90043819071b482ef1056f6,2635ee68021a7fc958f2aec4540c989ec984b833546bfafe40de5f176de8dd75,e633a71310bb329e26e09952b61bec8c61cdf4260798180a8374083692767b84,f8b8f92ec923e16546bcd060eb54834dda535746ed8c3f30736018a7d50efc00,277b5dc188626cedfc6265d80094030ee2a2f6e83778e874e49243a2d69ebdc5,136fe13003fdf3dc9095521b23209773f362eebd37fe0e054dce50d9372ae36e,2c669cd7ce1eeda50db2d32b0feeb8bfa7070a8de307ee3e5c80ce5746874602,HMAC-SHA256-DEMO,AUDIT-2026-05-STEP3
728,23f866d65c24342c0cc3ce44,2026-06-01T13:28:00Z,REQ-000728,cdb37082bd33066e73ce6a23,STATE_02_DIST_02_PS_01,7f8d75d5e84837c062754102,deny,DENY_EXPIRED_APPROVAL_TOKEN,P-2026-05-STEP2-ORACLE,32bffe395aa2ddfab0f06b75d86ff87d4791f8bf107ce0d8317b1d7dc95d26fa,1de4b2bd9b57f6fdf08a8da3b47d7841f2b524ff28a4b0e5adf1ed3716e4ef62,90cb27b8e659b0055be94920bbd63c420851356ee847c275c217395085e6e393,27d5759feb7e2e933ffb314b408abf9c799c8c697687e7d152f94431631013fd,39aadd5ef33007984af0e3182707ccb7bd1b7b5e360d2e2bed2f9bcccba53643,136fe13003fdf3dc9095521b23209773f362eebd37fe0e054dce50d9372ae36e,66a4f82d2527d9e6dbc72f539f477e05209fcaefbce0ae70b47dc27adb0fbad5,240701eb3b2dfe9c8ea3c6c1965469ebcc7142ef95e2f61bb4950f8c8cd9aff7,HMAC-SHA256-DEMO,AUDIT-2026-05-STEP3
729,4f19fd306d728156451478a9,2026-05-31T01:12:00Z,REQ-000729,f65ad458155d09405f8da86c,STATE_03_DIST_01_PS_03,2ba015c222df82621a60df37,escalate,ESCALATE_CROSS_JURISDICTION_SENSITIVE_RECORD,P-2026-05-STEP2-ORACLE,e7ac4507c1a7eff52e3686e5d04e6f6614b6f7762d2c09859a49d9f108a50f9b,be9fbd6e3ee485ad5f604310f2ba68794c6c47520619e097a039d963f3a1b5f5,13c82bff95b7958faa70d6cb6440281ec48e3cbc6386015bade892b262c68c9d,b20d2bb2b194b259da0b57af5ecd56438aa91ac8f9a5cc3a4127d9ceae2e990f,e5f2d8d75b052b38fdabd78ec6568e91a27c739071c2cd9dfa4548e674844458,66a4f82d2527d9e6dbc72f539f477e05209fcaefbce0ae70b47dc27adb0fbad5,4e14edbcdd8b3f16366d0f32601983f28d0b3fc2ac55ca52681e83512bdcd59e,37d7b9dda91f2789e3b4598f0bd252a93f2558e827ce6597a4e47f668b068492,HMAC-SHA256-DEMO,AUDIT-2026-05-STEP3
730,1d81589ca6efd63357622133,2026-06-01T13:50:00Z,REQ-000730,eff0953046ce4a5fb1d8ee91,STATE_03_DIST_04_PS_02,c1be72ae2e586a7fecd00956,escalate,ESCALATE_PRIVACY_SENSITIVE_RECORD,P-2026-05-STEP2-ORACLE,b2b6280b1cca4b4a5fec3720751c92fbf956617f5ee24022f944899851019618,991fa0eccaabfcc395f11db5d6343e1c1a81aad2fb59cda940fa047fa6bc79a8,f1aed27353888803a90878ba9c725f26f68d5d126594ff1052ae4bcc5143f2fa,b5eae2036ded7e621a4b6325babdea4637d7012dddda923d8f1bc2b0773ca653,39637f28ef917f635bc42afb0cd04ca2ae612fa7cab241324440605cfe8bfa90,4e14edbcdd8b3f16366d0f32601983f28d0b3fc2ac55ca52681e83512bdcd59e,0fca88a7988eaeb7d5b8532d4f142eb30f7e814cdb77930969c29ca2e15b3b08,e4748d678bd69411fa1392034548fe97ea4db0131f562d8c087f59259a01da74,HMAC-SHA256-DEMO,AUDIT-2026-05-STEP3
731,325bf9653a6790d57804a3b2,2026-06-03T02:34:00Z,REQ-000731,b012e7e4d1319033c362fb26,STATE_02_DIST_02_PS_01,95272f463d03a2186ae00bc6,allow,ALLOW_ROUTINE_CONTEXTUAL_ACCESS,P-2026-05-STEP2-ORACLE,c290c05c2499e4bd0f126291c0779eaf161d021fbac51d80ed07c5b1e6f13b38,dc8ce689b1de753e5b9f95cbf241c9b209bed7c14c84ee96dcb5d87dca763510,370e319f4775c57444c546427d6950ce1bec9ad10ca8fa1956e4ba58843e62b9,781201fefd9bc1415cef1a018c859f16ab2836ed7a54312fccc5e8e09b847103,44ecfdfab4d0dc3cff8e699f2585c5d3a7f39319fd569630ad986280bcdd2fd4,0fca88a7988eaeb7d5b8532d4f142eb30f7e814cdb77930969c29ca2e15b3b08,0ad677c89b5a8004985c1a0d641bfa5716a291781e3a79837094ba4064fcef7e,94c394a394312c000769e81bc5d096fc00aaa3de3a40e30a6c5567f214daec3b,HMAC-SHA256-DEMO,AUDIT-2026-05-STEP3
732,fa23e5743190f2a435beba5a,2026-05-28T12:36:00Z,REQ-000732,72129b83faafabab27729edc,STATE_03_DIST_02_PS_02,17c8611dfefa058b391351b2,deny,DENY_STALE_CASE_ASSIGNMENT,P-2026-05-STEP2-ORACLE,c1a492422858592dde7ff81992dab042c5bb42a1160ae6a6c9f7c29f100c6def,e15bb1d2dd28f9f0729ffc59865cb2e80343b6edc72812737e191d77e5498891,a57cf996165756d7bd2de1ed09ca393cf9a27527384659e97d01df9929506776,d627b6203d3c62387e912dc63ed4171582424c85aa6be8a4ed4f66fc15c2d2d6,75ce3174b30f65e54e75134f34249b4a40494e89c960dd013d65336aa4cf70ad,0ad677c89b5a8004985c1a0d641bfa5716a291781e3a79837094ba4064fcef7e,29f50dc65c32339535f47427be9cb3c774f69a485989d08c36e44f3ae72b3535,b0a9882b2e8af62a1fb2b8ecaa3ad53bb2265e030ffc6b0b97e6c5ba09e114db,HMAC-SHA256-DEMO,AUDIT-2026-05-STEP3
733,a05e88d16c5ea5c038f5db35,2026-06-03T03:02:00Z,REQ-000733,b20f60775fe6a25591c31932,STATE_01_DIST_03_PS_02,ac818d040ffe1967848958a0,escalate,ESCALATE_PRIVACY_SENSITIVE_RECORD,P-2026-05-STEP2-ORACLE,0b67ef298c1b230d1463a4d56f625f30b8a90416dc237e8664e20334d919b332,b0d51ec007d8cc390226bf00cf09cb2292a4cfa5ab177625ef2dca0a751e7000,b31d588de1c6bca70347b2b16210727d4dbe304ebe5a9a0473ab4e32d0977efa,944c7b10e11ca11ef0ea101caf513d3abcd1134115cfbadf86f4b0cef54a8fbe,6095f844cd30c6dd026447f9dac62a580747eeb991f34051287323cf9cec99a0,29f50dc65c32339535f47427be9cb3c774f69a485989d08c36e44f3ae72b3535,0ffcb5d0a494fd1b5444b39bc6c39f18ce2fb6d397555ba7ada56c797be9a1e0,c987783e8b5386a522a0407af850aa89e8702f245f638ec319c8437f63e170a4,HMAC-SHA256-DEMO,AUDIT-2026-05-STEP3
734,52646d5b9860f5b9a6a78ea1,2026-06-02T02:48:00Z,REQ-000734,0f7c12f84c6ccd771a655279,STATE_01_DIST_02_PS_01,8e67f9c2d6007f18c8de9209,deny,DENY_SEALED_RECORD_WITHOUT_COURT_CONTEXT,P-2026-05-STEP2-ORACLE,d0b5fb81d6d1dbd92f801aa4b7c09772cc64958b116c2cdf6d7155310ab54778,1c2f05fcbf4237aed208aa237b37c73ff661115d8249cff54d518e6cf5d5dccc,921effec73214eb6e1a35a7c766d079f1db1b7ed1b28661ca6abf20c09dc56b3,5f196668a584200e7a80b2aea6ddd91bab572c768caa5885c54d17421d3af0cf,2e524aaa953e07731372496b39aa4d9013574ef279bcbab2581cf43851455174,0ffcb5d0a494fd1b5444b39bc6c39f18ce2fb6d397555ba7ada56c797be9a1e0,ab187f4a583a772ef9317b981464214eb2b50bee8825aa10334b49336d4e39ed,ba1a08e7fe2a38cc56a665e77427a99230fd2fb2029b3f3dc6a7e83d93413557,HMAC-SHA256-DEMO,AUDIT-2026-05-STEP3
735,166d990ef1a73a7b91cbdb1d,2026-05-31T02:00:00Z,REQ-000735,07e08d113775d9e409a3ca05,STATE_01_DIST_03_PS_03,cfbb7cb7295b99ad06465bc9,deny,DENY_INACTIVE_CREDENTIAL,P-2026-05-STEP2-ORACLE,8250a9ef5788f057914d2579569527c3b3cb060d7616073530b52865c7af6f5d,ce74b243142452f263ad6c1f895738b51be04b824d1106705907c54a0b720bdd,2f52a40c346d34e23a7b821d1c9cd56775831da9174a5d11858f6c2078075ade,1f28c248c80f5c865ddbb38e5e58515c025e6004c0a0d0c0168a723b60b5ce2b,8c2ea1f4026fb4dafe3b46e2dc5d573a86a89b67a8b1dd22f20d595bb036945e,ab187f4a583a772ef9317b981464214eb2b50bee8825aa10334b49336d4e39ed,1624f37365179f3e859efe69a36cde32f34bc6218164e6dfcfef43508d69b61c,fe66f26bae3797f265b19c6ea3ba433d922f6e8f24531dd87214ce3fd67e5adc,HMAC-SHA256-DEMO,AUDIT-2026-05-STEP3
736,b6a28e6657be7dcfb073d4dd,2026-06-04T04:16:00Z,REQ-000736,07e08d113775d9e409a3ca05,STATE_01_DIST_03_PS_03,e3756b6206a69f17c5ab1d23,deny,DENY_INACTIVE_CREDENTIAL,P-2026-05-STEP2-ORACLE,dc8eda2b407b34b9c7ac290760b1d954f544f598ab0c7c5df1edad0d8e1648eb,5c08cdbed4f446acf574fd19ba19362fe44d266812b8f6efc48d6093e0c838fa,e7b3d611665c414b888afc72ada6d46e71958850e88f8772ab5178d199e14b06,897cb0335702728ed95f3948c09f3457b80db58ed666e9f8ea18d360c276ef25,15c10a56b619e28f4ef6adff4292f717b21ab57a1ec58a909fae3fa91b210d26,1624f37365179f3e859efe69a36cde32f34bc6218164e6dfcfef43508d69b61c,f22df41922b4d0867089f55343836ea24825816950fec23cee0e955e1e4f550f,e5ca3c373b8851bafa3ffb155fdcf303718000e7b9e2ead575173e051e5baef6,HMAC-SHA256-DEMO,AUDIT-2026-05-STEP3
737,956d868e3e4343bfb720e43d,2026-06-02T15:41:00Z,REQ-000737,cd7bb6b37a4bf493a6fadfea,STATE_03_DIST_03_PS_01,7e2aedceb6118ffd11b5c74d,escalate,ESCALATE_SEALED_RECORD_REVIEW_REQUIRED,P-2026-05-STEP2-ORACLE,21f0e2e4320190120bee1e4ab99a9d5dd7cda575b183021eefb4effc8bc42004,ab1d5db3c928b856ff1c2fcf920219635bdb186c3a273de3179e851dd34a3fed,ccfb6b4069d21b95f374fef3c565557dc24fc0e3026c652b665e8f500e95c67a,a2ed5796b292ce6fe12784780386e1f5b3deee7778c5247c132bd99a86f98721,1c96b8048f070fb6d1c4bee33dee69e87ddf61b265d89be58bdf13f7bb866ff8,f22df41922b4d0867089f55343836ea24825816950fec23cee0e955e1e4f550f,a8b50cc4755d9f942888f9bca11961bedd92b02e6fd932e66d1029951ba7af00,9ec24f6cb3b10fbe514ae055ad60349c882c5e52e7cdd4314bc7a9e8a187191f,HMAC-SHA256-DEMO,AUDIT-2026-05-STEP3
738,fee05bc25ac4972c0b02a9e8,2026-05-29T01:12:00Z,REQ-000738,9f1a046129b76f0cd0f13803,STATE_01_DIST_04_PS_02,c3f180cb72fe055ae1475896,escalate,ESCALATE_EMERGENCY_REVIEW_REQUIRED,P-2026-05-STEP2-ORACLE,bca13da38584364280a13e416c4beed57b6d49e14765f615416de69fdb90fdc6,19a0bae56f0395212b70aa09e784bd1f58276e07d840df05c0800264319a473f,556f5d5d36554d91cd6eb6a71f90cd8905ecbffc64254728fbe4f1d3bc4f78b2,997cbc215494e31cc9a03b8405619566dbd1f01e2ac31997d2613e064e0caa6b,4773da0a1bdeb4e1c140d133a08fb4d2c1c5f1ba56dfda51f11a9329175a0d83,a8b50cc4755d9f942888f9bca11961bedd92b02e6fd932e66d1029951ba7af00,5dfc77d81ececbb49df0ec38268cf2e04279587b9525465229454d131162b3e0,25564d6f82105662d408a1c2e803a4d5863b883e16d82f63a4b804e871f76c77,HMAC-SHA256-DEMO,AUDIT-2026-05-STEP3
739,0258f97e51c83e96b7eef1b5,2026-06-03T16:45:00Z,REQ-000739,8d450ebb6d2a4135d240f974,STATE_03_DIST_03_PS_01,aa5d5e9574a1ce5800dc6459,deny,DENY_SENSITIVE_UPDATE_WITH_LOW_RANK,P-2026-05-STEP2-ORACLE,4e8389abb0d70a812f3b402f88677e6d90693d4dcda7b7f60b13a407694c3ff2,b73c1e43433b92e43e19d5145f4e41032c7d6d0747b9ca9c6ae5573452a29aed,72b0563ace2b7da92d4124cccb7a7b298ff228c1ad64b26af8d3cbf60cee614e,b6852088af191fc6dcefec24c520056c641a61032c5807f8cf2089413348a151,b84968ce6a9799c4950f02ca9e48fbd886577779b9938906ce0aece0d99f19f1,5dfc77d81ececbb49df0ec38268cf2e04279587b9525465229454d131162b3e0,709288ff376c6c9942206d743da97d403bdf2e4d30d035e0a024270bd8b61646,892fa40cd2d32b6c8103e8ed373c982a728c7e3309b29a93e0e5bdca2112afa6,HMAC-SHA256-DEMO,AUDIT-2026-05-STEP3
740,0be6f82c613c82ca06c4a434,2026-06-02T16:20:00Z,REQ-000740,4bb363d085866d6dbe19f005,STATE_01_DIST_03_PS_02,5a1033bd9e2acc6a1296cf3e,escalate,ESCALATE_PRIVACY_SENSITIVE_RECORD,P-2026-05-STEP2-ORACLE,e10197fffde5712cadc834aade7e058c9bd4f7434279abdf838b8a80c8f586d9,827fb31404761c98731043a0fddf3f21e2c7f15627a0d84b73241b7f557aa51d,0cb6a86189365a7739f5efbb0fa7ee0e8981fe66b6b743a251ad5402e254299c,419015d71bc2df48902967cfc4a318f6e29f5d7dfce64870ac59ff9cd0aaf8a4,74eb623cc3ed669e703a6ea64273fde97210a4cef0d1b281499e069a52e86129,709288ff376c6c9942206d743da97d403bdf2e4d30d035e0a024270bd8b61646,2e6ce1213254a32021896e7d1ad1dbe51ec013b54624ab88a4b02ca611675288,ec56128a1fa354da5b4f9aa0fbbb39adc7e3bb180b6aa27e1e30362c54914db1,HMAC-SHA256-DEMO,AUDIT-2026-05-STEP3
741,0a4c6b4547e23459556ad0d7,2026-05-31T02:48:00Z,REQ-000741,c078db1796c2d8c169b84669,STATE_01_DIST_04_PS_01,7d3d13caa3164dca6626bc9b,escalate,ESCALATE_PRIVACY_SENSITIVE_RECORD,P-2026-05-STEP2-ORACLE,5641b79e7cdf31625777c44c942c23e14e6259658c393df1d8660b7bc22dbd48,2dc9f5176de434574a09dd0cc4bc5757ab21be9061452a84cf6e90eb6dcac81b,2b04f731f586d04e4ac3147b7f7f4e1eb3be86e646dd54db6fed47090f52a9a4,f19443135f8365a4aecda54f92db3180fd898b0a036ad657fe4e6d0cea97d093,505066f0a7faa283300fbf619880b510af397e01334d0ac93521a5f4b661420c,2e6ce1213254a32021896e7d1ad1dbe51ec013b54624ab88a4b02ca611675288,ba1c1de8191708331d344d0d8fbd6ffb27589142117cb2633d0fb0f9375b8fe6,1ca7cdcf8f5f4aef0aac83bea2191a6b259b37e2101fb4ca35628e43096e5646,HMAC-SHA256-DEMO,AUDIT-2026-05-STEP3
742,0e30954430075b6a4b39f38c,2026-06-03T17:30:00Z,REQ-000742,8a7aea37c451a80fdc290e57,STATE_02_DIST_03_PS_01,6e7de166bc3795238e165ca0,deny,DENY_SEALED_RECORD_WITHOUT_COURT_CONTEXT,P-2026-05-STEP2-ORACLE,6c17622a94f1a0102d1924b04ab31a37ffb89b4d9eac452878b3deef67bdaf67,04460801b2e529aa3e5a69cd4ae014516cd3bb1497f798c5eb084efbc4fdfa95,a2644efec57ac1ac7a5908b8f525d85647132423a873a4136a3b9e024c531402,839d2a91d0dd487706f0369f425849d1c2efc34471c626931716d8e458db17f0,1008a23fa46e297a3783fed310bbd30bf488039cd5573633dc22b14861109633,ba1c1de8191708331d344d0d8fbd6ffb27589142117cb2633d0fb0f9375b8fe6,94ba5801e89e6273c3167f796dcdc0476214d9ce245c8548b5ff2940fed74830,7315289c24f335f0fa70ee5e90fb0e9a396487cf04ce479a2443d0bdcfcbe62c,HMAC-SHA256-DEMO,AUDIT-2026-05-STEP3
743,d19110c32b12cc268738ede5,2026-05-28T00:46:00Z,REQ-000743,6734000e8363d6ae298dddfd,STATE_03_DIST_03_PS_03,513c9be258a43ca7947c0ca7,deny,DENY_INACTIVE_CREDENTIAL,P-2026-05-STEP2-ORACLE,c8b81ebf8fb8ad5b1a370d2c15fe9874bf9a9a2cec0a8c213cc7854793d83b29,1d280f4f601d64988f1d4c91bbebfa3e7183f54d8ee5b74b721d86ee4efce573,edd5ba4c605f1d0906b3f0ff286e5bf91b189916e5e7959d5154626b6e32d9f7,d72da8c35f7d0609cbd0b0476c3a045fbf6dedd2f47418e21909cf162fc99e8e,05fb7b999612caff55938eb36fc1f01a9fc039f981222df019b74bedbf4e91ee,94ba5801e89e6273c3167f796dcdc0476214d9ce245c8548b5ff2940fed74830,1350d6f1f44058df57cfc0c8391292e660931e8bdb6da4a78fbbd994ec971c69,4bd265943cbfa97ecd856ce52753a29f937b905e012dcf0550350f2b6b07a399,HMAC-SHA256-DEMO,AUDIT-2026-05-STEP3
744,0d28eb9915f2f54f3e8b507a,2026-06-02T17:12:00Z,REQ-000744,871e4c8cc36e0fafb27ef560,STATE_01_DIST_01_PS_03,507553af0e7c5d05b119e50a,escalate,ESCALATE_EMERGENCY_REVIEW_REQUIRED,P-2026-05-STEP2-ORACLE,edd2b2bcdbb1a31d773d52485567118a4e91f2fb407110ca703be47e90214b12,147c29a71c74b6cea46af8b9971225ecba3e454a84742899dc3ba754b9bd1084,ade7b676f9cf9089ba36cd43660ab196221e49af676f86ddda070b29da967b4a,6c509a5fbcd81d308aeb4e5757ff8a1593f8b478b62b9dae97a09a480b246930,f7ae3377e544f9c169c539dd9cbabab75cf4ea56590411c142f02289bcce2d36,1350d6f1f44058df57cfc0c8391292e660931e8bdb6da4a78fbbd994ec971c69,5f3ef5322baec0c0edb795016aa96242b544f931eaf43864b21ce999c32e7a3a,48390af25c87bdad12dfd3da575212a3b64223a22e3df5cce90882323ad58edf,HMAC-SHA256-DEMO,AUDIT-2026-05-STEP3
745,6534e4295623fcbad770f7fa,2026-05-29T14:05:00Z,REQ-000745,59518bd254aa8c0d0b7a139c,STATE_02_DIST_02_PS_01,65c13ca172c0e8f26de94b13,escalate,ESCALATE_EMERGENCY_REVIEW_REQUIRED,P-2026-05-STEP2-ORACLE,8253ed82efb698f06cca40dc2cf604e631721c3b4eeaf7c942c2aa582e1bea5f,0a040ddae8f76a146b258c0508b23129e4faf3c02cfd2f6ac51c2dc5b7a1bc15,a4171fc3f2125d72efb05cf42e696751c85502debcdd19ba6d8e5833ff446aa5,becf99f37f9a3861e13a7f1fe2a3809ec0bf074be7e60c0289123d7cc5b033c1,b33411b4b28d66019ddf22e4bfc73d4137fb8d79c57425c264477b3905c1fc4c,5f3ef5322baec0c0edb795016aa96242b544f931eaf43864b21ce999c32e7a3a,fac41526e451da5de77be6fcfa22b2c88881011ff9e1950eb9c449be52aed4cb,da60f8a3c3c7f5fdaa55e192f8173bc44f10cf4e3b16511da100554b58ea4976,HMAC-SHA256-DEMO,AUDIT-2026-05-STEP3
746,198987a7db96eaf912dd2e7e,2026-06-02T17:38:00Z,REQ-000746,b91bac32e23ee5afdb826394,STATE_03_DIST_02_PS_03,f6d31e1673c73f753e7204d6,escalate,ESCALATE_PRIVACY_SENSITIVE_RECORD,P-2026-05-STEP2-ORACLE,3c44cd380ea1b228271a4af093597d5bd7ba194d792ba254f430390942b4875a,a67faffb895f71aebf7d19893e289e7f91a4deca1cb05ff9585a2751277fbda5,a6566ac5449e391ad3042b96878aafa5ebb1978c8e38166cf939cb6a4fdb4a8e,22b0e2ea1a61b3b3f7a8fec21568afcf25807f80aa52b249ed14553bfb5e1176,3f77a919052e9ce5d9aca3e72923963e6f366a1b0c5332ff697e91390e96e22f,fac41526e451da5de77be6fcfa22b2c88881011ff9e1950eb9c449be52aed4cb,506f963735b9a005ee352eb125c8502a2ab976b184a88cb9c7d408d4f91e1c2b,8b1557de1dd41af2ac68f047cbc6636f84b858009da1041bb273ed9a97d3b508,HMAC-SHA256-DEMO,AUDIT-2026-05-STEP3
747,1aeae7c5c8d33f0872207ffe,2026-05-28T00:54:00Z,REQ-000747,c5c5b540de8f1dde6964dc89,STATE_03_DIST_04_PS_01,b3d1d2f79d5a7ecb8b5f0667,escalate,ESCALATE_PRIVACY_SENSITIVE_RECORD,P-2026-05-STEP2-ORACLE,6ae545e72a7a6c510f8b9300638b8255b8f9750580af4411f55f7596496ef4ef,9ac66d3d0bddb38738713663531e72a5b7797b6f641aa4e5e96c755e1e30577d,1174a1f76b9cd0eb7559c7aa2760df3f6163c62f3c6e584f8990d713f44c34a6,2fbbc07ebbad8c51516b1ae7530bee89b22237c8e01bcf9037f50c5166739b3e,88729b5d975c7fdab5fa9ca81ae8b6ceec4824ec1fc5e32490cd69d2a60bbf98,506f963735b9a005ee352eb125c8502a2ab976b184a88cb9c7d408d4f91e1c2b,5403fc58370683761875824ac64ecdad430a34d8bb729784eb4f1810344243fa,39bf84441e7a74bd83aca2e4b860710bb643fedca233d4f04aa48bb8593e894d,HMAC-SHA256-DEMO,AUDIT-2026-05-STEP3
748,5490ee1eb13ef13e0ad783d4,2026-05-29T14:20:00Z,REQ-000748,8fe1499c5ed9142abbac6485,STATE_01_DIST_02_PS_03,ae4bdf804add837567ab69ba,deny,DENY_SEALED_RECORD_WITHOUT_COURT_CONTEXT,P-2026-05-STEP2-ORACLE,c6309e61173bad8ec1abf681637909ecae1b83c6d162abffbc847e21c53e6212,1f66cfdbf3a846a3470c4aadc5dde2b8230810615a71be64d02a65a2a5511361,89fa3d90731a30237614e064bf21f8c79f5814d03c43877bed20fa18d61ae8d3,3588726e7693dc13e09f8a167cd9a8a9ddf642c22648318f4f1107e5b620bfec,12cbad6800f85c4bf5645c65e19f6da93c2791194d41a5f6f1ba3edccf6674cf,5403fc58370683761875824ac64ecdad430a34d8bb729784eb4f1810344243fa,2fed9de4a09e30fd718ca48d5bf5a6822b491db817b56b5007f01d171b2606df,bf45b88b62379eeb80ed86eda0f22a5fdf8b60be6e206c600d265cd8ace66e5c,HMAC-SHA256-DEMO,AUDIT-2026-05-STEP3
749,12bba2dd18dfe9b67a7c2b02,2026-05-30T15:23:00Z,REQ-000749,5250e04b75f9aa481b9f2c6e,STATE_01_DIST_04_PS_01,70fff4617104a1f3b3122c7c,escalate,ESCALATE_PRIVACY_SENSITIVE_RECORD,P-2026-05-STEP2-ORACLE,76bab213b6b49fc4786b6ebb4ab7b940200ef2f4049a7bfece1cdadc9bee4ea9,21ae2642dc1261f3daf411f2c710a3f89300106bd96e736fe278f53dd71326f8,7244ef2efd94ed287e9111fb8fd638827b682b68e3bd691c665437aeb6c2afcc,ae1331001086ffe6066b980194e193c819ac0366f865872128485e73508d07d3,d89a430f0be7f71c10b413025482b25532442d316af9f2e4c15d85112ea5e5d1,2fed9de4a09e30fd718ca48d5bf5a6822b491db817b56b5007f01d171b2606df,fd9bcac04d2f7e2d78564206cef07b356356b72fad2ed613be622f963c043d4f,1f3b80a2da7e2592b1ba270e83152928e7100478626e2fbd5ec437a4986707b8,HMAC-SHA256-DEMO,AUDIT-2026-05-STEP3
750,b33cc325df34042520ca9354,2026-05-29T02:00:00Z,REQ-000750,318fd1a9b080d018ffb85691,STATE_03_DIST_04_PS_01,768842f55be1e7466a34dc2d,deny,DENY_STALE_CASE_ASSIGNMENT,P-2026-05-STEP2-ORACLE,745ac4d2723106e2e233f3f69c8dbbdd198f4e0de3185f98c22eee7ae82b86f6,f0506dbe6aa750459728ba722eec12a4b56e635ffbcfc4623d7bbf84957dc746,46c127831e137ca1dab9da3bb21eeb0b62749f19c5ad2d1eaa472df9cf242a77,2e92694ec370d5dc7b4ce7f47a6bff2fcd8915963c01eafed614dd614d6cc785,8021e234f49d4ffaa2c505eb024b7203bc59de13fdcc9b3517acf47cd509564d,fd9bcac04d2f7e2d78564206cef07b356356b72fad2ed613be622f963c043d4f,59b5854fab0476bb2a067febf1cef4d036e75d26becdf37b441be18dd0e41b49,ad2f8ed05012af4542b033fa0678d48f568fbf8063c14dd5fd595b757c84730f,HMAC-SHA256-DEMO,AUDIT-2026-05-STEP3
751,7522265578d4698fe9c82282,2026-05-28T01:02:00Z,REQ-000751,02df4864bc93f0037e94de95,STATE_02_DIST_04_PS_02,6db7c5075e1c51bf79a23ffe,escalate,ESCALATE_PRIVACY_SENSITIVE_RECORD,P-2026-05-STEP2-ORACLE,be8f576d1ef6b7ba1debee2686d9cafee9b4fdf3e6626308aa2785f482e57623,63dc693a72d304ab886124bd52f595b62dd99a13f0524660b18fc572012f7f2a,bac2edebc5fa41d12d4b259edadb4b14f66d3a3ca40569eb5bd761aa9c8d4250,5ab0fad18ed35f37b7f66ab010b95301c23aef1db64497a853478b5ba24f4204,0f262f3e42ec541d6827412303840314a09b01f5b65bfd61e07686426ce10ab3,59b5854fab0476bb2a067febf1cef4d036e75d26becdf37b441be18dd0e41b49,936fba297c9ba08f9959ff164a2218cef37a4b5c8207412ae1d87cdca54da97c,faa5b65a03ff3e11e5ea7389d31183274be8224fb7dc9e45c495e89fde95fe87,HMAC-SHA256-DEMO,AUDIT-2026-05-STEP3
752,ad9211186c853659dc14e01b,2026-06-02T06:24:00Z,REQ-000752,43619f9291295cde078ede73,STATE_01_DIST_03_PS_01,b011cf5ae48f4ee0fa784772,allow,ALLOW_ROUTINE_CONTEXTUAL_ACCESS,P-2026-05-STEP2-ORACLE,f796e961e99aa268a3641125fcb6c4454b3da38cedc0c2a87c895bda75b03160,2d5d17ee5a8576f4b9fea8ffa14b0de44908c2cc6e081890fa9b41a6f2a6e101,e8c4fbc62432dfddc55d40242e79f4ccd540c7e48782bb481df4b576392cc5eb,cae58b746f07bacb706cd070942d00e5ba444fbabc61a7335345ecebbf58f876,ac3841894239b35ef9de53cf27d17851cf219e898a63a3c090f489da27eb755c,936fba297c9ba08f9959ff164a2218cef37a4b5c8207412ae1d87cdca54da97c,bef1c5155297eef916ea0c133ba4810b57579367f22b833d1fd9af829bf7d80e,032e2cc146dfb44aeded3bc6b6e66e536f458d332eabea78b42b0940153891fb,HMAC-SHA256-DEMO,AUDIT-2026-05-STEP3
753,b88cc6ac4e254785e1acba9f,2026-06-02T19:09:00Z,REQ-000753,6aacb3c44032122c078cc506,STATE_01_DIST_01_PS_03,9a67ff28795c9b0a3b72e121,escalate,ESCALATE_PRIVACY_SENSITIVE_RECORD,P-2026-05-STEP2-ORACLE,bfeb6441fd3ca8f6438e8977d114dc50a688418db38c0a83219c7bb704ee0948,bfb58fa2039ab1d07b49500d3349091671d0b9e1d1b6673e2eafbd397ccc7aa7,902011cf7b2dca25b6b5115e550c598893a81ee118751b3c7c5b6123588ce0ba,bea53b0de0a040b4c571af9bdc76e86948839949ffc3158f5ad5565a84e43960,3b3489f149f30d76c50a0c82d0784025b644a608ccfded3720d6da259586eaa5,bef1c5155297eef916ea0c133ba4810b57579367f22b833d1fd9af829bf7d80e,b2e1beea967bbaa707d1e6a99e0c989ed54e97bb53227f4a038d5a135e2fcb71,3188fb94e29c58c51652a89ac775164b183aec0a94f3b0fb9b4c0f09b454e81d,HMAC-SHA256-DEMO,AUDIT-2026-05-STEP3
754,55baf67d1df4a6627381d908,2026-05-30T03:24:00Z,REQ-000754,006fa23a737e20e3625debb8,STATE_02_DIST_01_PS_02,195140358f5d31dec354aa4b,deny,DENY_SEALED_RECORD_WITHOUT_COURT_CONTEXT,P-2026-05-STEP2-ORACLE,3358523850947ac18e21ccce6a576dece57f3a093a34fd0ad294139f9f721e48,68306a05b6bbde07b35027a5833d9f775fcf8cb9e38eab1104e720762d65e705,39c7cd695c19d330d4a3b73161caa3c25072e0c1d40410f2f14ad7c8a31a1bb3,4a6922527d6f50dfb39c9ea3814f1eba62b1c0976625a276ede88f133a117128,c25b1ac82861d2a6116f8484620be55af7afd9363feb0417f33a71371edcb44d,b2e1beea967bbaa707d1e6a99e0c989ed54e97bb53227f4a038d5a135e2fcb71,bd376959faf20d18455a28b4e4d438d0ee1addcd69dcadafad11201afbbe357c,d7f44569c14fabcfbca39d02d35a92d399a176d69d00a2a57f49a299603bd404,HMAC-SHA256-DEMO,AUDIT-2026-05-STEP3
755,e5851eed50bff5b92176423f,2026-06-04T21:55:00Z,REQ-000755,910fbfbd952d337d55470015,STATE_03_DIST_02_PS_02,11ae01e13be999a8c96206da,deny,DENY_INACTIVE_CREDENTIAL,P-2026-05-STEP2-ORACLE,a478014fd235d73c7fd845777913f9e27790c919f85b1b869d59aa13ae4380ce,4ea0baa9f83ab61db7333890d51e2eaf03dec87e5d582bcc0c632426a02e9be9,ee7cfccc6713e21fca1c2fa2a6a3a42015a8507337cdc07ac70ea159d84e5b92,0984c18a4c572bc8884f1d6a258c31698fa2040ddf998ac0160ab5ca649dad13,2fa0207b38d4dd00ded0b8d7acf7d1f20f45b3a1d7caee0c4bcdcf096a054bfe,bd376959faf20d18455a28b4e4d438d0ee1addcd69dcadafad11201afbbe357c,f43a8f174e724e2aa4b877150dc7f9822a17b4b9c50dcfb5dcdfd598f860fb5d,8ac88c4960cdaddde35fc75c9f54b6c94105400d7213586a71d371558d05bbf6,HMAC-SHA256-DEMO,AUDIT-2026-05-STEP3
756,2366054ce040a7e1301caa0e,2026-06-01T06:00:00Z,REQ-000756,16a2d504d34232bf9551d690,STATE_01_DIST_03_PS_01,865e1a4e9bd8f6f99acdf7fe,deny,DENY_APPROVAL_ACTION_WITHOUT_SUPERVISOR_RANK,P-2026-05-STEP2-ORACLE,e34fa59fa8b99df825401f6199209279e37dbee5c8024fe3c4ab0709d23144b6,f6069862a1ac6d2614a23f717f9a92cdff62ab7475b8ff0cf5c4501a5b35872d,e1f8b41a7f4e080d04d12710c35a9ff4530a1c622d8bc63b7b81eab8196455c5,8db5ae934ea479851ddc3d7815d682350edd3d08c84ba62e5375bb35220fcab7,646519082ee24938947f6b613cc9ea77e34e00b4702ea696d4b54f3dfa58ad3a,f43a8f174e724e2aa4b877150dc7f9822a17b4b9c50dcfb5dcdfd598f860fb5d,893efd7ac22f89f319cc7b6933d96f0a438093f6f6e2a42fda51ed2e12d79165,5c8fc1c11f124496eab9d98001a683b66b5d6e65db8236e7dd2f36323d783ec8,HMAC-SHA256-DEMO,AUDIT-2026-05-STEP3
757,0b08de1cfb169162c3a104ac,2026-05-30T16:19:00Z,REQ-000757,5250e04b75f9aa481b9f2c6e,STATE_01_DIST_04_PS_01,b2fe1d7e7f491d2222d662d6,escalate,ESCALATE_PRIVACY_SENSITIVE_RECORD,P-2026-05-STEP2-ORACLE,db92efab0538589d8ad98d763144a12ee93be0c4e205efccdb6feacbf2654551,839e275ca0f31417fe78bee2fb52e3a9fb2d71341a6c8809ff01c600a72a20ad,c5f48e0a89291eb7dd2aa8317a7f2c59c557dc31111a48ac16c43c71370f3830,c1356a5550186575316f34844a5b13cbe14dba51b20a99fece6dcd07e580de00,1784eaba08d1d6597a48921226a4abbec777e20d83f4e503171bd74a0f7fad53,893efd7ac22f89f319cc7b6933d96f0a438093f6f6e2a42fda51ed2e12d79165,c0c7c557b1c278e5beb56ee18113801c82e4023523e999f4a046ca17e5f4da5c,d0c5242a07648e833d6316c31669a7046627d30a8af199dd62ad49748aaa744f,HMAC-SHA256-DEMO,AUDIT-2026-05-STEP3
758,8747f521af4baadba49572f9,2026-05-29T15:10:00Z,REQ-000758,46ac5b5381ef953a345ce319,STATE_01_DIST_03_PS_01,0a4ebe96de8201efc315bad5,escalate,ESCALATE_CROSS_JURISDICTION_SENSITIVE_RECORD,P-2026-05-STEP2-ORACLE,39e3fd23752100e974ec52596e105d6520236e41ea1890e6e309e6c0ffef5fcb,65e07a1562f04f74b03571a7cf07ab7b667f6bd97217eae366485c2e98803310,9bf89568a1ac5816fd7b5012a42930cf1bf034a47ce5ca9c5d824a0cc35cd6ce,53691ee4435d4d47ac79b88068ccef2a9735fba27a39176afb28e09c3b39b18f,1b79fd4ab35d48c21d9554bf82bebc4e3c6dcae9d7e8f29679c62185fcf06b3a,c0c7c557b1c278e5beb56ee18113801c82e4023523e999f4a046ca17e5f4da5c,aa160e09482465dade8b5bd01fd19979a9a0055fcc71f9b0dc92fc7aa0531962,7e7f43d8b7a486ad052266b835a969686c46c8e90eaf21b9d3c89eac686a8e49,HMAC-SHA256-DEMO,AUDIT-2026-05-STEP3
759,a436ddbf33b3ff3bbe8ce368,2026-06-02T07:48:00Z,REQ-000759,e35d3d5ab37a57023a757cf4,STATE_03_DIST_04_PS_02,90c44e5b5f4485801e5b8a18,escalate,ESCALATE_CROSS_JURISDICTION_SENSITIVE_RECORD,P-2026-05-STEP2-ORACLE,9c9ef96ec5cdbcc33fe9c9aa7d2c3e7f727b1463e5356de483426ec82c4e9eb2,4293022028e95c43a26864fba75b683924e9e9c4594190381b4c1d67c8d75818,19defe44474d56a37400cde7918e595c2b26df1101faf7836409fe5cca1fa93a,325f84de95636576908a811f61117cd3612f09bd9332243c0c1fc0393e33d132,cd03ee498563cf31e5f164f54bc8f65d81b4de76989cf452767addcb8d8d7f0e,aa160e09482465dade8b5bd01fd19979a9a0055fcc71f9b0dc92fc7aa0531962,51fd26786cd9c9c1fdc8edc823a41bc6dc9248e638b5cf8fd999a40dc23852c4,30bcb1274b9bf1cdee8a1b49f12d720c7377dc34f4ffaa325d2a53f4ebf5318f,HMAC-SHA256-DEMO,AUDIT-2026-05-STEP3
760,2ba34407a11c88cc29899dd7,2026-06-01T19:20:00Z,REQ-000760,3cc947c5caadabb45a541b46,STATE_03_DIST_03_PS_02,bbe429bf8ae90c1182e92d2e,escalate,ESCALATE_PRIVACY_SENSITIVE_RECORD,P-2026-05-STEP2-ORACLE,966d894afe709a32e12af511d4ea2b47e62e771fe9889d962c8bd2b83b23eb68,482096e3fcc36d844e204ec54a4c75ba046e521ea05a6c85baeae3a5a31fb99a,06f0ab9f397d3d3ed0a1b84dae51da363ebbffbfbc97ccd70e3a5affd09f7f52,b211c3189f2f903f0ad6ffca4478e7c41f67efcb00588d35e5d0c60896bcb89d,c7a68c3956c9179ad08edfb6831d15c4b530ac1a42c815ec2af308bc1225a4ad,51fd26786cd9c9c1fdc8edc823a41bc6dc9248e638b5cf8fd999a40dc23852c4,e32c8bb9043ac9c4704ea0e43da12dd43558cae45eeaa9a346f705ad2d85a156,98d323f37ad5ebe62ef2ce67f34332320673447940b086dfa8dd449443feca12,HMAC-SHA256-DEMO,AUDIT-2026-05-STEP3
761,381f249477d79966e1bad55c,2026-06-03T22:15:00Z,REQ-000761,eb2cec3f8312decabe6f3925,STATE_01_DIST_04_PS_01,7c302dc01cfc5b0cb0defb8f,escalate,ESCALATE_CROSS_JURISDICTION_SENSITIVE_RECORD,P-2026-05-STEP2-ORACLE,ece0cd026b6e2149754409257d95ad0fcfd8e68a40b96978f9a926ce0279a1b4,c806412266d17ff1fadd16446338c3fbeaa8acfbc0e50d2692ba71d5b8f83fcd,3d84d0fa42ca80fc215e1b84e0a9d50b0488b60d0b6c917c01ef7fcdbef29149,738da9d80c3355919e47833e5de45da1545291d5da74e168368f28ec8a3e19c0,006e384626334b735f54717f6ce2fe15085d44880b3492b8a88c38d3990749db,e32c8bb9043ac9c4704ea0e43da12dd43558cae45eeaa9a346f705ad2d85a156,359ad4170744c389bfdb3291838b50c4da30a2fd1f62364af2d5422edc2e23c1,b755939b30b0f967c6e07eb07e95d33a18f1a4c951eb61a6b1af8e73006b43c1,HMAC-SHA256-DEMO,AUDIT-2026-05-STEP3
762,3bff9076a3396327c0a91302,2026-06-04T11:12:00Z,REQ-000762,5d49251d25024e2ef906fcfa,STATE_03_DIST_04_PS_01,0c1424411003da95fbf32b97,escalate,ESCALATE_PRIVACY_SENSITIVE_RECORD,P-2026-05-STEP2-ORACLE,b72482a81881d489039d6b1497478c78de25e85509bdaca6d3d66c0455d2933c,ba2e6cc4d5e82c8ea239c04872b60b792e39604eff93e19485a83be91512d155,f94b5f7ffea923dfbc74efe205ff98b23e78cdf5c2b36aa7796676195b89e29a,3e7a7868d7e526581f2154929e24c9a2731948afda83cd5634917f078f5c540b,2e82f41c86e08458941c93a37bb6f769dfb2c616cddf5ff8b4c5554b7eaaddac,359ad4170744c389bfdb3291838b50c4da30a2fd1f62364af2d5422edc2e23c1,694001262db5b009dcc150772d3ca882c48ed966c5f8ee295b3174f2bc60967c,2219b6e8c662ec67ace9d2bd5ba1c364fac7da0155a9d2a9c874c501bf8532ef,HMAC-SHA256-DEMO,AUDIT-2026-05-STEP3
763,bcd7f776d2246588de90f096,2026-05-30T17:01:00Z,REQ-000763,59518bd254aa8c0d0b7a139c,STATE_02_DIST_02_PS_01,85d4f1d703df76e03a0cb3a3,deny,DENY_SENSITIVE_UPDATE_WITH_LOW_RANK,P-2026-05-STEP2-ORACLE,20f2d8755798411eaf2c50015059d483358cc722a77e3aa443720a987e6716e9,5d260206ed050f070411eb65b0e1f5e062a9042529cdcf7ce609e09f80bb6b08,7aeabf87397e644bc12b410a8fc3480ff643a86347e4cc4b7e2bfb19d1f6846f,84f6a6a612f0ecff7a478ce76884abdb2817e10bbe1acd07e2accf6664c88a59,5ee05e106f51063b620d7cd2d43893498f3278a6c8807f6f1b37d470f7dba2e9,694001262db5b009dcc150772d3ca882c48ed966c5f8ee295b3174f2bc60967c,6d85c5b3cab99bc686d4bdc183cd6528bb8b7d5fc9d511f9d4fd5dd16f327567,ded934158391ad9416941eefcb62eae1fd0ccf4e4567203c0d99cbe25859ea31,HMAC-SHA256-DEMO,AUDIT-2026-05-STEP3
764,e494595026a37246e0a9c786,2026-06-04T11:44:00Z,REQ-000764,5250e04b75f9aa481b9f2c6e,STATE_01_DIST_04_PS_01,b2fe1d7e7f491d2222d662d6,escalate,ESCALATE_PRIVACY_SENSITIVE_RECORD,P-2026-05-STEP2-ORACLE,34812e2074281709f4a9962a8f854d8532aacd58627f66fd97b7b33eceebe1eb,2ebf8fb3ec25b6583e62f98b7a0db2518770b42c2523a856ace1cd7b4a24650a,667fe8c310448e7232f48aa8f79ea7834295cec7d6b39bcd5dad451da8e0eaef,49d4d1df0294dc94312af791c1783a5c9aae097778509dd65379a0f825d237b9,f1ac3abb10c826720209ddaddaee65f441893d4a0ff20cbafb6c862040c4f853,6d85c5b3cab99bc686d4bdc183cd6528bb8b7d5fc9d511f9d4fd5dd16f327567,43805c09102cde971a5af56aae54849d71c8f5d22bdead4ae8d89fa004ce6617,9334d6778d4577a88f4540672874e65dc0306fba90741db4e81482480d92a990,HMAC-SHA256-DEMO,AUDIT-2026-05-STEP3
765,11f6c33ae8e33560e29ab47f,2026-06-04T12:00:00Z,REQ-000765,3344e545d464730d22df7101,STATE_03_DIST_02_PS_02,02618a5e4015e753681bdcd2,escalate,ESCALATE_CROSS_JURISDICTION_SENSITIVE_RECORD,P-2026-05-STEP2-ORACLE,d5ee9646773db1dcd6caba678583145b58d4a1fbfdc59af538944ee45290f275,1f3e90597b6a6f7dd6f06bb30753b8eb494e7732040535757a0d7012316cfdc0,817a4e148b2319c41df6a2040471ab098577fe7b191cf593d80897d5aedf5330,ef47d2358777cc0d77d601a04d5397a158afabe88b337e98a8b5ddbc31cf634a,1803816d99f014ea9a75c16bbb550989cf341d446b93c366e311db735630b6ca,43805c09102cde971a5af56aae54849d71c8f5d22bdead4ae8d89fa004ce6617,7e75ce2e31d9e250553fb338493a0afb18a7e2fbfc9767f2ca102305aa574f97,cd0f330b5ba8e292ccced184aa3356573225cd7096649e02cdd1bb60c6ffa0d1,HMAC-SHA256-DEMO,AUDIT-2026-05-STEP3
766,18f148e11523a1203edb63fa,2026-06-03T10:44:00Z,REQ-000766,05c87980613cb5db42b892f9,STATE_03_DIST_02_PS_03,514216f8601919c64b5e89c6,deny,DENY_INACTIVE_CREDENTIAL,P-2026-05-STEP2-ORACLE,dab54400fa176332c30d9d91f9132e21bcb7f01ccdb5e53aab7a3a8e71827c91,4d4e9940ccbf087d88ad3f9fb1011c169d3afcc58a01218ed02a6f4a89e84ecd,97d4afb51f5fe3a0969e83d4ccd0d58e879841915e2557e52b1103fafbf7237e,0cac67d53b21686d063c9d208e73759dae7324a3d7423bacbc13d34a907f861f,415290133fe2169219487652e2632f5005b583de3002c893ac5da4f604cdf9c5,7e75ce2e31d9e250553fb338493a0afb18a7e2fbfc9767f2ca102305aa574f97,7334f37f8b2445108f9387c565be5fb0d88ca4b7d624cee700e200cc7e0abdc5,0517f2168b515f6a31f8149761a521a0b5a1df7636d7e8242271ec8d7a1f6ab7,HMAC-SHA256-DEMO,AUDIT-2026-05-STEP3
767,26d2aad31fa731d2aa4a32e0,2026-05-30T04:42:00Z,REQ-000767,16a2d504d34232bf9551d690,STATE_01_DIST_03_PS_01,7ab966a49d5dae7d5e0635ee,deny,DENY_EXPIRED_APPROVAL_TOKEN,P-2026-05-STEP2-ORACLE,0bbefbcecc249a0dc49ea6fe2dd3dd3b0b1f3beb68de42e3ddcaa00243d2928d,1312513e89d0458e1ae475dd69a5a1f30af3e7a9c056cd75081aae5178493d29,78418e51e33fdb1a8317876e793ec76d202f6ade10d7d82d3f0faa321be901a7,f8e43e579135a7fce669d8f2b0a251ae28653ddddaca70606f897d5d407d4b3b,1610fc70d3e43958dacf3d157de11af15a5d6f346cc45d8302b3030feaec550f,7334f37f8b2445108f9387c565be5fb0d88ca4b7d624cee700e200cc7e0abdc5,c583819ffb8d8245c7908e1d8959b458ab3b8fff2e26a2d7dd17c4865b717582,b5a1652246c9e2165f7de54eb33db0e67b5d4252ed3f7f5fbf96d5768424fd12,HMAC-SHA256-DEMO,AUDIT-2026-05-STEP3
768,f305084320b27e4b9f35c651,2026-06-02T22:24:00Z,REQ-000768,a7db164c4af844793a01db35,STATE_03_DIST_03_PS_03,21cd1407a639ec217457fb46,escalate,ESCALATE_CROSS_JURISDICTION_SENSITIVE_RECORD,P-2026-05-STEP2-ORACLE,fd4015b612b237cd94c8a9ade18466cf50b629c60ea14995327dbdab645c542f,7c2a10b66e823125cb3d75bf4a29f46b490ee5c70ef89477598b9b07c19ee67b,642817754c24e2c3ec9c8ddd51e11148803a4859e51014efa8211a970635f632,40a38a357da590114f653f403e849741df7fe29209e77c1b4defb651f737c79b,5256dd1c946a706cd59b90fd7f222b9560e0f8c637184ed98f3ec4e36f4f5572,c583819ffb8d8245c7908e1d8959b458ab3b8fff2e26a2d7dd17c4865b717582,cd5367e35b2e6ba24c4ec359ec7ac302375f34e27c465294eac875a629b2ad76,f9461284e93d61c8f94950f0c49cc6ee8b37006232cebf7b53a5cda2a9142842,HMAC-SHA256-DEMO,AUDIT-2026-05-STEP3
769,822a8baec648dc0af184c8cd,2026-05-30T17:43:00Z,REQ-000769,9764196f496c1b6c2299d105,STATE_02_DIST_04_PS_02,e3e5b4041ee0b486122ef35b,allow,ALLOW_ROUTINE_CONTEXTUAL_ACCESS,P-2026-05-STEP2-ORACLE,39b4dac2be8c8cc33a64a8719cda5106ea3f5b2d08340e777eb65f37544aed4d,3d7a7d7b7af621aebc05962a38a0e555dcc41223f7ce26dd0af2a342a07e7674,07a63050d26eb8bf6b9c2379d4cce3dff234ff3f1984d3f9e241c8bd8203f278,da66692b81940d52863daf26aaa348c7196a7f0c4f36653fad15e87da83fe42d,16c5092e97c84d90f4673e029caa26258835627fec3be2d5619c61e175d0bdd2,cd5367e35b2e6ba24c4ec359ec7ac302375f34e27c465294eac875a629b2ad76,2e3e125902d429f69f29f395301a2634f6a85adf16c7c37ecbbaa39e7e530430,6f7187ec9fcf90a6cf20d9705fba573358da3d63c9471a4df23178f9a03b0efe,HMAC-SHA256-DEMO,AUDIT-2026-05-STEP3
770,b849312b30324bf33992d1a3,2026-06-01T08:20:00Z,REQ-000770,a1e23926bdb89d718dc0ff23,STATE_03_DIST_04_PS_02,0ac94723ae44317300f73044,allow,ALLOW_ROUTINE_CONTEXTUAL_ACCESS,P-2026-05-STEP2-ORACLE,7ace1fd1147e43c8eeb2c50fa4ba6b5df17281f9b536463dfa3e10af8ae99765,bdbe0f726014be30e08dcdd39558dc4095c8c22e0b8cf2ec272221cf0cdd28a3,63dacd16526e5e784dfe23bfa1ae39b9c9b8e2303e5b49293b349c74c6283311,c6569b42d16f1e74b7db24de7c1d368b7e54e4de5bb7ccb3aa533fd42f76b1a6,dd56d921b07612a06f1133fd160db4f5fa77fee048eb89f973bd5d44b2f32bc9,2e3e125902d429f69f29f395301a2634f6a85adf16c7c37ecbbaa39e7e530430,63ee21da89216929cf83f05239ac575730ff48d210d0675aaee78c6bcea82c1d,8abed5234c4c3d7d6cc216b0586412e82c82545524da8d2c80d7cc38e7351a6c,HMAC-SHA256-DEMO,AUDIT-2026-05-STEP3
771,a0becb3898819f9a4ad01b8b,2026-05-28T14:33:00Z,REQ-000771,59295c95c257a05519b6f91d,STATE_01_DIST_01_PS_02,9cfb441fcd2d957d0a3af473,escalate,ESCALATE_PRIVACY_SENSITIVE_RECORD,P-2026-05-STEP2-ORACLE,3287ba4b6d9063ed27077f7047770450c73ac638a683e146783e9b43177c0a49,97b46d64aaedceda355be5ee24245c28b258a7132f40d733356e61f15975988a,effcd109512bd474faf703622a9ed643e1d021683bec44058b61cecbb2d62d0b,6485d3911132ba10840f761ba937be78b693196e335a489b39b9d14d4d863197,4b0563f613a9212b770b1439038e96ab681ce92312b9c233568e68dcf1f0095b,63ee21da89216929cf83f05239ac575730ff48d210d0675aaee78c6bcea82c1d,814483084fadb4ac30b53c54d655fe882a515d6f22117a9bb83c29b5288ee118,fc5f4722d795066ab05fbff45e9ca87596bcb84cb074cd01d2e39d024f86b12c,HMAC-SHA256-DEMO,AUDIT-2026-05-STEP3
772,1f26fa84e0c4d46086116e05,2026-06-01T08:40:00Z,REQ-000772,2be0332c4385b770ea00150b,STATE_02_DIST_01_PS_02,f50530a1b108328f60a8a8f1,escalate,ESCALATE_CONTEXTUAL_REVIEW_REQUIRED,P-2026-05-STEP2-ORACLE,e9f18e6e3ec3a9541bf05a4d18092a0c118fb40bb985e3c15f7e645239e1fc60,21c7ad18a268bde3876b52466cb225b8665e410dac5ead2fbdbf7a5a50e43829,58e76aff0372242ad6c278d2438a83d688ebfc8ae4b44c1c3c5be58041df5483,23e7c96283170d34b503b3a44e915c62a475b49711e431d77bc01961232d29c9,8c6b046c55496acc06beb1e0c194f5b9997632c0b6ad1e63602d0d7824839b42,814483084fadb4ac30b53c54d655fe882a515d6f22117a9bb83c29b5288ee118,dc2d749a387ba241ce15e568cc079dec04214ff5be39ec4b30e395b28ab1250b,ee517c0a2fb1a13528022d4cc5d89cc4272ba32c602684e130b7e266e5943fd6,HMAC-SHA256-DEMO,AUDIT-2026-05-STEP3
773,caf730fb21860b596055acc7,2026-05-29T03:32:00Z,REQ-000773,e432fb8e9e7dd060765bcd20,STATE_03_DIST_04_PS_02,2399da61746dbb64cdf2860e,deny,DENY_STALE_CASE_ASSIGNMENT,P-2026-05-STEP2-ORACLE,55d8bb26e174dc6cb685aa4017010b461943105c28921c47d5c48cfe3b606326,fde4a07053abbd871748129c1b32137c7a651e28243130c46ab575c7c9ac1836,897c273056eb9c55fb3c6a3fc484331a87940cb8dd65553a1c2209036b99bda7,18d53caf086b07590da153c2c2dac4c30ad0478881a3d89725bd27f0217d4f56,c79ce7bf577b0cb71937d3a7715dc7a44fd3be08a6f95fea26feb640da2fd3da,dc2d749a387ba241ce15e568cc079dec04214ff5be39ec4b30e395b28ab1250b,8a9b11c0deacf6b0e9561fb1edeec636c871c0f2b78ecc665b584a5c8006e895,f2d5f9ccbd698c4c06f8646bf7a0dec8a92497de4af2093820cd1a1d8e83bc2a,HMAC-SHA256-DEMO,AUDIT-2026-05-STEP3
774,f1fa47585273c5cd60f6d49b,2026-05-30T18:18:00Z,REQ-000774,769c0f71f92a8b49e252746c,STATE_03_DIST_01_PS_01,b4258e3f240db05e85d23c50,escalate,ESCALATE_EMERGENCY_REVIEW_REQUIRED,P-2026-05-STEP2-ORACLE,7df808201db626f6d41ffecf5fe38723ac97275708f44d95e78b4c97abca4917,47a61bfe7da3606b3b745efada25fae6ca3b98936a72f38fc730a21e94299afa,94a005f09cb76112c74daad095634b7aa5a95c600ffbd02b4bbcf8b389c3553e,f8fc4dfc407deca96693273f10fe12c1f857c618c10eb353352e8c1f17034540,2a0aa4ff81b46bde80acc1c135b06ee678e35845b7cbf4987f06d309f190f0ea,8a9b11c0deacf6b0e9561fb1edeec636c871c0f2b78ecc665b584a5c8006e895,0964d0e9d08acd426c7e9790a26c4f7a1aa1e5fa95511718961a204774e3810a,45e88e265df093509a411dc765da7aae4f17843ece5e5015672f50c8ec54ca56,HMAC-SHA256-DEMO,AUDIT-2026-05-STEP3
775,7a09c12a6d07dadceb439e3e,2026-06-03T12:50:00Z,REQ-000775,f30bb583158115d6451ff1ba,STATE_02_DIST_03_PS_01,fdb7034b483c7023be0c105f,escalate,ESCALATE_PRIVACY_SENSITIVE_RECORD,P-2026-05-STEP2-ORACLE,61b9bd78724c8868b550763c8c88111ca843aa23fadaf97427c87caf01ef6ca5,44664154ed6852dc913ef2af1261e39e9c1c620be360720fa0fffe3f54e85fa0,32eeed753206b5c4e36384e5b414501147011e7066a1e5a10e48ccf1df38551d,6b83b8f3c9db4a4ebf4d85d0cc1b08cac7a6929c102c02e4615af9a096eaf7db,9c677d594c8d72acf1708abdf7492f4cfc2f6f118fb830be9af1978d1cc4627a,0964d0e9d08acd426c7e9790a26c4f7a1aa1e5fa95511718961a204774e3810a,f086de64b2a6b4ee772905d4b99e1c04f05870008fddcba5fef0733798c96699,bda2c1cb454ea21d62da70f36ce61621d01f836c5e9e96415ef9548f88f4ede3,HMAC-SHA256-DEMO,AUDIT-2026-05-STEP3
776,9dd59b2c5d407c170287bfa3,2026-06-05T03:52:00Z,REQ-000776,46b29e30bec752302a2d886e,STATE_02_DIST_02_PS_03,f1308389961d2199aaa8898b,escalate,ESCALATE_SEALED_RECORD_REVIEW_REQUIRED,P-2026-05-STEP2-ORACLE,dfdfbeb6d443bc0a69d7800739b0c46d074a6bf706f32d3ce4e08b647ca0677a,a6d09313f0d747d2ff214fceff7b69625aab65dcdbe5f8e72ed2c0ca2eb885f4,43ac0bc27911211ce3b2130f4c0d9fc7a6d2987cd6487679964706ef8e154926,14044a99b76f104ac3e8a46f49920d51b3d1379e2fbbf78e20f5bc52475b972f,4d57a8184cb52cd8c331a7040266d8d19e64a3f129c5de6d9711ce806fb5c20a,f086de64b2a6b4ee772905d4b99e1c04f05870008fddcba5fef0733798c96699,99aa3bfe025f4618333a65f337df97e0a94679f29aa5262f620d49c9b64b7d04,535e98a4f1bb586877c11247f47a6245a62e0125cedec73b27c65ef013ccb587,HMAC-SHA256-DEMO,AUDIT-2026-05-STEP3
777,14785d68d2621c473b4e5374,2026-06-02T11:24:00Z,REQ-000777,e35d3d5ab37a57023a757cf4,STATE_03_DIST_04_PS_02,10ab373cd6bb33aba4e71b3e,escalate,ESCALATE_CROSS_JURISDICTION_SENSITIVE_RECORD,P-2026-05-STEP2-ORACLE,bab5fab791fed7ca0ea4f94d9356de10021ee97a9605f7d71382c9175d095b23,1cadad9b9300a6052edec1af6e71a15002fd59d0bf83d05d78aa989f028d97d7,f27303bbeb168abe0cc31fc17afb346f1c6af9ab1d2a810c064ac73c640592d0,e2240eeba0fdd39b80c78d3588b4cfc186f5e5e3d2a38e14a58cea2195d2bc9d,4f36c87f9919467aa955d47b333bfe765145d13457d9b6b6bec4060a554052b2,99aa3bfe025f4618333a65f337df97e0a94679f29aa5262f620d49c9b64b7d04,d498b90528ab87f77fba624b2c13f8ae72a70afe34efbe3820926fe5435012d0,88787d1e8d9ce0fccfc4265089058929a0fc97c2770bab041ee190107e5acd86,HMAC-SHA256-DEMO,AUDIT-2026-05-STEP3
778,a79d6a443de2d84417d8a9c1,2026-06-03T00:34:00Z,REQ-000778,858f20314a8c64995d905a33,STATE_01_DIST_03_PS_02,270332f1bdb06706b321b054,escalate,ESCALATE_EMERGENCY_REVIEW_REQUIRED,P-2026-05-STEP2-ORACLE,f8ffd5fa5b06aee51c52d402d739c0e5fab5686ad8be548f6f99b561756b4e7e,5e45822cad96f5d1a82aacf1d234b1ebd14086387d8d3a8cb243ae0dbb626251,787828bac28424fd3b02bff20860a5b5199062b6e5a1a0ed43ced6a4ef365e6a,510359273c7cb43cce8c79fed0989e3edaba6b720fb707a56adf90c34a1e2700,31b7e11d4b43598f8835d49a3f6091199cc6ea12e56e94ccc76e47d08b0be8c3,d498b90528ab87f77fba624b2c13f8ae72a70afe34efbe3820926fe5435012d0,9611b82cbb980f2477b345cd7ddab6e7ebc2f8bd0697af3d9b710b0ce7c2c299,a1a5b7b4dab4de258bfb4a9492ade0147cc089a64b39de64c22359f91836931c,HMAC-SHA256-DEMO,AUDIT-2026-05-STEP3
779,e5046a373e19a0bb3dc785fe,2026-05-30T18:53:00Z,REQ-000779,6aacb3c44032122c078cc506,STATE_01_DIST_01_PS_03,cc807e9870eb2999a5aa2981,escalate,ESCALATE_PRIVACY_SENSITIVE_RECORD,P-2026-05-STEP2-ORACLE,dff890fa1a9e85b945b5e2a4d05b161ad0acb98fb207b39e9f667974b506fa4b,8f9a2947fda047a89975be8958965a21551997432b1fb1459e05632638c221f5,e5292ab542bf5bc6d96880e49a550ee77d6ca274d714bb7e3cca78db3f2a5a6a,68f038217e1aa4a763c7ec4968931de9211bbd2d8ae20b35e1143d2e01566450,e4c4c977a2b5780874a4870d58c41ff0fffc5385aa6565f391ac1551936cb4b5,9611b82cbb980f2477b345cd7ddab6e7ebc2f8bd0697af3d9b710b0ce7c2c299,dc4cd60d581129cc2aa5c6f30fd945852249661160793d62398bff3caa15475c,5dd5cf157be0fa105735a95831b32acb2f045b21b3ed03df88fd88efa7226c50,HMAC-SHA256-DEMO,AUDIT-2026-05-STEP3
780,403b499b57ae0afddc2083ea,2026-06-03T01:00:00Z,REQ-000780,cd7bb6b37a4bf493a6fadfea,STATE_03_DIST_03_PS_01,a7b62695b85e36e1524ccb5b,escalate,ESCALATE_SEALED_RECORD_REVIEW_REQUIRED,P-2026-05-STEP2-ORACLE,de387f988cf09f8ef8ac7eb3766190cda58cc657e0c8541a0b5ce7d1a5c3fa86,e9fed6e451551260aa1a3af53dfb258939a558c14b6aac4dc191cc75338e85bf,6e930dbbc23ce7fd7edc8590ba3ccd27f7c0b187befa4a02d55f67386c8e7dad,806c86af5a4f7e4882322890a9d649bcf227ea3393f651fdc5bffeb78f763aa0,8f66eca0a476ae36385484ae089550f656f87d2466f97485c17aefd5311219a8,dc4cd60d581129cc2aa5c6f30fd945852249661160793d62398bff3caa15475c,fd1ab95e98106c96d0f468b4118fdf5b8a33b42c2ca0139c375e94cb503f4cd7,07036ee2962c2798a48cd0ea1f9388389959e4a184184a1d0442e40a66541057,HMAC-SHA256-DEMO,AUDIT-2026-05-STEP3
781,ed58c38ac4a9099b577ed406,2026-05-31T08:08:00Z,REQ-000781,da8724df1e30e5c801778777,STATE_03_DIST_04_PS_03,121319e5c742c9826335312f,deny,DENY_SEALED_RECORD_WITHOUT_COURT_CONTEXT,P-2026-05-STEP2-ORACLE,2ac88208b909705481aeee08b3fddb8286c9fa1da8a86e7ec6ebd2171d36bbd9,1dcb5da212e116f9c933bc4bb4021672a15edec08acd19f024f4c0496be92722,3f9f98423374d750e2ae87f07b91c602619b867dbec50bd48af7245cb6357b06,df71d69e38fb8532e316b71fd669970caa306d8c383a410bea0313b5f2360f9c,ff466478a5c20f5010b1ec87662a932cf4c9f711f480d19c606c6eab8148722d,fd1ab95e98106c96d0f468b4118fdf5b8a33b42c2ca0139c375e94cb503f4cd7,d7732a1ff970fd2cdfb8c72397c8a52d0afe11f97dce93c1b8331bbbcdb99811,c7be364f95c0750770e89612f29fb4efd994977ff245b3ba57ae14eb2f115157,HMAC-SHA256-DEMO,AUDIT-2026-05-STEP3
782,f84345ed717dbc4151898f67,2026-05-30T19:14:00Z,REQ-000782,a1e23926bdb89d718dc0ff23,STATE_03_DIST_04_PS_02,fc530ff7f7f640ebd76d5d3f,escalate,ESCALATE_PRIVACY_SENSITIVE_RECORD,P-2026-05-STEP2-ORACLE,16ab55b0d6924b6389f627f74dfdd073a9100b43115112276e485ae0c60d8340,87a005139829b4c0286107fb741732dab74150e5b10eb3d54a7a72a7c022654d,f6d56fa8cbff1e2b434194d2d50d49fabfca3751e47a2f32a393aba814719406,0dfdf8f224463e028a08a52df8469ed75c96950b9c2d76350046d7df6e72b488,d90ad14bc9c3dfe2079779aaafbc18e2cd4151fa3ca33908cd44d28009d23fa3,d7732a1ff970fd2cdfb8c72397c8a52d0afe11f97dce93c1b8331bbbcdb99811,096e5d4e9e1bb69f51413037e3f5ca26661117efc6341f91bdbebb1be5bd5b09,3b6312940a163e1c20f6724271c4342152da86091f2b3a604fd72a3b4538c6b5,HMAC-SHA256-DEMO,AUDIT-2026-05-STEP3
783,0f3c8d5b5362bfd9633ae442,2026-06-03T01:39:00Z,REQ-000783,cd7bb6b37a4bf493a6fadfea,STATE_03_DIST_03_PS_01,bbd8fd810d854f4bbb3a984d,deny,DENY_EXPIRED_APPROVAL_TOKEN,P-2026-05-STEP2-ORACLE,0ed68d10bea6e45b65184077fd08f05a0eb79ec7e0303f28564caa626dbd66b1,2ac1488a450d372f1b8030cfec18dcef6ce52ba21aeac82888f49eac03984a89,e350b5ecd6a8c73aa5666bce2f677848f67126c9dc152ddda1b66d442c8d0eaf,3d0e26ef162eab72c214677bdd17affe5b883b803724d5739398b4f3ee0e6c75,c9fd4295b1ae251c8ee2eb8af5deb22236151d85b60cd4a779fa49bbf9fea8e8,096e5d4e9e1bb69f51413037e3f5ca26661117efc6341f91bdbebb1be5bd5b09,0a758f84f71650542ab48190d9e483e4ff1b0b8c37880f8a63e633f6f410d015,f8de37781e8f24733066e8a3778c85c7308f72636f20bb8e8a2e8678cb7ef2d5,HMAC-SHA256-DEMO,AUDIT-2026-05-STEP3
784,7813b66317e719cfc91e7bbc,2026-06-01T10:40:00Z,REQ-000784,2e90133c615ae26c343ba035,STATE_03_DIST_01_PS_02,4a81b7a88a623e390137c284,allow,ALLOW_ROUTINE_CONTEXTUAL_ACCESS,P-2026-05-STEP2-ORACLE,751d83a14ead4d60f35417cf4d22ea2b20d180d59d9b5b03d36af1787083bbd9,41ffe8f9145288997aa708fb00af84a1e31e4c284c040dd91584b78fca7eb370,f092f049bc7ced0f520358bba7a05a6e705d2a1476c35bf9a14c9bf883b7c15d,3a7c675002026e4bfc27906707fc72ea02d8ccdfdb3f82badc477ed0e4d45ce1,3182e7601ad31191f37c28525baf595a6a5e50ea84767644f15315904868f889,0a758f84f71650542ab48190d9e483e4ff1b0b8c37880f8a63e633f6f410d015,b97503be470af47c5286d91546d25931858dc9055ce36d0df6c5fb016026eded,fc2233198f391b7d5c30febe81761ae3338d128cb90c01a7d80ae6ad82e1449d,HMAC-SHA256-DEMO,AUDIT-2026-05-STEP3
785,261d507f759804c8eae07b8e,2026-05-31T21:45:00Z,REQ-000785,b4afcf069d55876dc928c9fe,STATE_03_DIST_01_PS_01,41f7269b735abf118e1ceb74,escalate,ESCALATE_CROSS_JURISDICTION_SENSITIVE_RECORD,P-2026-05-STEP2-ORACLE,d3b1b34e0baea99ee6402252833ed7f05dd236768154f3954a52279c008ace0e,ed4cd25b7b39e236b7555a955a60c9fe2fb532e9b5638d77dce3c24cba4f3917,5f3a6d0fa8cc2b6c5a720e0ee2e2817d4ae44443139b64649b6726dd3449c8b4,9d8947e36f52a387e4ccf5e8d3868729d8e30a6192d9f5418cdaf857bfd7df77,9442d3fcadbe299486d700fbf28240b5d6b4743a8b6db3c2124b566a153465f9,b97503be470af47c5286d91546d25931858dc9055ce36d0df6c5fb016026eded,fee46e4c46d3e009b2528a0eef86d4ba1d55d916f7b1054e01ae0491c10720cc,4a5e2f93f25b875eea574b61400051da7f071aabf041e3d795ae4748ba458de2,HMAC-SHA256-DEMO,AUDIT-2026-05-STEP3
786,ad0ffc859140444c97c9fa69,2026-05-31T08:48:00Z,REQ-000786,90740f6d12084e4c579f3454,STATE_02_DIST_02_PS_02,52069d243f6adcab391e83cc,escalate,ESCALATE_PRIVACY_SENSITIVE_RECORD,P-2026-05-STEP2-ORACLE,8397a19495fe547039fe5d59e6d563b7ab995a2c3192231db02206bdacbf47af,fd34aa6b193312fc61d253a3e9416df19c70da05a0f5b0c586a5882da11a1c19,593f5ddeca92c68aec89e6a2a4b24c111e212f62526896a535c4dd4af1cea78d,3eb44a4a22dd9b88e1dca3a14f90303b08f49b0c9788a5bcc988e7d68b126909,c662d74870462b538d272e4c5485529b72c40a4fbac1f3733bee19b25a038a1d,fee46e4c46d3e009b2528a0eef86d4ba1d55d916f7b1054e01ae0491c10720cc,9b335f40aaceda1f8403411f682591890dc814e39e8cd93fcbecab5606da5bac,ea763c9e6b04e9e124a4674846f94866e1babd02f475b31d03739e175026a67e,HMAC-SHA256-DEMO,AUDIT-2026-05-STEP3
787,dd88a02704b67b5a976c4404,2026-06-04T17:52:00Z,REQ-000787,b1ddf55c2af537d97ad1287a,STATE_03_DIST_04_PS_03,27937d1ca81b65088a41774e,escalate,ESCALATE_PRIVACY_SENSITIVE_RECORD,P-2026-05-STEP2-ORACLE,efce0ae715a2712727458d797748284010249e3398cce907c8831e4758477cd5,3b22125ef5a7d630909e8a09eb95c710b52da052b3d6807ba603a504003b75e9,bf5122d2cb8e36f85ca376cfedfa180f52c202e19e9df16a2548efb38f003518,89161d385e230c7fc54e542bbf751a7824707e8e2580ab7cb284cc3f020c3b93,eb6fe5288eb33be5d926edc1afc5058d8600bf50e99d775e251409028800b85b,9b335f40aaceda1f8403411f682591890dc814e39e8cd93fcbecab5606da5bac,b949e71e357efab1cc266482125cbd444755fdd443e110e8fdc02d39a8ee1d81,a3c719f6441dc41a240f1eee1067274e3d47e83e211d81360d38cccc52866f48,HMAC-SHA256-DEMO,AUDIT-2026-05-STEP3
788,3824a849ee412f0aae0b5031,2026-06-05T07:16:00Z,REQ-000788,f59f4c244c14d1c05b3b5fef,STATE_03_DIST_04_PS_01,aa4f11dd4800719359ec7aa1,escalate,ESCALATE_PRIVACY_SENSITIVE_RECORD,P-2026-05-STEP2-ORACLE,93b31e9ef846019368b6881c1fadd45f364dab8e7ea745841c53c6d41e30303c,aed787ddb4c76b23d4864fb1caae476baee64b803c5fa1f27a94ab7e1a8bf5ca,c8ee72008783d46b0c9fea11f819f6cbf419f29b5f7ae397ce3b0653d511317f,212ba16d900647e545766b4a3470779f00ae756d180968a5e695479933028115,63202b80ab74bb7a4f8c4d2561034b20f5101903fed8292cc527db35e3e76932,b949e71e357efab1cc266482125cbd444755fdd443e110e8fdc02d39a8ee1d81,960901f6ffa2a2db29edf72d57e7f2afce5948e2fede952872630e063b560891,7cb90e0bda2dfa620f5bb6675723a25abc81e447439d8d8dc45389dc4d202fda,HMAC-SHA256-DEMO,AUDIT-2026-05-STEP3
789,93439c6fb44986b915111f67,2026-05-30T06:54:00Z,REQ-000789,3dd77930332ffbb4fb60fb78,STATE_02_DIST_03_PS_01,dbc9514c0caf7dba5d34549f,escalate,ESCALATE_CROSS_JURISDICTION_SENSITIVE_RECORD,P-2026-05-STEP2-ORACLE,0ea9ea4cbbc16253df5749ee4db6618c72beeaf8c8ecaa9b67df587ef00427af,eefbea24d6e3b6249bb2bb54cfb579c475b40371a46b13adbe70b805fea8b8e9,af5559e4860d93d84cea012740b2f1c3de3c21bb1be784dd9a935f352c2ad0b4,b212fae7f570f90276ff5d1f9d869d0c12962103c11899054c195510878d7b84,e43e5e4a73405a464dc151d17f39f1be449706fbb9f95ab865f62a60e8c14a0a,960901f6ffa2a2db29edf72d57e7f2afce5948e2fede952872630e063b560891,beac3b61175db28d9d7fd9977a9d3de9f7249d94babe4a850f57c5e30afda4b7,029e15747c3c1b8da4988606b8c5202f31f4dd3d64b218f4e9c684885ad47a59,HMAC-SHA256-DEMO,AUDIT-2026-05-STEP3
790,daee92c90c4c0285d813e22c,2026-06-03T16:20:00Z,REQ-000790,3d55943653d0579351b1bb1c,STATE_03_DIST_03_PS_02,72235a5e8373d10e7468cb53,escalate,ESCALATE_CROSS_JURISDICTION_SENSITIVE_RECORD,P-2026-05-STEP2-ORACLE,a60806b41752ae3191370c41f95bc3d25996d8ef3acaa1b0de6423f8131c1bbe,a2546dd290882ef0e9470d7db9a70c1cfb7d5e31fba6b3953955b76ff7bc30e6,e6857df2beafe256fc45e867878cca458d452f1803e7c263054d626778161e6f,88e5492ab573a9131dfbb279d3f643a31674cc5fed8d5f6b631027a6215f4168,84e7384d08387b4c549e1c1608cb52c68f5f795880acce43c885e248b7505ed7,beac3b61175db28d9d7fd9977a9d3de9f7249d94babe4a850f57c5e30afda4b7,b842e97d467b7f781fb0b0036e5a81a2f6f44d97362a16a2366cf38ac911ce05,734a80e527f2e519d14b7d5643ef16c20e3092e3bd7923f00f75885847e24c49,HMAC-SHA256-DEMO,AUDIT-2026-05-STEP3
791,bd6266eb5f310f79a6cd2b7f,2026-05-30T07:06:00Z,REQ-000791,9f1a046129b76f0cd0f13803,STATE_01_DIST_04_PS_02,715cb0d4c70f21586aa29ac0,escalate,ESCALATE_EMERGENCY_REVIEW_REQUIRED,P-2026-05-STEP2-ORACLE,fd0b28982366359b3a9ca6147ea308e5e8ef28a268b5caae585ab0274077373b,1b71ee1c9e8825eb319c62cfc9725aeff14bb492399e7145a0913ed200e9de0f,0007e42c8bfc0be1609cfcc807b110a6af3d526d4d36fe1f985447a0d9c6b617,deb4e3d772c7fc5279a83398e1e580c2b2d4ad1f6ea3e30fed040c43e83c4ef8,dfd441f37bfc8d73b9b17f4d30c803af73f9e770b415e3ee085f6b7aa718f541,b842e97d467b7f781fb0b0036e5a81a2f6f44d97362a16a2366cf38ac911ce05,e40e729e9c96ecbf10cbca9524b42b69abe062a44821640895e9db16ea650bc3,468cc26ab64524717a2f2b5b64164a3e0d7c6ddb4d540fe3439f51b870803586,HMAC-SHA256-DEMO,AUDIT-2026-05-STEP3
792,8ef59c9fde3f49396c2b19b5,2026-06-04T06:00:00Z,REQ-000792,426f43bdc9c73b5f3d8480a4,STATE_01_DIST_01_PS_02,3cb075189a11cbfaeb6ef8ac,deny,DENY_SEALED_RECORD_WITHOUT_COURT_CONTEXT,P-2026-05-STEP2-ORACLE,7615688e5840a6e00d6f310a6538a2ad25ca7495758197b13b99e316482b5d53,f46019e90bfdf96d8a45aa0e5a4daeda27fa538afff6491c60ae2dd22e402355,b033dc8182c50916d49c58fa5e0aa5e288e9933add9f5e8f9d103b59b69d7b02,82563d71a81d66b8f38d7d35ba87d291cb4d1230a7fa47151cfc4231bdf16f62,511225bed50a846764fa5d2d931b81ae4005d68825556a4eda0ebe8aa8e0b3af,e40e729e9c96ecbf10cbca9524b42b69abe062a44821640895e9db16ea650bc3,76cd836939ee60a96d6c51d33a6c58078ca8215251519da1d741301f91f137a6,dd8a8adb71097c0ef7084379885c49bfcc21c739c20d3dc68ebe22c407c798bc,HMAC-SHA256-DEMO,AUDIT-2026-05-STEP3
793,7b0e2d284771cb4c18bb38a7,2026-06-01T12:10:00Z,REQ-000793,6b0d84a1d858aa1335aacb1b,STATE_03_DIST_02_PS_03,7e1af28dadbf5d983261b8b0,deny,DENY_SEALED_RECORD_WITHOUT_COURT_CONTEXT,P-2026-05-STEP2-ORACLE,3d7f7b94ea531dc5e8d383ca6c19a3955c0f333310f03f9f242ac86a204276dc,e0ff4338594b1679f648a37e6a7e9326bb22c16fdc72dfc3ed17fd3f0bd3f973,e1c95d4449b2209065ee0b1bc31dd538e2b953a19e90aa366ca91cb5ff119b27,8964e9a59c550a0e3912464fbece0927f3213abded3f6842d8a9d62f47203930,bbeb1940c1214b804078686bb15fb4d9c29360b94f6df3ddfebabedf5ad8c1b0,76cd836939ee60a96d6c51d33a6c58078ca8215251519da1d741301f91f137a6,a19374bc5be42ccdd08862f47f62f6e7dab259cf8a9cf8ea96639986559cff8f,1dc8a16fd4da78a181a9dc20f54a1519ad38a95c84bfcefcac8479f5eefa1051,HMAC-SHA256-DEMO,AUDIT-2026-05-STEP3
794,e6d9be6de181a0e35f908a37,2026-05-29T18:10:00Z,REQ-000794,3a0f3bfd087110a0cbe914c5,STATE_03_DIST_02_PS_01,873c7de1d90814943680a90d,deny,DENY_APPROVAL_ACTION_WITHOUT_SUPERVISOR_RANK,P-2026-05-STEP2-ORACLE,298aa657bdc0df0ecc2291768bb551fab8ed5a81bbb66b6747ab8aac67fccbc7,d4416633830529bc1fa05de1d53a6473573653e9ea399d1cc3b550f1e14d618c,8ca69d9bef5fbb13915ba9482f72f25e9599ea651b2d376528c4c3e553eb128a,aa346bb19e9aecafee033f212db043e209fad0bff6fee31f4fba06a4604acf9d,d5cbc3d50a805e9e800547a2dcf5029a831bb0bd2625f75fff3a12c55ecedf3f,a19374bc5be42ccdd08862f47f62f6e7dab259cf8a9cf8ea96639986559cff8f,edb5dfca5c249e7d719e5d831abb18dfe700d0befd4dbe304d8bd44aa5867a46,bdd4f51e0a899e7e147708486f806757f61784c65c922d370238e5a85f6b6fad,HMAC-SHA256-DEMO,AUDIT-2026-05-STEP3
795,5ec291e40046bf6e5f486422,2026-05-28T15:45:00Z,REQ-000795,47e9daa6a9eddbbbae1d0bd7,STATE_01_DIST_02_PS_03,f7694506fadb227c01b96b55,deny,DENY_APPROVAL_ACTION_WITHOUT_SUPERVISOR_RANK,P-2026-05-STEP2-ORACLE,3c1be2763684ecab0dee753e91f1e1207c278a873ffd3694a10d9513ff1b71a6,9e718fac9c014089fdc11c2701a86bc993f3b55a96d79b82b6e28a49297a7510,b69c1fa9603b317b571d15c18b0b0081b35ef98f1eadc1c2bcb05e81f73a292f,4f127b001a08d539dc7279d54e621ba47748b47bd3251507071b88efbbf0ac84,164ac6d5ba17f40788165e110b6fba8aefe4a2423bdec5afee5922d789bafd9f,edb5dfca5c249e7d719e5d831abb18dfe700d0befd4dbe304d8bd44aa5867a46,7c264c4f1213c8220fa3b4a8b439586999a328b08ece0a36005db9e86861d3fa,47f75b02c08b0d8996e0aa5b4164e34e2c0fd20178ab721339f38b4c246c3636,HMAC-SHA256-DEMO,AUDIT-2026-05-STEP3
796,8778070e4ce3b6810a292a3d,2026-05-29T18:20:00Z,REQ-000796,90740f6d12084e4c579f3454,STATE_02_DIST_02_PS_02,52069d243f6adcab391e83cc,escalate,ESCALATE_PRIVACY_SENSITIVE_RECORD,P-2026-05-STEP2-ORACLE,513bda78a4dacf358893eef32a8a0eb98c9a27b34337e620ee77282b7806f0b5,eda98a25b13284f8294f943ca0eeaa86242fcc463e1f8251343dc10cf9a25972,a0af0dfaabacfe32429632b094788b9eb7c1d051259c4b022136c8daafffca0a,dfa8a3f5d908791b04e5442ba796994c5b482db936abd66fc83072e46f1c3ed5,3555822a0cae55c44d5ffd12a4c3622d30eacde844d6d509fdbbfbcb304a94d4,7c264c4f1213c8220fa3b4a8b439586999a328b08ece0a36005db9e86861d3fa,bf6c84f4a33085ec0d98a59a3e57b8d1fa8a486c697fa326ecaee038894f87e0,c715b8c36eef21d3e87ce43b2e817bf3ee2623e99f4445a495634dc5243530a5,HMAC-SHA256-DEMO,AUDIT-2026-05-STEP3
797,c8c797e6791b5ec8146a1fdb,2026-05-30T20:59:00Z,REQ-000797,1dfcf9ccdf6fab5303a9e921,STATE_02_DIST_01_PS_02,f1308389961d2199aaa8898b,deny,DENY_SEALED_RECORD_WITHOUT_COURT_CONTEXT,P-2026-05-STEP2-ORACLE,37a515fcf490bf200bfc69e15fc4459b6b316638230137ee9cbab954fe854eef,f9a5a1f747242f6e0a9a49db76b0a3a5f286e3a77e3f868c2341e9cee4c625ef,771f7b21cb18af8c7d36becbee44753c523926a78f25f3d60e43606d7cfde32f,bd03d306e289be9413decccfd18d62ed1ec653b88c52ebe86aab3a601843f4e2,3e52bd194d5f172fafb7768afc409efd056a1ef341e52535c1a64c5f1a342e2b,bf6c84f4a33085ec0d98a59a3e57b8d1fa8a486c697fa326ecaee038894f87e0,1505fb569c896fa14574a7854419143085566f419ef08bd8f2168822d5a6dc97,53af6fa5ebe70e39ece125ee0e681f1510144228042fa1cc07b752bee799602c,HMAC-SHA256-DEMO,AUDIT-2026-05-STEP3
798,c565cb7b4850269d33cff110,2026-06-05T10:06:00Z,REQ-000798,769c0f71f92a8b49e252746c,STATE_03_DIST_01_PS_01,4451c095fe2e4d1a159e9e35,escalate,ESCALATE_EMERGENCY_REVIEW_REQUIRED,P-2026-05-STEP2-ORACLE,aa426c0e128dc43c5891ca624c2c3b6f764c5b1bd5aa34e3050647adb94fd6d9,7bd6a519720b0caf1250ae3c7b2dfd40e164061b7b7a441a114860fe7b10a963,4de65a0cdd915fa9355a0084ee309bf3c86ed4ab4ad73b398da81fd71825dacf,42d8535eff1b821e4d0bb8d8c0f540ac9a8e133d02573696972303d78ca1228b,4414eb5d2a9dbb74e175e7bd209af6940209b2c89d6bd0b1ad4e5a96b261a7b4,1505fb569c896fa14574a7854419143085566f419ef08bd8f2168822d5a6dc97,9e8124dd85ed2a044b867f84759ae8fe4e7d9969e2181221e740853924dd77b0,66b50bbdadfe9e72043e34ac8cc7f99c4c46c911c8050525db365df78ba04813,HMAC-SHA256-DEMO,AUDIT-2026-05-STEP3
799,59b8c98c90df44a8d1c3f1da,2026-06-04T07:45:00Z,REQ-000799,7e3146ebb6c4e9a4f7f4cfaa,STATE_01_DIST_03_PS_03,04b9c295d5e6537d26e8bfc9,escalate,ESCALATE_PRIVACY_SENSITIVE_RECORD,P-2026-05-STEP2-ORACLE,dbdd0f80e6d1417088821ac2bbb9cd51b58215a4eb7eebb00c9ae4e86b83fcc5,6155bed44412ef657d343369c825e709073c9791bc93f9920033593c69e14f54,88c539bd63ccd26468bbfc0251d06ad747cc7c02198a8aa066693986820721c6,1843209b3fd87d3dab41001aa30efaa478127417aec798b4ae72bacb67bf53dd,f522187bdf507ff314120e816ded3bf5466bc29206b03dbda36c804966c441bc,9e8124dd85ed2a044b867f84759ae8fe4e7d9969e2181221e740853924dd77b0,03c1c1d2eb89593ba5e670bc21bd7898fd8bfb909f4e87ceb366c3720ebea9e6,eb19cf5652aca1fccae8250a74cf03e7feb6ec7cb8e395e15d25a3a778bf8a9c,HMAC-SHA256-DEMO,AUDIT-2026-05-STEP3
800,7e0495a9f025343dfe2c3544,2026-05-31T10:40:00Z,REQ-000800,893580185d14634211eb9a59,STATE_01_DIST_02_PS_03,25579b73e0cca8193764a119,escalate,ESCALATE_PRIVACY_SENSITIVE_RECORD,P-2026-05-STEP2-ORACLE,09a0e14272607cd17f12d86b9e0d51aee0bdf90032f83f9c60aa4bdf708019f1,7ed4627e9d91d713620329ddca3b32c8cb4c9244762bbc8eae1f621a8569c951,d3b9e317b2d2e5815fe47458f97e6f66893f88dfe34e48596572b7b05fbae133,37556a4fb8397cf775b26af756766044b61fbf93f369836bfc5a531ecdcb2b52,db32de7d5cc61d8c95c7c7c301892cdc3bdbb3f0ddc3b3cf2fc4e686ecc06e07,03c1c1d2eb89593ba5e670bc21bd7898fd8bfb909f4e87ceb366c3720ebea9e6,fea9ff52553a71bc0ee6fbccbdde05e13bcb3233d3d837b7a725c784a2226b32,84ee05be1a863f8fe15cc29e986c8fe6e1a12afc5493044fae5af783d9478ea4,HMAC-SHA256-DEMO,AUDIT-2026-05-STEP3
801,e3cf8f7cbbc877e202990da5,2026-05-30T08:06:00Z,REQ-000801,f8755a48fce2988e7e892881,STATE_01_DIST_01_PS_01,51b0d84c84cb0038b769a6fd,escalate,ESCALATE_PRIVACY_SENSITIVE_RECORD,P-2026-05-STEP2-ORACLE,aa4e41714b85a73413b2f1534dabd1ebf5c750b785cb53f5e020c3a50ca934b9,bf2ea6e0b4626381e1baf0b52d76ddc6decf6ca088ec6cd6492136332bcbf1ed,78c80b9ebd5448969a06b65d684bf558532deb390f544da5c0bb606e2d2945d6,406255be3b5b56fa9cca7b3b3c168fa4ec95f6b639320f3b3d729b4a3ef5dba5,2a73a255afdab7be5672b1261e50705623a94429f45f04519207f6a7bf15d514,fea9ff52553a71bc0ee6fbccbdde05e13bcb3233d3d837b7a725c784a2226b32,aa0de91e2883c04cf00ebdb6fd69f36f29f2fdbacf654c0788aba4a155c4886a,e8a7e696da64a174ad1868dc5aa2be2311cd95ce7d0dc11d992094ef81339b88,HMAC-SHA256-DEMO,AUDIT-2026-05-STEP3
802,47569fdfa937fc48a6624cb3,2026-05-29T05:28:00Z,REQ-000802,43619f9291295cde078ede73,STATE_01_DIST_03_PS_01,3ccd34687090d2923fc32e3b,allow,ALLOW_ROUTINE_CONTEXTUAL_ACCESS,P-2026-05-STEP2-ORACLE,5535432effc073fe40f89e404aebaca805095495ffb0b0f846e0fc8ab0cf6e02,23168c01649f7bcf0d65aaaea183406537a374a8bd454eb567c43c7a2427f9f6,fb398d69474cec2d15fbfab071ef127b7b924535c6c2a30be29725ab56e5549c,8a87df9a7b6f5a6c1f24ae01f3d0a875f2d53f3a3ac640add1f96d218c197127,f67432c9aef1733075e6b7b897f1a5e019521284d0e364c2471f890505caf5f3,aa0de91e2883c04cf00ebdb6fd69f36f29f2fdbacf654c0788aba4a155c4886a,a3a7e897de8db2864e412d1aa03309d4d992fe83dd09aa99809d8d84d58d4ede,8cf1ad4ad90e0b74ac0314b12aa78223dce511dd0c44d979ef42d6ed77c1d58a,HMAC-SHA256-DEMO,AUDIT-2026-05-STEP3
803,f2c3f852417ff35d87872236,2026-06-04T22:08:00Z,REQ-000803,21f9b37fcb4f7d2db6857d62,STATE_03_DIST_02_PS_03,3c448fe6bc8192a79adae014,allow,ALLOW_ROUTINE_CONTEXTUAL_ACCESS,P-2026-05-STEP2-ORACLE,5c8f7a20f483055399ed661ff484449f0e9be43983d4281ebac650343da589d9,b3a2490a43af7fd798a009a292e4c67cf7e35077ac1dc9154e5a33ec03346413,75011d8ac6841029b3c917572f2a1de0f8b21e2afb730408963574060d3f2945,e1a303b72a3ff0e8662391c727278664b715b1567c22d54622906edd6f513231,20b4ab41ae253e0708e7b67a0742c01334d107ab03a65d69dbde6fe0888cd028,a3a7e897de8db2864e412d1aa03309d4d992fe83dd09aa99809d8d84d58d4ede,710f36ae8972497f6acd2a22390a00c5bfc15e89683ae5e6caaad6bb1760cfe9,ee57eaa289c4e1627831e28719fc02eb407ff41e07cc8f55603a02f289f7901e,HMAC-SHA256-DEMO,AUDIT-2026-05-STEP3
804,4786b264108c79f8b090b2a4,2026-06-05T11:48:00Z,REQ-000804,d57f9cfca107b054602e3afe,STATE_02_DIST_04_PS_03,6806ba66b352cd0ace2dc62d,deny,DENY_INACTIVE_CREDENTIAL,P-2026-05-STEP2-ORACLE,4ce8bbb6b09d83115315960e397c9b44a188b0dbf32ed1a0506162c4165db4b7,d95fedc434057c01c1da17c32877aba6b9b9601c854e70b328dcf1b4be47e232,5eb0adbfbb36e5947a4c0cdb8cf6940b8d52ac51ae3ba7ee04d620749c9924af,eb491878695211309326a0be89abc25f358509d6a53b4e4afb062234097ffaa2,cff449e0cf1fa8baa1f6ee6f1d7b3a3ccd1a5ef068e1441e93b538a486dfecba,710f36ae8972497f6acd2a22390a00c5bfc15e89683ae5e6caaad6bb1760cfe9,b9ec652282a29c824cc8287e3b8d57cee2db40f6980855773bfba31f9b663b65,f36d33a3acc53f7444defd90dfccec11d4afeb33d05c12aa5d7af2a3ae690aac,HMAC-SHA256-DEMO,AUDIT-2026-05-STEP3
805,5acb0d014034371984afdd02,2026-05-28T16:15:00Z,REQ-000805,7e2b88d260bb5ef29585a94e,STATE_01_DIST_03_PS_02,148f5201e446b9e7af6ac7c4,deny,DENY_STALE_CASE_ASSIGNMENT,P-2026-05-STEP2-ORACLE,51f17e408b61dc3af75f0407a4006818750ea2ef57ecd8f8a1bdaf16fde113a5,4543de731b48d53de309b01b624da593dd11fb2b0d0ec1281cc8f49f7688be6d,2c2b9489dd4169c97c5e94d6832ce2045d9d5b1a95f2b8c6c7ec32d9635279ef,f504dc9edf1a35100e939fcbd3caf2a908a9e7ae3aa0975a752a243ae1fa9d46,585eaf197a829316a13d54b11b8817f7b69c47d0227445693742645e8705834f,b9ec652282a29c824cc8287e3b8d57cee2db40f6980855773bfba31f9b663b65,5dc89aea87cf9fdeec1694de703afbbd7231b9aa5bebab8c52b83f8353bb83f7,60169bb8e3a3720c17a0dd86be4a6b569a6ce9bf369a9b8c593974951ae4ec85,HMAC-SHA256-DEMO,AUDIT-2026-05-STEP3
806,7d94921316571117904eec1a,2026-06-04T22:56:00Z,REQ-000806,4bb363d085866d6dbe19f005,STATE_01_DIST_03_PS_02,22934e416c5fb7d3a1737ee2,escalate,ESCALATE_PRIVACY_SENSITIVE_RECORD,P-2026-05-STEP2-ORACLE,f915438f4e721e99a015a9fa35b10ba2b18fc3f1f4d79c32675df2382f3d3646,6c69e5ad16464ca4638b76c819bc59cafa0d0b5c41aaa6b9f33514ec7efa8a86,9492271dd39f6744769511ad070f30a34d158d61555b9b27cb08a90bf255f89b,248660eef470cb5fb38a12bfbe6775105afac268189f1e0a0d6f7b5432e9b286,3b8a745043ae9186ae3114d6a2912b059e079b78d023081c502b74dabdd28a17,5dc89aea87cf9fdeec1694de703afbbd7231b9aa5bebab8c52b83f8353bb83f7,9f226c77a3db1b1d40e542358327ae0b923eb683d7dc66e7e6489e6b2fa74119,575b7b3df5767876fe28eb21f7d7533de097f63b5408a4c1c83dbb7a15b5fa12,HMAC-SHA256-DEMO,AUDIT-2026-05-STEP3
807,b26379b1dcf25fa4df967449,2026-05-31T11:36:00Z,REQ-000807,b6791729f7de52114f8f5aba,STATE_01_DIST_03_PS_01,81ee1ae4cfae32eead5fbff3,escalate,ESCALATE_PRIVACY_SENSITIVE_RECORD,P-2026-05-STEP2-ORACLE,4e2990b367fa12c3c5cc789a1e16f2faaac1505631087e233ce9fd1beabccb86,ec45dc79ec9d0986241959ede4a89ae9bdd891b16da0712e846d06d71fab79f8,1c04ed1fb0e8ef5afa3fadd87c8462ac8dc779d036def43dbfa5c1dd72cc4fc9,c1bc1d31070fc04b3becdee18b1260fba553fc500a2b62476f9820c1ab7dd491,b0cdae707918bdd4fa8996aa71071db16c39737a543cd968a6c26345997ebaca,9f226c77a3db1b1d40e542358327ae0b923eb683d7dc66e7e6489e6b2fa74119,9323fc5c4abc5d9e2c10812b029e48737200337bb778f1786bd4a0642fbb38e6,e855f6833a2cc42209e6d6842786f8cbd0d36595eaaa9514bc269d57f115c300,HMAC-SHA256-DEMO,AUDIT-2026-05-STEP3
808,e7e4ff936ae981559c067596,2026-05-31T11:44:00Z,REQ-000808,ccfa52e7df949ec76b129260,STATE_01_DIST_01_PS_02,0fb3737ffbea66c7996ec849,escalate,ESCALATE_CONTEXTUAL_REVIEW_REQUIRED,P-2026-05-STEP2-ORACLE,0046eef4719a8e267a48b3fc72656124e21d87d707405c33b19a69bedce6c977,bf6d20a17afbfcdf715840c08836a2bcf9a7c857d544186f7689619d49fca4c1,3a4d8683cdab9670ffc34da29f45afff2f5b6a87a075e2bafea1577a90e87520,49cf1af6cff243244c432c1217bbc288447208eb2f5aca4bac78b1784c0096e8,614619801e9a79bc08bc1c6af5480ceca7f8748dd4c22d534e69bf7a06780bce,9323fc5c4abc5d9e2c10812b029e48737200337bb778f1786bd4a0642fbb38e6,6467673aac2d4f888117377db1880bcbb043d616b89c2836b38130dc7129357a,1f952996561e2c9bf166c9818f973048bb93f84ccf7de0e0fc0e4871bc12f505,HMAC-SHA256-DEMO,AUDIT-2026-05-STEP3
809,d573dfde41e9b3e55955e7e2,2026-05-30T08:54:00Z,REQ-000809,871e4c8cc36e0fafb27ef560,STATE_01_DIST_01_PS_03,a677cce772515d48d3a1528e,allow,ALLOW_ROUTINE_CONTEXTUAL_ACCESS,P-2026-05-STEP2-ORACLE,3c0333a09ca7f818f031bf59d6c9f0aacac90a8ae9f846f2bfdefccdbbac308c,aab7ed4ff026b587ddeda516ee09ca7e35ff2860eb012cc637bcd619e92522b1,46822ab7ee662f4e5dea3cd2b7ab0e9821e8e0a306b57a88d59492af4eb7dc79,f05611da887bf49e4e66fa1ea4d0ddcb5e277b1fe685ec73173272729bcd83e8,53c0dccd17a776add6f05535f27aad2f823011d323af3c335c73f2dd5be99c62,6467673aac2d4f888117377db1880bcbb043d616b89c2836b38130dc7129357a,c3549824f9eeb389aa21951328fe1073a4036ec08c0676fa9ab009ff461e5bfd,637e0e4258f29ac8e7d2545136e82aff80cc6d92e9fdb0e300c576388fcb6c0c,HMAC-SHA256-DEMO,AUDIT-2026-05-STEP3
810,7b06a8469b61240f7c5504be,2026-06-04T10:30:00Z,REQ-000810,1abb810c99dd60558b095f4d,STATE_02_DIST_03_PS_02,513c9be258a43ca7947c0ca7,escalate,ESCALATE_PRIVACY_SENSITIVE_RECORD,P-2026-05-STEP2-ORACLE,8f7830c063e90b5a4cf6ea755374ff22cc9e68b8c0c55c6cecf64b90742c6ad1,604e64354a1eb0080378a0ee81b43b1fbc95964fe69bf8a9c09452e973b22239,02712fb9f2535a03b685e715c9077990a67e00718afc6e36bf8a22122a4871f9,1ad8b33a7cd482143dd4c2020169bb7635640fd615950b52e3d3b61ea9664493,fa3a4a9d326175adf566aa0b947c1c8ca17b91ddafce2eb5da16287ae97784b3,c3549824f9eeb389aa21951328fe1073a4036ec08c0676fa9ab009ff461e5bfd,d92678ef7d10d4c1474f92a241103cb3d35312977340d03846073ea17d623db9,e83c09f2160b7ea3c702b9e087eeafe50d55a475e82c6897dfaffb7e38e182f3,HMAC-SHA256-DEMO,AUDIT-2026-05-STEP3
811,8bc16524d0769f8a8997987e,2026-06-01T01:39:00Z,REQ-000811,362db027dc02e204d8d16948,STATE_01_DIST_04_PS_01,2a324b1f1c72134354401324,allow,ALLOW_ROUTINE_CONTEXTUAL_ACCESS,P-2026-05-STEP2-ORACLE,18ac03cb9c7aaf709759f21bb702183f35fed58c549e972b2cc3c10ae17e9fb1,10481f84b8c7fcf8663e8c82fc1dde7daf79c85dcff83b8303e03443602ef2db,eb75e2c0a2afc25ed142974d2fb540717c5ff34219a01e8f35069cf493fa003a,5fb77e3bfd26a1842a78ecc403986f6bf7c8c74e358e87e86eef08beea42ddf0,c944cdcdd1ea9da94f33aea9c0077d94ad23030b3ac71a1bf058813d16286742,d92678ef7d10d4c1474f92a241103cb3d35312977340d03846073ea17d623db9,5dfa6942d0259d6945f9fbdd34b874640c86dd522fb0aec197c1e9662d9110f9,d32a4c7ba73ebc3d8696e60c05b77fedaae8b137cef0a49049d2f2ee81915220,HMAC-SHA256-DEMO,AUDIT-2026-05-STEP3
812,56550e2f4dbf98e38d50a7e5,2026-05-29T19:40:00Z,REQ-000812,94b2d412892c95cbfdbe73cd,STATE_01_DIST_01_PS_01,57ec71a2140e7801543097d2,escalate,ESCALATE_PRIVACY_SENSITIVE_RECORD,P-2026-05-STEP2-ORACLE,a90a1fc333feb62aac110296cbde414522b11e610dd29f1a5b2423bf54a4ce6c,6a43bae7c5e883082a4d28c1c61a361a2ee7684fae2c385e6cc83289d00f93fb,4975cede7582717a4f2d07f4a72a3bd352c2c09fc00ba692197c15e6fe38b320,832253b0e53fd47d927469600b5980ba0bee23d75bc4f5c255794e65e0c98e29,0909f3db4e4afb12f2244bc5e0a60d542812cb39e151cabe69e56af4a5c7ebb4,5dfa6942d0259d6945f9fbdd34b874640c86dd522fb0aec197c1e9662d9110f9,b9bee43289a273cc9a80d90662e0793f404f6f6db6bc286e9f41263fe549d0ad,5f2278e4a568bf16ace438e41c6baa2ba19e085aa308e8207e2b50a0d6435f21,HMAC-SHA256-DEMO,AUDIT-2026-05-STEP3
813,28c190a2bb997cc5a7b5e77d,2026-06-01T01:57:00Z,REQ-000813,97ea02f4f8fba926781c7fc5,STATE_02_DIST_03_PS_01,425abada7c0fed7e831ee20d,allow,ALLOW_ROUTINE_CONTEXTUAL_ACCESS,P-2026-05-STEP2-ORACLE,fefd5bb22441f00f0c1ecb6f01fab2bbb3883b6616980f83df4708f7d95a94e5,16595131f61396231c911c2854754d1c5e7efac1b6b86640a9c0486135763f2a,ad7bbd60d13b2bbecea09db6440319f8cefd9f1f0d9d0d85b6b6e2b5919f8820,597f8bfebf2ac3ff98a80c289ff10795d27132453aeb116b59cb7476b4cc61eb,ce7c7e71dda5c80eea998d1d32e2dade575af417a001d5e17db9831accd36fde,b9bee43289a273cc9a80d90662e0793f404f6f6db6bc286e9f41263fe549d0ad,d2b2e8e44d3ba7c6aeb83dfb02d3be40abf263009a885822c671a24d1b173636,371026183d9e20b4cc382f303ee2ab6b48481bd41d7d079c6435aa391ac3101a,HMAC-SHA256-DEMO,AUDIT-2026-05-STEP3
814,3faa45f3337c4df8b13d15f9,2026-06-01T02:06:00Z,REQ-000814,b2c7b3b76aeb981b1bd8756b,STATE_02_DIST_02_PS_03,dd25798c72c5112bd72c2efc,escalate,ESCALATE_EMERGENCY_REVIEW_REQUIRED,P-2026-05-STEP2-ORACLE,7408a75ecbdfdb617fb4640226ba4ad81176e7022da4ede92a08e0e9eab7482d,91b995dd0b5b6110420700b952e3c0798af081dc15829338677d9b9b14031b12,61830426e85b7f7730582c52f7b642980593c1d4c864bb551db057128cab6c20,506681d594d8d6aee8b0279d9978337d2fc760ed7ef3e6495ebcdc2fe0b26caf,61577477e5c983485e589d608ac056e76acd3004dcfb262de887a26048c1cbee,d2b2e8e44d3ba7c6aeb83dfb02d3be40abf263009a885822c671a24d1b173636,3fbaac1b691df611fefd85569310b283b91d6b537c4a9ec2d528a33d0353af3f,8e8c853594e6e972613c60911cc8a3588908bc43d82756bfab5f6dedb25b55d0,HMAC-SHA256-DEMO,AUDIT-2026-05-STEP3
815,999e8b0c80d1d21cf6eb617f,2026-05-31T12:40:00Z,REQ-000815,48f5470b8ce4df5af3e82ab0,STATE_02_DIST_02_PS_03,956aca67b33c2620ff186459,allow,ALLOW_ROUTINE_CONTEXTUAL_ACCESS,P-2026-05-STEP2-ORACLE,d2fef166168593cadf44cf29b577263d9ee010fff25ccce5ea14c1bf4cc5f286,39a4fd0584f6a1046ca8051e6c11f15ff1a383942b48200d0ff2b2ca082199fb,e21e71b782ec3a287475e646beb08312e514fd366edba36e617b328b5089b40e,fd2a940f7ee4f353e87ef31a5da41d304b06a6af26747a1bc38914f1be473047,b027fad6d3a63e5e393e7052b74dfc654b963c74b89eab9ea209c2e2bc16ee62,3fbaac1b691df611fefd85569310b283b91d6b537c4a9ec2d528a33d0353af3f,5bbaabec28d1233864deab2c648c95c1a05d837475a69dd370fe9543884d20b7,d0a698fd173ac47dd82f54ffc74eb155568be26614e0435e83919b07bcd364ea,HMAC-SHA256-DEMO,AUDIT-2026-05-STEP3
816,398f9bad2e976b95a0561299,2026-06-05T01:36:00Z,REQ-000816,3573eec47a61bb4c69e2b339,STATE_02_DIST_02_PS_01,e75112487c579ac4b3944b49,escalate,ESCALATE_PRIVACY_SENSITIVE_RECORD,P-2026-05-STEP2-ORACLE,a445bb8aff5fac07f35956276319620a4eb9033b969787612ee59e0efc502ae7,59e61084b6e41c267a30b51189258cdf8b8460d56bae96aa795182d8595e794e,6415941a6b7714d7de56fb6d1429aec5d1ee27bb324371a0f3bafc2d3ecf559e,f4b8f374727debf18753f7988c7c6fb1482d5a22448ac2db92b597e1a21c1c2b,021c97751af5377ca273633fd9f099b3032b9f0073bcb63f0194aeda5070ef90,5bbaabec28d1233864deab2c648c95c1a05d837475a69dd370fe9543884d20b7,43d09e0c36af477cfa3df4405bbf38be9a21fd3cfbdd2fe5f3c8e6df61758520,269bbddf2a299f486f68e311efaabb2370c536821f52e25c52150a46fc387016,HMAC-SHA256-DEMO,AUDIT-2026-05-STEP3
817,85b44fd89a4676c9cdd77868,2026-05-28T16:51:00Z,REQ-000817,6d335433b612a148a4921389,STATE_02_DIST_01_PS_01,f7694506fadb227c01b96b55,deny,DENY_INACTIVE_CREDENTIAL,P-2026-05-STEP2-ORACLE,fc4333a6a4b78ccc5b1486d0d15ea21e825a18b4f105bd0a9c56a3e536e9c03f,dc7c911e560adf1a94a686eb71b75868aabd6bd3396e615ef1e860661ea922bb,2debd8a2eac666e782bc76cb61e29fbe184e2e95393e5d530458aed341f97c00,cfdc53c4dd52f292e63c1f478a816ec3ab1d711500d88698ee17747cd3b0f87d,e037d97b397a1337a1a273ba723ae269ec8b5e49fa227ef84765423015065b22,43d09e0c36af477cfa3df4405bbf38be9a21fd3cfbdd2fe5f3c8e6df61758520,88f89b69841029172b540168b25b73ecfc9748734563fa633783f4536a205620,dda59eb528a50c0643c4821fa4ae89b0b4969be8d44500b931ed100d8b20ecd9,HMAC-SHA256-DEMO,AUDIT-2026-05-STEP3
818,ed67477b96b86982040d36e3,2026-05-31T13:04:00Z,REQ-000818,006fa23a737e20e3625debb8,STATE_02_DIST_01_PS_02,619c64e8eee97cc53178c989,deny,DENY_SENSITIVE_UPDATE_WITH_LOW_RANK,P-2026-05-STEP2-ORACLE,73c51402741bc55a5208ba7b147c0e5d4257a7bf879c39f80cdf289eab9bc96c,5b12486272bcb2a6f069966e13f814f11c5c5496c4374a26feba94f884bd8cd2,18150325e0ffaa375e6fac06217d89b0557ddc7e003183f97633dd544e574290,f44fb16b8b6325521f071a558925ae7b89b8da1bb31b97665592839982a1c0d7,30af04cd1dae266b7478e041c7617d204e02927c4cd61e03859b92d45f1b1bb8,88f89b69841029172b540168b25b73ecfc9748734563fa633783f4536a205620,2914fba47dff6e50b7a8918f67310c1e630f1861870979350fcabaf6c2ea5b9f,1e09dd60ba5920159e3e3076f263bb37e55e3351d7735b13a4b8ed9e43366259,HMAC-SHA256-DEMO,AUDIT-2026-05-STEP3
819,c1c70b1765567666db5ff99e,2026-06-03T09:27:00Z,REQ-000819,a1e23926bdb89d718dc0ff23,STATE_03_DIST_04_PS_02,38f15a3ade185dff0f95a6b9,deny,DENY_EXPIRED_APPROVAL_TOKEN,P-2026-05-STEP2-ORACLE,049255bd33ca0c8857c4357888872d1ab4aa149b448ff5c4654683770a3b3cab,56926ecda5015465ef093d62e192bae1c6e838d2ad3194cd8610bbd30d7f37d7,5aa2078e930b8f8e4f793de3957b020da61f524c900ed34fe2d26bb5c5de3a6e,21c58d7c01ab755017f7399f6910117b9277b168668643f35a3b8d8a1e9d39ac,56a17c148cb611386aec5ecd9da0889a812b32bc2d1e713e8b39154f86f4c707,2914fba47dff6e50b7a8918f67310c1e630f1861870979350fcabaf6c2ea5b9f,12a427516060c4e8e0160be9fbb66e9dd8df9898a045daa0da415f1efd29c721,8efce7d27e7eb3751c96ebe8f7b6621457bc9351f6242a00d8ae133d4532e37c,HMAC-SHA256-DEMO,AUDIT-2026-05-STEP3
820,7054ddeefc65822b2a2044de,2026-06-04T13:00:00Z,REQ-000820,1744a4b8e7d09467e6ea7495,STATE_02_DIST_02_PS_01,fe9058bed6465d20bca094d3,escalate,ESCALATE_EMERGENCY_REVIEW_REQUIRED,P-2026-05-STEP2-ORACLE,e33bd6dfcc46fe0b4319f97895d236603295463fae3e1e3b6622f42aa136b1be,98677ed67e2c3d90a99b5686b96ced08538657885bc0baae255ec71712766e7b,b621bec865cc591d5c2310b24f9cbac91d11b238c47f2c8b32eb4811535602f0,e3fe538a2923c3e5a8bc677882b427f8cf340570f214d2dc1144a70ad57a4a9a,b3470f87d839d55ba3611adf1557d521965832cf06f3f910673984a5b79f1f1b,12a427516060c4e8e0160be9fbb66e9dd8df9898a045daa0da415f1efd29c721,2bbe53e0917034405ba4c3077d1810b90f2330706898edbe3e7540c99e5b460c,967928debf367aa2c17a57657f433acafb826ad675ea319fc6978c62cb245791,HMAC-SHA256-DEMO,AUDIT-2026-05-STEP3
821,ec19704c48f28f9d99b9c83f,2026-05-30T10:06:00Z,REQ-000821,cdb37082bd33066e73ce6a23,STATE_02_DIST_02_PS_01,f8d01d9519981fbe6119c784,escalate,ESCALATE_CONTEXTUAL_REVIEW_REQUIRED,P-2026-05-STEP2-ORACLE,6d8c3a871557a04a5e2c1f0668982843e03a58d7ddec173d4107c7c4c19c7875,656753a260f6c5847c36afc52c8eba7689f37f2edd6a932f0a5e2d920d3587fa,88c595057443fc42a547abd58c0de2a41a5602bc39c29a2e463a4e8714d718d4,75b30711f523d0c86834c880ab91e24a82f4bd4c14e4d73b6cf75c94acbd9317,34ef3595d06292aaca935ddc9748aefe0959449010ea2bb7632ceeadc4473323,2bbe53e0917034405ba4c3077d1810b90f2330706898edbe3e7540c99e5b460c,79d400835952ef8baee1be3aba9c8b8465a3ee57368b40dbb8e92a07229824d8,dc2092a9653809b0752561117c5cca96dc5c462ed79a9a393d5ee6d0a3a8c781,HMAC-SHA256-DEMO,AUDIT-2026-05-STEP3
822,045e900addb59e2523b1ae87,2026-05-29T06:48:00Z,REQ-000822,d4da98f8bbaf8c84670817a6,STATE_01_DIST_03_PS_03,de8ed503b092aff04a4f6676,deny,DENY_SEALED_RECORD_WITHOUT_COURT_CONTEXT,P-2026-05-STEP2-ORACLE,58bcdd302a1d0c1c787903603d6cf08a112da49cb38b551a0d76f2015fa8a96e,994da09561f04bb73d85b7460a5a4902a9de1ee6c76bed3a3aa9d9f27ba3f762,fabac06f2261e56b8180fd68266e3a64d140fb2bb6c0ba020a97337dd3edef35,5b2715d24b238812fa817b2abf25b517a911de9352e8e428a8cc0433a8b102b1,b0b13d98085e46b22009e42ca6092b3606b1ce562720771d6cae1d684167030f,79d400835952ef8baee1be3aba9c8b8465a3ee57368b40dbb8e92a07229824d8,dceb92371c9acb7b3e1415477ca72c49822c0fab4eb4002191fb1eae9224b55e,ce1f7e707fa1908133a49a84869012bf04a9d87469ba84a7575502286cefbeb2,HMAC-SHA256-DEMO,AUDIT-2026-05-STEP3
823,ea3120f4241e55ae5ceb0a25,2026-05-30T10:18:00Z,REQ-000823,fb4c90a703ac874dae2f1454,STATE_01_DIST_02_PS_01,8e67f9c2d6007f18c8de9209,deny,DENY_SEALED_RECORD_WITHOUT_COURT_CONTEXT,P-2026-05-STEP2-ORACLE,da8ed116146db6df78711dff90bfd0cdb21f1642141ce1c25921e480519d3d97,d04b0dee498d7d6b73d5556f1477c192747e3b26327a5c9e68e5b2134131403d,b23deba0e49ef7c35edd51740096fc3f513bfac5222fcbc2b2008ed223ae364b,747eb4e4f09499f7bea616ae420a1fb6b5a59581fddaae5c8f95cc7efba2d27a,89bcb178e09599f4f107176cbf5b99970ae91d40f968fe37adfc711f73925645,dceb92371c9acb7b3e1415477ca72c49822c0fab4eb4002191fb1eae9224b55e,ac7a15e65ef768109accd2b08e7e74ce2d262c9d16017ae67df3eb5800f43b1f,aaedae24eb6358653e8213124f7f85b9bde43ad22f0c0029113c636be8b07a85,HMAC-SHA256-DEMO,AUDIT-2026-05-STEP3
824,d53da0f759be45609c1a3dd3,2026-06-04T00:16:00Z,REQ-000824,5d9a86e9bbd1b3774caee2db,STATE_02_DIST_04_PS_03,2cbda76432e3c7a37d92e1a0,deny,DENY_SENSITIVE_UPDATE_WITH_LOW_RANK,P-2026-05-STEP2-ORACLE,6d45e58ad0638328a851f716fe1673eee388cb10759b64424706a0a067c9fea0,d7ddd968a537d009e4150adb34554f5ce400706bafd33709e5225d9d68ca70db,56400191d6d1b6de5865f8361009913f124e2200f85f6b78db2b6e36848beb39,965e4e089888ca7d99d69d0b7fa1605a6aba6cba1f14e6971678855db029431b,7d62d93b42f79a82d27b9aadac8df85d5d8c27279ea4b4e67662396b92e7d09f,ac7a15e65ef768109accd2b08e7e74ce2d262c9d16017ae67df3eb5800f43b1f,f4be29b3f32a85372b8f336f33096ad8854bfe79b31b9d841cac37753ec0dd20,65d7e5f18ddb3e295004b643c874c93c2842f597adb1327b420c197f33d3bbac,HMAC-SHA256-DEMO,AUDIT-2026-05-STEP3
825,d906167919315295a986b88a,2026-05-29T20:45:00Z,REQ-000825,b012e7e4d1319033c362fb26,STATE_02_DIST_02_PS_01,7cde120b6e55c28ec650e2f7,escalate,ESCALATE_PRIVACY_SENSITIVE_RECORD,P-2026-05-STEP2-ORACLE,a17697bbaa36b993ea5ac666d0bd14e44aee3fb93ede2b9624f0d5719632dc5d,8bc443a5203391f67cbcd6ceb56f35c9570fe337e7571209ffd0db7f14178465,1ef7aa002e22b54bac9b1fccd030a9c1b1e26d8a1d6164ed722e54e1593665c6,f63130566bb0bb921e6b84cbe5aab7ace2290766daabb0cbc4b7f4899cb4e74c,db5f250f74e1d775ff05d2e6e27ba703e762ca2a89492222644ea0854ab4d336,f4be29b3f32a85372b8f336f33096ad8854bfe79b31b9d841cac37753ec0dd20,46f42028144b6a89fe9fbc897fe40c1d6143e0117bd7192e353288362a6f7833,e2d3812718157aa72520d5fca022f7a892b18569d5b60680b01040220c53dcef,HMAC-SHA256-DEMO,AUDIT-2026-05-STEP3
826,a50003ef3f515fbe13a78a83,2026-06-02T21:12:00Z,REQ-000826,934e26f772b73b1d824939e2,STATE_02_DIST_01_PS_01,3681056168083735834ca5ed,allow,ALLOW_ROUTINE_CONTEXTUAL_ACCESS,P-2026-05-STEP2-ORACLE,ab847d91ccafcc382f1b0ac4782ab38543969e8c2a53d46fc74a99a9dbce4e54,52ec4c4adcf3b1ec7f7796657d1544cdec16183d45d011f82d34684b9aaafb45,847e375d808f9973ac00f4d6939d5eb859788fcfbcb6fa5aa002dfd73614e8e8,97e67b145e674093a261eedd910aabc8a07d48f7b2ad7a8a7439884544a5c51a,163a2dd22ba8d87e20b3e11e1f6f1dbc8211575b731744ea32f0f615d8c9c85c,46f42028144b6a89fe9fbc897fe40c1d6143e0117bd7192e353288362a6f7833,05bf140254f1585bc39d23dad74e328b7752f4567df1cfa8ebe3fe130f84ec35,c3b2b32464488ab57dce751fb1dea0107983e10b2062c2738354e8b629855447,HMAC-SHA256-DEMO,AUDIT-2026-05-STEP3
827,00d4441ee49a9e5cd61b4817,2026-06-03T11:11:00Z,REQ-000827,b0f05da9786602e3afcbd606,STATE_01_DIST_03_PS_02,1c019b8f0cd3d2a3b050ba1e,deny,DENY_SEALED_RECORD_WITHOUT_COURT_CONTEXT,P-2026-05-STEP2-ORACLE,e1d949ffe4f41dea2950b3225911937ce0bcad5e5413c54f3a4c68427f27a721,bd6217f3bc022a51527e6c6ceec670a6b43ba1ca60d55770a6c9f7518d4adfa9,904395348c433556bc4e9faf872ffedec30e661b59441b5b325e7c3bc297d639,8554f1975ddf6b43921aa8e27da1a844bef678a0cdfbf0b8025d8669797b335a,783f94eaa50399db5867c636682bfef99207a6066c25522a35ed321e69dca10f,05bf140254f1585bc39d23dad74e328b7752f4567df1cfa8ebe3fe130f84ec35,6ae948ca04d8a41d1aa784a71c4a89d6b97fde09d41b715a1079ac6743460d4c,e822c9b3bcdc875b2ac815f74b06f6c52c1ee1143b66278f4720fce7a4fc1733,HMAC-SHA256-DEMO,AUDIT-2026-05-STEP3
828,cc494c18174ba29b8c2cca7d,2026-05-28T03:36:00Z,REQ-000828,7e3146ebb6c4e9a4f7f4cfaa,STATE_01_DIST_03_PS_03,83c5b0534e468f6304fb5a25,escalate,ESCALATE_PRIVACY_SENSITIVE_RECORD,P-2026-05-STEP2-ORACLE,725becf1d9a2c9f85be2637c8716dde44db4c3f75722e411cd98ffb40b990671,1f4aac3846393ff0611763cfacb42cc499839112b112b6fb15b7d593293e8cb0,62abb43f82d9e91a603554d094eaa4aa621cd34ad9d57d2286a2ce0c8487fcf7,b377b5bdc55ea16160a9e1e4ff7c0c78b8f1ae1ad912b48cc246329247bacb14,fbe35dfe580a655a88889f53f452a46595b17e2beacaad2905a0ea5a2b5f9b3e,6ae948ca04d8a41d1aa784a71c4a89d6b97fde09d41b715a1079ac6743460d4c,2c59ed0a14561c8ec7732ce8aa701ea5b0cb164c92a085e95c24a4cc3d94f2cb,54ee21c02cbc5ab90713c99e2a3ebad4b589c9b8dec1e003e30a20234c8474e5,HMAC-SHA256-DEMO,AUDIT-2026-05-STEP3
829,e463ca8ac9a38b0e4c305f22,2026-05-31T14:32:00Z,REQ-000829,7eb01572e4f979827683d0ca,STATE_02_DIST_03_PS_02,b3eecf3008e24f3ad0d4b532,escalate,ESCALATE_SEALED_RECORD_REVIEW_REQUIRED,P-2026-05-STEP2-ORACLE,4558e356bdfb0dafce39fca0f291f0b8ea8a7e68ed3f6548a7e0162106c73dac,9dcabaa18e37ff2b574686ae5dea4a8fd4bc3eb98403ae03241776705a802ee5,fc3102c307ab5f9a9be883f53eebb9607361b18b8ae3d5ab5390c3a48d0ff859,ef611a5549281b5f309e2cd6d9e37a33f127360dfdc236892f7c5554de96ca38,5448fdc915cd9b86b34d7e61fb8ff41eb46a3fbcbd95162cc32bb7e1c01c6cbf,2c59ed0a14561c8ec7732ce8aa701ea5b0cb164c92a085e95c24a4cc3d94f2cb,bcd2f0e8e4b98600e2a62efc2d03f195f85dd9c9b20d6e32de1efbf6f9cb49b1,01b54aefe2387fe056d637147c521013bb68eb00560ca66bdaffbaa0a3eeece1,HMAC-SHA256-DEMO,AUDIT-2026-05-STEP3
830,379f96dab549d145a1573136,2026-06-01T04:30:00Z,REQ-000830,7e2b88d260bb5ef29585a94e,STATE_01_DIST_03_PS_02,f7151781855b8ca96dc2f997,deny,DENY_SEALED_RECORD_WITHOUT_COURT_CONTEXT,P-2026-05-STEP2-ORACLE,5146635f657afe5fa340a601b8b6c2f7a207c88efaecf71b4280ba2492d47351,918fdb388e572ccaf813e459b03db7a18af4105bcb3676bf13a348ff7d04a5b2,78ce908d521c550eac91fd9afb63a05b8fafb35ea5bb3d0961f1f7e244c2c3e2,35e032d9292d997395f506261eed156f9526fd3ba4cec01d7062b454c78ddc31,18356708eb97dcb4b14f868ef237edf1626a43198898f73897086df38b897194,bcd2f0e8e4b98600e2a62efc2d03f195f85dd9c9b20d6e32de1efbf6f9cb49b1,770e8f8594a89e4019a93ae43ccc2d298c4df1a18de49f233f82bdade6306ad6,a7b238bc08436d66fda82c2d7610a446c9ecd75752e90121e89ef3ab62472634,HMAC-SHA256-DEMO,AUDIT-2026-05-STEP3
831,dc3b4d5235f0f389bdc1f2ed,2026-06-01T04:39:00Z,REQ-000831,006fa23a737e20e3625debb8,STATE_02_DIST_01_PS_02,8eb06b091b265235ad42db41,escalate,ESCALATE_PRIVACY_SENSITIVE_RECORD,P-2026-05-STEP2-ORACLE,1431bdcfc4e2482c0142b303b7fee753073983cd44fee165da73a46a4ce862a8,631183836f5e4b06d17f5894ae1f5145125bffe6252a3270614565f46dff978f,fdaa898b3253feab447f31e015fc44e42f7fce7ba0b080292f18e813d488a1f8,b02595a292f443d1797db7d111daa79a242cd28d07707058d1e36bb73998579a,375f111da69e8db1fac7243fe056c226ee7280abbce9a840c20adbb062a86b5a,770e8f8594a89e4019a93ae43ccc2d298c4df1a18de49f233f82bdade6306ad6,962e5ad9a48e8318c839e09633e4c513034826c5da59bafcd862398ad16b6956,1922e4e2b1f9686d4d2ceefd8d95e81cd7446e51178a890f313e2f53f3befcaa,HMAC-SHA256-DEMO,AUDIT-2026-05-STEP3
832,20a3ec5961c63e4d9639783e,2026-05-28T03:44:00Z,REQ-000832,2e90133c615ae26c343ba035,STATE_03_DIST_01_PS_02,2b2d7ab4e1a9781372404fec,deny,DENY_SEALED_RECORD_WITHOUT_COURT_CONTEXT,P-2026-05-STEP2-ORACLE,2318ea1d62885ff5c11d952d3115b90690d19d024cf83c548184696802c75bb8,6bff04a5656741ba966e75ec0228c60e1969e1863b7b639089dbec39b1485eb7,5d98205842a1b3722d79f615b4a33d3999aabe4ca4f8368390bae3cf96f1cc40,b9d4702b71c14903c3617a19687037f81a1c5827a0e87685c6a20a237222f1a8,3174749acf4ee84f07dcec9358aec92b6faf9a124369fa197d4d288d186e8a8d,962e5ad9a48e8318c839e09633e4c513034826c5da59bafcd862398ad16b6956,eab615c06f59f7130fcc4101ef6f624a7a2b964c5998744a6ab85d5c8ffce368,57f7da71197743e9e7f2ecbbd88235eb367f475fd164958e4443e925f52236b7,HMAC-SHA256-DEMO,AUDIT-2026-05-STEP3
833,d1a29fa672c9c3f4302823c8,2026-06-05T06:08:00Z,REQ-000833,bb454708489db5641c11f4b0,STATE_03_DIST_01_PS_03,1b44aa1874391eada80abe9f,escalate,ESCALATE_PRIVACY_SENSITIVE_RECORD,P-2026-05-STEP2-ORACLE,abac1a9566eaa48964b26616c52b789b3f68eb124ef80c3055bae94bd3e368a4,3c09f2212a30cedde990446f83c2ec246c41078172c3e849fdbc626dc077bc3f,0f9edd0d1a9b46e8bc088e6156c1bb8f9c0bacb12fde656b6dc7e26d29168bf7,a76ce3db0f9112729053751ad18ba213d0df5cd30d8b6bada1dd80f2a7043109,cd0e3bd6eed984adf84a2f3f18724e5c8cc6c921a5cf8a9c84fe0955a3b5d5ec,eab615c06f59f7130fcc4101ef6f624a7a2b964c5998744a6ab85d5c8ffce368,088d4e57f86afdb53dd66d2b556e3317dfa34c2fd2da85d79e3ef6104957ea32,35b2a8260792e8c08433126ce8271e92e1368871c086fe6d7a4ee0f236eddc4d,HMAC-SHA256-DEMO,AUDIT-2026-05-STEP3
834,e893d2e5a25d865b271cc0bb,2026-06-01T05:06:00Z,REQ-000834,e1441290962ca2a8517d8d0f,STATE_03_DIST_04_PS_03,cc5ab6510e3654ea9af3370f,deny,DENY_INACTIVE_CREDENTIAL,P-2026-05-STEP2-ORACLE,d9b6e0e75d5f4538399378a6a3127e4898af342b6795762af8c57d4d8346d565,333921679cb820f1a3041f39de8a2e99c1988fa8325afbfc502739717b3749d4,98be18a4ad7c6e4d7c640c605e1807b047b3631bbea764e04fa0a4a1d38ccf0a,26b454173be8cb4bebe76f4876546d1244ff41a418efc6b224d1eed02ea1af5d,396da9be033925c5de0d51aa0e3c6f3126433b1fe9eeba59e1f94e76ae2779f4,088d4e57f86afdb53dd66d2b556e3317dfa34c2fd2da85d79e3ef6104957ea32,801366511c6fec8e1a28813fa86104054d0dbcec77066f21a9f3378461e63e0b,3ac22ecae75da4b56a2c95a4b209cc76b3c0879724142a982245a07d74d53b99,HMAC-SHA256-DEMO,AUDIT-2026-05-STEP3
835,0096c05a4b2df84abdfcad6d,2026-05-29T21:35:00Z,REQ-000835,a7db164c4af844793a01db35,STATE_03_DIST_03_PS_03,efc254275269a6226b4fd601,deny,DENY_SEALED_RECORD_WITHOUT_COURT_CONTEXT,P-2026-05-STEP2-ORACLE,bc3b16beb2a639daa8d13bb0cb489161a68046cad83945bc659211717d6187aa,c6f0ffc8cb353c6d2ae476f639999e6d5054d3e98948b1c4b74d2f7f360ebaf3,60da36217624b11501bd7fd1ad1100c49447d5ac0e30d1d560b6734de145bbd7,127c912d7dd2e28483d69ddb5c0b77d269fafdd37456c026a92aece0901abfc2,23672eabe0287aded0da94d0439220b37bee6126882fb5e0fc51eec9c6d5206e,801366511c6fec8e1a28813fa86104054d0dbcec77066f21a9f3378461e63e0b,e4dfadaf4afc1ad9055f573112bbde2a7d69a05e20429a6eeb70d6a9ff453391,ead1321da48864e3390969e51dcf787a337a9f8ea6f6e9119d21ccb778d77742,HMAC-SHA256-DEMO,AUDIT-2026-05-STEP3
836,1e7890eb518a8101afd72aba,2026-06-05T20:52:00Z,REQ-000836,f7c9b924c136028c31a62c8c,STATE_01_DIST_03_PS_01,b011cf5ae48f4ee0fa784772,allow,ALLOW_ROUTINE_CONTEXTUAL_ACCESS,P-2026-05-STEP2-ORACLE,b06fd6e9b09c4a1d5dbacfa568a5216b7d587abd51befbf47d9075345e48a5be,2b30ad4698e20918f980a0c8a5c533800f47a8cc24535e5300245aff6a35405b,49b94167862b447af9828aef631055be52fcd971a039326695abb8590491adcf,ced0c847924d5516212fbc301b5928b2bce4f4db2bd093bbeeda950b098c7459,64b58ba44273e3d4763369723c4c6103760f5c48b811996f55da464e88f7bca0,e4dfadaf4afc1ad9055f573112bbde2a7d69a05e20429a6eeb70d6a9ff453391,58f1958f5976759a29d2fad0e37cb9d337b9ef09ca23b8f266d32f49dab48a47,f4f50dd1e00f1ebe480264990014e6fd93ca6ddf77688e27a86ae1fefebbcd38,HMAC-SHA256-DEMO,AUDIT-2026-05-STEP3
837,5726dc7f2def16293145104a,2026-05-28T03:54:00Z,REQ-000837,733b1499389b250473119b5c,STATE_03_DIST_04_PS_01,b29b01f14568ba1dcdc4e111,escalate,ESCALATE_CROSS_JURISDICTION_SENSITIVE_RECORD,P-2026-05-STEP2-ORACLE,e0a86bae11c7848f85e8e2eeeffc92d783fa2418e34bb0c943be35bd91e7dc85,3623d8af7102e73481ef0c3430c27aa4d551f5a66a093cd7c93bdbfd11154b49,12aa300716167d527c74b7ee53207eac9fe2255146b61214b106f9806c08453f,f02dde239cb9499fa77df4065b5431cbc985db4a8988cc6fe54fe36a431a5870,9ec5e4d46d3fbeae8e7fcc2d7aaad2894e4c42aab90138b7d6cb493fb603daa9,58f1958f5976759a29d2fad0e37cb9d337b9ef09ca23b8f266d32f49dab48a47,7e252ca0f87463f994f1219e7c8da5e9eeb8343a77912d07b6416ba5171b497a,8422636b6b56a8576b7116720e453fed38db1c562088672361865f8550c8bb02,HMAC-SHA256-DEMO,AUDIT-2026-05-STEP3
838,d69f050d217a125e820a8364,2026-06-05T07:28:00Z,REQ-000838,02df4864bc93f0037e94de95,STATE_02_DIST_04_PS_02,be8cf0b2d2aedc05e13844a3,deny,DENY_EXPIRED_APPROVAL_TOKEN,P-2026-05-STEP2-ORACLE,47f58359e5649e964962fbab1202506344e005bc5973cab0db98796cd72a0f42,51fa79c950bda409331e8fc27e65e4237483a279a614c32e5b304face6e3f1db,819cdf8b3b4abdd75e2f467540d98ab715989e199ca804177ef3c0c1e981e138,81d4ce58077fd0822b440de82c285e25f36f9ad48c7645226def233929265a70,46112fe3059b86bc81990cdd05e7f469218dd517b110f3fe70b7380e073fb902,7e252ca0f87463f994f1219e7c8da5e9eeb8343a77912d07b6416ba5171b497a,b97a1e27266f00cf9da3cc108e636d9ddc71df61c365fe36576fcc59959d5bb9,e271d4198efe758945e72574a3bb48c6e18016dfbd0b7d94fc6ae5bcb0445fd8,HMAC-SHA256-DEMO,AUDIT-2026-05-STEP3
839,e8ab4c3eed5cfa2685c11197,2026-05-31T01:53:00Z,REQ-000839,058b6ca906f6f017cad2b2fa,STATE_02_DIST_04_PS_01,1323b2c21c14dc109d79bafa,escalate,ESCALATE_PRIVACY_SENSITIVE_RECORD,P-2026-05-STEP2-ORACLE,ad3a0f258f85cb4f86232ecdb258ded457e71627d6c0ae4de28e100149efe924,f0c461e5c37f22e132ec597611cdc002496da809240c09ca8438be39a669f622,733cfb094d611389e43701b90a79f38cfbac9e3a221b4edb9fe96bad6818d415,2edbbe24019668baf2dec16cab6f5751c5a7b4f26d4258893371cdcc3a3a9b78,a72fdf33cd20f31dd976b740c204fe594e7efcaaffb04d3d80797a43f2735700,b97a1e27266f00cf9da3cc108e636d9ddc71df61c365fe36576fcc59959d5bb9,7929b55d426df838bba26e21e39b7b23491d3a95125ba9bc448ad85ac2c72a77,c659e9a81dfd64a35e34b9d4262756b1ad8277c4c7746ceb03ee82f0da28ce31,HMAC-SHA256-DEMO,AUDIT-2026-05-STEP3
840,3013dce66c56e4c137d7581a,2026-06-05T08:00:00Z,REQ-000840,e246494264abad2f32845507,STATE_02_DIST_02_PS_03,956aca67b33c2620ff186459,allow,ALLOW_ROUTINE_CONTEXTUAL_ACCESS,P-2026-05-STEP2-ORACLE,095d79fe0a991ae421896e45d31884205138083d398a82ac96312e9394992ec2,41e1b106b36a4d805ec0cae3071065b8da896156840159ede26b31b3ee8c124b,9c7196506afc37c04c3bb875f63b5a5025048af0abf6099cc9264b959b55de57,26c791e29c02de147a2af5ff752c245271be09a86c0ad9439e6d15f255e705ad,8c8654cf5322fc221c1cd70cea07867bfce6b20235b54ee96b9039ea01269ff2,7929b55d426df838bba26e21e39b7b23491d3a95125ba9bc448ad85ac2c72a77,4bbead2873a14d6b7025c68131c17338e77ad15238e532aae2c1d83171dd83b6,d7f1c9f5d420be44d6bc16810f8ce44ade07b3d093850cbebd962de83fcef9ae,HMAC-SHA256-DEMO,AUDIT-2026-05-STEP3
841,e0fa57ac28d17b3c49c19ae5,2026-05-31T16:08:00Z,REQ-000841,3344e545d464730d22df7101,STATE_03_DIST_02_PS_02,22d13ba63717ca715e5005a7,deny,DENY_STALE_CASE_ASSIGNMENT,P-2026-05-STEP2-ORACLE,c4b1dab2e575dc6821d451040acbf39c2a33d27c6de7728a6d634344593cb82e,b6d8891bd610bee8155f7748936736cbd7b1e7ac104419a6269ee56f44cf4914,56ba55efdd722686fbf38e86ef5c5df19c2fed573b2750a76814c75b8f0bd85e,93e19037a58f4a1d27b15c142710831f11beb925acff2cf24742ec34c63290f2,3aabfdd3a4433d9559079b04606f23f017f5ffd40652edbf12ac9349021e67a8,4bbead2873a14d6b7025c68131c17338e77ad15238e532aae2c1d83171dd83b6,179724b570ea02e5ecea48d547dc6c6dad151bb7852789610b00eacb0354aefb,6bb565a95baa63b751f0e28de9cb2faf0f17a0c328555c00fe464b7aaef3da15,HMAC-SHA256-DEMO,AUDIT-2026-05-STEP3
842,1a3d9dba57707bb526ff124b,2026-06-01T06:18:00Z,REQ-000842,d4da98f8bbaf8c84670817a6,STATE_01_DIST_03_PS_03,553fe77679decc32f66d81bb,escalate,ESCALATE_PRIVACY_SENSITIVE_RECORD,P-2026-05-STEP2-ORACLE,3967359d0f567a80c6ecb56ccf202eb04ecb51f1196cfcf782c8229b57dd860c,bfddfc01d28be6c7b154e3502b110aa494487f167018fcb28a9ae52846525901,568661321bd8bee21f0c69c6e334e99441c2c905ebb9a1dd37daf2fedcbd8306,b63f972830eb430cb74fbc360b324576c565fc1daa8260e29fae2503c0d9adce,23b28dec526017deab957a53e99269567da63dba492942e5b98fabb9ba34856d,179724b570ea02e5ecea48d547dc6c6dad151bb7852789610b00eacb0354aefb,98413f096494668f78ce52427acba0228fa0fc5372ccd3b133a9a7e0e2cc2523,b729a249448447d39e40d40fb13d24b0497b447211ad2d8f3636bea19f1f277c,HMAC-SHA256-DEMO,AUDIT-2026-05-STEP3
843,87d6b41134482ad3dc995ae5,2026-05-28T04:06:00Z,REQ-000843,ade36a17fa7aeeef7c2513ee,STATE_01_DIST_01_PS_01,a7b62695b85e36e1524ccb5b,escalate,ESCALATE_SEALED_RECORD_REVIEW_REQUIRED,P-2026-05-STEP2-ORACLE,a31aebab654dfcc34f51ce8e0bfa70c4d3bae347e5544b8c47aeabc00f489ad1,5bcd5c2b1774fc3ae6fd1252a2eecefec8965801476ad27c51e3a212fd5625f2,8cc170d0d898e46f93e685722492db35afe405c75cd9a008470b5b4a2fabd640,033e33c974cb0271b0ce2bfb330955f82155cded57509edf0abadf131188d2bc,330a8d9a685ae022e001b4bdd334ac6b0683499c465af36342df7857193319c3,98413f096494668f78ce52427acba0228fa0fc5372ccd3b133a9a7e0e2cc2523,30407bc61d79bbf8e4e0116a5c2e58142d62b638f0b0d3b8a51008cf855cd0c6,d7c631df9ad61b716207bced52c60708677141d72169fc373c13972f236ebbec,HMAC-SHA256-DEMO,AUDIT-2026-05-STEP3
844,1cde935431f0d1d63381aaa0,2026-06-01T20:40:00Z,REQ-000844,0d893c2441da140e8c46fc54,STATE_03_DIST_03_PS_01,22934e416c5fb7d3a1737ee2,escalate,ESCALATE_PRIVACY_SENSITIVE_RECORD,P-2026-05-STEP2-ORACLE,850e9492e792f21e7d154185d8fe2910315007a048b05d9a8fcaa1c4a0507a59,c8d9bd23331c095f3b2d62b13f968635afb91cfe922559f463036c797686b67f,ef6c0668ac652b6bb61f07f3b5eb13a03c8255e61d48011992c47f646a0b5a5d,fb61dade76c0af3a97b85b2c7924e66f9883463d0167e954e31735d6160b0594,5308432b86a358066ae10aaec7d2295ec2ba3d6754d50b3e3797077e71c61f2d,30407bc61d79bbf8e4e0116a5c2e58142d62b638f0b0d3b8a51008cf855cd0c6,562e516519a2f0cb10bacd971b1f776713ea0b2e65b68236e9df1f6627ea5be8,e131883cca0564209cc5f085982eaad91d7433eea6aa8b1b214bc63eeddce04f,HMAC-SHA256-DEMO,AUDIT-2026-05-STEP3
845,c2e7bb093921f41c7552b662,2026-05-29T08:20:00Z,REQ-000845,f30bb583158115d6451ff1ba,STATE_02_DIST_03_PS_01,cc15b0789fbb4ed267c3ed39,deny,DENY_SEALED_RECORD_WITHOUT_COURT_CONTEXT,P-2026-05-STEP2-ORACLE,2b768b71ce2fc9fe77553b82ecc66129f780990bac000e44c8b75e5639a87d58,a00e20263f31c062b9d530e9e8edcc77433a6ece50e5ff07cb7d4c54255f8573,34ee8d517bc524d965f83fd3d13fa6480eb4cfba462957fdc6c65e8c102a3386,1084c8c192bb93c224ca0d93d3d486d6371adbc164e4621fa4eef12fbb326535,a489a9f7076966aef7d4e6f014ac1b0c9b7ee395cf1b70c3507d5ee7ceaf50bc,562e516519a2f0cb10bacd971b1f776713ea0b2e65b68236e9df1f6627ea5be8,73efc3e60bbe7959eb282209dbd7c0dd0e2bb8554d48ad83178df5779513c13f,332851f00b10e9fbfcf6d7b591de3073761b64bea5e52cfc5980f51293d69195,HMAC-SHA256-DEMO,AUDIT-2026-05-STEP3
846,638d027f93f3cac3b61798c7,2026-06-04T05:24:00Z,REQ-000846,871e4c8cc36e0fafb27ef560,STATE_01_DIST_01_PS_03,1401f3e1054a0aaab0eeff1c,escalate,ESCALATE_PRIVACY_SENSITIVE_RECORD,P-2026-05-STEP2-ORACLE,35f1da1f4326f5cdced5f3f25cd2322f8327b9761ba403460939cc385ec34f87,1f2499437dfd55f00b618a15698c3f76de8ca787d7237460e53985278c6c219f,0871f1746dcdd47feb82e50e754402e49901ec4450a70231ae5d63c7bf799f69,e08a704e08fd43937ac25e3208a774f69e1767b148af67d940971c189372c953,8898bc8b88b9a7e72e4f393b712e78c5277d7c017e56480b7aebd19b75478bfc,73efc3e60bbe7959eb282209dbd7c0dd0e2bb8554d48ad83178df5779513c13f,d2a27f4b78be4491d05be04630af57b30044c7f4aa80e9358822149e089bb065,c04ae914bb106b0ef92425821711449ac5d543f1812f08802a8f5d472936f2c7,HMAC-SHA256-DEMO,AUDIT-2026-05-STEP3
847,c8ae926f8f59e3949e83140d,2026-06-02T11:17:00Z,REQ-000847,adb77e6ea2a2edb0afc7410d,STATE_01_DIST_02_PS_02,c0c7c557fc4406e62263bc58,escalate,ESCALATE_SEALED_RECORD_REVIEW_REQUIRED,P-2026-05-STEP2-ORACLE,6694c334517a124c790dd43888f1dd59e926b67dead037e8f89812b4c95baff5,e8c2150dafd0828552d32ab63e9abd550cc819d59ecd20ab7fb4f5c92dbd0ce1,18b686e00b320b891258b2d8ba5acc3e00a5d8ec1777533ec1f82df176438c64,cba23b1db3209d26feeed0576ba0169eb4fc053c46e93638c18aee9a4caca0ad,fdd2d504410f07128e95585049026c416bb8d10497590a61b303b0e8d45c38cc,d2a27f4b78be4491d05be04630af57b30044c7f4aa80e9358822149e089bb065,abeea933e4cedd29e4ed69cb5d3446ed0b1c80c92dd5107e420fa23368500865,fb15c9351d439f0024e99c0a13d17a6db3e5962f1164087b0298f38430752d7f,HMAC-SHA256-DEMO,AUDIT-2026-05-STEP3
848,6d7311757fe3d90fd4ceaefa,2026-06-01T07:12:00Z,REQ-000848,fb4c90a703ac874dae2f1454,STATE_01_DIST_02_PS_01,8e67f9c2d6007f18c8de9209,deny,DENY_SEALED_RECORD_WITHOUT_COURT_CONTEXT,P-2026-05-STEP2-ORACLE,6b35d215570c376e946afcd31df78eae6a0948b938b005f0f215b4fada021fab,1d3a1a8cdf29b97cafa4ea14c1b286a5723353fa30d702431db8e252abc5a8f8,145ebadd0222e529c62a10b01b59719ca6e7314e1ce604c07f0b443e391d44ad,a3feeac83efc65f088e6bab1c2a8e2aa7d71c35f8516a686d18a8ad8e49f75a9,30d87031c7d25e26fdc5bdfb8045b5894be06a1e2c3a20e3cbba4a6f6eb8b1f7,abeea933e4cedd29e4ed69cb5d3446ed0b1c80c92dd5107e420fa23368500865,653ae5cad1e4cf3bbaac65f3af48de075bfed2f99b6d6f92e4c8f0eea134cadf,23800fb1bbc7ba90fb6f08ce9c2d7ca6eb6d7cc66b9d32d71c2b98219009c4df,HMAC-SHA256-DEMO,AUDIT-2026-05-STEP3
849,f099efe4a6a9a7595fca9c8b,2026-06-05T10:24:00Z,REQ-000849,871e4c8cc36e0fafb27ef560,STATE_01_DIST_01_PS_03,71f432c3cd7c3375e794a73c,escalate,ESCALATE_PRIVACY_SENSITIVE_RECORD,P-2026-05-STEP2-ORACLE,4eb98224ce9d6a6c5d85fab8a0c6fdf49a0d68dcfb216de26038232568676a94,e905601247c9014b11232273a66004e29079f28b139c7ed8fc5e4f90c2291b4a,211797d47df3412773cc1507bc328fedb40030511e0678cd483888bc4c87345c,26b8b5f166f3fa35fb2c30779bb217c85568f7943aa9b2783caeb4409b8c40be,7abeb0cb465985ad102c8ff446a23928f4acdf38ae1fb3b95ad1297fc7ce2bfc,653ae5cad1e4cf3bbaac65f3af48de075bfed2f99b6d6f92e4c8f0eea134cadf,0eb3c33e5f46d3c4f6d18a6db9ff83eb22632949b63312e58dcbe5a9254c239b,3bdda7d7c625a97e7731d09103d7b465eb181e67fb33fb3dff7a85c4444b86c3,HMAC-SHA256-DEMO,AUDIT-2026-05-STEP3
850,4a63ff36ff22c4d7bae29b1a,2026-06-05T10:40:00Z,REQ-000850,fcd532f0d95281220fe7337b,STATE_01_DIST_04_PS_01,9ba3222b46677adfe4b27463,escalate,ESCALATE_SEALED_RECORD_REVIEW_REQUIRED,P-2026-05-STEP2-ORACLE,68857f332473efdaed10d4e808c1a73264d7a5a912db2badc0366368222ef657,7a32649e27a45a01362592623927893d91cc764c59839f398c352469cda02768,0aefa9dd75f911ffebf4dbe6f2017b1e993ffedb3505c099c7d7d6976efd42d3,57940081f9200f490c390a101c6d78e3b892268f28ed03040b021d0dd3fe76b1,f202478d994975723a34017b794e1dd2f3e91faa83fab2176e142f1557aaba6c,0eb3c33e5f46d3c4f6d18a6db9ff83eb22632949b63312e58dcbe5a9254c239b,7e8920df99959f48f05d12e17a52504bb7bf43c5480e10c0e1b3af398b97dc72,185ff9f1e8847e2f9bff90325153f65c2a35c5affe045b1e7cdeed02a35c5306,HMAC-SHA256-DEMO,AUDIT-2026-05-STEP3
851,71c2f25f04776e379e7f7eb9,2026-05-29T22:55:00Z,REQ-000851,4857d6398585bfa5b41baddd,STATE_02_DIST_02_PS_03,b1ef8bd2a5615b92e3c7daa5,deny,DENY_SEALED_RECORD_WITHOUT_COURT_CONTEXT,P-2026-05-STEP2-ORACLE,793e93a56c3e92e5433257e48835422ba64d234eac99b44f8fc7795ada5a7fd4,ae16be8b38fdb4c2057500eec3f838b8b1d43161f2511a7e9be649c26d57457e,1390b3586dcec9a7f1e9d52b879d39f28851573188f648f19648d4ff3dc2e09f,a22ab8d2b855c16dfeee6d991cea25b3b1cb780c5e315007797200d42a3fe0a6,8fcfcb83eff932e1aa1090165f7d9b94f405e2b94aba6940d520b55a0822e551,7e8920df99959f48f05d12e17a52504bb7bf43c5480e10c0e1b3af398b97dc72,e014c7388c94a48413c24c1f108e7c61e57380da37928b79541318acdd9c22e2,dd2b3f56f0910cb21193ddf5dc5a0547edfc89bd173b00a7e73301a96c629c9c,HMAC-SHA256-DEMO,AUDIT-2026-05-STEP3
852,0180078efbcd3ddd3c15195d,2026-06-05T11:12:00Z,REQ-000852,f30bb583158115d6451ff1ba,STATE_02_DIST_03_PS_01,227c461d84e121aa1f3cf1a9,escalate,ESCALATE_SEALED_RECORD_REVIEW_REQUIRED,P-2026-05-STEP2-ORACLE,02557972507b118dfa0757362b19950a4f0259bd9fbb1b04f8587684425c1042,257fa3aaa21a07e7fab412fdeb0593b1fe9a0917763f696dc155aba9748578f3,1b034c0df87df473f0804a7c4084d9a93c66772d62383fc1d29b3b0c8449f0ff,1cbf1f16a3c4e5f9eb5e63d161900e4e53186cbd1f0ff794e1011f33a62d8dad,d8a933714de5b7ed30e2e8ab7baebed918af5e3d4fc6a4d036a207715b754c29,e014c7388c94a48413c24c1f108e7c61e57380da37928b79541318acdd9c22e2,a05bb4a0275e2c873cd321035fe515c2635fdd324853d067dbbf3be0758c6960,aebe333d971a77e7a9eba2c91614a542466896e346f3c9ac57b4e4268e242ca4,HMAC-SHA256-DEMO,AUDIT-2026-05-STEP3
853,a0babe9a3853076635dd2755,2026-06-04T07:02:00Z,REQ-000853,6f9812bdfd1847e653ec5454,STATE_01_DIST_01_PS_02,843cf898ec16befab9bb0dba,deny,DENY_SENSITIVE_UPDATE_WITH_LOW_RANK,P-2026-05-STEP2-ORACLE,27aa90253d5cabf6a08398e0cc6034cf911f1d6df13617c705d99e9a43b67235,67643b172a8a72082cb82b84bb0ed90264edeb49201f6809e51e54ce54fdbf4d,1710c97010d45922e799605a410e702d51abdd86b6af3ee190b01ff5e2d45ffd,f9646dddb4d9ef6975f364178921ae0afec3088055b1f31131c41b5a94e35b9e,9d6fe901ee088a02695f9ffaf22d0fd9d98db5dca219c383ddc766451846cdc0,a05bb4a0275e2c873cd321035fe515c2635fdd324853d067dbbf3be0758c6960,0b6ba15f0f119bbb38543971032cd4fad2aef424913e45f54ec9982179fe462a,8063379509f094b68c36be7ccf241f56eab2f09d10fd56e85fcedb22f89136e5,HMAC-SHA256-DEMO,AUDIT-2026-05-STEP3
854,595e8f43b5aa213f0a9f7662,2026-06-05T11:44:00Z,REQ-000854,17c3357ea795f04352db1db0,STATE_02_DIST_01_PS_02,9da541f8b8af7d40230d7193,deny,DENY_EXPIRED_APPROVAL_TOKEN,P-2026-05-STEP2-ORACLE,8243dbc4a5bcce908a423e58ac214b6790eb55b2730c5b25503135edfe1ba058,fa5928e83bd41e39ddbcb26c8a9e049bf2bb5713e9f5a460ee334d2f5a14e0e5,c2af75bd39706d1cb145d76f8627115ee7b11823ad169b319dfd88b0e6107d73,eedec35843bea1f920162f529d70ab2bd111c6ea4360e044455419cd70301e1d,d651ac7cb51cb56e783f07567976a157fcf589e3ac8c7ac533b3b47e2a359e52,0b6ba15f0f119bbb38543971032cd4fad2aef424913e45f54ec9982179fe462a,70f6a34e53f391fbf244fa1801fb44e6d5d257661c7cc60e1afa01a9fb58bb4f,152f043a822ba7090da194aa30af9b02ede609053886822e86c763a099ceb531,HMAC-SHA256-DEMO,AUDIT-2026-05-STEP3
855,e8ecb8ecc2e275041d94e7ca,2026-06-06T02:15:00Z,REQ-000855,cd7bb6b37a4bf493a6fadfea,STATE_03_DIST_03_PS_01,5cffb8dc75d9d131aa574db1,escalate,ESCALATE_PRIVACY_SENSITIVE_RECORD,P-2026-05-STEP2-ORACLE,b7db3ce1dcc0317961a78eb6846f56917e7385d9f07c6ae4d86ffbd96482ad91,9c16d0cc063c2e92a3fd09c4f05a02bbde0b8bf788d506a4a50c5e92b01bcebc,ac59adef1fb96cfc18801bf6a15983a859d01a7c99fb9a41043b4d6a67b74742,613d792da7f5cc2442518c3fe684cf346d4d5dd6ece01e73497c04a448ba1923,c994bc9c9c20ed50a75e3911f4467d70df72780116e3e3790e9828229e9c975a,70f6a34e53f391fbf244fa1801fb44e6d5d257661c7cc60e1afa01a9fb58bb4f,015cd07da97205d64050bb427e2ce3da7919f24b885e4d6f1dff5757a3053c47,532741176f8c22d276b5a3d9b3dca94f4cbc5a6e47ffb1acb66384bcb7c267a1,HMAC-SHA256-DEMO,AUDIT-2026-05-STEP3
856,3a75b2e5e5d145fbd76db9bb,2026-05-29T09:04:00Z,REQ-000856,c0fc3111ae7a563a9f54250e,STATE_02_DIST_04_PS_02,fc530ff7f7f640ebd76d5d3f,escalate,ESCALATE_PRIVACY_SENSITIVE_RECORD,P-2026-05-STEP2-ORACLE,3db1bbc2836c8978ade1e8e8b59c5f24dcdec08f6378f3ebda97613b5e072aa0,2f0a579bad7d10bc703a4d25f1e7f718626a11a9feb391c2b03e023ac279ed94,6ea0cc30e7034b8b2bd35d8c14208bc17446f2095358f7444053c30518b18901,9f823879aeffe1ac9afceaa0a579aa7d4843030fe3bb831707b51351529a8996,b1d520f2ff041ba78a46ba3b130cde5038b6d64f40669f906911a071fb84bf39,015cd07da97205d64050bb427e2ce3da7919f24b885e4d6f1dff5757a3053c47,ebb608e5c530d70ba7072803a16a62d1adfb497e8bb87ad35b5bcf9ee17328d8,bc394d1a6d54f118015fd178fe53e7e49c8f3d4c10068d16dc05273e50b7ddfe,HMAC-SHA256-DEMO,AUDIT-2026-05-STEP3
857,1eedb11178957f1b486e7241,2026-06-05T12:32:00Z,REQ-000857,2b64c21367370d53935a5e0d,STATE_01_DIST_04_PS_01,957a61b122db170092250b9c,escalate,ESCALATE_CROSS_JURISDICTION_SENSITIVE_RECORD,P-2026-05-STEP2-ORACLE,8de97fdd394a823a2a4b8de9fc573c73795c429043d94c35d8b97d9e2bda4c80,d8d5fa97404ba05712b26a2d5e4bf8e73e9866e3322805255d6f3f70b8e1a999,12b50d468d1883bd204211c369712d6f520c57603aa1b598e807c356773d794d,4f99b2a0a95d7c7c59ba3b0c6599289cbf5d966c63183674e7fd332896938f66,0e4e41c0376ff0ecc4acc02ab1a9c1f76a08d20022d95d7dd7e851566945cc7c,ebb608e5c530d70ba7072803a16a62d1adfb497e8bb87ad35b5bcf9ee17328d8,65209514838d8abab77b0e0575fa26d0a0202b9016eb09bebfb997a6a059a2af,5c5d6651f94981219ad2f428f134d3089a4cf467b2f6a66daa3f0858722254eb,HMAC-SHA256-DEMO,AUDIT-2026-05-STEP3
858,9ee2377e5b10aa38dc4306e6,2026-06-01T23:00:00Z,REQ-000858,c3da23329ac65eb7b3af694c,STATE_03_DIST_02_PS_01,118bf6e235079ff659306fe5,allow,ALLOW_ROUTINE_CONTEXTUAL_ACCESS,P-2026-05-STEP2-ORACLE,a85ccd5b466ae55d03ba25a8210d19c9cc0d090cbbc2f74721660cf4c7acf28b,384bc82f090d5421370627ec1e1ec4ed7b0ca76f82b01917dcbfb17c75a780a4,7ec588b012e093bca53d948785b6083c3b8074d07202569cdef56e8c29685212,99ff9bba12c32722224e06e8567cc4266299424523f41d97dd75dd0a849acd24,2dc2534640dc61a096e00649bd968dea6de22682a525e3ed90581ae323ae6bed,65209514838d8abab77b0e0575fa26d0a0202b9016eb09bebfb997a6a059a2af,a552396ac958be0e35accc55fceb15ddaef0940808cafa9b12b5c044320bb677,56627d8b9ed27da12900f20f61dc68842e8e1791d5c783154031f68daf14151f,HMAC-SHA256-DEMO,AUDIT-2026-05-STEP3
859,91eb4a57e78cf9a93d6298c7,2026-06-06T03:23:00Z,REQ-000859,7fa77f7b07565190b1b9a0af,STATE_02_DIST_03_PS_02,4c70d73b13a1a3705ba4515b,deny,DENY_EXPIRED_APPROVAL_TOKEN,P-2026-05-STEP2-ORACLE,351929be9c065c79e4d378c1abe0995cbfb00f0e1bdadd222de58998590dc99a,2245d0072b2d019a0c727896e90022f9323e146c7180eff6806d3000e6a984f1,6aa2d084e12c1c2df225eb57bf5c8be53151742e9e803377e5d92a5ae214f2e5,6b911f5e25f0f1fbf1f6df1984cd4f1043b3f38a6a8d86448745af399bf58ff1,d3bc7d633bf5bb13d46a18ea1bea6369138cd976f7e6e69409a66c5e2b1635e9,a552396ac958be0e35accc55fceb15ddaef0940808cafa9b12b5c044320bb677,1f862249c7af69ca77eef45f55ba3d9fae837459f7cf1fb12e6686636ed4167e,6808a083fde16b1faf8a40cbdcaff20a23a259814bfd4d7311011ab669d57f26,HMAC-SHA256-DEMO,AUDIT-2026-05-STEP3
860,7e8f9c32bf5020398cf05672,2026-06-04T08:40:00Z,REQ-000860,b20f60775fe6a25591c31932,STATE_01_DIST_03_PS_02,d5992de3faed601edf297932,escalate,ESCALATE_CROSS_JURISDICTION_SENSITIVE_RECORD,P-2026-05-STEP2-ORACLE,dd06c0c8356b5abbfe44b28953a41bba8556eb8ad98737528a56e84314fcda53,ab3153195bfff6ab73ef326d6cc898456d34e5e24a8db8ddea9d08a9313fb035,f56a9096654fc76d3320384d587e9750033a6fb14321f024f554bf95c2e41cae,a961ae89f05ed2ff77162034eb8a83cd6a5179c243ca3186ca4579602e4ebbd5,dfcec026903beb7c177d65ea8a1b51f30e0541d56d402b9d1e015b3c98ef78f3,1f862249c7af69ca77eef45f55ba3d9fae837459f7cf1fb12e6686636ed4167e,9a7536eb452e40552aea0a5804fe4105d08fd790b361223438e935b2a198cc07,978c4302a33c35bcc298b711fd8b0dd9f1f9c59da8cf9a9d9d39b7ae152dc14b,HMAC-SHA256-DEMO,AUDIT-2026-05-STEP3
861,282f30da5cc4fe270a209013,2026-06-01T23:30:00Z,REQ-000861,c078db1796c2d8c169b84669,STATE_01_DIST_04_PS_01,24b2390d4286ceb3b5cac194,allow,ALLOW_ROUTINE_CONTEXTUAL_ACCESS,P-2026-05-STEP2-ORACLE,cb27eb9f909b0f097ae7d3a58db0248ba3b09c17c82bccccba452a15291a5d55,5c8476cbfe0e6f0e70f8461604b655fbac1347a3351926a8a5e6ff007b1a4a55,fee96040528844e1a46992e6c7ea471b528fc9437e85bbafdae44c0ba4f27803,7c77fe01b775aa252a40d65f64290ef0956711ca89eb2d852829e7e1655af25b,5f595cd2ec0802b94fe9c8dfcf8f5450930ee61477ea3458c590cdae250be948,9a7536eb452e40552aea0a5804fe4105d08fd790b361223438e935b2a198cc07,aad9ba15b05c0101cb9752d19ba567c6c94df559b8b362922cbf6a77b4f46262,16625be6b5a61947f953947f296cbbb00720cf0f4de208cd0f3f9d7f464926a3,HMAC-SHA256-DEMO,AUDIT-2026-05-STEP3
862,fa44568b2f72ba38b7cdcdab,2026-06-03T04:24:00Z,REQ-000862,7ea4c7cce178f9ad9715431c,STATE_01_DIST_04_PS_01,db675945c3a004fc20e2e374,escalate,ESCALATE_CROSS_JURISDICTION_SENSITIVE_RECORD,P-2026-05-STEP2-ORACLE,0bbda370e5e4fc0e10d433859bb3e141896764217ebe28d8a1e7ce5367a92941,81ffd2dac5b067477f83bf8492453fcc91c010fc106fd23521065bff3bfe3cfd,019eb71de9c0d3c14a850279948035fa19f44d7063b3e93203b0926bf5df1634,1670a14141811a47bf03b18fbcd318b142b31dbc158e8a91bdec245cb0159727,61546e0bb22f087a1b1b4924feb95c66d98cbfdd8e102fade4ffec9b5782c737,aad9ba15b05c0101cb9752d19ba567c6c94df559b8b362922cbf6a77b4f46262,f9d5c3a2752f1a5585a4152d1239ee7198ba18a521819b4d44aea797e32a279a,27e5d23a81195fc0d87b1ca00e04419dc98e8fbaa83db706dc65523f004029c6,HMAC-SHA256-DEMO,AUDIT-2026-05-STEP3
863,c95cc4454d037054e347c018,2026-05-30T14:18:00Z,REQ-000863,b0f05da9786602e3afcbd606,STATE_01_DIST_03_PS_02,3280828e601e84ca37579d0f,allow,ALLOW_ROUTINE_CONTEXTUAL_ACCESS,P-2026-05-STEP2-ORACLE,a94f5c60b0ae086a92d66382952fa3491376b6fa05515b624fcb43b4e5f1802a,bee63207332a1d5a8b19043dcdaab51f5bd628100b11b636d91f7fc2c751e7cd,ce2e02c1fd9d9151451b73cfb8cb68f2522eaa39d5de059b38dbe9bab8387ae3,84b0bef28d2e71f4370502548e35ba904c79dd50104b98a001fe70bffacb79c5,7d18937c75063c0babfa1d86a2776ec617d3adcfe5e42e2e4865ce6865aceca4,f9d5c3a2752f1a5585a4152d1239ee7198ba18a521819b4d44aea797e32a279a,2dff2727190b682056da8171863c98d57726a05bd25af7ab76943828cb2b124a,9fde48ba4f3d549b31b11196efdead284510f7fe3d341ab9aa9c5d258b77b84f,HMAC-SHA256-DEMO,AUDIT-2026-05-STEP3
864,28729736b2e4a285e16ecf29,2026-05-30T14:24:00Z,REQ-000864,a1e23926bdb89d718dc0ff23,STATE_03_DIST_04_PS_02,0ac94723ae44317300f73044,allow,ALLOW_ROUTINE_CONTEXTUAL_ACCESS,P-2026-05-STEP2-ORACLE,e76ca55f70a278f5341e0477762f9e353fceece1d0f4ca59be32df633dcb8ba4,7e6cc13d6b3d599b0b7c5f625337e8d010108a164cf9be217cef95eee369f5d6,b204f8b82ff8f3eb2e30bc9dc9b14b610e9b4eceae0abb6cc10572e980948ed7,81b19614eb7d511737ec7ef823c2aeaae6816724e996ee69f16e1b05f6e664fc,0f66ddc6fa7084c4be793cd10147f965a1016d563fbf6c30deb298b2bfd4ede9,2dff2727190b682056da8171863c98d57726a05bd25af7ab76943828cb2b124a,e81496426d8800d8f15b1b7ea7ed7f5c4a07697dc2d9566cb7fa17b69ef2ba6b,9ee2a340bbc8ad39313fa8499df347606bd42e13b5b8ca48b4c7816ac867fe81,HMAC-SHA256-DEMO,AUDIT-2026-05-STEP3
865,6f8526c5f8e0d8e7c7a314ed,2026-05-28T04:50:00Z,REQ-000865,cac9c828654d5e683b80f1e7,STATE_02_DIST_03_PS_02,8a1855c9f0da9b257d4efc0b,deny,DENY_APPROVAL_ACTION_WITHOUT_SUPERVISOR_RANK,P-2026-05-STEP2-ORACLE,5a0eb2c408d37104cea272c398ee4e17b8b996b97859f31827237f8fd5f0b540,9fa1934e3c7ba0c557469ba67c23f2b347a61d4b2cc15ec3b209efd13888d25d,b29779d46b69a15a81e94e915d4681004bd494e4e422318c17a3b2f6c881ee67,a889188771830106fe90528681a3618c03954552b2698495177ab891ea8a59f8,2f7691a11660292d960f957a9d68a0c9d11f28eaa0e241b94dbcc0db747bdf73,e81496426d8800d8f15b1b7ea7ed7f5c4a07697dc2d9566cb7fa17b69ef2ba6b,577a25f250cf981ec33320a87de0d7bee1a5b3db08bcc7dde7cf2f6481577818,72eb2a6d28b5701c31a859f23473741751e8389c8bdf46cc87bf9103ccae2874,HMAC-SHA256-DEMO,AUDIT-2026-05-STEP3
866,09c779340c1609c80709474b,2026-06-01T09:54:00Z,REQ-000866,43619f9291295cde078ede73,STATE_01_DIST_03_PS_01,0e3921d29d1dc93c0c973b8f,escalate,ESCALATE_EMERGENCY_REVIEW_REQUIRED,P-2026-05-STEP2-ORACLE,fd78287213780b3f93fd6f3006f34bbac6357c4feb586b8cb142dabb70c7844b,af05ecfb749bdd75ee3242a1a56bfdbc57b1a3a2c1409d22c3493d745c9201c0,4f0946e649cdf5c8782aca41a8de6c9abfa5ca5bd0d4efb9a36d8ec98b4e9ef1,1a7aea1aaf241a78b6191dff74893aa34bf48d13f81f355d9680503647459a5e,5a9b6ef45d6ac5dbdbbc5e55724a3a88c35ed8b89fe2dd82beaf105a194f86bf,577a25f250cf981ec33320a87de0d7bee1a5b3db08bcc7dde7cf2f6481577818,041569f615602654cd8de53d1566e22b6eb9ec1caeea80ea9ac8c77d3bcb1224,644f77a50fcaf13b2e8acc940eeeb285b6e11f91f3d3227efbfaf847dff7d61d,HMAC-SHA256-DEMO,AUDIT-2026-05-STEP3
867,fc5579e9e77783b94602a14c,2026-06-03T05:24:00Z,REQ-000867,d57f9cfca107b054602e3afe,STATE_02_DIST_04_PS_03,bb0ee20c0620d29fd7232596,deny,DENY_INACTIVE_CREDENTIAL,P-2026-05-STEP2-ORACLE,69bef7ea0977b6c70d1f96b6b69a7d2a1f13e0271f16ef773a0eee5779c5191f,7732a88edd79586ef00c702679feab6af8467faf4a33a358970bc8774a47639f,8dfe939a0676167b43f87438cb44e55f604ffbd77451c06339655d713fec9201,2550fcad7c485992a63896515dc30d785d5228b386657b88010e15f36020e91f,3112103f8dcc5010ef2c129df734bb32ddf3d4b05e8eb16586458f1d4d0cb236,041569f615602654cd8de53d1566e22b6eb9ec1caeea80ea9ac8c77d3bcb1224,99a9afa5d5cce1dff0d52fd65b2998b341bb8b35696a34a4b61c518925b91902,8ee12da42a6f1041caccedf2f40649c04e468946fa4bb681d3922ce2c9f6f893,HMAC-SHA256-DEMO,AUDIT-2026-05-STEP3
868,4a46508f94526cad9674a4ad,2026-05-28T04:56:00Z,REQ-000868,73b99e563b8590d8f1f3488f,STATE_03_DIST_02_PS_03,081f8b348eb32537b20fc451,allow,ALLOW_ROUTINE_CONTEXTUAL_ACCESS,P-2026-05-STEP2-ORACLE,634a25e46414551f775151d6c8beafc204965732417090280a5bb0a67b3599b5,7dfd8233a0d9234ec623096e4739c84067b2745b8f3540cf65ea61a73e8d9ef9,4e18238b10ff2924190986d802294fcf558d7f35a82e64c739c5ef2406838efa,ae62e979f4b4b63d0bd74078324dc082985630a7df49715716db5867e863e114,2245bb8d54b489a3c755872be2991d9424e5da694e756994c07eef3af1d11a9d,99a9afa5d5cce1dff0d52fd65b2998b341bb8b35696a34a4b61c518925b91902,794ce7b635905ca157c912e569ec82a253defe4e79c76e4a174956d226ed80f6,bc87e92b3c15877dde40bb585604bbf7299b0595e43bd7da6146089c1471fbcf,HMAC-SHA256-DEMO,AUDIT-2026-05-STEP3
869,c5b3a58722deab9e25c67af4,2026-05-31T19:52:00Z,REQ-000869,3d428018fa91d9e32fcf8296,STATE_03_DIST_02_PS_02,0e67d609ea46cf7a4eb4513b,deny,DENY_EXPIRED_APPROVAL_TOKEN,P-2026-05-STEP2-ORACLE,fdd28d3b8bad1f0015a1d5b5d3a00ccedd2f2e8645f83227bbdd969c61615604,813bf8f66159673160f365027b31f865111e030930e8546c57105890e5b27fad,939813a0f41434f85acbb4b07c6831deaf74921c5397811d556b420323412513,796d3a9d174ec86ec57bed3b399e3c1450dbbff7d3795d0a40327b669f7318fe,0a0d4929c84d46905bcf1eb08ffd45ab9c3eb900c87ed049ecd46e725c88742f,794ce7b635905ca157c912e569ec82a253defe4e79c76e4a174956d226ed80f6,3dc35d49b2df3d81f2dc1cc23a78e7c59a501bd0f3e524b0b952ddb4fcbcf264,7714990e3c53140c091099bd5b86aaf5640e32afa8184e685a8d23283efd4fe5,HMAC-SHA256-DEMO,AUDIT-2026-05-STEP3
870,922f9e2ee9a9650a039bcd8f,2026-05-30T15:00:00Z,REQ-000870,8d450ebb6d2a4135d240f974,STATE_03_DIST_03_PS_01,427ff405218f63d90bc57611,escalate,ESCALATE_PRIVACY_SENSITIVE_RECORD,P-2026-05-STEP2-ORACLE,cff187152091ed3821220f020aecde1646507b402b7ea16c45f5b246cd47c864,115657dc7430ed5ca6c8b85bc64e284862c0ff934e41b79e169ffc731616161f,d7fbad0a8bf496f12dd805077638133c6027fe44329c8b8c4bed13357561a47d,21dca639d23faa685f1b1e5311a85cd44cd62f96a8039357565c174d8cc8ffdd,df98b3922340b779244f388da3230e4abb3df42d5097778a30ea0a94b7c215e0,3dc35d49b2df3d81f2dc1cc23a78e7c59a501bd0f3e524b0b952ddb4fcbcf264,f70a6534423fa65b742720d3943ad826934e078995ba0caafb6c6441d19ccd6b,4075ef28d7886251d3f4505dfac4a007927514effb1d52e9f237a33f434aede7,HMAC-SHA256-DEMO,AUDIT-2026-05-STEP3
871,63ff0e1408face2f6a2563b2,2026-05-30T15:06:00Z,REQ-000871,8287968c0e33f42b2e380e47,STATE_03_DIST_04_PS_01,75f04acfcb1add0751aa6da0,escalate,ESCALATE_PRIVACY_SENSITIVE_RECORD,P-2026-05-STEP2-ORACLE,33a435668e6f6f9a2a5031563be5f98d48ff4654e571ce05ca1ee4c191b9e425,ea57207aceeb343ff0f5a6a21e61adad9c9d477cc3e02e119fd05d6d737f7ed8,bf4dab43720bc1a85c20570a3d6384dbb0d72d814114a40939ae4c4d86caa0db,cb4faa8ffb5ebe6ecfff9e381bd753892acbfaf208f4562a2561c13d85189710,9511513472e97ac67cd4d321c133de6d16fa185272cc57f52b72ad7bdde24774,f70a6534423fa65b742720d3943ad826934e078995ba0caafb6c6441d19ccd6b,5d74b5728edfb3c1efdf4ec4e09a29ef600033790c792b57df34819a5321b0bf,7b2bec56b5f4911fe9583ee5463c5f95442be9883c838ecc62096bac8c00125d,HMAC-SHA256-DEMO,AUDIT-2026-05-STEP3
872,6ddd82045a5fd69f6a3369bc,2026-05-31T05:44:00Z,REQ-000872,7dd10e346a2e773cbf9da071,STATE_03_DIST_04_PS_02,08885d987fd222a58c5328a3,escalate,ESCALATE_PRIVACY_SENSITIVE_RECORD,P-2026-05-STEP2-ORACLE,6b952d76e8e29da55ba0364992cf9dd1f971df44a3da9c671975539446095100,ff46a85f2993e165605b6489d6de7b5c0ca68a3693327997439efbb707c5476c,954cb80f2d5b7a06e991d4d20403f0ef17e633c365f8ba9b5df7ecc0b58c8786,d6f5cbd879977280ed4bb41e9afe7bdfba3bd8f258cb78a1eb57e1c2c1bdee6e,ffd35a8ccab54bb01189eb4310c9294a57bf41e74b5b32f2df234e414ba63c54,5d74b5728edfb3c1efdf4ec4e09a29ef600033790c792b57df34819a5321b0bf,33dc15d8d382a7472a24bfef1f0ccfad46037e460ea2f7fea15d0add2b268fa9,338bfbe68925e64aa881d58eeb0d657a90b42b79e9af51db537bb816853e126b,HMAC-SHA256-DEMO,AUDIT-2026-05-STEP3
873,842bf9317127ec103f5b0f1c,2026-06-04T11:42:00Z,REQ-000873,5d29ee05d50fe82bba4375d8,STATE_03_DIST_03_PS_01,619c64e8eee97cc53178c989,deny,DENY_EXPIRED_APPROVAL_TOKEN,P-2026-05-STEP2-ORACLE,60b5330f3969a33c45c3c53e091ef00e5053f56ba663efc9e573dca3c285f75d,6820901350ff6a0cad96e61d9edbc9ef34e276a14b7d0ed516cde4711581cd66,f1071eb82bd1ed3982d5bb8a23dca2a0292183c506705111acd04684dfdb3f0c,1af05f689aa685a264d65bbca595b6defc45b03403b33dba4d39f5a819aba611,8ff80635a6f570b495a8faec776a77be048f819cc7483ed2f25f6ae43d633e08,33dc15d8d382a7472a24bfef1f0ccfad46037e460ea2f7fea15d0add2b268fa9,3d72deda6cf750d52fd96b4c7dfe0e65272a2a600d0240d6ddbf52176e8a8503,5bc0beb77f221e31160f5a3c1bb3be52b2b21cf7f856f1fabcf1f89626a83948,HMAC-SHA256-DEMO,AUDIT-2026-05-STEP3
874,97b998ce024f0a81b4c3cc2c,2026-06-03T06:48:00Z,REQ-000874,7ee6e3366f554e7379c63997,STATE_01_DIST_03_PS_03,ff9622bb7b9b3a8b0b41797e,deny,DENY_SENSITIVE_UPDATE_WITH_LOW_RANK,P-2026-05-STEP2-ORACLE,8f30c7c461e30d7226492f98ce16fbbb40722e3aebb0c3d0ef67d53c83c369a5,eda7a45a67f17b778615d5c25145c7e2b8d2746cb220ba1a9a75d36e1f1c30e9,c733dbe144069136682dc4894b246c268694ded6c4382a5545d54129509aa4ff,3aecfd8382edb85dca631e7629a012e819ce0bd16dee6c8e6d50895e2815b613,b8799663f94e4cb0455accea1edcaa44a81fb548dc346b3f069ad235c2bf0ec3,3d72deda6cf750d52fd96b4c7dfe0e65272a2a600d0240d6ddbf52176e8a8503,f2ac58b189b149ce04d505afffec40d731866f5c2e52d54129a9848407dc3ddb,7141c4469b919c08cf9be1c2f15574e75c553ccfc077e26d5730dce3f36670b3,HMAC-SHA256-DEMO,AUDIT-2026-05-STEP3
875,4cf2a2bba4d56ef41feff4be,2026-06-01T11:15:00Z,REQ-000875,aba84a984ee3606ae0d30a0a,STATE_02_DIST_01_PS_01,dc7ecde6650882062908b0d9,escalate,ESCALATE_PRIVACY_SENSITIVE_RECORD,P-2026-05-STEP2-ORACLE,31ddbaab025348a8f0d54b11cc3a53f9469d760abe838a599dc38fae35396dc8,2b69e3f2e3b48d0f15bad327783ae96e5dbdaee2d81db420dd5648f189ba4597,3dc8a6bcd3e3dc6c4e084dc401e365a857373cab12fbc5f91ff319e0946c97e6,11b01610888c2e7b3a595360580fe33094c1c4b1f026810bd4c21ec5842b256c,8745b9f60662982e2b3a11a2c25334177335d601ca98852f5fab45c1f189498e,f2ac58b189b149ce04d505afffec40d731866f5c2e52d54129a9848407dc3ddb,1754af9a9b08004ecdb4dc17825e55fd5735b89048749a7af52900aea51726f4,4b4a9861e207e8ecc877de3e6439ca677a5e961df59bb9d4bd4cc417809606f6,HMAC-SHA256-DEMO,AUDIT-2026-05-STEP3
876,3de791ce9bb9388eb042b012,2026-06-04T12:24:00Z,REQ-000876,46ac5b5381ef953a345ce319,STATE_01_DIST_03_PS_01,f6d31e1673c73f753e7204d6,escalate,ESCALATE_PRIVACY_SENSITIVE_RECORD,P-2026-05-STEP2-ORACLE,3a0d7bff040f933b63137b40a28dc8eac406ef67f71147bb327dea5746ff42d2,7e3c6087da39a3e47c1f0a8b37942cd9757528d38b1b6242cb26f8a85e134916,919403693083af93a0a365a9c78a3a4d12dfe154b64c1dd4c02264cb4d6a791e,6fe734bbd492519d91b7ca9c3f3bf7219cf3c9b88df077cdfc1ec8c6ddce786a,eb57f21ff324d2f2aa7633d42bfa5012bdbe0d9565ae13ee82c247fc976b7fc3,1754af9a9b08004ecdb4dc17825e55fd5735b89048749a7af52900aea51726f4,41dca627b4360ef3ed0701c61f3142e600caec3e9b9b523b24076a8295690ad3,a1829811aab9cebec1b49f36664d48974b1f2b85000cd4fa93571765aca0c3fb,HMAC-SHA256-DEMO,AUDIT-2026-05-STEP3
877,86fac5e77cca769195f937b1,2026-06-06T08:29:00Z,REQ-000877,aba84a984ee3606ae0d30a0a,STATE_02_DIST_01_PS_01,49e726acc09722614f006236,deny,DENY_APPROVAL_ACTION_WITHOUT_SUPERVISOR_RANK,P-2026-05-STEP2-ORACLE,6e965264b370207bef39851d7c3b92d11fd54bf2701051c953b21f20c094131e,e4b3e4590b4a6ba47a8560ca3d77321b64d865f0cb66d0eba452cbc8a6920b08,a291215d31e59b96d3a4f4b1c025abde221387c0983c685a757f7d4d9d3813d3,f8b6a6762cb68cb7d7e364234914e8532a8ce360e5365fb77034cb01bf05f937,3d7cf6ec5b76b6b4ceb96a20c436c747064a078894f43516a9c0a90ed8a22714,41dca627b4360ef3ed0701c61f3142e600caec3e9b9b523b24076a8295690ad3,5c132d961aecc238af18389c528b940320e7c6e94a64394b19ece69c5f7a62a8,cc04aa9895e5b17541360f29da1b56241a052aec2d3688f98fd4dff963ad69e9,HMAC-SHA256-DEMO,AUDIT-2026-05-STEP3
878,ff16053e09757bdfefa29205,2026-06-02T16:58:00Z,REQ-000878,f7c9b924c136028c31a62c8c,STATE_01_DIST_03_PS_01,b011cf5ae48f4ee0fa784772,allow,ALLOW_ROUTINE_CONTEXTUAL_ACCESS,P-2026-05-STEP2-ORACLE,834ea83c88a0588d727a2c2e3d35542cab7d1ff5a86fcecce44ad4364a7c9f37,795bbb70a82b320c89ab09cf4a10f0e7075866e594892bf45e0e6d3c54d82e47,ac3bd9632d8f64110acacb0a58c73729f6a3809315ffa1cd2c5b7e8e6c2c489a,56bcd70f6fa20a192a70cfb977cc648539f60f88863965d6acc739462b7790c5,5105938b9d0e5b3181bdc8ee2f6454de539caa637d8f6e17794bdd4204a0949b,5c132d961aecc238af18389c528b940320e7c6e94a64394b19ece69c5f7a62a8,665c5ef0a6047bb4e74a8bee81d64a9cb94d863b7b339d63b18afa43369a0ed5,ec8418495cbf1229831c46d3aa2e0e53629764fcf41262ffb6a2a97eb28b0ebb,HMAC-SHA256-DEMO,AUDIT-2026-05-STEP3
879,6c9dce041f14525bb9f1102d,2026-06-05T03:45:00Z,REQ-000879,0de9124a7d38c17a328e4497,STATE_02_DIST_02_PS_03,6fb0cf095de8d0193608d4cd,escalate,ESCALATE_CROSS_JURISDICTION_SENSITIVE_RECORD,P-2026-05-STEP2-ORACLE,5f07752a2a53dbb6d88d04c59e32511aa5dc19c03a30fdf6439f2368b08873fd,0d975d7d8631b2c2e306f5213ac08c2d0bf98a807b7aa59496db254d2e656d01,cc6f65d1953eeeedb3620cdafb91fa9ceec3aebd1d3157a6057eeff568ca5fdb,d8b9cd8df7332d914b811314380dd6dc383a3607f0bf4a5adab4e21857d034c4,c4c15dc97135bec2f99c7d8043872b937fe1ad6dc32100d6c58ead8a1bc64017,665c5ef0a6047bb4e74a8bee81d64a9cb94d863b7b339d63b18afa43369a0ed5,a1d8dbe4aea952331c7dc990e953b097fe8b6aac1f8ad026f59f50e09c45e373,8c370b49b1dcc7f57957dcb90fc87e13bcb6aeb4d46443cb4b2a4cd40d9ae1f8,HMAC-SHA256-DEMO,AUDIT-2026-05-STEP3
880,87e328076d7db6028819410e,2026-06-06T09:20:00Z,REQ-000880,72129b83faafabab27729edc,STATE_03_DIST_02_PS_02,7d143f54dd071d0e35912d44,allow,ALLOW_ROUTINE_CONTEXTUAL_ACCESS,P-2026-05-STEP2-ORACLE,df64496204fdbc7ab9b7b5af20d503d83bcdfbedf7fd1a8129c6e6a5a6952ffa,52da4b12116ca004fccecd5cfb3352880e5683ee0ed6d341611f61ec170c654e,cb568ff393c1fe3c4ac788b92b4f54e257a98cdb57346225b4112eab39f172ec,200c6cb499cc10763b6d8a3ebd1f5b88aba7ae0ab583f2e95867e346008d8b95,c79a326a405e4b0b3751c41a378e758ec3ca990762fd6635411de0b6fe7adef1,a1d8dbe4aea952331c7dc990e953b097fe8b6aac1f8ad026f59f50e09c45e373,fb2e7fe2a8bf643fe5a3eeb2669db83eed0a8d2ed0196b0d1ac142768eefe129,9a06ba586c894c5f1270d314c0e59c60464962757337fca88115534a27167b78,HMAC-SHA256-DEMO,AUDIT-2026-05-STEP3
881,06d04eebf2bb6be1d8a6b218,2026-05-28T05:22:00Z,REQ-000881,cac9c828654d5e683b80f1e7,STATE_02_DIST_03_PS_02,7e1af28dadbf5d983261b8b0,escalate,ESCALATE_SEALED_RECORD_REVIEW_REQUIRED,P-2026-05-STEP2-ORACLE,a4238e9a371c5f711b63261b57ddb53228d6a630407bf481882bb304870e3bb0,2fe2d93fc56efcff06a76dfb7e25cefa4f026720e44a6c249815fdf15e981fa1,1a765496fca1131fd035486c865b1ba508a10cb1960cdca72ea3ffbce01d20a5,1dde54d942c61653bab569a72814a993041933bee27389a098cc1d3421cadffb,849f4c9ae7a27473de57718b391a2ab151fca62023c0b6c3ae6ca5caaa450852,fb2e7fe2a8bf643fe5a3eeb2669db83eed0a8d2ed0196b0d1ac142768eefe129,a00b179255dc255534a43994a1ff1ad417bc51e5c7b8fae405f56562477939eb,541eccff4a625727277076233818187f7b6200ee7a790a46b04b0efe4a05869b,HMAC-SHA256-DEMO,AUDIT-2026-05-STEP3
882,d235065ae0c46c46413279dd,2026-05-31T06:54:00Z,REQ-000882,ecaec2b1bb689d9a6ebf8cca,STATE_02_DIST_03_PS_02,cf8ebeb85a2905cc60220b74,deny,DENY_STALE_CASE_ASSIGNMENT,P-2026-05-STEP2-ORACLE,e1a2a0e58f0ceb3a15662ca969d3cc5cd9e010fce05b25eb4e95f7a8bef15b78,daea16e141bfd710bfb9d204832eeb6499f0d20a457f62f710ef090fc83ff914,01a5137f77e4b8be0a8fb81a745fd46809df6f775fe5f76a0900eac9e0de3bfd,dc8a38a15c32595680a4f81fc6785250653709ce3d95fb8f3471864798a3e0c2,43a9799722e7e8de879fb7b0f4ac0dac38331b3b5008cb7c60dd70fd485d3bbc,a00b179255dc255534a43994a1ff1ad417bc51e5c7b8fae405f56562477939eb,98ffc7559cd440aa3d21afbe8fd7cd3624c40c9f750f84ca8e939e3b56811c20,66e44e6bf5fb055f8eedc335eff21229ecfb1446091ad3c4e44d89eb6804dc0b,HMAC-SHA256-DEMO,AUDIT-2026-05-STEP3
883,1705d8d4aa29e7a55731a4ca,2026-06-05T04:45:00Z,REQ-000883,3a0f3bfd087110a0cbe914c5,STATE_03_DIST_02_PS_01,8cd04623158a527d67db5be4,escalate,ESCALATE_SEALED_RECORD_REVIEW_REQUIRED,P-2026-05-STEP2-ORACLE,1e61cdeedf18bd7be5eae02acc50321dc5b5e3d9d40be36d75a5eb5afe7cf591,c7e2f5fbdd3768579560fd8893f9eff779f7f767888e18ffc20bd0dbcb365ae7,772478afacf215b4d92e7514320f660de4305002641ac9f7886854e9afd35cc7,ea3d221b060f06b8782153b821564b99529eeb336f38a01dfc4c30f316097514,891293d8a84decfea1b06f5841ba60cb7b9e5d19dcea42f0fc36b2b0dce27d89,98ffc7559cd440aa3d21afbe8fd7cd3624c40c9f750f84ca8e939e3b56811c20,3a5b2e6cb2545f2a91905dfefd04c9b29fde2b5a87d4afb1716c1f0b090b1d12,7e7c6d98307369e94afa98dffb347fcce5a14eaeec0286872224c2bea40ecd9b,HMAC-SHA256-DEMO,AUDIT-2026-05-STEP3
884,517999c17b53df5e9e924216,2026-06-06T10:28:00Z,REQ-000884,316e4edba94c2b3868db8ac7,STATE_02_DIST_04_PS_03,192d3abc4719be38c5ecb6be,allow,ALLOW_ROUTINE_CONTEXTUAL_ACCESS,P-2026-05-STEP2-ORACLE,88d76c155c4cf96ced3e4bc0d8046aa8955cc1a99a428b98cc2abd87dc883b16,1a1f229c24b20ef75b95677d711554f30524c4a2083072d1eb6fd22f6103e61d,36a9f7586860286b8ceb92e8ec86e9cee044981dc31e01939bc7d65c266ad53e,d7533dd913e12716eccb3b4e5d0a5a89540200f7fb8fd428ddebac466cfe6789,a5617e623d3d3f042626d5b9189b3365494a5e96e0ec99444ff6e97f8fd508ae,3a5b2e6cb2545f2a91905dfefd04c9b29fde2b5a87d4afb1716c1f0b090b1d12,15af66816e3bd457535431e8141a391524a911fa40a9c4862e70d915021d4a24,2912c74b14248791834e9266b49a04b3b0929ebb54b892c0ee0264e45b0afa9d,HMAC-SHA256-DEMO,AUDIT-2026-05-STEP3
885,34995c7de7e119f8f6fadd92,2026-06-02T03:30:00Z,REQ-000885,61f9c30ebf940f606c1a2520,STATE_02_DIST_03_PS_03,50360c189958ca7d43254c7c,escalate,ESCALATE_PRIVACY_SENSITIVE_RECORD,P-2026-05-STEP2-ORACLE,4962cad424db7d1ff936397f5ffbde330692c077a0a135fdfa7973f4c59ed631,8e10046d0b64160ad28806486df0a33df92788314226d6bf01f5f7e998e17ad5,ff6cb50345fb4b34b94d098f95e335c8f8100d7fcad310548405f9802fdaeff6,1c28a1c9d1c06305679620c611d3c1ae1269a31ea3102f8aaf249524b92e7e86,f6a4144c6747a41f1adc286942725366b1e546b7c6946ff3d2c203590bb8821b,15af66816e3bd457535431e8141a391524a911fa40a9c4862e70d915021d4a24,9219c79eff1c552fac7f07db2a05fc866594e51394e1a8bd9f819a240aff7431,d8c8738d9e03246abf6dba1a4dd259002b98e0c9e65e47ef5eefdefb43347712,HMAC-SHA256-DEMO,AUDIT-2026-05-STEP3
886,61950deba1e4b3f63bdaaee3,2026-06-06T11:02:00Z,REQ-000886,733b1499389b250473119b5c,STATE_03_DIST_04_PS_01,76adbb3fc2521f255ea8e9c6,deny,DENY_APPROVAL_ACTION_WITHOUT_SUPERVISOR_RANK,P-2026-05-STEP2-ORACLE,336efe8e509980088d69f486ba095385b7a45185b7984bdb1fb8f12b498cca39,fc52188ec7a5415ddf924e1cf417b005f1c58d9ae3a227b7fef60fd3e45f65a4,826cde5d4bb4c4d5e2311546570dee871398aa6160b44d07928724dfe8395f6b,6d0c207d629202567d3e6402cde70b35cfb8a27c6af3338f1d98689035c367d1,f55ca8879f1d2a3744f67c79da02788d37c841326194f53ddebe4e8947931b85,9219c79eff1c552fac7f07db2a05fc866594e51394e1a8bd9f819a240aff7431,4b1e6ff48ccffbb41663ebc577d236f83139821a4d407240e267453a3d70c131,f8af97bf3dbcbfd85167410da5e4565c9fd265a65e044cf2154a4792f5d65600,HMAC-SHA256-DEMO,AUDIT-2026-05-STEP3
887,8f567d9dca5577dcc0668a12,2026-06-02T03:50:00Z,REQ-000887,a2884bcebf8616c20bdb4688,STATE_02_DIST_02_PS_03,3f62490bb6003e08aff86a5d,escalate,ESCALATE_PRIVACY_SENSITIVE_RECORD,P-2026-05-STEP2-ORACLE,44eb9fdbd038344fb5e9f637ff4fd2bfe50c498067913f0cea0f5b5873db1645,1ca02b021ca1dc93b3a52ec86cca0769ce9e27868b0dd24f98fddca94d80c7fc,20feaf157e82d76a4c5938621cf73d831825968d222efaf8f04d6f74b5be24d2,0999dc796cf59fa8f7fc5524159b636fbeb2d052b936257fa0a1c3dcc32366f1,3b39a70e96d97c6fea77b45c6144f0613cd771c1cd6dac7f5a0425df903360d6,4b1e6ff48ccffbb41663ebc577d236f83139821a4d407240e267453a3d70c131,914f2977887b604778ae658f7494c72265245f37edf49b4a5ea2c8bdc1625177,08fd246981f9cd0a3660cf731b74ded4d52c636421f88330ebe352e223128991,HMAC-SHA256-DEMO,AUDIT-2026-05-STEP3
888,b6347c627527d42353e46f2d,2026-05-31T07:36:00Z,REQ-000888,8c053db99a24095548996524,STATE_03_DIST_01_PS_02,ca211788ec4162bcf6922ba1,deny,DENY_STALE_CASE_ASSIGNMENT,P-2026-05-STEP2-ORACLE,5a233718d4588c34742ee66c46fa02fee78d3c2e1c697ff2593d6f4fef4cdc9d,04480ab95167f98bf7bb55066b2e40238ae3a0d160952781ff15497305dc1431,231fe51406eeae6537c4bb35b5ff9fb355bbad36c69cb60dbb3bb19d44afd0a1,5d74cb3da57e8ef2d5d01484792d80aa9f261c5e89319e10f68088c50aec3460,c03552b663e52bda18b2dcdbd9c384a386e3016e176993a58de706da5df48d48,914f2977887b604778ae658f7494c72265245f37edf49b4a5ea2c8bdc1625177,f95ef5e45f775a8ba804414000baf244e72f3f2c5e597eeb724e1b1323ece208,9a0310f09a07ad1fde858571d4b18805a0204c2e9d39b4b3e506922fbfed28c9,HMAC-SHA256-DEMO,AUDIT-2026-05-STEP3
889,1e6d0eb91ebe7657033fa408,2026-06-04T15:26:00Z,REQ-000889,adb77e6ea2a2edb0afc7410d,STATE_01_DIST_02_PS_02,804f341ba0075b398eb34543,allow,ALLOW_ROUTINE_CONTEXTUAL_ACCESS,P-2026-05-STEP2-ORACLE,00e2a0d4d4baf44028b4614260e1e16658d7dbd456661ec944c00bb9e9fae145,a351150ad09634acd44ecc9b12460f6c89e0529dd5f3d8e4649fdb9a1b0971bb,4e2711a7cb5b8f65efe0a39813d478d03c3f2efbb7b4b646f11ab51cbfab9b77,3ef348374646d09f6ec2069ff6212fbe5525e121e8751f816995296d5691adb1,a60e5bd310dfbb573085c8254647164768cde4b7984ed9da827c23484000e185,f95ef5e45f775a8ba804414000baf244e72f3f2c5e597eeb724e1b1323ece208,a24f8b1b8a38a49e6989e1a18233649a998a95b374746a879f756605820d48b1,bb09df7cc2446a4261f562a4e1f0231154ddd90ee7bf82117c73fd916106e49f,HMAC-SHA256-DEMO,AUDIT-2026-05-STEP3
890,faba61f1a49bae5754bcb350,2026-05-31T07:50:00Z,REQ-000890,816d13ffa68e60a160c3810f,STATE_03_DIST_02_PS_03,7bfd9dd528a8617439385c28,deny,DENY_EXPIRED_APPROVAL_TOKEN,P-2026-05-STEP2-ORACLE,6cf09c2459ede960c00b709995cfb01b4dc10ab642f23ed5b3fd3e722c23d0b9,018a3d6d5e13b775b4f37aa8cad48022c580f681fa717cbd963a00a19508bf1e,11e0dfd4107d04a807779a94be2da7aa86cd12f4a371bd400828a14c783bf7df,30d04554812e377ef9f2da5b53b3032f2acb69933c74bf4848fe7fe102735a14,24953292962e0e3587e4f06c6882de3802ba697ad7008eda665ddc06154453e5,a24f8b1b8a38a49e6989e1a18233649a998a95b374746a879f756605820d48b1,1a235777732a764e51c9f7aa5d7997c4bd2776cbabd48217b94fc621a125562d,58131b60c66234cbe2ac312c24130d493b8e5935fc1cccb6e9d62dbe23e05819,HMAC-SHA256-DEMO,AUDIT-2026-05-STEP3
891,74be41923471b5992c10f84b,2026-06-02T04:30:00Z,REQ-000891,9f1a046129b76f0cd0f13803,STATE_01_DIST_04_PS_02,d920f7467ce1d45336ea4224,escalate,ESCALATE_PRIVACY_SENSITIVE_RECORD,P-2026-05-STEP2-ORACLE,6976a782a62e0a737459809ef94896fbb9789f7ed8d58e1f554f666670bfd704,097d091d51f2bfe846d772b67cd5450ed74d0f47579931adb2ea7b688cd04c7d,7b4a12ac4d1b480293d90ead1086876bf24015ecae44a2eaf559c23ab39e61fa,36b431776004d0c83627ca2e587d78a108d9439bd2413aeb9e044711e6cf3661,52b01a10d707829d71438451e539c41a4727d0c0e7349a0c51e4db58b9c80966,1a235777732a764e51c9f7aa5d7997c4bd2776cbabd48217b94fc621a125562d,b130898aae96d2c14017fa221e7ffca1ad53ec4091e116c691971b75c52af0f1,fe4e7d59f96f4058204bfbda2d2ce20ebf3db3f9506bb4034a398913541b0b15,HMAC-SHA256-DEMO,AUDIT-2026-05-STEP3
892,e519b91620ab9956a1006e6b,2026-06-05T21:52:00Z,REQ-000892,b9a151dcbadde0404b02e5b7,STATE_02_DIST_04_PS_01,dad96ab404cb3162880756ed,escalate,ESCALATE_CROSS_JURISDICTION_SENSITIVE_RECORD,P-2026-05-STEP2-ORACLE,07368201e8f4ae51e827ec8ea36df0eb43feb5c6c3b8fe0b0d36060daca372d3,eb79906f551f1592dfe30d907ea1cb7c4aa4023e77f9a4e74d43f911fe001e3d,b9caa137b7cd8523c95763e86e5bac875472b25b36e9e4e16a8380c91a43d342,bb5a32e88b0f55bcf14138e2666339d01bb849c200699d1e8674fa934815c706,4c62effa5691bc72e4208190df03a35342ab84bd9c621e59d15f4612073267ea,b130898aae96d2c14017fa221e7ffca1ad53ec4091e116c691971b75c52af0f1,aaf83091b974892725515b488e9d68a84a03c0927fdd31b747f5335b0c71f421,44072afc9e48b05b6d98998a32b3477bfd78e94dd1c557cca1ec2126ebd053f6,HMAC-SHA256-DEMO,AUDIT-2026-05-STEP3
893,b3e484c66cc0b82985cf62f1,2026-06-01T13:57:00Z,REQ-000893,b012e7e4d1319033c362fb26,STATE_02_DIST_02_PS_01,118ea5c95a4302f5e6598a30,escalate,ESCALATE_CROSS_JURISDICTION_SENSITIVE_RECORD,P-2026-05-STEP2-ORACLE,481ce12b20e935d19e34a93c1df32590365d64cf2c7faf4fe3281d1b6f48ac30,e7d6c279b96b2ffd2616aee641b5ae35c8bb32e0fa96f32bbf3f6117b5cd70a9,28c440086b9beafa124fd669701cf4bf126ef4954018166b0d263650f6e345df,b1022a8df42611e7bbe8a8407767161a5d4456152723c5f754bf00b46a4c0338,51bd40bc173f968509fdd601396943bab17a07ce1e22b570d1d10ee7279843e2,aaf83091b974892725515b488e9d68a84a03c0927fdd31b747f5335b0c71f421,8ac5149c8e7b78199ca31526fc769ba562e33c7985b789c94b8117cd635bde15,2bc4012d7666e7ec224f2a9d2492baa38b391b8bf85ee7371ef7e18d951e8adb,HMAC-SHA256-DEMO,AUDIT-2026-05-STEP3
894,2b846acb569f38785ba7ee70,2026-06-04T01:42:00Z,REQ-000894,2be0332c4385b770ea00150b,STATE_02_DIST_01_PS_02,893a5e5117f43af57c7ba373,escalate,ESCALATE_EMERGENCY_REVIEW_REQUIRED,P-2026-05-STEP2-ORACLE,a3ca472b15fd8e232ce425f37d28727840011ac104960cf06ed4edc17e733f8f,be671a5ee22540ca9ed2d740dd5048dbabec4892fde0cd3e4cf6072b7c9cfa11,3766bfde31e326240916ea4d19ec8ade24087e49849d3a9656590d5795ce6cc1,93457e24c4ccb46e12d18a1f85b88dad7a82555d9da6671b5ff7006d210b2e32,5d8d41a8855359f42c6042bd667575cec923a3732ff1dd5470e00e34efb17fe5,8ac5149c8e7b78199ca31526fc769ba562e33c7985b789c94b8117cd635bde15,fafab3dcb5741bd65ff012f2515aed3cd79d1d09b0d3819e2ff6aa40e9ef52ef,64ec37a236079ae73de9c84271aa57c4854d65c917b8b388d0ab58b28e28f03d,HMAC-SHA256-DEMO,AUDIT-2026-05-STEP3
895,6f42ffb96605e1290e460220,2026-06-03T11:00:00Z,REQ-000895,d60f48d22e03c3316a18fa6d,STATE_03_DIST_02_PS_01,79f13e95fa10de3dec2246a2,deny,DENY_INACTIVE_CREDENTIAL,P-2026-05-STEP2-ORACLE,7057a09cdadf688950edf1823b726eaa1bbc9a788142ac802638e4a60a6c43c4,08b798f2604efc5e5a6f7e77d969f5ea626ff43c5b1293c7ce55a5b0c0b5b6b2,f0937888158b7db882c086898f81c378488b48a5f3f48b8440a146823846946d,eb79d61d38d60c4801cb1eca5a31a1e1c704638806f038a5b50c0489058bb8ce,492d1f20856e7843f6c730449ede6a423875fcc58ebb61b3edf6138f97dfc763,fafab3dcb5741bd65ff012f2515aed3cd79d1d09b0d3819e2ff6aa40e9ef52ef,e0db72050c5b2e4eb29f18ec6b34bde805373c1634de8365ac3faea6fd6ca46e,34f57cec8cc3464d1bec1b5967c21242bf1b1e961664fe4cec5bac6ad152855a,HMAC-SHA256-DEMO,AUDIT-2026-05-STEP3
896,5fb5f846a0d585e39bc4f5f0,2026-06-02T05:20:00Z,REQ-000896,e246494264abad2f32845507,STATE_02_DIST_02_PS_03,9917dc83548405dcdfa48501,escalate,ESCALATE_CROSS_JURISDICTION_SENSITIVE_RECORD,P-2026-05-STEP2-ORACLE,ffbb486fd0586f400fcb8ccc18363538f47ee74a3420f32c9fa7cf24b398b4d7,7c6f80c63aa7ca0ecdddd417f6497f5a7c621506377ca30fa54262d6390ee5a9,33065490f70745701c3a4fdaa3396628df8cee3f985b4da23eec8d0b6d6a07ab,be341053fe81a1e087496ae35f69970daf8be89fe09ba44c25fa9a252285e3c0,30a96f758dd2c4eda0a4e685e4ec1f068835ad9ac2114101840348be83d283c3,e0db72050c5b2e4eb29f18ec6b34bde805373c1634de8365ac3faea6fd6ca46e,6f5be7e6af7272bc6ef0d37382d5349d933cdb1794ec4278399360deafe7530b,fb9235bcdb6a732defe8d873227c2d4dd58a3a6e8f2ea02e93a69e2989e6d8e8,HMAC-SHA256-DEMO,AUDIT-2026-05-STEP3
897,3ea7c8c0397403243448b475,2026-06-05T23:12:00Z,REQ-000897,7eb01572e4f979827683d0ca,STATE_02_DIST_03_PS_02,abad1f85154594182175139d,escalate,ESCALATE_EMERGENCY_REVIEW_REQUIRED,P-2026-05-STEP2-ORACLE,f3f22f29909d8debc0e4e657bb152deff7f9ea7bc1655451b64d1dd5fadd4756,e5133dfeec8a6f5743691c36c27fb731ee0aae59c0f7bb0f694884da37b9f4fc,93423b5c078fd6ed66eb1a4a944a60685c1729a97a2709b7cf4ea2bae1fcfac0,b6915b620661da11dcebefe91a991eee0dffbb712f6bf50127fec9bca2c5f77c,0c653ecc10394c82aeb3654fde642eab2c03f21ada4e6a5b1484f9796872da91,6f5be7e6af7272bc6ef0d37382d5349d933cdb1794ec4278399360deafe7530b,411dc658130ea09c0aef3bfcbb404430d6b1dfae2abb6bbe4b7f4e03cdddf749,0b1f0e38ef5bfbf4a9d6eb506bb8d7421a60a40036b32cf9d4057413137d571a,HMAC-SHA256-DEMO,AUDIT-2026-05-STEP3
898,85f2665db70531551f3a636a,2026-06-04T02:34:00Z,REQ-000898,8d450ebb6d2a4135d240f974,STATE_03_DIST_03_PS_01,4f004fd6ecff230b24cb85ac,deny,DENY_STALE_CASE_ASSIGNMENT,P-2026-05-STEP2-ORACLE,e0d38b79f5864df763ff9f21e551a1fa57473004f97a9ec4cf9496dd093e5142,f893cd4ad0a24926144ef23b1cfdf1dbb9fcdfb5d81de62f3c36616f8bcdeef5,517b016fc9eeb50c6c52560b84ac3ca665419b55b08b25598b443708677d509d,2ace7ed23c02517132993ffa4719769a8bff927c2c95e0580381e40bdcc31052,e17c7eb6921397d2aac357abf10fc56d9244bfaf536785ffd7264ca329cf91b9,411dc658130ea09c0aef3bfcbb404430d6b1dfae2abb6bbe4b7f4e03cdddf749,7a68289ee37b204d100e6adefbe4663638373a06427e09a453d9156745ce6818,0f7d75f3e366b6f287778c3c9accc8846c5af5614e1cf9860e8fa19e8a609c15,HMAC-SHA256-DEMO,AUDIT-2026-05-STEP3
899,55d48b14368511556912324c,2026-05-30T02:55:00Z,REQ-000899,3344e545d464730d22df7101,STATE_03_DIST_02_PS_02,c3f180cb72fe055ae1475896,escalate,ESCALATE_PRIVACY_SENSITIVE_RECORD,P-2026-05-STEP2-ORACLE,ce376254fd3ce059053df77f9072031f175f94a0c3e5033159b776c8c6a4ac09,1f700941b28c2845acbb607f6591e611010ff5b0a0f173ddb9176a1d8c5e169e,8493df6b9bf22a99f5d97e93c6ccd7eebf8c7fa85b632c90fc6b0ab4a3e55422,1680a81645623b15dd15ea9b5ca6a88ed6385f119cad40f48c7b3db56d08a4b2,b5af382e58937d10774c281bfbcc35d4ec5fe55267d44c93bd07969534f48495,7a68289ee37b204d100e6adefbe4663638373a06427e09a453d9156745ce6818,1410e1ca42323f61711313f9988474b1dff3a0c588085221fc8da8ac5bded4b9,4efcb21858bf78dd42a91503c1d88f15357f483077a3862bb5ab2b6d8c66af1d,HMAC-SHA256-DEMO,AUDIT-2026-05-STEP3
900,e0af89a30f0a406019a8ce0c,2026-06-02T06:00:00Z,REQ-000900,c6c5d38ea874865e512ea30c,STATE_01_DIST_04_PS_02,8eb6e43f09093badac30f01a,escalate,ESCALATE_PRIVACY_SENSITIVE_RECORD,P-2026-05-STEP2-ORACLE,4b5381f03a1555b76bcc183c0b049d4041737a01489ea221231735982882a2c7,1bedba027a295705eaccbb880dd676349bcdbbe7f550c308d7e369543b67254c,b229022c3816ca638ef448b3cf9ac8ec17480fba188b53ef35c0967042f0d330,3f60086f5dc0f788b5e6c93171bf03b9e6e5ff6b6e45f45782042af82c296238,250ecad9395a6de266016484bcc59c660388ae6dbf57b78a2ebe7c5c75a7792f,1410e1ca42323f61711313f9988474b1dff3a0c588085221fc8da8ac5bded4b9,b3a7fbdca4277b7fa5ce90ad18d59c578422382e1e2b63af6c99d573366fbcb5,c073a57085b392017fb31936d32bb96fb0163b7f9f30b9a98a8aa2d90b373cb5,HMAC-SHA256-DEMO,AUDIT-2026-05-STEP3
901,90aee108929768ab07730d15,2026-05-28T21:03:00Z,REQ-000901,36f9518be85535c10000ffd5,STATE_03_DIST_02_PS_02,34b21675c93019fd5a4c0262,deny,DENY_EXPIRED_APPROVAL_TOKEN,P-2026-05-STEP2-ORACLE,f9ca90f9bd035a8fd2addc9e7d86502f5926c34558ad0199761fb1d131cd605c,68fa4233611c15affcbc32078f18c8bc975154020d7db934f7f523d6dd341273,86f5b0bd2bebdc6ac74673768eb1669f8601b8079649876fec5a1cf382478a72,5c83735769d5df6125d58d6bfbabc537e1f5dd1b325776ab36cb40eceed608e3,23a86de015902b5d5a7e758581833f889977e86ab8cb8c9c1c02ffb4e36b2b81,b3a7fbdca4277b7fa5ce90ad18d59c578422382e1e2b63af6c99d573366fbcb5,8ec048ace48f35b71a9fef44f41365922e4fb282fc8504c5d79d906c7f88a54c,d82bc2a26cfb6c01467f1c02443e13afcdfbc5b5aa3b6d5c901ed22fa27aa128,HMAC-SHA256-DEMO,AUDIT-2026-05-STEP3
902,02216f78a5e66e93e83511ca,2026-06-04T18:28:00Z,REQ-000902,aba84a984ee3606ae0d30a0a,STATE_02_DIST_01_PS_01,e6ddc948280fadfeea10e9d1,escalate,ESCALATE_PRIVACY_SENSITIVE_RECORD,P-2026-05-STEP2-ORACLE,7bb19f2e082dae66a03acc87bc5b6a33c08c396ece8c254efc8df19451760379,fbabc7297515ab52d7d01f454fb866f1427a656eabcff81060e62440c2e7659b,fdcaed0b168944b0481c16d158c9281fcecec48f8040f9f7bb6fdafb383553b0,5d2fe312e5485c3a0d6478fa9edb09db06d861813d42d3368eff873f3c44719f,5e5caadfa9f130146344d1895345178f2a2230471381c785dbca6162b17ff25b,8ec048ace48f35b71a9fef44f41365922e4fb282fc8504c5d79d906c7f88a54c,684e53f5e7dfcdc7cff10cbd3a15ebd22a26f5e6974bbaaa85a269872065d254,16413517ee2e58a8d15251a950b84b87b89aa5a8af89abfeb8866828a5085fd7,HMAC-SHA256-DEMO,AUDIT-2026-05-STEP3
903,24040a6b00a7b9f0b690686d,2026-06-01T15:27:00Z,REQ-000903,e48c526210cf797e3886d5ef,STATE_03_DIST_04_PS_03,da955dc4e17b595e2820e3be,escalate,ESCALATE_PRIVACY_SENSITIVE_RECORD,P-2026-05-STEP2-ORACLE,0b93a21dfbb6409ba2da2fd0b3590bcdd033dc2caa9849b948ab4c443953886f,d3e4543ebadd3af97159e99d04568324fd69ec9788b49f3a982980985d73d7d3,b80474f49e9ae2bf2cb2feff5aabd9567d0092ee6e534350a85c66cd68b33a8a,0399c51e9c429254802215b321b79ffab497d6bfdd0af41b18275df9cdc70518,a51a526a03cbabc5a8caaaa2232314bd1ca843d04dff2e6f63e99e52c8a6e824,684e53f5e7dfcdc7cff10cbd3a15ebd22a26f5e6974bbaaa85a269872065d254,2a4ba6fba2398afb04e86fe29ec9b2b8f6ab4c231684df575c4e4643fd45b589,5ef714a5a89461c37c66c8171cbc84bb2258648f918ccd06f603bebf5a0ac01d,HMAC-SHA256-DEMO,AUDIT-2026-05-STEP3
904,23a72f6cfc7a5e4ce812be0c,2026-06-01T00:32:00Z,REQ-000904,1f84d906e82c7901ab98337e,STATE_02_DIST_02_PS_01,3247cfd0298737ce5f467ec6,deny,DENY_APPROVAL_ACTION_WITHOUT_SUPERVISOR_RANK,P-2026-05-STEP2-ORACLE,013bf8eecbdba0dd78b5bed6bda3dc217196481114fe0d8057809d662b3ce127,72c9e6a1e8577e57c66c39e31d2b84c8349014763755256b6c58e17e8d952c72,ecf5e3123500f7564b22c9b9d2f079484a44f3dbd272ede11df305cc1f1a5179,997aa99d42a9abc03bdf07af86193a47a8d04c59b87c2883f3951aa1bed30174,cfaec36c8a8a0afc0fedd723d4e2a366897eb89e2ea2549f1a3f7ad9f2a08d20,2a4ba6fba2398afb04e86fe29ec9b2b8f6ab4c231684df575c4e4643fd45b589,ad37b357b64463cd122017c9c78eed3bdff35a8b7d9d792f35ef5b5806aea815,1f83c67405a2f435a21006e67ddde2abc75ee9bb0dba2b6c3b393c17774a5c55,HMAC-SHA256-DEMO,AUDIT-2026-05-STEP3
905,9d6b79a9457bd68f9c6504cf,2026-05-30T03:25:00Z,REQ-000905,58ae919f19aeb7c7f1527d26,STATE_01_DIST_02_PS_02,ee55c8a6a4e3f5ecb860e4be,escalate,ESCALATE_PRIVACY_SENSITIVE_RECORD,P-2026-05-STEP2-ORACLE,979ebb800a634b463d8936577db87446f7dc4196b43a6b152484b92042e8d957,5611a12da6497912399f25f6c710ab5ec6f0d4ce9d20f36e72c5efb09d84edab,8551619681368054b0c43a596c91a0300a8b47ee8c3c9e00aaba86e79b983e4c,d668af34b8078f802c388c1dcc7235467f66dac186bd378c8fa8a9f4676f9bb0,3f9bc1bb091545701690acd259fb3b411b4ea50e2737197cd4d8b16777f732ed,ad37b357b64463cd122017c9c78eed3bdff35a8b7d9d792f35ef5b5806aea815,2bd121a94cfbbeebeabddeeb31b037c3bbb008a0c29e1d21857629b4ec38bb36,d4a8a0ebb9ac98bdf0fab2f51ea1e03987467ebc43e600df1066f14bd9c55557,HMAC-SHA256-DEMO,AUDIT-2026-05-STEP3
906,53c830c713deb1cb90b70d66,2026-05-28T21:18:00Z,REQ-000906,7eb01572e4f979827683d0ca,STATE_02_DIST_03_PS_02,4ee73ace57928929f1ba50f2,escalate,ESCALATE_PRIVACY_SENSITIVE_RECORD,P-2026-05-STEP2-ORACLE,d12e593538fcefc211ecaabad07d83aeaadb96360d3aeb7f8ac64ac5479f707d,529a9057bb18bb61dbf7ad6ba8435891bc5d1c9fdd14f58db03fbc58b4de3aa1,774c67d4c2350715b33cfaf7133e5164e32ce68dee677496980ea644e1f16dce,c01395bf6831c910f7990169c6f94554ad6fc37715ecd17bfcafaf34c4058c97,5868a1f9078f9dbc168b1ee7f61df2c4c62d956214ef5db3dc80cc0726635d07,2bd121a94cfbbeebeabddeeb31b037c3bbb008a0c29e1d21857629b4ec38bb36,8e473d6ed216f1f37b363e1168f26fc2725649a71bf7a1a0ca8e34b04f68e163,3c338c693fd2622bda9a894e35b7ee5195aed6913df91241319b88115ae6dafe,HMAC-SHA256-DEMO,AUDIT-2026-05-STEP3
907,7140ac51b92432008c5d08ff,2026-06-04T19:38:00Z,REQ-000907,116125532167435d32c323d1,STATE_03_DIST_02_PS_01,570fcb5882c79818b6fa7ccd,deny,DENY_EXPIRED_APPROVAL_TOKEN,P-2026-05-STEP2-ORACLE,576fc049c650586441b4dc820d432d262b3b3606a750b2ea7993b8fb0127ea1f,f19385ef9139355a5dba155855ac6fe83b6ed75f1df76b2a471491433ef3efd5,785a8e577dd522e088aded935c7a51744ca8a715fef1935f5b92cae6c755a356,ec1c5a0cd5249c03d9da138cf97353607fb5211e011f4574fb78b052ed0e176c,fec292967a38c9e839619ba75fd71da58fbda42845f1e2fadb097318ad52a99d,8e473d6ed216f1f37b363e1168f26fc2725649a71bf7a1a0ca8e34b04f68e163,bd7c9467eb65337aea7cd2b6a4692ae652f62f0dbe5685bc64f99f425a79e37c,6c8af2459787e883e98b3a7aa1d297cc46257a4d9bc63efe4260b8775535749c,HMAC-SHA256-DEMO,AUDIT-2026-05-STEP3
908,d1fa09b48ddb84fa7088fd1e,2026-05-28T21:24:00Z,REQ-000908,8d450ebb6d2a4135d240f974,STATE_03_DIST_03_PS_01,1ce4791bcfe4088122f5f137,escalate,ESCALATE_SEALED_RECORD_REVIEW_REQUIRED,P-2026-05-STEP2-ORACLE,c3708641a6ea44158b4eaf28287d7747a13d992ca7a813f3ac4389f261e26574,953d6a133ac851ecee46aba9983d23f3f8e82413d6fc94d018afc25d7c02d844,8c2893703bc5cb772ecdf5628dbd0f4f7c81a611260d8ce259873f749cbf57f5,7deead6f80c18777861c083c3d946582f5317d56cc318edb6ab99dbe1536ae9d,3acfa685a09f9acd417df2db9efd784760ecb85108e234f9f48a4bc6d703c0c9,bd7c9467eb65337aea7cd2b6a4692ae652f62f0dbe5685bc64f99f425a79e37c,08bf605e1c2de1366a4ee8ef9676f6729b1d088a70a417fa95481107ee797889,f42272673d84208404f1b57337a5536b8fb32f035f656d0db5856a13dfd724cf,HMAC-SHA256-DEMO,AUDIT-2026-05-STEP3
909,a631dbeda014b00a117d602f,2026-05-28T06:18:00Z,REQ-000909,956b1c8673c706b9098bdcd1,STATE_02_DIST_04_PS_01,d7a80c935b5e982d9aa6d398,escalate,ESCALATE_SEALED_RECORD_REVIEW_REQUIRED,P-2026-05-STEP2-ORACLE,713fa696f2af9b2486490427f7d3a254d7520e7520d3adbb26eab9009f0034e1,fa16959b784a8a03b1752f40dde2529416bb7118a071f67cdc6693afa3c8449f,cde43383c00483ac29b0c68a10b38db6737a41f1c8894ef62dbba27cf1695a22,7269ca3a6c005fdfa12960558d224d493ccb999af8b2680d4473683e92cf4a35,f7f403b897817fc58ecc691717b817f933b0f612beac205d4948c1f9c5508654,08bf605e1c2de1366a4ee8ef9676f6729b1d088a70a417fa95481107ee797889,02edb4a80c7e6d15881b5012f08d82db7ba73f6638d527c16983aa315d8d5cd3,434db0f956244618391973ade5e30814460beee1b301e97e7a2a7495c6cc0793,HMAC-SHA256-DEMO,AUDIT-2026-05-STEP3
910,2e30429ee5956ac747f56214,2026-06-03T14:00:00Z,REQ-000910,4abc3e055d213fe06ce85aef,STATE_01_DIST_03_PS_03,de8ed503b092aff04a4f6676,deny,DENY_SEALED_RECORD_WITHOUT_COURT_CONTEXT,P-2026-05-STEP2-ORACLE,162da4a809c4d1deffae753cadd8f017c9704795fff436434c72a6099bf5097b,d2d4b0f9f7ba2160e1dd6e320d406b6459abb9f7f9b973be32cce6579c968d06,dee462dbb448a92125b4685526fb7fcb0ac7842483fa5a6f44d86e06bff4482a,fedfc5b4672ee84d67c825a00885dae688c42b602829244081c302d9d9e4cced,04134cf916498f858e4b569ccdae00902f4ddfbfb68d0c081e1db68dd6a17df8,02edb4a80c7e6d15881b5012f08d82db7ba73f6638d527c16983aa315d8d5cd3,0891068a42a7b124e06c48e3e876291cf737af2648d505c41e3251c9998a8923,2e05947d5090b7f8388d88f8c118e889bb8fbcf651521a29a554a0e001109072,HMAC-SHA256-DEMO,AUDIT-2026-05-STEP3
911,879c61631d95bf137759455d,2026-06-04T20:34:00Z,REQ-000911,4857d6398585bfa5b41baddd,STATE_02_DIST_02_PS_03,c02c0ee944942d75bb6e6167,deny,DENY_TRAINING_PURPOSE_FOR_SENSITIVE_RECORD,P-2026-05-STEP2-ORACLE,686333016eb42e98b427ba8d67d4281927f1085c75227fc17795ba68ed60b52f,855e9680d7e277c50a728982eb6132ca81fbcc050c142973aea15d72ee31d41d,354b67784c54251d74a1dffeeb664314d0c805a52bb6f52a887fb4fac79f8ea3,2d6075d99b351790c106fbd4fae9e5b2cd51cfda6c03695ca5f7488384c823a3,eb972c73d5eccf445cdea6613333ae3b4ecf08379cd206918c78558261e2d325,0891068a42a7b124e06c48e3e876291cf737af2648d505c41e3251c9998a8923,27852004f0687e2f971e951f3824ffe2eaeeb5375030f81c0d01adbb4bc96a4e,acf57427672728fb69dc9c38bc6c8d747247c17f980dda4bbf8df1b91801b572,HMAC-SHA256-DEMO,AUDIT-2026-05-STEP3
912,638f4f205eb4cd22a9d70ee1,2026-05-29T12:48:00Z,REQ-000912,1744a4b8e7d09467e6ea7495,STATE_02_DIST_02_PS_01,8eb06b091b265235ad42db41,deny,DENY_STALE_CASE_ASSIGNMENT,P-2026-05-STEP2-ORACLE,5e5ff0fbe16dc09ff55720bea23c9c38fec79a1c11172a9e57d073f4f939c6f7,51dce0662b98f4415c5942294242c10b8f48f78246090e8735acf1cd2a5bab13,b55946293bc84fb2dc424b2efa94b3bf0b82ca53d1fc15a198d7e0e185364050,c49525bda85b7927c98decbe85083e7d310f43f8ae10a1b66878dc1db2525a06,b938d9cc883abcb3c5a7f86c1f3f6c95bd2b89b02d94a1177c7a0c06080a2c9d,27852004f0687e2f971e951f3824ffe2eaeeb5375030f81c0d01adbb4bc96a4e,a288025d5fa8239153709b0545db71943507960238ac83fd1f6e118f0db3e5cb,3603e81a51eab3d70eec09e13e8b4c9f5514c1489c012227d9d39a64cd6eaee5,HMAC-SHA256-DEMO,AUDIT-2026-05-STEP3
913,11fdf176b6fb1cc503ed6756,2026-06-02T08:10:00Z,REQ-000913,a07f98edb4eac55d9fa73ffe,STATE_03_DIST_01_PS_02,375c93cbfc19c6b728ba102e,escalate,ESCALATE_CROSS_JURISDICTION_SENSITIVE_RECORD,P-2026-05-STEP2-ORACLE,7bf78de23adf4c49aa5acf4d401b2f3b99dd2331b30bfe59eacabf25463f4b16,6df10f661050e458f95e62496f150eeb33a802e5392ad3893d4aba3c79cb7496,05c300ca0bc8b42df1669cc81ea552b51d3f4cbe233945eb3b39f4f12c56a7d4,cac7e0858c5f36bbab842a9ef417bd3eb3d8b362cf3c6d39d8f727f5415c1072,f6ffb797f31646486782d6bd516d87a17d7c5667c601f8b434b14c2dccf7b011,a288025d5fa8239153709b0545db71943507960238ac83fd1f6e118f0db3e5cb,e3c44bb6d3a65202fffa7499b8b2402466554fc646bcf6ee7009b192e013d546,031625e97ab6afb7886a151e160f3f7eec2ec69ca62b1a768c146ab001dd9783,HMAC-SHA256-DEMO,AUDIT-2026-05-STEP3
914,1992004fb6acc48108253929,2026-05-30T19:24:00Z,REQ-000914,9a1678400f682a3201830c3a,STATE_03_DIST_03_PS_01,39d3051b583edb8f08d3ac66,deny,DENY_SEALED_RECORD_WITHOUT_COURT_CONTEXT,P-2026-05-STEP2-ORACLE,6fc5f38ccea4f95a5478ae31441240ae61ba56283e704efbb75b72596b0bcfde,98d42c9cc6ba7f0af99e865b9f8542563a541ce94014e25626f5693123e686c9,1630dde8781d574f61dd165bada88bb2acd0f5c4ac8a4fbe2b2a241bd7359bf7,846aaa42820b5cd7cf6ab90f8d649e37d9340f169105986e80216bab48b41bf3,11e55e8f9e4a7fe1f3a18fed645961f4dc507224b19dfaa66cd97ec74ed8a123,e3c44bb6d3a65202fffa7499b8b2402466554fc646bcf6ee7009b192e013d546,21683328533154442eb5c1799d691f77ce1152c05933e3fcba71fd00ea3d1068,b86f91e8ebf7da24073a14f7a16bd23746cceef9875c81e6a32dc3d99132dfd6,HMAC-SHA256-DEMO,AUDIT-2026-05-STEP3
915,4f5b0ba64fe8a8c615e3b253,2026-05-30T04:15:00Z,REQ-000915,07e08d113775d9e409a3ca05,STATE_01_DIST_03_PS_03,dea11452e75842355e8f6dca,deny,DENY_INACTIVE_CREDENTIAL,P-2026-05-STEP2-ORACLE,9940ba8cbecd477fd799d627fa91fd18cb71f2f11f04fae57c028862f7201f11,68f4c06e37247fe782dc053eacfb7d916d6bd5d420c4d6451cf184903471605f,dabaa825e0db0a3cbc36cd9fb1b904a3c626c86744a6823ac75df55211282877,051b5a94c5f332a91ab23d1e9d4b2186ff46e9eea2f04d953520a188995f51de,ef9416e56bfa9f7fdea92d9f6c203a00c12323b754218733554484bbb70be239,21683328533154442eb5c1799d691f77ce1152c05933e3fcba71fd00ea3d1068,5a1edd657cf152222945ff074ab491d717728841f70f7e8bb31f517dbbf1ec0e,60ea4d6915192e03d12128ca73d9ddd06c4718cdb29c2474ed60ed46ba41fc49,HMAC-SHA256-DEMO,AUDIT-2026-05-STEP3
916,1567500672fba2707697fbdf,2026-05-31T10:52:00Z,REQ-000916,0f5e28fd8c1c5a758d17ef19,STATE_02_DIST_03_PS_02,4a81b7a88a623e390137c284,deny,DENY_STALE_CASE_ASSIGNMENT,P-2026-05-STEP2-ORACLE,32333298cad8a60082801d4a4741d08355a609ffa4d401093dfd96487bb046ca,b1741130351b11088145a78a79d33bc232ee008c87ea55fd545134e86badb11b,a30d8aa81773e259727b3dab828c77d7a0b83044c142c913116d24c13dbba72a,b8e4b8bbfdef88ff680668e729e23a579c65418ddbed1712389a7463b6c7e471,5107109840b59e7d12e1f03eb1630726b0ad6c6696ef8e908a2c9b329d0e986a,5a1edd657cf152222945ff074ab491d717728841f70f7e8bb31f517dbbf1ec0e,8f50b7850096338ab75d187f99fb7182a74e3ed95b0e70e4c12d7d0d6093ca9e,1d0875067487e7ef6ae93f0c7b8a668ac1111140805e60a0aed7e0e3b1a0840d,HMAC-SHA256-DEMO,AUDIT-2026-05-STEP3
917,f01ff63f0abeef630c71c699,2026-06-05T13:15:00Z,REQ-000917,100ec956e3b5dce60e3db6a6,STATE_01_DIST_01_PS_02,d20d4ecc7bc1250633dbd895,deny,DENY_INACTIVE_CREDENTIAL,P-2026-05-STEP2-ORACLE,b70c455c42ede4ff2b4e2128efabf7b00d0173d1eeb260f014cea7547980633d,9cba88569a6fb46e507c245ca78ce6d376cacf801ec39244a7b06fa4408a5d4a,08f2602e8930d71ebae7e9b81448bd8c61cc0dce2808f930976f560a356a97e8,7ef7064fa1cce69a9c151bba4803b5c28c58f5626de7ea33e544b4c0e571c1b9,e87470274927194003d8c020c9534b0b0f2a3f897487405274d5d648c27d02ad,8f50b7850096338ab75d187f99fb7182a74e3ed95b0e70e4c12d7d0d6093ca9e,f3edb807df3511b7f224f38f16e1ca9632749e7963d8d2152fa0324c379765d9,4f258a31c93fe5204e461789015531e2ec6efb6a2c11feb85abfab23d8ae1a15,HMAC-SHA256-DEMO,AUDIT-2026-05-STEP3
918,c509c53b6580a274ccf60672,2026-05-28T06:36:00Z,REQ-000918,5e223aae914ba42e97c387c1,STATE_03_DIST_01_PS_01,f38571fab98970e83b278f4c,deny,DENY_EXPIRED_APPROVAL_TOKEN,P-2026-05-STEP2-ORACLE,d9b69d43bac7f00acfb5a11aee7d1bd346179384a76355a93a661fc7c0aeb80b,edf605d7e2951a961e090b95ffbf8db413ae30273b71303daa234f686f77569f,ef3403514cf95df1bab890b70e5f04c2404ed90b0aaf409991d04dce2d0dc447,dd7f635fcf737ad5d80eff8633db09f54b5f687a923330d04820261f7d303654,23352e0978ed9d1dd10d8c9a1feb44003d1485af3c0523f87165fdc15229066d,f3edb807df3511b7f224f38f16e1ca9632749e7963d8d2152fa0324c379765d9,a314e23691f458906f67d4bb5c9e295b764bd1ce561596a62f8a0b9951a9f7e4,34b3e41c8981581e11c74956df3f70b9f7989d85d2339e16917d7224f9ac151c,HMAC-SHA256-DEMO,AUDIT-2026-05-STEP3
919,ad1c7720aa9d1643bb18af36,2026-06-04T07:07:00Z,REQ-000919,7dd10e346a2e773cbf9da071,STATE_03_DIST_04_PS_02,cdbff94eb4945538043436c1,escalate,ESCALATE_CROSS_JURISDICTION_SENSITIVE_RECORD,P-2026-05-STEP2-ORACLE,c9e6470dee09d9a39491d5833a65893a3103828c4f1197c310578f4cf44da45c,a8685909b77f10a282f7cdc4016778df0efec96612b06127bdcd0ba6ab9c8156,7af32959bf8ed6a3075872b40761f0ddb4d08f13fabe29b419a11c6a3a5e80e7,b55a5b1cf94a52ec650a534749e7d5c9184561e8e558a017aeecb32ebd9e3deb,f6dc852bf2daed6bf686dd18a9d8f064974789ed6bf2f7a90f3e2a5eff2762bf,a314e23691f458906f67d4bb5c9e295b764bd1ce561596a62f8a0b9951a9f7e4,ab66cb8bbb3f8afa8ec1743017905d5f049cb37ec97971e32cafebb439472480,7f0f7aea3d0fb2007659f93316bb0ee981fd3259a1237c3a87fd97752d440980,HMAC-SHA256-DEMO,AUDIT-2026-05-STEP3
920,6fde42c8422c47b63748f131,2026-05-29T13:20:00Z,REQ-000920,aba84a984ee3606ae0d30a0a,STATE_02_DIST_01_PS_01,5a476d3f0563aeb86b0ba1d6,escalate,ESCALATE_PRIVACY_SENSITIVE_RECORD,P-2026-05-STEP2-ORACLE,18e6326efe127cad56fbec075415c8295c512261d5827c216f1a60953529e16f,8a5055a5c782a0b06f4f461cb46f249290363470798ec7426285504d2f91188f,3e51bf1858b7d018efc205159217eeb48d33da0a97fa8f601df4c044f93d4dfb,fce765cabfc4a033159f12e537a12723124d491cdd21b5f1a315d4bcd34e6383,0d55b3689661099c53add2f2275144bb90acc7a1268e256c46ee793d6b4c1cbc,ab66cb8bbb3f8afa8ec1743017905d5f049cb37ec97971e32cafebb439472480,8f2af33f61b91fe75ecd86c458011aa4541ac85f6a26dc58d26dfe5fc0d8ba0e,448e136c05665dcad89019d5f8fbb22f191442432f1ef97a002b6ee372fdbeda,HMAC-SHA256-DEMO,AUDIT-2026-05-STEP3
921,f63ef309f36230bc7b566a64,2026-06-02T09:30:00Z,REQ-000921,dea3496d0907b239fdcdd5a2,STATE_02_DIST_04_PS_01,6e868b11dcb21524d5970d01,escalate,ESCALATE_PRIVACY_SENSITIVE_RECORD,P-2026-05-STEP2-ORACLE,df74f9e0545993ea2d6aba9f3332b3f5400515c92285c9d03304acc738dafa0f,2e57505aecb0deb90e32b8afbf49d5799ba7a6e153f86c371b592d971f72358b,acd36a801848920f5b9e46d3ec322f03945577c9f1f9297b3b49255957862e63,25ba534f3c32be13f4d1a4329197e0053de51894e8658ccc31e772b63a7d8ea6,639ed5633c3f92bee2af3dfe3f2541f2f6e5ff534ba0e600bb6e79a6bc56f17d,8f2af33f61b91fe75ecd86c458011aa4541ac85f6a26dc58d26dfe5fc0d8ba0e,fa90ec54c17187383c93eec197b66627389dd3dfcf796ec03c343f278d578623,540bb1b81f168a0e6faa9e9048c055075869e73c05bbb01a08c564f9e5d8bbc2,HMAC-SHA256-DEMO,AUDIT-2026-05-STEP3
922,ac8d2746169f572095375daa,2026-06-04T07:46:00Z,REQ-000922,b0f05da9786602e3afcbd606,STATE_01_DIST_03_PS_02,d920f7467ce1d45336ea4224,escalate,ESCALATE_PRIVACY_SENSITIVE_RECORD,P-2026-05-STEP2-ORACLE,3fec19b95224fce9d075819c3c006ef14f0954b4043814c4fe46ac27b376e850,1191ab06711d44cdb2cff4201474aef89c1e899806eeb6011a26a94ef553224e,a506dfafecb151e17d7cdf021d0e773ef03a2e3749b815984c9876f37c4c8dbd,472a568d62c119a244524eda16f275b875af37edfb90eaaca050c6b5bd392e90,2c9fb462bfe4c0b051f96e40f1b199d2def86b431d196d671d650ed98148e231,fa90ec54c17187383c93eec197b66627389dd3dfcf796ec03c343f278d578623,59b564e114b09d3ffbeaea81298c334eda53c28219d709378af28c36219452de,463b82f40960c90eafdbf18954cf8c786ffdfe37c9a7ac2ef67da6ed44ea969b,HMAC-SHA256-DEMO,AUDIT-2026-05-STEP3
923,710ed766edb81b3f81c7af86,2026-05-30T20:18:00Z,REQ-000923,d3ba9e82379b9a1fa09b884a,STATE_03_DIST_03_PS_02,97493f5f079666824f863137,escalate,ESCALATE_PRIVACY_SENSITIVE_RECORD,P-2026-05-STEP2-ORACLE,d364b550780039dbcb790e7ac34672abdfab36e7f529ef02fa4f262d5fc6fb92,522f9e8ecc1e6c703c068feb7cdb6e84f86c1a762af3f6dffc3c182d0edf4c80,99e93d4419e466c14a38e62550505e5f322fa3217b93306fcbda908d77d32142,2e2240d36533b34281d69032b866d2029763cd16209b0c8223c033b6fc1de16f,a7a9359c69217dbd96b75535c10fe8bc630c48d9df3aa4e57467c8e636f6a8e6,59b564e114b09d3ffbeaea81298c334eda53c28219d709378af28c36219452de,f2ce6fde0fd0c7c829bbaa09f77d89fc9629f8a85834b04095eb9c29e91059b7,e54f9822fadfc9317dd2851459927c71927d05d803af26de07a2832ed769c6d7,HMAC-SHA256-DEMO,AUDIT-2026-05-STEP3
924,3bc2943c32d3e3ac151764dc,2026-06-01T18:36:00Z,REQ-000924,cac9c828654d5e683b80f1e7,STATE_02_DIST_03_PS_02,ca8fc35650ee04e7cf5447f3,allow,ALLOW_ROUTINE_CONTEXTUAL_ACCESS,P-2026-05-STEP2-ORACLE,29bbe3b44a901cc776072a76adb2511275ccb07d90fc36c1a3661469ab973553,43573fd0c79a600c7aeefa8e3471d4275ded35162046263a32c5fb0f377e1e61,08d67de0f01045712458511a6b8a02a7fa6028bdb6235c44c9bd10d9af7db23e,ceaee34a2acdc3b3171fe36a2d008c50d2cc8fd6cece75ae4821fea0a0cadf91,064ea55306d3b00301bba7f8c1533707293092baeb6ffacdaadde9ba96aa2514,f2ce6fde0fd0c7c829bbaa09f77d89fc9629f8a85834b04095eb9c29e91059b7,2ea0ce0cbedd499584af361cf0ae7c09abf43cdb84d7ea7723f522a27e754a0a,c14e2d9fc443321dd695fc5946b7ddc742457b5dcbe3e814d142d71674ad4884,HMAC-SHA256-DEMO,AUDIT-2026-05-STEP3
925,31755d493cb83bdb5910ece2,2026-06-06T22:05:00Z,REQ-000925,b91bac32e23ee5afdb826394,STATE_03_DIST_02_PS_03,be8cf0b2d2aedc05e13844a3,escalate,ESCALATE_CROSS_JURISDICTION_SENSITIVE_RECORD,P-2026-05-STEP2-ORACLE,8811872b262b5791898188b9f4228a34e1f260b77b4dbb5fe929f2a6a1cbc8cf,1b5bb6fabe56d64921499944492156784289479673ab2d75107470e4f4d172ac,39bffde8289d98fa4863ce294a8123fbc5ed62e1fedee297db1c86300a93b0ad,442c55ad686b0ebf2032c589792ff6b1b70de99a45843e533c7f1e1674ffdb45,1693b5a48a38b191e89743e15fdbb6ab20ded235e322ef400aa24b46e92c4c1b,2ea0ce0cbedd499584af361cf0ae7c09abf43cdb84d7ea7723f522a27e754a0a,3f023d909e9f5a74b15623224b50d8d676a9398575b165e269ba83f2c7df2ba5,3b7a3e346f9dfd04647abe745df5599ccd9c2637ec1144fb633cdd5a6f08be80,HMAC-SHA256-DEMO,AUDIT-2026-05-STEP3
926,3e2916aae8c813d700828d38,2026-05-31T12:02:00Z,REQ-000926,fad5d40018942c6b0ef2d75c,STATE_01_DIST_03_PS_02,c1be72ae2e586a7fecd00956,escalate,ESCALATE_PRIVACY_SENSITIVE_RECORD,P-2026-05-STEP2-ORACLE,dc9d2d385ec284d748ad35d90ad0e6492db4ef5f1e57cde2d4e1cb32b58144ff,b5c01ec9795d6be920f303b2eabdd8030f7535784754b184e632b8de673e664d,a55ab95de70a23debd1a8fe61298266aeb1f156d4e961017e57b74f22e16bac6,2e520023b0cf839f6901fe4f549fef73b360741ea867abd1a502cd2f5d82e640,738ffcae7b112bf925e3ef7dfbf8dded0f0554f9f48b1e95940f9878c3da58ab,3f023d909e9f5a74b15623224b50d8d676a9398575b165e269ba83f2c7df2ba5,99d0ed1f946133b8719128131cdde838049ac456de1394f1cc3e2d93eb8b0bdf,d6ab3c58bb0d50fca85635eb3fb62d596f2d293488f363e220c7ce195dd10e40,HMAC-SHA256-DEMO,AUDIT-2026-05-STEP3
927,63ed6fcc2cb178d419c6cd37,2026-06-04T08:51:00Z,REQ-000927,0cef9a18606529b664cb0b3f,STATE_03_DIST_02_PS_02,1aa08103e3c7e97cf82499a7,deny,DENY_SEALED_RECORD_WITHOUT_COURT_CONTEXT,P-2026-05-STEP2-ORACLE,2053597b34b2ab47a2295344b456c88b0c402f4e04af637e16a566abd55ebbbf,0f14b7b5c445074799cfabf4a6c4479f229ef1fb76408182c454bae30dbbe764,dc1fae03940b13bf1af8ab148c11bab7828f8eead9f591914630adc31b13311b,9ccf76c93668bd9c95de5b7aeefff8eef66aac0f4f8aa7c1735f6ad7f7dc1907,359c5f419f9f8ba2b91544a943cd8612b19f75ade7a5abf7184399f72eccb6d6,99d0ed1f946133b8719128131cdde838049ac456de1394f1cc3e2d93eb8b0bdf,8d6348b3bc3eda3e6372148e84a199edba9fc83e7d8100b6bb224ada3a9d5de4,2784e59380611c4ee08d93fdcba0e6e09e6147f6fe915ff8c0ab223a813ffcdf,HMAC-SHA256-DEMO,AUDIT-2026-05-STEP3
928,af71e54867aee6eb9c2b3a1d,2026-06-04T09:04:00Z,REQ-000928,43619f9291295cde078ede73,STATE_01_DIST_03_PS_01,3ccd34687090d2923fc32e3b,allow,ALLOW_ROUTINE_CONTEXTUAL_ACCESS,P-2026-05-STEP2-ORACLE,02645a6a75a8c432f61a0a3888d05d9e4cf77f5f07e6d45dc185ae5cb3a7d86c,2e71cb59b71b65c06cad21e12161caac3abb63f28f68121147beb0dd2a69503c,b8033222acd26f12bec9288b3d96d46cc132efcf5a8bf6a3c3be08ba12777488,32a7863f987f1c768461378fb331d1c23f6128dfb8ae76d7c12fa386a6f6ba32,69ea94ee3e2ca34ee56633931e9e7c029d6042241d4f305680b0b2d70b47ca00,8d6348b3bc3eda3e6372148e84a199edba9fc83e7d8100b6bb224ada3a9d5de4,3cc7ef7095fc85682b95417686d42e4572daa4c8b1d220ebb181c2dd78082168,58744ddca490de1cee421cc7e425786623b2cf8c3d003e46499dbf18cc53bb61,HMAC-SHA256-DEMO,AUDIT-2026-05-STEP3
929,8667d46e5fcdf1990368abb8,2026-06-05T16:15:00Z,REQ-000929,3dd77930332ffbb4fb60fb78,STATE_02_DIST_03_PS_01,e12e00177a9ba0dc649887b2,deny,DENY_TRAINING_PURPOSE_FOR_SENSITIVE_RECORD,P-2026-05-STEP2-ORACLE,3e5651447286a8005c9b3ced1e532fdba244c8873fc04781e5f23291e5139ea3,7321094c903d1c5dbee3a01fbcb9f4a7c35c1ab39e5db9713f031d686eab516a,6e964d6e60879103652dde7a41ed2dea3e7dc9cb2f3a6385b0bfb59a558b9145,055fc9ffa8e2ccee9a5614de08708f6826d9bdb8df14050ea897abb83a545440,2ec7eaa932cfd596be199fb4487240cce852bccd672b4f9779cf599fbec2c22f,3cc7ef7095fc85682b95417686d42e4572daa4c8b1d220ebb181c2dd78082168,89f033e0c5fa1842525e6d7a7870bc2f0a0ceff8fcc28ce91cf26fb439f219f8,59e7e147ec31d52e344cb90657dde51a6289cb8ee770bcf6fe9c525592606da5,HMAC-SHA256-DEMO,AUDIT-2026-05-STEP3
930,7d187dd034942fd9f235af9c,2026-06-01T04:00:00Z,REQ-000930,3573eec47a61bb4c69e2b339,STATE_02_DIST_02_PS_01,e75112487c579ac4b3944b49,escalate,ESCALATE_PRIVACY_SENSITIVE_RECORD,P-2026-05-STEP2-ORACLE,6d4ff7390e2dd55840111c6960c358aebdb7106ef0bf3ebe3324d2b733b19496,4fc5e9fc6a25d599f8d83ad8cdb26fbccaca4d7ca4d3988157c088153a07750c,117365640ac317cdaceee9443d324a71d3cd80046a8f2aa49df02f48fcaaed53,b0abf1f1a19f16875dfed5b6f41c7c889c9bd6e3b230975fef583ebb1b9064c4,34a86524c3987ad475a2b9d5380a68b463ffc099773f03d9a272c4668570d2bd,89f033e0c5fa1842525e6d7a7870bc2f0a0ceff8fcc28ce91cf26fb439f219f8,b86fb2948769d66a4ce7a7b44e55b4af2efdf6cf1d23d13f63c2c699adceb2dd,ea5259ac5a15429a07e6a261c6c21435e943a92b97c3d95ce931f95661850469,HMAC-SHA256-DEMO,AUDIT-2026-05-STEP3
931,d3878cd40c4e26433a9fd155,2026-05-29T14:04:00Z,REQ-000931,4b271c3dc209eac61d05dd4f,STATE_01_DIST_01_PS_01,fd3d5cc99a32a0d7670df06b,allow,ALLOW_ROUTINE_CONTEXTUAL_ACCESS,P-2026-05-STEP2-ORACLE,414c3521d6bc788ca9fac11a1c9ea01e1fbe6a3a3590d8f76398dec409886703,a359a125e99aa28ac6453c76cd24373352580f5a0cf7840b838598789c459b95,7deba99adba3017004cb4fea3a87f914b2fac0a846451e698d68f6a98b0b68b0,949bb260e70e27c5e1778131ba532bcc14f57b91664c9b617f0989ce24698b00,5c070273078c0987ae9017cd59f459299d7d1654d53c2f4026bfe6b63e7bcff3,b86fb2948769d66a4ce7a7b44e55b4af2efdf6cf1d23d13f63c2c699adceb2dd,e46f5697ed9c9b4119340aad03d463f3547d2fca3a0a92039be6de31a97908b3,71ba2cc3a5c7675e0e5d6be5d422b878363df339c7c5342555a6d8a49c429131,HMAC-SHA256-DEMO,AUDIT-2026-05-STEP3
932,0a6a822138a94ba226891943,2026-06-06T08:32:00Z,REQ-000932,a1e23926bdb89d718dc0ff23,STATE_03_DIST_04_PS_02,6ba78bf38cb75dbe69553ae6,deny,DENY_EXPIRED_APPROVAL_TOKEN,P-2026-05-STEP2-ORACLE,448d57f2b0dd8194db9a44251351d2185735583c3c94a4c8b6cb091bcbe935a6,9a96960aca4b2ed44f52dfa8270dc42b20f7c6eb02df50d6db32b7b187899e5e,85a3ac71846cf02205cbc100bc286d2edce9991279ae67bd222880e5f6b314c5,9ad9b8c5773a0c117b01baaf1f3ef54630815405f5356594240292f268b50677,2011d76be99322546ffbfd0140d6e644729e678f3b082190838223779f69e157,e46f5697ed9c9b4119340aad03d463f3547d2fca3a0a92039be6de31a97908b3,a11bd6a64f041d8f25d330b46038227990e19eaab957615f21c48ffb2df895f7,41bc3d9c1969531f031c806c274ead309fab7fef4faf2c5b2ece17726c35a128,HMAC-SHA256-DEMO,AUDIT-2026-05-STEP3
933,bc59602ce8381fcdf2257ffc,2026-05-29T14:12:00Z,REQ-000933,6d335433b612a148a4921389,STATE_02_DIST_01_PS_01,eb98737f534a00bfebfcce9c,deny,DENY_INACTIVE_CREDENTIAL,P-2026-05-STEP2-ORACLE,ccf6e80cb3073b66a88718cbf3d481c88b226e363b97b34772824301a255cdd7,fc47058129f3b5d06c5388762166fed3e1e0e56b6c0c728a0507e65f940a25ef,d4204597b6a60d5e53ec0cfcf73eddaf1f7cf258beb6bb8f931d7cb1964e2130,fe91c57400a3173a0c95fb706948620721a0db97613a3407acf57c735df616ba,30162cefd77d32641243e9ce505e795565a9a33052b86a23a0bcd822327a243b,a11bd6a64f041d8f25d330b46038227990e19eaab957615f21c48ffb2df895f7,257b5d63cedaa98c128984158aec560db39bbcdb8c02bcf06337b2dc52f74a80,85c8a9429392d28996babefe1649435e47657ceccbc63ffd0ee5208be345c7c7,HMAC-SHA256-DEMO,AUDIT-2026-05-STEP3
934,04876d4dd35ee805c68a33bf,2026-05-29T14:16:00Z,REQ-000934,36f9518be85535c10000ffd5,STATE_03_DIST_02_PS_02,6969bc27b1c05b9059519252,deny,DENY_APPROVAL_ACTION_WITHOUT_SUPERVISOR_RANK,P-2026-05-STEP2-ORACLE,57296eb0198d4a8221dae95aed4a503694e84ad29cd66e59a57503204ecb8c32,f5d91467004abf1584742e3b00273a71ac3d11958d0b4f46d1f332da233adfc1,eca64456e7fbbaafffd04d8980e493704e049b9df312f2c33a106309f3cf0eec,b47640f0b75132663692e977ba0072fa84a085e0c920dbd9850a24eed77bfde9,d3435ce680f804c86fe643f4c1336edadc21012935710fbe757f2cf791c3e23e,257b5d63cedaa98c128984158aec560db39bbcdb8c02bcf06337b2dc52f74a80,1bd0bc373d53051f4c5ab3b69748001ed788910ac48318f90e06a0b524513d53,cb3f8bc60ecfbe7cc4c18467651086f68245b6bf8062cd80fe1ccbad63940753,HMAC-SHA256-DEMO,AUDIT-2026-05-STEP3
935,c24a9bb3fd400195436eebf7,2026-05-29T14:20:00Z,REQ-000935,9764196f496c1b6c2299d105,STATE_02_DIST_04_PS_02,f7151781855b8ca96dc2f997,deny,DENY_SEALED_RECORD_WITHOUT_COURT_CONTEXT,P-2026-05-STEP2-ORACLE,58c2325dad8e93ee9c952ee16a92240899aa20720d396b81202e63100083ccda,de36702ea111744e2c7cf81ba912d247f3f2bded1915c2c00c0a31a490201482,7d3c94fecf2c3b7921e3bf7f143528b9aa7ad5a40a42775102e9b5d597f6a368,18d34190c9ccce493a7cbfcf82e165d9fe7773b294f778197c1ac3b3ff0f3543,fbcf986bf32d900a89059b64c55387b6ed9c0b531faf68364c05a09a1a40c451,1bd0bc373d53051f4c5ab3b69748001ed788910ac48318f90e06a0b524513d53,dc8b898595e9aa6f917874559417da44f8d0d0ca0aa7923b163c521e607ac4aa,96530e35c381cf63d74e91de86f017d57026f44a6abd979e2ad0f882daa44ce2,HMAC-SHA256-DEMO,AUDIT-2026-05-STEP3
936,ee81abb52f5e184cd57f7f78,2026-06-05T18:00:00Z,REQ-000936,ad021cf14b60633e375d65f6,STATE_03_DIST_02_PS_01,c3ad49089de0c685eea42246,deny,DENY_STALE_CASE_ASSIGNMENT,P-2026-05-STEP2-ORACLE,036eb39eedfc79e26a37b510885cbfb4f74afcb83e3aab1ad15b0957d8ff66b2,d11e99ae9ebfc68e07116ec4bede0c319481969589627aa782fbfb635ad52cc6,a8dc9bb9770aaf47f5c20aa4dd7502977b712de4d3efa685a047f5fb7ad3c73a,62bc6e11ec4acd086409e62ac9476f675fbd21a24fa542b04b422010562e99d2,2e3e9169393419b82baa2d991b13405081d13f4e52a1a07057d9a7e3e3a2afab,dc8b898595e9aa6f917874559417da44f8d0d0ca0aa7923b163c521e607ac4aa,741c662bc1128ec70157189c30feeca23a2300f6ae01e2a06ab0f2adddb3171b,df3dbc9e42e112de608847d6bd5f1cb4578c2f6b7d31f56b9c09190f99746b91,HMAC-SHA256-DEMO,AUDIT-2026-05-STEP3
937,da66e4b406dc01baf9738f59,2026-06-01T04:56:00Z,REQ-000937,80474f2be101fe342f3d27b8,STATE_01_DIST_04_PS_03,b1369cfe83c9b50aaaf08c20,escalate,ESCALATE_PRIVACY_SENSITIVE_RECORD,P-2026-05-STEP2-ORACLE,ea26c7a2360a688f372d6c692265928a1a3944a6f9eb407189374f80866d9047,b16ac718821d2db4e47f44bcbf658d78b76821967e2ce29e08740802e5c26688,f896c4be39ff0a74fcb6c3281a5292c40d883a7c4084f866cf70c3b45c5f1c03,ceb7b51d12c448821825ca90915ac4502e505aa35813977d9808e48850365a49,44f1a3eb43063e0160d72d7e36f259e406eba0d8d6ba3de6aa04defd78ee09da,741c662bc1128ec70157189c30feeca23a2300f6ae01e2a06ab0f2adddb3171b,b2ff42aa97ec7e116f088c54af64a8515caedb867f2b070f4db7911e60716e01,39b4d095d0687c8552a651073388fc2b5efc7c4774942bdf0b68351254e2abf7,HMAC-SHA256-DEMO,AUDIT-2026-05-STEP3
938,38c53e4681503c8779e11730,2026-06-03T19:36:00Z,REQ-000938,e48c526210cf797e3886d5ef,STATE_03_DIST_04_PS_03,5d20a2d5caff676d0afb5185,escalate,ESCALATE_PRIVACY_SENSITIVE_RECORD,P-2026-05-STEP2-ORACLE,e99820e993de1c020e6f26c09f530e51557c32c836fc3d49170e9d1b47c37b10,63da9d799ec3ec33ccab9868410b79f62904b3bea2083ceead546baf43b3e16a,e7a5b71b7e816a3f6e7a6d2f574af44d6c8b4aeb4aea4b2ff8c7e8e3f1ddfc3e,28413e511bf74491ce462402b3417891eb6fabc26de7baef6c5b5c1314d62a32,96921e292a8255e7b2ee83d6026412658ee30a7bbde83ad1b17ce492b425276e,b2ff42aa97ec7e116f088c54af64a8515caedb867f2b070f4db7911e60716e01,1ccebc062e76948da2a717a504986580bf97045bff4eaea5c7aca5a7ef991425,bd6628a53f1d1bafc4dd61334057bb45b7508dd16ee120a02a2bc557d638ec53,HMAC-SHA256-DEMO,AUDIT-2026-05-STEP3
939,5c06d4fa8c58ebc1ab9bba90,2026-06-04T11:27:00Z,REQ-000939,2f283926393a08241f4c19ba,STATE_01_DIST_02_PS_01,7ab9fa00902faedfec4f6eaa,escalate,ESCALATE_PRIVACY_SENSITIVE_RECORD,P-2026-05-STEP2-ORACLE,c4558e40d3900b830d937525086c506db5ec26e171e751a6ff139153ed9801ef,39ba5191abc522bff7af81345e5c99f7bfef22a94904958db8f90d0b877019bd,edd679a45e8209608a5a73d8d4b0f6419d178398fe63fc89824e147effd0caa9,00db3a02692bb0cccbcdcdae64a16ce1ea3f8d0041479149d351cc60a8bfed1f,3790214f8d372f96fbd8bb7cc70cadbeb967ea1313a852b647c0fef756785f30,1ccebc062e76948da2a717a504986580bf97045bff4eaea5c7aca5a7ef991425,e5689dbb854c0ef90c1949496467ae963de485da7212365da376419a6867472e,799c71a2766dd2c553ef6699a791ed3e8f7d05994cb03dbafacc7ca40235f6fb,HMAC-SHA256-DEMO,AUDIT-2026-05-STEP3
940,270eef55bd52b9e96d7e072a,2026-05-30T06:20:00Z,REQ-000940,6adbebf965a8665f8e3dd8db,STATE_01_DIST_03_PS_03,47c63e7665f354ae6f2a6d64,escalate,ESCALATE_PRIVACY_SENSITIVE_RECORD,P-2026-05-STEP2-ORACLE,cae0fc0f2e1434bc9742b3b1551d98c06b17b2c1e18d86e9e31c0f55155490f2,f5c5193eb2f3cc82fb13369264b56872cdd464a4806ce9582481920d73d5d848,a5e4915121844742088e1963477a887d8cc81a8d965eb87adbd50197dc62e940,f6b2ff0ecebf97ea5f5f6d056962f31f18b4e3340de3028dcaaf88fcc181aeb4,0bc50d6ea9a12e9c70e8dbed3fd70e8ea7c58c3f293a3c3d9bf2585464977c8b,e5689dbb854c0ef90c1949496467ae963de485da7212365da376419a6867472e,e5bacb7e0755d798cf7f60c9a38f30d5dd874d026ebf7db5b6ea4d7e1af16718,4893fdf3e939d028617073a03e0b1d862c704706979beb51246bb7808285db9e,HMAC-SHA256-DEMO,AUDIT-2026-05-STEP3
941,95e0e4534eecca7e7004ca1f,2026-05-29T14:44:00Z,REQ-000941,0d9d0f67e217f12f80467acf,STATE_03_DIST_04_PS_01,cc15b0789fbb4ed267c3ed39,deny,DENY_SEALED_RECORD_WITHOUT_COURT_CONTEXT,P-2026-05-STEP2-ORACLE,511afbdc4a992755911baced1d7e9d6e047e1103183c9b8d5a9a36d816a28201,9d3d1d0a869b32f2b2bb64b7d17d6bc53a4e189c8cc297b01413c8dcdf7be835,1819a22921ae4aa3ab7e48bb7398458792d4a9b236c1c3866e1d41773d98be0e,0898695900014ebfd28eb6dcc9c776704ea94c7de82d520c53bba806bcb17f62,20fee611a54830787724f9c396102566782d9d77390299083a38541b6785d104,e5bacb7e0755d798cf7f60c9a38f30d5dd874d026ebf7db5b6ea4d7e1af16718,32de5ded061085a90ea307caefdbc2a2d236b4630c0c36fba8ae840ed704a3e9,b64c159bfa32d58a996ff3b89c814e8606e008eb9bba0fb9e1ec8a1a7c8208f7,HMAC-SHA256-DEMO,AUDIT-2026-05-STEP3
942,e369a08d0c08bd8957d5f63b,2026-06-06T11:12:00Z,REQ-000942,3928cce83c394fe536f56bf5,STATE_01_DIST_03_PS_02,76adbb3fc2521f255ea8e9c6,escalate,ESCALATE_PRIVACY_SENSITIVE_RECORD,P-2026-05-STEP2-ORACLE,dd6ed7362fddcaa6947dbe535a18dd9633823fc11956e3c750ae42e598210211,1a12b4478f13119961a4dd0d0ebe9ea4f364da31c59ae93138a32f8aa300cc30,6d5a4a05e280815f577b5e6e7a70f8a99e42539a865c540d91e16f67143843b7,b755f05f2b6f699d508c1a43ba706ba10ab80e3219009d27bd152d6611935d9a,865af996679a9b99107407d7e9edab3686e45828c5b1babdedebffe3fc2a3acb,32de5ded061085a90ea307caefdbc2a2d236b4630c0c36fba8ae840ed704a3e9,43b1e66336afcc102b74e6b245697bf39a5b7727d1aadc3c7646b461653cd02b,33efe62a3b9057f29becaa4a40d77345022723ef767ed395e0b6b69d09aba37c,HMAC-SHA256-DEMO,AUDIT-2026-05-STEP3
943,991dff9969bf7b87ec160e3b,2026-05-29T14:52:00Z,REQ-000943,5d49251d25024e2ef906fcfa,STATE_03_DIST_04_PS_01,685db473c8326fc6f2ce18dc,escalate,ESCALATE_EMERGENCY_REVIEW_REQUIRED,P-2026-05-STEP2-ORACLE,bf2f33ec13fa083ab2012354fff860c452765c919ca6a63ce791c51ecef2dd42,f5a6a39184e9ec34340804abfd4c7b8b56c6dc3d38564bf1d1ac1df89e1bfd4e,897264d7f7fd72811596209b30ad7c3f322af0b0ceb1ea58ede6e1211eacf1a1,98028d7714b8661d2960fa79b5d0a92611367bcf83f6f2cf8598d7bbec5eec2c,dff09d74508d2ebefad555a2c8f60028d6415b3f60b91c9627594aeb24fb40e1,43b1e66336afcc102b74e6b245697bf39a5b7727d1aadc3c7646b461653cd02b,229ed8b874a4aeabe5254aea5a0ed5697a7193a2f28d4ea5c870f783ad79e4d4,e4e6b3749afe04d84d7f77cbfbd5f7a017da7977647693cdbfc6fd71d79fe6ad,HMAC-SHA256-DEMO,AUDIT-2026-05-STEP3
944,b4e5af49e4a1cbea887c5099,2026-06-05T20:00:00Z,REQ-000944,858f20314a8c64995d905a33,STATE_01_DIST_03_PS_02,24f613e6fadac797ca776657,escalate,ESCALATE_EMERGENCY_REVIEW_REQUIRED,P-2026-05-STEP2-ORACLE,74c5b510c71b9a90a9d0060b13626735e105fd8ff449e9db8048d15e02a68437,61f06d1c406fea53f4997dfd0a6744e72a4d06fc066b28d7e6555737a345f660,963d6ea7055851d579251301760e1ac265376b1ec357f2a51ff4226f01e24636,3729af7fce9d65cbd6b7b5950f949a7026238d2bfd168ab828eb09b1eafffda6,103c2d4561900065353c651d90da5409e0de5297f576b8718a1849f601949625,229ed8b874a4aeabe5254aea5a0ed5697a7193a2f28d4ea5c870f783ad79e4d4,b0167fd1e30a664d9b2b74aa69b99279894079cca4ae9d8211f6360cb3263f72,4165629d8694e083c6eb85791a60519ec58145e982af37122aa5858325226546,HMAC-SHA256-DEMO,AUDIT-2026-05-STEP3
945,f2be8d0d18c4cb76fcc9bc6a,2026-06-02T13:30:00Z,REQ-000945,5e223aae914ba42e97c387c1,STATE_03_DIST_01_PS_01,baa6b6685b0bb577aff12148,escalate,ESCALATE_PRIVACY_SENSITIVE_RECORD,P-2026-05-STEP2-ORACLE,70846886e1445df0764261e517e2a1a05fd445717d5004aacd74446862529274,3754f68a8dccaf13e7d3faa979ad95cce1fc4c96d2a4291ed30508520e43bd3c,2c21a283bb4501e535d5c27dbb2d480c93a0b5fc0f196101d4e4be0fe28495b2,0f26604111475a84ded2794380a345818a5e89d08dfed5450dfef3b60d027e9b,8bc31a8966653ff523a9dabd6edd53d025f6e3f39e8b2c0c302dfdeceb6d7c96,b0167fd1e30a664d9b2b74aa69b99279894079cca4ae9d8211f6360cb3263f72,15a13629cceda86295c85655a3e48f1a139e9704d26ff37cdc3cfd7294fc4cb9,3034bc324008ac33521efd3f5bb9085637bf9a543f58ab888fb3fe6d585c3727,HMAC-SHA256-DEMO,AUDIT-2026-05-STEP3
946,dd1fbbefb48d8102a37457e5,2026-06-01T06:08:00Z,REQ-000946,4bb363d085866d6dbe19f005,STATE_01_DIST_03_PS_02,e5302f38762e2bdba2121487,deny,DENY_STALE_CASE_ASSIGNMENT,P-2026-05-STEP2-ORACLE,830f20a320ee54646e40363031edbbe05db24ec49f8e8dbf9470f79f878dcdac,2d7aadb12377b220550c603abdce6dcd30d98ef4f7355276d965104f0c7858f2,37d155c189f205c73cad7fb0b5bdfc44bcd6a4210ecf4dc87056e1b874ca203d,4b4531392ad1628727309f6f3e6b644cc90919b1423c6821bd150df3a08804e8,307970649bbb3a0342a92fd8cc23805a14574f71d17f70216b8da77ba5f29ee7,15a13629cceda86295c85655a3e48f1a139e9704d26ff37cdc3cfd7294fc4cb9,e24caa5900f194460e42315fc94747cafc88ec72dc1cd13c89240f9d4f66794e,b91b0513c92a6808050c4cf5655a4f6f4d6c06f25f16c69f58e49b578c3da696,HMAC-SHA256-DEMO,AUDIT-2026-05-STEP3
947,42bbac1fed520270b47db0e1,2026-05-29T15:08:00Z,REQ-000947,4b271c3dc209eac61d05dd4f,STATE_01_DIST_01_PS_01,824a794b4e624def85c96265,escalate,ESCALATE_SEALED_RECORD_REVIEW_REQUIRED,P-2026-05-STEP2-ORACLE,ba2e6b50143f014720b301d0efb0f915c6fd2963f71d0c160c19822165649a52,201f571cc7fb5da374d02bdbba5bf76bce8098ac66bffe41d148a5b495526728,6b97e0da15f818106984864bbd64222dda6348007c26eec8bed3e98fc340498c,bc5e66fbccb3c2218eb878a8cc755407cee20738d43ce99882bfaf92fa1f9770,912defb9b519f18e178501cf30645cb68bdafd3351e4c1d90fdbcbdbe40bbb12,e24caa5900f194460e42315fc94747cafc88ec72dc1cd13c89240f9d4f66794e,06db4e7d84f8e4732ab0f78ca4fbbfe687762c1f30b6c60cd2fb9b2df3e54a7e,74b9d20b187e02bc88fda121388d4c2e759df428f8b41dae1252cd8d279fda85,HMAC-SHA256-DEMO,AUDIT-2026-05-STEP3
948,009dc9fcc2292f5f20e19009,2026-05-30T07:00:00Z,REQ-000948,7ea4c7cce178f9ad9715431c,STATE_01_DIST_04_PS_01,02618a5e4015e753681bdcd2,escalate,ESCALATE_CROSS_JURISDICTION_SENSITIVE_RECORD,P-2026-05-STEP2-ORACLE,acd2616ebc02f66890c9f0ce6009a7d3080a9266d8a031a79ed824a7eeb021fd,f459aa36cfe65b5cd24fc6fec6eed403aabd1974297689837c589888e4bea5fe,0d0e772d1c14c0469309b0b79faf5e2664f5df3e8118de31b158606737dfa75d,3b51ab33d7a2704650ce5feb3c44cbcd14e8d4eb1aedf0089a0698b48cba21f6,1501a7789fa6df6f68927767b97f898d636e479c336befe74f8aa2667d725f6a,06db4e7d84f8e4732ab0f78ca4fbbfe687762c1f30b6c60cd2fb9b2df3e54a7e,96646bf36d92e00e7d998008a2b482827796a44d46668913d9b3ca116d4246ed,8bc55144f500591f45a1e51d99f3b309593a1e668f9934f979b9d8f48410f98a,HMAC-SHA256-DEMO,AUDIT-2026-05-STEP3
949,0178759ed29f35ed0e128297,2026-05-29T15:16:00Z,REQ-000949,a2651cd5c21b20cc4d4edc22,STATE_02_DIST_04_PS_01,7b291ea97b660dc95e52b341,allow,ALLOW_ROUTINE_CONTEXTUAL_ACCESS,P-2026-05-STEP2-ORACLE,90da01b40381213ed54ca470132392f97925cd0f2817c92bd03c0d3b04c91043,3cc86da52a64ed7411f445d2d234909e111a1b656afe433295e4825bd2bfce9a,e9f669d98b1c7f20eab141aca8b30e8c73c6c4498233d407c0f0318242f8934e,e0313b733da7a8ce7c601a3acf428ed3adf68f9af346a19747fd9a874e4a7d7e,a7636a4e6c8302d545febd3d20fc53c070d3e377fb74d5fbaf6ab379a74d9ece,96646bf36d92e00e7d998008a2b482827796a44d46668913d9b3ca116d4246ed,4227a3ddab3b8ec0daf414cdc5f181e851f2850db7a2816661a3de5df200e77d,6eba7693f297361aaba26a3cf2737e5e4bf1dab6260d1ea06ab9940c967e1ce0,HMAC-SHA256-DEMO,AUDIT-2026-05-STEP3
950,f0c0b6302c4765cad8629479,2026-06-04T13:50:00Z,REQ-000950,71f10fb896bfac44fed3436e,STATE_01_DIST_02_PS_03,65b119681a10677745fef3d9,deny,DENY_SEALED_RECORD_WITHOUT_COURT_CONTEXT,P-2026-05-STEP2-ORACLE,a384e4f88e3b4f1f3525a406a62c73f707d73fd7ad343155ba4a3ab6938fa325,5dfbb5d7153cab664f85b243cbb0b3fb1cdb73c17be1ad29a0ddf282fb7676a6,7468eb2a2e32a877f08166ad103c2c1a41283379a709c2e2c77e8de52e208c11,91a0a3e150420fde235d532e14274b3178a94c66073b3ea210f470762af28477,54a1ce0f02a0b2f51e66eb16c30d7f0b07a7fc06db4b619a9b7b23b3397a9a6f,4227a3ddab3b8ec0daf414cdc5f181e851f2850db7a2816661a3de5df200e77d,f3aa3e589bc0de61e59ddf8706b39884e47dcdbaeabb73533927daee4e42d61c,3ea9e2bfdcff129b9fc6f42715e240175c844fe9d356698e8efe431c640e0093,HMAC-SHA256-DEMO,AUDIT-2026-05-STEP3
951,068d4ddb038279bbf7a2341b,2026-05-28T07:42:00Z,REQ-000951,6d335433b612a148a4921389,STATE_02_DIST_01_PS_01,2bb01093000cff150787fcc9,deny,DENY_INACTIVE_CREDENTIAL,P-2026-05-STEP2-ORACLE,3ce45800123bf67799feeef7e0681e21bd7c51cb69ee8fd69ba15c446f5d27c7,309f9758fb60f5e762e806a43552e2ff47ed01246a4c4b279fcc050ffbf23760,ccd496d1c49acc8b541444cb3230ea04dbfd9129808c04d868d07c9c5f552aca,e3280cf5f343ede2a4f136c821d994e21066d4d151974cb98381ea05488544e3,9ec6b6b4148c2a0213244cf4d56bea3a5da22f80114a903a29c8ee5618d4ab43,f3aa3e589bc0de61e59ddf8706b39884e47dcdbaeabb73533927daee4e42d61c,c8deb3b8fb48f4979de9767aa5eb5cc7ebde83a8d821ba77288fc268ebd60ae9,f49f8b9db342ebb0b6cd1d66bbfbf6a28d93eb0324951f8638825a22a6e0c507,HMAC-SHA256-DEMO,AUDIT-2026-05-STEP3
952,5cf54b68856dbfd1eb6d77b8,2026-06-07T05:44:00Z,REQ-000952,f65ad458155d09405f8da86c,STATE_03_DIST_01_PS_03,70c78bbc75d059ecfc674005,escalate,ESCALATE_EMERGENCY_REVIEW_REQUIRED,P-2026-05-STEP2-ORACLE,d279aad66f07036ed3a13d171ece5049e6d0a6dc2aebcd524651c6102c67bfe9,1545003973ce1bd43f3e992ecc88bbff999c2afab425ba8f49c1b0df339ee63a,4eaeb20c1831341c751dc091944a744a7e441c8e6d7ec9ebefe7ea1e08eb4243,2b77563ae1bb90d4ba307385b08065f1ce91a86a83d90f84c7afc97435da17b9,1f503469e666fb7a249b41605f561cee3dcb436c23bd4630a5ac2e15352c381c,c8deb3b8fb48f4979de9767aa5eb5cc7ebde83a8d821ba77288fc268ebd60ae9,adce7ccd6ccbd45e29e78398190d1856ee6f3eb53c0241e0f936d5f0400a4df0,0f1186a7e237abd1cb555ed28532b0d7f332dd674134f6aa73954205b9e6038c,HMAC-SHA256-DEMO,AUDIT-2026-05-STEP3
953,8ed30b15950ff0892e0c50e7,2026-06-01T07:04:00Z,REQ-000953,63cd4d5013242ca51327d961,STATE_02_DIST_01_PS_01,873c7de1d90814943680a90d,deny,DENY_APPROVAL_ACTION_WITHOUT_SUPERVISOR_RANK,P-2026-05-STEP2-ORACLE,8f76e8e7571ea763ca82fc20ef18858280c394f39ee56ec8e8fbfda030db12b3,fd2b8611352746adf581be441f28cb8ec9083c1ff7cbff998c6b08efcdce0f54,7a105cb161141f97bed7e245b4f23c159afebc9e548c5ffdf07475289e7ba2fc,ea9ef4365325d1c1d06ae0ff02a61555a6a602cf55a4903419bb978fb03624ab,5f4cbd518006838a5125fe597e112ea245d14bdf9a3a4b2fda367611cfb01210,adce7ccd6ccbd45e29e78398190d1856ee6f3eb53c0241e0f936d5f0400a4df0,1d806a61cca1395974abaae8a8dd683d5f9493e28d8c70ae188b4a75c32b197f,3e58be944d3ccf68b2ac5e53b6fd163eb57a715bbf5d6131a6c1e56e972277ae,HMAC-SHA256-DEMO,AUDIT-2026-05-STEP3
954,5bc1d55d932fa6dc6febf49f,2026-06-03T22:48:00Z,REQ-000954,8d450ebb6d2a4135d240f974,STATE_03_DIST_03_PS_01,bc645ca847686d31b766673d,escalate,ESCALATE_PRIVACY_SENSITIVE_RECORD,P-2026-05-STEP2-ORACLE,dc019f0502c389f97d54f4beda2639b8621831530a90a3d7d1bf6157a7826166,bc9e6c78e8accd31df2592e1955d41fc42b3d141ae29b090c921adb97e271e0e,1e8ceb551930f4920fff165db7a59314abdf8dea3f0069fff0869f01843df67b,207e88afda61ac4f99a11de61267467132e46835826ab924edda7ae2a8774945,891946de37e9b7933cefc90e17d678631d6f25a7b30d90719b660faea40c5ead,1d806a61cca1395974abaae8a8dd683d5f9493e28d8c70ae188b4a75c32b197f,09b3c2d3bfe64ab77d32d1181eda3b77459bb689606ed1ac257a557a1ff77352,9719ca4c178bedcf4096fc36955a343999e3801426d5bb9751eaac1f6b7c60e2,HMAC-SHA256-DEMO,AUDIT-2026-05-STEP3
955,3bbd084c68d3e8bde68a749e,2026-05-31T15:25:00Z,REQ-000955,f1cd31d43c526f5a63bbd87e,STATE_01_DIST_03_PS_01,2ba4339d45b004134829f8df,escalate,ESCALATE_CROSS_JURISDICTION_SENSITIVE_RECORD,P-2026-05-STEP2-ORACLE,27608946b67d0fdd5cfdeefdfe340185d15ada263bf9e4e9d80edb5855798e99,b5ec10c7607dff3c6aaf70dc31a9b0cc11c394fd2cea23954a5196cf20354594,15461807a2f3c713716286f084955f91d2ff16f13d8c8165f418fe38e052e62f,804ec2dfc09b3e85359841121e34b16e98ec215a3380988ec7a49e0d97d51913,3a4d685614686329d0c6129ec4c028e54ea2f3ff64913a9290f43eed6879ac2e,09b3c2d3bfe64ab77d32d1181eda3b77459bb689606ed1ac257a557a1ff77352,23b2d57ac2fc931d68b321efa29bbbe029eb889f7da29dfe02a8977e18d70f89,17eba2e7f6073362c0a241a3a79312487ceeb98c5f11f14ad5a528dd61445adc,HMAC-SHA256-DEMO,AUDIT-2026-05-STEP3
956,1bb1e4bb317c7f2387daed27,2026-05-30T07:40:00Z,REQ-000956,fad5d40018942c6b0ef2d75c,STATE_01_DIST_03_PS_02,570eb7fa38bcf5f5722f7399,escalate,ESCALATE_PRIVACY_SENSITIVE_RECORD,P-2026-05-STEP2-ORACLE,d2b5e9e989d69f0f2cf0eb13cfc37a1330c58e2d8d68949e58243589f43dca9b,9777ee4e4ca385cca3bd15dab78383407c88ac7fe510eb824234968551b89b3c,37149102e49678466a21fa7624368b1001bbab84ab91af8205369e8b660710f9,7cd4945d7a3138685c36c7ea6e8b5b0d837939414c9c591318d139989896bc5f,c618c554de8c0e9049d668b58ad34097858b9dc50165d7d7ba9bcd6c5357e0b5,23b2d57ac2fc931d68b321efa29bbbe029eb889f7da29dfe02a8977e18d70f89,44a016a1c62cf618333039056b18c847cc34a9ff9af69e422b5c037dc7e64a3a,0226eaa58030359ba4582f96cdce114eaf899fffe0b15493a615766f87dbb8a4,HMAC-SHA256-DEMO,AUDIT-2026-05-STEP3
957,86efe297218a96bdaa845998,2026-05-28T07:54:00Z,REQ-000957,36f9518be85535c10000ffd5,STATE_03_DIST_02_PS_02,62c4bd5e3c46d322ca954d3d,escalate,ESCALATE_PRIVACY_SENSITIVE_RECORD,P-2026-05-STEP2-ORACLE,bb345e772a866ce9206e582134609047a327ec3b60bc5d32166eb90f31fc5696,102f6ddd75ee010c6035820422c24f828d74df6d0fc1f4b6943f5ab79f19a7ed,b391b4d4c587d4e4e4dc614a1f3307fdc4db2d02fabe3d2244be35abd365cf09,7ba81c02912d7ebfe68bf5d93070ab45ae056d17be6ebad9a1aaea10dc6d4e0a,cb23aa71a7311772c773c4bd4d73dc7cfb02abfb6202679dcd0305ee4e894341,44a016a1c62cf618333039056b18c847cc34a9ff9af69e422b5c037dc7e64a3a,322f0fe1d08b115d01a73c405791f8902be020892437c38477e7c153edbc92b9,48e0f171b8fa9675ba747b05e103d38454d01dadfd2eb12281ddeca6adfb97f3,HMAC-SHA256-DEMO,AUDIT-2026-05-STEP3
958,4220520bfc7e4681aac2659f,2026-06-05T07:32:00Z,REQ-000958,4857d6398585bfa5b41baddd,STATE_02_DIST_02_PS_03,f7694506fadb227c01b96b55,escalate,ESCALATE_EMERGENCY_REVIEW_REQUIRED,P-2026-05-STEP2-ORACLE,e39054babd82ded69637a8c7be52ee21aaaff1824d01ebbe4ae55f8f221ef337,0ba0e4d74b50b8536e9d4c17b73c08062c01fa420dbebfe6e02615e8fc1c1003,fa4800b17a07f5007fb22e08f28508fc72d793501c095c5af83073576d67dacb,26e32b258425058922f1f43f2c5295185b91a80c41f78b64e369613f386617f1,aba925670cf3b890265eb603d4bd0da804c79f16f5c2881c33aaeec1d57eae23,322f0fe1d08b115d01a73c405791f8902be020892437c38477e7c153edbc92b9,753feda08bf782875ff25ef8b214e3174e5ff86fe4f256a3e2144cfd08244dc8,1f9686de1edda568ffe1fa02f9d9879ed1e959428f94325aa2d6adff6c33a4fc,HMAC-SHA256-DEMO,AUDIT-2026-05-STEP3
959,14aa526cb35813fa91d1f326,2026-06-03T23:48:00Z,REQ-000959,5f5d03cad2864eb9986177dd,STATE_03_DIST_02_PS_02,32709e9933ce8393e41f8851,deny,DENY_STALE_CASE_ASSIGNMENT,P-2026-05-STEP2-ORACLE,cfae5e7c23bc4119019f4baf5ddf8404299e92626fb9a864e15230b68a437acc,2f1d7ee10a78f716b35f20760bd1b324d4ac3371102703e427f8fb993511eef3,7c0dce0e274d28a9cecd928994b2d99332df1b3eab4e966e7d1fdeed1325c07b,a31ae431154e1c915915cb6f114c12b73f68af66c3ead0dd2a581d25f5592cbf,263996016b365273339cedebd2b46d841cad93ee4a2d1334757d8c71acf03178,753feda08bf782875ff25ef8b214e3174e5ff86fe4f256a3e2144cfd08244dc8,37f6db9ef163894990c61da3cc1b233352b9c6e06a449a28a92199db928b352e,115a9abea347e29d1f3c1d03faadd06ec1e7e031ea9a47654f5cf9a485b8b980,HMAC-SHA256-DEMO,AUDIT-2026-05-STEP3
960,24b690bf14a742902c664b70,2026-06-06T00:00:00Z,REQ-000960,ccfa52e7df949ec76b129260,STATE_01_DIST_01_PS_02,bbe429bf8ae90c1182e92d2e,escalate,ESCALATE_PRIVACY_SENSITIVE_RECORD,P-2026-05-STEP2-ORACLE,9182250331ab5f2ae33595840b348de38b9039493d3a8ca767e472546766c285,1859ca84f73b499414ee2904129e9b8f7919bb54dcce33b7d36b3881516f933a,b795488f577ad14b28a6707acd6d385d6ac19124ba38e73575fec9a38abcdb86,a661b2e992b07e95f538c7d557be3d2734856c505f16b2c1a5dabcc02a2aeeb9,2de24fe2a75d1ae25d95b3f3377ad81b2c13b7c3e28ee11c48d550d7685b9bac,37f6db9ef163894990c61da3cc1b233352b9c6e06a449a28a92199db928b352e,41f684c3b07e91b5e67fd23dd1feaaf15ab2b82a7f3c935c6556b7f7a0ba49a8,74c84fedf113abab78fe0ca7b9217bb3ae81a1681ef3b86c32d90dab08c4aee6,HMAC-SHA256-DEMO,AUDIT-2026-05-STEP3
961,95b2640d96d10f548b63659f,2026-06-06T16:16:00Z,REQ-000961,f65ad458155d09405f8da86c,STATE_03_DIST_01_PS_03,d12cf10e373243a5cf3cbde4,escalate,ESCALATE_PRIVACY_SENSITIVE_RECORD,P-2026-05-STEP2-ORACLE,77c6a0df472a881eeb5354add104c9c4e77003f5ecd4a600278dfd50b46a9ec8,2132d047363d4f69972d821064c0e504473171e2c27cc161836b8908beb1de18,fb85b5689cb79f3b0e15ba14641e8b71be3524c6e00b73d2799e639c4640afab,7fbcf4b2eaa9d063c07e8795bae34c6bcdc563f65225c552868a458c358f7bbe,bdb1a989e2dd8cc25750d1b2c8168598a04e72eb9c6e9a6e1dc70c4e36668cd6,41f684c3b07e91b5e67fd23dd1feaaf15ab2b82a7f3c935c6556b7f7a0ba49a8,cc8df2604827d9469dc0a2a1dc5e2a9bddcf604f5d30d944532e44846bba8e15,b57e3636aa5b64f7cc734ad4ec5d3dc20483e86ca243a966d0f1997f85bc4c4a,HMAC-SHA256-DEMO,AUDIT-2026-05-STEP3
962,eece9b14969dc67920fa7c84,2026-05-30T08:10:00Z,REQ-000962,d57f9cfca107b054602e3afe,STATE_02_DIST_04_PS_03,c6da6d4d126acae64aff20b8,deny,DENY_INACTIVE_CREDENTIAL,P-2026-05-STEP2-ORACLE,a00cb3063a1afac172221f707082c6eed99bbe5388df361e64344f8e3f855191,6f9836e70d3819e82e828f7d14a6902e601514ad357d86deacd259bd82bdfa2f,31ee6cc715c523551c7340d40be2ec6df0e80e17e6ba627a734bf5ef64780069,ed56b46d35acd96146c24edfc52ab01d891c54e11679543934995b0d27229a3a,6769d498e4e90db72886b7490513895aa20fd3aa5ecd27d05b8374eeb46e7b4e,cc8df2604827d9469dc0a2a1dc5e2a9bddcf604f5d30d944532e44846bba8e15,fd1bcb34a3b3c0e3388a5bd00d69df7ca2292029589cb35695b89196e996554d,d97b6da3675580056307aaa0a5bcaed1e2cac1313533decf58e441dff101b552,HMAC-SHA256-DEMO,AUDIT-2026-05-STEP3
963,8fd053dc73fabb878fa62b0e,2026-05-31T16:21:00Z,REQ-000963,0de9124a7d38c17a328e4497,STATE_02_DIST_02_PS_03,7162ae3d12d0223d7f64f413,deny,DENY_SEALED_RECORD_WITHOUT_COURT_CONTEXT,P-2026-05-STEP2-ORACLE,daced6a247958fb7179f9db800a9db0f514df53552749c5e8e2bc27fd26f86d5,36e96e5c6d8f88d4d1d63cb186df30bb2b37157e89a4055cc4ee3db0e7626333,1ea65b24e8e10dbb06426979eda260592294e24bf8d0770b598d72aa6ea2adeb,34ba8e1f7d8320b293a4b1ae5e29bea349fbabac0272aff08331bee6c0f048c1,42403e54b809b46c356ec247f7034a325dd8adbf5c9fbfd9bbcbc5f72f77ed3b,fd1bcb34a3b3c0e3388a5bd00d69df7ca2292029589cb35695b89196e996554d,b73d40fb13d58547974d7e7113718900d11ecc87d4cdc4c1670f85c3bdce59e0,0fd91cf18aa776d46ffb6dc7243d1a2d1c2749e6a8148630aec8584b76d54de3,HMAC-SHA256-DEMO,AUDIT-2026-05-STEP3
964,2643d92d896f5b2b03f4ae5c,2026-05-28T08:08:00Z,REQ-000964,5f5d03cad2864eb9986177dd,STATE_03_DIST_02_PS_02,62c4bd5e3c46d322ca954d3d,escalate,ESCALATE_PRIVACY_SENSITIVE_RECORD,P-2026-05-STEP2-ORACLE,0ac2c7a12a0452e4a1409afd7d33d7afc7b65cb64574cbdf02b999ed46169ffc,d858a2914dd03737b66ba9eab88977dd7f2bfa1742356b17ac1aa05dcf28d093,09ceb01c776a4b36ab27aa3c7661b6f6c6c17e2692245770c8814e2d78479263,58e824ad60f3be1d17ec42679d95ede5ce1a9238dfbca00bdd867f3fb8ff6a55,62a1f0cc178de93cfd1a04f23f600d56668e6de01e357f86e0b46271cb301e9a,b73d40fb13d58547974d7e7113718900d11ecc87d4cdc4c1670f85c3bdce59e0,eb356b78104ab9936b040cb5ea91f7444513ff2ecc8781011da2cb57e3034b37,07368559ece31cd5ca92f75e422be3d074e4cf3ddc18702bbafeddf9827729c1,HMAC-SHA256-DEMO,AUDIT-2026-05-STEP3
965,5e25f42e573e278a664888ec,2026-05-29T16:20:00Z,REQ-000965,3dd77930332ffbb4fb60fb78,STATE_02_DIST_03_PS_01,5d055af90a40e6e2604a6787,escalate,ESCALATE_EMERGENCY_REVIEW_REQUIRED,P-2026-05-STEP2-ORACLE,42ea522428d180977529e3d2addf610cc3c4e1247b1ffc55e8878d0152ddc864,d717de7c3affc1ca7c8ecfe3c9fe62b2febb74a65f4a3f264622241c24c3e332,e4269b07be1661ba1e474a2bef08c3586bcfb005562a194bd37a81dab1926cd3,12292aadd9f7350b274aaa5d30715cd675f746eb8088138c430267e0c09d360d,ba9b0e66584c5d8022f8f0dd5ab9cec315e510fb1ceaf7038bfc9e09583afb72,eb356b78104ab9936b040cb5ea91f7444513ff2ecc8781011da2cb57e3034b37,9d679bee1f4cf2991872b4080bd667c2dedf29e75d3583286900c2ffd85b1cc9,e14a10e005f6a71a9721956e88960f547bbef3e6d04f2c2887c1a2751671dc5d,HMAC-SHA256-DEMO,AUDIT-2026-05-STEP3
966,650c04f10eb9386c302f5342,2026-05-29T00:18:00Z,REQ-000966,9764196f496c1b6c2299d105,STATE_02_DIST_04_PS_02,264f17522a14cb90f82924b9,escalate,ESCALATE_SEALED_RECORD_REVIEW_REQUIRED,P-2026-05-STEP2-ORACLE,98d24dfabcf98912fb75dfe38672433dbaf6e691100b77a032f2518cca488805,4ee9131dace051e7967fb94ea9ff3c556d14747a4a5a5b7e77ceafb8c6162cb5,0382e13c21ac410cf16bf91bcfb1a9b1a3a833424380290bded98ab3c5409884,6acb00faccdfa4db07683fce6248807dfbdc338f995716f256ffc4e6e0bc7d17,d705a479dc29ac346ce4fc66f1c51238772b57625375f66c11836e0676c26b97,9d679bee1f4cf2991872b4080bd667c2dedf29e75d3583286900c2ffd85b1cc9,dc769edec5b9a66f6e39d7ef8b77822b946ca3280b67018b48f806b4f1b29f2c,0275b9ace96584dca6a382dd6cbdde892c0099df2026b947c5bfa9c27ce369af,HMAC-SHA256-DEMO,AUDIT-2026-05-STEP3
967,0325dbde1d4df3dd984cd928,2026-05-31T00:42:00Z,REQ-000967,b91bac32e23ee5afdb826394,STATE_03_DIST_02_PS_03,195140358f5d31dec354aa4b,escalate,ESCALATE_SEALED_RECORD_REVIEW_REQUIRED,P-2026-05-STEP2-ORACLE,d0d3ecaf13294d84a79e8f3ffbb1eb07a9610ef7e4a77a31887cb22c75c364d9,79007dfcfa82c5ce8c5bdfde3f175cf298cd794a1fa5034819792646865cbe1e,74a7dbf0535694823f0380fe57d3c758eb6c5c0a32b1a22d7e6e1d705dabbeaa,382fb50bf5ce5f913e11a4c90ebd4f91533fc2b2f2812b8083a51165bbefe3a8,c52e01c82c7cb5bae15d29adb9563b7039014ec5b0fe3b84d95d739f2b06e40a,dc769edec5b9a66f6e39d7ef8b77822b946ca3280b67018b48f806b4f1b29f2c,716135ed0c14fb8528651b6a134ee7008a18e8133c6e25cf14dc810dfa97fa30,aef9c1769c39f8a724f34c9879d842b3e6857f848391a326ece9b814badb2347,HMAC-SHA256-DEMO,AUDIT-2026-05-STEP3
968,2275e2af33966691bcc54c35,2026-05-30T08:40:00Z,REQ-000968,1086c897162d91ce96d22b8e,STATE_01_DIST_02_PS_02,c8276d8fd0deda542ffa6922,deny,DENY_STALE_CASE_ASSIGNMENT,P-2026-05-STEP2-ORACLE,1ef982c724ba79e3a87782f3c0b6e94f949042eab77766a0a50d807f890edf95,1d0b347ae9f214f059ce887c34598b34c2a74143e95eb2f17f55bfe9bd3faf6e,ec0e6127d7f490ea6c9e3cf0c00a7632c7265e86278278ca7b43d53c19b0fc8c,00a8cbe211112afa51b3fbaad16437c20b08c480aafebabe6a84700d84f465f4,96915e8009af0e8b9349b89b540fb340fd2fa1a27a2f702e0cec72f38e4e56b0,716135ed0c14fb8528651b6a134ee7008a18e8133c6e25cf14dc810dfa97fa30,f675b19874144ef1846f442e6961e1b7fdefd76e069fec0c605d857d9d9231f9,7a10bf86c1a0273074bed1ea1d6f0de5dbf81a0f57d364423bf1a5812965d6f3,HMAC-SHA256-DEMO,AUDIT-2026-05-STEP3
969,8efd4ffd775f3c7ce541033a,2026-05-31T00:54:00Z,REQ-000969,d3ba9e82379b9a1fa09b884a,STATE_03_DIST_03_PS_02,83adebd0920663713a0e1b4b,deny,DENY_TRAINING_PURPOSE_FOR_SENSITIVE_RECORD,P-2026-05-STEP2-ORACLE,21e4dc3243d5f3786296c5f459e78827d842428a52fa1901a2d8674e652f219a,d28dfc04a35617b9b11b490ae31eed2d83b6e1f96eb0c76050a945a4c5e8cba7,385b076cc3ee92b4476a69a5165a5b84dd6c491a6347568b28c39c410801beed,554a85607a84eb30f4dbe7c7849d83bd660f3f61ce73f170e5c2550b4f2ea150,29f1d219f804832725daf83cb80eab9bb614011b5ecfddfe0a8e828bcd969f68,f675b19874144ef1846f442e6961e1b7fdefd76e069fec0c605d857d9d9231f9,e185db7984458d0ed16289f692c1d3e83ca564307b9133f1d359d712753b7eef,bdbe9d80377a99909028bf44ef1826bbcf9b978570704a776b658ee004b0ce11,HMAC-SHA256-DEMO,AUDIT-2026-05-STEP3
970,178a7a328df645d7ff4fc57b,2026-06-01T09:20:00Z,REQ-000970,072b2cbde28c17244de8ae4d,STATE_01_DIST_04_PS_03,58a9f38a07138e1943c8cd6c,escalate,ESCALATE_EMERGENCY_REVIEW_REQUIRED,P-2026-05-STEP2-ORACLE,2ae3e597a20a5e1f304f00f3cd39f6b147e5949b6bbbb23ca5d6132d4b3ad0f1,99ccefec191bb27ec2b9da76063ab70716bc4ce17cc175dcf6c29558cc22cfbb,8f778ea57d1fb3f970d8caec20da1379304a44331872f1623d4d71b52a2f43cb,72f9ba57fe1f73f5d7822bae81271f54d93e6fcd2011bcba94ee8fcae6df84c3,e1527e31613eb20e692826b4187eb6370ed0ee36be253ab0447a3d47e64a50ad,e185db7984458d0ed16289f692c1d3e83ca564307b9133f1d359d712753b7eef,940392d0bb06608ad020fe5f69316862f6a25c8958b47f9fc9bbf66fca7e660c,1c450b5a955b2b6f20151ba53c369cc71c9c160a62d6781dd9084feac4ca9537,HMAC-SHA256-DEMO,AUDIT-2026-05-STEP3
971,cd99d6cd1e1b3386df8be4dc,2026-05-28T08:22:00Z,REQ-000971,b20f60775fe6a25591c31932,STATE_01_DIST_03_PS_02,8fe8ed23e88afdf428466ba5,escalate,ESCALATE_PRIVACY_SENSITIVE_RECORD,P-2026-05-STEP2-ORACLE,896ff50d312a672fa78857fdd1740ea88c1aec8c16173ac33127fc86e947f061,918ab123cd691add383ec75cc548f33c97d3874e9c8b8ccc4060a13559ced677,e11e79c5420ccfee1b83202f88f5466dbdb3cadeab489c1e7491f13dd521bb6e,ab36b6c8e831610e87c8e6b52e2c4afca305ccce18fe1c10aa6e88d2fd38cf3d,325935d499599b3ae64296e0c99379547bb58bd0009842b381690fe247c342dc,940392d0bb06608ad020fe5f69316862f6a25c8958b47f9fc9bbf66fca7e660c,be7e9f357c04e5463fa895fd4c5c19a67003484404e160b62d9a56025caff675,6f3d877ef68060d6ac82f971ed8277c6a551044076fd8f8331efeb63dd776a04,HMAC-SHA256-DEMO,AUDIT-2026-05-STEP3
972,509d61e8c60b23eff4ede3c9,2026-06-02T01:48:00Z,REQ-000972,36f9518be85535c10000ffd5,STATE_03_DIST_02_PS_02,a7b62695b85e36e1524ccb5b,deny,DENY_SEALED_RECORD_WITHOUT_COURT_CONTEXT,P-2026-05-STEP2-ORACLE,c71a6f26a3bd2b79cf19aec6312dc0b851ae422e9eada097ed76dae169627c2a,e116b23a7a5ce83051a4b3acc972db02c7f0dc02da5c8b0427a4cc7c223b0683,79d8e0bee3d5c1e328a07f2688219e1584977df5f71baeaed38fd19ca5243d47,bad385e700cd335749b372db0d7636051b088ac4700fde8e7b3d8c9a4c8d518e,7bca7a074a6bf4500875ec72b7ec5db10572e427369770a8dadce05e017a9a68,be7e9f357c04e5463fa895fd4c5c19a67003484404e160b62d9a56025caff675,49cd1b95d4ab1886daee11d5c75f702e899c4404b9345a038cd38e9b54d6a763,41c4274e5f85f3fcfe2b0e23794ebe767678d97f7d5033d57d6941ea2508e48d,HMAC-SHA256-DEMO,AUDIT-2026-05-STEP3
973,be6b7e240f24d8ec594409cb,2026-06-01T09:44:00Z,REQ-000973,d3ba9e82379b9a1fa09b884a,STATE_03_DIST_03_PS_02,1aa08103e3c7e97cf82499a7,deny,DENY_EXPIRED_APPROVAL_TOKEN,P-2026-05-STEP2-ORACLE,acf74142afe459548238c25a48d41f28baf7dbde424ffe1bc97372ce77798dcb,cce699ef491c2c8a1ac04e3ec74bc9188edc209c937c29f5b68ae61ca8247d5d,6a9414726e643640223224dbf764e5426d9e8b067b6b8f4b4ce43bfce91fe664,537ecd4d65ec157475e1f3d4c331db2c96d5910825530a207b685b4b6cebe309,162cd8fdd02bc1803b67f785dd494a3228fcb59f0c1d50ef9c5ac042f506c4c5,49cd1b95d4ab1886daee11d5c75f702e899c4404b9345a038cd38e9b54d6a763,0b3369aec6824c6146ebc029363755ff7ab138ba909708bfc4018a07f1123056,8f9b2e2151a204ed8533731d20c10ad1f9c5f432aa1ef04a857bfa5579aec147,HMAC-SHA256-DEMO,AUDIT-2026-05-STEP3
974,0a4796f3a33834f12efb2d91,2026-06-01T09:52:00Z,REQ-000974,61fb1f33fe73b6361966f242,STATE_03_DIST_02_PS_01,a3a0b2f362254d267749f5a3,escalate,ESCALATE_PRIVACY_SENSITIVE_RECORD,P-2026-05-STEP2-ORACLE,b31d410ccb7caa1d90b21135bd15937492fb5c376d8d4047aaa48491773cc864,560a38ed854fa9d0c4e96b99fa98f801626f89f33968143fc8f2b06196184a9f,fd5e7b7559f8250b26f2836c5d2a64c40c4a314f68400250b886616fc6dcabe0,c3ffa8e0b2b06165d381f05028d5ef9e388f8f02e090b5d8ab1d0f476c4727ab,553d27fce9c74086df7587297751b4dd76940905eeeeb373419d1ff78528778f,0b3369aec6824c6146ebc029363755ff7ab138ba909708bfc4018a07f1123056,614959c3f3ee1d5eefe0cf55922fd32c6622fcc06f99329829a65bc3ccbd0b6a,f546f786a996d4bac07ecc12b74553cfead1ee0b96a4ae724d4081618ad284a2,HMAC-SHA256-DEMO,AUDIT-2026-05-STEP3
975,b7a016dd4cfa7d09f6fecd8a,2026-06-04T19:15:00Z,REQ-000975,f59f4c244c14d1c05b3b5fef,STATE_03_DIST_04_PS_01,5946ff42ea109f3eb283e734,escalate,ESCALATE_PRIVACY_SENSITIVE_RECORD,P-2026-05-STEP2-ORACLE,ab3a57edbff4967f7a521de123fb2313d78073a8bf6e56a70726b639514effa9,d80d5db90d2a4d0c18de349a837b515a570b89f3b7e74a7e177504cfa0cdafed,a3efe3ac6c2db159aacff0db45d3e5d3010731c596b5ac720a9e4f3de4ec71ba,f81f6ca6b4e51984c4993f5a27ac2ef42a7bbebc61e03d6b8969e7a9f047bfaa,2ee770d71eb1876c9f48a5b78e3237ec01a3596e64899e69e33363948d2a2cd2,614959c3f3ee1d5eefe0cf55922fd32c6622fcc06f99329829a65bc3ccbd0b6a,90fd38ba2b15151e8b7b02e83549fe4ae79f92ccd274ef25856be0c8a13f26dd,29182ee5bf97b1960f01cf9962ddc3b0bd85b5021d172428e542e74c1feb36b8,HMAC-SHA256-DEMO,AUDIT-2026-05-STEP3
976,dd0b9c748e1fab24b66fbba5,2026-06-06T04:00:00Z,REQ-000976,100ec956e3b5dce60e3db6a6,STATE_01_DIST_01_PS_02,95ee8d5d62c6fbce3b7000ee,deny,DENY_INACTIVE_CREDENTIAL,P-2026-05-STEP2-ORACLE,0dcae1a165e996a6f881cb8189a5c7c2d74fbaed6d90c0e92e95d0068b8b13b6,ddf192283d82ecccedca72aba78e7685e8428f85636d764aba71be6dcc6b9ce0,8c740721283bfb6f54a80230924bb60ecbf7b2cb703035c47d5e4f1331999ff8,ca1bd7bfc8dccb4a10b3eb3b63801d913908d14c9f22fca49d7708dd36cc33fc,950f875173d85d726e91e80e873243440b92d82f330c9ce4f81b9c1f6eb221b6,90fd38ba2b15151e8b7b02e83549fe4ae79f92ccd274ef25856be0c8a13f26dd,45c685d905750684418b737015329e9fd9ddce921ea236c910a7d38f5fba1724,7190897178b09850efd13ccb236f3ada82eb17928629c95ca2eae5ab86cc7fbe,HMAC-SHA256-DEMO,AUDIT-2026-05-STEP3
977,e8668393bd366f9bbfbbbdfd,2026-06-01T10:16:00Z,REQ-000977,2f283926393a08241f4c19ba,STATE_01_DIST_02_PS_01,ef5838cb7e4a200ccefb59aa,escalate,ESCALATE_EMERGENCY_REVIEW_REQUIRED,P-2026-05-STEP2-ORACLE,856d387d70749335714e445c8fa200a891b7284320bb264659fdc7c9fcb8cfbb,53a192f883b0383022b67ef54bf370ec37321ddf305c87a3ee54a498ad8ddc82,c1078f3053f9f7ac32b16957e3358eac4d76c7d058e6330faaee58bc7950022c,d594e941e445976bb7cf60af95ffd2fdf79ae7734e918246cbfa63885271b2b9,e832157c22fc645b06284730b929346e3520e817047dca3204859533ab292510,45c685d905750684418b737015329e9fd9ddce921ea236c910a7d38f5fba1724,8edec19143e306b08d9e1b5bfeba60e59631de1f96d395e5232c6f381464de6e,ac390b416916384ac392ff1a5e26edd13b6e7fa685d4375ad7f91c45bbcd4b87,HMAC-SHA256-DEMO,AUDIT-2026-05-STEP3
978,1d72618a6045b37b03a5f895,2026-06-05T12:12:00Z,REQ-000978,b4afcf069d55876dc928c9fe,STATE_03_DIST_01_PS_01,65a60273afcbaa34ae4c3128,allow,ALLOW_ROUTINE_CONTEXTUAL_ACCESS,P-2026-05-STEP2-ORACLE,8256ee0a1975fdb6b444c5d9e0f32a077742dc103aa3c98f067d0bd24e0e8405,967f2f20f021d8a326af78c88f0c773363c380aa8e2d75b0ff8232b1c75d17eb,12922b51ab1817c23d98646cd502d081bb0af36788e9c9cc46170467f7b31dfd,d201209b3deb103495d52e0bba32c7069a2cd0cb809531bde8f4bce2a1f264b5,907fc0da171f4f7c1e2f3365d423448fbd8ecc0e2a9c92fd121c69647cfaa92e,8edec19143e306b08d9e1b5bfeba60e59631de1f96d395e5232c6f381464de6e,c748581d444d48627e6fa23dce639cff051a7da4d6392a1a411d21c321e933b0,69add81fd6b0132dcc1b56dc7f68c647baab4288133dbb5bf294e8a81966ebeb,HMAC-SHA256-DEMO,AUDIT-2026-05-STEP3
979,e401f52c659b19b6cad69974,2026-06-04T20:07:00Z,REQ-000979,d57f9cfca107b054602e3afe,STATE_02_DIST_04_PS_03,8bda4bef783bd0a2841c41de,deny,DENY_INACTIVE_CREDENTIAL,P-2026-05-STEP2-ORACLE,1b135a309639dd6ff52b227ef5994d4b9c016923a6a47e2378afb323b4968fe2,e2eea3801d4d072e3e5cf01ecd8b824f5113d4ccd45de1bcbb52e59cc8ba5c97,3ff5d813d7db49849741eef79659c150b9f0d0199295338c7f5621c0f0332d87,f82408d661a576280f677e952c74ef3de3465a7e89796da389dce455a3a9b2d6,17056be986d09a771675fa169ec41f0f37f8073cd32303f5968da9bfa5bc11e3,c748581d444d48627e6fa23dce639cff051a7da4d6392a1a411d21c321e933b0,d0958522b86eca5f4f8898bae63d425a31dc75bb690ba2e2f3e0d18dd79247c9,2880c68404e3ec29dd76df309b23b2d6300a6cf47ff61398837b540cbfe03f88,HMAC-SHA256-DEMO,AUDIT-2026-05-STEP3
980,2591c33fb6732f884d7adf9e,2026-06-05T12:40:00Z,REQ-000980,d60f48d22e03c3316a18fa6d,STATE_03_DIST_02_PS_01,570fcb5882c79818b6fa7ccd,deny,DENY_INACTIVE_CREDENTIAL,P-2026-05-STEP2-ORACLE,7d20b1f973502c1dcc2be05016232836c337c08032c1d1fe82439a03c3ec259c,5c77f7ae0a608674284ad8a3cbd4530dc4987259dbbe2850afc18eedfd582124,df2b29a8b8c5e7501cf04e11129db0bf1302077afd52e378d744b23ee462cb01,1b4e4d512b85915ab5fa0d90a97ae93a41438a1715aba9dbc2cb9d2ea8b82b9b,87b7229f8a686c605680097e0453497b21454891a804f64281916a86875e460c,d0958522b86eca5f4f8898bae63d425a31dc75bb690ba2e2f3e0d18dd79247c9,0d5d41183aae9a3950bb6e7cc2c5eb44d93c5f85fb0ea6cbdb2b2cd5b2609df8,636e86513d354d94da418a896c0fc6fa624650a725d1110226aaa839c12ffe06,HMAC-SHA256-DEMO,AUDIT-2026-05-STEP3
981,f4cb39db18bb7ac5f043746c,2026-06-03T11:51:00Z,REQ-000981,7ea4c7cce178f9ad9715431c,STATE_01_DIST_04_PS_01,98b22e3931eb5eac488f143b,escalate,ESCALATE_CROSS_JURISDICTION_SENSITIVE_RECORD,P-2026-05-STEP2-ORACLE,93c799c7771f0101bf65404ed673ee33c6382f55b0d9f2486820850f2c5f0dab,7c0bf016b02a61734e5538c75c90750af30394f8c2d9199c4fb9ed38e221bdb9,8bfd48264e5c93273aa4620779464c1734f86c0dd26f6fecf993de42efa1b035,7f6e5da8e71a0d9af9f1f1846f1db92f0e0e4fdeb7db63c9d5f283f0050e4dcd,fbf676f4fdd2ebcf7b4aeaf89509309865b80e45883fcf23f2043bd4dc7ef05e,0d5d41183aae9a3950bb6e7cc2c5eb44d93c5f85fb0ea6cbdb2b2cd5b2609df8,3902f6790ec04805eb5a4180b5e617fd144c559a540f86c18c9c4d325204189f,c352919cdeb3093f54c93ec6a67e03ffee3beb80f5142eb68f3ee48c348a9510,HMAC-SHA256-DEMO,AUDIT-2026-05-STEP3
982,568e37a241a4f35e91e10da1,2026-05-28T08:44:00Z,REQ-000982,72950e6372134a5838550d42,STATE_01_DIST_04_PS_03,c8d16cfb81beee7a577351be,escalate,ESCALATE_EMERGENCY_REVIEW_REQUIRED,P-2026-05-STEP2-ORACLE,a11672b4a14d1ae6ccf328d930a45b7c9704afd27bc16fc22d21422ecd2f1cc8,2f955f8af255710d536d72b022282796b9e9e8f875fc3e042fae164e4c3e8505,707dca25e77c00c9b4c4a14caaa8f51e16f07b64379a2ff23591c5858be90eac,4709428cf0111b37b87fd36c2cd0b4007d3fc10ccdec5bad2db29437244a8673,bd351556c3d894c574af54e14722b4dffca0d7fc4be35b9f20266298dc63e1af,3902f6790ec04805eb5a4180b5e617fd144c559a540f86c18c9c4d325204189f,a0a580938214b11146de6c987da7c524576f60ab9be52680a43060f2434e6afb,ed586d0a0e456879a242b1711e349704299a39214f37d1dae1e27e0318fa6e14,HMAC-SHA256-DEMO,AUDIT-2026-05-STEP3
983,46c531c7dd40abeebdbc8e8d,2026-05-29T17:32:00Z,REQ-000983,a2884bcebf8616c20bdb4688,STATE_02_DIST_02_PS_03,f2c0ebfdd7531b5c97ba07d9,escalate,ESCALATE_CROSS_JURISDICTION_SENSITIVE_RECORD,P-2026-05-STEP2-ORACLE,80dfaf6956c78fcaa96ca19cc5caee3840999cca95148d3568e7b473a1a0ced2,ea78e6b1173bcda8e8a895ec71dc481d06e1bb6f182885b113fdce4d10942f51,90b79e8e35dd04a6cd45143d6d4df0ce2f47d67fe716aab0663b6d4e7708edcf,4174a8f39a1a38f7a7f3616dad8949f4793f24a98b3ade82a97f7b7ca31c2a93,7b9d48f800107efd7a43f8b1c2944f989ad3c1e17a04d9ebc114120eb1d212f3,a0a580938214b11146de6c987da7c524576f60ab9be52680a43060f2434e6afb,5f3b52d12067ecbaaed38b57f4ee739ab2ae3b736d32938da436791150ab456a,610e837d211f254994093f829c1904dfab2e94ab5703fdd249ee03a365155498,HMAC-SHA256-DEMO,AUDIT-2026-05-STEP3
984,74c8e36e0bf591318c7e5974,2026-06-02T20:00:00Z,REQ-000984,c5c5b540de8f1dde6964dc89,STATE_03_DIST_04_PS_01,d94d037bceb6d6ea53e03101,escalate,ESCALATE_CROSS_JURISDICTION_SENSITIVE_RECORD,P-2026-05-STEP2-ORACLE,b946a072e5cde748a1d18d9fcc19ac081a2e2c5a7f5fd28c0a3c6da6f5d8fdba,10479291e89c8b82a3a2637bc8a3a012a3711c6d715826ad1ffd8f4aa04a7322,abae2b5a2f543509d7afa3c176e29d3e7579008889d9c8744e1295b670a8efa9,489b2dab3d7b05fca0467a7f800e0601873898758b49c42d6aaf694a27b39079,5b154fe68f68470576124a56ad7d0978062677640a6d6aab8e17603333ea62b7,5f3b52d12067ecbaaed38b57f4ee739ab2ae3b736d32938da436791150ab456a,69d7b77c2e559874c9d6251b70c04d32db913c44024ed611483cb53cd93651a2,6b2a2f1473130d854ca702a9dd8cfc6a0d05351d4bb77166afec656e4867d61f,HMAC-SHA256-DEMO,AUDIT-2026-05-STEP3
985,03fcc2ad3e08913876573da6,2026-06-02T03:45:00Z,REQ-000985,8ec325482a0f9259719128c5,STATE_03_DIST_03_PS_03,685db473c8326fc6f2ce18dc,escalate,ESCALATE_EMERGENCY_REVIEW_REQUIRED,P-2026-05-STEP2-ORACLE,a07887270dd63375cd8487abf94e5132de83060bad8afefdb5d53b69e5ffa42b,29feeaec62e78a3e76354d911fe50a40a2f4c471c444dd54c29d1d438d3cd946,cce1b9f34ad0c050d1d8f92062e917256a25e0127e4a1e2c5e152b7d9f6db336,31b9b5390462449982ca6714d89038bfb7da5b593c45f40a6742135352da5e2b,07efd8ee77441c46a6f9fe29d2d648d4e9e10cf9f45a6cfe6be69d94d4914c70,69d7b77c2e559874c9d6251b70c04d32db913c44024ed611483cb53cd93651a2,53905d7094289ba3c1acc2991d5e33a65167b52b9e5ef4a78e8ae2cde1255831,92439ffddfa2d0387cece61b30cb91125b9f0689ad4784a6c1e658a6e02cd8c1,HMAC-SHA256-DEMO,AUDIT-2026-05-STEP3
986,67095e67db7fda3bf2edc3b5,2026-06-03T12:46:00Z,REQ-000986,4abc3e055d213fe06ce85aef,STATE_01_DIST_03_PS_03,f1308389961d2199aaa8898b,escalate,ESCALATE_SEALED_RECORD_REVIEW_REQUIRED,P-2026-05-STEP2-ORACLE,5293ded99c3e0866b8762c4e08bb55816ff9f3a4c178275e85d38617e8773c79,f4733f05cb9e4e2acc70d6bc201ebc1dd0eee045a9119d2953b4d666c0585fbc,138fc00ae7db55e4c1a8ca06ae8aa88018ea6468b75f2da7e70c31add840e6ec,5be97b5e609902def56d8408ad8886532996ae55b57ba6dfcc041681a4b8d4c5,4bb871dfadc7594dc9fbf917ffc4f236f0e6f5c15879976932fa2a5cbf10227e,53905d7094289ba3c1acc2991d5e33a65167b52b9e5ef4a78e8ae2cde1255831,39c238d7fa25fcd5d406397a2f2a7ec78d2731479a3861a944703fc205655c2a,320837f33fe1a3b8024b91562d97d53565a95569610fc0f15bde2bdf08b7c40d,HMAC-SHA256-DEMO,AUDIT-2026-05-STEP3
987,1a901c71807f7feb645a5652,2026-06-02T04:03:00Z,REQ-000987,871e4c8cc36e0fafb27ef560,STATE_01_DIST_01_PS_03,e022b16efd825f345ab8030a,escalate,ESCALATE_PRIVACY_SENSITIVE_RECORD,P-2026-05-STEP2-ORACLE,aa10e982864615039dbbba3af1ec8235b0fa96aaee31c2b6f7352e2b38355719,4dd0c84db2657cb67dc718c1a539452ba03f96b2bf936f84eae804161e3b4034,05497d63b73fd36ae189ac8bb937e20aa3c871ea8994fd8efebb4f3d4fd0708c,f64d2fc5fcea270d9abaa4704ca7d8f00703dcd4b446b0f9813b6fb66c2cc08f,42903b58de84a519802588840fc723f70369c8fcd12216b7fd8e9bd812ca9cf0,39c238d7fa25fcd5d406397a2f2a7ec78d2731479a3861a944703fc205655c2a,caf30956acc23a3eca52ee5d66d162433aa5d34567f0d64db1309c2f4bcfe57e,c3203cdcb66871e1ed293688c3c734631a1ea9ff93b6593deae44ec683a1dedb,HMAC-SHA256-DEMO,AUDIT-2026-05-STEP3
988,9767d6e40dbefc57b30f009c,2026-06-05T14:32:00Z,REQ-000988,b1ddf55c2af537d97ad1287a,STATE_03_DIST_04_PS_03,6d530f6e96b5b93268a775f8,allow,ALLOW_ROUTINE_CONTEXTUAL_ACCESS,P-2026-05-STEP2-ORACLE,89b675fd243d5653b4367fa6e0ffe9e18cac90876aa73d7b26f6fdf69fdb663d,7d3796a5895e0e4c45895065c29acd4a7716f14eee043929912322611d302d87,a44c90fbfe24829a302b413328a578861ec67f46d8ac45d0d959ecf886978f30,c84ebea1b7c138b39ffc0a77334870ea9f1b7059e7c3540127c002baf62c6efc,7edcd52ed52cc5268114e11e2cc1fe8a2509b2f270176ed225fa44239df2e7bf,caf30956acc23a3eca52ee5d66d162433aa5d34567f0d64db1309c2f4bcfe57e,d4539e047d48b24fef291ae7b170a15b73c8f69fb7f2a029b648bae5591c65ef,16b4c9dec148e21e75ed84a8167920d986bcbe08e66e08374a3b71416ce847db,HMAC-SHA256-DEMO,AUDIT-2026-05-STEP3
989,f33c09124963026c8650507f,2026-06-04T05:48:00Z,REQ-000989,3dd77930332ffbb4fb60fb78,STATE_02_DIST_03_PS_01,483d8e368e0abb9247f9bc72,deny,DENY_EXPIRED_APPROVAL_TOKEN,P-2026-05-STEP2-ORACLE,354c7ae8480ae41072b56cbd4aed8a0659084e251fe979316a7dd05f9797bc36,ee3d646ac4c91d105b9162baef13f7244b135cef29d7540d9dc377f6f149080b,d08b6cea5fef8376171575390324f979d207bdf7d8a4cf942a51b823fcf69570,8eb86ecd2afa2e099d48a016a633178e57b39526a34b3bfc66a4cb1b7f3e96d1,d3c8be8c081df79a07d8907c715c515ba437bc165f39f2a084511478f14317cf,d4539e047d48b24fef291ae7b170a15b73c8f69fb7f2a029b648bae5591c65ef,7412ce8e15217b2a3f3746c2f88f28bdcf2c54119095ea23a8042449a9a275b9,5854adf0445ec4ea5bedd7bb5687d1dabbe5a51bffafa7b5c2958c0e10fc5a6b,HMAC-SHA256-DEMO,AUDIT-2026-05-STEP3
990,c9a09f2839f8930f175e3b45,2026-06-05T15:00:00Z,REQ-000990,9764196f496c1b6c2299d105,STATE_02_DIST_04_PS_02,83bca7e310ed9ee58d743944,deny,DENY_SEALED_RECORD_WITHOUT_COURT_CONTEXT,P-2026-05-STEP2-ORACLE,a07da736d60ed903506d70af4f62bbc4ff073fc586f3dc60fa29df11cf9d0ad1,9e1de72f3184e8c640c807d6b0ff09ebbda24c484ef158df3719aa01487bbf71,4ddaeb94774774c85aad7ed9bd4cbc73b7bcbecfffb86c0f4b1ae44f19310aef,8b1b0b830ceaf4cb92fd8dccdfcb8c4aebcc8449a5816ebf5019024f1701bd08,5c858c69ab22a66fe7737046dc1f8c51fcd3e59e8db328049f294e047238dd65,7412ce8e15217b2a3f3746c2f88f28bdcf2c54119095ea23a8042449a9a275b9,6211386ab7d450d49fc2808309fd8af83a42f0ef07f43c4b48dc7b946cd24813,6225d9f2271044a5a55457cd5b0a752c5e7905a6985d4d0c8765722b448a97d7,HMAC-SHA256-DEMO,AUDIT-2026-05-STEP3
991,bc709344079c882cfbf10cb2,2026-05-28T09:02:00Z,REQ-000991,81f27590363500d418d0fc7b,STATE_02_DIST_02_PS_03,0b78c248bf72ce01e5e741e0,escalate,ESCALATE_CROSS_JURISDICTION_SENSITIVE_RECORD,P-2026-05-STEP2-ORACLE,294fbb262fafd6d865a58245034552f2488097c63d24cfc82bc580da38d16d08,bef6fa7f4f1119dc3568a1543218ee63c595bdff368e3895fbe013f5d0dc27e3,5befa0c330e45d0502814b4b38351b258c3c24d1c220ce2d8656a464c1824078,7ad30cc855a37dc6ad322a626f5d9809c2adb9c244e4df184321103f8011ba7e,157ba0e0f2d5ae68ae6c12ab9faeb34bba0f91d7b20f5db8edcf0209a8f16a0d,6211386ab7d450d49fc2808309fd8af83a42f0ef07f43c4b48dc7b946cd24813,8d27d197b082839140ccec4584eeae168cb36ea7551506094afda564ddac9402,4d4a4b0fb947b924e962813442e4111f32913882051390462a6b792402924145,HMAC-SHA256-DEMO,AUDIT-2026-05-STEP3
992,e4bf99f0a335c162e12b8461,2026-06-05T15:28:00Z,REQ-000992,072b2cbde28c17244de8ae4d,STATE_01_DIST_04_PS_03,a3a0b2f362254d267749f5a3,escalate,ESCALATE_PRIVACY_SENSITIVE_RECORD,P-2026-05-STEP2-ORACLE,20d46a58a46ccb16787349be026c5ba6e8efeaae8c6cbda22910730aaea5ed00,d88e9aae4ead8ba51891a533672682b37d1ca3489fe411d8def3f262d8b30c0b,255503358038e73d465d81a82a6d7d893df622589f9b39cf996b8cab5229b5db,83310ae191325afc7c2ce72d980fb20a48e6b4aa9cdbef21b4fd85850a6717d7,0fe472abf5e60fb222662c6a77e5e2fbefd49cf4f8f1c8d18fbc4ab698cd0625,8d27d197b082839140ccec4584eeae168cb36ea7551506094afda564ddac9402,32ddaf787b19ef5e1805ef495eebc9c535b32d9f05f5f20b05df3f0fe7522007,2fe418f6e7f9180f1475d3b2c69299b7bfd0cb89ed957a04e2a29642081b894b,HMAC-SHA256-DEMO,AUDIT-2026-05-STEP3
993,40d122ca1cfd533cff268cdb,2026-06-04T23:09:00Z,REQ-000993,910fbfbd952d337d55470015,STATE_03_DIST_02_PS_02,e35c9c805be9e96ad2787cf1,deny,DENY_INACTIVE_CREDENTIAL,P-2026-05-STEP2-ORACLE,308a235adde220384693da9f21debfc3bedb892ebd1ea5a206690dfb7b05594b,86be7e6fd60b79c718d66280db73b831753b152a114b3b365afdc04307cca4ba,e122909270a06a9808257d0d5f8f2caee5c4be8546d27efc394f05800b3437e9,3c8c07f1a8253efa925350e031f072096a0b3fe69f86a0bb406334356b93ff30,91c9f0310f9c4d112377528bb6388c0db741d2e8ca683eedea6cf0ba734bab0c,32ddaf787b19ef5e1805ef495eebc9c535b32d9f05f5f20b05df3f0fe7522007,2173bb62c961166ef5d7abb387f1a509cc44fc232b78a848ebd7914b34efc702,8db4e95e92b534cd449de54a7120443a32b7a7ffe0bbbcf4cda8d3a2248cdf1b,HMAC-SHA256-DEMO,AUDIT-2026-05-STEP3
994,5790309829f02d1b7c8b5642,2026-06-01T12:32:00Z,REQ-000994,7ee6e3366f554e7379c63997,STATE_01_DIST_03_PS_03,efc254275269a6226b4fd601,escalate,ESCALATE_SEALED_RECORD_REVIEW_REQUIRED,P-2026-05-STEP2-ORACLE,6a4a347f2579101f26b0bf220fd20ca94126241573322e190feaa77acbde7546,8b34706d69c636967fa12fbba44a367de19e6ed142ebe8baa15a88f686757bc2,1e3a739628e8a4c3504d6ddbb91a2471f4e1c4aa97de76c04db601aba2d78a61,17501fd1ea356d84ea2fa17b30a3c585a4c60329dba2ea3df518ced5c3c29daa,1d1f72bd3dce9c040a788c15e7a69084ee30039cb7669e53dcecdbcf2d226e13,2173bb62c961166ef5d7abb387f1a509cc44fc232b78a848ebd7914b34efc702,53445596ae72be5e447360b73af6ad19633a712cff377e4f54f0dc60ea24a752,7f9bbe2889b4a476b8fb2e2d03250d03687bbf227bf41fcb751d9b1aa118e3e3,HMAC-SHA256-DEMO,AUDIT-2026-05-STEP3
995,146cda60d7841593348750d4,2026-06-06T08:45:00Z,REQ-000995,d4da98f8bbaf8c84670817a6,STATE_01_DIST_03_PS_03,58336e9663acff35aa7b3832,deny,DENY_SEALED_RECORD_WITHOUT_COURT_CONTEXT,P-2026-05-STEP2-ORACLE,42db979ff0ec0052161b4caaeb3d31d4dedc25ddd4a32339b3db83c6dbf7ded0,9c2442613d4e1d7a28e3a7086f3a9a8222897078b0541221d829bf8fb174e0e6,0f02163467509a3dbd0e34cc29b9e2e4b0f8dfcf31581c7ef3e13944b8f8f0b8,6540dec5708853cca28f3d4b3ca91c3aeda7e6c9b3be58371f3cb39c6edc4007,177850867802e8924a713f5eb62a424af49c3d622f20c7771c926a56c2cdc35d,53445596ae72be5e447360b73af6ad19633a712cff377e4f54f0dc60ea24a752,03e562201ff03c07f05ba3e4ddd7ae060219f3e432b161f47c10cb4dc9f8cfb0,e11df77b7ae6e79d249c689ad1fd91742f5045e3db8b44d442ed90b9adc155ea,HMAC-SHA256-DEMO,AUDIT-2026-05-STEP3
996,0f35016632018f16019989a4,2026-06-07T18:12:00Z,REQ-000996,4abc3e055d213fe06ce85aef,STATE_01_DIST_03_PS_03,aa5d5e9574a1ce5800dc6459,deny,DENY_SEALED_RECORD_WITHOUT_COURT_CONTEXT,P-2026-05-STEP2-ORACLE,6f1e8fcde73cd280126fe515caf889237ad80fe604c575f18a24185438af8139,c95f01b33bd50ae87c47a37130f6a68957fceab287be32a5ba1ad5c4b9f9e863,921950ec1df136271a403b2f305dd3f76e514bfd5d7dad09719e24e191396b5a,ae1e097ff8db5698a345356ea9008e44ba7368f5b4bdf37b63708692355b295f,bf9e4094596748e6488df9ba5fecb101ea20969ed69f332ae90feb3c907b180a,03e562201ff03c07f05ba3e4ddd7ae060219f3e432b161f47c10cb4dc9f8cfb0,6fd094f6f43fb314cb899d92002c5fffb08b0d7bbb59252b39fa414e48a440ef,6ad3fc1c490c076275d9acbd0045fe35df453a3a6cf234cf2444f337a9ce89ce,HMAC-SHA256-DEMO,AUDIT-2026-05-STEP3
997,67f433c405c1becfc2770fe4,2026-06-02T22:10:00Z,REQ-000997,5e223aae914ba42e97c387c1,STATE_03_DIST_01_PS_01,df2072e9cce45f58ab9712de,escalate,ESCALATE_PRIVACY_SENSITIVE_RECORD,P-2026-05-STEP2-ORACLE,98ec98ea3d1bda501ef022fd20e0b3cd9b3ba46e11ce13eb238545d804d6df43,b65f9bd5682cc594dbd29678276f20273719205dab461c6bd40de44ba653fb92,f28640f60171e5fa10b76a32abe33bb11d4f3112e5e8c02cf9f5f036dcd01df9,eb37fafd851061efd6c02cfcf2d437bd4b4e8f599d1c00e6ad1c8df76d09bddc,57b5fc87560be215d8e1cd2ad95438141eb0a47a7ba46a1833a14db24bb46bca,6fd094f6f43fb314cb899d92002c5fffb08b0d7bbb59252b39fa414e48a440ef,ee0ed322e9b67c240589ad5ba69588e40f1ddfaad7e417f13a81edd0f846814b,6ff23202bfa71ae462e344d6241b3cc1ed464187b6aae483d1ebfeb3582f72fe,HMAC-SHA256-DEMO,AUDIT-2026-05-STEP3
998,2b69f47cc4d5235da73fa073,2026-06-07T18:46:00Z,REQ-000998,b9583c7e99cc3289ea585d73,STATE_02_DIST_04_PS_02,9322ab1e6956dec6b780efa5,escalate,ESCALATE_PRIVACY_SENSITIVE_RECORD,P-2026-05-STEP2-ORACLE,101b5240d9c7e6d4e0f8b0a3cbc32be9f23f532821799943c1b1621c2c85a57d,b98f41d91499c3c638569d160d288cb9a9b6b9666923e293e7d8b7ddee7a781a,ab897e2fe5d1776486e86807cb5a757e0f717e9571ba2488465d9bc55dd77f3f,70a677dd5a5975b92b65ed58454103e170b45ca0e71fc97bb16ea85dc95aaba3,bfa1f3b92f39f465ec0cb06ea9bba62a483a4c82398ce33d9638004639881b3a,ee0ed322e9b67c240589ad5ba69588e40f1ddfaad7e417f13a81edd0f846814b,3ffeabaf6ffcd2c2b7fb212b5b62339869bd795c14b78ae9e9f7a387c15f3e6c,7bcb54acafe201a41997694cc911eb5b58e9ebc505e4bcde4027bd6cbdf2fbd5,HMAC-SHA256-DEMO,AUDIT-2026-05-STEP3
999,79ca16f8825b705e9a3764df,2026-06-04T07:48:00Z,REQ-000999,16a2d504d34232bf9551d690,STATE_01_DIST_03_PS_01,eff1115c482447753dc310ac,allow,ALLOW_ROUTINE_CONTEXTUAL_ACCESS,P-2026-05-STEP2-ORACLE,687cc79c04058fb016f7d7d37dc6770c58e3a37aaf41ac702ad4483465cc99c8,073603ecb9eaecf4d339a058ab0adc8a0de95711171823b459f86360e65ae720,3be2a52ac1b3d78fecc9a12c38678ff5a8352e988744e31382d949cc6b6fa940,548433b530566e2a44db0a438771578adf7d1f9bfd0816fccf9c95f15ea1fbd1,5358e1d4665e7b7bdb01c814d913693e74d8bbad9096251a656b0325f2db80a9,3ffeabaf6ffcd2c2b7fb212b5b62339869bd795c14b78ae9e9f7a387c15f3e6c,d33810ff50da0e12521679fc4b095d371c7d61ac01eaafc790b7404ffcdbbc0c,f744c4b04d6313f5df9395bd41f94a841fad54afb6e5309108dced06a9d2bd7a,HMAC-SHA256-DEMO,AUDIT-2026-05-STEP3
1000,dd4026014ba70fc0412c92c8,2026-06-06T10:00:00Z,REQ-001000,8a7aea37c451a80fdc290e57,STATE_02_DIST_03_PS_01,855965ff849e31dc11494c47,deny,DENY_EXPIRED_APPROVAL_TOKEN,P-2026-05-STEP2-ORACLE,b649e3f04689ae3434e8220b48d26e9cfb1261e411c1df9033fd46bcba72d17a,6a203f0db11abd6aa4ab4e81e374b34a36a60207d7c352f47f3ad673f94e2a8a,3d0039ec5fb871d589c4a0eecd98c451b7ef4553fc60682c36900c27dc52449c,00217fa40ef7627a4c771b97310942f55ee09daa3845b6896e7d6fb1d3d977dc,6bc5bbafc8087db09c7e149b8b37104f03d7c74863593820c75d38632592d354,d33810ff50da0e12521679fc4b095d371c7d61ac01eaafc790b7404ffcdbbc0c,36ed9c4e8b7db34667fbe5137fc6748e74efd44177d0c8e7bdcb1a0db2e00eef,fd555391fdec852362460ff8b5372b1962eb707494d06d987079a078e47ef86c,HMAC-SHA256-DEMO,AUDIT-2026-05-STEP3
