block_number,event_sequence,event_id,request_id,event_commitment_hash,block_hash,merkle_root,validator_id
1,1,063e07eb08f5289d718787d5,REQ-000001,7a224b28a643bb0de4c672740b495e62b21cb5d93dc0f43059dcdefc89eea9a1,25956a462e692962509682da0d828e8068b3cd4e05b3b881e9758433238ed7b1,2d2d8d41ba1e8dc99a7ff3b877ff9bfadb678a3dcbda362f73ef30323ba02d47,POLICE_AUDIT_NODE
1,2,b357df6dbe7b64512eeceba1,REQ-000002,9c3a6510e8c0d29b0260bbf9923ce1bb24b805ae39a82a968cc9edfc3848a4f8,25956a462e692962509682da0d828e8068b3cd4e05b3b881e9758433238ed7b1,2d2d8d41ba1e8dc99a7ff3b877ff9bfadb678a3dcbda362f73ef30323ba02d47,POLICE_AUDIT_NODE
1,3,ebafd6d41bd247c62bbccf8e,REQ-000003,edaba96e58e24831512f4bc42ef565f880c4578af976307d7028a6fcfd1fa24d,25956a462e692962509682da0d828e8068b3cd4e05b3b881e9758433238ed7b1,2d2d8d41ba1e8dc99a7ff3b877ff9bfadb678a3dcbda362f73ef30323ba02d47,POLICE_AUDIT_NODE
1,4,aff7ceb86f5835be184601f9,REQ-000004,48380aa1b566c2b908986a9fb803c45590a6f24294a992dc4dcfd411842fe8b2,25956a462e692962509682da0d828e8068b3cd4e05b3b881e9758433238ed7b1,2d2d8d41ba1e8dc99a7ff3b877ff9bfadb678a3dcbda362f73ef30323ba02d47,POLICE_AUDIT_NODE
1,5,7d5ebd9fc75913057a578bdc,REQ-000005,35701fff4268fd7b29228c49dd00afa77ef027e4785c50b725e9b068929db729,25956a462e692962509682da0d828e8068b3cd4e05b3b881e9758433238ed7b1,2d2d8d41ba1e8dc99a7ff3b877ff9bfadb678a3dcbda362f73ef30323ba02d47,POLICE_AUDIT_NODE
1,6,322f4b2e4e2e048ccdf71690,REQ-000006,fb6d1dc62955109e13a796c3e19743734158ccd0368c2a9c315e02623cf85945,25956a462e692962509682da0d828e8068b3cd4e05b3b881e9758433238ed7b1,2d2d8d41ba1e8dc99a7ff3b877ff9bfadb678a3dcbda362f73ef30323ba02d47,POLICE_AUDIT_NODE
1,7,2c1ea4870cbeff70cf4d0997,REQ-000007,b0a07f75a1cb5f1c041dfdebadcc4428c7690d220f2857c21903be57213fec91,25956a462e692962509682da0d828e8068b3cd4e05b3b881e9758433238ed7b1,2d2d8d41ba1e8dc99a7ff3b877ff9bfadb678a3dcbda362f73ef30323ba02d47,POLICE_AUDIT_NODE
1,8,9221f3e6c8b4d0d9a19ab6cb,REQ-000008,7785e6127f1565836dd195be93038608f6dce1a97f31d83ec05e339187374c25,25956a462e692962509682da0d828e8068b3cd4e05b3b881e9758433238ed7b1,2d2d8d41ba1e8dc99a7ff3b877ff9bfadb678a3dcbda362f73ef30323ba02d47,POLICE_AUDIT_NODE
1,9,0b34638e09db3679f406c16d,REQ-000009,0e220a3126ac0d6edaf2ac9eb52daa070ba23082bc7d6dabd71883cb514a6de6,25956a462e692962509682da0d828e8068b3cd4e05b3b881e9758433238ed7b1,2d2d8d41ba1e8dc99a7ff3b877ff9bfadb678a3dcbda362f73ef30323ba02d47,POLICE_AUDIT_NODE
1,10,388a038292c4d2fc5b45bbf2,REQ-000010,0b29551d682bafdd9a2e19c6b953e505ed361dfedcae50bacabd73e761623a82,25956a462e692962509682da0d828e8068b3cd4e05b3b881e9758433238ed7b1,2d2d8d41ba1e8dc99a7ff3b877ff9bfadb678a3dcbda362f73ef30323ba02d47,POLICE_AUDIT_NODE
1,11,d530d5a73ab33d70275da504,REQ-000011,2b6710d381bb922e69f20ab7cb3036f22932a796e1680c13941c484912c713a6,25956a462e692962509682da0d828e8068b3cd4e05b3b881e9758433238ed7b1,2d2d8d41ba1e8dc99a7ff3b877ff9bfadb678a3dcbda362f73ef30323ba02d47,POLICE_AUDIT_NODE
1,12,b0c9076a1f12f3a0aeeafe66,REQ-000012,68213ea3844933a152bf0b3cbbfccc2a7db303ffb2dc496972c7c22d2e3cfc8b,25956a462e692962509682da0d828e8068b3cd4e05b3b881e9758433238ed7b1,2d2d8d41ba1e8dc99a7ff3b877ff9bfadb678a3dcbda362f73ef30323ba02d47,POLICE_AUDIT_NODE
1,13,8cd7e9fd7e2b953b3e085a49,REQ-000013,4f64f406211f6d440b2968395293e26ba10f3884812aafe3f8e36641d337060f,25956a462e692962509682da0d828e8068b3cd4e05b3b881e9758433238ed7b1,2d2d8d41ba1e8dc99a7ff3b877ff9bfadb678a3dcbda362f73ef30323ba02d47,POLICE_AUDIT_NODE
1,14,6d20c02ad7b1ff2a6f570f1c,REQ-000014,c3100ad95944947e52273f5ad255b34289a05e21bb4ad7d5343f43a173454e0a,25956a462e692962509682da0d828e8068b3cd4e05b3b881e9758433238ed7b1,2d2d8d41ba1e8dc99a7ff3b877ff9bfadb678a3dcbda362f73ef30323ba02d47,POLICE_AUDIT_NODE
1,15,688a6eaa8197b451a70d3962,REQ-000015,492790fb10e6ff380584f97637c489590723dd719f301f8965f248b03bf40801,25956a462e692962509682da0d828e8068b3cd4e05b3b881e9758433238ed7b1,2d2d8d41ba1e8dc99a7ff3b877ff9bfadb678a3dcbda362f73ef30323ba02d47,POLICE_AUDIT_NODE
1,16,dcaf5c456b6071a3952180e8,REQ-000016,21adcacec31e7db1a28a8d324433d242d8eee20d2b6e272e9b9347c656a2b0eb,25956a462e692962509682da0d828e8068b3cd4e05b3b881e9758433238ed7b1,2d2d8d41ba1e8dc99a7ff3b877ff9bfadb678a3dcbda362f73ef30323ba02d47,POLICE_AUDIT_NODE
1,17,8d2b087575f6a0e307eab99c,REQ-000017,47d58b5ed752dadaab949389dcbc49e20b24720c869cdec746cba4409dafc8e0,25956a462e692962509682da0d828e8068b3cd4e05b3b881e9758433238ed7b1,2d2d8d41ba1e8dc99a7ff3b877ff9bfadb678a3dcbda362f73ef30323ba02d47,POLICE_AUDIT_NODE
1,18,6103a45be1cc19ef7c8d7ecb,REQ-000018,f48cd0359b92eaf8eb4dbb702c4fc2b87c854a81260bf51a7e52788c66f63e53,25956a462e692962509682da0d828e8068b3cd4e05b3b881e9758433238ed7b1,2d2d8d41ba1e8dc99a7ff3b877ff9bfadb678a3dcbda362f73ef30323ba02d47,POLICE_AUDIT_NODE
1,19,d6f2690dc0bcaa23dc61cfa2,REQ-000019,e706a48a9f9e0ac5f54fb87e7f03463182d9ee41863300e7044c3bcc09147c6a,25956a462e692962509682da0d828e8068b3cd4e05b3b881e9758433238ed7b1,2d2d8d41ba1e8dc99a7ff3b877ff9bfadb678a3dcbda362f73ef30323ba02d47,POLICE_AUDIT_NODE
1,20,6660767f29eda71caab1fc94,REQ-000020,66d1125afa6b8def3fce04ed9cb5013ee321e51a46488e2dcdae24fa0c881f5c,25956a462e692962509682da0d828e8068b3cd4e05b3b881e9758433238ed7b1,2d2d8d41ba1e8dc99a7ff3b877ff9bfadb678a3dcbda362f73ef30323ba02d47,POLICE_AUDIT_NODE
1,21,d4d94dd737c4d9a232a8cd3a,REQ-000021,16b9d89c310934a36e242407877d960f0f8c8537178c8b67dd46fdb4b96e9236,25956a462e692962509682da0d828e8068b3cd4e05b3b881e9758433238ed7b1,2d2d8d41ba1e8dc99a7ff3b877ff9bfadb678a3dcbda362f73ef30323ba02d47,POLICE_AUDIT_NODE
1,22,fcda733906686ea7d5ee9888,REQ-000022,16c679d42d542f4bbecd49a3e34179f1049c8ecbfd4d5adfdfb7d54438294fd4,25956a462e692962509682da0d828e8068b3cd4e05b3b881e9758433238ed7b1,2d2d8d41ba1e8dc99a7ff3b877ff9bfadb678a3dcbda362f73ef30323ba02d47,POLICE_AUDIT_NODE
1,23,183d30497694d1cbae8c5f5b,REQ-000023,5ef882014eebdf6dea7dbf5ea3dac1b6d40cae9572463c14e8c2ca4014958175,25956a462e692962509682da0d828e8068b3cd4e05b3b881e9758433238ed7b1,2d2d8d41ba1e8dc99a7ff3b877ff9bfadb678a3dcbda362f73ef30323ba02d47,POLICE_AUDIT_NODE
1,24,555454b74533466a6dd1e674,REQ-000024,b5d5ba318b33ea2c81037f0b6f7943990a519dddbb0a68624dff8017c7d6a028,25956a462e692962509682da0d828e8068b3cd4e05b3b881e9758433238ed7b1,2d2d8d41ba1e8dc99a7ff3b877ff9bfadb678a3dcbda362f73ef30323ba02d47,POLICE_AUDIT_NODE
1,25,1b4017f8828c47514101d9fb,REQ-000025,a75bf1a9a18e51445dc2599a12d75abcb28c7a6ef5b1555d1c57ec9413f11ed0,25956a462e692962509682da0d828e8068b3cd4e05b3b881e9758433238ed7b1,2d2d8d41ba1e8dc99a7ff3b877ff9bfadb678a3dcbda362f73ef30323ba02d47,POLICE_AUDIT_NODE
1,26,cddb14e6ebe5c813a28cd379,REQ-000026,24a4c6e0b0982d9e6a5d88fb468fecb5b99c518194de37b253c95165ea00f492,25956a462e692962509682da0d828e8068b3cd4e05b3b881e9758433238ed7b1,2d2d8d41ba1e8dc99a7ff3b877ff9bfadb678a3dcbda362f73ef30323ba02d47,POLICE_AUDIT_NODE
1,27,7507f7298fc110d0a4e01bfc,REQ-000027,19f9e217e8d13b791952830dcaee5c07f658f0c81d4e11c3dacc3312683d3ba1,25956a462e692962509682da0d828e8068b3cd4e05b3b881e9758433238ed7b1,2d2d8d41ba1e8dc99a7ff3b877ff9bfadb678a3dcbda362f73ef30323ba02d47,POLICE_AUDIT_NODE
1,28,b6e0e76e4441bf762161987d,REQ-000028,ade0cd23c41e913923811b00b5a6e95da71e40f0c21fac27907f33db43f314e4,25956a462e692962509682da0d828e8068b3cd4e05b3b881e9758433238ed7b1,2d2d8d41ba1e8dc99a7ff3b877ff9bfadb678a3dcbda362f73ef30323ba02d47,POLICE_AUDIT_NODE
1,29,86378ade700aa8f9da60739e,REQ-000029,9ee49722c3bd7339b289a4c9a65303cb2dce80e9edfc90223a76cda41345314b,25956a462e692962509682da0d828e8068b3cd4e05b3b881e9758433238ed7b1,2d2d8d41ba1e8dc99a7ff3b877ff9bfadb678a3dcbda362f73ef30323ba02d47,POLICE_AUDIT_NODE
1,30,562570b6207c3254a7675288,REQ-000030,a347ac210dc7802c5463a93edf2343a357395699fd53bb2dd38528c8aff64499,25956a462e692962509682da0d828e8068b3cd4e05b3b881e9758433238ed7b1,2d2d8d41ba1e8dc99a7ff3b877ff9bfadb678a3dcbda362f73ef30323ba02d47,POLICE_AUDIT_NODE
1,31,cc3537dc1816a1e26441a163,REQ-000031,bb44454bea8aaade59ebce8bbb460247cb8fc5ae459afefd4274023642e95e64,25956a462e692962509682da0d828e8068b3cd4e05b3b881e9758433238ed7b1,2d2d8d41ba1e8dc99a7ff3b877ff9bfadb678a3dcbda362f73ef30323ba02d47,POLICE_AUDIT_NODE
1,32,3a25664f621cd11e64fa8728,REQ-000032,1238a7740c469d8a69342d181fcbfbac9c99825944828d152b5fecb0bfe6cc49,25956a462e692962509682da0d828e8068b3cd4e05b3b881e9758433238ed7b1,2d2d8d41ba1e8dc99a7ff3b877ff9bfadb678a3dcbda362f73ef30323ba02d47,POLICE_AUDIT_NODE
1,33,4808e7450039cfcbc33b0639,REQ-000033,27a05a87f6d308b969d939e85b8b41f6e14c1f008b47daa6f98b2ec09bcc2b62,25956a462e692962509682da0d828e8068b3cd4e05b3b881e9758433238ed7b1,2d2d8d41ba1e8dc99a7ff3b877ff9bfadb678a3dcbda362f73ef30323ba02d47,POLICE_AUDIT_NODE
1,34,211573b684dbffe2c0b8f890,REQ-000034,a0b45a2ae9a312c8765231e4e922d58250b31271ed89cb4c8a6b1dbdbf21d408,25956a462e692962509682da0d828e8068b3cd4e05b3b881e9758433238ed7b1,2d2d8d41ba1e8dc99a7ff3b877ff9bfadb678a3dcbda362f73ef30323ba02d47,POLICE_AUDIT_NODE
1,35,a19e3cbca07b2693218464ed,REQ-000035,6b8ea9c477579f7c534c9e6e1762e612ba02d3537329fd4ba5545305c2147390,25956a462e692962509682da0d828e8068b3cd4e05b3b881e9758433238ed7b1,2d2d8d41ba1e8dc99a7ff3b877ff9bfadb678a3dcbda362f73ef30323ba02d47,POLICE_AUDIT_NODE
1,36,4edcd2d51cd838c2c24bcde9,REQ-000036,1b3436629a21df4d5278f15c415e64b010822ec7629da13e3ed1122881dc62de,25956a462e692962509682da0d828e8068b3cd4e05b3b881e9758433238ed7b1,2d2d8d41ba1e8dc99a7ff3b877ff9bfadb678a3dcbda362f73ef30323ba02d47,POLICE_AUDIT_NODE
1,37,fb8765053a6c27c95eb191f6,REQ-000037,a7687aa36735f342c641e8329a92086c1a4152f3a73665264e40f95896a87035,25956a462e692962509682da0d828e8068b3cd4e05b3b881e9758433238ed7b1,2d2d8d41ba1e8dc99a7ff3b877ff9bfadb678a3dcbda362f73ef30323ba02d47,POLICE_AUDIT_NODE
1,38,07b85f5ed4eab84e24bf19ad,REQ-000038,0e0b488677ca1dcde9af5cf1184de799fb9652318171f8035f66c8197e279e71,25956a462e692962509682da0d828e8068b3cd4e05b3b881e9758433238ed7b1,2d2d8d41ba1e8dc99a7ff3b877ff9bfadb678a3dcbda362f73ef30323ba02d47,POLICE_AUDIT_NODE
1,39,ea439f855d839133435e9a5b,REQ-000039,eca9b38d4120ac7c73431651250eae9208f6673068110218defba70d2bdf4a26,25956a462e692962509682da0d828e8068b3cd4e05b3b881e9758433238ed7b1,2d2d8d41ba1e8dc99a7ff3b877ff9bfadb678a3dcbda362f73ef30323ba02d47,POLICE_AUDIT_NODE
1,40,7fcd88fce2cda8c21c2f0560,REQ-000040,0a81d8f02e194f2a3e6c4246df7b6c5f862e2445a1bf28282f0ab1f900babdb3,25956a462e692962509682da0d828e8068b3cd4e05b3b881e9758433238ed7b1,2d2d8d41ba1e8dc99a7ff3b877ff9bfadb678a3dcbda362f73ef30323ba02d47,POLICE_AUDIT_NODE
1,41,6d18bd569efd4e09793551f8,REQ-000041,a071fa179d991dc219788650d6ecfa801790c8c617e4bdd2c6f2bc44cd567d10,25956a462e692962509682da0d828e8068b3cd4e05b3b881e9758433238ed7b1,2d2d8d41ba1e8dc99a7ff3b877ff9bfadb678a3dcbda362f73ef30323ba02d47,POLICE_AUDIT_NODE
1,42,af6e4059a2ca892abdc8005d,REQ-000042,4e3d5454ca966eaa09e3d2123fe1b9f2bf927ccdb1a093b77d5a44783908fb65,25956a462e692962509682da0d828e8068b3cd4e05b3b881e9758433238ed7b1,2d2d8d41ba1e8dc99a7ff3b877ff9bfadb678a3dcbda362f73ef30323ba02d47,POLICE_AUDIT_NODE
1,43,1bd193c93e903efcbeabcea5,REQ-000043,5857cfc0b26a3fb3f543967b844e4ce27573d7b658d363eea527b83ac1bb2a6b,25956a462e692962509682da0d828e8068b3cd4e05b3b881e9758433238ed7b1,2d2d8d41ba1e8dc99a7ff3b877ff9bfadb678a3dcbda362f73ef30323ba02d47,POLICE_AUDIT_NODE
1,44,04b080b30bc72f285403024b,REQ-000044,c6a7e45832efc97a14ee8009c17697b8ba16c0511b4c972d038bc752242cd095,25956a462e692962509682da0d828e8068b3cd4e05b3b881e9758433238ed7b1,2d2d8d41ba1e8dc99a7ff3b877ff9bfadb678a3dcbda362f73ef30323ba02d47,POLICE_AUDIT_NODE
1,45,d09ec27d83b86bd506691ff7,REQ-000045,1f99b4a0b5e1944850af4328f045f3711809db49f4dcabf85d1ce2111d2dac6d,25956a462e692962509682da0d828e8068b3cd4e05b3b881e9758433238ed7b1,2d2d8d41ba1e8dc99a7ff3b877ff9bfadb678a3dcbda362f73ef30323ba02d47,POLICE_AUDIT_NODE
1,46,48b853b58d5cac90ca4ea8d1,REQ-000046,ce02dfd732bb5e09a14c50ad5e5ecd2e7091091772cc00889b8e1f6c13efe00f,25956a462e692962509682da0d828e8068b3cd4e05b3b881e9758433238ed7b1,2d2d8d41ba1e8dc99a7ff3b877ff9bfadb678a3dcbda362f73ef30323ba02d47,POLICE_AUDIT_NODE
1,47,729ed73f802fbe6588654753,REQ-000047,17deda8eb8f115e90e1db3bf1586d0f3acc4f4775e77efba0e077aedaf60e58e,25956a462e692962509682da0d828e8068b3cd4e05b3b881e9758433238ed7b1,2d2d8d41ba1e8dc99a7ff3b877ff9bfadb678a3dcbda362f73ef30323ba02d47,POLICE_AUDIT_NODE
1,48,41ad4a8fe8922e6ad9c476bd,REQ-000048,29d15c3a703938573e721ed2960e4e00d7a4cf7b1078718fa33e16f6fd6da3fc,25956a462e692962509682da0d828e8068b3cd4e05b3b881e9758433238ed7b1,2d2d8d41ba1e8dc99a7ff3b877ff9bfadb678a3dcbda362f73ef30323ba02d47,POLICE_AUDIT_NODE
1,49,34b16da02251a429508ac6cd,REQ-000049,6b9915137f3dfb43bbd5a15045a46ff19cf2eb33d7a12447eeeac21cddac828c,25956a462e692962509682da0d828e8068b3cd4e05b3b881e9758433238ed7b1,2d2d8d41ba1e8dc99a7ff3b877ff9bfadb678a3dcbda362f73ef30323ba02d47,POLICE_AUDIT_NODE
1,50,4a82bf8dc8017ebddd3542e2,REQ-000050,014e69e839b4c0b50056f478d6fe0a7ecd699a4293f339ce4032c400bc89d129,25956a462e692962509682da0d828e8068b3cd4e05b3b881e9758433238ed7b1,2d2d8d41ba1e8dc99a7ff3b877ff9bfadb678a3dcbda362f73ef30323ba02d47,POLICE_AUDIT_NODE
2,51,2d701f0b153ca0ed456e40a5,REQ-000051,5d38e46e43b66670bc51daf29dee82d8df00ac38cfecb45145d4d8fbc43581f4,c7bda0175b82f29530d39520252ece87c276f12adebf5d74699c03312dde82a3,dc6958315fcf4682fce0786871922c0d1550984eeb3e492f8a23a1b3aff121a4,FORENSIC_AUDIT_NODE
2,52,2fea02dbaa5fa9cfd1c941fa,REQ-000052,8e1296df4b20ef9397276f8d675ae3f6c711f83695542d268e24fc4de1ecd986,c7bda0175b82f29530d39520252ece87c276f12adebf5d74699c03312dde82a3,dc6958315fcf4682fce0786871922c0d1550984eeb3e492f8a23a1b3aff121a4,FORENSIC_AUDIT_NODE
2,53,96c45b1da344a72c85204966,REQ-000053,8f02df5426c93d65c8c01e956af55059e32ec9734c1df55bbed80bd4bae8e1d4,c7bda0175b82f29530d39520252ece87c276f12adebf5d74699c03312dde82a3,dc6958315fcf4682fce0786871922c0d1550984eeb3e492f8a23a1b3aff121a4,FORENSIC_AUDIT_NODE
2,54,3fc6a3a451c6e801d25662c2,REQ-000054,83d6c5afd3e66a9b08ce73bb3a53a8ba26a5d15c07347f6442205b992b013aa6,c7bda0175b82f29530d39520252ece87c276f12adebf5d74699c03312dde82a3,dc6958315fcf4682fce0786871922c0d1550984eeb3e492f8a23a1b3aff121a4,FORENSIC_AUDIT_NODE
2,55,c5a5fc86934dab01c82939d2,REQ-000055,c9546bcb78669e1ba77505ad4c6383ded23fa9bfa4f707fe098dbe09a91e08f3,c7bda0175b82f29530d39520252ece87c276f12adebf5d74699c03312dde82a3,dc6958315fcf4682fce0786871922c0d1550984eeb3e492f8a23a1b3aff121a4,FORENSIC_AUDIT_NODE
2,56,3c701b55120c838dd50312c1,REQ-000056,6882bf334bdd6848f6f2eb4c508a60b300121bb4b6958eb21e1eb164fac01891,c7bda0175b82f29530d39520252ece87c276f12adebf5d74699c03312dde82a3,dc6958315fcf4682fce0786871922c0d1550984eeb3e492f8a23a1b3aff121a4,FORENSIC_AUDIT_NODE
2,57,1a4ad0c2a2f3925f65e2634b,REQ-000057,d8396364196de4fa0ee9d4d2ab629c0e5089ff4222c3503ec137c79b950bfe83,c7bda0175b82f29530d39520252ece87c276f12adebf5d74699c03312dde82a3,dc6958315fcf4682fce0786871922c0d1550984eeb3e492f8a23a1b3aff121a4,FORENSIC_AUDIT_NODE
2,58,8d6d7e437c4f0b664e179ae8,REQ-000058,c5d33edbce4a4c8de58b0a1cf6e893c9f368e5b78b07acd46cad79e42c51b24b,c7bda0175b82f29530d39520252ece87c276f12adebf5d74699c03312dde82a3,dc6958315fcf4682fce0786871922c0d1550984eeb3e492f8a23a1b3aff121a4,FORENSIC_AUDIT_NODE
2,59,a5cd8d04ad20b079ca4bc8e0,REQ-000059,b873c6edca35258215a3c8f0791839074170049011c2b9066a132e6d298aa9f1,c7bda0175b82f29530d39520252ece87c276f12adebf5d74699c03312dde82a3,dc6958315fcf4682fce0786871922c0d1550984eeb3e492f8a23a1b3aff121a4,FORENSIC_AUDIT_NODE
2,60,2a54b379df55cc94909b6b0c,REQ-000060,ce61ff09f6ffa121a0ea6304502ac7ef00bc9eb6b4adc3a5f04fd7bc58b45de8,c7bda0175b82f29530d39520252ece87c276f12adebf5d74699c03312dde82a3,dc6958315fcf4682fce0786871922c0d1550984eeb3e492f8a23a1b3aff121a4,FORENSIC_AUDIT_NODE
2,61,126c46e02138af40badd0d58,REQ-000061,3dc42584df41c1fe691751cbe7ddf44d67a0207b89a892f8ae4bcc0ee84f7981,c7bda0175b82f29530d39520252ece87c276f12adebf5d74699c03312dde82a3,dc6958315fcf4682fce0786871922c0d1550984eeb3e492f8a23a1b3aff121a4,FORENSIC_AUDIT_NODE
2,62,f447fbdaaac3d284baea54c8,REQ-000062,1463c2b9fc1d5b0d137e781e5be17eb36a7aa007dd56288c368d8f48deb80467,c7bda0175b82f29530d39520252ece87c276f12adebf5d74699c03312dde82a3,dc6958315fcf4682fce0786871922c0d1550984eeb3e492f8a23a1b3aff121a4,FORENSIC_AUDIT_NODE
2,63,6281c0fdbfd07daf529c883f,REQ-000063,84d671f1071326bc461e63b89407c28605d53309470b11d8c8ec1f9f380250f8,c7bda0175b82f29530d39520252ece87c276f12adebf5d74699c03312dde82a3,dc6958315fcf4682fce0786871922c0d1550984eeb3e492f8a23a1b3aff121a4,FORENSIC_AUDIT_NODE
2,64,5c4028b99a81de0309371d3d,REQ-000064,0d47902a1bbff3da1283df6c3924beccdf317b59a0399805b407ed316482a2a0,c7bda0175b82f29530d39520252ece87c276f12adebf5d74699c03312dde82a3,dc6958315fcf4682fce0786871922c0d1550984eeb3e492f8a23a1b3aff121a4,FORENSIC_AUDIT_NODE
2,65,67f05d45845bf9f92e32f459,REQ-000065,2cc607e8acf5fa28827450ecc2f97f728b425d417e3f833bbae9193099116a1f,c7bda0175b82f29530d39520252ece87c276f12adebf5d74699c03312dde82a3,dc6958315fcf4682fce0786871922c0d1550984eeb3e492f8a23a1b3aff121a4,FORENSIC_AUDIT_NODE
2,66,916cf2ad2f08b0281c28cde6,REQ-000066,776d5e545ffff82a2a0737752eaa29540a438f39e4db5e21b50e73414e5e570b,c7bda0175b82f29530d39520252ece87c276f12adebf5d74699c03312dde82a3,dc6958315fcf4682fce0786871922c0d1550984eeb3e492f8a23a1b3aff121a4,FORENSIC_AUDIT_NODE
2,67,ea831de5cfd53eff15e3736d,REQ-000067,915dfe2420c9e628fbf695780e139880b1afdb8b4cf72717f6037cd837a20837,c7bda0175b82f29530d39520252ece87c276f12adebf5d74699c03312dde82a3,dc6958315fcf4682fce0786871922c0d1550984eeb3e492f8a23a1b3aff121a4,FORENSIC_AUDIT_NODE
2,68,1bef03539d9924ca5badc467,REQ-000068,aff1eef570241b2f97aeff5c5f10d6675e874f13519fccd3f912378493b20356,c7bda0175b82f29530d39520252ece87c276f12adebf5d74699c03312dde82a3,dc6958315fcf4682fce0786871922c0d1550984eeb3e492f8a23a1b3aff121a4,FORENSIC_AUDIT_NODE
2,69,8cebc24ea3a5d46bf25db205,REQ-000069,dab56318e7a40bee14ec85da9c9b35804a87c51ab4647b90636a7d99e0b6dda5,c7bda0175b82f29530d39520252ece87c276f12adebf5d74699c03312dde82a3,dc6958315fcf4682fce0786871922c0d1550984eeb3e492f8a23a1b3aff121a4,FORENSIC_AUDIT_NODE
2,70,f4524201aa49153a71215c97,REQ-000070,2e9e5171da533217189c0d8e61974ca06a0bcb15a678958f0d9957f957ba1b53,c7bda0175b82f29530d39520252ece87c276f12adebf5d74699c03312dde82a3,dc6958315fcf4682fce0786871922c0d1550984eeb3e492f8a23a1b3aff121a4,FORENSIC_AUDIT_NODE
2,71,279eb13ca29dbad20c82aeca,REQ-000071,866cde751103b5a5f938d00685a7b3f563530c5d5447a780758f800adeb48a30,c7bda0175b82f29530d39520252ece87c276f12adebf5d74699c03312dde82a3,dc6958315fcf4682fce0786871922c0d1550984eeb3e492f8a23a1b3aff121a4,FORENSIC_AUDIT_NODE
2,72,1fb36778f89519b3e987ced2,REQ-000072,e67a7adbc6486ca66cb7510e4466258325b4a9a719b2001a06ae4526402a1e50,c7bda0175b82f29530d39520252ece87c276f12adebf5d74699c03312dde82a3,dc6958315fcf4682fce0786871922c0d1550984eeb3e492f8a23a1b3aff121a4,FORENSIC_AUDIT_NODE
2,73,80cb27b6cf1cd7713fd0b299,REQ-000073,aaa1c4c3587e8d5b8f147b8a5ef5692577df8287260be336fd5eaa32eb329d21,c7bda0175b82f29530d39520252ece87c276f12adebf5d74699c03312dde82a3,dc6958315fcf4682fce0786871922c0d1550984eeb3e492f8a23a1b3aff121a4,FORENSIC_AUDIT_NODE
2,74,465e2a13be7922c389aec8fd,REQ-000074,a54d9a8f6eae0dc622871a1388c5544bbed04a82d123c6cf1b621a285025a67b,c7bda0175b82f29530d39520252ece87c276f12adebf5d74699c03312dde82a3,dc6958315fcf4682fce0786871922c0d1550984eeb3e492f8a23a1b3aff121a4,FORENSIC_AUDIT_NODE
2,75,e4143a6e05a9df4f0c5deedb,REQ-000075,dedb9efc60c648e906bbceb7a1566c235c8cb2d9787d90fa727f1828551852b9,c7bda0175b82f29530d39520252ece87c276f12adebf5d74699c03312dde82a3,dc6958315fcf4682fce0786871922c0d1550984eeb3e492f8a23a1b3aff121a4,FORENSIC_AUDIT_NODE
2,76,42f656b8f75520fb2b69eeee,REQ-000076,430aa999bbafb6b7ce405565140de1ceeb6da1f3f725cb1c48fcda37cf757f14,c7bda0175b82f29530d39520252ece87c276f12adebf5d74699c03312dde82a3,dc6958315fcf4682fce0786871922c0d1550984eeb3e492f8a23a1b3aff121a4,FORENSIC_AUDIT_NODE
2,77,9b343394922867641831abf0,REQ-000077,e7de8be153771b305c6a8c94a721e68848dc46942ec0e6cccaf7c008b7cd8374,c7bda0175b82f29530d39520252ece87c276f12adebf5d74699c03312dde82a3,dc6958315fcf4682fce0786871922c0d1550984eeb3e492f8a23a1b3aff121a4,FORENSIC_AUDIT_NODE
2,78,f3761ba2ed7e5c155eae1cea,REQ-000078,bcec53c8201902965fdbb4b58654422849bd73920bf0de64fe6fa830eaf29c75,c7bda0175b82f29530d39520252ece87c276f12adebf5d74699c03312dde82a3,dc6958315fcf4682fce0786871922c0d1550984eeb3e492f8a23a1b3aff121a4,FORENSIC_AUDIT_NODE
2,79,059ef53e1ebb2ce4ad1f93e5,REQ-000079,42fb8a59749775942dee8813e2400ba6f0a68911e11fc36a92111ca49ff3e8c4,c7bda0175b82f29530d39520252ece87c276f12adebf5d74699c03312dde82a3,dc6958315fcf4682fce0786871922c0d1550984eeb3e492f8a23a1b3aff121a4,FORENSIC_AUDIT_NODE
2,80,314eb3bd2d0dbe7096902667,REQ-000080,5bf06279ebf26a6e1dd1f14138bb92ec0b2ae7a50cdfa52a8c555f2e42c67692,c7bda0175b82f29530d39520252ece87c276f12adebf5d74699c03312dde82a3,dc6958315fcf4682fce0786871922c0d1550984eeb3e492f8a23a1b3aff121a4,FORENSIC_AUDIT_NODE
2,81,4ffff174c5b5f42d17105c92,REQ-000081,af99154e39e9688eb256c868fe7dac239a820dcecd7db9861b8ef1a6c1ccabe0,c7bda0175b82f29530d39520252ece87c276f12adebf5d74699c03312dde82a3,dc6958315fcf4682fce0786871922c0d1550984eeb3e492f8a23a1b3aff121a4,FORENSIC_AUDIT_NODE
2,82,28b8ef51d3a36ae7cc739733,REQ-000082,04821ec8447fbb7ab45269f8e67399ad668eb65a08e775f827933ad7ca81bbcf,c7bda0175b82f29530d39520252ece87c276f12adebf5d74699c03312dde82a3,dc6958315fcf4682fce0786871922c0d1550984eeb3e492f8a23a1b3aff121a4,FORENSIC_AUDIT_NODE
2,83,2eeae506733ba6caa40c5951,REQ-000083,3b1da7a9e47797eb4250f1ee6ea6c20f7ce53c3cc9c6e0c0869e754b4ac7d0a1,c7bda0175b82f29530d39520252ece87c276f12adebf5d74699c03312dde82a3,dc6958315fcf4682fce0786871922c0d1550984eeb3e492f8a23a1b3aff121a4,FORENSIC_AUDIT_NODE
2,84,af85659a94903c7500df4d90,REQ-000084,a5c148a07190be5790a517551ed5e8c9ca68cdd4ca233e2d9f5ccb82d39c672a,c7bda0175b82f29530d39520252ece87c276f12adebf5d74699c03312dde82a3,dc6958315fcf4682fce0786871922c0d1550984eeb3e492f8a23a1b3aff121a4,FORENSIC_AUDIT_NODE
2,85,b5dde3a51c2c3d634b65060c,REQ-000085,2b4d6785785174d477b14742906bedd45d355defa73676e9ed6ab0aa58ec9f8b,c7bda0175b82f29530d39520252ece87c276f12adebf5d74699c03312dde82a3,dc6958315fcf4682fce0786871922c0d1550984eeb3e492f8a23a1b3aff121a4,FORENSIC_AUDIT_NODE
2,86,4430511f34fb5826d56db170,REQ-000086,fc7a5c48e4fefbf019932f49fe14796fcecd2f31c1a8bd0948d85e0a0485fe85,c7bda0175b82f29530d39520252ece87c276f12adebf5d74699c03312dde82a3,dc6958315fcf4682fce0786871922c0d1550984eeb3e492f8a23a1b3aff121a4,FORENSIC_AUDIT_NODE
2,87,8ab22add50f850e17f71f605,REQ-000087,69be3515fa5146261170bc7eedfab84453f8b42cbbcaa42a23c3410425be4052,c7bda0175b82f29530d39520252ece87c276f12adebf5d74699c03312dde82a3,dc6958315fcf4682fce0786871922c0d1550984eeb3e492f8a23a1b3aff121a4,FORENSIC_AUDIT_NODE
2,88,d9896ea60de08d39abb39fde,REQ-000088,018f43175f1f507fc18aee9351e49e90fd609a6a73e508529d82f74a7364cc11,c7bda0175b82f29530d39520252ece87c276f12adebf5d74699c03312dde82a3,dc6958315fcf4682fce0786871922c0d1550984eeb3e492f8a23a1b3aff121a4,FORENSIC_AUDIT_NODE
2,89,6eb5652297bdd323bfe18264,REQ-000089,8da4d11c61676c34e1055102d0213d1980227dd78c1b8fd4ea16b7c3ddeaedd3,c7bda0175b82f29530d39520252ece87c276f12adebf5d74699c03312dde82a3,dc6958315fcf4682fce0786871922c0d1550984eeb3e492f8a23a1b3aff121a4,FORENSIC_AUDIT_NODE
2,90,8ff3153748f4639f237f9f8c,REQ-000090,baa985ca2a6a2413bc7bc737f84b5083483249c308024f1438db9bc15f52668c,c7bda0175b82f29530d39520252ece87c276f12adebf5d74699c03312dde82a3,dc6958315fcf4682fce0786871922c0d1550984eeb3e492f8a23a1b3aff121a4,FORENSIC_AUDIT_NODE
2,91,8e11be5544fe76322840cf7d,REQ-000091,ca3281afbca167cfd5c275094a35ab457815e2b0ccff544e08188970b0b5204b,c7bda0175b82f29530d39520252ece87c276f12adebf5d74699c03312dde82a3,dc6958315fcf4682fce0786871922c0d1550984eeb3e492f8a23a1b3aff121a4,FORENSIC_AUDIT_NODE
2,92,53ada1bf2f52bfa39bec363f,REQ-000092,5e483c79e6bdbe5105d25d49a33c42e4faf0a223b1364ae95240cb64f73a632c,c7bda0175b82f29530d39520252ece87c276f12adebf5d74699c03312dde82a3,dc6958315fcf4682fce0786871922c0d1550984eeb3e492f8a23a1b3aff121a4,FORENSIC_AUDIT_NODE
2,93,5b44f746f688b0b5ad4dac5a,REQ-000093,45f92fcb0cbc49c9c80a1a96bb201c89b71e1dd99474e298c716b0166cb62425,c7bda0175b82f29530d39520252ece87c276f12adebf5d74699c03312dde82a3,dc6958315fcf4682fce0786871922c0d1550984eeb3e492f8a23a1b3aff121a4,FORENSIC_AUDIT_NODE
2,94,8a04c212b41d6cbb50a0f62e,REQ-000094,d8c2ed258fa1099ffed23873921b109e79471ffd18f356d3282dc4292191c36b,c7bda0175b82f29530d39520252ece87c276f12adebf5d74699c03312dde82a3,dc6958315fcf4682fce0786871922c0d1550984eeb3e492f8a23a1b3aff121a4,FORENSIC_AUDIT_NODE
2,95,8c4ef05c1620ce802d1c5452,REQ-000095,6762951e80c7a4c00d968baa75e7de47c689af8dd0226e0819701af485002f03,c7bda0175b82f29530d39520252ece87c276f12adebf5d74699c03312dde82a3,dc6958315fcf4682fce0786871922c0d1550984eeb3e492f8a23a1b3aff121a4,FORENSIC_AUDIT_NODE
2,96,1980e7dbb6d3f3f8018a2d19,REQ-000096,f09eb1eea69369032aada52abd75c616b477ce3cbcc2aef1dadca42eaab44176,c7bda0175b82f29530d39520252ece87c276f12adebf5d74699c03312dde82a3,dc6958315fcf4682fce0786871922c0d1550984eeb3e492f8a23a1b3aff121a4,FORENSIC_AUDIT_NODE
2,97,9709dc5e59f40d91ac7b640a,REQ-000097,5302264fd5ecdb5e3abc4ac34b4c684af2a0f5fa4135a97488918251cb0f9d13,c7bda0175b82f29530d39520252ece87c276f12adebf5d74699c03312dde82a3,dc6958315fcf4682fce0786871922c0d1550984eeb3e492f8a23a1b3aff121a4,FORENSIC_AUDIT_NODE
2,98,5a47abd4a4c5a78e03706843,REQ-000098,a42b148e24a9597f9c4295aca1a9971572d21ec0df7644de17c997bde2c8fe37,c7bda0175b82f29530d39520252ece87c276f12adebf5d74699c03312dde82a3,dc6958315fcf4682fce0786871922c0d1550984eeb3e492f8a23a1b3aff121a4,FORENSIC_AUDIT_NODE
2,99,abeb77cb9893a51cc2fa46aa,REQ-000099,4ec12b19fd36b7b10b6593f62ef0812d94acec5ecc6ac7caa18378721cc5e707,c7bda0175b82f29530d39520252ece87c276f12adebf5d74699c03312dde82a3,dc6958315fcf4682fce0786871922c0d1550984eeb3e492f8a23a1b3aff121a4,FORENSIC_AUDIT_NODE
2,100,89c32dd71df6a3c69e90f84b,REQ-000100,f3fa311288f05c7e4f81b2885255e84c13a43c22c92a978ec1e9a0a595656655,c7bda0175b82f29530d39520252ece87c276f12adebf5d74699c03312dde82a3,dc6958315fcf4682fce0786871922c0d1550984eeb3e492f8a23a1b3aff121a4,FORENSIC_AUDIT_NODE
3,101,b34d5ff3d5bfd07caa2a6ccf,REQ-000101,713e3bae56d9c693143ecd357d2ecd8ed2f4c2051ac98bff2d4c91bdd13eea61,257d5a69b007c1554107864deeeef78df8f860e1d141c3b246136635d34796ce,10172cbf8c635a521e1e3ee08d9819e323ad1b6dd42c2e8733d537b177a17999,PROSECUTION_AUDIT_NODE
3,102,b60e6b9be8c7fcf98e5f48e6,REQ-000102,7bdb359ee64f496ed7d774edbc0f435874570614ed4fc6f6c78da9cb93eb0ab5,257d5a69b007c1554107864deeeef78df8f860e1d141c3b246136635d34796ce,10172cbf8c635a521e1e3ee08d9819e323ad1b6dd42c2e8733d537b177a17999,PROSECUTION_AUDIT_NODE
3,103,156d92c00d78eeaf5f9baf0d,REQ-000103,1d447455390d17acb976f7fcccd8f194a5cdc150d4c9c2459c8eb516c9b91710,257d5a69b007c1554107864deeeef78df8f860e1d141c3b246136635d34796ce,10172cbf8c635a521e1e3ee08d9819e323ad1b6dd42c2e8733d537b177a17999,PROSECUTION_AUDIT_NODE
3,104,f0bb6054daeb1c454aa2fe90,REQ-000104,9c88eb1b422b3da31f49f4476317dffb06a379e564a3ca7016c8d89a115379f4,257d5a69b007c1554107864deeeef78df8f860e1d141c3b246136635d34796ce,10172cbf8c635a521e1e3ee08d9819e323ad1b6dd42c2e8733d537b177a17999,PROSECUTION_AUDIT_NODE
3,105,7f3d95e1f0ddee94d8898880,REQ-000105,7a716a51985a0de4f5bc3d7f8777a3be2cc1e0b3e522bbcf7397303e0f1a38f2,257d5a69b007c1554107864deeeef78df8f860e1d141c3b246136635d34796ce,10172cbf8c635a521e1e3ee08d9819e323ad1b6dd42c2e8733d537b177a17999,PROSECUTION_AUDIT_NODE
3,106,426adb6f56291a4ecba28dc6,REQ-000106,ecccdc849359642d2e22799afc32972069c4547a73af2840b8f1eed4f81d01cf,257d5a69b007c1554107864deeeef78df8f860e1d141c3b246136635d34796ce,10172cbf8c635a521e1e3ee08d9819e323ad1b6dd42c2e8733d537b177a17999,PROSECUTION_AUDIT_NODE
3,107,9fce96cbb7a309ba2991555b,REQ-000107,e81b568d4fbd8a82d8f1c0b0a15a6f935887e411a069d27350414d9241afe589,257d5a69b007c1554107864deeeef78df8f860e1d141c3b246136635d34796ce,10172cbf8c635a521e1e3ee08d9819e323ad1b6dd42c2e8733d537b177a17999,PROSECUTION_AUDIT_NODE
3,108,b807e50e1426892ae27a16b0,REQ-000108,d248c73a67df9ff12fc606dae2b116dadaaf334bdeb5bff1575319d229869c39,257d5a69b007c1554107864deeeef78df8f860e1d141c3b246136635d34796ce,10172cbf8c635a521e1e3ee08d9819e323ad1b6dd42c2e8733d537b177a17999,PROSECUTION_AUDIT_NODE
3,109,92ff84afd4be83bdcb6dea78,REQ-000109,663ea692e086f19cceca0a084909463fff4e01432c94f700fb33cd8df32d4339,257d5a69b007c1554107864deeeef78df8f860e1d141c3b246136635d34796ce,10172cbf8c635a521e1e3ee08d9819e323ad1b6dd42c2e8733d537b177a17999,PROSECUTION_AUDIT_NODE
3,110,271e4cc68a32d37b52524764,REQ-000110,6b6d06e78710460b3cf5dc720f8e8f0d7950049111be44b38ece6d800eb2c3b4,257d5a69b007c1554107864deeeef78df8f860e1d141c3b246136635d34796ce,10172cbf8c635a521e1e3ee08d9819e323ad1b6dd42c2e8733d537b177a17999,PROSECUTION_AUDIT_NODE
3,111,0ec96a4302c22365f69d9161,REQ-000111,1fdb216863783f6638a02365c70390aae8e35efce718da4e798cf31f0bea04ec,257d5a69b007c1554107864deeeef78df8f860e1d141c3b246136635d34796ce,10172cbf8c635a521e1e3ee08d9819e323ad1b6dd42c2e8733d537b177a17999,PROSECUTION_AUDIT_NODE
3,112,457b854909751106b626b9b3,REQ-000112,fd2652f0f510539a67d6d68174b90a471dfdbb6f052187499715c21151512c93,257d5a69b007c1554107864deeeef78df8f860e1d141c3b246136635d34796ce,10172cbf8c635a521e1e3ee08d9819e323ad1b6dd42c2e8733d537b177a17999,PROSECUTION_AUDIT_NODE
3,113,784c084383a07f43a5bdc323,REQ-000113,cb27b2f9a9db732ec48ffc1291d644fe683b8fa8f234616f766151c79924c88a,257d5a69b007c1554107864deeeef78df8f860e1d141c3b246136635d34796ce,10172cbf8c635a521e1e3ee08d9819e323ad1b6dd42c2e8733d537b177a17999,PROSECUTION_AUDIT_NODE
3,114,f051373cd5eaf2f3338819a6,REQ-000114,6d0b8530638562d11374b443792dc00c0b56467e4810083415844ea668e4a831,257d5a69b007c1554107864deeeef78df8f860e1d141c3b246136635d34796ce,10172cbf8c635a521e1e3ee08d9819e323ad1b6dd42c2e8733d537b177a17999,PROSECUTION_AUDIT_NODE
3,115,1bb0812944800454f95bb490,REQ-000115,23577114a28fa9c2bbe1d5fb23f8be26494cbe2573215caeec7a4a8096d812ef,257d5a69b007c1554107864deeeef78df8f860e1d141c3b246136635d34796ce,10172cbf8c635a521e1e3ee08d9819e323ad1b6dd42c2e8733d537b177a17999,PROSECUTION_AUDIT_NODE
3,116,6ff4d631d5f1dc4fd03c8a56,REQ-000116,75d30b6f40051ee2fc74d10f4f6868ae41b43e712ce34779c05a3b72fdcfc00c,257d5a69b007c1554107864deeeef78df8f860e1d141c3b246136635d34796ce,10172cbf8c635a521e1e3ee08d9819e323ad1b6dd42c2e8733d537b177a17999,PROSECUTION_AUDIT_NODE
3,117,ca5cc2cf5fafce21f4b98798,REQ-000117,1cee8b73848dc3039615814d76bb96d1cf790c1a333bece3b51db35fd86c0a8e,257d5a69b007c1554107864deeeef78df8f860e1d141c3b246136635d34796ce,10172cbf8c635a521e1e3ee08d9819e323ad1b6dd42c2e8733d537b177a17999,PROSECUTION_AUDIT_NODE
3,118,ed817764906d8bb2f241b946,REQ-000118,c30b60b047cc90e8a861fbad8d2c0018382e6e27c15a0918ce0fdb622e0bf60f,257d5a69b007c1554107864deeeef78df8f860e1d141c3b246136635d34796ce,10172cbf8c635a521e1e3ee08d9819e323ad1b6dd42c2e8733d537b177a17999,PROSECUTION_AUDIT_NODE
3,119,f7425f38300d1d97b223b742,REQ-000119,d2f624aa1fd91770e45bf36708cb71c9a0788fe3e7da12f6324f6cf622e44557,257d5a69b007c1554107864deeeef78df8f860e1d141c3b246136635d34796ce,10172cbf8c635a521e1e3ee08d9819e323ad1b6dd42c2e8733d537b177a17999,PROSECUTION_AUDIT_NODE
3,120,0bc3fa59843047c3ba3cda62,REQ-000120,863906f477279d0ddabbbd80272446aef6a969f0302f46f89d4e424bbd489912,257d5a69b007c1554107864deeeef78df8f860e1d141c3b246136635d34796ce,10172cbf8c635a521e1e3ee08d9819e323ad1b6dd42c2e8733d537b177a17999,PROSECUTION_AUDIT_NODE
3,121,41fe6a716ab8e5d36d9faf44,REQ-000121,c22bbf1e759d26e041f35666fe4c7f31c83b0ad6aee8305db8096c382fab8c69,257d5a69b007c1554107864deeeef78df8f860e1d141c3b246136635d34796ce,10172cbf8c635a521e1e3ee08d9819e323ad1b6dd42c2e8733d537b177a17999,PROSECUTION_AUDIT_NODE
3,122,52e554d3d3dc5b2cb93b04b5,REQ-000122,0df5728584fd8b7738aa67eb5b7f16de3321353b2bf58d91bfbbecbf64c23e88,257d5a69b007c1554107864deeeef78df8f860e1d141c3b246136635d34796ce,10172cbf8c635a521e1e3ee08d9819e323ad1b6dd42c2e8733d537b177a17999,PROSECUTION_AUDIT_NODE
3,123,70b97a99f6caec58fb425cb4,REQ-000123,92a9a5c95740373ed77bc7d60ee79f9d1f07e28d348cc3b613249fafa18c172d,257d5a69b007c1554107864deeeef78df8f860e1d141c3b246136635d34796ce,10172cbf8c635a521e1e3ee08d9819e323ad1b6dd42c2e8733d537b177a17999,PROSECUTION_AUDIT_NODE
3,124,abfe0f408651e7063d89674e,REQ-000124,c557ee3bd93a9439a9c6259c9394660dcbc1923b29b2613c0ae5f22ad219e22c,257d5a69b007c1554107864deeeef78df8f860e1d141c3b246136635d34796ce,10172cbf8c635a521e1e3ee08d9819e323ad1b6dd42c2e8733d537b177a17999,PROSECUTION_AUDIT_NODE
3,125,3a6115ae8af4060ce296fabf,REQ-000125,7819c05b8aeb36361e87d895b067f8c5f87e73163dd057013d46172aeaf78b74,257d5a69b007c1554107864deeeef78df8f860e1d141c3b246136635d34796ce,10172cbf8c635a521e1e3ee08d9819e323ad1b6dd42c2e8733d537b177a17999,PROSECUTION_AUDIT_NODE
3,126,28e110d3193d05334234ba16,REQ-000126,3060cd06d0f971760a7be3a04b4303bece6796c32be67be9357e2c418add0288,257d5a69b007c1554107864deeeef78df8f860e1d141c3b246136635d34796ce,10172cbf8c635a521e1e3ee08d9819e323ad1b6dd42c2e8733d537b177a17999,PROSECUTION_AUDIT_NODE
3,127,34ee0ac0c9e4f770fce0250a,REQ-000127,f392d471c5a0adb6d48c3c3df7cc6a55edffd860f3e24fc00ac78a1cc40e1233,257d5a69b007c1554107864deeeef78df8f860e1d141c3b246136635d34796ce,10172cbf8c635a521e1e3ee08d9819e323ad1b6dd42c2e8733d537b177a17999,PROSECUTION_AUDIT_NODE
3,128,8b027db335d14f12bc0b9978,REQ-000128,a02116229c6f3334aa73b41ace7799a05bec5564edcf40c596d7ed0770a6afc3,257d5a69b007c1554107864deeeef78df8f860e1d141c3b246136635d34796ce,10172cbf8c635a521e1e3ee08d9819e323ad1b6dd42c2e8733d537b177a17999,PROSECUTION_AUDIT_NODE
3,129,7ce4d5c3ac8edca00f2e1ffa,REQ-000129,c7adb495c96b232265f94e90e6bb00b3ead30bcdaa836841d0c93451217228e4,257d5a69b007c1554107864deeeef78df8f860e1d141c3b246136635d34796ce,10172cbf8c635a521e1e3ee08d9819e323ad1b6dd42c2e8733d537b177a17999,PROSECUTION_AUDIT_NODE
3,130,b126e2c44f8514dcad1cbf68,REQ-000130,dc9e3d35759734e7cf56b76f0f716c7f40ebba7a3b5da9f78c49aaf4e1cbf164,257d5a69b007c1554107864deeeef78df8f860e1d141c3b246136635d34796ce,10172cbf8c635a521e1e3ee08d9819e323ad1b6dd42c2e8733d537b177a17999,PROSECUTION_AUDIT_NODE
3,131,d09a83a7ae21b15334ff8c69,REQ-000131,90be64ea2bb6894d9f644a4d6537b9cd060f171ca8b87927492149e04519f0d5,257d5a69b007c1554107864deeeef78df8f860e1d141c3b246136635d34796ce,10172cbf8c635a521e1e3ee08d9819e323ad1b6dd42c2e8733d537b177a17999,PROSECUTION_AUDIT_NODE
3,132,52778e92bb1b977fa785252f,REQ-000132,9914feea627f5c9091c10b8033f24097ae339ab337b73a6ec445777e1ca05521,257d5a69b007c1554107864deeeef78df8f860e1d141c3b246136635d34796ce,10172cbf8c635a521e1e3ee08d9819e323ad1b6dd42c2e8733d537b177a17999,PROSECUTION_AUDIT_NODE
3,133,0bebf545c0860a63979c7e44,REQ-000133,2ca044ee3646e1677ab7a57529edc288796b7905569bd48e9c795de3a84b2176,257d5a69b007c1554107864deeeef78df8f860e1d141c3b246136635d34796ce,10172cbf8c635a521e1e3ee08d9819e323ad1b6dd42c2e8733d537b177a17999,PROSECUTION_AUDIT_NODE
3,134,0dbfbd8c9a024fc759a26941,REQ-000134,59f8d1681b1d24734d284866d3906a7db0800d3a287ea7332432c8466e8170f2,257d5a69b007c1554107864deeeef78df8f860e1d141c3b246136635d34796ce,10172cbf8c635a521e1e3ee08d9819e323ad1b6dd42c2e8733d537b177a17999,PROSECUTION_AUDIT_NODE
3,135,dcc2bec89d42968a31cc1207,REQ-000135,cecccd720bbd43f14e445579021b1735309c941100f20c9a8589591185840ed3,257d5a69b007c1554107864deeeef78df8f860e1d141c3b246136635d34796ce,10172cbf8c635a521e1e3ee08d9819e323ad1b6dd42c2e8733d537b177a17999,PROSECUTION_AUDIT_NODE
3,136,c340480e2d743210bac72798,REQ-000136,b7acf25852d18fbea1ddeebf7951d66cf7291039127a1fe77ec235c784922021,257d5a69b007c1554107864deeeef78df8f860e1d141c3b246136635d34796ce,10172cbf8c635a521e1e3ee08d9819e323ad1b6dd42c2e8733d537b177a17999,PROSECUTION_AUDIT_NODE
3,137,1034a7894f92353a9d10e384,REQ-000137,082035df36d7f06eb62dce4baaece637ae556127da87cb2726a61762649812c8,257d5a69b007c1554107864deeeef78df8f860e1d141c3b246136635d34796ce,10172cbf8c635a521e1e3ee08d9819e323ad1b6dd42c2e8733d537b177a17999,PROSECUTION_AUDIT_NODE
3,138,9bd078916aaff6d028a7e92a,REQ-000138,7339f5ac13661a51c7c23fb350564001cd6c3bad44610ec45335cc7f8679310f,257d5a69b007c1554107864deeeef78df8f860e1d141c3b246136635d34796ce,10172cbf8c635a521e1e3ee08d9819e323ad1b6dd42c2e8733d537b177a17999,PROSECUTION_AUDIT_NODE
3,139,c436dd8c640b6cfdaa696d8b,REQ-000139,6ff6f0082f7f56c25fa8ace4a2f9f44c278a69b9195714b12d7b4e2c7a3142c0,257d5a69b007c1554107864deeeef78df8f860e1d141c3b246136635d34796ce,10172cbf8c635a521e1e3ee08d9819e323ad1b6dd42c2e8733d537b177a17999,PROSECUTION_AUDIT_NODE
3,140,91f5f2487f823701a14ff599,REQ-000140,b8da3f62194f8c2bb6a774b9900f4b4f8f647ca924eb271a7e581d7c274b87c8,257d5a69b007c1554107864deeeef78df8f860e1d141c3b246136635d34796ce,10172cbf8c635a521e1e3ee08d9819e323ad1b6dd42c2e8733d537b177a17999,PROSECUTION_AUDIT_NODE
3,141,8464e3168221a60677e2e0ef,REQ-000141,d2b5000d72bca2ead8c2b1c71b7a5aeab07207ad1fb333fbfea2dd5a5b01015c,257d5a69b007c1554107864deeeef78df8f860e1d141c3b246136635d34796ce,10172cbf8c635a521e1e3ee08d9819e323ad1b6dd42c2e8733d537b177a17999,PROSECUTION_AUDIT_NODE
3,142,f8ffcdb04e9da8fbc9a02c57,REQ-000142,fcc5aedb90f0f59a56dc0af9dcfcb588c9ef38eb654789ff960abf9c7e48cbea,257d5a69b007c1554107864deeeef78df8f860e1d141c3b246136635d34796ce,10172cbf8c635a521e1e3ee08d9819e323ad1b6dd42c2e8733d537b177a17999,PROSECUTION_AUDIT_NODE
3,143,18396cfe8381bd2489c966d0,REQ-000143,768219fb512c60e14a3ad3d5496e713e71c5f36803173735b68af9d78ad8713c,257d5a69b007c1554107864deeeef78df8f860e1d141c3b246136635d34796ce,10172cbf8c635a521e1e3ee08d9819e323ad1b6dd42c2e8733d537b177a17999,PROSECUTION_AUDIT_NODE
3,144,fcaf3dcdeca8794c01869080,REQ-000144,f472eeb29edb884da8aef7c0a793fc28f9d9dfc2a219d78dac2754eb36cb8129,257d5a69b007c1554107864deeeef78df8f860e1d141c3b246136635d34796ce,10172cbf8c635a521e1e3ee08d9819e323ad1b6dd42c2e8733d537b177a17999,PROSECUTION_AUDIT_NODE
3,145,06f9e6d3e7b412259083573d,REQ-000145,0d59c7ed902c2000fa7bce0b3f36afd48e247babd524d798645f68be89d098cf,257d5a69b007c1554107864deeeef78df8f860e1d141c3b246136635d34796ce,10172cbf8c635a521e1e3ee08d9819e323ad1b6dd42c2e8733d537b177a17999,PROSECUTION_AUDIT_NODE
3,146,d42a42a308b1101c85d32fd9,REQ-000146,dc424c956ca5cbae261e83249488f834ae6f0fc0f1ce082aafe6acb0868a919d,257d5a69b007c1554107864deeeef78df8f860e1d141c3b246136635d34796ce,10172cbf8c635a521e1e3ee08d9819e323ad1b6dd42c2e8733d537b177a17999,PROSECUTION_AUDIT_NODE
3,147,989208ff13258ea7a0be279f,REQ-000147,0c7fdf6b62a5d64a913d5033d28947461854a130c0b33c799e57588b92d4dc73,257d5a69b007c1554107864deeeef78df8f860e1d141c3b246136635d34796ce,10172cbf8c635a521e1e3ee08d9819e323ad1b6dd42c2e8733d537b177a17999,PROSECUTION_AUDIT_NODE
3,148,7d43d6cad5420e1b7fe02d1a,REQ-000148,4a6f4499b75e822809bad3dc867f2eda4955f9f289b5b6d60b995a2bac5934d9,257d5a69b007c1554107864deeeef78df8f860e1d141c3b246136635d34796ce,10172cbf8c635a521e1e3ee08d9819e323ad1b6dd42c2e8733d537b177a17999,PROSECUTION_AUDIT_NODE
3,149,f5fe89189ee46193527233db,REQ-000149,7b7d1a875599cf23d5ac7a53b57897497e072e577a320143ff20f8cd71783540,257d5a69b007c1554107864deeeef78df8f860e1d141c3b246136635d34796ce,10172cbf8c635a521e1e3ee08d9819e323ad1b6dd42c2e8733d537b177a17999,PROSECUTION_AUDIT_NODE
3,150,7b0a38a153203c06728f3e00,REQ-000150,877f195c1ddfc55d4b9422f32a0c309ea4e276a9c565ac49f74c89b26be98252,257d5a69b007c1554107864deeeef78df8f860e1d141c3b246136635d34796ce,10172cbf8c635a521e1e3ee08d9819e323ad1b6dd42c2e8733d537b177a17999,PROSECUTION_AUDIT_NODE
4,151,08a877ec3c6cec09a2bd8cfd,REQ-000151,637df55e4fddbd4aaa17557e4c05ae41ade7f58dc1e83d6d3dfb5247e5837ebe,4c383bc047f1459dc3786f564b14298a4107df3131dd97b76f53f9d738a1f96f,faab9f85e0c35ba05422d8bc977e6aa9c932d2c85e61840c8fdda876ffa3c938,COURT_ICJS_AUDIT_NODE
4,152,1f6f3280ccb4bb7d5c7eee5f,REQ-000152,45aa4f1ee606d1638e814c28113ab933beff0fbd52018717ded36edc2a558154,4c383bc047f1459dc3786f564b14298a4107df3131dd97b76f53f9d738a1f96f,faab9f85e0c35ba05422d8bc977e6aa9c932d2c85e61840c8fdda876ffa3c938,COURT_ICJS_AUDIT_NODE
4,153,13a56c11d2c3f0e943e3d3d4,REQ-000153,2b3b7e0dd185a2d310af9cb4ce02743bc9870fd192ff290a3768b28284f017a1,4c383bc047f1459dc3786f564b14298a4107df3131dd97b76f53f9d738a1f96f,faab9f85e0c35ba05422d8bc977e6aa9c932d2c85e61840c8fdda876ffa3c938,COURT_ICJS_AUDIT_NODE
4,154,7549829e7afc91691c7bc8de,REQ-000154,ece5544f56203c278fe3558f47bfb6ce387185665a749e7f56e78856b7f142a4,4c383bc047f1459dc3786f564b14298a4107df3131dd97b76f53f9d738a1f96f,faab9f85e0c35ba05422d8bc977e6aa9c932d2c85e61840c8fdda876ffa3c938,COURT_ICJS_AUDIT_NODE
4,155,a3197e80aab1350e1137a27f,REQ-000155,347d61aab7ff9fae95203c7ddf95e1a4b5d4eeb589a13ded512f0a64af440616,4c383bc047f1459dc3786f564b14298a4107df3131dd97b76f53f9d738a1f96f,faab9f85e0c35ba05422d8bc977e6aa9c932d2c85e61840c8fdda876ffa3c938,COURT_ICJS_AUDIT_NODE
4,156,3bc0f5ab719db483bcbcafbd,REQ-000156,836971cce81a7260799341a295c1c50ffd072719d6507dd3669b451dd71ef667,4c383bc047f1459dc3786f564b14298a4107df3131dd97b76f53f9d738a1f96f,faab9f85e0c35ba05422d8bc977e6aa9c932d2c85e61840c8fdda876ffa3c938,COURT_ICJS_AUDIT_NODE
4,157,11e1cd1b35a82fcfec69e476,REQ-000157,7c99ca06b1a845cecda912190716c3b7ab2777d9bae884fcfb4919ce7f93559a,4c383bc047f1459dc3786f564b14298a4107df3131dd97b76f53f9d738a1f96f,faab9f85e0c35ba05422d8bc977e6aa9c932d2c85e61840c8fdda876ffa3c938,COURT_ICJS_AUDIT_NODE
4,158,79f7af82092b0e364750045e,REQ-000158,a74bbe22ffd75fabe26c56714cdc68d0df9fbb2e1c87b090eaf09d3280c06303,4c383bc047f1459dc3786f564b14298a4107df3131dd97b76f53f9d738a1f96f,faab9f85e0c35ba05422d8bc977e6aa9c932d2c85e61840c8fdda876ffa3c938,COURT_ICJS_AUDIT_NODE
4,159,3e6d4db64b3444f52d39b526,REQ-000159,66d47c1314f9a22bff5e7e94b0f6ce87ac6f09d7da4f50d3446915f577849aef,4c383bc047f1459dc3786f564b14298a4107df3131dd97b76f53f9d738a1f96f,faab9f85e0c35ba05422d8bc977e6aa9c932d2c85e61840c8fdda876ffa3c938,COURT_ICJS_AUDIT_NODE
4,160,5f10cdffdbb06d2f0d91d01e,REQ-000160,edf215f31803b90d8c542c0daac87873a7bd8abaef3b1620828684ac9a3aba82,4c383bc047f1459dc3786f564b14298a4107df3131dd97b76f53f9d738a1f96f,faab9f85e0c35ba05422d8bc977e6aa9c932d2c85e61840c8fdda876ffa3c938,COURT_ICJS_AUDIT_NODE
4,161,ae4c517a67d1d0c37d4430ff,REQ-000161,c4062f8cdc61ddbe8b9c743bf12b79a4c87f66082549679dfecd71564a01c35b,4c383bc047f1459dc3786f564b14298a4107df3131dd97b76f53f9d738a1f96f,faab9f85e0c35ba05422d8bc977e6aa9c932d2c85e61840c8fdda876ffa3c938,COURT_ICJS_AUDIT_NODE
4,162,7afc2779f31840ae0130988c,REQ-000162,f1498a1b540bd3d33c7b742e35572bc403cac2059ffc27cc40c0c3a6269efa0d,4c383bc047f1459dc3786f564b14298a4107df3131dd97b76f53f9d738a1f96f,faab9f85e0c35ba05422d8bc977e6aa9c932d2c85e61840c8fdda876ffa3c938,COURT_ICJS_AUDIT_NODE
4,163,6a03d20c821015286d1362ae,REQ-000163,45957150127d4ddede735536d91da9152cc4f416fb3cf0a7390acb63f61a86c4,4c383bc047f1459dc3786f564b14298a4107df3131dd97b76f53f9d738a1f96f,faab9f85e0c35ba05422d8bc977e6aa9c932d2c85e61840c8fdda876ffa3c938,COURT_ICJS_AUDIT_NODE
4,164,648606ad9107dcbf6b5c2d9d,REQ-000164,4f577d20c990d765bc2f1bba0f5f409245af2e139dca041ae2addc3388fd8781,4c383bc047f1459dc3786f564b14298a4107df3131dd97b76f53f9d738a1f96f,faab9f85e0c35ba05422d8bc977e6aa9c932d2c85e61840c8fdda876ffa3c938,COURT_ICJS_AUDIT_NODE
4,165,0dc0f61e57b0d1613f2735a3,REQ-000165,ea2401a6bf33d9349537806a18e27bea8a768eb50708da9c4b55bddc020f7fda,4c383bc047f1459dc3786f564b14298a4107df3131dd97b76f53f9d738a1f96f,faab9f85e0c35ba05422d8bc977e6aa9c932d2c85e61840c8fdda876ffa3c938,COURT_ICJS_AUDIT_NODE
4,166,6f2ca69dc727e3364985f8f2,REQ-000166,7145b5dfa4955a4e0930f3bed679e685804b2f5df03007546250d9487f5352e5,4c383bc047f1459dc3786f564b14298a4107df3131dd97b76f53f9d738a1f96f,faab9f85e0c35ba05422d8bc977e6aa9c932d2c85e61840c8fdda876ffa3c938,COURT_ICJS_AUDIT_NODE
4,167,2a2d27433e3bc9e17a011c54,REQ-000167,d43e946e7dde534992b84349cc5f9bae08e7709b2c860764750314b59f4c0dc7,4c383bc047f1459dc3786f564b14298a4107df3131dd97b76f53f9d738a1f96f,faab9f85e0c35ba05422d8bc977e6aa9c932d2c85e61840c8fdda876ffa3c938,COURT_ICJS_AUDIT_NODE
4,168,e6481569087ef2ca8109af4a,REQ-000168,d41212fa09c0774c154b91aa8aa9b2f0bc997f7240f2a1039bd45c89962e0051,4c383bc047f1459dc3786f564b14298a4107df3131dd97b76f53f9d738a1f96f,faab9f85e0c35ba05422d8bc977e6aa9c932d2c85e61840c8fdda876ffa3c938,COURT_ICJS_AUDIT_NODE
4,169,1e18497897ec6aaed943f655,REQ-000169,cd972feb275123832e40fe1e9935a603fad008bbef4951d26f8df68280a8b7ae,4c383bc047f1459dc3786f564b14298a4107df3131dd97b76f53f9d738a1f96f,faab9f85e0c35ba05422d8bc977e6aa9c932d2c85e61840c8fdda876ffa3c938,COURT_ICJS_AUDIT_NODE
4,170,9882c3742c21e998ebf05471,REQ-000170,beb551609f6363bc5abd02ce0387f65ab1c920ce92c3f98db7e6bb1bfd9fa09a,4c383bc047f1459dc3786f564b14298a4107df3131dd97b76f53f9d738a1f96f,faab9f85e0c35ba05422d8bc977e6aa9c932d2c85e61840c8fdda876ffa3c938,COURT_ICJS_AUDIT_NODE
4,171,7c2478aed708348aaa788157,REQ-000171,d11655d1dd6ae17c39883730ca27ab841122f126cf9b1764611c92e595c6bd93,4c383bc047f1459dc3786f564b14298a4107df3131dd97b76f53f9d738a1f96f,faab9f85e0c35ba05422d8bc977e6aa9c932d2c85e61840c8fdda876ffa3c938,COURT_ICJS_AUDIT_NODE
4,172,68d9823cf290312535e53123,REQ-000172,2707e26c3cef301f8598b02a7fa04a0d88327827a6672295ed9180822c88a193,4c383bc047f1459dc3786f564b14298a4107df3131dd97b76f53f9d738a1f96f,faab9f85e0c35ba05422d8bc977e6aa9c932d2c85e61840c8fdda876ffa3c938,COURT_ICJS_AUDIT_NODE
4,173,bb15369db52e16c00a35bf1e,REQ-000173,0d8443f2798c8568f85585d333633019fad4d55409fb9eb4515a618d4a4a5f60,4c383bc047f1459dc3786f564b14298a4107df3131dd97b76f53f9d738a1f96f,faab9f85e0c35ba05422d8bc977e6aa9c932d2c85e61840c8fdda876ffa3c938,COURT_ICJS_AUDIT_NODE
4,174,e62dc3ce2165f78a420f0595,REQ-000174,2b6a5beeeb361dca48d16da4a025a76d784093f908206391c7371a60581fb4f2,4c383bc047f1459dc3786f564b14298a4107df3131dd97b76f53f9d738a1f96f,faab9f85e0c35ba05422d8bc977e6aa9c932d2c85e61840c8fdda876ffa3c938,COURT_ICJS_AUDIT_NODE
4,175,c1e6d5d3ac4c0dfe291c1a76,REQ-000175,04580b7456995e101e78b198d3221026b117a47ee27d7486d99ba38b09af8a03,4c383bc047f1459dc3786f564b14298a4107df3131dd97b76f53f9d738a1f96f,faab9f85e0c35ba05422d8bc977e6aa9c932d2c85e61840c8fdda876ffa3c938,COURT_ICJS_AUDIT_NODE
4,176,038e68794388112a3b5d46aa,REQ-000176,dad2dfc2d9b6e0633541fe095e674d8224beff484c7e1f93d947442091a0e248,4c383bc047f1459dc3786f564b14298a4107df3131dd97b76f53f9d738a1f96f,faab9f85e0c35ba05422d8bc977e6aa9c932d2c85e61840c8fdda876ffa3c938,COURT_ICJS_AUDIT_NODE
4,177,383361dd744cb1573f6d75cd,REQ-000177,3f8f640944e33327b1cd657778ae8636e5a4c930b7271d88cc10a0a5e39acff2,4c383bc047f1459dc3786f564b14298a4107df3131dd97b76f53f9d738a1f96f,faab9f85e0c35ba05422d8bc977e6aa9c932d2c85e61840c8fdda876ffa3c938,COURT_ICJS_AUDIT_NODE
4,178,d59bd212d99dc6e4fc1c7db7,REQ-000178,e6c5241a7a66fb4d2647934d08c3091bdd2fad02537185d19e3cdd5b1888c49e,4c383bc047f1459dc3786f564b14298a4107df3131dd97b76f53f9d738a1f96f,faab9f85e0c35ba05422d8bc977e6aa9c932d2c85e61840c8fdda876ffa3c938,COURT_ICJS_AUDIT_NODE
4,179,85371a1efd316f2e11f78e72,REQ-000179,001d8cdd0c5916d5dce96cd22484745f0b97381cfde03f910a4716f3fd89e61d,4c383bc047f1459dc3786f564b14298a4107df3131dd97b76f53f9d738a1f96f,faab9f85e0c35ba05422d8bc977e6aa9c932d2c85e61840c8fdda876ffa3c938,COURT_ICJS_AUDIT_NODE
4,180,9403dc056036c6af0b80bfe8,REQ-000180,1d41f27928c67f8d36a7680bd623e504266538bf1e93e60f2bd85250a17f1e46,4c383bc047f1459dc3786f564b14298a4107df3131dd97b76f53f9d738a1f96f,faab9f85e0c35ba05422d8bc977e6aa9c932d2c85e61840c8fdda876ffa3c938,COURT_ICJS_AUDIT_NODE
4,181,9fa7ddda1c9c24aacddb5013,REQ-000181,4e192f2ddefeb29239bb4d61d06320fabb112e3bca90f624627024d078158097,4c383bc047f1459dc3786f564b14298a4107df3131dd97b76f53f9d738a1f96f,faab9f85e0c35ba05422d8bc977e6aa9c932d2c85e61840c8fdda876ffa3c938,COURT_ICJS_AUDIT_NODE
4,182,a8f6155a5a954279d3ed81da,REQ-000182,bff7629bb1024463f2394a868fd918262557f60160ac85cfd39f5abc3c664c49,4c383bc047f1459dc3786f564b14298a4107df3131dd97b76f53f9d738a1f96f,faab9f85e0c35ba05422d8bc977e6aa9c932d2c85e61840c8fdda876ffa3c938,COURT_ICJS_AUDIT_NODE
4,183,5e4247024cb60451ebd1b05b,REQ-000183,5aa3bfb759c577752ad170caba1e60fff63692d7cbd53a6bd1a838c505645d8b,4c383bc047f1459dc3786f564b14298a4107df3131dd97b76f53f9d738a1f96f,faab9f85e0c35ba05422d8bc977e6aa9c932d2c85e61840c8fdda876ffa3c938,COURT_ICJS_AUDIT_NODE
4,184,a5d7a029d3464996555d36d9,REQ-000184,95870e31233a71a5e1876267129394c207dcf67bc71d8a84a6859c58490246b4,4c383bc047f1459dc3786f564b14298a4107df3131dd97b76f53f9d738a1f96f,faab9f85e0c35ba05422d8bc977e6aa9c932d2c85e61840c8fdda876ffa3c938,COURT_ICJS_AUDIT_NODE
4,185,1ee2c3a08178afb18cd9fad9,REQ-000185,7b4958caabd0442b3fdd2f5a945b18489b74fe9f9fcb96858a503feaa427495a,4c383bc047f1459dc3786f564b14298a4107df3131dd97b76f53f9d738a1f96f,faab9f85e0c35ba05422d8bc977e6aa9c932d2c85e61840c8fdda876ffa3c938,COURT_ICJS_AUDIT_NODE
4,186,fcb6e982e47b026009a2a698,REQ-000186,edbcb3d4dc7939672033a01275f07072ea982677a4b6ae8ff21045dbcdc03538,4c383bc047f1459dc3786f564b14298a4107df3131dd97b76f53f9d738a1f96f,faab9f85e0c35ba05422d8bc977e6aa9c932d2c85e61840c8fdda876ffa3c938,COURT_ICJS_AUDIT_NODE
4,187,65c28b88a9bfe06de3348716,REQ-000187,53f5cf9de2d89262c0123dd4b78f389248af92d0876ebb54f669e703d1b29431,4c383bc047f1459dc3786f564b14298a4107df3131dd97b76f53f9d738a1f96f,faab9f85e0c35ba05422d8bc977e6aa9c932d2c85e61840c8fdda876ffa3c938,COURT_ICJS_AUDIT_NODE
4,188,407b338912c5e93cd823d0f1,REQ-000188,c468430e4b9890e57e21b944aee3d3e9b3796b2cb5b4868372025ddc7254436f,4c383bc047f1459dc3786f564b14298a4107df3131dd97b76f53f9d738a1f96f,faab9f85e0c35ba05422d8bc977e6aa9c932d2c85e61840c8fdda876ffa3c938,COURT_ICJS_AUDIT_NODE
4,189,fe2305d2d5133a94a48934b3,REQ-000189,dd841076baf783dddca4f7aa7a5a34d73634e71a3a91d6519a4fb62619ecdb79,4c383bc047f1459dc3786f564b14298a4107df3131dd97b76f53f9d738a1f96f,faab9f85e0c35ba05422d8bc977e6aa9c932d2c85e61840c8fdda876ffa3c938,COURT_ICJS_AUDIT_NODE
4,190,a216384443c1f0a45b66ddb8,REQ-000190,b97c4933045cd70817d6b192d47685ac44cd69ea8b00abbcdcdd6f5981f4a743,4c383bc047f1459dc3786f564b14298a4107df3131dd97b76f53f9d738a1f96f,faab9f85e0c35ba05422d8bc977e6aa9c932d2c85e61840c8fdda876ffa3c938,COURT_ICJS_AUDIT_NODE
4,191,f46265824e9e5aaebf6ba83f,REQ-000191,39c46c0fc5e89ca293289a556cc2020bafc1ac837db12faf3d41951d15036d41,4c383bc047f1459dc3786f564b14298a4107df3131dd97b76f53f9d738a1f96f,faab9f85e0c35ba05422d8bc977e6aa9c932d2c85e61840c8fdda876ffa3c938,COURT_ICJS_AUDIT_NODE
4,192,9d80942745fa9091e3f05172,REQ-000192,a0e261798c3138fcf3601cc9cb1bcbbdd191383a2de452272c17709aaf02a715,4c383bc047f1459dc3786f564b14298a4107df3131dd97b76f53f9d738a1f96f,faab9f85e0c35ba05422d8bc977e6aa9c932d2c85e61840c8fdda876ffa3c938,COURT_ICJS_AUDIT_NODE
4,193,ce59b5462cadb92dcbd1a9bf,REQ-000193,223650d8f5e6f0a6e02b11d2f355066aced471cf7f31fef68bb16e4749af52a0,4c383bc047f1459dc3786f564b14298a4107df3131dd97b76f53f9d738a1f96f,faab9f85e0c35ba05422d8bc977e6aa9c932d2c85e61840c8fdda876ffa3c938,COURT_ICJS_AUDIT_NODE
4,194,2bfca370ed4c428871ce57b0,REQ-000194,ed9bfada7552d4643b6ac2a9f461e82ad6db14fd502f35593c67ec6c8995185e,4c383bc047f1459dc3786f564b14298a4107df3131dd97b76f53f9d738a1f96f,faab9f85e0c35ba05422d8bc977e6aa9c932d2c85e61840c8fdda876ffa3c938,COURT_ICJS_AUDIT_NODE
4,195,ae1c05f895c347044c33b593,REQ-000195,6f6c2d1b6e24fa850a13e1bb2223062d51adaec5123d81719142f114ae5cbd20,4c383bc047f1459dc3786f564b14298a4107df3131dd97b76f53f9d738a1f96f,faab9f85e0c35ba05422d8bc977e6aa9c932d2c85e61840c8fdda876ffa3c938,COURT_ICJS_AUDIT_NODE
4,196,a6ea0be1fdaf13e9e0b3e1db,REQ-000196,e602805a0796d50f4daef93704e818a3cca1baf5d62093ec2728ad4e88147fdd,4c383bc047f1459dc3786f564b14298a4107df3131dd97b76f53f9d738a1f96f,faab9f85e0c35ba05422d8bc977e6aa9c932d2c85e61840c8fdda876ffa3c938,COURT_ICJS_AUDIT_NODE
4,197,8d0766547861e56689bd5f3c,REQ-000197,df52f55ecf60495994998328cb04796c160efda6cc2ef23850e925bd8a935a9f,4c383bc047f1459dc3786f564b14298a4107df3131dd97b76f53f9d738a1f96f,faab9f85e0c35ba05422d8bc977e6aa9c932d2c85e61840c8fdda876ffa3c938,COURT_ICJS_AUDIT_NODE
4,198,46dbf309d69138b791c292cf,REQ-000198,aba964c08ce26f29ddd72526b39467dcf9c172fb7af1e51d2aac318acad9b8fa,4c383bc047f1459dc3786f564b14298a4107df3131dd97b76f53f9d738a1f96f,faab9f85e0c35ba05422d8bc977e6aa9c932d2c85e61840c8fdda876ffa3c938,COURT_ICJS_AUDIT_NODE
4,199,aa18f30e56b887c8c6823372,REQ-000199,8b31ce03be98ee2dd25d4ff60ea88a545d64a7f568cd475281218eacba556f51,4c383bc047f1459dc3786f564b14298a4107df3131dd97b76f53f9d738a1f96f,faab9f85e0c35ba05422d8bc977e6aa9c932d2c85e61840c8fdda876ffa3c938,COURT_ICJS_AUDIT_NODE
4,200,f5b11c8b7c17712b5f74e4a3,REQ-000200,f1d1c2a9f075e343cfdf967dc8a814181348fabc965908dda3e20f730091257c,4c383bc047f1459dc3786f564b14298a4107df3131dd97b76f53f9d738a1f96f,faab9f85e0c35ba05422d8bc977e6aa9c932d2c85e61840c8fdda876ffa3c938,COURT_ICJS_AUDIT_NODE
5,201,9b095e2321dac637691dfdf4,REQ-000201,e698e0a299a3b9479a8f6185929148df8d8dbd863c9889f51dcfd9d31517b670,0fd38bc5d535c754e61c25fff768ede8bc3273da93957ff701a1932f84840fb8,a1f7e5ae250677d7d72dee5c01bb5fe98a040e03fa37e521949f3906dff379c3,POLICE_AUDIT_NODE
5,202,77af8063881085e7ed1666f8,REQ-000202,c69f4458b50438fd466e68d69059987059356f6a75e852fe6a4009f876e40e1c,0fd38bc5d535c754e61c25fff768ede8bc3273da93957ff701a1932f84840fb8,a1f7e5ae250677d7d72dee5c01bb5fe98a040e03fa37e521949f3906dff379c3,POLICE_AUDIT_NODE
5,203,03b26ca3ec674260403508c3,REQ-000203,e68b3ca95de80a866b8d5b8feed733e5912fb13dd7c898babf5268ea3b5d1e2a,0fd38bc5d535c754e61c25fff768ede8bc3273da93957ff701a1932f84840fb8,a1f7e5ae250677d7d72dee5c01bb5fe98a040e03fa37e521949f3906dff379c3,POLICE_AUDIT_NODE
5,204,aef5d3e75d51ee4b4f6c8762,REQ-000204,e55bb412e45ee1a968f4f45b44e2a373501437a0fb4ff02c3cb96d70592339da,0fd38bc5d535c754e61c25fff768ede8bc3273da93957ff701a1932f84840fb8,a1f7e5ae250677d7d72dee5c01bb5fe98a040e03fa37e521949f3906dff379c3,POLICE_AUDIT_NODE
5,205,02aabd9f3a686730e57f8e13,REQ-000205,bf8f2ea8b0fcce4d3dc1201441a131a2a597bdc09e23d4b211515142b57f7318,0fd38bc5d535c754e61c25fff768ede8bc3273da93957ff701a1932f84840fb8,a1f7e5ae250677d7d72dee5c01bb5fe98a040e03fa37e521949f3906dff379c3,POLICE_AUDIT_NODE
5,206,b4c9a0e4ca69f23cdeee03f5,REQ-000206,a456e59c75a2815c0a321ec10bdc0d03addcea138916531e3f4dd600a75be3ad,0fd38bc5d535c754e61c25fff768ede8bc3273da93957ff701a1932f84840fb8,a1f7e5ae250677d7d72dee5c01bb5fe98a040e03fa37e521949f3906dff379c3,POLICE_AUDIT_NODE
5,207,958c36fa733e9eb784a7fd85,REQ-000207,52b80132514d98a5d57d50e4236668d712052d6d9819273e88292f1f07b9121f,0fd38bc5d535c754e61c25fff768ede8bc3273da93957ff701a1932f84840fb8,a1f7e5ae250677d7d72dee5c01bb5fe98a040e03fa37e521949f3906dff379c3,POLICE_AUDIT_NODE
5,208,0148a0c5cad853cfa3d9b000,REQ-000208,be0f0255cc6e3fc69db55876663be9b3afef96063032db11bc6294107e6cec0b,0fd38bc5d535c754e61c25fff768ede8bc3273da93957ff701a1932f84840fb8,a1f7e5ae250677d7d72dee5c01bb5fe98a040e03fa37e521949f3906dff379c3,POLICE_AUDIT_NODE
5,209,52d6426033ec94f0c367343c,REQ-000209,555beddc07535c2de19df0c74e7d1649e05267d3d3a2f28a2a89770cdfb14143,0fd38bc5d535c754e61c25fff768ede8bc3273da93957ff701a1932f84840fb8,a1f7e5ae250677d7d72dee5c01bb5fe98a040e03fa37e521949f3906dff379c3,POLICE_AUDIT_NODE
5,210,cb8cf6882735b7778adeed14,REQ-000210,4b085f8979e590fd2ba1190a58742c8535be6b465d302d9168fbe4e6e6092bf5,0fd38bc5d535c754e61c25fff768ede8bc3273da93957ff701a1932f84840fb8,a1f7e5ae250677d7d72dee5c01bb5fe98a040e03fa37e521949f3906dff379c3,POLICE_AUDIT_NODE
5,211,eb9d6394f79606497d9f3108,REQ-000211,f7f60c80909ef4956963cecdb2f4f4467bc5e471710326462db011594873eb14,0fd38bc5d535c754e61c25fff768ede8bc3273da93957ff701a1932f84840fb8,a1f7e5ae250677d7d72dee5c01bb5fe98a040e03fa37e521949f3906dff379c3,POLICE_AUDIT_NODE
5,212,4e55b1e744812852f99ceb8a,REQ-000212,4c83262c0210e6a08631a5fc11dbec9d4f43538ad32c1158535a63ba1ed41af5,0fd38bc5d535c754e61c25fff768ede8bc3273da93957ff701a1932f84840fb8,a1f7e5ae250677d7d72dee5c01bb5fe98a040e03fa37e521949f3906dff379c3,POLICE_AUDIT_NODE
5,213,4129767a47e8b429e7940e6f,REQ-000213,13334821727be918d77ec7e3dda34cfe6fdd9f27a0d561ab542d4f1eb7093ba2,0fd38bc5d535c754e61c25fff768ede8bc3273da93957ff701a1932f84840fb8,a1f7e5ae250677d7d72dee5c01bb5fe98a040e03fa37e521949f3906dff379c3,POLICE_AUDIT_NODE
5,214,4f7052f0787892db1f20dc0f,REQ-000214,0063ab06072c23c5a2c2c73125491c2615bc6920c6bfe33e85ae4ad9e2a02570,0fd38bc5d535c754e61c25fff768ede8bc3273da93957ff701a1932f84840fb8,a1f7e5ae250677d7d72dee5c01bb5fe98a040e03fa37e521949f3906dff379c3,POLICE_AUDIT_NODE
5,215,7c67a931e42e4bd604d977b5,REQ-000215,1065bc6750e9208fa9a0365bd81eb4f7d12f36f890d8c7032bb74203cffeb02f,0fd38bc5d535c754e61c25fff768ede8bc3273da93957ff701a1932f84840fb8,a1f7e5ae250677d7d72dee5c01bb5fe98a040e03fa37e521949f3906dff379c3,POLICE_AUDIT_NODE
5,216,19f7f0c39512e6f0a6f566bd,REQ-000216,b558b929ac8532dfc62038dae14c34a78c6c87ac32c6ec8b035aa49ba8c08830,0fd38bc5d535c754e61c25fff768ede8bc3273da93957ff701a1932f84840fb8,a1f7e5ae250677d7d72dee5c01bb5fe98a040e03fa37e521949f3906dff379c3,POLICE_AUDIT_NODE
5,217,6204b392e94a2da6444fce77,REQ-000217,002737a377a1c64b8e7e6cb24d353135ba0f11c22b65d1145275ad8b7102b9db,0fd38bc5d535c754e61c25fff768ede8bc3273da93957ff701a1932f84840fb8,a1f7e5ae250677d7d72dee5c01bb5fe98a040e03fa37e521949f3906dff379c3,POLICE_AUDIT_NODE
5,218,4fb90efb8e95b6634cbf5bf6,REQ-000218,41d0775bb2a3c84c90e7a69f02d63af3cb1031d4ecf1f7191c2331b5a293abd6,0fd38bc5d535c754e61c25fff768ede8bc3273da93957ff701a1932f84840fb8,a1f7e5ae250677d7d72dee5c01bb5fe98a040e03fa37e521949f3906dff379c3,POLICE_AUDIT_NODE
5,219,72aa0d2f7066ed906275b73f,REQ-000219,8f7c61b2af3901edbdbfed2045e323844d4336265939c2251388258271dccc71,0fd38bc5d535c754e61c25fff768ede8bc3273da93957ff701a1932f84840fb8,a1f7e5ae250677d7d72dee5c01bb5fe98a040e03fa37e521949f3906dff379c3,POLICE_AUDIT_NODE
5,220,85d60fe6d7b64f07842d23b8,REQ-000220,5c81fd3c55b33ba773a54a264271e2eb7cbb39096862d3e7c74c8fdc6cc2a6c7,0fd38bc5d535c754e61c25fff768ede8bc3273da93957ff701a1932f84840fb8,a1f7e5ae250677d7d72dee5c01bb5fe98a040e03fa37e521949f3906dff379c3,POLICE_AUDIT_NODE
5,221,ffb7f9f6dab26de1d39dd7f9,REQ-000221,35c023414c57f38adbcfc62a2d6f9d8025bbb564bda2632e8099330e879f7cc3,0fd38bc5d535c754e61c25fff768ede8bc3273da93957ff701a1932f84840fb8,a1f7e5ae250677d7d72dee5c01bb5fe98a040e03fa37e521949f3906dff379c3,POLICE_AUDIT_NODE
5,222,62be09aed5a86b0ca85f0461,REQ-000222,021d925b18a64aa010bdd82600f86c39f7df9091c90e3a3526331aee75180e12,0fd38bc5d535c754e61c25fff768ede8bc3273da93957ff701a1932f84840fb8,a1f7e5ae250677d7d72dee5c01bb5fe98a040e03fa37e521949f3906dff379c3,POLICE_AUDIT_NODE
5,223,1a4b3cbcdb5e8f40ff0acda2,REQ-000223,f4058cc41dcce2b7142f35e1b3e91ad95ec863ba3ccbf417ae0dcc027163e933,0fd38bc5d535c754e61c25fff768ede8bc3273da93957ff701a1932f84840fb8,a1f7e5ae250677d7d72dee5c01bb5fe98a040e03fa37e521949f3906dff379c3,POLICE_AUDIT_NODE
5,224,d97c2315e5c64a6443ef98c4,REQ-000224,c4aa1f81e8a5d8bcbc5a3067ad5739cff6ff1c94130c2dd9a25b7a211b9b518d,0fd38bc5d535c754e61c25fff768ede8bc3273da93957ff701a1932f84840fb8,a1f7e5ae250677d7d72dee5c01bb5fe98a040e03fa37e521949f3906dff379c3,POLICE_AUDIT_NODE
5,225,3d9a1c15f3ad572c597f57fb,REQ-000225,3d6fda70a49a41931c9b48650be1ae7468e6313c06404b0baebfdd573c6a55b9,0fd38bc5d535c754e61c25fff768ede8bc3273da93957ff701a1932f84840fb8,a1f7e5ae250677d7d72dee5c01bb5fe98a040e03fa37e521949f3906dff379c3,POLICE_AUDIT_NODE
5,226,5e5c90c4d7c896876ed15959,REQ-000226,2a319afbe1b9cc5948fadfe1481857b697b12d6c1c45730e79e6fe0a18854217,0fd38bc5d535c754e61c25fff768ede8bc3273da93957ff701a1932f84840fb8,a1f7e5ae250677d7d72dee5c01bb5fe98a040e03fa37e521949f3906dff379c3,POLICE_AUDIT_NODE
5,227,7097e624b850aa8ed42f93a9,REQ-000227,680c34a913a347b02716c437c0625c713ec24cd65590998183625c125eda766b,0fd38bc5d535c754e61c25fff768ede8bc3273da93957ff701a1932f84840fb8,a1f7e5ae250677d7d72dee5c01bb5fe98a040e03fa37e521949f3906dff379c3,POLICE_AUDIT_NODE
5,228,5c7b3173f3998e59ecc563cd,REQ-000228,a9592d980782078bc64c51fc60dac8c01474473ff7d7caf0c6e20d29300f6c98,0fd38bc5d535c754e61c25fff768ede8bc3273da93957ff701a1932f84840fb8,a1f7e5ae250677d7d72dee5c01bb5fe98a040e03fa37e521949f3906dff379c3,POLICE_AUDIT_NODE
5,229,5efa49353c84c77c8852c1e2,REQ-000229,d1626b8428a83b1e4012226dfdfdbc72bf2e7f44be8b308075560533595c4ee3,0fd38bc5d535c754e61c25fff768ede8bc3273da93957ff701a1932f84840fb8,a1f7e5ae250677d7d72dee5c01bb5fe98a040e03fa37e521949f3906dff379c3,POLICE_AUDIT_NODE
5,230,b76ab9a6cb7357f15651bfad,REQ-000230,77431fc036f4766b9684d10c4b3c95766bd3950460d1bf461ccd4e534be34a54,0fd38bc5d535c754e61c25fff768ede8bc3273da93957ff701a1932f84840fb8,a1f7e5ae250677d7d72dee5c01bb5fe98a040e03fa37e521949f3906dff379c3,POLICE_AUDIT_NODE
5,231,9d863141aace0c024cb866ff,REQ-000231,2546106999ee525a9b65e37aec3c3b691533b24dc6e05fa1f27defe8b7f2bda2,0fd38bc5d535c754e61c25fff768ede8bc3273da93957ff701a1932f84840fb8,a1f7e5ae250677d7d72dee5c01bb5fe98a040e03fa37e521949f3906dff379c3,POLICE_AUDIT_NODE
5,232,5d0837047edc6b1b28c48f6d,REQ-000232,0f9075ee8c90a53c3513106ccc7d5e6f0e1791556d3010880c5d05e0a8116fe2,0fd38bc5d535c754e61c25fff768ede8bc3273da93957ff701a1932f84840fb8,a1f7e5ae250677d7d72dee5c01bb5fe98a040e03fa37e521949f3906dff379c3,POLICE_AUDIT_NODE
5,233,32d983ab14d69f898f57aa76,REQ-000233,c3cf9b7e4fb54fdf28988dd21c8978059764dd2d2748378cefc59c78c40042f0,0fd38bc5d535c754e61c25fff768ede8bc3273da93957ff701a1932f84840fb8,a1f7e5ae250677d7d72dee5c01bb5fe98a040e03fa37e521949f3906dff379c3,POLICE_AUDIT_NODE
5,234,7061799c19c1dc8f0e302477,REQ-000234,58e7a24a659aca91497e539e175a1e722954dd233ff8806bf95c198945ce2eb6,0fd38bc5d535c754e61c25fff768ede8bc3273da93957ff701a1932f84840fb8,a1f7e5ae250677d7d72dee5c01bb5fe98a040e03fa37e521949f3906dff379c3,POLICE_AUDIT_NODE
5,235,aedcf7f3d71ff4f07bdefc8b,REQ-000235,b902473314e5732d8897acfb59c8c2aa8349725d2030c28ab173e72672107835,0fd38bc5d535c754e61c25fff768ede8bc3273da93957ff701a1932f84840fb8,a1f7e5ae250677d7d72dee5c01bb5fe98a040e03fa37e521949f3906dff379c3,POLICE_AUDIT_NODE
5,236,ce6f0c46fa7ce6f031da539e,REQ-000236,361b7378902c517fc359f85cd75099a2aac13fa44ed629e491815924e6f855b3,0fd38bc5d535c754e61c25fff768ede8bc3273da93957ff701a1932f84840fb8,a1f7e5ae250677d7d72dee5c01bb5fe98a040e03fa37e521949f3906dff379c3,POLICE_AUDIT_NODE
5,237,36911bfb85e8cf665b3f3bf2,REQ-000237,14d2faab732227a779e30a908978834e3789f3842cedb6f80958c339c7c3a9ac,0fd38bc5d535c754e61c25fff768ede8bc3273da93957ff701a1932f84840fb8,a1f7e5ae250677d7d72dee5c01bb5fe98a040e03fa37e521949f3906dff379c3,POLICE_AUDIT_NODE
5,238,96bd776dbc93b1fbc7b015e8,REQ-000238,94a1e9c806aae4c579c8a26bfb254ec451ed8cc5d61b08ab8ddd0b80db61329d,0fd38bc5d535c754e61c25fff768ede8bc3273da93957ff701a1932f84840fb8,a1f7e5ae250677d7d72dee5c01bb5fe98a040e03fa37e521949f3906dff379c3,POLICE_AUDIT_NODE
5,239,4ce5b2ca118904b16705d65e,REQ-000239,a3c7de7e1cf34bf1e75d7f4ae9c395856f171357e0ff37489100bc102fd2f7df,0fd38bc5d535c754e61c25fff768ede8bc3273da93957ff701a1932f84840fb8,a1f7e5ae250677d7d72dee5c01bb5fe98a040e03fa37e521949f3906dff379c3,POLICE_AUDIT_NODE
5,240,1704f3166d161975a1a13a53,REQ-000240,fa0a39249ad7d7d1f1d4ae55bf77d5d3b4b559e24035566f13a71243d14e261d,0fd38bc5d535c754e61c25fff768ede8bc3273da93957ff701a1932f84840fb8,a1f7e5ae250677d7d72dee5c01bb5fe98a040e03fa37e521949f3906dff379c3,POLICE_AUDIT_NODE
5,241,67d578f6aeefe8b38a9b9c2a,REQ-000241,78f33d169549bc228383ef59efb0126c6f25ad1018a311d8dba70f5ce7d83c73,0fd38bc5d535c754e61c25fff768ede8bc3273da93957ff701a1932f84840fb8,a1f7e5ae250677d7d72dee5c01bb5fe98a040e03fa37e521949f3906dff379c3,POLICE_AUDIT_NODE
5,242,d4b369e9e6f21a9e599a66d3,REQ-000242,3a71946f9a8e2089270116441f7a0b8b3b8c6548949d40b85ed232c04e2f9592,0fd38bc5d535c754e61c25fff768ede8bc3273da93957ff701a1932f84840fb8,a1f7e5ae250677d7d72dee5c01bb5fe98a040e03fa37e521949f3906dff379c3,POLICE_AUDIT_NODE
5,243,58be77145f819a60f1184127,REQ-000243,b6d2ba4d6426264686ab0f239fee2815f7fd2ad482acd5cfc04ca4e6ea340305,0fd38bc5d535c754e61c25fff768ede8bc3273da93957ff701a1932f84840fb8,a1f7e5ae250677d7d72dee5c01bb5fe98a040e03fa37e521949f3906dff379c3,POLICE_AUDIT_NODE
5,244,36a0160daf5c29ca0548ed1d,REQ-000244,dd142cddf4907f50269a63ec7b88b7862df585b7864d8e010bbbc4114c559231,0fd38bc5d535c754e61c25fff768ede8bc3273da93957ff701a1932f84840fb8,a1f7e5ae250677d7d72dee5c01bb5fe98a040e03fa37e521949f3906dff379c3,POLICE_AUDIT_NODE
5,245,c47c3027411b3644f1032321,REQ-000245,d0e9866203e67ed242252100bd08606610967a2ef2ea1509c0339399f8a12b71,0fd38bc5d535c754e61c25fff768ede8bc3273da93957ff701a1932f84840fb8,a1f7e5ae250677d7d72dee5c01bb5fe98a040e03fa37e521949f3906dff379c3,POLICE_AUDIT_NODE
5,246,6158198621569cdc1be62bd7,REQ-000246,b22a43a8048735be492a8a5b3622bd905cb1a1dbf575ad560f9ad6c51986a747,0fd38bc5d535c754e61c25fff768ede8bc3273da93957ff701a1932f84840fb8,a1f7e5ae250677d7d72dee5c01bb5fe98a040e03fa37e521949f3906dff379c3,POLICE_AUDIT_NODE
5,247,09ac71122e6e67b8174cf688,REQ-000247,12652d5295b654f0aa5e63121b0fe028e88caee30b68959b1d8c958cadd7f5fb,0fd38bc5d535c754e61c25fff768ede8bc3273da93957ff701a1932f84840fb8,a1f7e5ae250677d7d72dee5c01bb5fe98a040e03fa37e521949f3906dff379c3,POLICE_AUDIT_NODE
5,248,eaf0a90e2fe7e75d773cd89e,REQ-000248,2d48b24e7ae46b0aab98fc947e2c80ed69a329221b24481efc61538e3e68ca13,0fd38bc5d535c754e61c25fff768ede8bc3273da93957ff701a1932f84840fb8,a1f7e5ae250677d7d72dee5c01bb5fe98a040e03fa37e521949f3906dff379c3,POLICE_AUDIT_NODE
5,249,c8b02ee66a80e2eb4be517ce,REQ-000249,9cbb9be0c157358b2b6da792236182e2e3213a5df0547ce42fe89af8d828ac5a,0fd38bc5d535c754e61c25fff768ede8bc3273da93957ff701a1932f84840fb8,a1f7e5ae250677d7d72dee5c01bb5fe98a040e03fa37e521949f3906dff379c3,POLICE_AUDIT_NODE
5,250,3b1a11e8933bd6ba496bab3a,REQ-000250,e35d39e3aba282c9151a6596285fbf7e191ff30eff967a54e45395182c665617,0fd38bc5d535c754e61c25fff768ede8bc3273da93957ff701a1932f84840fb8,a1f7e5ae250677d7d72dee5c01bb5fe98a040e03fa37e521949f3906dff379c3,POLICE_AUDIT_NODE
6,251,2ada2e40c92568b2ed97e9d6,REQ-000251,e14e8c3734689cd7e1f41af4f69520df1a1fa1854ff9e359ca4f58bf7c6a6a37,bc4a78591096b25532cabf6e661d0fa0027f280fc8b349e9dffd75c68ba92f85,b7eab7d69717a7e8174b8255246a83c62f2cc0ca16924068352dff0adcaca8e0,FORENSIC_AUDIT_NODE
6,252,22d8ddb276fcfff94b63cad6,REQ-000252,e2865e37605b480905bff7ae2129362d928e41d7a96fe4ee89c40cc7bd6b5b68,bc4a78591096b25532cabf6e661d0fa0027f280fc8b349e9dffd75c68ba92f85,b7eab7d69717a7e8174b8255246a83c62f2cc0ca16924068352dff0adcaca8e0,FORENSIC_AUDIT_NODE
6,253,814061ad9381496bbdca1a84,REQ-000253,f1803c722ce59e695d27b54fd85bcc96943738db584840db5172cd3cd17cdc24,bc4a78591096b25532cabf6e661d0fa0027f280fc8b349e9dffd75c68ba92f85,b7eab7d69717a7e8174b8255246a83c62f2cc0ca16924068352dff0adcaca8e0,FORENSIC_AUDIT_NODE
6,254,a64de689726a53ffa512479a,REQ-000254,d032381f9016b0cf5a8594469d6a71fada58fceba3cca0871059d6b2d6bfcdd3,bc4a78591096b25532cabf6e661d0fa0027f280fc8b349e9dffd75c68ba92f85,b7eab7d69717a7e8174b8255246a83c62f2cc0ca16924068352dff0adcaca8e0,FORENSIC_AUDIT_NODE
6,255,c4cefd31586264925631a293,REQ-000255,3a672d8f137997a0d6614a7af4efe6adb8b984b5ec873f5cef9246b8a883d3b0,bc4a78591096b25532cabf6e661d0fa0027f280fc8b349e9dffd75c68ba92f85,b7eab7d69717a7e8174b8255246a83c62f2cc0ca16924068352dff0adcaca8e0,FORENSIC_AUDIT_NODE
6,256,f6296d50af76095cda538784,REQ-000256,ef9ab7712a9cbc5a78a40c1274d9db32e2009ec733d9ac68c6a9bd93d358648a,bc4a78591096b25532cabf6e661d0fa0027f280fc8b349e9dffd75c68ba92f85,b7eab7d69717a7e8174b8255246a83c62f2cc0ca16924068352dff0adcaca8e0,FORENSIC_AUDIT_NODE
6,257,26f4950f98ca2a3fcd914ee1,REQ-000257,f645bec9727d9b9b5f59d87a8c14dd126fb4635329ed396d6ceecffed8b632bf,bc4a78591096b25532cabf6e661d0fa0027f280fc8b349e9dffd75c68ba92f85,b7eab7d69717a7e8174b8255246a83c62f2cc0ca16924068352dff0adcaca8e0,FORENSIC_AUDIT_NODE
6,258,92cf22f5232a1de462b9b51c,REQ-000258,c7ddaa9d2c5dff42e30ba4bd70032400e7697b0f670ce69be5b1576d0acfc922,bc4a78591096b25532cabf6e661d0fa0027f280fc8b349e9dffd75c68ba92f85,b7eab7d69717a7e8174b8255246a83c62f2cc0ca16924068352dff0adcaca8e0,FORENSIC_AUDIT_NODE
6,259,9fb8074c1d5bfad4c08032db,REQ-000259,3fa0ca1ceccdaa1127df565947789923b66f287a601811bcbb654a207845926e,bc4a78591096b25532cabf6e661d0fa0027f280fc8b349e9dffd75c68ba92f85,b7eab7d69717a7e8174b8255246a83c62f2cc0ca16924068352dff0adcaca8e0,FORENSIC_AUDIT_NODE
6,260,8938597c6edab45437e51b07,REQ-000260,d35580ff886021777a2b87202b117f67986f8c446418e2f33ce63fb317286476,bc4a78591096b25532cabf6e661d0fa0027f280fc8b349e9dffd75c68ba92f85,b7eab7d69717a7e8174b8255246a83c62f2cc0ca16924068352dff0adcaca8e0,FORENSIC_AUDIT_NODE
6,261,7ff6b9046f0e4e090faae7f1,REQ-000261,58ddaab49ce56786e81e91c5cf9a5f54e995e413f8c3ab7947aee070f3f92010,bc4a78591096b25532cabf6e661d0fa0027f280fc8b349e9dffd75c68ba92f85,b7eab7d69717a7e8174b8255246a83c62f2cc0ca16924068352dff0adcaca8e0,FORENSIC_AUDIT_NODE
6,262,e381b3781f4672dac3f41634,REQ-000262,a8835951df77ae446efefae7d3a7d292f7f69c125c20a3de0d3f05648f922c49,bc4a78591096b25532cabf6e661d0fa0027f280fc8b349e9dffd75c68ba92f85,b7eab7d69717a7e8174b8255246a83c62f2cc0ca16924068352dff0adcaca8e0,FORENSIC_AUDIT_NODE
6,263,048e00ccf95b4843cdf653e4,REQ-000263,07a1211194d74dba71b20a1aec9c6f16160b861c27200055231fdc528b95076b,bc4a78591096b25532cabf6e661d0fa0027f280fc8b349e9dffd75c68ba92f85,b7eab7d69717a7e8174b8255246a83c62f2cc0ca16924068352dff0adcaca8e0,FORENSIC_AUDIT_NODE
6,264,2bd81e28b51b999ab5f9ae0c,REQ-000264,c77ac338092701f02e5a8c3f7a838a86d3712d40c68fc11d97c0ab1d73f56c16,bc4a78591096b25532cabf6e661d0fa0027f280fc8b349e9dffd75c68ba92f85,b7eab7d69717a7e8174b8255246a83c62f2cc0ca16924068352dff0adcaca8e0,FORENSIC_AUDIT_NODE
6,265,dcb48922bb448408a8d91cb8,REQ-000265,f52c3bc3c14bcc5f48f9c6536f8692be37148f2db6686f53148b84050eb90e30,bc4a78591096b25532cabf6e661d0fa0027f280fc8b349e9dffd75c68ba92f85,b7eab7d69717a7e8174b8255246a83c62f2cc0ca16924068352dff0adcaca8e0,FORENSIC_AUDIT_NODE
6,266,2f1defd63fdf7e03991908fe,REQ-000266,fbfb2216359d8cf2a58fa9fef01f628d36cfd3391d66213bb3ba03b03713f803,bc4a78591096b25532cabf6e661d0fa0027f280fc8b349e9dffd75c68ba92f85,b7eab7d69717a7e8174b8255246a83c62f2cc0ca16924068352dff0adcaca8e0,FORENSIC_AUDIT_NODE
6,267,0f5e80f968f7f374a7dc741f,REQ-000267,8e68f3db61ca9c5931a41f930761ca8e9c7bf25c1fdaae4f0a31fabefa9fd27b,bc4a78591096b25532cabf6e661d0fa0027f280fc8b349e9dffd75c68ba92f85,b7eab7d69717a7e8174b8255246a83c62f2cc0ca16924068352dff0adcaca8e0,FORENSIC_AUDIT_NODE
6,268,fc502a666f84a4e0dd6b0aa9,REQ-000268,9f54f83578c7cd86afc618f297cc582f0c4f11791e25d68e38f745ca0aae4e87,bc4a78591096b25532cabf6e661d0fa0027f280fc8b349e9dffd75c68ba92f85,b7eab7d69717a7e8174b8255246a83c62f2cc0ca16924068352dff0adcaca8e0,FORENSIC_AUDIT_NODE
6,269,04f0c6392eb139daf4bdf818,REQ-000269,3dc7ace34f9b044653f63d83c225d8fadb6517bdcfd36a217060658eee9e1a80,bc4a78591096b25532cabf6e661d0fa0027f280fc8b349e9dffd75c68ba92f85,b7eab7d69717a7e8174b8255246a83c62f2cc0ca16924068352dff0adcaca8e0,FORENSIC_AUDIT_NODE
6,270,393d09788f5c56f350c6db47,REQ-000270,cb3ce5f66e69f4087e17e93fdee4e301a64b3a51be704b1c5f6660d9c927f121,bc4a78591096b25532cabf6e661d0fa0027f280fc8b349e9dffd75c68ba92f85,b7eab7d69717a7e8174b8255246a83c62f2cc0ca16924068352dff0adcaca8e0,FORENSIC_AUDIT_NODE
6,271,cb21504db1fedb2d6a62a007,REQ-000271,12c1df45c705c6e9cf261d6b7d751b68a764c65fb1a2bc53668e9e01ac7ea006,bc4a78591096b25532cabf6e661d0fa0027f280fc8b349e9dffd75c68ba92f85,b7eab7d69717a7e8174b8255246a83c62f2cc0ca16924068352dff0adcaca8e0,FORENSIC_AUDIT_NODE
6,272,68cf8bb69c7bb7a71aff898c,REQ-000272,707163be8e27c05f15caa2bbf8b7e5b424d6ff883b3787438440165f8b7c5423,bc4a78591096b25532cabf6e661d0fa0027f280fc8b349e9dffd75c68ba92f85,b7eab7d69717a7e8174b8255246a83c62f2cc0ca16924068352dff0adcaca8e0,FORENSIC_AUDIT_NODE
6,273,3fe2179c591d289daa34ae83,REQ-000273,c06696e7f0b470587191a0f109558aae8da89a15df1354844b17fb6c6d18aa47,bc4a78591096b25532cabf6e661d0fa0027f280fc8b349e9dffd75c68ba92f85,b7eab7d69717a7e8174b8255246a83c62f2cc0ca16924068352dff0adcaca8e0,FORENSIC_AUDIT_NODE
6,274,d6779b08b24376c056c80ef4,REQ-000274,c360085c4b9631aa17d61413ce6f008cc6b487580e2578e1f5c31f021b4010e5,bc4a78591096b25532cabf6e661d0fa0027f280fc8b349e9dffd75c68ba92f85,b7eab7d69717a7e8174b8255246a83c62f2cc0ca16924068352dff0adcaca8e0,FORENSIC_AUDIT_NODE
6,275,6fa98b2928d9fbe088f395b5,REQ-000275,eb69af5df9ee6d61e7da3d71493ac03db6a88f2f22205943498bf63693ab6a43,bc4a78591096b25532cabf6e661d0fa0027f280fc8b349e9dffd75c68ba92f85,b7eab7d69717a7e8174b8255246a83c62f2cc0ca16924068352dff0adcaca8e0,FORENSIC_AUDIT_NODE
6,276,b052938f042c6f7e267699b1,REQ-000276,d27a0c0d5b8d4479ff569209337236569a01505805013744a6b49628dbf35b91,bc4a78591096b25532cabf6e661d0fa0027f280fc8b349e9dffd75c68ba92f85,b7eab7d69717a7e8174b8255246a83c62f2cc0ca16924068352dff0adcaca8e0,FORENSIC_AUDIT_NODE
6,277,ccb1fe496b192322a1b9ae1d,REQ-000277,931c6af4aa2089c0318eab35b6eb10120573d55d6cc44c4e14fa5a7d000a99e6,bc4a78591096b25532cabf6e661d0fa0027f280fc8b349e9dffd75c68ba92f85,b7eab7d69717a7e8174b8255246a83c62f2cc0ca16924068352dff0adcaca8e0,FORENSIC_AUDIT_NODE
6,278,aedec9d829a976dc41a811aa,REQ-000278,b73dda1480c547c16e64b31c3c1f231b29210d72bb8d5236640e5e8aff2316d0,bc4a78591096b25532cabf6e661d0fa0027f280fc8b349e9dffd75c68ba92f85,b7eab7d69717a7e8174b8255246a83c62f2cc0ca16924068352dff0adcaca8e0,FORENSIC_AUDIT_NODE
6,279,e10bd0418a81d2a106524880,REQ-000279,7633021c15cbf2c9274b87b1068974bc6932cae5def655866bcb893ac4b26e3e,bc4a78591096b25532cabf6e661d0fa0027f280fc8b349e9dffd75c68ba92f85,b7eab7d69717a7e8174b8255246a83c62f2cc0ca16924068352dff0adcaca8e0,FORENSIC_AUDIT_NODE
6,280,a2f2657a76d1465e3b4f25e6,REQ-000280,0496dcacaa05302793e2fee215fbe8d2a3145aeb7c7bffba1e6a5d4fa17b3905,bc4a78591096b25532cabf6e661d0fa0027f280fc8b349e9dffd75c68ba92f85,b7eab7d69717a7e8174b8255246a83c62f2cc0ca16924068352dff0adcaca8e0,FORENSIC_AUDIT_NODE
6,281,36846bda7aa6b0ed03c43586,REQ-000281,c1cb92c1afcb51592fc33f4e158f0f8e721c25fe784d24cf6e7f3616e25e7f1e,bc4a78591096b25532cabf6e661d0fa0027f280fc8b349e9dffd75c68ba92f85,b7eab7d69717a7e8174b8255246a83c62f2cc0ca16924068352dff0adcaca8e0,FORENSIC_AUDIT_NODE
6,282,5887c1d271e90dca6f92cfec,REQ-000282,990d640aa7298f5f3ae7779bb2acbf9e98af562634bd0bddc5c384c41f171f87,bc4a78591096b25532cabf6e661d0fa0027f280fc8b349e9dffd75c68ba92f85,b7eab7d69717a7e8174b8255246a83c62f2cc0ca16924068352dff0adcaca8e0,FORENSIC_AUDIT_NODE
6,283,e882ada6eea1c6affd7e0198,REQ-000283,a98661e429f8ef35822dfcabdd14ad96d49385b5a59ec853fd2596281044c343,bc4a78591096b25532cabf6e661d0fa0027f280fc8b349e9dffd75c68ba92f85,b7eab7d69717a7e8174b8255246a83c62f2cc0ca16924068352dff0adcaca8e0,FORENSIC_AUDIT_NODE
6,284,c13223a7aae85034f9eb3889,REQ-000284,d8d6169cd8b3b7916d2382ac780cca14c328c86a451b59794304a851d303c8f0,bc4a78591096b25532cabf6e661d0fa0027f280fc8b349e9dffd75c68ba92f85,b7eab7d69717a7e8174b8255246a83c62f2cc0ca16924068352dff0adcaca8e0,FORENSIC_AUDIT_NODE
6,285,016c7dda9f29874de21a833e,REQ-000285,bf96e93f5226e8d4a2f9064b9f21de501162edfd113c745576db469177ec382a,bc4a78591096b25532cabf6e661d0fa0027f280fc8b349e9dffd75c68ba92f85,b7eab7d69717a7e8174b8255246a83c62f2cc0ca16924068352dff0adcaca8e0,FORENSIC_AUDIT_NODE
6,286,bdf85e145341480dbb7b4418,REQ-000286,07cc40c689f2f75be98fe2c08181256104da3033f72cf4d462f67c3756f353cf,bc4a78591096b25532cabf6e661d0fa0027f280fc8b349e9dffd75c68ba92f85,b7eab7d69717a7e8174b8255246a83c62f2cc0ca16924068352dff0adcaca8e0,FORENSIC_AUDIT_NODE
6,287,f954c4bee124c871799d5586,REQ-000287,9f0b47e4c475ce1b2ad64030ee25a6fc9cf1db3efa11ff23af80b88c82537d37,bc4a78591096b25532cabf6e661d0fa0027f280fc8b349e9dffd75c68ba92f85,b7eab7d69717a7e8174b8255246a83c62f2cc0ca16924068352dff0adcaca8e0,FORENSIC_AUDIT_NODE
6,288,b83c30610412becb8030b48f,REQ-000288,3de27f9a5a3741886fdfb1eb3c755d9015523ccb7d9ff0c2be453cac060c111b,bc4a78591096b25532cabf6e661d0fa0027f280fc8b349e9dffd75c68ba92f85,b7eab7d69717a7e8174b8255246a83c62f2cc0ca16924068352dff0adcaca8e0,FORENSIC_AUDIT_NODE
6,289,f1fd56358498785c9fff87bb,REQ-000289,925c34eaf6c2fbe8a223baf4e6efcc647e554082231c91196dd9cf9abfcb0367,bc4a78591096b25532cabf6e661d0fa0027f280fc8b349e9dffd75c68ba92f85,b7eab7d69717a7e8174b8255246a83c62f2cc0ca16924068352dff0adcaca8e0,FORENSIC_AUDIT_NODE
6,290,baa32a241434515006c8190e,REQ-000290,3286b2e0e037628941819a9a374e7d386ed9d2894a28331fb63d565363c7780c,bc4a78591096b25532cabf6e661d0fa0027f280fc8b349e9dffd75c68ba92f85,b7eab7d69717a7e8174b8255246a83c62f2cc0ca16924068352dff0adcaca8e0,FORENSIC_AUDIT_NODE
6,291,21ddde2f1236bc46a9078dc4,REQ-000291,6ea69feab3759c663f5498d9fc42be364ee9d4e3be00d4480ef7e7d942aa58be,bc4a78591096b25532cabf6e661d0fa0027f280fc8b349e9dffd75c68ba92f85,b7eab7d69717a7e8174b8255246a83c62f2cc0ca16924068352dff0adcaca8e0,FORENSIC_AUDIT_NODE
6,292,0d050f46e42bbd023ff12ba0,REQ-000292,e792867ea9f534e5358134bb42fe73fb554f1ad64d8e74b3cef951324021c3f9,bc4a78591096b25532cabf6e661d0fa0027f280fc8b349e9dffd75c68ba92f85,b7eab7d69717a7e8174b8255246a83c62f2cc0ca16924068352dff0adcaca8e0,FORENSIC_AUDIT_NODE
6,293,39b97adf7120b7af757249d9,REQ-000293,3fb5c3e58d97b75e07a96aec9d16d74943d2d2188a37e14366edd9b35c888709,bc4a78591096b25532cabf6e661d0fa0027f280fc8b349e9dffd75c68ba92f85,b7eab7d69717a7e8174b8255246a83c62f2cc0ca16924068352dff0adcaca8e0,FORENSIC_AUDIT_NODE
6,294,8f26803fe3444f0234bdadef,REQ-000294,0d8168710a0ed97a2420e5060a6d7746493d8df59e6765480a56272461f1afe8,bc4a78591096b25532cabf6e661d0fa0027f280fc8b349e9dffd75c68ba92f85,b7eab7d69717a7e8174b8255246a83c62f2cc0ca16924068352dff0adcaca8e0,FORENSIC_AUDIT_NODE
6,295,4c418b83e787d5dee474b300,REQ-000295,323e3b493495de834c44bdea7f4429c56e454c8938794be03970e20678397ec9,bc4a78591096b25532cabf6e661d0fa0027f280fc8b349e9dffd75c68ba92f85,b7eab7d69717a7e8174b8255246a83c62f2cc0ca16924068352dff0adcaca8e0,FORENSIC_AUDIT_NODE
6,296,c70a58491144c520ca1fb2dd,REQ-000296,972e1ba52e05638b383679689745ea4838b1f5491e6215556d2f92166f72baff,bc4a78591096b25532cabf6e661d0fa0027f280fc8b349e9dffd75c68ba92f85,b7eab7d69717a7e8174b8255246a83c62f2cc0ca16924068352dff0adcaca8e0,FORENSIC_AUDIT_NODE
6,297,8d7100d2bf597804b86ed69c,REQ-000297,7ef5e6e9e00cf8308e5712d3e8dfcdc286c93da0a38f26c9534d02d164d3da41,bc4a78591096b25532cabf6e661d0fa0027f280fc8b349e9dffd75c68ba92f85,b7eab7d69717a7e8174b8255246a83c62f2cc0ca16924068352dff0adcaca8e0,FORENSIC_AUDIT_NODE
6,298,cdadc8be7e1fbb6ea2cfe578,REQ-000298,15d45145362b7bb012ed311a68f36cc1cfe33734b6fe240cf0d6ae4e93fa90b8,bc4a78591096b25532cabf6e661d0fa0027f280fc8b349e9dffd75c68ba92f85,b7eab7d69717a7e8174b8255246a83c62f2cc0ca16924068352dff0adcaca8e0,FORENSIC_AUDIT_NODE
6,299,524fd6c070a7e1036e725b9b,REQ-000299,684cddc572fb158185271a905968a52bf8a1cf4a34999c75c7beb9431939b55d,bc4a78591096b25532cabf6e661d0fa0027f280fc8b349e9dffd75c68ba92f85,b7eab7d69717a7e8174b8255246a83c62f2cc0ca16924068352dff0adcaca8e0,FORENSIC_AUDIT_NODE
6,300,01c43211513b11981f3f9a54,REQ-000300,28d14aeaacd2ae1eed3007923ba59eed9831fb7ec71b1db72bb7558cb35256a0,bc4a78591096b25532cabf6e661d0fa0027f280fc8b349e9dffd75c68ba92f85,b7eab7d69717a7e8174b8255246a83c62f2cc0ca16924068352dff0adcaca8e0,FORENSIC_AUDIT_NODE
7,301,56354017d30ef9bef6570e65,REQ-000301,b5ad832b0cdc30645575a543c8c9c5249de1c315d00cc92971b09e47c3cda3ed,26d9e59eeecd9ffcc97ede0c3309a35f5600d8260ee486d97cbd0a91c63cd2db,de1cb9cb527fff31d8019e5f4a899ce822d26a811f05c925ad54564611146656,PROSECUTION_AUDIT_NODE
7,302,d984bfaf9b6cdef2f35b746f,REQ-000302,daa51f0ee9bbf8a484e21926defcdbc0ac2370f69cd85650d3eb053daa171283,26d9e59eeecd9ffcc97ede0c3309a35f5600d8260ee486d97cbd0a91c63cd2db,de1cb9cb527fff31d8019e5f4a899ce822d26a811f05c925ad54564611146656,PROSECUTION_AUDIT_NODE
7,303,9281d5a099365e172925c360,REQ-000303,58b216cfd0fcc4ebececade438baf33e9ca202ce71d782499a2a1d9cc7991355,26d9e59eeecd9ffcc97ede0c3309a35f5600d8260ee486d97cbd0a91c63cd2db,de1cb9cb527fff31d8019e5f4a899ce822d26a811f05c925ad54564611146656,PROSECUTION_AUDIT_NODE
7,304,d802d0a7c1b4cba43873d6cc,REQ-000304,91417b210f50096ffffc5bb6fb369dcdcbd9ba596587830a795285bc448d72cd,26d9e59eeecd9ffcc97ede0c3309a35f5600d8260ee486d97cbd0a91c63cd2db,de1cb9cb527fff31d8019e5f4a899ce822d26a811f05c925ad54564611146656,PROSECUTION_AUDIT_NODE
7,305,d23f58674f5e4129b2ad725d,REQ-000305,9b5e35364b4fcddb7a0c042931fb0ce168ccd4668fe99f6871d35f1e10b4692b,26d9e59eeecd9ffcc97ede0c3309a35f5600d8260ee486d97cbd0a91c63cd2db,de1cb9cb527fff31d8019e5f4a899ce822d26a811f05c925ad54564611146656,PROSECUTION_AUDIT_NODE
7,306,896b081d42376752b7952cba,REQ-000306,a9494ccfa9bef30b3b613faf56440b3919b2eb5cbeb41c80b73631181b48ca2c,26d9e59eeecd9ffcc97ede0c3309a35f5600d8260ee486d97cbd0a91c63cd2db,de1cb9cb527fff31d8019e5f4a899ce822d26a811f05c925ad54564611146656,PROSECUTION_AUDIT_NODE
7,307,5014c207c6e700dec0456497,REQ-000307,4ce558105a61052db5cef9d41816ba6e2d6b8b866a29114d3d1e1475dab48a3a,26d9e59eeecd9ffcc97ede0c3309a35f5600d8260ee486d97cbd0a91c63cd2db,de1cb9cb527fff31d8019e5f4a899ce822d26a811f05c925ad54564611146656,PROSECUTION_AUDIT_NODE
7,308,80e73d883b8d791228f943a4,REQ-000308,64b1ceb9c53cd8042e2782110a3b7169c349f479a7c0b60df42715904b23e58e,26d9e59eeecd9ffcc97ede0c3309a35f5600d8260ee486d97cbd0a91c63cd2db,de1cb9cb527fff31d8019e5f4a899ce822d26a811f05c925ad54564611146656,PROSECUTION_AUDIT_NODE
7,309,2035da1d2e49e19695c19c63,REQ-000309,cf7892ab9c44c9e337a2bd2676dc5d41440dfb04d24a9f4dca5df89cd1ff5e31,26d9e59eeecd9ffcc97ede0c3309a35f5600d8260ee486d97cbd0a91c63cd2db,de1cb9cb527fff31d8019e5f4a899ce822d26a811f05c925ad54564611146656,PROSECUTION_AUDIT_NODE
7,310,892aa17bffab52ff2d6769ba,REQ-000310,c66fcf2832c148296d65b3b855bf92632a96a9d39282c4a260111eb55a40b265,26d9e59eeecd9ffcc97ede0c3309a35f5600d8260ee486d97cbd0a91c63cd2db,de1cb9cb527fff31d8019e5f4a899ce822d26a811f05c925ad54564611146656,PROSECUTION_AUDIT_NODE
7,311,9bca4291e0b15e4dffeaa335,REQ-000311,1f96a4734869382f1ec0267506e049aa8093954f74d8e80b3094e9eda808728d,26d9e59eeecd9ffcc97ede0c3309a35f5600d8260ee486d97cbd0a91c63cd2db,de1cb9cb527fff31d8019e5f4a899ce822d26a811f05c925ad54564611146656,PROSECUTION_AUDIT_NODE
7,312,c2d95bce4b5939c866e39db1,REQ-000312,578e6a18a60a03b3ae919815afb6ee4d6ee6a8aaee5760f98c6d7743f087abb6,26d9e59eeecd9ffcc97ede0c3309a35f5600d8260ee486d97cbd0a91c63cd2db,de1cb9cb527fff31d8019e5f4a899ce822d26a811f05c925ad54564611146656,PROSECUTION_AUDIT_NODE
7,313,ff0a82edd2cac411e59805e9,REQ-000313,3a033d5884438cd4e285cc2e58ddceb3df41358b3fbbf47b15ad6b890c9d661e,26d9e59eeecd9ffcc97ede0c3309a35f5600d8260ee486d97cbd0a91c63cd2db,de1cb9cb527fff31d8019e5f4a899ce822d26a811f05c925ad54564611146656,PROSECUTION_AUDIT_NODE
7,314,a11be1e3be37e467378f708a,REQ-000314,dcb773e1b9e77679aed2bd5f5664e1c688422797a7d59927d4900983f8d4d1ec,26d9e59eeecd9ffcc97ede0c3309a35f5600d8260ee486d97cbd0a91c63cd2db,de1cb9cb527fff31d8019e5f4a899ce822d26a811f05c925ad54564611146656,PROSECUTION_AUDIT_NODE
7,315,3f801b743dde49ce51e649a7,REQ-000315,57fce04c30ab6edb98859c2cfd039e5d14bb777383b3eb8f89ea144ea3cece82,26d9e59eeecd9ffcc97ede0c3309a35f5600d8260ee486d97cbd0a91c63cd2db,de1cb9cb527fff31d8019e5f4a899ce822d26a811f05c925ad54564611146656,PROSECUTION_AUDIT_NODE
7,316,6fc928035e90a132b7706ff8,REQ-000316,3045895bf7781b7f1e032ab827f89316b2c58e6e23ba9298ec95cb17d839c1ba,26d9e59eeecd9ffcc97ede0c3309a35f5600d8260ee486d97cbd0a91c63cd2db,de1cb9cb527fff31d8019e5f4a899ce822d26a811f05c925ad54564611146656,PROSECUTION_AUDIT_NODE
7,317,302a1e40d34a1e6690c24d0c,REQ-000317,0c82d1fb55d7b43f114bb103e57bbf7d085bf287b9101e9cdf84a29ddab352df,26d9e59eeecd9ffcc97ede0c3309a35f5600d8260ee486d97cbd0a91c63cd2db,de1cb9cb527fff31d8019e5f4a899ce822d26a811f05c925ad54564611146656,PROSECUTION_AUDIT_NODE
7,318,3078b64427f24ff1865a2cbd,REQ-000318,bdca9138b2e833770bee460bdc99bba9c4f89f7aa2b0d585c2b952a87fbd4b8f,26d9e59eeecd9ffcc97ede0c3309a35f5600d8260ee486d97cbd0a91c63cd2db,de1cb9cb527fff31d8019e5f4a899ce822d26a811f05c925ad54564611146656,PROSECUTION_AUDIT_NODE
7,319,4c548a15661994ed59023e30,REQ-000319,0d2a4b0508011a025e95370f87353e596a591c782e81c2680cf0244974e67ac7,26d9e59eeecd9ffcc97ede0c3309a35f5600d8260ee486d97cbd0a91c63cd2db,de1cb9cb527fff31d8019e5f4a899ce822d26a811f05c925ad54564611146656,PROSECUTION_AUDIT_NODE
7,320,a83d385788f224fb450432d1,REQ-000320,e24783170512039791f67018b67f55d3ec1d88741c3c04875179e745151f009f,26d9e59eeecd9ffcc97ede0c3309a35f5600d8260ee486d97cbd0a91c63cd2db,de1cb9cb527fff31d8019e5f4a899ce822d26a811f05c925ad54564611146656,PROSECUTION_AUDIT_NODE
7,321,d690b63a0c339a6b6986bd72,REQ-000321,551e9c5796de3c35ba6073621dadddfed212b33c4447d2813731386aed95f00a,26d9e59eeecd9ffcc97ede0c3309a35f5600d8260ee486d97cbd0a91c63cd2db,de1cb9cb527fff31d8019e5f4a899ce822d26a811f05c925ad54564611146656,PROSECUTION_AUDIT_NODE
7,322,edfa3e735f65e6359454deda,REQ-000322,aa9ae530eeb61e83f806a3150110a836e0707484b89afc3c3ba3463b4acb7c1e,26d9e59eeecd9ffcc97ede0c3309a35f5600d8260ee486d97cbd0a91c63cd2db,de1cb9cb527fff31d8019e5f4a899ce822d26a811f05c925ad54564611146656,PROSECUTION_AUDIT_NODE
7,323,455b594dd6ab4b9a2d2eacb6,REQ-000323,d2266684be0ce0029afbad0d22bc20f03b70a64e606d8711a90723da286f2610,26d9e59eeecd9ffcc97ede0c3309a35f5600d8260ee486d97cbd0a91c63cd2db,de1cb9cb527fff31d8019e5f4a899ce822d26a811f05c925ad54564611146656,PROSECUTION_AUDIT_NODE
7,324,503b050f366018cd1fe542af,REQ-000324,6a5afd23da617fcdfdf2e8bd3335a8ea38b8d4bcd1044fbad1d89ecf66f013b1,26d9e59eeecd9ffcc97ede0c3309a35f5600d8260ee486d97cbd0a91c63cd2db,de1cb9cb527fff31d8019e5f4a899ce822d26a811f05c925ad54564611146656,PROSECUTION_AUDIT_NODE
7,325,883faa4fa517394b653eeb70,REQ-000325,dadb2436e7d048f01105a13f71cff6333b0b60e0829d0412f2867a8a08da395a,26d9e59eeecd9ffcc97ede0c3309a35f5600d8260ee486d97cbd0a91c63cd2db,de1cb9cb527fff31d8019e5f4a899ce822d26a811f05c925ad54564611146656,PROSECUTION_AUDIT_NODE
7,326,99d7151327be83eac5279134,REQ-000326,8fb4434eb027c4b90f6f792761f94334c23a4eb6cb2a20e52bcac719863e6333,26d9e59eeecd9ffcc97ede0c3309a35f5600d8260ee486d97cbd0a91c63cd2db,de1cb9cb527fff31d8019e5f4a899ce822d26a811f05c925ad54564611146656,PROSECUTION_AUDIT_NODE
7,327,9026ee8a53e5f28e56e73083,REQ-000327,80070f1125d4fccbfb3a651a7755fe93f0a222ad758c72e8486d44f0cff44f4f,26d9e59eeecd9ffcc97ede0c3309a35f5600d8260ee486d97cbd0a91c63cd2db,de1cb9cb527fff31d8019e5f4a899ce822d26a811f05c925ad54564611146656,PROSECUTION_AUDIT_NODE
7,328,e90c411fb19041d992f3d89d,REQ-000328,ce3b117c21282affc8b5bb84bb30b1070e9c3436ebf473048b43412365653a71,26d9e59eeecd9ffcc97ede0c3309a35f5600d8260ee486d97cbd0a91c63cd2db,de1cb9cb527fff31d8019e5f4a899ce822d26a811f05c925ad54564611146656,PROSECUTION_AUDIT_NODE
7,329,4ed1e49a8040f18918fb53a6,REQ-000329,7857137cbe8e798f3bd562d405e421db83588beca594f799b91a491dad83728e,26d9e59eeecd9ffcc97ede0c3309a35f5600d8260ee486d97cbd0a91c63cd2db,de1cb9cb527fff31d8019e5f4a899ce822d26a811f05c925ad54564611146656,PROSECUTION_AUDIT_NODE
7,330,4a99f3a8679d82945a5622ce,REQ-000330,e18627ecc68fc3ece0c5af9867aa98b7122195a72258c59f9e93af5e6b1fe0d8,26d9e59eeecd9ffcc97ede0c3309a35f5600d8260ee486d97cbd0a91c63cd2db,de1cb9cb527fff31d8019e5f4a899ce822d26a811f05c925ad54564611146656,PROSECUTION_AUDIT_NODE
7,331,e31a735cd83639cba6c31a58,REQ-000331,451e93eada87a6528606c4530be76d9f251af2799c8f9ed0586ec9562f5db6ee,26d9e59eeecd9ffcc97ede0c3309a35f5600d8260ee486d97cbd0a91c63cd2db,de1cb9cb527fff31d8019e5f4a899ce822d26a811f05c925ad54564611146656,PROSECUTION_AUDIT_NODE
7,332,3d6136baff95f4c493cc9c21,REQ-000332,abb39afaf161e198da388e14760a6432002f36be3d3513aa2a918d7f165544d1,26d9e59eeecd9ffcc97ede0c3309a35f5600d8260ee486d97cbd0a91c63cd2db,de1cb9cb527fff31d8019e5f4a899ce822d26a811f05c925ad54564611146656,PROSECUTION_AUDIT_NODE
7,333,bbdd927e39c53df48cd813e0,REQ-000333,594ea627c3b539d5e489f16deac0a118aa479ecb601a6fe27da6d53428f0414e,26d9e59eeecd9ffcc97ede0c3309a35f5600d8260ee486d97cbd0a91c63cd2db,de1cb9cb527fff31d8019e5f4a899ce822d26a811f05c925ad54564611146656,PROSECUTION_AUDIT_NODE
7,334,bfab5ddae20f3b654225f233,REQ-000334,bf076f5a36b21cdc60f87b148e9d99a7df21acbb5602ad469b043e7e0021875b,26d9e59eeecd9ffcc97ede0c3309a35f5600d8260ee486d97cbd0a91c63cd2db,de1cb9cb527fff31d8019e5f4a899ce822d26a811f05c925ad54564611146656,PROSECUTION_AUDIT_NODE
7,335,a247f0bbec5ea387d57de351,REQ-000335,2c8a5f4fa4c1037e4ac7ae544f67a76b561a974ea4f10ab7034c3a9461ea11bd,26d9e59eeecd9ffcc97ede0c3309a35f5600d8260ee486d97cbd0a91c63cd2db,de1cb9cb527fff31d8019e5f4a899ce822d26a811f05c925ad54564611146656,PROSECUTION_AUDIT_NODE
7,336,7dc8e102836ac3771605c265,REQ-000336,d228dc5f76aa6e4a3d9fcdf16a74d16ceab7ec2ac26d082167f9d3d6f4dad2d1,26d9e59eeecd9ffcc97ede0c3309a35f5600d8260ee486d97cbd0a91c63cd2db,de1cb9cb527fff31d8019e5f4a899ce822d26a811f05c925ad54564611146656,PROSECUTION_AUDIT_NODE
7,337,d7efdb37bf8e600120ca45ea,REQ-000337,84c9b0d62c2fca81aca041fe40526fa2ab96abc4c84dec4d58437dae4433cd2e,26d9e59eeecd9ffcc97ede0c3309a35f5600d8260ee486d97cbd0a91c63cd2db,de1cb9cb527fff31d8019e5f4a899ce822d26a811f05c925ad54564611146656,PROSECUTION_AUDIT_NODE
7,338,12c1c8497fa8b3b335f87935,REQ-000338,ba189059cf101ffce6cb0714a1b3527dc9676f3dfedea6fdfa951a81d3781488,26d9e59eeecd9ffcc97ede0c3309a35f5600d8260ee486d97cbd0a91c63cd2db,de1cb9cb527fff31d8019e5f4a899ce822d26a811f05c925ad54564611146656,PROSECUTION_AUDIT_NODE
7,339,aa4a4e29d764177571bac8d2,REQ-000339,83de8ab050139af5d10c406bdbb3fd440dcf377025c90df6898e227f45e2de95,26d9e59eeecd9ffcc97ede0c3309a35f5600d8260ee486d97cbd0a91c63cd2db,de1cb9cb527fff31d8019e5f4a899ce822d26a811f05c925ad54564611146656,PROSECUTION_AUDIT_NODE
7,340,0a160f198a818843d13c2be8,REQ-000340,aee0f74c7c1047790d6d378c3f269b7cfdb9993e7a89cf36c19c7bfe9261263d,26d9e59eeecd9ffcc97ede0c3309a35f5600d8260ee486d97cbd0a91c63cd2db,de1cb9cb527fff31d8019e5f4a899ce822d26a811f05c925ad54564611146656,PROSECUTION_AUDIT_NODE
7,341,7803ac9273a2dba3f43cb521,REQ-000341,496dcf629229f05652a89b9b156893c76bb8a58f12a6a3ba1cfb3dc971a5d4ac,26d9e59eeecd9ffcc97ede0c3309a35f5600d8260ee486d97cbd0a91c63cd2db,de1cb9cb527fff31d8019e5f4a899ce822d26a811f05c925ad54564611146656,PROSECUTION_AUDIT_NODE
7,342,bfa7ac85ce6d499e30d7d38d,REQ-000342,7dcebbc79b6ded0e8b7efb2312664934d7e2064e5fe4b1d0719365a8029004a0,26d9e59eeecd9ffcc97ede0c3309a35f5600d8260ee486d97cbd0a91c63cd2db,de1cb9cb527fff31d8019e5f4a899ce822d26a811f05c925ad54564611146656,PROSECUTION_AUDIT_NODE
7,343,ff9c63d849b259a664ef5ef5,REQ-000343,002919c471492b38aed92bc72901b9c1e0f96cd08fb04d428ad6bddaaa2daf57,26d9e59eeecd9ffcc97ede0c3309a35f5600d8260ee486d97cbd0a91c63cd2db,de1cb9cb527fff31d8019e5f4a899ce822d26a811f05c925ad54564611146656,PROSECUTION_AUDIT_NODE
7,344,80a4f98fd7cc8bd6a9eb1cc1,REQ-000344,9f4141166efbcddfbd5ce60a8597f6fe6b3f73a4f41e6f93dbe2b4af7ec9b877,26d9e59eeecd9ffcc97ede0c3309a35f5600d8260ee486d97cbd0a91c63cd2db,de1cb9cb527fff31d8019e5f4a899ce822d26a811f05c925ad54564611146656,PROSECUTION_AUDIT_NODE
7,345,adfc01ae1315f4184fd5f63b,REQ-000345,233373ab1707e8574c2fc0e2937a84b244823ca4cbf09733dc52909785f55542,26d9e59eeecd9ffcc97ede0c3309a35f5600d8260ee486d97cbd0a91c63cd2db,de1cb9cb527fff31d8019e5f4a899ce822d26a811f05c925ad54564611146656,PROSECUTION_AUDIT_NODE
7,346,9bc6ef7bc878b06738260c89,REQ-000346,c00e879331f502fae18657e195b7266c9ef60c87a530c4f6cd76beb5805ee540,26d9e59eeecd9ffcc97ede0c3309a35f5600d8260ee486d97cbd0a91c63cd2db,de1cb9cb527fff31d8019e5f4a899ce822d26a811f05c925ad54564611146656,PROSECUTION_AUDIT_NODE
7,347,aff01566299c6a61b553a72e,REQ-000347,6662af9840b5674331d00c5ce495bea65cba68ea34ab667785c40528480e591d,26d9e59eeecd9ffcc97ede0c3309a35f5600d8260ee486d97cbd0a91c63cd2db,de1cb9cb527fff31d8019e5f4a899ce822d26a811f05c925ad54564611146656,PROSECUTION_AUDIT_NODE
7,348,e39a2922de05b59f81d7c975,REQ-000348,1d707784e591d5e7725d1910023b7066f4e14ec73a1c735b55e6a6a44e456fb5,26d9e59eeecd9ffcc97ede0c3309a35f5600d8260ee486d97cbd0a91c63cd2db,de1cb9cb527fff31d8019e5f4a899ce822d26a811f05c925ad54564611146656,PROSECUTION_AUDIT_NODE
7,349,12701bc40b10978682672d7e,REQ-000349,47b10d4d7251b8a4ce600e6a801be6a199dd2741915c4aa52a3dd85c9192c44a,26d9e59eeecd9ffcc97ede0c3309a35f5600d8260ee486d97cbd0a91c63cd2db,de1cb9cb527fff31d8019e5f4a899ce822d26a811f05c925ad54564611146656,PROSECUTION_AUDIT_NODE
7,350,0236d44bcc258a660368a9f4,REQ-000350,442010c84c1b0b017b2b49899b7b35ac8614d4ab294865b87cc9db4717fe102b,26d9e59eeecd9ffcc97ede0c3309a35f5600d8260ee486d97cbd0a91c63cd2db,de1cb9cb527fff31d8019e5f4a899ce822d26a811f05c925ad54564611146656,PROSECUTION_AUDIT_NODE
8,351,23ae6fc7ae3065af55e9116d,REQ-000351,c5271a11fa6d7bfb2823da95b0f41e522c7f1629d0170a475c553b9b1ec1cabf,1a8ca305d43e14bedaadb54100832a02b4b02c39f5fb7da3731b6bf5b7b563de,7adb8a0bf2d03e9ba1a880606f24e71d7be28fc6f31871e558b969c61e60d8af,COURT_ICJS_AUDIT_NODE
8,352,b5b1d945e90fe933775a6b2b,REQ-000352,065752dd07286deb9318688fef76fa9aed63148a208fb3840444181394f069dd,1a8ca305d43e14bedaadb54100832a02b4b02c39f5fb7da3731b6bf5b7b563de,7adb8a0bf2d03e9ba1a880606f24e71d7be28fc6f31871e558b969c61e60d8af,COURT_ICJS_AUDIT_NODE
8,353,cb24de08718cfbf76ffcb3e1,REQ-000353,bc69e19e47461ef2c2b501da132a37ac3600975d1309c9223e14afaf05202515,1a8ca305d43e14bedaadb54100832a02b4b02c39f5fb7da3731b6bf5b7b563de,7adb8a0bf2d03e9ba1a880606f24e71d7be28fc6f31871e558b969c61e60d8af,COURT_ICJS_AUDIT_NODE
8,354,eb772668ce3f899cfd98a7e2,REQ-000354,cf1f21792406c6786b9e7984dda90d893ed036942cda7bbcdd66f488c0fc8df4,1a8ca305d43e14bedaadb54100832a02b4b02c39f5fb7da3731b6bf5b7b563de,7adb8a0bf2d03e9ba1a880606f24e71d7be28fc6f31871e558b969c61e60d8af,COURT_ICJS_AUDIT_NODE
8,355,064f7102eb95c9a1a1261d1e,REQ-000355,81716f5d189c4b0125b6e5eb4dc1e95daf350c4109f1f7133b888c25c0413e8d,1a8ca305d43e14bedaadb54100832a02b4b02c39f5fb7da3731b6bf5b7b563de,7adb8a0bf2d03e9ba1a880606f24e71d7be28fc6f31871e558b969c61e60d8af,COURT_ICJS_AUDIT_NODE
8,356,af963a187603cfabb733ac7f,REQ-000356,8a12344d4a33569b076135536d46aeddb886aa6a72035c75f09ac6f3ba593515,1a8ca305d43e14bedaadb54100832a02b4b02c39f5fb7da3731b6bf5b7b563de,7adb8a0bf2d03e9ba1a880606f24e71d7be28fc6f31871e558b969c61e60d8af,COURT_ICJS_AUDIT_NODE
8,357,d75cf5266a5d6d8ac4c79828,REQ-000357,02f25b0381c03ea53931f2197d599a799c92de327cac8b2e5a5509a43e514d06,1a8ca305d43e14bedaadb54100832a02b4b02c39f5fb7da3731b6bf5b7b563de,7adb8a0bf2d03e9ba1a880606f24e71d7be28fc6f31871e558b969c61e60d8af,COURT_ICJS_AUDIT_NODE
8,358,b696b2abcf1e4ccd0a76ffd5,REQ-000358,bc72700121bdd168bfa092bd1ae05a0547e0f43028f935c32b51c2c6e1bbab74,1a8ca305d43e14bedaadb54100832a02b4b02c39f5fb7da3731b6bf5b7b563de,7adb8a0bf2d03e9ba1a880606f24e71d7be28fc6f31871e558b969c61e60d8af,COURT_ICJS_AUDIT_NODE
8,359,09adac9bb68ebf448b4b6c7f,REQ-000359,a728f881c1c17043ac1d23b04bb846afac84b79e903f44dce17af76447b94c80,1a8ca305d43e14bedaadb54100832a02b4b02c39f5fb7da3731b6bf5b7b563de,7adb8a0bf2d03e9ba1a880606f24e71d7be28fc6f31871e558b969c61e60d8af,COURT_ICJS_AUDIT_NODE
8,360,5b8694703f2e08e1d9a7770a,REQ-000360,52029c04f5a61f6166f930e51d6ea45eb04e24f339409895697d467de4e7f339,1a8ca305d43e14bedaadb54100832a02b4b02c39f5fb7da3731b6bf5b7b563de,7adb8a0bf2d03e9ba1a880606f24e71d7be28fc6f31871e558b969c61e60d8af,COURT_ICJS_AUDIT_NODE
8,361,3391e2e652c2007d79536062,REQ-000361,aa6b9db7150479ece3ba7ad4a4a5f386aacd2029113a708b119e0b12337f79be,1a8ca305d43e14bedaadb54100832a02b4b02c39f5fb7da3731b6bf5b7b563de,7adb8a0bf2d03e9ba1a880606f24e71d7be28fc6f31871e558b969c61e60d8af,COURT_ICJS_AUDIT_NODE
8,362,9a44280fea7afa0e148d1b27,REQ-000362,a1cb254d13f53208f60219d3d5ee56f086e8014d170d015a17a9b2e8f152c5ce,1a8ca305d43e14bedaadb54100832a02b4b02c39f5fb7da3731b6bf5b7b563de,7adb8a0bf2d03e9ba1a880606f24e71d7be28fc6f31871e558b969c61e60d8af,COURT_ICJS_AUDIT_NODE
8,363,f0c9b1b4d6fa1343f21f24d2,REQ-000363,11cc25b1b5cc0337ae1c06eedd7c54acdba87bf3bf3eb3d81d7d51657ba6edf7,1a8ca305d43e14bedaadb54100832a02b4b02c39f5fb7da3731b6bf5b7b563de,7adb8a0bf2d03e9ba1a880606f24e71d7be28fc6f31871e558b969c61e60d8af,COURT_ICJS_AUDIT_NODE
8,364,5ade86268d15f957ce0c87fb,REQ-000364,7b27504250aba5c6831c8e5ccd441de9e6e1e55e706b2ac52bb46d76e7be070b,1a8ca305d43e14bedaadb54100832a02b4b02c39f5fb7da3731b6bf5b7b563de,7adb8a0bf2d03e9ba1a880606f24e71d7be28fc6f31871e558b969c61e60d8af,COURT_ICJS_AUDIT_NODE
8,365,169d4a504e5d1a8847c6b641,REQ-000365,689aa5c0036912b28ab31548294d64a3dfddffcc250cef9adeef229f00c7335d,1a8ca305d43e14bedaadb54100832a02b4b02c39f5fb7da3731b6bf5b7b563de,7adb8a0bf2d03e9ba1a880606f24e71d7be28fc6f31871e558b969c61e60d8af,COURT_ICJS_AUDIT_NODE
8,366,fac79cd874e503670b55ba3d,REQ-000366,fd6192420fcaae98999da682804782ffe33c5c290d2c5953239eb3f83793be30,1a8ca305d43e14bedaadb54100832a02b4b02c39f5fb7da3731b6bf5b7b563de,7adb8a0bf2d03e9ba1a880606f24e71d7be28fc6f31871e558b969c61e60d8af,COURT_ICJS_AUDIT_NODE
8,367,e2242c05cf263295dc20d53f,REQ-000367,51c3d49b21daa3b8d7cb936223c5d4c831302455b6d4d2a701ce084cff1b37bc,1a8ca305d43e14bedaadb54100832a02b4b02c39f5fb7da3731b6bf5b7b563de,7adb8a0bf2d03e9ba1a880606f24e71d7be28fc6f31871e558b969c61e60d8af,COURT_ICJS_AUDIT_NODE
8,368,58140c9c23e18a5f31ba2ccf,REQ-000368,9e7c538991171a067794a68c2134d9c95ae7657b5d47a8cade58aa85d59ba086,1a8ca305d43e14bedaadb54100832a02b4b02c39f5fb7da3731b6bf5b7b563de,7adb8a0bf2d03e9ba1a880606f24e71d7be28fc6f31871e558b969c61e60d8af,COURT_ICJS_AUDIT_NODE
8,369,ade3862a00f46d03ee6e2547,REQ-000369,497d31f09bfc55fbcc4bce04711f3e26d7a74dcb766758a978736e05fcf452dd,1a8ca305d43e14bedaadb54100832a02b4b02c39f5fb7da3731b6bf5b7b563de,7adb8a0bf2d03e9ba1a880606f24e71d7be28fc6f31871e558b969c61e60d8af,COURT_ICJS_AUDIT_NODE
8,370,1a721b56f326ce330a5eb1c2,REQ-000370,d77c9a855aea01bc31e6168835a7cb060c37c2caacdc3e0578b9209b0003b830,1a8ca305d43e14bedaadb54100832a02b4b02c39f5fb7da3731b6bf5b7b563de,7adb8a0bf2d03e9ba1a880606f24e71d7be28fc6f31871e558b969c61e60d8af,COURT_ICJS_AUDIT_NODE
8,371,67daae44bf1c4cda554d7f01,REQ-000371,f9b24349c61a46c16958e658378fd145adbac7ecfaad963fcefdc54e8225bc2b,1a8ca305d43e14bedaadb54100832a02b4b02c39f5fb7da3731b6bf5b7b563de,7adb8a0bf2d03e9ba1a880606f24e71d7be28fc6f31871e558b969c61e60d8af,COURT_ICJS_AUDIT_NODE
8,372,5de653747506e9599925f404,REQ-000372,ed0a50ddb25132523968cd987ae5fcbee42be29e2e541dad049e5c7e617a171a,1a8ca305d43e14bedaadb54100832a02b4b02c39f5fb7da3731b6bf5b7b563de,7adb8a0bf2d03e9ba1a880606f24e71d7be28fc6f31871e558b969c61e60d8af,COURT_ICJS_AUDIT_NODE
8,373,3a11b3a5593b44cc9399fffb,REQ-000373,dcf280e87ce66fbc4968148cd2f4d4c543de780b846377dbbbd013f976142695,1a8ca305d43e14bedaadb54100832a02b4b02c39f5fb7da3731b6bf5b7b563de,7adb8a0bf2d03e9ba1a880606f24e71d7be28fc6f31871e558b969c61e60d8af,COURT_ICJS_AUDIT_NODE
8,374,7d636cb6841e3d24c745de3e,REQ-000374,96af8148c7d1c4e451dbaf4b41d25f9d0cedf3037153250298a8dd2158483356,1a8ca305d43e14bedaadb54100832a02b4b02c39f5fb7da3731b6bf5b7b563de,7adb8a0bf2d03e9ba1a880606f24e71d7be28fc6f31871e558b969c61e60d8af,COURT_ICJS_AUDIT_NODE
8,375,6444328adc639247bcec7a9f,REQ-000375,32e29eada1ecfe7e62656139b06f9b22394a20204b4e301c6a66b8774617b596,1a8ca305d43e14bedaadb54100832a02b4b02c39f5fb7da3731b6bf5b7b563de,7adb8a0bf2d03e9ba1a880606f24e71d7be28fc6f31871e558b969c61e60d8af,COURT_ICJS_AUDIT_NODE
8,376,599e6f207b62ba963f93eec7,REQ-000376,e2a30951626655e7ea637fbed8d596cf65aa6aa0c568ec1457332cdd6323ed94,1a8ca305d43e14bedaadb54100832a02b4b02c39f5fb7da3731b6bf5b7b563de,7adb8a0bf2d03e9ba1a880606f24e71d7be28fc6f31871e558b969c61e60d8af,COURT_ICJS_AUDIT_NODE
8,377,63fb4b1abf29dca95c9ee15d,REQ-000377,8894b50513a2b6d6f4814dc5fcc170c34d8873b1dbb6430a92a63953f3934dee,1a8ca305d43e14bedaadb54100832a02b4b02c39f5fb7da3731b6bf5b7b563de,7adb8a0bf2d03e9ba1a880606f24e71d7be28fc6f31871e558b969c61e60d8af,COURT_ICJS_AUDIT_NODE
8,378,f9d350f8cf85fd8a88633e81,REQ-000378,c6dff66f14f00102dcbb5538a276ca693db38f99bf6913d73d9b00e28c2b73a8,1a8ca305d43e14bedaadb54100832a02b4b02c39f5fb7da3731b6bf5b7b563de,7adb8a0bf2d03e9ba1a880606f24e71d7be28fc6f31871e558b969c61e60d8af,COURT_ICJS_AUDIT_NODE
8,379,f0288ec0eb3d4f3aeec95534,REQ-000379,b07eba5016a56a7b32e3f23d45601ad2197d37bb52a66402234006195d6e3f05,1a8ca305d43e14bedaadb54100832a02b4b02c39f5fb7da3731b6bf5b7b563de,7adb8a0bf2d03e9ba1a880606f24e71d7be28fc6f31871e558b969c61e60d8af,COURT_ICJS_AUDIT_NODE
8,380,353b473169eeea915d1ed4af,REQ-000380,d1610e7099c29cd4179cc64237dcd2afd89b9a365d26f6a26518b87ed9eb9288,1a8ca305d43e14bedaadb54100832a02b4b02c39f5fb7da3731b6bf5b7b563de,7adb8a0bf2d03e9ba1a880606f24e71d7be28fc6f31871e558b969c61e60d8af,COURT_ICJS_AUDIT_NODE
8,381,964a5a03d8ae262c2be13f80,REQ-000381,3c8ed69e29a4149cb856458842b3464950ee2e83de24da6f4b0f97c81016fe34,1a8ca305d43e14bedaadb54100832a02b4b02c39f5fb7da3731b6bf5b7b563de,7adb8a0bf2d03e9ba1a880606f24e71d7be28fc6f31871e558b969c61e60d8af,COURT_ICJS_AUDIT_NODE
8,382,ccc94a92b72e4be9557cdb6a,REQ-000382,3a264bfdc0023c15ecb48f52ffb152be31e09d3694d1ed6b45d54b6c30fc58ae,1a8ca305d43e14bedaadb54100832a02b4b02c39f5fb7da3731b6bf5b7b563de,7adb8a0bf2d03e9ba1a880606f24e71d7be28fc6f31871e558b969c61e60d8af,COURT_ICJS_AUDIT_NODE
8,383,83bace242698b73980f323b2,REQ-000383,5f04fe06799301f7af8b964999322a76b957632051310723a14b2db648940388,1a8ca305d43e14bedaadb54100832a02b4b02c39f5fb7da3731b6bf5b7b563de,7adb8a0bf2d03e9ba1a880606f24e71d7be28fc6f31871e558b969c61e60d8af,COURT_ICJS_AUDIT_NODE
8,384,b7d4e40fb2121d2bea82a643,REQ-000384,b862e5527b67334cbbbeb0319ca4098052b9206c5cc51e2c808ea47008b955ee,1a8ca305d43e14bedaadb54100832a02b4b02c39f5fb7da3731b6bf5b7b563de,7adb8a0bf2d03e9ba1a880606f24e71d7be28fc6f31871e558b969c61e60d8af,COURT_ICJS_AUDIT_NODE
8,385,75c31220991b42733ac8b6b0,REQ-000385,1d9869f8d6da0ba65dccbb9cc631e68c1a2f102705ff953ac7a09b8a4ed63203,1a8ca305d43e14bedaadb54100832a02b4b02c39f5fb7da3731b6bf5b7b563de,7adb8a0bf2d03e9ba1a880606f24e71d7be28fc6f31871e558b969c61e60d8af,COURT_ICJS_AUDIT_NODE
8,386,a35125e18175ebb274891952,REQ-000386,f225a1fdeeb65f5635e35b183f791b5fefc52f00ab1a938b22929a7d2931d5ee,1a8ca305d43e14bedaadb54100832a02b4b02c39f5fb7da3731b6bf5b7b563de,7adb8a0bf2d03e9ba1a880606f24e71d7be28fc6f31871e558b969c61e60d8af,COURT_ICJS_AUDIT_NODE
8,387,f4a9068e891111fdd75d6154,REQ-000387,883a9f023f71353290e7ca2e0ba0605467cb0d4163e6fb680543b0dec90b7411,1a8ca305d43e14bedaadb54100832a02b4b02c39f5fb7da3731b6bf5b7b563de,7adb8a0bf2d03e9ba1a880606f24e71d7be28fc6f31871e558b969c61e60d8af,COURT_ICJS_AUDIT_NODE
8,388,e019854af54d3f4c6ff1f0fe,REQ-000388,81e57170a386786c5220c45d98458dbe3ffe44a5058011ef4c1d2f48840692b2,1a8ca305d43e14bedaadb54100832a02b4b02c39f5fb7da3731b6bf5b7b563de,7adb8a0bf2d03e9ba1a880606f24e71d7be28fc6f31871e558b969c61e60d8af,COURT_ICJS_AUDIT_NODE
8,389,3b48721d2890f8eb47ac8a69,REQ-000389,e3bbe4c07c20f2fe453448090238852fff67b992036b8efc24865b86e6b98728,1a8ca305d43e14bedaadb54100832a02b4b02c39f5fb7da3731b6bf5b7b563de,7adb8a0bf2d03e9ba1a880606f24e71d7be28fc6f31871e558b969c61e60d8af,COURT_ICJS_AUDIT_NODE
8,390,2a20191e96d15f0f1d080bfb,REQ-000390,e4f9c97bfad738c5017a27120f9fec8e4b7f4ba68bbd7dc763bce29bdb0ef025,1a8ca305d43e14bedaadb54100832a02b4b02c39f5fb7da3731b6bf5b7b563de,7adb8a0bf2d03e9ba1a880606f24e71d7be28fc6f31871e558b969c61e60d8af,COURT_ICJS_AUDIT_NODE
8,391,97ce435be10445e7ea29e0c4,REQ-000391,c4e9a6dba6adeec3bc9080ba70e14a414df21db3ac09a6c38d86b5b9d6a3085d,1a8ca305d43e14bedaadb54100832a02b4b02c39f5fb7da3731b6bf5b7b563de,7adb8a0bf2d03e9ba1a880606f24e71d7be28fc6f31871e558b969c61e60d8af,COURT_ICJS_AUDIT_NODE
8,392,1c01e335722a88f6015627b7,REQ-000392,93d199d54319d50976e1c7a344154e891abb764386e8b646b3ed6afe7689e3f3,1a8ca305d43e14bedaadb54100832a02b4b02c39f5fb7da3731b6bf5b7b563de,7adb8a0bf2d03e9ba1a880606f24e71d7be28fc6f31871e558b969c61e60d8af,COURT_ICJS_AUDIT_NODE
8,393,99cb260f82a1cac145abfb51,REQ-000393,2a6302deb0e1f8b93e80e57aa6692581f385ba17a9b9639dc1d0d9f1052d1839,1a8ca305d43e14bedaadb54100832a02b4b02c39f5fb7da3731b6bf5b7b563de,7adb8a0bf2d03e9ba1a880606f24e71d7be28fc6f31871e558b969c61e60d8af,COURT_ICJS_AUDIT_NODE
8,394,1335331547f0f2ba686449af,REQ-000394,47cf59321119bb6866533b9fa154df7290c4ba9abce929d69ff0097c41d49209,1a8ca305d43e14bedaadb54100832a02b4b02c39f5fb7da3731b6bf5b7b563de,7adb8a0bf2d03e9ba1a880606f24e71d7be28fc6f31871e558b969c61e60d8af,COURT_ICJS_AUDIT_NODE
8,395,0bfd4417c05377749e7a466c,REQ-000395,bdcaab4c344a15735319fc10655e379684493e17c1acdc558b6b03441d6f4142,1a8ca305d43e14bedaadb54100832a02b4b02c39f5fb7da3731b6bf5b7b563de,7adb8a0bf2d03e9ba1a880606f24e71d7be28fc6f31871e558b969c61e60d8af,COURT_ICJS_AUDIT_NODE
8,396,c33cc375237959b8015bc9f3,REQ-000396,44368a3256e4df29d9b9dd34591867ab22ea25c901cff6cf4069b02bcad632de,1a8ca305d43e14bedaadb54100832a02b4b02c39f5fb7da3731b6bf5b7b563de,7adb8a0bf2d03e9ba1a880606f24e71d7be28fc6f31871e558b969c61e60d8af,COURT_ICJS_AUDIT_NODE
8,397,0cd0dac0b2219368832cd324,REQ-000397,addc8d66e006cd4fb361457155fa70a3fc8a0946f71fed80b3b458230392ba27,1a8ca305d43e14bedaadb54100832a02b4b02c39f5fb7da3731b6bf5b7b563de,7adb8a0bf2d03e9ba1a880606f24e71d7be28fc6f31871e558b969c61e60d8af,COURT_ICJS_AUDIT_NODE
8,398,313b1e8bb5738f392b66d346,REQ-000398,b2d348c66a16cd8dfb31432c7481bc2ecdef7f09974b443b454a39d82d6a23fd,1a8ca305d43e14bedaadb54100832a02b4b02c39f5fb7da3731b6bf5b7b563de,7adb8a0bf2d03e9ba1a880606f24e71d7be28fc6f31871e558b969c61e60d8af,COURT_ICJS_AUDIT_NODE
8,399,9d47f11816ee1ec7e09f51c3,REQ-000399,cb23247c2084b895a44061a524523e507bda1c95a698a404966d5694145ab136,1a8ca305d43e14bedaadb54100832a02b4b02c39f5fb7da3731b6bf5b7b563de,7adb8a0bf2d03e9ba1a880606f24e71d7be28fc6f31871e558b969c61e60d8af,COURT_ICJS_AUDIT_NODE
8,400,c5f0798ba450e18da77b23d3,REQ-000400,ccc4a0aecf76cd289abe858b4094ae2b0ed85ab74a26640627221227c78f6b86,1a8ca305d43e14bedaadb54100832a02b4b02c39f5fb7da3731b6bf5b7b563de,7adb8a0bf2d03e9ba1a880606f24e71d7be28fc6f31871e558b969c61e60d8af,COURT_ICJS_AUDIT_NODE
9,401,3602931293c8610407e67c0a,REQ-000401,a8a16c174d679856e4d2160c36400a2814f0a460af3ea25e337b25519551985c,302b95805a5ce1a0f8a7dcf9268d324fc7835e624c8d2ba0f1cef340d5db9578,9ce06e642911759ed732d53a79667dda768d73a711373d067e3f36006c1221d1,POLICE_AUDIT_NODE
9,402,fc037678d82c82f71fc0c385,REQ-000402,914fce8be201d85ac864e6118be49001d5baa0fb4fdf98778b7cd6b75840d0e9,302b95805a5ce1a0f8a7dcf9268d324fc7835e624c8d2ba0f1cef340d5db9578,9ce06e642911759ed732d53a79667dda768d73a711373d067e3f36006c1221d1,POLICE_AUDIT_NODE
9,403,0bb07f73a0ba1989a0e11da8,REQ-000403,9eaeb8f70fa40ef99c223b891445f57ca9ea353cdda6e9da820307bbdd176492,302b95805a5ce1a0f8a7dcf9268d324fc7835e624c8d2ba0f1cef340d5db9578,9ce06e642911759ed732d53a79667dda768d73a711373d067e3f36006c1221d1,POLICE_AUDIT_NODE
9,404,73c98a994f9a357c3decceb7,REQ-000404,d7732b868a794021bdc8c086b64075f0084c0f856b0ea5c5bb3367ad6eba397e,302b95805a5ce1a0f8a7dcf9268d324fc7835e624c8d2ba0f1cef340d5db9578,9ce06e642911759ed732d53a79667dda768d73a711373d067e3f36006c1221d1,POLICE_AUDIT_NODE
9,405,8aa06f2f5261a4e1ab550616,REQ-000405,24652317ff6f18b038141a6f87c85748cfd0b725110579eeeda072035ffca510,302b95805a5ce1a0f8a7dcf9268d324fc7835e624c8d2ba0f1cef340d5db9578,9ce06e642911759ed732d53a79667dda768d73a711373d067e3f36006c1221d1,POLICE_AUDIT_NODE
9,406,4deefbb9dcab13b0fddaefd4,REQ-000406,e3105f7da81a2ac2e921f92135a414d1b9077e8ccb1d47e43a660fdde26cca38,302b95805a5ce1a0f8a7dcf9268d324fc7835e624c8d2ba0f1cef340d5db9578,9ce06e642911759ed732d53a79667dda768d73a711373d067e3f36006c1221d1,POLICE_AUDIT_NODE
9,407,f6318a7b839444a6a424dd76,REQ-000407,a7a1a72568c1a53479e718f042afc6ff82e92c3bb3025f9605d502edbe92fb9a,302b95805a5ce1a0f8a7dcf9268d324fc7835e624c8d2ba0f1cef340d5db9578,9ce06e642911759ed732d53a79667dda768d73a711373d067e3f36006c1221d1,POLICE_AUDIT_NODE
9,408,4b97e5a66fdcff891b1620e9,REQ-000408,108c4b8e817367a6b9ecb41f4e0810e552b6d8eb930bb19707e853bfc40eb24b,302b95805a5ce1a0f8a7dcf9268d324fc7835e624c8d2ba0f1cef340d5db9578,9ce06e642911759ed732d53a79667dda768d73a711373d067e3f36006c1221d1,POLICE_AUDIT_NODE
9,409,1a5580d7bc8a0730b5a57b88,REQ-000409,b95f1beb5465eb89f49ae5020287233db6e852859fc502ed5c415169f2d4343c,302b95805a5ce1a0f8a7dcf9268d324fc7835e624c8d2ba0f1cef340d5db9578,9ce06e642911759ed732d53a79667dda768d73a711373d067e3f36006c1221d1,POLICE_AUDIT_NODE
9,410,12a0b6c3aa86ffee87966b0d,REQ-000410,e6bbb3d0d84afaa34d2d31d6548f6aa01e47ae5fcc43c7c079cc60ae560b1551,302b95805a5ce1a0f8a7dcf9268d324fc7835e624c8d2ba0f1cef340d5db9578,9ce06e642911759ed732d53a79667dda768d73a711373d067e3f36006c1221d1,POLICE_AUDIT_NODE
9,411,57724c4edc9c28182687a502,REQ-000411,6a3fceb3ee95db1695516fcb09c32906a4fa711fd9237b6e59a3d8015759eec9,302b95805a5ce1a0f8a7dcf9268d324fc7835e624c8d2ba0f1cef340d5db9578,9ce06e642911759ed732d53a79667dda768d73a711373d067e3f36006c1221d1,POLICE_AUDIT_NODE
9,412,ba24aa007a54b25ab7e0f436,REQ-000412,a3833510aadce0c7637fb7096058413345a36645e7b727161a5923378d64fe72,302b95805a5ce1a0f8a7dcf9268d324fc7835e624c8d2ba0f1cef340d5db9578,9ce06e642911759ed732d53a79667dda768d73a711373d067e3f36006c1221d1,POLICE_AUDIT_NODE
9,413,144522a3a5ab8d3f5f76c161,REQ-000413,9bf3b521a2e4bae11b219f42e2d5b9aaf9a25c847538795fbcedb97b5745174f,302b95805a5ce1a0f8a7dcf9268d324fc7835e624c8d2ba0f1cef340d5db9578,9ce06e642911759ed732d53a79667dda768d73a711373d067e3f36006c1221d1,POLICE_AUDIT_NODE
9,414,dcb980fabea45541fdaa7c43,REQ-000414,2ce1998be7644135d69b98049a4b81c7ba6a357ac6de8bfdf92e1d2cc7651f44,302b95805a5ce1a0f8a7dcf9268d324fc7835e624c8d2ba0f1cef340d5db9578,9ce06e642911759ed732d53a79667dda768d73a711373d067e3f36006c1221d1,POLICE_AUDIT_NODE
9,415,5c56f0af2b348040c170b768,REQ-000415,626f11207d3b3362b3c811a9c44992409f09a64f590e1ae1efde886c5ff377b4,302b95805a5ce1a0f8a7dcf9268d324fc7835e624c8d2ba0f1cef340d5db9578,9ce06e642911759ed732d53a79667dda768d73a711373d067e3f36006c1221d1,POLICE_AUDIT_NODE
9,416,a411391c282f51e9ac9533ae,REQ-000416,24fdd22748e01ec938591dcf845d01db1f7a1e5f3f7f605bff54d4a8e85ca9df,302b95805a5ce1a0f8a7dcf9268d324fc7835e624c8d2ba0f1cef340d5db9578,9ce06e642911759ed732d53a79667dda768d73a711373d067e3f36006c1221d1,POLICE_AUDIT_NODE
9,417,9017e756da6319a4375000a3,REQ-000417,a83eaf883956a44f7b4b477c4a0a8c49578e7f0814f8e656be73b9bf04f854fe,302b95805a5ce1a0f8a7dcf9268d324fc7835e624c8d2ba0f1cef340d5db9578,9ce06e642911759ed732d53a79667dda768d73a711373d067e3f36006c1221d1,POLICE_AUDIT_NODE
9,418,c9c5ca179b0ca0d5367ba0ce,REQ-000418,694c36909c1d64da295c4a9695f479ee1c026d213da9b04d1b1a4987209835a1,302b95805a5ce1a0f8a7dcf9268d324fc7835e624c8d2ba0f1cef340d5db9578,9ce06e642911759ed732d53a79667dda768d73a711373d067e3f36006c1221d1,POLICE_AUDIT_NODE
9,419,4f51b15b89fd0fb05137cdcd,REQ-000419,1557d335a4b0298abde2a34159ff91b182197cce4f0aba99ea00f2f000c31ffa,302b95805a5ce1a0f8a7dcf9268d324fc7835e624c8d2ba0f1cef340d5db9578,9ce06e642911759ed732d53a79667dda768d73a711373d067e3f36006c1221d1,POLICE_AUDIT_NODE
9,420,d8b7347ab1b4f78283818e67,REQ-000420,31993d4050050580632a196e16e79756f605d07a7a08bef5c19c154f19f4d64e,302b95805a5ce1a0f8a7dcf9268d324fc7835e624c8d2ba0f1cef340d5db9578,9ce06e642911759ed732d53a79667dda768d73a711373d067e3f36006c1221d1,POLICE_AUDIT_NODE
9,421,04b916748155afe33870b6eb,REQ-000421,3a1b273a78d52d72a9cd578c516420d5888bfe7ef0338e85d1b630e3214185d7,302b95805a5ce1a0f8a7dcf9268d324fc7835e624c8d2ba0f1cef340d5db9578,9ce06e642911759ed732d53a79667dda768d73a711373d067e3f36006c1221d1,POLICE_AUDIT_NODE
9,422,538d04aa17906cff53a88bb6,REQ-000422,562a73ca35769a0fe2809279d6a9c17b2e743096e1ce9087c2f1ce1f46e82a5f,302b95805a5ce1a0f8a7dcf9268d324fc7835e624c8d2ba0f1cef340d5db9578,9ce06e642911759ed732d53a79667dda768d73a711373d067e3f36006c1221d1,POLICE_AUDIT_NODE
9,423,4411e24170374939654d3b65,REQ-000423,697a257034139807a95262792d2e40f2a26d709badb76ba950bb0c8be6e2919b,302b95805a5ce1a0f8a7dcf9268d324fc7835e624c8d2ba0f1cef340d5db9578,9ce06e642911759ed732d53a79667dda768d73a711373d067e3f36006c1221d1,POLICE_AUDIT_NODE
9,424,cb87a5cdba63fb5bd13a1f52,REQ-000424,97f703e2b7f51409e261a99fcae09ac8fa0540704cd230879a49b74ac190b7e2,302b95805a5ce1a0f8a7dcf9268d324fc7835e624c8d2ba0f1cef340d5db9578,9ce06e642911759ed732d53a79667dda768d73a711373d067e3f36006c1221d1,POLICE_AUDIT_NODE
9,425,af19571eae1dca7fd65e3c4f,REQ-000425,ba29dc5835781f9f63454e8bbfe4dbc1cd67046745be836e02707e2756629129,302b95805a5ce1a0f8a7dcf9268d324fc7835e624c8d2ba0f1cef340d5db9578,9ce06e642911759ed732d53a79667dda768d73a711373d067e3f36006c1221d1,POLICE_AUDIT_NODE
9,426,b4f0a0641ef0e4c29b46f26e,REQ-000426,4b942d3b00778df5cc0582703944b7f319676d6d36969bb218a78a7ef18081c4,302b95805a5ce1a0f8a7dcf9268d324fc7835e624c8d2ba0f1cef340d5db9578,9ce06e642911759ed732d53a79667dda768d73a711373d067e3f36006c1221d1,POLICE_AUDIT_NODE
9,427,c3f31b28e2fc6e53d0c341a7,REQ-000427,6be42aa328364c09726227afdf8355a9c4a1eb72f73b0eee2c438b4b5cb6d79e,302b95805a5ce1a0f8a7dcf9268d324fc7835e624c8d2ba0f1cef340d5db9578,9ce06e642911759ed732d53a79667dda768d73a711373d067e3f36006c1221d1,POLICE_AUDIT_NODE
9,428,9f270c88b8460ce81e04e519,REQ-000428,80fe2363515cf5a45376875330b54a7d0dcdcec516107457414c05eeaae5f6f6,302b95805a5ce1a0f8a7dcf9268d324fc7835e624c8d2ba0f1cef340d5db9578,9ce06e642911759ed732d53a79667dda768d73a711373d067e3f36006c1221d1,POLICE_AUDIT_NODE
9,429,b26cc78a1c2089100bd0e3bc,REQ-000429,717dccf37c2629006aa0faea650fe136fbe8daffadf99226fce5cdaff865de01,302b95805a5ce1a0f8a7dcf9268d324fc7835e624c8d2ba0f1cef340d5db9578,9ce06e642911759ed732d53a79667dda768d73a711373d067e3f36006c1221d1,POLICE_AUDIT_NODE
9,430,9d9bde4ceb3ae3a2989bddb3,REQ-000430,197de783f430cd67501fb0cd6b8d301a00330f1bfcd88794e310436bebf538c9,302b95805a5ce1a0f8a7dcf9268d324fc7835e624c8d2ba0f1cef340d5db9578,9ce06e642911759ed732d53a79667dda768d73a711373d067e3f36006c1221d1,POLICE_AUDIT_NODE
9,431,7bd9d29b7b6f2f7a0f931bbc,REQ-000431,ee48e50aabdfa66e5fb87644fd1388e7cf620ecd4d9b22feac6b2bb5587ea4dc,302b95805a5ce1a0f8a7dcf9268d324fc7835e624c8d2ba0f1cef340d5db9578,9ce06e642911759ed732d53a79667dda768d73a711373d067e3f36006c1221d1,POLICE_AUDIT_NODE
9,432,216fffef4b6330e337843a4c,REQ-000432,ad764ccb455d2009313507baaa8812ad8ea9b9d5842364e070e43f84d6d5dacc,302b95805a5ce1a0f8a7dcf9268d324fc7835e624c8d2ba0f1cef340d5db9578,9ce06e642911759ed732d53a79667dda768d73a711373d067e3f36006c1221d1,POLICE_AUDIT_NODE
9,433,2220e67ff81997fd27306638,REQ-000433,c3d14bb857b12cc21d5ab3c85c47cd752212d199b4dd37bd3c9dff80adf8c1c4,302b95805a5ce1a0f8a7dcf9268d324fc7835e624c8d2ba0f1cef340d5db9578,9ce06e642911759ed732d53a79667dda768d73a711373d067e3f36006c1221d1,POLICE_AUDIT_NODE
9,434,3994a11061e619b2d9c80bb7,REQ-000434,d8fd6d5870d1a5fa1d77d4ffc1221d010edbb550fe076ae1a99e079e312095ba,302b95805a5ce1a0f8a7dcf9268d324fc7835e624c8d2ba0f1cef340d5db9578,9ce06e642911759ed732d53a79667dda768d73a711373d067e3f36006c1221d1,POLICE_AUDIT_NODE
9,435,34ea9f01de02db2105757a98,REQ-000435,19ff311d72a38b6448876d0e46dd6806d1ba616febc9e5ae650c5100e338e03c,302b95805a5ce1a0f8a7dcf9268d324fc7835e624c8d2ba0f1cef340d5db9578,9ce06e642911759ed732d53a79667dda768d73a711373d067e3f36006c1221d1,POLICE_AUDIT_NODE
9,436,2a4bc79c2a535f08b176cbd9,REQ-000436,4f24dc8255dbcf4951370f2553d25e99631b661137466413a8052616861730cb,302b95805a5ce1a0f8a7dcf9268d324fc7835e624c8d2ba0f1cef340d5db9578,9ce06e642911759ed732d53a79667dda768d73a711373d067e3f36006c1221d1,POLICE_AUDIT_NODE
9,437,3349a52b3dc5c420cce17ef7,REQ-000437,c5b0c94dd856e9de60e3ab84f97d8da714f1fd9a027f10c987aa15010aef0b9b,302b95805a5ce1a0f8a7dcf9268d324fc7835e624c8d2ba0f1cef340d5db9578,9ce06e642911759ed732d53a79667dda768d73a711373d067e3f36006c1221d1,POLICE_AUDIT_NODE
9,438,d2e43447d929e97efea950d6,REQ-000438,b9e42f6df1156dcec32e9e19f3a1b5dc8e91571e468cb5589b4e1635c46681e6,302b95805a5ce1a0f8a7dcf9268d324fc7835e624c8d2ba0f1cef340d5db9578,9ce06e642911759ed732d53a79667dda768d73a711373d067e3f36006c1221d1,POLICE_AUDIT_NODE
9,439,e0e10e56d8439b22d0f4c825,REQ-000439,a562c2b2c644d0c9d63fae82c4526d434e1138288541bee43de8402ec19bbeff,302b95805a5ce1a0f8a7dcf9268d324fc7835e624c8d2ba0f1cef340d5db9578,9ce06e642911759ed732d53a79667dda768d73a711373d067e3f36006c1221d1,POLICE_AUDIT_NODE
9,440,a2dea217f8a14545c0ac7039,REQ-000440,d17a52e55c4129f023bfd5ab5256332ed64a384b1d884ddf483e55d7c7699632,302b95805a5ce1a0f8a7dcf9268d324fc7835e624c8d2ba0f1cef340d5db9578,9ce06e642911759ed732d53a79667dda768d73a711373d067e3f36006c1221d1,POLICE_AUDIT_NODE
9,441,c93a419933af6c4a00297ddd,REQ-000441,0ba09914b4d86ac7ee595541560996c0118f5639e4e0788f320e89e0d3888ec8,302b95805a5ce1a0f8a7dcf9268d324fc7835e624c8d2ba0f1cef340d5db9578,9ce06e642911759ed732d53a79667dda768d73a711373d067e3f36006c1221d1,POLICE_AUDIT_NODE
9,442,b1e063e86626656cc2d54422,REQ-000442,a443fb71eed0822bcfa470ab122ebb1e634c6939135f19f0f6d0197c2fbb3f96,302b95805a5ce1a0f8a7dcf9268d324fc7835e624c8d2ba0f1cef340d5db9578,9ce06e642911759ed732d53a79667dda768d73a711373d067e3f36006c1221d1,POLICE_AUDIT_NODE
9,443,1564a05168b1f69e28e1182b,REQ-000443,5910439cf4f0a7ae84091bdcde01d634ff4ec2e5e451b1c7a79fc32ed92af11e,302b95805a5ce1a0f8a7dcf9268d324fc7835e624c8d2ba0f1cef340d5db9578,9ce06e642911759ed732d53a79667dda768d73a711373d067e3f36006c1221d1,POLICE_AUDIT_NODE
9,444,ae1ea24c2be8751e314687c2,REQ-000444,92f23b393b5521539712d40e125fe5ca6f1b919592e04edb47711946e79f7dc8,302b95805a5ce1a0f8a7dcf9268d324fc7835e624c8d2ba0f1cef340d5db9578,9ce06e642911759ed732d53a79667dda768d73a711373d067e3f36006c1221d1,POLICE_AUDIT_NODE
9,445,83b768e6f4bf10091c523c61,REQ-000445,80aa6af41064b51803a53b94add7524f9fdf4f12b0c15d5811cda37985e46754,302b95805a5ce1a0f8a7dcf9268d324fc7835e624c8d2ba0f1cef340d5db9578,9ce06e642911759ed732d53a79667dda768d73a711373d067e3f36006c1221d1,POLICE_AUDIT_NODE
9,446,6a817cb3ee76de6945953486,REQ-000446,1cd04a50024fb92174c79630a6f68cbefa5c2b3aed5802ec82a1b015892147ec,302b95805a5ce1a0f8a7dcf9268d324fc7835e624c8d2ba0f1cef340d5db9578,9ce06e642911759ed732d53a79667dda768d73a711373d067e3f36006c1221d1,POLICE_AUDIT_NODE
9,447,1487787a1878b7cca552f5d5,REQ-000447,931b7f07d24a93c8a91ec05f2dcdc35f1af48ac9c264e0aa5b44e0d0a4e708ee,302b95805a5ce1a0f8a7dcf9268d324fc7835e624c8d2ba0f1cef340d5db9578,9ce06e642911759ed732d53a79667dda768d73a711373d067e3f36006c1221d1,POLICE_AUDIT_NODE
9,448,46b8d644448eae3a329497d4,REQ-000448,57d4768f68e24e7180a3be51247cc05b1604b0f459ebfe144e0d59523d752311,302b95805a5ce1a0f8a7dcf9268d324fc7835e624c8d2ba0f1cef340d5db9578,9ce06e642911759ed732d53a79667dda768d73a711373d067e3f36006c1221d1,POLICE_AUDIT_NODE
9,449,60cb06499837ee3b6ec35186,REQ-000449,4d66485a3e32d06bac880376d03996d1f9e39c2c5d26c16cc068cc862de63028,302b95805a5ce1a0f8a7dcf9268d324fc7835e624c8d2ba0f1cef340d5db9578,9ce06e642911759ed732d53a79667dda768d73a711373d067e3f36006c1221d1,POLICE_AUDIT_NODE
9,450,b0b5dc9473bb3a847a9f7d24,REQ-000450,c79a746a4427a062b2e35bfce93e6af1257714eceb183749bf75dfb04201876b,302b95805a5ce1a0f8a7dcf9268d324fc7835e624c8d2ba0f1cef340d5db9578,9ce06e642911759ed732d53a79667dda768d73a711373d067e3f36006c1221d1,POLICE_AUDIT_NODE
10,451,33ddd500ccd57f8602b4a9f9,REQ-000451,a875ba08d6006e2ea9a739973c45876c355c009a79dd71d8286eb8d687428635,c48539394ad0c37df43e619560dc12103014b5151259e4df48a60186fe9c5db1,d323ebb20582b540296fefe78508a441a259baee44bd50e2bd356d10d30ee8e9,FORENSIC_AUDIT_NODE
10,452,a050d686921e68a4c4f08fdb,REQ-000452,839287e773788b43835c02360de6475af5c2f49494951611e35b362509b0813d,c48539394ad0c37df43e619560dc12103014b5151259e4df48a60186fe9c5db1,d323ebb20582b540296fefe78508a441a259baee44bd50e2bd356d10d30ee8e9,FORENSIC_AUDIT_NODE
10,453,1f6c2459b3cbe1ef60ec4d8a,REQ-000453,9841f4de533f80a119fbe053a00f3435b2af0e4d166b126f6d48f1d07b2e6cf0,c48539394ad0c37df43e619560dc12103014b5151259e4df48a60186fe9c5db1,d323ebb20582b540296fefe78508a441a259baee44bd50e2bd356d10d30ee8e9,FORENSIC_AUDIT_NODE
10,454,b83c840a91eb501b91e2784d,REQ-000454,4d53239081491fc33280fea02385d7e231d3bb8f707cd8ef8c9ec9004e685e6d,c48539394ad0c37df43e619560dc12103014b5151259e4df48a60186fe9c5db1,d323ebb20582b540296fefe78508a441a259baee44bd50e2bd356d10d30ee8e9,FORENSIC_AUDIT_NODE
10,455,be1966b5e945ed706ca19a4a,REQ-000455,f279fc8ef588d52458926cb2ce2d4996bfc0e543c84d11149c7f0d2951a57ca3,c48539394ad0c37df43e619560dc12103014b5151259e4df48a60186fe9c5db1,d323ebb20582b540296fefe78508a441a259baee44bd50e2bd356d10d30ee8e9,FORENSIC_AUDIT_NODE
10,456,bbc8b3288f3fc005b4a02efd,REQ-000456,bb7f6128310845d17bf1db88d0b928f6758d6e8105167b330e477246b961b5eb,c48539394ad0c37df43e619560dc12103014b5151259e4df48a60186fe9c5db1,d323ebb20582b540296fefe78508a441a259baee44bd50e2bd356d10d30ee8e9,FORENSIC_AUDIT_NODE
10,457,ea2c601988c60ff163960b79,REQ-000457,68dc3a9e06a7b88166eb7a4cf2d9090d7c9d2c78132d459a92f288fb636312bb,c48539394ad0c37df43e619560dc12103014b5151259e4df48a60186fe9c5db1,d323ebb20582b540296fefe78508a441a259baee44bd50e2bd356d10d30ee8e9,FORENSIC_AUDIT_NODE
10,458,a61303cf2a7d8457139c464c,REQ-000458,8a073507820be0fabf0361a0186d306304b1f692421d85bb9db820caddd89cad,c48539394ad0c37df43e619560dc12103014b5151259e4df48a60186fe9c5db1,d323ebb20582b540296fefe78508a441a259baee44bd50e2bd356d10d30ee8e9,FORENSIC_AUDIT_NODE
10,459,0ac70b34e4c10f505760542b,REQ-000459,32d122c2a0f64fe03d4fa27bcff5174a510435b8509b3649b2459b52169be190,c48539394ad0c37df43e619560dc12103014b5151259e4df48a60186fe9c5db1,d323ebb20582b540296fefe78508a441a259baee44bd50e2bd356d10d30ee8e9,FORENSIC_AUDIT_NODE
10,460,cc8dbe8c8b81e22f6ef118b1,REQ-000460,ef4d1572181a2435aebc2506fc1f4a12b09f9f88bb8c82954a7e9792d77ae974,c48539394ad0c37df43e619560dc12103014b5151259e4df48a60186fe9c5db1,d323ebb20582b540296fefe78508a441a259baee44bd50e2bd356d10d30ee8e9,FORENSIC_AUDIT_NODE
10,461,971defa14bcacf1f5c1bcdf9,REQ-000461,a698bd6ff4864d68838591ee4432a3bf973ad040bacee2395a1d6c9b21c2e627,c48539394ad0c37df43e619560dc12103014b5151259e4df48a60186fe9c5db1,d323ebb20582b540296fefe78508a441a259baee44bd50e2bd356d10d30ee8e9,FORENSIC_AUDIT_NODE
10,462,d7f538ce4c1765e490ee3b1f,REQ-000462,bbae99fa7b1019358c0eed03a9a331a2562cbe955d1d2e3c532f53fec0802430,c48539394ad0c37df43e619560dc12103014b5151259e4df48a60186fe9c5db1,d323ebb20582b540296fefe78508a441a259baee44bd50e2bd356d10d30ee8e9,FORENSIC_AUDIT_NODE
10,463,e01bf8eadadd1b593be41f8e,REQ-000463,605c13c92069187b8d5c7af83efe3130bd4f003f5f7410fbb1fafd7ca40d907d,c48539394ad0c37df43e619560dc12103014b5151259e4df48a60186fe9c5db1,d323ebb20582b540296fefe78508a441a259baee44bd50e2bd356d10d30ee8e9,FORENSIC_AUDIT_NODE
10,464,0586cfd90920daed42cec8ee,REQ-000464,0a27963bea8900df65916a2593c383eb166fb86346661c06002836fde808c1c8,c48539394ad0c37df43e619560dc12103014b5151259e4df48a60186fe9c5db1,d323ebb20582b540296fefe78508a441a259baee44bd50e2bd356d10d30ee8e9,FORENSIC_AUDIT_NODE
10,465,100897752fef103a33afab29,REQ-000465,18681bc3874d024629d7088c4b771e48007abd33815d134f6ef2f7b57ba79eb1,c48539394ad0c37df43e619560dc12103014b5151259e4df48a60186fe9c5db1,d323ebb20582b540296fefe78508a441a259baee44bd50e2bd356d10d30ee8e9,FORENSIC_AUDIT_NODE
10,466,ce8959e9000c651456fee6d8,REQ-000466,1f6707af3b1c6523559b19e1f84615c3531167060498b8c4fe268b7dd0114c9d,c48539394ad0c37df43e619560dc12103014b5151259e4df48a60186fe9c5db1,d323ebb20582b540296fefe78508a441a259baee44bd50e2bd356d10d30ee8e9,FORENSIC_AUDIT_NODE
10,467,049ddd1c50fe9a544642bfe7,REQ-000467,e14ae3d24be320f2279f5bfea4c03e34363914033ca6ad067a7ef20497506920,c48539394ad0c37df43e619560dc12103014b5151259e4df48a60186fe9c5db1,d323ebb20582b540296fefe78508a441a259baee44bd50e2bd356d10d30ee8e9,FORENSIC_AUDIT_NODE
10,468,ec3111db3ee7bab2402eb69b,REQ-000468,36919da22c01cf71baa70256eb66e7e6d57274bd0e6c959d4cc3149bd57e7c5c,c48539394ad0c37df43e619560dc12103014b5151259e4df48a60186fe9c5db1,d323ebb20582b540296fefe78508a441a259baee44bd50e2bd356d10d30ee8e9,FORENSIC_AUDIT_NODE
10,469,c04a132f1efd9251bb82fdd4,REQ-000469,eadeab6c058d6a8667421a577d52698978e887f8cd79779a11af4d235ae3ad21,c48539394ad0c37df43e619560dc12103014b5151259e4df48a60186fe9c5db1,d323ebb20582b540296fefe78508a441a259baee44bd50e2bd356d10d30ee8e9,FORENSIC_AUDIT_NODE
10,470,409b45b3472e3567889b9e73,REQ-000470,55e48d93cb2a9707bd616d5170aa0d024a1b7a147ea2cf115a9cfa54882a2d04,c48539394ad0c37df43e619560dc12103014b5151259e4df48a60186fe9c5db1,d323ebb20582b540296fefe78508a441a259baee44bd50e2bd356d10d30ee8e9,FORENSIC_AUDIT_NODE
10,471,58f765c12dfae595aec3b85c,REQ-000471,adfd4b8d3fae67a8ea7753fe154e3832dae8aacaabea86a74977e2c6546b9742,c48539394ad0c37df43e619560dc12103014b5151259e4df48a60186fe9c5db1,d323ebb20582b540296fefe78508a441a259baee44bd50e2bd356d10d30ee8e9,FORENSIC_AUDIT_NODE
10,472,3e6da8e6e8c306108709ed62,REQ-000472,d15c1acaf8016dff0c480d899d136382bb2e58e2b590973285f2496dcac0dff3,c48539394ad0c37df43e619560dc12103014b5151259e4df48a60186fe9c5db1,d323ebb20582b540296fefe78508a441a259baee44bd50e2bd356d10d30ee8e9,FORENSIC_AUDIT_NODE
10,473,f0e028c95aed659b3ffab7bf,REQ-000473,a250bc952d07df29f60e37e45774e03e2f5cf689f408c86089e0f2b08f35da2f,c48539394ad0c37df43e619560dc12103014b5151259e4df48a60186fe9c5db1,d323ebb20582b540296fefe78508a441a259baee44bd50e2bd356d10d30ee8e9,FORENSIC_AUDIT_NODE
10,474,ca925da9969d8e7f3fbee62d,REQ-000474,dfaf3f9310e17fdfb12634cb2c5b44786b0cfc62ebb4911b7d85cdefcc11d339,c48539394ad0c37df43e619560dc12103014b5151259e4df48a60186fe9c5db1,d323ebb20582b540296fefe78508a441a259baee44bd50e2bd356d10d30ee8e9,FORENSIC_AUDIT_NODE
10,475,cf77ac8b368e41cb0c8ae8df,REQ-000475,30848491ee4556f7372cabb4e65e3e68fa39630479c7e92baa0f921ca2dea372,c48539394ad0c37df43e619560dc12103014b5151259e4df48a60186fe9c5db1,d323ebb20582b540296fefe78508a441a259baee44bd50e2bd356d10d30ee8e9,FORENSIC_AUDIT_NODE
10,476,0add78cef8739fd7a075691f,REQ-000476,01223eeba02999bdbae2a9196b275d8f04ebc2d9f5bbb5d42c6356fbbbcbee79,c48539394ad0c37df43e619560dc12103014b5151259e4df48a60186fe9c5db1,d323ebb20582b540296fefe78508a441a259baee44bd50e2bd356d10d30ee8e9,FORENSIC_AUDIT_NODE
10,477,7fef60adf82f23dec7e3e1b5,REQ-000477,fdf8cf88a08f1f791e4f677651408113028eeedc37954bf67f2c3fb09385e48b,c48539394ad0c37df43e619560dc12103014b5151259e4df48a60186fe9c5db1,d323ebb20582b540296fefe78508a441a259baee44bd50e2bd356d10d30ee8e9,FORENSIC_AUDIT_NODE
10,478,ca81ae240a6961cc2d22f67b,REQ-000478,a3facca54a093ffe94f8d40ee5da0f42efde8556b3197ddf5d877e993eecb86e,c48539394ad0c37df43e619560dc12103014b5151259e4df48a60186fe9c5db1,d323ebb20582b540296fefe78508a441a259baee44bd50e2bd356d10d30ee8e9,FORENSIC_AUDIT_NODE
10,479,39a73bc1fc3e722ab52956ca,REQ-000479,7f020c057188b1c5b38f19168f1b0ae0594b0a2b469057874095c8a1bf270319,c48539394ad0c37df43e619560dc12103014b5151259e4df48a60186fe9c5db1,d323ebb20582b540296fefe78508a441a259baee44bd50e2bd356d10d30ee8e9,FORENSIC_AUDIT_NODE
10,480,db277c9eea99cf2e9a74d5d4,REQ-000480,f3681fe1240a3d207ce8248af17e5e25aa8cbdda09e7038de6d1e497bb9eefe8,c48539394ad0c37df43e619560dc12103014b5151259e4df48a60186fe9c5db1,d323ebb20582b540296fefe78508a441a259baee44bd50e2bd356d10d30ee8e9,FORENSIC_AUDIT_NODE
10,481,a55ad051c6e018fe6c674614,REQ-000481,2dc96d6d5d546f8e86cce2edd43098670ff770f6c4528d3c57ac7a9c4506e95b,c48539394ad0c37df43e619560dc12103014b5151259e4df48a60186fe9c5db1,d323ebb20582b540296fefe78508a441a259baee44bd50e2bd356d10d30ee8e9,FORENSIC_AUDIT_NODE
10,482,49abc12a7621f4ea56f15043,REQ-000482,a63bd604dce34cde05cb9e2cf22c67dd67333555370ac4e3c1be16dfc04c9f53,c48539394ad0c37df43e619560dc12103014b5151259e4df48a60186fe9c5db1,d323ebb20582b540296fefe78508a441a259baee44bd50e2bd356d10d30ee8e9,FORENSIC_AUDIT_NODE
10,483,fc4214025e42ec183a72ce70,REQ-000483,54d1ab50bfea6ba6388012c3efd861031b84a95145a4f1bb60a618f683fdec82,c48539394ad0c37df43e619560dc12103014b5151259e4df48a60186fe9c5db1,d323ebb20582b540296fefe78508a441a259baee44bd50e2bd356d10d30ee8e9,FORENSIC_AUDIT_NODE
10,484,61756374927e63921d74c8dd,REQ-000484,82c279d237d7d940de7743f1d530020896de937fb5bd1731daceb0c0d5f5a2cc,c48539394ad0c37df43e619560dc12103014b5151259e4df48a60186fe9c5db1,d323ebb20582b540296fefe78508a441a259baee44bd50e2bd356d10d30ee8e9,FORENSIC_AUDIT_NODE
10,485,ad476600e1777f5349c50043,REQ-000485,e7226b065b8a9d7d4d06b370746210435ba41a058cc2418e8880df4aa2f6073a,c48539394ad0c37df43e619560dc12103014b5151259e4df48a60186fe9c5db1,d323ebb20582b540296fefe78508a441a259baee44bd50e2bd356d10d30ee8e9,FORENSIC_AUDIT_NODE
10,486,7c19e771efed6d99886f6b0c,REQ-000486,fc501cb07a424dc7e62e4958cf103e7d0842c8cc608101b6c6754958c15c35d2,c48539394ad0c37df43e619560dc12103014b5151259e4df48a60186fe9c5db1,d323ebb20582b540296fefe78508a441a259baee44bd50e2bd356d10d30ee8e9,FORENSIC_AUDIT_NODE
10,487,fe2dbdb1879c6089ae495faa,REQ-000487,81f336d620ac33a029cb35fbfd78ed01a115756fb87b50af8ac9133548161182,c48539394ad0c37df43e619560dc12103014b5151259e4df48a60186fe9c5db1,d323ebb20582b540296fefe78508a441a259baee44bd50e2bd356d10d30ee8e9,FORENSIC_AUDIT_NODE
10,488,9871abe9bfcea0bcb3d715fc,REQ-000488,5ae261d7ca40e900c3a4c444629bc62483024bc3cd1b0305cadd4830a2e5a009,c48539394ad0c37df43e619560dc12103014b5151259e4df48a60186fe9c5db1,d323ebb20582b540296fefe78508a441a259baee44bd50e2bd356d10d30ee8e9,FORENSIC_AUDIT_NODE
10,489,d5edd03360791986f960b2ea,REQ-000489,0890b69049ea25346fadf04097e428c7b9c075f833a7f269cc88cef5e5ba421a,c48539394ad0c37df43e619560dc12103014b5151259e4df48a60186fe9c5db1,d323ebb20582b540296fefe78508a441a259baee44bd50e2bd356d10d30ee8e9,FORENSIC_AUDIT_NODE
10,490,f67fd89fb6f143efabfdaf73,REQ-000490,32a497681c25787d3d38a0f51acac009b9f41dba20c08525b0079677b3642d35,c48539394ad0c37df43e619560dc12103014b5151259e4df48a60186fe9c5db1,d323ebb20582b540296fefe78508a441a259baee44bd50e2bd356d10d30ee8e9,FORENSIC_AUDIT_NODE
10,491,e8021eff15bf8463c5480566,REQ-000491,c42d34790a8527ed8a048f061af4ba35721eda803925e418947acdd75fc5d956,c48539394ad0c37df43e619560dc12103014b5151259e4df48a60186fe9c5db1,d323ebb20582b540296fefe78508a441a259baee44bd50e2bd356d10d30ee8e9,FORENSIC_AUDIT_NODE
10,492,e47b9df904eeb706baf2837c,REQ-000492,ec694ae7478dfbc9642b7c78cabb739c13547e9626ace9374babdda33bc472a0,c48539394ad0c37df43e619560dc12103014b5151259e4df48a60186fe9c5db1,d323ebb20582b540296fefe78508a441a259baee44bd50e2bd356d10d30ee8e9,FORENSIC_AUDIT_NODE
10,493,7a60d3ea87067a57541178b0,REQ-000493,a2a54c49957e479b738b7bbe88c18271abbcb73359b3808b3d95e843dad1720d,c48539394ad0c37df43e619560dc12103014b5151259e4df48a60186fe9c5db1,d323ebb20582b540296fefe78508a441a259baee44bd50e2bd356d10d30ee8e9,FORENSIC_AUDIT_NODE
10,494,d8daa727e48845ee903b7037,REQ-000494,eab9ecfbbe6137e148a56da13983de6f0a5f45b4c34cda21d61bceb9013e4444,c48539394ad0c37df43e619560dc12103014b5151259e4df48a60186fe9c5db1,d323ebb20582b540296fefe78508a441a259baee44bd50e2bd356d10d30ee8e9,FORENSIC_AUDIT_NODE
10,495,c07246559dc214825d28a07f,REQ-000495,200ad589bc8d4ff274dc36997de0e124704023cd13479e19cadfeb7830499d0a,c48539394ad0c37df43e619560dc12103014b5151259e4df48a60186fe9c5db1,d323ebb20582b540296fefe78508a441a259baee44bd50e2bd356d10d30ee8e9,FORENSIC_AUDIT_NODE
10,496,ea12f0ad2f5a1a6fed1202ae,REQ-000496,f39d2b0c7c881c13c5cf61a6a6472cde7c5b42dbd7fd78f3b938a86eff63722e,c48539394ad0c37df43e619560dc12103014b5151259e4df48a60186fe9c5db1,d323ebb20582b540296fefe78508a441a259baee44bd50e2bd356d10d30ee8e9,FORENSIC_AUDIT_NODE
10,497,c398ef3438d4bcbcc11b3d44,REQ-000497,8fb56296567ffde39f03a99bbc036f9bc223bb8a1096fb7d4a3cad083d501460,c48539394ad0c37df43e619560dc12103014b5151259e4df48a60186fe9c5db1,d323ebb20582b540296fefe78508a441a259baee44bd50e2bd356d10d30ee8e9,FORENSIC_AUDIT_NODE
10,498,4bb053bd7cc396825bc113bc,REQ-000498,1666c6e17b3f830c1430861ee1dc85749ae6a8b5b1dd2dcc91d5d1335949f5b7,c48539394ad0c37df43e619560dc12103014b5151259e4df48a60186fe9c5db1,d323ebb20582b540296fefe78508a441a259baee44bd50e2bd356d10d30ee8e9,FORENSIC_AUDIT_NODE
10,499,bf317b0890671e9aab1da45c,REQ-000499,12f4c21fb6044252dd7548aaa378a26f056d6a97d0d2724f9f906ff5e3f31b4e,c48539394ad0c37df43e619560dc12103014b5151259e4df48a60186fe9c5db1,d323ebb20582b540296fefe78508a441a259baee44bd50e2bd356d10d30ee8e9,FORENSIC_AUDIT_NODE
10,500,b7435187e72f0a4259498956,REQ-000500,a79b71ca4ad5684fddaaa212800d06953379c2c567fa43e0abae64338829c16a,c48539394ad0c37df43e619560dc12103014b5151259e4df48a60186fe9c5db1,d323ebb20582b540296fefe78508a441a259baee44bd50e2bd356d10d30ee8e9,FORENSIC_AUDIT_NODE
11,501,30971ccdcd54aae283fc9e76,REQ-000501,808bdbed7f8f348d1fa2905a453fef8625b5507afbec70207f57564488f56b96,95f2b4f06263346fa8fcc82728e52f7910e3f6544df102d50e8aa5a7884b09f1,f93742760d077eff9c3662316d70e1d96ab190336234f90ec15549e094702813,PROSECUTION_AUDIT_NODE
11,502,eff06f1d75ac1d2f227ec546,REQ-000502,88724f318ce8fcf16d1420026539e35998ffcf41b8363cdee19ffe3cf237c009,95f2b4f06263346fa8fcc82728e52f7910e3f6544df102d50e8aa5a7884b09f1,f93742760d077eff9c3662316d70e1d96ab190336234f90ec15549e094702813,PROSECUTION_AUDIT_NODE
11,503,c67b804921274f41fa2b1cd7,REQ-000503,e05e4a8d6257c0d79f0966652173e4c1daeef35e7ec7d11287b78ab930c43b23,95f2b4f06263346fa8fcc82728e52f7910e3f6544df102d50e8aa5a7884b09f1,f93742760d077eff9c3662316d70e1d96ab190336234f90ec15549e094702813,PROSECUTION_AUDIT_NODE
11,504,b583f16312367716fcbfeba7,REQ-000504,b1388a2f06e5a9e7efdd79c14fbe52541295f22b95a095e3d1cc7a9824d8c650,95f2b4f06263346fa8fcc82728e52f7910e3f6544df102d50e8aa5a7884b09f1,f93742760d077eff9c3662316d70e1d96ab190336234f90ec15549e094702813,PROSECUTION_AUDIT_NODE
11,505,b48e9fd2eaac739dff534ab5,REQ-000505,85870e4d00510407a4fedb9a7128767142332a044e63ce81bb7438938c8ca554,95f2b4f06263346fa8fcc82728e52f7910e3f6544df102d50e8aa5a7884b09f1,f93742760d077eff9c3662316d70e1d96ab190336234f90ec15549e094702813,PROSECUTION_AUDIT_NODE
11,506,6207036c28b6aa5aa310eb03,REQ-000506,56d98f4e2f6d1fefc829ba9f05b4ed3d4bbaf021822e2026c090f630338903d3,95f2b4f06263346fa8fcc82728e52f7910e3f6544df102d50e8aa5a7884b09f1,f93742760d077eff9c3662316d70e1d96ab190336234f90ec15549e094702813,PROSECUTION_AUDIT_NODE
11,507,7aaa9ebb285cde45a213f9d8,REQ-000507,5f51f44c9928babacf9990cd2719c4a65285e4b83a2a0a4ede25614ac76f6d5d,95f2b4f06263346fa8fcc82728e52f7910e3f6544df102d50e8aa5a7884b09f1,f93742760d077eff9c3662316d70e1d96ab190336234f90ec15549e094702813,PROSECUTION_AUDIT_NODE
11,508,53552d2d36867da645c1eb5f,REQ-000508,f47644bf626b7852361a53cb329c58f7e5bc351e010a7d5e4f58feb272658210,95f2b4f06263346fa8fcc82728e52f7910e3f6544df102d50e8aa5a7884b09f1,f93742760d077eff9c3662316d70e1d96ab190336234f90ec15549e094702813,PROSECUTION_AUDIT_NODE
11,509,ced6cd4a126a2db8064d2082,REQ-000509,29e93756ad649090853e6ea31c4e53beb55c8f23f49bdbcc68c1e2ee6ce18bb7,95f2b4f06263346fa8fcc82728e52f7910e3f6544df102d50e8aa5a7884b09f1,f93742760d077eff9c3662316d70e1d96ab190336234f90ec15549e094702813,PROSECUTION_AUDIT_NODE
11,510,1e1144427bcdd19c60bfcbd8,REQ-000510,0e8c6b271f55da3d1747a7f121696fb3347b0ad154d15303e1f166bf1db3c7d4,95f2b4f06263346fa8fcc82728e52f7910e3f6544df102d50e8aa5a7884b09f1,f93742760d077eff9c3662316d70e1d96ab190336234f90ec15549e094702813,PROSECUTION_AUDIT_NODE
11,511,76e23799172a8030fccab186,REQ-000511,38413a9c0f9c00e5d641016b70a70003494cb9980682a9d2689c9d8ea191617d,95f2b4f06263346fa8fcc82728e52f7910e3f6544df102d50e8aa5a7884b09f1,f93742760d077eff9c3662316d70e1d96ab190336234f90ec15549e094702813,PROSECUTION_AUDIT_NODE
11,512,29fbdd038374dbe4101b15e6,REQ-000512,3c51778bbf907aeb2ba0a7f5a865bef7de3f02e4bc51133e5694ca2d29faf9b8,95f2b4f06263346fa8fcc82728e52f7910e3f6544df102d50e8aa5a7884b09f1,f93742760d077eff9c3662316d70e1d96ab190336234f90ec15549e094702813,PROSECUTION_AUDIT_NODE
11,513,ed8e8e23413566dfe9548614,REQ-000513,2b8fe5312ac9b694afc352492454e5a0862320b8051dc0d4160f483f7b818735,95f2b4f06263346fa8fcc82728e52f7910e3f6544df102d50e8aa5a7884b09f1,f93742760d077eff9c3662316d70e1d96ab190336234f90ec15549e094702813,PROSECUTION_AUDIT_NODE
11,514,f533fd75357d437ccc671a30,REQ-000514,b54134c5a6187ff48ca7d06c2050dbddc3f1a45e9a7571883e2d038c75d2c304,95f2b4f06263346fa8fcc82728e52f7910e3f6544df102d50e8aa5a7884b09f1,f93742760d077eff9c3662316d70e1d96ab190336234f90ec15549e094702813,PROSECUTION_AUDIT_NODE
11,515,7a9209c6246b9b2fc47c7cdf,REQ-000515,ffd61fa7f8f715ec4a71b1d46eccf32d7e6c7adeebf036b8668279443db3e1fd,95f2b4f06263346fa8fcc82728e52f7910e3f6544df102d50e8aa5a7884b09f1,f93742760d077eff9c3662316d70e1d96ab190336234f90ec15549e094702813,PROSECUTION_AUDIT_NODE
11,516,49620ae75f21fe4fb23759ed,REQ-000516,1f45e9e30bb0efecd4be63f6824dfc92c82ad05bce50cfcc558e7baa03a7250b,95f2b4f06263346fa8fcc82728e52f7910e3f6544df102d50e8aa5a7884b09f1,f93742760d077eff9c3662316d70e1d96ab190336234f90ec15549e094702813,PROSECUTION_AUDIT_NODE
11,517,65c7c98218f5dcca125b455f,REQ-000517,57368ed5a695d05f56e6ac761bea5f455612322be3cb09cee4b61674f26ad8a9,95f2b4f06263346fa8fcc82728e52f7910e3f6544df102d50e8aa5a7884b09f1,f93742760d077eff9c3662316d70e1d96ab190336234f90ec15549e094702813,PROSECUTION_AUDIT_NODE
11,518,1203497e1486b48d33630a90,REQ-000518,303ac88f42bb82d356a7280a2bec23b632f7a2917712994bcc57040e16c81a5d,95f2b4f06263346fa8fcc82728e52f7910e3f6544df102d50e8aa5a7884b09f1,f93742760d077eff9c3662316d70e1d96ab190336234f90ec15549e094702813,PROSECUTION_AUDIT_NODE
11,519,cc96c9f3df75f377dbbd9c61,REQ-000519,df106398051e31436f5c70bfcbeae06f499da6817f5ed2ea13826aab79035649,95f2b4f06263346fa8fcc82728e52f7910e3f6544df102d50e8aa5a7884b09f1,f93742760d077eff9c3662316d70e1d96ab190336234f90ec15549e094702813,PROSECUTION_AUDIT_NODE
11,520,547cac7faaa535b8a1dd6d19,REQ-000520,da521d56c16bb98752e92fedfa86973ba0e8c0455215e5b20228cd486fc446ed,95f2b4f06263346fa8fcc82728e52f7910e3f6544df102d50e8aa5a7884b09f1,f93742760d077eff9c3662316d70e1d96ab190336234f90ec15549e094702813,PROSECUTION_AUDIT_NODE
11,521,1f2124a1b67177f59f916e68,REQ-000521,6f0c6dcb62a4f1175e849b321c642d6a3b9514a8a0666ff140f886b8788c2de2,95f2b4f06263346fa8fcc82728e52f7910e3f6544df102d50e8aa5a7884b09f1,f93742760d077eff9c3662316d70e1d96ab190336234f90ec15549e094702813,PROSECUTION_AUDIT_NODE
11,522,ee492efdcbaa969b52b0974a,REQ-000522,2410afd721f0aa3e2efcbd4f1b5b750d67f85f7751c877c17a183c9eb299dd9d,95f2b4f06263346fa8fcc82728e52f7910e3f6544df102d50e8aa5a7884b09f1,f93742760d077eff9c3662316d70e1d96ab190336234f90ec15549e094702813,PROSECUTION_AUDIT_NODE
11,523,f0d1cbee691e4a437d4ae685,REQ-000523,e13a52dd4fa697655c9f121ca731f985b102368a532497a657143c52223c3f59,95f2b4f06263346fa8fcc82728e52f7910e3f6544df102d50e8aa5a7884b09f1,f93742760d077eff9c3662316d70e1d96ab190336234f90ec15549e094702813,PROSECUTION_AUDIT_NODE
11,524,f588a695837403ac074b8c91,REQ-000524,0c9b17f1db2b8fec1a3622767a384e53710d2067bc57146b55746768c7016aaa,95f2b4f06263346fa8fcc82728e52f7910e3f6544df102d50e8aa5a7884b09f1,f93742760d077eff9c3662316d70e1d96ab190336234f90ec15549e094702813,PROSECUTION_AUDIT_NODE
11,525,dfee16d181400e8427b1acc7,REQ-000525,44fb7388d2f1bad8c252401e1aa0203f290a5791b1a30021ff1f9beeac63f7f7,95f2b4f06263346fa8fcc82728e52f7910e3f6544df102d50e8aa5a7884b09f1,f93742760d077eff9c3662316d70e1d96ab190336234f90ec15549e094702813,PROSECUTION_AUDIT_NODE
11,526,d28217c1ae4617131e8bbaea,REQ-000526,a15aa8acedc86cd29e8ccb81120bf5aeaaa0d84c8e761d70a3d8669aa903a3a2,95f2b4f06263346fa8fcc82728e52f7910e3f6544df102d50e8aa5a7884b09f1,f93742760d077eff9c3662316d70e1d96ab190336234f90ec15549e094702813,PROSECUTION_AUDIT_NODE
11,527,92f4d8a4efcdaa7e33498c85,REQ-000527,0aa82763928d765fbb8f763922fe6a03330d8bf317b9f4d5104fceacf2a26548,95f2b4f06263346fa8fcc82728e52f7910e3f6544df102d50e8aa5a7884b09f1,f93742760d077eff9c3662316d70e1d96ab190336234f90ec15549e094702813,PROSECUTION_AUDIT_NODE
11,528,594cf1b158b8e818f2b14407,REQ-000528,70badc42ca7617e85a3f57d1a71a5edcc1c656d1cb9b9d99c717093db707e328,95f2b4f06263346fa8fcc82728e52f7910e3f6544df102d50e8aa5a7884b09f1,f93742760d077eff9c3662316d70e1d96ab190336234f90ec15549e094702813,PROSECUTION_AUDIT_NODE
11,529,b5373d40afa2c53fabe70a78,REQ-000529,23d45ec0872349829ab2798bb2bf48bbd11c22556ab2069ad1cd0e1bff973415,95f2b4f06263346fa8fcc82728e52f7910e3f6544df102d50e8aa5a7884b09f1,f93742760d077eff9c3662316d70e1d96ab190336234f90ec15549e094702813,PROSECUTION_AUDIT_NODE
11,530,24dfecb048a154662367b79a,REQ-000530,772603878fac21c84b69b1c7bda5b20c5f372fb9da5bfb1e13d551c84a7b4845,95f2b4f06263346fa8fcc82728e52f7910e3f6544df102d50e8aa5a7884b09f1,f93742760d077eff9c3662316d70e1d96ab190336234f90ec15549e094702813,PROSECUTION_AUDIT_NODE
11,531,61b6cdf6ba62d487b0de4bea,REQ-000531,4318fffae38eb98a7221256fe0b7b7324f8d55bddf9a379fc7d7c7d6d2bcdbaa,95f2b4f06263346fa8fcc82728e52f7910e3f6544df102d50e8aa5a7884b09f1,f93742760d077eff9c3662316d70e1d96ab190336234f90ec15549e094702813,PROSECUTION_AUDIT_NODE
11,532,0189e63d231e93d31ec5cf30,REQ-000532,9bfb7c590698241385236f41e9dc8ac2a19b2420e311c26dbabf1477690c1dfc,95f2b4f06263346fa8fcc82728e52f7910e3f6544df102d50e8aa5a7884b09f1,f93742760d077eff9c3662316d70e1d96ab190336234f90ec15549e094702813,PROSECUTION_AUDIT_NODE
11,533,469ba932874c6c77fac93f14,REQ-000533,6c221f9b529146ee08d0ef2d819a33d3b9e89fa6df863bdfea4560b3ded992e8,95f2b4f06263346fa8fcc82728e52f7910e3f6544df102d50e8aa5a7884b09f1,f93742760d077eff9c3662316d70e1d96ab190336234f90ec15549e094702813,PROSECUTION_AUDIT_NODE
11,534,c75b2dde5a95a3f070ab717a,REQ-000534,62f7c240995761349243e0b711da6bd5a42e4733117ab2cf6e6985b6788e0e3e,95f2b4f06263346fa8fcc82728e52f7910e3f6544df102d50e8aa5a7884b09f1,f93742760d077eff9c3662316d70e1d96ab190336234f90ec15549e094702813,PROSECUTION_AUDIT_NODE
11,535,79e659cb42f3eb8e94f93f69,REQ-000535,ffbd62f791da9d6dd0c97c8163fb90eddd807635665cea96ec896547c94dc9c2,95f2b4f06263346fa8fcc82728e52f7910e3f6544df102d50e8aa5a7884b09f1,f93742760d077eff9c3662316d70e1d96ab190336234f90ec15549e094702813,PROSECUTION_AUDIT_NODE
11,536,486de47fa28d6436baab7a16,REQ-000536,53fe5d195de6b190dab6703fa0143783f27e1cf80e2715f7f0ab1ce11a9cae28,95f2b4f06263346fa8fcc82728e52f7910e3f6544df102d50e8aa5a7884b09f1,f93742760d077eff9c3662316d70e1d96ab190336234f90ec15549e094702813,PROSECUTION_AUDIT_NODE
11,537,4e7d610669474b8dcd5cebc1,REQ-000537,26b065c2971e9a5ed22470d1c52e0752ee398478f6d01837ebdc30db6e102427,95f2b4f06263346fa8fcc82728e52f7910e3f6544df102d50e8aa5a7884b09f1,f93742760d077eff9c3662316d70e1d96ab190336234f90ec15549e094702813,PROSECUTION_AUDIT_NODE
11,538,3d55103baca91c30ae979d2d,REQ-000538,5248e5a95a84def0e5cd1a8f96dd5bdb64d9bf9f913c5ea4e8aa5abcfb114ac9,95f2b4f06263346fa8fcc82728e52f7910e3f6544df102d50e8aa5a7884b09f1,f93742760d077eff9c3662316d70e1d96ab190336234f90ec15549e094702813,PROSECUTION_AUDIT_NODE
11,539,d4a26add772301ef078deea4,REQ-000539,189e553411b547fb612cd4f9ee0e928dad0109561bfc876ad79ab6629d4475d4,95f2b4f06263346fa8fcc82728e52f7910e3f6544df102d50e8aa5a7884b09f1,f93742760d077eff9c3662316d70e1d96ab190336234f90ec15549e094702813,PROSECUTION_AUDIT_NODE
11,540,4d3356c921602822d30364f2,REQ-000540,db343a59e2d11c6496e310defcf2f78d63a73c07ae1d6006d94bd13b6a9a0bc0,95f2b4f06263346fa8fcc82728e52f7910e3f6544df102d50e8aa5a7884b09f1,f93742760d077eff9c3662316d70e1d96ab190336234f90ec15549e094702813,PROSECUTION_AUDIT_NODE
11,541,a3ad5ada5c6e89dca31d12f8,REQ-000541,b202f31990b0718349757c5fb1fca2cd4409d382d20a52ce0095d37757ab3a1b,95f2b4f06263346fa8fcc82728e52f7910e3f6544df102d50e8aa5a7884b09f1,f93742760d077eff9c3662316d70e1d96ab190336234f90ec15549e094702813,PROSECUTION_AUDIT_NODE
11,542,87cc93fb100506646e5da25a,REQ-000542,51c680a106e2db6ced82fe6ed0308df653ac4386e41005b69a73500f06542dca,95f2b4f06263346fa8fcc82728e52f7910e3f6544df102d50e8aa5a7884b09f1,f93742760d077eff9c3662316d70e1d96ab190336234f90ec15549e094702813,PROSECUTION_AUDIT_NODE
11,543,0ffa4389703fcfef9dcf4fa0,REQ-000543,e150b7bd267a24aa795eea816a3382372a80343970a64882887e4f0008140833,95f2b4f06263346fa8fcc82728e52f7910e3f6544df102d50e8aa5a7884b09f1,f93742760d077eff9c3662316d70e1d96ab190336234f90ec15549e094702813,PROSECUTION_AUDIT_NODE
11,544,1cf08bbc0fdb5bde80157007,REQ-000544,14479dd1b6165e7e0153e24bcf9772d25340d88e6beef063d92aa4e2df4625dc,95f2b4f06263346fa8fcc82728e52f7910e3f6544df102d50e8aa5a7884b09f1,f93742760d077eff9c3662316d70e1d96ab190336234f90ec15549e094702813,PROSECUTION_AUDIT_NODE
11,545,7d5658f742feb8e8f10a7580,REQ-000545,f68eb1ce65387a68484127c48debed4b9105dbfc651e557bc26e3c670698a156,95f2b4f06263346fa8fcc82728e52f7910e3f6544df102d50e8aa5a7884b09f1,f93742760d077eff9c3662316d70e1d96ab190336234f90ec15549e094702813,PROSECUTION_AUDIT_NODE
11,546,8683eab13823528495589f03,REQ-000546,27287ef1473fd1fb29cec5adc89878f6460f9e8461357cee2256e494f9944517,95f2b4f06263346fa8fcc82728e52f7910e3f6544df102d50e8aa5a7884b09f1,f93742760d077eff9c3662316d70e1d96ab190336234f90ec15549e094702813,PROSECUTION_AUDIT_NODE
11,547,4109eda863d2b1927d528103,REQ-000547,12beb016f83069bdf13f2966c95fcbbb75e39f4734650a000b8ad7ab85cfc65b,95f2b4f06263346fa8fcc82728e52f7910e3f6544df102d50e8aa5a7884b09f1,f93742760d077eff9c3662316d70e1d96ab190336234f90ec15549e094702813,PROSECUTION_AUDIT_NODE
11,548,1672a5a1a7a2745aae916992,REQ-000548,709cccb25ea2ad949a7a6e0e0cdc8b426ef8e1696f4e31cd447b11bbda74925f,95f2b4f06263346fa8fcc82728e52f7910e3f6544df102d50e8aa5a7884b09f1,f93742760d077eff9c3662316d70e1d96ab190336234f90ec15549e094702813,PROSECUTION_AUDIT_NODE
11,549,bc8080e8d07dae596ddbd1e2,REQ-000549,1a89fe8bbbee9beb2707208994f01120947ba1307dab2e90551e6bceac6bbd07,95f2b4f06263346fa8fcc82728e52f7910e3f6544df102d50e8aa5a7884b09f1,f93742760d077eff9c3662316d70e1d96ab190336234f90ec15549e094702813,PROSECUTION_AUDIT_NODE
11,550,125a700b6897844248da1a32,REQ-000550,846e467b3bc3eba58c344e2ca01162bfaac6ed59f55a54ae8af3019e6e758487,95f2b4f06263346fa8fcc82728e52f7910e3f6544df102d50e8aa5a7884b09f1,f93742760d077eff9c3662316d70e1d96ab190336234f90ec15549e094702813,PROSECUTION_AUDIT_NODE
12,551,afbb4f011e6a1b0c7c506549,REQ-000551,c560ea58e650dde5e9a13279649f20c99c2e9b266cd11a9520a562e596020ed9,e44874b14cb171da9455a74fba28fffb9868c035bcfa7110ba2f42f8dd029556,83d69f3d979e6ec29d615cc2a3f459e5bc34e83d1a281d8078c8ab4de9acb28d,COURT_ICJS_AUDIT_NODE
12,552,d068472f744ecebed84c7547,REQ-000552,a2661ff658948dab070ae5ab7b58525fd3316c91b6a73b8e88f4b98e63313c1e,e44874b14cb171da9455a74fba28fffb9868c035bcfa7110ba2f42f8dd029556,83d69f3d979e6ec29d615cc2a3f459e5bc34e83d1a281d8078c8ab4de9acb28d,COURT_ICJS_AUDIT_NODE
12,553,3edab098ea2d01d12f0a21bd,REQ-000553,0f046d57cae208f40e087a908a5fe4aa34f3bdcabef3e8e2e59d9eab2a5b156e,e44874b14cb171da9455a74fba28fffb9868c035bcfa7110ba2f42f8dd029556,83d69f3d979e6ec29d615cc2a3f459e5bc34e83d1a281d8078c8ab4de9acb28d,COURT_ICJS_AUDIT_NODE
12,554,69aabff67641a865a260c86a,REQ-000554,236bb32511496cd138134704eb7835b121005f230e5ae6d5babbba0f45167ff2,e44874b14cb171da9455a74fba28fffb9868c035bcfa7110ba2f42f8dd029556,83d69f3d979e6ec29d615cc2a3f459e5bc34e83d1a281d8078c8ab4de9acb28d,COURT_ICJS_AUDIT_NODE
12,555,2f7da1c4828ac100002d5692,REQ-000555,01dcf4184be81077f1afdb5f071f204f9d95937772a81bd955d4f0d4d185795b,e44874b14cb171da9455a74fba28fffb9868c035bcfa7110ba2f42f8dd029556,83d69f3d979e6ec29d615cc2a3f459e5bc34e83d1a281d8078c8ab4de9acb28d,COURT_ICJS_AUDIT_NODE
12,556,64623d5e9c5f009a24b39115,REQ-000556,0930ae13c1f8a57cb4c8ff69e24265968646034b74cc455b23d9d6c0c4dcdfb7,e44874b14cb171da9455a74fba28fffb9868c035bcfa7110ba2f42f8dd029556,83d69f3d979e6ec29d615cc2a3f459e5bc34e83d1a281d8078c8ab4de9acb28d,COURT_ICJS_AUDIT_NODE
12,557,4b686ced5e16099b1badd845,REQ-000557,b3dc43cfdb99482ed67db6cd4538c7fd8eafd3daa91368ac578b4a9cb2473911,e44874b14cb171da9455a74fba28fffb9868c035bcfa7110ba2f42f8dd029556,83d69f3d979e6ec29d615cc2a3f459e5bc34e83d1a281d8078c8ab4de9acb28d,COURT_ICJS_AUDIT_NODE
12,558,73143432f1aba208b1eeeddc,REQ-000558,2a3dc9830bb59288a6a12746ee832a4768b66b04a128b8761363e27fcca0227e,e44874b14cb171da9455a74fba28fffb9868c035bcfa7110ba2f42f8dd029556,83d69f3d979e6ec29d615cc2a3f459e5bc34e83d1a281d8078c8ab4de9acb28d,COURT_ICJS_AUDIT_NODE
12,559,e93bc9801e83f20e057073a1,REQ-000559,c472f28343b0c0d30abe2f2c8a022f7c3b0dc6b5f2013e86e5edefb5da659d31,e44874b14cb171da9455a74fba28fffb9868c035bcfa7110ba2f42f8dd029556,83d69f3d979e6ec29d615cc2a3f459e5bc34e83d1a281d8078c8ab4de9acb28d,COURT_ICJS_AUDIT_NODE
12,560,265593b7df77c49bab241134,REQ-000560,cadafb8b7db10bfcc92b0fd26653d3b308fc9efc1ad098a8d0c1c7efa43d1fba,e44874b14cb171da9455a74fba28fffb9868c035bcfa7110ba2f42f8dd029556,83d69f3d979e6ec29d615cc2a3f459e5bc34e83d1a281d8078c8ab4de9acb28d,COURT_ICJS_AUDIT_NODE
12,561,be40d0ac34dc62b06932576e,REQ-000561,c758db98a7fd84c35533f924621d399a06e46b9c7bfc6fe4a79611ab2f6d25b7,e44874b14cb171da9455a74fba28fffb9868c035bcfa7110ba2f42f8dd029556,83d69f3d979e6ec29d615cc2a3f459e5bc34e83d1a281d8078c8ab4de9acb28d,COURT_ICJS_AUDIT_NODE
12,562,6347124171c9ae8e0086ef9e,REQ-000562,40f226e74a72a83bded225bab8ae32832f4b7e0992d29ed5b0de0640248fefac,e44874b14cb171da9455a74fba28fffb9868c035bcfa7110ba2f42f8dd029556,83d69f3d979e6ec29d615cc2a3f459e5bc34e83d1a281d8078c8ab4de9acb28d,COURT_ICJS_AUDIT_NODE
12,563,34141b719a982711d2e52dd1,REQ-000563,a2ebb4c9036adb283625385f8b2a3e06d2a2ac8739d6f1911490245185a35eb7,e44874b14cb171da9455a74fba28fffb9868c035bcfa7110ba2f42f8dd029556,83d69f3d979e6ec29d615cc2a3f459e5bc34e83d1a281d8078c8ab4de9acb28d,COURT_ICJS_AUDIT_NODE
12,564,325fa053e9c1d2e01015bb44,REQ-000564,d66527de582700b0308297e14e01eace910842f5f4bc79e974ed099b49676a33,e44874b14cb171da9455a74fba28fffb9868c035bcfa7110ba2f42f8dd029556,83d69f3d979e6ec29d615cc2a3f459e5bc34e83d1a281d8078c8ab4de9acb28d,COURT_ICJS_AUDIT_NODE
12,565,bc16d8ab10352757be6e1fda,REQ-000565,56a4f6c93a426676ea7d4ca513d9690c180f42bb34688fb6dd5e60de853b9d5b,e44874b14cb171da9455a74fba28fffb9868c035bcfa7110ba2f42f8dd029556,83d69f3d979e6ec29d615cc2a3f459e5bc34e83d1a281d8078c8ab4de9acb28d,COURT_ICJS_AUDIT_NODE
12,566,3ab9bdadb96a34482d276155,REQ-000566,cc21116eecc8613dcbbd20bd907871afbdf0932158b624da2a2fc4b67087210f,e44874b14cb171da9455a74fba28fffb9868c035bcfa7110ba2f42f8dd029556,83d69f3d979e6ec29d615cc2a3f459e5bc34e83d1a281d8078c8ab4de9acb28d,COURT_ICJS_AUDIT_NODE
12,567,c6474f05051bbb2795749149,REQ-000567,179cd10760b3c23321e943d60b973a203428d6f334dc91c1e2879acbc48b81f3,e44874b14cb171da9455a74fba28fffb9868c035bcfa7110ba2f42f8dd029556,83d69f3d979e6ec29d615cc2a3f459e5bc34e83d1a281d8078c8ab4de9acb28d,COURT_ICJS_AUDIT_NODE
12,568,de0c74a9f52126bf6e61f355,REQ-000568,eedc790cd14dda942dc6dc85103a475408ffc734e371fbc2ae19515c6b39966b,e44874b14cb171da9455a74fba28fffb9868c035bcfa7110ba2f42f8dd029556,83d69f3d979e6ec29d615cc2a3f459e5bc34e83d1a281d8078c8ab4de9acb28d,COURT_ICJS_AUDIT_NODE
12,569,1d53f54e4c09863932c6da40,REQ-000569,c5f4baa1c2cf44a16d1556006c4d66948cd63ea2e624fc62bea5572930013582,e44874b14cb171da9455a74fba28fffb9868c035bcfa7110ba2f42f8dd029556,83d69f3d979e6ec29d615cc2a3f459e5bc34e83d1a281d8078c8ab4de9acb28d,COURT_ICJS_AUDIT_NODE
12,570,b3ee427852c8076d52a67079,REQ-000570,e817c7e87cbd62aa7b046b43b89d6585dabf9818bf1bade53f505cc1fc42c6ee,e44874b14cb171da9455a74fba28fffb9868c035bcfa7110ba2f42f8dd029556,83d69f3d979e6ec29d615cc2a3f459e5bc34e83d1a281d8078c8ab4de9acb28d,COURT_ICJS_AUDIT_NODE
12,571,6d33f44bafadc67651a00f5b,REQ-000571,10e830eb4ea726c5badc6c4cb3f04cf5a5066c7365c71c58739c87e9d3a33567,e44874b14cb171da9455a74fba28fffb9868c035bcfa7110ba2f42f8dd029556,83d69f3d979e6ec29d615cc2a3f459e5bc34e83d1a281d8078c8ab4de9acb28d,COURT_ICJS_AUDIT_NODE
12,572,95a9579a8259b551f70ac1e6,REQ-000572,d2f6dc3becacfc143e915fd502a51d5bb27b7f3743ec8ee6a64e22abc65fb659,e44874b14cb171da9455a74fba28fffb9868c035bcfa7110ba2f42f8dd029556,83d69f3d979e6ec29d615cc2a3f459e5bc34e83d1a281d8078c8ab4de9acb28d,COURT_ICJS_AUDIT_NODE
12,573,f4ac732c0f9bf56cb3392d72,REQ-000573,d18a639222ed4e3e051a8e4759d8df917d3e272c5e953f59298b1c92a80fe744,e44874b14cb171da9455a74fba28fffb9868c035bcfa7110ba2f42f8dd029556,83d69f3d979e6ec29d615cc2a3f459e5bc34e83d1a281d8078c8ab4de9acb28d,COURT_ICJS_AUDIT_NODE
12,574,a2d9d86f443135c4655b73af,REQ-000574,e10acb2647585ff058588deee5e1be0cefbc8255b86a6642c362169a54869b94,e44874b14cb171da9455a74fba28fffb9868c035bcfa7110ba2f42f8dd029556,83d69f3d979e6ec29d615cc2a3f459e5bc34e83d1a281d8078c8ab4de9acb28d,COURT_ICJS_AUDIT_NODE
12,575,206cb49969d0ea692997496c,REQ-000575,e21e95bdf3bcca57d1c9e028b4435b54bfb2184a5a7ff170baac0d232b53e156,e44874b14cb171da9455a74fba28fffb9868c035bcfa7110ba2f42f8dd029556,83d69f3d979e6ec29d615cc2a3f459e5bc34e83d1a281d8078c8ab4de9acb28d,COURT_ICJS_AUDIT_NODE
12,576,52f1b1d5d3a34003322f45c2,REQ-000576,9a8d90973d56b25db0898b40013c7ced3c8a84aff3a25ae440063da524af4cc6,e44874b14cb171da9455a74fba28fffb9868c035bcfa7110ba2f42f8dd029556,83d69f3d979e6ec29d615cc2a3f459e5bc34e83d1a281d8078c8ab4de9acb28d,COURT_ICJS_AUDIT_NODE
12,577,a7878ab7a57eb7931cfe3eab,REQ-000577,0147811513a69573c5db032000649464de2b9c196a5584b8d3f593f4b44d7919,e44874b14cb171da9455a74fba28fffb9868c035bcfa7110ba2f42f8dd029556,83d69f3d979e6ec29d615cc2a3f459e5bc34e83d1a281d8078c8ab4de9acb28d,COURT_ICJS_AUDIT_NODE
12,578,5335ffabbcb5948b3b8bc011,REQ-000578,c9da02574c899de1d8d8efc91d63654662a8ee1be163e4e0b17fd1c03c66dc3b,e44874b14cb171da9455a74fba28fffb9868c035bcfa7110ba2f42f8dd029556,83d69f3d979e6ec29d615cc2a3f459e5bc34e83d1a281d8078c8ab4de9acb28d,COURT_ICJS_AUDIT_NODE
12,579,a213a316b00b335119da6fe2,REQ-000579,529713f1e842830043d5f11f9b353ce26894e069e7bb026f2223ac3f83f139a7,e44874b14cb171da9455a74fba28fffb9868c035bcfa7110ba2f42f8dd029556,83d69f3d979e6ec29d615cc2a3f459e5bc34e83d1a281d8078c8ab4de9acb28d,COURT_ICJS_AUDIT_NODE
12,580,aef6d7d66d1ba2e9772c590e,REQ-000580,7bd32c5e37f582d38510c6d633e43aaf699119369eee6f468887d635f80622f2,e44874b14cb171da9455a74fba28fffb9868c035bcfa7110ba2f42f8dd029556,83d69f3d979e6ec29d615cc2a3f459e5bc34e83d1a281d8078c8ab4de9acb28d,COURT_ICJS_AUDIT_NODE
12,581,01e42ace7db9c1fb92ab8c98,REQ-000581,626e9fa7f586d30b5cfefbacb926b6c5870b16a5336f6d02b737f56edd8e07f8,e44874b14cb171da9455a74fba28fffb9868c035bcfa7110ba2f42f8dd029556,83d69f3d979e6ec29d615cc2a3f459e5bc34e83d1a281d8078c8ab4de9acb28d,COURT_ICJS_AUDIT_NODE
12,582,2872e724c2e3f570abaec503,REQ-000582,5385dc8fb04d42a4164f5d22cddc0c884f2c953a536b37873dbe282d0d049284,e44874b14cb171da9455a74fba28fffb9868c035bcfa7110ba2f42f8dd029556,83d69f3d979e6ec29d615cc2a3f459e5bc34e83d1a281d8078c8ab4de9acb28d,COURT_ICJS_AUDIT_NODE
12,583,a35f8aa3fdb627d12104d360,REQ-000583,f911aff488a110deace9cd4dcda191875b6831781f69b2cfb93802db9cbee1ea,e44874b14cb171da9455a74fba28fffb9868c035bcfa7110ba2f42f8dd029556,83d69f3d979e6ec29d615cc2a3f459e5bc34e83d1a281d8078c8ab4de9acb28d,COURT_ICJS_AUDIT_NODE
12,584,2f439defd9510477998c410b,REQ-000584,bd460d3514244d248028916236f9fa6201d9fb8a6a1fb11c7f3a927ac27c04b5,e44874b14cb171da9455a74fba28fffb9868c035bcfa7110ba2f42f8dd029556,83d69f3d979e6ec29d615cc2a3f459e5bc34e83d1a281d8078c8ab4de9acb28d,COURT_ICJS_AUDIT_NODE
12,585,6ab4b3c58d4c20b8d1521f7e,REQ-000585,bed60d05d6de050c04537e555a033986be9eac0d09dcd237365102b492b29acb,e44874b14cb171da9455a74fba28fffb9868c035bcfa7110ba2f42f8dd029556,83d69f3d979e6ec29d615cc2a3f459e5bc34e83d1a281d8078c8ab4de9acb28d,COURT_ICJS_AUDIT_NODE
12,586,e3c96f29e639a5383c91a056,REQ-000586,66920bdb0b8bcc7c1a4ffe633cd96d416e53555061a71f69f46589c8482d1050,e44874b14cb171da9455a74fba28fffb9868c035bcfa7110ba2f42f8dd029556,83d69f3d979e6ec29d615cc2a3f459e5bc34e83d1a281d8078c8ab4de9acb28d,COURT_ICJS_AUDIT_NODE
12,587,96770fea55ddee91131e29b6,REQ-000587,7a5c0cbc33b7ba3caf9aec71d7841591b3928d8aaa9cf341b24caa3714d2a8db,e44874b14cb171da9455a74fba28fffb9868c035bcfa7110ba2f42f8dd029556,83d69f3d979e6ec29d615cc2a3f459e5bc34e83d1a281d8078c8ab4de9acb28d,COURT_ICJS_AUDIT_NODE
12,588,3825186aa60b28d582905035,REQ-000588,e388ecd8f424ad31e064477acf70c9caf2479bc7c741642c33231b10e2e7e893,e44874b14cb171da9455a74fba28fffb9868c035bcfa7110ba2f42f8dd029556,83d69f3d979e6ec29d615cc2a3f459e5bc34e83d1a281d8078c8ab4de9acb28d,COURT_ICJS_AUDIT_NODE
12,589,eee01991ce643f5b35ec93e4,REQ-000589,11beddb24db7b2909b3ca713be96c4a67a9a30147e9fd17843fe2e63b1c59c5c,e44874b14cb171da9455a74fba28fffb9868c035bcfa7110ba2f42f8dd029556,83d69f3d979e6ec29d615cc2a3f459e5bc34e83d1a281d8078c8ab4de9acb28d,COURT_ICJS_AUDIT_NODE
12,590,c970105bcff00e6d961811e7,REQ-000590,2b85884e1cc2b5915ec00fc1d452fc03d878262ca0b80bbe70b88df8cfdbfa27,e44874b14cb171da9455a74fba28fffb9868c035bcfa7110ba2f42f8dd029556,83d69f3d979e6ec29d615cc2a3f459e5bc34e83d1a281d8078c8ab4de9acb28d,COURT_ICJS_AUDIT_NODE
12,591,5c6fc5738b7113a142e02849,REQ-000591,2d2239b7954b0621d2b900f893c1ee5a5ac1a92eee2d939d5b9471f6d9596daf,e44874b14cb171da9455a74fba28fffb9868c035bcfa7110ba2f42f8dd029556,83d69f3d979e6ec29d615cc2a3f459e5bc34e83d1a281d8078c8ab4de9acb28d,COURT_ICJS_AUDIT_NODE
12,592,681c6dc834def8c6a641bf91,REQ-000592,c5f7df86b145603607aaf1de777875f484239f9b69101937569a2e149ed40349,e44874b14cb171da9455a74fba28fffb9868c035bcfa7110ba2f42f8dd029556,83d69f3d979e6ec29d615cc2a3f459e5bc34e83d1a281d8078c8ab4de9acb28d,COURT_ICJS_AUDIT_NODE
12,593,8dcbbd8c1134c42df731d194,REQ-000593,a65eb5084395b19c289c86b0638cd942ebe9d7fd7b543743ea27e2e507a8ea80,e44874b14cb171da9455a74fba28fffb9868c035bcfa7110ba2f42f8dd029556,83d69f3d979e6ec29d615cc2a3f459e5bc34e83d1a281d8078c8ab4de9acb28d,COURT_ICJS_AUDIT_NODE
12,594,64b586564e968c89cf622e69,REQ-000594,5ad97915ae284bd22f5bd39a77b87c6aa8119e52ee32304fd6b66329e9566123,e44874b14cb171da9455a74fba28fffb9868c035bcfa7110ba2f42f8dd029556,83d69f3d979e6ec29d615cc2a3f459e5bc34e83d1a281d8078c8ab4de9acb28d,COURT_ICJS_AUDIT_NODE
12,595,e88dde10fd2894834b548495,REQ-000595,f1a90b29ff43923040e532831bee0dd043af5d342422b8ebbfa9328273103e81,e44874b14cb171da9455a74fba28fffb9868c035bcfa7110ba2f42f8dd029556,83d69f3d979e6ec29d615cc2a3f459e5bc34e83d1a281d8078c8ab4de9acb28d,COURT_ICJS_AUDIT_NODE
12,596,9a1c1fdaaf93d7f7ca906b5e,REQ-000596,4a76bd7db83f23ff626fee6b08ef81f1c20e286cc0fb6cc5b4948acb14ea31f6,e44874b14cb171da9455a74fba28fffb9868c035bcfa7110ba2f42f8dd029556,83d69f3d979e6ec29d615cc2a3f459e5bc34e83d1a281d8078c8ab4de9acb28d,COURT_ICJS_AUDIT_NODE
12,597,6b9baa25fc99f8a5adbe1f6c,REQ-000597,09f307a56c6064d6969a3f5c2dfbf60632fe5bd4b4efaee2c6472f47fb40ccf7,e44874b14cb171da9455a74fba28fffb9868c035bcfa7110ba2f42f8dd029556,83d69f3d979e6ec29d615cc2a3f459e5bc34e83d1a281d8078c8ab4de9acb28d,COURT_ICJS_AUDIT_NODE
12,598,18eb8e550216a623a4c4ec57,REQ-000598,a2f4a3a328231b8b0d13190748ac13a5a33e8ef047937d23b096cc98b67467b8,e44874b14cb171da9455a74fba28fffb9868c035bcfa7110ba2f42f8dd029556,83d69f3d979e6ec29d615cc2a3f459e5bc34e83d1a281d8078c8ab4de9acb28d,COURT_ICJS_AUDIT_NODE
12,599,6c61854b55d44921e4ea3bee,REQ-000599,c70b84f6dac138309d6392ebfa4a244644ae51f7ee169f29b28d3621e8787166,e44874b14cb171da9455a74fba28fffb9868c035bcfa7110ba2f42f8dd029556,83d69f3d979e6ec29d615cc2a3f459e5bc34e83d1a281d8078c8ab4de9acb28d,COURT_ICJS_AUDIT_NODE
12,600,4c4fecf7ed66f0b6bc18fc90,REQ-000600,1e51a7e0f3414b6940d1c2c88caa6340af6fd4c22687485ab3ddb85a32dc59b2,e44874b14cb171da9455a74fba28fffb9868c035bcfa7110ba2f42f8dd029556,83d69f3d979e6ec29d615cc2a3f459e5bc34e83d1a281d8078c8ab4de9acb28d,COURT_ICJS_AUDIT_NODE
13,601,9a5dc9addfa6378ece282f73,REQ-000601,26e87e4ed2da7cef11b5d8ae512d18f3f0fb51ee24ed3ba9601012ade090cb9a,9a1627e6918212657741487fc3457c98cb45538304d6a13a185609896b1221f2,e8af13106b54f67369b8d0c478aa22683bc93f292ed0a199451355e5badc01cc,POLICE_AUDIT_NODE
13,602,9aa268a9d03a5555761f1fc4,REQ-000602,a4aa5f4cbd1f94200de6bb1f21c237d9943acd18b7a751cf500df3067b2bf5d4,9a1627e6918212657741487fc3457c98cb45538304d6a13a185609896b1221f2,e8af13106b54f67369b8d0c478aa22683bc93f292ed0a199451355e5badc01cc,POLICE_AUDIT_NODE
13,603,2110c64599c6a051572744c9,REQ-000603,91ad0967a8b904e258437864f6d7615d5f27c4dabf39450b37dd16ca8709699d,9a1627e6918212657741487fc3457c98cb45538304d6a13a185609896b1221f2,e8af13106b54f67369b8d0c478aa22683bc93f292ed0a199451355e5badc01cc,POLICE_AUDIT_NODE
13,604,d5aee1b414f224054dc2ef16,REQ-000604,26298db0fd207657de6eb294594461f0e0b2b4386e44d4344aeb8a1d6e620e04,9a1627e6918212657741487fc3457c98cb45538304d6a13a185609896b1221f2,e8af13106b54f67369b8d0c478aa22683bc93f292ed0a199451355e5badc01cc,POLICE_AUDIT_NODE
13,605,74aa0b55512bd6d3be8a7ea7,REQ-000605,d982dedc9b096ad6c26a2afa5a02b57da406cbec2962caa4ce90e2fb6f070ecb,9a1627e6918212657741487fc3457c98cb45538304d6a13a185609896b1221f2,e8af13106b54f67369b8d0c478aa22683bc93f292ed0a199451355e5badc01cc,POLICE_AUDIT_NODE
13,606,184a83c10740b7fe41bd126c,REQ-000606,8d47ca3875c4d3759ee566191e01f6a042adc27cb238d7962763dc73a122da25,9a1627e6918212657741487fc3457c98cb45538304d6a13a185609896b1221f2,e8af13106b54f67369b8d0c478aa22683bc93f292ed0a199451355e5badc01cc,POLICE_AUDIT_NODE
13,607,9ea41e033d93990e012bf0cc,REQ-000607,ce07140c442575ec6d8883017cd9af4f5de76974866e3ca4ce116716b9b9e0e9,9a1627e6918212657741487fc3457c98cb45538304d6a13a185609896b1221f2,e8af13106b54f67369b8d0c478aa22683bc93f292ed0a199451355e5badc01cc,POLICE_AUDIT_NODE
13,608,f9abcc71709b1d8d14453e49,REQ-000608,19c301626422502a6541b97ece1dcca988e579a20a1ac172940d3861a34715bd,9a1627e6918212657741487fc3457c98cb45538304d6a13a185609896b1221f2,e8af13106b54f67369b8d0c478aa22683bc93f292ed0a199451355e5badc01cc,POLICE_AUDIT_NODE
13,609,1c4bda7ac77edbd0dbb2a813,REQ-000609,14cc318177ed1b7a318d62dfc39e6320f205b69b397f0f6d3ac2446ccf3d6bc2,9a1627e6918212657741487fc3457c98cb45538304d6a13a185609896b1221f2,e8af13106b54f67369b8d0c478aa22683bc93f292ed0a199451355e5badc01cc,POLICE_AUDIT_NODE
13,610,a9ba75f755406b40f7b92171,REQ-000610,f0b056248f0f032bce64155ceec1071b0ca3d8d1dc08d08be1ddb9d9bf418e0e,9a1627e6918212657741487fc3457c98cb45538304d6a13a185609896b1221f2,e8af13106b54f67369b8d0c478aa22683bc93f292ed0a199451355e5badc01cc,POLICE_AUDIT_NODE
13,611,d7c88b162e4472bb1fd03642,REQ-000611,1b96bfe8878beff8548088910baa56c357b34df3d22df9d383415798832343d7,9a1627e6918212657741487fc3457c98cb45538304d6a13a185609896b1221f2,e8af13106b54f67369b8d0c478aa22683bc93f292ed0a199451355e5badc01cc,POLICE_AUDIT_NODE
13,612,baefd9017fe361da16871a5e,REQ-000612,8c2257cd6294330e18996151d2b16efa0bf253d23eb117a475784ebb9372fd87,9a1627e6918212657741487fc3457c98cb45538304d6a13a185609896b1221f2,e8af13106b54f67369b8d0c478aa22683bc93f292ed0a199451355e5badc01cc,POLICE_AUDIT_NODE
13,613,2430bf73ff4ed73d10994515,REQ-000613,9330397a3f2a81bb603170eff1f617b97679bb077371473b16e6759ba9f59eeb,9a1627e6918212657741487fc3457c98cb45538304d6a13a185609896b1221f2,e8af13106b54f67369b8d0c478aa22683bc93f292ed0a199451355e5badc01cc,POLICE_AUDIT_NODE
13,614,c4266b2a29c7eff235ea46e2,REQ-000614,2da89f948cd77f290a208b778208f78de52f2b9f010b02685378d588ded16d07,9a1627e6918212657741487fc3457c98cb45538304d6a13a185609896b1221f2,e8af13106b54f67369b8d0c478aa22683bc93f292ed0a199451355e5badc01cc,POLICE_AUDIT_NODE
13,615,d7d441ea1c6ccb0c11d72302,REQ-000615,709fe4e464f9939a9aa626bedb3cbc54767eb66b36f69c9f90b7d7ea1381131e,9a1627e6918212657741487fc3457c98cb45538304d6a13a185609896b1221f2,e8af13106b54f67369b8d0c478aa22683bc93f292ed0a199451355e5badc01cc,POLICE_AUDIT_NODE
13,616,e47f5850d4b477fd1b8099e1,REQ-000616,354ca6b81791535f63b84dd61907bd90f1d25bb5ffa647f30c1831a33c1e5c22,9a1627e6918212657741487fc3457c98cb45538304d6a13a185609896b1221f2,e8af13106b54f67369b8d0c478aa22683bc93f292ed0a199451355e5badc01cc,POLICE_AUDIT_NODE
13,617,2ca024c2472db60a1fd2e401,REQ-000617,dad8b29d926b09fada686071a2e9e02e85fa559dfdfff34e9e952a7d48965925,9a1627e6918212657741487fc3457c98cb45538304d6a13a185609896b1221f2,e8af13106b54f67369b8d0c478aa22683bc93f292ed0a199451355e5badc01cc,POLICE_AUDIT_NODE
13,618,86f337f0c16e451f171634ad,REQ-000618,9421c649eb9ac07fd339bb11862aca65c41f9fe41a12b5d43c81871628dac218,9a1627e6918212657741487fc3457c98cb45538304d6a13a185609896b1221f2,e8af13106b54f67369b8d0c478aa22683bc93f292ed0a199451355e5badc01cc,POLICE_AUDIT_NODE
13,619,5807d25eded1617cfc9d548c,REQ-000619,f56294044d11b5ada5902c2174e4a8d2b201d30b1e8578396822593557a516ad,9a1627e6918212657741487fc3457c98cb45538304d6a13a185609896b1221f2,e8af13106b54f67369b8d0c478aa22683bc93f292ed0a199451355e5badc01cc,POLICE_AUDIT_NODE
13,620,a07457c0393fd8cd0ebddc8c,REQ-000620,95e3ce42c17d700e363ea0a14a1d26091c1084b5c5acffc381aa3afc4a45614b,9a1627e6918212657741487fc3457c98cb45538304d6a13a185609896b1221f2,e8af13106b54f67369b8d0c478aa22683bc93f292ed0a199451355e5badc01cc,POLICE_AUDIT_NODE
13,621,556cd7a80a721b68f29c9687,REQ-000621,f7f708bc7c542ef9fcd428362f01429d353e8dbd1eca7b62dd62d4eceaaf88d6,9a1627e6918212657741487fc3457c98cb45538304d6a13a185609896b1221f2,e8af13106b54f67369b8d0c478aa22683bc93f292ed0a199451355e5badc01cc,POLICE_AUDIT_NODE
13,622,8a369b6c072289bbdcb427db,REQ-000622,9238f2a7021c29f1a6a08ff07e78b5dc1e0a0c4ef0e14fce4bc46cfa48331168,9a1627e6918212657741487fc3457c98cb45538304d6a13a185609896b1221f2,e8af13106b54f67369b8d0c478aa22683bc93f292ed0a199451355e5badc01cc,POLICE_AUDIT_NODE
13,623,93c984af4113ff5fc9a081c9,REQ-000623,bbe3e7a337fa208cc3de9bc47c32ddb6c887eb54c1a8a0f6926a0eda8db443c2,9a1627e6918212657741487fc3457c98cb45538304d6a13a185609896b1221f2,e8af13106b54f67369b8d0c478aa22683bc93f292ed0a199451355e5badc01cc,POLICE_AUDIT_NODE
13,624,5650295c175d6a785590de41,REQ-000624,01c6cf231a2f5751b2c076536628614a1b7e8c25b37cbf6f10c1e04c0f812ea5,9a1627e6918212657741487fc3457c98cb45538304d6a13a185609896b1221f2,e8af13106b54f67369b8d0c478aa22683bc93f292ed0a199451355e5badc01cc,POLICE_AUDIT_NODE
13,625,8c2251cae390bb8e8a552dca,REQ-000625,70fcc471956dd4d73c8bf70baa922cdadb8b5a17fa1cad3cb29f4a24e6644039,9a1627e6918212657741487fc3457c98cb45538304d6a13a185609896b1221f2,e8af13106b54f67369b8d0c478aa22683bc93f292ed0a199451355e5badc01cc,POLICE_AUDIT_NODE
13,626,362709cf56d8ab690b5c6f18,REQ-000626,04dc52dcab19bedadbce079ccaa173fe062a951c8477e1ec29808c31e241f350,9a1627e6918212657741487fc3457c98cb45538304d6a13a185609896b1221f2,e8af13106b54f67369b8d0c478aa22683bc93f292ed0a199451355e5badc01cc,POLICE_AUDIT_NODE
13,627,62ff19d34625767903b2fccd,REQ-000627,6ee9efa8a4813a8b3ff49b748069c944bfbbf09cafabbdf9d7a23ceb3f2b9928,9a1627e6918212657741487fc3457c98cb45538304d6a13a185609896b1221f2,e8af13106b54f67369b8d0c478aa22683bc93f292ed0a199451355e5badc01cc,POLICE_AUDIT_NODE
13,628,6aeb3425d2f4c84962b93d9d,REQ-000628,c9a8be47d9f0f7cfe0335b1e71af85f61d96da4b7c8252a1eda4663d2ceae941,9a1627e6918212657741487fc3457c98cb45538304d6a13a185609896b1221f2,e8af13106b54f67369b8d0c478aa22683bc93f292ed0a199451355e5badc01cc,POLICE_AUDIT_NODE
13,629,8f8488ff86b0c58e82eff8cb,REQ-000629,ae32fa396d24379a059564735ed49e896843790b433f48e692af626656c088e2,9a1627e6918212657741487fc3457c98cb45538304d6a13a185609896b1221f2,e8af13106b54f67369b8d0c478aa22683bc93f292ed0a199451355e5badc01cc,POLICE_AUDIT_NODE
13,630,c10226c03acdef82b03339f5,REQ-000630,51b92547d1da28c48445b154f7538318f1e3776d757c95b9874f6d3a36d415c2,9a1627e6918212657741487fc3457c98cb45538304d6a13a185609896b1221f2,e8af13106b54f67369b8d0c478aa22683bc93f292ed0a199451355e5badc01cc,POLICE_AUDIT_NODE
13,631,31137b7c2c7134ef39e746aa,REQ-000631,fafc90af409f6a061b54c79a864afa42d5123f0a0665bac4397d36c4a70e75f1,9a1627e6918212657741487fc3457c98cb45538304d6a13a185609896b1221f2,e8af13106b54f67369b8d0c478aa22683bc93f292ed0a199451355e5badc01cc,POLICE_AUDIT_NODE
13,632,5fc756943177b6a5d8f4b508,REQ-000632,6da06e5c187406dd0413e2d804827c1df9d8b9aeb86f8b359d2717689f9d77c8,9a1627e6918212657741487fc3457c98cb45538304d6a13a185609896b1221f2,e8af13106b54f67369b8d0c478aa22683bc93f292ed0a199451355e5badc01cc,POLICE_AUDIT_NODE
13,633,43d040973ef913b37bdb614a,REQ-000633,24ea8ec77494546cfe4083d21bcb45892fc7a0ffc599f4febc8e2198be92ebbb,9a1627e6918212657741487fc3457c98cb45538304d6a13a185609896b1221f2,e8af13106b54f67369b8d0c478aa22683bc93f292ed0a199451355e5badc01cc,POLICE_AUDIT_NODE
13,634,784e79b40cc15e1b0c1b72db,REQ-000634,b61dd32edc1a69f108c367bf9e48d3a3b03e2b7f246997283656099b79be0315,9a1627e6918212657741487fc3457c98cb45538304d6a13a185609896b1221f2,e8af13106b54f67369b8d0c478aa22683bc93f292ed0a199451355e5badc01cc,POLICE_AUDIT_NODE
13,635,7ae06d16b509b64ba3184845,REQ-000635,606d255d15145d453bdb287c5e4108480938038feab44f059d5603179d4ef8d4,9a1627e6918212657741487fc3457c98cb45538304d6a13a185609896b1221f2,e8af13106b54f67369b8d0c478aa22683bc93f292ed0a199451355e5badc01cc,POLICE_AUDIT_NODE
13,636,74a3781a4468c1dac3533f39,REQ-000636,eaee13af2e4673892e4ea8a8cea9255c81fcd4c88124c2d6ce0f6de951aa5cb5,9a1627e6918212657741487fc3457c98cb45538304d6a13a185609896b1221f2,e8af13106b54f67369b8d0c478aa22683bc93f292ed0a199451355e5badc01cc,POLICE_AUDIT_NODE
13,637,bb7a0611e7ac986ca173f1d5,REQ-000637,f1192dd666e503801c8648f3336bb426d8e80910628d24b1badf2989b4c38bea,9a1627e6918212657741487fc3457c98cb45538304d6a13a185609896b1221f2,e8af13106b54f67369b8d0c478aa22683bc93f292ed0a199451355e5badc01cc,POLICE_AUDIT_NODE
13,638,8b64ed711598ae59842b27d6,REQ-000638,7442f8f5cf28c4dd01f1dd2ab2d09a27b360a01d6d4af675b49dbc181c1473dc,9a1627e6918212657741487fc3457c98cb45538304d6a13a185609896b1221f2,e8af13106b54f67369b8d0c478aa22683bc93f292ed0a199451355e5badc01cc,POLICE_AUDIT_NODE
13,639,95637e0178eab22c85d9ff0e,REQ-000639,47cee57afd4856c49d7c20ac754e928a3fad1c2b46ab6ed831cf15ee9898f93a,9a1627e6918212657741487fc3457c98cb45538304d6a13a185609896b1221f2,e8af13106b54f67369b8d0c478aa22683bc93f292ed0a199451355e5badc01cc,POLICE_AUDIT_NODE
13,640,e9838b216ceefe2855eb7d21,REQ-000640,b35f34b264fb9701967e0e9f497c32698613401a03ec17c04855b761306632fc,9a1627e6918212657741487fc3457c98cb45538304d6a13a185609896b1221f2,e8af13106b54f67369b8d0c478aa22683bc93f292ed0a199451355e5badc01cc,POLICE_AUDIT_NODE
13,641,d006c5729d4f3313e35009a4,REQ-000641,e9ff134e26fc378628cbf421e05766d7912d6b77f4a37f8ad1412a86f4616378,9a1627e6918212657741487fc3457c98cb45538304d6a13a185609896b1221f2,e8af13106b54f67369b8d0c478aa22683bc93f292ed0a199451355e5badc01cc,POLICE_AUDIT_NODE
13,642,f947451dfe4f1a63549a771a,REQ-000642,6a9f5aeef01d1ebb70e79a806c8f3c49931be5df2885b3ab44673f3d59fad175,9a1627e6918212657741487fc3457c98cb45538304d6a13a185609896b1221f2,e8af13106b54f67369b8d0c478aa22683bc93f292ed0a199451355e5badc01cc,POLICE_AUDIT_NODE
13,643,3f31af80447111ec58b6b3eb,REQ-000643,e6062243fd8fb30dc0c93b4ae196b084b033c8aca8a50ecc26567023c4c015ae,9a1627e6918212657741487fc3457c98cb45538304d6a13a185609896b1221f2,e8af13106b54f67369b8d0c478aa22683bc93f292ed0a199451355e5badc01cc,POLICE_AUDIT_NODE
13,644,12ea05bac679c7208ae9d50b,REQ-000644,fd57fb514494b5d56ddf03a083dc3e19ed2d88a8ca4bb1e6b93061d44a27b7c2,9a1627e6918212657741487fc3457c98cb45538304d6a13a185609896b1221f2,e8af13106b54f67369b8d0c478aa22683bc93f292ed0a199451355e5badc01cc,POLICE_AUDIT_NODE
13,645,c02629459388ff75405d9bdb,REQ-000645,24b7d4f03b16edd4b0d013f4b7ef600f035c90c55c0d7fd95fd38236edeaefc4,9a1627e6918212657741487fc3457c98cb45538304d6a13a185609896b1221f2,e8af13106b54f67369b8d0c478aa22683bc93f292ed0a199451355e5badc01cc,POLICE_AUDIT_NODE
13,646,c19beb80e91ce6cc0c9ead56,REQ-000646,61ff9bb51e47df25ce23d094795a5f85afa0c0553191cd33bdcfe26b8e4e8a94,9a1627e6918212657741487fc3457c98cb45538304d6a13a185609896b1221f2,e8af13106b54f67369b8d0c478aa22683bc93f292ed0a199451355e5badc01cc,POLICE_AUDIT_NODE
13,647,61e86fa9338322f20c434f8e,REQ-000647,de22870e0b1d6e759164318f08515ea775bb5b130aa56ad7d7c7d71ad2d1b08f,9a1627e6918212657741487fc3457c98cb45538304d6a13a185609896b1221f2,e8af13106b54f67369b8d0c478aa22683bc93f292ed0a199451355e5badc01cc,POLICE_AUDIT_NODE
13,648,3359e8d428da7bb125851c90,REQ-000648,bb632e3e18138da42422c9ccf022d3eaf2c03e406c11ff64b465e47bc16877e3,9a1627e6918212657741487fc3457c98cb45538304d6a13a185609896b1221f2,e8af13106b54f67369b8d0c478aa22683bc93f292ed0a199451355e5badc01cc,POLICE_AUDIT_NODE
13,649,944703053894517a3eaf3ab2,REQ-000649,f9e61949f5b58c6e103576e4ec3632500e97bc817e09ef6910f00c4dea1b0ff9,9a1627e6918212657741487fc3457c98cb45538304d6a13a185609896b1221f2,e8af13106b54f67369b8d0c478aa22683bc93f292ed0a199451355e5badc01cc,POLICE_AUDIT_NODE
13,650,3fd101e641c30b1834387b94,REQ-000650,fee03d9a40bc17d8f1f4a96dc6b50dd2a0f626242b84bc2946cbe4a85706fbf5,9a1627e6918212657741487fc3457c98cb45538304d6a13a185609896b1221f2,e8af13106b54f67369b8d0c478aa22683bc93f292ed0a199451355e5badc01cc,POLICE_AUDIT_NODE
14,651,31943d64f57e45074518423c,REQ-000651,f8d1648b6633d57b800364313090ebaf9be020f56f099d58dbc4f7ef08590a32,0d1f235e19c9a836f7aa1b7305f10a2ba28729313c70e18c940690c3156f2972,5c886cc005dc6de3fadefff7fc4c789246fa29bd8a81ea43ee02c7ac3d502d45,FORENSIC_AUDIT_NODE
14,652,d03a9b90f04dcefb3434aec4,REQ-000652,f16aa3a23badb6dadf9fe592048e69ede6c9fa28a11e580241b43c7a5e148a39,0d1f235e19c9a836f7aa1b7305f10a2ba28729313c70e18c940690c3156f2972,5c886cc005dc6de3fadefff7fc4c789246fa29bd8a81ea43ee02c7ac3d502d45,FORENSIC_AUDIT_NODE
14,653,aa8dc51c59ba9756338a1991,REQ-000653,6b058c36a2bd65490c47dd133ebca8749bfef8b610c00291164908c751176353,0d1f235e19c9a836f7aa1b7305f10a2ba28729313c70e18c940690c3156f2972,5c886cc005dc6de3fadefff7fc4c789246fa29bd8a81ea43ee02c7ac3d502d45,FORENSIC_AUDIT_NODE
14,654,25f65262e4c65ef3cfa8347e,REQ-000654,884378a723dc47fef532f6d2b1d4b3e0a99a1fe495dded5531080a4a69882adc,0d1f235e19c9a836f7aa1b7305f10a2ba28729313c70e18c940690c3156f2972,5c886cc005dc6de3fadefff7fc4c789246fa29bd8a81ea43ee02c7ac3d502d45,FORENSIC_AUDIT_NODE
14,655,5b77df4d06585ba1e5931360,REQ-000655,f23ca46a63273c1b26828a27021fc3f491a1795a9f523fa6dbb0aecf1b753812,0d1f235e19c9a836f7aa1b7305f10a2ba28729313c70e18c940690c3156f2972,5c886cc005dc6de3fadefff7fc4c789246fa29bd8a81ea43ee02c7ac3d502d45,FORENSIC_AUDIT_NODE
14,656,7e62b26aa1375ef4d738f80f,REQ-000656,caf29d3c5db44b372207306fd5dc486fb178767798c2c6e5111a93dd8bf71c50,0d1f235e19c9a836f7aa1b7305f10a2ba28729313c70e18c940690c3156f2972,5c886cc005dc6de3fadefff7fc4c789246fa29bd8a81ea43ee02c7ac3d502d45,FORENSIC_AUDIT_NODE
14,657,2195b3e8061f0072a391a7b3,REQ-000657,9baec03a2a7653b9509748234d34f664b2ddad427a71098d04a53bf3b3f68d6b,0d1f235e19c9a836f7aa1b7305f10a2ba28729313c70e18c940690c3156f2972,5c886cc005dc6de3fadefff7fc4c789246fa29bd8a81ea43ee02c7ac3d502d45,FORENSIC_AUDIT_NODE
14,658,fa3100ccc1466e6e6e696f07,REQ-000658,603c45c69f5313ef737696a4f72bd36d139f2269f13f442885efe09c301a7920,0d1f235e19c9a836f7aa1b7305f10a2ba28729313c70e18c940690c3156f2972,5c886cc005dc6de3fadefff7fc4c789246fa29bd8a81ea43ee02c7ac3d502d45,FORENSIC_AUDIT_NODE
14,659,21e7ab8403cfa9d69b89fcf1,REQ-000659,f90c5403a8862785025c8a3cbcd7a81bdb546e7aa636758f2b834da7d3c7f2f2,0d1f235e19c9a836f7aa1b7305f10a2ba28729313c70e18c940690c3156f2972,5c886cc005dc6de3fadefff7fc4c789246fa29bd8a81ea43ee02c7ac3d502d45,FORENSIC_AUDIT_NODE
14,660,bcac7ef9bccb874e7b272057,REQ-000660,d908e744a014faf27d9bc6107308bbd48ad38aa8316998a05be2c80647def6e0,0d1f235e19c9a836f7aa1b7305f10a2ba28729313c70e18c940690c3156f2972,5c886cc005dc6de3fadefff7fc4c789246fa29bd8a81ea43ee02c7ac3d502d45,FORENSIC_AUDIT_NODE
14,661,dd44a07ce33bf7868f07a3ff,REQ-000661,9c09b183231b7baa608bff4b1720d69544352ddbcf53110bfd169dffe69a53eb,0d1f235e19c9a836f7aa1b7305f10a2ba28729313c70e18c940690c3156f2972,5c886cc005dc6de3fadefff7fc4c789246fa29bd8a81ea43ee02c7ac3d502d45,FORENSIC_AUDIT_NODE
14,662,b6b8ea1f8f98f8020364166c,REQ-000662,4de6ad4905a3a9d1972c6ac6dfaeca8682a6f33b52ca8063a121d0a45ba3d565,0d1f235e19c9a836f7aa1b7305f10a2ba28729313c70e18c940690c3156f2972,5c886cc005dc6de3fadefff7fc4c789246fa29bd8a81ea43ee02c7ac3d502d45,FORENSIC_AUDIT_NODE
14,663,88b97102b5676d0a870e1ef8,REQ-000663,a51ec2dc68fa16a4266ee2bd179efea860bb6e044e8a905a9a2eb4e4e5194a7b,0d1f235e19c9a836f7aa1b7305f10a2ba28729313c70e18c940690c3156f2972,5c886cc005dc6de3fadefff7fc4c789246fa29bd8a81ea43ee02c7ac3d502d45,FORENSIC_AUDIT_NODE
14,664,baeaa52c3d2387b2fbbbb5b0,REQ-000664,6100afa7c3be6ab56dbe21bedbc915f928afdcd399795314ceb95c1a596a5772,0d1f235e19c9a836f7aa1b7305f10a2ba28729313c70e18c940690c3156f2972,5c886cc005dc6de3fadefff7fc4c789246fa29bd8a81ea43ee02c7ac3d502d45,FORENSIC_AUDIT_NODE
14,665,e587f01dc315f47ca76db993,REQ-000665,664ec62f4ba63d69fadaefddfed2c8f72b882cbe575f5c66e741ca8a5ac40b09,0d1f235e19c9a836f7aa1b7305f10a2ba28729313c70e18c940690c3156f2972,5c886cc005dc6de3fadefff7fc4c789246fa29bd8a81ea43ee02c7ac3d502d45,FORENSIC_AUDIT_NODE
14,666,b8986e04a57f0d1dbcac35f6,REQ-000666,ea3fa5895c62926f9658d769f90fc979815b2df84a963d15dda0a177b4963801,0d1f235e19c9a836f7aa1b7305f10a2ba28729313c70e18c940690c3156f2972,5c886cc005dc6de3fadefff7fc4c789246fa29bd8a81ea43ee02c7ac3d502d45,FORENSIC_AUDIT_NODE
14,667,c7327c219715c362b85ccdc0,REQ-000667,e955e20b78f91d9263bd068fef13e86df2dc60e43448b3648d74b7bec2986f15,0d1f235e19c9a836f7aa1b7305f10a2ba28729313c70e18c940690c3156f2972,5c886cc005dc6de3fadefff7fc4c789246fa29bd8a81ea43ee02c7ac3d502d45,FORENSIC_AUDIT_NODE
14,668,62fb7a88d25b7dd877c60ec9,REQ-000668,2a3b468df3abc9117678c1c7eb5854e50da725d95466f832d7001220b46ec1bd,0d1f235e19c9a836f7aa1b7305f10a2ba28729313c70e18c940690c3156f2972,5c886cc005dc6de3fadefff7fc4c789246fa29bd8a81ea43ee02c7ac3d502d45,FORENSIC_AUDIT_NODE
14,669,ab101fb8ab05c2358adb3ced,REQ-000669,f480a7f8da9a5ec1e8bb11cc085762d39af276ab7a24958887850eea3dd7a55b,0d1f235e19c9a836f7aa1b7305f10a2ba28729313c70e18c940690c3156f2972,5c886cc005dc6de3fadefff7fc4c789246fa29bd8a81ea43ee02c7ac3d502d45,FORENSIC_AUDIT_NODE
14,670,a098730f12c22ea5e7353aef,REQ-000670,ebbf0db831cdd75166f654e18cb72b6a8239a7e702d4ff9ccd91bfec4e5da62f,0d1f235e19c9a836f7aa1b7305f10a2ba28729313c70e18c940690c3156f2972,5c886cc005dc6de3fadefff7fc4c789246fa29bd8a81ea43ee02c7ac3d502d45,FORENSIC_AUDIT_NODE
14,671,4a49248b9aa466d417c42912,REQ-000671,098192a2402e34f322c058f9bb2cf5afa40fcc95bbe90693abad1267ce66bfd8,0d1f235e19c9a836f7aa1b7305f10a2ba28729313c70e18c940690c3156f2972,5c886cc005dc6de3fadefff7fc4c789246fa29bd8a81ea43ee02c7ac3d502d45,FORENSIC_AUDIT_NODE
14,672,09fadb785215f49dec048601,REQ-000672,5d24c173abdc1ae9ead4ae750630a0e1bace55eea9a81b586fd4c0dc72a1f3d0,0d1f235e19c9a836f7aa1b7305f10a2ba28729313c70e18c940690c3156f2972,5c886cc005dc6de3fadefff7fc4c789246fa29bd8a81ea43ee02c7ac3d502d45,FORENSIC_AUDIT_NODE
14,673,dae506de333b7cfb22fbe59d,REQ-000673,41789755afaeb81a12eb9666814bc11831a01300147c3c252a0a6092dacd1cc3,0d1f235e19c9a836f7aa1b7305f10a2ba28729313c70e18c940690c3156f2972,5c886cc005dc6de3fadefff7fc4c789246fa29bd8a81ea43ee02c7ac3d502d45,FORENSIC_AUDIT_NODE
14,674,a4564f41070e899242578095,REQ-000674,046fe7193c56bbe8a23836570c7ea3fd12ea437d068ce7616d732ef5185d9315,0d1f235e19c9a836f7aa1b7305f10a2ba28729313c70e18c940690c3156f2972,5c886cc005dc6de3fadefff7fc4c789246fa29bd8a81ea43ee02c7ac3d502d45,FORENSIC_AUDIT_NODE
14,675,1bdf16b331bd90976ba7cdea,REQ-000675,71ecc1a8d02c8b24f916115dd350487e67941f42915699de06b5244f12dde5c6,0d1f235e19c9a836f7aa1b7305f10a2ba28729313c70e18c940690c3156f2972,5c886cc005dc6de3fadefff7fc4c789246fa29bd8a81ea43ee02c7ac3d502d45,FORENSIC_AUDIT_NODE
14,676,f0356852b3e5210bef04ba14,REQ-000676,6a64fa780de065894b79bd742e9695236e79d360f40456d6eb71455a58063232,0d1f235e19c9a836f7aa1b7305f10a2ba28729313c70e18c940690c3156f2972,5c886cc005dc6de3fadefff7fc4c789246fa29bd8a81ea43ee02c7ac3d502d45,FORENSIC_AUDIT_NODE
14,677,7d04ca343609a05eadacd1e8,REQ-000677,63a757530bf727541de9b303e6f03e06bee25d4149eca493ca335adbd649b66a,0d1f235e19c9a836f7aa1b7305f10a2ba28729313c70e18c940690c3156f2972,5c886cc005dc6de3fadefff7fc4c789246fa29bd8a81ea43ee02c7ac3d502d45,FORENSIC_AUDIT_NODE
14,678,babb48dbed9e9fb611af2668,REQ-000678,443dd8cd88dddda0627e107f354233fb106b79dc6b51809d7a91b3c8bf957d78,0d1f235e19c9a836f7aa1b7305f10a2ba28729313c70e18c940690c3156f2972,5c886cc005dc6de3fadefff7fc4c789246fa29bd8a81ea43ee02c7ac3d502d45,FORENSIC_AUDIT_NODE
14,679,f6f7be1a823bc1d7bb79d278,REQ-000679,dfea0f509c2d65aac96dad8d218ee7695b0c3855540fd2cc4a6f8fecc9aeaf8c,0d1f235e19c9a836f7aa1b7305f10a2ba28729313c70e18c940690c3156f2972,5c886cc005dc6de3fadefff7fc4c789246fa29bd8a81ea43ee02c7ac3d502d45,FORENSIC_AUDIT_NODE
14,680,1d0a444ba711b3c6c6b27b27,REQ-000680,b0b067b02ab5006a28328064eeed82f7ed4f68321fdbad51ae751f7aa9e77821,0d1f235e19c9a836f7aa1b7305f10a2ba28729313c70e18c940690c3156f2972,5c886cc005dc6de3fadefff7fc4c789246fa29bd8a81ea43ee02c7ac3d502d45,FORENSIC_AUDIT_NODE
14,681,5ccf5d3da84dc9911954119e,REQ-000681,ecda42f935fbf05eeb81556b8d28a8ad2523fb6ad8bb05b3724c52f2c34d3229,0d1f235e19c9a836f7aa1b7305f10a2ba28729313c70e18c940690c3156f2972,5c886cc005dc6de3fadefff7fc4c789246fa29bd8a81ea43ee02c7ac3d502d45,FORENSIC_AUDIT_NODE
14,682,cd1fdc96b26cfc3a27bf1e39,REQ-000682,94691e5f59dd05ac046858c8ca1cf686ae5b6f633451dfd0334f72d2f97e5272,0d1f235e19c9a836f7aa1b7305f10a2ba28729313c70e18c940690c3156f2972,5c886cc005dc6de3fadefff7fc4c789246fa29bd8a81ea43ee02c7ac3d502d45,FORENSIC_AUDIT_NODE
14,683,801b31d542c2bdb3cdc26203,REQ-000683,f8c8cd57fb5b12e4720f947eeb9274f2b91983ecb4f8f9d6027fd492aa4e56ed,0d1f235e19c9a836f7aa1b7305f10a2ba28729313c70e18c940690c3156f2972,5c886cc005dc6de3fadefff7fc4c789246fa29bd8a81ea43ee02c7ac3d502d45,FORENSIC_AUDIT_NODE
14,684,ce058dfe03312f7f9942b96f,REQ-000684,b5564990c5ad335ba5a74606376102f6252155ac0c9dcd5701949465b568543d,0d1f235e19c9a836f7aa1b7305f10a2ba28729313c70e18c940690c3156f2972,5c886cc005dc6de3fadefff7fc4c789246fa29bd8a81ea43ee02c7ac3d502d45,FORENSIC_AUDIT_NODE
14,685,6627432a9f86f6d2bd2e0856,REQ-000685,ef5e1eda3b0b89f7f5e00b4af9a6fb44ad59577fc7f3dc232a9415d1abcb61df,0d1f235e19c9a836f7aa1b7305f10a2ba28729313c70e18c940690c3156f2972,5c886cc005dc6de3fadefff7fc4c789246fa29bd8a81ea43ee02c7ac3d502d45,FORENSIC_AUDIT_NODE
14,686,a1937a4955c775eb97b72a0e,REQ-000686,f46efbfbb4fccac3af397a51f4cf8b499f57905378e7e015219d7470ee652190,0d1f235e19c9a836f7aa1b7305f10a2ba28729313c70e18c940690c3156f2972,5c886cc005dc6de3fadefff7fc4c789246fa29bd8a81ea43ee02c7ac3d502d45,FORENSIC_AUDIT_NODE
14,687,9761250c9cab610cc715cd21,REQ-000687,fa7bc3ba1aa3efd25431a1cba54f7c67d0db1ff995a417578a1d0af8c0b0b1cd,0d1f235e19c9a836f7aa1b7305f10a2ba28729313c70e18c940690c3156f2972,5c886cc005dc6de3fadefff7fc4c789246fa29bd8a81ea43ee02c7ac3d502d45,FORENSIC_AUDIT_NODE
14,688,37c794f527efc60fbe7fb076,REQ-000688,581e5c688d5109044fa34d25b7fe37baaa57bf26cd2ebb1b54a60d688b281c7e,0d1f235e19c9a836f7aa1b7305f10a2ba28729313c70e18c940690c3156f2972,5c886cc005dc6de3fadefff7fc4c789246fa29bd8a81ea43ee02c7ac3d502d45,FORENSIC_AUDIT_NODE
14,689,1c161fc6e2aa0d5176523475,REQ-000689,97d50c4a278aaa2ed547b132370b59623c2a68e3269090e31579cf218dc8568a,0d1f235e19c9a836f7aa1b7305f10a2ba28729313c70e18c940690c3156f2972,5c886cc005dc6de3fadefff7fc4c789246fa29bd8a81ea43ee02c7ac3d502d45,FORENSIC_AUDIT_NODE
14,690,6e62deaa86a647dab9994864,REQ-000690,18f966792cfaf27bb308316da0ab59f92311068323ce86d2712f988be2fc7825,0d1f235e19c9a836f7aa1b7305f10a2ba28729313c70e18c940690c3156f2972,5c886cc005dc6de3fadefff7fc4c789246fa29bd8a81ea43ee02c7ac3d502d45,FORENSIC_AUDIT_NODE
14,691,fa4d321ecbb58985078175d6,REQ-000691,408c95281693371a3ae5fb696354b5eb216c30cb2024317b4e71351959b7b605,0d1f235e19c9a836f7aa1b7305f10a2ba28729313c70e18c940690c3156f2972,5c886cc005dc6de3fadefff7fc4c789246fa29bd8a81ea43ee02c7ac3d502d45,FORENSIC_AUDIT_NODE
14,692,c2fce670f041d286ee617763,REQ-000692,feafe7804a9413fdae92ae7c0c37b558550ce0b4f6ba59c4f202f6373ea4ee4e,0d1f235e19c9a836f7aa1b7305f10a2ba28729313c70e18c940690c3156f2972,5c886cc005dc6de3fadefff7fc4c789246fa29bd8a81ea43ee02c7ac3d502d45,FORENSIC_AUDIT_NODE
14,693,bb1f47617a4af6ce20baf8f5,REQ-000693,72e7a6adea582c301e922b7ff9ea4fd6378f6074c569964fa09bef0a0563291c,0d1f235e19c9a836f7aa1b7305f10a2ba28729313c70e18c940690c3156f2972,5c886cc005dc6de3fadefff7fc4c789246fa29bd8a81ea43ee02c7ac3d502d45,FORENSIC_AUDIT_NODE
14,694,9b41498c1c58cc715da6b07c,REQ-000694,58b3777b47fd59577268c2f750b8f9284b92a10f4e26f9346f15f3f83902aabf,0d1f235e19c9a836f7aa1b7305f10a2ba28729313c70e18c940690c3156f2972,5c886cc005dc6de3fadefff7fc4c789246fa29bd8a81ea43ee02c7ac3d502d45,FORENSIC_AUDIT_NODE
14,695,2bc5be2cf546f77d5e4141b1,REQ-000695,bb90939997ad20f2bd78bdd90d4708f02f6816b11b00bb5ab76876236808c2c2,0d1f235e19c9a836f7aa1b7305f10a2ba28729313c70e18c940690c3156f2972,5c886cc005dc6de3fadefff7fc4c789246fa29bd8a81ea43ee02c7ac3d502d45,FORENSIC_AUDIT_NODE
14,696,7b8985c08fdf0d25784a76b5,REQ-000696,16a39f348095208b4c82e3ea362599bd5de67dd078fdd4d6b820c36c7913783c,0d1f235e19c9a836f7aa1b7305f10a2ba28729313c70e18c940690c3156f2972,5c886cc005dc6de3fadefff7fc4c789246fa29bd8a81ea43ee02c7ac3d502d45,FORENSIC_AUDIT_NODE
14,697,b660f559162c6efcf5a22b2b,REQ-000697,c5d1a8699a384c40954de8df062f432510d6c0bdb293261ff172ae40bf911481,0d1f235e19c9a836f7aa1b7305f10a2ba28729313c70e18c940690c3156f2972,5c886cc005dc6de3fadefff7fc4c789246fa29bd8a81ea43ee02c7ac3d502d45,FORENSIC_AUDIT_NODE
14,698,1931ab3505df134e7a37b3b1,REQ-000698,c7d465bdf7dcefd5f2f81f5cf96aa064a60561f2fd9631be6b04e3fae5f4950a,0d1f235e19c9a836f7aa1b7305f10a2ba28729313c70e18c940690c3156f2972,5c886cc005dc6de3fadefff7fc4c789246fa29bd8a81ea43ee02c7ac3d502d45,FORENSIC_AUDIT_NODE
14,699,a0fb666a1f319ebb60a2c13d,REQ-000699,e022ae9a71ca2d88efbefc15e3f4a5283672bbfb9c7adc272fd4fe4b82c0b095,0d1f235e19c9a836f7aa1b7305f10a2ba28729313c70e18c940690c3156f2972,5c886cc005dc6de3fadefff7fc4c789246fa29bd8a81ea43ee02c7ac3d502d45,FORENSIC_AUDIT_NODE
14,700,be0dbcb771e581534460f915,REQ-000700,90b425b5033ffd5a790c5fef1fb5267442e50a58844cc00aa0eb3f10b63cda62,0d1f235e19c9a836f7aa1b7305f10a2ba28729313c70e18c940690c3156f2972,5c886cc005dc6de3fadefff7fc4c789246fa29bd8a81ea43ee02c7ac3d502d45,FORENSIC_AUDIT_NODE
15,701,e593e7947f6aa748a40e2b3a,REQ-000701,c0a94c8d75e3e280ef5ff377b3be9410a0727ecbed8111624762a088f6f4aa51,e61ef3ff030c4f544bfbd42a92aaf8735172fa4209321c2c5a0e78e8a73aaafc,788fa00134c0f99da3ab6c346419298374d0ba4ba86b077c5dd1a1782cdb9ece,PROSECUTION_AUDIT_NODE
15,702,1f701880e9f58a3485f37305,REQ-000702,69900f762f1c782c1be919584f57f33d1099a87bc2014fdaf480cbff232bfccb,e61ef3ff030c4f544bfbd42a92aaf8735172fa4209321c2c5a0e78e8a73aaafc,788fa00134c0f99da3ab6c346419298374d0ba4ba86b077c5dd1a1782cdb9ece,PROSECUTION_AUDIT_NODE
15,703,2a6c39ab01c10d67b2d26488,REQ-000703,be680075e5273a601991d72504d9e9a9908d8ef640f8e00f4f1ffa2b251855c0,e61ef3ff030c4f544bfbd42a92aaf8735172fa4209321c2c5a0e78e8a73aaafc,788fa00134c0f99da3ab6c346419298374d0ba4ba86b077c5dd1a1782cdb9ece,PROSECUTION_AUDIT_NODE
15,704,8c408cdf3159cc68b0c27d1e,REQ-000704,62ee725e83abeb3e5e4afd80f84983c3fc7caecb2f27913312c0e638d238c533,e61ef3ff030c4f544bfbd42a92aaf8735172fa4209321c2c5a0e78e8a73aaafc,788fa00134c0f99da3ab6c346419298374d0ba4ba86b077c5dd1a1782cdb9ece,PROSECUTION_AUDIT_NODE
15,705,0aa40a25a41881875d8fd64e,REQ-000705,96c6fabacaea02a49b9b6ef2278c38b0da6daf1615bb839cebf924f4854d7cb9,e61ef3ff030c4f544bfbd42a92aaf8735172fa4209321c2c5a0e78e8a73aaafc,788fa00134c0f99da3ab6c346419298374d0ba4ba86b077c5dd1a1782cdb9ece,PROSECUTION_AUDIT_NODE
15,706,2b5b68978f0f4d8166d41188,REQ-000706,c0eba49e0fbd65010b62537a63b60474bb23396600675921b5c44c28df49d3dc,e61ef3ff030c4f544bfbd42a92aaf8735172fa4209321c2c5a0e78e8a73aaafc,788fa00134c0f99da3ab6c346419298374d0ba4ba86b077c5dd1a1782cdb9ece,PROSECUTION_AUDIT_NODE
15,707,12dd7c25538a242e145ad024,REQ-000707,23dbc168f36b2e79041c99d8d83574b7a21b45abc49fa6002ec835646d311115,e61ef3ff030c4f544bfbd42a92aaf8735172fa4209321c2c5a0e78e8a73aaafc,788fa00134c0f99da3ab6c346419298374d0ba4ba86b077c5dd1a1782cdb9ece,PROSECUTION_AUDIT_NODE
15,708,1d96ecfb34a1a741668bc21a,REQ-000708,99ee9c88de68724a896aeed6d9fae3596718f67717dbce407f82b12e7fe4a6cb,e61ef3ff030c4f544bfbd42a92aaf8735172fa4209321c2c5a0e78e8a73aaafc,788fa00134c0f99da3ab6c346419298374d0ba4ba86b077c5dd1a1782cdb9ece,PROSECUTION_AUDIT_NODE
15,709,48366ac63a52824b101fffb4,REQ-000709,28bfd1469e556d72e37f124d05f5b6c6f2bec87e6fbd5e8065966ca31a681395,e61ef3ff030c4f544bfbd42a92aaf8735172fa4209321c2c5a0e78e8a73aaafc,788fa00134c0f99da3ab6c346419298374d0ba4ba86b077c5dd1a1782cdb9ece,PROSECUTION_AUDIT_NODE
15,710,11e15bedd96cbb214fccdf21,REQ-000710,1d5dc212ab368a5c0287efe801f3f3d80d573d4bd1083f2dc49cbb3bb03fbe24,e61ef3ff030c4f544bfbd42a92aaf8735172fa4209321c2c5a0e78e8a73aaafc,788fa00134c0f99da3ab6c346419298374d0ba4ba86b077c5dd1a1782cdb9ece,PROSECUTION_AUDIT_NODE
15,711,266dd18d6c099d4595659290,REQ-000711,ac41886722eb797a518aea311d9b0308f4c291609b82924ca32f813335b7ef06,e61ef3ff030c4f544bfbd42a92aaf8735172fa4209321c2c5a0e78e8a73aaafc,788fa00134c0f99da3ab6c346419298374d0ba4ba86b077c5dd1a1782cdb9ece,PROSECUTION_AUDIT_NODE
15,712,39530b4e6c95756c7b7975c1,REQ-000712,91765943f4d09bc4fee0e1a010491655cd3d9fab214ddddaf2f57d35ab4ceab1,e61ef3ff030c4f544bfbd42a92aaf8735172fa4209321c2c5a0e78e8a73aaafc,788fa00134c0f99da3ab6c346419298374d0ba4ba86b077c5dd1a1782cdb9ece,PROSECUTION_AUDIT_NODE
15,713,824fbe94b16942fbfa050f49,REQ-000713,46c30d4d2a9aa342a4c85301f1e69825b8e6995fec48378ac5eae260aa1901b7,e61ef3ff030c4f544bfbd42a92aaf8735172fa4209321c2c5a0e78e8a73aaafc,788fa00134c0f99da3ab6c346419298374d0ba4ba86b077c5dd1a1782cdb9ece,PROSECUTION_AUDIT_NODE
15,714,0f9d391dc2e220d3fda0384a,REQ-000714,09c2e8283f3df70ca344091990f50d3203e2d57248f98e76e7a0cc7d700ec32d,e61ef3ff030c4f544bfbd42a92aaf8735172fa4209321c2c5a0e78e8a73aaafc,788fa00134c0f99da3ab6c346419298374d0ba4ba86b077c5dd1a1782cdb9ece,PROSECUTION_AUDIT_NODE
15,715,d28a071dbc2a22fc06c9f8f4,REQ-000715,ed5257a3f7ec78160a4ad0747f51e57ce03105f8611e265df796e7f9f138ae82,e61ef3ff030c4f544bfbd42a92aaf8735172fa4209321c2c5a0e78e8a73aaafc,788fa00134c0f99da3ab6c346419298374d0ba4ba86b077c5dd1a1782cdb9ece,PROSECUTION_AUDIT_NODE
15,716,a632b77935ee65191d323a1c,REQ-000716,f8a41295700f3dfb2a250f56891f6b1ad8c92454a2d96234810e9fe162cdf724,e61ef3ff030c4f544bfbd42a92aaf8735172fa4209321c2c5a0e78e8a73aaafc,788fa00134c0f99da3ab6c346419298374d0ba4ba86b077c5dd1a1782cdb9ece,PROSECUTION_AUDIT_NODE
15,717,197e44d849846d1919f65091,REQ-000717,d315ac8c25b998aaf0ebd9cd2f7aa5062a29f9a416f3989195f3bce9cdabd624,e61ef3ff030c4f544bfbd42a92aaf8735172fa4209321c2c5a0e78e8a73aaafc,788fa00134c0f99da3ab6c346419298374d0ba4ba86b077c5dd1a1782cdb9ece,PROSECUTION_AUDIT_NODE
15,718,67367d4659e5f666bbef4514,REQ-000718,5ce50de9342e80d5fc5354d5cc485e6c8fcb5d0cf3e80c089b73d2f0b19266fb,e61ef3ff030c4f544bfbd42a92aaf8735172fa4209321c2c5a0e78e8a73aaafc,788fa00134c0f99da3ab6c346419298374d0ba4ba86b077c5dd1a1782cdb9ece,PROSECUTION_AUDIT_NODE
15,719,60afbb182c74d97317fe35a5,REQ-000719,8e80cb45932d661440093ed93aa56c30455d99d5636ad18744cf8c2cf929a8c1,e61ef3ff030c4f544bfbd42a92aaf8735172fa4209321c2c5a0e78e8a73aaafc,788fa00134c0f99da3ab6c346419298374d0ba4ba86b077c5dd1a1782cdb9ece,PROSECUTION_AUDIT_NODE
15,720,11c54421fd6af9becd6ed31d,REQ-000720,0dd0d432e2639c9c4f3f64d88cb38eb05c35bdf8a57e73d31f5b540b283fe3f3,e61ef3ff030c4f544bfbd42a92aaf8735172fa4209321c2c5a0e78e8a73aaafc,788fa00134c0f99da3ab6c346419298374d0ba4ba86b077c5dd1a1782cdb9ece,PROSECUTION_AUDIT_NODE
15,721,c186625f50d1e04db0490c82,REQ-000721,af79998b5d4dc2e3e619833ba9b966f0938e9f3ffc9843b2c8172ec748fe8132,e61ef3ff030c4f544bfbd42a92aaf8735172fa4209321c2c5a0e78e8a73aaafc,788fa00134c0f99da3ab6c346419298374d0ba4ba86b077c5dd1a1782cdb9ece,PROSECUTION_AUDIT_NODE
15,722,2605ea5584e87947e8aff348,REQ-000722,e396d087b1c0892d09f5f96a26650afc3458325c97ea7c3acdeccbb0da1ed272,e61ef3ff030c4f544bfbd42a92aaf8735172fa4209321c2c5a0e78e8a73aaafc,788fa00134c0f99da3ab6c346419298374d0ba4ba86b077c5dd1a1782cdb9ece,PROSECUTION_AUDIT_NODE
15,723,b617689d024c6d8f3eb50163,REQ-000723,b691a7ed1a973515d974733186c34cc2c6fcbaee5f1594c0076d5a02c2abdbf1,e61ef3ff030c4f544bfbd42a92aaf8735172fa4209321c2c5a0e78e8a73aaafc,788fa00134c0f99da3ab6c346419298374d0ba4ba86b077c5dd1a1782cdb9ece,PROSECUTION_AUDIT_NODE
15,724,a3229ca0ec0be10254791b13,REQ-000724,736274e2f6cbd5242c52990d6f1fc3d30bddb09bb6ac55009522d86c301f9e43,e61ef3ff030c4f544bfbd42a92aaf8735172fa4209321c2c5a0e78e8a73aaafc,788fa00134c0f99da3ab6c346419298374d0ba4ba86b077c5dd1a1782cdb9ece,PROSECUTION_AUDIT_NODE
15,725,ea3ca0646e274f8675989f6a,REQ-000725,09531e236e280850929e5335abc0b687ce0d95b6e3f438360a6aaa0e0bc10769,e61ef3ff030c4f544bfbd42a92aaf8735172fa4209321c2c5a0e78e8a73aaafc,788fa00134c0f99da3ab6c346419298374d0ba4ba86b077c5dd1a1782cdb9ece,PROSECUTION_AUDIT_NODE
15,726,3f483377e886d64a1fbe4509,REQ-000726,843a384346375d61471055ff7d28a48bb786abc0caec8d02d64834e8e949a3b5,e61ef3ff030c4f544bfbd42a92aaf8735172fa4209321c2c5a0e78e8a73aaafc,788fa00134c0f99da3ab6c346419298374d0ba4ba86b077c5dd1a1782cdb9ece,PROSECUTION_AUDIT_NODE
15,727,d550c7da9b26e539f38ceaf7,REQ-000727,7804e13a9a845b28aaab2af67437d462ed02901fc95371fa46e573d20f22eaff,e61ef3ff030c4f544bfbd42a92aaf8735172fa4209321c2c5a0e78e8a73aaafc,788fa00134c0f99da3ab6c346419298374d0ba4ba86b077c5dd1a1782cdb9ece,PROSECUTION_AUDIT_NODE
15,728,23f866d65c24342c0cc3ce44,REQ-000728,897d3901fd8127031012ee5ec739c74d42c66af64648b754b99215b8f0e10240,e61ef3ff030c4f544bfbd42a92aaf8735172fa4209321c2c5a0e78e8a73aaafc,788fa00134c0f99da3ab6c346419298374d0ba4ba86b077c5dd1a1782cdb9ece,PROSECUTION_AUDIT_NODE
15,729,4f19fd306d728156451478a9,REQ-000729,bcc149cd1112e5f238faf43378245f62e38ec5d121ebc707414fa1643d0388ef,e61ef3ff030c4f544bfbd42a92aaf8735172fa4209321c2c5a0e78e8a73aaafc,788fa00134c0f99da3ab6c346419298374d0ba4ba86b077c5dd1a1782cdb9ece,PROSECUTION_AUDIT_NODE
15,730,1d81589ca6efd63357622133,REQ-000730,c120ca60760ef6dfe1b78d3756c1da9ae7417e3f039b6b2c94035bae33838bd9,e61ef3ff030c4f544bfbd42a92aaf8735172fa4209321c2c5a0e78e8a73aaafc,788fa00134c0f99da3ab6c346419298374d0ba4ba86b077c5dd1a1782cdb9ece,PROSECUTION_AUDIT_NODE
15,731,325bf9653a6790d57804a3b2,REQ-000731,58f297bb50eaf329030695f3244ce2f8fae099e764fa3f5c1e20b7b2061b3a03,e61ef3ff030c4f544bfbd42a92aaf8735172fa4209321c2c5a0e78e8a73aaafc,788fa00134c0f99da3ab6c346419298374d0ba4ba86b077c5dd1a1782cdb9ece,PROSECUTION_AUDIT_NODE
15,732,fa23e5743190f2a435beba5a,REQ-000732,09a126f0c24e72983c000d32600a6dc0079e602feec34cad9c785baa010de545,e61ef3ff030c4f544bfbd42a92aaf8735172fa4209321c2c5a0e78e8a73aaafc,788fa00134c0f99da3ab6c346419298374d0ba4ba86b077c5dd1a1782cdb9ece,PROSECUTION_AUDIT_NODE
15,733,a05e88d16c5ea5c038f5db35,REQ-000733,ca2f465efe7a732e8e19ca894a7dbe77929b8c7db95c46d11a5dd97e5a080002,e61ef3ff030c4f544bfbd42a92aaf8735172fa4209321c2c5a0e78e8a73aaafc,788fa00134c0f99da3ab6c346419298374d0ba4ba86b077c5dd1a1782cdb9ece,PROSECUTION_AUDIT_NODE
15,734,52646d5b9860f5b9a6a78ea1,REQ-000734,f622ef5bc70a0845aad6484af03db9bb1e4f5bae38675da9051590edb74d0df3,e61ef3ff030c4f544bfbd42a92aaf8735172fa4209321c2c5a0e78e8a73aaafc,788fa00134c0f99da3ab6c346419298374d0ba4ba86b077c5dd1a1782cdb9ece,PROSECUTION_AUDIT_NODE
15,735,166d990ef1a73a7b91cbdb1d,REQ-000735,af182f2f52651c7683fbae6ac56f71a5a5c2e9243ab96e9237cbe87088a394dc,e61ef3ff030c4f544bfbd42a92aaf8735172fa4209321c2c5a0e78e8a73aaafc,788fa00134c0f99da3ab6c346419298374d0ba4ba86b077c5dd1a1782cdb9ece,PROSECUTION_AUDIT_NODE
15,736,b6a28e6657be7dcfb073d4dd,REQ-000736,277e7a7a741b1fcb07804ddb6b4faa2da9e90e4ba4708d6dc9ebbca391e00ea6,e61ef3ff030c4f544bfbd42a92aaf8735172fa4209321c2c5a0e78e8a73aaafc,788fa00134c0f99da3ab6c346419298374d0ba4ba86b077c5dd1a1782cdb9ece,PROSECUTION_AUDIT_NODE
15,737,956d868e3e4343bfb720e43d,REQ-000737,04194a15d94aa5b1d8408386e8da67250cf171bfd0ff93cc4a9a71fcc1b64e90,e61ef3ff030c4f544bfbd42a92aaf8735172fa4209321c2c5a0e78e8a73aaafc,788fa00134c0f99da3ab6c346419298374d0ba4ba86b077c5dd1a1782cdb9ece,PROSECUTION_AUDIT_NODE
15,738,fee05bc25ac4972c0b02a9e8,REQ-000738,4ab568f39a722d2a9b145ef4ef91498b0df60d13edf86b5d9b21c15e3754e9f7,e61ef3ff030c4f544bfbd42a92aaf8735172fa4209321c2c5a0e78e8a73aaafc,788fa00134c0f99da3ab6c346419298374d0ba4ba86b077c5dd1a1782cdb9ece,PROSECUTION_AUDIT_NODE
15,739,0258f97e51c83e96b7eef1b5,REQ-000739,e68319e5d8a2a8d7be435683a72a519482d60480315527f5054b8e23758147c2,e61ef3ff030c4f544bfbd42a92aaf8735172fa4209321c2c5a0e78e8a73aaafc,788fa00134c0f99da3ab6c346419298374d0ba4ba86b077c5dd1a1782cdb9ece,PROSECUTION_AUDIT_NODE
15,740,0be6f82c613c82ca06c4a434,REQ-000740,b897ec06a133f12b20da9140e922165c71d9ac753e96795932aae18b85003801,e61ef3ff030c4f544bfbd42a92aaf8735172fa4209321c2c5a0e78e8a73aaafc,788fa00134c0f99da3ab6c346419298374d0ba4ba86b077c5dd1a1782cdb9ece,PROSECUTION_AUDIT_NODE
15,741,0a4c6b4547e23459556ad0d7,REQ-000741,edfc0a290785accbcc5105871fc767e28f9b033fa94af2ca870f7989d08d5a83,e61ef3ff030c4f544bfbd42a92aaf8735172fa4209321c2c5a0e78e8a73aaafc,788fa00134c0f99da3ab6c346419298374d0ba4ba86b077c5dd1a1782cdb9ece,PROSECUTION_AUDIT_NODE
15,742,0e30954430075b6a4b39f38c,REQ-000742,23b428c1a5d6b833d314af9d17546c564dee9847ff29585dee9e9e8e56083097,e61ef3ff030c4f544bfbd42a92aaf8735172fa4209321c2c5a0e78e8a73aaafc,788fa00134c0f99da3ab6c346419298374d0ba4ba86b077c5dd1a1782cdb9ece,PROSECUTION_AUDIT_NODE
15,743,d19110c32b12cc268738ede5,REQ-000743,2a241d8a980b5a36704048f60d4c6075b877093b28ba84b2d788ea9019a04188,e61ef3ff030c4f544bfbd42a92aaf8735172fa4209321c2c5a0e78e8a73aaafc,788fa00134c0f99da3ab6c346419298374d0ba4ba86b077c5dd1a1782cdb9ece,PROSECUTION_AUDIT_NODE
15,744,0d28eb9915f2f54f3e8b507a,REQ-000744,5084b3a62f1e6d0cad1a3ebbe55d913d605b14237f2a526a66bc925deb521873,e61ef3ff030c4f544bfbd42a92aaf8735172fa4209321c2c5a0e78e8a73aaafc,788fa00134c0f99da3ab6c346419298374d0ba4ba86b077c5dd1a1782cdb9ece,PROSECUTION_AUDIT_NODE
15,745,6534e4295623fcbad770f7fa,REQ-000745,252993bd387e16964afdb1f17f6d3dcff286706d8d5d4e1d40b3235877a7aa2e,e61ef3ff030c4f544bfbd42a92aaf8735172fa4209321c2c5a0e78e8a73aaafc,788fa00134c0f99da3ab6c346419298374d0ba4ba86b077c5dd1a1782cdb9ece,PROSECUTION_AUDIT_NODE
15,746,198987a7db96eaf912dd2e7e,REQ-000746,5f01a808631ef3f799dbc38d8cf6bcf427638f8abe65ca1a16c066a974421fed,e61ef3ff030c4f544bfbd42a92aaf8735172fa4209321c2c5a0e78e8a73aaafc,788fa00134c0f99da3ab6c346419298374d0ba4ba86b077c5dd1a1782cdb9ece,PROSECUTION_AUDIT_NODE
15,747,1aeae7c5c8d33f0872207ffe,REQ-000747,6c9b155e2545744844594cf0f1c508ef15618dc05e10d19afa2a17c2c67150ef,e61ef3ff030c4f544bfbd42a92aaf8735172fa4209321c2c5a0e78e8a73aaafc,788fa00134c0f99da3ab6c346419298374d0ba4ba86b077c5dd1a1782cdb9ece,PROSECUTION_AUDIT_NODE
15,748,5490ee1eb13ef13e0ad783d4,REQ-000748,d64c0e28f9207ae66b03e3ed8ba3c372fa74fe6cba28da241beb005a61341d4c,e61ef3ff030c4f544bfbd42a92aaf8735172fa4209321c2c5a0e78e8a73aaafc,788fa00134c0f99da3ab6c346419298374d0ba4ba86b077c5dd1a1782cdb9ece,PROSECUTION_AUDIT_NODE
15,749,12bba2dd18dfe9b67a7c2b02,REQ-000749,edc8bb9c3f501a91c05ad9987f18a070d950739095518fc40d4aed3b9a8d6a93,e61ef3ff030c4f544bfbd42a92aaf8735172fa4209321c2c5a0e78e8a73aaafc,788fa00134c0f99da3ab6c346419298374d0ba4ba86b077c5dd1a1782cdb9ece,PROSECUTION_AUDIT_NODE
15,750,b33cc325df34042520ca9354,REQ-000750,8f2a154d152a8392281e9ce221e1752b98c67bfd039bc3e64d259f995229d118,e61ef3ff030c4f544bfbd42a92aaf8735172fa4209321c2c5a0e78e8a73aaafc,788fa00134c0f99da3ab6c346419298374d0ba4ba86b077c5dd1a1782cdb9ece,PROSECUTION_AUDIT_NODE
16,751,7522265578d4698fe9c82282,REQ-000751,ffb047ca475846b5fba264cace09af18db115dcf0799f0289a98551667adc2b3,3c79a9b4125f6c7c74b2c726b9a5941facf289f91483addc03c2dd23fecfd5b9,84c6dbf7d7c25c68624051071811f0b53f065211f3cd5415c0764f1bb4933a02,COURT_ICJS_AUDIT_NODE
16,752,ad9211186c853659dc14e01b,REQ-000752,4562f15c40fad154752b85220bf930d28710d506a06f5e86069197af520a724e,3c79a9b4125f6c7c74b2c726b9a5941facf289f91483addc03c2dd23fecfd5b9,84c6dbf7d7c25c68624051071811f0b53f065211f3cd5415c0764f1bb4933a02,COURT_ICJS_AUDIT_NODE
16,753,b88cc6ac4e254785e1acba9f,REQ-000753,de090cb9f268e7506333965e85d4e354d9f609c72b652a04fc9d7477fec24f46,3c79a9b4125f6c7c74b2c726b9a5941facf289f91483addc03c2dd23fecfd5b9,84c6dbf7d7c25c68624051071811f0b53f065211f3cd5415c0764f1bb4933a02,COURT_ICJS_AUDIT_NODE
16,754,55baf67d1df4a6627381d908,REQ-000754,cd6ad1d9533d06ca7d4666d24743b66b7b07eae6477013c9bd7c9dfb842ae9f6,3c79a9b4125f6c7c74b2c726b9a5941facf289f91483addc03c2dd23fecfd5b9,84c6dbf7d7c25c68624051071811f0b53f065211f3cd5415c0764f1bb4933a02,COURT_ICJS_AUDIT_NODE
16,755,e5851eed50bff5b92176423f,REQ-000755,09ca5d08ea3207f424bb73c502cd77dbfe349e60a2498631e898729a6d0b3d2c,3c79a9b4125f6c7c74b2c726b9a5941facf289f91483addc03c2dd23fecfd5b9,84c6dbf7d7c25c68624051071811f0b53f065211f3cd5415c0764f1bb4933a02,COURT_ICJS_AUDIT_NODE
16,756,2366054ce040a7e1301caa0e,REQ-000756,da18af7cccd1ed05b3d31589a12f7f8dcac6ba74df4f0f580c0804b34440fbd2,3c79a9b4125f6c7c74b2c726b9a5941facf289f91483addc03c2dd23fecfd5b9,84c6dbf7d7c25c68624051071811f0b53f065211f3cd5415c0764f1bb4933a02,COURT_ICJS_AUDIT_NODE
16,757,0b08de1cfb169162c3a104ac,REQ-000757,adc4e9c0ac0104a6ec1ce3b04450812d6efbaed7cc608499168d4e689b2e8958,3c79a9b4125f6c7c74b2c726b9a5941facf289f91483addc03c2dd23fecfd5b9,84c6dbf7d7c25c68624051071811f0b53f065211f3cd5415c0764f1bb4933a02,COURT_ICJS_AUDIT_NODE
16,758,8747f521af4baadba49572f9,REQ-000758,d9dde132beb5a790ad409f57fc38886d948d0640a96bd43d178db4bddb717767,3c79a9b4125f6c7c74b2c726b9a5941facf289f91483addc03c2dd23fecfd5b9,84c6dbf7d7c25c68624051071811f0b53f065211f3cd5415c0764f1bb4933a02,COURT_ICJS_AUDIT_NODE
16,759,a436ddbf33b3ff3bbe8ce368,REQ-000759,9a9c4b7f29c2e62a548c3aa385ce236d66c7aa60e5302936885261dcfc2e4c02,3c79a9b4125f6c7c74b2c726b9a5941facf289f91483addc03c2dd23fecfd5b9,84c6dbf7d7c25c68624051071811f0b53f065211f3cd5415c0764f1bb4933a02,COURT_ICJS_AUDIT_NODE
16,760,2ba34407a11c88cc29899dd7,REQ-000760,829612e67e5ba0dc4a537b5ce9e18a1f3e72c475e419dd944d82b9d4199bade6,3c79a9b4125f6c7c74b2c726b9a5941facf289f91483addc03c2dd23fecfd5b9,84c6dbf7d7c25c68624051071811f0b53f065211f3cd5415c0764f1bb4933a02,COURT_ICJS_AUDIT_NODE
16,761,381f249477d79966e1bad55c,REQ-000761,0fca40393e781d91c3c75a913e28aea595c7f6c8fa001896e56056cb1dae7157,3c79a9b4125f6c7c74b2c726b9a5941facf289f91483addc03c2dd23fecfd5b9,84c6dbf7d7c25c68624051071811f0b53f065211f3cd5415c0764f1bb4933a02,COURT_ICJS_AUDIT_NODE
16,762,3bff9076a3396327c0a91302,REQ-000762,496d34b116911e832f161830405e05ab4ab414ca0be05871b3ff7d0b0c282438,3c79a9b4125f6c7c74b2c726b9a5941facf289f91483addc03c2dd23fecfd5b9,84c6dbf7d7c25c68624051071811f0b53f065211f3cd5415c0764f1bb4933a02,COURT_ICJS_AUDIT_NODE
16,763,bcd7f776d2246588de90f096,REQ-000763,a5e642158c586f4f90f36b908d511e7eeaef64f2c4c257c2c26f2d5d07c4d9aa,3c79a9b4125f6c7c74b2c726b9a5941facf289f91483addc03c2dd23fecfd5b9,84c6dbf7d7c25c68624051071811f0b53f065211f3cd5415c0764f1bb4933a02,COURT_ICJS_AUDIT_NODE
16,764,e494595026a37246e0a9c786,REQ-000764,4dc846f19c4552317158956a27ea2209912180a0955806e44ff0cefa805cdd3b,3c79a9b4125f6c7c74b2c726b9a5941facf289f91483addc03c2dd23fecfd5b9,84c6dbf7d7c25c68624051071811f0b53f065211f3cd5415c0764f1bb4933a02,COURT_ICJS_AUDIT_NODE
16,765,11f6c33ae8e33560e29ab47f,REQ-000765,289969b97d824fc0e9a1e8775bf626dbe99126e351cb06f6cc551a446678bb54,3c79a9b4125f6c7c74b2c726b9a5941facf289f91483addc03c2dd23fecfd5b9,84c6dbf7d7c25c68624051071811f0b53f065211f3cd5415c0764f1bb4933a02,COURT_ICJS_AUDIT_NODE
16,766,18f148e11523a1203edb63fa,REQ-000766,683e505a99a47c0c1d89754c142f0b7d49e6ef7d6a6a16ea3a9e62e4e3403c3d,3c79a9b4125f6c7c74b2c726b9a5941facf289f91483addc03c2dd23fecfd5b9,84c6dbf7d7c25c68624051071811f0b53f065211f3cd5415c0764f1bb4933a02,COURT_ICJS_AUDIT_NODE
16,767,26d2aad31fa731d2aa4a32e0,REQ-000767,92b9ea65b3e9f4276c8947797f45e277cddd30c5fabc7f36ae4057d7380ea597,3c79a9b4125f6c7c74b2c726b9a5941facf289f91483addc03c2dd23fecfd5b9,84c6dbf7d7c25c68624051071811f0b53f065211f3cd5415c0764f1bb4933a02,COURT_ICJS_AUDIT_NODE
16,768,f305084320b27e4b9f35c651,REQ-000768,e02576f57d2b5431a95ff8950bd67460b9615c2ab1c1ffa24a60c11407fc7fd3,3c79a9b4125f6c7c74b2c726b9a5941facf289f91483addc03c2dd23fecfd5b9,84c6dbf7d7c25c68624051071811f0b53f065211f3cd5415c0764f1bb4933a02,COURT_ICJS_AUDIT_NODE
16,769,822a8baec648dc0af184c8cd,REQ-000769,a1a925af1cb6b07e619c8ed6dee2bfb4a32fff577ede48d0274983259d0edbc2,3c79a9b4125f6c7c74b2c726b9a5941facf289f91483addc03c2dd23fecfd5b9,84c6dbf7d7c25c68624051071811f0b53f065211f3cd5415c0764f1bb4933a02,COURT_ICJS_AUDIT_NODE
16,770,b849312b30324bf33992d1a3,REQ-000770,0f3c438ab15532ae88c3774e681dcc298e013e391e5f400f0b1bd18b6a2c2f9d,3c79a9b4125f6c7c74b2c726b9a5941facf289f91483addc03c2dd23fecfd5b9,84c6dbf7d7c25c68624051071811f0b53f065211f3cd5415c0764f1bb4933a02,COURT_ICJS_AUDIT_NODE
16,771,a0becb3898819f9a4ad01b8b,REQ-000771,bc1da87382089dac2bc2b657213266ec6ec307ba66e692b9686431b13d31d8df,3c79a9b4125f6c7c74b2c726b9a5941facf289f91483addc03c2dd23fecfd5b9,84c6dbf7d7c25c68624051071811f0b53f065211f3cd5415c0764f1bb4933a02,COURT_ICJS_AUDIT_NODE
16,772,1f26fa84e0c4d46086116e05,REQ-000772,c7dd447756733b2cba2551542e0c6dc1d25ac12c0bab73501430c6d0d05e4af3,3c79a9b4125f6c7c74b2c726b9a5941facf289f91483addc03c2dd23fecfd5b9,84c6dbf7d7c25c68624051071811f0b53f065211f3cd5415c0764f1bb4933a02,COURT_ICJS_AUDIT_NODE
16,773,caf730fb21860b596055acc7,REQ-000773,0c6c3bef37ede0e33bc0a7309b94c023bba3ecb6a7e6e71b07db4bc82edfb102,3c79a9b4125f6c7c74b2c726b9a5941facf289f91483addc03c2dd23fecfd5b9,84c6dbf7d7c25c68624051071811f0b53f065211f3cd5415c0764f1bb4933a02,COURT_ICJS_AUDIT_NODE
16,774,f1fa47585273c5cd60f6d49b,REQ-000774,aeae05974c7040c07e68d42f2d9ca53f742e17fe19dfb444d321e3cd6f393b25,3c79a9b4125f6c7c74b2c726b9a5941facf289f91483addc03c2dd23fecfd5b9,84c6dbf7d7c25c68624051071811f0b53f065211f3cd5415c0764f1bb4933a02,COURT_ICJS_AUDIT_NODE
16,775,7a09c12a6d07dadceb439e3e,REQ-000775,403ccf1ac95b7c31b49f42c5f0c08037d1c5bf133119135e30d041f920ff4a01,3c79a9b4125f6c7c74b2c726b9a5941facf289f91483addc03c2dd23fecfd5b9,84c6dbf7d7c25c68624051071811f0b53f065211f3cd5415c0764f1bb4933a02,COURT_ICJS_AUDIT_NODE
16,776,9dd59b2c5d407c170287bfa3,REQ-000776,31c41b1541ff6fe07287e979a87af7600f73dc5ee80bbe855ab399db35fed068,3c79a9b4125f6c7c74b2c726b9a5941facf289f91483addc03c2dd23fecfd5b9,84c6dbf7d7c25c68624051071811f0b53f065211f3cd5415c0764f1bb4933a02,COURT_ICJS_AUDIT_NODE
16,777,14785d68d2621c473b4e5374,REQ-000777,588364591a1ef09098ef0c72547b3ff8362e40e97fb7816afdf287b2ef6b2ac6,3c79a9b4125f6c7c74b2c726b9a5941facf289f91483addc03c2dd23fecfd5b9,84c6dbf7d7c25c68624051071811f0b53f065211f3cd5415c0764f1bb4933a02,COURT_ICJS_AUDIT_NODE
16,778,a79d6a443de2d84417d8a9c1,REQ-000778,f3dac30b846225e614dae1bdde9319e0046e33a665030da082fc375a1f6a9f85,3c79a9b4125f6c7c74b2c726b9a5941facf289f91483addc03c2dd23fecfd5b9,84c6dbf7d7c25c68624051071811f0b53f065211f3cd5415c0764f1bb4933a02,COURT_ICJS_AUDIT_NODE
16,779,e5046a373e19a0bb3dc785fe,REQ-000779,772eb6c0ac434fcda4476a103a83fad6df928362a634c3c88279c6b886a0a719,3c79a9b4125f6c7c74b2c726b9a5941facf289f91483addc03c2dd23fecfd5b9,84c6dbf7d7c25c68624051071811f0b53f065211f3cd5415c0764f1bb4933a02,COURT_ICJS_AUDIT_NODE
16,780,403b499b57ae0afddc2083ea,REQ-000780,85441136b2452b08dff8c2f4514db85b11b982af4d2b9e63c4362f5603e7e92d,3c79a9b4125f6c7c74b2c726b9a5941facf289f91483addc03c2dd23fecfd5b9,84c6dbf7d7c25c68624051071811f0b53f065211f3cd5415c0764f1bb4933a02,COURT_ICJS_AUDIT_NODE
16,781,ed58c38ac4a9099b577ed406,REQ-000781,9383ff6497eb91bdc3276a5583e83ae21d8b438c07b97daebe8464df0babb644,3c79a9b4125f6c7c74b2c726b9a5941facf289f91483addc03c2dd23fecfd5b9,84c6dbf7d7c25c68624051071811f0b53f065211f3cd5415c0764f1bb4933a02,COURT_ICJS_AUDIT_NODE
16,782,f84345ed717dbc4151898f67,REQ-000782,95d79622dca401070a5388756d69cf52b4544b99ea265efcbbc3ebae3da2c42b,3c79a9b4125f6c7c74b2c726b9a5941facf289f91483addc03c2dd23fecfd5b9,84c6dbf7d7c25c68624051071811f0b53f065211f3cd5415c0764f1bb4933a02,COURT_ICJS_AUDIT_NODE
16,783,0f3c8d5b5362bfd9633ae442,REQ-000783,befd17f8a227407b696d05b8eba8e37011586e42b0dacda56054c360d154dc13,3c79a9b4125f6c7c74b2c726b9a5941facf289f91483addc03c2dd23fecfd5b9,84c6dbf7d7c25c68624051071811f0b53f065211f3cd5415c0764f1bb4933a02,COURT_ICJS_AUDIT_NODE
16,784,7813b66317e719cfc91e7bbc,REQ-000784,891c08c5e5613811049e1861b7960f23222aa69f99b1dd025ece09bd0bc5ee4d,3c79a9b4125f6c7c74b2c726b9a5941facf289f91483addc03c2dd23fecfd5b9,84c6dbf7d7c25c68624051071811f0b53f065211f3cd5415c0764f1bb4933a02,COURT_ICJS_AUDIT_NODE
16,785,261d507f759804c8eae07b8e,REQ-000785,bc1c8dbce02d283d483e71c44d4d72d10ed6546b7cd4bf1242042d9b9c2151dc,3c79a9b4125f6c7c74b2c726b9a5941facf289f91483addc03c2dd23fecfd5b9,84c6dbf7d7c25c68624051071811f0b53f065211f3cd5415c0764f1bb4933a02,COURT_ICJS_AUDIT_NODE
16,786,ad0ffc859140444c97c9fa69,REQ-000786,7e869d5da040e9e7f8cd59e3430d402eb25381e12d35d91bc9fc0dd38f62e8e3,3c79a9b4125f6c7c74b2c726b9a5941facf289f91483addc03c2dd23fecfd5b9,84c6dbf7d7c25c68624051071811f0b53f065211f3cd5415c0764f1bb4933a02,COURT_ICJS_AUDIT_NODE
16,787,dd88a02704b67b5a976c4404,REQ-000787,e43f0e344a5b317415574e7a250792c4a5a2dc4cd120f8c55bd04eb64df7d83d,3c79a9b4125f6c7c74b2c726b9a5941facf289f91483addc03c2dd23fecfd5b9,84c6dbf7d7c25c68624051071811f0b53f065211f3cd5415c0764f1bb4933a02,COURT_ICJS_AUDIT_NODE
16,788,3824a849ee412f0aae0b5031,REQ-000788,e76a9595f61c2eb8a6120d80827c7c5fc970b19ab3c0dd0f3b17395e3df2f49b,3c79a9b4125f6c7c74b2c726b9a5941facf289f91483addc03c2dd23fecfd5b9,84c6dbf7d7c25c68624051071811f0b53f065211f3cd5415c0764f1bb4933a02,COURT_ICJS_AUDIT_NODE
16,789,93439c6fb44986b915111f67,REQ-000789,32ea0da3adfa65e60f02e0c4b35b48f1c2c2dd905eeee86b2f2973348fa749df,3c79a9b4125f6c7c74b2c726b9a5941facf289f91483addc03c2dd23fecfd5b9,84c6dbf7d7c25c68624051071811f0b53f065211f3cd5415c0764f1bb4933a02,COURT_ICJS_AUDIT_NODE
16,790,daee92c90c4c0285d813e22c,REQ-000790,da90296c4b2f34671ef26b0bdcee6908acdcc0c99d5071562e40cc71ac5df04d,3c79a9b4125f6c7c74b2c726b9a5941facf289f91483addc03c2dd23fecfd5b9,84c6dbf7d7c25c68624051071811f0b53f065211f3cd5415c0764f1bb4933a02,COURT_ICJS_AUDIT_NODE
16,791,bd6266eb5f310f79a6cd2b7f,REQ-000791,1981161abb2d704444c1557c30218ff8f99925d123cd989987e9eeece53476cb,3c79a9b4125f6c7c74b2c726b9a5941facf289f91483addc03c2dd23fecfd5b9,84c6dbf7d7c25c68624051071811f0b53f065211f3cd5415c0764f1bb4933a02,COURT_ICJS_AUDIT_NODE
16,792,8ef59c9fde3f49396c2b19b5,REQ-000792,c2e65dbdb4b112c717b37d0805ec0c5d8e735b97949dd35524f6070c5882a4fd,3c79a9b4125f6c7c74b2c726b9a5941facf289f91483addc03c2dd23fecfd5b9,84c6dbf7d7c25c68624051071811f0b53f065211f3cd5415c0764f1bb4933a02,COURT_ICJS_AUDIT_NODE
16,793,7b0e2d284771cb4c18bb38a7,REQ-000793,2fee16dfb6bb6b59cd0b86e108c03a37728c5696336cc36acdcfee89117381f9,3c79a9b4125f6c7c74b2c726b9a5941facf289f91483addc03c2dd23fecfd5b9,84c6dbf7d7c25c68624051071811f0b53f065211f3cd5415c0764f1bb4933a02,COURT_ICJS_AUDIT_NODE
16,794,e6d9be6de181a0e35f908a37,REQ-000794,b381df9df1f510b21aeaeceb6af99e10d510b4743f3bb35157d0957ec904f3a8,3c79a9b4125f6c7c74b2c726b9a5941facf289f91483addc03c2dd23fecfd5b9,84c6dbf7d7c25c68624051071811f0b53f065211f3cd5415c0764f1bb4933a02,COURT_ICJS_AUDIT_NODE
16,795,5ec291e40046bf6e5f486422,REQ-000795,18d7c6a61b6fcf25281371fd8d5f2efa4b68efe6fa774c2e30548586caf8eeb8,3c79a9b4125f6c7c74b2c726b9a5941facf289f91483addc03c2dd23fecfd5b9,84c6dbf7d7c25c68624051071811f0b53f065211f3cd5415c0764f1bb4933a02,COURT_ICJS_AUDIT_NODE
16,796,8778070e4ce3b6810a292a3d,REQ-000796,eff4e997def765c7619fb790dbcf2d09d66a89f135baf62bb6ef13595cd8ab69,3c79a9b4125f6c7c74b2c726b9a5941facf289f91483addc03c2dd23fecfd5b9,84c6dbf7d7c25c68624051071811f0b53f065211f3cd5415c0764f1bb4933a02,COURT_ICJS_AUDIT_NODE
16,797,c8c797e6791b5ec8146a1fdb,REQ-000797,962071e0f9b8423079f1b49bf0b8aeda5ba2532f075ea4dc1e1484501738520c,3c79a9b4125f6c7c74b2c726b9a5941facf289f91483addc03c2dd23fecfd5b9,84c6dbf7d7c25c68624051071811f0b53f065211f3cd5415c0764f1bb4933a02,COURT_ICJS_AUDIT_NODE
16,798,c565cb7b4850269d33cff110,REQ-000798,73c498a2e0e00d55aa01a19c64e49ff38f615e4c7b3bea3facc3aa24acd96c5a,3c79a9b4125f6c7c74b2c726b9a5941facf289f91483addc03c2dd23fecfd5b9,84c6dbf7d7c25c68624051071811f0b53f065211f3cd5415c0764f1bb4933a02,COURT_ICJS_AUDIT_NODE
16,799,59b8c98c90df44a8d1c3f1da,REQ-000799,925720d1f6ec686e153fa97c8a8a57029685c6e6bd7b023fa2fefc85ba52b381,3c79a9b4125f6c7c74b2c726b9a5941facf289f91483addc03c2dd23fecfd5b9,84c6dbf7d7c25c68624051071811f0b53f065211f3cd5415c0764f1bb4933a02,COURT_ICJS_AUDIT_NODE
16,800,7e0495a9f025343dfe2c3544,REQ-000800,e07eac44ea9a3354ce5a6b0d295b31df37ec6cc603cdf0eae0070f227e0cacce,3c79a9b4125f6c7c74b2c726b9a5941facf289f91483addc03c2dd23fecfd5b9,84c6dbf7d7c25c68624051071811f0b53f065211f3cd5415c0764f1bb4933a02,COURT_ICJS_AUDIT_NODE
17,801,e3cf8f7cbbc877e202990da5,REQ-000801,4a8c082391b210fbbe5580e37d2b762f89c2a3bd2661d4d5958f0aed47ccbbdf,76fec0325c3f84becf75286c926d17f7bf0d77760475bd6aee0b17393d66c60f,fa4ccf435be69f51fd91b8fa5a55084c8483644751db88652e4ae30e8658373a,POLICE_AUDIT_NODE
17,802,47569fdfa937fc48a6624cb3,REQ-000802,b524139c757495547a7125f24dfa73dbb74b6f4e94c6752fcf106d4571b4d506,76fec0325c3f84becf75286c926d17f7bf0d77760475bd6aee0b17393d66c60f,fa4ccf435be69f51fd91b8fa5a55084c8483644751db88652e4ae30e8658373a,POLICE_AUDIT_NODE
17,803,f2c3f852417ff35d87872236,REQ-000803,a0a39912f094519c3a687170b25f5aa6cd31eea31b9b2db5e79fdb5c7c6368f7,76fec0325c3f84becf75286c926d17f7bf0d77760475bd6aee0b17393d66c60f,fa4ccf435be69f51fd91b8fa5a55084c8483644751db88652e4ae30e8658373a,POLICE_AUDIT_NODE
17,804,4786b264108c79f8b090b2a4,REQ-000804,ebccb96e2f4741604b8a4511ce4950ddf132905fa41625cd9865542125803ce1,76fec0325c3f84becf75286c926d17f7bf0d77760475bd6aee0b17393d66c60f,fa4ccf435be69f51fd91b8fa5a55084c8483644751db88652e4ae30e8658373a,POLICE_AUDIT_NODE
17,805,5acb0d014034371984afdd02,REQ-000805,b913791ed4d9808da0d34d44e7f3b406a623b80cf1b9087bc06cdb6aa5194427,76fec0325c3f84becf75286c926d17f7bf0d77760475bd6aee0b17393d66c60f,fa4ccf435be69f51fd91b8fa5a55084c8483644751db88652e4ae30e8658373a,POLICE_AUDIT_NODE
17,806,7d94921316571117904eec1a,REQ-000806,7f0c60b285ac1f775c631c1c1c13ccb98fb7ffdc72b3725c5b51425b5637ee0b,76fec0325c3f84becf75286c926d17f7bf0d77760475bd6aee0b17393d66c60f,fa4ccf435be69f51fd91b8fa5a55084c8483644751db88652e4ae30e8658373a,POLICE_AUDIT_NODE
17,807,b26379b1dcf25fa4df967449,REQ-000807,edce52e5ab1b91b594b6f695cc2efad93418e89575c53be7659ff6b451c3d974,76fec0325c3f84becf75286c926d17f7bf0d77760475bd6aee0b17393d66c60f,fa4ccf435be69f51fd91b8fa5a55084c8483644751db88652e4ae30e8658373a,POLICE_AUDIT_NODE
17,808,e7e4ff936ae981559c067596,REQ-000808,0c0a982480999f9d246f4812834d9dc5e6891af02d75309f74ac26d6d9eb7a30,76fec0325c3f84becf75286c926d17f7bf0d77760475bd6aee0b17393d66c60f,fa4ccf435be69f51fd91b8fa5a55084c8483644751db88652e4ae30e8658373a,POLICE_AUDIT_NODE
17,809,d573dfde41e9b3e55955e7e2,REQ-000809,6eeacf07343bf77d1e56c7e550e265acc5036e6ce69199092aeb37f43325e0b4,76fec0325c3f84becf75286c926d17f7bf0d77760475bd6aee0b17393d66c60f,fa4ccf435be69f51fd91b8fa5a55084c8483644751db88652e4ae30e8658373a,POLICE_AUDIT_NODE
17,810,7b06a8469b61240f7c5504be,REQ-000810,c722219f758bddccaf465e894d04d46639cbacf7ec9e1a2dc6c00aff4b907f37,76fec0325c3f84becf75286c926d17f7bf0d77760475bd6aee0b17393d66c60f,fa4ccf435be69f51fd91b8fa5a55084c8483644751db88652e4ae30e8658373a,POLICE_AUDIT_NODE
17,811,8bc16524d0769f8a8997987e,REQ-000811,79a30d47b2b9411a06bf53dc802b97fc3afd812a8c1c14a2fc3c8c2e22b97983,76fec0325c3f84becf75286c926d17f7bf0d77760475bd6aee0b17393d66c60f,fa4ccf435be69f51fd91b8fa5a55084c8483644751db88652e4ae30e8658373a,POLICE_AUDIT_NODE
17,812,56550e2f4dbf98e38d50a7e5,REQ-000812,d9a54da039061d58e60845d749922f3711a9e86b2489fbdffccce67127fb2700,76fec0325c3f84becf75286c926d17f7bf0d77760475bd6aee0b17393d66c60f,fa4ccf435be69f51fd91b8fa5a55084c8483644751db88652e4ae30e8658373a,POLICE_AUDIT_NODE
17,813,28c190a2bb997cc5a7b5e77d,REQ-000813,a2d8a4e81b7da6f90d25898cd28c0eaf2195ef42cb4cf0039d89b9c01b94f302,76fec0325c3f84becf75286c926d17f7bf0d77760475bd6aee0b17393d66c60f,fa4ccf435be69f51fd91b8fa5a55084c8483644751db88652e4ae30e8658373a,POLICE_AUDIT_NODE
17,814,3faa45f3337c4df8b13d15f9,REQ-000814,ad38d6007f717eef7a6dff9e853cb616cb9a5afa2f2dbdc7fbe157d72a681918,76fec0325c3f84becf75286c926d17f7bf0d77760475bd6aee0b17393d66c60f,fa4ccf435be69f51fd91b8fa5a55084c8483644751db88652e4ae30e8658373a,POLICE_AUDIT_NODE
17,815,999e8b0c80d1d21cf6eb617f,REQ-000815,76fe6084c10e15809ace32304a9afe7f202e27881526879ba78e85fa19d69b13,76fec0325c3f84becf75286c926d17f7bf0d77760475bd6aee0b17393d66c60f,fa4ccf435be69f51fd91b8fa5a55084c8483644751db88652e4ae30e8658373a,POLICE_AUDIT_NODE
17,816,398f9bad2e976b95a0561299,REQ-000816,ffe9e76e7eae9944bab7ad2185289f5894ce3e186fb7a59faa2d7550a5003c5f,76fec0325c3f84becf75286c926d17f7bf0d77760475bd6aee0b17393d66c60f,fa4ccf435be69f51fd91b8fa5a55084c8483644751db88652e4ae30e8658373a,POLICE_AUDIT_NODE
17,817,85b44fd89a4676c9cdd77868,REQ-000817,36311b6935a8b42878ea987ce80164f4d88bcfc874960f071d673deea2c1f687,76fec0325c3f84becf75286c926d17f7bf0d77760475bd6aee0b17393d66c60f,fa4ccf435be69f51fd91b8fa5a55084c8483644751db88652e4ae30e8658373a,POLICE_AUDIT_NODE
17,818,ed67477b96b86982040d36e3,REQ-000818,4638df14aa10caab4dfa0cc1f51d99374a758fde1fff748f22641a9888e08ad5,76fec0325c3f84becf75286c926d17f7bf0d77760475bd6aee0b17393d66c60f,fa4ccf435be69f51fd91b8fa5a55084c8483644751db88652e4ae30e8658373a,POLICE_AUDIT_NODE
17,819,c1c70b1765567666db5ff99e,REQ-000819,cd2549b3507a9a79c19d57dc176aec3cff6cdbfc894d251f65f6f241075d80a4,76fec0325c3f84becf75286c926d17f7bf0d77760475bd6aee0b17393d66c60f,fa4ccf435be69f51fd91b8fa5a55084c8483644751db88652e4ae30e8658373a,POLICE_AUDIT_NODE
17,820,7054ddeefc65822b2a2044de,REQ-000820,7653c633818d5208462f6ad87ed021009e9300404308d765561e8d1bf0afb36e,76fec0325c3f84becf75286c926d17f7bf0d77760475bd6aee0b17393d66c60f,fa4ccf435be69f51fd91b8fa5a55084c8483644751db88652e4ae30e8658373a,POLICE_AUDIT_NODE
17,821,ec19704c48f28f9d99b9c83f,REQ-000821,89706ca4039a5013e9328f1d4a658fec147dea91507d510751cf07962333d98b,76fec0325c3f84becf75286c926d17f7bf0d77760475bd6aee0b17393d66c60f,fa4ccf435be69f51fd91b8fa5a55084c8483644751db88652e4ae30e8658373a,POLICE_AUDIT_NODE
17,822,045e900addb59e2523b1ae87,REQ-000822,73b992afb1f3161b7603f1c2edbfa5b84d3eea72da8e3ba64e946e8278d5b609,76fec0325c3f84becf75286c926d17f7bf0d77760475bd6aee0b17393d66c60f,fa4ccf435be69f51fd91b8fa5a55084c8483644751db88652e4ae30e8658373a,POLICE_AUDIT_NODE
17,823,ea3120f4241e55ae5ceb0a25,REQ-000823,7d0c7071a913ca2b89764d0fa8c587489be86000a9643f2a2b720aab5dfb66b4,76fec0325c3f84becf75286c926d17f7bf0d77760475bd6aee0b17393d66c60f,fa4ccf435be69f51fd91b8fa5a55084c8483644751db88652e4ae30e8658373a,POLICE_AUDIT_NODE
17,824,d53da0f759be45609c1a3dd3,REQ-000824,21bd8fd54947942c9a0329f8424c6e2e4ba89c69ff40a9c435cad29960ff4b06,76fec0325c3f84becf75286c926d17f7bf0d77760475bd6aee0b17393d66c60f,fa4ccf435be69f51fd91b8fa5a55084c8483644751db88652e4ae30e8658373a,POLICE_AUDIT_NODE
17,825,d906167919315295a986b88a,REQ-000825,ac2a62d492f956f165c3bc2cb3020e6303711dca92d0204c0bc530f195aa0fb2,76fec0325c3f84becf75286c926d17f7bf0d77760475bd6aee0b17393d66c60f,fa4ccf435be69f51fd91b8fa5a55084c8483644751db88652e4ae30e8658373a,POLICE_AUDIT_NODE
17,826,a50003ef3f515fbe13a78a83,REQ-000826,255528a64bd25d2df9d30dc16a5f55c2bb32fcaee608544be2c46cb5879b043a,76fec0325c3f84becf75286c926d17f7bf0d77760475bd6aee0b17393d66c60f,fa4ccf435be69f51fd91b8fa5a55084c8483644751db88652e4ae30e8658373a,POLICE_AUDIT_NODE
17,827,00d4441ee49a9e5cd61b4817,REQ-000827,75f21ea969862a196f7f8a0d3e8ff09e8545e19ae6dbabbca9b1370f340affb6,76fec0325c3f84becf75286c926d17f7bf0d77760475bd6aee0b17393d66c60f,fa4ccf435be69f51fd91b8fa5a55084c8483644751db88652e4ae30e8658373a,POLICE_AUDIT_NODE
17,828,cc494c18174ba29b8c2cca7d,REQ-000828,42fcdb499ea8b2cb7f924b76085544faaab225a519ce8b5bc7095053c38a0fa5,76fec0325c3f84becf75286c926d17f7bf0d77760475bd6aee0b17393d66c60f,fa4ccf435be69f51fd91b8fa5a55084c8483644751db88652e4ae30e8658373a,POLICE_AUDIT_NODE
17,829,e463ca8ac9a38b0e4c305f22,REQ-000829,812471bbc812a8a92a1e7b59ea7537030777fba9078340612860dab1661f6224,76fec0325c3f84becf75286c926d17f7bf0d77760475bd6aee0b17393d66c60f,fa4ccf435be69f51fd91b8fa5a55084c8483644751db88652e4ae30e8658373a,POLICE_AUDIT_NODE
17,830,379f96dab549d145a1573136,REQ-000830,8f50de13dec71e0e7e1932639324b18124d12bcb9f067cf00303265dea7c5459,76fec0325c3f84becf75286c926d17f7bf0d77760475bd6aee0b17393d66c60f,fa4ccf435be69f51fd91b8fa5a55084c8483644751db88652e4ae30e8658373a,POLICE_AUDIT_NODE
17,831,dc3b4d5235f0f389bdc1f2ed,REQ-000831,d52d9f79cb1bfc491f8c3761d13f6161f19f974364148d5b59795dfa6a70c458,76fec0325c3f84becf75286c926d17f7bf0d77760475bd6aee0b17393d66c60f,fa4ccf435be69f51fd91b8fa5a55084c8483644751db88652e4ae30e8658373a,POLICE_AUDIT_NODE
17,832,20a3ec5961c63e4d9639783e,REQ-000832,2a2fb973cd332d9b37e0322602f34ece56aa383cd77ff56325db18bc9eba0afe,76fec0325c3f84becf75286c926d17f7bf0d77760475bd6aee0b17393d66c60f,fa4ccf435be69f51fd91b8fa5a55084c8483644751db88652e4ae30e8658373a,POLICE_AUDIT_NODE
17,833,d1a29fa672c9c3f4302823c8,REQ-000833,e05abfc2c83a9e3e31158e0fac932d824284d269454c06956d28703321e5fcb9,76fec0325c3f84becf75286c926d17f7bf0d77760475bd6aee0b17393d66c60f,fa4ccf435be69f51fd91b8fa5a55084c8483644751db88652e4ae30e8658373a,POLICE_AUDIT_NODE
17,834,e893d2e5a25d865b271cc0bb,REQ-000834,ae56e40982fad835f3442278cd08f1c6bf6188e06f21fded4da32090a388a84b,76fec0325c3f84becf75286c926d17f7bf0d77760475bd6aee0b17393d66c60f,fa4ccf435be69f51fd91b8fa5a55084c8483644751db88652e4ae30e8658373a,POLICE_AUDIT_NODE
17,835,0096c05a4b2df84abdfcad6d,REQ-000835,918d51cb06498669c76a7828c9d05de4a2b09acb957befa1cd6753cec84c85bf,76fec0325c3f84becf75286c926d17f7bf0d77760475bd6aee0b17393d66c60f,fa4ccf435be69f51fd91b8fa5a55084c8483644751db88652e4ae30e8658373a,POLICE_AUDIT_NODE
17,836,1e7890eb518a8101afd72aba,REQ-000836,753f931c9c96518ff17f60fd1a72a09b25a15e69a8cd494e0bf9a1507bd3769f,76fec0325c3f84becf75286c926d17f7bf0d77760475bd6aee0b17393d66c60f,fa4ccf435be69f51fd91b8fa5a55084c8483644751db88652e4ae30e8658373a,POLICE_AUDIT_NODE
17,837,5726dc7f2def16293145104a,REQ-000837,955f0e2fdb18b0abbd9f5526382a466406d86d999869df001d7f47ee724220c6,76fec0325c3f84becf75286c926d17f7bf0d77760475bd6aee0b17393d66c60f,fa4ccf435be69f51fd91b8fa5a55084c8483644751db88652e4ae30e8658373a,POLICE_AUDIT_NODE
17,838,d69f050d217a125e820a8364,REQ-000838,3b945493cc1c319760790293b48fe75c34497169344d45a4183e73545419ccd0,76fec0325c3f84becf75286c926d17f7bf0d77760475bd6aee0b17393d66c60f,fa4ccf435be69f51fd91b8fa5a55084c8483644751db88652e4ae30e8658373a,POLICE_AUDIT_NODE
17,839,e8ab4c3eed5cfa2685c11197,REQ-000839,4ef68d5a62365411e90904647a0529577ac5698dd7d0e990df4aba719039ce19,76fec0325c3f84becf75286c926d17f7bf0d77760475bd6aee0b17393d66c60f,fa4ccf435be69f51fd91b8fa5a55084c8483644751db88652e4ae30e8658373a,POLICE_AUDIT_NODE
17,840,3013dce66c56e4c137d7581a,REQ-000840,6de855bf7a142c180eb28f7d9859c00deda411cbbde76ce25f322d83195d35a7,76fec0325c3f84becf75286c926d17f7bf0d77760475bd6aee0b17393d66c60f,fa4ccf435be69f51fd91b8fa5a55084c8483644751db88652e4ae30e8658373a,POLICE_AUDIT_NODE
17,841,e0fa57ac28d17b3c49c19ae5,REQ-000841,919e2ec9b3bb219e1b18c07a63b5ae5d304bc8b0760f6308d399195259ccd73d,76fec0325c3f84becf75286c926d17f7bf0d77760475bd6aee0b17393d66c60f,fa4ccf435be69f51fd91b8fa5a55084c8483644751db88652e4ae30e8658373a,POLICE_AUDIT_NODE
17,842,1a3d9dba57707bb526ff124b,REQ-000842,8bf8a218e7314149d341c9fb19ec065a99422b892c59db554e7b2a35f6807282,76fec0325c3f84becf75286c926d17f7bf0d77760475bd6aee0b17393d66c60f,fa4ccf435be69f51fd91b8fa5a55084c8483644751db88652e4ae30e8658373a,POLICE_AUDIT_NODE
17,843,87d6b41134482ad3dc995ae5,REQ-000843,07209f51a2dfc2453778f84185ac4dcfc142ce0e39e075e00452f00de32ce209,76fec0325c3f84becf75286c926d17f7bf0d77760475bd6aee0b17393d66c60f,fa4ccf435be69f51fd91b8fa5a55084c8483644751db88652e4ae30e8658373a,POLICE_AUDIT_NODE
17,844,1cde935431f0d1d63381aaa0,REQ-000844,44b054fa1baa15c81bd1af8efff33d1d0c594dac81ede67be367d3d80e65ee5f,76fec0325c3f84becf75286c926d17f7bf0d77760475bd6aee0b17393d66c60f,fa4ccf435be69f51fd91b8fa5a55084c8483644751db88652e4ae30e8658373a,POLICE_AUDIT_NODE
17,845,c2e7bb093921f41c7552b662,REQ-000845,bc8e2f4d7da6dd930c3c7c66435c80644e150407dd455e981ee426854031c752,76fec0325c3f84becf75286c926d17f7bf0d77760475bd6aee0b17393d66c60f,fa4ccf435be69f51fd91b8fa5a55084c8483644751db88652e4ae30e8658373a,POLICE_AUDIT_NODE
17,846,638d027f93f3cac3b61798c7,REQ-000846,453a1c50ed90ca1a051eaebe0633f72669eb11fda939071c28a87ccaf9770843,76fec0325c3f84becf75286c926d17f7bf0d77760475bd6aee0b17393d66c60f,fa4ccf435be69f51fd91b8fa5a55084c8483644751db88652e4ae30e8658373a,POLICE_AUDIT_NODE
17,847,c8ae926f8f59e3949e83140d,REQ-000847,1057e748a7b913cc22950ae238abd4357ba501fb94c055ddd94965679f617c15,76fec0325c3f84becf75286c926d17f7bf0d77760475bd6aee0b17393d66c60f,fa4ccf435be69f51fd91b8fa5a55084c8483644751db88652e4ae30e8658373a,POLICE_AUDIT_NODE
17,848,6d7311757fe3d90fd4ceaefa,REQ-000848,86aac79023d794f417ecbad00bb12279a58491ac0c6a4108033d180f1b3fe37a,76fec0325c3f84becf75286c926d17f7bf0d77760475bd6aee0b17393d66c60f,fa4ccf435be69f51fd91b8fa5a55084c8483644751db88652e4ae30e8658373a,POLICE_AUDIT_NODE
17,849,f099efe4a6a9a7595fca9c8b,REQ-000849,3b695e97afd50d652140dc1a1b1b8bb3fee0c8340a388d13738486f4b7536e9c,76fec0325c3f84becf75286c926d17f7bf0d77760475bd6aee0b17393d66c60f,fa4ccf435be69f51fd91b8fa5a55084c8483644751db88652e4ae30e8658373a,POLICE_AUDIT_NODE
17,850,4a63ff36ff22c4d7bae29b1a,REQ-000850,2910d17a43f0b7075708408be7d9ae5439089c5c0bc17dc60d6d97a733d682e4,76fec0325c3f84becf75286c926d17f7bf0d77760475bd6aee0b17393d66c60f,fa4ccf435be69f51fd91b8fa5a55084c8483644751db88652e4ae30e8658373a,POLICE_AUDIT_NODE
18,851,71c2f25f04776e379e7f7eb9,REQ-000851,75adecaa1ab4df893070e46993870fbc7331feb96be52317da43530c189557c0,bfabb2ef2963fd2ae56fe6bb6e927f4f81dbd05e36ed23a66f36c4d403a6f590,37f9cb0dd47834172c2d84fd371cc3de1c3e6794656a2d9bbf593322451d1a50,FORENSIC_AUDIT_NODE
18,852,0180078efbcd3ddd3c15195d,REQ-000852,a039f63bccd6f9311349fd3e757e243807ae2c9f7dd2de517ea4187831273c26,bfabb2ef2963fd2ae56fe6bb6e927f4f81dbd05e36ed23a66f36c4d403a6f590,37f9cb0dd47834172c2d84fd371cc3de1c3e6794656a2d9bbf593322451d1a50,FORENSIC_AUDIT_NODE
18,853,a0babe9a3853076635dd2755,REQ-000853,cfe1395f2f94c33bd62850bd300f186944066a82b2cf2d42f7c089d84241e50e,bfabb2ef2963fd2ae56fe6bb6e927f4f81dbd05e36ed23a66f36c4d403a6f590,37f9cb0dd47834172c2d84fd371cc3de1c3e6794656a2d9bbf593322451d1a50,FORENSIC_AUDIT_NODE
18,854,595e8f43b5aa213f0a9f7662,REQ-000854,3147f7d76623ba4ace89219d2c2bfad66b3ab5368c455773c0bb7e3c8b1855e2,bfabb2ef2963fd2ae56fe6bb6e927f4f81dbd05e36ed23a66f36c4d403a6f590,37f9cb0dd47834172c2d84fd371cc3de1c3e6794656a2d9bbf593322451d1a50,FORENSIC_AUDIT_NODE
18,855,e8ecb8ecc2e275041d94e7ca,REQ-000855,83bd666eef7070ff354b55d782747819d1a470bbe932e11ed073c55552fddc74,bfabb2ef2963fd2ae56fe6bb6e927f4f81dbd05e36ed23a66f36c4d403a6f590,37f9cb0dd47834172c2d84fd371cc3de1c3e6794656a2d9bbf593322451d1a50,FORENSIC_AUDIT_NODE
18,856,3a75b2e5e5d145fbd76db9bb,REQ-000856,9e18d7b8f1bd228e0911ff16393ccc0a8df002ba1d4c0072ac68602bb702529d,bfabb2ef2963fd2ae56fe6bb6e927f4f81dbd05e36ed23a66f36c4d403a6f590,37f9cb0dd47834172c2d84fd371cc3de1c3e6794656a2d9bbf593322451d1a50,FORENSIC_AUDIT_NODE
18,857,1eedb11178957f1b486e7241,REQ-000857,b5f9e413c98045fb80489329ef93d97739c2d80e6dff382a9915a63d4ecfd3a2,bfabb2ef2963fd2ae56fe6bb6e927f4f81dbd05e36ed23a66f36c4d403a6f590,37f9cb0dd47834172c2d84fd371cc3de1c3e6794656a2d9bbf593322451d1a50,FORENSIC_AUDIT_NODE
18,858,9ee2377e5b10aa38dc4306e6,REQ-000858,b866d5c431b7046ab98ed538af8e5c11b13eb22043850dea5ea3b04b5380c980,bfabb2ef2963fd2ae56fe6bb6e927f4f81dbd05e36ed23a66f36c4d403a6f590,37f9cb0dd47834172c2d84fd371cc3de1c3e6794656a2d9bbf593322451d1a50,FORENSIC_AUDIT_NODE
18,859,91eb4a57e78cf9a93d6298c7,REQ-000859,be78ad0c0772ee180b2780a6134ba8dec5f1c6037b7702de76b4449127efbc97,bfabb2ef2963fd2ae56fe6bb6e927f4f81dbd05e36ed23a66f36c4d403a6f590,37f9cb0dd47834172c2d84fd371cc3de1c3e6794656a2d9bbf593322451d1a50,FORENSIC_AUDIT_NODE
18,860,7e8f9c32bf5020398cf05672,REQ-000860,eb621aab4f3a12ff3e90eeb722a215174b81d7d684923f7acf5e484ef62e982c,bfabb2ef2963fd2ae56fe6bb6e927f4f81dbd05e36ed23a66f36c4d403a6f590,37f9cb0dd47834172c2d84fd371cc3de1c3e6794656a2d9bbf593322451d1a50,FORENSIC_AUDIT_NODE
18,861,282f30da5cc4fe270a209013,REQ-000861,d8ec5465b297ed1c9188f105899b16d03cb44394cb75f6fd31721c50ecbe93ed,bfabb2ef2963fd2ae56fe6bb6e927f4f81dbd05e36ed23a66f36c4d403a6f590,37f9cb0dd47834172c2d84fd371cc3de1c3e6794656a2d9bbf593322451d1a50,FORENSIC_AUDIT_NODE
18,862,fa44568b2f72ba38b7cdcdab,REQ-000862,ba6d5cb0a8e63b0dee25ef1c7d6ee4be7f53af750b62a60021f85190a3d39ecc,bfabb2ef2963fd2ae56fe6bb6e927f4f81dbd05e36ed23a66f36c4d403a6f590,37f9cb0dd47834172c2d84fd371cc3de1c3e6794656a2d9bbf593322451d1a50,FORENSIC_AUDIT_NODE
18,863,c95cc4454d037054e347c018,REQ-000863,32437690bcd2edec5d689c4b5094eaefeae70e1047335777d018eb5e1ec35bf8,bfabb2ef2963fd2ae56fe6bb6e927f4f81dbd05e36ed23a66f36c4d403a6f590,37f9cb0dd47834172c2d84fd371cc3de1c3e6794656a2d9bbf593322451d1a50,FORENSIC_AUDIT_NODE
18,864,28729736b2e4a285e16ecf29,REQ-000864,615ef9eb02008341ac17c470b4667ef17dfd9ee0f374c2d7846f548d51f8e574,bfabb2ef2963fd2ae56fe6bb6e927f4f81dbd05e36ed23a66f36c4d403a6f590,37f9cb0dd47834172c2d84fd371cc3de1c3e6794656a2d9bbf593322451d1a50,FORENSIC_AUDIT_NODE
18,865,6f8526c5f8e0d8e7c7a314ed,REQ-000865,98ad4a4d2abe4c0ac547417289dd5ebaab120e8ad0f9062bcbab2dc7037c647e,bfabb2ef2963fd2ae56fe6bb6e927f4f81dbd05e36ed23a66f36c4d403a6f590,37f9cb0dd47834172c2d84fd371cc3de1c3e6794656a2d9bbf593322451d1a50,FORENSIC_AUDIT_NODE
18,866,09c779340c1609c80709474b,REQ-000866,c9dcf33a8dad7f438759c23b305c45a08b96b8eab0fe3af15d050c53c3080f26,bfabb2ef2963fd2ae56fe6bb6e927f4f81dbd05e36ed23a66f36c4d403a6f590,37f9cb0dd47834172c2d84fd371cc3de1c3e6794656a2d9bbf593322451d1a50,FORENSIC_AUDIT_NODE
18,867,fc5579e9e77783b94602a14c,REQ-000867,0d8e6a6d59fa1af93648aae9bc5b98b5f6c8c1f290dc61e30fa585bae86fee04,bfabb2ef2963fd2ae56fe6bb6e927f4f81dbd05e36ed23a66f36c4d403a6f590,37f9cb0dd47834172c2d84fd371cc3de1c3e6794656a2d9bbf593322451d1a50,FORENSIC_AUDIT_NODE
18,868,4a46508f94526cad9674a4ad,REQ-000868,0c7d9740488f7041dfe477f7852feca4d8c72ecf2b7a7d354ae98b53750bd4a6,bfabb2ef2963fd2ae56fe6bb6e927f4f81dbd05e36ed23a66f36c4d403a6f590,37f9cb0dd47834172c2d84fd371cc3de1c3e6794656a2d9bbf593322451d1a50,FORENSIC_AUDIT_NODE
18,869,c5b3a58722deab9e25c67af4,REQ-000869,b839b3faa74de5f41438699be1a8669529446350c7018315f2209e5934409c0a,bfabb2ef2963fd2ae56fe6bb6e927f4f81dbd05e36ed23a66f36c4d403a6f590,37f9cb0dd47834172c2d84fd371cc3de1c3e6794656a2d9bbf593322451d1a50,FORENSIC_AUDIT_NODE
18,870,922f9e2ee9a9650a039bcd8f,REQ-000870,3014e80ce30bde0ce086ddaf09bd1bcbd3255f7acba5f82590e6516ee62a094a,bfabb2ef2963fd2ae56fe6bb6e927f4f81dbd05e36ed23a66f36c4d403a6f590,37f9cb0dd47834172c2d84fd371cc3de1c3e6794656a2d9bbf593322451d1a50,FORENSIC_AUDIT_NODE
18,871,63ff0e1408face2f6a2563b2,REQ-000871,9066856d3a950f6cc49c02e03bcb0ab9308eef32d2bbd8d22bbc05916d216c35,bfabb2ef2963fd2ae56fe6bb6e927f4f81dbd05e36ed23a66f36c4d403a6f590,37f9cb0dd47834172c2d84fd371cc3de1c3e6794656a2d9bbf593322451d1a50,FORENSIC_AUDIT_NODE
18,872,6ddd82045a5fd69f6a3369bc,REQ-000872,27cce66e7b36a7f753e091f739daccc38aa23dcdda736875b294d839efceba90,bfabb2ef2963fd2ae56fe6bb6e927f4f81dbd05e36ed23a66f36c4d403a6f590,37f9cb0dd47834172c2d84fd371cc3de1c3e6794656a2d9bbf593322451d1a50,FORENSIC_AUDIT_NODE
18,873,842bf9317127ec103f5b0f1c,REQ-000873,767f3d34dce5bca38876931c67a8ecdebf3dde230104c6a8a70d4d5679f507be,bfabb2ef2963fd2ae56fe6bb6e927f4f81dbd05e36ed23a66f36c4d403a6f590,37f9cb0dd47834172c2d84fd371cc3de1c3e6794656a2d9bbf593322451d1a50,FORENSIC_AUDIT_NODE
18,874,97b998ce024f0a81b4c3cc2c,REQ-000874,e141672ed71974bf092955d3d75e88ea68ac9c661bcf654ec76814a66d134170,bfabb2ef2963fd2ae56fe6bb6e927f4f81dbd05e36ed23a66f36c4d403a6f590,37f9cb0dd47834172c2d84fd371cc3de1c3e6794656a2d9bbf593322451d1a50,FORENSIC_AUDIT_NODE
18,875,4cf2a2bba4d56ef41feff4be,REQ-000875,a099ad1dbc65382fd3fcc5666ab7a6b70f938407b1f9d7a2056d13576c69ae2b,bfabb2ef2963fd2ae56fe6bb6e927f4f81dbd05e36ed23a66f36c4d403a6f590,37f9cb0dd47834172c2d84fd371cc3de1c3e6794656a2d9bbf593322451d1a50,FORENSIC_AUDIT_NODE
18,876,3de791ce9bb9388eb042b012,REQ-000876,dcda16c44275cfb526a929bf01b1b21e6d6147e6185d1a76f914f479eefcd182,bfabb2ef2963fd2ae56fe6bb6e927f4f81dbd05e36ed23a66f36c4d403a6f590,37f9cb0dd47834172c2d84fd371cc3de1c3e6794656a2d9bbf593322451d1a50,FORENSIC_AUDIT_NODE
18,877,86fac5e77cca769195f937b1,REQ-000877,c7c89eeec6d38a8971cf576d7d134658303627566f4c59231b63c63a606bb869,bfabb2ef2963fd2ae56fe6bb6e927f4f81dbd05e36ed23a66f36c4d403a6f590,37f9cb0dd47834172c2d84fd371cc3de1c3e6794656a2d9bbf593322451d1a50,FORENSIC_AUDIT_NODE
18,878,ff16053e09757bdfefa29205,REQ-000878,aa77108eec1292ee260f8b35b0ce16ef8dd214b1a51763f6511e2c86a0a09e9d,bfabb2ef2963fd2ae56fe6bb6e927f4f81dbd05e36ed23a66f36c4d403a6f590,37f9cb0dd47834172c2d84fd371cc3de1c3e6794656a2d9bbf593322451d1a50,FORENSIC_AUDIT_NODE
18,879,6c9dce041f14525bb9f1102d,REQ-000879,5a5df266892fddcc3954673551cbc7d97b43d3e464148b816b93a631deb1b744,bfabb2ef2963fd2ae56fe6bb6e927f4f81dbd05e36ed23a66f36c4d403a6f590,37f9cb0dd47834172c2d84fd371cc3de1c3e6794656a2d9bbf593322451d1a50,FORENSIC_AUDIT_NODE
18,880,87e328076d7db6028819410e,REQ-000880,c4c5b747e60d51b31b30cd4e2741714d7daf53b67e7eee3d64c6822968117f31,bfabb2ef2963fd2ae56fe6bb6e927f4f81dbd05e36ed23a66f36c4d403a6f590,37f9cb0dd47834172c2d84fd371cc3de1c3e6794656a2d9bbf593322451d1a50,FORENSIC_AUDIT_NODE
18,881,06d04eebf2bb6be1d8a6b218,REQ-000881,6adf32c5ef7bf227af1b88822b4e9676c8648f2302f973cf4ddd83a54d54b089,bfabb2ef2963fd2ae56fe6bb6e927f4f81dbd05e36ed23a66f36c4d403a6f590,37f9cb0dd47834172c2d84fd371cc3de1c3e6794656a2d9bbf593322451d1a50,FORENSIC_AUDIT_NODE
18,882,d235065ae0c46c46413279dd,REQ-000882,dedfb2437334cfe81a390402191a4c5eec87a3e6c2bd4b9ad4bc44f7ae63c759,bfabb2ef2963fd2ae56fe6bb6e927f4f81dbd05e36ed23a66f36c4d403a6f590,37f9cb0dd47834172c2d84fd371cc3de1c3e6794656a2d9bbf593322451d1a50,FORENSIC_AUDIT_NODE
18,883,1705d8d4aa29e7a55731a4ca,REQ-000883,b26a6840ae05731ca40533ca6cfc6e37fe4a19db8f25a5b6a815ba4abf43a30e,bfabb2ef2963fd2ae56fe6bb6e927f4f81dbd05e36ed23a66f36c4d403a6f590,37f9cb0dd47834172c2d84fd371cc3de1c3e6794656a2d9bbf593322451d1a50,FORENSIC_AUDIT_NODE
18,884,517999c17b53df5e9e924216,REQ-000884,1bb8dac1be601868e8b96fd52b16e750722fed58fe0a44bbbb843e8c64093ba1,bfabb2ef2963fd2ae56fe6bb6e927f4f81dbd05e36ed23a66f36c4d403a6f590,37f9cb0dd47834172c2d84fd371cc3de1c3e6794656a2d9bbf593322451d1a50,FORENSIC_AUDIT_NODE
18,885,34995c7de7e119f8f6fadd92,REQ-000885,831f83f714196d2f886a8bebdeebfe5b77681d49675db557eb90a1e8ecac5639,bfabb2ef2963fd2ae56fe6bb6e927f4f81dbd05e36ed23a66f36c4d403a6f590,37f9cb0dd47834172c2d84fd371cc3de1c3e6794656a2d9bbf593322451d1a50,FORENSIC_AUDIT_NODE
18,886,61950deba1e4b3f63bdaaee3,REQ-000886,2ada8e2a63f69e242d5192998afc0ac1b337aaced81645812966f096b1c1a630,bfabb2ef2963fd2ae56fe6bb6e927f4f81dbd05e36ed23a66f36c4d403a6f590,37f9cb0dd47834172c2d84fd371cc3de1c3e6794656a2d9bbf593322451d1a50,FORENSIC_AUDIT_NODE
18,887,8f567d9dca5577dcc0668a12,REQ-000887,891b73c0a20c94223673605b80b54d4573946f1439269f1e0163c72d9c1e0e7e,bfabb2ef2963fd2ae56fe6bb6e927f4f81dbd05e36ed23a66f36c4d403a6f590,37f9cb0dd47834172c2d84fd371cc3de1c3e6794656a2d9bbf593322451d1a50,FORENSIC_AUDIT_NODE
18,888,b6347c627527d42353e46f2d,REQ-000888,fd3570aaf003d36ca982b8364777a2e4633a338e9406e8d43fe39890fe27757b,bfabb2ef2963fd2ae56fe6bb6e927f4f81dbd05e36ed23a66f36c4d403a6f590,37f9cb0dd47834172c2d84fd371cc3de1c3e6794656a2d9bbf593322451d1a50,FORENSIC_AUDIT_NODE
18,889,1e6d0eb91ebe7657033fa408,REQ-000889,7f185e4e78738e0b825e0c744bb2b55ca315fd107ab624507ad1092f7bbd2d9b,bfabb2ef2963fd2ae56fe6bb6e927f4f81dbd05e36ed23a66f36c4d403a6f590,37f9cb0dd47834172c2d84fd371cc3de1c3e6794656a2d9bbf593322451d1a50,FORENSIC_AUDIT_NODE
18,890,faba61f1a49bae5754bcb350,REQ-000890,28674ca5217130b6eeb5d0f94ca65de793550cd6ffbd10fa8533b6121b9b87f9,bfabb2ef2963fd2ae56fe6bb6e927f4f81dbd05e36ed23a66f36c4d403a6f590,37f9cb0dd47834172c2d84fd371cc3de1c3e6794656a2d9bbf593322451d1a50,FORENSIC_AUDIT_NODE
18,891,74be41923471b5992c10f84b,REQ-000891,d59d6e07aaacace4cdb3c3b898e146a08755281979902d1ecfdad8c7cb783e4f,bfabb2ef2963fd2ae56fe6bb6e927f4f81dbd05e36ed23a66f36c4d403a6f590,37f9cb0dd47834172c2d84fd371cc3de1c3e6794656a2d9bbf593322451d1a50,FORENSIC_AUDIT_NODE
18,892,e519b91620ab9956a1006e6b,REQ-000892,b9ddc2bf67d1900cd16215b52c267007355454e4aea005de034796e149d7038a,bfabb2ef2963fd2ae56fe6bb6e927f4f81dbd05e36ed23a66f36c4d403a6f590,37f9cb0dd47834172c2d84fd371cc3de1c3e6794656a2d9bbf593322451d1a50,FORENSIC_AUDIT_NODE
18,893,b3e484c66cc0b82985cf62f1,REQ-000893,8ccdc27bb95fa22d62d2c998760ff43d5c889f5a5020bd556dd56dc3e971fd19,bfabb2ef2963fd2ae56fe6bb6e927f4f81dbd05e36ed23a66f36c4d403a6f590,37f9cb0dd47834172c2d84fd371cc3de1c3e6794656a2d9bbf593322451d1a50,FORENSIC_AUDIT_NODE
18,894,2b846acb569f38785ba7ee70,REQ-000894,bb07db65782f68c312eab2b8610b0e87bc9454edc1f043dbc558dd94ef697848,bfabb2ef2963fd2ae56fe6bb6e927f4f81dbd05e36ed23a66f36c4d403a6f590,37f9cb0dd47834172c2d84fd371cc3de1c3e6794656a2d9bbf593322451d1a50,FORENSIC_AUDIT_NODE
18,895,6f42ffb96605e1290e460220,REQ-000895,60e01fbc28175e4e4ee94898a0214aeda9df8ae8cb74ed9fb7dbea8b6e53aab3,bfabb2ef2963fd2ae56fe6bb6e927f4f81dbd05e36ed23a66f36c4d403a6f590,37f9cb0dd47834172c2d84fd371cc3de1c3e6794656a2d9bbf593322451d1a50,FORENSIC_AUDIT_NODE
18,896,5fb5f846a0d585e39bc4f5f0,REQ-000896,f140607eb111c8ea2f5326a1cd9b99bd9d74b18bb4c615bef9901b04bfbf7906,bfabb2ef2963fd2ae56fe6bb6e927f4f81dbd05e36ed23a66f36c4d403a6f590,37f9cb0dd47834172c2d84fd371cc3de1c3e6794656a2d9bbf593322451d1a50,FORENSIC_AUDIT_NODE
18,897,3ea7c8c0397403243448b475,REQ-000897,ab045163be55993c00493191e580a856217d309d59250069d1c2cf311e7936eb,bfabb2ef2963fd2ae56fe6bb6e927f4f81dbd05e36ed23a66f36c4d403a6f590,37f9cb0dd47834172c2d84fd371cc3de1c3e6794656a2d9bbf593322451d1a50,FORENSIC_AUDIT_NODE
18,898,85f2665db70531551f3a636a,REQ-000898,8556653c967e07e4c674e1e269f410da251227802f82ee3150f1d808642f0d2c,bfabb2ef2963fd2ae56fe6bb6e927f4f81dbd05e36ed23a66f36c4d403a6f590,37f9cb0dd47834172c2d84fd371cc3de1c3e6794656a2d9bbf593322451d1a50,FORENSIC_AUDIT_NODE
18,899,55d48b14368511556912324c,REQ-000899,7aab1c1528300b1bfb443bd9a90bd1c017896aac08bb223d78ea3496e9f759a6,bfabb2ef2963fd2ae56fe6bb6e927f4f81dbd05e36ed23a66f36c4d403a6f590,37f9cb0dd47834172c2d84fd371cc3de1c3e6794656a2d9bbf593322451d1a50,FORENSIC_AUDIT_NODE
18,900,e0af89a30f0a406019a8ce0c,REQ-000900,98a4c9bad4743d9a55f416a7421efe05a3a4b0aa52e19ef87f1a6ae84bee14a1,bfabb2ef2963fd2ae56fe6bb6e927f4f81dbd05e36ed23a66f36c4d403a6f590,37f9cb0dd47834172c2d84fd371cc3de1c3e6794656a2d9bbf593322451d1a50,FORENSIC_AUDIT_NODE
19,901,90aee108929768ab07730d15,REQ-000901,30ebfe8a9f56db29b24b4f9428d5da49f8361f312731f1165a20d446ed47bb0a,16cc06a9c7980ba9407825fb567870efe23736a45dad03a3d07b00b877b141a4,75604bc5565e782a88b725118a1f3b209319c38e65900f623bd6f0d1174cd72f,PROSECUTION_AUDIT_NODE
19,902,02216f78a5e66e93e83511ca,REQ-000902,e59fa3ec320131729873935d99a98d14916333be54d85420456098746d07562b,16cc06a9c7980ba9407825fb567870efe23736a45dad03a3d07b00b877b141a4,75604bc5565e782a88b725118a1f3b209319c38e65900f623bd6f0d1174cd72f,PROSECUTION_AUDIT_NODE
19,903,24040a6b00a7b9f0b690686d,REQ-000903,a97ab42791987c62aa4e6a66f8afd61ae8dd44e7761730af65aaa316e3925ae8,16cc06a9c7980ba9407825fb567870efe23736a45dad03a3d07b00b877b141a4,75604bc5565e782a88b725118a1f3b209319c38e65900f623bd6f0d1174cd72f,PROSECUTION_AUDIT_NODE
19,904,23a72f6cfc7a5e4ce812be0c,REQ-000904,4a03a0d8720512b530034780c87ad3e4706cb3e149f3b0acdd2d972209973d16,16cc06a9c7980ba9407825fb567870efe23736a45dad03a3d07b00b877b141a4,75604bc5565e782a88b725118a1f3b209319c38e65900f623bd6f0d1174cd72f,PROSECUTION_AUDIT_NODE
19,905,9d6b79a9457bd68f9c6504cf,REQ-000905,95fad784af578bf83124c59bc22fb008206ddd3df155a8ab81ae6fb7ea170bcc,16cc06a9c7980ba9407825fb567870efe23736a45dad03a3d07b00b877b141a4,75604bc5565e782a88b725118a1f3b209319c38e65900f623bd6f0d1174cd72f,PROSECUTION_AUDIT_NODE
19,906,53c830c713deb1cb90b70d66,REQ-000906,e898cc3031e2455223e06c4a5b114d13f9875831f7f183653f75b5e9ca4661be,16cc06a9c7980ba9407825fb567870efe23736a45dad03a3d07b00b877b141a4,75604bc5565e782a88b725118a1f3b209319c38e65900f623bd6f0d1174cd72f,PROSECUTION_AUDIT_NODE
19,907,7140ac51b92432008c5d08ff,REQ-000907,f0ae366f817485f6267333f9125d7e62fc6221014b9e8c60282199ecf8e04da5,16cc06a9c7980ba9407825fb567870efe23736a45dad03a3d07b00b877b141a4,75604bc5565e782a88b725118a1f3b209319c38e65900f623bd6f0d1174cd72f,PROSECUTION_AUDIT_NODE
19,908,d1fa09b48ddb84fa7088fd1e,REQ-000908,e18cc38f4b313316b622ebe057f84d34c5781038f4f96e7e5dce1198ea01519e,16cc06a9c7980ba9407825fb567870efe23736a45dad03a3d07b00b877b141a4,75604bc5565e782a88b725118a1f3b209319c38e65900f623bd6f0d1174cd72f,PROSECUTION_AUDIT_NODE
19,909,a631dbeda014b00a117d602f,REQ-000909,aaa37fdce72ed520497884a3669fe8939228dd55a8f4f70b536a3c58fcf35dc3,16cc06a9c7980ba9407825fb567870efe23736a45dad03a3d07b00b877b141a4,75604bc5565e782a88b725118a1f3b209319c38e65900f623bd6f0d1174cd72f,PROSECUTION_AUDIT_NODE
19,910,2e30429ee5956ac747f56214,REQ-000910,41c5651e313606d8a06392b464478cd9317e9cf2edcca97c5f5e54ba1d400ca2,16cc06a9c7980ba9407825fb567870efe23736a45dad03a3d07b00b877b141a4,75604bc5565e782a88b725118a1f3b209319c38e65900f623bd6f0d1174cd72f,PROSECUTION_AUDIT_NODE
19,911,879c61631d95bf137759455d,REQ-000911,a8871f5881b020dbcde1a34b0f5b971deeb590d54a40265e49fba67201b151bf,16cc06a9c7980ba9407825fb567870efe23736a45dad03a3d07b00b877b141a4,75604bc5565e782a88b725118a1f3b209319c38e65900f623bd6f0d1174cd72f,PROSECUTION_AUDIT_NODE
19,912,638f4f205eb4cd22a9d70ee1,REQ-000912,9833545ef3843d23ebccfe5b5381dcacf6e6421d525bfd7c5fcfef8d9dc38dba,16cc06a9c7980ba9407825fb567870efe23736a45dad03a3d07b00b877b141a4,75604bc5565e782a88b725118a1f3b209319c38e65900f623bd6f0d1174cd72f,PROSECUTION_AUDIT_NODE
19,913,11fdf176b6fb1cc503ed6756,REQ-000913,05426eaf37ae09270b8802c1458b8f7f1f0f86d764282b0c5da3fda1cb14853b,16cc06a9c7980ba9407825fb567870efe23736a45dad03a3d07b00b877b141a4,75604bc5565e782a88b725118a1f3b209319c38e65900f623bd6f0d1174cd72f,PROSECUTION_AUDIT_NODE
19,914,1992004fb6acc48108253929,REQ-000914,76dc50286d52cdfea5a0728d7b36a97386f9a62c2ef612f32c4988654e3328f2,16cc06a9c7980ba9407825fb567870efe23736a45dad03a3d07b00b877b141a4,75604bc5565e782a88b725118a1f3b209319c38e65900f623bd6f0d1174cd72f,PROSECUTION_AUDIT_NODE
19,915,4f5b0ba64fe8a8c615e3b253,REQ-000915,eeda12eb43c6c62eacddd54e5dac4a376b843109fe5e74056da534e0befd5fb5,16cc06a9c7980ba9407825fb567870efe23736a45dad03a3d07b00b877b141a4,75604bc5565e782a88b725118a1f3b209319c38e65900f623bd6f0d1174cd72f,PROSECUTION_AUDIT_NODE
19,916,1567500672fba2707697fbdf,REQ-000916,e7bff6e6e5e86af5dcd80a85cc2ea5d2dab6d385c4230abf2da2c1b95b3438ad,16cc06a9c7980ba9407825fb567870efe23736a45dad03a3d07b00b877b141a4,75604bc5565e782a88b725118a1f3b209319c38e65900f623bd6f0d1174cd72f,PROSECUTION_AUDIT_NODE
19,917,f01ff63f0abeef630c71c699,REQ-000917,dda2ecd1a7d61586ab35637954992ae10878d76e2133468bce1e48aeb90446db,16cc06a9c7980ba9407825fb567870efe23736a45dad03a3d07b00b877b141a4,75604bc5565e782a88b725118a1f3b209319c38e65900f623bd6f0d1174cd72f,PROSECUTION_AUDIT_NODE
19,918,c509c53b6580a274ccf60672,REQ-000918,5b1e2bfe17617755d970f2b6b5176ed0ec5e08dc345953e85923ce777a02e461,16cc06a9c7980ba9407825fb567870efe23736a45dad03a3d07b00b877b141a4,75604bc5565e782a88b725118a1f3b209319c38e65900f623bd6f0d1174cd72f,PROSECUTION_AUDIT_NODE
19,919,ad1c7720aa9d1643bb18af36,REQ-000919,63405b796b30a0c66a171b2c10ec6613ab3a990afe82f0157613d558dedf82c3,16cc06a9c7980ba9407825fb567870efe23736a45dad03a3d07b00b877b141a4,75604bc5565e782a88b725118a1f3b209319c38e65900f623bd6f0d1174cd72f,PROSECUTION_AUDIT_NODE
19,920,6fde42c8422c47b63748f131,REQ-000920,90fdeedd6a51c0adac6961c7dfa4b2a9ae839e2f5463beafec9ede63c230a4bf,16cc06a9c7980ba9407825fb567870efe23736a45dad03a3d07b00b877b141a4,75604bc5565e782a88b725118a1f3b209319c38e65900f623bd6f0d1174cd72f,PROSECUTION_AUDIT_NODE
19,921,f63ef309f36230bc7b566a64,REQ-000921,78028e4af8a6d91723ba85a85b23c50f4653c9e275b229266f5d6fd9f01eeeaf,16cc06a9c7980ba9407825fb567870efe23736a45dad03a3d07b00b877b141a4,75604bc5565e782a88b725118a1f3b209319c38e65900f623bd6f0d1174cd72f,PROSECUTION_AUDIT_NODE
19,922,ac8d2746169f572095375daa,REQ-000922,0889e9ebec519f046c8b6bf38e615cc3da9d03f2f1f15c5d876aaf1e8e276fba,16cc06a9c7980ba9407825fb567870efe23736a45dad03a3d07b00b877b141a4,75604bc5565e782a88b725118a1f3b209319c38e65900f623bd6f0d1174cd72f,PROSECUTION_AUDIT_NODE
19,923,710ed766edb81b3f81c7af86,REQ-000923,a924d297520c57eb1cc9276b8eb885b290e0fa6aa02de9aedca95c01b307a11e,16cc06a9c7980ba9407825fb567870efe23736a45dad03a3d07b00b877b141a4,75604bc5565e782a88b725118a1f3b209319c38e65900f623bd6f0d1174cd72f,PROSECUTION_AUDIT_NODE
19,924,3bc2943c32d3e3ac151764dc,REQ-000924,9270aebd18f3b4ae8b0b892bb5882517b737b1e97476a5e219a3459d815b1f44,16cc06a9c7980ba9407825fb567870efe23736a45dad03a3d07b00b877b141a4,75604bc5565e782a88b725118a1f3b209319c38e65900f623bd6f0d1174cd72f,PROSECUTION_AUDIT_NODE
19,925,31755d493cb83bdb5910ece2,REQ-000925,1120f39fe0f4c7dae18c1dc2977af326387195dfe642d41156038d929f3d045a,16cc06a9c7980ba9407825fb567870efe23736a45dad03a3d07b00b877b141a4,75604bc5565e782a88b725118a1f3b209319c38e65900f623bd6f0d1174cd72f,PROSECUTION_AUDIT_NODE
19,926,3e2916aae8c813d700828d38,REQ-000926,16851cc2150929568b94297ca3d71b292a57db359d58c0e83d35b0b642c69b49,16cc06a9c7980ba9407825fb567870efe23736a45dad03a3d07b00b877b141a4,75604bc5565e782a88b725118a1f3b209319c38e65900f623bd6f0d1174cd72f,PROSECUTION_AUDIT_NODE
19,927,63ed6fcc2cb178d419c6cd37,REQ-000927,3ac6a305c49814f3a032fa0619a91f2b926dcfe7e50b9856bf48950e9ff7c94b,16cc06a9c7980ba9407825fb567870efe23736a45dad03a3d07b00b877b141a4,75604bc5565e782a88b725118a1f3b209319c38e65900f623bd6f0d1174cd72f,PROSECUTION_AUDIT_NODE
19,928,af71e54867aee6eb9c2b3a1d,REQ-000928,834e42e982831075af6611938108e0762076483374c5199c652d1d1a5b269f4d,16cc06a9c7980ba9407825fb567870efe23736a45dad03a3d07b00b877b141a4,75604bc5565e782a88b725118a1f3b209319c38e65900f623bd6f0d1174cd72f,PROSECUTION_AUDIT_NODE
19,929,8667d46e5fcdf1990368abb8,REQ-000929,e71eb54eb2f2950953e42c22ed89e760d8a3b548fc5d07db3fe3b349da1db297,16cc06a9c7980ba9407825fb567870efe23736a45dad03a3d07b00b877b141a4,75604bc5565e782a88b725118a1f3b209319c38e65900f623bd6f0d1174cd72f,PROSECUTION_AUDIT_NODE
19,930,7d187dd034942fd9f235af9c,REQ-000930,ee30fe265f853f77598670be7954c59714df0745e65a9dadb8e7d1e0254f3ebe,16cc06a9c7980ba9407825fb567870efe23736a45dad03a3d07b00b877b141a4,75604bc5565e782a88b725118a1f3b209319c38e65900f623bd6f0d1174cd72f,PROSECUTION_AUDIT_NODE
19,931,d3878cd40c4e26433a9fd155,REQ-000931,348f02cda9d2dc4ceeed5f76c287e749a225c6a945e31fd2785f4dfb483130b7,16cc06a9c7980ba9407825fb567870efe23736a45dad03a3d07b00b877b141a4,75604bc5565e782a88b725118a1f3b209319c38e65900f623bd6f0d1174cd72f,PROSECUTION_AUDIT_NODE
19,932,0a6a822138a94ba226891943,REQ-000932,054c1786cec951feab977b424e41356eaa5565a63a3d8a0d47c0844defc33547,16cc06a9c7980ba9407825fb567870efe23736a45dad03a3d07b00b877b141a4,75604bc5565e782a88b725118a1f3b209319c38e65900f623bd6f0d1174cd72f,PROSECUTION_AUDIT_NODE
19,933,bc59602ce8381fcdf2257ffc,REQ-000933,ca79443ab6dcd698fc2eac03112f6ff959b39ffec766ab7b72c2212e02f956b6,16cc06a9c7980ba9407825fb567870efe23736a45dad03a3d07b00b877b141a4,75604bc5565e782a88b725118a1f3b209319c38e65900f623bd6f0d1174cd72f,PROSECUTION_AUDIT_NODE
19,934,04876d4dd35ee805c68a33bf,REQ-000934,7df417893a7c7918936ced671a251979bf01f58002b168ac6062e21ccb22aceb,16cc06a9c7980ba9407825fb567870efe23736a45dad03a3d07b00b877b141a4,75604bc5565e782a88b725118a1f3b209319c38e65900f623bd6f0d1174cd72f,PROSECUTION_AUDIT_NODE
19,935,c24a9bb3fd400195436eebf7,REQ-000935,bc7916a0e1a618ed102d51e067486abfa835995ccc91b34672581213316a4124,16cc06a9c7980ba9407825fb567870efe23736a45dad03a3d07b00b877b141a4,75604bc5565e782a88b725118a1f3b209319c38e65900f623bd6f0d1174cd72f,PROSECUTION_AUDIT_NODE
19,936,ee81abb52f5e184cd57f7f78,REQ-000936,5c2466657e4831249860b6ba78b5810db8c03c5e7f4064d8b16bf86c2939bd0c,16cc06a9c7980ba9407825fb567870efe23736a45dad03a3d07b00b877b141a4,75604bc5565e782a88b725118a1f3b209319c38e65900f623bd6f0d1174cd72f,PROSECUTION_AUDIT_NODE
19,937,da66e4b406dc01baf9738f59,REQ-000937,db3f6462fd73a8bcb185629f1cddf13eaa25b96d07ac943206b2d5b7246f2803,16cc06a9c7980ba9407825fb567870efe23736a45dad03a3d07b00b877b141a4,75604bc5565e782a88b725118a1f3b209319c38e65900f623bd6f0d1174cd72f,PROSECUTION_AUDIT_NODE
19,938,38c53e4681503c8779e11730,REQ-000938,e5f82947f563a29db36aecfff87d8ec7305f78ad7d3212f7c13c8b1ec965c588,16cc06a9c7980ba9407825fb567870efe23736a45dad03a3d07b00b877b141a4,75604bc5565e782a88b725118a1f3b209319c38e65900f623bd6f0d1174cd72f,PROSECUTION_AUDIT_NODE
19,939,5c06d4fa8c58ebc1ab9bba90,REQ-000939,182f295e3da9f06df076d97ed9b0becd2c0e3b62f3f91c869e23ff0d68c308bc,16cc06a9c7980ba9407825fb567870efe23736a45dad03a3d07b00b877b141a4,75604bc5565e782a88b725118a1f3b209319c38e65900f623bd6f0d1174cd72f,PROSECUTION_AUDIT_NODE
19,940,270eef55bd52b9e96d7e072a,REQ-000940,90fb1603890be48c4dadf462e95ffa7593438e894213ff93221f64e64265accc,16cc06a9c7980ba9407825fb567870efe23736a45dad03a3d07b00b877b141a4,75604bc5565e782a88b725118a1f3b209319c38e65900f623bd6f0d1174cd72f,PROSECUTION_AUDIT_NODE
19,941,95e0e4534eecca7e7004ca1f,REQ-000941,7a0e9843ef3084abfa386091815e9980cf93e57e21208a2cf06dfa0646d5b4ce,16cc06a9c7980ba9407825fb567870efe23736a45dad03a3d07b00b877b141a4,75604bc5565e782a88b725118a1f3b209319c38e65900f623bd6f0d1174cd72f,PROSECUTION_AUDIT_NODE
19,942,e369a08d0c08bd8957d5f63b,REQ-000942,bb639185d0a36949032375d33a6b5a5e51ede625de885228f47904b0b3fab852,16cc06a9c7980ba9407825fb567870efe23736a45dad03a3d07b00b877b141a4,75604bc5565e782a88b725118a1f3b209319c38e65900f623bd6f0d1174cd72f,PROSECUTION_AUDIT_NODE
19,943,991dff9969bf7b87ec160e3b,REQ-000943,e0b0e71d3817eabddff4e469a3ca7a1e99962660a95754215114269418f696d0,16cc06a9c7980ba9407825fb567870efe23736a45dad03a3d07b00b877b141a4,75604bc5565e782a88b725118a1f3b209319c38e65900f623bd6f0d1174cd72f,PROSECUTION_AUDIT_NODE
19,944,b4e5af49e4a1cbea887c5099,REQ-000944,74a6e10ccfcae5346fc9aa9f701fec7762b42d86935bee4a4da29d192b050ff6,16cc06a9c7980ba9407825fb567870efe23736a45dad03a3d07b00b877b141a4,75604bc5565e782a88b725118a1f3b209319c38e65900f623bd6f0d1174cd72f,PROSECUTION_AUDIT_NODE
19,945,f2be8d0d18c4cb76fcc9bc6a,REQ-000945,3ff1f33b64e716797fe7c1bb3071ce2ed938aec99fec56f504924b6b3a62c6ba,16cc06a9c7980ba9407825fb567870efe23736a45dad03a3d07b00b877b141a4,75604bc5565e782a88b725118a1f3b209319c38e65900f623bd6f0d1174cd72f,PROSECUTION_AUDIT_NODE
19,946,dd1fbbefb48d8102a37457e5,REQ-000946,b4c600ad7c592f2d6473d3b8b45b5f08ab289c95e7257f0bbe02b933e3fe22fb,16cc06a9c7980ba9407825fb567870efe23736a45dad03a3d07b00b877b141a4,75604bc5565e782a88b725118a1f3b209319c38e65900f623bd6f0d1174cd72f,PROSECUTION_AUDIT_NODE
19,947,42bbac1fed520270b47db0e1,REQ-000947,a7f31f869be1cab334e940a3992a155af7e0b18ae85a4eeecf00da85c5912c22,16cc06a9c7980ba9407825fb567870efe23736a45dad03a3d07b00b877b141a4,75604bc5565e782a88b725118a1f3b209319c38e65900f623bd6f0d1174cd72f,PROSECUTION_AUDIT_NODE
19,948,009dc9fcc2292f5f20e19009,REQ-000948,aa8fba84083dd643ab84b9ac25fd9a6d98ae1fa96421a7afe9f66da2dfaac28b,16cc06a9c7980ba9407825fb567870efe23736a45dad03a3d07b00b877b141a4,75604bc5565e782a88b725118a1f3b209319c38e65900f623bd6f0d1174cd72f,PROSECUTION_AUDIT_NODE
19,949,0178759ed29f35ed0e128297,REQ-000949,265a6a6541ed970aa93880c0e84245c965ad16344e6f7426f92515eb25b44184,16cc06a9c7980ba9407825fb567870efe23736a45dad03a3d07b00b877b141a4,75604bc5565e782a88b725118a1f3b209319c38e65900f623bd6f0d1174cd72f,PROSECUTION_AUDIT_NODE
19,950,f0c0b6302c4765cad8629479,REQ-000950,777cb650ac82a79215c2b90a98b4287fdf8bbe485332beabd08567974de7249a,16cc06a9c7980ba9407825fb567870efe23736a45dad03a3d07b00b877b141a4,75604bc5565e782a88b725118a1f3b209319c38e65900f623bd6f0d1174cd72f,PROSECUTION_AUDIT_NODE
20,951,068d4ddb038279bbf7a2341b,REQ-000951,1c19f42f1400208fe417db3fc1a6d3c648912d52f66278888e8b0fecc750be2c,6654794046d65076b39f2f2d44a4b9f69ede70e25f5f83d9bd96606ddb21547b,bbeceadf57ccd455f371d0f447470f7b7a7969b394cf4adca05413d1c03bb01a,COURT_ICJS_AUDIT_NODE
20,952,5cf54b68856dbfd1eb6d77b8,REQ-000952,cf4ca3955a1d9e3cf9a44de9cfe153e088c19e74494d43edafa59fbe5b8a88dc,6654794046d65076b39f2f2d44a4b9f69ede70e25f5f83d9bd96606ddb21547b,bbeceadf57ccd455f371d0f447470f7b7a7969b394cf4adca05413d1c03bb01a,COURT_ICJS_AUDIT_NODE
20,953,8ed30b15950ff0892e0c50e7,REQ-000953,0a2042523156315b472897f9344764c1e02dfe40d4f1b8aa1d23c6618191ba7a,6654794046d65076b39f2f2d44a4b9f69ede70e25f5f83d9bd96606ddb21547b,bbeceadf57ccd455f371d0f447470f7b7a7969b394cf4adca05413d1c03bb01a,COURT_ICJS_AUDIT_NODE
20,954,5bc1d55d932fa6dc6febf49f,REQ-000954,7b040408f4a45d949a3d053781819d627f6237a610444b92e1a4b1f4260877d6,6654794046d65076b39f2f2d44a4b9f69ede70e25f5f83d9bd96606ddb21547b,bbeceadf57ccd455f371d0f447470f7b7a7969b394cf4adca05413d1c03bb01a,COURT_ICJS_AUDIT_NODE
20,955,3bbd084c68d3e8bde68a749e,REQ-000955,07fc85a4a8e3314d7d430d0648b3a438a5570f542c8a688613c6dce33a4bb647,6654794046d65076b39f2f2d44a4b9f69ede70e25f5f83d9bd96606ddb21547b,bbeceadf57ccd455f371d0f447470f7b7a7969b394cf4adca05413d1c03bb01a,COURT_ICJS_AUDIT_NODE
20,956,1bb1e4bb317c7f2387daed27,REQ-000956,b1eceed08d50c1b5acc96e07472c84a69e8110edd18bfacb54b8a913a6571f0b,6654794046d65076b39f2f2d44a4b9f69ede70e25f5f83d9bd96606ddb21547b,bbeceadf57ccd455f371d0f447470f7b7a7969b394cf4adca05413d1c03bb01a,COURT_ICJS_AUDIT_NODE
20,957,86efe297218a96bdaa845998,REQ-000957,e069254dfbabe9fcfdb169e78bd3b949d49dbb6c486dd50c3c8054962684dcef,6654794046d65076b39f2f2d44a4b9f69ede70e25f5f83d9bd96606ddb21547b,bbeceadf57ccd455f371d0f447470f7b7a7969b394cf4adca05413d1c03bb01a,COURT_ICJS_AUDIT_NODE
20,958,4220520bfc7e4681aac2659f,REQ-000958,5f09b1157f2cbf2076187db10a813344f41595facac2d99e851f9b0e4d80add5,6654794046d65076b39f2f2d44a4b9f69ede70e25f5f83d9bd96606ddb21547b,bbeceadf57ccd455f371d0f447470f7b7a7969b394cf4adca05413d1c03bb01a,COURT_ICJS_AUDIT_NODE
20,959,14aa526cb35813fa91d1f326,REQ-000959,f55d4ae7157b6eb31a626d6142496b1790e43d00e166fa609c8dab7be901b1dc,6654794046d65076b39f2f2d44a4b9f69ede70e25f5f83d9bd96606ddb21547b,bbeceadf57ccd455f371d0f447470f7b7a7969b394cf4adca05413d1c03bb01a,COURT_ICJS_AUDIT_NODE
20,960,24b690bf14a742902c664b70,REQ-000960,5fb7e94c306d9f14e59a0e926c1c8dde60c06f0b4d56f4f8d502cf0eae7c8a2d,6654794046d65076b39f2f2d44a4b9f69ede70e25f5f83d9bd96606ddb21547b,bbeceadf57ccd455f371d0f447470f7b7a7969b394cf4adca05413d1c03bb01a,COURT_ICJS_AUDIT_NODE
20,961,95b2640d96d10f548b63659f,REQ-000961,59178d5f4a56897c5fef88f8696b795887fe97c16b83e7a06c2b6169aa574a1c,6654794046d65076b39f2f2d44a4b9f69ede70e25f5f83d9bd96606ddb21547b,bbeceadf57ccd455f371d0f447470f7b7a7969b394cf4adca05413d1c03bb01a,COURT_ICJS_AUDIT_NODE
20,962,eece9b14969dc67920fa7c84,REQ-000962,b0025d8f2553bb70a7a13d55858800fa74a66c326c7195cdc7b00798a19a9cc7,6654794046d65076b39f2f2d44a4b9f69ede70e25f5f83d9bd96606ddb21547b,bbeceadf57ccd455f371d0f447470f7b7a7969b394cf4adca05413d1c03bb01a,COURT_ICJS_AUDIT_NODE
20,963,8fd053dc73fabb878fa62b0e,REQ-000963,86b32d41c7656bada88f4242e5977ed9c95bab305ea669c2cd6201e03a5d7025,6654794046d65076b39f2f2d44a4b9f69ede70e25f5f83d9bd96606ddb21547b,bbeceadf57ccd455f371d0f447470f7b7a7969b394cf4adca05413d1c03bb01a,COURT_ICJS_AUDIT_NODE
20,964,2643d92d896f5b2b03f4ae5c,REQ-000964,0a22e73e22d05e03dd89ae9e62bcc05003dd2d7b08f9a64fc375f32e26196304,6654794046d65076b39f2f2d44a4b9f69ede70e25f5f83d9bd96606ddb21547b,bbeceadf57ccd455f371d0f447470f7b7a7969b394cf4adca05413d1c03bb01a,COURT_ICJS_AUDIT_NODE
20,965,5e25f42e573e278a664888ec,REQ-000965,15af4cc02c23c6a7c08f4262413e04b73678f1516bdce948b7741eb3b4d09270,6654794046d65076b39f2f2d44a4b9f69ede70e25f5f83d9bd96606ddb21547b,bbeceadf57ccd455f371d0f447470f7b7a7969b394cf4adca05413d1c03bb01a,COURT_ICJS_AUDIT_NODE
20,966,650c04f10eb9386c302f5342,REQ-000966,426a240e536cf9d311483b0858a502fe54d94f1d23ce40d06e6fa8f24a1b720f,6654794046d65076b39f2f2d44a4b9f69ede70e25f5f83d9bd96606ddb21547b,bbeceadf57ccd455f371d0f447470f7b7a7969b394cf4adca05413d1c03bb01a,COURT_ICJS_AUDIT_NODE
20,967,0325dbde1d4df3dd984cd928,REQ-000967,faa62b8e78452d5c80298c8d7f3ed2d3ee3b5c9af2d96536da257487a9e39977,6654794046d65076b39f2f2d44a4b9f69ede70e25f5f83d9bd96606ddb21547b,bbeceadf57ccd455f371d0f447470f7b7a7969b394cf4adca05413d1c03bb01a,COURT_ICJS_AUDIT_NODE
20,968,2275e2af33966691bcc54c35,REQ-000968,c9d11be5a79e044e9f51f7582d5ffe6b7df0ab19d67b40a0f0b13a7876ffdfee,6654794046d65076b39f2f2d44a4b9f69ede70e25f5f83d9bd96606ddb21547b,bbeceadf57ccd455f371d0f447470f7b7a7969b394cf4adca05413d1c03bb01a,COURT_ICJS_AUDIT_NODE
20,969,8efd4ffd775f3c7ce541033a,REQ-000969,1755ba2b3327761742ea5a8efd0e1a88ee241ebce7a417ab6f3c40a3321bb856,6654794046d65076b39f2f2d44a4b9f69ede70e25f5f83d9bd96606ddb21547b,bbeceadf57ccd455f371d0f447470f7b7a7969b394cf4adca05413d1c03bb01a,COURT_ICJS_AUDIT_NODE
20,970,178a7a328df645d7ff4fc57b,REQ-000970,ba286b681ebcc87afe0a0ddeb568ba39f88c7edd4fee9656fa867858e0350797,6654794046d65076b39f2f2d44a4b9f69ede70e25f5f83d9bd96606ddb21547b,bbeceadf57ccd455f371d0f447470f7b7a7969b394cf4adca05413d1c03bb01a,COURT_ICJS_AUDIT_NODE
20,971,cd99d6cd1e1b3386df8be4dc,REQ-000971,0e0262ad15aad695f853b910e036976b8ea9ba9668b5f3f59173602ec6e93ddd,6654794046d65076b39f2f2d44a4b9f69ede70e25f5f83d9bd96606ddb21547b,bbeceadf57ccd455f371d0f447470f7b7a7969b394cf4adca05413d1c03bb01a,COURT_ICJS_AUDIT_NODE
20,972,509d61e8c60b23eff4ede3c9,REQ-000972,dcecf3b140e5b86ad46d4de956ba0712f2153b0ca41d747a67edf51e6eb04c71,6654794046d65076b39f2f2d44a4b9f69ede70e25f5f83d9bd96606ddb21547b,bbeceadf57ccd455f371d0f447470f7b7a7969b394cf4adca05413d1c03bb01a,COURT_ICJS_AUDIT_NODE
20,973,be6b7e240f24d8ec594409cb,REQ-000973,88474f90947ff594f3390622d4c9f050eb3680bda89b48f71861d7e6fc5403f0,6654794046d65076b39f2f2d44a4b9f69ede70e25f5f83d9bd96606ddb21547b,bbeceadf57ccd455f371d0f447470f7b7a7969b394cf4adca05413d1c03bb01a,COURT_ICJS_AUDIT_NODE
20,974,0a4796f3a33834f12efb2d91,REQ-000974,c15a0581712d92e56d5e4b9570dc81977bd446e8e809997201af82c09e6100ca,6654794046d65076b39f2f2d44a4b9f69ede70e25f5f83d9bd96606ddb21547b,bbeceadf57ccd455f371d0f447470f7b7a7969b394cf4adca05413d1c03bb01a,COURT_ICJS_AUDIT_NODE
20,975,b7a016dd4cfa7d09f6fecd8a,REQ-000975,cc2f6a70053072a05feedbfa0f33ba4a60af745bf1ecbce210e68ccef1de05bf,6654794046d65076b39f2f2d44a4b9f69ede70e25f5f83d9bd96606ddb21547b,bbeceadf57ccd455f371d0f447470f7b7a7969b394cf4adca05413d1c03bb01a,COURT_ICJS_AUDIT_NODE
20,976,dd0b9c748e1fab24b66fbba5,REQ-000976,e46076a5d1e78e8f31ce22356d8313253fe1dbe37ea996921fac32afb6b2dfce,6654794046d65076b39f2f2d44a4b9f69ede70e25f5f83d9bd96606ddb21547b,bbeceadf57ccd455f371d0f447470f7b7a7969b394cf4adca05413d1c03bb01a,COURT_ICJS_AUDIT_NODE
20,977,e8668393bd366f9bbfbbbdfd,REQ-000977,512b0770633974b183bcc25a11f74f3f6d3b360a3938a70be86b11a3069f0a06,6654794046d65076b39f2f2d44a4b9f69ede70e25f5f83d9bd96606ddb21547b,bbeceadf57ccd455f371d0f447470f7b7a7969b394cf4adca05413d1c03bb01a,COURT_ICJS_AUDIT_NODE
20,978,1d72618a6045b37b03a5f895,REQ-000978,c6d7fcb4e6cfa8b40dc6412b4264ce71b60b21ccfea8a3ee8a37a29c4b99be02,6654794046d65076b39f2f2d44a4b9f69ede70e25f5f83d9bd96606ddb21547b,bbeceadf57ccd455f371d0f447470f7b7a7969b394cf4adca05413d1c03bb01a,COURT_ICJS_AUDIT_NODE
20,979,e401f52c659b19b6cad69974,REQ-000979,7c8c15c4f42406f5ca139b0c3b53b5cc4ab5e9a0e3e4e5f8363fa4ddd1cab41e,6654794046d65076b39f2f2d44a4b9f69ede70e25f5f83d9bd96606ddb21547b,bbeceadf57ccd455f371d0f447470f7b7a7969b394cf4adca05413d1c03bb01a,COURT_ICJS_AUDIT_NODE
20,980,2591c33fb6732f884d7adf9e,REQ-000980,767e6faaa920d94f9c968493c4790b79f03f25484020394add040ac44139c8eb,6654794046d65076b39f2f2d44a4b9f69ede70e25f5f83d9bd96606ddb21547b,bbeceadf57ccd455f371d0f447470f7b7a7969b394cf4adca05413d1c03bb01a,COURT_ICJS_AUDIT_NODE
20,981,f4cb39db18bb7ac5f043746c,REQ-000981,f2e4bf69db8eb186fe2d6d58eb099d9692db9c5a58b36e96ee2fa2c4a73b091b,6654794046d65076b39f2f2d44a4b9f69ede70e25f5f83d9bd96606ddb21547b,bbeceadf57ccd455f371d0f447470f7b7a7969b394cf4adca05413d1c03bb01a,COURT_ICJS_AUDIT_NODE
20,982,568e37a241a4f35e91e10da1,REQ-000982,e6b1865d630c9f9eb7adaa56aea5e85a6cd83c90099d3e3047e34d535dcdc5fa,6654794046d65076b39f2f2d44a4b9f69ede70e25f5f83d9bd96606ddb21547b,bbeceadf57ccd455f371d0f447470f7b7a7969b394cf4adca05413d1c03bb01a,COURT_ICJS_AUDIT_NODE
20,983,46c531c7dd40abeebdbc8e8d,REQ-000983,b4d32e87b1a9c0e5571ce3c5f141719fd4629e884d188a0d0c9fbf49aa460fe7,6654794046d65076b39f2f2d44a4b9f69ede70e25f5f83d9bd96606ddb21547b,bbeceadf57ccd455f371d0f447470f7b7a7969b394cf4adca05413d1c03bb01a,COURT_ICJS_AUDIT_NODE
20,984,74c8e36e0bf591318c7e5974,REQ-000984,09768cfd67f55f36391215d8c585cf8f63fadcbdd8c95f1b3fe0dbf8c68a83f6,6654794046d65076b39f2f2d44a4b9f69ede70e25f5f83d9bd96606ddb21547b,bbeceadf57ccd455f371d0f447470f7b7a7969b394cf4adca05413d1c03bb01a,COURT_ICJS_AUDIT_NODE
20,985,03fcc2ad3e08913876573da6,REQ-000985,7242f1b10b42c525305a332e8958a330d733610ecd266d5650aaea321cd898d5,6654794046d65076b39f2f2d44a4b9f69ede70e25f5f83d9bd96606ddb21547b,bbeceadf57ccd455f371d0f447470f7b7a7969b394cf4adca05413d1c03bb01a,COURT_ICJS_AUDIT_NODE
20,986,67095e67db7fda3bf2edc3b5,REQ-000986,1599e815f0ee177a368b1991f75fcd085cc03f176b223a3fbb47b0ae1bc64c6f,6654794046d65076b39f2f2d44a4b9f69ede70e25f5f83d9bd96606ddb21547b,bbeceadf57ccd455f371d0f447470f7b7a7969b394cf4adca05413d1c03bb01a,COURT_ICJS_AUDIT_NODE
20,987,1a901c71807f7feb645a5652,REQ-000987,147e8c26620b6727310daf17e62daed9ec01dc75325859be676ada8c18a44d98,6654794046d65076b39f2f2d44a4b9f69ede70e25f5f83d9bd96606ddb21547b,bbeceadf57ccd455f371d0f447470f7b7a7969b394cf4adca05413d1c03bb01a,COURT_ICJS_AUDIT_NODE
20,988,9767d6e40dbefc57b30f009c,REQ-000988,829ee7578d78f3e3e55e0169e70893f4ce6236c93bac0ae4e2f1f65e9a331dc6,6654794046d65076b39f2f2d44a4b9f69ede70e25f5f83d9bd96606ddb21547b,bbeceadf57ccd455f371d0f447470f7b7a7969b394cf4adca05413d1c03bb01a,COURT_ICJS_AUDIT_NODE
20,989,f33c09124963026c8650507f,REQ-000989,c45143783c17b8c9d5ad94e1387c1f6f1803bd0235bdb6c9c706311b62b56740,6654794046d65076b39f2f2d44a4b9f69ede70e25f5f83d9bd96606ddb21547b,bbeceadf57ccd455f371d0f447470f7b7a7969b394cf4adca05413d1c03bb01a,COURT_ICJS_AUDIT_NODE
20,990,c9a09f2839f8930f175e3b45,REQ-000990,925d66692fd6ad89a471da80040b8ed6af980da4636ae92fc5d7a80a2418ff0a,6654794046d65076b39f2f2d44a4b9f69ede70e25f5f83d9bd96606ddb21547b,bbeceadf57ccd455f371d0f447470f7b7a7969b394cf4adca05413d1c03bb01a,COURT_ICJS_AUDIT_NODE
20,991,bc709344079c882cfbf10cb2,REQ-000991,b4ace867918665d0132b957b8d9d08cae6309fa7f6e3a3fabc8d76803e6ab917,6654794046d65076b39f2f2d44a4b9f69ede70e25f5f83d9bd96606ddb21547b,bbeceadf57ccd455f371d0f447470f7b7a7969b394cf4adca05413d1c03bb01a,COURT_ICJS_AUDIT_NODE
20,992,e4bf99f0a335c162e12b8461,REQ-000992,0704c8e8d07aa370b0a02c8aa4c635bf58688ae21170fa2ddb784f876052a78a,6654794046d65076b39f2f2d44a4b9f69ede70e25f5f83d9bd96606ddb21547b,bbeceadf57ccd455f371d0f447470f7b7a7969b394cf4adca05413d1c03bb01a,COURT_ICJS_AUDIT_NODE
20,993,40d122ca1cfd533cff268cdb,REQ-000993,0af280d32c1b23636e21e23d25c35cd379833abf12b5417480dba5283349f09c,6654794046d65076b39f2f2d44a4b9f69ede70e25f5f83d9bd96606ddb21547b,bbeceadf57ccd455f371d0f447470f7b7a7969b394cf4adca05413d1c03bb01a,COURT_ICJS_AUDIT_NODE
20,994,5790309829f02d1b7c8b5642,REQ-000994,59bf9ef9f9e1fd3b88bcc019a7e34f03cdd1980e48ad890e34d0b2688041a2a6,6654794046d65076b39f2f2d44a4b9f69ede70e25f5f83d9bd96606ddb21547b,bbeceadf57ccd455f371d0f447470f7b7a7969b394cf4adca05413d1c03bb01a,COURT_ICJS_AUDIT_NODE
20,995,146cda60d7841593348750d4,REQ-000995,7ed1b6aaeb34d7255516ce0d7c0aba7c08d2a45bbfd88209ce1532297cd9483b,6654794046d65076b39f2f2d44a4b9f69ede70e25f5f83d9bd96606ddb21547b,bbeceadf57ccd455f371d0f447470f7b7a7969b394cf4adca05413d1c03bb01a,COURT_ICJS_AUDIT_NODE
20,996,0f35016632018f16019989a4,REQ-000996,3951ebac8f2074068a0081930b1b1afd78bd9eeb4ea4d4f7ebf5ae703d97ae95,6654794046d65076b39f2f2d44a4b9f69ede70e25f5f83d9bd96606ddb21547b,bbeceadf57ccd455f371d0f447470f7b7a7969b394cf4adca05413d1c03bb01a,COURT_ICJS_AUDIT_NODE
20,997,67f433c405c1becfc2770fe4,REQ-000997,897b459d8d37d58ae2cca1566d7933b7a18cd51f565cf6b4f861ccf412a3475e,6654794046d65076b39f2f2d44a4b9f69ede70e25f5f83d9bd96606ddb21547b,bbeceadf57ccd455f371d0f447470f7b7a7969b394cf4adca05413d1c03bb01a,COURT_ICJS_AUDIT_NODE
20,998,2b69f47cc4d5235da73fa073,REQ-000998,25e971c1563a5ac85d31ef5dc07fc3cc3b226b0bf4d8697454d8492d4e3a258c,6654794046d65076b39f2f2d44a4b9f69ede70e25f5f83d9bd96606ddb21547b,bbeceadf57ccd455f371d0f447470f7b7a7969b394cf4adca05413d1c03bb01a,COURT_ICJS_AUDIT_NODE
20,999,79ca16f8825b705e9a3764df,REQ-000999,76b9ceea1f888f53b057879ab9b21caf67b2db502dcd51e0273c7da2968f00ef,6654794046d65076b39f2f2d44a4b9f69ede70e25f5f83d9bd96606ddb21547b,bbeceadf57ccd455f371d0f447470f7b7a7969b394cf4adca05413d1c03bb01a,COURT_ICJS_AUDIT_NODE
20,1000,dd4026014ba70fc0412c92c8,REQ-001000,3a16f64acee71109e1d68e815ac900a826098bcc99b6f0aa18ef74d45e390112,6654794046d65076b39f2f2d44a4b9f69ede70e25f5f83d9bd96606ddb21547b,bbeceadf57ccd455f371d0f447470f7b7a7969b394cf4adca05413d1c03bb01a,COURT_ICJS_AUDIT_NODE
