request_id,timestamp_utc,scenario_type,requester_officer_id,requester_officer_hash,requester_role,requester_rank_level,requester_agency,requester_station_id,requester_district_id,requester_state_id,requester_clearance_level,requester_credential_status,case_assignment_status,target_record_id,target_record_hash,target_case_id,target_case_type,target_record_type,target_station_id,target_district_id,target_state_id,target_owner_agency,record_sensitivity_level,victim_flag,witness_flag,juvenile_flag,evidence_media_flag,sealed_status,retention_status,same_station,same_district,same_state,cross_jurisdiction,purpose,action,emergency_flag,court_or_prosecutor_request_flag,approval_token_status,time_window,network_status,request_channel,policy_version,raw_record_included,synthetic_only,request_content_hash
REQ-000001,2026-05-27T00:12:00Z,revoked_credential,OFF-0065,6d335433b612a148a4921389,Constable,1,POLICE,STATE_03_DIST_02_PS_02,STATE_03_DIST_02,STATE_03,LOW,REVOKED,NOT_ASSIGNED,REC-000124,18d1592d4e115ec7275f6778,CASE-00032,GENERAL_THEFT,VICTIM_RECORD,STATE_03_DIST_01_PS_01,STATE_03_DIST_01,STATE_03,POLICE,MEDIUM,true,false,false,false,OPEN,ACTIVE,false,false,true,true,INVESTIGATION,VIEW,false,false,MISSING,BUSINESS_HOURS,STATION_NODE_DOWN,MANUAL_ESCALATION,P-2026-05-STEP1,false,true,1efdc155e12d6a259a6a761b9c2e0e01bc97f284d231d0bf7f07f227053a0750
REQ-000002,2026-05-27T00:32:00Z,normal_in_jurisdiction,OFF-0236,3a6a5386535f809a826fc8a7,Inspector,4,POLICE,STATE_02_DIST_03_PS_03,STATE_02_DIST_03,STATE_02,MEDIUM,ACTIVE,ASSIGNED,REC-000233,95272f463d03a2186ae00bc6,CASE-00125,GENERAL_THEFT,CYBERCRIME_COMPLAINT,STATE_02_DIST_03_PS_03,STATE_02_DIST_03,STATE_02,POLICE,MEDIUM,false,false,false,false,OPEN,ACTIVE,true,true,true,false,INVESTIGATION,VIEW,false,false,NOT_REQUIRED,BUSINESS_HOURS,ONLINE,MANUAL_ESCALATION,P-2026-05-STEP1,false,true,91ad342de1891400937f30895cbbc218ca432c53f76c02cd19ff88ee21c2909b
REQ-000003,2026-05-27T00:30:00Z,stale_case_assignment,OFF-0029,1f84d906e82c7901ab98337e,Head Constable,2,POLICE,STATE_02_DIST_03_PS_01,STATE_02_DIST_03,STATE_02,LOW,ACTIVE,STALE,REC-000071,1ce4791bcfe4088122f5f137,CASE-00099,FINANCIAL_CRIME,COURT_SUBMISSION,STATE_01_DIST_03_PS_02,STATE_01_DIST_03,STATE_01,POLICE,HIGH,false,false,false,false,OPEN,ACTIVE,false,false,false,true,INVESTIGATION,DOWNLOAD,false,false,MISSING,AFTER_HOURS,ONLINE,CCTNS_STYLE_API,P-2026-05-STEP1,false,true,96ed5efc4054ed9f84b5c390ab48ae8dcbc68f8d00f3b645224a9b5e2d680681
REQ-000004,2026-05-27T00:32:00Z,stale_case_assignment,OFF-0003,5e4ff04af077f5ff22cd6cd0,Cybercrime Officer,4,CYBERCRIME,STATE_02_DIST_01_PS_02,STATE_02_DIST_01,STATE_02,HIGH,ACTIVE,STALE,REC-000821,103411f419260d94e9a6d3cc,CASE-00022,JUVENILE_PROTECTION,WITNESS_STATEMENT,STATE_01_DIST_02_PS_02,STATE_01_DIST_02,STATE_01,POLICE,HIGH,false,true,true,false,OPEN,UNDER_REVIEW,false,false,false,true,INVESTIGATION,UPDATE,false,false,MISSING,BUSINESS_HOURS,ONLINE,CCTNS_STYLE_API,P-2026-05-STEP1,false,true,06776debb7a118764f2ca2e13c7e956681f96228fa5bb8bb585fd941660f5d2e
REQ-000005,2026-05-27T01:00:00Z,cross_jurisdiction_sensitive,OFF-0182,f733b89b991cd7dc6791cabb,Sub-Inspector,3,POLICE,STATE_01_DIST_01_PS_02,STATE_01_DIST_01,STATE_01,MEDIUM,ACTIVE,NOT_ASSIGNED,REC-000794,949e9506f350533dfbd08052,CASE-00018,NARCOTICS,VICTIM_RECORD,STATE_01_DIST_04_PS_01,STATE_01_DIST_04,STATE_01,POLICE,HIGH,true,false,false,false,OPEN,ACTIVE,false,false,true,true,SUPERVISION,UPDATE,false,false,PRESENT_VALID,NIGHT,ONLINE,MANUAL_ESCALATION,P-2026-05-STEP1,false,true,a0acc9d097dca2de67789b3bb10fd5d80dafd01cd5b08fd16da184b59daf5688
REQ-000006,2026-05-27T00:12:00Z,revoked_credential,OFF-0196,d60f48d22e03c3316a18fa6d,Inspector,4,POLICE,STATE_01_DIST_03_PS_01,STATE_01_DIST_03,STATE_01,MEDIUM,REVOKED,NOT_ASSIGNED,REC-000563,c8574da02d53b2b3900286b3,CASE-00016,WOMEN_CHILD_SAFETY,WITNESS_STATEMENT,STATE_02_DIST_01_PS_01,STATE_02_DIST_01,STATE_02,POLICE,HIGH,true,true,false,false,OPEN,ACTIVE,false,false,false,true,AUDIT,VIEW,false,false,MISSING,BUSINESS_HOURS,ONLINE,ICJS_STYLE_EXCHANGE,P-2026-05-STEP1,false,true,c64bdabec23fc876582af0972f1e6e1a634c788cb6ab84563fba3f64b1da3ea0
REQ-000007,2026-05-27T01:38:00Z,random_context,OFF-0141,69b61a8c9ab3b270d0f7db2e,Constable,1,POLICE,STATE_03_DIST_01_PS_02,STATE_03_DIST_01,STATE_03,LOW,ACTIVE,NOT_ASSIGNED,REC-000208,3387ee3b0be0919f165e192f,CASE-00115,NARCOTICS,CASE_DIARY,STATE_01_DIST_01_PS_02,STATE_01_DIST_01,STATE_01,POLICE,HIGH,false,false,false,false,OPEN,ACTIVE,false,false,false,true,INVESTIGATION,VIEW,false,false,NOT_REQUIRED,BUSINESS_HOURS,ONLINE,ICJS_STYLE_EXCHANGE,P-2026-05-STEP1,false,true,c3c0b06edd762276302b4a0bc186265de6f2ab043ddc8ad277fc9183db08470a
REQ-000008,2026-05-27T00:40:00Z,cross_jurisdiction_sensitive,OFF-0086,90740f6d12084e4c579f3454,Sub-Inspector,3,POLICE,STATE_01_DIST_01_PS_01,STATE_01_DIST_01,STATE_01,MEDIUM,ACTIVE,NOT_ASSIGNED,REC-000768,17c8611dfefa058b391351b2,CASE-00194,JUVENILE_PROTECTION,CASE_DIARY,STATE_03_DIST_04_PS_02,STATE_03_DIST_04,STATE_03,POLICE,HIGH,false,false,true,false,OPEN,ACTIVE,false,false,false,true,INVESTIGATION,VIEW,false,false,PRESENT_VALID,BUSINESS_HOURS,ONLINE,MANUAL_ESCALATION,P-2026-05-STEP1,false,true,3c3c3d46806eb182557f37351aa62e742b2a313755277525ec808bd43c8ff781
REQ-000009,2026-05-27T02:06:00Z,cross_jurisdiction_sensitive,OFF-0224,b20f60775fe6a25591c31932,Inspector,4,POLICE,STATE_02_DIST_01_PS_03,STATE_02_DIST_01,STATE_02,MEDIUM,ACTIVE,NOT_ASSIGNED,REC-000430,706262d522186a84dc851323,CASE-00127,CYBER_FRAUD,COURT_SUBMISSION,STATE_02_DIST_04_PS_03,STATE_02_DIST_04,STATE_02,POLICE,CLASSIFIED,false,false,false,false,SEALED,ACTIVE,false,false,true,true,INVESTIGATION,VIEW,false,false,PRESENT_VALID,AFTER_HOURS,ONLINE,MANUAL_ESCALATION,P-2026-05-STEP1,false,true,4421cc0f4403b4529f2d525c509d277f3b04806569987b9fdaa8b77918ccd277
REQ-000010,2026-05-27T02:50:00Z,normal_in_jurisdiction,OFF-0158,88db5c4f1341722984d72ca6,Head Constable,2,POLICE,STATE_02_DIST_02_PS_01,STATE_02_DIST_02,STATE_02,LOW,ACTIVE,ASSIGNED,REC-000382,4451c095fe2e4d1a159e9e35,CASE-00176,VIOLENT_CRIME,WITNESS_STATEMENT,STATE_02_DIST_02_PS_01,STATE_02_DIST_02,STATE_02,POLICE,MEDIUM,false,true,false,false,OPEN,ACTIVE,true,true,true,false,INVESTIGATION,VIEW,false,false,NOT_REQUIRED,BUSINESS_HOURS,ONLINE,MANUAL_ESCALATION,P-2026-05-STEP1,false,true,bbd426e55d79828d1d85a58c2b7002e19b2a1c8bf65c156123376dddbb0f5ac2
REQ-000011,2026-05-27T02:23:00Z,juvenile_sensitive,OFF-0109,71ae00fed2507668078d658b,Inspector,4,POLICE,STATE_01_DIST_02_PS_01,STATE_01_DIST_02,STATE_01,MEDIUM,ACTIVE,NOT_ASSIGNED,REC-000666,3b085a1d745c31eb8625296d,CASE-00317,GENERAL_THEFT,JUVENILE_RECORD,STATE_03_DIST_03_PS_02,STATE_03_DIST_03,STATE_03,POLICE,CLASSIFIED,false,false,true,false,OPEN,ACTIVE,false,false,false,true,SUPERVISION,VIEW,false,false,PRESENT_VALID,BUSINESS_HOURS,ONLINE,CCTNS_STYLE_API,P-2026-05-STEP1,false,true,3d5cb4c6958010ab5c1c6ad21d72e35c4a5484281ecc6fdd2c5b444ca06cc33e
REQ-000012,2026-05-27T02:48:00Z,expired_approval_token,OFF-0213,07e08d113775d9e409a3ca05,Cybercrime Officer,4,CYBERCRIME,STATE_02_DIST_01_PS_03,STATE_02_DIST_01,STATE_02,HIGH,ACTIVE,NOT_ASSIGNED,REC-000014,201bd2e21b21dd12c27511f3,CASE-00308,MISSING_PERSON,FORENSIC_REPORT,STATE_01_DIST_01_PS_01,STATE_01_DIST_01,STATE_01,POLICE,HIGH,false,false,false,false,OPEN,UNDER_REVIEW,false,false,false,true,INVESTIGATION,SHARE,false,false,EXPIRED,BUSINESS_HOURS,ONLINE,ICJS_STYLE_EXCHANGE,P-2026-05-STEP1,false,true,1ba50dcc62a4af028b6cdc44fa2785331ad4c16b6f5870a3f3739676e033d770
REQ-000013,2026-05-27T00:26:00Z,cross_jurisdiction_sensitive,OFF-0198,5d9a86e9bbd1b3774caee2db,Constable,1,POLICE,STATE_03_DIST_03_PS_03,STATE_03_DIST_03,STATE_03,LOW,ACTIVE,NOT_ASSIGNED,REC-000253,201c9d891198d8110e40a60a,CASE-00165,FINANCIAL_CRIME,CYBERCRIME_COMPLAINT,STATE_02_DIST_03_PS_01,STATE_02_DIST_03,STATE_02,POLICE,HIGH,false,false,false,false,OPEN,ACTIVE,false,false,false,true,FORENSIC_REVIEW,VIEW,false,false,MISSING,NIGHT,ONLINE,ICJS_STYLE_EXCHANGE,P-2026-05-STEP1,false,true,8d9d91175750d3cd583db66ceff011bbe64cab7a18dfd90220e0c5fe936ee1af
REQ-000014,2026-05-27T01:10:00Z,sealed_record,OFF-0231,b91bac32e23ee5afdb826394,Cybercrime Officer,4,CYBERCRIME,STATE_01_DIST_04_PS_03,STATE_01_DIST_04,STATE_01,HIGH,ACTIVE,NOT_ASSIGNED,REC-000793,b0e996b4ecdf66ce33e6405c,CASE-00299,MISSING_PERSON,WITNESS_STATEMENT,STATE_01_DIST_03_PS_03,STATE_01_DIST_03,STATE_01,POLICE,HIGH,false,true,false,false,SEALED,ACTIVE,false,false,true,true,PROSECUTION_REVIEW,VIEW,false,true,PRESENT_VALID,AFTER_HOURS,ONLINE,MANUAL_ESCALATION,P-2026-05-STEP1,false,true,e927060e8e46d81caec1bc640a3698822f390782a2b658596421938a5ee6f915
REQ-000015,2026-05-27T00:45:00Z,normal_in_jurisdiction,OFF-0049,e48c526210cf797e3886d5ef,Cybercrime Officer,4,CYBERCRIME,STATE_03_DIST_02_PS_01,STATE_03_DIST_02,STATE_03,HIGH,ACTIVE,ASSIGNED,REC-000621,361a07f3293bb4a0066f3f14,CASE-00053,VIOLENT_CRIME,CYBERCRIME_COMPLAINT,STATE_03_DIST_02_PS_01,STATE_03_DIST_02,STATE_03,POLICE,MEDIUM,false,false,false,false,OPEN,ACTIVE,true,true,true,false,INVESTIGATION,VIEW,false,false,NOT_REQUIRED,BUSINESS_HOURS,ONLINE,CCTNS_STYLE_API,P-2026-05-STEP1,false,true,99a001f5be10acd9b89ff51b5a1686fc4900d2c1817d0245a84e2fe7341e9316
REQ-000016,2026-05-27T02:24:00Z,sealed_record,OFF-0236,3a6a5386535f809a826fc8a7,Inspector,4,POLICE,STATE_02_DIST_03_PS_03,STATE_02_DIST_03,STATE_02,MEDIUM,ACTIVE,NOT_ASSIGNED,REC-000833,bbc88d47b540a264e471bd70,CASE-00253,MISSING_PERSON,CYBERCRIME_COMPLAINT,STATE_03_DIST_04_PS_02,STATE_03_DIST_04,STATE_03,POLICE,HIGH,false,false,false,false,SEALED,ACTIVE,false,false,false,true,COURT_PRODUCTION,UPDATE,false,true,MISSING,BUSINESS_HOURS,ONLINE,MANUAL_ESCALATION,P-2026-05-STEP1,false,true,bcd3f5324253da1f662b6d0ce026dc9080b4c965d76a906037074a8c105d9d9d
REQ-000017,2026-05-27T01:59:00Z,cross_jurisdiction_sensitive,OFF-0061,86505bfb457a23f7a0108287,Constable,1,POLICE,STATE_03_DIST_04_PS_03,STATE_03_DIST_04,STATE_03,LOW,ACTIVE,NOT_ASSIGNED,REC-000776,71e0d974adfaea423315288d,CASE-00049,WOMEN_CHILD_SAFETY,COURT_SUBMISSION,STATE_01_DIST_03_PS_01,STATE_01_DIST_03,STATE_01,POLICE,MEDIUM,true,false,false,false,OPEN,ACTIVE,false,false,false,true,INVESTIGATION,DOWNLOAD,false,false,MISSING,NIGHT,ONLINE,MANUAL_ESCALATION,P-2026-05-STEP1,false,true,be107c58f29d05aff2bfe2277e1a984cd3ec8020932df35d38759f06d8fbe2fd
REQ-000018,2026-05-27T00:54:00Z,court_request,OFF-0211,5e223aae914ba42e97c387c1,Constable,1,POLICE,STATE_02_DIST_01_PS_01,STATE_02_DIST_01,STATE_02,LOW,ACTIVE,NOT_ASSIGNED,REC-000424,dbdfbc01fd0c4b39b898ed5b,CASE-00052,VIOLENT_CRIME,WITNESS_STATEMENT,STATE_03_DIST_04_PS_03,STATE_03_DIST_04,STATE_03,POLICE,HIGH,false,true,false,false,OPEN,ARCHIVED,false,false,false,true,COURT_PRODUCTION,DOWNLOAD,false,true,PRESENT_VALID,AFTER_HOURS,ONLINE,MANUAL_ESCALATION,P-2026-05-STEP1,false,true,8df3858de4d71f548dba8620305784b3ff136ee552af6dda5c437ef12210f86c
REQ-000019,2026-05-27T03:29:00Z,emergency_override,OFF-0080,8d450ebb6d2a4135d240f974,Station House Officer,5,POLICE,STATE_01_DIST_04_PS_03,STATE_01_DIST_04,STATE_01,HIGH,ACTIVE,NOT_ASSIGNED,REC-000417,8e1a3ca6a9114e1881bc48b7,CASE-00048,GENERAL_THEFT,VICTIM_RECORD,STATE_03_DIST_01_PS_01,STATE_03_DIST_01,STATE_03,POLICE,HIGH,true,false,false,false,OPEN,ACTIVE,false,false,false,true,EMERGENCY_RESPONSE,DOWNLOAD,true,false,MISSING,BUSINESS_HOURS,ONLINE,MANUAL_ESCALATION,P-2026-05-STEP1,false,true,a38814e5be90ee41760f963423bcf04cc787ea1b849560be536b3e8f5aaa2510
REQ-000020,2026-05-27T01:00:00Z,random_context,OFF-0189,0f5e28fd8c1c5a758d17ef19,Inspector,4,POLICE,STATE_01_DIST_01_PS_03,STATE_01_DIST_01,STATE_01,MEDIUM,REVOKED,NOT_ASSIGNED,REC-000306,13b2a2a0db1373b8363e1c5a,CASE-00028,NARCOTICS,VICTIM_RECORD,STATE_01_DIST_02_PS_02,STATE_01_DIST_02,STATE_01,POLICE,CLASSIFIED,true,false,false,false,OPEN,ACTIVE,false,false,true,true,SUPERVISION,VIEW,false,false,NOT_REQUIRED,BUSINESS_HOURS,ONLINE,MANUAL_ESCALATION,P-2026-05-STEP1,false,true,9d6868722e47240e135693d9dbd89fb2ac223e554710123652dbe55ef157e73b
REQ-000021,2026-05-27T04:33:00Z,stale_case_assignment,OFF-0121,e35de54e8ce29e22aa4fb84d,Constable,1,POLICE,STATE_01_DIST_04_PS_03,STATE_01_DIST_04,STATE_01,LOW,ACTIVE,STALE,REC-000667,8eb6e43f09093badac30f01a,CASE-00067,CYBER_FRAUD,VICTIM_RECORD,STATE_01_DIST_03_PS_02,STATE_01_DIST_03,STATE_01,POLICE,CLASSIFIED,true,false,false,false,OPEN,ACTIVE,false,false,true,true,INVESTIGATION,VIEW,false,false,MISSING,BUSINESS_HOURS,ONLINE,ICJS_STYLE_EXCHANGE,P-2026-05-STEP1,false,true,fbeabd14cd5cb4d492c31046f1412b44f4cd8ea6ac979dec0e9105e8b522b3ce
REQ-000022,2026-05-27T03:40:00Z,cross_jurisdiction_sensitive,OFF-0213,07e08d113775d9e409a3ca05,Cybercrime Officer,4,CYBERCRIME,STATE_02_DIST_01_PS_03,STATE_02_DIST_01,STATE_02,HIGH,ACTIVE,NOT_ASSIGNED,REC-000422,a5868bcaec407c2284b53fec,CASE-00087,WOMEN_CHILD_SAFETY,VICTIM_RECORD,STATE_01_DIST_02_PS_02,STATE_01_DIST_02,STATE_01,POLICE,HIGH,true,false,false,false,OPEN,ACTIVE,false,false,false,true,SUPERVISION,VIEW,false,false,PRESENT_VALID,BUSINESS_HOURS,ONLINE,ICJS_STYLE_EXCHANGE,P-2026-05-STEP1,false,true,2af785350e54abd3ff0eae06758723ade6afcac325edde8b9a02521099d4e07a
REQ-000023,2026-05-27T05:22:00Z,normal_in_jurisdiction,OFF-0049,e48c526210cf797e3886d5ef,Cybercrime Officer,4,CYBERCRIME,STATE_03_DIST_02_PS_01,STATE_03_DIST_02,STATE_03,HIGH,ACTIVE,ASSIGNED,REC-000621,361a07f3293bb4a0066f3f14,CASE-00053,VIOLENT_CRIME,CYBERCRIME_COMPLAINT,STATE_03_DIST_02_PS_01,STATE_03_DIST_02,STATE_03,POLICE,MEDIUM,false,false,false,false,OPEN,ACTIVE,true,true,true,false,INVESTIGATION,VIEW,false,false,NOT_REQUIRED,NIGHT,ONLINE,CCTNS_STYLE_API,P-2026-05-STEP1,false,true,74e1de3c9558ff056933edbf3cacc20b7c76a2c5dbc690a9f133b1c5dcb141e9
REQ-000024,2026-05-27T05:12:00Z,sealed_record,OFF-0059,abdf3e234ce3687605069a60,Cybercrime Officer,4,CYBERCRIME,STATE_01_DIST_04_PS_03,STATE_01_DIST_04,STATE_01,HIGH,ACTIVE,NOT_ASSIGNED,REC-000824,945f4f7b3a236a35a569de92,CASE-00017,WOMEN_CHILD_SAFETY,WITNESS_STATEMENT,STATE_02_DIST_01_PS_01,STATE_02_DIST_01,STATE_02,POLICE,MEDIUM,true,true,false,false,SEALED,ACTIVE,false,false,false,true,PROSECUTION_REVIEW,VIEW,false,true,MISSING,BUSINESS_HOURS,ONLINE,ICJS_STYLE_EXCHANGE,P-2026-05-STEP1,false,true,03ad817a07c60280e032bd9c64ff76ebc594881cb019944ad4594846208f4a2b
REQ-000025,2026-05-27T07:05:00Z,random_context,OFF-0052,0c912fab59a9f46b26c259dd,Sub-Inspector,3,POLICE,STATE_03_DIST_01_PS_03,STATE_03_DIST_01,STATE_03,MEDIUM,REVOKED,NOT_ASSIGNED,REC-000278,ff2fe9cdc866d8723406901d,CASE-00217,WOMEN_CHILD_SAFETY,VICTIM_RECORD,STATE_02_DIST_03_PS_01,STATE_02_DIST_03,STATE_02,POLICE,HIGH,true,false,false,false,OPEN,ACTIVE,false,false,false,true,INVESTIGATION,VIEW,false,false,MISSING,BUSINESS_HOURS,ONLINE,MANUAL_ESCALATION,P-2026-05-STEP1,false,true,fe36937f12369374de17ebc2fe27d973f6cc96426fe8301ad67296cb7ba07a91
REQ-000026,2026-05-27T05:38:00Z,stale_case_assignment,OFF-0151,4857d6398585bfa5b41baddd,Constable,1,POLICE,STATE_01_DIST_04_PS_02,STATE_01_DIST_04,STATE_01,LOW,ACTIVE,STALE,REC-000471,f6f606c409b171df8e67b6a2,CASE-00294,MISSING_PERSON,JUVENILE_RECORD,STATE_02_DIST_03_PS_02,STATE_02_DIST_03,STATE_02,POLICE,HIGH,false,false,true,false,OPEN,ACTIVE,false,false,false,true,INVESTIGATION,VIEW,false,false,MISSING,AFTER_HOURS,ONLINE,MANUAL_ESCALATION,P-2026-05-STEP1,false,true,fef98e50287a2366e0e47f9762c3fc4246d8905f71e59d5e0e4e2d7698004480
REQ-000027,2026-05-27T03:36:00Z,revoked_credential,OFF-0160,5ce4d64c20eb4b8a7537a1f7,Inspector,4,POLICE,STATE_03_DIST_02_PS_03,STATE_03_DIST_02,STATE_03,MEDIUM,REVOKED,NOT_ASSIGNED,REC-000053,c7a1cb7711a9318d95ea172b,CASE-00174,WOMEN_CHILD_SAFETY,FIR_SUMMARY,STATE_01_DIST_04_PS_01,STATE_01_DIST_04,STATE_01,POLICE,LOW,true,false,false,false,OPEN,ARCHIVED,false,false,false,true,INVESTIGATION,DOWNLOAD,false,false,MISSING,BUSINESS_HOURS,ONLINE,CCTNS_STYLE_API,P-2026-05-STEP1,false,true,35fc4b8e447b1df27d8502414b350c08618723df11bf23d6885f33ecd91c90c7
REQ-000028,2026-05-27T03:16:00Z,expired_approval_token,OFF-0042,4bdedd9e1ddefe7a1e6434d1,Station House Officer,5,POLICE,STATE_01_DIST_01_PS_03,STATE_01_DIST_01,STATE_01,HIGH,ACTIVE,NOT_ASSIGNED,REC-000737,925484446f2fcc1a58b1ca54,CASE-00018,NARCOTICS,CYBERCRIME_COMPLAINT,STATE_01_DIST_04_PS_01,STATE_01_DIST_04,STATE_01,POLICE,CLASSIFIED,false,false,false,false,OPEN,UNDER_REVIEW,false,false,true,true,PROSECUTION_REVIEW,VIEW,false,false,EXPIRED,BUSINESS_HOURS,ONLINE,ICJS_STYLE_EXCHANGE,P-2026-05-STEP1,false,true,4e8f26bf0a71b3c2d500b823fb6462f1dd3b906a6e215033cd9f3bc84db3b99c
REQ-000029,2026-05-27T02:25:00Z,court_request,OFF-0110,7ea4c7cce178f9ad9715431c,Head Constable,2,POLICE,STATE_01_DIST_03_PS_03,STATE_01_DIST_03,STATE_01,LOW,ACTIVE,NOT_ASSIGNED,REC-000559,649afea3d6e6f8a0297f3338,CASE-00134,GENERAL_THEFT,VICTIM_RECORD,STATE_03_DIST_04_PS_02,STATE_03_DIST_04,STATE_03,POLICE,MEDIUM,true,false,false,false,OPEN,ARCHIVED,false,false,false,true,PROSECUTION_REVIEW,DOWNLOAD,false,true,PRESENT_VALID,BUSINESS_HOURS,ONLINE,ICJS_STYLE_EXCHANGE,P-2026-05-STEP1,false,true,5b80f48892b3bd115c028e67599d04955f66d453473896e0830583114ef12df4
REQ-000030,2026-05-27T07:00:00Z,stale_case_assignment,OFF-0182,f733b89b991cd7dc6791cabb,Sub-Inspector,3,POLICE,STATE_01_DIST_01_PS_02,STATE_01_DIST_01,STATE_01,MEDIUM,ACTIVE,STALE,REC-000221,9a67ff28795c9b0a3b72e121,CASE-00297,VIOLENT_CRIME,FIR_SUMMARY,STATE_02_DIST_04_PS_02,STATE_02_DIST_04,STATE_02,POLICE,MEDIUM,false,false,false,false,OPEN,ACTIVE,false,false,false,true,INVESTIGATION,VIEW,false,false,MISSING,AFTER_HOURS,DEGRADED,ICJS_STYLE_EXCHANGE,P-2026-05-STEP1,false,true,162558e04baf23c7c94ca6c134d41bfcc087a60e3faa9fa83610b733a2d47e54
REQ-000031,2026-05-27T06:43:00Z,cross_jurisdiction_sensitive,OFF-0137,b5c2c2becf92b9e253d997f4,Sub-Inspector,3,POLICE,STATE_02_DIST_04_PS_03,STATE_02_DIST_04,STATE_02,MEDIUM,ACTIVE,NOT_ASSIGNED,REC-000155,9169482ae7cab0166b265e60,CASE-00256,CYBER_FRAUD,CYBERCRIME_COMPLAINT,STATE_02_DIST_03_PS_02,STATE_02_DIST_03,STATE_02,POLICE,HIGH,false,false,false,false,OPEN,ACTIVE,false,false,true,true,SUPERVISION,VIEW,false,false,MISSING,AFTER_HOURS,ONLINE,ICJS_STYLE_EXCHANGE,P-2026-05-STEP1,false,true,7cb0aa5d1fcd69a92cf67c508ff251aec90c1e9a988930af1f48c08e1d4d8ee8
REQ-000032,2026-05-27T03:44:00Z,stale_case_assignment,OFF-0229,910fbfbd952d337d55470015,Head Constable,2,POLICE,STATE_02_DIST_03_PS_03,STATE_02_DIST_03,STATE_02,LOW,ACTIVE,STALE,REC-000287,255eef6a2a2326cbbe551f51,CASE-00296,VIOLENT_CRIME,WITNESS_STATEMENT,STATE_02_DIST_01_PS_01,STATE_02_DIST_01,STATE_02,POLICE,CLASSIFIED,false,true,false,false,SEALED,ACTIVE,false,false,true,true,INVESTIGATION,UPDATE,false,false,MISSING,NIGHT,DEGRADED,CCTNS_STYLE_API,P-2026-05-STEP1,false,true,25a05d421798de7da95f854eb752e431fa9236fb4a3a1c8d2cb876201fdb573a
REQ-000033,2026-05-27T06:36:00Z,revoked_credential,OFF-0212,22d2f79089811df3a4aeb9a5,Head Constable,2,POLICE,STATE_01_DIST_01_PS_01,STATE_01_DIST_01,STATE_01,LOW,REVOKED,NOT_ASSIGNED,REC-000168,3247cfd0298737ce5f467ec6,CASE-00006,FINANCIAL_CRIME,FORENSIC_REPORT,STATE_01_DIST_04_PS_01,STATE_01_DIST_04,STATE_01,POLICE,MEDIUM,false,false,false,false,OPEN,ACTIVE,false,false,true,true,INVESTIGATION,VIEW,false,false,MISSING,BUSINESS_HOURS,ONLINE,CCTNS_STYLE_API,P-2026-05-STEP1,false,true,e0cb2d4973e8a938b432fe564e13ce92e3ff88c1cb1badd2b493e847595627bd
REQ-000034,2026-05-27T07:56:00Z,emergency_override,OFF-0163,7ee6e3366f554e7379c63997,Head Constable,2,POLICE,STATE_01_DIST_01_PS_02,STATE_01_DIST_01,STATE_01,LOW,ACTIVE,NOT_ASSIGNED,REC-000751,efb1f48ed439503d51e29577,CASE-00097,CYBER_FRAUD,VICTIM_RECORD,STATE_01_DIST_02_PS_01,STATE_01_DIST_02,STATE_01,POLICE,CLASSIFIED,true,false,false,false,OPEN,UNDER_REVIEW,false,false,true,true,EMERGENCY_RESPONSE,VIEW,true,false,MISSING,BUSINESS_HOURS,ONLINE,CCTNS_STYLE_API,P-2026-05-STEP1,false,true,219ea2c9ffdbaa09fed88288f887d54ec1ca82f133e6e3a0ffbb1b698a3c75df
REQ-000035,2026-05-27T06:25:00Z,stale_case_assignment,OFF-0066,a07f98edb4eac55d9fa73ffe,Sub-Inspector,3,POLICE,STATE_01_DIST_01_PS_02,STATE_01_DIST_01,STATE_01,MEDIUM,ACTIVE,STALE,REC-000047,fb9b68002468d3dcf43099d5,CASE-00205,VIOLENT_CRIME,COURT_SUBMISSION,STATE_01_DIST_01_PS_02,STATE_01_DIST_01,STATE_01,POLICE,MEDIUM,false,false,false,false,SEALED,ACTIVE,true,true,true,false,INVESTIGATION,VIEW,false,false,MISSING,BUSINESS_HOURS,ONLINE,ICJS_STYLE_EXCHANGE,P-2026-05-STEP1,false,true,5bd0be82b7a2a4b1b8dc03747cb224bcce7e06489ba048fc2f43ebdc5f3d883b
REQ-000036,2026-05-27T01:12:00Z,random_context,OFF-0035,6d2396ea39d60a2c9554602a,Senior Superintendent,6,POLICE,STATE_01_DIST_04_PS_02,STATE_01_DIST_04,STATE_01,CLASSIFIED,ACTIVE,NOT_ASSIGNED,REC-000794,949e9506f350533dfbd08052,CASE-00018,NARCOTICS,VICTIM_RECORD,STATE_01_DIST_04_PS_01,STATE_01_DIST_04,STATE_01,POLICE,HIGH,true,false,false,false,OPEN,ACTIVE,false,true,true,false,AUDIT,SHARE,false,false,PRESENT_VALID,AFTER_HOURS,ONLINE,ICJS_STYLE_EXCHANGE,P-2026-05-STEP1,false,true,8ad919a2bdc8b734d0d3989fd721c83f0a687c59816eab618bd2feed5eddc95a
REQ-000037,2026-05-27T07:24:00Z,revoked_credential,OFF-0189,0f5e28fd8c1c5a758d17ef19,Inspector,4,POLICE,STATE_01_DIST_01_PS_03,STATE_01_DIST_01,STATE_01,MEDIUM,REVOKED,NOT_ASSIGNED,REC-000365,df2072e9cce45f58ab9712de,CASE-00155,GENERAL_THEFT,EVIDENCE_MEDIA,STATE_02_DIST_04_PS_03,STATE_02_DIST_04,STATE_02,POLICE,CLASSIFIED,false,false,false,true,SEALED,ARCHIVED,false,false,false,true,INVESTIGATION,UPDATE,false,false,MISSING,AFTER_HOURS,ONLINE,MANUAL_ESCALATION,P-2026-05-STEP1,false,true,b48ad164967636bb59a386845aa786b88193ca0b24572a705a8405df2886e775
REQ-000038,2026-05-27T04:26:00Z,cross_jurisdiction_sensitive,OFF-0210,4150a8ceaba40e213683ea41,Forensic Officer,4,FORENSIC,STATE_01_DIST_02_PS_03,STATE_01_DIST_02,STATE_01,HIGH,ACTIVE,NOT_ASSIGNED,REC-000161,7e0c15c3eb220242db7d7d2b,CASE-00108,JUVENILE_PROTECTION,JUVENILE_RECORD,STATE_03_DIST_03_PS_01,STATE_03_DIST_03,STATE_03,POLICE,CLASSIFIED,false,false,true,false,OPEN,UNDER_REVIEW,false,false,false,true,FORENSIC_REVIEW,VIEW,false,false,PRESENT_VALID,BUSINESS_HOURS,ONLINE,MANUAL_ESCALATION,P-2026-05-STEP1,false,true,b17a1909ba2214d8c6b6ad8de40c3f7d1045bb6dce3f8ec5c931916e8b0786fb
REQ-000039,2026-05-27T11:03:00Z,stale_case_assignment,OFF-0076,ce1b63fb3ee51890894fc213,Station House Officer,5,POLICE,STATE_03_DIST_02_PS_03,STATE_03_DIST_02,STATE_03,HIGH,ACTIVE,STALE,REC-000707,d54e59d1e5b8752743ec8dd1,CASE-00301,JUVENILE_PROTECTION,WITNESS_STATEMENT,STATE_01_DIST_02_PS_02,STATE_01_DIST_02,STATE_01,POLICE,HIGH,false,true,true,false,OPEN,ACTIVE,false,false,false,true,INVESTIGATION,VIEW,false,false,MISSING,AFTER_HOURS,ONLINE,CCTNS_STYLE_API,P-2026-05-STEP1,false,true,d276467d97b7394e8e7075f4b054641874c01ef197830cf18c7deee6a0474005
REQ-000040,2026-05-27T11:20:00Z,expired_approval_token,OFF-0178,2be0332c4385b770ea00150b,Constable,1,POLICE,STATE_03_DIST_03_PS_02,STATE_03_DIST_03,STATE_03,LOW,ACTIVE,NOT_ASSIGNED,REC-000449,5cffb8dc75d9d131aa574db1,CASE-00335,MISSING_PERSON,CASE_DIARY,STATE_01_DIST_02_PS_02,STATE_01_DIST_02,STATE_01,POLICE,HIGH,false,false,false,false,OPEN,ARCHIVED,false,false,false,true,PROSECUTION_REVIEW,UPDATE,false,false,EXPIRED,BUSINESS_HOURS,ONLINE,MANUAL_ESCALATION,P-2026-05-STEP1,false,true,821d0d558231d5936e1d1eb5dd85605585a815f7fa01828c3bc1c0f2cfab2eb1
REQ-000041,2026-05-27T03:25:00Z,emergency_override,OFF-0050,1df1233ec54fa0732a43c292,Inspector,4,POLICE,STATE_02_DIST_04_PS_01,STATE_02_DIST_04,STATE_02,MEDIUM,ACTIVE,NOT_ASSIGNED,REC-000562,b760b5f5e5ffe285faca1c7b,CASE-00323,VIOLENT_CRIME,VICTIM_RECORD,STATE_01_DIST_01_PS_03,STATE_01_DIST_01,STATE_01,POLICE,HIGH,true,false,false,false,OPEN,ACTIVE,false,false,false,true,EMERGENCY_RESPONSE,VIEW,true,false,MISSING,BUSINESS_HOURS,ONLINE,CCTNS_STYLE_API,P-2026-05-STEP1,false,true,c83b051ff0e51d54db6fcaa7912f5afd72436f25286a86af5352f39e5d2b6d32
REQ-000042,2026-05-27T03:30:00Z,juvenile_sensitive,OFF-0011,84a9b6fb8d6efe7cd09043f6,Inspector,4,POLICE,STATE_02_DIST_02_PS_02,STATE_02_DIST_02,STATE_02,MEDIUM,ACTIVE,NOT_ASSIGNED,REC-000490,cccc11295402cd9a4c3a9b77,CASE-00298,NARCOTICS,JUVENILE_RECORD,STATE_03_DIST_01_PS_03,STATE_03_DIST_01,STATE_03,POLICE,CLASSIFIED,false,false,true,false,OPEN,ACTIVE,false,false,false,true,INVESTIGATION,VIEW,false,false,MISSING,BUSINESS_HOURS,ONLINE,CCTNS_STYLE_API,P-2026-05-STEP1,false,true,7cca38ccbb657b778e54cb4ab84dd98ffd9c2bbef63692914262a4fc4e66082a
REQ-000043,2026-05-27T07:53:00Z,expired_approval_token,OFF-0079,769c0f71f92a8b49e252746c,Cybercrime Officer,4,CYBERCRIME,STATE_03_DIST_02_PS_01,STATE_03_DIST_02,STATE_03,HIGH,ACTIVE,NOT_ASSIGNED,REC-000505,514216f8601919c64b5e89c6,CASE-00233,FINANCIAL_CRIME,VICTIM_RECORD,STATE_03_DIST_04_PS_03,STATE_03_DIST_04,STATE_03,POLICE,CLASSIFIED,true,false,false,false,OPEN,ACTIVE,false,false,true,true,PROSECUTION_REVIEW,VIEW,false,false,EXPIRED,BUSINESS_HOURS,ONLINE,MANUAL_ESCALATION,P-2026-05-STEP1,false,true,10ca51239e743c4ac2ec78d9c227e63c6b0b7c42ca639881ec630d9d5f208ef8
REQ-000044,2026-05-27T09:32:00Z,court_request,OFF-0030,02df4864bc93f0037e94de95,Sub-Inspector,3,POLICE,STATE_01_DIST_02_PS_01,STATE_01_DIST_02,STATE_01,MEDIUM,ACTIVE,NOT_ASSIGNED,REC-000319,7f8d75d5e84837c062754102,CASE-00279,JUVENILE_PROTECTION,CYBERCRIME_COMPLAINT,STATE_02_DIST_04_PS_03,STATE_02_DIST_04,STATE_02,POLICE,CLASSIFIED,false,false,true,false,OPEN,ACTIVE,false,false,false,true,PROSECUTION_REVIEW,VIEW,false,true,PRESENT_VALID,AFTER_HOURS,ONLINE,CCTNS_STYLE_API,P-2026-05-STEP1,false,true,4197079bbc62cb463b5d53ddd0f0eea906041da81b1d7421e5ab6184f83beec9
REQ-000045,2026-05-27T01:30:00Z,normal_in_jurisdiction,OFF-0149,816d13ffa68e60a160c3810f,Cybercrime Officer,4,CYBERCRIME,STATE_03_DIST_02_PS_03,STATE_03_DIST_02,STATE_03,HIGH,ACTIVE,ASSIGNED,REC-000645,3d33aeac9a024f9da6d7ccf9,CASE-00235,WOMEN_CHILD_SAFETY,VICTIM_RECORD,STATE_03_DIST_02_PS_03,STATE_03_DIST_02,STATE_03,POLICE,MEDIUM,true,false,false,false,OPEN,ACTIVE,true,true,true,false,INVESTIGATION,VIEW,false,false,NOT_REQUIRED,BUSINESS_HOURS,ONLINE,MANUAL_ESCALATION,P-2026-05-STEP1,false,true,846880c52eb827d9c676ba017fd89fa509b7b6a5d885a2849091017d564c9dee
REQ-000046,2026-05-27T06:08:00Z,emergency_override,OFF-0042,4bdedd9e1ddefe7a1e6434d1,Station House Officer,5,POLICE,STATE_01_DIST_01_PS_03,STATE_01_DIST_01,STATE_01,HIGH,ACTIVE,NOT_ASSIGNED,REC-000730,3e8026e6986a08be7ea67710,CASE-00342,NARCOTICS,FORENSIC_REPORT,STATE_02_DIST_02_PS_03,STATE_02_DIST_02,STATE_02,POLICE,HIGH,false,false,false,false,SEALED,ACTIVE,false,false,false,true,EMERGENCY_RESPONSE,VIEW,true,false,PRESENT_VALID,BUSINESS_HOURS,ONLINE,MANUAL_ESCALATION,P-2026-05-STEP1,false,true,b4d695747db21a072b00eeeb5770b57fbc29e1ba76274580d3bdc78f1619119e
REQ-000047,2026-05-27T06:16:00Z,cross_jurisdiction_sensitive,OFF-0144,426f43bdc9c73b5f3d8480a4,Inspector,4,POLICE,STATE_02_DIST_04_PS_02,STATE_02_DIST_04,STATE_02,MEDIUM,ACTIVE,NOT_ASSIGNED,REC-000454,08885d987fd222a58c5328a3,CASE-00333,FINANCIAL_CRIME,FORENSIC_REPORT,STATE_01_DIST_04_PS_02,STATE_01_DIST_04,STATE_01,POLICE,CLASSIFIED,false,false,false,false,SEALED,ARCHIVED,false,false,false,true,SUPERVISION,VIEW,false,false,MISSING,BUSINESS_HOURS,DEGRADED,ICJS_STYLE_EXCHANGE,P-2026-05-STEP1,false,true,42efe6195ebda213f179e1847b45336b1b50444ddb627fe2160e000a886e826c
REQ-000048,2026-05-27T12:48:00Z,normal_in_jurisdiction,OFF-0093,9764196f496c1b6c2299d105,Inspector,4,POLICE,STATE_01_DIST_04_PS_02,STATE_01_DIST_04,STATE_01,MEDIUM,ACTIVE,ASSIGNED,REC-000740,c36ad04b5ef75b66d4db8068,CASE-00322,WOMEN_CHILD_SAFETY,COURT_SUBMISSION,STATE_01_DIST_04_PS_02,STATE_01_DIST_04,STATE_01,POLICE,MEDIUM,true,false,false,false,OPEN,ACTIVE,true,true,true,false,INVESTIGATION,VIEW,false,false,NOT_REQUIRED,AFTER_HOURS,ONLINE,ICJS_STYLE_EXCHANGE,P-2026-05-STEP1,false,true,c811f98556f095d194bd9e8a9ff6d7e8c7906eb5bcc3fe3af453b9735a8f5774
REQ-000049,2026-05-27T04:54:00Z,stale_case_assignment,OFF-0008,f7c9b924c136028c31a62c8c,Inspector,4,POLICE,STATE_03_DIST_03_PS_03,STATE_03_DIST_03,STATE_03,MEDIUM,ACTIVE,STALE,REC-000445,673ba424a3a4663dda643f8d,CASE-00027,FINANCIAL_CRIME,CYBERCRIME_COMPLAINT,STATE_02_DIST_03_PS_03,STATE_02_DIST_03,STATE_02,POLICE,HIGH,false,false,false,false,OPEN,ACTIVE,false,false,false,true,INVESTIGATION,SHARE,false,false,MISSING,BUSINESS_HOURS,ONLINE,MANUAL_ESCALATION,P-2026-05-STEP1,false,true,f93852f9ed90e730760f3f331d2bf6efab7e85d20beece759918c0dc1c931d65
REQ-000050,2026-05-27T13:20:00Z,cross_jurisdiction_sensitive,OFF-0126,73518b37a439a4d90b18903d,Constable,1,POLICE,STATE_02_DIST_01_PS_01,STATE_02_DIST_01,STATE_02,LOW,ACTIVE,NOT_ASSIGNED,REC-000302,480dd8d22c5fc6cb6b711fb3,CASE-00194,JUVENILE_PROTECTION,COURT_SUBMISSION,STATE_03_DIST_04_PS_02,STATE_03_DIST_04,STATE_03,POLICE,MEDIUM,false,false,true,false,OPEN,ACTIVE,false,false,false,true,INVESTIGATION,VIEW,false,false,MISSING,BUSINESS_HOURS,ONLINE,MANUAL_ESCALATION,P-2026-05-STEP1,false,true,e79287c47ed28785db37f59cc09beacd4aeea94776e5cbb9f8706d65601c1674
REQ-000051,2026-05-27T09:21:00Z,normal_in_jurisdiction,OFF-0184,c0fc3111ae7a563a9f54250e,Inspector,4,POLICE,STATE_03_DIST_04_PS_02,STATE_03_DIST_04,STATE_03,MEDIUM,ACTIVE,NOT_ASSIGNED,REC-000853,f00953fe3c0b73fa1844aab5,CASE-00186,MISSING_PERSON,FORENSIC_REPORT,STATE_01_DIST_02_PS_01,STATE_01_DIST_02,STATE_01,POLICE,HIGH,false,false,false,false,OPEN,UNDER_REVIEW,false,false,false,true,INVESTIGATION,VIEW,false,false,NOT_REQUIRED,BUSINESS_HOURS,DEGRADED,ICJS_STYLE_EXCHANGE,P-2026-05-STEP1,false,true,8f53171307a19bad5b9482edf9650495c307bea28d96ef963e6438b8d0e84468
REQ-000052,2026-05-27T14:44:00Z,normal_in_jurisdiction,OFF-0143,116125532167435d32c323d1,Constable,1,POLICE,STATE_01_DIST_02_PS_01,STATE_01_DIST_02,STATE_01,LOW,ACTIVE,ASSIGNED,REC-000630,5735e1f43cfb1d05ceef90b4,CASE-00281,NARCOTICS,CYBERCRIME_COMPLAINT,STATE_01_DIST_02_PS_01,STATE_01_DIST_02,STATE_01,POLICE,MEDIUM,false,false,false,false,OPEN,ACTIVE,true,true,true,false,INVESTIGATION,VIEW,false,false,NOT_REQUIRED,NIGHT,ONLINE,ICJS_STYLE_EXCHANGE,P-2026-05-STEP1,false,true,1b6cd2b01467d84848c6229c9bea7bcc5f7fd9d70d93babad81d63a77315bbd1
REQ-000053,2026-05-27T11:29:00Z,sealed_record,OFF-0024,c5766246d7388485ac5c149e,Sub-Inspector,3,POLICE,STATE_02_DIST_01_PS_01,STATE_02_DIST_01,STATE_02,MEDIUM,ACTIVE,NOT_ASSIGNED,REC-000040,88b72e520b29734a6950a1ba,CASE-00181,CYBER_FRAUD,JUVENILE_RECORD,STATE_01_DIST_01_PS_03,STATE_01_DIST_01,STATE_01,POLICE,HIGH,false,false,true,false,SEALED,UNDER_REVIEW,false,false,false,true,INVESTIGATION,VIEW,false,false,PRESENT_VALID,BUSINESS_HOURS,ONLINE,CCTNS_STYLE_API,P-2026-05-STEP1,false,true,5754222c03e3f7cb308f0e0ff421ad32dbc1ee941b4d2ae756a0073c0d5be954
REQ-000054,2026-05-27T09:54:00Z,normal_in_jurisdiction,OFF-0046,ceb8bb971ba08b4df678d1fa,Forensic Officer,4,FORENSIC,STATE_01_DIST_02_PS_03,STATE_01_DIST_02,STATE_01,HIGH,ACTIVE,ASSIGNED,REC-000214,1253146d42ebe28929ff60a9,CASE-00093,FINANCIAL_CRIME,COURT_SUBMISSION,STATE_01_DIST_02_PS_03,STATE_01_DIST_02,STATE_01,POLICE,MEDIUM,false,false,false,false,OPEN,ACTIVE,true,true,true,false,INVESTIGATION,VIEW,false,false,NOT_REQUIRED,AFTER_HOURS,ONLINE,MANUAL_ESCALATION,P-2026-05-STEP1,false,true,b0989401963c6ddc14691c6a2d88cc47cd91cf16690953db10587e23c9200e81
REQ-000055,2026-05-27T12:50:00Z,expired_approval_token,OFF-0044,e35d3d5ab37a57023a757cf4,Station House Officer,5,POLICE,STATE_01_DIST_04_PS_03,STATE_01_DIST_04,STATE_01,HIGH,ACTIVE,NOT_ASSIGNED,REC-000034,9917dc83548405dcdfa48501,CASE-00128,FINANCIAL_CRIME,CYBERCRIME_COMPLAINT,STATE_01_DIST_01_PS_01,STATE_01_DIST_01,STATE_01,POLICE,MEDIUM,false,false,false,false,SEALED,ACTIVE,false,false,true,true,FORENSIC_REVIEW,VIEW,false,false,EXPIRED,BUSINESS_HOURS,ONLINE,ICJS_STYLE_EXCHANGE,P-2026-05-STEP1,false,true,31d24ebe6fcba077fb487d4acb6bcaf96c032d6dbdac465b44e68394560c1ed9
REQ-000056,2026-05-27T11:12:00Z,court_request,OFF-0011,84a9b6fb8d6efe7cd09043f6,Inspector,4,POLICE,STATE_02_DIST_02_PS_02,STATE_02_DIST_02,STATE_02,MEDIUM,ACTIVE,NOT_ASSIGNED,REC-000253,201c9d891198d8110e40a60a,CASE-00165,FINANCIAL_CRIME,CYBERCRIME_COMPLAINT,STATE_02_DIST_03_PS_01,STATE_02_DIST_03,STATE_02,POLICE,HIGH,false,false,false,false,OPEN,ACTIVE,false,false,true,true,PROSECUTION_REVIEW,VIEW,false,true,PRESENT_VALID,NIGHT,ONLINE,MANUAL_ESCALATION,P-2026-05-STEP1,false,true,3d856334fb805151400e1f559bfafadccaf84bee147278c89ee85eb73e4ce7ee
REQ-000057,2026-05-27T16:09:00Z,sealed_record,OFF-0036,d3ba9e82379b9a1fa09b884a,Constable,1,POLICE,STATE_03_DIST_03_PS_02,STATE_03_DIST_03,STATE_03,LOW,ACTIVE,NOT_ASSIGNED,REC-000333,4aed89da6d83f2b742f3ba9e,CASE-00023,NARCOTICS,CASE_DIARY,STATE_01_DIST_02_PS_03,STATE_01_DIST_02,STATE_01,POLICE,CLASSIFIED,false,false,false,false,SEALED,ACTIVE,false,false,false,true,COURT_PRODUCTION,VIEW,false,true,MISSING,BUSINESS_HOURS,ONLINE,MANUAL_ESCALATION,P-2026-05-STEP1,false,true,5de61494b6a87c0423fc19377feeaa5d9b7b6a2586d8f6145abc4f857e66c779
REQ-000058,2026-05-27T04:50:00Z,revoked_credential,OFF-0212,22d2f79089811df3a4aeb9a5,Head Constable,2,POLICE,STATE_01_DIST_01_PS_01,STATE_01_DIST_01,STATE_01,LOW,REVOKED,NOT_ASSIGNED,REC-000639,7ab3e40f2a90e61c28933d11,CASE-00156,FINANCIAL_CRIME,FORENSIC_REPORT,STATE_02_DIST_02_PS_01,STATE_02_DIST_02,STATE_02,POLICE,CLASSIFIED,false,false,false,false,OPEN,ACTIVE,false,false,false,true,AUDIT,VIEW,false,false,MISSING,BUSINESS_HOURS,ONLINE,MANUAL_ESCALATION,P-2026-05-STEP1,false,true,5482399132216bacadbb23141cfdca60a9a2b75800ea7b23ca98eb4341035cf8
REQ-000059,2026-05-27T05:54:00Z,cross_jurisdiction_sensitive,OFF-0091,516e122c203e5dd62fd9ee93,Sub-Inspector,3,POLICE,STATE_02_DIST_01_PS_02,STATE_02_DIST_01,STATE_02,MEDIUM,ACTIVE,NOT_ASSIGNED,REC-000812,7b291ea97b660dc95e52b341,CASE-00088,JUVENILE_PROTECTION,COURT_SUBMISSION,STATE_02_DIST_04_PS_01,STATE_02_DIST_04,STATE_02,POLICE,MEDIUM,false,false,true,false,OPEN,ACTIVE,false,false,true,true,INVESTIGATION,VIEW,false,false,MISSING,BUSINESS_HOURS,ONLINE,CCTNS_STYLE_API,P-2026-05-STEP1,false,true,a46e96c685ccb9f683685584755bb12e6d1a1e6fccd041ad52401066ffa93a30
REQ-000060,2026-05-27T11:00:00Z,court_request,OFF-0080,8d450ebb6d2a4135d240f974,Station House Officer,5,POLICE,STATE_01_DIST_04_PS_03,STATE_01_DIST_04,STATE_01,HIGH,ACTIVE,NOT_ASSIGNED,REC-000389,c02c0ee944942d75bb6e6167,CASE-00214,FINANCIAL_CRIME,CASE_DIARY,STATE_03_DIST_02_PS_01,STATE_03_DIST_02,STATE_03,POLICE,HIGH,false,false,false,false,OPEN,ACTIVE,false,false,false,true,COURT_PRODUCTION,DOWNLOAD,false,true,PRESENT_VALID,BUSINESS_HOURS,STATION_NODE_DOWN,MANUAL_ESCALATION,P-2026-05-STEP1,false,true,dc34cfa6b5bc9e08e85ff733a9f559fd40fb1df15fbba7c41a06605465916c27
REQ-000061,2026-05-27T08:08:00Z,stale_case_assignment,OFF-0216,63cd4d5013242ca51327d961,Sub-Inspector,3,POLICE,STATE_02_DIST_04_PS_02,STATE_02_DIST_04,STATE_02,MEDIUM,ACTIVE,STALE,REC-000408,c27231d6450095869ad898ec,CASE-00341,CYBER_FRAUD,CASE_DIARY,STATE_03_DIST_04_PS_02,STATE_03_DIST_04,STATE_03,POLICE,MEDIUM,false,false,false,false,OPEN,UNDER_REVIEW,false,false,false,true,INVESTIGATION,VIEW,false,false,MISSING,AFTER_HOURS,ONLINE,MANUAL_ESCALATION,P-2026-05-STEP1,false,true,d868e4f70da0d180bc066312f045c75349abe17b7089b94379ac98a1791b9936
REQ-000062,2026-05-27T17:34:00Z,cross_jurisdiction_sensitive,OFF-0152,f30bb583158115d6451ff1ba,Cybercrime Officer,4,CYBERCRIME,STATE_02_DIST_04_PS_03,STATE_02_DIST_04,STATE_02,HIGH,ACTIVE,NOT_ASSIGNED,REC-000540,4f004fd6ecff230b24cb85ac,CASE-00193,JUVENILE_PROTECTION,COURT_SUBMISSION,STATE_03_DIST_03_PS_01,STATE_03_DIST_03,STATE_03,POLICE,MEDIUM,false,false,true,false,OPEN,ACTIVE,false,false,false,true,SUPERVISION,VIEW,false,false,PRESENT_VALID,BUSINESS_HOURS,ONLINE,ICJS_STYLE_EXCHANGE,P-2026-05-STEP1,false,true,b99707dacbe81b9a2af24e8c2d25cd17d72e87c9aaeda6547719c3af78f79098
REQ-000063,2026-05-27T03:09:00Z,normal_in_jurisdiction,OFF-0163,7ee6e3366f554e7379c63997,Head Constable,2,POLICE,STATE_01_DIST_01_PS_02,STATE_01_DIST_01,STATE_01,LOW,ACTIVE,ASSIGNED,REC-000047,fb9b68002468d3dcf43099d5,CASE-00205,VIOLENT_CRIME,COURT_SUBMISSION,STATE_01_DIST_01_PS_02,STATE_01_DIST_01,STATE_01,POLICE,MEDIUM,false,false,false,false,SEALED,ACTIVE,true,true,true,false,INVESTIGATION,VIEW,false,false,NOT_REQUIRED,BUSINESS_HOURS,ONLINE,ICJS_STYLE_EXCHANGE,P-2026-05-STEP1,false,true,94bed75192fb4a83b0bb3ec2080b9d5b2271381172fc91ffc8e3f5b52df6880f
REQ-000064,2026-05-27T18:08:00Z,juvenile_sensitive,OFF-0229,910fbfbd952d337d55470015,Head Constable,2,POLICE,STATE_02_DIST_03_PS_03,STATE_02_DIST_03,STATE_02,LOW,ACTIVE,NOT_ASSIGNED,REC-000531,dfacd5897f32fddc86122774,CASE-00151,NARCOTICS,JUVENILE_RECORD,STATE_02_DIST_02_PS_03,STATE_02_DIST_02,STATE_02,POLICE,CLASSIFIED,false,false,true,false,OPEN,ARCHIVED,false,false,true,true,INVESTIGATION,VIEW,false,false,PRESENT_VALID,AFTER_HOURS,ONLINE,CCTNS_STYLE_API,P-2026-05-STEP1,false,true,999384e42e25490879dfee90507af61cd6ca5664c058c5d4e8c0c87c87fa7ed5
REQ-000065,2026-05-27T10:50:00Z,juvenile_sensitive,OFF-0073,7e2b88d260bb5ef29585a94e,Station House Officer,5,POLICE,STATE_01_DIST_03_PS_02,STATE_01_DIST_03,STATE_01,HIGH,ACTIVE,NOT_ASSIGNED,REC-000891,3de35c117f9aa817f83b27dd,CASE-00354,JUVENILE_PROTECTION,VICTIM_RECORD,STATE_02_DIST_01_PS_02,STATE_02_DIST_01,STATE_02,POLICE,HIGH,true,false,true,false,OPEN,ACTIVE,false,false,false,true,SUPERVISION,VIEW,false,false,PRESENT_VALID,BUSINESS_HOURS,DEGRADED,CCTNS_STYLE_API,P-2026-05-STEP1,false,true,7bde0fdb9f5295d18054a8c9eacb5739aff81cdf189a4073cc3f63d3e5ca5f0f
REQ-000066,2026-05-27T08:48:00Z,sealed_record,OFF-0148,adb77e6ea2a2edb0afc7410d,Prosecutor Liaison,4,PROSECUTION,STATE_03_DIST_02_PS_02,STATE_03_DIST_02,STATE_03,MEDIUM,ACTIVE,NOT_ASSIGNED,REC-000605,e1d51408056939f2b7fccbac,CASE-00291,JUVENILE_PROTECTION,CASE_DIARY,STATE_02_DIST_01_PS_01,STATE_02_DIST_01,STATE_02,POLICE,HIGH,false,false,true,false,SEALED,ACTIVE,false,false,false,true,INVESTIGATION,VIEW,false,false,PRESENT_VALID,AFTER_HOURS,ONLINE,CCTNS_STYLE_API,P-2026-05-STEP1,false,true,c75426bfd06b02f36422043bf09f9dd09fbbc5f81007b0eba56f0fbb9585ed5e
REQ-000067,2026-05-27T08:56:00Z,stale_case_assignment,OFF-0171,4bb363d085866d6dbe19f005,Head Constable,2,POLICE,STATE_03_DIST_02_PS_01,STATE_03_DIST_02,STATE_03,LOW,ACTIVE,STALE,REC-000287,255eef6a2a2326cbbe551f51,CASE-00296,VIOLENT_CRIME,WITNESS_STATEMENT,STATE_02_DIST_01_PS_01,STATE_02_DIST_01,STATE_02,POLICE,CLASSIFIED,false,true,false,false,SEALED,ACTIVE,false,false,false,true,INVESTIGATION,DOWNLOAD,false,false,MISSING,NIGHT,ONLINE,ICJS_STYLE_EXCHANGE,P-2026-05-STEP1,false,true,0bc415cc3b2ce36caa2c249b13d8a206c503a62b4c059b0ff6b94ec1f80db79b
REQ-000068,2026-05-27T09:04:00Z,cross_jurisdiction_sensitive,OFF-0140,f57ebd05797c0d495cf5ad8e,Senior Superintendent,6,POLICE,STATE_02_DIST_03_PS_03,STATE_02_DIST_03,STATE_02,CLASSIFIED,ACTIVE,NOT_ASSIGNED,REC-000258,e3e5b4041ee0b486122ef35b,CASE-00279,JUVENILE_PROTECTION,CASE_DIARY,STATE_02_DIST_04_PS_03,STATE_02_DIST_04,STATE_02,POLICE,HIGH,false,false,true,false,OPEN,ARCHIVED,false,false,true,true,INVESTIGATION,VIEW,false,false,MISSING,NIGHT,DEGRADED,ICJS_STYLE_EXCHANGE,P-2026-05-STEP1,false,true,7451ca7b1f91b2a4ef87485072ec3c7187a2c9e9ead541aae770ca5ee70688fa
REQ-000069,2026-05-27T17:15:00Z,juvenile_sensitive,OFF-0026,1744a4b8e7d09467e6ea7495,Sub-Inspector,3,POLICE,STATE_02_DIST_01_PS_03,STATE_02_DIST_01,STATE_02,MEDIUM,ACTIVE,NOT_ASSIGNED,REC-000869,7dbc797b2f28d09c339d0893,CASE-00013,VIOLENT_CRIME,JUVENILE_RECORD,STATE_02_DIST_01_PS_03,STATE_02_DIST_01,STATE_02,POLICE,HIGH,false,false,true,false,OPEN,ACTIVE,true,true,true,false,INVESTIGATION,VIEW,false,false,PRESENT_VALID,BUSINESS_HOURS,ONLINE,CCTNS_STYLE_API,P-2026-05-STEP1,false,true,1bedeb09e3f5b284fd6b6c333004adf36b24b81c4f9da455c73bf785d3ff7d91
REQ-000070,2026-05-27T11:40:00Z,normal_in_jurisdiction,OFF-0141,69b61a8c9ab3b270d0f7db2e,Constable,1,POLICE,STATE_03_DIST_01_PS_02,STATE_03_DIST_01,STATE_03,LOW,ACTIVE,ASSIGNED,REC-000635,9ef7805d5e451525d9e7038e,CASE-00003,VIOLENT_CRIME,FIR_SUMMARY,STATE_03_DIST_01_PS_02,STATE_03_DIST_01,STATE_03,POLICE,LOW,false,false,false,false,OPEN,ACTIVE,true,true,true,false,INVESTIGATION,VIEW,false,false,NOT_REQUIRED,BUSINESS_HOURS,ONLINE,CCTNS_STYLE_API,P-2026-05-STEP1,false,true,28f772c2c443aa5d78c6ce8fc633cdc24396d7750f3dc7723b4e7b532fcf70e7
REQ-000071,2026-05-27T16:34:00Z,cross_jurisdiction_sensitive,OFF-0045,1abb810c99dd60558b095f4d,Sub-Inspector,3,POLICE,STATE_02_DIST_01_PS_03,STATE_02_DIST_01,STATE_02,MEDIUM,ACTIVE,NOT_ASSIGNED,REC-000482,d67455c45a07a17b5f35d785,CASE-00240,CYBER_FRAUD,VICTIM_RECORD,STATE_01_DIST_01_PS_02,STATE_01_DIST_01,STATE_01,POLICE,HIGH,true,false,false,false,OPEN,ACTIVE,false,false,false,true,FORENSIC_REVIEW,VIEW,false,false,MISSING,BUSINESS_HOURS,ONLINE,ICJS_STYLE_EXCHANGE,P-2026-05-STEP1,false,true,2ab3ceeaf09a6ba4b513522a0b06dac6894793cd12b4ede7a9fd991594cfade8
REQ-000072,2026-05-27T09:36:00Z,normal_in_jurisdiction,OFF-0174,0d9d0f67e217f12f80467acf,Station House Officer,5,POLICE,STATE_02_DIST_02_PS_01,STATE_02_DIST_02,STATE_02,HIGH,ACTIVE,ASSIGNED,REC-000382,4451c095fe2e4d1a159e9e35,CASE-00176,VIOLENT_CRIME,WITNESS_STATEMENT,STATE_02_DIST_02_PS_01,STATE_02_DIST_02,STATE_02,POLICE,MEDIUM,false,true,false,false,OPEN,ACTIVE,true,true,true,false,INVESTIGATION,VIEW,false,false,NOT_REQUIRED,NIGHT,DEGRADED,ICJS_STYLE_EXCHANGE,P-2026-05-STEP1,false,true,f848662bc2039619d77e958c1ee1a870e284b565d8ae7a6ae48c0be474a5ff2d
REQ-000073,2026-05-27T14:36:00Z,revoked_credential,OFF-0196,d60f48d22e03c3316a18fa6d,Inspector,4,POLICE,STATE_01_DIST_03_PS_01,STATE_01_DIST_03,STATE_01,MEDIUM,REVOKED,NOT_ASSIGNED,REC-000712,f6d31e1673c73f753e7204d6,CASE-00199,WOMEN_CHILD_SAFETY,FIR_SUMMARY,STATE_01_DIST_04_PS_01,STATE_01_DIST_04,STATE_01,POLICE,HIGH,true,false,false,false,SEALED,ARCHIVED,false,false,true,true,INVESTIGATION,VIEW,false,false,MISSING,AFTER_HOURS,ONLINE,ICJS_STYLE_EXCHANGE,P-2026-05-STEP1,false,true,8a7dda53c4a20090aeabb099fd3977a3c79c699c4515acff15f4dfd40a57073b
REQ-000074,2026-05-27T06:10:00Z,juvenile_sensitive,OFF-0180,8d48fc84d688aabaae7c6986,Sub-Inspector,3,POLICE,STATE_01_DIST_04_PS_02,STATE_01_DIST_04,STATE_01,MEDIUM,ACTIVE,NOT_ASSIGNED,REC-000821,103411f419260d94e9a6d3cc,CASE-00022,JUVENILE_PROTECTION,WITNESS_STATEMENT,STATE_01_DIST_02_PS_02,STATE_01_DIST_02,STATE_01,POLICE,HIGH,false,true,true,false,OPEN,UNDER_REVIEW,false,false,true,true,SUPERVISION,VIEW,false,false,MISSING,BUSINESS_HOURS,ONLINE,MANUAL_ESCALATION,P-2026-05-STEP1,false,true,9c5d8f28730732025eb5c8edcb6edebb6b67624c1fdcace4700c797487aae6b9
REQ-000075,2026-05-27T17:30:00Z,sealed_record,OFF-0239,cef54734e093447c3864ede7,Station House Officer,5,POLICE,STATE_02_DIST_01_PS_02,STATE_02_DIST_01,STATE_02,HIGH,ACTIVE,NOT_ASSIGNED,REC-000336,aa4f11dd4800719359ec7aa1,CASE-00254,WOMEN_CHILD_SAFETY,FORENSIC_REPORT,STATE_01_DIST_02_PS_03,STATE_01_DIST_02,STATE_01,POLICE,CLASSIFIED,true,false,false,false,SEALED,ACTIVE,false,false,false,true,COURT_PRODUCTION,VIEW,false,true,PRESENT_VALID,AFTER_HOURS,ONLINE,MANUAL_ESCALATION,P-2026-05-STEP1,false,true,b3747c7dac7cc71bd2e225ca28b4793c67ccedc30762dee734ef030d495efd9f
REQ-000076,2026-05-27T06:20:00Z,court_request,OFF-0156,5f299dc3f248e4c74232aab4,Constable,1,POLICE,STATE_01_DIST_01_PS_03,STATE_01_DIST_01,STATE_01,LOW,ACTIVE,NOT_ASSIGNED,REC-000570,bbe429bf8ae90c1182e92d2e,CASE-00272,CYBER_FRAUD,WITNESS_STATEMENT,STATE_02_DIST_03_PS_01,STATE_02_DIST_03,STATE_02,POLICE,HIGH,false,true,false,false,OPEN,ARCHIVED,false,false,false,true,COURT_PRODUCTION,VIEW,false,true,PRESENT_VALID,BUSINESS_HOURS,ONLINE,MANUAL_ESCALATION,P-2026-05-STEP1,false,true,727bb68c81e61d37e41e4e8db77bc6fc9b1740255bcbd7311e3e3a80235b32e5
REQ-000077,2026-05-27T07:42:00Z,random_context,OFF-0215,61fb1f33fe73b6361966f242,Constable,1,POLICE,STATE_03_DIST_01_PS_02,STATE_03_DIST_01,STATE_03,LOW,ACTIVE,NOT_ASSIGNED,REC-000638,cc5ab6510e3654ea9af3370f,CASE-00280,VIOLENT_CRIME,JUVENILE_RECORD,STATE_01_DIST_01_PS_02,STATE_01_DIST_01,STATE_01,POLICE,CLASSIFIED,false,false,true,false,OPEN,ARCHIVED,false,false,false,true,FORENSIC_REVIEW,VIEW,false,false,NOT_REQUIRED,AFTER_HOURS,ONLINE,ICJS_STYLE_EXCHANGE,P-2026-05-STEP1,false,true,fb6baef28ec40964ca4ffab044da209f8f0167816b3ca80f92ce70b3383411ff
REQ-000078,2026-05-27T03:54:00Z,court_request,OFF-0185,30e751c660922e5216d51c20,Inspector,4,POLICE,STATE_01_DIST_02_PS_02,STATE_01_DIST_02,STATE_01,MEDIUM,ACTIVE,ASSIGNED,REC-000304,239e7251c7efe936aa3f69a3,CASE-00026,CYBER_FRAUD,JUVENILE_RECORD,STATE_01_DIST_02_PS_02,STATE_01_DIST_02,STATE_01,POLICE,CLASSIFIED,false,false,true,false,OPEN,ARCHIVED,true,true,true,false,PROSECUTION_REVIEW,VIEW,false,true,PRESENT_VALID,BUSINESS_HOURS,ONLINE,CCTNS_STYLE_API,P-2026-05-STEP1,false,true,8110865a864f6b7c36599b984cf3435a03e113f2b7976154bc0fdc926576fac2
REQ-000079,2026-05-27T13:10:00Z,sealed_record,OFF-0101,3d428018fa91d9e32fcf8296,Inspector,4,POLICE,STATE_01_DIST_01_PS_02,STATE_01_DIST_01,STATE_01,MEDIUM,ACTIVE,NOT_ASSIGNED,REC-000336,aa4f11dd4800719359ec7aa1,CASE-00254,WOMEN_CHILD_SAFETY,FORENSIC_REPORT,STATE_01_DIST_02_PS_03,STATE_01_DIST_02,STATE_01,POLICE,CLASSIFIED,true,false,false,false,SEALED,ACTIVE,false,false,true,true,COURT_PRODUCTION,VIEW,false,true,MISSING,BUSINESS_HOURS,ONLINE,MANUAL_ESCALATION,P-2026-05-STEP1,false,true,c69b5057e2a366e8f8f4038adf46c48c90cfb6707d74c8772fc95686c275779b
REQ-000080,2026-05-27T22:40:00Z,normal_in_jurisdiction,OFF-0174,0d9d0f67e217f12f80467acf,Station House Officer,5,POLICE,STATE_02_DIST_02_PS_01,STATE_02_DIST_02,STATE_02,HIGH,ACTIVE,ASSIGNED,REC-000806,d44d8c2e89a75cde0e441ceb,CASE-00190,CYBER_FRAUD,COURT_SUBMISSION,STATE_02_DIST_02_PS_01,STATE_02_DIST_02,STATE_02,POLICE,MEDIUM,false,false,false,false,OPEN,ACTIVE,true,true,true,false,INVESTIGATION,VIEW,false,false,NOT_REQUIRED,BUSINESS_HOURS,ONLINE,CCTNS_STYLE_API,P-2026-05-STEP1,false,true,cbf04c0e69a485a4fc8c087b980142a4c00205b2b578323276e76c616f4d8b65
REQ-000081,2026-05-27T17:33:00Z,revoked_credential,OFF-0007,934e26f772b73b1d824939e2,Head Constable,2,POLICE,STATE_01_DIST_03_PS_03,STATE_01_DIST_03,STATE_01,LOW,REVOKED,NOT_ASSIGNED,REC-000396,34b21675c93019fd5a4c0262,CASE-00121,VIOLENT_CRIME,FIR_SUMMARY,STATE_03_DIST_03_PS_01,STATE_03_DIST_03,STATE_03,POLICE,LOW,false,false,false,false,OPEN,ACTIVE,false,false,false,true,AUDIT,VIEW,false,false,MISSING,BUSINESS_HOURS,ONLINE,ICJS_STYLE_EXCHANGE,P-2026-05-STEP1,false,true,a564ac7164551d544c727db166977b7cc0dfcf16764d721b1b8eb58df9f5d5a6
REQ-000082,2026-05-27T08:12:00Z,random_context,OFF-0115,6aacb3c44032122c078cc506,Forensic Officer,4,FORENSIC,STATE_01_DIST_04_PS_02,STATE_01_DIST_04,STATE_01,HIGH,ACTIVE,NOT_ASSIGNED,REC-000575,b18bf580b9222d64b5f00c0a,CASE-00013,VIOLENT_CRIME,CASE_DIARY,STATE_02_DIST_01_PS_03,STATE_02_DIST_01,STATE_02,POLICE,HIGH,false,false,false,false,OPEN,ARCHIVED,false,false,false,true,SUPERVISION,DOWNLOAD,false,false,NOT_REQUIRED,BUSINESS_HOURS,ONLINE,ICJS_STYLE_EXCHANGE,P-2026-05-STEP1,false,true,f721ad5a8656d0661674bcd02c4d4afed19d2d5ac3440da56be3910cb8c5d292
REQ-000083,2026-05-27T11:04:00Z,normal_in_jurisdiction,OFF-0121,e35de54e8ce29e22aa4fb84d,Constable,1,POLICE,STATE_01_DIST_04_PS_03,STATE_01_DIST_04,STATE_01,LOW,ACTIVE,NOT_ASSIGNED,REC-000285,9628ec353c72a2aa57abba92,CASE-00243,CYBER_FRAUD,CYBERCRIME_COMPLAINT,STATE_02_DIST_01_PS_01,STATE_02_DIST_01,STATE_02,POLICE,HIGH,false,false,false,false,OPEN,ACTIVE,false,false,false,true,INVESTIGATION,VIEW,false,false,NOT_REQUIRED,AFTER_HOURS,DEGRADED,ICJS_STYLE_EXCHANGE,P-2026-05-STEP1,false,true,75318eee27583cfe20d454c2beec02cde5dee063852e8dc8f58e84e97869cff6
REQ-000084,2026-05-27T18:12:00Z,random_context,OFF-0127,6b0d84a1d858aa1335aacb1b,Constable,1,POLICE,STATE_02_DIST_01_PS_01,STATE_02_DIST_01,STATE_02,LOW,ACTIVE,NOT_ASSIGNED,REC-000735,1aa08103e3c7e97cf82499a7,CASE-00351,CYBER_FRAUD,VICTIM_RECORD,STATE_01_DIST_04_PS_02,STATE_01_DIST_04,STATE_01,POLICE,HIGH,true,false,false,false,OPEN,ARCHIVED,false,false,false,true,PROSECUTION_REVIEW,VIEW,false,false,PRESENT_VALID,BUSINESS_HOURS,ONLINE,ICJS_STYLE_EXCHANGE,P-2026-05-STEP1,false,true,032583a87d5f5be235b19f5b414a61278433b98b9962390ceca2c9543a75fa96
REQ-000085,2026-05-27T18:25:00Z,sealed_record,OFF-0146,59518bd254aa8c0d0b7a139c,Sub-Inspector,3,POLICE,STATE_02_DIST_03_PS_03,STATE_02_DIST_03,STATE_02,MEDIUM,ACTIVE,NOT_ASSIGNED,REC-000365,df2072e9cce45f58ab9712de,CASE-00155,GENERAL_THEFT,EVIDENCE_MEDIA,STATE_02_DIST_04_PS_03,STATE_02_DIST_04,STATE_02,POLICE,CLASSIFIED,false,false,false,true,SEALED,ARCHIVED,false,false,true,true,PROSECUTION_REVIEW,VIEW,false,true,MISSING,BUSINESS_HOURS,ONLINE,CCTNS_STYLE_API,P-2026-05-STEP1,false,true,3beac8639377ab4a8b4b71097cb846accc9f435f5b9f14930674b426da99ab5b
REQ-000086,2026-05-27T08:36:00Z,expired_approval_token,OFF-0079,769c0f71f92a8b49e252746c,Cybercrime Officer,4,CYBERCRIME,STATE_03_DIST_02_PS_01,STATE_03_DIST_02,STATE_03,HIGH,ACTIVE,NOT_ASSIGNED,REC-000785,19f9edd30f8406ca598631a4,CASE-00234,VIOLENT_CRIME,COURT_SUBMISSION,STATE_01_DIST_01_PS_02,STATE_01_DIST_01,STATE_01,POLICE,HIGH,false,false,false,false,OPEN,ARCHIVED,false,false,false,true,INVESTIGATION,VIEW,false,false,EXPIRED,BUSINESS_HOURS,STATION_NODE_DOWN,MANUAL_ESCALATION,P-2026-05-STEP1,false,true,43474f38565ab4371eee30fae22f0a704e97c99d33d62a1437f28eaaa1e39d40
REQ-000087,2026-05-27T15:57:00Z,sealed_record,OFF-0206,05c3cda35f4947118d9b39ea,Constable,1,POLICE,STATE_01_DIST_01_PS_01,STATE_01_DIST_01,STATE_01,LOW,ACTIVE,NOT_ASSIGNED,REC-000694,a0f405d28cc064a49ae643d4,CASE-00156,FINANCIAL_CRIME,FORENSIC_REPORT,STATE_02_DIST_02_PS_01,STATE_02_DIST_02,STATE_02,POLICE,HIGH,false,false,false,false,SEALED,ACTIVE,false,false,false,true,INVESTIGATION,VIEW,false,false,PRESENT_VALID,BUSINESS_HOURS,ONLINE,MANUAL_ESCALATION,P-2026-05-STEP1,false,true,62cef33163f2d25d98b8876ca481669396bb0d80d3d43797d58f666306468569
REQ-000088,2026-05-27T23:28:00Z,normal_in_jurisdiction,OFF-0032,087843a059da3833acdab60b,Head Constable,2,POLICE,STATE_03_DIST_02_PS_03,STATE_03_DIST_02,STATE_03,LOW,ACTIVE,NOT_ASSIGNED,REC-000585,8a6b763636cb267428784251,CASE-00008,WOMEN_CHILD_SAFETY,FIR_SUMMARY,STATE_02_DIST_02_PS_03,STATE_02_DIST_02,STATE_02,POLICE,MEDIUM,true,false,false,false,OPEN,ARCHIVED,false,false,false,true,INVESTIGATION,VIEW,false,false,NOT_REQUIRED,BUSINESS_HOURS,ONLINE,CCTNS_STYLE_API,P-2026-05-STEP1,false,true,4b783285fe79aee32049b874e9640ba1852ebc71b98198456705683da3f9c66c
REQ-000089,2026-05-27T23:44:00Z,random_context,OFF-0089,1dfcf9ccdf6fab5303a9e921,Constable,1,POLICE,STATE_02_DIST_01_PS_01,STATE_02_DIST_01,STATE_02,LOW,ACTIVE,NOT_ASSIGNED,REC-000183,e12e00177a9ba0dc649887b2,CASE-00193,JUVENILE_PROTECTION,EVIDENCE_MEDIA,STATE_03_DIST_03_PS_01,STATE_03_DIST_03,STATE_03,POLICE,CLASSIFIED,false,false,true,true,OPEN,ACTIVE,false,false,false,true,AUDIT,DOWNLOAD,false,false,PRESENT_VALID,BUSINESS_HOURS,ONLINE,CCTNS_STYLE_API,P-2026-05-STEP1,false,true,36f53dd9ef1465bb9bfbb04c557e9391daa5ede8a28655a6cafed3b09c2862a5
REQ-000090,2026-05-28T01:30:00Z,expired_approval_token,OFF-0108,f250eda449687032c1f3ce21,Head Constable,2,POLICE,STATE_03_DIST_02_PS_03,STATE_03_DIST_02,STATE_03,LOW,ACTIVE,NOT_ASSIGNED,REC-000599,c12b0ac38401f3270a04423b,CASE-00044,NARCOTICS,FIR_SUMMARY,STATE_02_DIST_03_PS_01,STATE_02_DIST_03,STATE_02,POLICE,MEDIUM,false,false,false,false,OPEN,ACTIVE,false,false,false,true,PROSECUTION_REVIEW,VIEW,false,false,EXPIRED,NIGHT,ONLINE,MANUAL_ESCALATION,P-2026-05-STEP1,false,true,3c765974c899e1ec577a609ee6b7dd596830ff16df4092256f7d56b448bbb900
REQ-000091,2026-05-27T13:39:00Z,normal_in_jurisdiction,OFF-0186,fe341f3994ddbba307367393,Forensic Officer,4,FORENSIC,STATE_03_DIST_01_PS_02,STATE_03_DIST_01,STATE_03,HIGH,ACTIVE,ASSIGNED,REC-000637,e21447eba26803ebe0ef50d8,CASE-00269,FINANCIAL_CRIME,COURT_SUBMISSION,STATE_03_DIST_01_PS_02,STATE_03_DIST_01,STATE_03,POLICE,MEDIUM,false,false,false,false,OPEN,UNDER_REVIEW,true,true,true,false,INVESTIGATION,VIEW,false,false,NOT_REQUIRED,NIGHT,ONLINE,CCTNS_STYLE_API,P-2026-05-STEP1,false,true,3fb537e3ac6007b62dee6fde11911694ae18a8c4fedcfb36b3ef7064cab2604e
REQ-000092,2026-05-27T04:36:00Z,cross_jurisdiction_sensitive,OFF-0128,0f7c12f84c6ccd771a655279,Constable,1,POLICE,STATE_01_DIST_01_PS_01,STATE_01_DIST_01,STATE_01,LOW,ACTIVE,NOT_ASSIGNED,REC-000071,1ce4791bcfe4088122f5f137,CASE-00099,FINANCIAL_CRIME,COURT_SUBMISSION,STATE_01_DIST_03_PS_02,STATE_01_DIST_03,STATE_01,POLICE,HIGH,false,false,false,false,OPEN,ACTIVE,false,false,true,true,FORENSIC_REVIEW,APPROVE,false,false,MISSING,NIGHT,ONLINE,MANUAL_ESCALATION,P-2026-05-STEP1,false,true,0c421d1f09463ea59bc7707dc4781fe868a6ce23c2749802069259db4bc7ec9d
REQ-000093,2026-05-27T17:03:00Z,revoked_credential,OFF-0034,9f1a046129b76f0cd0f13803,Cybercrime Officer,4,CYBERCRIME,STATE_01_DIST_04_PS_03,STATE_01_DIST_04,STATE_01,HIGH,REVOKED,NOT_ASSIGNED,REC-000836,39a638e6937d73cd596e9733,CASE-00079,VIOLENT_CRIME,VICTIM_RECORD,STATE_03_DIST_04_PS_01,STATE_03_DIST_04,STATE_03,POLICE,HIGH,true,false,false,false,OPEN,ACTIVE,false,false,false,true,INVESTIGATION,VIEW,false,false,MISSING,BUSINESS_HOURS,ONLINE,CCTNS_STYLE_API,P-2026-05-STEP1,false,true,40b771c1cc00c60326c579b67fdef8d0ad1fcdfdb81889039c47a95b91ddc2e0
REQ-000094,2026-05-27T10:58:00Z,juvenile_sensitive,OFF-0234,a7db164c4af844793a01db35,Cybercrime Officer,4,CYBERCRIME,STATE_01_DIST_04_PS_02,STATE_01_DIST_04,STATE_01,HIGH,ACTIVE,NOT_ASSIGNED,REC-000642,65b119681a10677745fef3d9,CASE-00111,JUVENILE_PROTECTION,FIR_SUMMARY,STATE_02_DIST_02_PS_02,STATE_02_DIST_02,STATE_02,POLICE,LOW,false,false,true,false,OPEN,ARCHIVED,false,false,false,true,INVESTIGATION,VIEW,false,false,PRESENT_VALID,BUSINESS_HOURS,ONLINE,CCTNS_STYLE_API,P-2026-05-STEP1,false,true,72b382b080de2ebe0b1c7ef60aba8e5be2a3a10b42b461121374321a15d7ffa9
REQ-000095,2026-05-27T07:55:00Z,random_context,OFF-0162,ec1ea596f81353f2d9f85816,Forensic Officer,4,FORENSIC,STATE_02_DIST_02_PS_01,STATE_02_DIST_02,STATE_02,HIGH,ACTIVE,NOT_ASSIGNED,REC-000709,76f11b624b1e439ab531c33c,CASE-00165,FINANCIAL_CRIME,VICTIM_RECORD,STATE_02_DIST_03_PS_01,STATE_02_DIST_03,STATE_02,POLICE,HIGH,true,false,false,false,OPEN,ACTIVE,false,false,true,true,TRAINING,DOWNLOAD,false,false,MISSING,BUSINESS_HOURS,ONLINE,ICJS_STYLE_EXCHANGE,P-2026-05-STEP1,false,true,6fffaef2bf2793d594db10232c63ef5fe4a8ef45ccc1dcc442dbd14e6586da56
REQ-000096,2026-05-27T14:24:00Z,stale_case_assignment,OFF-0004,4fe847ab79de841540c7b990,Sub-Inspector,3,POLICE,STATE_01_DIST_04_PS_01,STATE_01_DIST_04,STATE_01,MEDIUM,ACTIVE,STALE,REC-000604,ca8fc35650ee04e7cf5447f3,CASE-00113,WOMEN_CHILD_SAFETY,FORENSIC_REPORT,STATE_03_DIST_02_PS_03,STATE_03_DIST_02,STATE_03,POLICE,HIGH,true,false,false,false,OPEN,ARCHIVED,false,false,false,true,INVESTIGATION,SHARE,false,false,MISSING,AFTER_HOURS,ONLINE,CCTNS_STYLE_API,P-2026-05-STEP1,false,true,6e730ffd88b45f4e05ce3face155ce2132096bbaf1786f326ef3a996b015a2f1
REQ-000097,2026-05-28T01:52:00Z,revoked_credential,OFF-0052,0c912fab59a9f46b26c259dd,Sub-Inspector,3,POLICE,STATE_03_DIST_01_PS_03,STATE_03_DIST_01,STATE_03,MEDIUM,REVOKED,NOT_ASSIGNED,REC-000796,647ffa3febbf13259187b4c9,CASE-00120,VIOLENT_CRIME,FORENSIC_REPORT,STATE_01_DIST_03_PS_03,STATE_01_DIST_03,STATE_01,POLICE,HIGH,false,false,false,false,SEALED,ACTIVE,false,false,false,true,INVESTIGATION,VIEW,false,false,MISSING,AFTER_HOURS,ONLINE,MANUAL_ESCALATION,P-2026-05-STEP1,false,true,522c656b1075e184fec94ee95e6f160b1416e252a3ac3ef32f3b12c06333e2fd
REQ-000098,2026-05-27T14:42:00Z,court_request,OFF-0113,46ac5b5381ef953a345ce319,Constable,1,POLICE,STATE_03_DIST_03_PS_01,STATE_03_DIST_03,STATE_03,LOW,ACTIVE,NOT_ASSIGNED,REC-000287,255eef6a2a2326cbbe551f51,CASE-00296,VIOLENT_CRIME,WITNESS_STATEMENT,STATE_02_DIST_01_PS_01,STATE_02_DIST_01,STATE_02,POLICE,CLASSIFIED,false,true,false,false,SEALED,ACTIVE,false,false,false,true,COURT_PRODUCTION,DOWNLOAD,false,true,PRESENT_VALID,BUSINESS_HOURS,ONLINE,ICJS_STYLE_EXCHANGE,P-2026-05-STEP1,false,true,511142210bf62e94c98813e0c122c61f874858ad2407aff22944b51dff76134e
REQ-000099,2026-05-27T16:30:00Z,juvenile_sensitive,OFF-0190,c6c5d38ea874865e512ea30c,Sub-Inspector,3,POLICE,STATE_01_DIST_01_PS_03,STATE_01_DIST_01,STATE_01,MEDIUM,ACTIVE,NOT_ASSIGNED,REC-000337,5a5456b695cba3207b5bffdc,CASE-00095,JUVENILE_PROTECTION,CASE_DIARY,STATE_01_DIST_01_PS_03,STATE_01_DIST_01,STATE_01,POLICE,HIGH,false,false,true,false,OPEN,ACTIVE,true,true,true,false,INVESTIGATION,VIEW,false,false,MISSING,BUSINESS_HOURS,ONLINE,ICJS_STYLE_EXCHANGE,P-2026-05-STEP1,false,true,9c827b27c872332cbf53ed7f7fec08e0673e04c5e27e19350a8b31e1abbf14f4
REQ-000100,2026-05-27T18:20:00Z,random_context,OFF-0218,b4afcf069d55876dc928c9fe,Station House Officer,5,POLICE,STATE_02_DIST_01_PS_03,STATE_02_DIST_01,STATE_02,HIGH,ACTIVE,NOT_ASSIGNED,REC-000254,467e4eeac859b0b49846ed99,CASE-00084,WOMEN_CHILD_SAFETY,FIR_SUMMARY,STATE_01_DIST_01_PS_03,STATE_01_DIST_01,STATE_01,POLICE,MEDIUM,true,false,false,false,OPEN,ACTIVE,false,false,false,true,INVESTIGATION,VIEW,false,false,PRESENT_VALID,BUSINESS_HOURS,ONLINE,CCTNS_STYLE_API,P-2026-05-STEP1,false,true,a538b725f43315f5373581cf211e729527ad2ab90e49cf075e0ee49a0df6131c
REQ-000101,2026-05-28T04:37:00Z,random_context,OFF-0211,5e223aae914ba42e97c387c1,Constable,1,POLICE,STATE_02_DIST_01_PS_01,STATE_02_DIST_01,STATE_02,LOW,ACTIVE,NOT_ASSIGNED,REC-000055,c3c560b7671d3f284c65f621,CASE-00328,WOMEN_CHILD_SAFETY,CASE_DIARY,STATE_03_DIST_02_PS_02,STATE_03_DIST_02,STATE_03,POLICE,HIGH,true,false,false,false,OPEN,ACTIVE,false,false,false,true,EMERGENCY_RESPONSE,VIEW,false,false,MISSING,BUSINESS_HOURS,STATION_NODE_DOWN,CCTNS_STYLE_API,P-2026-05-STEP1,false,true,3061b6c4fc2147754f2dbc3309f9d48c60b1b19e51b40e022c703859f998b6fd
REQ-000102,2026-05-27T13:36:00Z,expired_approval_token,OFF-0182,f733b89b991cd7dc6791cabb,Sub-Inspector,3,POLICE,STATE_01_DIST_01_PS_02,STATE_01_DIST_01,STATE_01,MEDIUM,ACTIVE,NOT_ASSIGNED,REC-000541,e1bedec8993c859386b91f05,CASE-00153,WOMEN_CHILD_SAFETY,JUVENILE_RECORD,STATE_03_DIST_04_PS_01,STATE_03_DIST_04,STATE_03,POLICE,CLASSIFIED,true,false,true,false,OPEN,ACTIVE,false,false,false,true,INVESTIGATION,DOWNLOAD,false,false,EXPIRED,BUSINESS_HOURS,ONLINE,CCTNS_STYLE_API,P-2026-05-STEP1,false,true,8e1692771edd877cb9db02fe7d74cef3bbea9a3f320539694fca6bcbb0e27205
REQ-000103,2026-05-27T13:44:00Z,revoked_credential,OFF-0196,d60f48d22e03c3316a18fa6d,Inspector,4,POLICE,STATE_01_DIST_03_PS_01,STATE_01_DIST_03,STATE_01,MEDIUM,REVOKED,NOT_ASSIGNED,REC-000683,9228fbce07995e580d7bd517,CASE-00014,GENERAL_THEFT,COURT_SUBMISSION,STATE_02_DIST_01_PS_02,STATE_02_DIST_01,STATE_02,POLICE,MEDIUM,false,false,false,false,SEALED,ACTIVE,false,false,false,true,AUDIT,SHARE,false,false,MISSING,BUSINESS_HOURS,ONLINE,MANUAL_ESCALATION,P-2026-05-STEP1,false,true,cd53007a02ac45d07e7f66565993a460a4edefdc0604669bd107edc8000bda21
REQ-000104,2026-05-27T19:04:00Z,stale_case_assignment,OFF-0165,b2c7b3b76aeb981b1bd8756b,Inspector,4,POLICE,STATE_02_DIST_04_PS_02,STATE_02_DIST_04,STATE_02,MEDIUM,ACTIVE,STALE,REC-000508,3a993cc7b9f6a4ba103eaf9d,CASE-00289,NARCOTICS,CYBERCRIME_COMPLAINT,STATE_01_DIST_02_PS_01,STATE_01_DIST_02,STATE_01,POLICE,HIGH,false,false,false,false,OPEN,ACTIVE,false,false,false,true,INVESTIGATION,VIEW,false,false,MISSING,BUSINESS_HOURS,STATION_NODE_DOWN,CCTNS_STYLE_API,P-2026-05-STEP1,false,true,565b6babb7cd8cf83c8fbefe513a8ddd4df42d3c0e8f1d98badacfe29bce0a23
REQ-000105,2026-05-28T05:45:00Z,juvenile_sensitive,OFF-0194,ade36a17fa7aeeef7c2513ee,Station House Officer,5,POLICE,STATE_01_DIST_02_PS_01,STATE_01_DIST_02,STATE_01,HIGH,ACTIVE,NOT_ASSIGNED,REC-000821,103411f419260d94e9a6d3cc,CASE-00022,JUVENILE_PROTECTION,WITNESS_STATEMENT,STATE_01_DIST_02_PS_02,STATE_01_DIST_02,STATE_01,POLICE,HIGH,false,true,true,false,OPEN,UNDER_REVIEW,false,true,true,false,SUPERVISION,VIEW,false,false,MISSING,BUSINESS_HOURS,STATION_NODE_DOWN,CCTNS_STYLE_API,P-2026-05-STEP1,false,true,5eddda289e085e3155132400806f397bc882f3ff448aa08c3f9641611af95a8c
REQ-000106,2026-05-28T04:16:00Z,cross_jurisdiction_sensitive,OFF-0089,1dfcf9ccdf6fab5303a9e921,Constable,1,POLICE,STATE_02_DIST_01_PS_01,STATE_02_DIST_01,STATE_02,LOW,ACTIVE,NOT_ASSIGNED,REC-000367,9d371131a92813d8a85f2a16,CASE-00059,GENERAL_THEFT,COURT_SUBMISSION,STATE_03_DIST_02_PS_02,STATE_03_DIST_02,STATE_03,POLICE,HIGH,false,false,false,false,OPEN,ARCHIVED,false,false,false,true,INVESTIGATION,DOWNLOAD,false,false,MISSING,AFTER_HOURS,ONLINE,MANUAL_ESCALATION,P-2026-05-STEP1,false,true,071087328aca59b1c5d143ec9306e4ebda0fd649cafe8c21145c30f5a439af7b
REQ-000107,2026-05-27T05:21:00Z,normal_in_jurisdiction,OFF-0171,4bb363d085866d6dbe19f005,Head Constable,2,POLICE,STATE_03_DIST_02_PS_01,STATE_03_DIST_02,STATE_03,LOW,ACTIVE,ASSIGNED,REC-000621,361a07f3293bb4a0066f3f14,CASE-00053,VIOLENT_CRIME,CYBERCRIME_COMPLAINT,STATE_03_DIST_02_PS_01,STATE_03_DIST_02,STATE_03,POLICE,MEDIUM,false,false,false,false,OPEN,ACTIVE,true,true,true,false,INVESTIGATION,VIEW,false,false,NOT_REQUIRED,BUSINESS_HOURS,ONLINE,MANUAL_ESCALATION,P-2026-05-STEP1,false,true,4ec313db8ce0fa60c3d1339bb09bf241863c2ae3d3e01c6172731bd6a7d019c7
REQ-000108,2026-05-27T09:00:00Z,random_context,OFF-0133,58ae919f19aeb7c7f1527d26,Forensic Officer,4,FORENSIC,STATE_03_DIST_01_PS_02,STATE_03_DIST_01,STATE_03,HIGH,ACTIVE,ASSIGNED,REC-000637,e21447eba26803ebe0ef50d8,CASE-00269,FINANCIAL_CRIME,COURT_SUBMISSION,STATE_03_DIST_01_PS_02,STATE_03_DIST_01,STATE_03,POLICE,MEDIUM,false,false,false,false,OPEN,UNDER_REVIEW,true,true,true,false,COURT_PRODUCTION,VIEW,false,false,NOT_REQUIRED,BUSINESS_HOURS,ONLINE,ICJS_STYLE_EXCHANGE,P-2026-05-STEP1,false,true,8812fb1a3eee1fc1157288e18fec718e8292d17d3dda97ffda3042de0d45d62c
REQ-000109,2026-05-28T06:53:00Z,normal_in_jurisdiction,OFF-0012,1e6c5e762b98d4b3d94fa258,Station House Officer,5,POLICE,STATE_01_DIST_03_PS_03,STATE_01_DIST_03,STATE_01,HIGH,ACTIVE,ASSIGNED,REC-000290,17ebb06a599dae60d15c8174,CASE-00120,VIOLENT_CRIME,FIR_SUMMARY,STATE_01_DIST_03_PS_03,STATE_01_DIST_03,STATE_01,POLICE,LOW,false,false,false,false,OPEN,ACTIVE,true,true,true,false,INVESTIGATION,VIEW,false,false,NOT_REQUIRED,BUSINESS_HOURS,ONLINE,CCTNS_STYLE_API,P-2026-05-STEP1,false,true,b7d61d1f96de7497d6cee13dae4c451b6aac829021479ed3eb32223e43d8d1a7
REQ-000110,2026-05-27T18:20:00Z,revoked_credential,OFF-0007,934e26f772b73b1d824939e2,Head Constable,2,POLICE,STATE_01_DIST_03_PS_03,STATE_01_DIST_03,STATE_01,LOW,REVOKED,NOT_ASSIGNED,REC-000516,dc7ebd2a3c118cae47903bf9,CASE-00155,GENERAL_THEFT,WITNESS_STATEMENT,STATE_02_DIST_04_PS_03,STATE_02_DIST_04,STATE_02,POLICE,HIGH,false,true,false,false,OPEN,ACTIVE,false,false,false,true,INVESTIGATION,DOWNLOAD,false,false,MISSING,BUSINESS_HOURS,ONLINE,MANUAL_ESCALATION,P-2026-05-STEP1,false,true,005853e702e6a33f5ff3774527662ee5b56af2c8ee34aa15751a1995c81fbda2
REQ-000111,2026-05-28T07:27:00Z,normal_in_jurisdiction,OFF-0205,21f9b37fcb4f7d2db6857d62,Inspector,4,POLICE,STATE_02_DIST_04_PS_02,STATE_02_DIST_04,STATE_02,MEDIUM,ACTIVE,ASSIGNED,REC-000615,dfb0e94f858b759ef429abc3,CASE-00065,VIOLENT_CRIME,FIR_SUMMARY,STATE_02_DIST_04_PS_02,STATE_02_DIST_04,STATE_02,POLICE,MEDIUM,false,false,false,false,OPEN,UNDER_REVIEW,true,true,true,false,INVESTIGATION,VIEW,false,false,NOT_REQUIRED,NIGHT,ONLINE,CCTNS_STYLE_API,P-2026-05-STEP1,false,true,20177bb9c3df01b1c0c46f0d854650cc0446268c11e1cf33dc2b550cdab62a81
REQ-000112,2026-05-28T00:16:00Z,court_request,OFF-0130,4b271c3dc209eac61d05dd4f,Prosecutor Liaison,4,PROSECUTION,STATE_02_DIST_01_PS_03,STATE_02_DIST_01,STATE_02,MEDIUM,SUSPENDED,NOT_ASSIGNED,REC-000436,9222c0ba833f5a7c57f8a24c,CASE-00225,CYBER_FRAUD,CYBERCRIME_COMPLAINT,STATE_01_DIST_02_PS_01,STATE_01_DIST_02,STATE_01,POLICE,MEDIUM,false,false,false,false,SEALED,ACTIVE,false,false,false,true,COURT_PRODUCTION,VIEW,false,true,PRESENT_VALID,BUSINESS_HOURS,ONLINE,CCTNS_STYLE_API,P-2026-05-STEP1,false,true,e12fdd0331dbcc7330bdc6ecfd4650ecf8e6002ebff4b8a1248a8e91c4681458
REQ-000113,2026-05-28T06:08:00Z,expired_approval_token,OFF-0061,86505bfb457a23f7a0108287,Constable,1,POLICE,STATE_03_DIST_04_PS_03,STATE_03_DIST_04,STATE_03,LOW,ACTIVE,NOT_ASSIGNED,REC-000053,c7a1cb7711a9318d95ea172b,CASE-00174,WOMEN_CHILD_SAFETY,FIR_SUMMARY,STATE_01_DIST_04_PS_01,STATE_01_DIST_04,STATE_01,POLICE,LOW,true,false,false,false,OPEN,ARCHIVED,false,false,false,true,INVESTIGATION,APPROVE,false,false,EXPIRED,BUSINESS_HOURS,ONLINE,MANUAL_ESCALATION,P-2026-05-STEP1,false,true,53bd22e89c5439715dc79ee309d6d7fe51a082ba460769e8f73472a9d1468f28
REQ-000114,2026-05-28T06:24:00Z,court_request,OFF-0100,071c750c420d0b5f044d6ae7,Sub-Inspector,3,POLICE,STATE_02_DIST_02_PS_03,STATE_02_DIST_02,STATE_02,MEDIUM,ACTIVE,NOT_ASSIGNED,REC-000241,6197a206f9aa2b3df21b2fe7,CASE-00202,NARCOTICS,COURT_SUBMISSION,STATE_02_DIST_04_PS_03,STATE_02_DIST_04,STATE_02,POLICE,MEDIUM,false,false,false,false,OPEN,ACTIVE,false,false,true,true,PROSECUTION_REVIEW,VIEW,false,true,PRESENT_VALID,BUSINESS_HOURS,ONLINE,ICJS_STYLE_EXCHANGE,P-2026-05-STEP1,false,true,2a8e2961b14cd43ae565cf8cb7665738e0f91878f8c594db05ba64d7cd624e6b
REQ-000115,2026-05-27T09:35:00Z,revoked_credential,OFF-0196,d60f48d22e03c3316a18fa6d,Inspector,4,POLICE,STATE_01_DIST_03_PS_01,STATE_01_DIST_03,STATE_01,MEDIUM,REVOKED,NOT_ASSIGNED,REC-000127,fc530ff7f7f640ebd76d5d3f,CASE-00341,CYBER_FRAUD,FIR_SUMMARY,STATE_03_DIST_04_PS_02,STATE_03_DIST_04,STATE_03,POLICE,HIGH,false,false,false,false,OPEN,ACTIVE,false,false,false,true,AUDIT,VIEW,false,false,MISSING,NIGHT,ONLINE,ICJS_STYLE_EXCHANGE,P-2026-05-STEP1,false,true,20ab36ba1404be3ada0a543a4580fdccb02b28d0482004ab7841bb656c656ef8
REQ-000116,2026-05-27T17:24:00Z,cross_jurisdiction_sensitive,OFF-0198,5d9a86e9bbd1b3774caee2db,Constable,1,POLICE,STATE_03_DIST_03_PS_03,STATE_03_DIST_03,STATE_03,LOW,ACTIVE,NOT_ASSIGNED,REC-000796,647ffa3febbf13259187b4c9,CASE-00120,VIOLENT_CRIME,FORENSIC_REPORT,STATE_01_DIST_03_PS_03,STATE_01_DIST_03,STATE_01,POLICE,HIGH,false,false,false,false,SEALED,ACTIVE,false,false,false,true,FORENSIC_REVIEW,VIEW,false,false,MISSING,AFTER_HOURS,ONLINE,CCTNS_STYLE_API,P-2026-05-STEP1,false,true,ed3f412a46b51f5ef0bc6f25b4fa7c7b4209bdd8ea4cdfe828077183c1905674
REQ-000117,2026-05-27T21:27:00Z,normal_in_jurisdiction,OFF-0032,087843a059da3833acdab60b,Head Constable,2,POLICE,STATE_03_DIST_02_PS_03,STATE_03_DIST_02,STATE_03,LOW,ACTIVE,NOT_ASSIGNED,REC-000392,5fdca183eefc3a91401863c7,CASE-00060,MISSING_PERSON,CYBERCRIME_COMPLAINT,STATE_03_DIST_03_PS_02,STATE_03_DIST_03,STATE_03,POLICE,HIGH,false,false,false,false,OPEN,ACTIVE,false,false,true,true,INVESTIGATION,VIEW,false,false,NOT_REQUIRED,BUSINESS_HOURS,ONLINE,MANUAL_ESCALATION,P-2026-05-STEP1,false,true,a037facafec281f19ce6afa4db984b0ddd8b249a1f1ea36c8548fb7ac61e4970
REQ-000118,2026-05-27T19:40:00Z,emergency_override,OFF-0042,4bdedd9e1ddefe7a1e6434d1,Station House Officer,5,POLICE,STATE_01_DIST_01_PS_03,STATE_01_DIST_01,STATE_01,HIGH,ACTIVE,NOT_ASSIGNED,REC-000592,34c63fb4a90f2aefe4cd515c,CASE-00255,CYBER_FRAUD,WITNESS_STATEMENT,STATE_03_DIST_01_PS_02,STATE_03_DIST_01,STATE_03,POLICE,HIGH,false,true,false,false,OPEN,ARCHIVED,false,false,false,true,EMERGENCY_RESPONSE,VIEW,true,false,MISSING,NIGHT,ONLINE,CCTNS_STYLE_API,P-2026-05-STEP1,false,true,784bcdd77231ae0aa412546387e81823515c6dc3117c34ee5db59c7e1514bc1b
REQ-000119,2026-05-27T17:51:00Z,sealed_record,OFF-0043,d4da98f8bbaf8c84670817a6,Sub-Inspector,3,POLICE,STATE_01_DIST_04_PS_02,STATE_01_DIST_04,STATE_01,MEDIUM,ACTIVE,NOT_ASSIGNED,REC-000005,73a955fe3375c918a3bfc978,CASE-00220,JUVENILE_PROTECTION,WITNESS_STATEMENT,STATE_01_DIST_01_PS_01,STATE_01_DIST_01,STATE_01,POLICE,CLASSIFIED,false,true,true,false,SEALED,ARCHIVED,false,false,true,true,PROSECUTION_REVIEW,VIEW,false,true,MISSING,BUSINESS_HOURS,DEGRADED,CCTNS_STYLE_API,P-2026-05-STEP1,false,true,545edb07b932524ccbb4d7594ddcf8337bbad8d17bbab58804192b86ccf3d7ff
REQ-000120,2026-05-28T00:00:00Z,expired_approval_token,OFF-0110,7ea4c7cce178f9ad9715431c,Head Constable,2,POLICE,STATE_01_DIST_03_PS_03,STATE_01_DIST_03,STATE_01,LOW,ACTIVE,NOT_ASSIGNED,REC-000163,65a60273afcbaa34ae4c3128,CASE-00233,FINANCIAL_CRIME,COURT_SUBMISSION,STATE_03_DIST_04_PS_03,STATE_03_DIST_04,STATE_03,POLICE,HIGH,false,false,false,false,OPEN,ARCHIVED,false,false,false,true,PROSECUTION_REVIEW,DOWNLOAD,false,false,EXPIRED,BUSINESS_HOURS,ONLINE,MANUAL_ESCALATION,P-2026-05-STEP1,false,true,c1b8e204af8e7561dc44161f0242c1160efb75d7920c312bfde1af4123a87df0
REQ-000121,2026-05-28T10:17:00Z,random_context,OFF-0003,5e4ff04af077f5ff22cd6cd0,Cybercrime Officer,4,CYBERCRIME,STATE_02_DIST_01_PS_02,STATE_02_DIST_01,STATE_02,HIGH,ACTIVE,NOT_ASSIGNED,REC-000587,45f266e2d8253ba005720834,CASE-00088,JUVENILE_PROTECTION,VICTIM_RECORD,STATE_02_DIST_04_PS_01,STATE_02_DIST_04,STATE_02,POLICE,HIGH,true,false,true,false,OPEN,ACTIVE,false,false,true,true,TRAINING,VIEW,false,false,NOT_REQUIRED,NIGHT,ONLINE,MANUAL_ESCALATION,P-2026-05-STEP1,false,true,b98bc5dbd7367a0040ddd31fb30297d82e2d852f91f5a1a164d18395983e567f
REQ-000122,2026-05-27T14:14:00Z,juvenile_sensitive,OFF-0164,eb2cec3f8312decabe6f3925,Station House Officer,5,POLICE,STATE_02_DIST_01_PS_01,STATE_02_DIST_01,STATE_02,HIGH,ACTIVE,NOT_ASSIGNED,REC-000286,0e67d609ea46cf7a4eb4513b,CASE-00188,JUVENILE_PROTECTION,CASE_DIARY,STATE_01_DIST_02_PS_03,STATE_01_DIST_02,STATE_01,POLICE,MEDIUM,false,false,true,false,OPEN,ARCHIVED,false,false,false,true,SUPERVISION,VIEW,false,false,PRESENT_VALID,BUSINESS_HOURS,STATION_NODE_DOWN,ICJS_STYLE_EXCHANGE,P-2026-05-STEP1,false,true,cefcf7882a350dcb56c6c9666f9f94c434bde8d1637825550b090708e51a6d41
REQ-000123,2026-05-28T06:45:00Z,cross_jurisdiction_sensitive,OFF-0025,7fa77f7b07565190b1b9a0af,Forensic Officer,4,FORENSIC,STATE_02_DIST_01_PS_01,STATE_02_DIST_01,STATE_02,HIGH,ACTIVE,NOT_ASSIGNED,REC-000477,abfd23e434f0f6d490ebb742,CASE-00019,MISSING_PERSON,VICTIM_RECORD,STATE_02_DIST_02_PS_01,STATE_02_DIST_02,STATE_02,POLICE,HIGH,true,false,false,false,OPEN,UNDER_REVIEW,false,false,true,true,FORENSIC_REVIEW,VIEW,false,false,MISSING,BUSINESS_HOURS,ONLINE,ICJS_STYLE_EXCHANGE,P-2026-05-STEP1,false,true,8524f1731f6423feb36b8abd7f53bb8b5a1dbf487ed33dbe2f182aa25690fb94
REQ-000124,2026-05-27T20:40:00Z,court_request,OFF-0058,b9583c7e99cc3289ea585d73,Inspector,4,POLICE,STATE_03_DIST_02_PS_01,STATE_03_DIST_02,STATE_03,MEDIUM,REVOKED,NOT_ASSIGNED,REC-000718,862f89895c928d14000a1111,CASE-00064,NARCOTICS,VICTIM_RECORD,STATE_01_DIST_03_PS_02,STATE_01_DIST_03,STATE_01,POLICE,HIGH,true,false,false,false,OPEN,UNDER_REVIEW,false,false,false,true,PROSECUTION_REVIEW,VIEW,false,true,PRESENT_VALID,BUSINESS_HOURS,ONLINE,ICJS_STYLE_EXCHANGE,P-2026-05-STEP1,false,true,670aa352f4736e1b9db9f22ac3ce4afb32ba210fec6f886c957a99d5c4ccb222
REQ-000125,2026-05-27T04:10:00Z,expired_approval_token,OFF-0238,0d893c2441da140e8c46fc54,Senior Superintendent,6,POLICE,STATE_01_DIST_01_PS_03,STATE_01_DIST_01,STATE_01,CLASSIFIED,ACTIVE,NOT_ASSIGNED,REC-000712,f6d31e1673c73f753e7204d6,CASE-00199,WOMEN_CHILD_SAFETY,FIR_SUMMARY,STATE_01_DIST_04_PS_01,STATE_01_DIST_04,STATE_01,POLICE,HIGH,true,false,false,false,SEALED,ARCHIVED,false,false,true,true,INVESTIGATION,DOWNLOAD,false,false,EXPIRED,BUSINESS_HOURS,DEGRADED,ICJS_STYLE_EXCHANGE,P-2026-05-STEP1,false,true,290f7717302145ba8318ca858c96dceb916b7171842f7b3fe04670c8cb287588
REQ-000126,2026-05-27T08:24:00Z,normal_in_jurisdiction,OFF-0209,46719ed3c0b1ab7f0fbf5f90,Prosecutor Liaison,4,PROSECUTION,STATE_01_DIST_01_PS_01,STATE_01_DIST_01,STATE_01,MEDIUM,ACTIVE,NOT_ASSIGNED,REC-000827,3fe5f563961efc8bcecb0585,CASE-00190,CYBER_FRAUD,EVIDENCE_MEDIA,STATE_02_DIST_02_PS_01,STATE_02_DIST_02,STATE_02,POLICE,HIGH,false,false,false,true,OPEN,ARCHIVED,false,false,false,true,INVESTIGATION,VIEW,false,false,NOT_REQUIRED,BUSINESS_HOURS,ONLINE,CCTNS_STYLE_API,P-2026-05-STEP1,false,true,3ca4f15c772da4ec0271f7ba0f53ced7d41f94449d077ec132a042d940053fff
REQ-000127,2026-05-27T21:10:00Z,emergency_override,OFF-0170,46b29e30bec752302a2d886e,Sub-Inspector,3,POLICE,STATE_03_DIST_04_PS_02,STATE_03_DIST_04,STATE_03,MEDIUM,ACTIVE,NOT_ASSIGNED,REC-000254,467e4eeac859b0b49846ed99,CASE-00084,WOMEN_CHILD_SAFETY,FIR_SUMMARY,STATE_01_DIST_01_PS_03,STATE_01_DIST_01,STATE_01,POLICE,MEDIUM,true,false,false,false,OPEN,ACTIVE,false,false,false,true,EMERGENCY_RESPONSE,DOWNLOAD,true,false,MISSING,BUSINESS_HOURS,ONLINE,CCTNS_STYLE_API,P-2026-05-STEP1,false,true,2cf14f576cd69c6e42364f1231bdc66b809eaf3520ae791307728b11327785a8
REQ-000128,2026-05-27T14:56:00Z,revoked_credential,OFF-0034,9f1a046129b76f0cd0f13803,Cybercrime Officer,4,CYBERCRIME,STATE_01_DIST_04_PS_03,STATE_01_DIST_04,STATE_01,HIGH,REVOKED,NOT_ASSIGNED,REC-000374,ab08e3d48cf6370ef4f838ad,CASE-00349,GENERAL_THEFT,VICTIM_RECORD,STATE_03_DIST_02_PS_02,STATE_03_DIST_02,STATE_03,POLICE,HIGH,true,false,false,false,OPEN,ACTIVE,false,false,false,true,INVESTIGATION,VIEW,false,false,MISSING,AFTER_HOURS,ONLINE,MANUAL_ESCALATION,P-2026-05-STEP1,false,true,2e38de27b3dd3df468afaea47daa4a44db708234fc1bdb2cfdd8603bcad27fe6
REQ-000129,2026-05-27T10:45:00Z,normal_in_jurisdiction,OFF-0107,fb4c90a703ac874dae2f1454,Inspector,4,POLICE,STATE_01_DIST_01_PS_03,STATE_01_DIST_01,STATE_01,MEDIUM,ACTIVE,NOT_ASSIGNED,REC-000624,cf5a62b8cc144b2085180c6f,CASE-00288,MISSING_PERSON,CASE_DIARY,STATE_01_DIST_03_PS_01,STATE_01_DIST_03,STATE_01,POLICE,HIGH,false,false,false,false,OPEN,UNDER_REVIEW,false,false,true,true,INVESTIGATION,VIEW,false,false,NOT_REQUIRED,BUSINESS_HOURS,ONLINE,MANUAL_ESCALATION,P-2026-05-STEP1,false,true,c8bb7e55a6e7b5907d7579cfc0495afec1545e3c26f0666f783e643502bd8ecf
REQ-000130,2026-05-28T06:20:00Z,juvenile_sensitive,OFF-0075,b4d11e5f08de15f8b7a05319,Forensic Officer,4,FORENSIC,STATE_01_DIST_03_PS_01,STATE_01_DIST_03,STATE_01,HIGH,ACTIVE,NOT_ASSIGNED,REC-000070,f905e90f3faf128a9c8c9d40,CASE-00194,JUVENILE_PROTECTION,JUVENILE_RECORD,STATE_03_DIST_04_PS_02,STATE_03_DIST_04,STATE_03,POLICE,CLASSIFIED,false,false,true,false,OPEN,ARCHIVED,false,false,false,true,INVESTIGATION,VIEW,false,false,MISSING,BUSINESS_HOURS,ONLINE,MANUAL_ESCALATION,P-2026-05-STEP1,false,true,3ff9ca4957704fd54df099467674c16af01614eeb4a35c0e759ce30ace2aa37b
REQ-000131,2026-05-27T19:39:00Z,emergency_override,OFF-0142,eff0953046ce4a5fb1d8ee91,Station House Officer,5,POLICE,STATE_03_DIST_03_PS_02,STATE_03_DIST_03,STATE_03,HIGH,ACTIVE,NOT_ASSIGNED,REC-000531,dfacd5897f32fddc86122774,CASE-00151,NARCOTICS,JUVENILE_RECORD,STATE_02_DIST_02_PS_03,STATE_02_DIST_02,STATE_02,POLICE,CLASSIFIED,false,false,true,false,OPEN,ARCHIVED,false,false,false,true,EMERGENCY_RESPONSE,VIEW,true,false,PRESENT_VALID,AFTER_HOURS,ONLINE,CCTNS_STYLE_API,P-2026-05-STEP1,false,true,0a759a01e4c8083143d4a462670aa11457097fc64ca0f63f3b7447bd4673d805
REQ-000132,2026-05-27T06:36:00Z,expired_approval_token,OFF-0180,8d48fc84d688aabaae7c6986,Sub-Inspector,3,POLICE,STATE_01_DIST_04_PS_02,STATE_01_DIST_04,STATE_01,MEDIUM,ACTIVE,NOT_ASSIGNED,REC-000389,c02c0ee944942d75bb6e6167,CASE-00214,FINANCIAL_CRIME,CASE_DIARY,STATE_03_DIST_02_PS_01,STATE_03_DIST_02,STATE_03,POLICE,HIGH,false,false,false,false,OPEN,ACTIVE,false,false,false,true,INVESTIGATION,VIEW,false,false,EXPIRED,BUSINESS_HOURS,DEGRADED,CCTNS_STYLE_API,P-2026-05-STEP1,false,true,2533c91437da377295fefb6097ea9401dd238d499d6b5645c3bbd41687f22e58
REQ-000133,2026-05-27T11:05:00Z,normal_in_jurisdiction,OFF-0010,bcb4468affef262ed92897ea,Inspector,4,POLICE,STATE_01_DIST_03_PS_03,STATE_01_DIST_03,STATE_01,MEDIUM,ACTIVE,ASSIGNED,REC-000307,68520c08a4184e2a8bbcc4c1,CASE-00160,MISSING_PERSON,FIR_SUMMARY,STATE_01_DIST_03_PS_03,STATE_01_DIST_03,STATE_01,POLICE,LOW,false,false,false,false,OPEN,ACTIVE,true,true,true,false,INVESTIGATION,VIEW,false,false,NOT_REQUIRED,BUSINESS_HOURS,ONLINE,CCTNS_STYLE_API,P-2026-05-STEP1,false,true,8ebca553eaa0a33ae167341fb229749f4f7b4aaa6ce9f26037da3c6c63d31da7
REQ-000134,2026-05-28T00:34:00Z,sealed_record,OFF-0026,1744a4b8e7d09467e6ea7495,Sub-Inspector,3,POLICE,STATE_02_DIST_01_PS_03,STATE_02_DIST_01,STATE_02,MEDIUM,ACTIVE,NOT_ASSIGNED,REC-000428,720bf6c497722937465299f7,CASE-00343,MISSING_PERSON,CASE_DIARY,STATE_01_DIST_04_PS_01,STATE_01_DIST_04,STATE_01,POLICE,CLASSIFIED,false,false,false,false,SEALED,ACTIVE,false,false,false,true,COURT_PRODUCTION,VIEW,false,true,MISSING,BUSINESS_HOURS,ONLINE,CCTNS_STYLE_API,P-2026-05-STEP1,false,true,1b79cce4e89b7a4571934f52e5623791faf061ffc6d4371bbcce12c3d9863d93
REQ-000135,2026-05-28T12:00:00Z,normal_in_jurisdiction,OFF-0100,071c750c420d0b5f044d6ae7,Sub-Inspector,3,POLICE,STATE_02_DIST_02_PS_03,STATE_02_DIST_02,STATE_02,MEDIUM,ACTIVE,ASSIGNED,REC-000688,3122cf020041be5f8f33a172,CASE-00227,GENERAL_THEFT,FIR_SUMMARY,STATE_02_DIST_02_PS_03,STATE_02_DIST_02,STATE_02,POLICE,MEDIUM,false,false,false,false,OPEN,ACTIVE,true,true,true,false,INVESTIGATION,VIEW,false,false,NOT_REQUIRED,BUSINESS_HOURS,ONLINE,CCTNS_STYLE_API,P-2026-05-STEP1,false,true,cb88cbee14fb1789f095910f9a0b1a30e82958e211a26eb26baacb08e3bb52bb
REQ-000136,2026-05-28T12:16:00Z,normal_in_jurisdiction,OFF-0104,bacbc9ea0ca5c88caca1fb35,Sub-Inspector,3,POLICE,STATE_01_DIST_03_PS_03,STATE_01_DIST_03,STATE_01,MEDIUM,ACTIVE,NOT_ASSIGNED,REC-000576,bb5d789f7b415ff31ea0edb0,CASE-00221,VIOLENT_CRIME,WITNESS_STATEMENT,STATE_02_DIST_04_PS_03,STATE_02_DIST_04,STATE_02,POLICE,MEDIUM,false,true,false,false,OPEN,ACTIVE,false,false,false,true,INVESTIGATION,VIEW,false,false,NOT_REQUIRED,BUSINESS_HOURS,ONLINE,ICJS_STYLE_EXCHANGE,P-2026-05-STEP1,false,true,8e3967d795a54cb20b8e8a924eccdacf3f73983c44dac9ab76b5361f83f42925
REQ-000137,2026-05-27T09:08:00Z,cross_jurisdiction_sensitive,OFF-0103,b9a151dcbadde0404b02e5b7,Sub-Inspector,3,POLICE,STATE_02_DIST_01_PS_03,STATE_02_DIST_01,STATE_02,MEDIUM,ACTIVE,NOT_ASSIGNED,REC-000100,dbc9514c0caf7dba5d34549f,CASE-00318,FINANCIAL_CRIME,CASE_DIARY,STATE_03_DIST_04_PS_01,STATE_03_DIST_04,STATE_03,POLICE,HIGH,false,false,false,false,OPEN,UNDER_REVIEW,false,false,false,true,SUPERVISION,VIEW,false,false,MISSING,NIGHT,ONLINE,CCTNS_STYLE_API,P-2026-05-STEP1,false,true,3bdf61251a7308928afe8c36c11d8eceabecf1d1d076bd8178f140c077111f13
REQ-000138,2026-05-27T23:00:00Z,normal_in_jurisdiction,OFF-0078,006fa23a737e20e3625debb8,Constable,1,POLICE,STATE_01_DIST_01_PS_02,STATE_01_DIST_01,STATE_01,LOW,ACTIVE,NOT_ASSIGNED,REC-000864,a9cbee3038e84f297bca5de4,CASE-00298,NARCOTICS,FORENSIC_REPORT,STATE_03_DIST_01_PS_03,STATE_03_DIST_01,STATE_03,POLICE,HIGH,false,false,false,false,OPEN,ARCHIVED,false,false,false,true,INVESTIGATION,VIEW,false,false,NOT_REQUIRED,BUSINESS_HOURS,DEGRADED,MANUAL_ESCALATION,P-2026-05-STEP1,false,true,f6beaaa2229a49dc661c48a0f314ea0d9aac01a6d331725d7ed92ffd4cc2ed87
REQ-000139,2026-05-27T09:16:00Z,court_request,OFF-0094,85642e8c300a0dccea130cc9,Constable,1,POLICE,STATE_01_DIST_01_PS_02,STATE_01_DIST_01,STATE_01,LOW,ACTIVE,NOT_ASSIGNED,REC-000771,e7b2a26cabc70803d3186378,CASE-00049,WOMEN_CHILD_SAFETY,EVIDENCE_MEDIA,STATE_01_DIST_03_PS_01,STATE_01_DIST_03,STATE_01,POLICE,CLASSIFIED,true,false,false,true,OPEN,ACTIVE,false,false,true,true,COURT_PRODUCTION,VIEW,false,true,PRESENT_VALID,BUSINESS_HOURS,ONLINE,ICJS_STYLE_EXCHANGE,P-2026-05-STEP1,false,true,fe2e729999e256344083d6361a3cdc2ee94db81f5ede5cf717c26aa69358a531
REQ-000140,2026-05-28T13:20:00Z,random_context,OFF-0059,abdf3e234ce3687605069a60,Cybercrime Officer,4,CYBERCRIME,STATE_01_DIST_04_PS_03,STATE_01_DIST_04,STATE_01,HIGH,ACTIVE,NOT_ASSIGNED,REC-000095,4ea55cba83dc306bfa955910,CASE-00165,FINANCIAL_CRIME,CASE_DIARY,STATE_02_DIST_03_PS_01,STATE_02_DIST_03,STATE_02,POLICE,MEDIUM,false,false,false,false,OPEN,ACTIVE,false,false,false,true,INVESTIGATION,VIEW,false,false,NOT_REQUIRED,BUSINESS_HOURS,DEGRADED,ICJS_STYLE_EXCHANGE,P-2026-05-STEP1,false,true,091288a5baf665115e1488f5eae8eab5d87c3391a856da6debadb8df2e08adbf
REQ-000141,2026-05-27T18:48:00Z,cross_jurisdiction_sensitive,OFF-0185,30e751c660922e5216d51c20,Inspector,4,POLICE,STATE_01_DIST_02_PS_02,STATE_01_DIST_02,STATE_01,MEDIUM,ACTIVE,NOT_ASSIGNED,REC-000417,8e1a3ca6a9114e1881bc48b7,CASE-00048,GENERAL_THEFT,VICTIM_RECORD,STATE_03_DIST_01_PS_01,STATE_03_DIST_01,STATE_03,POLICE,HIGH,true,false,false,false,OPEN,ACTIVE,false,false,false,true,FORENSIC_REVIEW,DOWNLOAD,false,false,MISSING,BUSINESS_HOURS,DEGRADED,MANUAL_ESCALATION,P-2026-05-STEP1,false,true,7e9b809d3ce942c9cb575baca4c687d43e8f68c4175dca012d2f071d3578903c
REQ-000142,2026-05-27T21:18:00Z,normal_in_jurisdiction,OFF-0194,ade36a17fa7aeeef7c2513ee,Station House Officer,5,POLICE,STATE_01_DIST_02_PS_01,STATE_01_DIST_02,STATE_01,HIGH,ACTIVE,ASSIGNED,REC-000630,5735e1f43cfb1d05ceef90b4,CASE-00281,NARCOTICS,CYBERCRIME_COMPLAINT,STATE_01_DIST_02_PS_01,STATE_01_DIST_02,STATE_01,POLICE,MEDIUM,false,false,false,false,OPEN,ACTIVE,true,true,true,false,INVESTIGATION,VIEW,false,false,NOT_REQUIRED,AFTER_HOURS,ONLINE,ICJS_STYLE_EXCHANGE,P-2026-05-STEP1,false,true,49809f217014074e6d27e6e40246dfe2ccb1e8532ddd29fd2c61ffaf413be78f
REQ-000143,2026-05-28T06:59:00Z,emergency_override,OFF-0148,adb77e6ea2a2edb0afc7410d,Prosecutor Liaison,4,PROSECUTION,STATE_03_DIST_02_PS_02,STATE_03_DIST_02,STATE_03,MEDIUM,ACTIVE,NOT_ASSIGNED,REC-000232,2f09515fb47c95c60bae3db1,CASE-00231,FINANCIAL_CRIME,FORENSIC_REPORT,STATE_02_DIST_01_PS_03,STATE_02_DIST_01,STATE_02,POLICE,CLASSIFIED,false,false,false,false,OPEN,ACTIVE,false,false,false,true,EMERGENCY_RESPONSE,DOWNLOAD,true,false,PRESENT_VALID,AFTER_HOURS,ONLINE,ICJS_STYLE_EXCHANGE,P-2026-05-STEP1,false,true,9834b8607690a34379fa47e6743ae6667bb4bfb7fdf978bddf4023f24bc3837f
REQ-000144,2026-05-27T12:00:00Z,normal_in_jurisdiction,OFF-0236,3a6a5386535f809a826fc8a7,Inspector,4,POLICE,STATE_02_DIST_03_PS_03,STATE_02_DIST_03,STATE_02,MEDIUM,ACTIVE,ASSIGNED,REC-000233,95272f463d03a2186ae00bc6,CASE-00125,GENERAL_THEFT,CYBERCRIME_COMPLAINT,STATE_02_DIST_03_PS_03,STATE_02_DIST_03,STATE_02,POLICE,MEDIUM,false,false,false,false,OPEN,ACTIVE,true,true,true,false,INVESTIGATION,VIEW,false,false,NOT_REQUIRED,BUSINESS_HOURS,ONLINE,MANUAL_ESCALATION,P-2026-05-STEP1,false,true,3b9f2b3fe6c27a2b1e47e51cb0b1b790a1f2766d37bc3a6472e665fa1100b125
REQ-000145,2026-05-28T09:50:00Z,emergency_override,OFF-0072,012f7330673a61c61f1d0ef9,Sub-Inspector,3,POLICE,STATE_02_DIST_01_PS_02,STATE_02_DIST_01,STATE_02,MEDIUM,ACTIVE,NOT_ASSIGNED,REC-000049,0151519fbad7b5e83baba9a4,CASE-00172,MISSING_PERSON,VICTIM_RECORD,STATE_01_DIST_01_PS_02,STATE_01_DIST_01,STATE_01,POLICE,HIGH,true,false,false,false,OPEN,ACTIVE,false,false,false,true,EMERGENCY_RESPONSE,VIEW,true,false,PRESENT_VALID,BUSINESS_HOURS,DEGRADED,ICJS_STYLE_EXCHANGE,P-2026-05-STEP1,false,true,696d4c0bea2a8159d6de814ec526597b0f99b3a4910e8fecdc38801edb4ac877
REQ-000146,2026-05-28T00:20:00Z,court_request,OFF-0042,4bdedd9e1ddefe7a1e6434d1,Station House Officer,5,POLICE,STATE_01_DIST_01_PS_03,STATE_01_DIST_01,STATE_01,HIGH,ACTIVE,NOT_ASSIGNED,REC-000069,c3f180cb72fe055ae1475896,CASE-00031,WOMEN_CHILD_SAFETY,FIR_SUMMARY,STATE_02_DIST_01_PS_02,STATE_02_DIST_01,STATE_02,POLICE,HIGH,true,false,false,false,OPEN,ACTIVE,false,false,false,true,COURT_PRODUCTION,DOWNLOAD,false,true,PRESENT_VALID,BUSINESS_HOURS,ONLINE,MANUAL_ESCALATION,P-2026-05-STEP1,false,true,1b04c9ff2b90cd72e4863acbcb8aeea8ede399d6520448a01deb6d36874e7e78
REQ-000147,2026-05-27T09:48:00Z,cross_jurisdiction_sensitive,OFF-0192,3d55943653d0579351b1bb1c,Inspector,4,POLICE,STATE_02_DIST_01_PS_01,STATE_02_DIST_01,STATE_02,MEDIUM,ACTIVE,NOT_ASSIGNED,REC-000570,bbe429bf8ae90c1182e92d2e,CASE-00272,CYBER_FRAUD,WITNESS_STATEMENT,STATE_02_DIST_03_PS_01,STATE_02_DIST_03,STATE_02,POLICE,HIGH,false,true,false,false,OPEN,ARCHIVED,false,false,true,true,SUPERVISION,VIEW,false,false,MISSING,BUSINESS_HOURS,DEGRADED,CCTNS_STYLE_API,P-2026-05-STEP1,false,true,c05633f638a6f4a7b46a3f530f9b4595a1ae61f8e704d2045570b4a05e5a3ace
REQ-000148,2026-05-28T15:28:00Z,normal_in_jurisdiction,OFF-0240,2e90133c615ae26c343ba035,Head Constable,2,POLICE,STATE_03_DIST_04_PS_01,STATE_03_DIST_04,STATE_03,LOW,ACTIVE,ASSIGNED,REC-000379,081f8b348eb32537b20fc451,CASE-00182,JUVENILE_PROTECTION,CYBERCRIME_COMPLAINT,STATE_03_DIST_04_PS_01,STATE_03_DIST_04,STATE_03,POLICE,MEDIUM,false,false,true,false,OPEN,ACTIVE,true,true,true,false,INVESTIGATION,VIEW,false,false,NOT_REQUIRED,AFTER_HOURS,DEGRADED,MANUAL_ESCALATION,P-2026-05-STEP1,false,true,8dd247705d70887f2f9793f261089ca0c3f84c165a1e7a99062abf7ac6a55fa7
REQ-000149,2026-05-27T12:25:00Z,random_context,OFF-0125,97ea02f4f8fba926781c7fc5,Inspector,4,POLICE,STATE_02_DIST_03_PS_02,STATE_02_DIST_03,STATE_02,MEDIUM,ACTIVE,NOT_ASSIGNED,REC-000515,2f78e1f4884ee0d4cf5e7c7f,CASE-00284,MISSING_PERSON,CYBERCRIME_COMPLAINT,STATE_03_DIST_03_PS_02,STATE_03_DIST_03,STATE_03,POLICE,HIGH,false,false,false,false,OPEN,UNDER_REVIEW,false,false,false,true,SUPERVISION,VIEW,false,false,NOT_REQUIRED,BUSINESS_HOURS,DEGRADED,ICJS_STYLE_EXCHANGE,P-2026-05-STEP1,false,true,6fa017b24f5fc3f9c2ca933d1690f6588288377734a7248023dd111e82fe14a8
REQ-000150,2026-05-27T12:30:00Z,stale_case_assignment,OFF-0162,ec1ea596f81353f2d9f85816,Forensic Officer,4,FORENSIC,STATE_02_DIST_02_PS_01,STATE_02_DIST_02,STATE_02,HIGH,ACTIVE,STALE,REC-000888,ee55c8a6a4e3f5ecb860e4be,CASE-00298,NARCOTICS,CASE_DIARY,STATE_03_DIST_01_PS_03,STATE_03_DIST_01,STATE_03,POLICE,CLASSIFIED,false,false,false,false,OPEN,ARCHIVED,false,false,false,true,INVESTIGATION,UPDATE,false,false,MISSING,AFTER_HOURS,ONLINE,ICJS_STYLE_EXCHANGE,P-2026-05-STEP1,false,true,4e0a86a1b818dfbf21e27f3d8263601136273ce286ddaf4fb685f94edbdc5cee
REQ-000151,2026-05-28T11:14:00Z,emergency_override,OFF-0211,5e223aae914ba42e97c387c1,Constable,1,POLICE,STATE_02_DIST_01_PS_01,STATE_02_DIST_01,STATE_02,LOW,ACTIVE,NOT_ASSIGNED,REC-000792,6aabf48095821f12d5d59868,CASE-00094,FINANCIAL_CRIME,VICTIM_RECORD,STATE_02_DIST_03_PS_01,STATE_02_DIST_03,STATE_02,POLICE,CLASSIFIED,true,false,false,false,OPEN,UNDER_REVIEW,false,false,true,true,EMERGENCY_RESPONSE,SHARE,true,false,PRESENT_VALID,BUSINESS_HOURS,ONLINE,CCTNS_STYLE_API,P-2026-05-STEP1,false,true,c314d0d7ac6a92dc0aa70e3cd9a7b5f501f49caec547a27b0fb8041bd21e4f44
REQ-000152,2026-05-27T07:36:00Z,cross_jurisdiction_sensitive,OFF-0163,7ee6e3366f554e7379c63997,Head Constable,2,POLICE,STATE_01_DIST_01_PS_02,STATE_01_DIST_01,STATE_01,LOW,ACTIVE,NOT_ASSIGNED,REC-000393,1ed90992e302a5bc0272cda1,CASE-00110,NARCOTICS,FORENSIC_REPORT,STATE_02_DIST_03_PS_02,STATE_02_DIST_03,STATE_02,POLICE,HIGH,false,false,false,false,OPEN,ACTIVE,false,false,false,true,INVESTIGATION,VIEW,false,false,PRESENT_VALID,BUSINESS_HOURS,ONLINE,MANUAL_ESCALATION,P-2026-05-STEP1,false,true,b4ea52624a17033caaf658d2358c5032626e089549036005584c526c3f05d8bc
REQ-000153,2026-05-27T15:18:00Z,normal_in_jurisdiction,OFF-0193,4be2947fa44b5e03c9285de0,Constable,1,POLICE,STATE_02_DIST_04_PS_01,STATE_02_DIST_04,STATE_02,LOW,ACTIVE,ASSIGNED,REC-000812,7b291ea97b660dc95e52b341,CASE-00088,JUVENILE_PROTECTION,COURT_SUBMISSION,STATE_02_DIST_04_PS_01,STATE_02_DIST_04,STATE_02,POLICE,MEDIUM,false,false,true,false,OPEN,ACTIVE,true,true,true,false,INVESTIGATION,VIEW,false,false,NOT_REQUIRED,AFTER_HOURS,ONLINE,CCTNS_STYLE_API,P-2026-05-STEP1,false,true,718314c1eb71e50455a26a18234c51817ce6aeacff0b9c5dbfae578da00b5c0f
REQ-000154,2026-05-28T11:56:00Z,court_request,OFF-0108,f250eda449687032c1f3ce21,Head Constable,2,POLICE,STATE_03_DIST_02_PS_03,STATE_03_DIST_02,STATE_03,LOW,ACTIVE,NOT_ASSIGNED,REC-000684,85d4f1d703df76e03a0cb3a3,CASE-00281,NARCOTICS,EVIDENCE_MEDIA,STATE_01_DIST_02_PS_01,STATE_01_DIST_02,STATE_01,POLICE,CLASSIFIED,false,false,false,true,SEALED,ARCHIVED,false,false,false,true,COURT_PRODUCTION,VIEW,false,true,PRESENT_VALID,NIGHT,DEGRADED,MANUAL_ESCALATION,P-2026-05-STEP1,false,true,8703314a7e57c08416bfa595617fcadb9066ea6e7f647506998f29625928909f
REQ-000155,2026-05-27T12:55:00Z,emergency_override,OFF-0186,fe341f3994ddbba307367393,Forensic Officer,4,FORENSIC,STATE_03_DIST_01_PS_02,STATE_03_DIST_01,STATE_03,HIGH,ACTIVE,NOT_ASSIGNED,REC-000117,6d12fa3584ddb2f01bc14091,CASE-00226,VIOLENT_CRIME,VICTIM_RECORD,STATE_02_DIST_01_PS_02,STATE_02_DIST_01,STATE_02,POLICE,HIGH,true,false,false,false,OPEN,ACTIVE,false,false,false,true,EMERGENCY_RESPONSE,VIEW,true,false,MISSING,AFTER_HOURS,ONLINE,ICJS_STYLE_EXCHANGE,P-2026-05-STEP1,false,true,b030003b813306d47c87fbd3252177cb14c158b1c5aaa1b27a95227c0e2fd1e1
REQ-000156,2026-05-28T09:48:00Z,stale_case_assignment,OFF-0238,0d893c2441da140e8c46fc54,Senior Superintendent,6,POLICE,STATE_01_DIST_01_PS_03,STATE_01_DIST_01,STATE_01,CLASSIFIED,ACTIVE,STALE,REC-000708,570eb7fa38bcf5f5722f7399,CASE-00345,VIOLENT_CRIME,CASE_DIARY,STATE_02_DIST_03_PS_01,STATE_02_DIST_03,STATE_02,POLICE,CLASSIFIED,false,false,false,false,OPEN,ACTIVE,false,false,false,true,INVESTIGATION,VIEW,false,false,MISSING,BUSINESS_HOURS,ONLINE,ICJS_STYLE_EXCHANGE,P-2026-05-STEP1,false,true,1ce45aa428340b6272a8b89346cfd59404e453912e671f54d3fa5f6d1e102d24
REQ-000157,2026-05-27T20:56:00Z,expired_approval_token,OFF-0169,da8724df1e30e5c801778777,Inspector,4,POLICE,STATE_01_DIST_03_PS_03,STATE_01_DIST_03,STATE_01,MEDIUM,ACTIVE,NOT_ASSIGNED,REC-000586,0c5416ff376c02a72e644dba,CASE-00163,FINANCIAL_CRIME,COURT_SUBMISSION,STATE_03_DIST_02_PS_02,STATE_03_DIST_02,STATE_03,POLICE,MEDIUM,false,false,false,false,OPEN,UNDER_REVIEW,false,false,false,true,PROSECUTION_REVIEW,VIEW,false,false,EXPIRED,AFTER_HOURS,ONLINE,ICJS_STYLE_EXCHANGE,P-2026-05-STEP1,false,true,d1aa6aab6e682393a6ff8f352d3ddf699cc021a47635ec5928eaf3c14033f1ad
REQ-000158,2026-05-27T15:48:00Z,juvenile_sensitive,OFF-0223,f04272809174dac17c3936fd,Station House Officer,5,POLICE,STATE_03_DIST_04_PS_02,STATE_03_DIST_04,STATE_03,HIGH,ACTIVE,NOT_ASSIGNED,REC-000476,0265fa722eaf9f9e7f597fb4,CASE-00201,JUVENILE_PROTECTION,FORENSIC_REPORT,STATE_02_DIST_04_PS_02,STATE_02_DIST_04,STATE_02,POLICE,HIGH,false,false,true,false,OPEN,ACTIVE,false,false,false,true,INVESTIGATION,VIEW,false,false,PRESENT_VALID,AFTER_HOURS,ONLINE,CCTNS_STYLE_API,P-2026-05-STEP1,false,true,e3cb07dd520f6815033ebaf78b4d6375f114b774f6d2c21b93e66b3c3c4f4fea
REQ-000159,2026-05-27T07:57:00Z,expired_approval_token,OFF-0082,ad021cf14b60633e375d65f6,Constable,1,POLICE,STATE_01_DIST_03_PS_02,STATE_01_DIST_03,STATE_01,LOW,ACTIVE,NOT_ASSIGNED,REC-000632,e1b30d5e684655e83788cf32,CASE-00333,FINANCIAL_CRIME,COURT_SUBMISSION,STATE_01_DIST_04_PS_02,STATE_01_DIST_04,STATE_01,POLICE,HIGH,false,false,false,false,OPEN,ACTIVE,false,false,true,true,INVESTIGATION,VIEW,false,false,EXPIRED,BUSINESS_HOURS,ONLINE,MANUAL_ESCALATION,P-2026-05-STEP1,false,true,9b8ddbfa995ef4580849d1fd1170eab04c576c9ad5a4cce56791ffb0d0fd1a0e
REQ-000160,2026-05-28T05:20:00Z,cross_jurisdiction_sensitive,OFF-0164,eb2cec3f8312decabe6f3925,Station House Officer,5,POLICE,STATE_02_DIST_01_PS_01,STATE_02_DIST_01,STATE_02,HIGH,ACTIVE,NOT_ASSIGNED,REC-000463,c011f85cd776f501c3ad33a7,CASE-00165,FINANCIAL_CRIME,CASE_DIARY,STATE_02_DIST_03_PS_01,STATE_02_DIST_03,STATE_02,POLICE,HIGH,false,false,false,false,OPEN,ACTIVE,false,false,true,true,SUPERVISION,DOWNLOAD,false,false,PRESENT_VALID,BUSINESS_HOURS,ONLINE,MANUAL_ESCALATION,P-2026-05-STEP1,false,true,8e865cdcfbb5b572ff8c6d9d1aed804b8ca30b498702ee8e7f23805c7c3951b7
REQ-000161,2026-05-28T05:31:00Z,normal_in_jurisdiction,OFF-0056,614c14e8c660d73ace97d265,Constable,1,POLICE,STATE_03_DIST_02_PS_02,STATE_03_DIST_02,STATE_03,LOW,ACTIVE,ASSIGNED,REC-000519,c41b67b4eb7eaeb0d8a6bb62,CASE-00212,VIOLENT_CRIME,FIR_SUMMARY,STATE_03_DIST_02_PS_02,STATE_03_DIST_02,STATE_03,POLICE,MEDIUM,false,false,false,false,SEALED,UNDER_REVIEW,true,true,true,false,INVESTIGATION,VIEW,false,false,NOT_REQUIRED,BUSINESS_HOURS,DEGRADED,MANUAL_ESCALATION,P-2026-05-STEP1,false,true,cd33bc6883cc60959eef3bd1e60db713e994705683c4a1873455d263d1cb0582
REQ-000162,2026-05-27T05:24:00Z,emergency_override,OFF-0078,006fa23a737e20e3625debb8,Constable,1,POLICE,STATE_01_DIST_01_PS_02,STATE_01_DIST_01,STATE_01,LOW,ACTIVE,NOT_ASSIGNED,REC-000279,d4e159d315d1a164a192bf77,CASE-00305,MISSING_PERSON,CASE_DIARY,STATE_01_DIST_02_PS_01,STATE_01_DIST_02,STATE_01,POLICE,CLASSIFIED,false,false,false,false,OPEN,UNDER_REVIEW,false,false,true,true,EMERGENCY_RESPONSE,VIEW,true,false,PRESENT_VALID,BUSINESS_HOURS,ONLINE,MANUAL_ESCALATION,P-2026-05-STEP1,false,true,f14f73af5d0c64092ce903023d9b54d9fad8278435313869828daf9ac93bd80a
REQ-000163,2026-05-28T11:19:00Z,normal_in_jurisdiction,OFF-0167,a2884bcebf8616c20bdb4688,Head Constable,2,POLICE,STATE_03_DIST_03_PS_01,STATE_03_DIST_03,STATE_03,LOW,ACTIVE,ASSIGNED,REC-000396,34b21675c93019fd5a4c0262,CASE-00121,VIOLENT_CRIME,FIR_SUMMARY,STATE_03_DIST_03_PS_01,STATE_03_DIST_03,STATE_03,POLICE,LOW,false,false,false,false,OPEN,ACTIVE,true,true,true,false,INVESTIGATION,VIEW,false,false,NOT_REQUIRED,BUSINESS_HOURS,ONLINE,ICJS_STYLE_EXCHANGE,P-2026-05-STEP1,false,true,67f7380027b80ccd356409fd9b188199052f9e977800a2e17469f501b946033a
REQ-000164,2026-05-27T13:40:00Z,revoked_credential,OFF-0098,a2651cd5c21b20cc4d4edc22,Head Constable,2,POLICE,STATE_03_DIST_01_PS_01,STATE_03_DIST_01,STATE_03,LOW,REVOKED,NOT_ASSIGNED,REC-000095,4ea55cba83dc306bfa955910,CASE-00165,FINANCIAL_CRIME,CASE_DIARY,STATE_02_DIST_03_PS_01,STATE_02_DIST_03,STATE_02,POLICE,MEDIUM,false,false,false,false,OPEN,ACTIVE,false,false,false,true,AUDIT,SHARE,false,false,MISSING,BUSINESS_HOURS,ONLINE,CCTNS_STYLE_API,P-2026-05-STEP1,false,true,b779335d5ed915dad5c31a965d26c23aa2da81e8e28850136824ae86a57d4282
REQ-000165,2026-05-27T19:15:00Z,emergency_override,OFF-0195,b1ddf55c2af537d97ad1287a,Constable,1,POLICE,STATE_01_DIST_04_PS_01,STATE_01_DIST_04,STATE_01,LOW,ACTIVE,NOT_ASSIGNED,REC-000158,5a476d3f0563aeb86b0ba1d6,CASE-00280,VIOLENT_CRIME,CYBERCRIME_COMPLAINT,STATE_01_DIST_01_PS_02,STATE_01_DIST_01,STATE_01,POLICE,HIGH,false,false,false,false,OPEN,UNDER_REVIEW,false,false,true,true,EMERGENCY_RESPONSE,VIEW,true,false,PRESENT_VALID,NIGHT,ONLINE,CCTNS_STYLE_API,P-2026-05-STEP1,false,true,cc6b3b32e728318136d62738a49f63963df19678b4150196850bfbdad7881151
REQ-000166,2026-05-27T13:50:00Z,random_context,OFF-0111,f65ad458155d09405f8da86c,Inspector,4,POLICE,STATE_02_DIST_04_PS_03,STATE_02_DIST_04,STATE_02,MEDIUM,ACTIVE,NOT_ASSIGNED,REC-000351,be8cf0b2d2aedc05e13844a3,CASE-00303,CYBER_FRAUD,VICTIM_RECORD,STATE_02_DIST_02_PS_01,STATE_02_DIST_02,STATE_02,POLICE,CLASSIFIED,true,false,false,false,OPEN,ACTIVE,false,false,true,true,PROSECUTION_REVIEW,VIEW,false,false,MISSING,BUSINESS_HOURS,DEGRADED,CCTNS_STYLE_API,P-2026-05-STEP1,false,true,bae97d583e25abef6bb37ae811631dc81cd9dc0b8cf083795ef153b880db8cdb
REQ-000167,2026-05-28T03:50:00Z,normal_in_jurisdiction,OFF-0075,b4d11e5f08de15f8b7a05319,Forensic Officer,4,FORENSIC,STATE_01_DIST_03_PS_01,STATE_01_DIST_03,STATE_01,HIGH,ACTIVE,ASSIGNED,REC-000166,b4c023d7b119f20e5d0e1666,CASE-00007,NARCOTICS,COURT_SUBMISSION,STATE_01_DIST_03_PS_01,STATE_01_DIST_03,STATE_01,POLICE,MEDIUM,false,false,false,false,OPEN,UNDER_REVIEW,true,true,true,false,INVESTIGATION,VIEW,false,false,NOT_REQUIRED,BUSINESS_HOURS,DEGRADED,ICJS_STYLE_EXCHANGE,P-2026-05-STEP1,false,true,89170a0de250074df842e52b3b0a1ade4c8abacfbb871935bccbcad62327fd67
REQ-000168,2026-05-28T06:48:00Z,emergency_override,OFF-0082,ad021cf14b60633e375d65f6,Constable,1,POLICE,STATE_01_DIST_03_PS_02,STATE_01_DIST_03,STATE_01,LOW,ACTIVE,NOT_ASSIGNED,REC-000539,51b0d84c84cb0038b769a6fd,CASE-00068,FINANCIAL_CRIME,CYBERCRIME_COMPLAINT,STATE_03_DIST_02_PS_01,STATE_03_DIST_02,STATE_03,POLICE,HIGH,false,false,false,false,OPEN,ACTIVE,false,false,false,true,EMERGENCY_RESPONSE,VIEW,true,false,MISSING,BUSINESS_HOURS,DEGRADED,ICJS_STYLE_EXCHANGE,P-2026-05-STEP1,false,true,fd7f8e14c4770452c5fa30dff84e9f4ef08a2647a5d8f2f3ae0a4fabf850f439
REQ-000169,2026-05-28T01:21:00Z,cross_jurisdiction_sensitive,OFF-0183,95ff51d542090c1b60accce5,Inspector,4,POLICE,STATE_03_DIST_02_PS_02,STATE_03_DIST_02,STATE_03,MEDIUM,ACTIVE,NOT_ASSIGNED,REC-000247,3fad45ed842e9179a901ac73,CASE-00190,CYBER_FRAUD,WITNESS_STATEMENT,STATE_02_DIST_02_PS_01,STATE_02_DIST_02,STATE_02,POLICE,HIGH,false,true,false,false,OPEN,ACTIVE,false,false,false,true,INVESTIGATION,UPDATE,false,false,MISSING,BUSINESS_HOURS,ONLINE,CCTNS_STYLE_API,P-2026-05-STEP1,false,true,597c1b0d918f6e4b259abaaf80e54dfe5f5481f564247ddabaa2939c708e0a6b
REQ-000170,2026-05-28T01:30:00Z,cross_jurisdiction_sensitive,OFF-0074,0cef9a18606529b664cb0b3f,Cybercrime Officer,4,CYBERCRIME,STATE_03_DIST_02_PS_01,STATE_03_DIST_02,STATE_03,HIGH,ACTIVE,NOT_ASSIGNED,REC-000248,19d91561ded3d1723d97b056,CASE-00026,CYBER_FRAUD,FORENSIC_REPORT,STATE_01_DIST_02_PS_02,STATE_01_DIST_02,STATE_01,POLICE,HIGH,false,false,false,false,OPEN,UNDER_REVIEW,false,false,false,true,INVESTIGATION,VIEW,false,false,PRESENT_VALID,BUSINESS_HOURS,DEGRADED,CCTNS_STYLE_API,P-2026-05-STEP1,false,true,b3823c1803cf4f0184951649675ca1406c59e9bdb18c503cf35f6df860f8d2d3
REQ-000171,2026-05-28T21:36:00Z,emergency_override,OFF-0087,5226641dfbffc5688ec0818a,Sub-Inspector,3,POLICE,STATE_01_DIST_02_PS_03,STATE_01_DIST_02,STATE_01,MEDIUM,ACTIVE,NOT_ASSIGNED,REC-000474,8ba047dcb06061d980da4456,CASE-00146,MISSING_PERSON,EVIDENCE_MEDIA,STATE_02_DIST_01_PS_01,STATE_02_DIST_01,STATE_02,POLICE,HIGH,false,false,false,true,OPEN,ACTIVE,false,false,false,true,EMERGENCY_RESPONSE,APPROVE,true,false,PRESENT_VALID,AFTER_HOURS,ONLINE,CCTNS_STYLE_API,P-2026-05-STEP1,false,true,dffd72645c5707848610b534401d938c4ec27c48d4baaae196f5329ecc6b50be
REQ-000172,2026-05-27T11:28:00Z,juvenile_sensitive,OFF-0193,4be2947fa44b5e03c9285de0,Constable,1,POLICE,STATE_02_DIST_04_PS_01,STATE_02_DIST_04,STATE_02,LOW,ACTIVE,NOT_ASSIGNED,REC-000660,ed2e4026b7249509166c6691,CASE-00046,FINANCIAL_CRIME,JUVENILE_RECORD,STATE_01_DIST_02_PS_03,STATE_01_DIST_02,STATE_01,POLICE,HIGH,false,false,true,false,OPEN,ACTIVE,false,false,false,true,INVESTIGATION,VIEW,false,false,PRESENT_VALID,BUSINESS_HOURS,ONLINE,ICJS_STYLE_EXCHANGE,P-2026-05-STEP1,false,true,a088208d520da49746af988eaa8abc134fbd76e03cbcffd8872191d2545900cb
REQ-000173,2026-05-28T16:22:00Z,cross_jurisdiction_sensitive,OFF-0184,c0fc3111ae7a563a9f54250e,Inspector,4,POLICE,STATE_03_DIST_04_PS_02,STATE_03_DIST_04,STATE_03,MEDIUM,ACTIVE,NOT_ASSIGNED,REC-000268,c4075db33966cb270b3f46bb,CASE-00302,CYBER_FRAUD,FIR_SUMMARY,STATE_01_DIST_04_PS_02,STATE_01_DIST_04,STATE_01,POLICE,HIGH,false,false,false,false,OPEN,ACTIVE,false,false,false,true,FORENSIC_REVIEW,VIEW,false,false,PRESENT_VALID,BUSINESS_HOURS,DEGRADED,MANUAL_ESCALATION,P-2026-05-STEP1,false,true,1af5b13d018d791cd607dd72409b01d3b2ed2a10b2df2e1c4838918de7b05c68
REQ-000174,2026-05-27T23:12:00Z,normal_in_jurisdiction,OFF-0055,e246494264abad2f32845507,Inspector,4,POLICE,STATE_01_DIST_04_PS_03,STATE_01_DIST_04,STATE_01,MEDIUM,ACTIVE,NOT_ASSIGNED,REC-000634,3be862e685c83a2a19e0c1ca,CASE-00029,WOMEN_CHILD_SAFETY,FORENSIC_REPORT,STATE_02_DIST_02_PS_03,STATE_02_DIST_02,STATE_02,POLICE,CLASSIFIED,true,false,false,false,OPEN,ACTIVE,false,false,false,true,INVESTIGATION,VIEW,false,false,NOT_REQUIRED,BUSINESS_HOURS,ONLINE,ICJS_STYLE_EXCHANGE,P-2026-05-STEP1,false,true,77b8c76427f90c5f000f7f3935f971350b327e88cb563b65fff789f99ad77364
REQ-000175,2026-05-28T11:00:00Z,sealed_record,OFF-0145,733b1499389b250473119b5c,Cybercrime Officer,4,CYBERCRIME,STATE_01_DIST_03_PS_02,STATE_01_DIST_03,STATE_01,HIGH,ACTIVE,NOT_ASSIGNED,REC-000309,9aa2dd388a2cb05a6a11c1bf,CASE-00138,FINANCIAL_CRIME,COURT_SUBMISSION,STATE_03_DIST_04_PS_01,STATE_03_DIST_04,STATE_03,POLICE,MEDIUM,false,false,false,false,SEALED,ACTIVE,false,false,false,true,COURT_PRODUCTION,VIEW,false,true,PRESENT_VALID,BUSINESS_HOURS,ONLINE,MANUAL_ESCALATION,P-2026-05-STEP1,false,true,105c10255591e6c7a0e861edfc89bf63b3743bc885c9b1522dc4295419e5c42a
REQ-000176,2026-05-28T11:12:00Z,cross_jurisdiction_sensitive,OFF-0016,5d49251d25024e2ef906fcfa,Sub-Inspector,3,POLICE,STATE_03_DIST_01_PS_01,STATE_03_DIST_01,STATE_03,MEDIUM,ACTIVE,NOT_ASSIGNED,REC-000501,5e42dfb878f0ad90838bae74,CASE-00347,NARCOTICS,VICTIM_RECORD,STATE_01_DIST_01_PS_01,STATE_01_DIST_01,STATE_01,POLICE,HIGH,true,false,false,false,OPEN,ACTIVE,false,false,false,true,SUPERVISION,VIEW,false,false,MISSING,BUSINESS_HOURS,ONLINE,MANUAL_ESCALATION,P-2026-05-STEP1,false,true,8228b7f24a2ed03b17d35daf2b15ddc3c2c666e4c75a2dac2ec699e8f4b52c6d
REQ-000177,2026-05-28T20:15:00Z,normal_in_jurisdiction,OFF-0055,e246494264abad2f32845507,Inspector,4,POLICE,STATE_01_DIST_04_PS_03,STATE_01_DIST_04,STATE_01,MEDIUM,ACTIVE,NOT_ASSIGNED,REC-000258,e3e5b4041ee0b486122ef35b,CASE-00279,JUVENILE_PROTECTION,CASE_DIARY,STATE_02_DIST_04_PS_03,STATE_02_DIST_04,STATE_02,POLICE,HIGH,false,false,true,false,OPEN,ARCHIVED,false,false,false,true,INVESTIGATION,VIEW,false,false,NOT_REQUIRED,BUSINESS_HOURS,DEGRADED,ICJS_STYLE_EXCHANGE,P-2026-05-STEP1,false,true,fb0a3f376d590d8828aa499da8bf8f0c83e9b32ded977dce3d5d089065de7317
REQ-000178,2026-05-28T08:38:00Z,stale_case_assignment,OFF-0032,087843a059da3833acdab60b,Head Constable,2,POLICE,STATE_03_DIST_02_PS_03,STATE_03_DIST_02,STATE_03,LOW,ACTIVE,STALE,REC-000075,6a40e28a9342f16dc5165083,CASE-00020,JUVENILE_PROTECTION,CYBERCRIME_COMPLAINT,STATE_02_DIST_02_PS_01,STATE_02_DIST_02,STATE_02,POLICE,HIGH,false,false,true,false,OPEN,ARCHIVED,false,false,false,true,INVESTIGATION,VIEW,false,false,MISSING,AFTER_HOURS,ONLINE,CCTNS_STYLE_API,P-2026-05-STEP1,false,true,c85a42923b65023820acb20f24bf1ba8b50598785c71a1758d91cdbca2e6af3e
REQ-000179,2026-05-28T11:48:00Z,juvenile_sensitive,OFF-0229,910fbfbd952d337d55470015,Head Constable,2,POLICE,STATE_02_DIST_03_PS_03,STATE_02_DIST_03,STATE_02,LOW,ACTIVE,NOT_ASSIGNED,REC-000759,19e175daeb23a7b7e4767fb9,CASE-00201,JUVENILE_PROTECTION,VICTIM_RECORD,STATE_02_DIST_04_PS_02,STATE_02_DIST_04,STATE_02,POLICE,MEDIUM,true,false,true,false,SEALED,ACTIVE,false,false,true,true,INVESTIGATION,VIEW,false,false,MISSING,BUSINESS_HOURS,ONLINE,MANUAL_ESCALATION,P-2026-05-STEP1,false,true,3ef0b0f336b8378d487a297f168b8e458d6393bac12404a8003aaf917356b428
REQ-000180,2026-05-28T21:00:00Z,normal_in_jurisdiction,OFF-0222,fed71b6f957fb445cdad7897,Constable,1,POLICE,STATE_03_DIST_01_PS_02,STATE_03_DIST_01,STATE_03,LOW,ACTIVE,ASSIGNED,REC-000635,9ef7805d5e451525d9e7038e,CASE-00003,VIOLENT_CRIME,FIR_SUMMARY,STATE_03_DIST_01_PS_02,STATE_03_DIST_01,STATE_03,POLICE,LOW,false,false,false,false,OPEN,ACTIVE,true,true,true,false,INVESTIGATION,VIEW,false,false,NOT_REQUIRED,AFTER_HOURS,ONLINE,CCTNS_STYLE_API,P-2026-05-STEP1,false,true,5c1f41f5ca96b4c17fa5abb1546b54a0a3cfbf5d1d89a43b6d92f570bb1f32bb
REQ-000181,2026-05-27T12:04:00Z,sealed_record,OFF-0235,a4932d929933c3c8b03681a3,Constable,1,POLICE,STATE_01_DIST_01_PS_03,STATE_01_DIST_01,STATE_01,LOW,ACTIVE,NOT_ASSIGNED,REC-000428,720bf6c497722937465299f7,CASE-00343,MISSING_PERSON,CASE_DIARY,STATE_01_DIST_04_PS_01,STATE_01_DIST_04,STATE_01,POLICE,CLASSIFIED,false,false,false,false,SEALED,ACTIVE,false,false,true,true,INVESTIGATION,VIEW,false,false,MISSING,AFTER_HOURS,DEGRADED,CCTNS_STYLE_API,P-2026-05-STEP1,false,true,f72d9690df886bb48bad37e8308ab1f7e9a82c40c2d2e821f89c7975210d7fa2
REQ-000182,2026-05-27T12:08:00Z,juvenile_sensitive,OFF-0009,48f5470b8ce4df5af3e82ab0,Prosecutor Liaison,4,PROSECUTION,STATE_01_DIST_02_PS_03,STATE_01_DIST_02,STATE_01,MEDIUM,ACTIVE,NOT_ASSIGNED,REC-000686,80b0b04a04631a2d56ecbd71,CASE-00356,VIOLENT_CRIME,JUVENILE_RECORD,STATE_02_DIST_03_PS_02,STATE_02_DIST_03,STATE_02,POLICE,HIGH,false,false,true,false,OPEN,ARCHIVED,false,false,false,true,INVESTIGATION,VIEW,false,false,PRESENT_VALID,BUSINESS_HOURS,ONLINE,ICJS_STYLE_EXCHANGE,P-2026-05-STEP1,false,true,bce342ca44e36582f7a9ea2e4396942b344f649c586997920a1f04e976704e4a
REQ-000183,2026-05-28T03:27:00Z,court_request,OFF-0104,bacbc9ea0ca5c88caca1fb35,Sub-Inspector,3,POLICE,STATE_01_DIST_03_PS_03,STATE_01_DIST_03,STATE_01,MEDIUM,ACTIVE,NOT_ASSIGNED,REC-000767,148f5201e446b9e7af6ac7c4,CASE-00128,FINANCIAL_CRIME,FORENSIC_REPORT,STATE_01_DIST_01_PS_01,STATE_01_DIST_01,STATE_01,POLICE,HIGH,false,false,false,false,OPEN,ACTIVE,false,false,true,true,COURT_PRODUCTION,VIEW,false,true,PRESENT_VALID,BUSINESS_HOURS,DEGRADED,CCTNS_STYLE_API,P-2026-05-STEP1,false,true,aa4612385ffda54299de29c6deeb56b402ad106c7ad40ad6550765520f24a383
REQ-000184,2026-05-27T15:20:00Z,random_context,OFF-0138,3cc947c5caadabb45a541b46,Constable,1,POLICE,STATE_03_DIST_01_PS_01,STATE_03_DIST_01,STATE_03,LOW,ACTIVE,NOT_ASSIGNED,REC-000704,cdbff94eb4945538043436c1,CASE-00065,VIOLENT_CRIME,CYBERCRIME_COMPLAINT,STATE_02_DIST_04_PS_02,STATE_02_DIST_04,STATE_02,POLICE,HIGH,false,false,false,false,SEALED,ACTIVE,false,false,false,true,INVESTIGATION,VIEW,false,false,MISSING,AFTER_HOURS,DEGRADED,CCTNS_STYLE_API,P-2026-05-STEP1,false,true,fbf315594f2c6051913377f371f2420e6540e5b7810db36bb6d83250faa9b733
REQ-000185,2026-05-29T01:20:00Z,random_context,OFF-0173,5d29ee05d50fe82bba4375d8,Sub-Inspector,3,POLICE,STATE_02_DIST_02_PS_01,STATE_02_DIST_02,STATE_02,MEDIUM,ACTIVE,NOT_ASSIGNED,REC-000828,5a1033bd9e2acc6a1296cf3e,CASE-00328,WOMEN_CHILD_SAFETY,CYBERCRIME_COMPLAINT,STATE_03_DIST_02_PS_02,STATE_03_DIST_02,STATE_03,POLICE,HIGH,true,false,false,false,SEALED,UNDER_REVIEW,false,false,false,true,PROSECUTION_REVIEW,VIEW,false,false,NOT_REQUIRED,AFTER_HOURS,ONLINE,CCTNS_STYLE_API,P-2026-05-STEP1,false,true,ab36cd54cf369dd12dced3b2b0487d7e9e1f922a74b875d3b26d3000b6a4b064
REQ-000186,2026-05-28T22:30:00Z,emergency_override,OFF-0121,e35de54e8ce29e22aa4fb84d,Constable,1,POLICE,STATE_01_DIST_04_PS_03,STATE_01_DIST_04,STATE_01,LOW,ACTIVE,NOT_ASSIGNED,REC-000245,e2ff4d5969aefec4bef47d9d,CASE-00057,MISSING_PERSON,EVIDENCE_MEDIA,STATE_03_DIST_03_PS_02,STATE_03_DIST_03,STATE_03,POLICE,CLASSIFIED,false,false,false,true,OPEN,UNDER_REVIEW,false,false,false,true,EMERGENCY_RESPONSE,VIEW,true,false,MISSING,NIGHT,ONLINE,CCTNS_STYLE_API,P-2026-05-STEP1,false,true,609d573b170cc2740f84e508448d7884ccfbbb0f1abdfc32625fe48537136cd4
REQ-000187,2026-05-28T13:24:00Z,normal_in_jurisdiction,OFF-0232,8e0a9feb90e3ea8a4997b70d,Sub-Inspector,3,POLICE,STATE_03_DIST_03_PS_01,STATE_03_DIST_03,STATE_03,MEDIUM,ACTIVE,ASSIGNED,REC-000629,c14c6c27edacd158510d86ae,CASE-00051,GENERAL_THEFT,FIR_SUMMARY,STATE_03_DIST_03_PS_01,STATE_03_DIST_03,STATE_03,POLICE,MEDIUM,false,false,false,false,OPEN,ACTIVE,true,true,true,false,INVESTIGATION,VIEW,false,false,NOT_REQUIRED,AFTER_HOURS,ONLINE,CCTNS_STYLE_API,P-2026-05-STEP1,false,true,26a3bae19d2552269d1bff29b5694fb94d8a7f989dd315b7d94beb2ffe80a673
REQ-000188,2026-05-27T12:32:00Z,juvenile_sensitive,OFF-0163,7ee6e3366f554e7379c63997,Head Constable,2,POLICE,STATE_01_DIST_01_PS_02,STATE_01_DIST_01,STATE_01,LOW,ACTIVE,NOT_ASSIGNED,REC-000138,efc254275269a6226b4fd601,CASE-00072,JUVENILE_PROTECTION,FORENSIC_REPORT,STATE_03_DIST_04_PS_01,STATE_03_DIST_04,STATE_03,POLICE,CLASSIFIED,false,false,true,false,OPEN,ACTIVE,false,false,false,true,INVESTIGATION,VIEW,false,false,MISSING,BUSINESS_HOURS,ONLINE,CCTNS_STYLE_API,P-2026-05-STEP1,false,true,ede23c09688307aa3a59ede040ed56b58fe0f79a8be974f646135ceeddbeca2c
REQ-000189,2026-05-27T06:18:00Z,random_context,OFF-0037,61f9c30ebf940f606c1a2520,Sub-Inspector,3,POLICE,STATE_02_DIST_03_PS_03,STATE_02_DIST_03,STATE_02,MEDIUM,ACTIVE,NOT_ASSIGNED,REC-000384,fe9058bed6465d20bca094d3,CASE-00222,CYBER_FRAUD,FORENSIC_REPORT,STATE_02_DIST_03_PS_02,STATE_02_DIST_03,STATE_02,POLICE,CLASSIFIED,false,false,false,false,OPEN,ACTIVE,false,true,true,false,AUDIT,VIEW,false,false,MISSING,BUSINESS_HOURS,ONLINE,MANUAL_ESCALATION,P-2026-05-STEP1,false,true,31f5e2ccedf24112c85f0b60103250ed5aaf582d2d72890472200c77faf19689
REQ-000190,2026-05-28T07:40:00Z,juvenile_sensitive,OFF-0187,dea3496d0907b239fdcdd5a2,Head Constable,2,POLICE,STATE_03_DIST_04_PS_02,STATE_03_DIST_04,STATE_03,LOW,ACTIVE,NOT_ASSIGNED,REC-000446,dcd08b3ca22c6a94ae8a5f03,CASE-00128,FINANCIAL_CRIME,JUVENILE_RECORD,STATE_01_DIST_01_PS_01,STATE_01_DIST_01,STATE_01,POLICE,HIGH,false,false,true,false,OPEN,ACTIVE,false,false,false,true,INVESTIGATION,VIEW,false,false,PRESENT_VALID,BUSINESS_HOURS,ONLINE,ICJS_STYLE_EXCHANGE,P-2026-05-STEP1,false,true,23a0d91169eb75e05073de002bd72ce60a64dd89bf02a7d1f3351dfd50bb5caf
REQ-000191,2026-05-27T19:06:00Z,sealed_record,OFF-0137,b5c2c2becf92b9e253d997f4,Sub-Inspector,3,POLICE,STATE_02_DIST_04_PS_03,STATE_02_DIST_04,STATE_02,MEDIUM,ACTIVE,NOT_ASSIGNED,REC-000739,6969bc27b1c05b9059519252,CASE-00252,NARCOTICS,VICTIM_RECORD,STATE_03_DIST_02_PS_02,STATE_03_DIST_02,STATE_03,POLICE,HIGH,true,false,false,false,SEALED,ACTIVE,false,false,false,true,INVESTIGATION,SHARE,false,false,MISSING,BUSINESS_HOURS,STATION_NODE_DOWN,MANUAL_ESCALATION,P-2026-05-STEP1,false,true,fa59db24956018a96259ef0714cac0e45d3e6668a272b447983ef4136d3af408
REQ-000192,2026-05-28T01:36:00Z,stale_case_assignment,OFF-0105,acd11cf62713639d9ec501cd,Senior Superintendent,6,POLICE,STATE_03_DIST_04_PS_02,STATE_03_DIST_04,STATE_03,CLASSIFIED,ACTIVE,STALE,REC-000009,63c910ce62e656e7950b3fc5,CASE-00002,GENERAL_THEFT,JUVENILE_RECORD,STATE_01_DIST_03_PS_02,STATE_01_DIST_03,STATE_01,POLICE,CLASSIFIED,false,false,true,false,OPEN,ACTIVE,false,false,false,true,INVESTIGATION,DOWNLOAD,false,false,MISSING,NIGHT,ONLINE,ICJS_STYLE_EXCHANGE,P-2026-05-STEP1,false,true,45cdf7f379177f8e7d4af97593856aa55209cc681ad9a56eb9b78f8c7da61018
REQ-000193,2026-05-28T21:02:00Z,sealed_record,OFF-0027,0333fdd2d35c528a38a1dbe4,Constable,1,POLICE,STATE_02_DIST_01_PS_01,STATE_02_DIST_01,STATE_02,LOW,ACTIVE,NOT_ASSIGNED,REC-000582,8bda4bef783bd0a2841c41de,CASE-00086,VIOLENT_CRIME,FIR_SUMMARY,STATE_03_DIST_02_PS_02,STATE_03_DIST_02,STATE_03,POLICE,HIGH,false,false,false,false,SEALED,ACTIVE,false,false,false,true,INVESTIGATION,UPDATE,false,false,PRESENT_VALID,AFTER_HOURS,DEGRADED,CCTNS_STYLE_API,P-2026-05-STEP1,false,true,99f2c7133b3ae0ad6209acf514eedb0e0fe055bb408d9ee1f01080da9e2db271
REQ-000194,2026-05-28T14:48:00Z,normal_in_jurisdiction,OFF-0114,80474f2be101fe342f3d27b8,Constable,1,POLICE,STATE_01_DIST_01_PS_02,STATE_01_DIST_01,STATE_01,LOW,ACTIVE,NOT_ASSIGNED,REC-000694,a0f405d28cc064a49ae643d4,CASE-00156,FINANCIAL_CRIME,FORENSIC_REPORT,STATE_02_DIST_02_PS_01,STATE_02_DIST_02,STATE_02,POLICE,HIGH,false,false,false,false,SEALED,ACTIVE,false,false,false,true,INVESTIGATION,VIEW,false,false,NOT_REQUIRED,NIGHT,ONLINE,CCTNS_STYLE_API,P-2026-05-STEP1,false,true,203b156a687627953fc5f6aac9f9c890e9cb2a61de67e194c79e382829fdd693
REQ-000195,2026-05-27T09:45:00Z,expired_approval_token,OFF-0085,17c3357ea795f04352db1db0,Head Constable,2,POLICE,STATE_03_DIST_03_PS_03,STATE_03_DIST_03,STATE_03,LOW,ACTIVE,NOT_ASSIGNED,REC-000470,6a2e764a7c5c098cd2bd4b1e,CASE-00306,NARCOTICS,CYBERCRIME_COMPLAINT,STATE_02_DIST_01_PS_02,STATE_02_DIST_01,STATE_02,POLICE,HIGH,false,false,false,false,OPEN,ACTIVE,false,false,false,true,INVESTIGATION,VIEW,false,false,EXPIRED,AFTER_HOURS,ONLINE,MANUAL_ESCALATION,P-2026-05-STEP1,false,true,fd5c3f447b21ccd9435f247e01e486aa3b31106fce2dee7ec57680b00f0280d9
REQ-000196,2026-05-29T07:32:00Z,cross_jurisdiction_sensitive,OFF-0032,087843a059da3833acdab60b,Head Constable,2,POLICE,STATE_03_DIST_02_PS_03,STATE_03_DIST_02,STATE_03,LOW,ACTIVE,NOT_ASSIGNED,REC-000450,b633e7b814cf174a43cb626e,CASE-00302,CYBER_FRAUD,CYBERCRIME_COMPLAINT,STATE_01_DIST_04_PS_02,STATE_01_DIST_04,STATE_01,POLICE,HIGH,false,false,false,false,OPEN,ARCHIVED,false,false,false,true,FORENSIC_REVIEW,VIEW,false,false,PRESENT_VALID,BUSINESS_HOURS,ONLINE,ICJS_STYLE_EXCHANGE,P-2026-05-STEP1,false,true,7c54744afabdc7d7f551feb656ed9b82adc6b831cfd43177485dc0974c112282
REQ-000197,2026-05-29T07:49:00Z,random_context,OFF-0230,f59f4c244c14d1c05b3b5fef,Inspector,4,POLICE,STATE_02_DIST_04_PS_01,STATE_02_DIST_04,STATE_02,MEDIUM,ACTIVE,NOT_ASSIGNED,REC-000686,80b0b04a04631a2d56ecbd71,CASE-00356,VIOLENT_CRIME,JUVENILE_RECORD,STATE_02_DIST_03_PS_02,STATE_02_DIST_03,STATE_02,POLICE,HIGH,false,false,true,false,OPEN,ARCHIVED,false,false,true,true,SUPERVISION,VIEW,false,false,PRESENT_VALID,BUSINESS_HOURS,ONLINE,CCTNS_STYLE_API,P-2026-05-STEP1,false,true,dd2f3d2c550bb17f3757d730b561ef7776524d02b2e6a00e0c7895042b4ea5ce
REQ-000198,2026-05-29T04:48:00Z,normal_in_jurisdiction,OFF-0217,fdc97c18ce18a70d495aa065,Sub-Inspector,3,POLICE,STATE_03_DIST_01_PS_01,STATE_03_DIST_01,STATE_03,MEDIUM,ACTIVE,ASSIGNED,REC-000124,18d1592d4e115ec7275f6778,CASE-00032,GENERAL_THEFT,VICTIM_RECORD,STATE_03_DIST_01_PS_01,STATE_03_DIST_01,STATE_03,POLICE,MEDIUM,true,false,false,false,OPEN,ACTIVE,true,true,true,false,INVESTIGATION,VIEW,false,false,NOT_REQUIRED,AFTER_HOURS,ONLINE,MANUAL_ESCALATION,P-2026-05-STEP1,false,true,f1cb12c7fc170a8e32f19c2aa04395a7e92fbed07a5b71827aff3d7ad004d0a8
REQ-000199,2026-05-27T13:16:00Z,normal_in_jurisdiction,OFF-0055,e246494264abad2f32845507,Inspector,4,POLICE,STATE_01_DIST_04_PS_03,STATE_01_DIST_04,STATE_01,MEDIUM,ACTIVE,NOT_ASSIGNED,REC-000313,c8f01730ecab5910a8d417bf,CASE-00351,CYBER_FRAUD,CYBERCRIME_COMPLAINT,STATE_01_DIST_04_PS_02,STATE_01_DIST_04,STATE_01,POLICE,HIGH,false,false,false,false,OPEN,ACTIVE,false,true,true,false,INVESTIGATION,VIEW,false,false,NOT_REQUIRED,AFTER_HOURS,ONLINE,CCTNS_STYLE_API,P-2026-05-STEP1,false,true,5aff93995fbaaea0ae058ab38db1abd25894e0315da17138f6dab4854fee204c
REQ-000200,2026-05-27T20:00:00Z,normal_in_jurisdiction,OFF-0012,1e6c5e762b98d4b3d94fa258,Station House Officer,5,POLICE,STATE_01_DIST_03_PS_03,STATE_01_DIST_03,STATE_01,HIGH,ACTIVE,ASSIGNED,REC-000290,17ebb06a599dae60d15c8174,CASE-00120,VIOLENT_CRIME,FIR_SUMMARY,STATE_01_DIST_03_PS_03,STATE_01_DIST_03,STATE_01,POLICE,LOW,false,false,false,false,OPEN,ACTIVE,true,true,true,false,INVESTIGATION,VIEW,false,false,NOT_REQUIRED,AFTER_HOURS,ONLINE,MANUAL_ESCALATION,P-2026-05-STEP1,false,true,d7ef53136db30c7a5b5e85f52e9ccc82cb18a106323d7ee83993b4fc2707df3c
REQ-000201,2026-05-29T02:15:00Z,normal_in_jurisdiction,OFF-0066,a07f98edb4eac55d9fa73ffe,Sub-Inspector,3,POLICE,STATE_01_DIST_01_PS_02,STATE_01_DIST_01,STATE_01,MEDIUM,ACTIVE,NOT_ASSIGNED,REC-000812,7b291ea97b660dc95e52b341,CASE-00088,JUVENILE_PROTECTION,COURT_SUBMISSION,STATE_02_DIST_04_PS_01,STATE_02_DIST_04,STATE_02,POLICE,MEDIUM,false,false,true,false,OPEN,ACTIVE,false,false,false,true,INVESTIGATION,VIEW,false,false,NOT_REQUIRED,AFTER_HOURS,ONLINE,CCTNS_STYLE_API,P-2026-05-STEP1,false,true,fbed5e671ef35be978fe634258f189bbdecef0c08b86051c1beddfae4133a36d
REQ-000202,2026-05-28T19:46:00Z,emergency_override,OFF-0081,e432fb8e9e7dd060765bcd20,Head Constable,2,POLICE,STATE_01_DIST_02_PS_02,STATE_01_DIST_02,STATE_01,LOW,ACTIVE,NOT_ASSIGNED,REC-000652,65d9efe8345b7c1563e6df73,CASE-00197,JUVENILE_PROTECTION,CASE_DIARY,STATE_02_DIST_02_PS_02,STATE_02_DIST_02,STATE_02,POLICE,HIGH,false,false,true,false,OPEN,ARCHIVED,false,false,false,true,EMERGENCY_RESPONSE,VIEW,true,false,MISSING,BUSINESS_HOURS,ONLINE,CCTNS_STYLE_API,P-2026-05-STEP1,false,true,aae37eae0feefb3a7a5350c088eada2a0ef0ffd66b2ad67c6627d6e1fa71eaa0
REQ-000203,2026-05-29T09:31:00Z,juvenile_sensitive,OFF-0024,c5766246d7388485ac5c149e,Sub-Inspector,3,POLICE,STATE_02_DIST_01_PS_01,STATE_02_DIST_01,STATE_02,MEDIUM,ACTIVE,NOT_ASSIGNED,REC-000642,65b119681a10677745fef3d9,CASE-00111,JUVENILE_PROTECTION,FIR_SUMMARY,STATE_02_DIST_02_PS_02,STATE_02_DIST_02,STATE_02,POLICE,LOW,false,false,true,false,OPEN,ARCHIVED,false,false,true,true,INVESTIGATION,VIEW,false,false,PRESENT_VALID,BUSINESS_HOURS,ONLINE,ICJS_STYLE_EXCHANGE,P-2026-05-STEP1,false,true,cf4ca3f62afb2dbc3fd9a028feda8ce2ad311b11c5067a2238fc104498af9be9
REQ-000204,2026-05-28T13:24:00Z,expired_approval_token,OFF-0028,8ec325482a0f9259719128c5,Prosecutor Liaison,4,PROSECUTION,STATE_03_DIST_02_PS_02,STATE_03_DIST_02,STATE_03,MEDIUM,ACTIVE,NOT_ASSIGNED,REC-000390,0031d7cc69231177ee5472a8,CASE-00088,JUVENILE_PROTECTION,JUVENILE_RECORD,STATE_02_DIST_04_PS_01,STATE_02_DIST_04,STATE_02,POLICE,HIGH,false,false,true,false,OPEN,ACTIVE,false,false,false,true,FORENSIC_REVIEW,VIEW,false,false,EXPIRED,BUSINESS_HOURS,ONLINE,CCTNS_STYLE_API,P-2026-05-STEP1,false,true,85cec2b03efaacff7e3993aeeebfff16cd35fef4242653f73a5327d1d1901348
REQ-000205,2026-05-28T10:10:00Z,sealed_record,OFF-0175,22a74f5c5cd00d0646a359b6,Head Constable,2,POLICE,STATE_02_DIST_03_PS_02,STATE_02_DIST_03,STATE_02,LOW,ACTIVE,NOT_ASSIGNED,REC-000842,6eb3070cc91b9cf830a1ecb0,CASE-00219,JUVENILE_PROTECTION,EVIDENCE_MEDIA,STATE_01_DIST_03_PS_02,STATE_01_DIST_03,STATE_01,POLICE,CLASSIFIED,false,false,true,true,SEALED,ACTIVE,false,false,false,true,PROSECUTION_REVIEW,DOWNLOAD,false,true,PRESENT_VALID,BUSINESS_HOURS,ONLINE,MANUAL_ESCALATION,P-2026-05-STEP1,false,true,8cbd4754480a885c5575f89d3208fa0a6ed6831748df1f4e1578600ea85d0086
REQ-000206,2026-05-27T17:10:00Z,random_context,OFF-0034,9f1a046129b76f0cd0f13803,Cybercrime Officer,4,CYBERCRIME,STATE_01_DIST_04_PS_03,STATE_01_DIST_04,STATE_01,HIGH,REVOKED,NOT_ASSIGNED,REC-000608,0fbc42cbea4b0c2c3eecca6a,CASE-00033,VIOLENT_CRIME,EVIDENCE_MEDIA,STATE_03_DIST_02_PS_03,STATE_03_DIST_02,STATE_03,POLICE,CLASSIFIED,false,false,false,true,OPEN,UNDER_REVIEW,false,false,false,true,COURT_PRODUCTION,APPROVE,false,false,NOT_REQUIRED,AFTER_HOURS,ONLINE,CCTNS_STYLE_API,P-2026-05-STEP1,false,true,79006c51dc6a44f7da0da8fa400a603b3c4be6dfa17e208ccaf2f8f92a1efbe7
REQ-000207,2026-05-28T20:51:00Z,revoked_credential,OFF-0007,934e26f772b73b1d824939e2,Head Constable,2,POLICE,STATE_01_DIST_03_PS_03,STATE_01_DIST_03,STATE_01,LOW,REVOKED,NOT_ASSIGNED,REC-000208,3387ee3b0be0919f165e192f,CASE-00115,NARCOTICS,CASE_DIARY,STATE_01_DIST_01_PS_02,STATE_01_DIST_01,STATE_01,POLICE,HIGH,false,false,false,false,OPEN,ACTIVE,false,false,true,true,INVESTIGATION,VIEW,false,false,MISSING,AFTER_HOURS,ONLINE,ICJS_STYLE_EXCHANGE,P-2026-05-STEP1,false,true,cd351ea76ff5982c01d02cce6b25f12f6ed9fbb3ed172c88dcb0b11c402cc7a3
REQ-000208,2026-05-27T06:56:00Z,random_context,OFF-0230,f59f4c244c14d1c05b3b5fef,Inspector,4,POLICE,STATE_02_DIST_04_PS_01,STATE_02_DIST_04,STATE_02,MEDIUM,ACTIVE,NOT_ASSIGNED,REC-000628,dfacf63bb0e361f9c503eee9,CASE-00072,JUVENILE_PROTECTION,CYBERCRIME_COMPLAINT,STATE_03_DIST_04_PS_01,STATE_03_DIST_04,STATE_03,POLICE,HIGH,false,false,true,false,OPEN,ACTIVE,false,false,false,true,AUDIT,VIEW,false,false,NOT_REQUIRED,BUSINESS_HOURS,ONLINE,CCTNS_STYLE_API,P-2026-05-STEP1,false,true,36f40e27a28c143f4f344aaf89e1e03dad0201124f5f1565af438c150a362ce9
REQ-000209,2026-05-27T06:58:00Z,sealed_record,OFF-0117,c3da23329ac65eb7b3af694c,Inspector,4,POLICE,STATE_02_DIST_03_PS_03,STATE_02_DIST_03,STATE_02,MEDIUM,ACTIVE,NOT_ASSIGNED,REC-000147,c0cd6baa4f06c293515ad310,CASE-00254,WOMEN_CHILD_SAFETY,JUVENILE_RECORD,STATE_01_DIST_02_PS_03,STATE_01_DIST_02,STATE_01,POLICE,HIGH,true,false,true,false,SEALED,ARCHIVED,false,false,false,true,PROSECUTION_REVIEW,APPROVE,false,true,PRESENT_VALID,BUSINESS_HOURS,DEGRADED,CCTNS_STYLE_API,P-2026-05-STEP1,false,true,37da93e816898e1bdc3d80771bf2da15cff82abf006455aacb2524b4e1e323ad
REQ-000210,2026-05-27T17:30:00Z,normal_in_jurisdiction,OFF-0014,86b6682cd665b74e9695ec29,Head Constable,2,POLICE,STATE_03_DIST_04_PS_03,STATE_03_DIST_04,STATE_03,LOW,ACTIVE,ASSIGNED,REC-000815,47060cab97e3e5e52667cc8f,CASE-00268,MISSING_PERSON,FIR_SUMMARY,STATE_03_DIST_04_PS_03,STATE_03_DIST_04,STATE_03,POLICE,LOW,false,false,false,false,OPEN,ACTIVE,true,true,true,false,INVESTIGATION,VIEW,false,false,NOT_REQUIRED,AFTER_HOURS,ONLINE,CCTNS_STYLE_API,P-2026-05-STEP1,false,true,67b06077444b42fdab723be080eff399caaf6fb479a8db81deb0bdb46748e8e9
REQ-000211,2026-05-28T00:37:00Z,random_context,OFF-0017,81f27590363500d418d0fc7b,Constable,1,POLICE,STATE_01_DIST_02_PS_03,STATE_01_DIST_02,STATE_01,LOW,ACTIVE,NOT_ASSIGNED,REC-000523,f25dca854781c5619ace3e1f,CASE-00316,GENERAL_THEFT,CYBERCRIME_COMPLAINT,STATE_02_DIST_02_PS_02,STATE_02_DIST_02,STATE_02,POLICE,MEDIUM,false,false,false,false,OPEN,ACTIVE,false,false,false,true,SUPERVISION,UPDATE,false,false,PRESENT_VALID,AFTER_HOURS,ONLINE,CCTNS_STYLE_API,P-2026-05-STEP1,false,true,ef0550d85564caee3673edd0b8361e7d22864e70d7df43d918d97b08def1ef21
REQ-000212,2026-05-28T21:56:00Z,normal_in_jurisdiction,OFF-0139,16a2d504d34232bf9551d690,Inspector,4,POLICE,STATE_01_DIST_02_PS_03,STATE_01_DIST_02,STATE_01,MEDIUM,ACTIVE,ASSIGNED,REC-000558,b3d1d2f79d5a7ecb8b5f0667,CASE-00254,WOMEN_CHILD_SAFETY,FIR_SUMMARY,STATE_01_DIST_02_PS_03,STATE_01_DIST_02,STATE_01,POLICE,MEDIUM,true,false,false,false,OPEN,ARCHIVED,true,true,true,false,INVESTIGATION,VIEW,false,false,NOT_REQUIRED,BUSINESS_HOURS,ONLINE,MANUAL_ESCALATION,P-2026-05-STEP1,false,true,71e1c762acb288f6aece82340f70c39826590a1ebe608fe17ef4060fe15dc569
REQ-000213,2026-05-28T18:36:00Z,expired_approval_token,OFF-0097,0de9124a7d38c17a328e4497,Inspector,4,POLICE,STATE_01_DIST_04_PS_03,STATE_01_DIST_04,STATE_01,MEDIUM,ACTIVE,NOT_ASSIGNED,REC-000864,a9cbee3038e84f297bca5de4,CASE-00298,NARCOTICS,FORENSIC_REPORT,STATE_03_DIST_01_PS_03,STATE_03_DIST_01,STATE_03,POLICE,HIGH,false,false,false,false,OPEN,ARCHIVED,false,false,false,true,INVESTIGATION,VIEW,false,false,EXPIRED,AFTER_HOURS,ONLINE,MANUAL_ESCALATION,P-2026-05-STEP1,false,true,406667f023b5c72f4c378635e75fa357be5d60e12d9cbc5c840ea4c502e82d9b
REQ-000214,2026-05-28T11:40:00Z,normal_in_jurisdiction,OFF-0030,02df4864bc93f0037e94de95,Sub-Inspector,3,POLICE,STATE_01_DIST_02_PS_01,STATE_01_DIST_02,STATE_01,MEDIUM,ACTIVE,ASSIGNED,REC-000436,9222c0ba833f5a7c57f8a24c,CASE-00225,CYBER_FRAUD,CYBERCRIME_COMPLAINT,STATE_01_DIST_02_PS_01,STATE_01_DIST_02,STATE_01,POLICE,MEDIUM,false,false,false,false,SEALED,ACTIVE,true,true,true,false,INVESTIGATION,VIEW,false,false,NOT_REQUIRED,AFTER_HOURS,ONLINE,ICJS_STYLE_EXCHANGE,P-2026-05-STEP1,false,true,7b3428e124d41ef231236ffcda782a0ed927f52b9279212bac95dbef37d5de5b
REQ-000215,2026-05-29T05:45:00Z,cross_jurisdiction_sensitive,OFF-0062,318fd1a9b080d018ffb85691,Prosecutor Liaison,4,PROSECUTION,STATE_01_DIST_01_PS_02,STATE_01_DIST_01,STATE_01,MEDIUM,ACTIVE,NOT_ASSIGNED,REC-000405,28eb3655e909b804912a3867,CASE-00034,JUVENILE_PROTECTION,WITNESS_STATEMENT,STATE_02_DIST_04_PS_03,STATE_02_DIST_04,STATE_02,POLICE,MEDIUM,false,true,true,false,OPEN,ACTIVE,false,false,false,true,INVESTIGATION,VIEW,false,false,PRESENT_VALID,AFTER_HOURS,ONLINE,CCTNS_STYLE_API,P-2026-05-STEP1,false,true,07aa5296eb9dc7fc3854c13b5984ead54a844bc886d97897539d78c4f576354b
REQ-000216,2026-05-27T10:48:00Z,revoked_credential,OFF-0189,0f5e28fd8c1c5a758d17ef19,Inspector,4,POLICE,STATE_01_DIST_01_PS_03,STATE_01_DIST_01,STATE_01,MEDIUM,REVOKED,NOT_ASSIGNED,REC-000817,6e868b11dcb21524d5970d01,CASE-00185,GENERAL_THEFT,WITNESS_STATEMENT,STATE_02_DIST_02_PS_01,STATE_02_DIST_02,STATE_02,POLICE,HIGH,false,true,false,false,OPEN,ACTIVE,false,false,false,true,AUDIT,VIEW,false,false,MISSING,BUSINESS_HOURS,ONLINE,MANUAL_ESCALATION,P-2026-05-STEP1,false,true,e9920359ca1deeea79b61220118f8fee40c53ecbb56223266f34273ada7da9b1
REQ-000217,2026-05-28T08:33:00Z,sealed_record,OFF-0198,5d9a86e9bbd1b3774caee2db,Constable,1,POLICE,STATE_03_DIST_03_PS_03,STATE_03_DIST_03,STATE_03,LOW,ACTIVE,NOT_ASSIGNED,REC-000509,60cafb054014844b5413c674,CASE-00068,FINANCIAL_CRIME,EVIDENCE_MEDIA,STATE_03_DIST_02_PS_01,STATE_03_DIST_02,STATE_03,POLICE,CLASSIFIED,false,false,false,true,SEALED,ACTIVE,false,false,true,true,INVESTIGATION,VIEW,false,false,MISSING,AFTER_HOURS,ONLINE,MANUAL_ESCALATION,P-2026-05-STEP1,false,true,feaef49f32f70b10f94632d29165b0c09862ee86af7b98a0335f55c9b74611f6
REQ-000218,2026-05-29T06:30:00Z,random_context,OFF-0168,ccfa52e7df949ec76b129260,Inspector,4,POLICE,STATE_01_DIST_01_PS_02,STATE_01_DIST_01,STATE_01,MEDIUM,ACTIVE,NOT_ASSIGNED,REC-000428,720bf6c497722937465299f7,CASE-00343,MISSING_PERSON,CASE_DIARY,STATE_01_DIST_04_PS_01,STATE_01_DIST_04,STATE_01,POLICE,CLASSIFIED,false,false,false,false,SEALED,ACTIVE,false,false,true,true,TRAINING,VIEW,false,false,PRESENT_VALID,BUSINESS_HOURS,ONLINE,MANUAL_ESCALATION,P-2026-05-STEP1,false,true,a60d44ed8c236e0aa4652658c4c323080dffead8005d0441ff7dbc1b5cc1ac0c
REQ-000219,2026-05-28T16:09:00Z,emergency_override,OFF-0137,b5c2c2becf92b9e253d997f4,Sub-Inspector,3,POLICE,STATE_02_DIST_04_PS_03,STATE_02_DIST_04,STATE_02,MEDIUM,ACTIVE,NOT_ASSIGNED,REC-000549,e8304b66b0ffff3d75b72fb2,CASE-00309,NARCOTICS,CYBERCRIME_COMPLAINT,STATE_02_DIST_01_PS_01,STATE_02_DIST_01,STATE_02,POLICE,HIGH,false,false,false,false,OPEN,ARCHIVED,false,false,true,true,EMERGENCY_RESPONSE,VIEW,true,false,PRESENT_VALID,AFTER_HOURS,ONLINE,MANUAL_ESCALATION,P-2026-05-STEP1,false,true,441e3803d8f75ba491ebb77195cb95db21b70d4a0863f85d800aea84820dbf79
REQ-000220,2026-05-28T01:40:00Z,cross_jurisdiction_sensitive,OFF-0127,6b0d84a1d858aa1335aacb1b,Constable,1,POLICE,STATE_02_DIST_01_PS_01,STATE_02_DIST_01,STATE_02,LOW,ACTIVE,NOT_ASSIGNED,REC-000333,4aed89da6d83f2b742f3ba9e,CASE-00023,NARCOTICS,CASE_DIARY,STATE_01_DIST_02_PS_03,STATE_01_DIST_02,STATE_01,POLICE,CLASSIFIED,false,false,false,false,SEALED,ACTIVE,false,false,false,true,SUPERVISION,DOWNLOAD,false,false,PRESENT_VALID,BUSINESS_HOURS,ONLINE,ICJS_STYLE_EXCHANGE,P-2026-05-STEP1,false,true,26712f283f6dad9f4b1d0e304c698e4187701e31ad4d8882803a7c9686652135
REQ-000221,2026-05-28T23:53:00Z,sealed_record,OFF-0222,fed71b6f957fb445cdad7897,Constable,1,POLICE,STATE_03_DIST_01_PS_02,STATE_03_DIST_01,STATE_03,LOW,ACTIVE,NOT_ASSIGNED,REC-000059,5946ff42ea109f3eb283e734,CASE-00100,JUVENILE_PROTECTION,EVIDENCE_MEDIA,STATE_01_DIST_03_PS_03,STATE_01_DIST_03,STATE_01,POLICE,HIGH,false,false,true,true,SEALED,ACTIVE,false,false,false,true,INVESTIGATION,DOWNLOAD,false,false,MISSING,BUSINESS_HOURS,ONLINE,CCTNS_STYLE_API,P-2026-05-STEP1,false,true,1cd0ff5892b32cbc34bbe95a88136ebec560c382e0b321af1d2243bc184a088b
REQ-000222,2026-05-28T05:36:00Z,cross_jurisdiction_sensitive,OFF-0168,ccfa52e7df949ec76b129260,Inspector,4,POLICE,STATE_01_DIST_01_PS_02,STATE_01_DIST_01,STATE_01,MEDIUM,ACTIVE,NOT_ASSIGNED,REC-000124,18d1592d4e115ec7275f6778,CASE-00032,GENERAL_THEFT,VICTIM_RECORD,STATE_03_DIST_01_PS_01,STATE_03_DIST_01,STATE_03,POLICE,MEDIUM,true,false,false,false,OPEN,ACTIVE,false,false,false,true,INVESTIGATION,DOWNLOAD,false,false,PRESENT_VALID,NIGHT,DEGRADED,ICJS_STYLE_EXCHANGE,P-2026-05-STEP1,false,true,64d7b136a6d18049f49487ba43963552a64a05ec1dc9032f8b5256f30226c798
REQ-000223,2026-05-27T14:52:00Z,revoked_credential,OFF-0196,d60f48d22e03c3316a18fa6d,Inspector,4,POLICE,STATE_01_DIST_03_PS_01,STATE_01_DIST_03,STATE_01,MEDIUM,REVOKED,NOT_ASSIGNED,REC-000848,954f1d5e0ce6e0787f569931,CASE-00168,JUVENILE_PROTECTION,CASE_DIARY,STATE_01_DIST_04_PS_02,STATE_01_DIST_04,STATE_01,POLICE,HIGH,false,false,true,false,OPEN,ACTIVE,false,false,true,true,AUDIT,VIEW,false,false,MISSING,AFTER_HOURS,ONLINE,CCTNS_STYLE_API,P-2026-05-STEP1,false,true,d10197069a40d3923b80cf90b8235266e480e1d84864355aef6d5a2cf1437960
REQ-000224,2026-05-28T05:52:00Z,emergency_override,OFF-0182,f733b89b991cd7dc6791cabb,Sub-Inspector,3,POLICE,STATE_01_DIST_01_PS_02,STATE_01_DIST_01,STATE_01,MEDIUM,ACTIVE,NOT_ASSIGNED,REC-000634,3be862e685c83a2a19e0c1ca,CASE-00029,WOMEN_CHILD_SAFETY,FORENSIC_REPORT,STATE_02_DIST_02_PS_03,STATE_02_DIST_02,STATE_02,POLICE,CLASSIFIED,true,false,false,false,OPEN,ACTIVE,false,false,false,true,EMERGENCY_RESPONSE,APPROVE,true,false,MISSING,AFTER_HOURS,ONLINE,CCTNS_STYLE_API,P-2026-05-STEP1,false,true,b48fa320e78a2dd434efaca101043bf4085014e1f3ca6abfa1e376fcc2f8d285
REQ-000225,2026-05-27T15:00:00Z,sealed_record,OFF-0165,b2c7b3b76aeb981b1bd8756b,Inspector,4,POLICE,STATE_02_DIST_04_PS_02,STATE_02_DIST_04,STATE_02,MEDIUM,ACTIVE,NOT_ASSIGNED,REC-000135,7e82733a9c2ca4554a885f81,CASE-00281,NARCOTICS,EVIDENCE_MEDIA,STATE_01_DIST_02_PS_01,STATE_01_DIST_02,STATE_01,POLICE,HIGH,false,false,false,true,SEALED,ACTIVE,false,false,false,true,PROSECUTION_REVIEW,DOWNLOAD,false,true,PRESENT_VALID,AFTER_HOURS,ONLINE,MANUAL_ESCALATION,P-2026-05-STEP1,false,true,8a1aed301c8cfaa3f3743beacb1ee42740e98bdc61a12c35c2173b0e0617ec45
REQ-000226,2026-05-28T17:26:00Z,stale_case_assignment,OFF-0209,46719ed3c0b1ab7f0fbf5f90,Prosecutor Liaison,4,PROSECUTION,STATE_01_DIST_01_PS_01,STATE_01_DIST_01,STATE_01,MEDIUM,ACTIVE,STALE,REC-000010,1453d16ff68c935811a922d5,CASE-00003,VIOLENT_CRIME,JUVENILE_RECORD,STATE_03_DIST_01_PS_02,STATE_03_DIST_01,STATE_03,POLICE,HIGH,false,false,true,false,OPEN,UNDER_REVIEW,false,false,false,true,INVESTIGATION,VIEW,false,false,MISSING,BUSINESS_HOURS,ONLINE,ICJS_STYLE_EXCHANGE,P-2026-05-STEP1,false,true,836d611b03b78f36511812e58203d8eb50c17597a3cb6d38c86c93c407e9fea8
REQ-000227,2026-05-29T08:45:00Z,random_context,OFF-0049,e48c526210cf797e3886d5ef,Cybercrime Officer,4,CYBERCRIME,STATE_03_DIST_02_PS_01,STATE_03_DIST_02,STATE_03,HIGH,ACTIVE,NOT_ASSIGNED,REC-000249,7ac6a8505413a1abfe9c2c38,CASE-00170,FINANCIAL_CRIME,VICTIM_RECORD,STATE_02_DIST_04_PS_03,STATE_02_DIST_04,STATE_02,POLICE,HIGH,true,false,false,false,OPEN,ARCHIVED,false,false,false,true,SUPERVISION,VIEW,false,false,NOT_REQUIRED,AFTER_HOURS,ONLINE,ICJS_STYLE_EXCHANGE,P-2026-05-STEP1,false,true,aa0c96d82d50cf8401851a5e76fe1094ae012c1660abf30de059c912cc1dbf95
REQ-000228,2026-05-29T16:36:00Z,cross_jurisdiction_sensitive,OFF-0155,750741a21ba1ad37a768df1b,Inspector,4,POLICE,STATE_02_DIST_02_PS_01,STATE_02_DIST_02,STATE_02,MEDIUM,ACTIVE,NOT_ASSIGNED,REC-000752,fdb597969d2538b4f7c706e9,CASE-00078,WOMEN_CHILD_SAFETY,WITNESS_STATEMENT,STATE_02_DIST_01_PS_02,STATE_02_DIST_01,STATE_02,POLICE,HIGH,true,true,false,false,OPEN,ARCHIVED,false,false,true,true,SUPERVISION,VIEW,false,false,MISSING,BUSINESS_HOURS,ONLINE,CCTNS_STYLE_API,P-2026-05-STEP1,false,true,1cb189c9da01f33b3141bb9479e7bee6f384de58997c9aeda4cf508033133807
REQ-000229,2026-05-28T14:10:00Z,juvenile_sensitive,OFF-0222,fed71b6f957fb445cdad7897,Constable,1,POLICE,STATE_03_DIST_01_PS_02,STATE_03_DIST_01,STATE_03,LOW,ACTIVE,NOT_ASSIGNED,REC-000869,7dbc797b2f28d09c339d0893,CASE-00013,VIOLENT_CRIME,JUVENILE_RECORD,STATE_02_DIST_01_PS_03,STATE_02_DIST_01,STATE_02,POLICE,HIGH,false,false,true,false,OPEN,ACTIVE,false,false,false,true,SUPERVISION,SHARE,false,false,MISSING,BUSINESS_HOURS,ONLINE,ICJS_STYLE_EXCHANGE,P-2026-05-STEP1,false,true,569734ca2edd3670f8eb5369845b93891913b29f754ec97f23d05db69ba2ec1a
REQ-000230,2026-05-28T10:30:00Z,court_request,OFF-0044,e35d3d5ab37a57023a757cf4,Station House Officer,5,POLICE,STATE_01_DIST_04_PS_03,STATE_01_DIST_04,STATE_01,HIGH,ACTIVE,NOT_ASSIGNED,REC-000874,2f7541feada906826bfe2619,CASE-00334,JUVENILE_PROTECTION,WITNESS_STATEMENT,STATE_01_DIST_04_PS_01,STATE_01_DIST_04,STATE_01,POLICE,CLASSIFIED,false,true,true,false,OPEN,ACTIVE,false,true,true,false,COURT_PRODUCTION,VIEW,false,true,PRESENT_VALID,AFTER_HOURS,ONLINE,MANUAL_ESCALATION,P-2026-05-STEP1,false,true,8da7f5ed60683d9ed26e568298853555b8e4d5430606ce011dfe2477e2f4554f
REQ-000231,2026-05-29T05:54:00Z,expired_approval_token,OFF-0088,aba84a984ee3606ae0d30a0a,Head Constable,2,POLICE,STATE_02_DIST_03_PS_02,STATE_02_DIST_03,STATE_02,LOW,ACTIVE,NOT_ASSIGNED,REC-000108,12044d787ebe89f0a9bd0dff,CASE-00046,FINANCIAL_CRIME,CYBERCRIME_COMPLAINT,STATE_01_DIST_02_PS_03,STATE_01_DIST_02,STATE_01,POLICE,CLASSIFIED,false,false,false,false,OPEN,UNDER_REVIEW,false,false,false,true,FORENSIC_REVIEW,VIEW,false,false,EXPIRED,BUSINESS_HOURS,ONLINE,MANUAL_ESCALATION,P-2026-05-STEP1,false,true,85a4d83e69d3b805a56989bb09fa9d50ada8c069f32587ac8f08c8db95b625e6
REQ-000232,2026-05-29T06:08:00Z,revoked_credential,OFF-0196,d60f48d22e03c3316a18fa6d,Inspector,4,POLICE,STATE_01_DIST_03_PS_01,STATE_01_DIST_03,STATE_01,MEDIUM,REVOKED,NOT_ASSIGNED,REC-000014,201bd2e21b21dd12c27511f3,CASE-00308,MISSING_PERSON,FORENSIC_REPORT,STATE_01_DIST_01_PS_01,STATE_01_DIST_01,STATE_01,POLICE,HIGH,false,false,false,false,OPEN,UNDER_REVIEW,false,false,true,true,AUDIT,VIEW,false,false,MISSING,BUSINESS_HOURS,ONLINE,ICJS_STYLE_EXCHANGE,P-2026-05-STEP1,false,true,2a1eacea0171383b1b521ee174bd09ef679515851c9e483d05db6a02c37b9511
REQ-000233,2026-05-28T14:50:00Z,sealed_record,OFF-0089,1dfcf9ccdf6fab5303a9e921,Constable,1,POLICE,STATE_02_DIST_01_PS_01,STATE_02_DIST_01,STATE_02,LOW,ACTIVE,NOT_ASSIGNED,REC-000769,98962a80fa6d073c1494536b,CASE-00092,FINANCIAL_CRIME,COURT_SUBMISSION,STATE_02_DIST_04_PS_02,STATE_02_DIST_04,STATE_02,POLICE,HIGH,false,false,false,false,SEALED,ACTIVE,false,false,true,true,COURT_PRODUCTION,VIEW,false,true,MISSING,BUSINESS_HOURS,ONLINE,MANUAL_ESCALATION,P-2026-05-STEP1,false,true,9257267a8a60af202a61121995d00414facbf7bc14e0433d65c73d9b862b7daf
REQ-000234,2026-05-28T18:54:00Z,normal_in_jurisdiction,OFF-0177,8287968c0e33f42b2e380e47,Inspector,4,POLICE,STATE_02_DIST_01_PS_02,STATE_02_DIST_01,STATE_02,MEDIUM,ACTIVE,ASSIGNED,REC-000411,34b421fa7c4bcf173b3fb1b8,CASE-00247,MISSING_PERSON,COURT_SUBMISSION,STATE_02_DIST_01_PS_02,STATE_02_DIST_01,STATE_02,POLICE,MEDIUM,false,false,false,false,OPEN,ACTIVE,true,true,true,false,INVESTIGATION,VIEW,false,false,NOT_REQUIRED,BUSINESS_HOURS,ONLINE,CCTNS_STYLE_API,P-2026-05-STEP1,false,true,43429fd5637fed920df7cd96f523afb613c1e81f8f5b61e4e41bba1e191e20aa
REQ-000235,2026-05-27T07:50:00Z,juvenile_sensitive,OFF-0042,4bdedd9e1ddefe7a1e6434d1,Station House Officer,5,POLICE,STATE_01_DIST_01_PS_03,STATE_01_DIST_01,STATE_01,HIGH,ACTIVE,NOT_ASSIGNED,REC-000188,0828f7c8f9d23f5ab736edc6,CASE-00139,JUVENILE_PROTECTION,COURT_SUBMISSION,STATE_03_DIST_03_PS_02,STATE_03_DIST_03,STATE_03,POLICE,HIGH,false,false,true,false,OPEN,UNDER_REVIEW,false,false,false,true,SUPERVISION,APPROVE,false,false,MISSING,BUSINESS_HOURS,ONLINE,CCTNS_STYLE_API,P-2026-05-STEP1,false,true,4e217ca3d76369ae8b5bef33c0eb3a73842e335fa5c7f2af9f699c0b0d3fb71c
REQ-000236,2026-05-29T07:04:00Z,random_context,OFF-0112,c424bf9aa5cd573d3066b2f0,Sub-Inspector,3,POLICE,STATE_02_DIST_02_PS_02,STATE_02_DIST_02,STATE_02,MEDIUM,ACTIVE,NOT_ASSIGNED,REC-000282,507553af0e7c5d05b119e50a,CASE-00218,CYBER_FRAUD,CASE_DIARY,STATE_03_DIST_02_PS_03,STATE_03_DIST_02,STATE_03,POLICE,HIGH,false,false,false,false,OPEN,ACTIVE,false,false,false,true,COURT_PRODUCTION,VIEW,false,false,NOT_REQUIRED,BUSINESS_HOURS,ONLINE,CCTNS_STYLE_API,P-2026-05-STEP1,false,true,1e7f37967377184c0ea8da68da275c55afa35ac3aba3d5596ac0f784f054fe4b
REQ-000237,2026-05-29T19:09:00Z,random_context,OFF-0155,750741a21ba1ad37a768df1b,Inspector,4,POLICE,STATE_02_DIST_02_PS_01,STATE_02_DIST_02,STATE_02,MEDIUM,ACTIVE,NOT_ASSIGNED,REC-000279,d4e159d315d1a164a192bf77,CASE-00305,MISSING_PERSON,CASE_DIARY,STATE_01_DIST_02_PS_01,STATE_01_DIST_02,STATE_01,POLICE,CLASSIFIED,false,false,false,false,OPEN,UNDER_REVIEW,false,false,false,true,FORENSIC_REVIEW,SHARE,false,false,NOT_REQUIRED,BUSINESS_HOURS,DEGRADED,ICJS_STYLE_EXCHANGE,P-2026-05-STEP1,false,true,80b9fd2d14e7735255d88b2241cf8934f7739bf4ebea6fd53fa8a6b768316cc2
REQ-000238,2026-05-27T23:48:00Z,court_request,OFF-0122,7527b25e318154df01ec7550,Sub-Inspector,3,POLICE,STATE_03_DIST_02_PS_02,STATE_03_DIST_02,STATE_03,MEDIUM,ACTIVE,NOT_ASSIGNED,REC-000199,d87443e05911b2d34de3a269,CASE-00144,FINANCIAL_CRIME,CASE_DIARY,STATE_02_DIST_02_PS_03,STATE_02_DIST_02,STATE_02,POLICE,HIGH,false,false,false,false,OPEN,ACTIVE,false,false,false,true,PROSECUTION_REVIEW,VIEW,false,true,PRESENT_VALID,BUSINESS_HOURS,ONLINE,ICJS_STYLE_EXCHANGE,P-2026-05-STEP1,false,true,92949086605a6aa8f771a8588b6e1d80bc40e5d9e546e06efc9c1c3fc8b4c0c6
REQ-000239,2026-05-27T11:57:00Z,normal_in_jurisdiction,OFF-0012,1e6c5e762b98d4b3d94fa258,Station House Officer,5,POLICE,STATE_01_DIST_03_PS_03,STATE_01_DIST_03,STATE_01,HIGH,ACTIVE,ASSIGNED,REC-000115,233ab22bf4c19087bd09c1f9,CASE-00120,VIOLENT_CRIME,CYBERCRIME_COMPLAINT,STATE_01_DIST_03_PS_03,STATE_01_DIST_03,STATE_01,POLICE,MEDIUM,false,false,false,false,OPEN,ACTIVE,true,true,true,false,INVESTIGATION,VIEW,false,false,NOT_REQUIRED,BUSINESS_HOURS,ONLINE,ICJS_STYLE_EXCHANGE,P-2026-05-STEP1,false,true,cec69ccfcb3cd6a6313e7aefe1c046027b67b7b199358c393fbffb0606ef6cf6
REQ-000240,2026-05-28T08:00:00Z,expired_approval_token,OFF-0173,5d29ee05d50fe82bba4375d8,Sub-Inspector,3,POLICE,STATE_02_DIST_02_PS_01,STATE_02_DIST_02,STATE_02,MEDIUM,ACTIVE,NOT_ASSIGNED,REC-000665,bcf0da0b6da0cc65eed4d85d,CASE-00001,WOMEN_CHILD_SAFETY,CYBERCRIME_COMPLAINT,STATE_03_DIST_02_PS_02,STATE_03_DIST_02,STATE_03,POLICE,MEDIUM,true,false,false,false,OPEN,ACTIVE,false,false,false,true,PROSECUTION_REVIEW,DOWNLOAD,false,false,EXPIRED,BUSINESS_HOURS,ONLINE,CCTNS_STYLE_API,P-2026-05-STEP1,false,true,1c3983ffb6788f8e3d47bd8cb000e1b7b271efbbff699bf67ee36c8ba0c67f2e
REQ-000241,2026-05-28T08:08:00Z,juvenile_sensitive,OFF-0082,ad021cf14b60633e375d65f6,Constable,1,POLICE,STATE_01_DIST_03_PS_02,STATE_01_DIST_03,STATE_01,LOW,ACTIVE,NOT_ASSIGNED,REC-000620,05c7c986bc49b426bf6cd52e,CASE-00346,MISSING_PERSON,JUVENILE_RECORD,STATE_02_DIST_04_PS_03,STATE_02_DIST_04,STATE_02,POLICE,CLASSIFIED,false,false,true,false,OPEN,UNDER_REVIEW,false,false,false,true,INVESTIGATION,VIEW,false,false,PRESENT_VALID,BUSINESS_HOURS,ONLINE,CCTNS_STYLE_API,P-2026-05-STEP1,false,true,abcf211e4b86f9558f863d89b924fdc4ec6686a69652b14351ba72565e9da5a3
REQ-000242,2026-05-29T08:28:00Z,stale_case_assignment,OFF-0180,8d48fc84d688aabaae7c6986,Sub-Inspector,3,POLICE,STATE_01_DIST_04_PS_02,STATE_01_DIST_04,STATE_01,MEDIUM,ACTIVE,STALE,REC-000540,4f004fd6ecff230b24cb85ac,CASE-00193,JUVENILE_PROTECTION,COURT_SUBMISSION,STATE_03_DIST_03_PS_01,STATE_03_DIST_03,STATE_03,POLICE,MEDIUM,false,false,true,false,OPEN,ACTIVE,false,false,false,true,INVESTIGATION,VIEW,false,false,MISSING,BUSINESS_HOURS,ONLINE,MANUAL_ESCALATION,P-2026-05-STEP1,false,true,c042430e883d0038fb9454e58a89af00b7ab15ef5c124cf770c16c04ea8b1b70
REQ-000243,2026-05-29T04:39:00Z,cross_jurisdiction_sensitive,OFF-0216,63cd4d5013242ca51327d961,Sub-Inspector,3,POLICE,STATE_02_DIST_04_PS_02,STATE_02_DIST_04,STATE_02,MEDIUM,ACTIVE,NOT_ASSIGNED,REC-000898,4ffb3f05d4241456901410f6,CASE-00146,MISSING_PERSON,VICTIM_RECORD,STATE_02_DIST_01_PS_01,STATE_02_DIST_01,STATE_02,POLICE,HIGH,true,false,false,false,OPEN,ACTIVE,false,false,true,true,INVESTIGATION,VIEW,false,false,MISSING,AFTER_HOURS,ONLINE,MANUAL_ESCALATION,P-2026-05-STEP1,false,true,b2d7706a367b6223a53606e23fd817425aab60b6ea1e718455fd82ab22511e49
REQ-000244,2026-05-28T08:32:00Z,emergency_override,OFF-0142,eff0953046ce4a5fb1d8ee91,Station House Officer,5,POLICE,STATE_03_DIST_03_PS_02,STATE_03_DIST_03,STATE_03,HIGH,ACTIVE,NOT_ASSIGNED,REC-000838,008cb02f48fda282db462c68,CASE-00062,CYBER_FRAUD,JUVENILE_RECORD,STATE_03_DIST_02_PS_02,STATE_03_DIST_02,STATE_03,POLICE,CLASSIFIED,false,false,true,false,OPEN,ACTIVE,false,false,true,true,EMERGENCY_RESPONSE,VIEW,true,false,MISSING,NIGHT,ONLINE,ICJS_STYLE_EXCHANGE,P-2026-05-STEP1,false,true,813403e904841f5eee0d773dda68752b56c85611cf9f930b74f621c83bdcfbd7
REQ-000245,2026-05-28T08:40:00Z,expired_approval_token,OFF-0132,9a1678400f682a3201830c3a,Inspector,4,POLICE,STATE_01_DIST_01_PS_02,STATE_01_DIST_01,STATE_01,MEDIUM,ACTIVE,NOT_ASSIGNED,REC-000806,d44d8c2e89a75cde0e441ceb,CASE-00190,CYBER_FRAUD,COURT_SUBMISSION,STATE_02_DIST_02_PS_01,STATE_02_DIST_02,STATE_02,POLICE,MEDIUM,false,false,false,false,OPEN,ACTIVE,false,false,false,true,INVESTIGATION,VIEW,false,false,EXPIRED,AFTER_HOURS,ONLINE,MANUAL_ESCALATION,P-2026-05-STEP1,false,true,5397e21895a22d5eee42574acf3ca95729e609a6bd41f80a796fcf2b78e147cd
REQ-000246,2026-05-28T21:06:00Z,normal_in_jurisdiction,OFF-0115,6aacb3c44032122c078cc506,Forensic Officer,4,FORENSIC,STATE_01_DIST_04_PS_02,STATE_01_DIST_04,STATE_01,HIGH,ACTIVE,NOT_ASSIGNED,REC-000763,5ca844b2848b805c696a09e9,CASE-00285,FINANCIAL_CRIME,FORENSIC_REPORT,STATE_02_DIST_04_PS_03,STATE_02_DIST_04,STATE_02,POLICE,CLASSIFIED,false,false,false,false,OPEN,ACTIVE,false,false,false,true,INVESTIGATION,VIEW,false,false,NOT_REQUIRED,BUSINESS_HOURS,ONLINE,ICJS_STYLE_EXCHANGE,P-2026-05-STEP1,false,true,ec4068945bdfb9ec80319a8ef1c53b465cd41000331ce7615b76dc377f8df0ba
REQ-000247,2026-05-28T00:42:00Z,normal_in_jurisdiction,OFF-0011,84a9b6fb8d6efe7cd09043f6,Inspector,4,POLICE,STATE_02_DIST_02_PS_02,STATE_02_DIST_02,STATE_02,MEDIUM,ACTIVE,ASSIGNED,REC-000331,86b927c82db8f739f8424c2b,CASE-00208,MISSING_PERSON,COURT_SUBMISSION,STATE_02_DIST_02_PS_02,STATE_02_DIST_02,STATE_02,POLICE,MEDIUM,false,false,false,false,OPEN,ACTIVE,true,true,true,false,INVESTIGATION,VIEW,false,false,NOT_REQUIRED,NIGHT,ONLINE,ICJS_STYLE_EXCHANGE,P-2026-05-STEP1,false,true,072cc9c075412e3b3d238a3a75e85a17b6e92226b41d05a3d51bca9ed114e69e
REQ-000248,2026-05-28T21:28:00Z,random_context,OFF-0037,61f9c30ebf940f606c1a2520,Sub-Inspector,3,POLICE,STATE_02_DIST_03_PS_03,STATE_02_DIST_03,STATE_02,MEDIUM,ACTIVE,NOT_ASSIGNED,REC-000065,7c302dc01cfc5b0cb0defb8f,CASE-00340,WOMEN_CHILD_SAFETY,JUVENILE_RECORD,STATE_02_DIST_03_PS_02,STATE_02_DIST_03,STATE_02,POLICE,CLASSIFIED,true,false,true,false,OPEN,ACTIVE,false,true,true,false,COURT_PRODUCTION,DOWNLOAD,false,false,NOT_REQUIRED,BUSINESS_HOURS,ONLINE,CCTNS_STYLE_API,P-2026-05-STEP1,false,true,5999665d360246d2cea5f5388800405a6ca62be6712cf3394de48e79f663d12f
REQ-000249,2026-05-29T01:48:00Z,stale_case_assignment,OFF-0194,ade36a17fa7aeeef7c2513ee,Station House Officer,5,POLICE,STATE_01_DIST_02_PS_01,STATE_01_DIST_02,STATE_01,HIGH,ACTIVE,STALE,REC-000702,459f734ddb6a3c78ec8e6d7d,CASE-00309,NARCOTICS,CYBERCRIME_COMPLAINT,STATE_02_DIST_01_PS_01,STATE_02_DIST_01,STATE_02,POLICE,CLASSIFIED,false,false,false,false,OPEN,ARCHIVED,false,false,false,true,INVESTIGATION,VIEW,false,false,MISSING,AFTER_HOURS,ONLINE,CCTNS_STYLE_API,P-2026-05-STEP1,false,true,05522a47e9ecd9354e592453f33b928ad9f9ad355d56c2eb840e406dceb55946
REQ-000250,2026-05-29T14:30:00Z,emergency_override,OFF-0125,97ea02f4f8fba926781c7fc5,Inspector,4,POLICE,STATE_02_DIST_03_PS_02,STATE_02_DIST_03,STATE_02,MEDIUM,ACTIVE,NOT_ASSIGNED,REC-000571,4cfcb99871492acc92ea42ae,CASE-00020,JUVENILE_PROTECTION,CYBERCRIME_COMPLAINT,STATE_02_DIST_02_PS_01,STATE_02_DIST_02,STATE_02,POLICE,HIGH,false,false,true,false,OPEN,ARCHIVED,false,false,true,true,EMERGENCY_RESPONSE,VIEW,true,false,MISSING,AFTER_HOURS,ONLINE,ICJS_STYLE_EXCHANGE,P-2026-05-STEP1,false,true,e3a7177ecfd30b305cae9e6480c7c2c45bc06ad3caf480e1d3491bbffc7ef18e
REQ-000251,2026-05-28T22:01:00Z,expired_approval_token,OFF-0227,2747b4371f8a7719020e45ce,Constable,1,POLICE,STATE_02_DIST_03_PS_01,STATE_02_DIST_03,STATE_02,LOW,ACTIVE,NOT_ASSIGNED,REC-000730,3e8026e6986a08be7ea67710,CASE-00342,NARCOTICS,FORENSIC_REPORT,STATE_02_DIST_02_PS_03,STATE_02_DIST_02,STATE_02,POLICE,HIGH,false,false,false,false,SEALED,ACTIVE,false,false,true,true,FORENSIC_REVIEW,VIEW,false,false,EXPIRED,BUSINESS_HOURS,ONLINE,MANUAL_ESCALATION,P-2026-05-STEP1,false,true,3ff77a0fe2ef8cefdfda56c8062fa9e7bd7fa00927304b14759672214e6a4211
REQ-000252,2026-05-28T18:00:00Z,normal_in_jurisdiction,OFF-0090,721eda836388e57ee154e383,Sub-Inspector,3,POLICE,STATE_02_DIST_04_PS_01,STATE_02_DIST_04,STATE_02,MEDIUM,ACTIVE,ASSIGNED,REC-000812,7b291ea97b660dc95e52b341,CASE-00088,JUVENILE_PROTECTION,COURT_SUBMISSION,STATE_02_DIST_04_PS_01,STATE_02_DIST_04,STATE_02,POLICE,MEDIUM,false,false,true,false,OPEN,ACTIVE,true,true,true,false,INVESTIGATION,VIEW,false,false,NOT_REQUIRED,BUSINESS_HOURS,ONLINE,ICJS_STYLE_EXCHANGE,P-2026-05-STEP1,false,true,cf42a33c78002dc9620e68e721b4de2de686bb9dc2e97a6a4e56fdddb251581a
REQ-000253,2026-05-28T01:18:00Z,normal_in_jurisdiction,OFF-0003,5e4ff04af077f5ff22cd6cd0,Cybercrime Officer,4,CYBERCRIME,STATE_02_DIST_01_PS_02,STATE_02_DIST_01,STATE_02,HIGH,ACTIVE,ASSIGNED,REC-000079,82c782797dfec3a3d7607e70,CASE-00229,GENERAL_THEFT,FORENSIC_REPORT,STATE_02_DIST_01_PS_02,STATE_02_DIST_01,STATE_02,POLICE,MEDIUM,false,false,false,false,OPEN,ACTIVE,true,true,true,false,INVESTIGATION,VIEW,false,false,NOT_REQUIRED,BUSINESS_HOURS,ONLINE,ICJS_STYLE_EXCHANGE,P-2026-05-STEP1,false,true,2090ac53ae626d5e742a2cc8c2167f197aca68cdf7076fcf2e078f10f27f1f09
REQ-000254,2026-05-29T15:30:00Z,random_context,OFF-0030,02df4864bc93f0037e94de95,Sub-Inspector,3,POLICE,STATE_01_DIST_02_PS_01,STATE_01_DIST_02,STATE_01,MEDIUM,ACTIVE,ASSIGNED,REC-000460,eff1115c482447753dc310ac,CASE-00305,MISSING_PERSON,FORENSIC_REPORT,STATE_01_DIST_02_PS_01,STATE_01_DIST_02,STATE_01,POLICE,CLASSIFIED,false,false,false,false,OPEN,ACTIVE,true,true,true,false,INVESTIGATION,VIEW,false,false,NOT_REQUIRED,BUSINESS_HOURS,ONLINE,MANUAL_ESCALATION,P-2026-05-STEP1,false,true,2ec9a36bd06087355ac9557e88b9641b48e827cb3a78a103f9d5fd42257aabe2
REQ-000255,2026-05-29T11:30:00Z,random_context,OFF-0111,f65ad458155d09405f8da86c,Inspector,4,POLICE,STATE_02_DIST_04_PS_03,STATE_02_DIST_04,STATE_02,MEDIUM,ACTIVE,NOT_ASSIGNED,REC-000703,f38779c74978e4aefc78ffac,CASE-00278,NARCOTICS,EVIDENCE_MEDIA,STATE_01_DIST_01_PS_03,STATE_01_DIST_01,STATE_01,POLICE,HIGH,false,false,false,true,OPEN,ACTIVE,false,false,false,true,PROSECUTION_REVIEW,VIEW,false,false,PRESENT_VALID,BUSINESS_HOURS,ONLINE,ICJS_STYLE_EXCHANGE,P-2026-05-STEP1,false,true,ddeb77c29e684fcc3b71952849d787758a2db1361cb7c26885e85be82bdfbd1b
REQ-000256,2026-05-29T03:12:00Z,emergency_override,OFF-0027,0333fdd2d35c528a38a1dbe4,Constable,1,POLICE,STATE_02_DIST_01_PS_01,STATE_02_DIST_01,STATE_02,LOW,ACTIVE,NOT_ASSIGNED,REC-000682,3681056168083735834ca5ed,CASE-00033,VIOLENT_CRIME,CASE_DIARY,STATE_03_DIST_02_PS_03,STATE_03_DIST_02,STATE_03,POLICE,CLASSIFIED,false,false,false,false,SEALED,ARCHIVED,false,false,false,true,EMERGENCY_RESPONSE,DOWNLOAD,true,false,PRESENT_VALID,BUSINESS_HOURS,ONLINE,MANUAL_ESCALATION,P-2026-05-STEP1,false,true,43f604e542690c364d5822e72e8c45fc7b6d4adbba322e79cf6ffa2c187b4275
REQ-000257,2026-05-28T05:59:00Z,juvenile_sensitive,OFF-0164,eb2cec3f8312decabe6f3925,Station House Officer,5,POLICE,STATE_02_DIST_01_PS_01,STATE_02_DIST_01,STATE_02,HIGH,ACTIVE,NOT_ASSIGNED,REC-000057,ac818d040ffe1967848958a0,CASE-00038,GENERAL_THEFT,JUVENILE_RECORD,STATE_01_DIST_02_PS_02,STATE_01_DIST_02,STATE_01,POLICE,HIGH,false,false,true,false,OPEN,ACTIVE,false,false,false,true,SUPERVISION,DOWNLOAD,false,false,PRESENT_VALID,AFTER_HOURS,DEGRADED,CCTNS_STYLE_API,P-2026-05-STEP1,false,true,2c7a7babe4b3bd1aa19e1c054e932d33bf27b9ffccbea7201603b89445c799d8
REQ-000258,2026-05-29T20:48:00Z,expired_approval_token,OFF-0167,a2884bcebf8616c20bdb4688,Head Constable,2,POLICE,STATE_03_DIST_03_PS_01,STATE_03_DIST_03,STATE_03,LOW,ACTIVE,NOT_ASSIGNED,REC-000262,481635364f5f6393b2fbfd90,CASE-00318,FINANCIAL_CRIME,FIR_SUMMARY,STATE_03_DIST_04_PS_01,STATE_03_DIST_04,STATE_03,POLICE,HIGH,false,false,false,false,OPEN,ARCHIVED,false,false,true,true,INVESTIGATION,DOWNLOAD,false,false,EXPIRED,BUSINESS_HOURS,ONLINE,ICJS_STYLE_EXCHANGE,P-2026-05-STEP1,false,true,180779b0deae3d2ddcbef5dadf55a1e044b513e1c85041cc74c0cca21753ee09
REQ-000259,2026-05-28T23:29:00Z,cross_jurisdiction_sensitive,OFF-0092,29e63067f87e22c26e60f375,Cybercrime Officer,4,CYBERCRIME,STATE_02_DIST_01_PS_02,STATE_02_DIST_01,STATE_02,HIGH,ACTIVE,NOT_ASSIGNED,REC-000557,c8d16cfb81beee7a577351be,CASE-00281,NARCOTICS,EVIDENCE_MEDIA,STATE_01_DIST_02_PS_01,STATE_01_DIST_02,STATE_01,POLICE,HIGH,false,false,false,true,OPEN,ACTIVE,false,false,false,true,FORENSIC_REVIEW,APPROVE,false,false,MISSING,NIGHT,ONLINE,ICJS_STYLE_EXCHANGE,P-2026-05-STEP1,false,true,11d4869b7585718ad1d58c566e8bd348a5980bcf95b19a36ab1b300039f3520d
REQ-000260,2026-05-28T23:40:00Z,juvenile_sensitive,OFF-0161,1086c897162d91ce96d22b8e,Forensic Officer,4,FORENSIC,STATE_01_DIST_03_PS_01,STATE_01_DIST_03,STATE_01,HIGH,ACTIVE,NOT_ASSIGNED,REC-000620,05c7c986bc49b426bf6cd52e,CASE-00346,MISSING_PERSON,JUVENILE_RECORD,STATE_02_DIST_04_PS_03,STATE_02_DIST_04,STATE_02,POLICE,CLASSIFIED,false,false,true,false,OPEN,UNDER_REVIEW,false,false,false,true,INVESTIGATION,SHARE,false,false,MISSING,BUSINESS_HOURS,STATION_NODE_DOWN,MANUAL_ESCALATION,P-2026-05-STEP1,false,true,911c8c0e8274f425575751c5112a5492b8c0b3ef84ee62533641d2414dd139d7
REQ-000261,2026-05-28T02:06:00Z,random_context,OFF-0024,c5766246d7388485ac5c149e,Sub-Inspector,3,POLICE,STATE_02_DIST_01_PS_01,STATE_02_DIST_01,STATE_02,MEDIUM,ACTIVE,NOT_ASSIGNED,REC-000672,1922b95ccc37339a4045c508,CASE-00054,FINANCIAL_CRIME,VICTIM_RECORD,STATE_01_DIST_04_PS_03,STATE_01_DIST_04,STATE_01,POLICE,HIGH,true,false,false,false,OPEN,UNDER_REVIEW,false,false,false,true,COURT_PRODUCTION,DOWNLOAD,false,false,NOT_REQUIRED,NIGHT,ONLINE,CCTNS_STYLE_API,P-2026-05-STEP1,false,true,ea1a75e834046aaca14622611ab9a1456e62a16e31166c61e688d22f021b4fb6
REQ-000262,2026-05-29T08:46:00Z,cross_jurisdiction_sensitive,OFF-0166,b6791729f7de52114f8f5aba,Head Constable,2,POLICE,STATE_02_DIST_02_PS_03,STATE_02_DIST_02,STATE_02,LOW,ACTIVE,NOT_ASSIGNED,REC-000674,bd05b7562eae2d678359c483,CASE-00282,MISSING_PERSON,CYBERCRIME_COMPLAINT,STATE_03_DIST_04_PS_03,STATE_03_DIST_04,STATE_03,POLICE,HIGH,false,false,false,false,OPEN,UNDER_REVIEW,false,false,false,true,SUPERVISION,DOWNLOAD,false,false,PRESENT_VALID,BUSINESS_HOURS,ONLINE,ICJS_STYLE_EXCHANGE,P-2026-05-STEP1,false,true,09b581383a480fdd133d5676f7d51b232bf9e730bc2f8b896e1f292fcbb72842
REQ-000263,2026-05-28T15:27:00Z,juvenile_sensitive,OFF-0085,17c3357ea795f04352db1db0,Head Constable,2,POLICE,STATE_03_DIST_03_PS_03,STATE_03_DIST_03,STATE_03,LOW,ACTIVE,NOT_ASSIGNED,REC-000869,7dbc797b2f28d09c339d0893,CASE-00013,VIOLENT_CRIME,JUVENILE_RECORD,STATE_02_DIST_01_PS_03,STATE_02_DIST_01,STATE_02,POLICE,HIGH,false,false,true,false,OPEN,ACTIVE,false,false,false,true,INVESTIGATION,VIEW,false,false,PRESENT_VALID,BUSINESS_HOURS,ONLINE,MANUAL_ESCALATION,P-2026-05-STEP1,false,true,6632b1ed9382bdb57be074da9cbb9b30a8e576aa83eff57bb8c50d61cb615f0e
REQ-000264,2026-05-30T02:48:00Z,normal_in_jurisdiction,OFF-0162,ec1ea596f81353f2d9f85816,Forensic Officer,4,FORENSIC,STATE_02_DIST_02_PS_01,STATE_02_DIST_02,STATE_02,HIGH,ACTIVE,ASSIGNED,REC-000382,4451c095fe2e4d1a159e9e35,CASE-00176,VIOLENT_CRIME,WITNESS_STATEMENT,STATE_02_DIST_02_PS_01,STATE_02_DIST_02,STATE_02,POLICE,MEDIUM,false,true,false,false,OPEN,ACTIVE,true,true,true,false,INVESTIGATION,VIEW,false,false,NOT_REQUIRED,BUSINESS_HOURS,ONLINE,CCTNS_STYLE_API,P-2026-05-STEP1,false,true,d69c5d535ad0dc035fed56fdf3a0cb8496c55a35e8a74fafa22aaba1d2bac8c6
REQ-000265,2026-05-28T06:55:00Z,random_context,OFF-0182,f733b89b991cd7dc6791cabb,Sub-Inspector,3,POLICE,STATE_01_DIST_01_PS_02,STATE_01_DIST_01,STATE_01,MEDIUM,ACTIVE,NOT_ASSIGNED,REC-000734,70c78bbc75d059ecfc674005,CASE-00356,VIOLENT_CRIME,CYBERCRIME_COMPLAINT,STATE_02_DIST_03_PS_02,STATE_02_DIST_03,STATE_02,POLICE,CLASSIFIED,false,false,false,false,OPEN,ACTIVE,false,false,false,true,EMERGENCY_RESPONSE,VIEW,false,false,NOT_REQUIRED,BUSINESS_HOURS,ONLINE,MANUAL_ESCALATION,P-2026-05-STEP1,false,true,9ef34754f0d335b89709449e10c66cc06da5569142a2027ad3b448283510548c
REQ-000266,2026-05-29T18:30:00Z,normal_in_jurisdiction,OFF-0230,f59f4c244c14d1c05b3b5fef,Inspector,4,POLICE,STATE_02_DIST_04_PS_01,STATE_02_DIST_04,STATE_02,MEDIUM,ACTIVE,ASSIGNED,REC-000812,7b291ea97b660dc95e52b341,CASE-00088,JUVENILE_PROTECTION,COURT_SUBMISSION,STATE_02_DIST_04_PS_01,STATE_02_DIST_04,STATE_02,POLICE,MEDIUM,false,false,true,false,OPEN,ACTIVE,true,true,true,false,INVESTIGATION,VIEW,false,false,NOT_REQUIRED,AFTER_HOURS,ONLINE,ICJS_STYLE_EXCHANGE,P-2026-05-STEP1,false,true,58128bef8c83022f0a58dc9505f08de1663449197f082eeb567f957ba1c81ad2
REQ-000267,2026-05-29T00:57:00Z,stale_case_assignment,OFF-0146,59518bd254aa8c0d0b7a139c,Sub-Inspector,3,POLICE,STATE_02_DIST_03_PS_03,STATE_02_DIST_03,STATE_02,MEDIUM,ACTIVE,STALE,REC-000316,318f5250c892dade4a4047ee,CASE-00305,MISSING_PERSON,CASE_DIARY,STATE_01_DIST_02_PS_01,STATE_01_DIST_02,STATE_01,POLICE,HIGH,false,false,false,false,OPEN,ARCHIVED,false,false,false,true,INVESTIGATION,DOWNLOAD,false,false,MISSING,BUSINESS_HOURS,ONLINE,ICJS_STYLE_EXCHANGE,P-2026-05-STEP1,false,true,0682c224b070f7962ee5f242e0c5fc3c490b87ffde8358bda54f4b18c3311296
REQ-000268,2026-05-29T23:28:00Z,revoked_credential,OFF-0196,d60f48d22e03c3316a18fa6d,Inspector,4,POLICE,STATE_01_DIST_03_PS_01,STATE_01_DIST_03,STATE_01,MEDIUM,REVOKED,NOT_ASSIGNED,REC-000231,b73b14922b41736415881248,CASE-00184,GENERAL_THEFT,WITNESS_STATEMENT,STATE_03_DIST_03_PS_02,STATE_03_DIST_03,STATE_03,POLICE,HIGH,false,true,false,false,OPEN,ARCHIVED,false,false,false,true,AUDIT,VIEW,false,false,MISSING,BUSINESS_HOURS,ONLINE,ICJS_STYLE_EXCHANGE,P-2026-05-STEP1,false,true,a886b60d3ff78640cfc20bbe59aa07563dc60869bd90536707cbc277843dface
REQ-000269,2026-05-29T23:44:00Z,revoked_credential,OFF-0189,0f5e28fd8c1c5a758d17ef19,Inspector,4,POLICE,STATE_01_DIST_01_PS_03,STATE_01_DIST_01,STATE_01,MEDIUM,REVOKED,NOT_ASSIGNED,REC-000290,17ebb06a599dae60d15c8174,CASE-00120,VIOLENT_CRIME,FIR_SUMMARY,STATE_01_DIST_03_PS_03,STATE_01_DIST_03,STATE_01,POLICE,LOW,false,false,false,false,OPEN,ACTIVE,false,false,true,true,INVESTIGATION,VIEW,false,false,MISSING,AFTER_HOURS,ONLINE,ICJS_STYLE_EXCHANGE,P-2026-05-STEP1,false,true,19d46704765f8a7df4197bccd3700a54828816a676401f39fd2e68be5e7b0220
REQ-000270,2026-05-28T12:00:00Z,expired_approval_token,OFF-0121,e35de54e8ce29e22aa4fb84d,Constable,1,POLICE,STATE_01_DIST_04_PS_03,STATE_01_DIST_04,STATE_01,LOW,ACTIVE,NOT_ASSIGNED,REC-000522,cfbb7cb7295b99ad06465bc9,CASE-00032,GENERAL_THEFT,WITNESS_STATEMENT,STATE_03_DIST_01_PS_01,STATE_03_DIST_01,STATE_03,POLICE,HIGH,false,true,false,false,OPEN,ACTIVE,false,false,false,true,PROSECUTION_REVIEW,DOWNLOAD,false,false,EXPIRED,AFTER_HOURS,ONLINE,MANUAL_ESCALATION,P-2026-05-STEP1,false,true,82d2a193bd6d67a4bcc64cc3d192fb043d4fec5e649a4505b255e351608aa4a1
REQ-000271,2026-05-28T03:06:00Z,court_request,OFF-0051,316e4edba94c2b3868db8ac7,Constable,1,POLICE,STATE_03_DIST_04_PS_03,STATE_03_DIST_04,STATE_03,LOW,ACTIVE,NOT_ASSIGNED,REC-000759,19e175daeb23a7b7e4767fb9,CASE-00201,JUVENILE_PROTECTION,VICTIM_RECORD,STATE_02_DIST_04_PS_02,STATE_02_DIST_04,STATE_02,POLICE,MEDIUM,true,false,true,false,SEALED,ACTIVE,false,false,false,true,PROSECUTION_REVIEW,VIEW,false,true,PRESENT_VALID,BUSINESS_HOURS,ONLINE,ICJS_STYLE_EXCHANGE,P-2026-05-STEP1,false,true,cd03fbc10db791b28c5116081211bd5f2e6a92c4b60c9705057eb8c40e4d1a36
REQ-000272,2026-05-28T03:12:00Z,cross_jurisdiction_sensitive,OFF-0025,7fa77f7b07565190b1b9a0af,Forensic Officer,4,FORENSIC,STATE_02_DIST_01_PS_01,STATE_02_DIST_01,STATE_02,HIGH,ACTIVE,NOT_ASSIGNED,REC-000596,89476745cac894a936858ff7,CASE-00262,JUVENILE_PROTECTION,WITNESS_STATEMENT,STATE_02_DIST_02_PS_01,STATE_02_DIST_02,STATE_02,POLICE,CLASSIFIED,false,true,true,false,SEALED,ARCHIVED,false,false,true,true,FORENSIC_REVIEW,VIEW,false,false,MISSING,BUSINESS_HOURS,ONLINE,ICJS_STYLE_EXCHANGE,P-2026-05-STEP1,false,true,6e9c4620a1da6d0374be880768e8972aeb0abd714a123c41b2f8532763911ab5
REQ-000273,2026-05-29T11:09:00Z,sealed_record,OFF-0126,73518b37a439a4d90b18903d,Constable,1,POLICE,STATE_02_DIST_01_PS_01,STATE_02_DIST_01,STATE_02,LOW,ACTIVE,NOT_ASSIGNED,REC-000519,c41b67b4eb7eaeb0d8a6bb62,CASE-00212,VIOLENT_CRIME,FIR_SUMMARY,STATE_03_DIST_02_PS_02,STATE_03_DIST_02,STATE_03,POLICE,MEDIUM,false,false,false,false,SEALED,UNDER_REVIEW,false,false,false,true,PROSECUTION_REVIEW,VIEW,false,true,PRESENT_VALID,BUSINESS_HOURS,ONLINE,MANUAL_ESCALATION,P-2026-05-STEP1,false,true,57094f71802a4bec870b377ae3382b2e67df5c01ed745ce9e97843bfb75d860c
REQ-000274,2026-05-29T20:30:00Z,emergency_override,OFF-0239,cef54734e093447c3864ede7,Station House Officer,5,POLICE,STATE_02_DIST_01_PS_02,STATE_02_DIST_01,STATE_02,HIGH,ACTIVE,NOT_ASSIGNED,REC-000593,118bf6e235079ff659306fe5,CASE-00324,NARCOTICS,EVIDENCE_MEDIA,STATE_03_DIST_04_PS_02,STATE_03_DIST_04,STATE_03,POLICE,CLASSIFIED,false,false,false,true,OPEN,ARCHIVED,false,false,false,true,EMERGENCY_RESPONSE,DOWNLOAD,true,false,MISSING,BUSINESS_HOURS,ONLINE,MANUAL_ESCALATION,P-2026-05-STEP1,false,true,a708314f7888c4ee9f60e8a743e318ffa92426ac01664fd4cfe0f63da33b15bc
REQ-000275,2026-05-28T21:50:00Z,expired_approval_token,OFF-0143,116125532167435d32c323d1,Constable,1,POLICE,STATE_01_DIST_02_PS_01,STATE_01_DIST_02,STATE_01,LOW,ACTIVE,NOT_ASSIGNED,REC-000425,abad1f85154594182175139d,CASE-00126,JUVENILE_PROTECTION,WITNESS_STATEMENT,STATE_01_DIST_02_PS_02,STATE_01_DIST_02,STATE_01,POLICE,MEDIUM,false,true,true,false,SEALED,ACTIVE,false,true,true,false,PROSECUTION_REVIEW,VIEW,false,false,EXPIRED,BUSINESS_HOURS,ONLINE,CCTNS_STYLE_API,P-2026-05-STEP1,false,true,fb7c1a4a17718b8512a8a74451c9d0f09366509678b600045c0b30f8020abc4d
REQ-000276,2026-05-28T17:24:00Z,normal_in_jurisdiction,OFF-0109,71ae00fed2507668078d658b,Inspector,4,POLICE,STATE_01_DIST_02_PS_01,STATE_01_DIST_02,STATE_01,MEDIUM,ACTIVE,ASSIGNED,REC-000129,ba1246d80c3497ab72c2edc9,CASE-00281,NARCOTICS,FIR_SUMMARY,STATE_01_DIST_02_PS_01,STATE_01_DIST_02,STATE_01,POLICE,MEDIUM,false,false,false,false,OPEN,ARCHIVED,true,true,true,false,INVESTIGATION,VIEW,false,false,NOT_REQUIRED,BUSINESS_HOURS,ONLINE,MANUAL_ESCALATION,P-2026-05-STEP1,false,true,7820bbf0bcdf28084edfb7efe5e6efb72a403b0a1a5011f6a695f860e8d6373f
REQ-000277,2026-05-30T06:29:00Z,juvenile_sensitive,OFF-0094,85642e8c300a0dccea130cc9,Constable,1,POLICE,STATE_01_DIST_01_PS_02,STATE_01_DIST_01,STATE_01,LOW,ACTIVE,NOT_ASSIGNED,REC-000897,9e07dff2b8dc1dd1a0637d25,CASE-00140,MISSING_PERSON,JUVENILE_RECORD,STATE_03_DIST_01_PS_01,STATE_03_DIST_01,STATE_03,POLICE,CLASSIFIED,false,false,true,false,SEALED,ACTIVE,false,false,false,true,SUPERVISION,VIEW,false,false,MISSING,BUSINESS_HOURS,ONLINE,ICJS_STYLE_EXCHANGE,P-2026-05-STEP1,false,true,581ecd069a84102a6a5617c08a7194224edad33b036985b2d6d879c33e0056b6
REQ-000278,2026-05-30T02:08:00Z,expired_approval_token,OFF-0235,a4932d929933c3c8b03681a3,Constable,1,POLICE,STATE_01_DIST_01_PS_03,STATE_01_DIST_01,STATE_01,LOW,ACTIVE,NOT_ASSIGNED,REC-000685,e75112487c579ac4b3944b49,CASE-00263,NARCOTICS,WITNESS_STATEMENT,STATE_01_DIST_03_PS_03,STATE_01_DIST_03,STATE_01,POLICE,CLASSIFIED,false,true,false,false,OPEN,ACTIVE,false,false,true,true,FORENSIC_REVIEW,DOWNLOAD,false,false,EXPIRED,BUSINESS_HOURS,ONLINE,ICJS_STYLE_EXCHANGE,P-2026-05-STEP1,false,true,6a5b8c5d6b75888703a747a93376ea86f4a34c44f7ce2e3e1d829ea901189a43
REQ-000279,2026-05-27T18:36:00Z,normal_in_jurisdiction,OFF-0167,a2884bcebf8616c20bdb4688,Head Constable,2,POLICE,STATE_03_DIST_03_PS_01,STATE_03_DIST_03,STATE_03,LOW,ACTIVE,ASSIGNED,REC-000540,4f004fd6ecff230b24cb85ac,CASE-00193,JUVENILE_PROTECTION,COURT_SUBMISSION,STATE_03_DIST_03_PS_01,STATE_03_DIST_03,STATE_03,POLICE,MEDIUM,false,false,true,false,OPEN,ACTIVE,true,true,true,false,INVESTIGATION,VIEW,false,false,NOT_REQUIRED,BUSINESS_HOURS,ONLINE,ICJS_STYLE_EXCHANGE,P-2026-05-STEP1,false,true,0a575e4b008dd527a05d0d6a9eea8746a57611a381b355686ac48c739baf5b0e
REQ-000280,2026-05-28T04:00:00Z,juvenile_sensitive,OFF-0011,84a9b6fb8d6efe7cd09043f6,Inspector,4,POLICE,STATE_02_DIST_02_PS_02,STATE_02_DIST_02,STATE_02,MEDIUM,ACTIVE,NOT_ASSIGNED,REC-000337,5a5456b695cba3207b5bffdc,CASE-00095,JUVENILE_PROTECTION,CASE_DIARY,STATE_01_DIST_01_PS_03,STATE_01_DIST_01,STATE_01,POLICE,HIGH,false,false,true,false,OPEN,ACTIVE,false,false,false,true,SUPERVISION,DOWNLOAD,false,false,MISSING,BUSINESS_HOURS,DEGRADED,ICJS_STYLE_EXCHANGE,P-2026-05-STEP1,false,true,953dc7e6743f49ee9abd0cba39defddaaf96c173020bc39578ecfaeaed56d2bf
REQ-000281,2026-05-30T02:56:00Z,sealed_record,OFF-0187,dea3496d0907b239fdcdd5a2,Head Constable,2,POLICE,STATE_03_DIST_04_PS_02,STATE_03_DIST_04,STATE_03,LOW,ACTIVE,NOT_ASSIGNED,REC-000808,b1ef8bd2a5615b92e3c7daa5,CASE-00231,FINANCIAL_CRIME,CASE_DIARY,STATE_02_DIST_01_PS_03,STATE_02_DIST_01,STATE_02,POLICE,HIGH,false,false,false,false,SEALED,ACTIVE,false,false,false,true,PROSECUTION_REVIEW,VIEW,false,true,MISSING,BUSINESS_HOURS,ONLINE,CCTNS_STYLE_API,P-2026-05-STEP1,false,true,fd76f0947330c4f0025ca2da92fd319e64fc69c65811fcd0c4b238a1de05d79f
REQ-000282,2026-05-27T14:06:00Z,cross_jurisdiction_sensitive,OFF-0203,7c415028a69bb19f488fe7d8,Cybercrime Officer,4,CYBERCRIME,STATE_01_DIST_03_PS_03,STATE_01_DIST_03,STATE_01,HIGH,ACTIVE,NOT_ASSIGNED,REC-000824,945f4f7b3a236a35a569de92,CASE-00017,WOMEN_CHILD_SAFETY,WITNESS_STATEMENT,STATE_02_DIST_01_PS_01,STATE_02_DIST_01,STATE_02,POLICE,MEDIUM,true,true,false,false,SEALED,ACTIVE,false,false,false,true,INVESTIGATION,VIEW,false,false,PRESENT_VALID,BUSINESS_HOURS,ONLINE,ICJS_STYLE_EXCHANGE,P-2026-05-STEP1,false,true,32be1a625a9dd3181c25b80929f7d05fefb2beafd0e4d79b5b62dcfb999593c9
REQ-000283,2026-05-27T14:09:00Z,cross_jurisdiction_sensitive,OFF-0193,4be2947fa44b5e03c9285de0,Constable,1,POLICE,STATE_02_DIST_04_PS_01,STATE_02_DIST_04,STATE_02,LOW,ACTIVE,NOT_ASSIGNED,REC-000088,0efb3356caf516ce494a3f41,CASE-00215,NARCOTICS,JUVENILE_RECORD,STATE_03_DIST_01_PS_01,STATE_03_DIST_01,STATE_03,POLICE,HIGH,false,false,true,false,OPEN,ACTIVE,false,false,false,true,FORENSIC_REVIEW,VIEW,false,false,MISSING,AFTER_HOURS,ONLINE,ICJS_STYLE_EXCHANGE,P-2026-05-STEP1,false,true,e920b79dd29b12b026efc316428cb70992fb9bb3419d5f865c226fc7365ccc77
REQ-000284,2026-05-29T23:00:00Z,normal_in_jurisdiction,OFF-0209,46719ed3c0b1ab7f0fbf5f90,Prosecutor Liaison,4,PROSECUTION,STATE_01_DIST_01_PS_01,STATE_01_DIST_01,STATE_01,MEDIUM,ACTIVE,NOT_ASSIGNED,REC-000876,f2092b03763bf8212c814d3f,CASE-00118,WOMEN_CHILD_SAFETY,COURT_SUBMISSION,STATE_01_DIST_02_PS_02,STATE_01_DIST_02,STATE_01,POLICE,MEDIUM,true,false,false,false,OPEN,ACTIVE,false,false,true,true,INVESTIGATION,VIEW,false,false,NOT_REQUIRED,NIGHT,ONLINE,MANUAL_ESCALATION,P-2026-05-STEP1,false,true,6f6664f0e5e5c5e7fa26d4bf72b54e97c1d60437346c1b894915f88454b7042c
REQ-000285,2026-05-27T19:00:00Z,normal_in_jurisdiction,OFF-0228,8a7aea37c451a80fdc290e57,Head Constable,2,POLICE,STATE_01_DIST_02_PS_02,STATE_01_DIST_02,STATE_01,LOW,ACTIVE,ASSIGNED,REC-000187,e35c9c805be9e96ad2787cf1,CASE-00114,NARCOTICS,FIR_SUMMARY,STATE_01_DIST_02_PS_02,STATE_01_DIST_02,STATE_01,POLICE,LOW,false,false,false,false,OPEN,ACTIVE,true,true,true,false,INVESTIGATION,VIEW,false,false,NOT_REQUIRED,BUSINESS_HOURS,ONLINE,CCTNS_STYLE_API,P-2026-05-STEP1,false,true,347d98cf1a7e31f59ed8a048c25a57ed255507ea3f89092ade2b0ca3e95d003c
REQ-000286,2026-05-27T14:18:00Z,normal_in_jurisdiction,OFF-0220,5f5d03cad2864eb9986177dd,Sub-Inspector,3,POLICE,STATE_02_DIST_03_PS_02,STATE_02_DIST_03,STATE_02,MEDIUM,ACTIVE,ASSIGNED,REC-000499,c8276d8fd0deda542ffa6922,CASE-00110,NARCOTICS,CYBERCRIME_COMPLAINT,STATE_02_DIST_03_PS_02,STATE_02_DIST_03,STATE_02,POLICE,MEDIUM,false,false,false,false,OPEN,ACTIVE,true,true,true,false,INVESTIGATION,VIEW,false,false,NOT_REQUIRED,AFTER_HOURS,ONLINE,ICJS_STYLE_EXCHANGE,P-2026-05-STEP1,false,true,a646f1203e3436096971724b6dc93d2cb7ec9db398ff6a482243d541340a6066
REQ-000287,2026-05-29T18:58:00Z,random_context,OFF-0068,fe7f0fee4990978ba985ec2d,Sub-Inspector,3,POLICE,STATE_01_DIST_01_PS_01,STATE_01_DIST_01,STATE_01,MEDIUM,ACTIVE,NOT_ASSIGNED,REC-000644,134d5ab59de5af3d5dd49d2a,CASE-00309,NARCOTICS,COURT_SUBMISSION,STATE_02_DIST_01_PS_01,STATE_02_DIST_01,STATE_02,POLICE,MEDIUM,false,false,false,false,OPEN,ARCHIVED,false,false,false,true,COURT_PRODUCTION,DOWNLOAD,false,false,NOT_REQUIRED,AFTER_HOURS,ONLINE,MANUAL_ESCALATION,P-2026-05-STEP1,false,true,dd960cd1b3208433c423f78bb0af15d29cba30c2b38ae059473d6fe2c15e4c2c
REQ-000288,2026-05-27T14:24:00Z,expired_approval_token,OFF-0091,516e122c203e5dd62fd9ee93,Sub-Inspector,3,POLICE,STATE_02_DIST_01_PS_02,STATE_02_DIST_01,STATE_02,MEDIUM,ACTIVE,NOT_ASSIGNED,REC-000853,f00953fe3c0b73fa1844aab5,CASE-00186,MISSING_PERSON,FORENSIC_REPORT,STATE_01_DIST_02_PS_01,STATE_01_DIST_02,STATE_01,POLICE,HIGH,false,false,false,false,OPEN,UNDER_REVIEW,false,false,false,true,PROSECUTION_REVIEW,VIEW,false,false,EXPIRED,BUSINESS_HOURS,ONLINE,MANUAL_ESCALATION,P-2026-05-STEP1,false,true,8da223614ff3ec2a4abd301c5441a51c165ac1ad4b37ea3d67700d752a76edbe
REQ-000289,2026-05-29T00:10:00Z,sealed_record,OFF-0006,05c87980613cb5db42b892f9,Constable,1,POLICE,STATE_03_DIST_04_PS_02,STATE_03_DIST_04,STATE_03,LOW,ACTIVE,NOT_ASSIGNED,REC-000682,3681056168083735834ca5ed,CASE-00033,VIOLENT_CRIME,CASE_DIARY,STATE_03_DIST_02_PS_03,STATE_03_DIST_02,STATE_03,POLICE,CLASSIFIED,false,false,false,false,SEALED,ARCHIVED,false,false,true,true,PROSECUTION_REVIEW,APPROVE,false,true,PRESENT_VALID,AFTER_HOURS,ONLINE,ICJS_STYLE_EXCHANGE,P-2026-05-STEP1,false,true,040e9c2b0ab9148b5e622ef1bcfe841788542b94b67b54e497696d6a5507fcbd
REQ-000290,2026-05-27T14:30:00Z,sealed_record,OFF-0139,16a2d504d34232bf9551d690,Inspector,4,POLICE,STATE_01_DIST_02_PS_03,STATE_01_DIST_02,STATE_01,MEDIUM,ACTIVE,NOT_ASSIGNED,REC-000605,e1d51408056939f2b7fccbac,CASE-00291,JUVENILE_PROTECTION,CASE_DIARY,STATE_02_DIST_01_PS_01,STATE_02_DIST_01,STATE_02,POLICE,HIGH,false,false,true,false,SEALED,ACTIVE,false,false,false,true,COURT_PRODUCTION,VIEW,false,true,MISSING,BUSINESS_HOURS,ONLINE,CCTNS_STYLE_API,P-2026-05-STEP1,false,true,10364002eed85dd3750229da20891ab7a37ce0105551e9922e4e11f800f14e09
REQ-000291,2026-05-27T09:42:00Z,emergency_override,OFF-0097,0de9124a7d38c17a328e4497,Inspector,4,POLICE,STATE_01_DIST_04_PS_03,STATE_01_DIST_04,STATE_01,MEDIUM,ACTIVE,NOT_ASSIGNED,REC-000288,9fce236a36075cd6bcd8860b,CASE-00249,FINANCIAL_CRIME,COURT_SUBMISSION,STATE_01_DIST_02_PS_03,STATE_01_DIST_02,STATE_01,POLICE,HIGH,false,false,false,false,SEALED,UNDER_REVIEW,false,false,true,true,EMERGENCY_RESPONSE,VIEW,true,false,MISSING,BUSINESS_HOURS,ONLINE,CCTNS_STYLE_API,P-2026-05-STEP1,false,true,ceeb6aac2cbda8b3f38ec5d207bb98dba4846e914b04d3c0cebf299a4c295486
REQ-000292,2026-05-29T20:08:00Z,juvenile_sensitive,OFF-0166,b6791729f7de52114f8f5aba,Head Constable,2,POLICE,STATE_02_DIST_02_PS_03,STATE_02_DIST_02,STATE_02,LOW,ACTIVE,NOT_ASSIGNED,REC-000798,76adbb3fc2521f255ea8e9c6,CASE-00022,JUVENILE_PROTECTION,COURT_SUBMISSION,STATE_01_DIST_02_PS_02,STATE_01_DIST_02,STATE_01,POLICE,MEDIUM,false,false,true,false,SEALED,ARCHIVED,false,false,false,true,SUPERVISION,VIEW,false,false,MISSING,BUSINESS_HOURS,ONLINE,CCTNS_STYLE_API,P-2026-05-STEP1,false,true,73652ef6f75e416542a6e27983e96813e8980ff32827a58bf435c016d34d18ea
REQ-000293,2026-05-27T14:39:00Z,random_context,OFF-0075,b4d11e5f08de15f8b7a05319,Forensic Officer,4,FORENSIC,STATE_01_DIST_03_PS_01,STATE_01_DIST_03,STATE_01,HIGH,ACTIVE,NOT_ASSIGNED,REC-000455,7ab9fa00902faedfec4f6eaa,CASE-00289,NARCOTICS,EVIDENCE_MEDIA,STATE_01_DIST_02_PS_01,STATE_01_DIST_02,STATE_01,POLICE,CLASSIFIED,false,false,false,true,OPEN,ACTIVE,false,false,true,true,EMERGENCY_RESPONSE,DOWNLOAD,false,false,NOT_REQUIRED,NIGHT,ONLINE,ICJS_STYLE_EXCHANGE,P-2026-05-STEP1,false,true,4a88e34d689ff6ad20ff5edcb2d580477d5d6f7bf7220c4ea52421c35cca8f8a
REQ-000294,2026-05-27T14:42:00Z,sealed_record,OFF-0228,8a7aea37c451a80fdc290e57,Head Constable,2,POLICE,STATE_01_DIST_02_PS_02,STATE_01_DIST_02,STATE_01,LOW,ACTIVE,NOT_ASSIGNED,REC-000863,7162ae3d12d0223d7f64f413,CASE-00176,VIOLENT_CRIME,VICTIM_RECORD,STATE_02_DIST_02_PS_01,STATE_02_DIST_02,STATE_02,POLICE,HIGH,true,false,false,false,SEALED,ARCHIVED,false,false,false,true,COURT_PRODUCTION,DOWNLOAD,false,true,MISSING,BUSINESS_HOURS,ONLINE,MANUAL_ESCALATION,P-2026-05-STEP1,false,true,b716fe9efd472ce095af8bb9e706c320cdca39cdfe15b3cc9fa21a432041b870
REQ-000295,2026-05-30T11:35:00Z,sealed_record,OFF-0006,05c87980613cb5db42b892f9,Constable,1,POLICE,STATE_03_DIST_04_PS_02,STATE_03_DIST_04,STATE_03,LOW,ACTIVE,NOT_ASSIGNED,REC-000287,255eef6a2a2326cbbe551f51,CASE-00296,VIOLENT_CRIME,WITNESS_STATEMENT,STATE_02_DIST_01_PS_01,STATE_02_DIST_01,STATE_02,POLICE,CLASSIFIED,false,true,false,false,SEALED,ACTIVE,false,false,false,true,INVESTIGATION,DOWNLOAD,false,false,MISSING,AFTER_HOURS,ONLINE,MANUAL_ESCALATION,P-2026-05-STEP1,false,true,2f7f1b094cb7f128d2f2566c017ed02b91ae8e04b654c6e8411e8762d431f279
REQ-000296,2026-05-29T06:16:00Z,random_context,OFF-0212,22d2f79089811df3a4aeb9a5,Head Constable,2,POLICE,STATE_01_DIST_01_PS_01,STATE_01_DIST_01,STATE_01,LOW,REVOKED,NOT_ASSIGNED,REC-000569,e1148c15109211a512b9f29b,CASE-00200,CYBER_FRAUD,VICTIM_RECORD,STATE_03_DIST_04_PS_01,STATE_03_DIST_04,STATE_03,POLICE,HIGH,true,false,false,false,OPEN,ACTIVE,false,false,false,true,AUDIT,VIEW,false,false,PRESENT_VALID,BUSINESS_HOURS,ONLINE,ICJS_STYLE_EXCHANGE,P-2026-05-STEP1,false,true,79a2adbe47875c8d0d8036a346e8202f6b64cf9524887fd0e1634d015a7967da
REQ-000297,2026-05-28T15:36:00Z,expired_approval_token,OFF-0170,46b29e30bec752302a2d886e,Sub-Inspector,3,POLICE,STATE_03_DIST_04_PS_02,STATE_03_DIST_04,STATE_03,MEDIUM,ACTIVE,NOT_ASSIGNED,REC-000009,63c910ce62e656e7950b3fc5,CASE-00002,GENERAL_THEFT,JUVENILE_RECORD,STATE_01_DIST_03_PS_02,STATE_01_DIST_03,STATE_01,POLICE,CLASSIFIED,false,false,true,false,OPEN,ACTIVE,false,false,false,true,PROSECUTION_REVIEW,VIEW,false,false,EXPIRED,BUSINESS_HOURS,ONLINE,ICJS_STYLE_EXCHANGE,P-2026-05-STEP1,false,true,563b66ddc664d7716db5d3bcba2ef26afe882ad634fd4fd535c6afa48446e568
REQ-000298,2026-05-27T14:54:00Z,court_request,OFF-0137,b5c2c2becf92b9e253d997f4,Sub-Inspector,3,POLICE,STATE_02_DIST_04_PS_03,STATE_02_DIST_04,STATE_02,MEDIUM,ACTIVE,NOT_ASSIGNED,REC-000846,1ae63c6c5896953b40aa34aa,CASE-00319,VIOLENT_CRIME,WITNESS_STATEMENT,STATE_02_DIST_03_PS_01,STATE_02_DIST_03,STATE_02,POLICE,HIGH,false,true,false,false,OPEN,ACTIVE,false,false,true,true,COURT_PRODUCTION,VIEW,false,true,PRESENT_VALID,BUSINESS_HOURS,ONLINE,ICJS_STYLE_EXCHANGE,P-2026-05-STEP1,false,true,01e644651e5d387d685562e7511c48991afdaddc057c7355cff45f387fd7c878
REQ-000299,2026-05-28T00:55:00Z,emergency_override,OFF-0115,6aacb3c44032122c078cc506,Forensic Officer,4,FORENSIC,STATE_01_DIST_04_PS_02,STATE_01_DIST_04,STATE_01,HIGH,ACTIVE,NOT_ASSIGNED,REC-000298,b3438785218344505dbd3e7c,CASE-00276,MISSING_PERSON,EVIDENCE_MEDIA,STATE_01_DIST_03_PS_03,STATE_01_DIST_03,STATE_01,POLICE,HIGH,false,false,false,true,OPEN,ACTIVE,false,false,true,true,EMERGENCY_RESPONSE,DOWNLOAD,true,false,MISSING,BUSINESS_HOURS,ONLINE,CCTNS_STYLE_API,P-2026-05-STEP1,false,true,40c6a16b5a2d5dbe92725e22c0bdf99376dc59234c44a5eeb4874e29486deeb0
REQ-000300,2026-05-27T10:00:00Z,cross_jurisdiction_sensitive,OFF-0148,adb77e6ea2a2edb0afc7410d,Prosecutor Liaison,4,PROSECUTION,STATE_03_DIST_02_PS_02,STATE_03_DIST_02,STATE_03,MEDIUM,ACTIVE,NOT_ASSIGNED,REC-000291,27e8ef36fb20ac5bc4e6fdf5,CASE-00352,WOMEN_CHILD_SAFETY,EVIDENCE_MEDIA,STATE_01_DIST_04_PS_01,STATE_01_DIST_04,STATE_01,POLICE,CLASSIFIED,true,false,false,true,SEALED,ACTIVE,false,false,false,true,INVESTIGATION,VIEW,false,false,MISSING,BUSINESS_HOURS,ONLINE,ICJS_STYLE_EXCHANGE,P-2026-05-STEP1,false,true,2796f291ccb549963a3423795635d56998d1226a0627676e0877e4fbcbde7e05
REQ-000301,2026-05-27T20:04:00Z,sealed_record,OFF-0231,b91bac32e23ee5afdb826394,Cybercrime Officer,4,CYBERCRIME,STATE_01_DIST_04_PS_03,STATE_01_DIST_04,STATE_01,HIGH,ACTIVE,NOT_ASSIGNED,REC-000647,127942772b7096cf80318d9f,CASE-00013,VIOLENT_CRIME,FIR_SUMMARY,STATE_02_DIST_01_PS_03,STATE_02_DIST_01,STATE_02,POLICE,LOW,false,false,false,false,SEALED,ACTIVE,false,false,false,true,INVESTIGATION,VIEW,false,false,MISSING,AFTER_HOURS,ONLINE,CCTNS_STYLE_API,P-2026-05-STEP1,false,true,006eb15d04536a119e703b2108c3161e76339703b6852ec4218c34d88ecec2d2
REQ-000302,2026-05-30T13:34:00Z,normal_in_jurisdiction,OFF-0117,c3da23329ac65eb7b3af694c,Inspector,4,POLICE,STATE_02_DIST_03_PS_03,STATE_02_DIST_03,STATE_02,MEDIUM,ACTIVE,ASSIGNED,REC-000233,95272f463d03a2186ae00bc6,CASE-00125,GENERAL_THEFT,CYBERCRIME_COMPLAINT,STATE_02_DIST_03_PS_03,STATE_02_DIST_03,STATE_02,POLICE,MEDIUM,false,false,false,false,OPEN,ACTIVE,true,true,true,false,INVESTIGATION,VIEW,false,false,NOT_REQUIRED,BUSINESS_HOURS,ONLINE,MANUAL_ESCALATION,P-2026-05-STEP1,false,true,d7043d964e62b68bb36b31b03e06cf482b4a0d7885d6a3ab4f1c15efe7d41491
REQ-000303,2026-05-28T01:15:00Z,normal_in_jurisdiction,OFF-0070,73b99e563b8590d8f1f3488f,Cybercrime Officer,4,CYBERCRIME,STATE_02_DIST_04_PS_02,STATE_02_DIST_04,STATE_02,HIGH,ACTIVE,ASSIGNED,REC-000759,19e175daeb23a7b7e4767fb9,CASE-00201,JUVENILE_PROTECTION,VICTIM_RECORD,STATE_02_DIST_04_PS_02,STATE_02_DIST_04,STATE_02,POLICE,MEDIUM,true,false,true,false,SEALED,ACTIVE,true,true,true,false,INVESTIGATION,VIEW,false,false,NOT_REQUIRED,AFTER_HOURS,ONLINE,ICJS_STYLE_EXCHANGE,P-2026-05-STEP1,false,true,95052559ea05746a261bcf1b85427810307d3f131eb0ce615e52ed3e01f7b985
REQ-000304,2026-05-27T15:12:00Z,random_context,OFF-0126,73518b37a439a4d90b18903d,Constable,1,POLICE,STATE_02_DIST_01_PS_01,STATE_02_DIST_01,STATE_02,LOW,ACTIVE,NOT_ASSIGNED,REC-000175,6b83433c88ff38205da4e6d8,CASE-00203,MISSING_PERSON,FORENSIC_REPORT,STATE_03_DIST_04_PS_01,STATE_03_DIST_04,STATE_03,POLICE,HIGH,false,false,false,false,OPEN,ACTIVE,false,false,false,true,SUPERVISION,VIEW,false,false,PRESENT_VALID,BUSINESS_HOURS,ONLINE,MANUAL_ESCALATION,P-2026-05-STEP1,false,true,02d2656b3594deb8a5b2a037aec5fc44d54dd8e5b0b08cca495c18e7acc7eddf
REQ-000305,2026-05-27T15:15:00Z,revoked_credential,OFF-0052,0c912fab59a9f46b26c259dd,Sub-Inspector,3,POLICE,STATE_03_DIST_01_PS_03,STATE_03_DIST_01,STATE_03,MEDIUM,REVOKED,NOT_ASSIGNED,REC-000069,c3f180cb72fe055ae1475896,CASE-00031,WOMEN_CHILD_SAFETY,FIR_SUMMARY,STATE_02_DIST_01_PS_02,STATE_02_DIST_01,STATE_02,POLICE,HIGH,true,false,false,false,OPEN,ACTIVE,false,false,false,true,AUDIT,UPDATE,false,false,MISSING,BUSINESS_HOURS,ONLINE,MANUAL_ESCALATION,P-2026-05-STEP1,false,true,a25ea6765a33df6e36163761abd738fe6bfbd7d87e0ec43aedf77ace5fdfb143
REQ-000306,2026-05-27T15:18:00Z,sealed_record,OFF-0015,69527641f80b28a01bb229b7,Inspector,4,POLICE,STATE_01_DIST_04_PS_03,STATE_01_DIST_04,STATE_01,MEDIUM,ACTIVE,NOT_ASSIGNED,REC-000784,47c18a6e1dfb5f8551512e9f,CASE-00305,MISSING_PERSON,VICTIM_RECORD,STATE_01_DIST_02_PS_01,STATE_01_DIST_02,STATE_01,POLICE,HIGH,true,false,false,false,SEALED,ARCHIVED,false,false,true,true,PROSECUTION_REVIEW,VIEW,false,true,MISSING,BUSINESS_HOURS,DEGRADED,CCTNS_STYLE_API,P-2026-05-STEP1,false,true,5973dc305d34583235648409a59b6879b18b075ce08a9a61853cc74d39745c4f
REQ-000307,2026-05-29T23:38:00Z,stale_case_assignment,OFF-0039,b0f05da9786602e3afcbd606,Cybercrime Officer,4,CYBERCRIME,STATE_02_DIST_01_PS_03,STATE_02_DIST_01,STATE_02,HIGH,ACTIVE,STALE,REC-000564,39541a70f058a3a497154a3d,CASE-00109,WOMEN_CHILD_SAFETY,CYBERCRIME_COMPLAINT,STATE_01_DIST_02_PS_02,STATE_01_DIST_02,STATE_01,POLICE,HIGH,true,false,false,false,OPEN,ACTIVE,false,false,false,true,INVESTIGATION,VIEW,false,false,MISSING,NIGHT,ONLINE,MANUAL_ESCALATION,P-2026-05-STEP1,false,true,3a365591853335d54a5add61000a02a724db8f9690471c4f09ab0272b75e1a66
REQ-000308,2026-05-28T01:40:00Z,juvenile_sensitive,OFF-0148,adb77e6ea2a2edb0afc7410d,Prosecutor Liaison,4,PROSECUTION,STATE_03_DIST_02_PS_02,STATE_03_DIST_02,STATE_03,MEDIUM,ACTIVE,NOT_ASSIGNED,REC-000075,6a40e28a9342f16dc5165083,CASE-00020,JUVENILE_PROTECTION,CYBERCRIME_COMPLAINT,STATE_02_DIST_02_PS_01,STATE_02_DIST_02,STATE_02,POLICE,HIGH,false,false,true,false,OPEN,ARCHIVED,false,false,false,true,SUPERVISION,VIEW,false,false,MISSING,AFTER_HOURS,ONLINE,MANUAL_ESCALATION,P-2026-05-STEP1,false,true,fefc6867065f7e872adbb7b4e5826d5c6b779982645ca66330cf190b87f2be10
REQ-000309,2026-05-28T01:45:00Z,cross_jurisdiction_sensitive,OFF-0232,8e0a9feb90e3ea8a4997b70d,Sub-Inspector,3,POLICE,STATE_03_DIST_03_PS_01,STATE_03_DIST_03,STATE_03,MEDIUM,ACTIVE,NOT_ASSIGNED,REC-000798,76adbb3fc2521f255ea8e9c6,CASE-00022,JUVENILE_PROTECTION,COURT_SUBMISSION,STATE_01_DIST_02_PS_02,STATE_01_DIST_02,STATE_01,POLICE,MEDIUM,false,false,true,false,SEALED,ARCHIVED,false,false,false,true,FORENSIC_REVIEW,SHARE,false,false,MISSING,BUSINESS_HOURS,ONLINE,MANUAL_ESCALATION,P-2026-05-STEP1,false,true,f622f491d5682e1d9ba66c94f78e8b337fc4b7dbb9dbc5103ddbd539e95da5d3
REQ-000310,2026-05-27T20:40:00Z,emergency_override,OFF-0028,8ec325482a0f9259719128c5,Prosecutor Liaison,4,PROSECUTION,STATE_03_DIST_02_PS_02,STATE_03_DIST_02,STATE_03,MEDIUM,ACTIVE,NOT_ASSIGNED,REC-000084,192d3abc4719be38c5ecb6be,CASE-00137,MISSING_PERSON,VICTIM_RECORD,STATE_03_DIST_01_PS_01,STATE_03_DIST_01,STATE_03,POLICE,HIGH,true,false,false,false,OPEN,ACTIVE,false,false,true,true,EMERGENCY_RESPONSE,APPROVE,true,false,PRESENT_VALID,BUSINESS_HOURS,DEGRADED,CCTNS_STYLE_API,P-2026-05-STEP1,false,true,c25935bbb4dd00cc523a1309b1e7bc8f416f5094af3e1cb3993a1a8e3223a95a
REQ-000311,2026-05-29T19:23:00Z,emergency_override,OFF-0020,fcd532f0d95281220fe7337b,Station House Officer,5,POLICE,STATE_03_DIST_02_PS_02,STATE_03_DIST_02,STATE_03,HIGH,ACTIVE,NOT_ASSIGNED,REC-000746,097a777f9c4bd6dbc56eef69,CASE-00249,FINANCIAL_CRIME,JUVENILE_RECORD,STATE_01_DIST_02_PS_03,STATE_01_DIST_02,STATE_01,POLICE,HIGH,false,false,true,false,OPEN,ACTIVE,false,false,false,true,EMERGENCY_RESPONSE,VIEW,true,false,PRESENT_VALID,BUSINESS_HOURS,ONLINE,CCTNS_STYLE_API,P-2026-05-STEP1,false,true,96103b3be15c7e9a6009e373f063a10931f8e63f71c41de93e10b73b29ac6d88
REQ-000312,2026-05-29T09:12:00Z,normal_in_jurisdiction,OFF-0047,6734000e8363d6ae298dddfd,Head Constable,2,POLICE,STATE_02_DIST_04_PS_03,STATE_02_DIST_04,STATE_02,LOW,ACTIVE,ASSIGNED,REC-000589,fa5da650d6cfd54f2bc102af,CASE-00170,FINANCIAL_CRIME,FIR_SUMMARY,STATE_02_DIST_04_PS_03,STATE_02_DIST_04,STATE_02,POLICE,LOW,false,false,false,false,OPEN,ACTIVE,true,true,true,false,INVESTIGATION,VIEW,false,false,NOT_REQUIRED,BUSINESS_HOURS,ONLINE,MANUAL_ESCALATION,P-2026-05-STEP1,false,true,27c361985eb8699a73a9a28bec03ef6d83203ec54e6bf964e62c14a0b9505767
REQ-000313,2026-05-28T07:18:00Z,random_context,OFF-0079,769c0f71f92a8b49e252746c,Cybercrime Officer,4,CYBERCRIME,STATE_03_DIST_02_PS_01,STATE_03_DIST_02,STATE_03,HIGH,ACTIVE,NOT_ASSIGNED,REC-000658,19a7c92363fbe8fe785c9ff8,CASE-00080,WOMEN_CHILD_SAFETY,FORENSIC_REPORT,STATE_01_DIST_02_PS_01,STATE_01_DIST_02,STATE_01,POLICE,HIGH,true,false,false,false,OPEN,ACTIVE,false,false,false,true,TRAINING,DOWNLOAD,false,false,NOT_REQUIRED,BUSINESS_HOURS,ONLINE,ICJS_STYLE_EXCHANGE,P-2026-05-STEP1,false,true,fd2880b6f9333d50c7f16c36093b45580c0edf5d72ea73f1b1307aeaf3b05c62
REQ-000314,2026-05-28T17:52:00Z,juvenile_sensitive,OFF-0104,bacbc9ea0ca5c88caca1fb35,Sub-Inspector,3,POLICE,STATE_01_DIST_03_PS_03,STATE_01_DIST_03,STATE_01,MEDIUM,ACTIVE,NOT_ASSIGNED,REC-000843,dc7ecde6650882062908b0d9,CASE-00178,JUVENILE_PROTECTION,CASE_DIARY,STATE_03_DIST_04_PS_02,STATE_03_DIST_04,STATE_03,POLICE,CLASSIFIED,false,false,true,false,OPEN,ARCHIVED,false,false,false,true,INVESTIGATION,UPDATE,false,false,PRESENT_VALID,BUSINESS_HOURS,ONLINE,ICJS_STYLE_EXCHANGE,P-2026-05-STEP1,false,true,cef0935db233f881a2a3a35475c1422cd2e4809da5f016b025f807a54673efcb
REQ-000315,2026-05-30T12:00:00Z,sealed_record,OFF-0232,8e0a9feb90e3ea8a4997b70d,Sub-Inspector,3,POLICE,STATE_03_DIST_03_PS_01,STATE_03_DIST_03,STATE_03,MEDIUM,ACTIVE,NOT_ASSIGNED,REC-000670,e850584f79208f7544c625c3,CASE-00152,JUVENILE_PROTECTION,CASE_DIARY,STATE_01_DIST_04_PS_01,STATE_01_DIST_04,STATE_01,POLICE,HIGH,false,false,true,false,SEALED,ACTIVE,false,false,false,true,INVESTIGATION,DOWNLOAD,false,false,MISSING,BUSINESS_HOURS,ONLINE,MANUAL_ESCALATION,P-2026-05-STEP1,false,true,5b05eb5647fb8744faad5274749c852a2779c4b4256ac856bdb4543839be0126
REQ-000316,2026-05-30T17:32:00Z,expired_approval_token,OFF-0060,f1cd31d43c526f5a63bbd87e,Constable,1,POLICE,STATE_03_DIST_04_PS_02,STATE_03_DIST_04,STATE_03,LOW,ACTIVE,NOT_ASSIGNED,REC-000262,481635364f5f6393b2fbfd90,CASE-00318,FINANCIAL_CRIME,FIR_SUMMARY,STATE_03_DIST_04_PS_01,STATE_03_DIST_04,STATE_03,POLICE,HIGH,false,false,false,false,OPEN,ARCHIVED,false,true,true,false,INVESTIGATION,UPDATE,false,false,EXPIRED,AFTER_HOURS,ONLINE,CCTNS_STYLE_API,P-2026-05-STEP1,false,true,a175213fa7a5a9c78e92f7557ed29da214716dc3100626a703d72049fa0dd4a1
REQ-000317,2026-05-29T20:41:00Z,cross_jurisdiction_sensitive,OFF-0110,7ea4c7cce178f9ad9715431c,Head Constable,2,POLICE,STATE_01_DIST_03_PS_03,STATE_01_DIST_03,STATE_01,LOW,ACTIVE,NOT_ASSIGNED,REC-000769,98962a80fa6d073c1494536b,CASE-00092,FINANCIAL_CRIME,COURT_SUBMISSION,STATE_02_DIST_04_PS_02,STATE_02_DIST_04,STATE_02,POLICE,HIGH,false,false,false,false,SEALED,ACTIVE,false,false,false,true,FORENSIC_REVIEW,DOWNLOAD,false,false,PRESENT_VALID,BUSINESS_HOURS,ONLINE,ICJS_STYLE_EXCHANGE,P-2026-05-STEP1,false,true,87c8493390adf0fe0dfbee0b992f0032251685622a0a263888be8923d0449cc7
REQ-000318,2026-05-27T10:36:00Z,cross_jurisdiction_sensitive,OFF-0114,80474f2be101fe342f3d27b8,Constable,1,POLICE,STATE_01_DIST_01_PS_02,STATE_01_DIST_01,STATE_01,LOW,ACTIVE,NOT_ASSIGNED,REC-000234,c6e09784d51abbf2b3753b68,CASE-00193,JUVENILE_PROTECTION,CYBERCRIME_COMPLAINT,STATE_03_DIST_03_PS_01,STATE_03_DIST_03,STATE_03,POLICE,HIGH,false,false,true,false,OPEN,ARCHIVED,false,false,false,true,SUPERVISION,VIEW,false,false,MISSING,BUSINESS_HOURS,ONLINE,CCTNS_STYLE_API,P-2026-05-STEP1,false,true,632fa6414d6ab9115a3bb69269e114996451112f6b320605df3d82a122f616a1
REQ-000319,2026-05-29T15:48:00Z,normal_in_jurisdiction,OFF-0043,d4da98f8bbaf8c84670817a6,Sub-Inspector,3,POLICE,STATE_01_DIST_04_PS_02,STATE_01_DIST_04,STATE_01,MEDIUM,ACTIVE,ASSIGNED,REC-000740,c36ad04b5ef75b66d4db8068,CASE-00322,WOMEN_CHILD_SAFETY,COURT_SUBMISSION,STATE_01_DIST_04_PS_02,STATE_01_DIST_04,STATE_01,POLICE,MEDIUM,true,false,false,false,OPEN,ACTIVE,true,true,true,false,INVESTIGATION,VIEW,false,false,NOT_REQUIRED,BUSINESS_HOURS,ONLINE,MANUAL_ESCALATION,P-2026-05-STEP1,false,true,f92e412906e31a4f9a58e75f67bf816bb4ed7f5d360f0e56f8840af0084e1891
REQ-000320,2026-05-30T13:20:00Z,random_context,OFF-0035,6d2396ea39d60a2c9554602a,Senior Superintendent,6,POLICE,STATE_01_DIST_04_PS_02,STATE_01_DIST_04,STATE_01,CLASSIFIED,ACTIVE,NOT_ASSIGNED,REC-000552,75f04acfcb1add0751aa6da0,CASE-00122,CYBER_FRAUD,CYBERCRIME_COMPLAINT,STATE_02_DIST_02_PS_03,STATE_02_DIST_02,STATE_02,POLICE,HIGH,false,false,false,false,OPEN,ACTIVE,false,false,false,true,COURT_PRODUCTION,DOWNLOAD,false,false,PRESENT_VALID,BUSINESS_HOURS,ONLINE,ICJS_STYLE_EXCHANGE,P-2026-05-STEP1,false,true,35b1cb83c94cfe9598ac0d41222619c0aa4a603bdd705985fffd19bae9d6173b
REQ-000321,2026-05-29T00:09:00Z,juvenile_sensitive,OFF-0218,b4afcf069d55876dc928c9fe,Station House Officer,5,POLICE,STATE_02_DIST_01_PS_03,STATE_02_DIST_01,STATE_02,HIGH,ACTIVE,NOT_ASSIGNED,REC-000453,ef965b5376f5da9b65d36b0a,CASE-00108,JUVENILE_PROTECTION,COURT_SUBMISSION,STATE_03_DIST_03_PS_01,STATE_03_DIST_03,STATE_03,POLICE,HIGH,false,false,true,false,OPEN,ARCHIVED,false,false,false,true,SUPERVISION,VIEW,false,false,PRESENT_VALID,BUSINESS_HOURS,ONLINE,CCTNS_STYLE_API,P-2026-05-STEP1,false,true,b15cc8077828840a6be67d1e27c28f63ee207ad629c53a5d835a9b7ac5ab801c
REQ-000322,2026-05-29T05:40:00Z,normal_in_jurisdiction,OFF-0151,4857d6398585bfa5b41baddd,Constable,1,POLICE,STATE_01_DIST_04_PS_02,STATE_01_DIST_04,STATE_01,LOW,ACTIVE,ASSIGNED,REC-000235,7dea6e8129bbe8639d8b8ab6,CASE-00004,MISSING_PERSON,FIR_SUMMARY,STATE_01_DIST_04_PS_02,STATE_01_DIST_04,STATE_01,POLICE,MEDIUM,false,false,false,false,OPEN,ARCHIVED,true,true,true,false,INVESTIGATION,VIEW,false,false,NOT_REQUIRED,AFTER_HOURS,ONLINE,MANUAL_ESCALATION,P-2026-05-STEP1,false,true,5ff306d9a5fdd3bbd08283ce9794bc80f0e74b8086d2cc24c02f5b5f6932e6ad
REQ-000323,2026-05-30T14:08:00Z,cross_jurisdiction_sensitive,OFF-0040,c5c5b540de8f1dde6964dc89,Inspector,4,POLICE,STATE_01_DIST_02_PS_02,STATE_01_DIST_02,STATE_01,MEDIUM,ACTIVE,NOT_ASSIGNED,REC-000206,94045736c42ce267b600c772,CASE-00100,JUVENILE_PROTECTION,CASE_DIARY,STATE_01_DIST_03_PS_03,STATE_01_DIST_03,STATE_01,POLICE,HIGH,false,false,true,false,OPEN,ARCHIVED,false,false,true,true,FORENSIC_REVIEW,DOWNLOAD,false,false,PRESENT_VALID,AFTER_HOURS,ONLINE,CCTNS_STYLE_API,P-2026-05-STEP1,false,true,b1270640075970f33758cb51ce5038485aefbd4cdb592d7e0a16d104a34ebbf3
REQ-000324,2026-05-29T06:00:00Z,juvenile_sensitive,OFF-0003,5e4ff04af077f5ff22cd6cd0,Cybercrime Officer,4,CYBERCRIME,STATE_02_DIST_01_PS_02,STATE_02_DIST_01,STATE_02,HIGH,ACTIVE,NOT_ASSIGNED,REC-000695,5856a99a0397a4932c6b65c2,CASE-00167,JUVENILE_PROTECTION,WITNESS_STATEMENT,STATE_03_DIST_03_PS_01,STATE_03_DIST_03,STATE_03,POLICE,CLASSIFIED,false,true,true,false,OPEN,ACTIVE,false,false,false,true,INVESTIGATION,VIEW,false,false,PRESENT_VALID,NIGHT,ONLINE,ICJS_STYLE_EXCHANGE,P-2026-05-STEP1,false,true,bacb8c21ce76ea63021613331400ac101a7b18812abdf2dd15d42e9ef61c10af
REQ-000325,2026-05-29T06:10:00Z,cross_jurisdiction_sensitive,OFF-0050,1df1233ec54fa0732a43c292,Inspector,4,POLICE,STATE_02_DIST_04_PS_01,STATE_02_DIST_04,STATE_02,MEDIUM,ACTIVE,NOT_ASSIGNED,REC-000295,02618a5e4015e753681bdcd2,CASE-00109,WOMEN_CHILD_SAFETY,FIR_SUMMARY,STATE_01_DIST_02_PS_02,STATE_01_DIST_02,STATE_01,POLICE,LOW,true,false,false,false,OPEN,UNDER_REVIEW,false,false,false,true,SUPERVISION,VIEW,false,false,PRESENT_VALID,BUSINESS_HOURS,ONLINE,ICJS_STYLE_EXCHANGE,P-2026-05-STEP1,false,true,c652c78e0e2799178e6453d87774dea15389594d2abe661756c818125edd53a9
REQ-000326,2026-05-27T10:52:00Z,stale_case_assignment,OFF-0072,012f7330673a61c61f1d0ef9,Sub-Inspector,3,POLICE,STATE_02_DIST_01_PS_02,STATE_02_DIST_01,STATE_02,MEDIUM,ACTIVE,STALE,REC-000334,16baa3e2081d8d2c21cf5879,CASE-00118,WOMEN_CHILD_SAFETY,CYBERCRIME_COMPLAINT,STATE_01_DIST_02_PS_02,STATE_01_DIST_02,STATE_01,POLICE,HIGH,true,false,false,false,OPEN,ACTIVE,false,false,false,true,INVESTIGATION,DOWNLOAD,false,false,MISSING,NIGHT,ONLINE,ICJS_STYLE_EXCHANGE,P-2026-05-STEP1,false,true,274cc16f368c75ac8395b005b67d1627f24021c5df9dbb1c279aa82089b0b42b
REQ-000327,2026-05-29T06:30:00Z,sealed_record,OFF-0033,4f04697319f636cd795e5d1b,Inspector,4,POLICE,STATE_03_DIST_01_PS_03,STATE_03_DIST_01,STATE_03,MEDIUM,ACTIVE,NOT_ASSIGNED,REC-000312,66c1f1634fd4515b8f74f8fa,CASE-00316,GENERAL_THEFT,COURT_SUBMISSION,STATE_02_DIST_02_PS_02,STATE_02_DIST_02,STATE_02,POLICE,MEDIUM,false,false,false,false,SEALED,UNDER_REVIEW,false,false,false,true,PROSECUTION_REVIEW,DOWNLOAD,false,true,PRESENT_VALID,BUSINESS_HOURS,ONLINE,ICJS_STYLE_EXCHANGE,P-2026-05-STEP1,false,true,753f0730f1132ceffaffa1cc59f58b60fc96c4b63dff34ee353464edc5e5b8fe
REQ-000328,2026-05-27T21:52:00Z,normal_in_jurisdiction,OFF-0018,f8755a48fce2988e7e892881,Head Constable,2,POLICE,STATE_02_DIST_01_PS_03,STATE_02_DIST_01,STATE_02,LOW,ACTIVE,ASSIGNED,REC-000873,7afceb4a34e1bbb7c6eb147f,CASE-00013,VIOLENT_CRIME,CYBERCRIME_COMPLAINT,STATE_02_DIST_01_PS_03,STATE_02_DIST_01,STATE_02,POLICE,MEDIUM,false,false,false,false,OPEN,UNDER_REVIEW,true,true,true,false,INVESTIGATION,VIEW,false,false,NOT_REQUIRED,BUSINESS_HOURS,ONLINE,ICJS_STYLE_EXCHANGE,P-2026-05-STEP1,false,true,7b918fdd8557de22f36eba7e6c079c8bc0b28ac101d1b924808e67c77f78a7bb
REQ-000329,2026-05-30T10:15:00Z,normal_in_jurisdiction,OFF-0023,7dd10e346a2e773cbf9da071,Sub-Inspector,3,POLICE,STATE_02_DIST_03_PS_01,STATE_02_DIST_03,STATE_02,MEDIUM,ACTIVE,ASSIGNED,REC-000741,a59a364c57b8a7f0708a9f5f,CASE-00345,VIOLENT_CRIME,COURT_SUBMISSION,STATE_02_DIST_03_PS_01,STATE_02_DIST_03,STATE_02,POLICE,MEDIUM,false,false,false,false,OPEN,UNDER_REVIEW,true,true,true,false,INVESTIGATION,VIEW,false,false,NOT_REQUIRED,BUSINESS_HOURS,DEGRADED,ICJS_STYLE_EXCHANGE,P-2026-05-STEP1,false,true,de3efbc38bf5af3e1485588c454e04e4d6230d9467d4254bed754062eef61bfb
REQ-000330,2026-05-29T01:30:00Z,sealed_record,OFF-0135,93ea324e5b0159f974ae2ac9,Sub-Inspector,3,POLICE,STATE_01_DIST_01_PS_01,STATE_01_DIST_01,STATE_01,MEDIUM,ACTIVE,NOT_ASSIGNED,REC-000365,df2072e9cce45f58ab9712de,CASE-00155,GENERAL_THEFT,EVIDENCE_MEDIA,STATE_02_DIST_04_PS_03,STATE_02_DIST_04,STATE_02,POLICE,CLASSIFIED,false,false,false,true,SEALED,ARCHIVED,false,false,false,true,INVESTIGATION,VIEW,false,false,MISSING,AFTER_HOURS,ONLINE,CCTNS_STYLE_API,P-2026-05-STEP1,false,true,7892a9c8c0f420b6dfbbc399beecd0efb1bde90af7f73e351f75711d858fffba
REQ-000331,2026-05-28T20:08:00Z,random_context,OFF-0070,73b99e563b8590d8f1f3488f,Cybercrime Officer,4,CYBERCRIME,STATE_02_DIST_04_PS_02,STATE_02_DIST_04,STATE_02,HIGH,ACTIVE,NOT_ASSIGNED,REC-000803,e4a86290e5a510bf01d1ff81,CASE-00066,FINANCIAL_CRIME,CASE_DIARY,STATE_02_DIST_02_PS_01,STATE_02_DIST_02,STATE_02,POLICE,HIGH,false,false,false,false,OPEN,ACTIVE,false,false,true,true,EMERGENCY_RESPONSE,VIEW,false,false,PRESENT_VALID,BUSINESS_HOURS,ONLINE,CCTNS_STYLE_API,P-2026-05-STEP1,false,true,9483bd77ec5508a6496ddeb7f5adb2ead5e522be2a938bf433cd53a2b1b95916
REQ-000332,2026-05-28T09:12:00Z,random_context,OFF-0141,69b61a8c9ab3b270d0f7db2e,Constable,1,POLICE,STATE_03_DIST_01_PS_02,STATE_03_DIST_01,STATE_03,LOW,ACTIVE,NOT_ASSIGNED,REC-000655,ec013d89dbc3d07ad6443ccb,CASE-00037,VIOLENT_CRIME,FORENSIC_REPORT,STATE_02_DIST_03_PS_03,STATE_02_DIST_03,STATE_02,POLICE,HIGH,false,false,false,false,OPEN,ACTIVE,false,false,false,true,AUDIT,VIEW,false,false,PRESENT_VALID,NIGHT,ONLINE,MANUAL_ESCALATION,P-2026-05-STEP1,false,true,67ef058b5b23eedec72582cc35055cf455d34dad39ed1a7ee97f8e7bf42bde9b
REQ-000333,2026-05-28T20:24:00Z,court_request,OFF-0202,782ce33054ac702eb25bdce6,Inspector,4,POLICE,STATE_03_DIST_02_PS_01,STATE_03_DIST_02,STATE_03,MEDIUM,ACTIVE,NOT_ASSIGNED,REC-000261,43e3463a3b559634b3353097,CASE-00133,VIOLENT_CRIME,WITNESS_STATEMENT,STATE_03_DIST_03_PS_01,STATE_03_DIST_03,STATE_03,POLICE,MEDIUM,false,true,false,false,OPEN,ARCHIVED,false,false,true,true,COURT_PRODUCTION,VIEW,false,true,PRESENT_VALID,BUSINESS_HOURS,ONLINE,CCTNS_STYLE_API,P-2026-05-STEP1,false,true,276048cbb4a37908499eb08a359688c4468c37e7894a74cb268abc584eb4f5e7
REQ-000334,2026-05-29T02:06:00Z,normal_in_jurisdiction,OFF-0108,f250eda449687032c1f3ce21,Head Constable,2,POLICE,STATE_03_DIST_02_PS_03,STATE_03_DIST_02,STATE_03,LOW,ACTIVE,ASSIGNED,REC-000645,3d33aeac9a024f9da6d7ccf9,CASE-00235,WOMEN_CHILD_SAFETY,VICTIM_RECORD,STATE_03_DIST_02_PS_03,STATE_03_DIST_02,STATE_03,POLICE,MEDIUM,true,false,false,false,OPEN,ACTIVE,true,true,true,false,INVESTIGATION,VIEW,false,false,NOT_REQUIRED,AFTER_HOURS,ONLINE,MANUAL_ESCALATION,P-2026-05-STEP1,false,true,7aa9041a2679ddef76525772f29ea9989e50fae4c393bf91c6510a943cb369cd
REQ-000335,2026-05-30T06:10:00Z,stale_case_assignment,OFF-0139,16a2d504d34232bf9551d690,Inspector,4,POLICE,STATE_01_DIST_02_PS_03,STATE_01_DIST_02,STATE_01,MEDIUM,ACTIVE,STALE,REC-000498,052bb27e46c08261ae984b1a,CASE-00121,VIOLENT_CRIME,CASE_DIARY,STATE_03_DIST_03_PS_01,STATE_03_DIST_03,STATE_03,POLICE,HIGH,false,false,false,false,OPEN,ACTIVE,false,false,false,true,INVESTIGATION,UPDATE,false,false,MISSING,BUSINESS_HOURS,ONLINE,MANUAL_ESCALATION,P-2026-05-STEP1,false,true,a05edcef7554545a7a2c1349f25d941ba18c3714fea5510cc8a338ec38106ef8
REQ-000336,2026-05-30T06:24:00Z,normal_in_jurisdiction,OFF-0051,316e4edba94c2b3868db8ac7,Constable,1,POLICE,STATE_03_DIST_04_PS_03,STATE_03_DIST_04,STATE_03,LOW,ACTIVE,ASSIGNED,REC-000815,47060cab97e3e5e52667cc8f,CASE-00268,MISSING_PERSON,FIR_SUMMARY,STATE_03_DIST_04_PS_03,STATE_03_DIST_04,STATE_03,POLICE,LOW,false,false,false,false,OPEN,ACTIVE,true,true,true,false,INVESTIGATION,VIEW,false,false,NOT_REQUIRED,BUSINESS_HOURS,ONLINE,ICJS_STYLE_EXCHANGE,P-2026-05-STEP1,false,true,bdcb7593c7ec1c2092eb79ab84a75d2899893dcb7d2b044a73d9f7796d4ef653
REQ-000337,2026-05-30T17:52:00Z,stale_case_assignment,OFF-0100,071c750c420d0b5f044d6ae7,Sub-Inspector,3,POLICE,STATE_02_DIST_02_PS_03,STATE_02_DIST_02,STATE_02,MEDIUM,ACTIVE,STALE,REC-000191,cd84e4f0dd8740713e22e1aa,CASE-00212,VIOLENT_CRIME,VICTIM_RECORD,STATE_03_DIST_02_PS_02,STATE_03_DIST_02,STATE_03,POLICE,CLASSIFIED,true,false,false,false,OPEN,ACTIVE,false,false,false,true,INVESTIGATION,VIEW,false,false,MISSING,BUSINESS_HOURS,ONLINE,CCTNS_STYLE_API,P-2026-05-STEP1,false,true,fd1b2df7b1b9805773199338eeaf106a6e51a7d3d9e9deb1cb4f92a7a59fd4f9
REQ-000338,2026-05-29T19:36:00Z,sealed_record,OFF-0082,ad021cf14b60633e375d65f6,Constable,1,POLICE,STATE_01_DIST_03_PS_02,STATE_01_DIST_03,STATE_01,LOW,ACTIVE,NOT_ASSIGNED,REC-000320,29d9aeede8e69bbf19fc8398,CASE-00323,VIOLENT_CRIME,CASE_DIARY,STATE_01_DIST_01_PS_03,STATE_01_DIST_01,STATE_01,POLICE,HIGH,false,false,false,false,SEALED,ACTIVE,false,false,true,true,COURT_PRODUCTION,DOWNLOAD,false,true,PRESENT_VALID,BUSINESS_HOURS,ONLINE,MANUAL_ESCALATION,P-2026-05-STEP1,false,true,42a64f9f1f97d66b051ac50b80edc99fde96b6176c5bdb933ca52316d331237c
REQ-000339,2026-05-30T12:45:00Z,expired_approval_token,OFF-0013,3573eec47a61bb4c69e2b339,Constable,1,POLICE,STATE_01_DIST_03_PS_02,STATE_01_DIST_03,STATE_01,LOW,ACTIVE,NOT_ASSIGNED,REC-000738,7d234b848bd150ce84069ce3,CASE-00038,GENERAL_THEFT,WITNESS_STATEMENT,STATE_01_DIST_02_PS_02,STATE_01_DIST_02,STATE_01,POLICE,MEDIUM,false,true,false,false,OPEN,ACTIVE,false,false,true,true,INVESTIGATION,APPROVE,false,false,EXPIRED,BUSINESS_HOURS,ONLINE,ICJS_STYLE_EXCHANGE,P-2026-05-STEP1,false,true,1468600b5e640a0d2f93fcaae73f849e0b527bda8bd162b0037166c5dc19b878
REQ-000340,2026-05-30T07:20:00Z,court_request,OFF-0229,910fbfbd952d337d55470015,Head Constable,2,POLICE,STATE_02_DIST_03_PS_03,STATE_02_DIST_03,STATE_02,LOW,ACTIVE,NOT_ASSIGNED,REC-000692,483d8e368e0abb9247f9bc72,CASE-00230,VIOLENT_CRIME,EVIDENCE_MEDIA,STATE_03_DIST_03_PS_03,STATE_03_DIST_03,STATE_03,POLICE,CLASSIFIED,false,false,false,true,OPEN,UNDER_REVIEW,false,false,false,true,COURT_PRODUCTION,VIEW,false,true,PRESENT_VALID,BUSINESS_HOURS,ONLINE,ICJS_STYLE_EXCHANGE,P-2026-05-STEP1,false,true,8eb072cd3da08fe824b783ddcddf46b31463074fe959201d8415cb72ad9da32b
REQ-000341,2026-05-30T07:34:00Z,expired_approval_token,OFF-0123,72950e6372134a5838550d42,Head Constable,2,POLICE,STATE_03_DIST_02_PS_01,STATE_03_DIST_02,STATE_03,LOW,ACTIVE,NOT_ASSIGNED,REC-000087,f1308389961d2199aaa8898b,CASE-00054,FINANCIAL_CRIME,FORENSIC_REPORT,STATE_01_DIST_04_PS_03,STATE_01_DIST_04,STATE_01,POLICE,HIGH,false,false,false,false,OPEN,ACTIVE,false,false,false,true,INVESTIGATION,SHARE,false,false,EXPIRED,BUSINESS_HOURS,ONLINE,ICJS_STYLE_EXCHANGE,P-2026-05-STEP1,false,true,f66c15291859c708bcf4d68abd63a7f8603713ada9f79c33a40f3478d4e15043
REQ-000342,2026-05-27T17:06:00Z,court_request,OFF-0103,b9a151dcbadde0404b02e5b7,Sub-Inspector,3,POLICE,STATE_02_DIST_01_PS_03,STATE_02_DIST_01,STATE_02,MEDIUM,ACTIVE,NOT_ASSIGNED,REC-000180,4ee73ace57928929f1ba50f2,CASE-00091,VIOLENT_CRIME,FIR_SUMMARY,STATE_01_DIST_02_PS_02,STATE_01_DIST_02,STATE_01,POLICE,MEDIUM,false,false,false,false,OPEN,UNDER_REVIEW,false,false,false,true,COURT_PRODUCTION,VIEW,false,true,PRESENT_VALID,BUSINESS_HOURS,STATION_NODE_DOWN,CCTNS_STYLE_API,P-2026-05-STEP1,false,true,00291459de0155ad4da92e126a02b072bd7b7b082fdef7e58a1f6b70106083d4
REQ-000343,2026-05-28T10:18:00Z,normal_in_jurisdiction,OFF-0133,58ae919f19aeb7c7f1527d26,Forensic Officer,4,FORENSIC,STATE_03_DIST_01_PS_02,STATE_03_DIST_01,STATE_03,HIGH,ACTIVE,ASSIGNED,REC-000637,e21447eba26803ebe0ef50d8,CASE-00269,FINANCIAL_CRIME,COURT_SUBMISSION,STATE_03_DIST_01_PS_02,STATE_03_DIST_01,STATE_03,POLICE,MEDIUM,false,false,false,false,OPEN,UNDER_REVIEW,true,true,true,false,INVESTIGATION,VIEW,false,false,NOT_REQUIRED,AFTER_HOURS,ONLINE,ICJS_STYLE_EXCHANGE,P-2026-05-STEP1,false,true,0ca5c1ceb02d47ffa0043ae185b93999ba2a9180fc111baafbe2a76f6e022552
REQ-000344,2026-05-27T22:56:00Z,random_context,OFF-0051,316e4edba94c2b3868db8ac7,Constable,1,POLICE,STATE_03_DIST_04_PS_03,STATE_03_DIST_04,STATE_03,LOW,ACTIVE,NOT_ASSIGNED,REC-000588,2c24224a41485b2b9a03da20,CASE-00211,MISSING_PERSON,COURT_SUBMISSION,STATE_01_DIST_02_PS_03,STATE_01_DIST_02,STATE_01,POLICE,HIGH,false,false,false,false,OPEN,ACTIVE,false,false,false,true,PROSECUTION_REVIEW,APPROVE,false,false,NOT_REQUIRED,BUSINESS_HOURS,ONLINE,CCTNS_STYLE_API,P-2026-05-STEP1,false,true,d2fcf1a7d8c505475b775deca7b1cb367f86f502c0cc64032cd882f839254613
REQ-000345,2026-05-29T09:30:00Z,juvenile_sensitive,OFF-0138,3cc947c5caadabb45a541b46,Constable,1,POLICE,STATE_03_DIST_01_PS_01,STATE_03_DIST_01,STATE_03,LOW,ACTIVE,NOT_ASSIGNED,REC-000190,e5c055800da6250fb67db7ab,CASE-00100,JUVENILE_PROTECTION,CYBERCRIME_COMPLAINT,STATE_01_DIST_03_PS_03,STATE_01_DIST_03,STATE_01,POLICE,HIGH,false,false,true,false,OPEN,ACTIVE,false,false,false,true,INVESTIGATION,VIEW,false,false,PRESENT_VALID,BUSINESS_HOURS,STATION_NODE_DOWN,CCTNS_STYLE_API,P-2026-05-STEP1,false,true,06d3d0da94238b02ff04784aa2f8b6657fa0c2c4b5492d92f357a0ae991d92a8
REQ-000346,2026-05-28T22:08:00Z,revoked_credential,OFF-0052,0c912fab59a9f46b26c259dd,Sub-Inspector,3,POLICE,STATE_03_DIST_01_PS_03,STATE_03_DIST_01,STATE_03,MEDIUM,REVOKED,NOT_ASSIGNED,REC-000466,2a05bb6a95495218d6bd8508,CASE-00295,MISSING_PERSON,VICTIM_RECORD,STATE_01_DIST_01_PS_02,STATE_01_DIST_01,STATE_01,POLICE,CLASSIFIED,true,false,false,false,SEALED,ACTIVE,false,false,false,true,INVESTIGATION,VIEW,false,false,MISSING,AFTER_HOURS,DEGRADED,CCTNS_STYLE_API,P-2026-05-STEP1,false,true,500227f34cfe21e43fbd6d5fd0c572027143bcfd21822f6d1f9cc6f923393a2d
REQ-000347,2026-05-30T14:45:00Z,revoked_credential,OFF-0196,d60f48d22e03c3316a18fa6d,Inspector,4,POLICE,STATE_01_DIST_03_PS_01,STATE_01_DIST_03,STATE_01,MEDIUM,REVOKED,NOT_ASSIGNED,REC-000812,7b291ea97b660dc95e52b341,CASE-00088,JUVENILE_PROTECTION,COURT_SUBMISSION,STATE_02_DIST_04_PS_01,STATE_02_DIST_04,STATE_02,POLICE,MEDIUM,false,false,true,false,OPEN,ACTIVE,false,false,false,true,INVESTIGATION,VIEW,false,false,MISSING,BUSINESS_HOURS,ONLINE,CCTNS_STYLE_API,P-2026-05-STEP1,false,true,ea8376d0c352357bf37a9d8ed70e8f50f269125219e022b657b25dc9051f2320
REQ-000348,2026-05-27T11:36:00Z,normal_in_jurisdiction,OFF-0022,cdb37082bd33066e73ce6a23,Forensic Officer,4,FORENSIC,STATE_03_DIST_02_PS_01,STATE_03_DIST_02,STATE_03,HIGH,ACTIVE,ASSIGNED,REC-000062,0679ca444beed76eeaaa44db,CASE-00214,FINANCIAL_CRIME,FIR_SUMMARY,STATE_03_DIST_02_PS_01,STATE_03_DIST_02,STATE_03,POLICE,LOW,false,false,false,false,SEALED,ACTIVE,true,true,true,false,INVESTIGATION,VIEW,false,false,NOT_REQUIRED,AFTER_HOURS,DEGRADED,CCTNS_STYLE_API,P-2026-05-STEP1,false,true,a8b1f4d0dabdb5aebf5b5ec5ebc6eae0dd58c5d4ae4e67f46ded06479dab79ef
REQ-000349,2026-05-30T21:04:00Z,revoked_credential,OFF-0058,b9583c7e99cc3289ea585d73,Inspector,4,POLICE,STATE_03_DIST_02_PS_01,STATE_03_DIST_02,STATE_03,MEDIUM,REVOKED,NOT_ASSIGNED,REC-000236,6971f605042660df67234258,CASE-00290,CYBER_FRAUD,CASE_DIARY,STATE_03_DIST_01_PS_01,STATE_03_DIST_01,STATE_03,POLICE,HIGH,false,false,false,false,OPEN,ACTIVE,false,false,true,true,INVESTIGATION,VIEW,false,false,MISSING,BUSINESS_HOURS,ONLINE,ICJS_STYLE_EXCHANGE,P-2026-05-STEP1,false,true,8ede392557d96202a6cf42caaa16f85874e521223a1262842d1d7af74d148320
REQ-000350,2026-05-28T16:50:00Z,normal_in_jurisdiction,OFF-0005,0c324b29f9a967adb599bde0,Sub-Inspector,3,POLICE,STATE_01_DIST_02_PS_03,STATE_01_DIST_02,STATE_01,MEDIUM,ACTIVE,ASSIGNED,REC-000162,12f777e132dd11d4a2aafb24,CASE-00330,FINANCIAL_CRIME,WITNESS_STATEMENT,STATE_01_DIST_02_PS_03,STATE_01_DIST_02,STATE_01,POLICE,MEDIUM,false,true,false,false,OPEN,ACTIVE,true,true,true,false,INVESTIGATION,VIEW,false,false,NOT_REQUIRED,BUSINESS_HOURS,ONLINE,ICJS_STYLE_EXCHANGE,P-2026-05-STEP1,false,true,85f8d765f5267ddb956d2dd59459691a6e30a3e08017015b42e23c2fd8768920
REQ-000351,2026-05-29T04:39:00Z,stale_case_assignment,OFF-0180,8d48fc84d688aabaae7c6986,Sub-Inspector,3,POLICE,STATE_01_DIST_04_PS_02,STATE_01_DIST_04,STATE_01,MEDIUM,ACTIVE,STALE,REC-000804,c3ce957724d4114b3695b46d,CASE-00001,WOMEN_CHILD_SAFETY,WITNESS_STATEMENT,STATE_03_DIST_02_PS_02,STATE_03_DIST_02,STATE_03,POLICE,HIGH,true,true,false,false,OPEN,ACTIVE,false,false,false,true,INVESTIGATION,DOWNLOAD,false,false,MISSING,BUSINESS_HOURS,ONLINE,MANUAL_ESCALATION,P-2026-05-STEP1,false,true,52255fea1f587a21fdc0f51181bd5fb2c148ac2fd8c46dfd6cd7140877a94d2d
REQ-000352,2026-05-28T05:20:00Z,normal_in_jurisdiction,OFF-0019,43619f9291295cde078ede73,Cybercrime Officer,4,CYBERCRIME,STATE_02_DIST_01_PS_02,STATE_02_DIST_01,STATE_02,HIGH,ACTIVE,ASSIGNED,REC-000277,cdb882c54c3acb7a40310dbd,CASE-00354,JUVENILE_PROTECTION,FIR_SUMMARY,STATE_02_DIST_01_PS_02,STATE_02_DIST_01,STATE_02,POLICE,LOW,false,false,true,false,SEALED,ARCHIVED,true,true,true,false,INVESTIGATION,VIEW,false,false,NOT_REQUIRED,BUSINESS_HOURS,ONLINE,MANUAL_ESCALATION,P-2026-05-STEP1,false,true,3762e243e27f2b552888ef784de6a10a66d01eb31d65e31719ed4c4a0ae965da
REQ-000353,2026-05-30T22:08:00Z,random_context,OFF-0134,4718492e22f05239e76383dd,Station House Officer,5,POLICE,STATE_01_DIST_04_PS_03,STATE_01_DIST_04,STATE_01,HIGH,ACTIVE,NOT_ASSIGNED,REC-000194,7ce5d3c68a1d4bf9a69dd131,CASE-00345,VIOLENT_CRIME,CYBERCRIME_COMPLAINT,STATE_02_DIST_03_PS_01,STATE_02_DIST_03,STATE_02,POLICE,MEDIUM,false,false,false,false,SEALED,ACTIVE,false,false,false,true,PROSECUTION_REVIEW,VIEW,false,false,NOT_REQUIRED,BUSINESS_HOURS,ONLINE,ICJS_STYLE_EXCHANGE,P-2026-05-STEP1,false,true,8f9860dca1edce28ede29d6b5fd47195dae4221dbc99f8db3fee9a67a7ad76a7
REQ-000354,2026-05-31T04:18:00Z,stale_case_assignment,OFF-0043,d4da98f8bbaf8c84670817a6,Sub-Inspector,3,POLICE,STATE_01_DIST_04_PS_02,STATE_01_DIST_04,STATE_01,MEDIUM,ACTIVE,STALE,REC-000432,b6bb8ed01f34c52b36d9c919,CASE-00199,WOMEN_CHILD_SAFETY,EVIDENCE_MEDIA,STATE_01_DIST_04_PS_01,STATE_01_DIST_04,STATE_01,POLICE,HIGH,true,false,false,true,OPEN,ACTIVE,false,true,true,false,INVESTIGATION,VIEW,false,false,MISSING,NIGHT,ONLINE,MANUAL_ESCALATION,P-2026-05-STEP1,false,true,e74e8ca7f8e49a3eebfcfbe36fe79ae5f5cedff6c82541a99dbcb16f44fc1b3f
REQ-000355,2026-05-29T17:05:00Z,stale_case_assignment,OFF-0024,c5766246d7388485ac5c149e,Sub-Inspector,3,POLICE,STATE_02_DIST_01_PS_01,STATE_02_DIST_01,STATE_02,MEDIUM,ACTIVE,STALE,REC-000601,387ce36dfb2809a360448216,CASE-00050,GENERAL_THEFT,COURT_SUBMISSION,STATE_01_DIST_04_PS_01,STATE_01_DIST_04,STATE_01,POLICE,MEDIUM,false,false,false,false,OPEN,ACTIVE,false,false,false,true,INVESTIGATION,VIEW,false,false,MISSING,BUSINESS_HOURS,ONLINE,ICJS_STYLE_EXCHANGE,P-2026-05-STEP1,false,true,30a1e7c63325d023e7adaddb5301b0cf4530f9fda931304c0672f8d4bd21385f
REQ-000356,2026-05-28T11:36:00Z,sealed_record,OFF-0132,9a1678400f682a3201830c3a,Inspector,4,POLICE,STATE_01_DIST_01_PS_02,STATE_01_DIST_01,STATE_01,MEDIUM,ACTIVE,NOT_ASSIGNED,REC-000704,cdbff94eb4945538043436c1,CASE-00065,VIOLENT_CRIME,CYBERCRIME_COMPLAINT,STATE_02_DIST_04_PS_02,STATE_02_DIST_04,STATE_02,POLICE,HIGH,false,false,false,false,SEALED,ACTIVE,false,false,false,true,COURT_PRODUCTION,SHARE,false,true,PRESENT_VALID,AFTER_HOURS,ONLINE,CCTNS_STYLE_API,P-2026-05-STEP1,false,true,ce98631c11b4f429d92d53044543fbb3c892c8ed55fafdf10152792cbd25b1c4
REQ-000357,2026-05-29T17:27:00Z,juvenile_sensitive,OFF-0071,b43730f9ee11d476cccd1130,Head Constable,2,POLICE,STATE_02_DIST_01_PS_03,STATE_02_DIST_01,STATE_02,LOW,ACTIVE,NOT_ASSIGNED,REC-000720,7e9348f391ef3580bb2ca07e,CASE-00253,MISSING_PERSON,JUVENILE_RECORD,STATE_03_DIST_04_PS_02,STATE_03_DIST_04,STATE_03,POLICE,HIGH,false,false,true,false,OPEN,ACTIVE,false,false,false,true,INVESTIGATION,VIEW,false,false,PRESENT_VALID,AFTER_HOURS,ONLINE,MANUAL_ESCALATION,P-2026-05-STEP1,false,true,4d86b7e59844bf48d0a383878ec937ff6697c09a7509291af453d04fde35bcbf
REQ-000358,2026-05-29T05:42:00Z,revoked_credential,OFF-0189,0f5e28fd8c1c5a758d17ef19,Inspector,4,POLICE,STATE_01_DIST_01_PS_03,STATE_01_DIST_01,STATE_01,MEDIUM,REVOKED,NOT_ASSIGNED,REC-000061,de8ed503b092aff04a4f6676,CASE-00141,JUVENILE_PROTECTION,FORENSIC_REPORT,STATE_03_DIST_01_PS_01,STATE_03_DIST_01,STATE_03,POLICE,MEDIUM,false,false,true,false,OPEN,ACTIVE,false,false,false,true,AUDIT,VIEW,false,false,MISSING,BUSINESS_HOURS,ONLINE,ICJS_STYLE_EXCHANGE,P-2026-05-STEP1,false,true,861d01dcf64a8399ab7aacca727869a714930bf38f6160f6e13c27b5ad175416
REQ-000359,2026-05-28T11:54:00Z,cross_jurisdiction_sensitive,OFF-0074,0cef9a18606529b664cb0b3f,Cybercrime Officer,4,CYBERCRIME,STATE_03_DIST_02_PS_01,STATE_03_DIST_02,STATE_03,HIGH,ACTIVE,NOT_ASSIGNED,REC-000165,dbdbf7405940702190f7c84f,CASE-00198,JUVENILE_PROTECTION,CYBERCRIME_COMPLAINT,STATE_01_DIST_04_PS_02,STATE_01_DIST_04,STATE_01,POLICE,CLASSIFIED,false,false,true,false,OPEN,ACTIVE,false,false,false,true,FORENSIC_REVIEW,VIEW,false,false,PRESENT_VALID,BUSINESS_HOURS,ONLINE,MANUAL_ESCALATION,P-2026-05-STEP1,false,true,c5beb7e3ea512f2b823577ff70f183ba6b6fbffe5ea51c34d582bd928e25b2b1
REQ-000360,2026-05-29T18:00:00Z,normal_in_jurisdiction,OFF-0105,acd11cf62713639d9ec501cd,Senior Superintendent,6,POLICE,STATE_03_DIST_04_PS_02,STATE_03_DIST_04,STATE_03,CLASSIFIED,ACTIVE,NOT_ASSIGNED,REC-000145,5fc5e68f3970b032241a7cb0,CASE-00199,WOMEN_CHILD_SAFETY,FIR_SUMMARY,STATE_01_DIST_04_PS_01,STATE_01_DIST_04,STATE_01,POLICE,MEDIUM,true,false,false,false,OPEN,UNDER_REVIEW,false,false,false,true,INVESTIGATION,VIEW,false,false,NOT_REQUIRED,BUSINESS_HOURS,ONLINE,ICJS_STYLE_EXCHANGE,P-2026-05-STEP1,false,true,f2448472848924c9b1db01fc75d563af7d48a17c7a1cabd55eeac1c68a5f3207
REQ-000361,2026-05-28T06:05:00Z,revoked_credential,OFF-0212,22d2f79089811df3a4aeb9a5,Head Constable,2,POLICE,STATE_01_DIST_01_PS_01,STATE_01_DIST_01,STATE_01,LOW,REVOKED,NOT_ASSIGNED,REC-000423,4d4eedc6995d8719bb69eab8,CASE-00185,GENERAL_THEFT,FIR_SUMMARY,STATE_02_DIST_02_PS_01,STATE_02_DIST_02,STATE_02,POLICE,MEDIUM,false,false,false,false,OPEN,ARCHIVED,false,false,false,true,INVESTIGATION,VIEW,false,false,MISSING,BUSINESS_HOURS,DEGRADED,CCTNS_STYLE_API,P-2026-05-STEP1,false,true,30ce6ac94273557179b067b7e30bac452d92188a68331e305c65a5972fc08b56
REQ-000362,2026-05-29T18:22:00Z,court_request,OFF-0093,9764196f496c1b6c2299d105,Inspector,4,POLICE,STATE_01_DIST_04_PS_02,STATE_01_DIST_04,STATE_01,MEDIUM,ACTIVE,NOT_ASSIGNED,REC-000862,570fcb5882c79818b6fa7ccd,CASE-00018,NARCOTICS,EVIDENCE_MEDIA,STATE_01_DIST_04_PS_01,STATE_01_DIST_04,STATE_01,POLICE,CLASSIFIED,false,false,false,true,OPEN,ACTIVE,false,true,true,false,PROSECUTION_REVIEW,VIEW,false,true,PRESENT_VALID,BUSINESS_HOURS,ONLINE,CCTNS_STYLE_API,P-2026-05-STEP1,false,true,ecbc1dd09588800e30ac9dbf120c6cb657f5c8e86ddcfe51443d58e4bc9644ff
REQ-000363,2026-05-29T12:30:00Z,revoked_credential,OFF-0212,22d2f79089811df3a4aeb9a5,Head Constable,2,POLICE,STATE_01_DIST_01_PS_01,STATE_01_DIST_01,STATE_01,LOW,REVOKED,NOT_ASSIGNED,REC-000641,a46caf174bd38632a4dabfb2,CASE-00025,MISSING_PERSON,COURT_SUBMISSION,STATE_01_DIST_03_PS_02,STATE_01_DIST_03,STATE_01,POLICE,HIGH,false,false,false,false,OPEN,ACTIVE,false,false,true,true,AUDIT,VIEW,false,false,MISSING,BUSINESS_HOURS,ONLINE,MANUAL_ESCALATION,P-2026-05-STEP1,false,true,765bb9ff1fe0374a9193f610eedb1e44f314ffa682cc93ec8b0cd690bdcff30b
REQ-000364,2026-05-29T18:44:00Z,juvenile_sensitive,OFF-0203,7c415028a69bb19f488fe7d8,Cybercrime Officer,4,CYBERCRIME,STATE_01_DIST_03_PS_03,STATE_01_DIST_03,STATE_01,HIGH,ACTIVE,NOT_ASSIGNED,REC-000891,3de35c117f9aa817f83b27dd,CASE-00354,JUVENILE_PROTECTION,VICTIM_RECORD,STATE_02_DIST_01_PS_02,STATE_02_DIST_01,STATE_02,POLICE,HIGH,true,false,true,false,OPEN,ACTIVE,false,false,false,true,INVESTIGATION,DOWNLOAD,false,false,MISSING,AFTER_HOURS,ONLINE,ICJS_STYLE_EXCHANGE,P-2026-05-STEP1,false,true,48bf0c083209d0ba72ef9fb86ccc24d7c64cb7775d312c67856b4faf0c4cb9af
REQ-000365,2026-05-30T19:15:00Z,juvenile_sensitive,OFF-0208,47e9daa6a9eddbbbae1d0bd7,Head Constable,2,POLICE,STATE_01_DIST_04_PS_03,STATE_01_DIST_04,STATE_01,LOW,ACTIVE,NOT_ASSIGNED,REC-000452,26560f8c17e3de8c4965db49,CASE-00356,VIOLENT_CRIME,JUVENILE_RECORD,STATE_02_DIST_03_PS_02,STATE_02_DIST_03,STATE_02,POLICE,HIGH,false,false,true,false,OPEN,ACTIVE,false,false,false,true,INVESTIGATION,SHARE,false,false,PRESENT_VALID,AFTER_HOURS,ONLINE,ICJS_STYLE_EXCHANGE,P-2026-05-STEP1,false,true,ff784bb65460fa57a964c745a9655716e62cd9bdcd23b422e1153f31ee1f1d46
REQ-000366,2026-05-30T07:18:00Z,normal_in_jurisdiction,OFF-0234,a7db164c4af844793a01db35,Cybercrime Officer,4,CYBERCRIME,STATE_01_DIST_04_PS_02,STATE_01_DIST_04,STATE_01,HIGH,ACTIVE,ASSIGNED,REC-000235,7dea6e8129bbe8639d8b8ab6,CASE-00004,MISSING_PERSON,FIR_SUMMARY,STATE_01_DIST_04_PS_02,STATE_01_DIST_04,STATE_01,POLICE,MEDIUM,false,false,false,false,OPEN,ARCHIVED,true,true,true,false,INVESTIGATION,VIEW,false,false,NOT_REQUIRED,AFTER_HOURS,ONLINE,MANUAL_ESCALATION,P-2026-05-STEP1,false,true,f01f788e9120bc363631caa2fe7dcb6baeefc1489ce436a8b9cfce094c8938de
REQ-000367,2026-05-29T13:10:00Z,random_context,OFF-0074,0cef9a18606529b664cb0b3f,Cybercrime Officer,4,CYBERCRIME,STATE_03_DIST_02_PS_01,STATE_03_DIST_02,STATE_03,HIGH,ACTIVE,NOT_ASSIGNED,REC-000343,121319e5c742c9826335312f,CASE-00094,FINANCIAL_CRIME,VICTIM_RECORD,STATE_02_DIST_03_PS_01,STATE_02_DIST_03,STATE_02,POLICE,CLASSIFIED,true,false,false,false,SEALED,ACTIVE,false,false,false,true,COURT_PRODUCTION,VIEW,false,false,NOT_REQUIRED,BUSINESS_HOURS,ONLINE,CCTNS_STYLE_API,P-2026-05-STEP1,false,true,722c20d83bd9dba65d6b69bd713113f3f595c8d15166e2c1ff280994f44fe046
REQ-000368,2026-05-30T20:00:00Z,cross_jurisdiction_sensitive,OFF-0123,72950e6372134a5838550d42,Head Constable,2,POLICE,STATE_03_DIST_02_PS_01,STATE_03_DIST_02,STATE_03,LOW,ACTIVE,NOT_ASSIGNED,REC-000597,0fb3737ffbea66c7996ec849,CASE-00213,VIOLENT_CRIME,VICTIM_RECORD,STATE_02_DIST_01_PS_01,STATE_02_DIST_01,STATE_02,POLICE,HIGH,true,false,false,false,OPEN,UNDER_REVIEW,false,false,false,true,INVESTIGATION,VIEW,false,false,PRESENT_VALID,BUSINESS_HOURS,ONLINE,CCTNS_STYLE_API,P-2026-05-STEP1,false,true,cc4830e49918c8b5450b7210818dd56b51d258718bc932a5b4f3c62ea8267b6a
REQ-000369,2026-05-29T07:21:00Z,juvenile_sensitive,OFF-0061,86505bfb457a23f7a0108287,Constable,1,POLICE,STATE_03_DIST_04_PS_03,STATE_03_DIST_04,STATE_03,LOW,ACTIVE,NOT_ASSIGNED,REC-000514,c0dfcc086c29ac7761c0efb5,CASE-00207,FINANCIAL_CRIME,JUVENILE_RECORD,STATE_01_DIST_03_PS_01,STATE_01_DIST_03,STATE_01,POLICE,HIGH,false,false,true,false,OPEN,ACTIVE,false,false,false,true,INVESTIGATION,DOWNLOAD,false,false,MISSING,AFTER_HOURS,ONLINE,MANUAL_ESCALATION,P-2026-05-STEP1,false,true,05245bcb6afe127f1d9feddbe484f5ea3be948b56d8bd58744e4b5e0d8aae320
REQ-000370,2026-05-29T01:20:00Z,revoked_credential,OFF-0034,9f1a046129b76f0cd0f13803,Cybercrime Officer,4,CYBERCRIME,STATE_01_DIST_04_PS_03,STATE_01_DIST_04,STATE_01,HIGH,REVOKED,NOT_ASSIGNED,REC-000509,60cafb054014844b5413c674,CASE-00068,FINANCIAL_CRIME,EVIDENCE_MEDIA,STATE_03_DIST_02_PS_01,STATE_03_DIST_02,STATE_03,POLICE,CLASSIFIED,false,false,false,true,SEALED,ACTIVE,false,false,false,true,INVESTIGATION,VIEW,false,false,MISSING,NIGHT,ONLINE,ICJS_STYLE_EXCHANGE,P-2026-05-STEP1,false,true,e5630c1aced8d0eb6e3e19bafe0606df16dc688302966aee906a9192d7db3049
REQ-000371,2026-05-28T13:06:00Z,normal_in_jurisdiction,OFF-0005,0c324b29f9a967adb599bde0,Sub-Inspector,3,POLICE,STATE_01_DIST_02_PS_03,STATE_01_DIST_02,STATE_01,MEDIUM,ACTIVE,ASSIGNED,REC-000093,215ab041d7ba027eff82f6d6,CASE-00330,FINANCIAL_CRIME,COURT_SUBMISSION,STATE_01_DIST_02_PS_03,STATE_01_DIST_02,STATE_01,POLICE,MEDIUM,false,false,false,false,OPEN,ACTIVE,true,true,true,false,INVESTIGATION,VIEW,false,false,NOT_REQUIRED,BUSINESS_HOURS,DEGRADED,MANUAL_ESCALATION,P-2026-05-STEP1,false,true,6a6b7a1011f5844b8af56e7b3aa620ab8daa7717a202cc39ac18911202cfe3ee
REQ-000372,2026-05-29T14:00:00Z,cross_jurisdiction_sensitive,OFF-0040,c5c5b540de8f1dde6964dc89,Inspector,4,POLICE,STATE_01_DIST_02_PS_02,STATE_01_DIST_02,STATE_01,MEDIUM,ACTIVE,NOT_ASSIGNED,REC-000600,aa5d5e9574a1ce5800dc6459,CASE-00302,CYBER_FRAUD,JUVENILE_RECORD,STATE_01_DIST_04_PS_02,STATE_01_DIST_04,STATE_01,POLICE,HIGH,false,false,true,false,OPEN,ACTIVE,false,false,true,true,SUPERVISION,VIEW,false,false,PRESENT_VALID,BUSINESS_HOURS,ONLINE,ICJS_STYLE_EXCHANGE,P-2026-05-STEP1,false,true,1a5583ac7f6063b740c30bc1ba17ce4ce8729d0200615483f0997ea9f8fd633c
REQ-000373,2026-05-30T08:49:00Z,random_context,OFF-0102,cac9c828654d5e683b80f1e7,Head Constable,2,POLICE,STATE_02_DIST_02_PS_02,STATE_02_DIST_02,STATE_02,LOW,ACTIVE,NOT_ASSIGNED,REC-000658,19a7c92363fbe8fe785c9ff8,CASE-00080,WOMEN_CHILD_SAFETY,FORENSIC_REPORT,STATE_01_DIST_02_PS_01,STATE_01_DIST_02,STATE_01,POLICE,HIGH,true,false,false,false,OPEN,ACTIVE,false,false,false,true,PROSECUTION_REVIEW,UPDATE,false,false,NOT_REQUIRED,AFTER_HOURS,ONLINE,MANUAL_ESCALATION,P-2026-05-STEP1,false,true,257932a44e278bb5533367acf43950435c90da1217a25b9d37c459d682cee2b0
REQ-000374,2026-05-27T18:42:00Z,juvenile_sensitive,OFF-0076,ce1b63fb3ee51890894fc213,Station House Officer,5,POLICE,STATE_03_DIST_02_PS_03,STATE_03_DIST_02,STATE_03,HIGH,ACTIVE,NOT_ASSIGNED,REC-000144,ade265794cead86e3a593cc9,CASE-00188,JUVENILE_PROTECTION,FORENSIC_REPORT,STATE_01_DIST_02_PS_03,STATE_01_DIST_02,STATE_01,POLICE,CLASSIFIED,false,false,true,false,OPEN,ACTIVE,false,false,false,true,INVESTIGATION,VIEW,false,false,MISSING,BUSINESS_HOURS,ONLINE,MANUAL_ESCALATION,P-2026-05-STEP1,false,true,67ae53de95a35ed96e827ed6bb737eda57c2e125b1f87ae7fb69c55fa30dae9a
REQ-000375,2026-05-27T18:45:00Z,juvenile_sensitive,OFF-0183,95ff51d542090c1b60accce5,Inspector,4,POLICE,STATE_03_DIST_02_PS_02,STATE_03_DIST_02,STATE_03,MEDIUM,ACTIVE,NOT_ASSIGNED,REC-000720,7e9348f391ef3580bb2ca07e,CASE-00253,MISSING_PERSON,JUVENILE_RECORD,STATE_03_DIST_04_PS_02,STATE_03_DIST_04,STATE_03,POLICE,HIGH,false,false,true,false,OPEN,ACTIVE,false,false,true,true,INVESTIGATION,VIEW,false,false,PRESENT_VALID,AFTER_HOURS,ONLINE,CCTNS_STYLE_API,P-2026-05-STEP1,false,true,e3c44d66c710c166aa04bdf16b771a8de3258bf060f8c50b308fa14ddea8251d
REQ-000376,2026-05-28T07:20:00Z,cross_jurisdiction_sensitive,OFF-0138,3cc947c5caadabb45a541b46,Constable,1,POLICE,STATE_03_DIST_01_PS_01,STATE_03_DIST_01,STATE_03,LOW,ACTIVE,NOT_ASSIGNED,REC-000131,3f62490bb6003e08aff86a5d,CASE-00275,MISSING_PERSON,EVIDENCE_MEDIA,STATE_03_DIST_04_PS_02,STATE_03_DIST_04,STATE_03,POLICE,HIGH,false,false,false,true,SEALED,ACTIVE,false,false,true,true,SUPERVISION,APPROVE,false,false,PRESENT_VALID,BUSINESS_HOURS,ONLINE,ICJS_STYLE_EXCHANGE,P-2026-05-STEP1,false,true,b38dd3541917ccbac6772ea6b9f49778acdca8f5f385d3f372cb8f1ed2032fa0
REQ-000377,2026-05-28T19:59:00Z,random_context,OFF-0072,012f7330673a61c61f1d0ef9,Sub-Inspector,3,POLICE,STATE_02_DIST_01_PS_02,STATE_02_DIST_01,STATE_02,MEDIUM,ACTIVE,NOT_ASSIGNED,REC-000410,71f432c3cd7c3375e794a73c,CASE-00118,WOMEN_CHILD_SAFETY,EVIDENCE_MEDIA,STATE_01_DIST_02_PS_02,STATE_01_DIST_02,STATE_01,POLICE,CLASSIFIED,true,false,false,true,OPEN,ACTIVE,false,false,false,true,EMERGENCY_RESPONSE,VIEW,false,false,NOT_REQUIRED,BUSINESS_HOURS,ONLINE,CCTNS_STYLE_API,P-2026-05-STEP1,false,true,6e03e38e48e9e3f7d87db258dda1b97eddefa88a5bdc682b85ef8b8f3e7fe93b
REQ-000378,2026-05-27T18:54:00Z,revoked_credential,OFF-0063,d57f9cfca107b054602e3afe,Head Constable,2,POLICE,STATE_01_DIST_04_PS_03,STATE_01_DIST_04,STATE_01,LOW,REVOKED,NOT_ASSIGNED,REC-000702,459f734ddb6a3c78ec8e6d7d,CASE-00309,NARCOTICS,CYBERCRIME_COMPLAINT,STATE_02_DIST_01_PS_01,STATE_02_DIST_01,STATE_02,POLICE,CLASSIFIED,false,false,false,false,OPEN,ARCHIVED,false,false,false,true,AUDIT,VIEW,false,false,MISSING,NIGHT,ONLINE,CCTNS_STYLE_API,P-2026-05-STEP1,false,true,421de674773208696320c2ada7428fb87343d4efe7d5628b467611a67f0efda7
REQ-000379,2026-05-29T02:32:00Z,stale_case_assignment,OFF-0222,fed71b6f957fb445cdad7897,Constable,1,POLICE,STATE_03_DIST_01_PS_02,STATE_03_DIST_01,STATE_03,LOW,ACTIVE,STALE,REC-000652,65d9efe8345b7c1563e6df73,CASE-00197,JUVENILE_PROTECTION,CASE_DIARY,STATE_02_DIST_02_PS_02,STATE_02_DIST_02,STATE_02,POLICE,HIGH,false,false,true,false,OPEN,ARCHIVED,false,false,false,true,INVESTIGATION,VIEW,false,false,MISSING,BUSINESS_HOURS,ONLINE,MANUAL_ESCALATION,P-2026-05-STEP1,false,true,a95aac6fd21a3c026d2eaad50e860575afc32ac39c425c86fb4f74940f0db97d
REQ-000380,2026-05-28T14:00:00Z,random_context,OFF-0034,9f1a046129b76f0cd0f13803,Cybercrime Officer,4,CYBERCRIME,STATE_01_DIST_04_PS_03,STATE_01_DIST_04,STATE_01,HIGH,REVOKED,NOT_ASSIGNED,REC-000052,baa6b6685b0bb577aff12148,CASE-00289,NARCOTICS,VICTIM_RECORD,STATE_01_DIST_02_PS_01,STATE_01_DIST_02,STATE_01,POLICE,CLASSIFIED,true,false,false,false,OPEN,ACTIVE,false,false,true,true,COURT_PRODUCTION,VIEW,false,false,NOT_REQUIRED,AFTER_HOURS,DEGRADED,MANUAL_ESCALATION,P-2026-05-STEP1,false,true,b280da2f55e5181097d258268c5aecf47bfc4efe66b41823cb3742348a12a1e1
REQ-000381,2026-05-29T21:51:00Z,cross_jurisdiction_sensitive,OFF-0138,3cc947c5caadabb45a541b46,Constable,1,POLICE,STATE_03_DIST_01_PS_01,STATE_03_DIST_01,STATE_03,LOW,ACTIVE,NOT_ASSIGNED,REC-000881,8fe8ed23e88afdf428466ba5,CASE-00219,JUVENILE_PROTECTION,WITNESS_STATEMENT,STATE_01_DIST_03_PS_02,STATE_01_DIST_03,STATE_01,POLICE,MEDIUM,false,true,true,false,OPEN,ACTIVE,false,false,false,true,SUPERVISION,UPDATE,false,false,PRESENT_VALID,NIGHT,ONLINE,MANUAL_ESCALATION,P-2026-05-STEP1,false,true,b278687317d24f9194dc1bdf0a3faa143b804bea98101563183b8c52566a1f14
REQ-000382,2026-05-29T09:18:00Z,sealed_record,OFF-0187,dea3496d0907b239fdcdd5a2,Head Constable,2,POLICE,STATE_03_DIST_04_PS_02,STATE_03_DIST_04,STATE_03,LOW,ACTIVE,NOT_ASSIGNED,REC-000420,b1d414a86aab728f35101d37,CASE-00075,FINANCIAL_CRIME,COURT_SUBMISSION,STATE_03_DIST_02_PS_03,STATE_03_DIST_02,STATE_03,POLICE,HIGH,false,false,false,false,SEALED,ARCHIVED,false,false,true,true,PROSECUTION_REVIEW,VIEW,false,true,PRESENT_VALID,AFTER_HOURS,DEGRADED,CCTNS_STYLE_API,P-2026-05-STEP1,false,true,4a1f9b276442b3af9dc631ab62f9a28b5e9f4030a37ee4bedab5f00326bbdff0
REQ-000383,2026-05-29T09:27:00Z,normal_in_jurisdiction,OFF-0053,5250e04b75f9aa481b9f2c6e,Inspector,4,POLICE,STATE_02_DIST_02_PS_01,STATE_02_DIST_02,STATE_02,MEDIUM,ACTIVE,ASSIGNED,REC-000880,95de19451c2ca7264b0032ce,CASE-00085,GENERAL_THEFT,FIR_SUMMARY,STATE_02_DIST_02_PS_01,STATE_02_DIST_02,STATE_02,POLICE,MEDIUM,false,false,false,false,OPEN,ARCHIVED,true,true,true,false,INVESTIGATION,VIEW,false,false,NOT_REQUIRED,BUSINESS_HOURS,ONLINE,ICJS_STYLE_EXCHANGE,P-2026-05-STEP1,false,true,56f29de11bb842f22f251dcaac518120533262144506bdb666e228050b7d451e
REQ-000384,2026-05-29T03:12:00Z,cross_jurisdiction_sensitive,OFF-0158,88db5c4f1341722984d72ca6,Head Constable,2,POLICE,STATE_02_DIST_02_PS_01,STATE_02_DIST_02,STATE_02,LOW,ACTIVE,NOT_ASSIGNED,REC-000319,7f8d75d5e84837c062754102,CASE-00279,JUVENILE_PROTECTION,CYBERCRIME_COMPLAINT,STATE_02_DIST_04_PS_03,STATE_02_DIST_04,STATE_02,POLICE,CLASSIFIED,false,false,true,false,OPEN,ACTIVE,false,false,true,true,INVESTIGATION,VIEW,false,false,MISSING,BUSINESS_HOURS,ONLINE,CCTNS_STYLE_API,P-2026-05-STEP1,false,true,9deca029b75c9646a01af38031c2ef04d2c998b76f62fa90e1a6a151c8c546c5
REQ-000385,2026-05-28T20:55:00Z,stale_case_assignment,OFF-0218,b4afcf069d55876dc928c9fe,Station House Officer,5,POLICE,STATE_02_DIST_01_PS_03,STATE_02_DIST_01,STATE_02,HIGH,ACTIVE,STALE,REC-000713,05b4283d2353c06c08b8622c,CASE-00310,VIOLENT_CRIME,WITNESS_STATEMENT,STATE_02_DIST_04_PS_03,STATE_02_DIST_04,STATE_02,POLICE,HIGH,false,true,false,false,OPEN,ACTIVE,false,false,true,true,INVESTIGATION,VIEW,false,false,MISSING,BUSINESS_HOURS,ONLINE,CCTNS_STYLE_API,P-2026-05-STEP1,false,true,7d04c0ed9e446bf9ada771407659cfec2ce1213ce637d8687fd2d9fb1842fd61
REQ-000386,2026-05-30T05:12:00Z,normal_in_jurisdiction,OFF-0209,46719ed3c0b1ab7f0fbf5f90,Prosecutor Liaison,4,PROSECUTION,STATE_01_DIST_01_PS_01,STATE_01_DIST_01,STATE_01,MEDIUM,ACTIVE,NOT_ASSIGNED,REC-000277,cdb882c54c3acb7a40310dbd,CASE-00354,JUVENILE_PROTECTION,FIR_SUMMARY,STATE_02_DIST_01_PS_02,STATE_02_DIST_01,STATE_02,POLICE,LOW,false,false,true,false,SEALED,ARCHIVED,false,false,false,true,INVESTIGATION,VIEW,false,false,NOT_REQUIRED,BUSINESS_HOURS,ONLINE,MANUAL_ESCALATION,P-2026-05-STEP1,false,true,2437d54d4439ec30794a029fad537913b87582e28cad57dba17795cdc5c44c7e
REQ-000387,2026-05-28T21:09:00Z,emergency_override,OFF-0066,a07f98edb4eac55d9fa73ffe,Sub-Inspector,3,POLICE,STATE_01_DIST_01_PS_02,STATE_01_DIST_01,STATE_01,MEDIUM,ACTIVE,NOT_ASSIGNED,REC-000457,ecb5fcc125306a4757b45936,CASE-00218,CYBER_FRAUD,WITNESS_STATEMENT,STATE_03_DIST_02_PS_03,STATE_03_DIST_02,STATE_03,POLICE,HIGH,false,true,false,false,OPEN,ACTIVE,false,false,false,true,EMERGENCY_RESPONSE,DOWNLOAD,true,false,MISSING,BUSINESS_HOURS,ONLINE,ICJS_STYLE_EXCHANGE,P-2026-05-STEP1,false,true,6be3aa804681b81aa3db8f27a38e780d6ea5dc331efdc9401e823c84b8f191cb
REQ-000388,2026-05-31T07:28:00Z,stale_case_assignment,OFF-0229,910fbfbd952d337d55470015,Head Constable,2,POLICE,STATE_02_DIST_03_PS_03,STATE_02_DIST_03,STATE_02,LOW,ACTIVE,STALE,REC-000629,c14c6c27edacd158510d86ae,CASE-00051,GENERAL_THEFT,FIR_SUMMARY,STATE_03_DIST_03_PS_01,STATE_03_DIST_03,STATE_03,POLICE,MEDIUM,false,false,false,false,OPEN,ACTIVE,false,false,false,true,INVESTIGATION,VIEW,false,false,MISSING,NIGHT,ONLINE,CCTNS_STYLE_API,P-2026-05-STEP1,false,true,1729058a1c30582ee8d17aebd8c557cd7f25b69d1da68128b7efc8a0ef0863fd
REQ-000389,2026-05-31T01:15:00Z,stale_case_assignment,OFF-0096,cd7bb6b37a4bf493a6fadfea,Head Constable,2,POLICE,STATE_03_DIST_04_PS_03,STATE_03_DIST_04,STATE_03,LOW,ACTIVE,STALE,REC-000206,94045736c42ce267b600c772,CASE-00100,JUVENILE_PROTECTION,CASE_DIARY,STATE_01_DIST_03_PS_03,STATE_01_DIST_03,STATE_01,POLICE,HIGH,false,false,true,false,OPEN,ARCHIVED,false,false,false,true,INVESTIGATION,VIEW,false,false,MISSING,BUSINESS_HOURS,DEGRADED,ICJS_STYLE_EXCHANGE,P-2026-05-STEP1,false,true,3aa8f8ce9e6f4be765c0f5845acd9b4e1182d93f0fb5c92fe43f7a3a7d292bd9
REQ-000390,2026-05-29T10:30:00Z,random_context,OFF-0040,c5c5b540de8f1dde6964dc89,Inspector,4,POLICE,STATE_01_DIST_02_PS_02,STATE_01_DIST_02,STATE_01,MEDIUM,ACTIVE,NOT_ASSIGNED,REC-000489,f9bc8573a426e646d493c5fc,CASE-00055,NARCOTICS,FIR_SUMMARY,STATE_01_DIST_01_PS_01,STATE_01_DIST_01,STATE_01,POLICE,MEDIUM,false,false,false,false,OPEN,ARCHIVED,false,false,true,true,PROSECUTION_REVIEW,VIEW,false,false,NOT_REQUIRED,AFTER_HOURS,DEGRADED,CCTNS_STYLE_API,P-2026-05-STEP1,false,true,e715c56e1646481346005403664c9f7533047b0cf6d601196aafb6514e3f719a
REQ-000391,2026-05-29T23:41:00Z,revoked_credential,OFF-0065,6d335433b612a148a4921389,Constable,1,POLICE,STATE_03_DIST_02_PS_02,STATE_03_DIST_02,STATE_03,LOW,REVOKED,NOT_ASSIGNED,REC-000040,88b72e520b29734a6950a1ba,CASE-00181,CYBER_FRAUD,JUVENILE_RECORD,STATE_01_DIST_01_PS_03,STATE_01_DIST_01,STATE_01,POLICE,HIGH,false,false,true,false,SEALED,UNDER_REVIEW,false,false,false,true,AUDIT,VIEW,false,false,MISSING,BUSINESS_HOURS,DEGRADED,CCTNS_STYLE_API,P-2026-05-STEP1,false,true,1871df1c77d43752d5ca47a71a7af6b7d6ede8216500791187461e59f261a3e7
REQ-000392,2026-05-27T13:04:00Z,emergency_override,OFF-0012,1e6c5e762b98d4b3d94fa258,Station House Officer,5,POLICE,STATE_01_DIST_03_PS_03,STATE_01_DIST_03,STATE_01,HIGH,ACTIVE,NOT_ASSIGNED,REC-000441,2efca3bea97d54995e702601,CASE-00040,NARCOTICS,FORENSIC_REPORT,STATE_01_DIST_01_PS_01,STATE_01_DIST_01,STATE_01,POLICE,CLASSIFIED,false,false,false,false,OPEN,UNDER_REVIEW,false,false,true,true,EMERGENCY_RESPONSE,DOWNLOAD,true,false,PRESENT_VALID,BUSINESS_HOURS,ONLINE,ICJS_STYLE_EXCHANGE,P-2026-05-STEP1,false,true,ea64e1bcf460d03f19e02ea8a5b18487fd3ea7bfa102646a523ee9c5c70637c3
REQ-000393,2026-05-30T00:03:00Z,random_context,OFF-0171,4bb363d085866d6dbe19f005,Head Constable,2,POLICE,STATE_03_DIST_02_PS_01,STATE_03_DIST_02,STATE_03,LOW,ACTIVE,NOT_ASSIGNED,REC-000890,371a23d91f7294df8b697c77,CASE-00319,VIOLENT_CRIME,EVIDENCE_MEDIA,STATE_02_DIST_03_PS_01,STATE_02_DIST_03,STATE_02,POLICE,CLASSIFIED,false,false,false,true,OPEN,ACTIVE,false,false,false,true,EMERGENCY_RESPONSE,DOWNLOAD,false,false,MISSING,NIGHT,ONLINE,MANUAL_ESCALATION,P-2026-05-STEP1,false,true,c05b248dd563bc45a6bb1c398cfe02a5357644b780a58ba48478a45c3f31a0d1
REQ-000394,2026-05-30T19:56:00Z,juvenile_sensitive,OFF-0222,fed71b6f957fb445cdad7897,Constable,1,POLICE,STATE_03_DIST_01_PS_02,STATE_03_DIST_01,STATE_03,LOW,ACTIVE,NOT_ASSIGNED,REC-000116,6991232df5fe59f3ed13dc59,CASE-00278,NARCOTICS,JUVENILE_RECORD,STATE_01_DIST_01_PS_03,STATE_01_DIST_01,STATE_01,POLICE,CLASSIFIED,false,false,true,false,OPEN,ACTIVE,false,false,false,true,INVESTIGATION,VIEW,false,false,MISSING,BUSINESS_HOURS,ONLINE,ICJS_STYLE_EXCHANGE,P-2026-05-STEP1,false,true,60b3e87a6e764ebae6ee83ede0e75a63aae1b59d0f35b00b2c1406a4171f7b91
REQ-000395,2026-05-27T13:10:00Z,random_context,OFF-0204,36f9518be85535c10000ffd5,Constable,1,POLICE,STATE_03_DIST_02_PS_01,STATE_03_DIST_02,STATE_03,LOW,ACTIVE,NOT_ASSIGNED,REC-000220,c3ad49089de0c685eea42246,CASE-00150,FINANCIAL_CRIME,FORENSIC_REPORT,STATE_01_DIST_03_PS_01,STATE_01_DIST_03,STATE_01,POLICE,HIGH,false,false,false,false,OPEN,ACTIVE,false,false,false,true,EMERGENCY_RESPONSE,VIEW,false,false,PRESENT_VALID,BUSINESS_HOURS,ONLINE,MANUAL_ESCALATION,P-2026-05-STEP1,false,true,fc3756cda44336f629a10834c971c71d89027596b414d3f67ff6d8942cdcaf39
REQ-000396,2026-05-30T13:48:00Z,cross_jurisdiction_sensitive,OFF-0105,acd11cf62713639d9ec501cd,Senior Superintendent,6,POLICE,STATE_03_DIST_04_PS_02,STATE_03_DIST_04,STATE_03,CLASSIFIED,ACTIVE,NOT_ASSIGNED,REC-000137,97493f5f079666824f863137,CASE-00300,FINANCIAL_CRIME,EVIDENCE_MEDIA,STATE_02_DIST_01_PS_01,STATE_02_DIST_01,STATE_02,POLICE,CLASSIFIED,false,false,false,true,OPEN,ACTIVE,false,false,false,true,FORENSIC_REVIEW,VIEW,false,false,PRESENT_VALID,NIGHT,ONLINE,CCTNS_STYLE_API,P-2026-05-STEP1,false,true,9e49833e98c9315b4a3a05da52f6798b503f0371122bf8cd0436b5589d7cebfc
REQ-000397,2026-05-30T20:38:00Z,court_request,OFF-0132,9a1678400f682a3201830c3a,Inspector,4,POLICE,STATE_01_DIST_01_PS_02,STATE_01_DIST_01,STATE_01,MEDIUM,ACTIVE,NOT_ASSIGNED,REC-000313,c8f01730ecab5910a8d417bf,CASE-00351,CYBER_FRAUD,CYBERCRIME_COMPLAINT,STATE_01_DIST_04_PS_02,STATE_01_DIST_04,STATE_01,POLICE,HIGH,false,false,false,false,OPEN,ACTIVE,false,false,true,true,COURT_PRODUCTION,VIEW,false,true,PRESENT_VALID,BUSINESS_HOURS,ONLINE,ICJS_STYLE_EXCHANGE,P-2026-05-STEP1,false,true,6eae468959726fc76ae38ef8da38c42bf64d2e90617dcbf4db347ef65ef06671
REQ-000398,2026-05-28T15:48:00Z,emergency_override,OFF-0232,8e0a9feb90e3ea8a4997b70d,Sub-Inspector,3,POLICE,STATE_03_DIST_03_PS_01,STATE_03_DIST_03,STATE_03,MEDIUM,ACTIVE,NOT_ASSIGNED,REC-000417,8e1a3ca6a9114e1881bc48b7,CASE-00048,GENERAL_THEFT,VICTIM_RECORD,STATE_03_DIST_01_PS_01,STATE_03_DIST_01,STATE_03,POLICE,HIGH,true,false,false,false,OPEN,ACTIVE,false,false,true,true,EMERGENCY_RESPONSE,VIEW,true,false,MISSING,BUSINESS_HOURS,ONLINE,MANUAL_ESCALATION,P-2026-05-STEP1,false,true,cd0d5f9a800494313501c0b9f0e7b0be9b59d713a002fafd4cfd2ae04739d233
REQ-000399,2026-05-31T03:45:00Z,expired_approval_token,OFF-0024,c5766246d7388485ac5c149e,Sub-Inspector,3,POLICE,STATE_02_DIST_01_PS_01,STATE_02_DIST_01,STATE_02,MEDIUM,ACTIVE,NOT_ASSIGNED,REC-000380,a294966bbab71d6e812d21a5,CASE-00056,CYBER_FRAUD,FIR_SUMMARY,STATE_02_DIST_02_PS_01,STATE_02_DIST_02,STATE_02,POLICE,CLASSIFIED,false,false,false,false,OPEN,ACTIVE,false,false,true,true,PROSECUTION_REVIEW,VIEW,false,false,EXPIRED,BUSINESS_HOURS,ONLINE,ICJS_STYLE_EXCHANGE,P-2026-05-STEP1,false,true,fb8f20bb39f0988989020fc47de063c700b9d497ad2731ee466963f36f4aa91d
REQ-000400,2026-05-30T21:20:00Z,cross_jurisdiction_sensitive,OFF-0089,1dfcf9ccdf6fab5303a9e921,Constable,1,POLICE,STATE_02_DIST_01_PS_01,STATE_02_DIST_01,STATE_02,LOW,ACTIVE,NOT_ASSIGNED,REC-000124,18d1592d4e115ec7275f6778,CASE-00032,GENERAL_THEFT,VICTIM_RECORD,STATE_03_DIST_01_PS_01,STATE_03_DIST_01,STATE_03,POLICE,MEDIUM,true,false,false,false,OPEN,ACTIVE,false,false,false,true,FORENSIC_REVIEW,VIEW,false,false,MISSING,BUSINESS_HOURS,DEGRADED,ICJS_STYLE_EXCHANGE,P-2026-05-STEP1,false,true,2572fcc4ac097db241e6b3ebf81f1e91dd2e226ac2945f3139e0b4dd19934163
REQ-000401,2026-05-30T14:53:00Z,normal_in_jurisdiction,OFF-0055,e246494264abad2f32845507,Inspector,4,POLICE,STATE_01_DIST_04_PS_03,STATE_01_DIST_04,STATE_01,MEDIUM,ACTIVE,NOT_ASSIGNED,REC-000283,13e3a7ec6adf6a6efb5970ef,CASE-00139,JUVENILE_PROTECTION,CYBERCRIME_COMPLAINT,STATE_03_DIST_03_PS_02,STATE_03_DIST_03,STATE_03,POLICE,MEDIUM,false,false,true,false,OPEN,ARCHIVED,false,false,false,true,INVESTIGATION,VIEW,false,false,NOT_REQUIRED,BUSINESS_HOURS,ONLINE,CCTNS_STYLE_API,P-2026-05-STEP1,false,true,579850d25882281e9733525d523c6b56ac22de9bfae61bc93bc9ee14e7742306
REQ-000402,2026-05-29T05:36:00Z,random_context,OFF-0009,48f5470b8ce4df5af3e82ab0,Prosecutor Liaison,4,PROSECUTION,STATE_01_DIST_02_PS_03,STATE_01_DIST_02,STATE_01,MEDIUM,ACTIVE,NOT_ASSIGNED,REC-000744,3ccd34687090d2923fc32e3b,CASE-00042,NARCOTICS,FORENSIC_REPORT,STATE_01_DIST_01_PS_01,STATE_01_DIST_01,STATE_01,POLICE,HIGH,false,false,false,false,OPEN,ACTIVE,false,false,true,true,FORENSIC_REVIEW,VIEW,false,false,MISSING,AFTER_HOURS,ONLINE,CCTNS_STYLE_API,P-2026-05-STEP1,false,true,cf70f29fc93cc0c68f82cb175b14d5f68e9d1a77b90d34b36df811eeb0a17146
REQ-000403,2026-05-28T23:01:00Z,cross_jurisdiction_sensitive,OFF-0101,3d428018fa91d9e32fcf8296,Inspector,4,POLICE,STATE_01_DIST_01_PS_02,STATE_01_DIST_01,STATE_01,MEDIUM,ACTIVE,NOT_ASSIGNED,REC-000338,7321a0af5615e095dae2e2e2,CASE-00309,NARCOTICS,VICTIM_RECORD,STATE_02_DIST_01_PS_01,STATE_02_DIST_01,STATE_02,POLICE,HIGH,true,false,false,false,OPEN,ACTIVE,false,false,false,true,INVESTIGATION,VIEW,false,false,PRESENT_VALID,BUSINESS_HOURS,ONLINE,ICJS_STYLE_EXCHANGE,P-2026-05-STEP1,false,true,9d06054cd1ad5e958c9e618ac0c43c74ac8c72654fd942238c0da5b12d6287fd
REQ-000404,2026-05-30T08:48:00Z,cross_jurisdiction_sensitive,OFF-0100,071c750c420d0b5f044d6ae7,Sub-Inspector,3,POLICE,STATE_02_DIST_02_PS_03,STATE_02_DIST_02,STATE_02,MEDIUM,ACTIVE,NOT_ASSIGNED,REC-000086,3d4b5b64967f8dbf39aeb99e,CASE-00292,MISSING_PERSON,WITNESS_STATEMENT,STATE_01_DIST_01_PS_03,STATE_01_DIST_01,STATE_01,POLICE,HIGH,false,true,false,false,OPEN,ACTIVE,false,false,false,true,SUPERVISION,VIEW,false,false,MISSING,NIGHT,ONLINE,ICJS_STYLE_EXCHANGE,P-2026-05-STEP1,false,true,bd508063039459071a55a42dae3d5dc94e0800de806253bafb9d632fac9549d2
REQ-000405,2026-05-28T09:45:00Z,juvenile_sensitive,OFF-0019,43619f9291295cde078ede73,Cybercrime Officer,4,CYBERCRIME,STATE_02_DIST_01_PS_02,STATE_02_DIST_01,STATE_02,HIGH,ACTIVE,NOT_ASSIGNED,REC-000167,c1be72ae2e586a7fecd00956,CASE-00119,JUVENILE_PROTECTION,WITNESS_STATEMENT,STATE_03_DIST_02_PS_02,STATE_03_DIST_02,STATE_03,POLICE,HIGH,false,true,true,false,OPEN,ACTIVE,false,false,false,true,INVESTIGATION,VIEW,false,false,PRESENT_VALID,BUSINESS_HOURS,ONLINE,CCTNS_STYLE_API,P-2026-05-STEP1,false,true,aa03ade5dffc6468bad0286932416e0df492f0161c744ad0f931d7f2cf6f61c4
REQ-000406,2026-05-30T15:58:00Z,stale_case_assignment,OFF-0166,b6791729f7de52114f8f5aba,Head Constable,2,POLICE,STATE_02_DIST_02_PS_03,STATE_02_DIST_02,STATE_02,LOW,ACTIVE,STALE,REC-000571,4cfcb99871492acc92ea42ae,CASE-00020,JUVENILE_PROTECTION,CYBERCRIME_COMPLAINT,STATE_02_DIST_02_PS_01,STATE_02_DIST_02,STATE_02,POLICE,HIGH,false,false,true,false,OPEN,ARCHIVED,false,true,true,false,INVESTIGATION,VIEW,false,false,MISSING,NIGHT,ONLINE,CCTNS_STYLE_API,P-2026-05-STEP1,false,true,7d1859f53f08140a559fc4ef42078390e5a6e0367c56b97677ae0ea8cff92443
REQ-000407,2026-05-28T23:29:00Z,cross_jurisdiction_sensitive,OFF-0045,1abb810c99dd60558b095f4d,Sub-Inspector,3,POLICE,STATE_02_DIST_01_PS_03,STATE_02_DIST_01,STATE_02,MEDIUM,ACTIVE,NOT_ASSIGNED,REC-000728,3b274e811b747441ea332f7c,CASE-00202,NARCOTICS,FORENSIC_REPORT,STATE_02_DIST_04_PS_03,STATE_02_DIST_04,STATE_02,POLICE,HIGH,false,false,false,false,OPEN,ACTIVE,false,false,true,true,SUPERVISION,VIEW,false,false,MISSING,NIGHT,ONLINE,ICJS_STYLE_EXCHANGE,P-2026-05-STEP1,false,true,7713eaf4095a773029a8bc2d9468a02226cf2fdd3b8737d875c15f49aba8e925
REQ-000408,2026-05-29T13:12:00Z,cross_jurisdiction_sensitive,OFF-0033,4f04697319f636cd795e5d1b,Inspector,4,POLICE,STATE_03_DIST_01_PS_03,STATE_03_DIST_01,STATE_03,MEDIUM,ACTIVE,NOT_ASSIGNED,REC-000807,24c8c0c8b19638b5e8c5fe9b,CASE-00321,FINANCIAL_CRIME,EVIDENCE_MEDIA,STATE_03_DIST_04_PS_03,STATE_03_DIST_04,STATE_03,POLICE,HIGH,false,false,false,true,OPEN,UNDER_REVIEW,false,false,true,true,SUPERVISION,VIEW,false,false,PRESENT_VALID,BUSINESS_HOURS,DEGRADED,MANUAL_ESCALATION,P-2026-05-STEP1,false,true,77c89b92128d7ee3ec76599d2ebcb292b847dd867a9a9997b46e6a85f70888a8
REQ-000409,2026-05-30T09:48:00Z,emergency_override,OFF-0032,087843a059da3833acdab60b,Head Constable,2,POLICE,STATE_03_DIST_02_PS_03,STATE_03_DIST_02,STATE_03,LOW,ACTIVE,NOT_ASSIGNED,REC-000406,33d770afa0f3663c50bb006b,CASE-00357,CYBER_FRAUD,FORENSIC_REPORT,STATE_02_DIST_02_PS_03,STATE_02_DIST_02,STATE_02,POLICE,HIGH,false,false,false,false,OPEN,ACTIVE,false,false,false,true,EMERGENCY_RESPONSE,VIEW,true,false,PRESENT_VALID,BUSINESS_HOURS,ONLINE,CCTNS_STYLE_API,P-2026-05-STEP1,false,true,f991259aa329b01d3abef4e8f7f5d7df07b52bdd6342f6b5d688a51befd89899
REQ-000410,2026-05-27T13:40:00Z,court_request,OFF-0103,b9a151dcbadde0404b02e5b7,Sub-Inspector,3,POLICE,STATE_02_DIST_01_PS_03,STATE_02_DIST_01,STATE_02,MEDIUM,ACTIVE,NOT_ASSIGNED,REC-000601,387ce36dfb2809a360448216,CASE-00050,GENERAL_THEFT,COURT_SUBMISSION,STATE_01_DIST_04_PS_01,STATE_01_DIST_04,STATE_01,POLICE,MEDIUM,false,false,false,false,OPEN,ACTIVE,false,false,false,true,COURT_PRODUCTION,DOWNLOAD,false,true,PRESENT_VALID,BUSINESS_HOURS,ONLINE,MANUAL_ESCALATION,P-2026-05-STEP1,false,true,c1a28733f4169d998751fd7806432c8d52019632f876b654d21fc2cc449e85ac
REQ-000411,2026-05-27T20:33:00Z,revoked_credential,OFF-0063,d57f9cfca107b054602e3afe,Head Constable,2,POLICE,STATE_01_DIST_04_PS_03,STATE_01_DIST_04,STATE_01,LOW,REVOKED,NOT_ASSIGNED,REC-000612,7f416b45cddf9fa50b2b67c2,CASE-00039,WOMEN_CHILD_SAFETY,VICTIM_RECORD,STATE_02_DIST_02_PS_02,STATE_02_DIST_02,STATE_02,POLICE,CLASSIFIED,true,false,false,false,OPEN,ACTIVE,false,false,false,true,AUDIT,VIEW,false,false,MISSING,BUSINESS_HOURS,ONLINE,ICJS_STYLE_EXCHANGE,P-2026-05-STEP1,false,true,4c97aa14902e2a76b4776994b0754f2567c851ee8f349f3080ebca48103af541
REQ-000412,2026-05-29T20:40:00Z,normal_in_jurisdiction,OFF-0191,f920410d24c1d513e4b5b45f,Inspector,4,POLICE,STATE_02_DIST_01_PS_01,STATE_02_DIST_01,STATE_02,MEDIUM,ACTIVE,ASSIGNED,REC-000646,54ac14016e1768af6fa9f2ec,CASE-00021,WOMEN_CHILD_SAFETY,COURT_SUBMISSION,STATE_02_DIST_01_PS_01,STATE_02_DIST_01,STATE_02,POLICE,MEDIUM,true,false,false,false,OPEN,ARCHIVED,true,true,true,false,INVESTIGATION,VIEW,false,false,NOT_REQUIRED,AFTER_HOURS,ONLINE,ICJS_STYLE_EXCHANGE,P-2026-05-STEP1,false,true,2d5029b0b102697a31fcc637274fb900578876573b7eb9c3c9c01a767503d211
REQ-000413,2026-05-30T03:43:00Z,normal_in_jurisdiction,OFF-0148,adb77e6ea2a2edb0afc7410d,Prosecutor Liaison,4,PROSECUTION,STATE_03_DIST_02_PS_02,STATE_03_DIST_02,STATE_03,MEDIUM,ACTIVE,ASSIGNED,REC-000495,fd49baba4e1fe802274e80fa,CASE-00328,WOMEN_CHILD_SAFETY,FIR_SUMMARY,STATE_03_DIST_02_PS_02,STATE_03_DIST_02,STATE_03,POLICE,LOW,true,false,false,false,OPEN,ACTIVE,true,true,true,false,INVESTIGATION,VIEW,false,false,NOT_REQUIRED,AFTER_HOURS,ONLINE,CCTNS_STYLE_API,P-2026-05-STEP1,false,true,f979bc4d89432f12179ad207376588f18031a11f0056215f40c3cd12161f1cd5
REQ-000414,2026-05-30T17:42:00Z,random_context,OFF-0053,5250e04b75f9aa481b9f2c6e,Inspector,4,POLICE,STATE_02_DIST_02_PS_01,STATE_02_DIST_02,STATE_02,MEDIUM,ACTIVE,NOT_ASSIGNED,REC-000424,dbdfbc01fd0c4b39b898ed5b,CASE-00052,VIOLENT_CRIME,WITNESS_STATEMENT,STATE_03_DIST_04_PS_03,STATE_03_DIST_04,STATE_03,POLICE,HIGH,false,true,false,false,OPEN,ARCHIVED,false,false,false,true,EMERGENCY_RESPONSE,VIEW,false,false,NOT_REQUIRED,BUSINESS_HOURS,ONLINE,CCTNS_STYLE_API,P-2026-05-STEP1,false,true,efb611959e3bb52ebb4a058fbdb2265e5855c2ba6aa34993fff30d412c5fb64b
REQ-000415,2026-05-31T00:50:00Z,expired_approval_token,OFF-0133,58ae919f19aeb7c7f1527d26,Forensic Officer,4,FORENSIC,STATE_03_DIST_01_PS_02,STATE_03_DIST_01,STATE_03,HIGH,ACTIVE,NOT_ASSIGNED,REC-000439,8f79339c7d2dbf517d8d6680,CASE-00071,CYBER_FRAUD,WITNESS_STATEMENT,STATE_03_DIST_03_PS_02,STATE_03_DIST_03,STATE_03,POLICE,HIGH,false,true,false,false,SEALED,ACTIVE,false,false,true,true,INVESTIGATION,VIEW,false,false,EXPIRED,AFTER_HOURS,STATION_NODE_DOWN,MANUAL_ESCALATION,P-2026-05-STEP1,false,true,879c3d151b8817e3fac8e9b8b09e73390a247e2035182cee8dc5c52fcecdd92f
REQ-000416,2026-05-29T07:28:00Z,revoked_credential,OFF-0160,5ce4d64c20eb4b8a7537a1f7,Inspector,4,POLICE,STATE_03_DIST_02_PS_03,STATE_03_DIST_02,STATE_03,MEDIUM,REVOKED,NOT_ASSIGNED,REC-000118,d6154df7eb0a7850d878cc7e,CASE-00103,CYBER_FRAUD,JUVENILE_RECORD,STATE_02_DIST_02_PS_03,STATE_02_DIST_02,STATE_02,POLICE,HIGH,false,false,true,false,OPEN,ARCHIVED,false,false,false,true,AUDIT,VIEW,false,false,MISSING,BUSINESS_HOURS,ONLINE,MANUAL_ESCALATION,P-2026-05-STEP1,false,true,8729dfecbb77e3e199df9687e20b0b231fc3100fddbb66a4e0ed14c2b26bf6c5
REQ-000417,2026-05-29T21:30:00Z,emergency_override,OFF-0073,7e2b88d260bb5ef29585a94e,Station House Officer,5,POLICE,STATE_01_DIST_03_PS_02,STATE_01_DIST_03,STATE_01,HIGH,ACTIVE,NOT_ASSIGNED,REC-000100,dbc9514c0caf7dba5d34549f,CASE-00318,FINANCIAL_CRIME,CASE_DIARY,STATE_03_DIST_04_PS_01,STATE_03_DIST_04,STATE_03,POLICE,HIGH,false,false,false,false,OPEN,UNDER_REVIEW,false,false,false,true,EMERGENCY_RESPONSE,UPDATE,true,false,PRESENT_VALID,BUSINESS_HOURS,ONLINE,MANUAL_ESCALATION,P-2026-05-STEP1,false,true,46a4a6caef5bb3bef2ad4f2a37f71e4c11930f01136045a7bf66d994b00b52b0
REQ-000418,2026-05-31T01:32:00Z,normal_in_jurisdiction,OFF-0165,b2c7b3b76aeb981b1bd8756b,Inspector,4,POLICE,STATE_02_DIST_04_PS_02,STATE_02_DIST_04,STATE_02,MEDIUM,ACTIVE,NOT_ASSIGNED,REC-000559,649afea3d6e6f8a0297f3338,CASE-00134,GENERAL_THEFT,VICTIM_RECORD,STATE_03_DIST_04_PS_02,STATE_03_DIST_04,STATE_03,POLICE,MEDIUM,true,false,false,false,OPEN,ARCHIVED,false,false,false,true,INVESTIGATION,VIEW,false,false,NOT_REQUIRED,NIGHT,DEGRADED,CCTNS_STYLE_API,P-2026-05-STEP1,false,true,b474dde1af0f9475073c2dfd2d6a4dfae656112e0da661ae71eb3f656122e3b3
REQ-000419,2026-05-28T10:55:00Z,stale_case_assignment,OFF-0032,087843a059da3833acdab60b,Head Constable,2,POLICE,STATE_03_DIST_02_PS_03,STATE_03_DIST_02,STATE_03,LOW,ACTIVE,STALE,REC-000476,0265fa722eaf9f9e7f597fb4,CASE-00201,JUVENILE_PROTECTION,FORENSIC_REPORT,STATE_02_DIST_04_PS_02,STATE_02_DIST_04,STATE_02,POLICE,HIGH,false,false,true,false,OPEN,ACTIVE,false,false,false,true,INVESTIGATION,SHARE,false,false,MISSING,AFTER_HOURS,ONLINE,ICJS_STYLE_EXCHANGE,P-2026-05-STEP1,false,true,525b424569d87f6be3b0d9121f8d7bc73e00e7e5ec743c96e796e4a63272b52d
REQ-000420,2026-05-29T08:00:00Z,normal_in_jurisdiction,OFF-0192,3d55943653d0579351b1bb1c,Inspector,4,POLICE,STATE_02_DIST_01_PS_01,STATE_02_DIST_01,STATE_02,MEDIUM,ACTIVE,ASSIGNED,REC-000824,945f4f7b3a236a35a569de92,CASE-00017,WOMEN_CHILD_SAFETY,WITNESS_STATEMENT,STATE_02_DIST_01_PS_01,STATE_02_DIST_01,STATE_02,POLICE,MEDIUM,true,true,false,false,SEALED,ACTIVE,true,true,true,false,INVESTIGATION,VIEW,false,false,NOT_REQUIRED,BUSINESS_HOURS,ONLINE,MANUAL_ESCALATION,P-2026-05-STEP1,false,true,47deb23f16997c0e01c49aefd01963d49c3a9e9663b8a6f4761a94c6dc8284f8
REQ-000421,2026-05-31T16:16:00Z,sealed_record,OFF-0223,f04272809174dac17c3936fd,Station House Officer,5,POLICE,STATE_03_DIST_04_PS_02,STATE_03_DIST_04,STATE_03,HIGH,ACTIVE,NOT_ASSIGNED,REC-000726,2b5ed92b73d41d7d7ad6f4ce,CASE-00115,NARCOTICS,JUVENILE_RECORD,STATE_01_DIST_01_PS_02,STATE_01_DIST_01,STATE_01,POLICE,CLASSIFIED,false,false,true,false,SEALED,ACTIVE,false,false,false,true,PROSECUTION_REVIEW,VIEW,false,true,PRESENT_VALID,BUSINESS_HOURS,ONLINE,ICJS_STYLE_EXCHANGE,P-2026-05-STEP1,false,true,9c5fe0fff54cae2e056febdea0c8c53c47faac42cf6ae13ab9f3981a808bd777
REQ-000422,2026-05-27T21:06:00Z,emergency_override,OFF-0030,02df4864bc93f0037e94de95,Sub-Inspector,3,POLICE,STATE_01_DIST_02_PS_01,STATE_01_DIST_02,STATE_01,MEDIUM,ACTIVE,NOT_ASSIGNED,REC-000287,255eef6a2a2326cbbe551f51,CASE-00296,VIOLENT_CRIME,WITNESS_STATEMENT,STATE_02_DIST_01_PS_01,STATE_02_DIST_01,STATE_02,POLICE,CLASSIFIED,false,true,false,false,SEALED,ACTIVE,false,false,false,true,EMERGENCY_RESPONSE,SHARE,true,false,PRESENT_VALID,BUSINESS_HOURS,ONLINE,MANUAL_ESCALATION,P-2026-05-STEP1,false,true,aac170f289fb9081b626954504ef295b6b34170a9db965e87127215f57f6715e
REQ-000423,2026-05-27T14:06:00Z,normal_in_jurisdiction,OFF-0208,47e9daa6a9eddbbbae1d0bd7,Head Constable,2,POLICE,STATE_01_DIST_04_PS_03,STATE_01_DIST_04,STATE_01,LOW,ACTIVE,NOT_ASSIGNED,REC-000095,4ea55cba83dc306bfa955910,CASE-00165,FINANCIAL_CRIME,CASE_DIARY,STATE_02_DIST_03_PS_01,STATE_02_DIST_03,STATE_02,POLICE,MEDIUM,false,false,false,false,OPEN,ACTIVE,false,false,false,true,INVESTIGATION,VIEW,false,false,NOT_REQUIRED,NIGHT,ONLINE,ICJS_STYLE_EXCHANGE,P-2026-05-STEP1,false,true,083d3bfb53ae9c243866708de810d25f7f3ece77f4e548cabc606bc302a87028
REQ-000424,2026-05-28T18:24:00Z,stale_case_assignment,OFF-0193,4be2947fa44b5e03c9285de0,Constable,1,POLICE,STATE_02_DIST_04_PS_01,STATE_02_DIST_04,STATE_02,LOW,ACTIVE,STALE,REC-000341,57ec71a2140e7801543097d2,CASE-00270,GENERAL_THEFT,CASE_DIARY,STATE_02_DIST_01_PS_03,STATE_02_DIST_01,STATE_02,POLICE,HIGH,false,false,false,false,OPEN,UNDER_REVIEW,false,false,true,true,INVESTIGATION,DOWNLOAD,false,false,MISSING,BUSINESS_HOURS,ONLINE,MANUAL_ESCALATION,P-2026-05-STEP1,false,true,515d54ceb1e159a709c433a0877fb1d9d8dfb05fa2350b88a0d6924689821cc5
REQ-000425,2026-05-28T18:30:00Z,cross_jurisdiction_sensitive,OFF-0143,116125532167435d32c323d1,Constable,1,POLICE,STATE_01_DIST_02_PS_01,STATE_01_DIST_02,STATE_01,LOW,ACTIVE,NOT_ASSIGNED,REC-000253,201c9d891198d8110e40a60a,CASE-00165,FINANCIAL_CRIME,CYBERCRIME_COMPLAINT,STATE_02_DIST_03_PS_01,STATE_02_DIST_03,STATE_02,POLICE,HIGH,false,false,false,false,OPEN,ACTIVE,false,false,false,true,INVESTIGATION,DOWNLOAD,false,false,PRESENT_VALID,BUSINESS_HOURS,ONLINE,ICJS_STYLE_EXCHANGE,P-2026-05-STEP1,false,true,fba80d8892fe7e523602f97a329fff1a69c826f360ba3a7a34e514371b366652
REQ-000426,2026-05-29T15:54:00Z,stale_case_assignment,OFF-0113,46ac5b5381ef953a345ce319,Constable,1,POLICE,STATE_03_DIST_03_PS_01,STATE_03_DIST_03,STATE_03,LOW,ACTIVE,STALE,REC-000123,0dc2c7ba3a4eee4a67c0382e,CASE-00142,FINANCIAL_CRIME,CYBERCRIME_COMPLAINT,STATE_02_DIST_01_PS_03,STATE_02_DIST_01,STATE_02,POLICE,CLASSIFIED,false,false,false,false,OPEN,ACTIVE,false,false,false,true,INVESTIGATION,VIEW,false,false,MISSING,BUSINESS_HOURS,ONLINE,CCTNS_STYLE_API,P-2026-05-STEP1,false,true,48855093ab54ff4b2c98f9a4d1695d5633f5d7ebd318f1200d0c0a0fecd5f9a7
REQ-000427,2026-05-28T18:42:00Z,normal_in_jurisdiction,OFF-0205,21f9b37fcb4f7d2db6857d62,Inspector,4,POLICE,STATE_02_DIST_04_PS_02,STATE_02_DIST_04,STATE_02,MEDIUM,ACTIVE,ASSIGNED,REC-000615,dfb0e94f858b759ef429abc3,CASE-00065,VIOLENT_CRIME,FIR_SUMMARY,STATE_02_DIST_04_PS_02,STATE_02_DIST_04,STATE_02,POLICE,MEDIUM,false,false,false,false,OPEN,UNDER_REVIEW,true,true,true,false,INVESTIGATION,VIEW,false,false,NOT_REQUIRED,AFTER_HOURS,ONLINE,ICJS_STYLE_EXCHANGE,P-2026-05-STEP1,false,true,a134476b8534dfe5bae5cfe6c2c794f4283ace081512d6e876dd0460d84d14bd
REQ-000428,2026-05-30T06:28:00Z,normal_in_jurisdiction,OFF-0069,ecaec2b1bb689d9a6ebf8cca,Sub-Inspector,3,POLICE,STATE_03_DIST_03_PS_02,STATE_03_DIST_03,STATE_03,MEDIUM,ACTIVE,ASSIGNED,REC-000283,13e3a7ec6adf6a6efb5970ef,CASE-00139,JUVENILE_PROTECTION,CYBERCRIME_COMPLAINT,STATE_03_DIST_03_PS_02,STATE_03_DIST_03,STATE_03,POLICE,MEDIUM,false,false,true,false,OPEN,ARCHIVED,true,true,true,false,INVESTIGATION,VIEW,false,false,NOT_REQUIRED,BUSINESS_HOURS,ONLINE,ICJS_STYLE_EXCHANGE,P-2026-05-STEP1,false,true,01be198bed99ba8495138f69be841f046588e921144cb5376416fbc9144e019a
REQ-000429,2026-05-29T23:30:00Z,emergency_override,OFF-0066,a07f98edb4eac55d9fa73ffe,Sub-Inspector,3,POLICE,STATE_01_DIST_01_PS_02,STATE_01_DIST_01,STATE_01,MEDIUM,ACTIVE,NOT_ASSIGNED,REC-000551,7e1af28dadbf5d983261b8b0,CASE-00139,JUVENILE_PROTECTION,COURT_SUBMISSION,STATE_03_DIST_03_PS_02,STATE_03_DIST_03,STATE_03,POLICE,HIGH,false,false,true,false,OPEN,ACTIVE,false,false,false,true,EMERGENCY_RESPONSE,VIEW,true,false,MISSING,AFTER_HOURS,ONLINE,MANUAL_ESCALATION,P-2026-05-STEP1,false,true,f8817ed732ca4538d7093b7e0c40ee54704209cd9fee5800945978734474b1a2
REQ-000430,2026-05-30T06:50:00Z,normal_in_jurisdiction,OFF-0003,5e4ff04af077f5ff22cd6cd0,Cybercrime Officer,4,CYBERCRIME,STATE_02_DIST_01_PS_02,STATE_02_DIST_01,STATE_02,HIGH,ACTIVE,ASSIGNED,REC-000683,9228fbce07995e580d7bd517,CASE-00014,GENERAL_THEFT,COURT_SUBMISSION,STATE_02_DIST_01_PS_02,STATE_02_DIST_01,STATE_02,POLICE,MEDIUM,false,false,false,false,SEALED,ACTIVE,true,true,true,false,INVESTIGATION,VIEW,false,false,NOT_REQUIRED,AFTER_HOURS,ONLINE,MANUAL_ESCALATION,P-2026-05-STEP1,false,true,65ca8050ed57104abe83b662ed41408441cac6be445cf9375174092a668439d8
REQ-000431,2026-06-01T02:07:00Z,cross_jurisdiction_sensitive,OFF-0172,59295c95c257a05519b6f91d,Senior Superintendent,6,POLICE,STATE_03_DIST_03_PS_02,STATE_03_DIST_03,STATE_03,CLASSIFIED,ACTIVE,NOT_ASSIGNED,REC-000229,9cf76f652fcb60053f1a781e,CASE-00254,WOMEN_CHILD_SAFETY,JUVENILE_RECORD,STATE_01_DIST_02_PS_03,STATE_01_DIST_02,STATE_01,POLICE,CLASSIFIED,true,false,true,false,OPEN,ACTIVE,false,false,false,true,SUPERVISION,VIEW,false,false,MISSING,AFTER_HOURS,ONLINE,MANUAL_ESCALATION,P-2026-05-STEP1,false,true,04e3a0e50e697328c35a2b5ac84cf0d503bddeccc4c3526c10ab7f1339edb017
REQ-000432,2026-05-28T12:00:00Z,juvenile_sensitive,OFF-0224,b20f60775fe6a25591c31932,Inspector,4,POLICE,STATE_02_DIST_01_PS_03,STATE_02_DIST_01,STATE_02,MEDIUM,ACTIVE,NOT_ASSIGNED,REC-000009,63c910ce62e656e7950b3fc5,CASE-00002,GENERAL_THEFT,JUVENILE_RECORD,STATE_01_DIST_03_PS_02,STATE_01_DIST_03,STATE_01,POLICE,CLASSIFIED,false,false,true,false,OPEN,ACTIVE,false,false,false,true,SUPERVISION,VIEW,false,false,MISSING,BUSINESS_HOURS,ONLINE,CCTNS_STYLE_API,P-2026-05-STEP1,false,true,ea748a18d58ab8342f265af8a2fbfbc7bd5e89fc443e300e211c8549bbc5eb6e
REQ-000433,2026-05-27T21:39:00Z,normal_in_jurisdiction,OFF-0231,b91bac32e23ee5afdb826394,Cybercrime Officer,4,CYBERCRIME,STATE_01_DIST_04_PS_03,STATE_01_DIST_04,STATE_01,HIGH,ACTIVE,ASSIGNED,REC-000001,90c44e5b5f4485801e5b8a18,CASE-00054,FINANCIAL_CRIME,FIR_SUMMARY,STATE_01_DIST_04_PS_03,STATE_01_DIST_04,STATE_01,POLICE,LOW,false,false,false,false,OPEN,ACTIVE,true,true,true,false,INVESTIGATION,VIEW,false,false,NOT_REQUIRED,AFTER_HOURS,DEGRADED,MANUAL_ESCALATION,P-2026-05-STEP1,false,true,af0701fe5f622cc0b5df2f3080ca0ed4e0afcaefe2820607c23bcb39ff924975
REQ-000434,2026-05-27T21:42:00Z,cross_jurisdiction_sensitive,OFF-0165,b2c7b3b76aeb981b1bd8756b,Inspector,4,POLICE,STATE_02_DIST_04_PS_02,STATE_02_DIST_04,STATE_02,MEDIUM,ACTIVE,NOT_ASSIGNED,REC-000729,9d51801e576eca4c5772ef00,CASE-00309,NARCOTICS,CASE_DIARY,STATE_02_DIST_01_PS_01,STATE_02_DIST_01,STATE_02,POLICE,HIGH,false,false,false,false,OPEN,ACTIVE,false,false,true,true,INVESTIGATION,VIEW,false,false,PRESENT_VALID,BUSINESS_HOURS,ONLINE,MANUAL_ESCALATION,P-2026-05-STEP1,false,true,867ea33153fb06f1c8b0992a1961491dd4b8872deb9a92acc7ccc422d36bc99b
REQ-000435,2026-05-31T05:30:00Z,random_context,OFF-0081,e432fb8e9e7dd060765bcd20,Head Constable,2,POLICE,STATE_01_DIST_02_PS_02,STATE_01_DIST_02,STATE_01,LOW,ACTIVE,NOT_ASSIGNED,REC-000125,5d055af90a40e6e2604a6787,CASE-00319,VIOLENT_CRIME,VICTIM_RECORD,STATE_02_DIST_03_PS_01,STATE_02_DIST_03,STATE_02,POLICE,HIGH,true,false,false,false,OPEN,ACTIVE,false,false,false,true,AUDIT,DOWNLOAD,false,false,NOT_REQUIRED,BUSINESS_HOURS,ONLINE,CCTNS_STYLE_API,P-2026-05-STEP1,false,true,d9d2dbbb2a792b0e4da43d828616319274435a416218acc2f1d0c53078e9d143
REQ-000436,2026-05-28T19:36:00Z,emergency_override,OFF-0151,4857d6398585bfa5b41baddd,Constable,1,POLICE,STATE_01_DIST_04_PS_02,STATE_01_DIST_04,STATE_01,LOW,ACTIVE,NOT_ASSIGNED,REC-000618,10b28371b7de24a49bde6fd2,CASE-00244,MISSING_PERSON,WITNESS_STATEMENT,STATE_01_DIST_03_PS_01,STATE_01_DIST_03,STATE_01,POLICE,HIGH,false,true,false,false,OPEN,ACTIVE,false,false,true,true,EMERGENCY_RESPONSE,UPDATE,true,false,PRESENT_VALID,BUSINESS_HOURS,ONLINE,MANUAL_ESCALATION,P-2026-05-STEP1,false,true,de0b3a20d846e6df5d88dafe9e133fe129eff472b0fc77899ca1c7e34f4144cf
REQ-000437,2026-05-27T21:51:00Z,court_request,OFF-0001,858f20314a8c64995d905a33,Sub-Inspector,3,POLICE,STATE_03_DIST_01_PS_02,STATE_03_DIST_01,STATE_03,MEDIUM,ACTIVE,NOT_ASSIGNED,REC-000512,957a61b122db170092250b9c,CASE-00195,NARCOTICS,COURT_SUBMISSION,STATE_01_DIST_04_PS_03,STATE_01_DIST_04,STATE_01,POLICE,MEDIUM,false,false,false,false,OPEN,ACTIVE,false,false,false,true,PROSECUTION_REVIEW,VIEW,false,true,PRESENT_VALID,BUSINESS_HOURS,ONLINE,ICJS_STYLE_EXCHANGE,P-2026-05-STEP1,false,true,90d2c0294849e54b136d8e7e3339187ef2b5b8fd6d8e9caee72d1ccc452029c7
REQ-000438,2026-05-27T14:36:00Z,emergency_override,OFF-0090,721eda836388e57ee154e383,Sub-Inspector,3,POLICE,STATE_02_DIST_04_PS_01,STATE_02_DIST_04,STATE_02,MEDIUM,ACTIVE,NOT_ASSIGNED,REC-000282,507553af0e7c5d05b119e50a,CASE-00218,CYBER_FRAUD,CASE_DIARY,STATE_03_DIST_02_PS_03,STATE_03_DIST_02,STATE_03,POLICE,HIGH,false,false,false,false,OPEN,ACTIVE,false,false,false,true,EMERGENCY_RESPONSE,VIEW,true,false,MISSING,BUSINESS_HOURS,ONLINE,CCTNS_STYLE_API,P-2026-05-STEP1,false,true,f5c5dfa9a1143c9dad1323e00ee2585bd8ecd124fbc4e21c1b364c0aa3a01c10
REQ-000439,2026-05-29T10:32:00Z,cross_jurisdiction_sensitive,OFF-0041,6adbebf965a8665f8e3dd8db,Station House Officer,5,POLICE,STATE_01_DIST_02_PS_03,STATE_01_DIST_02,STATE_01,HIGH,ACTIVE,NOT_ASSIGNED,REC-000070,f905e90f3faf128a9c8c9d40,CASE-00194,JUVENILE_PROTECTION,JUVENILE_RECORD,STATE_03_DIST_04_PS_02,STATE_03_DIST_04,STATE_03,POLICE,CLASSIFIED,false,false,true,false,OPEN,ARCHIVED,false,false,false,true,SUPERVISION,VIEW,false,false,PRESENT_VALID,BUSINESS_HOURS,ONLINE,MANUAL_ESCALATION,P-2026-05-STEP1,false,true,f3960557465324f5626b3b9217470d0fab835b7c7b0693da806b5a12810bf786
REQ-000440,2026-05-31T14:00:00Z,revoked_credential,OFF-0212,22d2f79089811df3a4aeb9a5,Head Constable,2,POLICE,STATE_01_DIST_01_PS_01,STATE_01_DIST_01,STATE_01,LOW,REVOKED,NOT_ASSIGNED,REC-000887,3f9f59a761f0bb3750c122f1,CASE-00290,CYBER_FRAUD,WITNESS_STATEMENT,STATE_03_DIST_01_PS_01,STATE_03_DIST_01,STATE_03,POLICE,CLASSIFIED,false,true,false,false,OPEN,ACTIVE,false,false,false,true,INVESTIGATION,VIEW,false,false,MISSING,BUSINESS_HOURS,ONLINE,MANUAL_ESCALATION,P-2026-05-STEP1,false,true,010d586651553dd81434f57fe222a2fb39ef595f7d3591dccc9a981c71abc826
REQ-000441,2026-05-27T14:42:00Z,expired_approval_token,OFF-0061,86505bfb457a23f7a0108287,Constable,1,POLICE,STATE_03_DIST_04_PS_03,STATE_03_DIST_04,STATE_03,LOW,ACTIVE,NOT_ASSIGNED,REC-000409,27937d1ca81b65088a41774e,CASE-00049,WOMEN_CHILD_SAFETY,JUVENILE_RECORD,STATE_01_DIST_03_PS_01,STATE_01_DIST_03,STATE_01,POLICE,CLASSIFIED,true,false,true,false,OPEN,ACTIVE,false,false,false,true,FORENSIC_REVIEW,VIEW,false,false,EXPIRED,BUSINESS_HOURS,ONLINE,CCTNS_STYLE_API,P-2026-05-STEP1,false,true,7b90cacceda4c4c5e080f1798baefaca494e97222468223a410a3c4e6c4514bb
REQ-000442,2026-05-28T12:50:00Z,normal_in_jurisdiction,OFF-0135,93ea324e5b0159f974ae2ac9,Sub-Inspector,3,POLICE,STATE_01_DIST_01_PS_01,STATE_01_DIST_01,STATE_01,MEDIUM,ACTIVE,ASSIGNED,REC-000826,893a5e5117f43af57c7ba373,CASE-00224,NARCOTICS,WITNESS_STATEMENT,STATE_01_DIST_01_PS_01,STATE_01_DIST_01,STATE_01,POLICE,MEDIUM,false,true,false,false,OPEN,ACTIVE,true,true,true,false,INVESTIGATION,VIEW,false,false,NOT_REQUIRED,NIGHT,ONLINE,CCTNS_STYLE_API,P-2026-05-STEP1,false,true,407cbac6614a42fb3261528070aef977994e50c91ec45ad1414f492d325c7ef8
REQ-000443,2026-05-30T01:50:00Z,juvenile_sensitive,OFF-0105,acd11cf62713639d9ec501cd,Senior Superintendent,6,POLICE,STATE_03_DIST_04_PS_02,STATE_03_DIST_04,STATE_03,CLASSIFIED,ACTIVE,NOT_ASSIGNED,REC-000446,dcd08b3ca22c6a94ae8a5f03,CASE-00128,FINANCIAL_CRIME,JUVENILE_RECORD,STATE_01_DIST_01_PS_01,STATE_01_DIST_01,STATE_01,POLICE,HIGH,false,false,true,false,OPEN,ACTIVE,false,false,false,true,INVESTIGATION,VIEW,false,false,PRESENT_VALID,BUSINESS_HOURS,DEGRADED,CCTNS_STYLE_API,P-2026-05-STEP1,false,true,23867284d067b05fd0f7824879afff5126b062ef9ac715cfeeb765939a6b972c
REQ-000444,2026-05-29T18:36:00Z,revoked_credential,OFF-0054,100ec956e3b5dce60e3db6a6,Constable,1,POLICE,STATE_02_DIST_01_PS_01,STATE_02_DIST_01,STATE_02,LOW,REVOKED,NOT_ASSIGNED,REC-000511,bccd2e37a2abdbd141306a62,CASE-00196,CYBER_FRAUD,JUVENILE_RECORD,STATE_02_DIST_04_PS_03,STATE_02_DIST_04,STATE_02,POLICE,CLASSIFIED,false,false,true,false,OPEN,ACTIVE,false,false,true,true,INVESTIGATION,DOWNLOAD,false,false,MISSING,BUSINESS_HOURS,DEGRADED,CCTNS_STYLE_API,P-2026-05-STEP1,false,true,d785f4e6ed54f1d0efa5b66fba981e1a0c3cc71e68b998a066b1fc4dde7563f5
REQ-000445,2026-05-30T17:00:00Z,normal_in_jurisdiction,OFF-0056,614c14e8c660d73ace97d265,Constable,1,POLICE,STATE_03_DIST_02_PS_02,STATE_03_DIST_02,STATE_03,LOW,ACTIVE,ASSIGNED,REC-000128,438e40e436069a3ccfd0260e,CASE-00349,GENERAL_THEFT,FORENSIC_REPORT,STATE_03_DIST_02_PS_02,STATE_03_DIST_02,STATE_03,POLICE,MEDIUM,false,false,false,false,OPEN,UNDER_REVIEW,true,true,true,false,INVESTIGATION,VIEW,false,false,NOT_REQUIRED,BUSINESS_HOURS,ONLINE,MANUAL_ESCALATION,P-2026-05-STEP1,false,true,68a1a8d354e82ff8172b2d0f7ac71c3aab54847f0256f9d6086e128d888dfbcf
REQ-000446,2026-05-30T02:20:00Z,revoked_credential,OFF-0034,9f1a046129b76f0cd0f13803,Cybercrime Officer,4,CYBERCRIME,STATE_01_DIST_04_PS_03,STATE_01_DIST_04,STATE_01,HIGH,REVOKED,NOT_ASSIGNED,REC-000104,a677cce772515d48d3a1528e,CASE-00048,GENERAL_THEFT,CASE_DIARY,STATE_03_DIST_01_PS_01,STATE_03_DIST_01,STATE_03,POLICE,MEDIUM,false,false,false,false,OPEN,ACTIVE,false,false,false,true,INVESTIGATION,SHARE,false,false,MISSING,AFTER_HOURS,ONLINE,ICJS_STYLE_EXCHANGE,P-2026-05-STEP1,false,true,b8212122a764e1b200b3fe969511b61840205014f8a6c49426137bbde728149e
REQ-000447,2026-05-27T14:54:00Z,juvenile_sensitive,OFF-0178,2be0332c4385b770ea00150b,Constable,1,POLICE,STATE_03_DIST_03_PS_02,STATE_03_DIST_03,STATE_03,LOW,ACTIVE,NOT_ASSIGNED,REC-000726,2b5ed92b73d41d7d7ad6f4ce,CASE-00115,NARCOTICS,JUVENILE_RECORD,STATE_01_DIST_01_PS_02,STATE_01_DIST_01,STATE_01,POLICE,CLASSIFIED,false,false,true,false,SEALED,ACTIVE,false,false,false,true,INVESTIGATION,UPDATE,false,false,MISSING,AFTER_HOURS,ONLINE,ICJS_STYLE_EXCHANGE,P-2026-05-STEP1,false,true,f5d7b389057dd68136ebcbc9ec28a40172a30c8ff77167b8b407cf6ffb99b350
REQ-000448,2026-06-01T06:56:00Z,emergency_override,OFF-0102,cac9c828654d5e683b80f1e7,Head Constable,2,POLICE,STATE_02_DIST_02_PS_02,STATE_02_DIST_02,STATE_02,LOW,ACTIVE,NOT_ASSIGNED,REC-000356,7153ab50007993dfad81d7c5,CASE-00113,WOMEN_CHILD_SAFETY,WITNESS_STATEMENT,STATE_03_DIST_02_PS_03,STATE_03_DIST_02,STATE_03,POLICE,CLASSIFIED,true,true,false,false,OPEN,ACTIVE,false,false,false,true,EMERGENCY_RESPONSE,VIEW,true,false,MISSING,BUSINESS_HOURS,ONLINE,ICJS_STYLE_EXCHANGE,P-2026-05-STEP1,false,true,b575e5ecde42c70d673c6ddee7a1ddc1f0771da72e9dba35ee1a8ef80fa3792b
REQ-000449,2026-05-29T04:23:00Z,juvenile_sensitive,OFF-0077,956b1c8673c706b9098bdcd1,Forensic Officer,4,FORENSIC,STATE_01_DIST_03_PS_03,STATE_01_DIST_03,STATE_01,HIGH,ACTIVE,NOT_ASSIGNED,REC-000538,d95f9c5d640c8816f3f8bfe6,CASE-00337,JUVENILE_PROTECTION,FIR_SUMMARY,STATE_01_DIST_03_PS_02,STATE_01_DIST_03,STATE_01,POLICE,HIGH,false,false,true,false,OPEN,ACTIVE,false,true,true,false,INVESTIGATION,SHARE,false,false,MISSING,BUSINESS_HOURS,ONLINE,MANUAL_ESCALATION,P-2026-05-STEP1,false,true,f108b66a229536bc5af684ea8e3641fd7e494b58754303e932acd7e2ab8745a7
REQ-000450,2026-05-30T18:00:00Z,normal_in_jurisdiction,OFF-0103,b9a151dcbadde0404b02e5b7,Sub-Inspector,3,POLICE,STATE_02_DIST_01_PS_03,STATE_02_DIST_01,STATE_02,MEDIUM,ACTIVE,ASSIGNED,REC-000366,aecc4eeab743055519b9afaa,CASE-00136,NARCOTICS,CASE_DIARY,STATE_02_DIST_01_PS_03,STATE_02_DIST_01,STATE_02,POLICE,MEDIUM,false,false,false,false,OPEN,UNDER_REVIEW,true,true,true,false,INVESTIGATION,VIEW,false,false,NOT_REQUIRED,BUSINESS_HOURS,ONLINE,ICJS_STYLE_EXCHANGE,P-2026-05-STEP1,false,true,e6cc46265216b866eb30f7b0813d8a3d1d203e96f7beda185d2b6903cceb3072
REQ-000451,2026-05-29T19:39:00Z,stale_case_assignment,OFF-0155,750741a21ba1ad37a768df1b,Inspector,4,POLICE,STATE_02_DIST_02_PS_01,STATE_02_DIST_02,STATE_02,MEDIUM,ACTIVE,STALE,REC-000727,6286f9bfeeaa6f51551b41ff,CASE-00225,CYBER_FRAUD,COURT_SUBMISSION,STATE_01_DIST_02_PS_01,STATE_01_DIST_02,STATE_01,POLICE,HIGH,false,false,false,false,OPEN,ACTIVE,false,false,false,true,INVESTIGATION,DOWNLOAD,false,false,MISSING,BUSINESS_HOURS,ONLINE,MANUAL_ESCALATION,P-2026-05-STEP1,false,true,c520242257237f1397d44bdf9eefe2d9a7e0aa8e7a2244305fb7c4a0bf612eff
REQ-000452,2026-05-30T03:20:00Z,juvenile_sensitive,OFF-0162,ec1ea596f81353f2d9f85816,Forensic Officer,4,FORENSIC,STATE_02_DIST_02_PS_01,STATE_02_DIST_02,STATE_02,HIGH,ACTIVE,NOT_ASSIGNED,REC-000726,2b5ed92b73d41d7d7ad6f4ce,CASE-00115,NARCOTICS,JUVENILE_RECORD,STATE_01_DIST_01_PS_02,STATE_01_DIST_01,STATE_01,POLICE,CLASSIFIED,false,false,true,false,SEALED,ACTIVE,false,false,false,true,SUPERVISION,UPDATE,false,false,PRESENT_VALID,BUSINESS_HOURS,ONLINE,ICJS_STYLE_EXCHANGE,P-2026-05-STEP1,false,true,40e819e94f21e2c8ef38924df7b769eebb30ed3dbb4af1ef08625c417399c0d4
REQ-000453,2026-05-29T12:24:00Z,stale_case_assignment,OFF-0113,46ac5b5381ef953a345ce319,Constable,1,POLICE,STATE_03_DIST_03_PS_01,STATE_03_DIST_03,STATE_03,LOW,ACTIVE,STALE,REC-000571,4cfcb99871492acc92ea42ae,CASE-00020,JUVENILE_PROTECTION,CYBERCRIME_COMPLAINT,STATE_02_DIST_02_PS_01,STATE_02_DIST_02,STATE_02,POLICE,HIGH,false,false,true,false,OPEN,ARCHIVED,false,false,false,true,INVESTIGATION,DOWNLOAD,false,false,MISSING,NIGHT,ONLINE,MANUAL_ESCALATION,P-2026-05-STEP1,false,true,13dafd1e1c225e4449ccb65e161cc7f47d988233fdbd19f2b69b62f3094bfe17
REQ-000454,2026-05-31T09:56:00Z,sealed_record,OFF-0057,cf4f97b5eda3195f8d5d3726,Sub-Inspector,3,POLICE,STATE_02_DIST_04_PS_03,STATE_02_DIST_04,STATE_02,MEDIUM,ACTIVE,NOT_ASSIGNED,REC-000216,f8d01d9519981fbe6119c784,CASE-00307,JUVENILE_PROTECTION,EVIDENCE_MEDIA,STATE_03_DIST_04_PS_03,STATE_03_DIST_04,STATE_03,POLICE,CLASSIFIED,false,false,true,true,SEALED,ACTIVE,false,false,false,true,PROSECUTION_REVIEW,VIEW,false,true,MISSING,NIGHT,ONLINE,CCTNS_STYLE_API,P-2026-05-STEP1,false,true,c7061f295e0520a27beaf755347ac2481250755897bd7aa4580d41f027e9d747
REQ-000455,2026-06-01T01:20:00Z,emergency_override,OFF-0003,5e4ff04af077f5ff22cd6cd0,Cybercrime Officer,4,CYBERCRIME,STATE_02_DIST_01_PS_02,STATE_02_DIST_01,STATE_02,HIGH,ACTIVE,NOT_ASSIGNED,REC-000242,7ab966a49d5dae7d5e0635ee,CASE-00026,CYBER_FRAUD,EVIDENCE_MEDIA,STATE_01_DIST_02_PS_02,STATE_01_DIST_02,STATE_01,POLICE,CLASSIFIED,false,false,false,true,OPEN,ACTIVE,false,false,false,true,EMERGENCY_RESPONSE,VIEW,true,false,MISSING,AFTER_HOURS,ONLINE,ICJS_STYLE_EXCHANGE,P-2026-05-STEP1,false,true,ea891e5efa2de3f0e46cd3841d05c9101782648c99df2b7abb6ce94560366272
REQ-000456,2026-05-28T14:00:00Z,revoked_credential,OFF-0098,a2651cd5c21b20cc4d4edc22,Head Constable,2,POLICE,STATE_03_DIST_01_PS_01,STATE_03_DIST_01,STATE_03,LOW,REVOKED,NOT_ASSIGNED,REC-000167,c1be72ae2e586a7fecd00956,CASE-00119,JUVENILE_PROTECTION,WITNESS_STATEMENT,STATE_03_DIST_02_PS_02,STATE_03_DIST_02,STATE_03,POLICE,HIGH,false,true,true,false,OPEN,ACTIVE,false,false,true,true,AUDIT,VIEW,false,false,MISSING,AFTER_HOURS,ONLINE,MANUAL_ESCALATION,P-2026-05-STEP1,false,true,2be032672ef1724e5f0f42f558e319cea2314655ae98b65ee71fa344a910182e
REQ-000457,2026-06-01T01:52:00Z,juvenile_sensitive,OFF-0070,73b99e563b8590d8f1f3488f,Cybercrime Officer,4,CYBERCRIME,STATE_02_DIST_04_PS_02,STATE_02_DIST_04,STATE_02,HIGH,ACTIVE,NOT_ASSIGNED,REC-000775,90c846f567dedc974dc3578c,CASE-00334,JUVENILE_PROTECTION,FORENSIC_REPORT,STATE_01_DIST_04_PS_01,STATE_01_DIST_04,STATE_01,POLICE,HIGH,false,false,true,false,OPEN,ACTIVE,false,false,false,true,INVESTIGATION,VIEW,false,false,MISSING,BUSINESS_HOURS,ONLINE,MANUAL_ESCALATION,P-2026-05-STEP1,false,true,b6fd91e18e9bd98805a54f5860dea3a9d1184d8f87fd9e7aa00c33049b375b1f
REQ-000458,2026-05-30T19:36:00Z,normal_in_jurisdiction,OFF-0044,e35d3d5ab37a57023a757cf4,Station House Officer,5,POLICE,STATE_01_DIST_04_PS_03,STATE_01_DIST_04,STATE_01,HIGH,ACTIVE,NOT_ASSIGNED,REC-000512,957a61b122db170092250b9c,CASE-00195,NARCOTICS,COURT_SUBMISSION,STATE_01_DIST_04_PS_03,STATE_01_DIST_04,STATE_01,POLICE,MEDIUM,false,false,false,false,OPEN,ACTIVE,true,true,true,false,INVESTIGATION,VIEW,false,false,NOT_REQUIRED,BUSINESS_HOURS,ONLINE,ICJS_STYLE_EXCHANGE,P-2026-05-STEP1,false,true,71d3ae8d7de37c27ac98ffb9f9fbef12ae3ffcb3e5d61a40a70131f73844f74e
REQ-000459,2026-05-28T06:36:00Z,sealed_record,OFF-0006,05c87980613cb5db42b892f9,Constable,1,POLICE,STATE_03_DIST_04_PS_02,STATE_03_DIST_04,STATE_03,LOW,ACTIVE,NOT_ASSIGNED,REC-000786,6806ba66b352cd0ace2dc62d,CASE-00226,VIOLENT_CRIME,JUVENILE_RECORD,STATE_02_DIST_01_PS_02,STATE_02_DIST_01,STATE_02,POLICE,HIGH,false,false,true,false,SEALED,ACTIVE,false,false,false,true,COURT_PRODUCTION,VIEW,false,true,MISSING,AFTER_HOURS,ONLINE,MANUAL_ESCALATION,P-2026-05-STEP1,false,true,8a8f7d84fb441aa847532a7761747f5698ad2a8cd540344254675dd023552449
REQ-000460,2026-05-29T13:20:00Z,normal_in_jurisdiction,OFF-0028,8ec325482a0f9259719128c5,Prosecutor Liaison,4,PROSECUTION,STATE_03_DIST_02_PS_02,STATE_03_DIST_02,STATE_03,MEDIUM,ACTIVE,ASSIGNED,REC-000037,3becdfa7ff5a42c711468de9,CASE-00175,WOMEN_CHILD_SAFETY,COURT_SUBMISSION,STATE_03_DIST_02_PS_02,STATE_03_DIST_02,STATE_03,POLICE,MEDIUM,true,false,false,false,OPEN,ACTIVE,true,true,true,false,INVESTIGATION,VIEW,false,false,NOT_REQUIRED,BUSINESS_HOURS,ONLINE,CCTNS_STYLE_API,P-2026-05-STEP1,false,true,320e8c0dc9e37580f3b4ad7c9704a934473b39c4ceca5f36fc577db7a3a1a216
REQ-000461,2026-05-31T11:34:00Z,revoked_credential,OFF-0196,d60f48d22e03c3316a18fa6d,Inspector,4,POLICE,STATE_01_DIST_03_PS_01,STATE_01_DIST_03,STATE_01,MEDIUM,REVOKED,NOT_ASSIGNED,REC-000719,9fc60a52b273031e10f20afd,CASE-00259,VIOLENT_CRIME,CASE_DIARY,STATE_01_DIST_03_PS_02,STATE_01_DIST_03,STATE_01,POLICE,MEDIUM,false,false,false,false,OPEN,ACTIVE,false,true,true,false,AUDIT,VIEW,false,false,MISSING,BUSINESS_HOURS,ONLINE,MANUAL_ESCALATION,P-2026-05-STEP1,false,true,83673fcbe6b5e3d02b001cb70127c79055e4fe5ed7b61c3eecd0713b3a79fe2d
REQ-000462,2026-05-30T05:00:00Z,expired_approval_token,OFF-0240,2e90133c615ae26c343ba035,Head Constable,2,POLICE,STATE_03_DIST_04_PS_01,STATE_03_DIST_04,STATE_03,LOW,ACTIVE,NOT_ASSIGNED,REC-000766,2867d85e6650cddfa2049599,CASE-00157,CYBER_FRAUD,FORENSIC_REPORT,STATE_01_DIST_04_PS_03,STATE_01_DIST_04,STATE_01,POLICE,HIGH,false,false,false,false,OPEN,ACTIVE,false,false,false,true,FORENSIC_REVIEW,VIEW,false,false,EXPIRED,BUSINESS_HOURS,ONLINE,CCTNS_STYLE_API,P-2026-05-STEP1,false,true,31a616799b2fa2bf58265fb6b10acc4e75effadf6af5a27e0aa495c262ea405f
REQ-000463,2026-06-01T11:11:00Z,juvenile_sensitive,OFF-0073,7e2b88d260bb5ef29585a94e,Station House Officer,5,POLICE,STATE_01_DIST_03_PS_02,STATE_01_DIST_03,STATE_01,HIGH,ACTIVE,NOT_ASSIGNED,REC-000707,d54e59d1e5b8752743ec8dd1,CASE-00301,JUVENILE_PROTECTION,WITNESS_STATEMENT,STATE_01_DIST_02_PS_02,STATE_01_DIST_02,STATE_01,POLICE,HIGH,false,true,true,false,OPEN,ACTIVE,false,false,true,true,SUPERVISION,VIEW,false,false,MISSING,AFTER_HOURS,ONLINE,CCTNS_STYLE_API,P-2026-05-STEP1,false,true,0150516cd089a9f299f4725c8487f532bae426141a6dceb7f441ba6b48470b46
REQ-000464,2026-05-27T23:12:00Z,normal_in_jurisdiction,OFF-0092,29e63067f87e22c26e60f375,Cybercrime Officer,4,CYBERCRIME,STATE_02_DIST_01_PS_02,STATE_02_DIST_01,STATE_02,HIGH,ACTIVE,NOT_ASSIGNED,REC-000721,eec522c5b9b600387b5fa262,CASE-00150,FINANCIAL_CRIME,FORENSIC_REPORT,STATE_01_DIST_03_PS_01,STATE_01_DIST_03,STATE_01,POLICE,CLASSIFIED,false,false,false,false,OPEN,UNDER_REVIEW,false,false,false,true,INVESTIGATION,VIEW,false,false,NOT_REQUIRED,BUSINESS_HOURS,ONLINE,CCTNS_STYLE_API,P-2026-05-STEP1,false,true,202a5345121011cb3450787f5bf86fd15a52b989dae62b4acf3607f39239f9fa
REQ-000465,2026-05-31T20:15:00Z,normal_in_jurisdiction,OFF-0201,362db027dc02e204d8d16948,Constable,1,POLICE,STATE_02_DIST_02_PS_02,STATE_02_DIST_02,STATE_02,LOW,ACTIVE,ASSIGNED,REC-000152,855965ff849e31dc11494c47,CASE-00208,MISSING_PERSON,FIR_SUMMARY,STATE_02_DIST_02_PS_02,STATE_02_DIST_02,STATE_02,POLICE,MEDIUM,false,false,false,false,OPEN,ARCHIVED,true,true,true,false,INVESTIGATION,VIEW,false,false,NOT_REQUIRED,BUSINESS_HOURS,ONLINE,MANUAL_ESCALATION,P-2026-05-STEP1,false,true,fa1c08a30fa3a2ce8698238dfe8f7e6effe32947bb07db9226dbc303f53ee34b
REQ-000466,2026-06-01T04:16:00Z,stale_case_assignment,OFF-0040,c5c5b540de8f1dde6964dc89,Inspector,4,POLICE,STATE_01_DIST_02_PS_02,STATE_01_DIST_02,STATE_01,MEDIUM,ACTIVE,STALE,REC-000603,7d6809442b1af0c7365e116d,CASE-00317,GENERAL_THEFT,CYBERCRIME_COMPLAINT,STATE_03_DIST_03_PS_02,STATE_03_DIST_03,STATE_03,POLICE,MEDIUM,false,false,false,false,OPEN,ACTIVE,false,false,false,true,INVESTIGATION,SHARE,false,false,MISSING,NIGHT,ONLINE,CCTNS_STYLE_API,P-2026-05-STEP1,false,true,7c824830e5d59f607fa1d0febd4ecc41b46e076bd228ecb23aa3b330a5860743
REQ-000467,2026-05-30T05:50:00Z,random_context,OFF-0227,2747b4371f8a7719020e45ce,Constable,1,POLICE,STATE_02_DIST_03_PS_01,STATE_02_DIST_03,STATE_02,LOW,ACTIVE,NOT_ASSIGNED,REC-000745,db6a2cf39ae4810f63b6b02e,CASE-00052,VIOLENT_CRIME,JUVENILE_RECORD,STATE_03_DIST_04_PS_03,STATE_03_DIST_04,STATE_03,POLICE,CLASSIFIED,false,false,true,false,OPEN,UNDER_REVIEW,false,false,false,true,SUPERVISION,DOWNLOAD,false,false,MISSING,BUSINESS_HOURS,ONLINE,MANUAL_ESCALATION,P-2026-05-STEP1,false,true,11ee601f8ec7e59a3c561813a42adcb993278c32c0ad33369123dfcdb130d687
REQ-000468,2026-06-01T04:48:00Z,revoked_credential,OFF-0136,3388bd23d03d7e43b3bd8d53,Station House Officer,5,POLICE,STATE_03_DIST_02_PS_01,STATE_03_DIST_02,STATE_03,HIGH,REVOKED,NOT_ASSIGNED,REC-000464,e5b9726d9f3e2587e6ca9d62,CASE-00043,CYBER_FRAUD,EVIDENCE_MEDIA,STATE_01_DIST_02_PS_01,STATE_01_DIST_02,STATE_01,POLICE,CLASSIFIED,false,false,false,true,OPEN,UNDER_REVIEW,false,false,false,true,INVESTIGATION,VIEW,false,false,MISSING,NIGHT,ONLINE,MANUAL_ESCALATION,P-2026-05-STEP1,false,true,e429cbddc61cb57629edeb8232de66711d5b1d324053bd2074a23a6c8e95ae63
REQ-000469,2026-05-30T06:10:00Z,revoked_credential,OFF-0160,5ce4d64c20eb4b8a7537a1f7,Inspector,4,POLICE,STATE_03_DIST_02_PS_03,STATE_03_DIST_02,STATE_03,MEDIUM,REVOKED,NOT_ASSIGNED,REC-000473,0ed03201c38222181d07677f,CASE-00175,WOMEN_CHILD_SAFETY,JUVENILE_RECORD,STATE_03_DIST_02_PS_02,STATE_03_DIST_02,STATE_03,POLICE,CLASSIFIED,true,false,true,false,OPEN,ARCHIVED,false,true,true,false,AUDIT,VIEW,false,false,MISSING,BUSINESS_HOURS,ONLINE,CCTNS_STYLE_API,P-2026-05-STEP1,false,true,b703607519f8d3c562e7d65aea9703cddfbbc853b189befc48b505e59111d912
REQ-000470,2026-05-28T07:20:00Z,stale_case_assignment,OFF-0236,3a6a5386535f809a826fc8a7,Inspector,4,POLICE,STATE_02_DIST_03_PS_03,STATE_02_DIST_03,STATE_02,MEDIUM,ACTIVE,STALE,REC-000224,5b3c9fb228bd8b29719c1a5a,CASE-00205,VIOLENT_CRIME,COURT_SUBMISSION,STATE_01_DIST_01_PS_02,STATE_01_DIST_01,STATE_01,POLICE,HIGH,false,false,false,false,OPEN,ACTIVE,false,false,false,true,INVESTIGATION,VIEW,false,false,MISSING,BUSINESS_HOURS,ONLINE,ICJS_STYLE_EXCHANGE,P-2026-05-STEP1,false,true,d51ef96e12fa107490d8b000863f2aa5b644988dbc36a3e4e578e4c0ed431509
REQ-000471,2026-05-31T21:45:00Z,court_request,OFF-0136,3388bd23d03d7e43b3bd8d53,Station House Officer,5,POLICE,STATE_03_DIST_02_PS_01,STATE_03_DIST_02,STATE_03,HIGH,REVOKED,NOT_ASSIGNED,REC-000704,cdbff94eb4945538043436c1,CASE-00065,VIOLENT_CRIME,CYBERCRIME_COMPLAINT,STATE_02_DIST_04_PS_02,STATE_02_DIST_04,STATE_02,POLICE,HIGH,false,false,false,false,SEALED,ACTIVE,false,false,false,true,COURT_PRODUCTION,VIEW,false,true,PRESENT_VALID,BUSINESS_HOURS,ONLINE,CCTNS_STYLE_API,P-2026-05-STEP1,false,true,8fbbea0082cf3cf8af8be989b1d6845890477e749cf50a71ed8f5f3d6f8a7bc7
REQ-000472,2026-05-28T23:12:00Z,emergency_override,OFF-0145,733b1499389b250473119b5c,Cybercrime Officer,4,CYBERCRIME,STATE_01_DIST_03_PS_02,STATE_01_DIST_03,STATE_01,HIGH,ACTIVE,NOT_ASSIGNED,REC-000030,ce330aa2f17b5fc410eb92a3,CASE-00268,MISSING_PERSON,CASE_DIARY,STATE_03_DIST_04_PS_03,STATE_03_DIST_04,STATE_03,POLICE,HIGH,false,false,false,false,OPEN,ACTIVE,false,false,false,true,EMERGENCY_RESPONSE,VIEW,true,false,MISSING,BUSINESS_HOURS,DEGRADED,ICJS_STYLE_EXCHANGE,P-2026-05-STEP1,false,true,604512a46dac32a39e0004fa4745da31578958345a120099741a3802236bf5f7
REQ-000473,2026-05-27T23:39:00Z,sealed_record,OFF-0016,5d49251d25024e2ef906fcfa,Sub-Inspector,3,POLICE,STATE_03_DIST_01_PS_01,STATE_03_DIST_01,STATE_03,MEDIUM,ACTIVE,NOT_ASSIGNED,REC-000101,89cb204fbfc33d55534482e2,CASE-00047,JUVENILE_PROTECTION,COURT_SUBMISSION,STATE_01_DIST_02_PS_03,STATE_01_DIST_02,STATE_01,POLICE,HIGH,false,false,true,false,SEALED,ACTIVE,false,false,false,true,PROSECUTION_REVIEW,VIEW,false,true,PRESENT_VALID,NIGHT,ONLINE,ICJS_STYLE_EXCHANGE,P-2026-05-STEP1,false,true,4b7e48c577639d6ef29d31c1cf429bdd1c235291c2e7e8807d94eda3d1427188
REQ-000474,2026-05-31T06:42:00Z,stale_case_assignment,OFF-0178,2be0332c4385b770ea00150b,Constable,1,POLICE,STATE_03_DIST_03_PS_02,STATE_03_DIST_03,STATE_03,LOW,ACTIVE,STALE,REC-000238,19ed51c598418f3a839728dc,CASE-00303,CYBER_FRAUD,CYBERCRIME_COMPLAINT,STATE_02_DIST_02_PS_01,STATE_02_DIST_02,STATE_02,POLICE,MEDIUM,false,false,false,false,OPEN,ACTIVE,false,false,false,true,INVESTIGATION,VIEW,false,false,MISSING,BUSINESS_HOURS,ONLINE,CCTNS_STYLE_API,P-2026-05-STEP1,false,true,7d51a10ea36b71a4009a4130e8a1876779ee64685638b00214624bdd9f157b5e
REQ-000475,2026-06-01T06:40:00Z,sealed_record,OFF-0180,8d48fc84d688aabaae7c6986,Sub-Inspector,3,POLICE,STATE_01_DIST_04_PS_02,STATE_01_DIST_04,STATE_01,MEDIUM,ACTIVE,NOT_ASSIGNED,REC-000519,c41b67b4eb7eaeb0d8a6bb62,CASE-00212,VIOLENT_CRIME,FIR_SUMMARY,STATE_03_DIST_02_PS_02,STATE_03_DIST_02,STATE_03,POLICE,MEDIUM,false,false,false,false,SEALED,UNDER_REVIEW,false,false,false,true,PROSECUTION_REVIEW,VIEW,false,true,MISSING,BUSINESS_HOURS,ONLINE,ICJS_STYLE_EXCHANGE,P-2026-05-STEP1,false,true,5017e73cb08403df962e0511b533400b0ce8859c0e3d57803fabff8a5e36557c
REQ-000476,2026-05-27T15:52:00Z,juvenile_sensitive,OFF-0152,f30bb583158115d6451ff1ba,Cybercrime Officer,4,CYBERCRIME,STATE_02_DIST_04_PS_03,STATE_02_DIST_04,STATE_02,HIGH,ACTIVE,NOT_ASSIGNED,REC-000781,118ea5c95a4302f5e6598a30,CASE-00354,JUVENILE_PROTECTION,CYBERCRIME_COMPLAINT,STATE_02_DIST_01_PS_02,STATE_02_DIST_01,STATE_02,POLICE,HIGH,false,false,true,false,OPEN,ACTIVE,false,false,true,true,SUPERVISION,SHARE,false,false,PRESENT_VALID,BUSINESS_HOURS,ONLINE,CCTNS_STYLE_API,P-2026-05-STEP1,false,true,09624589f6f7c89d48752d9dc5e169c5e50d324e92971a2661f2eb7a20c2c949
REQ-000477,2026-05-31T07:21:00Z,cross_jurisdiction_sensitive,OFF-0018,f8755a48fce2988e7e892881,Head Constable,2,POLICE,STATE_02_DIST_01_PS_03,STATE_02_DIST_01,STATE_02,LOW,ACTIVE,NOT_ASSIGNED,REC-000013,05fbaffbdcc8ed96f536c6a1,CASE-00297,VIOLENT_CRIME,COURT_SUBMISSION,STATE_02_DIST_04_PS_02,STATE_02_DIST_04,STATE_02,POLICE,HIGH,false,false,false,false,OPEN,ARCHIVED,false,false,true,true,FORENSIC_REVIEW,DOWNLOAD,false,false,PRESENT_VALID,BUSINESS_HOURS,ONLINE,CCTNS_STYLE_API,P-2026-05-STEP1,false,true,d1a29a26b725412372c9a5315faa2968f533207e02d87c222a94d4f734bee25e
REQ-000478,2026-05-28T23:48:00Z,sealed_record,OFF-0199,8c053db99a24095548996524,Cybercrime Officer,4,CYBERCRIME,STATE_02_DIST_01_PS_03,STATE_02_DIST_01,STATE_02,HIGH,ACTIVE,NOT_ASSIGNED,REC-000730,3e8026e6986a08be7ea67710,CASE-00342,NARCOTICS,FORENSIC_REPORT,STATE_02_DIST_02_PS_03,STATE_02_DIST_02,STATE_02,POLICE,HIGH,false,false,false,false,SEALED,ACTIVE,false,false,true,true,COURT_PRODUCTION,VIEW,false,true,MISSING,BUSINESS_HOURS,ONLINE,MANUAL_ESCALATION,P-2026-05-STEP1,false,true,7de2c9673714b8c977687e1b836509a0debad9c04bfbd80e629bcd82e4f6d49c
REQ-000479,2026-05-31T15:46:00Z,court_request,OFF-0191,f920410d24c1d513e4b5b45f,Inspector,4,POLICE,STATE_02_DIST_01_PS_01,STATE_02_DIST_01,STATE_02,MEDIUM,ACTIVE,NOT_ASSIGNED,REC-000296,08442f216d5a7556f4be1bca,CASE-00138,FINANCIAL_CRIME,CASE_DIARY,STATE_03_DIST_04_PS_01,STATE_03_DIST_04,STATE_03,POLICE,HIGH,false,false,false,false,OPEN,UNDER_REVIEW,false,false,false,true,COURT_PRODUCTION,VIEW,false,true,PRESENT_VALID,NIGHT,ONLINE,MANUAL_ESCALATION,P-2026-05-STEP1,false,true,242706b7482cb099ea44f3223768567f84d7fce0f8a33c37f7194b75fda6070c
REQ-000480,2026-05-27T16:00:00Z,cross_jurisdiction_sensitive,OFF-0016,5d49251d25024e2ef906fcfa,Sub-Inspector,3,POLICE,STATE_03_DIST_01_PS_01,STATE_03_DIST_01,STATE_03,MEDIUM,ACTIVE,NOT_ASSIGNED,REC-000240,3a5506aed3cb51b09e7c4ca2,CASE-00291,JUVENILE_PROTECTION,COURT_SUBMISSION,STATE_02_DIST_01_PS_01,STATE_02_DIST_01,STATE_02,POLICE,MEDIUM,false,false,true,false,OPEN,ACTIVE,false,false,false,true,SUPERVISION,VIEW,false,false,MISSING,BUSINESS_HOURS,ONLINE,CCTNS_STYLE_API,P-2026-05-STEP1,false,true,ed42d0ebb2e5f5e4882ed36171dff10a66c0a578bf799ab9b2741d2d9d7def1b
REQ-000481,2026-06-01T08:16:00Z,revoked_credential,OFF-0212,22d2f79089811df3a4aeb9a5,Head Constable,2,POLICE,STATE_01_DIST_01_PS_01,STATE_01_DIST_01,STATE_01,LOW,REVOKED,NOT_ASSIGNED,REC-000103,00fe5fb5f78e8a6e10ed89ea,CASE-00248,GENERAL_THEFT,WITNESS_STATEMENT,STATE_03_DIST_03_PS_01,STATE_03_DIST_03,STATE_03,POLICE,CLASSIFIED,false,true,false,false,SEALED,ACTIVE,false,false,false,true,AUDIT,VIEW,false,false,MISSING,NIGHT,ONLINE,CCTNS_STYLE_API,P-2026-05-STEP1,false,true,f966ab5b0cc73a28b513e80b01483bba9780b5cbdcf6a0337b3b2bf28cdec8de
REQ-000482,2026-05-29T16:16:00Z,stale_case_assignment,OFF-0095,3a0f3bfd087110a0cbe914c5,Prosecutor Liaison,4,PROSECUTION,STATE_02_DIST_03_PS_03,STATE_02_DIST_03,STATE_02,MEDIUM,ACTIVE,STALE,REC-000516,dc7ebd2a3c118cae47903bf9,CASE-00155,GENERAL_THEFT,WITNESS_STATEMENT,STATE_02_DIST_04_PS_03,STATE_02_DIST_04,STATE_02,POLICE,HIGH,false,true,false,false,OPEN,ACTIVE,false,false,true,true,INVESTIGATION,VIEW,false,false,MISSING,AFTER_HOURS,ONLINE,ICJS_STYLE_EXCHANGE,P-2026-05-STEP1,false,true,18ee7198b7016a18d712f7787c199f83721b38d5766221faa10c7b4fa9d20cfa
REQ-000483,2026-05-31T00:36:00Z,sealed_record,OFF-0045,1abb810c99dd60558b095f4d,Sub-Inspector,3,POLICE,STATE_02_DIST_01_PS_03,STATE_02_DIST_01,STATE_02,MEDIUM,ACTIVE,NOT_ASSIGNED,REC-000067,47b911abbdd432ecb134dc06,CASE-00043,CYBER_FRAUD,VICTIM_RECORD,STATE_01_DIST_02_PS_01,STATE_01_DIST_02,STATE_01,POLICE,CLASSIFIED,true,false,false,false,SEALED,ACTIVE,false,false,false,true,COURT_PRODUCTION,VIEW,false,true,MISSING,BUSINESS_HOURS,ONLINE,ICJS_STYLE_EXCHANGE,P-2026-05-STEP1,false,true,16337dc5bd3787eb7fdc98ed07f066626cf261b501fe2e84b7e4016cba278b28
REQ-000484,2026-05-31T00:48:00Z,sealed_record,OFF-0182,f733b89b991cd7dc6791cabb,Sub-Inspector,3,POLICE,STATE_01_DIST_01_PS_02,STATE_01_DIST_01,STATE_01,MEDIUM,ACTIVE,NOT_ASSIGNED,REC-000062,0679ca444beed76eeaaa44db,CASE-00214,FINANCIAL_CRIME,FIR_SUMMARY,STATE_03_DIST_02_PS_01,STATE_03_DIST_02,STATE_03,POLICE,LOW,false,false,false,false,SEALED,ACTIVE,false,false,false,true,COURT_PRODUCTION,VIEW,false,true,PRESENT_VALID,AFTER_HOURS,ONLINE,ICJS_STYLE_EXCHANGE,P-2026-05-STEP1,false,true,7704d2a10cf38bb6a5f9c59691dd89b7faaea8b738a11e51cea7988eff7216c2
REQ-000485,2026-05-30T08:50:00Z,court_request,OFF-0066,a07f98edb4eac55d9fa73ffe,Sub-Inspector,3,POLICE,STATE_01_DIST_01_PS_02,STATE_01_DIST_01,STATE_01,MEDIUM,ACTIVE,NOT_ASSIGNED,REC-000032,1a8cd49509cc3470cdf5eeb8,CASE-00179,FINANCIAL_CRIME,CASE_DIARY,STATE_03_DIST_02_PS_01,STATE_03_DIST_02,STATE_03,POLICE,HIGH,false,false,false,false,OPEN,ACTIVE,false,false,false,true,COURT_PRODUCTION,VIEW,false,true,PRESENT_VALID,BUSINESS_HOURS,ONLINE,MANUAL_ESCALATION,P-2026-05-STEP1,false,true,3e21b04bd42bdd61de411d1d018e68ba57e597d812e88d0b42276800a4295cb4
REQ-000486,2026-05-31T09:18:00Z,cross_jurisdiction_sensitive,OFF-0001,858f20314a8c64995d905a33,Sub-Inspector,3,POLICE,STATE_03_DIST_01_PS_02,STATE_03_DIST_01,STATE_03,MEDIUM,ACTIVE,NOT_ASSIGNED,REC-000426,be1c97c5c56e77b750e46471,CASE-00355,VIOLENT_CRIME,CYBERCRIME_COMPLAINT,STATE_02_DIST_04_PS_03,STATE_02_DIST_04,STATE_02,POLICE,HIGH,false,false,false,false,OPEN,ACTIVE,false,false,false,true,FORENSIC_REVIEW,VIEW,false,false,PRESENT_VALID,BUSINESS_HOURS,ONLINE,ICJS_STYLE_EXCHANGE,P-2026-05-STEP1,false,true,19dfa8f45a3f5a3a0ada871641af387ee92fc4dac42987b8ba9f034a544979ff
REQ-000487,2026-05-31T09:31:00Z,normal_in_jurisdiction,OFF-0209,46719ed3c0b1ab7f0fbf5f90,Prosecutor Liaison,4,PROSECUTION,STATE_01_DIST_01_PS_01,STATE_01_DIST_01,STATE_01,MEDIUM,ACTIVE,NOT_ASSIGNED,REC-000228,8d196118f5537bf44adff98a,CASE-00127,CYBER_FRAUD,WITNESS_STATEMENT,STATE_02_DIST_04_PS_03,STATE_02_DIST_04,STATE_02,POLICE,CLASSIFIED,false,true,false,false,OPEN,ACTIVE,false,false,false,true,INVESTIGATION,VIEW,false,false,NOT_REQUIRED,BUSINESS_HOURS,ONLINE,CCTNS_STYLE_API,P-2026-05-STEP1,false,true,f54d698613a7220fe939fd10f8c80406515c696500c85015605af5f7bfa9d9e3
REQ-000488,2026-05-30T17:28:00Z,normal_in_jurisdiction,OFF-0049,e48c526210cf797e3886d5ef,Cybercrime Officer,4,CYBERCRIME,STATE_03_DIST_02_PS_01,STATE_03_DIST_02,STATE_03,HIGH,ACTIVE,ASSIGNED,REC-000621,361a07f3293bb4a0066f3f14,CASE-00053,VIOLENT_CRIME,CYBERCRIME_COMPLAINT,STATE_03_DIST_02_PS_01,STATE_03_DIST_02,STATE_03,POLICE,MEDIUM,false,false,false,false,OPEN,ACTIVE,true,true,true,false,INVESTIGATION,VIEW,false,false,NOT_REQUIRED,BUSINESS_HOURS,ONLINE,CCTNS_STYLE_API,P-2026-05-STEP1,false,true,642f9aa509f2dfff239804550f1d30603bb9386ea94121c1e026c5a4ca1b8a9d
REQ-000489,2026-06-01T02:15:00Z,normal_in_jurisdiction,OFF-0134,4718492e22f05239e76383dd,Station House Officer,5,POLICE,STATE_01_DIST_04_PS_03,STATE_01_DIST_04,STATE_01,HIGH,ACTIVE,ASSIGNED,REC-000077,8eb06b091b265235ad42db41,CASE-00325,NARCOTICS,COURT_SUBMISSION,STATE_01_DIST_04_PS_03,STATE_01_DIST_04,STATE_01,POLICE,MEDIUM,false,false,false,false,OPEN,ACTIVE,true,true,true,false,INVESTIGATION,VIEW,false,false,NOT_REQUIRED,BUSINESS_HOURS,ONLINE,CCTNS_STYLE_API,P-2026-05-STEP1,false,true,022cd046893c3a9a798b2ac97e2512964c393e40b922dff929455f621d14406e
REQ-000490,2026-05-31T18:20:00Z,court_request,OFF-0235,a4932d929933c3c8b03681a3,Constable,1,POLICE,STATE_01_DIST_01_PS_03,STATE_01_DIST_01,STATE_01,LOW,ACTIVE,NOT_ASSIGNED,REC-000755,6822db53c52593becfcadcae,CASE-00281,NARCOTICS,FORENSIC_REPORT,STATE_01_DIST_02_PS_01,STATE_01_DIST_02,STATE_01,POLICE,CLASSIFIED,false,false,false,false,OPEN,ARCHIVED,false,false,true,true,COURT_PRODUCTION,VIEW,false,true,PRESENT_VALID,BUSINESS_HOURS,ONLINE,MANUAL_ESCALATION,P-2026-05-STEP1,false,true,5c51c24b30a4113220879ad0d2a66ce68b2898227c5215b1f0d20692ac842562
REQ-000491,2026-05-29T09:17:00Z,cross_jurisdiction_sensitive,OFF-0093,9764196f496c1b6c2299d105,Inspector,4,POLICE,STATE_01_DIST_04_PS_02,STATE_01_DIST_04,STATE_01,MEDIUM,ACTIVE,NOT_ASSIGNED,REC-000729,9d51801e576eca4c5772ef00,CASE-00309,NARCOTICS,CASE_DIARY,STATE_02_DIST_01_PS_01,STATE_02_DIST_01,STATE_02,POLICE,HIGH,false,false,false,false,OPEN,ACTIVE,false,false,false,true,INVESTIGATION,DOWNLOAD,false,false,MISSING,BUSINESS_HOURS,ONLINE,MANUAL_ESCALATION,P-2026-05-STEP1,false,true,79855c804b4f059c51703f931a48e2ba53d6cc5e96568a9c83c8d9bbe1d6c6e1
REQ-000492,2026-05-30T10:00:00Z,sealed_record,OFF-0187,dea3496d0907b239fdcdd5a2,Head Constable,2,POLICE,STATE_03_DIST_04_PS_02,STATE_03_DIST_04,STATE_03,LOW,ACTIVE,NOT_ASSIGNED,REC-000605,e1d51408056939f2b7fccbac,CASE-00291,JUVENILE_PROTECTION,CASE_DIARY,STATE_02_DIST_01_PS_01,STATE_02_DIST_01,STATE_02,POLICE,HIGH,false,false,true,false,SEALED,ACTIVE,false,false,false,true,COURT_PRODUCTION,VIEW,false,true,MISSING,AFTER_HOURS,ONLINE,CCTNS_STYLE_API,P-2026-05-STEP1,false,true,beae37222e7c5f3166efdeadc766ebe920635150bb1d18e0dec87dce95883d14
REQ-000493,2026-05-29T17:44:00Z,normal_in_jurisdiction,OFF-0077,956b1c8673c706b9098bdcd1,Forensic Officer,4,FORENSIC,STATE_01_DIST_03_PS_03,STATE_01_DIST_03,STATE_01,HIGH,ACTIVE,ASSIGNED,REC-000115,233ab22bf4c19087bd09c1f9,CASE-00120,VIOLENT_CRIME,CYBERCRIME_COMPLAINT,STATE_01_DIST_03_PS_03,STATE_01_DIST_03,STATE_01,POLICE,MEDIUM,false,false,false,false,OPEN,ACTIVE,true,true,true,false,INVESTIGATION,VIEW,false,false,NOT_REQUIRED,NIGHT,ONLINE,ICJS_STYLE_EXCHANGE,P-2026-05-STEP1,false,true,b8acdf866df5a3214bff0588647cf08ee27cd56b193e306aa767506051295006
REQ-000494,2026-05-27T16:28:00Z,revoked_credential,OFF-0058,b9583c7e99cc3289ea585d73,Inspector,4,POLICE,STATE_03_DIST_02_PS_01,STATE_03_DIST_02,STATE_03,MEDIUM,REVOKED,NOT_ASSIGNED,REC-000064,b551a9d03a67cab2a5cd84fc,CASE-00177,MISSING_PERSON,FORENSIC_REPORT,STATE_02_DIST_01_PS_02,STATE_02_DIST_01,STATE_02,POLICE,HIGH,false,false,false,false,OPEN,ARCHIVED,false,false,false,true,INVESTIGATION,SHARE,false,false,MISSING,BUSINESS_HOURS,ONLINE,MANUAL_ESCALATION,P-2026-05-STEP1,false,true,0b1f94d156242d1c0be3244d3cc95267cb489e39dd82b83ba58612895b1eaa76
REQ-000495,2026-05-29T09:45:00Z,emergency_override,OFF-0107,fb4c90a703ac874dae2f1454,Inspector,4,POLICE,STATE_01_DIST_01_PS_03,STATE_01_DIST_01,STATE_01,MEDIUM,ACTIVE,NOT_ASSIGNED,REC-000594,76df25147fc74f6bc230dfad,CASE-00290,CYBER_FRAUD,CASE_DIARY,STATE_03_DIST_01_PS_01,STATE_03_DIST_01,STATE_03,POLICE,HIGH,false,false,false,false,OPEN,ACTIVE,false,false,false,true,EMERGENCY_RESPONSE,VIEW,true,false,MISSING,BUSINESS_HOURS,ONLINE,MANUAL_ESCALATION,P-2026-05-STEP1,false,true,50d94973bfe9d7ecf5751b9c060439174d4bec5b87dcff04520ed7aabadf6ff6
REQ-000496,2026-05-29T09:52:00Z,stale_case_assignment,OFF-0049,e48c526210cf797e3886d5ef,Cybercrime Officer,4,CYBERCRIME,STATE_03_DIST_02_PS_01,STATE_03_DIST_02,STATE_03,HIGH,ACTIVE,STALE,REC-000419,f918883e0652f9e5806aa095,CASE-00145,GENERAL_THEFT,FORENSIC_REPORT,STATE_01_DIST_04_PS_01,STATE_01_DIST_04,STATE_01,POLICE,HIGH,false,false,false,false,SEALED,ARCHIVED,false,false,false,true,INVESTIGATION,VIEW,false,false,MISSING,BUSINESS_HOURS,ONLINE,MANUAL_ESCALATION,P-2026-05-STEP1,false,true,816f32d91e77ecaeaeaf62b1b2215a0ccc6445c1f1fec43e79ad8a5fc9c7e2c3
REQ-000497,2026-05-31T03:24:00Z,revoked_credential,OFF-0054,100ec956e3b5dce60e3db6a6,Constable,1,POLICE,STATE_02_DIST_01_PS_01,STATE_02_DIST_01,STATE_02,LOW,REVOKED,NOT_ASSIGNED,REC-000461,24b2390d4286ceb3b5cac194,CASE-00019,MISSING_PERSON,COURT_SUBMISSION,STATE_02_DIST_02_PS_01,STATE_02_DIST_02,STATE_02,POLICE,MEDIUM,false,false,false,false,OPEN,ACTIVE,false,false,true,true,AUDIT,VIEW,false,false,MISSING,AFTER_HOURS,DEGRADED,CCTNS_STYLE_API,P-2026-05-STEP1,false,true,2a6d4223f600312f1dfc16818113f1cf8da6d018abb811b4048d2bdb9458bd77
REQ-000498,2026-05-29T01:48:00Z,revoked_credential,OFF-0054,100ec956e3b5dce60e3db6a6,Constable,1,POLICE,STATE_02_DIST_01_PS_01,STATE_02_DIST_01,STATE_02,LOW,REVOKED,NOT_ASSIGNED,REC-000415,e21aeeb1f4ca7a4082790d31,CASE-00192,GENERAL_THEFT,FORENSIC_REPORT,STATE_01_DIST_02_PS_03,STATE_01_DIST_02,STATE_01,POLICE,HIGH,false,false,false,false,OPEN,ACTIVE,false,false,false,true,AUDIT,VIEW,false,false,MISSING,BUSINESS_HOURS,ONLINE,ICJS_STYLE_EXCHANGE,P-2026-05-STEP1,false,true,81cd7e6a569dd6577eb482700865b9970b8a0837a9a05f6f6123f2a0eee1a90a
REQ-000499,2026-06-01T04:45:00Z,court_request,OFF-0208,47e9daa6a9eddbbbae1d0bd7,Head Constable,2,POLICE,STATE_01_DIST_04_PS_03,STATE_01_DIST_04,STATE_01,LOW,ACTIVE,NOT_ASSIGNED,REC-000001,90c44e5b5f4485801e5b8a18,CASE-00054,FINANCIAL_CRIME,FIR_SUMMARY,STATE_01_DIST_04_PS_03,STATE_01_DIST_04,STATE_01,POLICE,LOW,false,false,false,false,OPEN,ACTIVE,true,true,true,false,PROSECUTION_REVIEW,VIEW,false,true,PRESENT_VALID,BUSINESS_HOURS,ONLINE,ICJS_STYLE_EXCHANGE,P-2026-05-STEP1,false,true,fc15cca048abdb9f74eb8d753c923dda5747bb7959f6697ffb37de5e79c016ef
REQ-000500,2026-05-29T10:20:00Z,juvenile_sensitive,OFF-0179,74d33cea72e21de2b8f5e545,Sub-Inspector,3,POLICE,STATE_02_DIST_03_PS_01,STATE_02_DIST_03,STATE_02,MEDIUM,ACTIVE,NOT_ASSIGNED,REC-000376,dad96ab404cb3162880756ed,CASE-00126,JUVENILE_PROTECTION,VICTIM_RECORD,STATE_01_DIST_02_PS_02,STATE_01_DIST_02,STATE_01,POLICE,CLASSIFIED,true,false,true,false,SEALED,ACTIVE,false,false,false,true,INVESTIGATION,VIEW,false,false,PRESENT_VALID,BUSINESS_HOURS,STATION_NODE_DOWN,CCTNS_STYLE_API,P-2026-05-STEP1,false,true,536aa59402114f174035d6fb28ef6cce99e7f48fe2bc0ea322815762caad8650
REQ-000501,2026-05-30T03:09:00Z,sealed_record,OFF-0150,b012e7e4d1319033c362fb26,Constable,1,POLICE,STATE_01_DIST_04_PS_03,STATE_01_DIST_04,STATE_01,LOW,ACTIVE,NOT_ASSIGNED,REC-000793,b0e996b4ecdf66ce33e6405c,CASE-00299,MISSING_PERSON,WITNESS_STATEMENT,STATE_01_DIST_03_PS_03,STATE_01_DIST_03,STATE_01,POLICE,HIGH,false,true,false,false,SEALED,ACTIVE,false,false,true,true,COURT_PRODUCTION,VIEW,false,true,PRESENT_VALID,BUSINESS_HOURS,ONLINE,MANUAL_ESCALATION,P-2026-05-STEP1,false,true,bf949e4a3abd13114d5786e9d06fe9eec02b07259c74713da0259a7fdf95edca
REQ-000502,2026-05-29T10:34:00Z,stale_case_assignment,OFF-0071,b43730f9ee11d476cccd1130,Head Constable,2,POLICE,STATE_02_DIST_01_PS_03,STATE_02_DIST_01,STATE_02,LOW,ACTIVE,STALE,REC-000398,a14b960f9d5b88d2544ce012,CASE-00049,WOMEN_CHILD_SAFETY,COURT_SUBMISSION,STATE_01_DIST_03_PS_01,STATE_01_DIST_03,STATE_01,POLICE,MEDIUM,true,false,false,false,OPEN,ACTIVE,false,false,false,true,INVESTIGATION,VIEW,false,false,MISSING,AFTER_HOURS,STATION_NODE_DOWN,ICJS_STYLE_EXCHANGE,P-2026-05-STEP1,false,true,38a506214a218bb6db6734861886dfe7580282043e55cbc008e355a6f040cfd5
REQ-000503,2026-05-28T01:09:00Z,normal_in_jurisdiction,OFF-0240,2e90133c615ae26c343ba035,Head Constable,2,POLICE,STATE_03_DIST_04_PS_01,STATE_03_DIST_04,STATE_03,LOW,ACTIVE,ASSIGNED,REC-000418,513c9be258a43ca7947c0ca7,CASE-00360,JUVENILE_PROTECTION,CYBERCRIME_COMPLAINT,STATE_03_DIST_04_PS_01,STATE_03_DIST_04,STATE_03,POLICE,MEDIUM,false,false,true,false,OPEN,UNDER_REVIEW,true,true,true,false,INVESTIGATION,VIEW,false,false,NOT_REQUIRED,BUSINESS_HOURS,ONLINE,ICJS_STYLE_EXCHANGE,P-2026-05-STEP1,false,true,c3186f50dbe6d68bdaf6f0a4a0b1e3481fa3b6669b58e18bec6ed70334ff9ca5
REQ-000504,2026-05-29T10:48:00Z,court_request,OFF-0065,6d335433b612a148a4921389,Constable,1,POLICE,STATE_03_DIST_02_PS_02,STATE_03_DIST_02,STATE_03,LOW,REVOKED,NOT_ASSIGNED,REC-000187,e35c9c805be9e96ad2787cf1,CASE-00114,NARCOTICS,FIR_SUMMARY,STATE_01_DIST_02_PS_02,STATE_01_DIST_02,STATE_01,POLICE,LOW,false,false,false,false,OPEN,ACTIVE,false,false,false,true,COURT_PRODUCTION,VIEW,false,true,PRESENT_VALID,BUSINESS_HOURS,ONLINE,MANUAL_ESCALATION,P-2026-05-STEP1,false,true,69e59bfecea3082b8810bd7ed6aa81e4b54177e992b2c68bb0603d13d3418096
REQ-000505,2026-05-30T20:35:00Z,court_request,OFF-0122,7527b25e318154df01ec7550,Sub-Inspector,3,POLICE,STATE_03_DIST_02_PS_02,STATE_03_DIST_02,STATE_03,MEDIUM,ACTIVE,NOT_ASSIGNED,REC-000039,b5bb4318d3ac813114ba006d,CASE-00209,MISSING_PERSON,FORENSIC_REPORT,STATE_02_DIST_02_PS_02,STATE_02_DIST_02,STATE_02,POLICE,HIGH,false,false,false,false,OPEN,ACTIVE,false,false,false,true,COURT_PRODUCTION,DOWNLOAD,false,true,PRESENT_VALID,BUSINESS_HOURS,STATION_NODE_DOWN,CCTNS_STYLE_API,P-2026-05-STEP1,false,true,10850d27527493b310a3c956cca27a7ede3f2fd4a3dd519f1714161ebff0ca2d
REQ-000506,2026-06-01T14:56:00Z,court_request,OFF-0192,3d55943653d0579351b1bb1c,Inspector,4,POLICE,STATE_02_DIST_01_PS_01,STATE_02_DIST_01,STATE_02,MEDIUM,ACTIVE,NOT_ASSIGNED,REC-000106,0ae0abdd95a97e36857f638e,CASE-00355,VIOLENT_CRIME,EVIDENCE_MEDIA,STATE_02_DIST_04_PS_03,STATE_02_DIST_04,STATE_02,POLICE,HIGH,false,false,false,true,OPEN,UNDER_REVIEW,false,false,true,true,COURT_PRODUCTION,DOWNLOAD,false,true,PRESENT_VALID,AFTER_HOURS,DEGRADED,ICJS_STYLE_EXCHANGE,P-2026-05-STEP1,false,true,a75be8c86e6109b2aa49d34eaf7133b8a94e4537e99de024028918a55dace8c0
REQ-000507,2026-05-29T11:09:00Z,stale_case_assignment,OFF-0014,86b6682cd665b74e9695ec29,Head Constable,2,POLICE,STATE_03_DIST_04_PS_03,STATE_03_DIST_04,STATE_03,LOW,ACTIVE,STALE,REC-000836,39a638e6937d73cd596e9733,CASE-00079,VIOLENT_CRIME,VICTIM_RECORD,STATE_03_DIST_04_PS_01,STATE_03_DIST_04,STATE_03,POLICE,HIGH,true,false,false,false,OPEN,ACTIVE,false,true,true,false,INVESTIGATION,VIEW,false,false,MISSING,BUSINESS_HOURS,ONLINE,ICJS_STYLE_EXCHANGE,P-2026-05-STEP1,false,true,f8e822ca60f0ab76842c28d73e7c76bd68bf902347625f866dfc954687fd2217
REQ-000508,2026-06-01T07:00:00Z,normal_in_jurisdiction,OFF-0039,b0f05da9786602e3afcbd606,Cybercrime Officer,4,CYBERCRIME,STATE_02_DIST_01_PS_03,STATE_02_DIST_01,STATE_02,HIGH,ACTIVE,NOT_ASSIGNED,REC-000357,71bbf19d311d6a56e619166e,CASE-00133,VIOLENT_CRIME,CASE_DIARY,STATE_03_DIST_03_PS_01,STATE_03_DIST_03,STATE_03,POLICE,HIGH,false,false,false,false,SEALED,ARCHIVED,false,false,false,true,INVESTIGATION,VIEW,false,false,NOT_REQUIRED,AFTER_HOURS,ONLINE,MANUAL_ESCALATION,P-2026-05-STEP1,false,true,2dc9aa90eb9131276dbb9955cb882b213f281f5145000737780ffcf9a90e7448
REQ-000509,2026-05-28T01:27:00Z,normal_in_jurisdiction,OFF-0003,5e4ff04af077f5ff22cd6cd0,Cybercrime Officer,4,CYBERCRIME,STATE_02_DIST_01_PS_02,STATE_02_DIST_01,STATE_02,HIGH,ACTIVE,ASSIGNED,REC-000079,82c782797dfec3a3d7607e70,CASE-00229,GENERAL_THEFT,FORENSIC_REPORT,STATE_02_DIST_01_PS_02,STATE_02_DIST_01,STATE_02,POLICE,MEDIUM,false,false,false,false,OPEN,ACTIVE,true,true,true,false,INVESTIGATION,VIEW,false,false,NOT_REQUIRED,BUSINESS_HOURS,ONLINE,ICJS_STYLE_EXCHANGE,P-2026-05-STEP1,false,true,26b5279d384b056d252b30be729802d66337db97ad1569e105a933428ac09f4d
REQ-000510,2026-05-28T10:00:00Z,juvenile_sensitive,OFF-0201,362db027dc02e204d8d16948,Constable,1,POLICE,STATE_02_DIST_02_PS_02,STATE_02_DIST_02,STATE_02,LOW,ACTIVE,NOT_ASSIGNED,REC-000619,22d13ba63717ca715e5005a7,CASE-00258,MISSING_PERSON,JUVENILE_RECORD,STATE_02_DIST_04_PS_03,STATE_02_DIST_04,STATE_02,POLICE,HIGH,false,false,true,false,OPEN,ACTIVE,false,false,true,true,SUPERVISION,DOWNLOAD,false,false,MISSING,AFTER_HOURS,ONLINE,CCTNS_STYLE_API,P-2026-05-STEP1,false,true,d24bd6be506756c4db45d059af854accaf735a5a183513d278abb62266360097
REQ-000511,2026-06-02T00:47:00Z,revoked_credential,OFF-0136,3388bd23d03d7e43b3bd8d53,Station House Officer,5,POLICE,STATE_03_DIST_02_PS_01,STATE_03_DIST_02,STATE_03,HIGH,REVOKED,NOT_ASSIGNED,REC-000592,34c63fb4a90f2aefe4cd515c,CASE-00255,CYBER_FRAUD,WITNESS_STATEMENT,STATE_03_DIST_01_PS_02,STATE_03_DIST_01,STATE_03,POLICE,HIGH,false,true,false,false,OPEN,ARCHIVED,false,false,true,true,INVESTIGATION,DOWNLOAD,false,false,MISSING,NIGHT,ONLINE,MANUAL_ESCALATION,P-2026-05-STEP1,false,true,161d80a5146648f94d2bc6d17c6236587d5e344a1fbcea761cc4a7558537086c
REQ-000512,2026-05-31T14:56:00Z,sealed_record,OFF-0144,426f43bdc9c73b5f3d8480a4,Inspector,4,POLICE,STATE_02_DIST_04_PS_02,STATE_02_DIST_04,STATE_02,MEDIUM,ACTIVE,NOT_ASSIGNED,REC-000694,a0f405d28cc064a49ae643d4,CASE-00156,FINANCIAL_CRIME,FORENSIC_REPORT,STATE_02_DIST_02_PS_01,STATE_02_DIST_02,STATE_02,POLICE,HIGH,false,false,false,false,SEALED,ACTIVE,false,false,true,true,COURT_PRODUCTION,VIEW,false,true,PRESENT_VALID,AFTER_HOURS,ONLINE,CCTNS_STYLE_API,P-2026-05-STEP1,false,true,a5ab93882f3618b1aa2ba1345459bb5e9d4c7eaf981de04d5af3d9bd744d1254
REQ-000513,2026-05-28T01:39:00Z,expired_approval_token,OFF-0188,6f9812bdfd1847e653ec5454,Prosecutor Liaison,4,PROSECUTION,STATE_03_DIST_01_PS_02,STATE_03_DIST_01,STATE_03,MEDIUM,ACTIVE,NOT_ASSIGNED,REC-000328,a3640fe0710c163f60be131f,CASE-00346,MISSING_PERSON,FIR_SUMMARY,STATE_02_DIST_04_PS_03,STATE_02_DIST_04,STATE_02,POLICE,LOW,false,false,false,false,OPEN,ACTIVE,false,false,false,true,FORENSIC_REVIEW,VIEW,false,false,EXPIRED,BUSINESS_HOURS,STATION_NODE_DOWN,MANUAL_ESCALATION,P-2026-05-STEP1,false,true,039f1580e10799c6970d18d7dccaff920306826329047b68aa963acabe7cbcc4
REQ-000514,2026-05-30T13:40:00Z,normal_in_jurisdiction,OFF-0236,3a6a5386535f809a826fc8a7,Inspector,4,POLICE,STATE_02_DIST_03_PS_03,STATE_02_DIST_03,STATE_02,MEDIUM,ACTIVE,ASSIGNED,REC-000233,95272f463d03a2186ae00bc6,CASE-00125,GENERAL_THEFT,CYBERCRIME_COMPLAINT,STATE_02_DIST_03_PS_03,STATE_02_DIST_03,STATE_02,POLICE,MEDIUM,false,false,false,false,OPEN,ACTIVE,true,true,true,false,INVESTIGATION,VIEW,false,false,NOT_REQUIRED,BUSINESS_HOURS,DEGRADED,CCTNS_STYLE_API,P-2026-05-STEP1,false,true,d5dc6efccdf37106e178b07c709e6987e1f3726ba20e6793de230cfab3d478a9
REQ-000515,2026-05-27T17:10:00Z,cross_jurisdiction_sensitive,OFF-0022,cdb37082bd33066e73ce6a23,Forensic Officer,4,FORENSIC,STATE_03_DIST_02_PS_01,STATE_03_DIST_02,STATE_03,HIGH,ACTIVE,NOT_ASSIGNED,REC-000083,2e977ba934961ac3b1ab490d,CASE-00067,CYBER_FRAUD,WITNESS_STATEMENT,STATE_01_DIST_03_PS_02,STATE_01_DIST_03,STATE_01,POLICE,HIGH,false,true,false,false,OPEN,ACTIVE,false,false,false,true,INVESTIGATION,DOWNLOAD,false,false,PRESENT_VALID,AFTER_HOURS,DEGRADED,ICJS_STYLE_EXCHANGE,P-2026-05-STEP1,false,true,a38d1a589d90918b3d69b07c9375220869eb1a7d472b7d672800dedcba4c1e84
REQ-000516,2026-05-30T22:36:00Z,emergency_override,OFF-0236,3a6a5386535f809a826fc8a7,Inspector,4,POLICE,STATE_02_DIST_03_PS_03,STATE_02_DIST_03,STATE_02,MEDIUM,ACTIVE,NOT_ASSIGNED,REC-000387,959023c7a7959b976063535a,CASE-00288,MISSING_PERSON,VICTIM_RECORD,STATE_01_DIST_03_PS_01,STATE_01_DIST_03,STATE_01,POLICE,HIGH,true,false,false,false,OPEN,ACTIVE,false,false,false,true,EMERGENCY_RESPONSE,VIEW,true,false,MISSING,AFTER_HOURS,ONLINE,ICJS_STYLE_EXCHANGE,P-2026-05-STEP1,false,true,7d633a1be483b262e5ca69ba5b144c8dc0775eeede3fc3c0658a3fe84b4267b4
REQ-000517,2026-05-30T22:47:00Z,juvenile_sensitive,OFF-0197,bb454708489db5641c11f4b0,Inspector,4,POLICE,STATE_02_DIST_01_PS_03,STATE_02_DIST_01,STATE_02,MEDIUM,ACTIVE,NOT_ASSIGNED,REC-000181,65c13ca172c0e8f26de94b13,CASE-00308,MISSING_PERSON,JUVENILE_RECORD,STATE_01_DIST_01_PS_01,STATE_01_DIST_01,STATE_01,POLICE,CLASSIFIED,false,false,true,false,OPEN,ACTIVE,false,false,false,true,INVESTIGATION,VIEW,false,false,MISSING,BUSINESS_HOURS,ONLINE,CCTNS_STYLE_API,P-2026-05-STEP1,false,true,0cfebda6a8d194a1500021d0058e0bdf1ad74bf958fafb5cb824a52fa7653cb7
REQ-000518,2026-05-29T03:48:00Z,cross_jurisdiction_sensitive,OFF-0238,0d893c2441da140e8c46fc54,Senior Superintendent,6,POLICE,STATE_01_DIST_01_PS_03,STATE_01_DIST_01,STATE_01,CLASSIFIED,ACTIVE,NOT_ASSIGNED,REC-000474,8ba047dcb06061d980da4456,CASE-00146,MISSING_PERSON,EVIDENCE_MEDIA,STATE_02_DIST_01_PS_01,STATE_02_DIST_01,STATE_02,POLICE,HIGH,false,false,false,true,OPEN,ACTIVE,false,false,false,true,FORENSIC_REVIEW,VIEW,false,false,PRESENT_VALID,BUSINESS_HOURS,ONLINE,ICJS_STYLE_EXCHANGE,P-2026-05-STEP1,false,true,ac6ad3d64ad3b3591eabd8674471d6141e2a7ae5151a689beefc1e6424847252
REQ-000519,2026-05-30T05:51:00Z,sealed_record,OFF-0018,f8755a48fce2988e7e892881,Head Constable,2,POLICE,STATE_02_DIST_01_PS_03,STATE_02_DIST_01,STATE_02,LOW,ACTIVE,NOT_ASSIGNED,REC-000574,e718380dbd29859ea007b2be,CASE-00281,NARCOTICS,COURT_SUBMISSION,STATE_01_DIST_02_PS_01,STATE_01_DIST_02,STATE_01,POLICE,HIGH,false,false,false,false,SEALED,ACTIVE,false,false,false,true,COURT_PRODUCTION,APPROVE,false,true,PRESENT_VALID,NIGHT,ONLINE,MANUAL_ESCALATION,P-2026-05-STEP1,false,true,097f7639b5d17e3adbc48b78944e5efefb111e0d24dde2c5b17148c2a5e0c086
REQ-000520,2026-05-28T19:20:00Z,normal_in_jurisdiction,OFF-0008,f7c9b924c136028c31a62c8c,Inspector,4,POLICE,STATE_03_DIST_03_PS_03,STATE_03_DIST_03,STATE_03,MEDIUM,ACTIVE,NOT_ASSIGNED,REC-000180,4ee73ace57928929f1ba50f2,CASE-00091,VIOLENT_CRIME,FIR_SUMMARY,STATE_01_DIST_02_PS_02,STATE_01_DIST_02,STATE_01,POLICE,MEDIUM,false,false,false,false,OPEN,UNDER_REVIEW,false,false,false,true,INVESTIGATION,VIEW,false,false,NOT_REQUIRED,BUSINESS_HOURS,STATION_NODE_DOWN,CCTNS_STYLE_API,P-2026-05-STEP1,false,true,5db43d453381c246360a70a49041f379a8001439b7e1f432e4ba517cb5b7f77c
REQ-000521,2026-05-28T02:03:00Z,sealed_record,OFF-0085,17c3357ea795f04352db1db0,Head Constable,2,POLICE,STATE_03_DIST_03_PS_03,STATE_03_DIST_03,STATE_03,LOW,ACTIVE,NOT_ASSIGNED,REC-000435,f4bdf526b0854c5ab70a72b2,CASE-00180,JUVENILE_PROTECTION,WITNESS_STATEMENT,STATE_02_DIST_01_PS_03,STATE_02_DIST_01,STATE_02,POLICE,CLASSIFIED,false,true,true,false,SEALED,ARCHIVED,false,false,false,true,COURT_PRODUCTION,SHARE,false,true,PRESENT_VALID,BUSINESS_HOURS,ONLINE,CCTNS_STYLE_API,P-2026-05-STEP1,false,true,eabc2d4ece8214a11c62bce7be69d7e433da97747816b17fc6bf84b56386522c
REQ-000522,2026-06-01T01:48:00Z,cross_jurisdiction_sensitive,OFF-0125,97ea02f4f8fba926781c7fc5,Inspector,4,POLICE,STATE_02_DIST_03_PS_02,STATE_02_DIST_03,STATE_02,MEDIUM,ACTIVE,NOT_ASSIGNED,REC-000604,ca8fc35650ee04e7cf5447f3,CASE-00113,WOMEN_CHILD_SAFETY,FORENSIC_REPORT,STATE_03_DIST_02_PS_03,STATE_03_DIST_02,STATE_03,POLICE,HIGH,true,false,false,false,OPEN,ARCHIVED,false,false,false,true,FORENSIC_REVIEW,VIEW,false,false,MISSING,BUSINESS_HOURS,ONLINE,ICJS_STYLE_EXCHANGE,P-2026-05-STEP1,false,true,03b36b6acbe1d4a472c1334eb6eaa82928dd85bb110f7eec4759ce0a3273c02b
REQ-000523,2026-05-28T02:09:00Z,cross_jurisdiction_sensitive,OFF-0067,81023882823dba8b6e04e6a8,Constable,1,POLICE,STATE_01_DIST_01_PS_02,STATE_01_DIST_01,STATE_01,LOW,ACTIVE,NOT_ASSIGNED,REC-000474,8ba047dcb06061d980da4456,CASE-00146,MISSING_PERSON,EVIDENCE_MEDIA,STATE_02_DIST_01_PS_01,STATE_02_DIST_01,STATE_02,POLICE,HIGH,false,false,false,true,OPEN,ACTIVE,false,false,false,true,FORENSIC_REVIEW,VIEW,false,false,MISSING,AFTER_HOURS,DEGRADED,CCTNS_STYLE_API,P-2026-05-STEP1,false,true,27779329643f806ac40962c5bbbb528213f22e0c333c5eb15d0f76e506bb7907
REQ-000524,2026-05-31T00:04:00Z,random_context,OFF-0190,c6c5d38ea874865e512ea30c,Sub-Inspector,3,POLICE,STATE_01_DIST_01_PS_03,STATE_01_DIST_01,STATE_01,MEDIUM,ACTIVE,NOT_ASSIGNED,REC-000590,cf0a8bb9bb95909a28d05205,CASE-00056,CYBER_FRAUD,CYBERCRIME_COMPLAINT,STATE_02_DIST_02_PS_01,STATE_02_DIST_02,STATE_02,POLICE,CLASSIFIED,false,false,false,false,OPEN,ACTIVE,false,false,false,true,PROSECUTION_REVIEW,VIEW,false,false,NOT_REQUIRED,BUSINESS_HOURS,ONLINE,MANUAL_ESCALATION,P-2026-05-STEP1,false,true,25667ad7145de3c72c0d6d5036b92ff58b093984829161fa83c4021d67a00293
REQ-000525,2026-06-01T11:15:00Z,stale_case_assignment,OFF-0085,17c3357ea795f04352db1db0,Head Constable,2,POLICE,STATE_03_DIST_03_PS_03,STATE_03_DIST_03,STATE_03,LOW,ACTIVE,STALE,REC-000689,092c1f9963d0656d1838f128,CASE-00354,JUVENILE_PROTECTION,FORENSIC_REPORT,STATE_02_DIST_01_PS_02,STATE_02_DIST_01,STATE_02,POLICE,HIGH,false,false,true,false,OPEN,ARCHIVED,false,false,false,true,INVESTIGATION,VIEW,false,false,MISSING,BUSINESS_HOURS,ONLINE,CCTNS_STYLE_API,P-2026-05-STEP1,false,true,b576c83c1c2684b57e905313e70120696d96a5beae8a53240107fca6cdc5ccf1
REQ-000526,2026-05-29T22:08:00Z,juvenile_sensitive,OFF-0073,7e2b88d260bb5ef29585a94e,Station House Officer,5,POLICE,STATE_01_DIST_03_PS_02,STATE_01_DIST_03,STATE_01,HIGH,ACTIVE,NOT_ASSIGNED,REC-000167,c1be72ae2e586a7fecd00956,CASE-00119,JUVENILE_PROTECTION,WITNESS_STATEMENT,STATE_03_DIST_02_PS_02,STATE_03_DIST_02,STATE_03,POLICE,HIGH,false,true,true,false,OPEN,ACTIVE,false,false,false,true,SUPERVISION,VIEW,false,false,MISSING,BUSINESS_HOURS,ONLINE,ICJS_STYLE_EXCHANGE,P-2026-05-STEP1,false,true,cb49822bbb0972db85e36c6dae30eb2d58fe35613283b847b0d75aaf70c4cffd
REQ-000527,2026-05-28T02:21:00Z,juvenile_sensitive,OFF-0135,93ea324e5b0159f974ae2ac9,Sub-Inspector,3,POLICE,STATE_01_DIST_01_PS_01,STATE_01_DIST_01,STATE_01,MEDIUM,ACTIVE,NOT_ASSIGNED,REC-000066,86a01f1aea6edb3a8fe86ce4,CASE-00232,WOMEN_CHILD_SAFETY,JUVENILE_RECORD,STATE_03_DIST_03_PS_02,STATE_03_DIST_03,STATE_03,POLICE,CLASSIFIED,true,false,true,false,OPEN,ACTIVE,false,false,false,true,INVESTIGATION,SHARE,false,false,PRESENT_VALID,BUSINESS_HOURS,ONLINE,CCTNS_STYLE_API,P-2026-05-STEP1,false,true,28142b26f73251147deb3569d552e7777e35cbaf77e9650d1e29e61184304e27
REQ-000528,2026-05-28T20:00:00Z,court_request,OFF-0237,7e3146ebb6c4e9a4f7f4cfaa,Head Constable,2,POLICE,STATE_03_DIST_02_PS_02,STATE_03_DIST_02,STATE_03,LOW,ACTIVE,NOT_ASSIGNED,REC-000202,5193567c38e42b9a685bdbe1,CASE-00221,VIOLENT_CRIME,COURT_SUBMISSION,STATE_02_DIST_04_PS_03,STATE_02_DIST_04,STATE_02,POLICE,HIGH,false,false,false,false,OPEN,ACTIVE,false,false,false,true,PROSECUTION_REVIEW,VIEW,false,true,PRESENT_VALID,BUSINESS_HOURS,ONLINE,CCTNS_STYLE_API,P-2026-05-STEP1,false,true,34b827c538fa36b9b528403750a2d1cbcf8698cd24fd0ecd68b85b48d8c6e13d
REQ-000529,2026-05-28T20:05:00Z,sealed_record,OFF-0089,1dfcf9ccdf6fab5303a9e921,Constable,1,POLICE,STATE_02_DIST_01_PS_01,STATE_02_DIST_01,STATE_02,LOW,ACTIVE,NOT_ASSIGNED,REC-000429,ebb25f911f77c3f1d4019b67,CASE-00288,MISSING_PERSON,FORENSIC_REPORT,STATE_01_DIST_03_PS_01,STATE_01_DIST_03,STATE_01,POLICE,CLASSIFIED,false,false,false,false,SEALED,ACTIVE,false,false,false,true,INVESTIGATION,VIEW,false,false,PRESENT_VALID,AFTER_HOURS,ONLINE,CCTNS_STYLE_API,P-2026-05-STEP1,false,true,daa413a102f7c1519143cfce8c3206e8e4ff01b879e1d6bb7cf3c95b7fc31f78
REQ-000530,2026-05-28T20:10:00Z,normal_in_jurisdiction,OFF-0087,5226641dfbffc5688ec0818a,Sub-Inspector,3,POLICE,STATE_01_DIST_02_PS_03,STATE_01_DIST_02,STATE_01,MEDIUM,ACTIVE,ASSIGNED,REC-000214,1253146d42ebe28929ff60a9,CASE-00093,FINANCIAL_CRIME,COURT_SUBMISSION,STATE_01_DIST_02_PS_03,STATE_01_DIST_02,STATE_01,POLICE,MEDIUM,false,false,false,false,OPEN,ACTIVE,true,true,true,false,INVESTIGATION,VIEW,false,false,NOT_REQUIRED,AFTER_HOURS,ONLINE,MANUAL_ESCALATION,P-2026-05-STEP1,false,true,366bcaaadb120ddb39b9119c482924b5d77af167f622717e685bdcac3b4da7be
REQ-000531,2026-05-31T01:21:00Z,revoked_credential,OFF-0007,934e26f772b73b1d824939e2,Head Constable,2,POLICE,STATE_01_DIST_03_PS_03,STATE_01_DIST_03,STATE_01,LOW,REVOKED,NOT_ASSIGNED,REC-000581,0c701e7e7cf1230d4b57b73a,CASE-00311,VIOLENT_CRIME,WITNESS_STATEMENT,STATE_01_DIST_02_PS_02,STATE_01_DIST_02,STATE_01,POLICE,HIGH,false,true,false,false,OPEN,ACTIVE,false,false,true,true,AUDIT,VIEW,false,false,MISSING,BUSINESS_HOURS,ONLINE,MANUAL_ESCALATION,P-2026-05-STEP1,false,true,dd2771b745e7b9937a394fa06adea11ac6cc5669729d0243d1debbdf60981a6c
REQ-000532,2026-06-01T21:52:00Z,normal_in_jurisdiction,OFF-0096,cd7bb6b37a4bf493a6fadfea,Head Constable,2,POLICE,STATE_03_DIST_04_PS_03,STATE_03_DIST_04,STATE_03,LOW,ACTIVE,ASSIGNED,REC-000815,47060cab97e3e5e52667cc8f,CASE-00268,MISSING_PERSON,FIR_SUMMARY,STATE_03_DIST_04_PS_03,STATE_03_DIST_04,STATE_03,POLICE,LOW,false,false,false,false,OPEN,ACTIVE,true,true,true,false,INVESTIGATION,VIEW,false,false,NOT_REQUIRED,AFTER_HOURS,ONLINE,ICJS_STYLE_EXCHANGE,P-2026-05-STEP1,false,true,6edce9178f136ab1a9b52670dec30e2013f84952dc5854b12cdd28268cda9960
REQ-000533,2026-05-29T23:04:00Z,stale_case_assignment,OFF-0155,750741a21ba1ad37a768df1b,Inspector,4,POLICE,STATE_02_DIST_02_PS_01,STATE_02_DIST_02,STATE_02,MEDIUM,ACTIVE,STALE,REC-000880,95de19451c2ca7264b0032ce,CASE-00085,GENERAL_THEFT,FIR_SUMMARY,STATE_02_DIST_02_PS_01,STATE_02_DIST_02,STATE_02,POLICE,MEDIUM,false,false,false,false,OPEN,ARCHIVED,true,true,true,false,INVESTIGATION,VIEW,false,false,MISSING,AFTER_HOURS,ONLINE,CCTNS_STYLE_API,P-2026-05-STEP1,false,true,f4248373f14d3c27c7d57e5b2cab33cbe5401ae754512806e42d38f560d67fb1
REQ-000534,2026-05-31T01:54:00Z,juvenile_sensitive,OFF-0069,ecaec2b1bb689d9a6ebf8cca,Sub-Inspector,3,POLICE,STATE_03_DIST_03_PS_02,STATE_03_DIST_03,STATE_03,MEDIUM,ACTIVE,NOT_ASSIGNED,REC-000054,1401f3e1054a0aaab0eeff1c,CASE-00180,JUVENILE_PROTECTION,FORENSIC_REPORT,STATE_02_DIST_01_PS_03,STATE_02_DIST_01,STATE_02,POLICE,CLASSIFIED,false,false,true,false,OPEN,ARCHIVED,false,false,false,true,SUPERVISION,DOWNLOAD,false,false,PRESENT_VALID,BUSINESS_HOURS,ONLINE,ICJS_STYLE_EXCHANGE,P-2026-05-STEP1,false,true,49aad04bfa147a6c8ce67ad1d6fc2ed01e4ada1cb2946371c7b74a88ab3e66db
REQ-000535,2026-06-01T22:40:00Z,sealed_record,OFF-0166,b6791729f7de52114f8f5aba,Head Constable,2,POLICE,STATE_02_DIST_02_PS_03,STATE_02_DIST_02,STATE_02,LOW,ACTIVE,NOT_ASSIGNED,REC-000484,9322ab1e6956dec6b780efa5,CASE-00130,NARCOTICS,WITNESS_STATEMENT,STATE_02_DIST_03_PS_03,STATE_02_DIST_03,STATE_02,POLICE,HIGH,false,true,false,false,SEALED,ACTIVE,false,false,true,true,COURT_PRODUCTION,SHARE,false,true,PRESENT_VALID,BUSINESS_HOURS,ONLINE,CCTNS_STYLE_API,P-2026-05-STEP1,false,true,4aca68d9636ad9066a38c0ff4a55addca093da3f19393900f6c0b40337d9a9a7
REQ-000536,2026-05-28T20:40:00Z,emergency_override,OFF-0127,6b0d84a1d858aa1335aacb1b,Constable,1,POLICE,STATE_02_DIST_01_PS_01,STATE_02_DIST_01,STATE_02,LOW,ACTIVE,NOT_ASSIGNED,REC-000529,b1cba9b450fb8d5bb630c5a5,CASE-00163,FINANCIAL_CRIME,FORENSIC_REPORT,STATE_03_DIST_02_PS_02,STATE_03_DIST_02,STATE_03,POLICE,CLASSIFIED,false,false,false,false,OPEN,ACTIVE,false,false,false,true,EMERGENCY_RESPONSE,DOWNLOAD,true,false,PRESENT_VALID,BUSINESS_HOURS,ONLINE,MANUAL_ESCALATION,P-2026-05-STEP1,false,true,743168c5f55fd1fc2e6d77c20cf22b370f16a80f771c26c2315787e2d9a2277b
REQ-000537,2026-05-31T20:21:00Z,normal_in_jurisdiction,OFF-0175,22a74f5c5cd00d0646a359b6,Head Constable,2,POLICE,STATE_02_DIST_03_PS_02,STATE_02_DIST_03,STATE_02,LOW,ACTIVE,ASSIGNED,REC-000579,3ee2b445178eb78c844bc181,CASE-00356,VIOLENT_CRIME,COURT_SUBMISSION,STATE_02_DIST_03_PS_02,STATE_02_DIST_03,STATE_02,POLICE,MEDIUM,false,false,false,false,OPEN,ARCHIVED,true,true,true,false,INVESTIGATION,VIEW,false,false,NOT_REQUIRED,BUSINESS_HOURS,ONLINE,ICJS_STYLE_EXCHANGE,P-2026-05-STEP1,false,true,df622f57998566f646516d5f0ee47a4309224c770b1ba0156a4d1aa83f7321a5
REQ-000538,2026-05-30T17:40:00Z,cross_jurisdiction_sensitive,OFF-0185,30e751c660922e5216d51c20,Inspector,4,POLICE,STATE_01_DIST_02_PS_02,STATE_01_DIST_02,STATE_01,MEDIUM,ACTIVE,NOT_ASSIGNED,REC-000835,dc4c3f3e77fc3a315713097c,CASE-00213,VIOLENT_CRIME,CASE_DIARY,STATE_02_DIST_01_PS_01,STATE_02_DIST_01,STATE_02,POLICE,HIGH,false,false,false,false,OPEN,ARCHIVED,false,false,false,true,FORENSIC_REVIEW,VIEW,false,false,PRESENT_VALID,BUSINESS_HOURS,ONLINE,CCTNS_STYLE_API,P-2026-05-STEP1,false,true,3d1da00a06e3e98221fd8496e6ba9d844ad1057d8d57e14eaebd7f6c4d6c187c
REQ-000539,2026-05-29T23:52:00Z,random_context,OFF-0139,16a2d504d34232bf9551d690,Inspector,4,POLICE,STATE_01_DIST_02_PS_03,STATE_01_DIST_02,STATE_01,MEDIUM,ACTIVE,NOT_ASSIGNED,REC-000631,72792f684de2062672fc64d0,CASE-00253,MISSING_PERSON,EVIDENCE_MEDIA,STATE_03_DIST_04_PS_02,STATE_03_DIST_04,STATE_03,POLICE,CLASSIFIED,false,false,false,true,SEALED,ACTIVE,false,false,false,true,TRAINING,UPDATE,false,false,NOT_REQUIRED,BUSINESS_HOURS,ONLINE,MANUAL_ESCALATION,P-2026-05-STEP1,false,true,66562f0d6c1913de3093d85d3389645f09de6266f8e4186bd65ec622fce601fe
REQ-000540,2026-06-01T15:00:00Z,emergency_override,OFF-0121,e35de54e8ce29e22aa4fb84d,Constable,1,POLICE,STATE_01_DIST_04_PS_03,STATE_01_DIST_04,STATE_01,LOW,ACTIVE,NOT_ASSIGNED,REC-000781,118ea5c95a4302f5e6598a30,CASE-00354,JUVENILE_PROTECTION,CYBERCRIME_COMPLAINT,STATE_02_DIST_01_PS_02,STATE_02_DIST_01,STATE_02,POLICE,HIGH,false,false,true,false,OPEN,ACTIVE,false,false,false,true,EMERGENCY_RESPONSE,VIEW,true,false,PRESENT_VALID,AFTER_HOURS,ONLINE,ICJS_STYLE_EXCHANGE,P-2026-05-STEP1,false,true,99a63b51c6ab2a7f874e40790d37525f1197a09c0665365e3d4aa7c31df8f011
REQ-000541,2026-05-29T15:07:00Z,revoked_credential,OFF-0098,a2651cd5c21b20cc4d4edc22,Head Constable,2,POLICE,STATE_03_DIST_01_PS_01,STATE_03_DIST_01,STATE_03,LOW,REVOKED,NOT_ASSIGNED,REC-000787,803e05eda0391b5c99c7c16e,CASE-00288,MISSING_PERSON,WITNESS_STATEMENT,STATE_01_DIST_03_PS_01,STATE_01_DIST_03,STATE_01,POLICE,HIGH,false,true,false,false,OPEN,UNDER_REVIEW,false,false,false,true,AUDIT,DOWNLOAD,false,false,MISSING,BUSINESS_HOURS,DEGRADED,MANUAL_ESCALATION,P-2026-05-STEP1,false,true,2e121c6f0532602d3f50c4b510c225609ddd3e36650fb6d367ec596e4f2cc185
REQ-000542,2026-05-29T06:12:00Z,revoked_credential,OFF-0007,934e26f772b73b1d824939e2,Head Constable,2,POLICE,STATE_01_DIST_03_PS_03,STATE_01_DIST_03,STATE_01,LOW,REVOKED,NOT_ASSIGNED,REC-000110,187880cd627f35cb125937fb,CASE-00169,VIOLENT_CRIME,FORENSIC_REPORT,STATE_03_DIST_04_PS_02,STATE_03_DIST_04,STATE_03,POLICE,HIGH,false,false,false,false,SEALED,ACTIVE,false,false,false,true,INVESTIGATION,VIEW,false,false,MISSING,BUSINESS_HOURS,ONLINE,CCTNS_STYLE_API,P-2026-05-STEP1,false,true,bbc164bea8db8858d3c44c0fe1144e472a2462b1548e796f5eda88ee11b0b2a0
REQ-000543,2026-05-30T18:30:00Z,emergency_override,OFF-0158,88db5c4f1341722984d72ca6,Head Constable,2,POLICE,STATE_02_DIST_02_PS_01,STATE_02_DIST_02,STATE_02,LOW,ACTIVE,NOT_ASSIGNED,REC-000670,e850584f79208f7544c625c3,CASE-00152,JUVENILE_PROTECTION,CASE_DIARY,STATE_01_DIST_04_PS_01,STATE_01_DIST_04,STATE_01,POLICE,HIGH,false,false,true,false,SEALED,ACTIVE,false,false,false,true,EMERGENCY_RESPONSE,VIEW,true,false,PRESENT_VALID,BUSINESS_HOURS,DEGRADED,ICJS_STYLE_EXCHANGE,P-2026-05-STEP1,false,true,0204b8af7ebdfc7475f065817f079441b6633598d8786051dfadca27a0f28105
REQ-000544,2026-05-30T00:32:00Z,cross_jurisdiction_sensitive,OFF-0067,81023882823dba8b6e04e6a8,Constable,1,POLICE,STATE_01_DIST_01_PS_02,STATE_01_DIST_01,STATE_01,LOW,ACTIVE,NOT_ASSIGNED,REC-000891,3de35c117f9aa817f83b27dd,CASE-00354,JUVENILE_PROTECTION,VICTIM_RECORD,STATE_02_DIST_01_PS_02,STATE_02_DIST_01,STATE_02,POLICE,HIGH,true,false,true,false,OPEN,ACTIVE,false,false,false,true,INVESTIGATION,VIEW,false,false,MISSING,BUSINESS_HOURS,ONLINE,CCTNS_STYLE_API,P-2026-05-STEP1,false,true,a6c3c4806e71079730f8e1afbb0f9d7de1167503941f030844d9ef64220eac08
REQ-000545,2026-05-31T13:00:00Z,normal_in_jurisdiction,OFF-0195,b1ddf55c2af537d97ad1287a,Constable,1,POLICE,STATE_01_DIST_04_PS_01,STATE_01_DIST_04,STATE_01,LOW,ACTIVE,ASSIGNED,REC-000877,e114683a25bff76e8e848d9c,CASE-00018,NARCOTICS,FIR_SUMMARY,STATE_01_DIST_04_PS_01,STATE_01_DIST_04,STATE_01,POLICE,LOW,false,false,false,false,OPEN,ACTIVE,true,true,true,false,INVESTIGATION,VIEW,false,false,NOT_REQUIRED,AFTER_HOURS,ONLINE,CCTNS_STYLE_API,P-2026-05-STEP1,false,true,0f8ed442c85c1e750ac9c647cb5c8294be82034b4d87d8b9679009d8ddc00bb6
REQ-000546,2026-06-02T01:36:00Z,stale_case_assignment,OFF-0117,c3da23329ac65eb7b3af694c,Inspector,4,POLICE,STATE_02_DIST_03_PS_03,STATE_02_DIST_03,STATE_02,MEDIUM,ACTIVE,STALE,REC-000737,925484446f2fcc1a58b1ca54,CASE-00018,NARCOTICS,CYBERCRIME_COMPLAINT,STATE_01_DIST_04_PS_01,STATE_01_DIST_04,STATE_01,POLICE,CLASSIFIED,false,false,false,false,OPEN,UNDER_REVIEW,false,false,false,true,INVESTIGATION,VIEW,false,false,MISSING,BUSINESS_HOURS,ONLINE,ICJS_STYLE_EXCHANGE,P-2026-05-STEP1,false,true,9b22656f23828b9c87e685e2d9c8db2a0eea4ef81162548112e6a781e656d87f
REQ-000547,2026-06-01T07:38:00Z,sealed_record,OFF-0224,b20f60775fe6a25591c31932,Inspector,4,POLICE,STATE_02_DIST_01_PS_03,STATE_02_DIST_01,STATE_02,MEDIUM,ACTIVE,NOT_ASSIGNED,REC-000420,b1d414a86aab728f35101d37,CASE-00075,FINANCIAL_CRIME,COURT_SUBMISSION,STATE_03_DIST_02_PS_03,STATE_03_DIST_02,STATE_03,POLICE,HIGH,false,false,false,false,SEALED,ARCHIVED,false,false,false,true,PROSECUTION_REVIEW,VIEW,false,true,MISSING,BUSINESS_HOURS,DEGRADED,ICJS_STYLE_EXCHANGE,P-2026-05-STEP1,false,true,62a20e34a39b4a6716b652799eaa58cce0554a2c5753865bf1c94ea0a955628a
REQ-000548,2026-05-30T10:12:00Z,emergency_override,OFF-0147,94b2d412892c95cbfdbe73cd,Prosecutor Liaison,4,PROSECUTION,STATE_02_DIST_01_PS_02,STATE_02_DIST_01,STATE_02,MEDIUM,ACTIVE,NOT_ASSIGNED,REC-000261,43e3463a3b559634b3353097,CASE-00133,VIOLENT_CRIME,WITNESS_STATEMENT,STATE_03_DIST_03_PS_01,STATE_03_DIST_03,STATE_03,POLICE,MEDIUM,false,true,false,false,OPEN,ARCHIVED,false,false,false,true,EMERGENCY_RESPONSE,VIEW,true,false,MISSING,BUSINESS_HOURS,ONLINE,ICJS_STYLE_EXCHANGE,P-2026-05-STEP1,false,true,25bb3434847da54ad92083e550d2a495489313a0fe8cfa9937cf4da06476425b
REQ-000549,2026-06-02T02:24:00Z,stale_case_assignment,OFF-0047,6734000e8363d6ae298dddfd,Head Constable,2,POLICE,STATE_02_DIST_04_PS_03,STATE_02_DIST_04,STATE_02,LOW,ACTIVE,STALE,REC-000220,c3ad49089de0c685eea42246,CASE-00150,FINANCIAL_CRIME,FORENSIC_REPORT,STATE_01_DIST_03_PS_01,STATE_01_DIST_03,STATE_01,POLICE,HIGH,false,false,false,false,OPEN,ACTIVE,false,false,false,true,INVESTIGATION,VIEW,false,false,MISSING,AFTER_HOURS,ONLINE,ICJS_STYLE_EXCHANGE,P-2026-05-STEP1,false,true,3d983a68956dc64c432f88dc8e680240dcebd49c37be50ffe33d52c69baf5b6d
REQ-000550,2026-06-01T08:20:00Z,juvenile_sensitive,OFF-0099,058b6ca906f6f017cad2b2fa,Prosecutor Liaison,4,PROSECUTION,STATE_01_DIST_03_PS_01,STATE_01_DIST_03,STATE_01,MEDIUM,ACTIVE,NOT_ASSIGNED,REC-000768,17c8611dfefa058b391351b2,CASE-00194,JUVENILE_PROTECTION,CASE_DIARY,STATE_03_DIST_04_PS_02,STATE_03_DIST_04,STATE_03,POLICE,HIGH,false,false,true,false,OPEN,ACTIVE,false,false,false,true,INVESTIGATION,DOWNLOAD,false,false,PRESENT_VALID,BUSINESS_HOURS,ONLINE,CCTNS_STYLE_API,P-2026-05-STEP1,false,true,3d5c025da701fa89618f8a871230ffbebc035c3fe10b8ace7d9a1a81664768c3
REQ-000551,2026-05-30T19:50:00Z,expired_approval_token,OFF-0148,adb77e6ea2a2edb0afc7410d,Prosecutor Liaison,4,PROSECUTION,STATE_03_DIST_02_PS_02,STATE_03_DIST_02,STATE_03,MEDIUM,ACTIVE,NOT_ASSIGNED,REC-000164,dea11452e75842355e8f6dca,CASE-00213,VIOLENT_CRIME,FIR_SUMMARY,STATE_02_DIST_01_PS_01,STATE_02_DIST_01,STATE_02,POLICE,MEDIUM,false,false,false,false,SEALED,ARCHIVED,false,false,false,true,INVESTIGATION,VIEW,false,false,EXPIRED,BUSINESS_HOURS,ONLINE,ICJS_STYLE_EXCHANGE,P-2026-05-STEP1,false,true,a8d8d40f704c479c4b529727a8c69b67990dfb7be22c39dd3310b40951fec410
REQ-000552,2026-05-29T16:24:00Z,cross_jurisdiction_sensitive,OFF-0156,5f299dc3f248e4c74232aab4,Constable,1,POLICE,STATE_01_DIST_01_PS_03,STATE_01_DIST_01,STATE_01,LOW,ACTIVE,NOT_ASSIGNED,REC-000554,92872ffb7c6c9c30fc3afc0f,CASE-00047,JUVENILE_PROTECTION,VICTIM_RECORD,STATE_01_DIST_02_PS_03,STATE_01_DIST_02,STATE_01,POLICE,HIGH,true,false,true,false,OPEN,ACTIVE,false,false,true,true,INVESTIGATION,VIEW,false,false,PRESENT_VALID,AFTER_HOURS,ONLINE,CCTNS_STYLE_API,P-2026-05-STEP1,false,true,387651ac44eb5be85e236157c9abecb82480e08d3617ef0c15b7fdc2f586a90a
REQ-000553,2026-05-28T03:39:00Z,random_context,OFF-0079,769c0f71f92a8b49e252746c,Cybercrime Officer,4,CYBERCRIME,STATE_03_DIST_02_PS_01,STATE_03_DIST_02,STATE_03,HIGH,ACTIVE,NOT_ASSIGNED,REC-000018,f7957a653c92d0a1cfcc053a,CASE-00106,JUVENILE_PROTECTION,WITNESS_STATEMENT,STATE_01_DIST_01_PS_03,STATE_01_DIST_01,STATE_01,POLICE,HIGH,false,true,true,false,OPEN,ARCHIVED,false,false,false,true,PROSECUTION_REVIEW,VIEW,false,false,MISSING,BUSINESS_HOURS,ONLINE,ICJS_STYLE_EXCHANGE,P-2026-05-STEP1,false,true,26fcfa2956ba9c04cba80eb87d556b22bf0a458f9cbadb9e138138ea6ab97b4e
REQ-000554,2026-05-28T12:56:00Z,stale_case_assignment,OFF-0105,acd11cf62713639d9ec501cd,Senior Superintendent,6,POLICE,STATE_03_DIST_04_PS_02,STATE_03_DIST_04,STATE_03,CLASSIFIED,ACTIVE,STALE,REC-000369,2b2d7ab4e1a9781372404fec,CASE-00117,MISSING_PERSON,JUVENILE_RECORD,STATE_01_DIST_02_PS_01,STATE_01_DIST_02,STATE_01,POLICE,CLASSIFIED,false,false,true,false,SEALED,ACTIVE,false,false,false,true,INVESTIGATION,APPROVE,false,false,MISSING,BUSINESS_HOURS,ONLINE,MANUAL_ESCALATION,P-2026-05-STEP1,false,true,77c52d38b85860e191208ac09876f03903aef80f6ffa50ba606be23a1f73cb6c
REQ-000555,2026-06-01T09:30:00Z,sealed_record,OFF-0004,4fe847ab79de841540c7b990,Sub-Inspector,3,POLICE,STATE_01_DIST_04_PS_01,STATE_01_DIST_04,STATE_01,MEDIUM,ACTIVE,NOT_ASSIGNED,REC-000314,b4476e72e12a7120e87a4bfb,CASE-00205,VIOLENT_CRIME,CYBERCRIME_COMPLAINT,STATE_01_DIST_01_PS_02,STATE_01_DIST_01,STATE_01,POLICE,HIGH,false,false,false,false,SEALED,ACTIVE,false,false,true,true,INVESTIGATION,SHARE,false,false,PRESENT_VALID,BUSINESS_HOURS,ONLINE,MANUAL_ESCALATION,P-2026-05-STEP1,false,true,23e3e71d66070aa44ff7ea779665f0d6cd296ce5e805dc08dbe1bb8b68ef197f
REQ-000556,2026-05-30T11:24:00Z,normal_in_jurisdiction,OFF-0206,05c3cda35f4947118d9b39ea,Constable,1,POLICE,STATE_01_DIST_01_PS_01,STATE_01_DIST_01,STATE_01,LOW,ACTIVE,ASSIGNED,REC-000489,f9bc8573a426e646d493c5fc,CASE-00055,NARCOTICS,FIR_SUMMARY,STATE_01_DIST_01_PS_01,STATE_01_DIST_01,STATE_01,POLICE,MEDIUM,false,false,false,false,OPEN,ARCHIVED,true,true,true,false,INVESTIGATION,VIEW,false,false,NOT_REQUIRED,BUSINESS_HOURS,ONLINE,ICJS_STYLE_EXCHANGE,P-2026-05-STEP1,false,true,161dd8592cdb0033b66096a36b35e8753254488b536bd5294c8857656a8c9116
REQ-000557,2026-05-28T03:51:00Z,random_context,OFF-0229,910fbfbd952d337d55470015,Head Constable,2,POLICE,STATE_02_DIST_03_PS_03,STATE_02_DIST_03,STATE_02,LOW,ACTIVE,NOT_ASSIGNED,REC-000069,c3f180cb72fe055ae1475896,CASE-00031,WOMEN_CHILD_SAFETY,FIR_SUMMARY,STATE_02_DIST_01_PS_02,STATE_02_DIST_01,STATE_02,POLICE,HIGH,true,false,false,false,OPEN,ACTIVE,false,false,true,true,PROSECUTION_REVIEW,VIEW,false,false,MISSING,BUSINESS_HOURS,ONLINE,CCTNS_STYLE_API,P-2026-05-STEP1,false,true,ac3e6aa48fa293d57a119cd792d5b0d22f11589ba82064269968d767b71ab2fa
REQ-000558,2026-06-02T04:48:00Z,juvenile_sensitive,OFF-0133,58ae919f19aeb7c7f1527d26,Forensic Officer,4,FORENSIC,STATE_03_DIST_01_PS_02,STATE_03_DIST_01,STATE_03,HIGH,ACTIVE,NOT_ASSIGNED,REC-000842,6eb3070cc91b9cf830a1ecb0,CASE-00219,JUVENILE_PROTECTION,EVIDENCE_MEDIA,STATE_01_DIST_03_PS_02,STATE_01_DIST_03,STATE_01,POLICE,CLASSIFIED,false,false,true,true,SEALED,ACTIVE,false,false,false,true,SUPERVISION,VIEW,false,false,MISSING,BUSINESS_HOURS,STATION_NODE_DOWN,ICJS_STYLE_EXCHANGE,P-2026-05-STEP1,false,true,53dcedb6e4282daa4b2319c48a19f4b2b6a3c458fbf6b6da15e3c07fc0821407
REQ-000559,2026-05-28T03:57:00Z,revoked_credential,OFF-0196,d60f48d22e03c3316a18fa6d,Inspector,4,POLICE,STATE_01_DIST_03_PS_01,STATE_01_DIST_03,STATE_01,MEDIUM,REVOKED,NOT_ASSIGNED,REC-000873,7afceb4a34e1bbb7c6eb147f,CASE-00013,VIOLENT_CRIME,CYBERCRIME_COMPLAINT,STATE_02_DIST_01_PS_03,STATE_02_DIST_01,STATE_02,POLICE,MEDIUM,false,false,false,false,OPEN,UNDER_REVIEW,false,false,false,true,AUDIT,VIEW,false,false,MISSING,BUSINESS_HOURS,ONLINE,CCTNS_STYLE_API,P-2026-05-STEP1,false,true,4eac8abe8fa0f6b971991b09985186b4bdbe9e2e57341c41ae573243dbeedc20
REQ-000560,2026-05-31T16:00:00Z,stale_case_assignment,OFF-0224,b20f60775fe6a25591c31932,Inspector,4,POLICE,STATE_02_DIST_01_PS_03,STATE_02_DIST_01,STATE_02,MEDIUM,ACTIVE,STALE,REC-000163,65a60273afcbaa34ae4c3128,CASE-00233,FINANCIAL_CRIME,COURT_SUBMISSION,STATE_03_DIST_04_PS_03,STATE_03_DIST_04,STATE_03,POLICE,HIGH,false,false,false,false,OPEN,ARCHIVED,false,false,false,true,INVESTIGATION,VIEW,false,false,MISSING,BUSINESS_HOURS,ONLINE,ICJS_STYLE_EXCHANGE,P-2026-05-STEP1,false,true,08550d4e257ed048dd8d04427bb5ce3b73f6cebf8ef5931347eeb2047eeac5a6
REQ-000561,2026-06-01T01:33:00Z,revoked_credential,OFF-0189,0f5e28fd8c1c5a758d17ef19,Inspector,4,POLICE,STATE_01_DIST_01_PS_03,STATE_01_DIST_01,STATE_01,MEDIUM,REVOKED,NOT_ASSIGNED,REC-000301,19c48d877feab54f0ec30141,CASE-00129,VIOLENT_CRIME,CASE_DIARY,STATE_02_DIST_03_PS_02,STATE_02_DIST_03,STATE_02,POLICE,HIGH,false,false,false,false,OPEN,ACTIVE,false,false,false,true,INVESTIGATION,VIEW,false,false,MISSING,NIGHT,ONLINE,ICJS_STYLE_EXCHANGE,P-2026-05-STEP1,false,true,c690822ef959b916beaf9d5945713e431ce0fa59a8ccc5f39f26a23bdcef0d16
REQ-000562,2026-06-01T20:30:00Z,sealed_record,OFF-0123,72950e6372134a5838550d42,Head Constable,2,POLICE,STATE_03_DIST_02_PS_01,STATE_03_DIST_02,STATE_03,LOW,ACTIVE,NOT_ASSIGNED,REC-000376,dad96ab404cb3162880756ed,CASE-00126,JUVENILE_PROTECTION,VICTIM_RECORD,STATE_01_DIST_02_PS_02,STATE_01_DIST_02,STATE_01,POLICE,CLASSIFIED,true,false,true,false,SEALED,ACTIVE,false,false,false,true,COURT_PRODUCTION,UPDATE,false,true,MISSING,BUSINESS_HOURS,ONLINE,MANUAL_ESCALATION,P-2026-05-STEP1,false,true,58068f43dcec16fd87a76674edab36a3222dac0f425df42f4b60ab90b6bbcaa0
REQ-000563,2026-05-31T07:13:00Z,court_request,OFF-0083,eab5f274c3e036f9a382d87d,Head Constable,2,POLICE,STATE_03_DIST_03_PS_01,STATE_03_DIST_03,STATE_03,LOW,SUSPENDED,NOT_ASSIGNED,REC-000075,6a40e28a9342f16dc5165083,CASE-00020,JUVENILE_PROTECTION,CYBERCRIME_COMPLAINT,STATE_02_DIST_02_PS_01,STATE_02_DIST_02,STATE_02,POLICE,HIGH,false,false,true,false,OPEN,ARCHIVED,false,false,false,true,COURT_PRODUCTION,VIEW,false,true,PRESENT_VALID,BUSINESS_HOURS,DEGRADED,ICJS_STYLE_EXCHANGE,P-2026-05-STEP1,false,true,da1f0c616ebba158cfd2c7373316f9cdbf1f4e51c437768775952afca1f787b3
REQ-000564,2026-06-02T06:24:00Z,random_context,OFF-0005,0c324b29f9a967adb599bde0,Sub-Inspector,3,POLICE,STATE_01_DIST_02_PS_03,STATE_01_DIST_02,STATE_01,MEDIUM,ACTIVE,NOT_ASSIGNED,REC-000346,9ce8cdb605a07f0e9f3a0392,CASE-00025,MISSING_PERSON,CASE_DIARY,STATE_01_DIST_03_PS_02,STATE_01_DIST_03,STATE_01,POLICE,HIGH,false,false,false,false,OPEN,ACTIVE,false,false,true,true,INVESTIGATION,VIEW,false,false,PRESENT_VALID,BUSINESS_HOURS,DEGRADED,CCTNS_STYLE_API,P-2026-05-STEP1,false,true,d3625c4da7704f5d53ecef9196b70cbdb75168b51057e935adb225295f7540d9
REQ-000565,2026-05-27T18:50:00Z,emergency_override,OFF-0074,0cef9a18606529b664cb0b3f,Cybercrime Officer,4,CYBERCRIME,STATE_03_DIST_02_PS_01,STATE_03_DIST_02,STATE_03,HIGH,ACTIVE,NOT_ASSIGNED,REC-000548,9da541f8b8af7d40230d7193,CASE-00286,WOMEN_CHILD_SAFETY,CASE_DIARY,STATE_02_DIST_01_PS_02,STATE_02_DIST_01,STATE_02,POLICE,HIGH,true,false,false,false,OPEN,UNDER_REVIEW,false,false,false,true,EMERGENCY_RESPONSE,VIEW,true,false,PRESENT_VALID,BUSINESS_HOURS,ONLINE,MANUAL_ESCALATION,P-2026-05-STEP1,false,true,78eb92b0aa771d96a4786767df43db0092bca0361cb5231478557accbbf676b9
REQ-000566,2026-06-01T12:04:00Z,stale_case_assignment,OFF-0097,0de9124a7d38c17a328e4497,Inspector,4,POLICE,STATE_01_DIST_04_PS_03,STATE_01_DIST_04,STATE_01,MEDIUM,ACTIVE,STALE,REC-000183,e12e00177a9ba0dc649887b2,CASE-00193,JUVENILE_PROTECTION,EVIDENCE_MEDIA,STATE_03_DIST_03_PS_01,STATE_03_DIST_03,STATE_03,POLICE,CLASSIFIED,false,false,true,true,OPEN,ACTIVE,false,false,false,true,INVESTIGATION,VIEW,false,false,MISSING,BUSINESS_HOURS,ONLINE,ICJS_STYLE_EXCHANGE,P-2026-05-STEP1,false,true,66d3e3ec6a9dd98931d09ec4b442e7ecaa564eaf42477bb81a0c19ed087fcf2a
REQ-000567,2026-05-28T13:48:00Z,normal_in_jurisdiction,OFF-0222,fed71b6f957fb445cdad7897,Constable,1,POLICE,STATE_03_DIST_01_PS_02,STATE_03_DIST_01,STATE_03,LOW,ACTIVE,ASSIGNED,REC-000637,e21447eba26803ebe0ef50d8,CASE-00269,FINANCIAL_CRIME,COURT_SUBMISSION,STATE_03_DIST_01_PS_02,STATE_03_DIST_01,STATE_03,POLICE,MEDIUM,false,false,false,false,OPEN,UNDER_REVIEW,true,true,true,false,INVESTIGATION,VIEW,false,false,NOT_REQUIRED,BUSINESS_HOURS,ONLINE,MANUAL_ESCALATION,P-2026-05-STEP1,false,true,632d02fe7e04578cb17602f9fc1aa1004adf17f8b0ef583b4136111ee942123a
REQ-000568,2026-06-01T12:32:00Z,cross_jurisdiction_sensitive,OFF-0223,f04272809174dac17c3936fd,Station House Officer,5,POLICE,STATE_03_DIST_04_PS_02,STATE_03_DIST_04,STATE_03,HIGH,ACTIVE,NOT_ASSIGNED,REC-000888,ee55c8a6a4e3f5ecb860e4be,CASE-00298,NARCOTICS,CASE_DIARY,STATE_03_DIST_01_PS_03,STATE_03_DIST_01,STATE_03,POLICE,CLASSIFIED,false,false,false,false,OPEN,ARCHIVED,false,false,true,true,INVESTIGATION,VIEW,false,false,MISSING,BUSINESS_HOURS,ONLINE,CCTNS_STYLE_API,P-2026-05-STEP1,false,true,cca77e892ea61fc7878b77081dbe6c11c4bda1e1271a6883f9a4ed8e4b8c6c1e
REQ-000569,2026-05-30T03:52:00Z,expired_approval_token,OFF-0176,c078db1796c2d8c169b84669,Head Constable,2,POLICE,STATE_01_DIST_04_PS_03,STATE_01_DIST_04,STATE_01,LOW,ACTIVE,NOT_ASSIGNED,REC-000766,2867d85e6650cddfa2049599,CASE-00157,CYBER_FRAUD,FORENSIC_REPORT,STATE_01_DIST_04_PS_03,STATE_01_DIST_04,STATE_01,POLICE,HIGH,false,false,false,false,OPEN,ACTIVE,true,true,true,false,FORENSIC_REVIEW,VIEW,false,false,EXPIRED,BUSINESS_HOURS,ONLINE,ICJS_STYLE_EXCHANGE,P-2026-05-STEP1,false,true,9a7468dfea6f42f6df73cc86cac6962e572116c53deb577519ec48cd0c573b21
REQ-000570,2026-05-28T14:00:00Z,random_context,OFF-0061,86505bfb457a23f7a0108287,Constable,1,POLICE,STATE_03_DIST_04_PS_03,STATE_03_DIST_04,STATE_03,LOW,ACTIVE,NOT_ASSIGNED,REC-000263,68994c9b44433265a4ba8f45,CASE-00310,VIOLENT_CRIME,FORENSIC_REPORT,STATE_02_DIST_04_PS_03,STATE_02_DIST_04,STATE_02,POLICE,HIGH,false,false,false,false,OPEN,ACTIVE,false,false,false,true,TRAINING,VIEW,false,false,NOT_REQUIRED,AFTER_HOURS,ONLINE,CCTNS_STYLE_API,P-2026-05-STEP1,false,true,531d77aae7b721ff8aa639f2e52ea834b6349a33d5e4e8a024c23a72378d9956
REQ-000571,2026-05-29T18:37:00Z,juvenile_sensitive,OFF-0232,8e0a9feb90e3ea8a4997b70d,Sub-Inspector,3,POLICE,STATE_03_DIST_03_PS_01,STATE_03_DIST_03,STATE_03,MEDIUM,ACTIVE,NOT_ASSIGNED,REC-000302,480dd8d22c5fc6cb6b711fb3,CASE-00194,JUVENILE_PROTECTION,COURT_SUBMISSION,STATE_03_DIST_04_PS_02,STATE_03_DIST_04,STATE_03,POLICE,MEDIUM,false,false,true,false,OPEN,ACTIVE,false,false,true,true,SUPERVISION,SHARE,false,false,MISSING,BUSINESS_HOURS,ONLINE,ICJS_STYLE_EXCHANGE,P-2026-05-STEP1,false,true,646a0cbae8628d1ef87661117c489b452ef55a14c6a2c4310272a551e8a2c1d5
REQ-000572,2026-06-01T03:56:00Z,normal_in_jurisdiction,OFF-0030,02df4864bc93f0037e94de95,Sub-Inspector,3,POLICE,STATE_01_DIST_02_PS_01,STATE_01_DIST_02,STATE_01,MEDIUM,ACTIVE,ASSIGNED,REC-000753,9770c21f3a7c95d8dcd7a099,CASE-00245,CYBER_FRAUD,COURT_SUBMISSION,STATE_01_DIST_02_PS_01,STATE_01_DIST_02,STATE_01,POLICE,MEDIUM,false,false,false,false,OPEN,ACTIVE,true,true,true,false,INVESTIGATION,VIEW,false,false,NOT_REQUIRED,BUSINESS_HOURS,ONLINE,ICJS_STYLE_EXCHANGE,P-2026-05-STEP1,false,true,fb0ab8d40d9a7b5491f877ba52cd34d9cc28552dcb2118c75f02ddc7e0ff7cc9
REQ-000573,2026-05-30T13:57:00Z,juvenile_sensitive,OFF-0142,eff0953046ce4a5fb1d8ee91,Station House Officer,5,POLICE,STATE_03_DIST_03_PS_02,STATE_03_DIST_03,STATE_03,HIGH,ACTIVE,NOT_ASSIGNED,REC-000656,e11cd5a6c9ec9e77c31803ca,CASE-00198,JUVENILE_PROTECTION,CYBERCRIME_COMPLAINT,STATE_01_DIST_04_PS_02,STATE_01_DIST_04,STATE_01,POLICE,CLASSIFIED,false,false,true,false,OPEN,ACTIVE,false,false,false,true,SUPERVISION,VIEW,false,false,MISSING,BUSINESS_HOURS,DEGRADED,MANUAL_ESCALATION,P-2026-05-STEP1,false,true,d04e97079e710c129f057ca5986cdcdb9cd2870e8c5e11cd63822d28e3f1c22d
REQ-000574,2026-06-01T23:30:00Z,court_request,OFF-0098,a2651cd5c21b20cc4d4edc22,Head Constable,2,POLICE,STATE_03_DIST_01_PS_01,STATE_03_DIST_01,STATE_03,LOW,REVOKED,NOT_ASSIGNED,REC-000622,ca90f42fb360620381782a1e,CASE-00213,VIOLENT_CRIME,FIR_SUMMARY,STATE_02_DIST_01_PS_01,STATE_02_DIST_01,STATE_02,POLICE,LOW,false,false,false,false,OPEN,ARCHIVED,false,false,false,true,COURT_PRODUCTION,SHARE,false,true,PRESENT_VALID,BUSINESS_HOURS,ONLINE,CCTNS_STYLE_API,P-2026-05-STEP1,false,true,29e3828e7b8465e68c72fe40a11ff2bc92e5f29e66ff914bd059ea9e7a279cfe
REQ-000575,2026-05-28T14:20:00Z,revoked_credential,OFF-0196,d60f48d22e03c3316a18fa6d,Inspector,4,POLICE,STATE_01_DIST_03_PS_01,STATE_01_DIST_03,STATE_01,MEDIUM,REVOKED,NOT_ASSIGNED,REC-000577,8cd436b23498bf982d16d8f4,CASE-00179,FINANCIAL_CRIME,VICTIM_RECORD,STATE_03_DIST_02_PS_01,STATE_03_DIST_02,STATE_03,POLICE,HIGH,true,false,false,false,OPEN,ARCHIVED,false,false,false,true,AUDIT,VIEW,false,false,MISSING,NIGHT,ONLINE,MANUAL_ESCALATION,P-2026-05-STEP1,false,true,3dfee18ef91011950032a7dfab993799ddba91f9182449712fc4c68f94c0ff18
REQ-000576,2026-06-02T09:36:00Z,sealed_record,OFF-0166,b6791729f7de52114f8f5aba,Head Constable,2,POLICE,STATE_02_DIST_02_PS_03,STATE_02_DIST_02,STATE_02,LOW,ACTIVE,ASSIGNED,REC-000730,3e8026e6986a08be7ea67710,CASE-00342,NARCOTICS,FORENSIC_REPORT,STATE_02_DIST_02_PS_03,STATE_02_DIST_02,STATE_02,POLICE,HIGH,false,false,false,false,SEALED,ACTIVE,true,true,true,false,COURT_PRODUCTION,VIEW,false,true,MISSING,AFTER_HOURS,ONLINE,MANUAL_ESCALATION,P-2026-05-STEP1,false,true,67605570abe2376100e050eb2e7a2b9ed7cd746580d677e87b5c7a22e4d27d9e
REQ-000577,2026-05-28T04:51:00Z,court_request,OFF-0071,b43730f9ee11d476cccd1130,Head Constable,2,POLICE,STATE_02_DIST_01_PS_03,STATE_02_DIST_01,STATE_02,LOW,ACTIVE,NOT_ASSIGNED,REC-000508,3a993cc7b9f6a4ba103eaf9d,CASE-00289,NARCOTICS,CYBERCRIME_COMPLAINT,STATE_01_DIST_02_PS_01,STATE_01_DIST_02,STATE_01,POLICE,HIGH,false,false,false,false,OPEN,ACTIVE,false,false,false,true,PROSECUTION_REVIEW,DOWNLOAD,false,true,PRESENT_VALID,BUSINESS_HOURS,ONLINE,CCTNS_STYLE_API,P-2026-05-STEP1,false,true,2720ae66fc2e5d8535651dc9dc722f5eb3e0a5cf23bddab084d25f16daa39d9f
REQ-000578,2026-05-30T14:42:00Z,cross_jurisdiction_sensitive,OFF-0201,362db027dc02e204d8d16948,Constable,1,POLICE,STATE_02_DIST_02_PS_02,STATE_02_DIST_02,STATE_02,LOW,ACTIVE,NOT_ASSIGNED,REC-000469,d34c1d02092001a70a7d7610,CASE-00312,NARCOTICS,EVIDENCE_MEDIA,STATE_02_DIST_03_PS_03,STATE_02_DIST_03,STATE_02,POLICE,HIGH,false,false,false,true,OPEN,ACTIVE,false,false,true,true,SUPERVISION,VIEW,false,false,MISSING,BUSINESS_HOURS,ONLINE,ICJS_STYLE_EXCHANGE,P-2026-05-STEP1,false,true,1e0190790a5985f6effe98b6d84dcfec55b2ba66fc42fa5a7e5fb6fefe7fb97a
REQ-000579,2026-06-02T00:45:00Z,revoked_credential,OFF-0065,6d335433b612a148a4921389,Constable,1,POLICE,STATE_03_DIST_02_PS_02,STATE_03_DIST_02,STATE_03,LOW,REVOKED,NOT_ASSIGNED,REC-000042,a1b52acab80056cbe18f7a51,CASE-00235,WOMEN_CHILD_SAFETY,WITNESS_STATEMENT,STATE_03_DIST_02_PS_03,STATE_03_DIST_02,STATE_03,POLICE,CLASSIFIED,true,true,false,false,OPEN,ACTIVE,false,true,true,false,INVESTIGATION,VIEW,false,false,MISSING,BUSINESS_HOURS,ONLINE,MANUAL_ESCALATION,P-2026-05-STEP1,false,true,5c2d3b473f2e016c0c8d9cf6eba760b55e75fdca4a3ad2429bd6bd195e323f00
REQ-000580,2026-05-31T20:00:00Z,random_context,OFF-0025,7fa77f7b07565190b1b9a0af,Forensic Officer,4,FORENSIC,STATE_02_DIST_01_PS_01,STATE_02_DIST_01,STATE_02,HIGH,ACTIVE,NOT_ASSIGNED,REC-000569,e1148c15109211a512b9f29b,CASE-00200,CYBER_FRAUD,VICTIM_RECORD,STATE_03_DIST_04_PS_01,STATE_03_DIST_04,STATE_03,POLICE,HIGH,true,false,false,false,OPEN,ACTIVE,false,false,false,true,FORENSIC_REVIEW,VIEW,false,false,NOT_REQUIRED,AFTER_HOURS,DEGRADED,CCTNS_STYLE_API,P-2026-05-STEP1,false,true,7285c66592aa44b1cdf196a8af3cf9884f1c81ae68017522b248fd15d1b51a59
REQ-000581,2026-06-01T05:53:00Z,juvenile_sensitive,OFF-0198,5d9a86e9bbd1b3774caee2db,Constable,1,POLICE,STATE_03_DIST_03_PS_03,STATE_03_DIST_03,STATE_03,LOW,ACTIVE,NOT_ASSIGNED,REC-000504,175d5a935eeacb3276aa0ab5,CASE-00360,JUVENILE_PROTECTION,JUVENILE_RECORD,STATE_03_DIST_04_PS_01,STATE_03_DIST_04,STATE_03,POLICE,CLASSIFIED,false,false,true,false,OPEN,ACTIVE,false,false,true,true,SUPERVISION,VIEW,false,false,PRESENT_VALID,BUSINESS_HOURS,ONLINE,CCTNS_STYLE_API,P-2026-05-STEP1,false,true,052dd11369234dd4589c7af7b2748e1bed89c50366fa188a8f7541bfff33f1ef
REQ-000582,2026-05-31T01:00:00Z,normal_in_jurisdiction,OFF-0107,fb4c90a703ac874dae2f1454,Inspector,4,POLICE,STATE_01_DIST_01_PS_03,STATE_01_DIST_01,STATE_01,MEDIUM,ACTIVE,NOT_ASSIGNED,REC-000871,93085d59bbfcecbde699aaeb,CASE-00034,JUVENILE_PROTECTION,VICTIM_RECORD,STATE_02_DIST_04_PS_03,STATE_02_DIST_04,STATE_02,POLICE,HIGH,true,false,true,false,OPEN,UNDER_REVIEW,false,false,false,true,INVESTIGATION,VIEW,false,false,NOT_REQUIRED,BUSINESS_HOURS,DEGRADED,MANUAL_ESCALATION,P-2026-05-STEP1,false,true,cbfc65fa33f5d60cd669c4ac798e55f55067f7b2a53e77b47f72d22fdec902f7
REQ-000583,2026-05-31T01:10:00Z,expired_approval_token,OFF-0170,46b29e30bec752302a2d886e,Sub-Inspector,3,POLICE,STATE_03_DIST_04_PS_02,STATE_03_DIST_04,STATE_03,MEDIUM,ACTIVE,NOT_ASSIGNED,REC-000771,e7b2a26cabc70803d3186378,CASE-00049,WOMEN_CHILD_SAFETY,EVIDENCE_MEDIA,STATE_01_DIST_03_PS_01,STATE_01_DIST_03,STATE_01,POLICE,CLASSIFIED,true,false,false,true,OPEN,ACTIVE,false,false,false,true,INVESTIGATION,VIEW,false,false,EXPIRED,BUSINESS_HOURS,ONLINE,CCTNS_STYLE_API,P-2026-05-STEP1,false,true,db9b2b8ab84a18f084ff03e5b53b4cf65d5962a0fe97b39b64755433c0e78449
REQ-000584,2026-05-29T10:24:00Z,normal_in_jurisdiction,OFF-0159,a1e23926bdb89d718dc0ff23,Inspector,4,POLICE,STATE_03_DIST_02_PS_03,STATE_03_DIST_02,STATE_03,MEDIUM,ACTIVE,ASSIGNED,REC-000645,3d33aeac9a024f9da6d7ccf9,CASE-00235,WOMEN_CHILD_SAFETY,VICTIM_RECORD,STATE_03_DIST_02_PS_03,STATE_03_DIST_02,STATE_03,POLICE,MEDIUM,true,false,false,false,OPEN,ACTIVE,true,true,true,false,INVESTIGATION,VIEW,false,false,NOT_REQUIRED,BUSINESS_HOURS,ONLINE,ICJS_STYLE_EXCHANGE,P-2026-05-STEP1,false,true,61b38b188aeefceb5a60285bc004328a05977d4cbc106209c425b7f9df1b0e1a
REQ-000585,2026-05-29T20:15:00Z,random_context,OFF-0204,36f9518be85535c10000ffd5,Constable,1,POLICE,STATE_03_DIST_02_PS_01,STATE_03_DIST_02,STATE_03,LOW,ACTIVE,NOT_ASSIGNED,REC-000635,9ef7805d5e451525d9e7038e,CASE-00003,VIOLENT_CRIME,FIR_SUMMARY,STATE_03_DIST_01_PS_02,STATE_03_DIST_01,STATE_03,POLICE,LOW,false,false,false,false,OPEN,ACTIVE,false,false,true,true,TRAINING,VIEW,false,false,MISSING,BUSINESS_HOURS,ONLINE,CCTNS_STYLE_API,P-2026-05-STEP1,false,true,4973ecf3d8a25858147c2ca720e2d2204eea0a9e3a941027178b6746f3092251
REQ-000586,2026-05-27T19:32:00Z,emergency_override,OFF-0236,3a6a5386535f809a826fc8a7,Inspector,4,POLICE,STATE_02_DIST_03_PS_03,STATE_02_DIST_03,STATE_02,MEDIUM,ACTIVE,NOT_ASSIGNED,REC-000722,9f2756d9a164d273be443708,CASE-00105,FINANCIAL_CRIME,WITNESS_STATEMENT,STATE_01_DIST_02_PS_02,STATE_01_DIST_02,STATE_01,POLICE,HIGH,false,true,false,false,OPEN,ARCHIVED,false,false,false,true,EMERGENCY_RESPONSE,VIEW,true,false,MISSING,BUSINESS_HOURS,ONLINE,ICJS_STYLE_EXCHANGE,P-2026-05-STEP1,false,true,0165983ebfa96f139f09e31b75ba93d2c87d31a5fa413aca862bd153ab608a53
REQ-000587,2026-06-01T07:11:00Z,court_request,OFF-0123,72950e6372134a5838550d42,Head Constable,2,POLICE,STATE_03_DIST_02_PS_01,STATE_03_DIST_02,STATE_03,LOW,ACTIVE,NOT_ASSIGNED,REC-000132,3c448fe6bc8192a79adae014,CASE-00303,CYBER_FRAUD,FIR_SUMMARY,STATE_02_DIST_02_PS_01,STATE_02_DIST_02,STATE_02,POLICE,MEDIUM,false,false,false,false,SEALED,ACTIVE,false,false,false,true,PROSECUTION_REVIEW,UPDATE,false,true,PRESENT_VALID,AFTER_HOURS,ONLINE,CCTNS_STYLE_API,P-2026-05-STEP1,false,true,0a5e3dc152334b619af647e94c01c03bd6bba8a522afb9ffe68b8b5bb8be18ac
REQ-000588,2026-05-29T10:48:00Z,random_context,OFF-0125,97ea02f4f8fba926781c7fc5,Inspector,4,POLICE,STATE_02_DIST_03_PS_02,STATE_02_DIST_03,STATE_02,MEDIUM,ACTIVE,NOT_ASSIGNED,REC-000672,1922b95ccc37339a4045c508,CASE-00054,FINANCIAL_CRIME,VICTIM_RECORD,STATE_01_DIST_04_PS_03,STATE_01_DIST_04,STATE_01,POLICE,HIGH,true,false,false,false,OPEN,UNDER_REVIEW,false,false,false,true,TRAINING,VIEW,false,false,NOT_REQUIRED,BUSINESS_HOURS,ONLINE,ICJS_STYLE_EXCHANGE,P-2026-05-STEP1,false,true,d62b22d7fabd9617a66d4672c3bc5f9998215b81bf886dca38ccc907808ed24a
REQ-000589,2026-05-29T01:05:00Z,court_request,OFF-0065,6d335433b612a148a4921389,Constable,1,POLICE,STATE_03_DIST_02_PS_02,STATE_03_DIST_02,STATE_03,LOW,REVOKED,NOT_ASSIGNED,REC-000589,fa5da650d6cfd54f2bc102af,CASE-00170,FINANCIAL_CRIME,FIR_SUMMARY,STATE_02_DIST_04_PS_03,STATE_02_DIST_04,STATE_02,POLICE,LOW,false,false,false,false,OPEN,ACTIVE,false,false,false,true,COURT_PRODUCTION,VIEW,false,true,PRESENT_VALID,BUSINESS_HOURS,ONLINE,MANUAL_ESCALATION,P-2026-05-STEP1,false,true,3cee91f20464b1124f8523d63986fd905ebb5a2a1129290774154d13dc83741c
REQ-000590,2026-06-01T17:40:00Z,revoked_credential,OFF-0065,6d335433b612a148a4921389,Constable,1,POLICE,STATE_03_DIST_02_PS_02,STATE_03_DIST_02,STATE_03,LOW,REVOKED,NOT_ASSIGNED,REC-000854,6db7c5075e1c51bf79a23ffe,CASE-00334,JUVENILE_PROTECTION,CASE_DIARY,STATE_01_DIST_04_PS_01,STATE_01_DIST_04,STATE_01,POLICE,MEDIUM,false,false,true,false,OPEN,ACTIVE,false,false,false,true,INVESTIGATION,VIEW,false,false,MISSING,BUSINESS_HOURS,ONLINE,CCTNS_STYLE_API,P-2026-05-STEP1,false,true,b09b36619c7ca1b50dac16a72277ecdf2d7e0f6def4615480f96cac551fa4977
REQ-000591,2026-05-29T01:15:00Z,sealed_record,OFF-0075,b4d11e5f08de15f8b7a05319,Forensic Officer,4,FORENSIC,STATE_01_DIST_03_PS_01,STATE_01_DIST_03,STATE_01,HIGH,ACTIVE,NOT_ASSIGNED,REC-000343,121319e5c742c9826335312f,CASE-00094,FINANCIAL_CRIME,VICTIM_RECORD,STATE_02_DIST_03_PS_01,STATE_02_DIST_03,STATE_02,POLICE,CLASSIFIED,true,false,false,false,SEALED,ACTIVE,false,false,false,true,PROSECUTION_REVIEW,VIEW,false,true,PRESENT_VALID,AFTER_HOURS,ONLINE,ICJS_STYLE_EXCHANGE,P-2026-05-STEP1,false,true,81418472d07e502db923dc162e2a2bd1856dd1c725841fbe30eacb97c4b5ff9b
REQ-000592,2026-05-27T19:44:00Z,random_context,OFF-0216,63cd4d5013242ca51327d961,Sub-Inspector,3,POLICE,STATE_02_DIST_04_PS_02,STATE_02_DIST_04,STATE_02,MEDIUM,ACTIVE,NOT_ASSIGNED,REC-000174,0f1b88c2aa88b245603f719f,CASE-00080,WOMEN_CHILD_SAFETY,EVIDENCE_MEDIA,STATE_01_DIST_02_PS_01,STATE_01_DIST_02,STATE_01,POLICE,CLASSIFIED,true,false,false,true,OPEN,ACTIVE,false,false,false,true,INVESTIGATION,VIEW,false,false,NOT_REQUIRED,BUSINESS_HOURS,DEGRADED,CCTNS_STYLE_API,P-2026-05-STEP1,false,true,4478aab7d096284321a5fa6f02bef14f47fe1cc951d8de2d4ec7a5b0714cae46
REQ-000593,2026-06-02T04:15:00Z,expired_approval_token,OFF-0210,4150a8ceaba40e213683ea41,Forensic Officer,4,FORENSIC,STATE_01_DIST_02_PS_03,STATE_01_DIST_02,STATE_01,HIGH,ACTIVE,NOT_ASSIGNED,REC-000884,11ae01e13be999a8c96206da,CASE-00358,VIOLENT_CRIME,FORENSIC_REPORT,STATE_02_DIST_03_PS_01,STATE_02_DIST_03,STATE_02,POLICE,HIGH,false,false,false,false,OPEN,ACTIVE,false,false,false,true,PROSECUTION_REVIEW,VIEW,false,false,EXPIRED,BUSINESS_HOURS,ONLINE,ICJS_STYLE_EXCHANGE,P-2026-05-STEP1,false,true,2552d7df2a0c3176760c85e74071b9d6e60a210a21048de8a1d388ea1d778c77
REQ-000594,2026-05-30T07:12:00Z,sealed_record,OFF-0108,f250eda449687032c1f3ce21,Head Constable,2,POLICE,STATE_03_DIST_02_PS_03,STATE_03_DIST_02,STATE_03,LOW,ACTIVE,NOT_ASSIGNED,REC-000072,281e1f608e85ce348899d8b8,CASE-00222,CYBER_FRAUD,CYBERCRIME_COMPLAINT,STATE_02_DIST_03_PS_02,STATE_02_DIST_03,STATE_02,POLICE,HIGH,false,false,false,false,SEALED,ACTIVE,false,false,false,true,PROSECUTION_REVIEW,VIEW,false,true,MISSING,BUSINESS_HOURS,ONLINE,MANUAL_ESCALATION,P-2026-05-STEP1,false,true,978bbcdef43c4ae344d3143d2fba5ea9bc8cd3590ad7e5583a1c13af23e52245
REQ-000595,2026-05-29T01:35:00Z,expired_approval_token,OFF-0042,4bdedd9e1ddefe7a1e6434d1,Station House Officer,5,POLICE,STATE_01_DIST_01_PS_03,STATE_01_DIST_01,STATE_01,HIGH,ACTIVE,NOT_ASSIGNED,REC-000663,fd3d5cc99a32a0d7670df06b,CASE-00287,MISSING_PERSON,CYBERCRIME_COMPLAINT,STATE_03_DIST_01_PS_02,STATE_03_DIST_01,STATE_03,POLICE,HIGH,false,false,false,false,OPEN,ACTIVE,false,false,false,true,INVESTIGATION,VIEW,false,false,EXPIRED,BUSINESS_HOURS,ONLINE,ICJS_STYLE_EXCHANGE,P-2026-05-STEP1,false,true,e10f08fe87f7cbd25bf6f5207ef139eeadece2f6133358c66cad8dd621312031
REQ-000596,2026-06-01T09:08:00Z,sealed_record,OFF-0100,071c750c420d0b5f044d6ae7,Sub-Inspector,3,POLICE,STATE_02_DIST_02_PS_03,STATE_02_DIST_02,STATE_02,MEDIUM,ACTIVE,NOT_ASSIGNED,REC-000291,27e8ef36fb20ac5bc4e6fdf5,CASE-00352,WOMEN_CHILD_SAFETY,EVIDENCE_MEDIA,STATE_01_DIST_04_PS_01,STATE_01_DIST_04,STATE_01,POLICE,CLASSIFIED,true,false,false,true,SEALED,ACTIVE,false,false,false,true,COURT_PRODUCTION,VIEW,false,true,MISSING,BUSINESS_HOURS,ONLINE,MANUAL_ESCALATION,P-2026-05-STEP1,false,true,a165447c2f57118f5425f454dff3b3c5ce85bd15064c961e4311c822908f601e
REQ-000597,2026-05-29T01:45:00Z,cross_jurisdiction_sensitive,OFF-0018,f8755a48fce2988e7e892881,Head Constable,2,POLICE,STATE_02_DIST_01_PS_03,STATE_02_DIST_01,STATE_02,LOW,ACTIVE,NOT_ASSIGNED,REC-000766,2867d85e6650cddfa2049599,CASE-00157,CYBER_FRAUD,FORENSIC_REPORT,STATE_01_DIST_04_PS_03,STATE_01_DIST_04,STATE_01,POLICE,HIGH,false,false,false,false,OPEN,ACTIVE,false,false,false,true,SUPERVISION,APPROVE,false,false,PRESENT_VALID,AFTER_HOURS,ONLINE,ICJS_STYLE_EXCHANGE,P-2026-05-STEP1,false,true,f557c39abebbf999abbf04ed10b70511135ab20f15e43fed2c14dbe35a35a5e0
REQ-000598,2026-05-29T21:46:00Z,expired_approval_token,OFF-0133,58ae919f19aeb7c7f1527d26,Forensic Officer,4,FORENSIC,STATE_03_DIST_01_PS_02,STATE_03_DIST_01,STATE_03,HIGH,ACTIVE,NOT_ASSIGNED,REC-000387,959023c7a7959b976063535a,CASE-00288,MISSING_PERSON,VICTIM_RECORD,STATE_01_DIST_03_PS_01,STATE_01_DIST_03,STATE_01,POLICE,HIGH,true,false,false,false,OPEN,ACTIVE,false,false,false,true,INVESTIGATION,VIEW,false,false,EXPIRED,BUSINESS_HOURS,ONLINE,MANUAL_ESCALATION,P-2026-05-STEP1,false,true,4e60a6ffceedef9d01eb9c29df407018878f1534f4b74471e4acfbc72ac34919
REQ-000599,2026-05-28T05:57:00Z,random_context,OFF-0058,b9583c7e99cc3289ea585d73,Inspector,4,POLICE,STATE_03_DIST_02_PS_01,STATE_03_DIST_02,STATE_03,MEDIUM,REVOKED,NOT_ASSIGNED,REC-000347,276aac543835aec95a7ad242,CASE-00116,VIOLENT_CRIME,WITNESS_STATEMENT,STATE_03_DIST_02_PS_02,STATE_03_DIST_02,STATE_03,POLICE,MEDIUM,false,true,false,false,OPEN,ACTIVE,false,true,true,false,PROSECUTION_REVIEW,SHARE,false,false,PRESENT_VALID,BUSINESS_HOURS,ONLINE,ICJS_STYLE_EXCHANGE,P-2026-05-STEP1,false,true,17ea40be28efb7ca43705b66bbdf77709c9aa75561129a7cf43d417fdadda7a2
REQ-000600,2026-05-31T04:00:00Z,expired_approval_token,OFF-0025,7fa77f7b07565190b1b9a0af,Forensic Officer,4,FORENSIC,STATE_02_DIST_01_PS_01,STATE_02_DIST_01,STATE_02,HIGH,ACTIVE,NOT_ASSIGNED,REC-000309,9aa2dd388a2cb05a6a11c1bf,CASE-00138,FINANCIAL_CRIME,COURT_SUBMISSION,STATE_03_DIST_04_PS_01,STATE_03_DIST_04,STATE_03,POLICE,MEDIUM,false,false,false,false,SEALED,ACTIVE,false,false,false,true,PROSECUTION_REVIEW,VIEW,false,false,EXPIRED,AFTER_HOURS,ONLINE,MANUAL_ESCALATION,P-2026-05-STEP1,false,true,05f5a412457d432ad4e3711fb65daea6afd3b208bf8af321538666edb8ce2407
REQ-000601,2026-05-31T04:10:00Z,cross_jurisdiction_sensitive,OFF-0056,614c14e8c660d73ace97d265,Constable,1,POLICE,STATE_03_DIST_02_PS_02,STATE_03_DIST_02,STATE_03,LOW,ACTIVE,NOT_ASSIGNED,REC-000121,898f4538ce2725a5c586c365,CASE-00347,NARCOTICS,COURT_SUBMISSION,STATE_01_DIST_01_PS_01,STATE_01_DIST_01,STATE_01,POLICE,HIGH,false,false,false,false,OPEN,ACTIVE,false,false,false,true,INVESTIGATION,VIEW,false,false,PRESENT_VALID,AFTER_HOURS,ONLINE,CCTNS_STYLE_API,P-2026-05-STEP1,false,true,a56af9b3b7532dab6e1c2bb231ca192fa9625f3d34529d57977eea578b610146
REQ-000602,2026-05-29T12:12:00Z,stale_case_assignment,OFF-0002,893580185d14634211eb9a59,Inspector,4,POLICE,STATE_03_DIST_01_PS_01,STATE_03_DIST_01,STATE_03,MEDIUM,ACTIVE,STALE,REC-000562,b760b5f5e5ffe285faca1c7b,CASE-00323,VIOLENT_CRIME,VICTIM_RECORD,STATE_01_DIST_01_PS_03,STATE_01_DIST_01,STATE_01,POLICE,HIGH,true,false,false,false,OPEN,ACTIVE,false,false,false,true,INVESTIGATION,APPROVE,false,false,MISSING,BUSINESS_HOURS,ONLINE,CCTNS_STYLE_API,P-2026-05-STEP1,false,true,85cebb8e7ebd2ecce0423f42be9f89a9911d693c68821b5cdd5b2890cbf76d0e
REQ-000603,2026-05-29T22:21:00Z,court_request,OFF-0055,e246494264abad2f32845507,Inspector,4,POLICE,STATE_01_DIST_04_PS_03,STATE_01_DIST_04,STATE_01,MEDIUM,ACTIVE,NOT_ASSIGNED,REC-000513,681b4f93de08437e40966100,CASE-00015,FINANCIAL_CRIME,FORENSIC_REPORT,STATE_01_DIST_01_PS_01,STATE_01_DIST_01,STATE_01,POLICE,CLASSIFIED,false,false,false,false,OPEN,ACTIVE,false,false,true,true,PROSECUTION_REVIEW,DOWNLOAD,false,true,PRESENT_VALID,BUSINESS_HOURS,DEGRADED,ICJS_STYLE_EXCHANGE,P-2026-05-STEP1,false,true,3d71aa69849ce660690d63505812f0f177955e783702a2a42232baede81986ee
REQ-000604,2026-06-01T00:48:00Z,cross_jurisdiction_sensitive,OFF-0041,6adbebf965a8665f8e3dd8db,Station House Officer,5,POLICE,STATE_01_DIST_02_PS_03,STATE_01_DIST_02,STATE_01,HIGH,ACTIVE,NOT_ASSIGNED,REC-000140,32709e9933ce8393e41f8851,CASE-00313,NARCOTICS,CYBERCRIME_COMPLAINT,STATE_02_DIST_03_PS_02,STATE_02_DIST_03,STATE_02,POLICE,HIGH,false,false,false,false,OPEN,ARCHIVED,false,false,false,true,FORENSIC_REVIEW,UPDATE,false,false,PRESENT_VALID,BUSINESS_HOURS,ONLINE,ICJS_STYLE_EXCHANGE,P-2026-05-STEP1,false,true,abafa46ecce5574ad7a6724094304f053a113030ab9530fec32f499b8a49e644
REQ-000605,2026-06-03T03:25:00Z,expired_approval_token,OFF-0162,ec1ea596f81353f2d9f85816,Forensic Officer,4,FORENSIC,STATE_02_DIST_02_PS_01,STATE_02_DIST_02,STATE_02,HIGH,ACTIVE,NOT_ASSIGNED,REC-000579,3ee2b445178eb78c844bc181,CASE-00356,VIOLENT_CRIME,COURT_SUBMISSION,STATE_02_DIST_03_PS_02,STATE_02_DIST_03,STATE_02,POLICE,MEDIUM,false,false,false,false,OPEN,ARCHIVED,false,false,true,true,INVESTIGATION,VIEW,false,false,EXPIRED,BUSINESS_HOURS,ONLINE,MANUAL_ESCALATION,P-2026-05-STEP1,false,true,dc648fc6394f1339974f4bd4957f660eb41a1e1e702463311df416a0405a31ab
REQ-000606,2026-05-31T05:00:00Z,normal_in_jurisdiction,OFF-0003,5e4ff04af077f5ff22cd6cd0,Cybercrime Officer,4,CYBERCRIME,STATE_02_DIST_01_PS_02,STATE_02_DIST_01,STATE_02,HIGH,ACTIVE,ASSIGNED,REC-000683,9228fbce07995e580d7bd517,CASE-00014,GENERAL_THEFT,COURT_SUBMISSION,STATE_02_DIST_01_PS_02,STATE_02_DIST_01,STATE_02,POLICE,MEDIUM,false,false,false,false,SEALED,ACTIVE,true,true,true,false,INVESTIGATION,VIEW,false,false,NOT_REQUIRED,AFTER_HOURS,ONLINE,MANUAL_ESCALATION,P-2026-05-STEP1,false,true,f0d05d5e537e4633658cb9c9724f939a02d4153798e479c29475d5edc8820730
REQ-000607,2026-06-02T17:52:00Z,revoked_credential,OFF-0136,3388bd23d03d7e43b3bd8d53,Station House Officer,5,POLICE,STATE_03_DIST_02_PS_01,STATE_03_DIST_02,STATE_03,HIGH,REVOKED,NOT_ASSIGNED,REC-000656,e11cd5a6c9ec9e77c31803ca,CASE-00198,JUVENILE_PROTECTION,CYBERCRIME_COMPLAINT,STATE_01_DIST_04_PS_02,STATE_01_DIST_04,STATE_01,POLICE,CLASSIFIED,false,false,true,false,OPEN,ACTIVE,false,false,false,true,INVESTIGATION,VIEW,false,false,MISSING,NIGHT,ONLINE,MANUAL_ESCALATION,P-2026-05-STEP1,false,true,d241ab5b039fee0734b2e8a83d5815244ca505988a4e887e3b198f4aa13ad9d9
REQ-000608,2026-05-30T19:12:00Z,sealed_record,OFF-0141,69b61a8c9ab3b270d0f7db2e,Constable,1,POLICE,STATE_03_DIST_01_PS_02,STATE_03_DIST_01,STATE_03,LOW,ACTIVE,NOT_ASSIGNED,REC-000897,9e07dff2b8dc1dd1a0637d25,CASE-00140,MISSING_PERSON,JUVENILE_RECORD,STATE_03_DIST_01_PS_01,STATE_03_DIST_01,STATE_03,POLICE,CLASSIFIED,false,false,true,false,SEALED,ACTIVE,false,true,true,false,PROSECUTION_REVIEW,DOWNLOAD,false,true,PRESENT_VALID,BUSINESS_HOURS,ONLINE,CCTNS_STYLE_API,P-2026-05-STEP1,false,true,dad5cc1864b23122fff24101dbebbff01cd8e8bc0ff45fd8b7fedd4d11e20001
REQ-000609,2026-06-01T22:06:00Z,normal_in_jurisdiction,OFF-0066,a07f98edb4eac55d9fa73ffe,Sub-Inspector,3,POLICE,STATE_01_DIST_01_PS_02,STATE_01_DIST_01,STATE_01,MEDIUM,ACTIVE,NOT_ASSIGNED,REC-000587,45f266e2d8253ba005720834,CASE-00088,JUVENILE_PROTECTION,VICTIM_RECORD,STATE_02_DIST_04_PS_01,STATE_02_DIST_04,STATE_02,POLICE,HIGH,true,false,true,false,OPEN,ACTIVE,false,false,false,true,INVESTIGATION,VIEW,false,false,NOT_REQUIRED,BUSINESS_HOURS,ONLINE,ICJS_STYLE_EXCHANGE,P-2026-05-STEP1,false,true,0133d328bf422d09e59c730e0cd7bdf7b9b7467b04b9aa8791ccf9cf2c0955d6
REQ-000610,2026-06-02T08:30:00Z,cross_jurisdiction_sensitive,OFF-0200,4ee0497be96c65e5642e3a72,Cybercrime Officer,4,CYBERCRIME,STATE_01_DIST_03_PS_01,STATE_01_DIST_03,STATE_01,HIGH,ACTIVE,NOT_ASSIGNED,REC-000850,f4972800f0988fc7dc7942be,CASE-00124,CYBER_FRAUD,CYBERCRIME_COMPLAINT,STATE_02_DIST_04_PS_01,STATE_02_DIST_04,STATE_02,POLICE,CLASSIFIED,false,false,false,false,OPEN,UNDER_REVIEW,false,false,false,true,INVESTIGATION,VIEW,false,false,PRESENT_VALID,BUSINESS_HOURS,ONLINE,ICJS_STYLE_EXCHANGE,P-2026-05-STEP1,false,true,9fdd408e25bfabab844b394e0846f59f9f7f15b1d1829236dec6b265a9f3659a
REQ-000611,2026-05-29T02:55:00Z,sealed_record,OFF-0102,cac9c828654d5e683b80f1e7,Head Constable,2,POLICE,STATE_02_DIST_02_PS_02,STATE_02_DIST_02,STATE_02,LOW,ACTIVE,NOT_ASSIGNED,REC-000841,bb0ee20c0620d29fd7232596,CASE-00023,NARCOTICS,VICTIM_RECORD,STATE_01_DIST_02_PS_03,STATE_01_DIST_02,STATE_01,POLICE,CLASSIFIED,true,false,false,false,SEALED,ARCHIVED,false,false,false,true,COURT_PRODUCTION,VIEW,false,true,MISSING,NIGHT,ONLINE,ICJS_STYLE_EXCHANGE,P-2026-05-STEP1,false,true,b931591b89200995728994a4cb0be5c232026adf7dd1043dc04afb06db2ced3a
REQ-000612,2026-06-01T02:24:00Z,normal_in_jurisdiction,OFF-0062,318fd1a9b080d018ffb85691,Prosecutor Liaison,4,PROSECUTION,STATE_01_DIST_01_PS_02,STATE_01_DIST_01,STATE_01,MEDIUM,ACTIVE,ASSIGNED,REC-000047,fb9b68002468d3dcf43099d5,CASE-00205,VIOLENT_CRIME,COURT_SUBMISSION,STATE_01_DIST_01_PS_02,STATE_01_DIST_01,STATE_01,POLICE,MEDIUM,false,false,false,false,SEALED,ACTIVE,true,true,true,false,INVESTIGATION,VIEW,false,false,NOT_REQUIRED,AFTER_HOURS,ONLINE,MANUAL_ESCALATION,P-2026-05-STEP1,false,true,4d69b416d7f7474b079a9e3349f819a0954e6303478921d2c3a9fa0efa8ae483
REQ-000613,2026-05-27T20:26:00Z,stale_case_assignment,OFF-0191,f920410d24c1d513e4b5b45f,Inspector,4,POLICE,STATE_02_DIST_01_PS_01,STATE_02_DIST_01,STATE_02,MEDIUM,ACTIVE,STALE,REC-000426,be1c97c5c56e77b750e46471,CASE-00355,VIOLENT_CRIME,CYBERCRIME_COMPLAINT,STATE_02_DIST_04_PS_03,STATE_02_DIST_04,STATE_02,POLICE,HIGH,false,false,false,false,OPEN,ACTIVE,false,false,true,true,INVESTIGATION,VIEW,false,false,MISSING,BUSINESS_HOURS,ONLINE,CCTNS_STYLE_API,P-2026-05-STEP1,false,true,e0c128c3f59bf63eecb38b231f19d09c540a61ffd7c880ed817ff51c836ddee9
REQ-000614,2026-06-01T23:16:00Z,cross_jurisdiction_sensitive,OFF-0041,6adbebf965a8665f8e3dd8db,Station House Officer,5,POLICE,STATE_01_DIST_02_PS_03,STATE_01_DIST_02,STATE_01,HIGH,ACTIVE,NOT_ASSIGNED,REC-000178,7dee870272acf5645d4ab84c,CASE-00162,MISSING_PERSON,VICTIM_RECORD,STATE_01_DIST_01_PS_02,STATE_01_DIST_01,STATE_01,POLICE,HIGH,true,false,false,false,OPEN,ACTIVE,false,false,true,true,SUPERVISION,SHARE,false,false,MISSING,NIGHT,ONLINE,CCTNS_STYLE_API,P-2026-05-STEP1,false,true,0e7e75cae7f236f442a5502ba941c96e25e212edbe042bcfb345af1af4a8cff5
REQ-000615,2026-05-28T17:00:00Z,revoked_credential,OFF-0219,72129b83faafabab27729edc,Forensic Officer,4,FORENSIC,STATE_03_DIST_01_PS_03,STATE_03_DIST_01,STATE_03,HIGH,REVOKED,NOT_ASSIGNED,REC-000612,7f416b45cddf9fa50b2b67c2,CASE-00039,WOMEN_CHILD_SAFETY,VICTIM_RECORD,STATE_02_DIST_02_PS_02,STATE_02_DIST_02,STATE_02,POLICE,CLASSIFIED,true,false,false,false,OPEN,ACTIVE,false,false,false,true,INVESTIGATION,VIEW,false,false,MISSING,BUSINESS_HOURS,ONLINE,CCTNS_STYLE_API,P-2026-05-STEP1,false,true,91f50ba15b1409abaf4a38cc5b468be9cb98d668cd1c9db276c533d7439ab554
REQ-000616,2026-06-03T06:32:00Z,sealed_record,OFF-0024,c5766246d7388485ac5c149e,Sub-Inspector,3,POLICE,STATE_02_DIST_01_PS_01,STATE_02_DIST_01,STATE_02,MEDIUM,ACTIVE,NOT_ASSIGNED,REC-000454,08885d987fd222a58c5328a3,CASE-00333,FINANCIAL_CRIME,FORENSIC_REPORT,STATE_01_DIST_04_PS_02,STATE_01_DIST_04,STATE_01,POLICE,CLASSIFIED,false,false,false,false,SEALED,ARCHIVED,false,false,false,true,COURT_PRODUCTION,VIEW,false,true,MISSING,NIGHT,ONLINE,CCTNS_STYLE_API,P-2026-05-STEP1,false,true,eb1be6d5481f666e2b321b9bd92a158e748e4b68b9bba197e5f4139d14b9025f
REQ-000617,2026-05-29T03:25:00Z,emergency_override,OFF-0117,c3da23329ac65eb7b3af694c,Inspector,4,POLICE,STATE_02_DIST_03_PS_03,STATE_02_DIST_03,STATE_02,MEDIUM,ACTIVE,NOT_ASSIGNED,REC-000373,1a967617111b9eb80520a1d6,CASE-00022,JUVENILE_PROTECTION,FIR_SUMMARY,STATE_01_DIST_02_PS_02,STATE_01_DIST_02,STATE_01,POLICE,MEDIUM,false,false,true,false,OPEN,ACTIVE,false,false,false,true,EMERGENCY_RESPONSE,VIEW,true,false,PRESENT_VALID,BUSINESS_HOURS,STATION_NODE_DOWN,ICJS_STYLE_EXCHANGE,P-2026-05-STEP1,false,true,b3caef440124c44a06849f95e78ead1c2b7fa606a27e51badacae332d87710b0
REQ-000618,2026-06-01T13:54:00Z,juvenile_sensitive,OFF-0133,58ae919f19aeb7c7f1527d26,Forensic Officer,4,FORENSIC,STATE_03_DIST_01_PS_02,STATE_03_DIST_01,STATE_03,HIGH,ACTIVE,NOT_ASSIGNED,REC-000098,fbd5b958423d6f09d2c26b6a,CASE-00197,JUVENILE_PROTECTION,JUVENILE_RECORD,STATE_02_DIST_02_PS_02,STATE_02_DIST_02,STATE_02,POLICE,HIGH,false,false,true,false,SEALED,UNDER_REVIEW,false,false,false,true,SUPERVISION,VIEW,false,false,PRESENT_VALID,BUSINESS_HOURS,ONLINE,CCTNS_STYLE_API,P-2026-05-STEP1,false,true,779b7eb270821892262c1198ce58cec4d6bfaf8e3b981652432faf986dbe1f95
REQ-000619,2026-05-30T20:51:00Z,revoked_credential,OFF-0034,9f1a046129b76f0cd0f13803,Cybercrime Officer,4,CYBERCRIME,STATE_01_DIST_04_PS_03,STATE_01_DIST_04,STATE_01,HIGH,REVOKED,NOT_ASSIGNED,REC-000235,7dea6e8129bbe8639d8b8ab6,CASE-00004,MISSING_PERSON,FIR_SUMMARY,STATE_01_DIST_04_PS_02,STATE_01_DIST_04,STATE_01,POLICE,MEDIUM,false,false,false,false,OPEN,ARCHIVED,false,true,true,false,INVESTIGATION,VIEW,false,false,MISSING,BUSINESS_HOURS,ONLINE,CCTNS_STYLE_API,P-2026-05-STEP1,false,true,de72d16ba49422f3888e7fc7c0e2be59bd1ea6f8f9ddad317eb6cc58fda56f65
REQ-000620,2026-05-29T03:40:00Z,cross_jurisdiction_sensitive,OFF-0105,acd11cf62713639d9ec501cd,Senior Superintendent,6,POLICE,STATE_03_DIST_04_PS_02,STATE_03_DIST_04,STATE_03,CLASSIFIED,ACTIVE,NOT_ASSIGNED,REC-000321,8542907be82d8ebf3ebccb80,CASE-00142,FINANCIAL_CRIME,WITNESS_STATEMENT,STATE_02_DIST_01_PS_03,STATE_02_DIST_01,STATE_02,POLICE,HIGH,false,true,false,false,OPEN,ACTIVE,false,false,false,true,FORENSIC_REVIEW,DOWNLOAD,false,false,MISSING,BUSINESS_HOURS,ONLINE,MANUAL_ESCALATION,P-2026-05-STEP1,false,true,0a9ba3b8bf0f6dafea3fe2decfa1cebc4dccfe43a5de1a20ab83187a54527894
REQ-000621,2026-05-30T00:27:00Z,revoked_credential,OFF-0189,0f5e28fd8c1c5a758d17ef19,Inspector,4,POLICE,STATE_01_DIST_01_PS_03,STATE_01_DIST_01,STATE_01,MEDIUM,REVOKED,NOT_ASSIGNED,REC-000077,8eb06b091b265235ad42db41,CASE-00325,NARCOTICS,COURT_SUBMISSION,STATE_01_DIST_04_PS_03,STATE_01_DIST_04,STATE_01,POLICE,MEDIUM,false,false,false,false,OPEN,ACTIVE,false,false,true,true,INVESTIGATION,VIEW,false,false,MISSING,NIGHT,ONLINE,CCTNS_STYLE_API,P-2026-05-STEP1,false,true,f62d0380da0fa5d5f28ab8489348bfab669c2fc5fe4e3e092f788b7e60e44c4b
REQ-000622,2026-05-27T20:44:00Z,juvenile_sensitive,OFF-0139,16a2d504d34232bf9551d690,Inspector,4,POLICE,STATE_01_DIST_02_PS_03,STATE_01_DIST_02,STATE_01,MEDIUM,ACTIVE,NOT_ASSIGNED,REC-000040,88b72e520b29734a6950a1ba,CASE-00181,CYBER_FRAUD,JUVENILE_RECORD,STATE_01_DIST_01_PS_03,STATE_01_DIST_01,STATE_01,POLICE,HIGH,false,false,true,false,SEALED,UNDER_REVIEW,false,false,true,true,SUPERVISION,DOWNLOAD,false,false,MISSING,BUSINESS_HOURS,STATION_NODE_DOWN,MANUAL_ESCALATION,P-2026-05-STEP1,false,true,038ae858987ee5602688569ed28f82d8e30437bd639ecf7ccb87aebc0aa16487
REQ-000623,2026-06-01T14:59:00Z,normal_in_jurisdiction,OFF-0132,9a1678400f682a3201830c3a,Inspector,4,POLICE,STATE_01_DIST_01_PS_02,STATE_01_DIST_01,STATE_01,MEDIUM,ACTIVE,NOT_ASSIGNED,REC-000344,88e881af6978d550ae09d130,CASE-00220,JUVENILE_PROTECTION,WITNESS_STATEMENT,STATE_01_DIST_01_PS_01,STATE_01_DIST_01,STATE_01,POLICE,CLASSIFIED,false,true,true,false,OPEN,ACTIVE,false,true,true,false,INVESTIGATION,VIEW,false,false,NOT_REQUIRED,AFTER_HOURS,ONLINE,MANUAL_ESCALATION,P-2026-05-STEP1,false,true,1a2d40a9928d7535a5bdb873cc2241e1dd909d67f9f6698465df4dde2a4937bb
REQ-000624,2026-06-02T22:24:00Z,normal_in_jurisdiction,OFF-0117,c3da23329ac65eb7b3af694c,Inspector,4,POLICE,STATE_02_DIST_03_PS_03,STATE_02_DIST_03,STATE_02,MEDIUM,ACTIVE,ASSIGNED,REC-000233,95272f463d03a2186ae00bc6,CASE-00125,GENERAL_THEFT,CYBERCRIME_COMPLAINT,STATE_02_DIST_03_PS_03,STATE_02_DIST_03,STATE_02,POLICE,MEDIUM,false,false,false,false,OPEN,ACTIVE,true,true,true,false,INVESTIGATION,VIEW,false,false,NOT_REQUIRED,BUSINESS_HOURS,ONLINE,MANUAL_ESCALATION,P-2026-05-STEP1,false,true,fa08dc73bf582db587555c983851c0d33edfabe0ea8c95804a6760a9df461c0d
REQ-000625,2026-05-31T08:10:00Z,juvenile_sensitive,OFF-0082,ad021cf14b60633e375d65f6,Constable,1,POLICE,STATE_01_DIST_03_PS_02,STATE_01_DIST_03,STATE_01,LOW,ACTIVE,NOT_ASSIGNED,REC-000783,711f7cc2bc52141ce8aa3579,CASE-00063,JUVENILE_PROTECTION,FIR_SUMMARY,STATE_03_DIST_01_PS_03,STATE_03_DIST_01,STATE_03,POLICE,LOW,false,false,true,false,OPEN,ACTIVE,false,false,false,true,INVESTIGATION,UPDATE,false,false,MISSING,BUSINESS_HOURS,ONLINE,MANUAL_ESCALATION,P-2026-05-STEP1,false,true,3e72e5bb319f2ece38f7c2fa62afadae58b12c7ca52cea5803250bea31e01213
REQ-000626,2026-06-01T05:12:00Z,revoked_credential,OFF-0034,9f1a046129b76f0cd0f13803,Cybercrime Officer,4,CYBERCRIME,STATE_01_DIST_04_PS_03,STATE_01_DIST_04,STATE_01,HIGH,REVOKED,NOT_ASSIGNED,REC-000537,459488c4e9b1cde4e6af43bf,CASE-00210,FINANCIAL_CRIME,WITNESS_STATEMENT,STATE_02_DIST_01_PS_03,STATE_02_DIST_01,STATE_02,POLICE,HIGH,false,true,false,false,OPEN,ACTIVE,false,false,false,true,AUDIT,DOWNLOAD,false,false,MISSING,BUSINESS_HOURS,ONLINE,MANUAL_ESCALATION,P-2026-05-STEP1,false,true,f7e10c742a32a546d6af8dd55a6975979c4c7084a253b8187cc24f0e16168fc0
REQ-000627,2026-06-02T12:45:00Z,cross_jurisdiction_sensitive,OFF-0027,0333fdd2d35c528a38a1dbe4,Constable,1,POLICE,STATE_02_DIST_01_PS_01,STATE_02_DIST_01,STATE_02,LOW,ACTIVE,NOT_ASSIGNED,REC-000498,052bb27e46c08261ae984b1a,CASE-00121,VIOLENT_CRIME,CASE_DIARY,STATE_03_DIST_03_PS_01,STATE_03_DIST_03,STATE_03,POLICE,HIGH,false,false,false,false,OPEN,ACTIVE,false,false,false,true,SUPERVISION,DOWNLOAD,false,false,PRESENT_VALID,BUSINESS_HOURS,ONLINE,ICJS_STYLE_EXCHANGE,P-2026-05-STEP1,false,true,a37bac0ef3af31a00d414a1c6456826bb48d9d3e4ef1df3129cee57f0598a17e
REQ-000628,2026-06-02T13:00:00Z,normal_in_jurisdiction,OFF-0153,bbef3f90be1083101e51c0b0,Sub-Inspector,3,POLICE,STATE_01_DIST_04_PS_03,STATE_01_DIST_04,STATE_01,MEDIUM,ACTIVE,ASSIGNED,REC-000448,03448ee43768bdde0a74294f,CASE-00325,NARCOTICS,FIR_SUMMARY,STATE_01_DIST_04_PS_03,STATE_01_DIST_04,STATE_01,POLICE,MEDIUM,false,false,false,false,OPEN,ACTIVE,true,true,true,false,INVESTIGATION,VIEW,false,false,NOT_REQUIRED,BUSINESS_HOURS,ONLINE,CCTNS_STYLE_API,P-2026-05-STEP1,false,true,809b233c9532be6bd077c079dbb12f19a1fdd31b0071c367c558a8515314b650
REQ-000629,2026-05-28T07:27:00Z,juvenile_sensitive,OFF-0207,cad50d4d8a49a83faad951a4,Forensic Officer,4,FORENSIC,STATE_02_DIST_01_PS_02,STATE_02_DIST_01,STATE_02,HIGH,ACTIVE,NOT_ASSIGNED,REC-000264,87b096587a2f7133a6e4ac06,CASE-00123,JUVENILE_PROTECTION,FORENSIC_REPORT,STATE_03_DIST_01_PS_01,STATE_03_DIST_01,STATE_03,POLICE,MEDIUM,false,false,true,false,OPEN,ACTIVE,false,false,false,true,INVESTIGATION,VIEW,false,false,MISSING,BUSINESS_HOURS,ONLINE,ICJS_STYLE_EXCHANGE,P-2026-05-STEP1,false,true,7f2934f9f8b8756629f96bfd4e347a52ec21b2584cb7af048c624941a0dd4b6a
REQ-000630,2026-06-01T16:30:00Z,juvenile_sensitive,OFF-0177,8287968c0e33f42b2e380e47,Inspector,4,POLICE,STATE_02_DIST_01_PS_02,STATE_02_DIST_01,STATE_02,MEDIUM,ACTIVE,NOT_ASSIGNED,REC-000453,ef965b5376f5da9b65d36b0a,CASE-00108,JUVENILE_PROTECTION,COURT_SUBMISSION,STATE_03_DIST_03_PS_01,STATE_03_DIST_03,STATE_03,POLICE,HIGH,false,false,true,false,OPEN,ARCHIVED,false,false,false,true,SUPERVISION,SHARE,false,false,MISSING,BUSINESS_HOURS,ONLINE,ICJS_STYLE_EXCHANGE,P-2026-05-STEP1,false,true,51e48ed8b136295ff1ef62473b20acc7baa1c68f650a49dae7df60ead80ea3b2
REQ-000631,2026-06-01T16:43:00Z,sealed_record,OFF-0104,bacbc9ea0ca5c88caca1fb35,Sub-Inspector,3,POLICE,STATE_01_DIST_03_PS_03,STATE_01_DIST_03,STATE_01,MEDIUM,ACTIVE,NOT_ASSIGNED,REC-000613,b7b5cfe71c035e42e7255112,CASE-00194,JUVENILE_PROTECTION,VICTIM_RECORD,STATE_03_DIST_04_PS_02,STATE_03_DIST_04,STATE_03,POLICE,MEDIUM,true,false,true,false,SEALED,ARCHIVED,false,false,false,true,INVESTIGATION,DOWNLOAD,false,false,PRESENT_VALID,BUSINESS_HOURS,ONLINE,MANUAL_ESCALATION,P-2026-05-STEP1,false,true,be4c74b3dcffa0ea282f0bd35b6b45528aee0cb7d429bc5dd4c5a0efc6e8be90
REQ-000632,2026-06-03T00:32:00Z,expired_approval_token,OFF-0220,5f5d03cad2864eb9986177dd,Sub-Inspector,3,POLICE,STATE_02_DIST_03_PS_02,STATE_02_DIST_03,STATE_02,MEDIUM,ACTIVE,NOT_ASSIGNED,REC-000108,12044d787ebe89f0a9bd0dff,CASE-00046,FINANCIAL_CRIME,CYBERCRIME_COMPLAINT,STATE_01_DIST_02_PS_03,STATE_01_DIST_02,STATE_01,POLICE,CLASSIFIED,false,false,false,false,OPEN,UNDER_REVIEW,false,false,false,true,FORENSIC_REVIEW,VIEW,false,false,EXPIRED,BUSINESS_HOURS,DEGRADED,MANUAL_ESCALATION,P-2026-05-STEP1,false,true,cf10327a3ece26ad20229be13e5a4aecf1a71dc0ab72babe12d73c7f8a9327d0
REQ-000633,2026-05-29T15:18:00Z,emergency_override,OFF-0042,4bdedd9e1ddefe7a1e6434d1,Station House Officer,5,POLICE,STATE_01_DIST_01_PS_03,STATE_01_DIST_01,STATE_01,HIGH,ACTIVE,NOT_ASSIGNED,REC-000377,81e0fd770f78046b7bd7fa18,CASE-00096,NARCOTICS,FORENSIC_REPORT,STATE_01_DIST_04_PS_01,STATE_01_DIST_04,STATE_01,POLICE,HIGH,false,false,false,false,OPEN,ACTIVE,false,false,true,true,EMERGENCY_RESPONSE,VIEW,true,false,MISSING,AFTER_HOURS,ONLINE,MANUAL_ESCALATION,P-2026-05-STEP1,false,true,27190779ef6bcead098baaff86e8473b1caba0777fb6c1051e464f3f1b1cdb93
REQ-000634,2026-06-01T06:48:00Z,normal_in_jurisdiction,OFF-0071,b43730f9ee11d476cccd1130,Head Constable,2,POLICE,STATE_02_DIST_01_PS_03,STATE_02_DIST_01,STATE_02,LOW,ACTIVE,ASSIGNED,REC-000873,7afceb4a34e1bbb7c6eb147f,CASE-00013,VIOLENT_CRIME,CYBERCRIME_COMPLAINT,STATE_02_DIST_01_PS_03,STATE_02_DIST_01,STATE_02,POLICE,MEDIUM,false,false,false,false,OPEN,UNDER_REVIEW,true,true,true,false,INVESTIGATION,VIEW,false,false,NOT_REQUIRED,BUSINESS_HOURS,ONLINE,MANUAL_ESCALATION,P-2026-05-STEP1,false,true,5571589db08bd5d9a7b99407a2371734eea58e2bdab91c6465531828b8f1d6a6
REQ-000635,2026-06-02T14:45:00Z,expired_approval_token,OFF-0232,8e0a9feb90e3ea8a4997b70d,Sub-Inspector,3,POLICE,STATE_03_DIST_03_PS_01,STATE_03_DIST_03,STATE_03,MEDIUM,ACTIVE,NOT_ASSIGNED,REC-000503,6306f9f14c804fd8a63eb60c,CASE-00005,FINANCIAL_CRIME,EVIDENCE_MEDIA,STATE_03_DIST_04_PS_01,STATE_03_DIST_04,STATE_03,POLICE,CLASSIFIED,false,false,false,true,SEALED,ARCHIVED,false,false,true,true,PROSECUTION_REVIEW,DOWNLOAD,false,false,EXPIRED,BUSINESS_HOURS,ONLINE,MANUAL_ESCALATION,P-2026-05-STEP1,false,true,57644854328d96ed1010545720a201abd527f144ac13c2faed175e4338b9b26a
REQ-000636,2026-06-02T15:00:00Z,stale_case_assignment,OFF-0134,4718492e22f05239e76383dd,Station House Officer,5,POLICE,STATE_01_DIST_04_PS_03,STATE_01_DIST_04,STATE_01,HIGH,ACTIVE,STALE,REC-000890,371a23d91f7294df8b697c77,CASE-00319,VIOLENT_CRIME,EVIDENCE_MEDIA,STATE_02_DIST_03_PS_01,STATE_02_DIST_03,STATE_02,POLICE,CLASSIFIED,false,false,false,true,OPEN,ACTIVE,false,false,false,true,INVESTIGATION,VIEW,false,false,MISSING,AFTER_HOURS,ONLINE,ICJS_STYLE_EXCHANGE,P-2026-05-STEP1,false,true,140e7099467eb5235fecf4ef9e731ba080eb63c710d4f3a5310e8a49d0f5ec2e
REQ-000637,2026-05-27T21:14:00Z,stale_case_assignment,OFF-0185,30e751c660922e5216d51c20,Inspector,4,POLICE,STATE_01_DIST_02_PS_02,STATE_01_DIST_02,STATE_01,MEDIUM,ACTIVE,STALE,REC-000260,4644ab9bab94b2012e83fa80,CASE-00355,VIOLENT_CRIME,FORENSIC_REPORT,STATE_02_DIST_04_PS_03,STATE_02_DIST_04,STATE_02,POLICE,HIGH,false,false,false,false,OPEN,ACTIVE,false,false,false,true,INVESTIGATION,VIEW,false,false,MISSING,AFTER_HOURS,DEGRADED,CCTNS_STYLE_API,P-2026-05-STEP1,false,true,eadac88d5765789220b4a5fe693e00ee24d5efd9f3bd121bc7e0d42f0eaf2480
REQ-000638,2026-05-27T21:16:00Z,random_context,OFF-0049,e48c526210cf797e3886d5ef,Cybercrime Officer,4,CYBERCRIME,STATE_03_DIST_02_PS_01,STATE_03_DIST_02,STATE_03,HIGH,ACTIVE,NOT_ASSIGNED,REC-000427,d78dafd08b73c58f991b6f3f,CASE-00124,CYBER_FRAUD,JUVENILE_RECORD,STATE_02_DIST_04_PS_01,STATE_02_DIST_04,STATE_02,POLICE,HIGH,false,false,true,false,OPEN,ACTIVE,false,false,false,true,EMERGENCY_RESPONSE,VIEW,false,false,NOT_REQUIRED,BUSINESS_HOURS,ONLINE,MANUAL_ESCALATION,P-2026-05-STEP1,false,true,7a6e6d93a952c04c7d72c346202d67ce1136a079d12f21170ec9b4bc261f9be2
REQ-000639,2026-05-30T13:12:00Z,sealed_record,OFF-0226,2f283926393a08241f4c19ba,Inspector,4,POLICE,STATE_01_DIST_04_PS_01,STATE_01_DIST_04,STATE_01,MEDIUM,ACTIVE,NOT_ASSIGNED,REC-000805,6ba78bf38cb75dbe69553ae6,CASE-00013,VIOLENT_CRIME,CASE_DIARY,STATE_02_DIST_01_PS_03,STATE_02_DIST_01,STATE_02,POLICE,CLASSIFIED,false,false,false,false,SEALED,ACTIVE,false,false,false,true,INVESTIGATION,VIEW,false,false,PRESENT_VALID,BUSINESS_HOURS,ONLINE,MANUAL_ESCALATION,P-2026-05-STEP1,false,true,80e11fb548fdab25727049ddc912994bd135b19d484f99d6676d2838cfce34e9
REQ-000640,2026-05-28T08:00:00Z,sealed_record,OFF-0208,47e9daa6a9eddbbbae1d0bd7,Head Constable,2,POLICE,STATE_01_DIST_04_PS_03,STATE_01_DIST_04,STATE_01,LOW,ACTIVE,NOT_ASSIGNED,REC-000797,7ee8de49d1fbda970c1c712f,CASE-00332,NARCOTICS,WITNESS_STATEMENT,STATE_01_DIST_02_PS_03,STATE_01_DIST_02,STATE_01,POLICE,CLASSIFIED,false,true,false,false,SEALED,ACTIVE,false,false,true,true,COURT_PRODUCTION,VIEW,false,true,MISSING,BUSINESS_HOURS,DEGRADED,CCTNS_STYLE_API,P-2026-05-STEP1,false,true,d7a17d74fccf59e4dfe68bbdcf62b22d2a6d1a4d1237b4bd92e18cb52300dad4
REQ-000641,2026-05-30T02:47:00Z,juvenile_sensitive,OFF-0166,b6791729f7de52114f8f5aba,Head Constable,2,POLICE,STATE_02_DIST_02_PS_03,STATE_02_DIST_02,STATE_02,LOW,ACTIVE,NOT_ASSIGNED,REC-000193,9a9c0722091c1601b3f73b45,CASE-00267,MISSING_PERSON,JUVENILE_RECORD,STATE_02_DIST_02_PS_01,STATE_02_DIST_02,STATE_02,POLICE,CLASSIFIED,false,false,true,false,OPEN,ACTIVE,false,true,true,false,INVESTIGATION,UPDATE,false,false,MISSING,BUSINESS_HOURS,ONLINE,MANUAL_ESCALATION,P-2026-05-STEP1,false,true,87671ef2d9b5ea806fd1b0a46a480d7db60ed7791dcc2d648433f71e45e5760c
REQ-000642,2026-06-01T19:06:00Z,cross_jurisdiction_sensitive,OFF-0003,5e4ff04af077f5ff22cd6cd0,Cybercrime Officer,4,CYBERCRIME,STATE_02_DIST_01_PS_02,STATE_02_DIST_01,STATE_02,HIGH,ACTIVE,NOT_ASSIGNED,REC-000794,949e9506f350533dfbd08052,CASE-00018,NARCOTICS,VICTIM_RECORD,STATE_01_DIST_04_PS_01,STATE_01_DIST_04,STATE_01,POLICE,HIGH,true,false,false,false,OPEN,ACTIVE,false,false,false,true,SUPERVISION,DOWNLOAD,false,false,MISSING,BUSINESS_HOURS,ONLINE,CCTNS_STYLE_API,P-2026-05-STEP1,false,true,aaf03c19e878978f360bfe99abd61c425f1a9f2e71e7debb3ef274ebe8eb8c25
REQ-000643,2026-06-01T08:36:00Z,random_context,OFF-0162,ec1ea596f81353f2d9f85816,Forensic Officer,4,FORENSIC,STATE_02_DIST_02_PS_01,STATE_02_DIST_02,STATE_02,HIGH,ACTIVE,NOT_ASSIGNED,REC-000752,fdb597969d2538b4f7c706e9,CASE-00078,WOMEN_CHILD_SAFETY,WITNESS_STATEMENT,STATE_02_DIST_01_PS_02,STATE_02_DIST_01,STATE_02,POLICE,HIGH,true,true,false,false,OPEN,ARCHIVED,false,false,true,true,FORENSIC_REVIEW,VIEW,false,false,MISSING,AFTER_HOURS,ONLINE,ICJS_STYLE_EXCHANGE,P-2026-05-STEP1,false,true,551829da5d9651e238f01db594634ca094de645e9879d7340d83c31e5756f800
REQ-000644,2026-05-28T08:12:00Z,random_context,OFF-0092,29e63067f87e22c26e60f375,Cybercrime Officer,4,CYBERCRIME,STATE_02_DIST_01_PS_02,STATE_02_DIST_01,STATE_02,HIGH,ACTIVE,NOT_ASSIGNED,REC-000651,742c0a071ca55694989e712c,CASE-00040,NARCOTICS,VICTIM_RECORD,STATE_01_DIST_01_PS_01,STATE_01_DIST_01,STATE_01,POLICE,CLASSIFIED,true,false,false,false,OPEN,ACTIVE,false,false,false,true,INVESTIGATION,VIEW,false,false,NOT_REQUIRED,BUSINESS_HOURS,ONLINE,CCTNS_STYLE_API,P-2026-05-STEP1,false,true,f56e9339f23c1a0615d0d1d7e786e24cb5ad8ef41963bd675b9974521c70890a
REQ-000645,2026-05-29T16:30:00Z,cross_jurisdiction_sensitive,OFF-0049,e48c526210cf797e3886d5ef,Cybercrime Officer,4,CYBERCRIME,STATE_03_DIST_02_PS_01,STATE_03_DIST_02,STATE_03,HIGH,ACTIVE,NOT_ASSIGNED,REC-000057,ac818d040ffe1967848958a0,CASE-00038,GENERAL_THEFT,JUVENILE_RECORD,STATE_01_DIST_02_PS_02,STATE_01_DIST_02,STATE_01,POLICE,HIGH,false,false,true,false,OPEN,ACTIVE,false,false,false,true,SUPERVISION,UPDATE,false,false,PRESENT_VALID,BUSINESS_HOURS,ONLINE,ICJS_STYLE_EXCHANGE,P-2026-05-STEP1,false,true,ca1e2ce7f8dd9f59134cb915d85e515903a856c755b4c08c522117ba0f58fccb
REQ-000646,2026-05-31T22:26:00Z,court_request,OFF-0033,4f04697319f636cd795e5d1b,Inspector,4,POLICE,STATE_03_DIST_01_PS_03,STATE_03_DIST_01,STATE_03,MEDIUM,ACTIVE,NOT_ASSIGNED,REC-000820,a3e77934549e166377318689,CASE-00147,VIOLENT_CRIME,WITNESS_STATEMENT,STATE_02_DIST_03_PS_03,STATE_02_DIST_03,STATE_02,POLICE,HIGH,false,true,false,false,OPEN,UNDER_REVIEW,false,false,false,true,PROSECUTION_REVIEW,VIEW,false,true,PRESENT_VALID,NIGHT,ONLINE,ICJS_STYLE_EXCHANGE,P-2026-05-STEP1,false,true,a4d429562d1e98e3bbe5d629268d27036949a2d43cbca408b03f9fadd1b67010
REQ-000647,2026-05-28T08:21:00Z,normal_in_jurisdiction,OFF-0143,116125532167435d32c323d1,Constable,1,POLICE,STATE_01_DIST_02_PS_01,STATE_01_DIST_02,STATE_01,LOW,ACTIVE,ASSIGNED,REC-000630,5735e1f43cfb1d05ceef90b4,CASE-00281,NARCOTICS,CYBERCRIME_COMPLAINT,STATE_01_DIST_02_PS_01,STATE_01_DIST_02,STATE_01,POLICE,MEDIUM,false,false,false,false,OPEN,ACTIVE,true,true,true,false,INVESTIGATION,VIEW,false,false,NOT_REQUIRED,BUSINESS_HOURS,DEGRADED,MANUAL_ESCALATION,P-2026-05-STEP1,false,true,e025574ab8216907c247e6e7ac8905c99b10b11ff207612f10395e6437a6e982
REQ-000648,2026-05-31T12:00:00Z,stale_case_assignment,OFF-0004,4fe847ab79de841540c7b990,Sub-Inspector,3,POLICE,STATE_01_DIST_04_PS_01,STATE_01_DIST_04,STATE_01,MEDIUM,ACTIVE,STALE,REC-000550,ae4bdf804add837567ab69ba,CASE-00349,GENERAL_THEFT,EVIDENCE_MEDIA,STATE_03_DIST_02_PS_02,STATE_03_DIST_02,STATE_03,POLICE,CLASSIFIED,false,false,false,true,OPEN,ACTIVE,false,false,false,true,INVESTIGATION,VIEW,false,false,MISSING,BUSINESS_HOURS,ONLINE,ICJS_STYLE_EXCHANGE,P-2026-05-STEP1,false,true,a01cba49ae2ece3f48e8a1d90e59b49f17e9319a2a7371fa8195845772986450
REQ-000649,2026-06-01T20:37:00Z,court_request,OFF-0014,86b6682cd665b74e9695ec29,Head Constable,2,POLICE,STATE_03_DIST_04_PS_03,STATE_03_DIST_04,STATE_03,LOW,ACTIVE,NOT_ASSIGNED,REC-000655,ec013d89dbc3d07ad6443ccb,CASE-00037,VIOLENT_CRIME,FORENSIC_REPORT,STATE_02_DIST_03_PS_03,STATE_02_DIST_03,STATE_02,POLICE,HIGH,false,false,false,false,OPEN,ACTIVE,false,false,false,true,PROSECUTION_REVIEW,VIEW,false,true,PRESENT_VALID,BUSINESS_HOURS,ONLINE,CCTNS_STYLE_API,P-2026-05-STEP1,false,true,22f3bd3ab61b9be89b5620b727513289ae89ab2567fd950cdbd4f8e86aae0c3a
REQ-000650,2026-05-28T08:30:00Z,juvenile_sensitive,OFF-0019,43619f9291295cde078ede73,Cybercrime Officer,4,CYBERCRIME,STATE_02_DIST_01_PS_02,STATE_02_DIST_01,STATE_02,HIGH,ACTIVE,NOT_ASSIGNED,REC-000280,97f42bc6dfe2ee0b0bd40826,CASE-00012,JUVENILE_PROTECTION,VICTIM_RECORD,STATE_02_DIST_04_PS_02,STATE_02_DIST_04,STATE_02,POLICE,CLASSIFIED,true,false,true,false,OPEN,ACTIVE,false,false,true,true,INVESTIGATION,VIEW,false,false,MISSING,AFTER_HOURS,ONLINE,MANUAL_ESCALATION,P-2026-05-STEP1,false,true,7df799544484d7940875f173a2317a237e6aff0beaec15fa9bf755e559b37ca2
REQ-000651,2026-05-28T08:33:00Z,random_context,OFF-0048,871e4c8cc36e0fafb27ef560,Prosecutor Liaison,4,PROSECUTION,STATE_01_DIST_03_PS_03,STATE_01_DIST_03,STATE_01,MEDIUM,ACTIVE,NOT_ASSIGNED,REC-000170,9b8a6086df4407004a417807,CASE-00270,GENERAL_THEFT,CASE_DIARY,STATE_02_DIST_01_PS_03,STATE_02_DIST_01,STATE_02,POLICE,HIGH,false,false,false,false,OPEN,ACTIVE,false,false,false,true,PROSECUTION_REVIEW,VIEW,false,false,MISSING,BUSINESS_HOURS,ONLINE,MANUAL_ESCALATION,P-2026-05-STEP1,false,true,ceb05a9b3d7fe0739c55382b6cf5d3db3bf94e1e6e5a1c119ed6b9464746747f
REQ-000652,2026-05-31T12:40:00Z,cross_jurisdiction_sensitive,OFF-0035,6d2396ea39d60a2c9554602a,Senior Superintendent,6,POLICE,STATE_01_DIST_04_PS_02,STATE_01_DIST_04,STATE_01,CLASSIFIED,ACTIVE,NOT_ASSIGNED,REC-000371,b6253d82131a9ba998cdc6ba,CASE-00020,JUVENILE_PROTECTION,CASE_DIARY,STATE_02_DIST_02_PS_01,STATE_02_DIST_02,STATE_02,POLICE,HIGH,false,false,true,false,OPEN,ACTIVE,false,false,false,true,FORENSIC_REVIEW,VIEW,false,false,PRESENT_VALID,BUSINESS_HOURS,ONLINE,CCTNS_STYLE_API,P-2026-05-STEP1,false,true,3ecd2fec6881af1264c8e2511544314f319257c5b4d945fbbe8e5c75189150fe
REQ-000653,2026-05-31T23:43:00Z,revoked_credential,OFF-0065,6d335433b612a148a4921389,Constable,1,POLICE,STATE_03_DIST_02_PS_02,STATE_03_DIST_02,STATE_03,LOW,REVOKED,NOT_ASSIGNED,REC-000798,76adbb3fc2521f255ea8e9c6,CASE-00022,JUVENILE_PROTECTION,COURT_SUBMISSION,STATE_01_DIST_02_PS_02,STATE_01_DIST_02,STATE_01,POLICE,MEDIUM,false,false,true,false,SEALED,ARCHIVED,false,false,false,true,INVESTIGATION,DOWNLOAD,false,false,MISSING,BUSINESS_HOURS,ONLINE,CCTNS_STYLE_API,P-2026-05-STEP1,false,true,d343b344ebff1d5d4c8a87d85c845b6f6361c2dec2c21f2a60e5e19bc34c9100
REQ-000654,2026-05-30T15:12:00Z,normal_in_jurisdiction,OFF-0051,316e4edba94c2b3868db8ac7,Constable,1,POLICE,STATE_03_DIST_04_PS_03,STATE_03_DIST_04,STATE_03,LOW,ACTIVE,ASSIGNED,REC-000815,47060cab97e3e5e52667cc8f,CASE-00268,MISSING_PERSON,FIR_SUMMARY,STATE_03_DIST_04_PS_03,STATE_03_DIST_04,STATE_03,POLICE,LOW,false,false,false,false,OPEN,ACTIVE,true,true,true,false,INVESTIGATION,VIEW,false,false,NOT_REQUIRED,BUSINESS_HOURS,ONLINE,MANUAL_ESCALATION,P-2026-05-STEP1,false,true,c81802b3db2964f3ff30e6130c2ecac21b4b74f8fcda2a301afa350bfcd911cc
REQ-000655,2026-05-30T04:25:00Z,revoked_credential,OFF-0136,3388bd23d03d7e43b3bd8d53,Station House Officer,5,POLICE,STATE_03_DIST_02_PS_01,STATE_03_DIST_02,STATE_03,HIGH,REVOKED,NOT_ASSIGNED,REC-000290,17ebb06a599dae60d15c8174,CASE-00120,VIOLENT_CRIME,FIR_SUMMARY,STATE_01_DIST_03_PS_03,STATE_01_DIST_03,STATE_01,POLICE,LOW,false,false,false,false,OPEN,ACTIVE,false,false,false,true,AUDIT,UPDATE,false,false,MISSING,BUSINESS_HOURS,DEGRADED,ICJS_STYLE_EXCHANGE,P-2026-05-STEP1,false,true,85d7edb12558b0fb9a7fa5f6e482031f81951386af55fbf98a8b99f4ba51f744
REQ-000656,2026-05-29T17:36:00Z,cross_jurisdiction_sensitive,OFF-0084,71f10fb896bfac44fed3436e,Head Constable,2,POLICE,STATE_03_DIST_03_PS_03,STATE_03_DIST_03,STATE_03,LOW,ACTIVE,NOT_ASSIGNED,REC-000314,b4476e72e12a7120e87a4bfb,CASE-00205,VIOLENT_CRIME,CYBERCRIME_COMPLAINT,STATE_01_DIST_01_PS_02,STATE_01_DIST_01,STATE_01,POLICE,HIGH,false,false,false,false,SEALED,ACTIVE,false,false,false,true,SUPERVISION,VIEW,false,false,PRESENT_VALID,BUSINESS_HOURS,ONLINE,CCTNS_STYLE_API,P-2026-05-STEP1,false,true,a895f9f280b4717fdadca8830f13fcfe008b6172046e189bbde6b13877baa6f9
REQ-000657,2026-06-03T07:12:00Z,expired_approval_token,OFF-0172,59295c95c257a05519b6f91d,Senior Superintendent,6,POLICE,STATE_03_DIST_03_PS_02,STATE_03_DIST_03,STATE_03,CLASSIFIED,ACTIVE,NOT_ASSIGNED,REC-000021,df4d1c0d660e87790d82e71b,CASE-00124,CYBER_FRAUD,WITNESS_STATEMENT,STATE_02_DIST_04_PS_01,STATE_02_DIST_04,STATE_02,POLICE,CLASSIFIED,false,true,false,false,OPEN,ACTIVE,false,false,false,true,INVESTIGATION,VIEW,false,false,EXPIRED,BUSINESS_HOURS,ONLINE,CCTNS_STYLE_API,P-2026-05-STEP1,false,true,00817bb48e11487934a52524a8df800db83479788ae497a7188ae5e4877ee4f3
REQ-000658,2026-05-29T06:50:00Z,court_request,OFF-0126,73518b37a439a4d90b18903d,Constable,1,POLICE,STATE_02_DIST_01_PS_01,STATE_02_DIST_01,STATE_02,LOW,ACTIVE,NOT_ASSIGNED,REC-000662,56ad840f9fb936d6e9bc5567,CASE-00135,GENERAL_THEFT,CASE_DIARY,STATE_02_DIST_03_PS_02,STATE_02_DIST_03,STATE_02,POLICE,HIGH,false,false,false,false,OPEN,ACTIVE,false,false,true,true,COURT_PRODUCTION,VIEW,false,true,PRESENT_VALID,AFTER_HOURS,ONLINE,MANUAL_ESCALATION,P-2026-05-STEP1,false,true,8b467a4b723c1ffb3dea00c723a46afbc48cd4e22e8b4cabcc6a4f13b062275f
REQ-000659,2026-06-03T07:44:00Z,juvenile_sensitive,OFF-0232,8e0a9feb90e3ea8a4997b70d,Sub-Inspector,3,POLICE,STATE_03_DIST_03_PS_01,STATE_03_DIST_03,STATE_03,MEDIUM,ACTIVE,NOT_ASSIGNED,REC-000061,de8ed503b092aff04a4f6676,CASE-00141,JUVENILE_PROTECTION,FORENSIC_REPORT,STATE_03_DIST_01_PS_01,STATE_03_DIST_01,STATE_03,POLICE,MEDIUM,false,false,true,false,OPEN,ACTIVE,false,false,true,true,SUPERVISION,DOWNLOAD,false,false,MISSING,BUSINESS_HOURS,ONLINE,MANUAL_ESCALATION,P-2026-05-STEP1,false,true,590ea6a3d6bf19eca60822073f4017ace26ac2ed377a63c354de7cc635fd0d17
REQ-000660,2026-06-03T19:00:00Z,expired_approval_token,OFF-0026,1744a4b8e7d09467e6ea7495,Sub-Inspector,3,POLICE,STATE_02_DIST_01_PS_03,STATE_02_DIST_01,STATE_02,MEDIUM,ACTIVE,NOT_ASSIGNED,REC-000232,2f09515fb47c95c60bae3db1,CASE-00231,FINANCIAL_CRIME,FORENSIC_REPORT,STATE_02_DIST_01_PS_03,STATE_02_DIST_01,STATE_02,POLICE,CLASSIFIED,false,false,false,false,OPEN,ACTIVE,true,true,true,false,FORENSIC_REVIEW,VIEW,false,false,EXPIRED,BUSINESS_HOURS,ONLINE,CCTNS_STYLE_API,P-2026-05-STEP1,false,true,f706335f9c0e99170422cb8b0bdac61cba30d3e7c269260ed5a4971f9a4ac300
REQ-000661,2026-05-28T20:04:00Z,revoked_credential,OFF-0219,72129b83faafabab27729edc,Forensic Officer,4,FORENSIC,STATE_03_DIST_01_PS_03,STATE_03_DIST_01,STATE_03,HIGH,REVOKED,NOT_ASSIGNED,REC-000567,401be633eed632a4865b1fe7,CASE-00353,GENERAL_THEFT,JUVENILE_RECORD,STATE_02_DIST_02_PS_03,STATE_02_DIST_02,STATE_02,POLICE,HIGH,false,false,true,false,OPEN,ACTIVE,false,false,false,true,AUDIT,VIEW,false,false,MISSING,BUSINESS_HOURS,ONLINE,MANUAL_ESCALATION,P-2026-05-STEP1,false,true,68f3605fe5c4a6d7fa00f693ffc814e39d88b2e24da4af608c41c34d284d1d2d
REQ-000662,2026-05-31T03:18:00Z,cross_jurisdiction_sensitive,OFF-0020,fcd532f0d95281220fe7337b,Station House Officer,5,POLICE,STATE_03_DIST_02_PS_02,STATE_03_DIST_02,STATE_03,HIGH,ACTIVE,NOT_ASSIGNED,REC-000634,3be862e685c83a2a19e0c1ca,CASE-00029,WOMEN_CHILD_SAFETY,FORENSIC_REPORT,STATE_02_DIST_02_PS_03,STATE_02_DIST_02,STATE_02,POLICE,CLASSIFIED,true,false,false,false,OPEN,ACTIVE,false,false,false,true,FORENSIC_REVIEW,VIEW,false,false,PRESENT_VALID,BUSINESS_HOURS,ONLINE,ICJS_STYLE_EXCHANGE,P-2026-05-STEP1,false,true,cd39b58be2bdec0494dd18e45f49a08cdf94b16e6e491cf1abf51b1c108cd820
REQ-000663,2026-05-29T07:15:00Z,cross_jurisdiction_sensitive,OFF-0179,74d33cea72e21de2b8f5e545,Sub-Inspector,3,POLICE,STATE_02_DIST_03_PS_01,STATE_02_DIST_03,STATE_02,MEDIUM,ACTIVE,NOT_ASSIGNED,REC-000556,79f13e95fa10de3dec2246a2,CASE-00123,JUVENILE_PROTECTION,VICTIM_RECORD,STATE_03_DIST_01_PS_01,STATE_03_DIST_01,STATE_03,POLICE,HIGH,true,false,true,false,OPEN,ARCHIVED,false,false,false,true,SUPERVISION,VIEW,false,false,MISSING,AFTER_HOURS,ONLINE,CCTNS_STYLE_API,P-2026-05-STEP1,false,true,b67f169e42ffce76aae6ca1d8279fd6e53743590af045e550b38ae08538e3a3b
REQ-000664,2026-06-03T09:04:00Z,cross_jurisdiction_sensitive,OFF-0116,f1533940112c34367e3740e3,Sub-Inspector,3,POLICE,STATE_03_DIST_02_PS_03,STATE_03_DIST_02,STATE_03,MEDIUM,ACTIVE,NOT_ASSIGNED,REC-000805,6ba78bf38cb75dbe69553ae6,CASE-00013,VIOLENT_CRIME,CASE_DIARY,STATE_02_DIST_01_PS_03,STATE_02_DIST_01,STATE_02,POLICE,CLASSIFIED,false,false,false,false,SEALED,ACTIVE,false,false,false,true,SUPERVISION,VIEW,false,false,MISSING,AFTER_HOURS,ONLINE,ICJS_STYLE_EXCHANGE,P-2026-05-STEP1,false,true,44353e6fb26dc8c44086c78a985293060dd45a8ad8c59573ac065d088c401aca
REQ-000665,2026-06-01T01:55:00Z,stale_case_assignment,OFF-0010,bcb4468affef262ed92897ea,Inspector,4,POLICE,STATE_01_DIST_03_PS_03,STATE_01_DIST_03,STATE_01,MEDIUM,ACTIVE,STALE,REC-000462,8b7b39325ff9b7c2d5920e98,CASE-00183,GENERAL_THEFT,FORENSIC_REPORT,STATE_03_DIST_03_PS_02,STATE_03_DIST_03,STATE_03,POLICE,HIGH,false,false,false,false,SEALED,ACTIVE,false,false,false,true,INVESTIGATION,DOWNLOAD,false,false,MISSING,NIGHT,ONLINE,MANUAL_ESCALATION,P-2026-05-STEP1,false,true,cd33a23a792764f21bc2064ad77bbc6eb77af70386397c1e2f5cca965cade8bd
REQ-000666,2026-05-27T22:12:00Z,normal_in_jurisdiction,OFF-0234,a7db164c4af844793a01db35,Cybercrime Officer,4,CYBERCRIME,STATE_01_DIST_04_PS_02,STATE_01_DIST_04,STATE_01,HIGH,ACTIVE,ASSIGNED,REC-000235,7dea6e8129bbe8639d8b8ab6,CASE-00004,MISSING_PERSON,FIR_SUMMARY,STATE_01_DIST_04_PS_02,STATE_01_DIST_04,STATE_01,POLICE,MEDIUM,false,false,false,false,OPEN,ARCHIVED,true,true,true,false,INVESTIGATION,VIEW,false,false,NOT_REQUIRED,BUSINESS_HOURS,ONLINE,CCTNS_STYLE_API,P-2026-05-STEP1,false,true,3a9e1f69070da2fdab71f51edc1c3ca233148387d90cb234b51dbdebfbce1413
REQ-000667,2026-05-31T15:10:00Z,random_context,OFF-0168,ccfa52e7df949ec76b129260,Inspector,4,POLICE,STATE_01_DIST_01_PS_02,STATE_01_DIST_01,STATE_01,MEDIUM,ACTIVE,NOT_ASSIGNED,REC-000348,195140358f5d31dec354aa4b,CASE-00029,WOMEN_CHILD_SAFETY,COURT_SUBMISSION,STATE_02_DIST_02_PS_03,STATE_02_DIST_02,STATE_02,POLICE,HIGH,true,false,false,false,OPEN,ACTIVE,false,false,false,true,PROSECUTION_REVIEW,UPDATE,false,false,PRESENT_VALID,BUSINESS_HOURS,ONLINE,MANUAL_ESCALATION,P-2026-05-STEP1,false,true,1b6ab98f382966731ddfaf76157ca0bce25023ed336709cb6b40dae2278f3f3f
REQ-000668,2026-05-29T18:48:00Z,juvenile_sensitive,OFF-0040,c5c5b540de8f1dde6964dc89,Inspector,4,POLICE,STATE_01_DIST_02_PS_02,STATE_01_DIST_02,STATE_01,MEDIUM,ACTIVE,NOT_ASSIGNED,REC-000136,afc66b49673d015deb1322a9,CASE-00289,NARCOTICS,JUVENILE_RECORD,STATE_01_DIST_02_PS_01,STATE_01_DIST_02,STATE_01,POLICE,CLASSIFIED,false,false,true,false,OPEN,ACTIVE,false,true,true,false,INVESTIGATION,SHARE,false,false,PRESENT_VALID,BUSINESS_HOURS,ONLINE,CCTNS_STYLE_API,P-2026-05-STEP1,false,true,2fa2d13fb4f54c965523ade9d58113312d8e89c9a106ca46c8e4868e416101ed
REQ-000669,2026-05-27T22:18:00Z,cross_jurisdiction_sensitive,OFF-0090,721eda836388e57ee154e383,Sub-Inspector,3,POLICE,STATE_02_DIST_04_PS_01,STATE_02_DIST_04,STATE_02,MEDIUM,ACTIVE,NOT_ASSIGNED,REC-000577,8cd436b23498bf982d16d8f4,CASE-00179,FINANCIAL_CRIME,VICTIM_RECORD,STATE_03_DIST_02_PS_01,STATE_03_DIST_02,STATE_03,POLICE,HIGH,true,false,false,false,OPEN,ARCHIVED,false,false,false,true,FORENSIC_REVIEW,SHARE,false,false,MISSING,BUSINESS_HOURS,ONLINE,ICJS_STYLE_EXCHANGE,P-2026-05-STEP1,false,true,91201a2b2f259c9f34d98c1cefeccd6eecbf9aa88283f468f56b3388b103c2b3
REQ-000670,2026-05-28T09:30:00Z,cross_jurisdiction_sensitive,OFF-0226,2f283926393a08241f4c19ba,Inspector,4,POLICE,STATE_01_DIST_04_PS_01,STATE_01_DIST_04,STATE_01,MEDIUM,ACTIVE,NOT_ASSIGNED,REC-000358,d09b3513b623ce4439f5c622,CASE-00024,FINANCIAL_CRIME,VICTIM_RECORD,STATE_03_DIST_02_PS_02,STATE_03_DIST_02,STATE_03,POLICE,CLASSIFIED,true,false,false,false,OPEN,ACTIVE,false,false,false,true,FORENSIC_REVIEW,UPDATE,false,false,MISSING,BUSINESS_HOURS,ONLINE,ICJS_STYLE_EXCHANGE,P-2026-05-STEP1,false,true,155c6f47dcb3f27c16a37fe875606c827c332320d2eecb3acc7cfdfbd18b941a
REQ-000671,2026-05-29T07:55:00Z,revoked_credential,OFF-0034,9f1a046129b76f0cd0f13803,Cybercrime Officer,4,CYBERCRIME,STATE_01_DIST_04_PS_03,STATE_01_DIST_04,STATE_01,HIGH,REVOKED,NOT_ASSIGNED,REC-000672,1922b95ccc37339a4045c508,CASE-00054,FINANCIAL_CRIME,VICTIM_RECORD,STATE_01_DIST_04_PS_03,STATE_01_DIST_04,STATE_01,POLICE,HIGH,true,false,false,false,OPEN,UNDER_REVIEW,true,true,true,false,AUDIT,DOWNLOAD,false,false,MISSING,BUSINESS_HOURS,ONLINE,ICJS_STYLE_EXCHANGE,P-2026-05-STEP1,false,true,0954bad2d3eac0e298bc1a1aa521b9082cd82fc85642ca017d5e24b180f9f8d1
REQ-000672,2026-06-03T11:12:00Z,stale_case_assignment,OFF-0143,116125532167435d32c323d1,Constable,1,POLICE,STATE_01_DIST_02_PS_01,STATE_01_DIST_02,STATE_01,LOW,ACTIVE,STALE,REC-000734,70c78bbc75d059ecfc674005,CASE-00356,VIOLENT_CRIME,CYBERCRIME_COMPLAINT,STATE_02_DIST_03_PS_02,STATE_02_DIST_03,STATE_02,POLICE,CLASSIFIED,false,false,false,false,OPEN,ACTIVE,false,false,false,true,INVESTIGATION,VIEW,false,false,MISSING,BUSINESS_HOURS,STATION_NODE_DOWN,ICJS_STYLE_EXCHANGE,P-2026-05-STEP1,false,true,0e0a1336bb800cdc0e73f8ba627a611e5eb678bca732f5d2b433f841bfd1ac38
REQ-000673,2026-05-28T09:39:00Z,emergency_override,OFF-0135,93ea324e5b0159f974ae2ac9,Sub-Inspector,3,POLICE,STATE_01_DIST_01_PS_01,STATE_01_DIST_01,STATE_01,MEDIUM,ACTIVE,NOT_ASSIGNED,REC-000617,e6ddc948280fadfeea10e9d1,CASE-00189,VIOLENT_CRIME,EVIDENCE_MEDIA,STATE_01_DIST_02_PS_02,STATE_01_DIST_02,STATE_01,POLICE,CLASSIFIED,false,false,false,true,OPEN,ACTIVE,false,false,true,true,EMERGENCY_RESPONSE,VIEW,true,false,MISSING,AFTER_HOURS,ONLINE,ICJS_STYLE_EXCHANGE,P-2026-05-STEP1,false,true,cf225473ebb16e2dd21e28a6447447a86dc3cb351d263eec5ea764c493c5cf12
REQ-000674,2026-05-27T22:28:00Z,revoked_credential,OFF-0052,0c912fab59a9f46b26c259dd,Sub-Inspector,3,POLICE,STATE_03_DIST_01_PS_03,STATE_03_DIST_01,STATE_03,MEDIUM,REVOKED,NOT_ASSIGNED,REC-000894,873c7de1d90814943680a90d,CASE-00005,FINANCIAL_CRIME,EVIDENCE_MEDIA,STATE_03_DIST_04_PS_01,STATE_03_DIST_04,STATE_03,POLICE,CLASSIFIED,false,false,false,true,OPEN,ACTIVE,false,false,true,true,INVESTIGATION,VIEW,false,false,MISSING,BUSINESS_HOURS,ONLINE,CCTNS_STYLE_API,P-2026-05-STEP1,false,true,b4bffc0638860586f90a6232952ee08588eefdc83493ff91152025f1df02e740
REQ-000675,2026-05-29T19:30:00Z,cross_jurisdiction_sensitive,OFF-0194,ade36a17fa7aeeef7c2513ee,Station House Officer,5,POLICE,STATE_01_DIST_02_PS_01,STATE_01_DIST_02,STATE_01,HIGH,ACTIVE,NOT_ASSIGNED,REC-000849,d7d8d1e7e58fe0de6096f7ff,CASE-00004,MISSING_PERSON,FORENSIC_REPORT,STATE_01_DIST_04_PS_02,STATE_01_DIST_04,STATE_01,POLICE,HIGH,false,false,false,false,OPEN,ACTIVE,false,false,true,true,SUPERVISION,VIEW,false,false,MISSING,BUSINESS_HOURS,ONLINE,CCTNS_STYLE_API,P-2026-05-STEP1,false,true,18e1145a33a7c3304cb1befdf439e3d9dc72e0f7b12c8dd750691099293f9dfc
REQ-000676,2026-06-02T13:44:00Z,stale_case_assignment,OFF-0036,d3ba9e82379b9a1fa09b884a,Constable,1,POLICE,STATE_03_DIST_03_PS_02,STATE_03_DIST_03,STATE_03,LOW,ACTIVE,STALE,REC-000175,6b83433c88ff38205da4e6d8,CASE-00203,MISSING_PERSON,FORENSIC_REPORT,STATE_03_DIST_04_PS_01,STATE_03_DIST_04,STATE_03,POLICE,HIGH,false,false,false,false,OPEN,ACTIVE,false,false,true,true,INVESTIGATION,VIEW,false,false,MISSING,BUSINESS_HOURS,ONLINE,ICJS_STYLE_EXCHANGE,P-2026-05-STEP1,false,true,bda87a44bdd8207369cd329db8f93d6b1c8f328a539d5685d618863a57cba272
REQ-000677,2026-05-30T18:16:00Z,cross_jurisdiction_sensitive,OFF-0042,4bdedd9e1ddefe7a1e6434d1,Station House Officer,5,POLICE,STATE_01_DIST_01_PS_03,STATE_01_DIST_01,STATE_01,HIGH,ACTIVE,NOT_ASSIGNED,REC-000838,008cb02f48fda282db462c68,CASE-00062,CYBER_FRAUD,JUVENILE_RECORD,STATE_03_DIST_02_PS_02,STATE_03_DIST_02,STATE_03,POLICE,CLASSIFIED,false,false,true,false,OPEN,ACTIVE,false,false,false,true,FORENSIC_REVIEW,VIEW,false,false,MISSING,BUSINESS_HOURS,ONLINE,ICJS_STYLE_EXCHANGE,P-2026-05-STEP1,false,true,897d76eb5c28531bb685c3685877027a70d1980a152dbd6f89df97b3c13fe4db
REQ-000678,2026-05-30T07:06:00Z,sealed_record,OFF-0030,02df4864bc93f0037e94de95,Sub-Inspector,3,POLICE,STATE_01_DIST_02_PS_01,STATE_01_DIST_02,STATE_01,MEDIUM,ACTIVE,NOT_ASSIGNED,REC-000704,cdbff94eb4945538043436c1,CASE-00065,VIOLENT_CRIME,CYBERCRIME_COMPLAINT,STATE_02_DIST_04_PS_02,STATE_02_DIST_04,STATE_02,POLICE,HIGH,false,false,false,false,SEALED,ACTIVE,false,false,false,true,PROSECUTION_REVIEW,VIEW,false,true,PRESENT_VALID,BUSINESS_HOURS,ONLINE,ICJS_STYLE_EXCHANGE,P-2026-05-STEP1,false,true,8e4ee628bcd74cdb594dd12a569d2928909a3ffddec62df4d05b593aa2dab941
REQ-000679,2026-06-02T03:07:00Z,revoked_credential,OFF-0007,934e26f772b73b1d824939e2,Head Constable,2,POLICE,STATE_01_DIST_03_PS_03,STATE_01_DIST_03,STATE_01,LOW,REVOKED,NOT_ASSIGNED,REC-000579,3ee2b445178eb78c844bc181,CASE-00356,VIOLENT_CRIME,COURT_SUBMISSION,STATE_02_DIST_03_PS_02,STATE_02_DIST_03,STATE_02,POLICE,MEDIUM,false,false,false,false,OPEN,ARCHIVED,false,false,false,true,INVESTIGATION,UPDATE,false,false,MISSING,BUSINESS_HOURS,ONLINE,ICJS_STYLE_EXCHANGE,P-2026-05-STEP1,false,true,d5c5aed0c9398ecb1b07f435291e63c0b64cf8118e4493ba446496e2b5e6fd19
REQ-000680,2026-06-04T00:40:00Z,random_context,OFF-0133,58ae919f19aeb7c7f1527d26,Forensic Officer,4,FORENSIC,STATE_03_DIST_01_PS_02,STATE_03_DIST_01,STATE_03,HIGH,ACTIVE,NOT_ASSIGNED,REC-000752,fdb597969d2538b4f7c706e9,CASE-00078,WOMEN_CHILD_SAFETY,WITNESS_STATEMENT,STATE_02_DIST_01_PS_02,STATE_02_DIST_01,STATE_02,POLICE,HIGH,true,true,false,false,OPEN,ARCHIVED,false,false,false,true,FORENSIC_REVIEW,VIEW,false,false,NOT_REQUIRED,BUSINESS_HOURS,ONLINE,MANUAL_ESCALATION,P-2026-05-STEP1,false,true,c5062d8f674c2f32504237fabb87fa157b165d8540d5cb8a956ee476b40a3254
REQ-000681,2026-05-28T10:03:00Z,stale_case_assignment,OFF-0225,8fe1499c5ed9142abbac6485,Constable,1,POLICE,STATE_01_DIST_03_PS_02,STATE_01_DIST_03,STATE_01,LOW,ACTIVE,STALE,REC-000234,c6e09784d51abbf2b3753b68,CASE-00193,JUVENILE_PROTECTION,CYBERCRIME_COMPLAINT,STATE_03_DIST_03_PS_01,STATE_03_DIST_03,STATE_03,POLICE,HIGH,false,false,true,false,OPEN,ARCHIVED,false,false,false,true,INVESTIGATION,VIEW,false,false,MISSING,BUSINESS_HOURS,ONLINE,ICJS_STYLE_EXCHANGE,P-2026-05-STEP1,false,true,2e0f7ece8569719bb53a02cd237ad2dd80f8a8d05b98857758e900562a5fb781
REQ-000682,2026-06-03T02:30:00Z,emergency_override,OFF-0204,36f9518be85535c10000ffd5,Constable,1,POLICE,STATE_03_DIST_02_PS_01,STATE_03_DIST_02,STATE_03,LOW,ACTIVE,NOT_ASSIGNED,REC-000531,dfacd5897f32fddc86122774,CASE-00151,NARCOTICS,JUVENILE_RECORD,STATE_02_DIST_02_PS_03,STATE_02_DIST_02,STATE_02,POLICE,CLASSIFIED,false,false,true,false,OPEN,ARCHIVED,false,false,false,true,EMERGENCY_RESPONSE,VIEW,true,false,PRESENT_VALID,NIGHT,STATION_NODE_DOWN,MANUAL_ESCALATION,P-2026-05-STEP1,false,true,543aee09f6d5fec131926b2cb4abb5ab735c97018b96f71884e810b576c977dc
REQ-000683,2026-06-01T05:13:00Z,normal_in_jurisdiction,OFF-0090,721eda836388e57ee154e383,Sub-Inspector,3,POLICE,STATE_02_DIST_04_PS_01,STATE_02_DIST_04,STATE_02,MEDIUM,ACTIVE,ASSIGNED,REC-000812,7b291ea97b660dc95e52b341,CASE-00088,JUVENILE_PROTECTION,COURT_SUBMISSION,STATE_02_DIST_04_PS_01,STATE_02_DIST_04,STATE_02,POLICE,MEDIUM,false,false,true,false,OPEN,ACTIVE,true,true,true,false,INVESTIGATION,VIEW,false,false,NOT_REQUIRED,AFTER_HOURS,ONLINE,MANUAL_ESCALATION,P-2026-05-STEP1,false,true,ec369fd635ba0f214a0c14513b61748131dfa8d5f7e364d87d457638c0f0ab91
REQ-000684,2026-06-02T15:36:00Z,normal_in_jurisdiction,OFF-0123,72950e6372134a5838550d42,Head Constable,2,POLICE,STATE_03_DIST_02_PS_01,STATE_03_DIST_02,STATE_03,LOW,ACTIVE,ASSIGNED,REC-000705,9ba3222b46677adfe4b27463,CASE-00179,FINANCIAL_CRIME,FIR_SUMMARY,STATE_03_DIST_02_PS_01,STATE_03_DIST_02,STATE_03,POLICE,LOW,false,false,false,false,OPEN,ACTIVE,true,true,true,false,INVESTIGATION,VIEW,false,false,NOT_REQUIRED,BUSINESS_HOURS,ONLINE,MANUAL_ESCALATION,P-2026-05-STEP1,false,true,a16603fbbf9707ed1c5350297ea3336fe3fb0854d217ef5c43b4d66353164080
REQ-000685,2026-05-28T21:40:00Z,sealed_record,OFF-0021,d58ac64e32ce6bc751285238,Head Constable,2,POLICE,STATE_03_DIST_03_PS_03,STATE_03_DIST_03,STATE_03,LOW,ACTIVE,NOT_ASSIGNED,REC-000582,8bda4bef783bd0a2841c41de,CASE-00086,VIOLENT_CRIME,FIR_SUMMARY,STATE_03_DIST_02_PS_02,STATE_03_DIST_02,STATE_03,POLICE,HIGH,false,false,false,false,SEALED,ACTIVE,false,false,true,true,PROSECUTION_REVIEW,VIEW,false,true,MISSING,BUSINESS_HOURS,ONLINE,ICJS_STYLE_EXCHANGE,P-2026-05-STEP1,false,true,8871d6990c1cf233df6dd3a04e77477af8a4057e83210e4f7a6012483755bc86
REQ-000686,2026-06-03T03:30:00Z,juvenile_sensitive,OFF-0080,8d450ebb6d2a4135d240f974,Station House Officer,5,POLICE,STATE_01_DIST_04_PS_03,STATE_01_DIST_04,STATE_01,HIGH,ACTIVE,NOT_ASSIGNED,REC-000075,6a40e28a9342f16dc5165083,CASE-00020,JUVENILE_PROTECTION,CYBERCRIME_COMPLAINT,STATE_02_DIST_02_PS_01,STATE_02_DIST_02,STATE_02,POLICE,HIGH,false,false,true,false,OPEN,ARCHIVED,false,false,false,true,INVESTIGATION,VIEW,false,false,PRESENT_VALID,BUSINESS_HOURS,ONLINE,CCTNS_STYLE_API,P-2026-05-STEP1,false,true,7ca341061324532ea9d3dbe80f476c5b6fecbcf896e11ebb8732096d1f6e6aa5
REQ-000687,2026-06-04T02:39:00Z,sealed_record,OFF-0143,116125532167435d32c323d1,Constable,1,POLICE,STATE_01_DIST_02_PS_01,STATE_01_DIST_02,STATE_01,LOW,ACTIVE,ASSIGNED,REC-000067,47b911abbdd432ecb134dc06,CASE-00043,CYBER_FRAUD,VICTIM_RECORD,STATE_01_DIST_02_PS_01,STATE_01_DIST_02,STATE_01,POLICE,CLASSIFIED,true,false,false,false,SEALED,ACTIVE,true,true,true,false,INVESTIGATION,VIEW,false,false,MISSING,AFTER_HOURS,ONLINE,ICJS_STYLE_EXCHANGE,P-2026-05-STEP1,false,true,c3be64866927c5bf62139efa46533ffa628a95f896381d6522536e6cbcc3578f
REQ-000688,2026-06-03T04:00:00Z,cross_jurisdiction_sensitive,OFF-0171,4bb363d085866d6dbe19f005,Head Constable,2,POLICE,STATE_03_DIST_02_PS_01,STATE_03_DIST_02,STATE_03,LOW,ACTIVE,NOT_ASSIGNED,REC-000040,88b72e520b29734a6950a1ba,CASE-00181,CYBER_FRAUD,JUVENILE_RECORD,STATE_01_DIST_01_PS_03,STATE_01_DIST_01,STATE_01,POLICE,HIGH,false,false,true,false,SEALED,UNDER_REVIEW,false,false,false,true,SUPERVISION,DOWNLOAD,false,false,MISSING,BUSINESS_HOURS,ONLINE,ICJS_STYLE_EXCHANGE,P-2026-05-STEP1,false,true,b015510de735a6abd9890d0eee4be563832391bc283a8ef385bdd20d2cbd054a
REQ-000689,2026-06-04T03:13:00Z,stale_case_assignment,OFF-0030,02df4864bc93f0037e94de95,Sub-Inspector,3,POLICE,STATE_01_DIST_02_PS_01,STATE_01_DIST_02,STATE_01,MEDIUM,ACTIVE,STALE,REC-000120,22934e416c5fb7d3a1737ee2,CASE-00267,MISSING_PERSON,FIR_SUMMARY,STATE_02_DIST_02_PS_01,STATE_02_DIST_02,STATE_02,POLICE,HIGH,false,false,false,false,OPEN,ACTIVE,false,false,false,true,INVESTIGATION,DOWNLOAD,false,false,MISSING,BUSINESS_HOURS,ONLINE,CCTNS_STYLE_API,P-2026-05-STEP1,false,true,fd54872f1e25f4f4ffc62ddd56f2248ab8d66826eaadf8a5374edd2d9530455f
REQ-000690,2026-05-29T21:00:00Z,court_request,OFF-0150,b012e7e4d1319033c362fb26,Constable,1,POLICE,STATE_01_DIST_04_PS_03,STATE_01_DIST_04,STATE_01,LOW,ACTIVE,NOT_ASSIGNED,REC-000824,945f4f7b3a236a35a569de92,CASE-00017,WOMEN_CHILD_SAFETY,WITNESS_STATEMENT,STATE_02_DIST_01_PS_01,STATE_02_DIST_01,STATE_02,POLICE,MEDIUM,true,true,false,false,SEALED,ACTIVE,false,false,false,true,COURT_PRODUCTION,UPDATE,false,true,PRESENT_VALID,BUSINESS_HOURS,ONLINE,CCTNS_STYLE_API,P-2026-05-STEP1,false,true,91fda0ff345645344b8ee9e1f90927241d5c23ec7f2a2b4a01b5fad56cd49bba
REQ-000691,2026-05-29T09:35:00Z,juvenile_sensitive,OFF-0016,5d49251d25024e2ef906fcfa,Sub-Inspector,3,POLICE,STATE_03_DIST_01_PS_01,STATE_03_DIST_01,STATE_03,MEDIUM,ACTIVE,NOT_ASSIGNED,REC-000790,8a3a2306312e0f1c773316f1,CASE-00316,GENERAL_THEFT,JUVENILE_RECORD,STATE_02_DIST_02_PS_02,STATE_02_DIST_02,STATE_02,POLICE,HIGH,false,false,true,false,OPEN,ACTIVE,false,false,false,true,INVESTIGATION,VIEW,false,false,MISSING,BUSINESS_HOURS,ONLINE,ICJS_STYLE_EXCHANGE,P-2026-05-STEP1,false,true,265c10f2262c2ef38f880cae02f677c02396ab5b06d805506d75e7765d720dfd
REQ-000692,2026-05-30T08:44:00Z,cross_jurisdiction_sensitive,OFF-0022,cdb37082bd33066e73ce6a23,Forensic Officer,4,FORENSIC,STATE_03_DIST_02_PS_01,STATE_03_DIST_02,STATE_03,HIGH,ACTIVE,NOT_ASSIGNED,REC-000483,b10eeff052ba452504a54f88,CASE-00323,VIOLENT_CRIME,JUVENILE_RECORD,STATE_01_DIST_01_PS_03,STATE_01_DIST_01,STATE_01,POLICE,CLASSIFIED,false,false,true,false,OPEN,ACTIVE,false,false,false,true,SUPERVISION,VIEW,false,false,MISSING,BUSINESS_HOURS,ONLINE,CCTNS_STYLE_API,P-2026-05-STEP1,false,true,27568b470198a2f186f0ae7ef6282f35f00702264268fdd010958df80535d00b
REQ-000693,2026-06-01T18:36:00Z,sealed_record,OFF-0053,5250e04b75f9aa481b9f2c6e,Inspector,4,POLICE,STATE_02_DIST_02_PS_01,STATE_02_DIST_02,STATE_02,MEDIUM,ACTIVE,NOT_ASSIGNED,REC-000132,3c448fe6bc8192a79adae014,CASE-00303,CYBER_FRAUD,FIR_SUMMARY,STATE_02_DIST_02_PS_01,STATE_02_DIST_02,STATE_02,POLICE,MEDIUM,false,false,false,false,SEALED,ACTIVE,true,true,true,false,INVESTIGATION,VIEW,false,false,MISSING,BUSINESS_HOURS,DEGRADED,CCTNS_STYLE_API,P-2026-05-STEP1,false,true,5ddac6cfd227ed8ba739c43d60b033277299ba3a8b22f484ef256f4c0f524ca9
REQ-000694,2026-05-28T22:16:00Z,expired_approval_token,OFF-0088,aba84a984ee3606ae0d30a0a,Head Constable,2,POLICE,STATE_02_DIST_03_PS_02,STATE_02_DIST_03,STATE_02,LOW,ACTIVE,NOT_ASSIGNED,REC-000155,9169482ae7cab0166b265e60,CASE-00256,CYBER_FRAUD,CYBERCRIME_COMPLAINT,STATE_02_DIST_03_PS_02,STATE_02_DIST_03,STATE_02,POLICE,HIGH,false,false,false,false,OPEN,ACTIVE,true,true,true,false,PROSECUTION_REVIEW,DOWNLOAD,false,false,EXPIRED,BUSINESS_HOURS,ONLINE,CCTNS_STYLE_API,P-2026-05-STEP1,false,true,34172cfa1a99662261c0127bc19bb2f66bdf07bf65617a19b2b97cc7a32adce0
REQ-000695,2026-06-03T17:20:00Z,sealed_record,OFF-0222,fed71b6f957fb445cdad7897,Constable,1,POLICE,STATE_03_DIST_01_PS_02,STATE_03_DIST_01,STATE_03,LOW,ACTIVE,NOT_ASSIGNED,REC-000131,3f62490bb6003e08aff86a5d,CASE-00275,MISSING_PERSON,EVIDENCE_MEDIA,STATE_03_DIST_04_PS_02,STATE_03_DIST_04,STATE_03,POLICE,HIGH,false,false,false,true,SEALED,ACTIVE,false,false,true,true,PROSECUTION_REVIEW,DOWNLOAD,false,true,PRESENT_VALID,BUSINESS_HOURS,ONLINE,CCTNS_STYLE_API,P-2026-05-STEP1,false,true,751115c466df37bd777d08d8006b129b33587fd1a2d0dc26f976ac28f5b93c3a
REQ-000696,2026-05-28T10:48:00Z,cross_jurisdiction_sensitive,OFF-0096,cd7bb6b37a4bf493a6fadfea,Head Constable,2,POLICE,STATE_03_DIST_04_PS_03,STATE_03_DIST_04,STATE_03,LOW,ACTIVE,NOT_ASSIGNED,REC-000514,c0dfcc086c29ac7761c0efb5,CASE-00207,FINANCIAL_CRIME,JUVENILE_RECORD,STATE_01_DIST_03_PS_01,STATE_01_DIST_03,STATE_01,POLICE,HIGH,false,false,true,false,OPEN,ACTIVE,false,false,false,true,INVESTIGATION,DOWNLOAD,false,false,MISSING,BUSINESS_HOURS,ONLINE,ICJS_STYLE_EXCHANGE,P-2026-05-STEP1,false,true,7e5699b7c32033dbdec8fd616eab567581cd26efa41a9bb0c5e8e9f2bd7b0d09
REQ-000697,2026-05-31T08:33:00Z,sealed_record,OFF-0008,f7c9b924c136028c31a62c8c,Inspector,4,POLICE,STATE_03_DIST_03_PS_03,STATE_03_DIST_03,STATE_03,MEDIUM,ACTIVE,NOT_ASSIGNED,REC-000786,6806ba66b352cd0ace2dc62d,CASE-00226,VIOLENT_CRIME,JUVENILE_RECORD,STATE_02_DIST_01_PS_02,STATE_02_DIST_01,STATE_02,POLICE,HIGH,false,false,true,false,SEALED,ACTIVE,false,false,false,true,PROSECUTION_REVIEW,VIEW,false,true,MISSING,AFTER_HOURS,STATION_NODE_DOWN,CCTNS_STYLE_API,P-2026-05-STEP1,false,true,3e9956b8db6d307d8f1e81b883bc0e3e33cb5f2bdfa0c82605477803f3a69057
REQ-000698,2026-06-04T05:46:00Z,court_request,OFF-0238,0d893c2441da140e8c46fc54,Senior Superintendent,6,POLICE,STATE_01_DIST_01_PS_03,STATE_01_DIST_01,STATE_01,CLASSIFIED,ACTIVE,NOT_ASSIGNED,REC-000209,40ab0a32b9b194338de4a0a3,CASE-00339,FINANCIAL_CRIME,FIR_SUMMARY,STATE_02_DIST_03_PS_01,STATE_02_DIST_03,STATE_02,POLICE,MEDIUM,false,false,false,false,OPEN,ACTIVE,false,false,false,true,COURT_PRODUCTION,VIEW,false,true,PRESENT_VALID,AFTER_HOURS,ONLINE,ICJS_STYLE_EXCHANGE,P-2026-05-STEP1,false,true,55399b78f1836bcf50f3d6944c99999dfa1c4094334ba452b6d40fefcf44038f
REQ-000699,2026-06-04T06:03:00Z,random_context,OFF-0216,63cd4d5013242ca51327d961,Sub-Inspector,3,POLICE,STATE_02_DIST_04_PS_02,STATE_02_DIST_04,STATE_02,MEDIUM,ACTIVE,NOT_ASSIGNED,REC-000055,c3c560b7671d3f284c65f621,CASE-00328,WOMEN_CHILD_SAFETY,CASE_DIARY,STATE_03_DIST_02_PS_02,STATE_03_DIST_02,STATE_03,POLICE,HIGH,true,false,false,false,OPEN,ACTIVE,false,false,false,true,SUPERVISION,DOWNLOAD,false,false,NOT_REQUIRED,AFTER_HOURS,ONLINE,CCTNS_STYLE_API,P-2026-05-STEP1,false,true,a23a14858ceef05cd12d4373b62ec0ae08bfd6bd5f2c1af968478734e405d7cb
REQ-000700,2026-06-03T18:40:00Z,sealed_record,OFF-0209,46719ed3c0b1ab7f0fbf5f90,Prosecutor Liaison,4,PROSECUTION,STATE_01_DIST_01_PS_01,STATE_01_DIST_01,STATE_01,MEDIUM,ACTIVE,NOT_ASSIGNED,REC-000340,4f7b0b0cacce32a385a1e42a,CASE-00182,JUVENILE_PROTECTION,JUVENILE_RECORD,STATE_03_DIST_04_PS_01,STATE_03_DIST_04,STATE_03,POLICE,CLASSIFIED,false,false,true,false,SEALED,ACTIVE,false,false,false,true,COURT_PRODUCTION,UPDATE,false,true,PRESENT_VALID,BUSINESS_HOURS,ONLINE,ICJS_STYLE_EXCHANGE,P-2026-05-STEP1,false,true,a6c26507371cdfc687e5e1cba8dbea5b0f36be81982e30b6547ba2230decbe5a
REQ-000701,2026-06-01T08:31:00Z,court_request,OFF-0174,0d9d0f67e217f12f80467acf,Station House Officer,5,POLICE,STATE_02_DIST_02_PS_01,STATE_02_DIST_02,STATE_02,HIGH,ACTIVE,NOT_ASSIGNED,REC-000224,5b3c9fb228bd8b29719c1a5a,CASE-00205,VIOLENT_CRIME,COURT_SUBMISSION,STATE_01_DIST_01_PS_02,STATE_01_DIST_01,STATE_01,POLICE,HIGH,false,false,false,false,OPEN,ACTIVE,false,false,false,true,COURT_PRODUCTION,VIEW,false,true,PRESENT_VALID,NIGHT,ONLINE,CCTNS_STYLE_API,P-2026-05-STEP1,false,true,430d53b5c8b7e5c934266787b3e1b7e6c31f492494b51922a97d7994e90f8034
REQ-000702,2026-05-29T10:30:00Z,normal_in_jurisdiction,OFF-0132,9a1678400f682a3201830c3a,Inspector,4,POLICE,STATE_01_DIST_01_PS_02,STATE_01_DIST_01,STATE_01,MEDIUM,ACTIVE,NOT_ASSIGNED,REC-000105,1a7a075d9c96c7650482fbad,CASE-00272,CYBER_FRAUD,COURT_SUBMISSION,STATE_02_DIST_03_PS_01,STATE_02_DIST_03,STATE_02,POLICE,HIGH,false,false,false,false,OPEN,ACTIVE,false,false,false,true,INVESTIGATION,VIEW,false,false,NOT_REQUIRED,NIGHT,ONLINE,CCTNS_STYLE_API,P-2026-05-STEP1,false,true,2f67848e76abb765106a661a2612390290e172a3ad306dc89713de99879a5d29
REQ-000703,2026-05-27T23:26:00Z,revoked_credential,OFF-0052,0c912fab59a9f46b26c259dd,Sub-Inspector,3,POLICE,STATE_03_DIST_01_PS_03,STATE_03_DIST_01,STATE_03,MEDIUM,REVOKED,NOT_ASSIGNED,REC-000373,1a967617111b9eb80520a1d6,CASE-00022,JUVENILE_PROTECTION,FIR_SUMMARY,STATE_01_DIST_02_PS_02,STATE_01_DIST_02,STATE_01,POLICE,MEDIUM,false,false,true,false,OPEN,ACTIVE,false,false,false,true,INVESTIGATION,VIEW,false,false,MISSING,BUSINESS_HOURS,ONLINE,MANUAL_ESCALATION,P-2026-05-STEP1,false,true,a6e7ca121400a248ee105543c14f9d303be8ac77f98e9073c0c49a92d074f5a1
REQ-000704,2026-05-28T22:56:00Z,juvenile_sensitive,OFF-0072,012f7330673a61c61f1d0ef9,Sub-Inspector,3,POLICE,STATE_02_DIST_01_PS_02,STATE_02_DIST_01,STATE_02,MEDIUM,ACTIVE,NOT_ASSIGNED,REC-000054,1401f3e1054a0aaab0eeff1c,CASE-00180,JUVENILE_PROTECTION,FORENSIC_REPORT,STATE_02_DIST_01_PS_03,STATE_02_DIST_01,STATE_02,POLICE,CLASSIFIED,false,false,true,false,OPEN,ARCHIVED,false,true,true,false,SUPERVISION,VIEW,false,false,MISSING,BUSINESS_HOURS,ONLINE,ICJS_STYLE_EXCHANGE,P-2026-05-STEP1,false,true,ad4727c99751bb9689c42894e7bc91f1758e7792bb420b668bbdc960b54ea1ab
REQ-000705,2026-06-02T20:30:00Z,revoked_credential,OFF-0034,9f1a046129b76f0cd0f13803,Cybercrime Officer,4,CYBERCRIME,STATE_01_DIST_04_PS_03,STATE_01_DIST_04,STATE_01,HIGH,REVOKED,NOT_ASSIGNED,REC-000710,f7694506fadb227c01b96b55,CASE-00085,GENERAL_THEFT,FIR_SUMMARY,STATE_02_DIST_02_PS_01,STATE_02_DIST_02,STATE_02,POLICE,HIGH,false,false,false,false,OPEN,ACTIVE,false,false,false,true,INVESTIGATION,DOWNLOAD,false,false,MISSING,BUSINESS_HOURS,ONLINE,CCTNS_STYLE_API,P-2026-05-STEP1,false,true,732d4ce1cdf2e5fac491ec1d2794d584901bd90e788a18926e88e0028a50ce4f
REQ-000706,2026-05-31T09:54:00Z,cross_jurisdiction_sensitive,OFF-0030,02df4864bc93f0037e94de95,Sub-Inspector,3,POLICE,STATE_01_DIST_02_PS_01,STATE_01_DIST_02,STATE_01,MEDIUM,ACTIVE,NOT_ASSIGNED,REC-000010,1453d16ff68c935811a922d5,CASE-00003,VIOLENT_CRIME,JUVENILE_RECORD,STATE_03_DIST_01_PS_02,STATE_03_DIST_01,STATE_03,POLICE,HIGH,false,false,true,false,OPEN,UNDER_REVIEW,false,false,false,true,FORENSIC_REVIEW,VIEW,false,false,PRESENT_VALID,BUSINESS_HOURS,ONLINE,MANUAL_ESCALATION,P-2026-05-STEP1,false,true,9b5f52878e3edfb2bce6f7509b12e4426f314d34cdbe28c549ebf46b0548c9f1
REQ-000707,2026-05-31T21:50:00Z,juvenile_sensitive,OFF-0090,721eda836388e57ee154e383,Sub-Inspector,3,POLICE,STATE_02_DIST_04_PS_01,STATE_02_DIST_04,STATE_02,MEDIUM,ACTIVE,NOT_ASSIGNED,REC-000471,f6f606c409b171df8e67b6a2,CASE-00294,MISSING_PERSON,JUVENILE_RECORD,STATE_02_DIST_03_PS_02,STATE_02_DIST_03,STATE_02,POLICE,HIGH,false,false,true,false,OPEN,ACTIVE,false,false,true,true,INVESTIGATION,SHARE,false,false,MISSING,BUSINESS_HOURS,DEGRADED,ICJS_STYLE_EXCHANGE,P-2026-05-STEP1,false,true,3455f2e2bed2676951b00292285ab7fc6d64f76b776bcc3c15a0c3cdc7d6f833
REQ-000708,2026-06-02T09:24:00Z,sealed_record,OFF-0214,4abc3e055d213fe06ce85aef,Sub-Inspector,3,POLICE,STATE_01_DIST_03_PS_01,STATE_01_DIST_03,STATE_01,MEDIUM,ACTIVE,NOT_ASSIGNED,REC-000320,29d9aeede8e69bbf19fc8398,CASE-00323,VIOLENT_CRIME,CASE_DIARY,STATE_01_DIST_01_PS_03,STATE_01_DIST_01,STATE_01,POLICE,HIGH,false,false,false,false,SEALED,ACTIVE,false,false,true,true,INVESTIGATION,VIEW,false,false,PRESENT_VALID,BUSINESS_HOURS,ONLINE,ICJS_STYLE_EXCHANGE,P-2026-05-STEP1,false,true,714b9e37082a0f1b4b33432939947cd0662020dc44a042fdc6418cd0f8dafc53
REQ-000709,2026-05-30T22:32:00Z,emergency_override,OFF-0033,4f04697319f636cd795e5d1b,Inspector,4,POLICE,STATE_03_DIST_01_PS_03,STATE_03_DIST_01,STATE_03,MEDIUM,ACTIVE,NOT_ASSIGNED,REC-000009,63c910ce62e656e7950b3fc5,CASE-00002,GENERAL_THEFT,JUVENILE_RECORD,STATE_01_DIST_03_PS_02,STATE_01_DIST_03,STATE_01,POLICE,CLASSIFIED,false,false,true,false,OPEN,ACTIVE,false,false,false,true,EMERGENCY_RESPONSE,DOWNLOAD,true,false,MISSING,AFTER_HOURS,ONLINE,ICJS_STYLE_EXCHANGE,P-2026-05-STEP1,false,true,3319ad396e4e4adef95e14c397da7c2acd6a555441a3f540d52db043dd4ca57a
REQ-000710,2026-05-27T23:40:00Z,normal_in_jurisdiction,OFF-0190,c6c5d38ea874865e512ea30c,Sub-Inspector,3,POLICE,STATE_01_DIST_01_PS_03,STATE_01_DIST_01,STATE_01,MEDIUM,ACTIVE,NOT_ASSIGNED,REC-000230,57e7af8bd7cdc6920752e182,CASE-00147,VIOLENT_CRIME,CASE_DIARY,STATE_02_DIST_03_PS_03,STATE_02_DIST_03,STATE_02,POLICE,HIGH,false,false,false,false,SEALED,UNDER_REVIEW,false,false,false,true,INVESTIGATION,VIEW,false,false,NOT_REQUIRED,BUSINESS_HOURS,ONLINE,ICJS_STYLE_EXCHANGE,P-2026-05-STEP1,false,true,8dd616c7738d6cd4450444341bf10afc7a2642a60618efb0876cab1e39914da3
REQ-000711,2026-06-03T09:45:00Z,normal_in_jurisdiction,OFF-0143,116125532167435d32c323d1,Constable,1,POLICE,STATE_01_DIST_02_PS_01,STATE_01_DIST_02,STATE_01,LOW,ACTIVE,ASSIGNED,REC-000129,ba1246d80c3497ab72c2edc9,CASE-00281,NARCOTICS,FIR_SUMMARY,STATE_01_DIST_02_PS_01,STATE_01_DIST_02,STATE_01,POLICE,MEDIUM,false,false,false,false,OPEN,ARCHIVED,true,true,true,false,INVESTIGATION,VIEW,false,false,NOT_REQUIRED,BUSINESS_HOURS,ONLINE,ICJS_STYLE_EXCHANGE,P-2026-05-STEP1,false,true,0e45bdd2ac0987b430280a390b7e420c0ec17118d28279e53fbd80b91c0fd8aa
REQ-000712,2026-05-30T11:04:00Z,emergency_override,OFF-0220,5f5d03cad2864eb9986177dd,Sub-Inspector,3,POLICE,STATE_02_DIST_03_PS_02,STATE_02_DIST_03,STATE_02,MEDIUM,ACTIVE,NOT_ASSIGNED,REC-000010,1453d16ff68c935811a922d5,CASE-00003,VIOLENT_CRIME,JUVENILE_RECORD,STATE_03_DIST_01_PS_02,STATE_03_DIST_01,STATE_03,POLICE,HIGH,false,false,true,false,OPEN,UNDER_REVIEW,false,false,false,true,EMERGENCY_RESPONSE,VIEW,true,false,MISSING,BUSINESS_HOURS,ONLINE,MANUAL_ESCALATION,P-2026-05-STEP1,false,true,d1cd46b0cd0c13ab314309bb8bcfe8f35b389beddbbce7c27aead82ba296d35a
REQ-000713,2026-05-30T23:04:00Z,normal_in_jurisdiction,OFF-0228,8a7aea37c451a80fdc290e57,Head Constable,2,POLICE,STATE_01_DIST_02_PS_02,STATE_01_DIST_02,STATE_01,LOW,ACTIVE,ASSIGNED,REC-000900,993302f952e97c82aaeeeeba,CASE-00189,VIOLENT_CRIME,FIR_SUMMARY,STATE_01_DIST_02_PS_02,STATE_01_DIST_02,STATE_01,POLICE,LOW,false,false,false,false,OPEN,ACTIVE,true,true,true,false,INVESTIGATION,VIEW,false,false,NOT_REQUIRED,BUSINESS_HOURS,ONLINE,ICJS_STYLE_EXCHANGE,P-2026-05-STEP1,false,true,2451fe7e9b21206ad80e16721e45f5c95453d29c9e96857c37c1d8d54e161800
REQ-000714,2026-05-30T11:18:00Z,court_request,OFF-0173,5d29ee05d50fe82bba4375d8,Sub-Inspector,3,POLICE,STATE_02_DIST_02_PS_01,STATE_02_DIST_02,STATE_02,MEDIUM,ACTIVE,NOT_ASSIGNED,REC-000444,d7a80c935b5e982d9aa6d398,CASE-00265,FINANCIAL_CRIME,FORENSIC_REPORT,STATE_01_DIST_03_PS_03,STATE_01_DIST_03,STATE_01,POLICE,HIGH,false,false,false,false,OPEN,ACTIVE,false,false,false,true,COURT_PRODUCTION,VIEW,false,true,PRESENT_VALID,BUSINESS_HOURS,ONLINE,ICJS_STYLE_EXCHANGE,P-2026-05-STEP1,false,true,9027450285ed1cbe37f8b330e3250bad3c7a77bf2a410335c32ceeb7f32238d5
REQ-000715,2026-05-30T23:20:00Z,sealed_record,OFF-0001,858f20314a8c64995d905a33,Sub-Inspector,3,POLICE,STATE_03_DIST_01_PS_02,STATE_03_DIST_01,STATE_03,MEDIUM,ACTIVE,NOT_ASSIGNED,REC-000194,7ce5d3c68a1d4bf9a69dd131,CASE-00345,VIOLENT_CRIME,CYBERCRIME_COMPLAINT,STATE_02_DIST_03_PS_01,STATE_02_DIST_03,STATE_02,POLICE,MEDIUM,false,false,false,false,SEALED,ACTIVE,false,false,false,true,INVESTIGATION,DOWNLOAD,false,false,PRESENT_VALID,AFTER_HOURS,ONLINE,CCTNS_STYLE_API,P-2026-05-STEP1,false,true,aa0a468f8cbf4c33955c9cb4338a58ea2d201de21fcab7f80d9b1b7931aeba5d
REQ-000716,2026-05-28T23:44:00Z,juvenile_sensitive,OFF-0011,84a9b6fb8d6efe7cd09043f6,Inspector,4,POLICE,STATE_02_DIST_02_PS_02,STATE_02_DIST_02,STATE_02,MEDIUM,ACTIVE,NOT_ASSIGNED,REC-000620,05c7c986bc49b426bf6cd52e,CASE-00346,MISSING_PERSON,JUVENILE_RECORD,STATE_02_DIST_04_PS_03,STATE_02_DIST_04,STATE_02,POLICE,CLASSIFIED,false,false,true,false,OPEN,UNDER_REVIEW,false,false,true,true,INVESTIGATION,VIEW,false,false,MISSING,AFTER_HOURS,ONLINE,CCTNS_STYLE_API,P-2026-05-STEP1,false,true,e369867671fee5a41bbeaf9632f55140f81aeac85b5ed99e83f11d1e42d390c2
REQ-000717,2026-06-04T11:09:00Z,revoked_credential,OFF-0007,934e26f772b73b1d824939e2,Head Constable,2,POLICE,STATE_01_DIST_03_PS_03,STATE_01_DIST_03,STATE_01,LOW,REVOKED,NOT_ASSIGNED,REC-000143,b0a4a1fab9708ce6b59edcf2,CASE-00167,JUVENILE_PROTECTION,VICTIM_RECORD,STATE_03_DIST_03_PS_01,STATE_03_DIST_03,STATE_03,POLICE,CLASSIFIED,true,false,true,false,OPEN,ACTIVE,false,false,false,true,AUDIT,SHARE,false,false,MISSING,AFTER_HOURS,ONLINE,CCTNS_STYLE_API,P-2026-05-STEP1,false,true,910a12473b6a11f1730afca19f76a5c5a3ed3a406f16f8a8a312a42deb74906c
REQ-000718,2026-06-02T11:34:00Z,expired_approval_token,OFF-0081,e432fb8e9e7dd060765bcd20,Head Constable,2,POLICE,STATE_01_DIST_02_PS_02,STATE_01_DIST_02,STATE_01,LOW,ACTIVE,NOT_ASSIGNED,REC-000027,db675945c3a004fc20e2e374,CASE-00030,VIOLENT_CRIME,VICTIM_RECORD,STATE_03_DIST_03_PS_01,STATE_03_DIST_03,STATE_03,POLICE,HIGH,true,false,false,false,OPEN,ACTIVE,false,false,false,true,INVESTIGATION,DOWNLOAD,false,false,EXPIRED,AFTER_HOURS,ONLINE,MANUAL_ESCALATION,P-2026-05-STEP1,false,true,0403c00d031bb512158c3a3c78b22a4aaa77cd9d219a8363152962c5e36eb25b
REQ-000719,2026-06-03T23:44:00Z,stale_case_assignment,OFF-0120,3344e545d464730d22df7101,Constable,1,POLICE,STATE_03_DIST_01_PS_01,STATE_03_DIST_01,STATE_03,LOW,ACTIVE,STALE,REC-000483,b10eeff052ba452504a54f88,CASE-00323,VIOLENT_CRIME,JUVENILE_RECORD,STATE_01_DIST_01_PS_03,STATE_01_DIST_01,STATE_01,POLICE,CLASSIFIED,false,false,true,false,OPEN,ACTIVE,false,false,false,true,INVESTIGATION,VIEW,false,false,MISSING,AFTER_HOURS,ONLINE,MANUAL_ESCALATION,P-2026-05-STEP1,false,true,5dc8356c15dcf000c2d6afb34b66823a58e94d1290aeab6ff184de0e0becb3bb
REQ-000720,2026-06-02T00:00:00Z,cross_jurisdiction_sensitive,OFF-0037,61f9c30ebf940f606c1a2520,Sub-Inspector,3,POLICE,STATE_02_DIST_03_PS_03,STATE_02_DIST_03,STATE_02,MEDIUM,ACTIVE,NOT_ASSIGNED,REC-000842,6eb3070cc91b9cf830a1ecb0,CASE-00219,JUVENILE_PROTECTION,EVIDENCE_MEDIA,STATE_01_DIST_03_PS_02,STATE_01_DIST_03,STATE_01,POLICE,CLASSIFIED,false,false,true,true,SEALED,ACTIVE,false,false,false,true,INVESTIGATION,VIEW,false,false,MISSING,BUSINESS_HOURS,DEGRADED,ICJS_STYLE_EXCHANGE,P-2026-05-STEP1,false,true,a204d5cd12783104c87d752423bac137ec2023fce50a253992541dd583a6865d
REQ-000721,2026-06-03T00:14:00Z,random_context,OFF-0144,426f43bdc9c73b5f3d8480a4,Inspector,4,POLICE,STATE_02_DIST_04_PS_02,STATE_02_DIST_04,STATE_02,MEDIUM,ACTIVE,NOT_ASSIGNED,REC-000416,dd426d66ef5f5ae466c5867b,CASE-00267,MISSING_PERSON,JUVENILE_RECORD,STATE_02_DIST_02_PS_01,STATE_02_DIST_02,STATE_02,POLICE,CLASSIFIED,false,false,true,false,SEALED,ACTIVE,false,false,true,true,COURT_PRODUCTION,DOWNLOAD,false,false,PRESENT_VALID,BUSINESS_HOURS,ONLINE,CCTNS_STYLE_API,P-2026-05-STEP1,false,true,844637aff0db0c2b7d242732e97ed373c96aef97c2855722c7e5fed3882f3098
REQ-000722,2026-06-01T00:20:00Z,stale_case_assignment,OFF-0197,bb454708489db5641c11f4b0,Inspector,4,POLICE,STATE_02_DIST_01_PS_03,STATE_02_DIST_01,STATE_02,MEDIUM,ACTIVE,STALE,REC-000669,2a324b1f1c72134354401324,CASE-00349,GENERAL_THEFT,COURT_SUBMISSION,STATE_03_DIST_02_PS_02,STATE_03_DIST_02,STATE_03,POLICE,HIGH,false,false,false,false,OPEN,ACTIVE,false,false,false,true,INVESTIGATION,APPROVE,false,false,MISSING,NIGHT,DEGRADED,MANUAL_ESCALATION,P-2026-05-STEP1,false,true,4ccafc1c5a465ff989275968290e598ba19858353af3badaca98251a385c4a66
REQ-000723,2026-06-04T00:48:00Z,revoked_credential,OFF-0160,5ce4d64c20eb4b8a7537a1f7,Inspector,4,POLICE,STATE_03_DIST_02_PS_03,STATE_03_DIST_02,STATE_03,MEDIUM,REVOKED,NOT_ASSIGNED,REC-000385,bc645ca847686d31b766673d,CASE-00037,VIOLENT_CRIME,EVIDENCE_MEDIA,STATE_02_DIST_03_PS_03,STATE_02_DIST_03,STATE_02,POLICE,HIGH,false,false,false,true,OPEN,ACTIVE,false,false,false,true,AUDIT,VIEW,false,false,MISSING,BUSINESS_HOURS,ONLINE,MANUAL_ESCALATION,P-2026-05-STEP1,false,true,24106336944cfe7fcd1638b033dcabbdc34e1bffeb9cf4107568be30cd55e650
REQ-000724,2026-05-30T00:24:00Z,court_request,OFF-0137,b5c2c2becf92b9e253d997f4,Sub-Inspector,3,POLICE,STATE_02_DIST_04_PS_03,STATE_02_DIST_04,STATE_02,MEDIUM,ACTIVE,NOT_ASSIGNED,REC-000096,e1083b56bf8aea3261c52dbd,CASE-00143,GENERAL_THEFT,COURT_SUBMISSION,STATE_02_DIST_01_PS_03,STATE_02_DIST_01,STATE_02,POLICE,MEDIUM,false,false,false,false,OPEN,ACTIVE,false,false,true,true,COURT_PRODUCTION,VIEW,false,true,PRESENT_VALID,BUSINESS_HOURS,DEGRADED,ICJS_STYLE_EXCHANGE,P-2026-05-STEP1,false,true,ac400c6cf80d94447a7132c66d9262a790698d318f5f477b38f044b2eeb78853
REQ-000725,2026-05-31T00:40:00Z,sealed_record,OFF-0126,73518b37a439a4d90b18903d,Constable,1,POLICE,STATE_02_DIST_01_PS_01,STATE_02_DIST_01,STATE_02,LOW,ACTIVE,NOT_ASSIGNED,REC-000101,89cb204fbfc33d55534482e2,CASE-00047,JUVENILE_PROTECTION,COURT_SUBMISSION,STATE_01_DIST_02_PS_03,STATE_01_DIST_02,STATE_01,POLICE,HIGH,false,false,true,false,SEALED,ACTIVE,false,false,false,true,INVESTIGATION,SHARE,false,false,MISSING,NIGHT,ONLINE,ICJS_STYLE_EXCHANGE,P-2026-05-STEP1,false,true,f23b29b0583d3a5337ea856c57105644dcc3768e8b758f6afec5503c3389c246
REQ-000726,2026-06-04T01:36:00Z,court_request,OFF-0015,69527641f80b28a01bb229b7,Inspector,4,POLICE,STATE_01_DIST_04_PS_03,STATE_01_DIST_04,STATE_01,MEDIUM,ACTIVE,NOT_ASSIGNED,REC-000733,f18effadc3d065c53fee4ccc,CASE-00126,JUVENILE_PROTECTION,FORENSIC_REPORT,STATE_01_DIST_02_PS_02,STATE_01_DIST_02,STATE_01,POLICE,HIGH,false,false,true,false,OPEN,ACTIVE,false,false,true,true,COURT_PRODUCTION,SHARE,false,true,PRESENT_VALID,BUSINESS_HOURS,ONLINE,CCTNS_STYLE_API,P-2026-05-STEP1,false,true,e27a45a89053b63debf39ca6d0878ffc2eefb69ecb74db22de3c1da90ba28c42
REQ-000727,2026-06-03T01:38:00Z,cross_jurisdiction_sensitive,OFF-0016,5d49251d25024e2ef906fcfa,Sub-Inspector,3,POLICE,STATE_03_DIST_01_PS_01,STATE_03_DIST_01,STATE_03,MEDIUM,ACTIVE,NOT_ASSIGNED,REC-000853,f00953fe3c0b73fa1844aab5,CASE-00186,MISSING_PERSON,FORENSIC_REPORT,STATE_01_DIST_02_PS_01,STATE_01_DIST_02,STATE_01,POLICE,HIGH,false,false,false,false,OPEN,UNDER_REVIEW,false,false,false,true,INVESTIGATION,DOWNLOAD,false,false,PRESENT_VALID,BUSINESS_HOURS,DEGRADED,ICJS_STYLE_EXCHANGE,P-2026-05-STEP1,false,true,964dc7b42d5d69b00240039f6ac8a137e21d798aab909ddedcdb7548c51749c8
REQ-000728,2026-05-31T01:04:00Z,cross_jurisdiction_sensitive,OFF-0200,4ee0497be96c65e5642e3a72,Cybercrime Officer,4,CYBERCRIME,STATE_01_DIST_03_PS_01,STATE_01_DIST_03,STATE_01,HIGH,ACTIVE,NOT_ASSIGNED,REC-000076,035947ce158c415bf5e8b231,CASE-00140,MISSING_PERSON,JUVENILE_RECORD,STATE_03_DIST_01_PS_01,STATE_03_DIST_01,STATE_03,POLICE,CLASSIFIED,false,false,true,false,OPEN,ACTIVE,false,false,false,true,FORENSIC_REVIEW,VIEW,false,false,PRESENT_VALID,BUSINESS_HOURS,ONLINE,CCTNS_STYLE_API,P-2026-05-STEP1,false,true,e5afff47369ce4564233fe055711b93910c2fb6b0e111a34964515bd3aea8e3d
REQ-000729,2026-06-01T13:39:00Z,court_request,OFF-0041,6adbebf965a8665f8e3dd8db,Station House Officer,5,POLICE,STATE_01_DIST_02_PS_03,STATE_01_DIST_02,STATE_01,HIGH,ACTIVE,NOT_ASSIGNED,REC-000233,95272f463d03a2186ae00bc6,CASE-00125,GENERAL_THEFT,CYBERCRIME_COMPLAINT,STATE_02_DIST_03_PS_03,STATE_02_DIST_03,STATE_02,POLICE,MEDIUM,false,false,false,false,OPEN,ACTIVE,false,false,false,true,COURT_PRODUCTION,VIEW,false,true,PRESENT_VALID,AFTER_HOURS,ONLINE,ICJS_STYLE_EXCHANGE,P-2026-05-STEP1,false,true,128cde5f7bdf4ccb5ac6021d7d5b0ae529ccfe0cd896465b0274a6febfbcf767
REQ-000730,2026-06-04T02:40:00Z,stale_case_assignment,OFF-0018,f8755a48fce2988e7e892881,Head Constable,2,POLICE,STATE_02_DIST_01_PS_03,STATE_02_DIST_01,STATE_02,LOW,ACTIVE,STALE,REC-000263,68994c9b44433265a4ba8f45,CASE-00310,VIOLENT_CRIME,FORENSIC_REPORT,STATE_02_DIST_04_PS_03,STATE_02_DIST_04,STATE_02,POLICE,HIGH,false,false,false,false,OPEN,ACTIVE,false,false,true,true,INVESTIGATION,VIEW,false,false,MISSING,BUSINESS_HOURS,ONLINE,CCTNS_STYLE_API,P-2026-05-STEP1,false,true,0d9e847fb81f26e0c3846a5b6e412a2042e0594c4717d24cb8e8eca4cb14a6e5
REQ-000731,2026-06-03T02:34:00Z,stale_case_assignment,OFF-0040,c5c5b540de8f1dde6964dc89,Inspector,4,POLICE,STATE_01_DIST_02_PS_02,STATE_01_DIST_02,STATE_01,MEDIUM,ACTIVE,STALE,REC-000635,9ef7805d5e451525d9e7038e,CASE-00003,VIOLENT_CRIME,FIR_SUMMARY,STATE_03_DIST_01_PS_02,STATE_03_DIST_01,STATE_03,POLICE,LOW,false,false,false,false,OPEN,ACTIVE,false,false,false,true,INVESTIGATION,VIEW,false,false,MISSING,BUSINESS_HOURS,ONLINE,CCTNS_STYLE_API,P-2026-05-STEP1,false,true,c5fec5d5ec7d8a03cd401ed0a2dab83a5ccdd0852ad19f70e6ad93c34c608849
REQ-000732,2026-06-04T15:24:00Z,emergency_override,OFF-0036,d3ba9e82379b9a1fa09b884a,Constable,1,POLICE,STATE_03_DIST_03_PS_02,STATE_03_DIST_03,STATE_03,LOW,ACTIVE,NOT_ASSIGNED,REC-000608,0fbc42cbea4b0c2c3eecca6a,CASE-00033,VIOLENT_CRIME,EVIDENCE_MEDIA,STATE_03_DIST_02_PS_03,STATE_03_DIST_02,STATE_03,POLICE,CLASSIFIED,false,false,false,true,OPEN,UNDER_REVIEW,false,false,true,true,EMERGENCY_RESPONSE,APPROVE,true,false,PRESENT_VALID,BUSINESS_HOURS,ONLINE,CCTNS_STYLE_API,P-2026-05-STEP1,false,true,4b5ce6970665c6f2cdc4ce2a0d2b67acba78798229457eb638e1272d78c46661
REQ-000733,2026-05-30T01:18:00Z,normal_in_jurisdiction,OFF-0185,30e751c660922e5216d51c20,Inspector,4,POLICE,STATE_01_DIST_02_PS_02,STATE_01_DIST_02,STATE_01,MEDIUM,ACTIVE,ASSIGNED,REC-000738,7d234b848bd150ce84069ce3,CASE-00038,GENERAL_THEFT,WITNESS_STATEMENT,STATE_01_DIST_02_PS_02,STATE_01_DIST_02,STATE_01,POLICE,MEDIUM,false,true,false,false,OPEN,ACTIVE,true,true,true,false,INVESTIGATION,VIEW,false,false,NOT_REQUIRED,AFTER_HOURS,ONLINE,CCTNS_STYLE_API,P-2026-05-STEP1,false,true,0d400ddd66eddcb1d710116aefcd62430cefe3bc129cfd7ab0effe740237d80d
REQ-000734,2026-06-03T15:30:00Z,normal_in_jurisdiction,OFF-0074,0cef9a18606529b664cb0b3f,Cybercrime Officer,4,CYBERCRIME,STATE_03_DIST_02_PS_01,STATE_03_DIST_02,STATE_03,HIGH,ACTIVE,ASSIGNED,REC-000062,0679ca444beed76eeaaa44db,CASE-00214,FINANCIAL_CRIME,FIR_SUMMARY,STATE_03_DIST_02_PS_01,STATE_03_DIST_02,STATE_03,POLICE,LOW,false,false,false,false,SEALED,ACTIVE,true,true,true,false,INVESTIGATION,VIEW,false,false,NOT_REQUIRED,BUSINESS_HOURS,ONLINE,CCTNS_STYLE_API,P-2026-05-STEP1,false,true,f8ec3fa6ad2c6c0e01cc224d3ade94406ce66a73857f6607be896a63fddaa35b
REQ-000735,2026-05-29T13:15:00Z,stale_case_assignment,OFF-0192,3d55943653d0579351b1bb1c,Inspector,4,POLICE,STATE_02_DIST_01_PS_01,STATE_02_DIST_01,STATE_02,MEDIUM,ACTIVE,STALE,REC-000456,36df47b04b751c66778ec264,CASE-00344,FINANCIAL_CRIME,VICTIM_RECORD,STATE_03_DIST_02_PS_02,STATE_03_DIST_02,STATE_03,POLICE,HIGH,true,false,false,false,OPEN,UNDER_REVIEW,false,false,false,true,INVESTIGATION,VIEW,false,false,MISSING,BUSINESS_HOURS,ONLINE,ICJS_STYLE_EXCHANGE,P-2026-05-STEP1,false,true,25ad86f641c6f728485ac5163a1113dfb62375bb2b0838fb4cabb1fa6b72f0c3
REQ-000736,2026-05-31T14:24:00Z,court_request,OFF-0100,071c750c420d0b5f044d6ae7,Sub-Inspector,3,POLICE,STATE_02_DIST_02_PS_03,STATE_02_DIST_02,STATE_02,MEDIUM,ACTIVE,NOT_ASSIGNED,REC-000788,f79dddd63956765ac2f5649f,CASE-00021,WOMEN_CHILD_SAFETY,COURT_SUBMISSION,STATE_02_DIST_01_PS_01,STATE_02_DIST_01,STATE_02,POLICE,HIGH,true,false,false,false,OPEN,UNDER_REVIEW,false,false,true,true,COURT_PRODUCTION,VIEW,false,true,PRESENT_VALID,BUSINESS_HOURS,ONLINE,MANUAL_ESCALATION,P-2026-05-STEP1,false,true,3a79efcc7c3a5a8840c772a3500268ab483e22258a65b2bd82b10061ce707c29
REQ-000737,2026-05-28T00:34:00Z,normal_in_jurisdiction,OFF-0234,a7db164c4af844793a01db35,Cybercrime Officer,4,CYBERCRIME,STATE_01_DIST_04_PS_02,STATE_01_DIST_04,STATE_01,HIGH,ACTIVE,ASSIGNED,REC-000235,7dea6e8129bbe8639d8b8ab6,CASE-00004,MISSING_PERSON,FIR_SUMMARY,STATE_01_DIST_04_PS_02,STATE_01_DIST_04,STATE_01,POLICE,MEDIUM,false,false,false,false,OPEN,ARCHIVED,true,true,true,false,INVESTIGATION,VIEW,false,false,NOT_REQUIRED,BUSINESS_HOURS,ONLINE,CCTNS_STYLE_API,P-2026-05-STEP1,false,true,154d44c45a3233939d5217914252560feeed5186a5d707ea261928a5ea43427c
REQ-000738,2026-05-30T01:48:00Z,normal_in_jurisdiction,OFF-0027,0333fdd2d35c528a38a1dbe4,Constable,1,POLICE,STATE_02_DIST_01_PS_01,STATE_02_DIST_01,STATE_02,LOW,ACTIVE,ASSIGNED,REC-000240,3a5506aed3cb51b09e7c4ca2,CASE-00291,JUVENILE_PROTECTION,COURT_SUBMISSION,STATE_02_DIST_01_PS_01,STATE_02_DIST_01,STATE_02,POLICE,MEDIUM,false,false,true,false,OPEN,ACTIVE,true,true,true,false,INVESTIGATION,VIEW,false,false,NOT_REQUIRED,AFTER_HOURS,ONLINE,CCTNS_STYLE_API,P-2026-05-STEP1,false,true,9fef92549cd79287ed187ea0925c25e10f97daa77ad5b3e411e5e4a7e6d68ce7
REQ-000739,2026-06-04T17:23:00Z,stale_case_assignment,OFF-0067,81023882823dba8b6e04e6a8,Constable,1,POLICE,STATE_01_DIST_01_PS_02,STATE_01_DIST_01,STATE_01,LOW,ACTIVE,STALE,REC-000012,c6a572862caa5832f9d55a39,CASE-00286,WOMEN_CHILD_SAFETY,VICTIM_RECORD,STATE_02_DIST_01_PS_02,STATE_02_DIST_01,STATE_02,POLICE,HIGH,true,false,false,false,OPEN,ACTIVE,false,false,false,true,INVESTIGATION,VIEW,false,false,MISSING,AFTER_HOURS,ONLINE,ICJS_STYLE_EXCHANGE,P-2026-05-STEP1,false,true,d18ec41ceaec107934dc5dd71134aa0c8608e5f1ad992cf2c658099f9976a6e3
REQ-000740,2026-05-29T13:40:00Z,stale_case_assignment,OFF-0099,058b6ca906f6f017cad2b2fa,Prosecutor Liaison,4,PROSECUTION,STATE_01_DIST_03_PS_01,STATE_01_DIST_03,STATE_01,MEDIUM,ACTIVE,STALE,REC-000591,f34566a66a686c1db1f13e6c,CASE-00352,WOMEN_CHILD_SAFETY,COURT_SUBMISSION,STATE_01_DIST_04_PS_01,STATE_01_DIST_04,STATE_01,POLICE,MEDIUM,true,false,false,false,SEALED,ACTIVE,false,false,true,true,INVESTIGATION,VIEW,false,false,MISSING,BUSINESS_HOURS,STATION_NODE_DOWN,MANUAL_ESCALATION,P-2026-05-STEP1,false,true,4a81d2a93ad196ea0b0759df958b19ae6528e0e282ed31d08f9e91169316e094
REQ-000741,2026-05-29T13:45:00Z,revoked_credential,OFF-0034,9f1a046129b76f0cd0f13803,Cybercrime Officer,4,CYBERCRIME,STATE_01_DIST_04_PS_03,STATE_01_DIST_04,STATE_01,HIGH,REVOKED,NOT_ASSIGNED,REC-000141,0a4ebe96de8201efc315bad5,CASE-00232,WOMEN_CHILD_SAFETY,FIR_SUMMARY,STATE_03_DIST_03_PS_02,STATE_03_DIST_03,STATE_03,POLICE,LOW,true,false,false,false,OPEN,ACTIVE,false,false,false,true,INVESTIGATION,DOWNLOAD,false,false,MISSING,AFTER_HOURS,ONLINE,ICJS_STYLE_EXCHANGE,P-2026-05-STEP1,false,true,0db587e752508cde87ad55ca5c676f3ee439619c2685c35c4ddadce8d4778be9
REQ-000742,2026-06-02T04:24:00Z,cross_jurisdiction_sensitive,OFF-0078,006fa23a737e20e3625debb8,Constable,1,POLICE,STATE_01_DIST_01_PS_02,STATE_01_DIST_01,STATE_01,LOW,ACTIVE,NOT_ASSIGNED,REC-000607,824a794b4e624def85c96265,CASE-00150,FINANCIAL_CRIME,WITNESS_STATEMENT,STATE_01_DIST_03_PS_01,STATE_01_DIST_03,STATE_01,POLICE,HIGH,false,true,false,false,OPEN,ACTIVE,false,false,true,true,FORENSIC_REVIEW,APPROVE,false,false,PRESENT_VALID,BUSINESS_HOURS,DEGRADED,CCTNS_STYLE_API,P-2026-05-STEP1,false,true,eeeb13b194e05d6477a7f9a4b3282b6ccf1c92076b15a93c1d5491eff2fd9936
REQ-000743,2026-05-30T14:41:00Z,random_context,OFF-0219,72129b83faafabab27729edc,Forensic Officer,4,FORENSIC,STATE_03_DIST_01_PS_03,STATE_03_DIST_01,STATE_03,HIGH,REVOKED,NOT_ASSIGNED,REC-000652,65d9efe8345b7c1563e6df73,CASE-00197,JUVENILE_PROTECTION,CASE_DIARY,STATE_02_DIST_02_PS_02,STATE_02_DIST_02,STATE_02,POLICE,HIGH,false,false,true,false,OPEN,ARCHIVED,false,false,false,true,FORENSIC_REVIEW,DOWNLOAD,false,false,NOT_REQUIRED,NIGHT,ONLINE,MANUAL_ESCALATION,P-2026-05-STEP1,false,true,fb032d675879f65c48ca07b9ce1bf78d30385b25b024d910fd4506c030a38a5a
REQ-000744,2026-05-28T00:48:00Z,expired_approval_token,OFF-0239,cef54734e093447c3864ede7,Station House Officer,5,POLICE,STATE_02_DIST_01_PS_02,STATE_02_DIST_01,STATE_02,HIGH,ACTIVE,NOT_ASSIGNED,REC-000791,55503cf4baba214afaaf17a5,CASE-00233,FINANCIAL_CRIME,JUVENILE_RECORD,STATE_03_DIST_04_PS_03,STATE_03_DIST_04,STATE_03,POLICE,CLASSIFIED,false,false,true,false,OPEN,ACTIVE,false,false,false,true,PROSECUTION_REVIEW,VIEW,false,false,EXPIRED,BUSINESS_HOURS,ONLINE,ICJS_STYLE_EXCHANGE,P-2026-05-STEP1,false,true,7fc80afd9183d3315f092b3627c1b953c4c27e7fd4b969fe81c348e9f961a7de
REQ-000745,2026-05-31T15:45:00Z,sealed_record,OFF-0138,3cc947c5caadabb45a541b46,Constable,1,POLICE,STATE_03_DIST_01_PS_01,STATE_03_DIST_01,STATE_03,LOW,ACTIVE,NOT_ASSIGNED,REC-000451,ff9622bb7b9b3a8b0b41797e,CASE-00062,CYBER_FRAUD,EVIDENCE_MEDIA,STATE_03_DIST_02_PS_02,STATE_03_DIST_02,STATE_03,POLICE,CLASSIFIED,false,false,false,true,SEALED,ACTIVE,false,false,true,true,INVESTIGATION,VIEW,false,false,PRESENT_VALID,BUSINESS_HOURS,DEGRADED,ICJS_STYLE_EXCHANGE,P-2026-05-STEP1,false,true,cb87a52002e584e266ff8aee3ce82db20ecfdceef364566bf7689ede08a87384
REQ-000746,2026-06-01T04:20:00Z,normal_in_jurisdiction,OFF-0035,6d2396ea39d60a2c9554602a,Senior Superintendent,6,POLICE,STATE_01_DIST_04_PS_02,STATE_01_DIST_04,STATE_01,CLASSIFIED,ACTIVE,ASSIGNED,REC-000235,7dea6e8129bbe8639d8b8ab6,CASE-00004,MISSING_PERSON,FIR_SUMMARY,STATE_01_DIST_04_PS_02,STATE_01_DIST_04,STATE_01,POLICE,MEDIUM,false,false,false,false,OPEN,ARCHIVED,true,true,true,false,INVESTIGATION,VIEW,false,false,NOT_REQUIRED,BUSINESS_HOURS,DEGRADED,MANUAL_ESCALATION,P-2026-05-STEP1,false,true,2cdbece5e0562a6de0a28e94730d39945f984ba4034ca9eaaf0c44582c9466b8
REQ-000747,2026-06-01T04:30:00Z,juvenile_sensitive,OFF-0156,5f299dc3f248e4c74232aab4,Constable,1,POLICE,STATE_01_DIST_01_PS_03,STATE_01_DIST_01,STATE_01,LOW,ACTIVE,NOT_ASSIGNED,REC-000551,7e1af28dadbf5d983261b8b0,CASE-00139,JUVENILE_PROTECTION,COURT_SUBMISSION,STATE_03_DIST_03_PS_02,STATE_03_DIST_03,STATE_03,POLICE,HIGH,false,false,true,false,OPEN,ACTIVE,false,false,false,true,SUPERVISION,UPDATE,false,false,PRESENT_VALID,BUSINESS_HOURS,ONLINE,MANUAL_ESCALATION,P-2026-05-STEP1,false,true,37eac54427e08b5b058d4015be06960c8e938be63d40090a55073a3a5c23fdb7
REQ-000748,2026-06-03T19:00:00Z,court_request,OFF-0089,1dfcf9ccdf6fab5303a9e921,Constable,1,POLICE,STATE_02_DIST_01_PS_01,STATE_02_DIST_01,STATE_02,LOW,ACTIVE,NOT_ASSIGNED,REC-000680,b783ef207853cdab83dc8ec5,CASE-00139,JUVENILE_PROTECTION,EVIDENCE_MEDIA,STATE_03_DIST_03_PS_02,STATE_03_DIST_03,STATE_03,POLICE,HIGH,false,false,true,true,OPEN,ACTIVE,false,false,false,true,PROSECUTION_REVIEW,SHARE,false,true,PRESENT_VALID,BUSINESS_HOURS,ONLINE,CCTNS_STYLE_API,P-2026-05-STEP1,false,true,5d3ca9109e20a825852637f919018a1a1d5c69e6da3d364edd4191f780ad123f
REQ-000749,2026-06-01T17:19:00Z,normal_in_jurisdiction,OFF-0102,cac9c828654d5e683b80f1e7,Head Constable,2,POLICE,STATE_02_DIST_02_PS_02,STATE_02_DIST_02,STATE_02,LOW,ACTIVE,ASSIGNED,REC-000626,95ee8d5d62c6fbce3b7000ee,CASE-00316,GENERAL_THEFT,FIR_SUMMARY,STATE_02_DIST_02_PS_02,STATE_02_DIST_02,STATE_02,POLICE,MEDIUM,false,false,false,false,OPEN,ACTIVE,true,true,true,false,INVESTIGATION,VIEW,false,false,NOT_REQUIRED,BUSINESS_HOURS,DEGRADED,MANUAL_ESCALATION,P-2026-05-STEP1,false,true,e9554bb24e94679ee4b88e9c4328468acdbf7d5171ffbf62540fe25edc22e908
REQ-000750,2026-06-02T18:30:00Z,normal_in_jurisdiction,OFF-0059,abdf3e234ce3687605069a60,Cybercrime Officer,4,CYBERCRIME,STATE_01_DIST_04_PS_03,STATE_01_DIST_04,STATE_01,HIGH,ACTIVE,NOT_ASSIGNED,REC-000537,459488c4e9b1cde4e6af43bf,CASE-00210,FINANCIAL_CRIME,WITNESS_STATEMENT,STATE_02_DIST_01_PS_03,STATE_02_DIST_01,STATE_02,POLICE,HIGH,false,true,false,false,OPEN,ACTIVE,false,false,false,true,INVESTIGATION,VIEW,false,false,NOT_REQUIRED,BUSINESS_HOURS,ONLINE,CCTNS_STYLE_API,P-2026-05-STEP1,false,true,bcd5e53356fb0d7062f9fecce139519a9addef0f04258a157a8fcc0c3559d0c6
REQ-000751,2026-06-04T08:16:00Z,cross_jurisdiction_sensitive,OFF-0090,721eda836388e57ee154e383,Sub-Inspector,3,POLICE,STATE_02_DIST_04_PS_01,STATE_02_DIST_04,STATE_02,MEDIUM,ACTIVE,NOT_ASSIGNED,REC-000645,3d33aeac9a024f9da6d7ccf9,CASE-00235,WOMEN_CHILD_SAFETY,VICTIM_RECORD,STATE_03_DIST_02_PS_03,STATE_03_DIST_02,STATE_03,POLICE,MEDIUM,true,false,false,false,OPEN,ACTIVE,false,false,false,true,FORENSIC_REVIEW,VIEW,false,false,PRESENT_VALID,BUSINESS_HOURS,ONLINE,ICJS_STYLE_EXCHANGE,P-2026-05-STEP1,false,true,d6e9d91d2518b4599fbd01b21e342eb561c91d8f57342e457206eb375403d6e9
REQ-000752,2026-05-29T14:40:00Z,normal_in_jurisdiction,OFF-0126,73518b37a439a4d90b18903d,Constable,1,POLICE,STATE_02_DIST_01_PS_01,STATE_02_DIST_01,STATE_02,LOW,ACTIVE,NOT_ASSIGNED,REC-000866,7b9873ced5a31509c43025a2,CASE-00018,NARCOTICS,FIR_SUMMARY,STATE_01_DIST_04_PS_01,STATE_01_DIST_04,STATE_01,POLICE,LOW,false,false,false,false,SEALED,ACTIVE,false,false,false,true,INVESTIGATION,VIEW,false,false,NOT_REQUIRED,BUSINESS_HOURS,STATION_NODE_DOWN,MANUAL_ESCALATION,P-2026-05-STEP1,false,true,c027ef55dadeb5f9a302816a82cec25c4a6bb1e001fc56b20f34b2f3cae11c4c
REQ-000753,2026-06-04T08:48:00Z,emergency_override,OFF-0060,f1cd31d43c526f5a63bbd87e,Constable,1,POLICE,STATE_03_DIST_04_PS_02,STATE_03_DIST_04,STATE_03,LOW,ACTIVE,NOT_ASSIGNED,REC-000522,cfbb7cb7295b99ad06465bc9,CASE-00032,GENERAL_THEFT,WITNESS_STATEMENT,STATE_03_DIST_01_PS_01,STATE_03_DIST_01,STATE_03,POLICE,HIGH,false,true,false,false,OPEN,ACTIVE,false,false,true,true,EMERGENCY_RESPONSE,VIEW,true,false,PRESENT_VALID,BUSINESS_HOURS,ONLINE,MANUAL_ESCALATION,P-2026-05-STEP1,false,true,4438110eab40931570dfa772e2262d8bdfc4373eb4f35ae68acd16b229363abf
REQ-000754,2026-06-03T20:30:00Z,cross_jurisdiction_sensitive,OFF-0048,871e4c8cc36e0fafb27ef560,Prosecutor Liaison,4,PROSECUTION,STATE_01_DIST_03_PS_03,STATE_01_DIST_03,STATE_01,MEDIUM,ACTIVE,NOT_ASSIGNED,REC-000573,41f7269b735abf118e1ceb74,CASE-00022,JUVENILE_PROTECTION,COURT_SUBMISSION,STATE_01_DIST_02_PS_02,STATE_01_DIST_02,STATE_01,POLICE,MEDIUM,false,false,true,false,OPEN,UNDER_REVIEW,false,false,true,true,INVESTIGATION,VIEW,false,false,MISSING,BUSINESS_HOURS,ONLINE,MANUAL_ESCALATION,P-2026-05-STEP1,false,true,91ba99228361fa503429b5338d419978cb941b5dad83bdb495114b0ba76fbaa0
REQ-000755,2026-06-01T18:25:00Z,juvenile_sensitive,OFF-0188,6f9812bdfd1847e653ec5454,Prosecutor Liaison,4,PROSECUTION,STATE_03_DIST_01_PS_02,STATE_03_DIST_01,STATE_03,MEDIUM,ACTIVE,NOT_ASSIGNED,REC-000869,7dbc797b2f28d09c339d0893,CASE-00013,VIOLENT_CRIME,JUVENILE_RECORD,STATE_02_DIST_01_PS_03,STATE_02_DIST_01,STATE_02,POLICE,HIGH,false,false,true,false,OPEN,ACTIVE,false,false,false,true,INVESTIGATION,VIEW,false,false,MISSING,BUSINESS_HOURS,ONLINE,CCTNS_STYLE_API,P-2026-05-STEP1,false,true,3d5e776408e741a782d2209bc2ff2829ed5adf76ec0a06eea934e6bc1eae946b
REQ-000756,2026-05-31T04:48:00Z,normal_in_jurisdiction,OFF-0015,69527641f80b28a01bb229b7,Inspector,4,POLICE,STATE_01_DIST_04_PS_03,STATE_01_DIST_04,STATE_01,MEDIUM,ACTIVE,NOT_ASSIGNED,REC-000053,c7a1cb7711a9318d95ea172b,CASE-00174,WOMEN_CHILD_SAFETY,FIR_SUMMARY,STATE_01_DIST_04_PS_01,STATE_01_DIST_04,STATE_01,POLICE,LOW,true,false,false,false,OPEN,ARCHIVED,false,true,true,false,INVESTIGATION,VIEW,false,false,NOT_REQUIRED,BUSINESS_HOURS,ONLINE,ICJS_STYLE_EXCHANGE,P-2026-05-STEP1,false,true,6b6fc25bd2ca365a6766b9eea2810ed478a0c96a127a699e42575dab2b73e613
REQ-000757,2026-05-31T04:56:00Z,normal_in_jurisdiction,OFF-0128,0f7c12f84c6ccd771a655279,Constable,1,POLICE,STATE_01_DIST_01_PS_01,STATE_01_DIST_01,STATE_01,LOW,ACTIVE,ASSIGNED,REC-000778,a3a0b2f362254d267749f5a3,CASE-00347,NARCOTICS,CYBERCRIME_COMPLAINT,STATE_01_DIST_01_PS_01,STATE_01_DIST_01,STATE_01,POLICE,MEDIUM,false,false,false,false,OPEN,ACTIVE,true,true,true,false,INVESTIGATION,VIEW,false,false,NOT_REQUIRED,BUSINESS_HOURS,ONLINE,ICJS_STYLE_EXCHANGE,P-2026-05-STEP1,false,true,9572027683483763cc68d66de485114c659bc2c92530b26de604d90b1c5bc4fe
REQ-000758,2026-05-29T02:32:00Z,normal_in_jurisdiction,OFF-0056,614c14e8c660d73ace97d265,Constable,1,POLICE,STATE_03_DIST_02_PS_02,STATE_03_DIST_02,STATE_03,LOW,ACTIVE,ASSIGNED,REC-000347,276aac543835aec95a7ad242,CASE-00116,VIOLENT_CRIME,WITNESS_STATEMENT,STATE_03_DIST_02_PS_02,STATE_03_DIST_02,STATE_03,POLICE,MEDIUM,false,true,false,false,OPEN,ACTIVE,true,true,true,false,INVESTIGATION,VIEW,false,false,NOT_REQUIRED,BUSINESS_HOURS,ONLINE,ICJS_STYLE_EXCHANGE,P-2026-05-STEP1,false,true,020578824871d2d2c72d4fdbd0f425cd9794f94169183061dabe3f22a4115fc3
REQ-000759,2026-05-29T02:36:00Z,court_request,OFF-0027,0333fdd2d35c528a38a1dbe4,Constable,1,POLICE,STATE_02_DIST_01_PS_01,STATE_02_DIST_01,STATE_02,LOW,ACTIVE,NOT_ASSIGNED,REC-000888,ee55c8a6a4e3f5ecb860e4be,CASE-00298,NARCOTICS,CASE_DIARY,STATE_03_DIST_01_PS_03,STATE_03_DIST_01,STATE_03,POLICE,CLASSIFIED,false,false,false,false,OPEN,ARCHIVED,false,false,false,true,PROSECUTION_REVIEW,SHARE,false,true,PRESENT_VALID,BUSINESS_HOURS,ONLINE,CCTNS_STYLE_API,P-2026-05-STEP1,false,true,ab8e0d9a5b929596d76967ca8062d107753d6bdc81023b9a3139af70aafa6ac3
REQ-000760,2026-05-28T01:20:00Z,cross_jurisdiction_sensitive,OFF-0038,ed345e57c83b3d1c5b2c2660,Sub-Inspector,3,POLICE,STATE_02_DIST_04_PS_01,STATE_02_DIST_04,STATE_02,MEDIUM,ACTIVE,NOT_ASSIGNED,REC-000475,77385b524212abbfb3cdbdf8,CASE-00334,JUVENILE_PROTECTION,COURT_SUBMISSION,STATE_01_DIST_04_PS_01,STATE_01_DIST_04,STATE_01,POLICE,HIGH,false,false,true,false,OPEN,ACTIVE,false,false,false,true,INVESTIGATION,VIEW,false,false,PRESENT_VALID,BUSINESS_HOURS,ONLINE,MANUAL_ESCALATION,P-2026-05-STEP1,false,true,fb3be4c93a93369c750edcc9bf53722efd342019aeea5ee9183a66f4b70163bf
REQ-000761,2026-05-30T16:47:00Z,normal_in_jurisdiction,OFF-0010,bcb4468affef262ed92897ea,Inspector,4,POLICE,STATE_01_DIST_03_PS_03,STATE_01_DIST_03,STATE_01,MEDIUM,ACTIVE,ASSIGNED,REC-000307,68520c08a4184e2a8bbcc4c1,CASE-00160,MISSING_PERSON,FIR_SUMMARY,STATE_01_DIST_03_PS_03,STATE_01_DIST_03,STATE_01,POLICE,LOW,false,false,false,false,OPEN,ACTIVE,true,true,true,false,INVESTIGATION,VIEW,false,false,NOT_REQUIRED,BUSINESS_HOURS,ONLINE,CCTNS_STYLE_API,P-2026-05-STEP1,false,true,62764d0d0f60e87fd0a811f4456586aefb44fc13c4941b63efa7068763b5acdd
REQ-000762,2026-06-01T07:00:00Z,normal_in_jurisdiction,OFF-0154,030fbe8b71b501096276a8ab,Inspector,4,POLICE,STATE_02_DIST_03_PS_02,STATE_02_DIST_03,STATE_02,MEDIUM,ACTIVE,NOT_ASSIGNED,REC-000196,2b5c0f81a93bb857349468a0,CASE-00078,WOMEN_CHILD_SAFETY,EVIDENCE_MEDIA,STATE_02_DIST_01_PS_02,STATE_02_DIST_01,STATE_02,POLICE,CLASSIFIED,true,false,false,true,OPEN,ARCHIVED,false,false,true,true,INVESTIGATION,VIEW,false,false,NOT_REQUIRED,AFTER_HOURS,ONLINE,CCTNS_STYLE_API,P-2026-05-STEP1,false,true,2c9b177a2e2227207ff347b5a0fc3c10045ca752ca4b3ebf8c598ad0ea97b863
REQ-000763,2026-06-02T08:36:00Z,revoked_credential,OFF-0058,b9583c7e99cc3289ea585d73,Inspector,4,POLICE,STATE_03_DIST_02_PS_01,STATE_03_DIST_02,STATE_03,MEDIUM,REVOKED,NOT_ASSIGNED,REC-000845,71b13ba5ea5eddd1dd8aa5b6,CASE-00090,NARCOTICS,JUVENILE_RECORD,STATE_03_DIST_04_PS_02,STATE_03_DIST_04,STATE_03,POLICE,CLASSIFIED,false,false,true,false,OPEN,ACTIVE,false,false,true,true,INVESTIGATION,DOWNLOAD,false,false,MISSING,AFTER_HOURS,ONLINE,MANUAL_ESCALATION,P-2026-05-STEP1,false,true,e3f8eb441f56f40de3e73ba4851eefd5c19bd27bc819087cba16f4546b6e9308
REQ-000764,2026-06-01T20:04:00Z,normal_in_jurisdiction,OFF-0022,cdb37082bd33066e73ce6a23,Forensic Officer,4,FORENSIC,STATE_03_DIST_02_PS_01,STATE_03_DIST_02,STATE_03,HIGH,ACTIVE,ASSIGNED,REC-000062,0679ca444beed76eeaaa44db,CASE-00214,FINANCIAL_CRIME,FIR_SUMMARY,STATE_03_DIST_02_PS_01,STATE_03_DIST_02,STATE_03,POLICE,LOW,false,false,false,false,SEALED,ACTIVE,true,true,true,false,INVESTIGATION,VIEW,false,false,NOT_REQUIRED,BUSINESS_HOURS,ONLINE,MANUAL_ESCALATION,P-2026-05-STEP1,false,true,3321c0f205c67859507aea0f6c0fd9e02444bc460123f333617fa7e0bc078b9a
REQ-000765,2026-05-29T15:45:00Z,juvenile_sensitive,OFF-0077,956b1c8673c706b9098bdcd1,Forensic Officer,4,FORENSIC,STATE_01_DIST_03_PS_03,STATE_01_DIST_03,STATE_01,HIGH,ACTIVE,NOT_ASSIGNED,REC-000795,7f770a6365675e0331fba489,CASE-00167,JUVENILE_PROTECTION,CASE_DIARY,STATE_03_DIST_03_PS_01,STATE_03_DIST_03,STATE_03,POLICE,HIGH,false,false,true,false,OPEN,ACTIVE,false,false,false,true,INVESTIGATION,VIEW,false,false,PRESENT_VALID,AFTER_HOURS,ONLINE,ICJS_STYLE_EXCHANGE,P-2026-05-STEP1,false,true,ab9a72490aab95625e3ec660c3a84347cc90bcc8bc75ca2fdc891452adab5281
REQ-000766,2026-05-31T06:08:00Z,cross_jurisdiction_sensitive,OFF-0206,05c3cda35f4947118d9b39ea,Constable,1,POLICE,STATE_01_DIST_01_PS_01,STATE_01_DIST_01,STATE_01,LOW,ACTIVE,NOT_ASSIGNED,REC-000816,72cc5b530f904a9e7efd8c6b,CASE-00324,NARCOTICS,EVIDENCE_MEDIA,STATE_03_DIST_04_PS_02,STATE_03_DIST_04,STATE_03,POLICE,HIGH,false,false,false,true,OPEN,UNDER_REVIEW,false,false,false,true,FORENSIC_REVIEW,VIEW,false,false,MISSING,AFTER_HOURS,ONLINE,CCTNS_STYLE_API,P-2026-05-STEP1,false,true,d3fc50bdfba7e1b7e0046e0cf8f354934487dcd55387cebc7c736c2cff4251dc
REQ-000767,2026-05-30T17:29:00Z,random_context,OFF-0028,8ec325482a0f9259719128c5,Prosecutor Liaison,4,PROSECUTION,STATE_03_DIST_02_PS_02,STATE_03_DIST_02,STATE_03,MEDIUM,ACTIVE,NOT_ASSIGNED,REC-000162,12f777e132dd11d4a2aafb24,CASE-00330,FINANCIAL_CRIME,WITNESS_STATEMENT,STATE_01_DIST_02_PS_03,STATE_01_DIST_02,STATE_01,POLICE,MEDIUM,false,true,false,false,OPEN,ACTIVE,false,false,false,true,AUDIT,DOWNLOAD,false,false,NOT_REQUIRED,AFTER_HOURS,ONLINE,ICJS_STYLE_EXCHANGE,P-2026-05-STEP1,false,true,8b71731854f80a4a263df91924450e38a3d61e65a5398bd69a3d33b5fbd6dff7
REQ-000768,2026-06-02T09:36:00Z,normal_in_jurisdiction,OFF-0114,80474f2be101fe342f3d27b8,Constable,1,POLICE,STATE_01_DIST_01_PS_02,STATE_01_DIST_01,STATE_01,LOW,ACTIVE,NOT_ASSIGNED,REC-000205,5a2346d627dc5abc734fab91,CASE-00120,VIOLENT_CRIME,VICTIM_RECORD,STATE_01_DIST_03_PS_03,STATE_01_DIST_03,STATE_01,POLICE,CLASSIFIED,true,false,false,false,OPEN,ACTIVE,false,false,true,true,INVESTIGATION,VIEW,false,false,NOT_REQUIRED,NIGHT,ONLINE,MANUAL_ESCALATION,P-2026-05-STEP1,false,true,371de58be6a5065c8894ceef1f2e0d891fbfdb14c9464a8c107a1eacd206905b
REQ-000769,2026-05-30T17:43:00Z,normal_in_jurisdiction,OFF-0008,f7c9b924c136028c31a62c8c,Inspector,4,POLICE,STATE_03_DIST_03_PS_03,STATE_03_DIST_03,STATE_03,MEDIUM,ACTIVE,NOT_ASSIGNED,REC-000342,70fff4617104a1f3b3122c7c,CASE-00346,MISSING_PERSON,CASE_DIARY,STATE_02_DIST_04_PS_03,STATE_02_DIST_04,STATE_02,POLICE,CLASSIFIED,false,false,false,false,OPEN,ACTIVE,false,false,false,true,INVESTIGATION,VIEW,false,false,NOT_REQUIRED,BUSINESS_HOURS,ONLINE,ICJS_STYLE_EXCHANGE,P-2026-05-STEP1,false,true,41363ee420cf04ad5a4fc100cec2766795cedcb2d36542c2a60c9c2a3ead9ce1
REQ-000770,2026-05-29T03:20:00Z,cross_jurisdiction_sensitive,OFF-0125,97ea02f4f8fba926781c7fc5,Inspector,4,POLICE,STATE_02_DIST_03_PS_02,STATE_02_DIST_03,STATE_02,MEDIUM,ACTIVE,NOT_ASSIGNED,REC-000474,8ba047dcb06061d980da4456,CASE-00146,MISSING_PERSON,EVIDENCE_MEDIA,STATE_02_DIST_01_PS_01,STATE_02_DIST_01,STATE_02,POLICE,HIGH,false,false,false,true,OPEN,ACTIVE,false,false,true,true,FORENSIC_REVIEW,VIEW,false,false,MISSING,NIGHT,ONLINE,CCTNS_STYLE_API,P-2026-05-STEP1,false,true,2a330fdca7f9cf5452e63017e8031d43a824af6d92876ef7b06305a6332b6db7
REQ-000771,2026-05-30T17:57:00Z,revoked_credential,OFF-0034,9f1a046129b76f0cd0f13803,Cybercrime Officer,4,CYBERCRIME,STATE_01_DIST_04_PS_03,STATE_01_DIST_04,STATE_01,HIGH,REVOKED,NOT_ASSIGNED,REC-000575,b18bf580b9222d64b5f00c0a,CASE-00013,VIOLENT_CRIME,CASE_DIARY,STATE_02_DIST_01_PS_03,STATE_02_DIST_01,STATE_02,POLICE,HIGH,false,false,false,false,OPEN,ARCHIVED,false,false,false,true,INVESTIGATION,VIEW,false,false,MISSING,BUSINESS_HOURS,ONLINE,CCTNS_STYLE_API,P-2026-05-STEP1,false,true,7865f2e8ec9dfbe85f1a625590b8e5aab430d03d721fe5af85748348d5fba039
REQ-000772,2026-06-04T13:52:00Z,normal_in_jurisdiction,OFF-0188,6f9812bdfd1847e653ec5454,Prosecutor Liaison,4,PROSECUTION,STATE_03_DIST_01_PS_02,STATE_03_DIST_01,STATE_03,MEDIUM,ACTIVE,NOT_ASSIGNED,REC-000895,64ea53e96d98bd809e79a9ef,CASE-00345,VIOLENT_CRIME,COURT_SUBMISSION,STATE_02_DIST_03_PS_01,STATE_02_DIST_03,STATE_02,POLICE,MEDIUM,false,false,false,false,OPEN,ACTIVE,false,false,false,true,INVESTIGATION,VIEW,false,false,NOT_REQUIRED,BUSINESS_HOURS,ONLINE,MANUAL_ESCALATION,P-2026-05-STEP1,false,true,b13a9618b09114728c93dbf0f49734037d3879bc7033d9d74c278c1330207d34
REQ-000773,2026-06-04T01:15:00Z,sealed_record,OFF-0001,858f20314a8c64995d905a33,Sub-Inspector,3,POLICE,STATE_03_DIST_01_PS_02,STATE_03_DIST_01,STATE_03,MEDIUM,ACTIVE,NOT_ASSIGNED,REC-000631,72792f684de2062672fc64d0,CASE-00253,MISSING_PERSON,EVIDENCE_MEDIA,STATE_03_DIST_04_PS_02,STATE_03_DIST_04,STATE_03,POLICE,CLASSIFIED,false,false,false,true,SEALED,ACTIVE,false,false,true,true,COURT_PRODUCTION,DOWNLOAD,false,true,PRESENT_VALID,BUSINESS_HOURS,ONLINE,CCTNS_STYLE_API,P-2026-05-STEP1,false,true,7ee5b2700b9b7e3587d2bd509c7381192dba04b187f0532310b63ef34a7f06e8
REQ-000774,2026-05-30T18:18:00Z,court_request,OFF-0031,12eb6ff70063628bed70540f,Station House Officer,5,POLICE,STATE_02_DIST_01_PS_01,STATE_02_DIST_01,STATE_02,HIGH,SUSPENDED,NOT_ASSIGNED,REC-000732,c51983dca46d517bbf8c1eec,CASE-00341,CYBER_FRAUD,FIR_SUMMARY,STATE_03_DIST_04_PS_02,STATE_03_DIST_04,STATE_03,POLICE,HIGH,false,false,false,false,OPEN,ARCHIVED,false,false,false,true,COURT_PRODUCTION,VIEW,false,true,PRESENT_VALID,BUSINESS_HOURS,ONLINE,MANUAL_ESCALATION,P-2026-05-STEP1,false,true,fed19281971861e7785ab6e2f4aa28da67effc42773c00ccb03afed14ce2feeb
REQ-000775,2026-06-05T03:35:00Z,random_context,OFF-0143,116125532167435d32c323d1,Constable,1,POLICE,STATE_01_DIST_02_PS_01,STATE_01_DIST_02,STATE_01,LOW,ACTIVE,NOT_ASSIGNED,REC-000617,e6ddc948280fadfeea10e9d1,CASE-00189,VIOLENT_CRIME,EVIDENCE_MEDIA,STATE_01_DIST_02_PS_02,STATE_01_DIST_02,STATE_01,POLICE,CLASSIFIED,false,false,false,true,OPEN,ACTIVE,false,true,true,false,SUPERVISION,VIEW,false,false,NOT_REQUIRED,BUSINESS_HOURS,ONLINE,CCTNS_STYLE_API,P-2026-05-STEP1,false,true,7351dccce7006daec133675947c4d1402e95d09af204bf3183470ea44b1b9ada
REQ-000776,2026-05-30T18:32:00Z,random_context,OFF-0205,21f9b37fcb4f7d2db6857d62,Inspector,4,POLICE,STATE_02_DIST_04_PS_02,STATE_02_DIST_04,STATE_02,MEDIUM,ACTIVE,NOT_ASSIGNED,REC-000077,8eb06b091b265235ad42db41,CASE-00325,NARCOTICS,COURT_SUBMISSION,STATE_01_DIST_04_PS_03,STATE_01_DIST_04,STATE_01,POLICE,MEDIUM,false,false,false,false,OPEN,ACTIVE,false,false,false,true,EMERGENCY_RESPONSE,VIEW,false,false,PRESENT_VALID,BUSINESS_HOURS,ONLINE,MANUAL_ESCALATION,P-2026-05-STEP1,false,true,f96a09c81dccb46852be8371649d76daf3026f5626143957185282ce828c8bdf
REQ-000777,2026-05-28T01:54:00Z,random_context,OFF-0098,a2651cd5c21b20cc4d4edc22,Head Constable,2,POLICE,STATE_03_DIST_01_PS_01,STATE_03_DIST_01,STATE_03,LOW,REVOKED,NOT_ASSIGNED,REC-000850,f4972800f0988fc7dc7942be,CASE-00124,CYBER_FRAUD,CYBERCRIME_COMPLAINT,STATE_02_DIST_04_PS_01,STATE_02_DIST_04,STATE_02,POLICE,CLASSIFIED,false,false,false,false,OPEN,UNDER_REVIEW,false,false,false,true,TRAINING,VIEW,false,false,NOT_REQUIRED,BUSINESS_HOURS,ONLINE,CCTNS_STYLE_API,P-2026-05-STEP1,false,true,f6b74b096eb128f1a00e756505cb0f883ffef7c4bde8947fa8a0c7c91b324640
REQ-000778,2026-06-04T15:28:00Z,random_context,OFF-0009,48f5470b8ce4df5af3e82ab0,Prosecutor Liaison,4,PROSECUTION,STATE_01_DIST_02_PS_03,STATE_01_DIST_02,STATE_01,MEDIUM,ACTIVE,NOT_ASSIGNED,REC-000521,fdb7034b483c7023be0c105f,CASE-00041,NARCOTICS,FIR_SUMMARY,STATE_03_DIST_03_PS_02,STATE_03_DIST_03,STATE_03,POLICE,MEDIUM,false,false,false,false,OPEN,ACTIVE,false,false,false,true,COURT_PRODUCTION,APPROVE,false,false,MISSING,BUSINESS_HOURS,ONLINE,ICJS_STYLE_EXCHANGE,P-2026-05-STEP1,false,true,ee869c4a6c44cdc20d9e3686cfb78937c664e04d5c8447d2225b0a512e085261
REQ-000779,2026-06-01T09:50:00Z,random_context,OFF-0011,84a9b6fb8d6efe7cd09043f6,Inspector,4,POLICE,STATE_02_DIST_02_PS_02,STATE_02_DIST_02,STATE_02,MEDIUM,ACTIVE,NOT_ASSIGNED,REC-000455,7ab9fa00902faedfec4f6eaa,CASE-00289,NARCOTICS,EVIDENCE_MEDIA,STATE_01_DIST_02_PS_01,STATE_01_DIST_02,STATE_01,POLICE,CLASSIFIED,false,false,false,true,OPEN,ACTIVE,false,false,false,true,PROSECUTION_REVIEW,APPROVE,false,false,NOT_REQUIRED,BUSINESS_HOURS,ONLINE,ICJS_STYLE_EXCHANGE,P-2026-05-STEP1,false,true,e242280db4f66f86f77894b3b72def8bf6c855ee250d96f648d7a61fc520537e
REQ-000780,2026-05-30T06:00:00Z,revoked_credential,OFF-0160,5ce4d64c20eb4b8a7537a1f7,Inspector,4,POLICE,STATE_03_DIST_02_PS_03,STATE_03_DIST_02,STATE_03,MEDIUM,REVOKED,NOT_ASSIGNED,REC-000153,77fd029c8d0f86d28ab13758,CASE-00325,NARCOTICS,FORENSIC_REPORT,STATE_01_DIST_04_PS_03,STATE_01_DIST_04,STATE_01,POLICE,HIGH,false,false,false,false,OPEN,UNDER_REVIEW,false,false,false,true,AUDIT,DOWNLOAD,false,false,MISSING,BUSINESS_HOURS,ONLINE,CCTNS_STYLE_API,P-2026-05-STEP1,false,true,a16451c36f8d5f2989520f02dff37270ce64b16c8c412bd59bb9406dff6894bb
REQ-000781,2026-05-28T15:03:00Z,sealed_record,OFF-0165,b2c7b3b76aeb981b1bd8756b,Inspector,4,POLICE,STATE_02_DIST_04_PS_02,STATE_02_DIST_04,STATE_02,MEDIUM,ACTIVE,NOT_ASSIGNED,REC-000808,b1ef8bd2a5615b92e3c7daa5,CASE-00231,FINANCIAL_CRIME,CASE_DIARY,STATE_02_DIST_01_PS_03,STATE_02_DIST_01,STATE_02,POLICE,HIGH,false,false,false,false,SEALED,ACTIVE,false,false,true,true,COURT_PRODUCTION,VIEW,false,true,MISSING,BUSINESS_HOURS,STATION_NODE_DOWN,ICJS_STYLE_EXCHANGE,P-2026-05-STEP1,false,true,3164aa11ecf9b1f110a4b3c0ecb5988fa97c26890df2a1989a6c46a3456b1e1c
REQ-000782,2026-05-28T15:06:00Z,random_context,OFF-0107,fb4c90a703ac874dae2f1454,Inspector,4,POLICE,STATE_01_DIST_01_PS_03,STATE_01_DIST_01,STATE_01,MEDIUM,ACTIVE,NOT_ASSIGNED,REC-000050,7bfd9dd528a8617439385c28,CASE-00091,VIOLENT_CRIME,JUVENILE_RECORD,STATE_01_DIST_02_PS_02,STATE_01_DIST_02,STATE_01,POLICE,CLASSIFIED,false,false,true,false,SEALED,UNDER_REVIEW,false,false,true,true,SUPERVISION,VIEW,false,false,MISSING,AFTER_HOURS,ONLINE,MANUAL_ESCALATION,P-2026-05-STEP1,false,true,a4ea925ad53d17f0f815c830f79482b9f771faaad9ea2b65d7c17241b39460f3
REQ-000783,2026-06-03T01:39:00Z,emergency_override,OFF-0161,1086c897162d91ce96d22b8e,Forensic Officer,4,FORENSIC,STATE_01_DIST_03_PS_01,STATE_01_DIST_03,STATE_01,HIGH,ACTIVE,NOT_ASSIGNED,REC-000892,ef5838cb7e4a200ccefb59aa,CASE-00013,VIOLENT_CRIME,EVIDENCE_MEDIA,STATE_02_DIST_01_PS_03,STATE_02_DIST_01,STATE_02,POLICE,HIGH,false,false,false,true,OPEN,ACTIVE,false,false,false,true,EMERGENCY_RESPONSE,VIEW,true,false,PRESENT_VALID,BUSINESS_HOURS,ONLINE,CCTNS_STYLE_API,P-2026-05-STEP1,false,true,525bda15ce720ea063dd4d6d628914496768d9882daab44037c52524f727f9b9
REQ-000784,2026-06-01T10:40:00Z,normal_in_jurisdiction,OFF-0141,69b61a8c9ab3b270d0f7db2e,Constable,1,POLICE,STATE_03_DIST_01_PS_02,STATE_03_DIST_01,STATE_03,LOW,ACTIVE,ASSIGNED,REC-000215,2ba4339d45b004134829f8df,CASE-00287,MISSING_PERSON,FIR_SUMMARY,STATE_03_DIST_01_PS_02,STATE_03_DIST_01,STATE_03,POLICE,LOW,false,false,false,false,OPEN,ACTIVE,true,true,true,false,INVESTIGATION,VIEW,false,false,NOT_REQUIRED,AFTER_HOURS,ONLINE,ICJS_STYLE_EXCHANGE,P-2026-05-STEP1,false,true,d70ff0cc1e65f7643f66ad08973e9f39eaaab42cd65d67384b8d61bd90950139
REQ-000785,2026-06-04T17:20:00Z,stale_case_assignment,OFF-0014,86b6682cd665b74e9695ec29,Head Constable,2,POLICE,STATE_03_DIST_04_PS_03,STATE_03_DIST_04,STATE_03,LOW,ACTIVE,STALE,REC-000877,e114683a25bff76e8e848d9c,CASE-00018,NARCOTICS,FIR_SUMMARY,STATE_01_DIST_04_PS_01,STATE_01_DIST_04,STATE_01,POLICE,LOW,false,false,false,false,OPEN,ACTIVE,false,false,false,true,INVESTIGATION,VIEW,false,false,MISSING,BUSINESS_HOURS,ONLINE,CCTNS_STYLE_API,P-2026-05-STEP1,false,true,018dda2382e9925c016cc5db0ad1b2b58ca4e5e8e031f99cfae7c5bc16b7f5f8
REQ-000786,2026-05-29T04:24:00Z,emergency_override,OFF-0061,86505bfb457a23f7a0108287,Constable,1,POLICE,STATE_03_DIST_04_PS_03,STATE_03_DIST_04,STATE_03,LOW,ACTIVE,NOT_ASSIGNED,REC-000134,7901587342e6e798839b3eb3,CASE-00024,FINANCIAL_CRIME,FORENSIC_REPORT,STATE_03_DIST_02_PS_02,STATE_03_DIST_02,STATE_03,POLICE,HIGH,false,false,false,false,OPEN,ARCHIVED,false,false,true,true,EMERGENCY_RESPONSE,VIEW,true,false,MISSING,BUSINESS_HOURS,ONLINE,CCTNS_STYLE_API,P-2026-05-STEP1,false,true,dc80b8df283829242d30ee3b63dce89807077848213d6bbbf33f90ace222e2c1
REQ-000787,2026-06-01T11:10:00Z,juvenile_sensitive,OFF-0044,e35d3d5ab37a57023a757cf4,Station House Officer,5,POLICE,STATE_01_DIST_04_PS_03,STATE_01_DIST_04,STATE_01,HIGH,ACTIVE,NOT_ASSIGNED,REC-000277,cdb882c54c3acb7a40310dbd,CASE-00354,JUVENILE_PROTECTION,FIR_SUMMARY,STATE_02_DIST_01_PS_02,STATE_02_DIST_01,STATE_02,POLICE,LOW,false,false,true,false,SEALED,ARCHIVED,false,false,false,true,INVESTIGATION,VIEW,false,false,PRESENT_VALID,BUSINESS_HOURS,STATION_NODE_DOWN,ICJS_STYLE_EXCHANGE,P-2026-05-STEP1,false,true,fa3688ff327b03762a0105ccfa1dc4cd024af5ac9909ecb6e1c5790d6b66969d
REQ-000788,2026-05-30T19:56:00Z,normal_in_jurisdiction,OFF-0194,ade36a17fa7aeeef7c2513ee,Station House Officer,5,POLICE,STATE_01_DIST_02_PS_01,STATE_01_DIST_02,STATE_01,HIGH,ACTIVE,ASSIGNED,REC-000630,5735e1f43cfb1d05ceef90b4,CASE-00281,NARCOTICS,CYBERCRIME_COMPLAINT,STATE_01_DIST_02_PS_01,STATE_01_DIST_02,STATE_01,POLICE,MEDIUM,false,false,false,false,OPEN,ACTIVE,true,true,true,false,INVESTIGATION,VIEW,false,false,NOT_REQUIRED,BUSINESS_HOURS,DEGRADED,ICJS_STYLE_EXCHANGE,P-2026-05-STEP1,false,true,d2b96c13afb966e069266038cc000d12fdb1d1003f49d0a44adbd67ce3803fac
REQ-000789,2026-05-31T09:12:00Z,cross_jurisdiction_sensitive,OFF-0228,8a7aea37c451a80fdc290e57,Head Constable,2,POLICE,STATE_01_DIST_02_PS_02,STATE_01_DIST_02,STATE_01,LOW,ACTIVE,NOT_ASSIGNED,REC-000794,949e9506f350533dfbd08052,CASE-00018,NARCOTICS,VICTIM_RECORD,STATE_01_DIST_04_PS_01,STATE_01_DIST_04,STATE_01,POLICE,HIGH,true,false,false,false,OPEN,ACTIVE,false,false,true,true,INVESTIGATION,VIEW,false,false,PRESENT_VALID,BUSINESS_HOURS,ONLINE,CCTNS_STYLE_API,P-2026-05-STEP1,false,true,9eaf914d1b8f36767fc03c01c8dab09669324a20695edcc74a96299a7edddb34
REQ-000790,2026-05-29T04:40:00Z,expired_approval_token,OFF-0200,4ee0497be96c65e5642e3a72,Cybercrime Officer,4,CYBERCRIME,STATE_01_DIST_03_PS_01,STATE_01_DIST_03,STATE_01,HIGH,ACTIVE,NOT_ASSIGNED,REC-000537,459488c4e9b1cde4e6af43bf,CASE-00210,FINANCIAL_CRIME,WITNESS_STATEMENT,STATE_02_DIST_01_PS_03,STATE_02_DIST_01,STATE_02,POLICE,HIGH,false,true,false,false,OPEN,ACTIVE,false,false,false,true,PROSECUTION_REVIEW,APPROVE,false,false,EXPIRED,BUSINESS_HOURS,ONLINE,ICJS_STYLE_EXCHANGE,P-2026-05-STEP1,false,true,e92348d3121dc62618f97170397a02ec942ed5b3cd285ef525ed21e8478e814e
REQ-000791,2026-06-04T05:45:00Z,sealed_record,OFF-0013,3573eec47a61bb4c69e2b339,Constable,1,POLICE,STATE_01_DIST_03_PS_02,STATE_01_DIST_03,STATE_01,LOW,ACTIVE,NOT_ASSIGNED,REC-000002,768842f55be1e7466a34dc2d,CASE-00077,JUVENILE_PROTECTION,JUVENILE_RECORD,STATE_03_DIST_02_PS_03,STATE_03_DIST_02,STATE_03,POLICE,HIGH,false,false,true,false,SEALED,UNDER_REVIEW,false,false,false,true,INVESTIGATION,VIEW,false,false,PRESENT_VALID,BUSINESS_HOURS,ONLINE,MANUAL_ESCALATION,P-2026-05-STEP1,false,true,b41abd3524b6965f8200036cf9f21dcdc53b230a894230c0061e9d19249a453a
REQ-000792,2026-05-28T02:24:00Z,stale_case_assignment,OFF-0080,8d450ebb6d2a4135d240f974,Station House Officer,5,POLICE,STATE_01_DIST_04_PS_03,STATE_01_DIST_04,STATE_01,HIGH,ACTIVE,STALE,REC-000065,7c302dc01cfc5b0cb0defb8f,CASE-00340,WOMEN_CHILD_SAFETY,JUVENILE_RECORD,STATE_02_DIST_03_PS_02,STATE_02_DIST_03,STATE_02,POLICE,CLASSIFIED,true,false,true,false,OPEN,ACTIVE,false,false,false,true,INVESTIGATION,VIEW,false,false,MISSING,BUSINESS_HOURS,ONLINE,MANUAL_ESCALATION,P-2026-05-STEP1,false,true,8a0bc4ddba0a5278f4351ebbc402272a30b7802845db1e6ef96b502d3f258580
REQ-000793,2026-06-05T08:41:00Z,cross_jurisdiction_sensitive,OFF-0033,4f04697319f636cd795e5d1b,Inspector,4,POLICE,STATE_03_DIST_01_PS_03,STATE_03_DIST_01,STATE_03,MEDIUM,ACTIVE,NOT_ASSIGNED,REC-000384,fe9058bed6465d20bca094d3,CASE-00222,CYBER_FRAUD,FORENSIC_REPORT,STATE_02_DIST_03_PS_02,STATE_02_DIST_03,STATE_02,POLICE,CLASSIFIED,false,false,false,false,OPEN,ACTIVE,false,false,false,true,FORENSIC_REVIEW,VIEW,false,false,MISSING,BUSINESS_HOURS,DEGRADED,CCTNS_STYLE_API,P-2026-05-STEP1,false,true,796daf6c37617bba18b92b0575778ed31c8c059107d6db8e1c0fbf209581869a
REQ-000794,2026-05-29T04:56:00Z,random_context,OFF-0155,750741a21ba1ad37a768df1b,Inspector,4,POLICE,STATE_02_DIST_02_PS_01,STATE_02_DIST_02,STATE_02,MEDIUM,ACTIVE,NOT_ASSIGNED,REC-000396,34b21675c93019fd5a4c0262,CASE-00121,VIOLENT_CRIME,FIR_SUMMARY,STATE_03_DIST_03_PS_01,STATE_03_DIST_03,STATE_03,POLICE,LOW,false,false,false,false,OPEN,ACTIVE,false,false,false,true,FORENSIC_REVIEW,VIEW,false,false,NOT_REQUIRED,BUSINESS_HOURS,ONLINE,CCTNS_STYLE_API,P-2026-05-STEP1,false,true,772864d144b3add8b57616c9c07b206f8c421d866bae4ede12ec2e15f6253cf9
REQ-000795,2026-06-04T06:45:00Z,expired_approval_token,OFF-0037,61f9c30ebf940f606c1a2520,Sub-Inspector,3,POLICE,STATE_02_DIST_03_PS_03,STATE_02_DIST_03,STATE_02,MEDIUM,ACTIVE,NOT_ASSIGNED,REC-000645,3d33aeac9a024f9da6d7ccf9,CASE-00235,WOMEN_CHILD_SAFETY,VICTIM_RECORD,STATE_03_DIST_02_PS_03,STATE_03_DIST_02,STATE_03,POLICE,MEDIUM,true,false,false,false,OPEN,ACTIVE,false,false,false,true,FORENSIC_REVIEW,VIEW,false,false,EXPIRED,BUSINESS_HOURS,ONLINE,ICJS_STYLE_EXCHANGE,P-2026-05-STEP1,false,true,120666e58bff4d38522de03295feb45ada77669e6727ed9abc5d481d1132e12a
REQ-000796,2026-05-31T23:24:00Z,emergency_override,OFF-0109,71ae00fed2507668078d658b,Inspector,4,POLICE,STATE_01_DIST_02_PS_01,STATE_01_DIST_02,STATE_01,MEDIUM,ACTIVE,NOT_ASSIGNED,REC-000117,6d12fa3584ddb2f01bc14091,CASE-00226,VIOLENT_CRIME,VICTIM_RECORD,STATE_02_DIST_01_PS_02,STATE_02_DIST_01,STATE_02,POLICE,HIGH,true,false,false,false,OPEN,ACTIVE,false,false,false,true,EMERGENCY_RESPONSE,SHARE,true,false,MISSING,BUSINESS_HOURS,ONLINE,CCTNS_STYLE_API,P-2026-05-STEP1,false,true,2a2d08243f5b4b3d7142d53bd7b1c69eb3c715735bf887c1c981fd9ac262e375
REQ-000797,2026-05-31T23:33:00Z,cross_jurisdiction_sensitive,OFF-0227,2747b4371f8a7719020e45ce,Constable,1,POLICE,STATE_02_DIST_03_PS_01,STATE_02_DIST_03,STATE_02,LOW,ACTIVE,NOT_ASSIGNED,REC-000580,6402bcc2f4170943bbb25e00,CASE-00286,WOMEN_CHILD_SAFETY,VICTIM_RECORD,STATE_02_DIST_01_PS_02,STATE_02_DIST_01,STATE_02,POLICE,CLASSIFIED,true,false,false,false,OPEN,ARCHIVED,false,false,true,true,SUPERVISION,DOWNLOAD,false,false,PRESENT_VALID,BUSINESS_HOURS,ONLINE,ICJS_STYLE_EXCHANGE,P-2026-05-STEP1,false,true,633e8881a0102236e872ea17e6872bac04e2acfef5dde508142615de9f4b3552
REQ-000798,2026-06-04T20:48:00Z,normal_in_jurisdiction,OFF-0135,93ea324e5b0159f974ae2ac9,Sub-Inspector,3,POLICE,STATE_01_DIST_01_PS_01,STATE_01_DIST_01,STATE_01,MEDIUM,ACTIVE,ASSIGNED,REC-000826,893a5e5117f43af57c7ba373,CASE-00224,NARCOTICS,WITNESS_STATEMENT,STATE_01_DIST_01_PS_01,STATE_01_DIST_01,STATE_01,POLICE,MEDIUM,false,true,false,false,OPEN,ACTIVE,true,true,true,false,INVESTIGATION,VIEW,false,false,NOT_REQUIRED,BUSINESS_HOURS,DEGRADED,ICJS_STYLE_EXCHANGE,P-2026-05-STEP1,false,true,bf74de8d1cfa2187702a05196c70f9e426ab9b3bc8516488c2d3afe42b66a767
REQ-000799,2026-06-04T21:04:00Z,stale_case_assignment,OFF-0182,f733b89b991cd7dc6791cabb,Sub-Inspector,3,POLICE,STATE_01_DIST_01_PS_02,STATE_01_DIST_01,STATE_01,MEDIUM,ACTIVE,STALE,REC-000328,a3640fe0710c163f60be131f,CASE-00346,MISSING_PERSON,FIR_SUMMARY,STATE_02_DIST_04_PS_03,STATE_02_DIST_04,STATE_02,POLICE,LOW,false,false,false,false,OPEN,ACTIVE,false,false,false,true,INVESTIGATION,DOWNLOAD,false,false,MISSING,AFTER_HOURS,ONLINE,MANUAL_ESCALATION,P-2026-05-STEP1,false,true,36ca9ff5a323cc365fcb5ada52a561b3f657ac4ba62e97a9b8a6bc0afeb971ef
REQ-000800,2026-06-01T00:00:00Z,cross_jurisdiction_sensitive,OFF-0033,4f04697319f636cd795e5d1b,Inspector,4,POLICE,STATE_03_DIST_01_PS_03,STATE_03_DIST_01,STATE_03,MEDIUM,ACTIVE,NOT_ASSIGNED,REC-000755,6822db53c52593becfcadcae,CASE-00281,NARCOTICS,FORENSIC_REPORT,STATE_01_DIST_02_PS_01,STATE_01_DIST_02,STATE_01,POLICE,CLASSIFIED,false,false,false,false,OPEN,ARCHIVED,false,false,false,true,SUPERVISION,DOWNLOAD,false,false,MISSING,NIGHT,ONLINE,MANUAL_ESCALATION,P-2026-05-STEP1,false,true,5ab8bb381958e87e83f2aa555809874962e91e4845e24961a100748f964fb89b
REQ-000801,2026-06-01T13:30:00Z,expired_approval_token,OFF-0220,5f5d03cad2864eb9986177dd,Sub-Inspector,3,POLICE,STATE_02_DIST_03_PS_02,STATE_02_DIST_03,STATE_02,MEDIUM,ACTIVE,NOT_ASSIGNED,REC-000838,008cb02f48fda282db462c68,CASE-00062,CYBER_FRAUD,JUVENILE_RECORD,STATE_03_DIST_02_PS_02,STATE_03_DIST_02,STATE_03,POLICE,CLASSIFIED,false,false,true,false,OPEN,ACTIVE,false,false,false,true,FORENSIC_REVIEW,DOWNLOAD,false,false,EXPIRED,BUSINESS_HOURS,ONLINE,MANUAL_ESCALATION,P-2026-05-STEP1,false,true,0485bac695d54d0038767deff2e9e324af91a1cf8a1e2b8cca1b024435436135
REQ-000802,2026-05-28T16:06:00Z,random_context,OFF-0013,3573eec47a61bb4c69e2b339,Constable,1,POLICE,STATE_01_DIST_03_PS_02,STATE_01_DIST_03,STATE_01,LOW,ACTIVE,NOT_ASSIGNED,REC-000447,34db2ece38e91ed7d58eda26,CASE-00029,WOMEN_CHILD_SAFETY,VICTIM_RECORD,STATE_02_DIST_02_PS_03,STATE_02_DIST_02,STATE_02,POLICE,CLASSIFIED,true,false,false,false,OPEN,ACTIVE,false,false,false,true,FORENSIC_REVIEW,VIEW,false,false,NOT_REQUIRED,BUSINESS_HOURS,ONLINE,CCTNS_STYLE_API,P-2026-05-STEP1,false,true,2ad7c6bef1a2e18e3a7cb9fd965041c147366e7b8c586dd078f12888655f104f
REQ-000803,2026-06-01T00:27:00Z,emergency_override,OFF-0180,8d48fc84d688aabaae7c6986,Sub-Inspector,3,POLICE,STATE_01_DIST_04_PS_02,STATE_01_DIST_04,STATE_01,MEDIUM,ACTIVE,NOT_ASSIGNED,REC-000348,195140358f5d31dec354aa4b,CASE-00029,WOMEN_CHILD_SAFETY,COURT_SUBMISSION,STATE_02_DIST_02_PS_03,STATE_02_DIST_02,STATE_02,POLICE,HIGH,true,false,false,false,OPEN,ACTIVE,false,false,false,true,EMERGENCY_RESPONSE,VIEW,true,false,PRESENT_VALID,BUSINESS_HOURS,ONLINE,MANUAL_ESCALATION,P-2026-05-STEP1,false,true,6a56d08225401869f1395025032c4b9d89fdcff0ee0bb923c053f6a80b3665ab
REQ-000804,2026-05-30T21:48:00Z,emergency_override,OFF-0151,4857d6398585bfa5b41baddd,Constable,1,POLICE,STATE_01_DIST_04_PS_02,STATE_01_DIST_04,STATE_01,LOW,ACTIVE,NOT_ASSIGNED,REC-000522,cfbb7cb7295b99ad06465bc9,CASE-00032,GENERAL_THEFT,WITNESS_STATEMENT,STATE_03_DIST_01_PS_01,STATE_03_DIST_01,STATE_03,POLICE,HIGH,false,true,false,false,OPEN,ACTIVE,false,false,false,true,EMERGENCY_RESPONSE,DOWNLOAD,true,false,MISSING,BUSINESS_HOURS,ONLINE,ICJS_STYLE_EXCHANGE,P-2026-05-STEP1,false,true,42093e2264330dc304a8f138bad09c02b377d9eae4b607cb58077c38a0594728
REQ-000805,2026-05-29T05:40:00Z,cross_jurisdiction_sensitive,OFF-0078,006fa23a737e20e3625debb8,Constable,1,POLICE,STATE_01_DIST_01_PS_02,STATE_01_DIST_01,STATE_01,LOW,ACTIVE,NOT_ASSIGNED,REC-000856,14cac1db740ca3069e8c9406,CASE-00147,VIOLENT_CRIME,FORENSIC_REPORT,STATE_02_DIST_03_PS_03,STATE_02_DIST_03,STATE_02,POLICE,HIGH,false,false,false,false,OPEN,ACTIVE,false,false,false,true,INVESTIGATION,VIEW,false,false,MISSING,BUSINESS_HOURS,ONLINE,MANUAL_ESCALATION,P-2026-05-STEP1,false,true,8a9c8de783627b9dbebe62c199af50dbf0ee8525cc3e88321826e9fb1687f3a1
REQ-000806,2026-05-30T22:02:00Z,random_context,OFF-0043,d4da98f8bbaf8c84670817a6,Sub-Inspector,3,POLICE,STATE_01_DIST_04_PS_02,STATE_01_DIST_04,STATE_01,MEDIUM,ACTIVE,NOT_ASSIGNED,REC-000815,47060cab97e3e5e52667cc8f,CASE-00268,MISSING_PERSON,FIR_SUMMARY,STATE_03_DIST_04_PS_03,STATE_03_DIST_04,STATE_03,POLICE,LOW,false,false,false,false,OPEN,ACTIVE,false,false,false,true,PROSECUTION_REVIEW,SHARE,false,false,NOT_REQUIRED,AFTER_HOURS,ONLINE,ICJS_STYLE_EXCHANGE,P-2026-05-STEP1,false,true,39efb224de3fc7815d369a53e5211695e8077e316c41f8daaca1204c2e9ee6af
REQ-000807,2026-06-03T06:51:00Z,random_context,OFF-0211,5e223aae914ba42e97c387c1,Constable,1,POLICE,STATE_02_DIST_01_PS_01,STATE_02_DIST_01,STATE_02,LOW,ACTIVE,NOT_ASSIGNED,REC-000446,dcd08b3ca22c6a94ae8a5f03,CASE-00128,FINANCIAL_CRIME,JUVENILE_RECORD,STATE_01_DIST_01_PS_01,STATE_01_DIST_01,STATE_01,POLICE,HIGH,false,false,true,false,OPEN,ACTIVE,false,false,false,true,FORENSIC_REVIEW,APPROVE,false,false,NOT_REQUIRED,AFTER_HOURS,ONLINE,ICJS_STYLE_EXCHANGE,P-2026-05-STEP1,false,true,c5220a9063fdd8b10774d540a712ff726f9555ec1805778770b44a0fbf0bc83f
REQ-000808,2026-05-29T05:52:00Z,cross_jurisdiction_sensitive,OFF-0062,318fd1a9b080d018ffb85691,Prosecutor Liaison,4,PROSECUTION,STATE_01_DIST_01_PS_02,STATE_01_DIST_01,STATE_01,MEDIUM,ACTIVE,NOT_ASSIGNED,REC-000418,513c9be258a43ca7947c0ca7,CASE-00360,JUVENILE_PROTECTION,CYBERCRIME_COMPLAINT,STATE_03_DIST_04_PS_01,STATE_03_DIST_04,STATE_03,POLICE,MEDIUM,false,false,true,false,OPEN,UNDER_REVIEW,false,false,false,true,SUPERVISION,VIEW,false,false,PRESENT_VALID,BUSINESS_HOURS,DEGRADED,ICJS_STYLE_EXCHANGE,P-2026-05-STEP1,false,true,30f25e597acbbdad1c6170516096172b3c309bea4bb0cc87d0c0014fa43fda28
REQ-000809,2026-05-31T11:52:00Z,normal_in_jurisdiction,OFF-0104,bacbc9ea0ca5c88caca1fb35,Sub-Inspector,3,POLICE,STATE_01_DIST_03_PS_03,STATE_01_DIST_03,STATE_01,MEDIUM,ACTIVE,NOT_ASSIGNED,REC-000511,bccd2e37a2abdbd141306a62,CASE-00196,CYBER_FRAUD,JUVENILE_RECORD,STATE_02_DIST_04_PS_03,STATE_02_DIST_04,STATE_02,POLICE,CLASSIFIED,false,false,true,false,OPEN,ACTIVE,false,false,false,true,INVESTIGATION,VIEW,false,false,NOT_REQUIRED,AFTER_HOURS,STATION_NODE_DOWN,ICJS_STYLE_EXCHANGE,P-2026-05-STEP1,false,true,600872fff97bc6d30896eed2c27c2814673492e78db2af0378dbc8f288eb0345
REQ-000810,2026-06-05T13:30:00Z,normal_in_jurisdiction,OFF-0114,80474f2be101fe342f3d27b8,Constable,1,POLICE,STATE_01_DIST_01_PS_02,STATE_01_DIST_01,STATE_01,LOW,ACTIVE,NOT_ASSIGNED,REC-000063,fb8dce77863a67f68042baad,CASE-00127,CYBER_FRAUD,CASE_DIARY,STATE_02_DIST_04_PS_03,STATE_02_DIST_04,STATE_02,POLICE,CLASSIFIED,false,false,false,false,OPEN,ACTIVE,false,false,false,true,INVESTIGATION,VIEW,false,false,NOT_REQUIRED,BUSINESS_HOURS,ONLINE,CCTNS_STYLE_API,P-2026-05-STEP1,false,true,f0a99900ad5ce96bfc23d2629c27df22f0604d01736ab3aee82455934d422471
REQ-000811,2026-06-05T00:16:00Z,sealed_record,OFF-0128,0f7c12f84c6ccd771a655279,Constable,1,POLICE,STATE_01_DIST_01_PS_01,STATE_01_DIST_01,STATE_01,LOW,ACTIVE,NOT_ASSIGNED,REC-000786,6806ba66b352cd0ace2dc62d,CASE-00226,VIOLENT_CRIME,JUVENILE_RECORD,STATE_02_DIST_01_PS_02,STATE_02_DIST_01,STATE_02,POLICE,HIGH,false,false,true,false,SEALED,ACTIVE,false,false,false,true,PROSECUTION_REVIEW,VIEW,false,true,PRESENT_VALID,BUSINESS_HOURS,ONLINE,MANUAL_ESCALATION,P-2026-05-STEP1,false,true,1c018a39fef323657b9b6eed7ec56ee4006350b8c547d7ccf64e2d8ffb1ed2bf
REQ-000812,2026-05-28T03:04:00Z,cross_jurisdiction_sensitive,OFF-0118,90e9de18363ee212ab55f392,Head Constable,2,POLICE,STATE_03_DIST_02_PS_03,STATE_03_DIST_02,STATE_03,LOW,ACTIVE,NOT_ASSIGNED,REC-000687,4a81b7a88a623e390137c284,CASE-00187,WOMEN_CHILD_SAFETY,CASE_DIARY,STATE_01_DIST_03_PS_03,STATE_01_DIST_03,STATE_01,POLICE,CLASSIFIED,true,false,false,false,OPEN,ACTIVE,false,false,false,true,FORENSIC_REVIEW,VIEW,false,false,PRESENT_VALID,NIGHT,DEGRADED,ICJS_STYLE_EXCHANGE,P-2026-05-STEP1,false,true,a23303fc941fc2bfcb69b29a6cc83fc34da81cfb6e49cfdf95ae1f01256ceca0
REQ-000813,2026-06-01T01:57:00Z,stale_case_assignment,OFF-0165,b2c7b3b76aeb981b1bd8756b,Inspector,4,POLICE,STATE_02_DIST_04_PS_02,STATE_02_DIST_04,STATE_02,MEDIUM,ACTIVE,STALE,REC-000770,227c461d84e121aa1f3cf1a9,CASE-00246,CYBER_FRAUD,WITNESS_STATEMENT,STATE_01_DIST_02_PS_01,STATE_01_DIST_02,STATE_01,POLICE,HIGH,false,true,false,false,OPEN,ARCHIVED,false,false,false,true,INVESTIGATION,VIEW,false,false,MISSING,AFTER_HOURS,ONLINE,ICJS_STYLE_EXCHANGE,P-2026-05-STEP1,false,true,de9d9936fc356db6542e6952cedfa4e4368faa40f3b1c2960e4e0b2ef824215b
REQ-000814,2026-06-05T14:38:00Z,normal_in_jurisdiction,OFF-0091,516e122c203e5dd62fd9ee93,Sub-Inspector,3,POLICE,STATE_02_DIST_01_PS_02,STATE_02_DIST_01,STATE_02,MEDIUM,ACTIVE,NOT_ASSIGNED,REC-000202,5193567c38e42b9a685bdbe1,CASE-00221,VIOLENT_CRIME,COURT_SUBMISSION,STATE_02_DIST_04_PS_03,STATE_02_DIST_04,STATE_02,POLICE,HIGH,false,false,false,false,OPEN,ACTIVE,false,false,true,true,INVESTIGATION,VIEW,false,false,NOT_REQUIRED,BUSINESS_HOURS,ONLINE,MANUAL_ESCALATION,P-2026-05-STEP1,false,true,4fa48f69796a1e2bfca76f8f0dbfaafd46f48b7ae25bf05c7a1c82fd6689cd29
REQ-000815,2026-06-01T15:50:00Z,cross_jurisdiction_sensitive,OFF-0097,0de9124a7d38c17a328e4497,Inspector,4,POLICE,STATE_01_DIST_04_PS_03,STATE_01_DIST_04,STATE_01,MEDIUM,ACTIVE,NOT_ASSIGNED,REC-000073,5eb5e8f5a64d9dc3267ff247,CASE-00076,NARCOTICS,FORENSIC_REPORT,STATE_01_DIST_03_PS_01,STATE_01_DIST_03,STATE_01,POLICE,CLASSIFIED,false,false,false,false,OPEN,ACTIVE,false,false,true,true,INVESTIGATION,VIEW,false,false,PRESENT_VALID,AFTER_HOURS,ONLINE,ICJS_STYLE_EXCHANGE,P-2026-05-STEP1,false,true,ef9b62e522387389486efde97ba2df46a14f152b90683b9a248284c1a2e9292a
REQ-000816,2026-06-05T01:36:00Z,expired_approval_token,OFF-0099,058b6ca906f6f017cad2b2fa,Prosecutor Liaison,4,PROSECUTION,STATE_01_DIST_03_PS_01,STATE_01_DIST_03,STATE_01,MEDIUM,ACTIVE,NOT_ASSIGNED,REC-000586,0c5416ff376c02a72e644dba,CASE-00163,FINANCIAL_CRIME,COURT_SUBMISSION,STATE_03_DIST_02_PS_02,STATE_03_DIST_02,STATE_03,POLICE,MEDIUM,false,false,false,false,OPEN,UNDER_REVIEW,false,false,false,true,PROSECUTION_REVIEW,VIEW,false,false,EXPIRED,BUSINESS_HOURS,ONLINE,MANUAL_ESCALATION,P-2026-05-STEP1,false,true,fd72a21016bc226ea15b2f840261075c7fe5a502fdac377c0652d60e7b219995
REQ-000817,2026-06-05T15:29:00Z,stale_case_assignment,OFF-0154,030fbe8b71b501096276a8ab,Inspector,4,POLICE,STATE_02_DIST_03_PS_02,STATE_02_DIST_03,STATE_02,MEDIUM,ACTIVE,STALE,REC-000635,9ef7805d5e451525d9e7038e,CASE-00003,VIOLENT_CRIME,FIR_SUMMARY,STATE_03_DIST_01_PS_02,STATE_03_DIST_01,STATE_03,POLICE,LOW,false,false,false,false,OPEN,ACTIVE,false,false,false,true,INVESTIGATION,VIEW,false,false,MISSING,AFTER_HOURS,ONLINE,MANUAL_ESCALATION,P-2026-05-STEP1,false,true,f70fba2da26ae86dd76900c42e93fbd170bb1aca1ccb13f45b030d2820360f97
REQ-000818,2026-05-29T20:10:00Z,cross_jurisdiction_sensitive,OFF-0201,362db027dc02e204d8d16948,Constable,1,POLICE,STATE_02_DIST_02_PS_02,STATE_02_DIST_02,STATE_02,LOW,ACTIVE,NOT_ASSIGNED,REC-000574,e718380dbd29859ea007b2be,CASE-00281,NARCOTICS,COURT_SUBMISSION,STATE_01_DIST_02_PS_01,STATE_01_DIST_02,STATE_01,POLICE,HIGH,false,false,false,false,SEALED,ACTIVE,false,false,false,true,INVESTIGATION,DOWNLOAD,false,false,MISSING,AFTER_HOURS,ONLINE,ICJS_STYLE_EXCHANGE,P-2026-05-STEP1,false,true,6f8c1ca3eaf6a7a3e5829bcf32ffe9f605621727984e5879089ae3985fff2581
REQ-000819,2026-05-29T06:36:00Z,juvenile_sensitive,OFF-0079,769c0f71f92a8b49e252746c,Cybercrime Officer,4,CYBERCRIME,STATE_03_DIST_02_PS_01,STATE_03_DIST_02,STATE_03,HIGH,ACTIVE,NOT_ASSIGNED,REC-000065,7c302dc01cfc5b0cb0defb8f,CASE-00340,WOMEN_CHILD_SAFETY,JUVENILE_RECORD,STATE_02_DIST_03_PS_02,STATE_02_DIST_03,STATE_02,POLICE,CLASSIFIED,true,false,true,false,OPEN,ACTIVE,false,false,false,true,INVESTIGATION,DOWNLOAD,false,false,PRESENT_VALID,BUSINESS_HOURS,ONLINE,CCTNS_STYLE_API,P-2026-05-STEP1,false,true,79335d64e11e97514c1d29f748653f2ac682897ee5231d8c1b8d5f32819c751b
REQ-000820,2026-05-30T23:40:00Z,sealed_record,OFF-0028,8ec325482a0f9259719128c5,Prosecutor Liaison,4,PROSECUTION,STATE_03_DIST_02_PS_02,STATE_03_DIST_02,STATE_03,MEDIUM,ACTIVE,NOT_ASSIGNED,REC-000312,66c1f1634fd4515b8f74f8fa,CASE-00316,GENERAL_THEFT,COURT_SUBMISSION,STATE_02_DIST_02_PS_02,STATE_02_DIST_02,STATE_02,POLICE,MEDIUM,false,false,false,false,SEALED,UNDER_REVIEW,false,false,false,true,INVESTIGATION,VIEW,false,false,MISSING,BUSINESS_HOURS,ONLINE,MANUAL_ESCALATION,P-2026-05-STEP1,false,true,298a42376f3b0187d72211efe4e175d3aaaec043c20487ce931e7a849f4de6a4
REQ-000821,2026-06-05T02:56:00Z,sealed_record,OFF-0156,5f299dc3f248e4c74232aab4,Constable,1,POLICE,STATE_01_DIST_01_PS_03,STATE_01_DIST_01,STATE_01,LOW,ACTIVE,NOT_ASSIGNED,REC-000828,5a1033bd9e2acc6a1296cf3e,CASE-00328,WOMEN_CHILD_SAFETY,CYBERCRIME_COMPLAINT,STATE_03_DIST_02_PS_02,STATE_03_DIST_02,STATE_03,POLICE,HIGH,true,false,false,false,SEALED,UNDER_REVIEW,false,false,false,true,COURT_PRODUCTION,VIEW,false,true,PRESENT_VALID,BUSINESS_HOURS,DEGRADED,ICJS_STYLE_EXCHANGE,P-2026-05-STEP1,false,true,12a4f7ecf74ad0f83cf0d39a0b6af65bb6d0367f1c651d158b3962d8e5e892b6
REQ-000822,2026-06-04T13:30:00Z,sealed_record,OFF-0033,4f04697319f636cd795e5d1b,Inspector,4,POLICE,STATE_03_DIST_01_PS_03,STATE_03_DIST_01,STATE_03,MEDIUM,ACTIVE,NOT_ASSIGNED,REC-000420,b1d414a86aab728f35101d37,CASE-00075,FINANCIAL_CRIME,COURT_SUBMISSION,STATE_03_DIST_02_PS_03,STATE_03_DIST_02,STATE_03,POLICE,HIGH,false,false,false,false,SEALED,ARCHIVED,false,false,true,true,COURT_PRODUCTION,VIEW,false,true,MISSING,BUSINESS_HOURS,ONLINE,ICJS_STYLE_EXCHANGE,P-2026-05-STEP1,false,true,ab7682a004a4e0b4519b20bb9f15e3bea330f042bdca7597d102e302cdeaa196
REQ-000823,2026-05-31T13:44:00Z,stale_case_assignment,OFF-0228,8a7aea37c451a80fdc290e57,Head Constable,2,POLICE,STATE_01_DIST_02_PS_02,STATE_01_DIST_02,STATE_01,LOW,ACTIVE,STALE,REC-000031,a62882abc3511c2fb68d874b,CASE-00224,NARCOTICS,WITNESS_STATEMENT,STATE_01_DIST_01_PS_01,STATE_01_DIST_01,STATE_01,POLICE,HIGH,false,true,false,false,SEALED,ACTIVE,false,false,true,true,INVESTIGATION,DOWNLOAD,false,false,MISSING,BUSINESS_HOURS,DEGRADED,ICJS_STYLE_EXCHANGE,P-2026-05-STEP1,false,true,67eaca5d22173f9e7f3b9a89ce35d860e8abc4a096c65ef3a7fa66a6d031c230
REQ-000824,2026-05-29T20:40:00Z,sealed_record,OFF-0036,d3ba9e82379b9a1fa09b884a,Constable,1,POLICE,STATE_03_DIST_03_PS_02,STATE_03_DIST_03,STATE_03,LOW,ACTIVE,NOT_ASSIGNED,REC-000878,858b3fe36acc7e4e879f12b7,CASE-00360,JUVENILE_PROTECTION,JUVENILE_RECORD,STATE_03_DIST_04_PS_01,STATE_03_DIST_04,STATE_03,POLICE,HIGH,false,false,true,false,SEALED,ARCHIVED,false,false,true,true,COURT_PRODUCTION,VIEW,false,true,MISSING,BUSINESS_HOURS,ONLINE,MANUAL_ESCALATION,P-2026-05-STEP1,false,true,7bcc9f32f30ea8b2d612c826a9d3edca6cbe31ceff5d52b431d64f4ec87ef1a0
REQ-000825,2026-05-29T07:00:00Z,normal_in_jurisdiction,OFF-0008,f7c9b924c136028c31a62c8c,Inspector,4,POLICE,STATE_03_DIST_03_PS_03,STATE_03_DIST_03,STATE_03,MEDIUM,ACTIVE,NOT_ASSIGNED,REC-000380,a294966bbab71d6e812d21a5,CASE-00056,CYBER_FRAUD,FIR_SUMMARY,STATE_02_DIST_02_PS_01,STATE_02_DIST_02,STATE_02,POLICE,CLASSIFIED,false,false,false,false,OPEN,ACTIVE,false,false,false,true,INVESTIGATION,VIEW,false,false,NOT_REQUIRED,AFTER_HOURS,ONLINE,MANUAL_ESCALATION,P-2026-05-STEP1,false,true,c608e12d50a55f538596df74b2756667bc8efa0f3e7bdb15ba70996e13edff0b
REQ-000826,2026-06-05T04:16:00Z,expired_approval_token,OFF-0172,59295c95c257a05519b6f91d,Senior Superintendent,6,POLICE,STATE_03_DIST_03_PS_02,STATE_03_DIST_03,STATE_03,CLASSIFIED,ACTIVE,NOT_ASSIGNED,REC-000204,a638e70808e21ac763018336,CASE-00328,WOMEN_CHILD_SAFETY,WITNESS_STATEMENT,STATE_03_DIST_02_PS_02,STATE_03_DIST_02,STATE_03,POLICE,HIGH,true,true,false,false,OPEN,ACTIVE,false,false,true,true,FORENSIC_REVIEW,DOWNLOAD,false,false,EXPIRED,BUSINESS_HOURS,DEGRADED,CCTNS_STYLE_API,P-2026-05-STEP1,false,true,f03d2af8e3b737aa80d6c083eccde94a0c9a92598677747c94e8ffe58ae5f34f
REQ-000827,2026-06-01T17:50:00Z,expired_approval_token,OFF-0085,17c3357ea795f04352db1db0,Head Constable,2,POLICE,STATE_03_DIST_03_PS_03,STATE_03_DIST_03,STATE_03,LOW,ACTIVE,NOT_ASSIGNED,REC-000110,187880cd627f35cb125937fb,CASE-00169,VIOLENT_CRIME,FORENSIC_REPORT,STATE_03_DIST_04_PS_02,STATE_03_DIST_04,STATE_03,POLICE,HIGH,false,false,false,false,SEALED,ACTIVE,false,false,true,true,PROSECUTION_REVIEW,SHARE,false,false,EXPIRED,BUSINESS_HOURS,ONLINE,CCTNS_STYLE_API,P-2026-05-STEP1,false,true,34fbabfd560b73e3a45859c50ca0c600330a3914af7d2989756895d7a1e0752b
REQ-000828,2026-06-02T07:48:00Z,emergency_override,OFF-0233,072b2cbde28c17244de8ae4d,Head Constable,2,POLICE,STATE_03_DIST_03_PS_01,STATE_03_DIST_03,STATE_03,LOW,ACTIVE,NOT_ASSIGNED,REC-000754,e15a915636ae7f0b702750b3,CASE-00069,NARCOTICS,COURT_SUBMISSION,STATE_02_DIST_03_PS_01,STATE_02_DIST_03,STATE_02,POLICE,HIGH,false,false,false,false,OPEN,ACTIVE,false,false,false,true,EMERGENCY_RESPONSE,VIEW,true,false,MISSING,AFTER_HOURS,DEGRADED,MANUAL_ESCALATION,P-2026-05-STEP1,false,true,b03935cb833a779aa5c2d670f8dc82f0872990c3cf84fe9ed326747b57960282
REQ-000829,2026-06-02T07:59:00Z,juvenile_sensitive,OFF-0066,a07f98edb4eac55d9fa73ffe,Sub-Inspector,3,POLICE,STATE_01_DIST_01_PS_02,STATE_01_DIST_01,STATE_01,MEDIUM,ACTIVE,NOT_ASSIGNED,REC-000048,e2ab6a19944224989c13a294,CASE-00192,GENERAL_THEFT,JUVENILE_RECORD,STATE_01_DIST_02_PS_03,STATE_01_DIST_02,STATE_01,POLICE,HIGH,false,false,true,false,OPEN,UNDER_REVIEW,false,false,true,true,SUPERVISION,VIEW,false,false,MISSING,AFTER_HOURS,ONLINE,CCTNS_STYLE_API,P-2026-05-STEP1,false,true,b17f6221c28f90e55ac039ae23028bee42c3ecc7c88e60563723765357839c60
REQ-000830,2026-06-01T18:20:00Z,revoked_credential,OFF-0196,d60f48d22e03c3316a18fa6d,Inspector,4,POLICE,STATE_01_DIST_03_PS_01,STATE_01_DIST_03,STATE_01,MEDIUM,REVOKED,NOT_ASSIGNED,REC-000692,483d8e368e0abb9247f9bc72,CASE-00230,VIOLENT_CRIME,EVIDENCE_MEDIA,STATE_03_DIST_03_PS_03,STATE_03_DIST_03,STATE_03,POLICE,CLASSIFIED,false,false,false,true,OPEN,UNDER_REVIEW,false,false,false,true,INVESTIGATION,DOWNLOAD,false,false,MISSING,BUSINESS_HOURS,ONLINE,MANUAL_ESCALATION,P-2026-05-STEP1,false,true,8c141bbfcfbbe1f813300a4182aceb28a838dcfbc0fe1566bda8a7a43c239553
REQ-000831,2026-06-05T05:36:00Z,normal_in_jurisdiction,OFF-0102,cac9c828654d5e683b80f1e7,Head Constable,2,POLICE,STATE_02_DIST_02_PS_02,STATE_02_DIST_02,STATE_02,LOW,ACTIVE,ASSIGNED,REC-000642,65b119681a10677745fef3d9,CASE-00111,JUVENILE_PROTECTION,FIR_SUMMARY,STATE_02_DIST_02_PS_02,STATE_02_DIST_02,STATE_02,POLICE,LOW,false,false,true,false,OPEN,ARCHIVED,true,true,true,false,INVESTIGATION,VIEW,false,false,NOT_REQUIRED,BUSINESS_HOURS,ONLINE,MANUAL_ESCALATION,P-2026-05-STEP1,false,true,66d26f5a83a5d51b52b61d84374954c64b51e1265f297fc4865bfd92e8bc7a53
REQ-000832,2026-06-03T12:16:00Z,expired_approval_token,OFF-0011,84a9b6fb8d6efe7cd09043f6,Inspector,4,POLICE,STATE_02_DIST_02_PS_02,STATE_02_DIST_02,STATE_02,MEDIUM,ACTIVE,NOT_ASSIGNED,REC-000145,5fc5e68f3970b032241a7cb0,CASE-00199,WOMEN_CHILD_SAFETY,FIR_SUMMARY,STATE_01_DIST_04_PS_01,STATE_01_DIST_04,STATE_01,POLICE,MEDIUM,true,false,false,false,OPEN,UNDER_REVIEW,false,false,false,true,PROSECUTION_REVIEW,DOWNLOAD,false,false,EXPIRED,NIGHT,DEGRADED,MANUAL_ESCALATION,P-2026-05-STEP1,false,true,9044a557761f663308dd6d71229c8dfc459d53e728a79c7f084326a9e86270d9
REQ-000833,2026-05-28T03:46:00Z,normal_in_jurisdiction,OFF-0131,2b64c21367370d53935a5e0d,Sub-Inspector,3,POLICE,STATE_02_DIST_02_PS_02,STATE_02_DIST_02,STATE_02,MEDIUM,ACTIVE,ASSIGNED,REC-000401,ee0077472217a89dfddd7b51,CASE-00161,GENERAL_THEFT,FIR_SUMMARY,STATE_02_DIST_02_PS_02,STATE_02_DIST_02,STATE_02,POLICE,MEDIUM,false,false,false,false,OPEN,ACTIVE,true,true,true,false,INVESTIGATION,VIEW,false,false,NOT_REQUIRED,BUSINESS_HOURS,ONLINE,MANUAL_ESCALATION,P-2026-05-STEP1,false,true,954ac7baa0d3dfd433b8a981236f63225389d9704d63d16c39f8e903534b4f53
REQ-000834,2026-05-31T01:18:00Z,sealed_record,OFF-0183,95ff51d542090c1b60accce5,Inspector,4,POLICE,STATE_03_DIST_02_PS_02,STATE_03_DIST_02,STATE_03,MEDIUM,ACTIVE,NOT_ASSIGNED,REC-000343,121319e5c742c9826335312f,CASE-00094,FINANCIAL_CRIME,VICTIM_RECORD,STATE_02_DIST_03_PS_01,STATE_02_DIST_03,STATE_02,POLICE,CLASSIFIED,true,false,false,false,SEALED,ACTIVE,false,false,false,true,INVESTIGATION,VIEW,false,false,MISSING,BUSINESS_HOURS,ONLINE,ICJS_STYLE_EXCHANGE,P-2026-05-STEP1,false,true,ff64879f5349808b76d1993eec1fe7520baa0ff78821e11590380e2fd0c33c6d
REQ-000835,2026-06-05T06:40:00Z,normal_in_jurisdiction,OFF-0045,1abb810c99dd60558b095f4d,Sub-Inspector,3,POLICE,STATE_02_DIST_01_PS_03,STATE_02_DIST_01,STATE_02,MEDIUM,ACTIVE,ASSIGNED,REC-000859,d4efcb9a9982cc5a71505982,CASE-00270,GENERAL_THEFT,COURT_SUBMISSION,STATE_02_DIST_01_PS_03,STATE_02_DIST_01,STATE_02,POLICE,MEDIUM,false,false,false,false,OPEN,ARCHIVED,true,true,true,false,INVESTIGATION,VIEW,false,false,NOT_REQUIRED,BUSINESS_HOURS,ONLINE,MANUAL_ESCALATION,P-2026-05-STEP1,false,true,255ae901742c7761d804dec384b9e136e36a9c9f35984001ecaee7bb806c0bb4
REQ-000836,2026-05-31T15:28:00Z,cross_jurisdiction_sensitive,OFF-0045,1abb810c99dd60558b095f4d,Sub-Inspector,3,POLICE,STATE_02_DIST_01_PS_03,STATE_02_DIST_01,STATE_02,MEDIUM,ACTIVE,NOT_ASSIGNED,REC-000303,ae6871039a0d9aecf690453c,CASE-00218,CYBER_FRAUD,EVIDENCE_MEDIA,STATE_03_DIST_02_PS_03,STATE_03_DIST_02,STATE_03,POLICE,HIGH,false,false,false,true,OPEN,ARCHIVED,false,false,false,true,INVESTIGATION,VIEW,false,false,PRESENT_VALID,BUSINESS_HOURS,DEGRADED,CCTNS_STYLE_API,P-2026-05-STEP1,false,true,a596b7eea584cfca0e2a74dcd996de505195bca68444dc743063b7cc7163e7b1
REQ-000837,2026-05-28T17:51:00Z,stale_case_assignment,OFF-0206,05c3cda35f4947118d9b39ea,Constable,1,POLICE,STATE_01_DIST_01_PS_01,STATE_01_DIST_01,STATE_01,LOW,ACTIVE,STALE,REC-000707,d54e59d1e5b8752743ec8dd1,CASE-00301,JUVENILE_PROTECTION,WITNESS_STATEMENT,STATE_01_DIST_02_PS_02,STATE_01_DIST_02,STATE_01,POLICE,HIGH,false,true,true,false,OPEN,ACTIVE,false,false,true,true,INVESTIGATION,VIEW,false,false,MISSING,BUSINESS_HOURS,STATION_NODE_DOWN,MANUAL_ESCALATION,P-2026-05-STEP1,false,true,d957d5fedebe75d559ad48f057a9b07a8c3b5ea62dc68d08a7dba5f3c313f1dc
REQ-000838,2026-06-04T17:30:00Z,normal_in_jurisdiction,OFF-0153,bbef3f90be1083101e51c0b0,Sub-Inspector,3,POLICE,STATE_01_DIST_04_PS_03,STATE_01_DIST_04,STATE_01,MEDIUM,ACTIVE,ASSIGNED,REC-000077,8eb06b091b265235ad42db41,CASE-00325,NARCOTICS,COURT_SUBMISSION,STATE_01_DIST_04_PS_03,STATE_01_DIST_04,STATE_01,POLICE,MEDIUM,false,false,false,false,OPEN,ACTIVE,true,true,true,false,INVESTIGATION,VIEW,false,false,NOT_REQUIRED,BUSINESS_HOURS,ONLINE,CCTNS_STYLE_API,P-2026-05-STEP1,false,true,e4e55c3de67097a430250e5a731ba41f523fc719533a232ead8a7b69ee46d331
REQ-000839,2026-05-31T15:52:00Z,stale_case_assignment,OFF-0048,871e4c8cc36e0fafb27ef560,Prosecutor Liaison,4,PROSECUTION,STATE_01_DIST_03_PS_03,STATE_01_DIST_03,STATE_01,MEDIUM,ACTIVE,STALE,REC-000729,9d51801e576eca4c5772ef00,CASE-00309,NARCOTICS,CASE_DIARY,STATE_02_DIST_01_PS_01,STATE_02_DIST_01,STATE_02,POLICE,HIGH,false,false,false,false,OPEN,ACTIVE,false,false,false,true,INVESTIGATION,VIEW,false,false,MISSING,AFTER_HOURS,ONLINE,ICJS_STYLE_EXCHANGE,P-2026-05-STEP1,false,true,c27101e7f924c0fedb8f044c5191e30067dc130945600b98e3e4727a57635831
REQ-000840,2026-06-05T08:00:00Z,expired_approval_token,OFF-0069,ecaec2b1bb689d9a6ebf8cca,Sub-Inspector,3,POLICE,STATE_03_DIST_03_PS_02,STATE_03_DIST_03,STATE_03,MEDIUM,ACTIVE,NOT_ASSIGNED,REC-000124,18d1592d4e115ec7275f6778,CASE-00032,GENERAL_THEFT,VICTIM_RECORD,STATE_03_DIST_01_PS_01,STATE_03_DIST_01,STATE_03,POLICE,MEDIUM,true,false,false,false,OPEN,ACTIVE,false,false,true,true,PROSECUTION_REVIEW,VIEW,false,false,EXPIRED,BUSINESS_HOURS,DEGRADED,ICJS_STYLE_EXCHANGE,P-2026-05-STEP1,false,true,cbb9ec808fb398ad56471118cd8d542632ef065d5de3430d7c777c488e018f91
REQ-000841,2026-06-05T08:16:00Z,juvenile_sensitive,OFF-0116,f1533940112c34367e3740e3,Sub-Inspector,3,POLICE,STATE_03_DIST_02_PS_03,STATE_03_DIST_02,STATE_03,MEDIUM,ACTIVE,NOT_ASSIGNED,REC-000554,92872ffb7c6c9c30fc3afc0f,CASE-00047,JUVENILE_PROTECTION,VICTIM_RECORD,STATE_01_DIST_02_PS_03,STATE_01_DIST_02,STATE_01,POLICE,HIGH,true,false,true,false,OPEN,ACTIVE,false,false,false,true,SUPERVISION,UPDATE,false,false,PRESENT_VALID,BUSINESS_HOURS,ONLINE,CCTNS_STYLE_API,P-2026-05-STEP1,false,true,a1149ebb0ea4110190c46ee5ea6f51c7b712bf8544e1050096958b7bf4a17f12
REQ-000842,2026-05-28T18:06:00Z,stale_case_assignment,OFF-0107,fb4c90a703ac874dae2f1454,Inspector,4,POLICE,STATE_01_DIST_01_PS_03,STATE_01_DIST_01,STATE_01,MEDIUM,ACTIVE,STALE,REC-000758,03db1b138a3912e8b9ba6c90,CASE-00301,JUVENILE_PROTECTION,EVIDENCE_MEDIA,STATE_01_DIST_02_PS_02,STATE_01_DIST_02,STATE_01,POLICE,CLASSIFIED,false,false,true,true,OPEN,ACTIVE,false,false,true,true,INVESTIGATION,VIEW,false,false,MISSING,BUSINESS_HOURS,ONLINE,MANUAL_ESCALATION,P-2026-05-STEP1,false,true,1be517f4537f2f5a393d172b0f16b4c7bbf359909b9ff8e7ec9d5859cd704e97
REQ-000843,2026-06-03T14:39:00Z,stale_case_assignment,OFF-0026,1744a4b8e7d09467e6ea7495,Sub-Inspector,3,POLICE,STATE_02_DIST_01_PS_03,STATE_02_DIST_01,STATE_02,MEDIUM,ACTIVE,STALE,REC-000297,1f3741568f09e522c5519892,CASE-00203,MISSING_PERSON,EVIDENCE_MEDIA,STATE_03_DIST_04_PS_01,STATE_03_DIST_04,STATE_03,POLICE,HIGH,false,false,false,true,OPEN,ACTIVE,false,false,false,true,INVESTIGATION,VIEW,false,false,MISSING,BUSINESS_HOURS,ONLINE,MANUAL_ESCALATION,P-2026-05-STEP1,false,true,5b0543c74e61197118dd3ee7cfb36c464b11566c3036311113f0063fa565ed69
REQ-000844,2026-05-31T02:28:00Z,revoked_credential,OFF-0212,22d2f79089811df3a4aeb9a5,Head Constable,2,POLICE,STATE_01_DIST_01_PS_01,STATE_01_DIST_01,STATE_01,LOW,REVOKED,NOT_ASSIGNED,REC-000408,c27231d6450095869ad898ec,CASE-00341,CYBER_FRAUD,CASE_DIARY,STATE_03_DIST_04_PS_02,STATE_03_DIST_04,STATE_03,POLICE,MEDIUM,false,false,false,false,OPEN,UNDER_REVIEW,false,false,false,true,AUDIT,VIEW,false,false,MISSING,BUSINESS_HOURS,ONLINE,CCTNS_STYLE_API,P-2026-05-STEP1,false,true,5a75cbb0f241a3968e1c21c442604dd6ab9ee626f0412d4b44845c146f11cc72
REQ-000845,2026-06-01T06:45:00Z,court_request,OFF-0212,22d2f79089811df3a4aeb9a5,Head Constable,2,POLICE,STATE_01_DIST_01_PS_01,STATE_01_DIST_01,STATE_01,LOW,REVOKED,NOT_ASSIGNED,REC-000505,514216f8601919c64b5e89c6,CASE-00233,FINANCIAL_CRIME,VICTIM_RECORD,STATE_03_DIST_04_PS_03,STATE_03_DIST_04,STATE_03,POLICE,CLASSIFIED,true,false,false,false,OPEN,ACTIVE,false,false,false,true,PROSECUTION_REVIEW,VIEW,false,true,PRESENT_VALID,NIGHT,ONLINE,CCTNS_STYLE_API,P-2026-05-STEP1,false,true,8900cb987f5c82fc0e4ee3c9fbf5236fcfa9f40fa6e15a9968ece7462572a12a
REQ-000846,2026-05-28T18:18:00Z,court_request,OFF-0013,3573eec47a61bb4c69e2b339,Constable,1,POLICE,STATE_01_DIST_03_PS_02,STATE_01_DIST_03,STATE_01,LOW,ACTIVE,NOT_ASSIGNED,REC-000364,280d55b817622116beaedf87,CASE-00265,FINANCIAL_CRIME,EVIDENCE_MEDIA,STATE_01_DIST_03_PS_03,STATE_01_DIST_03,STATE_01,POLICE,HIGH,false,false,false,true,OPEN,ACTIVE,false,true,true,false,PROSECUTION_REVIEW,VIEW,false,true,PRESENT_VALID,AFTER_HOURS,ONLINE,MANUAL_ESCALATION,P-2026-05-STEP1,false,true,d3963c3476d8b6f3a375bd6fd5935e24540e261a430330af577dbab822c0be21
REQ-000847,2026-05-28T04:14:00Z,stale_case_assignment,OFF-0225,8fe1499c5ed9142abbac6485,Constable,1,POLICE,STATE_01_DIST_03_PS_02,STATE_01_DIST_03,STATE_01,LOW,ACTIVE,STALE,REC-000538,d95f9c5d640c8816f3f8bfe6,CASE-00337,JUVENILE_PROTECTION,FIR_SUMMARY,STATE_01_DIST_03_PS_02,STATE_01_DIST_03,STATE_01,POLICE,HIGH,false,false,true,false,OPEN,ACTIVE,true,true,true,false,INVESTIGATION,DOWNLOAD,false,false,MISSING,BUSINESS_HOURS,ONLINE,ICJS_STYLE_EXCHANGE,P-2026-05-STEP1,false,true,3e00e665ca86f32440695e459b97485db7cdfee3ab9cca7a0495c6156da883aa
REQ-000848,2026-06-01T07:12:00Z,juvenile_sensitive,OFF-0060,f1cd31d43c526f5a63bbd87e,Constable,1,POLICE,STATE_03_DIST_04_PS_02,STATE_03_DIST_04,STATE_03,LOW,ACTIVE,NOT_ASSIGNED,REC-000402,005e2c4cc11b47aa081b9c83,CASE-00334,JUVENILE_PROTECTION,COURT_SUBMISSION,STATE_01_DIST_04_PS_01,STATE_01_DIST_04,STATE_01,POLICE,MEDIUM,false,false,true,false,OPEN,ACTIVE,false,false,false,true,SUPERVISION,VIEW,false,false,MISSING,BUSINESS_HOURS,ONLINE,CCTNS_STYLE_API,P-2026-05-STEP1,false,true,5734d6a2b6366f6cec923f2073305ebff7577ccd2427f96d46fa2b156f0d00f6
REQ-000849,2026-06-03T01:48:00Z,normal_in_jurisdiction,OFF-0222,fed71b6f957fb445cdad7897,Constable,1,POLICE,STATE_03_DIST_01_PS_02,STATE_03_DIST_01,STATE_03,LOW,ACTIVE,ASSIGNED,REC-000635,9ef7805d5e451525d9e7038e,CASE-00003,VIOLENT_CRIME,FIR_SUMMARY,STATE_03_DIST_01_PS_02,STATE_03_DIST_01,STATE_03,POLICE,LOW,false,false,false,false,OPEN,ACTIVE,true,true,true,false,INVESTIGATION,VIEW,false,false,NOT_REQUIRED,BUSINESS_HOURS,DEGRADED,MANUAL_ESCALATION,P-2026-05-STEP1,false,true,c27e6fbbec18db5d369f0c36c78acccfeb2b6d24efee83326c8474fc7d282bf3
REQ-000850,2026-06-01T07:30:00Z,cross_jurisdiction_sensitive,OFF-0013,3573eec47a61bb4c69e2b339,Constable,1,POLICE,STATE_01_DIST_03_PS_02,STATE_01_DIST_03,STATE_01,LOW,ACTIVE,NOT_ASSIGNED,REC-000553,7d6f478ee9bc86b7332e87fc,CASE-00318,FINANCIAL_CRIME,CASE_DIARY,STATE_03_DIST_04_PS_01,STATE_03_DIST_04,STATE_03,POLICE,HIGH,false,false,false,false,OPEN,ACTIVE,false,false,false,true,INVESTIGATION,DOWNLOAD,false,false,PRESENT_VALID,BUSINESS_HOURS,ONLINE,ICJS_STYLE_EXCHANGE,P-2026-05-STEP1,false,true,612404084edfae4e7de7ecbfbf8ccf63609cbeddd8f489698cb1d99bd5af4414
REQ-000851,2026-06-03T16:23:00Z,emergency_override,OFF-0101,3d428018fa91d9e32fcf8296,Inspector,4,POLICE,STATE_01_DIST_01_PS_02,STATE_01_DIST_01,STATE_01,MEDIUM,ACTIVE,NOT_ASSIGNED,REC-000730,3e8026e6986a08be7ea67710,CASE-00342,NARCOTICS,FORENSIC_REPORT,STATE_02_DIST_02_PS_03,STATE_02_DIST_02,STATE_02,POLICE,HIGH,false,false,false,false,SEALED,ACTIVE,false,false,false,true,EMERGENCY_RESPONSE,DOWNLOAD,true,false,PRESENT_VALID,BUSINESS_HOURS,ONLINE,MANUAL_ESCALATION,P-2026-05-STEP1,false,true,50f6f8a7c09b0affadcbf6bb1cd5ffdc692c9d9151f5d3e1a8ba882d38fa0d88
REQ-000852,2026-06-03T16:36:00Z,random_context,OFF-0155,750741a21ba1ad37a768df1b,Inspector,4,POLICE,STATE_02_DIST_02_PS_01,STATE_02_DIST_02,STATE_02,MEDIUM,ACTIVE,NOT_ASSIGNED,REC-000319,7f8d75d5e84837c062754102,CASE-00279,JUVENILE_PROTECTION,CYBERCRIME_COMPLAINT,STATE_02_DIST_04_PS_03,STATE_02_DIST_04,STATE_02,POLICE,CLASSIFIED,false,false,true,false,OPEN,ACTIVE,false,false,true,true,EMERGENCY_RESPONSE,DOWNLOAD,false,false,NOT_REQUIRED,BUSINESS_HOURS,ONLINE,ICJS_STYLE_EXCHANGE,P-2026-05-STEP1,false,true,cb40e1ef611f524b0088f72e84126e919b67783f4095e2281334c3c90d7908eb
REQ-000853,2026-05-28T04:26:00Z,cross_jurisdiction_sensitive,OFF-0224,b20f60775fe6a25591c31932,Inspector,4,POLICE,STATE_02_DIST_01_PS_03,STATE_02_DIST_01,STATE_02,MEDIUM,ACTIVE,NOT_ASSIGNED,REC-000291,27e8ef36fb20ac5bc4e6fdf5,CASE-00352,WOMEN_CHILD_SAFETY,EVIDENCE_MEDIA,STATE_01_DIST_04_PS_01,STATE_01_DIST_04,STATE_01,POLICE,CLASSIFIED,true,false,false,true,SEALED,ACTIVE,false,false,false,true,INVESTIGATION,VIEW,false,false,PRESENT_VALID,BUSINESS_HOURS,STATION_NODE_DOWN,ICJS_STYLE_EXCHANGE,P-2026-05-STEP1,false,true,10dc24cbb5ab6bd31bd94b6dd7db504bbb77ecad8f924015d96af0d4cb3fb2e1
REQ-000854,2026-05-29T08:56:00Z,cross_jurisdiction_sensitive,OFF-0223,f04272809174dac17c3936fd,Station House Officer,5,POLICE,STATE_03_DIST_04_PS_02,STATE_03_DIST_04,STATE_03,HIGH,ACTIVE,NOT_ASSIGNED,REC-000595,dd25798c72c5112bd72c2efc,CASE-00112,CYBER_FRAUD,EVIDENCE_MEDIA,STATE_02_DIST_03_PS_01,STATE_02_DIST_03,STATE_02,POLICE,CLASSIFIED,false,false,false,true,OPEN,ACTIVE,false,false,false,true,INVESTIGATION,VIEW,false,false,PRESENT_VALID,BUSINESS_HOURS,ONLINE,ICJS_STYLE_EXCHANGE,P-2026-05-STEP1,false,true,51aada464926fcb6310dad0f2feed50605e5698a5b1515fa2c54ef0cc2c9cbfa
REQ-000855,2026-06-04T07:30:00Z,expired_approval_token,OFF-0233,072b2cbde28c17244de8ae4d,Head Constable,2,POLICE,STATE_03_DIST_03_PS_01,STATE_03_DIST_03,STATE_03,LOW,ACTIVE,NOT_ASSIGNED,REC-000475,77385b524212abbfb3cdbdf8,CASE-00334,JUVENILE_PROTECTION,COURT_SUBMISSION,STATE_01_DIST_04_PS_01,STATE_01_DIST_04,STATE_01,POLICE,HIGH,false,false,true,false,OPEN,ACTIVE,false,false,false,true,FORENSIC_REVIEW,VIEW,false,false,EXPIRED,AFTER_HOURS,ONLINE,MANUAL_ESCALATION,P-2026-05-STEP1,false,true,a650ce0db1b1aed95d888a7e1f78e3e0df86d3ca393dfda986b932f1d1c35290
REQ-000856,2026-06-02T12:56:00Z,normal_in_jurisdiction,OFF-0133,58ae919f19aeb7c7f1527d26,Forensic Officer,4,FORENSIC,STATE_03_DIST_01_PS_02,STATE_03_DIST_01,STATE_03,HIGH,ACTIVE,ASSIGNED,REC-000637,e21447eba26803ebe0ef50d8,CASE-00269,FINANCIAL_CRIME,COURT_SUBMISSION,STATE_03_DIST_01_PS_02,STATE_03_DIST_01,STATE_03,POLICE,MEDIUM,false,false,false,false,OPEN,UNDER_REVIEW,true,true,true,false,INVESTIGATION,VIEW,false,false,NOT_REQUIRED,BUSINESS_HOURS,ONLINE,MANUAL_ESCALATION,P-2026-05-STEP1,false,true,870ca4818985992fdc92a7c0bc39934dc08fa4d93da3d44cf695e271c3f8b4b9
REQ-000857,2026-06-01T22:50:00Z,normal_in_jurisdiction,OFF-0066,a07f98edb4eac55d9fa73ffe,Sub-Inspector,3,POLICE,STATE_01_DIST_01_PS_02,STATE_01_DIST_01,STATE_01,MEDIUM,ACTIVE,NOT_ASSIGNED,REC-000762,86e5deb2be6eb28bde25e3f1,CASE-00252,NARCOTICS,CASE_DIARY,STATE_03_DIST_02_PS_02,STATE_03_DIST_02,STATE_03,POLICE,HIGH,false,false,false,false,OPEN,ACTIVE,false,false,false,true,INVESTIGATION,VIEW,false,false,NOT_REQUIRED,BUSINESS_HOURS,ONLINE,ICJS_STYLE_EXCHANGE,P-2026-05-STEP1,false,true,a4868beddf7d2968334d2aaeb69082f100e15e92811c725f0a9ad660bcd949f6
REQ-000858,2026-06-01T08:42:00Z,sealed_record,OFF-0217,fdc97c18ce18a70d495aa065,Sub-Inspector,3,POLICE,STATE_03_DIST_01_PS_01,STATE_03_DIST_01,STATE_03,MEDIUM,ACTIVE,ASSIGNED,REC-000897,9e07dff2b8dc1dd1a0637d25,CASE-00140,MISSING_PERSON,JUVENILE_RECORD,STATE_03_DIST_01_PS_01,STATE_03_DIST_01,STATE_03,POLICE,CLASSIFIED,false,false,true,false,SEALED,ACTIVE,true,true,true,false,INVESTIGATION,UPDATE,false,false,PRESENT_VALID,BUSINESS_HOURS,ONLINE,CCTNS_STYLE_API,P-2026-05-STEP1,false,true,40236a5ebcdc03bc0d6561f5acd4f8968a72e15af826e22b730266a2a7f080ba
REQ-000859,2026-06-05T13:04:00Z,cross_jurisdiction_sensitive,OFF-0019,43619f9291295cde078ede73,Cybercrime Officer,4,CYBERCRIME,STATE_02_DIST_01_PS_02,STATE_02_DIST_01,STATE_02,HIGH,ACTIVE,NOT_ASSIGNED,REC-000135,7e82733a9c2ca4554a885f81,CASE-00281,NARCOTICS,EVIDENCE_MEDIA,STATE_01_DIST_02_PS_01,STATE_01_DIST_02,STATE_01,POLICE,HIGH,false,false,false,true,SEALED,ACTIVE,false,false,false,true,FORENSIC_REVIEW,VIEW,false,false,PRESENT_VALID,BUSINESS_HOURS,ONLINE,MANUAL_ESCALATION,P-2026-05-STEP1,false,true,fad7417449da5f90e7f3df3532835779db4ddda97898735286f58e4b33e732e2
REQ-000860,2026-05-29T23:40:00Z,normal_in_jurisdiction,OFF-0230,f59f4c244c14d1c05b3b5fef,Inspector,4,POLICE,STATE_02_DIST_04_PS_01,STATE_02_DIST_04,STATE_02,MEDIUM,ACTIVE,ASSIGNED,REC-000812,7b291ea97b660dc95e52b341,CASE-00088,JUVENILE_PROTECTION,COURT_SUBMISSION,STATE_02_DIST_04_PS_01,STATE_02_DIST_04,STATE_02,POLICE,MEDIUM,false,false,true,false,OPEN,ACTIVE,true,true,true,false,INVESTIGATION,VIEW,false,false,NOT_REQUIRED,BUSINESS_HOURS,ONLINE,ICJS_STYLE_EXCHANGE,P-2026-05-STEP1,false,true,09ca2765fdf3e768e79b7085d840077eb37db1c0e15ba04ba7e3918f4edd5851
REQ-000861,2026-06-06T03:57:00Z,emergency_override,OFF-0161,1086c897162d91ce96d22b8e,Forensic Officer,4,FORENSIC,STATE_01_DIST_03_PS_01,STATE_01_DIST_03,STATE_01,HIGH,ACTIVE,NOT_ASSIGNED,REC-000858,10ab373cd6bb33aba4e71b3e,CASE-00060,MISSING_PERSON,JUVENILE_RECORD,STATE_03_DIST_03_PS_02,STATE_03_DIST_03,STATE_03,POLICE,CLASSIFIED,false,false,true,false,OPEN,ACTIVE,false,false,false,true,EMERGENCY_RESPONSE,VIEW,true,false,MISSING,NIGHT,ONLINE,CCTNS_STYLE_API,P-2026-05-STEP1,false,true,c3419f417757daaa744b15787f49d8011838f0c1bdca80526d21702133cf9737
REQ-000862,2026-06-02T14:02:00Z,stale_case_assignment,OFF-0108,f250eda449687032c1f3ce21,Head Constable,2,POLICE,STATE_03_DIST_02_PS_03,STATE_03_DIST_02,STATE_03,LOW,ACTIVE,STALE,REC-000883,b011cf5ae48f4ee0fa784772,CASE-00342,NARCOTICS,WITNESS_STATEMENT,STATE_02_DIST_02_PS_03,STATE_02_DIST_02,STATE_02,POLICE,HIGH,false,true,false,false,OPEN,ACTIVE,false,false,false,true,INVESTIGATION,VIEW,false,false,MISSING,NIGHT,ONLINE,MANUAL_ESCALATION,P-2026-05-STEP1,false,true,eaa9d38a3ac3c916ffe9281cd1bb0d221901883d15ffa49a724397bdf751b554
REQ-000863,2026-06-02T14:13:00Z,normal_in_jurisdiction,OFF-0005,0c324b29f9a967adb599bde0,Sub-Inspector,3,POLICE,STATE_01_DIST_02_PS_03,STATE_01_DIST_02,STATE_01,MEDIUM,ACTIVE,ASSIGNED,REC-000093,215ab041d7ba027eff82f6d6,CASE-00330,FINANCIAL_CRIME,COURT_SUBMISSION,STATE_01_DIST_02_PS_03,STATE_01_DIST_02,STATE_01,POLICE,MEDIUM,false,false,false,false,OPEN,ACTIVE,true,true,true,false,INVESTIGATION,VIEW,false,false,NOT_REQUIRED,BUSINESS_HOURS,ONLINE,ICJS_STYLE_EXCHANGE,P-2026-05-STEP1,false,true,b2efbd89711480b91137381fdcfe82e3fab379c90d46076495bc97364bed8ef4
REQ-000864,2026-06-03T19:12:00Z,normal_in_jurisdiction,OFF-0012,1e6c5e762b98d4b3d94fa258,Station House Officer,5,POLICE,STATE_01_DIST_03_PS_03,STATE_01_DIST_03,STATE_01,HIGH,ACTIVE,ASSIGNED,REC-000290,17ebb06a599dae60d15c8174,CASE-00120,VIOLENT_CRIME,FIR_SUMMARY,STATE_01_DIST_03_PS_03,STATE_01_DIST_03,STATE_01,POLICE,LOW,false,false,false,false,OPEN,ACTIVE,true,true,true,false,INVESTIGATION,VIEW,false,false,NOT_REQUIRED,BUSINESS_HOURS,ONLINE,CCTNS_STYLE_API,P-2026-05-STEP1,false,true,467cb5453b892f8145227d6a82b510a8b985b4b7e35c96e260629e33784b4803
REQ-000865,2026-05-31T19:20:00Z,random_context,OFF-0065,6d335433b612a148a4921389,Constable,1,POLICE,STATE_03_DIST_02_PS_02,STATE_03_DIST_02,STATE_03,LOW,REVOKED,NOT_ASSIGNED,REC-000622,ca90f42fb360620381782a1e,CASE-00213,VIOLENT_CRIME,FIR_SUMMARY,STATE_02_DIST_01_PS_01,STATE_02_DIST_01,STATE_02,POLICE,LOW,false,false,false,false,OPEN,ARCHIVED,false,false,false,true,AUDIT,VIEW,false,false,NOT_REQUIRED,BUSINESS_HOURS,DEGRADED,MANUAL_ESCALATION,P-2026-05-STEP1,false,true,d149b8493ed35343a85af3fe23565c2f447d2c6c568faa41ecc1cabe3717bcac
REQ-000866,2026-06-02T00:20:00Z,sealed_record,OFF-0049,e48c526210cf797e3886d5ef,Cybercrime Officer,4,CYBERCRIME,STATE_03_DIST_02_PS_01,STATE_03_DIST_02,STATE_03,HIGH,ACTIVE,NOT_ASSIGNED,REC-000582,8bda4bef783bd0a2841c41de,CASE-00086,VIOLENT_CRIME,FIR_SUMMARY,STATE_03_DIST_02_PS_02,STATE_03_DIST_02,STATE_03,POLICE,HIGH,false,false,false,false,SEALED,ACTIVE,false,true,true,false,INVESTIGATION,VIEW,false,false,MISSING,BUSINESS_HOURS,ONLINE,MANUAL_ESCALATION,P-2026-05-STEP1,false,true,f1c4747c1b686e14480be256d200f4c8aa349a087e14e8c31147fba3ee2b3116
REQ-000867,2026-05-31T19:36:00Z,stale_case_assignment,OFF-0015,69527641f80b28a01bb229b7,Inspector,4,POLICE,STATE_01_DIST_04_PS_03,STATE_01_DIST_04,STATE_01,MEDIUM,ACTIVE,STALE,REC-000401,ee0077472217a89dfddd7b51,CASE-00161,GENERAL_THEFT,FIR_SUMMARY,STATE_02_DIST_02_PS_02,STATE_02_DIST_02,STATE_02,POLICE,MEDIUM,false,false,false,false,OPEN,ACTIVE,false,false,false,true,INVESTIGATION,VIEW,false,false,MISSING,BUSINESS_HOURS,ONLINE,CCTNS_STYLE_API,P-2026-05-STEP1,false,true,bbced563c5fe1b26f0f35d0ac6069e51edb975f6087c22cbb8dda338f5b9d7b0
REQ-000868,2026-06-02T15:08:00Z,random_context,OFF-0110,7ea4c7cce178f9ad9715431c,Head Constable,2,POLICE,STATE_01_DIST_03_PS_03,STATE_01_DIST_03,STATE_01,LOW,ACTIVE,NOT_ASSIGNED,REC-000701,04b9c295d5e6537d26e8bfc9,CASE-00085,GENERAL_THEFT,COURT_SUBMISSION,STATE_02_DIST_02_PS_01,STATE_02_DIST_02,STATE_02,POLICE,MEDIUM,false,false,false,false,OPEN,ARCHIVED,false,false,false,true,AUDIT,UPDATE,false,false,NOT_REQUIRED,BUSINESS_HOURS,ONLINE,MANUAL_ESCALATION,P-2026-05-STEP1,false,true,f2f12a200a7b2a3379a818864c5efe38161b4977c3ce3a95c91b4dbdbc5bf9fc
REQ-000869,2026-06-05T01:15:00Z,normal_in_jurisdiction,OFF-0155,750741a21ba1ad37a768df1b,Inspector,4,POLICE,STATE_02_DIST_02_PS_01,STATE_02_DIST_02,STATE_02,MEDIUM,ACTIVE,ASSIGNED,REC-000132,3c448fe6bc8192a79adae014,CASE-00303,CYBER_FRAUD,FIR_SUMMARY,STATE_02_DIST_02_PS_01,STATE_02_DIST_02,STATE_02,POLICE,MEDIUM,false,false,false,false,SEALED,ACTIVE,true,true,true,false,INVESTIGATION,VIEW,false,false,NOT_REQUIRED,BUSINESS_HOURS,ONLINE,CCTNS_STYLE_API,P-2026-05-STEP1,false,true,94d9339631457895ca66d4b0e8f9c424fe9455edad207b2092d513f0011d8b35
REQ-000870,2026-06-02T15:30:00Z,cross_jurisdiction_sensitive,OFF-0194,ade36a17fa7aeeef7c2513ee,Station House Officer,5,POLICE,STATE_01_DIST_02_PS_01,STATE_01_DIST_02,STATE_01,HIGH,ACTIVE,NOT_ASSIGNED,REC-000864,a9cbee3038e84f297bca5de4,CASE-00298,NARCOTICS,FORENSIC_REPORT,STATE_03_DIST_01_PS_03,STATE_03_DIST_01,STATE_03,POLICE,HIGH,false,false,false,false,OPEN,ARCHIVED,false,false,false,true,FORENSIC_REVIEW,DOWNLOAD,false,false,PRESENT_VALID,BUSINESS_HOURS,ONLINE,CCTNS_STYLE_API,P-2026-05-STEP1,false,true,839d9185309762f9d7af27be6c9dbc11b8ae1788926012e27a2c2ac02f6425fe
REQ-000871,2026-06-02T01:10:00Z,court_request,OFF-0073,7e2b88d260bb5ef29585a94e,Station House Officer,5,POLICE,STATE_01_DIST_03_PS_02,STATE_01_DIST_03,STATE_01,HIGH,ACTIVE,NOT_ASSIGNED,REC-000603,7d6809442b1af0c7365e116d,CASE-00317,GENERAL_THEFT,CYBERCRIME_COMPLAINT,STATE_03_DIST_03_PS_02,STATE_03_DIST_03,STATE_03,POLICE,MEDIUM,false,false,false,false,OPEN,ACTIVE,false,false,false,true,PROSECUTION_REVIEW,VIEW,false,true,PRESENT_VALID,AFTER_HOURS,ONLINE,CCTNS_STYLE_API,P-2026-05-STEP1,false,true,c3c91142eb781e4a284f23681e899418ffffa9bcc55bfdb25669e99819dc3a9b
REQ-000872,2026-06-01T10:48:00Z,sealed_record,OFF-0231,b91bac32e23ee5afdb826394,Cybercrime Officer,4,CYBERCRIME,STATE_01_DIST_04_PS_03,STATE_01_DIST_04,STATE_01,HIGH,ACTIVE,NOT_ASSIGNED,REC-000046,39d3051b583edb8f08d3ac66,CASE-00236,NARCOTICS,CASE_DIARY,STATE_01_DIST_01_PS_02,STATE_01_DIST_01,STATE_01,POLICE,HIGH,false,false,false,false,SEALED,ACTIVE,false,false,true,true,COURT_PRODUCTION,DOWNLOAD,false,true,PRESENT_VALID,NIGHT,DEGRADED,CCTNS_STYLE_API,P-2026-05-STEP1,false,true,a941f8a96d3cc54561b3edb0f68cb6c82f715de326c3bcb8ada292940e333f2f
REQ-000873,2026-06-05T02:15:00Z,random_context,OFF-0234,a7db164c4af844793a01db35,Cybercrime Officer,4,CYBERCRIME,STATE_01_DIST_04_PS_02,STATE_01_DIST_04,STATE_01,HIGH,ACTIVE,NOT_ASSIGNED,REC-000855,2ddaa1320a373931336701cf,CASE-00086,VIOLENT_CRIME,FORENSIC_REPORT,STATE_03_DIST_02_PS_02,STATE_03_DIST_02,STATE_03,POLICE,CLASSIFIED,false,false,false,false,OPEN,UNDER_REVIEW,false,false,false,true,SUPERVISION,VIEW,false,false,PRESENT_VALID,BUSINESS_HOURS,ONLINE,CCTNS_STYLE_API,P-2026-05-STEP1,false,true,ee70dd0bc2c9fb6e780c9c8c56e9f15cc7c07048c52e09179add66812c2b514b
REQ-000874,2026-05-31T05:58:00Z,random_context,OFF-0014,86b6682cd665b74e9695ec29,Head Constable,2,POLICE,STATE_03_DIST_04_PS_03,STATE_03_DIST_04,STATE_03,LOW,ACTIVE,NOT_ASSIGNED,REC-000380,a294966bbab71d6e812d21a5,CASE-00056,CYBER_FRAUD,FIR_SUMMARY,STATE_02_DIST_02_PS_01,STATE_02_DIST_02,STATE_02,POLICE,CLASSIFIED,false,false,false,false,OPEN,ACTIVE,false,false,false,true,SUPERVISION,VIEW,false,false,MISSING,AFTER_HOURS,ONLINE,ICJS_STYLE_EXCHANGE,P-2026-05-STEP1,false,true,47f35247f08eac0d81fd6663b89bb5356d3e1afb70beb54127409e4d7811b4da
REQ-000875,2026-06-04T12:10:00Z,revoked_credential,OFF-0098,a2651cd5c21b20cc4d4edc22,Head Constable,2,POLICE,STATE_03_DIST_01_PS_01,STATE_03_DIST_01,STATE_03,LOW,REVOKED,NOT_ASSIGNED,REC-000385,bc645ca847686d31b766673d,CASE-00037,VIOLENT_CRIME,EVIDENCE_MEDIA,STATE_02_DIST_03_PS_03,STATE_02_DIST_03,STATE_02,POLICE,HIGH,false,false,false,true,OPEN,ACTIVE,false,false,false,true,AUDIT,VIEW,false,false,MISSING,BUSINESS_HOURS,ONLINE,CCTNS_STYLE_API,P-2026-05-STEP1,false,true,d56b9b40ec34132e25cd082e5e8162c682345a7292afc1c8457ed9cc9b42f6b7
REQ-000876,2026-06-04T12:24:00Z,random_context,OFF-0157,3dd77930332ffbb4fb60fb78,Cybercrime Officer,4,CYBERCRIME,STATE_03_DIST_02_PS_01,STATE_03_DIST_02,STATE_03,HIGH,ACTIVE,NOT_ASSIGNED,REC-000440,97b25092037eea00eafba145,CASE-00071,CYBER_FRAUD,WITNESS_STATEMENT,STATE_03_DIST_03_PS_02,STATE_03_DIST_03,STATE_03,POLICE,HIGH,false,true,false,false,OPEN,ARCHIVED,false,false,true,true,PROSECUTION_REVIEW,DOWNLOAD,false,false,NOT_REQUIRED,AFTER_HOURS,DEGRADED,ICJS_STYLE_EXCHANGE,P-2026-05-STEP1,false,true,be075eb9a8dcdc573652caf04748bed864caeffeef32bd8bc5fa447f793e1bba
REQ-000877,2026-05-31T20:56:00Z,stale_case_assignment,OFF-0146,59518bd254aa8c0d0b7a139c,Sub-Inspector,3,POLICE,STATE_02_DIST_03_PS_03,STATE_02_DIST_03,STATE_02,MEDIUM,ACTIVE,STALE,REC-000378,e41a741ff1db4f243478c8f1,CASE-00339,FINANCIAL_CRIME,EVIDENCE_MEDIA,STATE_02_DIST_03_PS_01,STATE_02_DIST_03,STATE_02,POLICE,HIGH,false,false,false,true,OPEN,ACTIVE,false,true,true,false,INVESTIGATION,VIEW,false,false,MISSING,NIGHT,ONLINE,CCTNS_STYLE_API,P-2026-05-STEP1,false,true,b6d14af0f16d073e83478b042c1921b1734fd51ec189f47dc48b6a18ad3c3373
REQ-000878,2026-05-28T19:54:00Z,normal_in_jurisdiction,OFF-0048,871e4c8cc36e0fafb27ef560,Prosecutor Liaison,4,PROSECUTION,STATE_01_DIST_03_PS_03,STATE_01_DIST_03,STATE_01,MEDIUM,ACTIVE,ASSIGNED,REC-000115,233ab22bf4c19087bd09c1f9,CASE-00120,VIOLENT_CRIME,CYBERCRIME_COMPLAINT,STATE_01_DIST_03_PS_03,STATE_01_DIST_03,STATE_01,POLICE,MEDIUM,false,false,false,false,OPEN,ACTIVE,true,true,true,false,INVESTIGATION,VIEW,false,false,NOT_REQUIRED,BUSINESS_HOURS,ONLINE,CCTNS_STYLE_API,P-2026-05-STEP1,false,true,759c6a76a794e877c621c3feccba4930c09705a1ebed9271afa7924bdca61052
REQ-000879,2026-05-31T21:12:00Z,expired_approval_token,OFF-0074,0cef9a18606529b664cb0b3f,Cybercrime Officer,4,CYBERCRIME,STATE_03_DIST_02_PS_01,STATE_03_DIST_02,STATE_03,HIGH,ACTIVE,NOT_ASSIGNED,REC-000782,804f341ba0075b398eb34543,CASE-00153,WOMEN_CHILD_SAFETY,WITNESS_STATEMENT,STATE_03_DIST_04_PS_01,STATE_03_DIST_04,STATE_03,POLICE,HIGH,true,true,false,false,OPEN,UNDER_REVIEW,false,false,true,true,PROSECUTION_REVIEW,VIEW,false,false,EXPIRED,BUSINESS_HOURS,ONLINE,MANUAL_ESCALATION,P-2026-05-STEP1,false,true,34d109c42369962aa76367f5507e4ab44eded6d77ea7a7a38c0a31518c140e57
REQ-000880,2026-05-29T10:40:00Z,normal_in_jurisdiction,OFF-0099,058b6ca906f6f017cad2b2fa,Prosecutor Liaison,4,PROSECUTION,STATE_01_DIST_03_PS_01,STATE_01_DIST_03,STATE_01,MEDIUM,ACTIVE,ASSIGNED,REC-000166,b4c023d7b119f20e5d0e1666,CASE-00007,NARCOTICS,COURT_SUBMISSION,STATE_01_DIST_03_PS_01,STATE_01_DIST_03,STATE_01,POLICE,MEDIUM,false,false,false,false,OPEN,UNDER_REVIEW,true,true,true,false,INVESTIGATION,VIEW,false,false,NOT_REQUIRED,BUSINESS_HOURS,ONLINE,CCTNS_STYLE_API,P-2026-05-STEP1,false,true,00c3575637d8e951293da81645cc75396b8bfebfe303fec1c03a5c8fde9007ac
REQ-000881,2026-06-04T13:34:00Z,stale_case_assignment,OFF-0112,c424bf9aa5cd573d3066b2f0,Sub-Inspector,3,POLICE,STATE_02_DIST_02_PS_02,STATE_02_DIST_02,STATE_02,MEDIUM,ACTIVE,STALE,REC-000827,3fe5f563961efc8bcecb0585,CASE-00190,CYBER_FRAUD,EVIDENCE_MEDIA,STATE_02_DIST_02_PS_01,STATE_02_DIST_02,STATE_02,POLICE,HIGH,false,false,false,true,OPEN,ARCHIVED,false,true,true,false,INVESTIGATION,DOWNLOAD,false,false,MISSING,BUSINESS_HOURS,ONLINE,MANUAL_ESCALATION,P-2026-05-STEP1,false,true,c68705311d228ad4423e5ad62e8a7992da729a305ee953315431decbeec530d4
REQ-000882,2026-05-30T16:12:00Z,normal_in_jurisdiction,OFF-0109,71ae00fed2507668078d658b,Inspector,4,POLICE,STATE_01_DIST_02_PS_01,STATE_01_DIST_02,STATE_01,MEDIUM,ACTIVE,ASSIGNED,REC-000436,9222c0ba833f5a7c57f8a24c,CASE-00225,CYBER_FRAUD,CYBERCRIME_COMPLAINT,STATE_01_DIST_02_PS_01,STATE_01_DIST_02,STATE_01,POLICE,MEDIUM,false,false,false,false,SEALED,ACTIVE,true,true,true,false,INVESTIGATION,VIEW,false,false,NOT_REQUIRED,BUSINESS_HOURS,ONLINE,CCTNS_STYLE_API,P-2026-05-STEP1,false,true,9b55b8eb8e761ed8cdb89655294740b8e737ec40ccaa49a0eaa65d34bb29f9f2
REQ-000883,2026-06-05T19:28:00Z,random_context,OFF-0068,fe7f0fee4990978ba985ec2d,Sub-Inspector,3,POLICE,STATE_01_DIST_01_PS_01,STATE_01_DIST_01,STATE_01,MEDIUM,ACTIVE,NOT_ASSIGNED,REC-000023,f9eb939b20b9072971ac4027,CASE-00176,VIOLENT_CRIME,WITNESS_STATEMENT,STATE_02_DIST_02_PS_01,STATE_02_DIST_02,STATE_02,POLICE,HIGH,false,true,false,false,OPEN,ACTIVE,false,false,false,true,FORENSIC_REVIEW,SHARE,false,false,PRESENT_VALID,AFTER_HOURS,ONLINE,MANUAL_ESCALATION,P-2026-05-STEP1,false,true,0c99788bbf900add94dc0fc837e7734e44478a678984d69ba71a11b8d7b00051
REQ-000884,2026-05-29T10:56:00Z,normal_in_jurisdiction,OFF-0100,071c750c420d0b5f044d6ae7,Sub-Inspector,3,POLICE,STATE_02_DIST_02_PS_03,STATE_02_DIST_02,STATE_02,MEDIUM,ACTIVE,ASSIGNED,REC-000585,8a6b763636cb267428784251,CASE-00008,WOMEN_CHILD_SAFETY,FIR_SUMMARY,STATE_02_DIST_02_PS_03,STATE_02_DIST_02,STATE_02,POLICE,MEDIUM,true,false,false,false,OPEN,ARCHIVED,true,true,true,false,INVESTIGATION,VIEW,false,false,NOT_REQUIRED,BUSINESS_HOURS,ONLINE,MANUAL_ESCALATION,P-2026-05-STEP1,false,true,5950b93a794b943312f26f1861d22365f05bcb08b992f7cf25d1609319ee7fa8
REQ-000885,2026-06-04T14:30:00Z,expired_approval_token,OFF-0183,95ff51d542090c1b60accce5,Inspector,4,POLICE,STATE_03_DIST_02_PS_02,STATE_03_DIST_02,STATE_03,MEDIUM,ACTIVE,NOT_ASSIGNED,REC-000049,0151519fbad7b5e83baba9a4,CASE-00172,MISSING_PERSON,VICTIM_RECORD,STATE_01_DIST_01_PS_02,STATE_01_DIST_01,STATE_01,POLICE,HIGH,true,false,false,false,OPEN,ACTIVE,false,false,false,true,FORENSIC_REVIEW,VIEW,false,false,EXPIRED,AFTER_HOURS,ONLINE,MANUAL_ESCALATION,P-2026-05-STEP1,false,true,7d53e4b0d19f8eefa440208d7b8992b1fe10e25622abf3f98ad35001b714ddf4
REQ-000886,2026-05-28T20:18:00Z,normal_in_jurisdiction,OFF-0153,bbef3f90be1083101e51c0b0,Sub-Inspector,3,POLICE,STATE_01_DIST_04_PS_03,STATE_01_DIST_04,STATE_01,MEDIUM,ACTIVE,ASSIGNED,REC-000448,03448ee43768bdde0a74294f,CASE-00325,NARCOTICS,FIR_SUMMARY,STATE_01_DIST_04_PS_03,STATE_01_DIST_04,STATE_01,POLICE,MEDIUM,false,false,false,false,OPEN,ACTIVE,true,true,true,false,INVESTIGATION,VIEW,false,false,NOT_REQUIRED,BUSINESS_HOURS,ONLINE,ICJS_STYLE_EXCHANGE,P-2026-05-STEP1,false,true,6221e5cdfb42115073c6df32e59de026a09dc32cfa38b91843bce594ce59f4f8
REQ-000887,2026-05-28T05:34:00Z,normal_in_jurisdiction,OFF-0021,d58ac64e32ce6bc751285238,Head Constable,2,POLICE,STATE_03_DIST_03_PS_03,STATE_03_DIST_03,STATE_03,LOW,ACTIVE,NOT_ASSIGNED,REC-000498,052bb27e46c08261ae984b1a,CASE-00121,VIOLENT_CRIME,CASE_DIARY,STATE_03_DIST_03_PS_01,STATE_03_DIST_03,STATE_03,POLICE,HIGH,false,false,false,false,OPEN,ACTIVE,false,true,true,false,INVESTIGATION,VIEW,false,false,NOT_REQUIRED,BUSINESS_HOURS,ONLINE,CCTNS_STYLE_API,P-2026-05-STEP1,false,true,6b448ba60a4ef7ead05a43279dc1efad0affccb5e5a8c60d128bcdc239e733c7
REQ-000888,2026-05-29T11:12:00Z,normal_in_jurisdiction,OFF-0179,74d33cea72e21de2b8f5e545,Sub-Inspector,3,POLICE,STATE_02_DIST_03_PS_01,STATE_02_DIST_03,STATE_02,MEDIUM,ACTIVE,ASSIGNED,REC-000724,a6e23e6abf3d2acbd2b24e0b,CASE-00319,VIOLENT_CRIME,WITNESS_STATEMENT,STATE_02_DIST_03_PS_01,STATE_02_DIST_03,STATE_02,POLICE,MEDIUM,false,true,false,false,OPEN,ACTIVE,true,true,true,false,INVESTIGATION,VIEW,false,false,NOT_REQUIRED,NIGHT,ONLINE,CCTNS_STYLE_API,P-2026-05-STEP1,false,true,1618b0d6b09ce2c633827dd34a579aa1b77e46ccdb950448dce57df71e739c1a
REQ-000889,2026-05-30T16:54:00Z,juvenile_sensitive,OFF-0167,a2884bcebf8616c20bdb4688,Head Constable,2,POLICE,STATE_03_DIST_03_PS_01,STATE_03_DIST_03,STATE_03,LOW,ACTIVE,NOT_ASSIGNED,REC-000758,03db1b138a3912e8b9ba6c90,CASE-00301,JUVENILE_PROTECTION,EVIDENCE_MEDIA,STATE_01_DIST_02_PS_02,STATE_01_DIST_02,STATE_01,POLICE,CLASSIFIED,false,false,true,true,OPEN,ACTIVE,false,false,false,true,INVESTIGATION,VIEW,false,false,MISSING,BUSINESS_HOURS,STATION_NODE_DOWN,MANUAL_ESCALATION,P-2026-05-STEP1,false,true,424a1b2f2c1ae7511dd575f29a8045ed9f3a86c9fe6a0b94eba1114141a34dee
REQ-000890,2026-05-31T07:50:00Z,stale_case_assignment,OFF-0187,dea3496d0907b239fdcdd5a2,Head Constable,2,POLICE,STATE_03_DIST_04_PS_02,STATE_03_DIST_04,STATE_03,LOW,ACTIVE,STALE,REC-000527,792f09352a2c672d41256513,CASE-00350,MISSING_PERSON,VICTIM_RECORD,STATE_02_DIST_02_PS_02,STATE_02_DIST_02,STATE_02,POLICE,CLASSIFIED,true,false,false,false,OPEN,UNDER_REVIEW,false,false,false,true,INVESTIGATION,VIEW,false,false,MISSING,BUSINESS_HOURS,ONLINE,MANUAL_ESCALATION,P-2026-05-STEP1,false,true,354d7116c39a9c8c797e6efe14caaa3fe5c80f7e4d9c4db58a73200b3cf0f252
REQ-000891,2026-06-04T01:03:00Z,random_context,OFF-0044,e35d3d5ab37a57023a757cf4,Station House Officer,5,POLICE,STATE_01_DIST_04_PS_03,STATE_01_DIST_04,STATE_01,HIGH,ACTIVE,NOT_ASSIGNED,REC-000102,198325ea87b957803b3bf480,CASE-00203,MISSING_PERSON,VICTIM_RECORD,STATE_03_DIST_04_PS_01,STATE_03_DIST_04,STATE_03,POLICE,HIGH,true,false,false,false,OPEN,ACTIVE,false,false,false,true,COURT_PRODUCTION,VIEW,false,false,PRESENT_VALID,NIGHT,ONLINE,ICJS_STYLE_EXCHANGE,P-2026-05-STEP1,false,true,c51b1a8931b7a491152e5534fbb7a5c60ede1125234c91c98270e5495cadd884
REQ-000892,2026-06-02T04:40:00Z,cross_jurisdiction_sensitive,OFF-0170,46b29e30bec752302a2d886e,Sub-Inspector,3,POLICE,STATE_03_DIST_04_PS_02,STATE_03_DIST_04,STATE_03,MEDIUM,ACTIVE,NOT_ASSIGNED,REC-000301,19c48d877feab54f0ec30141,CASE-00129,VIOLENT_CRIME,CASE_DIARY,STATE_02_DIST_03_PS_02,STATE_02_DIST_03,STATE_02,POLICE,HIGH,false,false,false,false,OPEN,ACTIVE,false,false,false,true,SUPERVISION,SHARE,false,false,PRESENT_VALID,NIGHT,ONLINE,MANUAL_ESCALATION,P-2026-05-STEP1,false,true,8d1ab690b60d33242b07ab8a06a7167b842f8814294f69221fcae68a717f8fdf
REQ-000893,2026-05-29T11:32:00Z,revoked_credential,OFF-0160,5ce4d64c20eb4b8a7537a1f7,Inspector,4,POLICE,STATE_03_DIST_02_PS_03,STATE_03_DIST_02,STATE_03,MEDIUM,REVOKED,NOT_ASSIGNED,REC-000641,a46caf174bd38632a4dabfb2,CASE-00025,MISSING_PERSON,COURT_SUBMISSION,STATE_01_DIST_03_PS_02,STATE_01_DIST_03,STATE_01,POLICE,HIGH,false,false,false,false,OPEN,ACTIVE,false,false,false,true,AUDIT,DOWNLOAD,false,false,MISSING,BUSINESS_HOURS,ONLINE,MANUAL_ESCALATION,P-2026-05-STEP1,false,true,49415b457fdd5d707f85e8f9f7dd1083a63c78d64178d234f8c3eaf5eac63bf7
REQ-000894,2026-06-02T19:54:00Z,sealed_record,OFF-0012,1e6c5e762b98d4b3d94fa258,Station House Officer,5,POLICE,STATE_01_DIST_03_PS_03,STATE_01_DIST_03,STATE_01,HIGH,ACTIVE,NOT_ASSIGNED,REC-000439,8f79339c7d2dbf517d8d6680,CASE-00071,CYBER_FRAUD,WITNESS_STATEMENT,STATE_03_DIST_03_PS_02,STATE_03_DIST_03,STATE_03,POLICE,HIGH,false,true,false,false,SEALED,ACTIVE,false,false,false,true,COURT_PRODUCTION,DOWNLOAD,false,true,PRESENT_VALID,BUSINESS_HOURS,ONLINE,ICJS_STYLE_EXCHANGE,P-2026-05-STEP1,false,true,81ddf594ae97a4565923d4fb7770250862e4e4d5511133fda5b847089db9f27c
REQ-000895,2026-05-30T17:30:00Z,stale_case_assignment,OFF-0073,7e2b88d260bb5ef29585a94e,Station House Officer,5,POLICE,STATE_01_DIST_03_PS_02,STATE_01_DIST_03,STATE_01,HIGH,ACTIVE,STALE,REC-000342,70fff4617104a1f3b3122c7c,CASE-00346,MISSING_PERSON,CASE_DIARY,STATE_02_DIST_04_PS_03,STATE_02_DIST_04,STATE_02,POLICE,CLASSIFIED,false,false,false,false,OPEN,ACTIVE,false,false,false,true,INVESTIGATION,VIEW,false,false,MISSING,BUSINESS_HOURS,ONLINE,ICJS_STYLE_EXCHANGE,P-2026-05-STEP1,false,true,2f7d16ba4b4ea5af3d00c01a0d033b9ce8a9473e92ae579259f41ec1d3130d5c
REQ-000896,2026-05-31T23:28:00Z,juvenile_sensitive,OFF-0191,f920410d24c1d513e4b5b45f,Inspector,4,POLICE,STATE_02_DIST_01_PS_01,STATE_02_DIST_01,STATE_02,MEDIUM,ACTIVE,NOT_ASSIGNED,REC-000065,7c302dc01cfc5b0cb0defb8f,CASE-00340,WOMEN_CHILD_SAFETY,JUVENILE_RECORD,STATE_02_DIST_03_PS_02,STATE_02_DIST_03,STATE_02,POLICE,CLASSIFIED,true,false,true,false,OPEN,ACTIVE,false,false,true,true,SUPERVISION,VIEW,false,false,PRESENT_VALID,NIGHT,ONLINE,MANUAL_ESCALATION,P-2026-05-STEP1,false,true,662f97ee5ba652dbdb7708da857c2d1571c314d7f17cd96b2f8500fb90c7f8bf
REQ-000897,2026-05-29T11:48:00Z,random_context,OFF-0162,ec1ea596f81353f2d9f85816,Forensic Officer,4,FORENSIC,STATE_02_DIST_02_PS_01,STATE_02_DIST_02,STATE_02,HIGH,ACTIVE,NOT_ASSIGNED,REC-000539,51b0d84c84cb0038b769a6fd,CASE-00068,FINANCIAL_CRIME,CYBERCRIME_COMPLAINT,STATE_03_DIST_02_PS_01,STATE_03_DIST_02,STATE_03,POLICE,HIGH,false,false,false,false,OPEN,ACTIVE,false,false,false,true,TRAINING,VIEW,false,false,NOT_REQUIRED,BUSINESS_HOURS,ONLINE,ICJS_STYLE_EXCHANGE,P-2026-05-STEP1,false,true,3359c2d823681e8635d59e6d21dc221d3881f1dd11e16c989abad1b1866cd946
REQ-000898,2026-05-31T23:44:00Z,juvenile_sensitive,OFF-0012,1e6c5e762b98d4b3d94fa258,Station House Officer,5,POLICE,STATE_01_DIST_03_PS_03,STATE_01_DIST_03,STATE_01,HIGH,ACTIVE,NOT_ASSIGNED,REC-000848,954f1d5e0ce6e0787f569931,CASE-00168,JUVENILE_PROTECTION,CASE_DIARY,STATE_01_DIST_04_PS_02,STATE_01_DIST_04,STATE_01,POLICE,HIGH,false,false,true,false,OPEN,ACTIVE,false,false,true,true,SUPERVISION,VIEW,false,false,PRESENT_VALID,AFTER_HOURS,ONLINE,MANUAL_ESCALATION,P-2026-05-STEP1,false,true,f0e7795b0b376cef75d748a46f4a13df106b687f81d6451514f09e74ef4d77bc
REQ-000899,2026-06-01T14:51:00Z,stale_case_assignment,OFF-0030,02df4864bc93f0037e94de95,Sub-Inspector,3,POLICE,STATE_01_DIST_02_PS_01,STATE_01_DIST_02,STATE_01,MEDIUM,ACTIVE,STALE,REC-000383,2bb01093000cff150787fcc9,CASE-00126,JUVENILE_PROTECTION,FORENSIC_REPORT,STATE_01_DIST_02_PS_02,STATE_01_DIST_02,STATE_01,POLICE,HIGH,false,false,true,false,OPEN,ACTIVE,false,true,true,false,INVESTIGATION,VIEW,false,false,MISSING,BUSINESS_HOURS,ONLINE,CCTNS_STYLE_API,P-2026-05-STEP1,false,true,d8429a53fe4572fc2b8f884a41ae225885c887952160fd073fa7ebc8d72911c8
REQ-000900,2026-05-28T21:00:00Z,stale_case_assignment,OFF-0110,7ea4c7cce178f9ad9715431c,Head Constable,2,POLICE,STATE_01_DIST_03_PS_03,STATE_01_DIST_03,STATE_01,LOW,ACTIVE,STALE,REC-000828,5a1033bd9e2acc6a1296cf3e,CASE-00328,WOMEN_CHILD_SAFETY,CYBERCRIME_COMPLAINT,STATE_03_DIST_02_PS_02,STATE_03_DIST_02,STATE_03,POLICE,HIGH,true,false,false,false,SEALED,UNDER_REVIEW,false,false,false,true,INVESTIGATION,APPROVE,false,false,MISSING,BUSINESS_HOURS,ONLINE,ICJS_STYLE_EXCHANGE,P-2026-05-STEP1,false,true,768956638339751119f6abee976e3f7ee483484c9e7f18aa091fd17a9778bb23
REQ-000901,2026-06-01T00:08:00Z,emergency_override,OFF-0185,30e751c660922e5216d51c20,Inspector,4,POLICE,STATE_01_DIST_02_PS_02,STATE_01_DIST_02,STATE_01,MEDIUM,ACTIVE,NOT_ASSIGNED,REC-000838,008cb02f48fda282db462c68,CASE-00062,CYBER_FRAUD,JUVENILE_RECORD,STATE_03_DIST_02_PS_02,STATE_03_DIST_02,STATE_03,POLICE,CLASSIFIED,false,false,true,false,OPEN,ACTIVE,false,false,false,true,EMERGENCY_RESPONSE,VIEW,true,false,MISSING,BUSINESS_HOURS,ONLINE,CCTNS_STYLE_API,P-2026-05-STEP1,false,true,c6875f2097f6dab379682f36fff9cf963b850ee00daad38f543a59e576133a66
REQ-000902,2026-06-02T21:22:00Z,court_request,OFF-0084,71f10fb896bfac44fed3436e,Head Constable,2,POLICE,STATE_03_DIST_03_PS_03,STATE_03_DIST_03,STATE_03,LOW,ACTIVE,NOT_ASSIGNED,REC-000087,f1308389961d2199aaa8898b,CASE-00054,FINANCIAL_CRIME,FORENSIC_REPORT,STATE_01_DIST_04_PS_03,STATE_01_DIST_04,STATE_01,POLICE,HIGH,false,false,false,false,OPEN,ACTIVE,false,false,false,true,COURT_PRODUCTION,VIEW,false,true,PRESENT_VALID,NIGHT,ONLINE,MANUAL_ESCALATION,P-2026-05-STEP1,false,true,a019c89fe7a200534eb510df9944ece00174e544a4a7e54113ebba3939c1044b
REQ-000903,2026-05-30T18:18:00Z,juvenile_sensitive,OFF-0185,30e751c660922e5216d51c20,Inspector,4,POLICE,STATE_01_DIST_02_PS_02,STATE_01_DIST_02,STATE_01,MEDIUM,ACTIVE,NOT_ASSIGNED,REC-000167,c1be72ae2e586a7fecd00956,CASE-00119,JUVENILE_PROTECTION,WITNESS_STATEMENT,STATE_03_DIST_02_PS_02,STATE_03_DIST_02,STATE_03,POLICE,HIGH,false,true,true,false,OPEN,ACTIVE,false,false,false,true,SUPERVISION,DOWNLOAD,false,false,PRESENT_VALID,AFTER_HOURS,ONLINE,CCTNS_STYLE_API,P-2026-05-STEP1,false,true,0636a5935e4a2a8199a06e7f831b731564b887a2f73ef49ad964e84f42758287
REQ-000904,2026-05-30T18:24:00Z,cross_jurisdiction_sensitive,OFF-0062,318fd1a9b080d018ffb85691,Prosecutor Liaison,4,PROSECUTION,STATE_01_DIST_01_PS_02,STATE_01_DIST_01,STATE_01,MEDIUM,ACTIVE,NOT_ASSIGNED,REC-000147,c0cd6baa4f06c293515ad310,CASE-00254,WOMEN_CHILD_SAFETY,JUVENILE_RECORD,STATE_01_DIST_02_PS_03,STATE_01_DIST_02,STATE_01,POLICE,HIGH,true,false,true,false,SEALED,ARCHIVED,false,false,true,true,FORENSIC_REVIEW,SHARE,false,false,PRESENT_VALID,BUSINESS_HOURS,ONLINE,MANUAL_ESCALATION,P-2026-05-STEP1,false,true,87637583dc6fc5a90e34ddf053336b889532ff9c63be16f5ae864e14610ba28a
REQ-000905,2026-05-30T18:30:00Z,expired_approval_token,OFF-0080,8d450ebb6d2a4135d240f974,Station House Officer,5,POLICE,STATE_01_DIST_04_PS_03,STATE_01_DIST_04,STATE_01,HIGH,ACTIVE,NOT_ASSIGNED,REC-000731,72f5852134754e41109c673f,CASE-00294,MISSING_PERSON,JUVENILE_RECORD,STATE_02_DIST_03_PS_02,STATE_02_DIST_03,STATE_02,POLICE,HIGH,false,false,true,false,OPEN,ACTIVE,false,false,false,true,PROSECUTION_REVIEW,DOWNLOAD,false,false,EXPIRED,BUSINESS_HOURS,ONLINE,CCTNS_STYLE_API,P-2026-05-STEP1,false,true,d5baa4ef24b181a66d7e4be931a325049ed5b8514a2f1e630169e8eaee9d778d
REQ-000906,2026-06-02T22:06:00Z,expired_approval_token,OFF-0093,9764196f496c1b6c2299d105,Inspector,4,POLICE,STATE_01_DIST_04_PS_02,STATE_01_DIST_04,STATE_01,MEDIUM,ACTIVE,NOT_ASSIGNED,REC-000393,1ed90992e302a5bc0272cda1,CASE-00110,NARCOTICS,FORENSIC_REPORT,STATE_02_DIST_03_PS_02,STATE_02_DIST_03,STATE_02,POLICE,HIGH,false,false,false,false,OPEN,ACTIVE,false,false,false,true,INVESTIGATION,VIEW,false,false,EXPIRED,BUSINESS_HOURS,DEGRADED,CCTNS_STYLE_API,P-2026-05-STEP1,false,true,d13d7cb02f6685cdc2b7f14b179a4bf52a60872623fb6c1ab805122b2a18039a
REQ-000907,2026-06-04T19:38:00Z,normal_in_jurisdiction,OFF-0206,05c3cda35f4947118d9b39ea,Constable,1,POLICE,STATE_01_DIST_01_PS_01,STATE_01_DIST_01,STATE_01,LOW,ACTIVE,ASSIGNED,REC-000489,f9bc8573a426e646d493c5fc,CASE-00055,NARCOTICS,FIR_SUMMARY,STATE_01_DIST_01_PS_01,STATE_01_DIST_01,STATE_01,POLICE,MEDIUM,false,false,false,false,OPEN,ARCHIVED,true,true,true,false,INVESTIGATION,VIEW,false,false,NOT_REQUIRED,BUSINESS_HOURS,ONLINE,CCTNS_STYLE_API,P-2026-05-STEP1,false,true,ae1b6cb15604a0db109bde8e436cf348c36f67accbf2dd908deb2091d88afe2e
REQ-000908,2026-06-05T11:00:00Z,random_context,OFF-0041,6adbebf965a8665f8e3dd8db,Station House Officer,5,POLICE,STATE_01_DIST_02_PS_03,STATE_01_DIST_02,STATE_01,HIGH,ACTIVE,NOT_ASSIGNED,REC-000259,8d8ccd21b2cc1f62311c5630,CASE-00004,MISSING_PERSON,EVIDENCE_MEDIA,STATE_01_DIST_04_PS_02,STATE_01_DIST_04,STATE_01,POLICE,CLASSIFIED,false,false,false,true,OPEN,UNDER_REVIEW,false,false,true,true,AUDIT,VIEW,false,false,NOT_REQUIRED,BUSINESS_HOURS,ONLINE,ICJS_STYLE_EXCHANGE,P-2026-05-STEP1,false,true,f05fe83602081a61f7c89a8faf256b6c7a357ff3c38b5b1f484e71026285d74c
REQ-000909,2026-06-06T17:33:00Z,emergency_override,OFF-0180,8d48fc84d688aabaae7c6986,Sub-Inspector,3,POLICE,STATE_01_DIST_04_PS_02,STATE_01_DIST_04,STATE_01,MEDIUM,ACTIVE,NOT_ASSIGNED,REC-000438,a01b4fff545a372b8d651084,CASE-00139,JUVENILE_PROTECTION,COURT_SUBMISSION,STATE_03_DIST_03_PS_02,STATE_03_DIST_03,STATE_03,POLICE,MEDIUM,false,false,true,false,OPEN,ARCHIVED,false,false,false,true,EMERGENCY_RESPONSE,APPROVE,true,false,PRESENT_VALID,BUSINESS_HOURS,DEGRADED,ICJS_STYLE_EXCHANGE,P-2026-05-STEP1,false,true,40e37091af689887327f0d316635e9e47e8c0778f2b664914ab1727ff8e2e9d7
REQ-000910,2026-05-29T12:40:00Z,normal_in_jurisdiction,OFF-0011,84a9b6fb8d6efe7cd09043f6,Inspector,4,POLICE,STATE_02_DIST_02_PS_02,STATE_02_DIST_02,STATE_02,MEDIUM,ACTIVE,ASSIGNED,REC-000152,855965ff849e31dc11494c47,CASE-00208,MISSING_PERSON,FIR_SUMMARY,STATE_02_DIST_02_PS_02,STATE_02_DIST_02,STATE_02,POLICE,MEDIUM,false,false,false,false,OPEN,ARCHIVED,true,true,true,false,INVESTIGATION,VIEW,false,false,NOT_REQUIRED,BUSINESS_HOURS,ONLINE,CCTNS_STYLE_API,P-2026-05-STEP1,false,true,69fbc3da575dece9bb1e279184d60802388fdde94d0287731b622dda7357da33
REQ-000911,2026-06-06T02:56:00Z,random_context,OFF-0160,5ce4d64c20eb4b8a7537a1f7,Inspector,4,POLICE,STATE_03_DIST_02_PS_03,STATE_03_DIST_02,STATE_03,MEDIUM,REVOKED,NOT_ASSIGNED,REC-000795,7f770a6365675e0331fba489,CASE-00167,JUVENILE_PROTECTION,CASE_DIARY,STATE_03_DIST_03_PS_01,STATE_03_DIST_03,STATE_03,POLICE,HIGH,false,false,true,false,OPEN,ACTIVE,false,false,true,true,SUPERVISION,VIEW,false,false,NOT_REQUIRED,AFTER_HOURS,DEGRADED,ICJS_STYLE_EXCHANGE,P-2026-05-STEP1,false,true,c96ae6db54c249ad887db7bd1630b8d88ba1b95e32f62dc56faff48f945e3c2c
REQ-000912,2026-05-28T21:36:00Z,cross_jurisdiction_sensitive,OFF-0020,fcd532f0d95281220fe7337b,Station House Officer,5,POLICE,STATE_03_DIST_02_PS_02,STATE_03_DIST_02,STATE_03,HIGH,ACTIVE,NOT_ASSIGNED,REC-000638,cc5ab6510e3654ea9af3370f,CASE-00280,VIOLENT_CRIME,JUVENILE_RECORD,STATE_01_DIST_01_PS_02,STATE_01_DIST_01,STATE_01,POLICE,CLASSIFIED,false,false,true,false,OPEN,ARCHIVED,false,false,false,true,SUPERVISION,DOWNLOAD,false,false,MISSING,BUSINESS_HOURS,ONLINE,CCTNS_STYLE_API,P-2026-05-STEP1,false,true,20c4a6063184eb9b1b868744110cd1b9fda6af135a39f9fa76d22a2baa313f3d
REQ-000913,2026-05-28T06:26:00Z,normal_in_jurisdiction,OFF-0004,4fe847ab79de841540c7b990,Sub-Inspector,3,POLICE,STATE_01_DIST_04_PS_01,STATE_01_DIST_04,STATE_01,MEDIUM,ACTIVE,ASSIGNED,REC-000877,e114683a25bff76e8e848d9c,CASE-00018,NARCOTICS,FIR_SUMMARY,STATE_01_DIST_04_PS_01,STATE_01_DIST_04,STATE_01,POLICE,LOW,false,false,false,false,OPEN,ACTIVE,true,true,true,false,INVESTIGATION,VIEW,false,false,NOT_REQUIRED,BUSINESS_HOURS,ONLINE,ICJS_STYLE_EXCHANGE,P-2026-05-STEP1,false,true,607ee2483c7c0a76efa6d66a0b5c3ac0a3fe32ccf81590b2597c13fec7ddeff4
REQ-000914,2026-06-06T18:58:00Z,stale_case_assignment,OFF-0186,fe341f3994ddbba307367393,Forensic Officer,4,FORENSIC,STATE_03_DIST_01_PS_02,STATE_03_DIST_01,STATE_03,HIGH,ACTIVE,STALE,REC-000467,d7f5f5e94d3e5229dcdcc76e,CASE-00114,NARCOTICS,CYBERCRIME_COMPLAINT,STATE_01_DIST_02_PS_02,STATE_01_DIST_02,STATE_01,POLICE,HIGH,false,false,false,false,OPEN,ACTIVE,false,false,false,true,INVESTIGATION,VIEW,false,false,MISSING,BUSINESS_HOURS,ONLINE,MANUAL_ESCALATION,P-2026-05-STEP1,false,true,600cc50d85d9be2a2488f58bf432fe9cb4dda5f502d0bb8c2b708a4e1440c6c3
REQ-000915,2026-06-02T08:30:00Z,revoked_credential,OFF-0189,0f5e28fd8c1c5a758d17ef19,Inspector,4,POLICE,STATE_01_DIST_01_PS_03,STATE_01_DIST_01,STATE_01,MEDIUM,REVOKED,NOT_ASSIGNED,REC-000169,013db09002c5359870535b51,CASE-00221,VIOLENT_CRIME,EVIDENCE_MEDIA,STATE_02_DIST_04_PS_03,STATE_02_DIST_04,STATE_02,POLICE,CLASSIFIED,false,false,false,true,OPEN,ACTIVE,false,false,false,true,AUDIT,DOWNLOAD,false,false,MISSING,NIGHT,ONLINE,ICJS_STYLE_EXCHANGE,P-2026-05-STEP1,false,true,04a7574cda5c0e357c7e963b5e9b1c6fb31d5cf184f7f53d4e124478943c4758
REQ-000916,2026-05-28T21:48:00Z,juvenile_sensitive,OFF-0200,4ee0497be96c65e5642e3a72,Cybercrime Officer,4,CYBERCRIME,STATE_01_DIST_03_PS_01,STATE_01_DIST_03,STATE_01,HIGH,ACTIVE,NOT_ASSIGNED,REC-000192,f05d07df552454f1dd0af34b,CASE-00341,CYBER_FRAUD,JUVENILE_RECORD,STATE_03_DIST_04_PS_02,STATE_03_DIST_04,STATE_03,POLICE,CLASSIFIED,false,false,true,false,OPEN,ACTIVE,false,false,false,true,INVESTIGATION,VIEW,false,false,PRESENT_VALID,BUSINESS_HOURS,ONLINE,ICJS_STYLE_EXCHANGE,P-2026-05-STEP1,false,true,37b850a3a895210674e5111e27bac12b2dba8b2edd211f08e187833606246462
REQ-000917,2026-06-04T06:41:00Z,stale_case_assignment,OFF-0221,1f0d6f8c17d7221984909f27,Cybercrime Officer,4,CYBERCRIME,STATE_02_DIST_01_PS_01,STATE_02_DIST_01,STATE_02,HIGH,ACTIVE,STALE,REC-000758,03db1b138a3912e8b9ba6c90,CASE-00301,JUVENILE_PROTECTION,EVIDENCE_MEDIA,STATE_01_DIST_02_PS_02,STATE_01_DIST_02,STATE_01,POLICE,CLASSIFIED,false,false,true,true,OPEN,ACTIVE,false,false,false,true,INVESTIGATION,VIEW,false,false,MISSING,BUSINESS_HOURS,ONLINE,CCTNS_STYLE_API,P-2026-05-STEP1,false,true,87355c4c56fef05a654508ec38cefd5875317051151a29ca54fdae0fb330330d
REQ-000918,2026-06-01T17:42:00Z,stale_case_assignment,OFF-0240,2e90133c615ae26c343ba035,Head Constable,2,POLICE,STATE_03_DIST_04_PS_01,STATE_03_DIST_04,STATE_03,LOW,ACTIVE,STALE,REC-000062,0679ca444beed76eeaaa44db,CASE-00214,FINANCIAL_CRIME,FIR_SUMMARY,STATE_03_DIST_02_PS_01,STATE_03_DIST_02,STATE_03,POLICE,LOW,false,false,false,false,SEALED,ACTIVE,false,false,true,true,INVESTIGATION,VIEW,false,false,MISSING,BUSINESS_HOURS,ONLINE,MANUAL_ESCALATION,P-2026-05-STEP1,false,true,18ce2594dbf7143c854602d8c486556a02a39488479757e37129dea7163eb082
REQ-000919,2026-06-04T07:07:00Z,stale_case_assignment,OFF-0186,fe341f3994ddbba307367393,Forensic Officer,4,FORENSIC,STATE_03_DIST_01_PS_02,STATE_03_DIST_01,STATE_03,HIGH,ACTIVE,STALE,REC-000537,459488c4e9b1cde4e6af43bf,CASE-00210,FINANCIAL_CRIME,WITNESS_STATEMENT,STATE_02_DIST_01_PS_03,STATE_02_DIST_01,STATE_02,POLICE,HIGH,false,true,false,false,OPEN,ACTIVE,false,false,false,true,INVESTIGATION,VIEW,false,false,MISSING,BUSINESS_HOURS,ONLINE,MANUAL_ESCALATION,P-2026-05-STEP1,false,true,aa8b3268cf6834b33c05fb2bc028485af59308906ce475a99bdebb1a7c0cdca5
REQ-000920,2026-05-28T06:40:00Z,court_request,OFF-0017,81f27590363500d418d0fc7b,Constable,1,POLICE,STATE_01_DIST_02_PS_03,STATE_01_DIST_02,STATE_01,LOW,ACTIVE,NOT_ASSIGNED,REC-000577,8cd436b23498bf982d16d8f4,CASE-00179,FINANCIAL_CRIME,VICTIM_RECORD,STATE_03_DIST_02_PS_01,STATE_03_DIST_02,STATE_03,POLICE,HIGH,true,false,false,false,OPEN,ARCHIVED,false,false,false,true,COURT_PRODUCTION,APPROVE,false,true,PRESENT_VALID,AFTER_HOURS,ONLINE,MANUAL_ESCALATION,P-2026-05-STEP1,false,true,b5d749f24a06acd67471652480994c375d06ac3c8a073f54af3895d7b7cef739
REQ-000921,2026-06-06T05:36:00Z,cross_jurisdiction_sensitive,OFF-0019,43619f9291295cde078ede73,Cybercrime Officer,4,CYBERCRIME,STATE_02_DIST_01_PS_02,STATE_02_DIST_01,STATE_02,HIGH,ACTIVE,NOT_ASSIGNED,REC-000700,36cbeb78e0fd147f27cbda56,CASE-00114,NARCOTICS,WITNESS_STATEMENT,STATE_01_DIST_02_PS_02,STATE_01_DIST_02,STATE_01,POLICE,HIGH,false,true,false,false,OPEN,ACTIVE,false,false,false,true,FORENSIC_REVIEW,DOWNLOAD,false,false,MISSING,NIGHT,ONLINE,CCTNS_STYLE_API,P-2026-05-STEP1,false,true,6677e57ac5619a7aaa0e68a1f0c3e5679e3bda27223249874e839707999be29d
REQ-000922,2026-06-04T23:08:00Z,normal_in_jurisdiction,OFF-0025,7fa77f7b07565190b1b9a0af,Forensic Officer,4,FORENSIC,STATE_02_DIST_01_PS_01,STATE_02_DIST_01,STATE_02,HIGH,ACTIVE,ASSIGNED,REC-000829,eab4af4926a38ff2604ec8dc,CASE-00016,WOMEN_CHILD_SAFETY,COURT_SUBMISSION,STATE_02_DIST_01_PS_01,STATE_02_DIST_01,STATE_02,POLICE,MEDIUM,true,false,false,false,OPEN,UNDER_REVIEW,true,true,true,false,INVESTIGATION,VIEW,false,false,NOT_REQUIRED,AFTER_HOURS,ONLINE,ICJS_STYLE_EXCHANGE,P-2026-05-STEP1,false,true,fda73e0dff01e8476f3ceeaf8d0029726417abfaa416c983483cecc3d227e601
REQ-000923,2026-05-28T22:09:00Z,court_request,OFF-0106,2deed09bfdff4831b0bfcd1c,Head Constable,2,POLICE,STATE_03_DIST_02_PS_02,STATE_03_DIST_02,STATE_03,LOW,ACTIVE,NOT_ASSIGNED,REC-000104,a677cce772515d48d3a1528e,CASE-00048,GENERAL_THEFT,CASE_DIARY,STATE_03_DIST_01_PS_01,STATE_03_DIST_01,STATE_03,POLICE,MEDIUM,false,false,false,false,OPEN,ACTIVE,false,false,true,true,PROSECUTION_REVIEW,VIEW,false,true,PRESENT_VALID,NIGHT,STATION_NODE_DOWN,CCTNS_STYLE_API,P-2026-05-STEP1,false,true,e258bdc8c1b417fdea431b856983a3b5fa9be1f5cef3cc04780852c11da176bf
REQ-000924,2026-05-28T06:48:00Z,expired_approval_token,OFF-0218,b4afcf069d55876dc928c9fe,Station House Officer,5,POLICE,STATE_02_DIST_01_PS_03,STATE_02_DIST_01,STATE_02,HIGH,ACTIVE,NOT_ASSIGNED,REC-000305,2b9916839e44a1c8f1f20873,CASE-00253,MISSING_PERSON,CYBERCRIME_COMPLAINT,STATE_03_DIST_04_PS_02,STATE_03_DIST_04,STATE_03,POLICE,HIGH,false,false,false,false,OPEN,ACTIVE,false,false,false,true,INVESTIGATION,VIEW,false,false,EXPIRED,NIGHT,ONLINE,MANUAL_ESCALATION,P-2026-05-STEP1,false,true,a113f5a602105018f9d4a4782ee84dba054614e838fb3c3826e1f2fd61247831
REQ-000925,2026-06-04T23:50:00Z,stale_case_assignment,OFF-0184,c0fc3111ae7a563a9f54250e,Inspector,4,POLICE,STATE_03_DIST_04_PS_02,STATE_03_DIST_04,STATE_03,MEDIUM,ACTIVE,STALE,REC-000124,18d1592d4e115ec7275f6778,CASE-00032,GENERAL_THEFT,VICTIM_RECORD,STATE_03_DIST_01_PS_01,STATE_03_DIST_01,STATE_03,POLICE,MEDIUM,true,false,false,false,OPEN,ACTIVE,false,false,true,true,INVESTIGATION,VIEW,false,false,MISSING,BUSINESS_HOURS,ONLINE,MANUAL_ESCALATION,P-2026-05-STEP1,false,true,c2e6079426ff265287c5fc6157c10385943d14e8cf80001adb523c7ea0ecffeb
REQ-000926,2026-06-01T18:54:00Z,normal_in_jurisdiction,OFF-0154,030fbe8b71b501096276a8ab,Inspector,4,POLICE,STATE_02_DIST_03_PS_02,STATE_02_DIST_03,STATE_02,MEDIUM,ACTIVE,NOT_ASSIGNED,REC-000390,0031d7cc69231177ee5472a8,CASE-00088,JUVENILE_PROTECTION,JUVENILE_RECORD,STATE_02_DIST_04_PS_01,STATE_02_DIST_04,STATE_02,POLICE,HIGH,false,false,true,false,OPEN,ACTIVE,false,false,true,true,INVESTIGATION,VIEW,false,false,NOT_REQUIRED,BUSINESS_HOURS,ONLINE,ICJS_STYLE_EXCHANGE,P-2026-05-STEP1,false,true,80069a95d3b2094ff080efb8cec9b47d49471c43b8cdea074eb420b4e92e7de8
REQ-000927,2026-06-05T00:18:00Z,revoked_credential,OFF-0065,6d335433b612a148a4921389,Constable,1,POLICE,STATE_03_DIST_02_PS_02,STATE_03_DIST_02,STATE_03,LOW,REVOKED,NOT_ASSIGNED,REC-000296,08442f216d5a7556f4be1bca,CASE-00138,FINANCIAL_CRIME,CASE_DIARY,STATE_03_DIST_04_PS_01,STATE_03_DIST_04,STATE_03,POLICE,HIGH,false,false,false,false,OPEN,UNDER_REVIEW,false,false,true,true,AUDIT,VIEW,false,false,MISSING,BUSINESS_HOURS,ONLINE,ICJS_STYLE_EXCHANGE,P-2026-05-STEP1,false,true,b03e02b887f4e04369a596e22fb986ac303958ff84fac3e3467f9e1be5741adb
REQ-000928,2026-06-02T10:40:00Z,random_context,OFF-0044,e35d3d5ab37a57023a757cf4,Station House Officer,5,POLICE,STATE_01_DIST_04_PS_03,STATE_01_DIST_04,STATE_01,HIGH,ACTIVE,NOT_ASSIGNED,REC-000590,cf0a8bb9bb95909a28d05205,CASE-00056,CYBER_FRAUD,CYBERCRIME_COMPLAINT,STATE_02_DIST_02_PS_01,STATE_02_DIST_02,STATE_02,POLICE,CLASSIFIED,false,false,false,false,OPEN,ACTIVE,false,false,false,true,AUDIT,DOWNLOAD,false,false,NOT_REQUIRED,BUSINESS_HOURS,DEGRADED,CCTNS_STYLE_API,P-2026-05-STEP1,false,true,aac33cbae7dac0e89abf9688cc1060b0867c220e8e116fad57e84d1903876078
REQ-000929,2026-05-30T20:54:00Z,emergency_override,OFF-0117,c3da23329ac65eb7b3af694c,Inspector,4,POLICE,STATE_02_DIST_03_PS_03,STATE_02_DIST_03,STATE_02,MEDIUM,ACTIVE,NOT_ASSIGNED,REC-000195,6e7de166bc3795238e165ca0,CASE-00070,NARCOTICS,VICTIM_RECORD,STATE_01_DIST_04_PS_03,STATE_01_DIST_04,STATE_01,POLICE,HIGH,true,false,false,false,OPEN,ACTIVE,false,false,false,true,EMERGENCY_RESPONSE,VIEW,true,false,MISSING,AFTER_HOURS,ONLINE,CCTNS_STYLE_API,P-2026-05-STEP1,false,true,432e83b504a5a1dc2f7896a3df0e078f8a88d3278aa09f5a835e3eedbcf936cc
REQ-000930,2026-06-05T01:00:00Z,cross_jurisdiction_sensitive,OFF-0125,97ea02f4f8fba926781c7fc5,Inspector,4,POLICE,STATE_02_DIST_03_PS_02,STATE_02_DIST_03,STATE_02,MEDIUM,ACTIVE,NOT_ASSIGNED,REC-000720,7e9348f391ef3580bb2ca07e,CASE-00253,MISSING_PERSON,JUVENILE_RECORD,STATE_03_DIST_04_PS_02,STATE_03_DIST_04,STATE_03,POLICE,HIGH,false,false,true,false,OPEN,ACTIVE,false,false,false,true,INVESTIGATION,VIEW,false,false,PRESENT_VALID,BUSINESS_HOURS,ONLINE,ICJS_STYLE_EXCHANGE,P-2026-05-STEP1,false,true,225d6c1c0b12cb77e7001d930427070c0bef7d76061d42df94b5bfc948559b8e
REQ-000931,2026-06-06T23:47:00Z,stale_case_assignment,OFF-0149,816d13ffa68e60a160c3810f,Cybercrime Officer,4,CYBERCRIME,STATE_03_DIST_02_PS_03,STATE_03_DIST_02,STATE_03,HIGH,ACTIVE,STALE,REC-000180,4ee73ace57928929f1ba50f2,CASE-00091,VIOLENT_CRIME,FIR_SUMMARY,STATE_01_DIST_02_PS_02,STATE_01_DIST_02,STATE_01,POLICE,MEDIUM,false,false,false,false,OPEN,UNDER_REVIEW,false,false,false,true,INVESTIGATION,VIEW,false,false,MISSING,AFTER_HOURS,DEGRADED,CCTNS_STYLE_API,P-2026-05-STEP1,false,true,d78dc32069377a1e61e03f045ef92b08b29d716e1ee5127565f4f35cfc34daf2
REQ-000932,2026-05-28T07:04:00Z,juvenile_sensitive,OFF-0126,73518b37a439a4d90b18903d,Constable,1,POLICE,STATE_02_DIST_01_PS_01,STATE_02_DIST_01,STATE_02,LOW,ACTIVE,NOT_ASSIGNED,REC-000075,6a40e28a9342f16dc5165083,CASE-00020,JUVENILE_PROTECTION,CYBERCRIME_COMPLAINT,STATE_02_DIST_02_PS_01,STATE_02_DIST_02,STATE_02,POLICE,HIGH,false,false,true,false,OPEN,ARCHIVED,false,false,true,true,INVESTIGATION,VIEW,false,false,MISSING,AFTER_HOURS,ONLINE,CCTNS_STYLE_API,P-2026-05-STEP1,false,true,e2d7915fc0039d10a302309d443231a172aacd103d2acfce60c3c32536fa070a
REQ-000933,2026-06-03T03:03:00Z,emergency_override,OFF-0132,9a1678400f682a3201830c3a,Inspector,4,POLICE,STATE_01_DIST_01_PS_02,STATE_01_DIST_01,STATE_01,MEDIUM,ACTIVE,NOT_ASSIGNED,REC-000165,dbdbf7405940702190f7c84f,CASE-00198,JUVENILE_PROTECTION,CYBERCRIME_COMPLAINT,STATE_01_DIST_04_PS_02,STATE_01_DIST_04,STATE_01,POLICE,CLASSIFIED,false,false,true,false,OPEN,ACTIVE,false,false,true,true,EMERGENCY_RESPONSE,DOWNLOAD,true,false,MISSING,BUSINESS_HOURS,ONLINE,MANUAL_ESCALATION,P-2026-05-STEP1,false,true,319b2c89c03dc2ce85dba146fedea55f1040e0aed0fd44f7cd92cd5f42ec6961
REQ-000934,2026-06-07T00:38:00Z,sealed_record,OFF-0122,7527b25e318154df01ec7550,Sub-Inspector,3,POLICE,STATE_03_DIST_02_PS_02,STATE_03_DIST_02,STATE_03,MEDIUM,ACTIVE,NOT_ASSIGNED,REC-000059,5946ff42ea109f3eb283e734,CASE-00100,JUVENILE_PROTECTION,EVIDENCE_MEDIA,STATE_01_DIST_03_PS_03,STATE_01_DIST_03,STATE_01,POLICE,HIGH,false,false,true,true,SEALED,ACTIVE,false,false,false,true,COURT_PRODUCTION,VIEW,false,true,MISSING,AFTER_HOURS,ONLINE,MANUAL_ESCALATION,P-2026-05-STEP1,false,true,33f64b3e98f67706716fc810828c404c5dc5e4f465881dbdc09040e992543502
REQ-000935,2026-06-03T03:25:00Z,sealed_record,OFF-0170,46b29e30bec752302a2d886e,Sub-Inspector,3,POLICE,STATE_03_DIST_04_PS_02,STATE_03_DIST_04,STATE_03,MEDIUM,ACTIVE,NOT_ASSIGNED,REC-000005,73a955fe3375c918a3bfc978,CASE-00220,JUVENILE_PROTECTION,WITNESS_STATEMENT,STATE_01_DIST_01_PS_01,STATE_01_DIST_01,STATE_01,POLICE,CLASSIFIED,false,true,true,false,SEALED,ARCHIVED,false,false,false,true,INVESTIGATION,VIEW,false,false,MISSING,BUSINESS_HOURS,DEGRADED,ICJS_STYLE_EXCHANGE,P-2026-05-STEP1,false,true,58500524315894a4c19886cc7fdcc06bd08d2889041c55a42f277fae35849706
REQ-000936,2026-06-03T19:12:00Z,sealed_record,OFF-0071,b43730f9ee11d476cccd1130,Head Constable,2,POLICE,STATE_02_DIST_01_PS_03,STATE_02_DIST_01,STATE_02,LOW,ACTIVE,NOT_ASSIGNED,REC-000312,66c1f1634fd4515b8f74f8fa,CASE-00316,GENERAL_THEFT,COURT_SUBMISSION,STATE_02_DIST_02_PS_02,STATE_02_DIST_02,STATE_02,POLICE,MEDIUM,false,false,false,false,SEALED,UNDER_REVIEW,false,false,true,true,PROSECUTION_REVIEW,VIEW,false,true,PRESENT_VALID,BUSINESS_HOURS,ONLINE,ICJS_STYLE_EXCHANGE,P-2026-05-STEP1,false,true,368b32361d71bf993f573f6d129c0d57100145d80bc90177173e96f431e08221
REQ-000937,2026-05-30T21:42:00Z,normal_in_jurisdiction,OFF-0134,4718492e22f05239e76383dd,Station House Officer,5,POLICE,STATE_01_DIST_04_PS_03,STATE_01_DIST_04,STATE_01,HIGH,ACTIVE,ASSIGNED,REC-000448,03448ee43768bdde0a74294f,CASE-00325,NARCOTICS,FIR_SUMMARY,STATE_01_DIST_04_PS_03,STATE_01_DIST_04,STATE_01,POLICE,MEDIUM,false,false,false,false,OPEN,ACTIVE,true,true,true,false,INVESTIGATION,VIEW,false,false,NOT_REQUIRED,BUSINESS_HOURS,ONLINE,CCTNS_STYLE_API,P-2026-05-STEP1,false,true,cb7b7f3684bcc8f0e53ee001c3201db503ea58928f61093f1d202c002a4310bd
REQ-000938,2026-06-02T12:20:00Z,cross_jurisdiction_sensitive,OFF-0132,9a1678400f682a3201830c3a,Inspector,4,POLICE,STATE_01_DIST_01_PS_02,STATE_01_DIST_01,STATE_01,MEDIUM,ACTIVE,NOT_ASSIGNED,REC-000190,e5c055800da6250fb67db7ab,CASE-00100,JUVENILE_PROTECTION,CYBERCRIME_COMPLAINT,STATE_01_DIST_03_PS_03,STATE_01_DIST_03,STATE_01,POLICE,HIGH,false,false,true,false,OPEN,ACTIVE,false,false,true,true,SUPERVISION,VIEW,false,false,MISSING,BUSINESS_HOURS,ONLINE,MANUAL_ESCALATION,P-2026-05-STEP1,false,true,edf5edc1d7d5044da3ee280d678b2b32cc415dfede253f2118c40647942db776
REQ-000939,2026-06-01T20:51:00Z,random_context,OFF-0138,3cc947c5caadabb45a541b46,Constable,1,POLICE,STATE_03_DIST_01_PS_01,STATE_03_DIST_01,STATE_03,LOW,ACTIVE,NOT_ASSIGNED,REC-000818,7582da5fbf1d280dcf845424,CASE-00360,JUVENILE_PROTECTION,CASE_DIARY,STATE_03_DIST_04_PS_01,STATE_03_DIST_04,STATE_03,POLICE,HIGH,false,false,true,false,OPEN,ACTIVE,false,false,true,true,COURT_PRODUCTION,DOWNLOAD,false,false,NOT_REQUIRED,AFTER_HOURS,ONLINE,MANUAL_ESCALATION,P-2026-05-STEP1,false,true,ed7cc4b50f0e7a4dfb333f5f4ba5cdf03c2f239ac19f10360182efe905e301a9
REQ-000940,2026-05-28T23:00:00Z,normal_in_jurisdiction,OFF-0099,058b6ca906f6f017cad2b2fa,Prosecutor Liaison,4,PROSECUTION,STATE_01_DIST_03_PS_01,STATE_01_DIST_03,STATE_01,MEDIUM,ACTIVE,ASSIGNED,REC-000398,a14b960f9d5b88d2544ce012,CASE-00049,WOMEN_CHILD_SAFETY,COURT_SUBMISSION,STATE_01_DIST_03_PS_01,STATE_01_DIST_03,STATE_01,POLICE,MEDIUM,true,false,false,false,OPEN,ACTIVE,true,true,true,false,INVESTIGATION,VIEW,false,false,NOT_REQUIRED,BUSINESS_HOURS,ONLINE,ICJS_STYLE_EXCHANGE,P-2026-05-STEP1,false,true,d2fe68a26d3caf949cde72f9251f19f5f90dd395df1d57762c6daf76dfb8fc18
REQ-000941,2026-06-06T10:56:00Z,revoked_credential,OFF-0058,b9583c7e99cc3289ea585d73,Inspector,4,POLICE,STATE_03_DIST_02_PS_01,STATE_03_DIST_02,STATE_03,MEDIUM,REVOKED,NOT_ASSIGNED,REC-000648,31d4edd023a1e32e08b15bb2,CASE-00311,VIOLENT_CRIME,FIR_SUMMARY,STATE_01_DIST_02_PS_02,STATE_01_DIST_02,STATE_01,POLICE,LOW,false,false,false,false,OPEN,ACTIVE,false,false,false,true,AUDIT,UPDATE,false,false,MISSING,AFTER_HOURS,DEGRADED,ICJS_STYLE_EXCHANGE,P-2026-05-STEP1,false,true,cf105d077312a66a0d448a46d12564e6997a21a11a6e4b2688c5eb73396584ac
REQ-000942,2026-05-30T22:12:00Z,random_context,OFF-0177,8287968c0e33f42b2e380e47,Inspector,4,POLICE,STATE_02_DIST_01_PS_02,STATE_02_DIST_01,STATE_02,MEDIUM,ACTIVE,NOT_ASSIGNED,REC-000880,95de19451c2ca7264b0032ce,CASE-00085,GENERAL_THEFT,FIR_SUMMARY,STATE_02_DIST_02_PS_01,STATE_02_DIST_02,STATE_02,POLICE,MEDIUM,false,false,false,false,OPEN,ARCHIVED,false,false,true,true,FORENSIC_REVIEW,VIEW,false,false,PRESENT_VALID,BUSINESS_HOURS,ONLINE,MANUAL_ESCALATION,P-2026-05-STEP1,false,true,13f24201cccb938e1d3b4766c924325485211d3522eb8ca588944120977791a7
REQ-000943,2026-06-03T04:53:00Z,emergency_override,OFF-0209,46719ed3c0b1ab7f0fbf5f90,Prosecutor Liaison,4,PROSECUTION,STATE_01_DIST_01_PS_01,STATE_01_DIST_01,STATE_01,MEDIUM,ACTIVE,NOT_ASSIGNED,REC-000848,954f1d5e0ce6e0787f569931,CASE-00168,JUVENILE_PROTECTION,CASE_DIARY,STATE_01_DIST_04_PS_02,STATE_01_DIST_04,STATE_01,POLICE,HIGH,false,false,true,false,OPEN,ACTIVE,false,false,true,true,EMERGENCY_RESPONSE,VIEW,true,false,PRESENT_VALID,BUSINESS_HOURS,ONLINE,CCTNS_STYLE_API,P-2026-05-STEP1,false,true,4ffd1a766467a333d65518a40b09552934f3b9038849e15e14d81e41393487fc
REQ-000944,2026-05-30T22:24:00Z,expired_approval_token,OFF-0037,61f9c30ebf940f606c1a2520,Sub-Inspector,3,POLICE,STATE_02_DIST_03_PS_03,STATE_02_DIST_03,STATE_02,MEDIUM,ACTIVE,NOT_ASSIGNED,REC-000047,fb9b68002468d3dcf43099d5,CASE-00205,VIOLENT_CRIME,COURT_SUBMISSION,STATE_01_DIST_01_PS_02,STATE_01_DIST_01,STATE_01,POLICE,MEDIUM,false,false,false,false,SEALED,ACTIVE,false,false,false,true,INVESTIGATION,DOWNLOAD,false,false,EXPIRED,BUSINESS_HOURS,ONLINE,MANUAL_ESCALATION,P-2026-05-STEP1,false,true,1bc78ea7b2355c286694427a920c9d84cb83b5105254c995fd53520ba757db2d
REQ-000945,2026-05-30T22:30:00Z,normal_in_jurisdiction,OFF-0145,733b1499389b250473119b5c,Cybercrime Officer,4,CYBERCRIME,STATE_01_DIST_03_PS_02,STATE_01_DIST_03,STATE_01,HIGH,ACTIVE,ASSIGNED,REC-000719,9fc60a52b273031e10f20afd,CASE-00259,VIOLENT_CRIME,CASE_DIARY,STATE_01_DIST_03_PS_02,STATE_01_DIST_03,STATE_01,POLICE,MEDIUM,false,false,false,false,OPEN,ACTIVE,true,true,true,false,INVESTIGATION,VIEW,false,false,NOT_REQUIRED,BUSINESS_HOURS,ONLINE,MANUAL_ESCALATION,P-2026-05-STEP1,false,true,ddcc6b591521149e84af1618cce3e265c95c1084fffb82aa228141bd3e126e1c
REQ-000946,2026-06-01T21:54:00Z,court_request,OFF-0122,7527b25e318154df01ec7550,Sub-Inspector,3,POLICE,STATE_03_DIST_02_PS_02,STATE_03_DIST_02,STATE_03,MEDIUM,ACTIVE,NOT_ASSIGNED,REC-000826,893a5e5117f43af57c7ba373,CASE-00224,NARCOTICS,WITNESS_STATEMENT,STATE_01_DIST_01_PS_01,STATE_01_DIST_01,STATE_01,POLICE,MEDIUM,false,true,false,false,OPEN,ACTIVE,false,false,false,true,COURT_PRODUCTION,VIEW,false,true,PRESENT_VALID,AFTER_HOURS,STATION_NODE_DOWN,CCTNS_STYLE_API,P-2026-05-STEP1,false,true,6cfd152bbaefbbf2aa30b8c4b73978c8de2ec3b9da33ccc8d4b497b059c7b5f3
REQ-000947,2026-05-30T22:42:00Z,expired_approval_token,OFF-0207,cad50d4d8a49a83faad951a4,Forensic Officer,4,FORENSIC,STATE_02_DIST_01_PS_02,STATE_02_DIST_01,STATE_02,HIGH,ACTIVE,NOT_ASSIGNED,REC-000261,43e3463a3b559634b3353097,CASE-00133,VIOLENT_CRIME,WITNESS_STATEMENT,STATE_03_DIST_03_PS_01,STATE_03_DIST_03,STATE_03,POLICE,MEDIUM,false,true,false,false,OPEN,ARCHIVED,false,false,false,true,FORENSIC_REVIEW,APPROVE,false,false,EXPIRED,BUSINESS_HOURS,ONLINE,MANUAL_ESCALATION,P-2026-05-STEP1,false,true,cbc02b6ab303c51f7d361b336cae8fa4e1a12993bfe75d2c6ec8f97aab461f04
REQ-000948,2026-06-05T05:12:00Z,expired_approval_token,OFF-0223,f04272809174dac17c3936fd,Station House Officer,5,POLICE,STATE_03_DIST_04_PS_02,STATE_03_DIST_04,STATE_03,HIGH,ACTIVE,NOT_ASSIGNED,REC-000585,8a6b763636cb267428784251,CASE-00008,WOMEN_CHILD_SAFETY,FIR_SUMMARY,STATE_02_DIST_02_PS_03,STATE_02_DIST_02,STATE_02,POLICE,MEDIUM,true,false,false,false,OPEN,ARCHIVED,false,false,false,true,FORENSIC_REVIEW,UPDATE,false,false,EXPIRED,BUSINESS_HOURS,STATION_NODE_DOWN,ICJS_STYLE_EXCHANGE,P-2026-05-STEP1,false,true,50d9020bcea72a3ea93d5abcf88c6730acbae60719547ba5f25e2da058f89f48
REQ-000949,2026-06-04T13:37:00Z,cross_jurisdiction_sensitive,OFF-0077,956b1c8673c706b9098bdcd1,Forensic Officer,4,FORENSIC,STATE_01_DIST_03_PS_03,STATE_01_DIST_03,STATE_01,HIGH,ACTIVE,NOT_ASSIGNED,REC-000868,6bcf6ec8e79fb5cd0b4d23ea,CASE-00071,CYBER_FRAUD,JUVENILE_RECORD,STATE_03_DIST_03_PS_02,STATE_03_DIST_03,STATE_03,POLICE,CLASSIFIED,false,false,true,false,OPEN,UNDER_REVIEW,false,false,false,true,SUPERVISION,VIEW,false,false,PRESENT_VALID,BUSINESS_HOURS,ONLINE,ICJS_STYLE_EXCHANGE,P-2026-05-STEP1,false,true,baa85fe4da0ca829f9ee3fd91580328d261043ec34bc8a88ce35dd6567cc2a18
REQ-000950,2026-05-31T14:50:00Z,juvenile_sensitive,OFF-0103,b9a151dcbadde0404b02e5b7,Sub-Inspector,3,POLICE,STATE_02_DIST_01_PS_03,STATE_02_DIST_01,STATE_02,MEDIUM,ACTIVE,NOT_ASSIGNED,REC-000638,cc5ab6510e3654ea9af3370f,CASE-00280,VIOLENT_CRIME,JUVENILE_RECORD,STATE_01_DIST_01_PS_02,STATE_01_DIST_01,STATE_01,POLICE,CLASSIFIED,false,false,true,false,OPEN,ARCHIVED,false,false,false,true,SUPERVISION,VIEW,false,false,MISSING,BUSINESS_HOURS,ONLINE,ICJS_STYLE_EXCHANGE,P-2026-05-STEP1,false,true,335424eb44b37d0b42460d35101fef2d7bdda3959ac10d0d6ac5a76ac4024f06
REQ-000951,2026-06-05T21:45:00Z,normal_in_jurisdiction,OFF-0010,bcb4468affef262ed92897ea,Inspector,4,POLICE,STATE_01_DIST_03_PS_03,STATE_01_DIST_03,STATE_01,MEDIUM,ACTIVE,ASSIGNED,REC-000307,68520c08a4184e2a8bbcc4c1,CASE-00160,MISSING_PERSON,FIR_SUMMARY,STATE_01_DIST_03_PS_03,STATE_01_DIST_03,STATE_01,POLICE,LOW,false,false,false,false,OPEN,ACTIVE,true,true,true,false,INVESTIGATION,VIEW,false,false,NOT_REQUIRED,AFTER_HOURS,ONLINE,ICJS_STYLE_EXCHANGE,P-2026-05-STEP1,false,true,af55e4ca3f92cfc4fea31e4faf93a59541c3989e415ec74666dd1154699d2a05
REQ-000952,2026-05-30T23:12:00Z,normal_in_jurisdiction,OFF-0159,a1e23926bdb89d718dc0ff23,Inspector,4,POLICE,STATE_03_DIST_02_PS_03,STATE_03_DIST_02,STATE_03,MEDIUM,ACTIVE,ASSIGNED,REC-000645,3d33aeac9a024f9da6d7ccf9,CASE-00235,WOMEN_CHILD_SAFETY,VICTIM_RECORD,STATE_03_DIST_02_PS_03,STATE_03_DIST_02,STATE_03,POLICE,MEDIUM,true,false,false,false,OPEN,ACTIVE,true,true,true,false,INVESTIGATION,VIEW,false,false,NOT_REQUIRED,AFTER_HOURS,ONLINE,ICJS_STYLE_EXCHANGE,P-2026-05-STEP1,false,true,d6715ff0d649b6b20936be5d0713bf4e869f3b766ffb893341b8733f07c29444
REQ-000953,2026-06-02T14:50:00Z,normal_in_jurisdiction,OFF-0042,4bdedd9e1ddefe7a1e6434d1,Station House Officer,5,POLICE,STATE_01_DIST_01_PS_03,STATE_01_DIST_01,STATE_01,HIGH,ACTIVE,NOT_ASSIGNED,REC-000341,57ec71a2140e7801543097d2,CASE-00270,GENERAL_THEFT,CASE_DIARY,STATE_02_DIST_01_PS_03,STATE_02_DIST_01,STATE_02,POLICE,HIGH,false,false,false,false,OPEN,UNDER_REVIEW,false,false,false,true,INVESTIGATION,VIEW,false,false,NOT_REQUIRED,BUSINESS_HOURS,ONLINE,ICJS_STYLE_EXCHANGE,P-2026-05-STEP1,false,true,89d8b8ba36296dd0c8759d6dc008fe5302071eab3a88215b0949a0c715922031
REQ-000954,2026-06-01T07:12:00Z,cross_jurisdiction_sensitive,OFF-0224,b20f60775fe6a25591c31932,Inspector,4,POLICE,STATE_02_DIST_01_PS_03,STATE_02_DIST_01,STATE_02,MEDIUM,ACTIVE,NOT_ASSIGNED,REC-000061,de8ed503b092aff04a4f6676,CASE-00141,JUVENILE_PROTECTION,FORENSIC_REPORT,STATE_03_DIST_01_PS_01,STATE_03_DIST_01,STATE_03,POLICE,MEDIUM,false,false,true,false,OPEN,ACTIVE,false,false,false,true,INVESTIGATION,DOWNLOAD,false,false,MISSING,AFTER_HOURS,ONLINE,ICJS_STYLE_EXCHANGE,P-2026-05-STEP1,false,true,51fd84aa33a28fcdaaddcccaa9397873f74aa9e8dda5d94ee6fa21576eb18bd5
REQ-000955,2026-06-03T07:05:00Z,revoked_credential,OFF-0098,a2651cd5c21b20cc4d4edc22,Head Constable,2,POLICE,STATE_03_DIST_01_PS_01,STATE_03_DIST_01,STATE_03,LOW,REVOKED,NOT_ASSIGNED,REC-000312,66c1f1634fd4515b8f74f8fa,CASE-00316,GENERAL_THEFT,COURT_SUBMISSION,STATE_02_DIST_02_PS_02,STATE_02_DIST_02,STATE_02,POLICE,MEDIUM,false,false,false,false,SEALED,UNDER_REVIEW,false,false,false,true,INVESTIGATION,VIEW,false,false,MISSING,BUSINESS_HOURS,DEGRADED,MANUAL_ESCALATION,P-2026-05-STEP1,false,true,ccea7c05fe4441e3b07cb8e30990ecfe35e83c7f159e2331c58849d80bd41e13
REQ-000956,2026-06-05T23:00:00Z,court_request,OFF-0095,3a0f3bfd087110a0cbe914c5,Prosecutor Liaison,4,PROSECUTION,STATE_02_DIST_03_PS_03,STATE_02_DIST_03,STATE_02,MEDIUM,ACTIVE,NOT_ASSIGNED,REC-000196,2b5c0f81a93bb857349468a0,CASE-00078,WOMEN_CHILD_SAFETY,EVIDENCE_MEDIA,STATE_02_DIST_01_PS_02,STATE_02_DIST_01,STATE_02,POLICE,CLASSIFIED,true,false,false,true,OPEN,ARCHIVED,false,false,true,true,PROSECUTION_REVIEW,VIEW,false,true,PRESENT_VALID,NIGHT,STATION_NODE_DOWN,MANUAL_ESCALATION,P-2026-05-STEP1,false,true,b94de88599ad24916f3ee63396ce602870f48c5570416299c32175fb43bb833d
REQ-000957,2026-05-30T23:42:00Z,normal_in_jurisdiction,OFF-0097,0de9124a7d38c17a328e4497,Inspector,4,POLICE,STATE_01_DIST_04_PS_03,STATE_01_DIST_04,STATE_01,MEDIUM,ACTIVE,NOT_ASSIGNED,REC-000847,611df5ff59543174c9f30992,CASE-00252,NARCOTICS,FIR_SUMMARY,STATE_03_DIST_02_PS_02,STATE_03_DIST_02,STATE_03,POLICE,HIGH,false,false,false,false,OPEN,UNDER_REVIEW,false,false,false,true,INVESTIGATION,VIEW,false,false,NOT_REQUIRED,BUSINESS_HOURS,ONLINE,ICJS_STYLE_EXCHANGE,P-2026-05-STEP1,false,true,64c6321f1fa8767cf53c3ca6ae898528249525e5878dd17ec1186dbec34d3267
REQ-000958,2026-06-02T15:40:00Z,emergency_override,OFF-0066,a07f98edb4eac55d9fa73ffe,Sub-Inspector,3,POLICE,STATE_01_DIST_01_PS_02,STATE_01_DIST_01,STATE_01,MEDIUM,ACTIVE,NOT_ASSIGNED,REC-000118,d6154df7eb0a7850d878cc7e,CASE-00103,CYBER_FRAUD,JUVENILE_RECORD,STATE_02_DIST_02_PS_03,STATE_02_DIST_02,STATE_02,POLICE,HIGH,false,false,true,false,OPEN,ARCHIVED,false,false,false,true,EMERGENCY_RESPONSE,VIEW,true,false,PRESENT_VALID,BUSINESS_HOURS,ONLINE,MANUAL_ESCALATION,P-2026-05-STEP1,false,true,805ac0ae07adfaa1c8c039a126e3ff8393323ec2c9b51fb9f4d7bb3df9b73265
REQ-000959,2026-06-03T23:48:00Z,sealed_record,OFF-0234,a7db164c4af844793a01db35,Cybercrime Officer,4,CYBERCRIME,STATE_01_DIST_04_PS_02,STATE_01_DIST_04,STATE_01,HIGH,ACTIVE,NOT_ASSIGNED,REC-000131,3f62490bb6003e08aff86a5d,CASE-00275,MISSING_PERSON,EVIDENCE_MEDIA,STATE_03_DIST_04_PS_02,STATE_03_DIST_04,STATE_03,POLICE,HIGH,false,false,false,true,SEALED,ACTIVE,false,false,false,true,COURT_PRODUCTION,VIEW,false,true,PRESENT_VALID,BUSINESS_HOURS,DEGRADED,ICJS_STYLE_EXCHANGE,P-2026-05-STEP1,false,true,8371b3f530701c2de17a965411365e0611c6d11d7c4bf865200b6638bf532b70
REQ-000960,2026-05-31T00:00:00Z,emergency_override,OFF-0064,7eb01572e4f979827683d0ca,Constable,1,POLICE,STATE_02_DIST_04_PS_03,STATE_02_DIST_04,STATE_02,LOW,ACTIVE,NOT_ASSIGNED,REC-000318,c029e206494d47d41682de9a,CASE-00272,CYBER_FRAUD,COURT_SUBMISSION,STATE_02_DIST_03_PS_01,STATE_02_DIST_03,STATE_02,POLICE,HIGH,false,false,false,false,OPEN,ARCHIVED,false,false,true,true,EMERGENCY_RESPONSE,UPDATE,true,false,MISSING,BUSINESS_HOURS,ONLINE,ICJS_STYLE_EXCHANGE,P-2026-05-STEP1,false,true,70aff229ed8047dd66006afd9b79c548697a4dc30b48e24e9230d69bec39e871
REQ-000961,2026-06-04T00:12:00Z,juvenile_sensitive,OFF-0199,8c053db99a24095548996524,Cybercrime Officer,4,CYBERCRIME,STATE_02_DIST_01_PS_03,STATE_02_DIST_01,STATE_02,HIGH,ACTIVE,NOT_ASSIGNED,REC-000418,513c9be258a43ca7947c0ca7,CASE-00360,JUVENILE_PROTECTION,CYBERCRIME_COMPLAINT,STATE_03_DIST_04_PS_01,STATE_03_DIST_04,STATE_03,POLICE,MEDIUM,false,false,true,false,OPEN,UNDER_REVIEW,false,false,false,true,INVESTIGATION,VIEW,false,false,MISSING,AFTER_HOURS,DEGRADED,MANUAL_ESCALATION,P-2026-05-STEP1,false,true,3d5645010f29dab2b500066dcfb8b035fe46ec9fd04dcf66a20a7e1a075cfdae
REQ-000962,2026-06-06T16:32:00Z,cross_jurisdiction_sensitive,OFF-0044,e35d3d5ab37a57023a757cf4,Station House Officer,5,POLICE,STATE_01_DIST_04_PS_03,STATE_01_DIST_04,STATE_01,HIGH,ACTIVE,NOT_ASSIGNED,REC-000627,42a91652eab7d0965c774e59,CASE-00209,MISSING_PERSON,COURT_SUBMISSION,STATE_02_DIST_02_PS_02,STATE_02_DIST_02,STATE_02,POLICE,HIGH,false,false,false,false,OPEN,ACTIVE,false,false,false,true,SUPERVISION,VIEW,false,false,PRESENT_VALID,BUSINESS_HOURS,ONLINE,MANUAL_ESCALATION,P-2026-05-STEP1,false,true,69b072348dc834001a38468626d088992f2180923c8947407d4e070432c9837d
REQ-000963,2026-06-03T08:33:00Z,revoked_credential,OFF-0136,3388bd23d03d7e43b3bd8d53,Station House Officer,5,POLICE,STATE_03_DIST_02_PS_01,STATE_03_DIST_02,STATE_03,HIGH,REVOKED,NOT_ASSIGNED,REC-000030,ce330aa2f17b5fc410eb92a3,CASE-00268,MISSING_PERSON,CASE_DIARY,STATE_03_DIST_04_PS_03,STATE_03_DIST_04,STATE_03,POLICE,HIGH,false,false,false,false,OPEN,ACTIVE,false,false,true,true,AUDIT,DOWNLOAD,false,false,MISSING,BUSINESS_HOURS,ONLINE,ICJS_STYLE_EXCHANGE,P-2026-05-STEP1,false,true,0205e010e89fb59a7f3def2621e702a641d0f99f62ad736b3ffd869df651e8f7
REQ-000964,2026-06-04T00:48:00Z,cross_jurisdiction_sensitive,OFF-0182,f733b89b991cd7dc6791cabb,Sub-Inspector,3,POLICE,STATE_01_DIST_01_PS_02,STATE_01_DIST_01,STATE_01,MEDIUM,ACTIVE,NOT_ASSIGNED,REC-000125,5d055af90a40e6e2604a6787,CASE-00319,VIOLENT_CRIME,VICTIM_RECORD,STATE_02_DIST_03_PS_01,STATE_02_DIST_03,STATE_02,POLICE,HIGH,true,false,false,false,OPEN,ACTIVE,false,false,false,true,SUPERVISION,VIEW,false,false,MISSING,BUSINESS_HOURS,ONLINE,CCTNS_STYLE_API,P-2026-05-STEP1,false,true,2a185ff58bdbfbe6a690d5b1953beeddfa4ab8bbda4d3be27332f60264058e6e
REQ-000965,2026-05-29T00:15:00Z,normal_in_jurisdiction,OFF-0102,cac9c828654d5e683b80f1e7,Head Constable,2,POLICE,STATE_02_DIST_02_PS_02,STATE_02_DIST_02,STATE_02,LOW,ACTIVE,ASSIGNED,REC-000523,f25dca854781c5619ace3e1f,CASE-00316,GENERAL_THEFT,CYBERCRIME_COMPLAINT,STATE_02_DIST_02_PS_02,STATE_02_DIST_02,STATE_02,POLICE,MEDIUM,false,false,false,false,OPEN,ACTIVE,true,true,true,false,INVESTIGATION,VIEW,false,false,NOT_REQUIRED,BUSINESS_HOURS,ONLINE,CCTNS_STYLE_API,P-2026-05-STEP1,false,true,94e2d78c9c0fa677d92f14e571e6e200a1a0a21fab27182c39f181428fb1738b
REQ-000966,2026-06-04T01:12:00Z,stale_case_assignment,OFF-0231,b91bac32e23ee5afdb826394,Cybercrime Officer,4,CYBERCRIME,STATE_01_DIST_04_PS_03,STATE_01_DIST_04,STATE_01,HIGH,ACTIVE,STALE,REC-000755,6822db53c52593becfcadcae,CASE-00281,NARCOTICS,FORENSIC_REPORT,STATE_01_DIST_02_PS_01,STATE_01_DIST_02,STATE_01,POLICE,CLASSIFIED,false,false,false,false,OPEN,ARCHIVED,false,false,true,true,INVESTIGATION,VIEW,false,false,MISSING,BUSINESS_HOURS,ONLINE,MANUAL_ESCALATION,P-2026-05-STEP1,false,true,329743c9feeaad365edc75f436052d6a46a8d200b7d0d6f8ee2054df2c9a8b8b
REQ-000967,2026-06-06T17:52:00Z,normal_in_jurisdiction,OFF-0193,4be2947fa44b5e03c9285de0,Constable,1,POLICE,STATE_02_DIST_04_PS_01,STATE_02_DIST_04,STATE_02,LOW,ACTIVE,ASSIGNED,REC-000812,7b291ea97b660dc95e52b341,CASE-00088,JUVENILE_PROTECTION,COURT_SUBMISSION,STATE_02_DIST_04_PS_01,STATE_02_DIST_04,STATE_02,POLICE,MEDIUM,false,false,true,false,OPEN,ACTIVE,true,true,true,false,INVESTIGATION,VIEW,false,false,NOT_REQUIRED,BUSINESS_HOURS,DEGRADED,CCTNS_STYLE_API,P-2026-05-STEP1,false,true,15bb6acbfc11fba88c6a5f0d020c1196e467f861a2fa50eb780103024b5f4886
REQ-000968,2026-06-04T17:44:00Z,emergency_override,OFF-0108,f250eda449687032c1f3ce21,Head Constable,2,POLICE,STATE_03_DIST_02_PS_03,STATE_03_DIST_02,STATE_03,LOW,ACTIVE,NOT_ASSIGNED,REC-000053,c7a1cb7711a9318d95ea172b,CASE-00174,WOMEN_CHILD_SAFETY,FIR_SUMMARY,STATE_01_DIST_04_PS_01,STATE_01_DIST_04,STATE_01,POLICE,LOW,true,false,false,false,OPEN,ARCHIVED,false,false,false,true,EMERGENCY_RESPONSE,DOWNLOAD,true,false,PRESENT_VALID,AFTER_HOURS,ONLINE,ICJS_STYLE_EXCHANGE,P-2026-05-STEP1,false,true,321ff4bb837734f534738b482529a9cdbd5111d77ddc73292cae53b31d6e933f
REQ-000969,2026-06-02T17:30:00Z,normal_in_jurisdiction,OFF-0033,4f04697319f636cd795e5d1b,Inspector,4,POLICE,STATE_03_DIST_01_PS_03,STATE_03_DIST_01,STATE_03,MEDIUM,ACTIVE,ASSIGNED,REC-000783,711f7cc2bc52141ce8aa3579,CASE-00063,JUVENILE_PROTECTION,FIR_SUMMARY,STATE_03_DIST_01_PS_03,STATE_03_DIST_01,STATE_03,POLICE,LOW,false,false,true,false,OPEN,ACTIVE,true,true,true,false,INVESTIGATION,VIEW,false,false,NOT_REQUIRED,BUSINESS_HOURS,ONLINE,ICJS_STYLE_EXCHANGE,P-2026-05-STEP1,false,true,b50ebbc3b8f1388f98ed4e93961e3ee45ceab085d682cfc2cc40288bd2fe978f
REQ-000970,2026-06-02T01:30:00Z,normal_in_jurisdiction,OFF-0108,f250eda449687032c1f3ce21,Head Constable,2,POLICE,STATE_03_DIST_02_PS_03,STATE_03_DIST_02,STATE_03,LOW,ACTIVE,ASSIGNED,REC-000645,3d33aeac9a024f9da6d7ccf9,CASE-00235,WOMEN_CHILD_SAFETY,VICTIM_RECORD,STATE_03_DIST_02_PS_03,STATE_03_DIST_02,STATE_03,POLICE,MEDIUM,true,false,false,false,OPEN,ACTIVE,true,true,true,false,INVESTIGATION,VIEW,false,false,NOT_REQUIRED,BUSINESS_HOURS,DEGRADED,MANUAL_ESCALATION,P-2026-05-STEP1,false,true,7e1070d1ad238569f03df49f6b9fc4c5ecb9f3f5c45b3d081f75219997b4fecf
REQ-000971,2026-05-28T08:22:00Z,normal_in_jurisdiction,OFF-0180,8d48fc84d688aabaae7c6986,Sub-Inspector,3,POLICE,STATE_01_DIST_04_PS_02,STATE_01_DIST_04,STATE_01,MEDIUM,ACTIVE,ASSIGNED,REC-000235,7dea6e8129bbe8639d8b8ab6,CASE-00004,MISSING_PERSON,FIR_SUMMARY,STATE_01_DIST_04_PS_02,STATE_01_DIST_04,STATE_01,POLICE,MEDIUM,false,false,false,false,OPEN,ARCHIVED,true,true,true,false,INVESTIGATION,VIEW,false,false,NOT_REQUIRED,AFTER_HOURS,ONLINE,ICJS_STYLE_EXCHANGE,P-2026-05-STEP1,false,true,c5598ded660bc649f5c89656c5462da7661dc42b8a90e763f1039b13137d9b6f
REQ-000972,2026-06-06T03:00:00Z,random_context,OFF-0100,071c750c420d0b5f044d6ae7,Sub-Inspector,3,POLICE,STATE_02_DIST_02_PS_03,STATE_02_DIST_02,STATE_02,MEDIUM,ACTIVE,NOT_ASSIGNED,REC-000897,9e07dff2b8dc1dd1a0637d25,CASE-00140,MISSING_PERSON,JUVENILE_RECORD,STATE_03_DIST_01_PS_01,STATE_03_DIST_01,STATE_03,POLICE,CLASSIFIED,false,false,true,false,SEALED,ACTIVE,false,false,false,true,SUPERVISION,VIEW,false,false,MISSING,BUSINESS_HOURS,ONLINE,MANUAL_ESCALATION,P-2026-05-STEP1,false,true,b39d12ada76fd86345165a8619b72b63a62c5f5dabc54344ab4e3a634b1196c6
REQ-000973,2026-06-02T01:57:00Z,random_context,OFF-0037,61f9c30ebf940f606c1a2520,Sub-Inspector,3,POLICE,STATE_02_DIST_03_PS_03,STATE_02_DIST_03,STATE_02,MEDIUM,ACTIVE,NOT_ASSIGNED,REC-000549,e8304b66b0ffff3d75b72fb2,CASE-00309,NARCOTICS,CYBERCRIME_COMPLAINT,STATE_02_DIST_01_PS_01,STATE_02_DIST_01,STATE_02,POLICE,HIGH,false,false,false,false,OPEN,ARCHIVED,false,false,true,true,SUPERVISION,VIEW,false,false,NOT_REQUIRED,AFTER_HOURS,ONLINE,MANUAL_ESCALATION,P-2026-05-STEP1,false,true,8ec4f8e72b3fa29fd74651fed770c3f1b92517b60040e3eb312b781d75fbc295
REQ-000974,2026-05-29T00:42:00Z,sealed_record,OFF-0084,71f10fb896bfac44fed3436e,Head Constable,2,POLICE,STATE_03_DIST_03_PS_03,STATE_03_DIST_03,STATE_03,LOW,ACTIVE,NOT_ASSIGNED,REC-000046,39d3051b583edb8f08d3ac66,CASE-00236,NARCOTICS,CASE_DIARY,STATE_01_DIST_01_PS_02,STATE_01_DIST_01,STATE_01,POLICE,HIGH,false,false,false,false,SEALED,ACTIVE,false,false,false,true,PROSECUTION_REVIEW,VIEW,false,true,PRESENT_VALID,AFTER_HOURS,ONLINE,MANUAL_ESCALATION,P-2026-05-STEP1,false,true,5e4e50c48a3dd62fad0422a4d1f13946d0f85db696eab2945e157051a0cc80fe
REQ-000975,2026-05-29T17:00:00Z,court_request,OFF-0058,b9583c7e99cc3289ea585d73,Inspector,4,POLICE,STATE_03_DIST_02_PS_01,STATE_03_DIST_02,STATE_03,MEDIUM,REVOKED,NOT_ASSIGNED,REC-000303,ae6871039a0d9aecf690453c,CASE-00218,CYBER_FRAUD,EVIDENCE_MEDIA,STATE_03_DIST_02_PS_03,STATE_03_DIST_02,STATE_03,POLICE,HIGH,false,false,false,true,OPEN,ARCHIVED,false,true,true,false,COURT_PRODUCTION,UPDATE,false,true,PRESENT_VALID,BUSINESS_HOURS,ONLINE,ICJS_STYLE_EXCHANGE,P-2026-05-STEP1,false,true,dd7ddfba3ff8668a0bf68fddd066343fe2944b2942fc835aeb9ac74d120d338b
REQ-000976,2026-05-28T08:32:00Z,revoked_credential,OFF-0063,d57f9cfca107b054602e3afe,Head Constable,2,POLICE,STATE_01_DIST_04_PS_03,STATE_01_DIST_04,STATE_01,LOW,REVOKED,NOT_ASSIGNED,REC-000273,1efe844d933eebcd81826503,CASE-00258,MISSING_PERSON,CASE_DIARY,STATE_02_DIST_04_PS_03,STATE_02_DIST_04,STATE_02,POLICE,HIGH,false,false,false,false,OPEN,ACTIVE,false,false,false,true,AUDIT,UPDATE,false,false,MISSING,NIGHT,ONLINE,CCTNS_STYLE_API,P-2026-05-STEP1,false,true,04145a0538d728de4bf4ca83c6bd69b5c3a78b53a27b934950c514c6ca9f3300
REQ-000977,2026-06-04T19:41:00Z,sealed_record,OFF-0092,29e63067f87e22c26e60f375,Cybercrime Officer,4,CYBERCRIME,STATE_02_DIST_01_PS_02,STATE_02_DIST_01,STATE_02,HIGH,ACTIVE,NOT_ASSIGNED,REC-000828,5a1033bd9e2acc6a1296cf3e,CASE-00328,WOMEN_CHILD_SAFETY,CYBERCRIME_COMPLAINT,STATE_03_DIST_02_PS_02,STATE_03_DIST_02,STATE_03,POLICE,HIGH,true,false,false,false,SEALED,UNDER_REVIEW,false,false,false,true,COURT_PRODUCTION,VIEW,false,true,PRESENT_VALID,BUSINESS_HOURS,ONLINE,CCTNS_STYLE_API,P-2026-05-STEP1,false,true,5c7cf44d2bda03e1dffe1d9cd9aa718374443c08d699c44a66ab360d0209c678
REQ-000978,2026-06-02T02:42:00Z,court_request,OFF-0137,b5c2c2becf92b9e253d997f4,Sub-Inspector,3,POLICE,STATE_02_DIST_04_PS_03,STATE_02_DIST_04,STATE_02,MEDIUM,ACTIVE,NOT_ASSIGNED,REC-000571,4cfcb99871492acc92ea42ae,CASE-00020,JUVENILE_PROTECTION,CYBERCRIME_COMPLAINT,STATE_02_DIST_02_PS_01,STATE_02_DIST_02,STATE_02,POLICE,HIGH,false,false,true,false,OPEN,ARCHIVED,false,false,true,true,COURT_PRODUCTION,VIEW,false,true,PRESENT_VALID,BUSINESS_HOURS,ONLINE,CCTNS_STYLE_API,P-2026-05-STEP1,false,true,d24b9e0f798b775b02bb324ce740203a33effcebb3f731d6bd111fe542062706
REQ-000979,2026-06-02T19:10:00Z,cross_jurisdiction_sensitive,OFF-0224,b20f60775fe6a25591c31932,Inspector,4,POLICE,STATE_02_DIST_01_PS_03,STATE_02_DIST_01,STATE_02,MEDIUM,ACTIVE,NOT_ASSIGNED,REC-000113,72dd84998fce687b117e7ec0,CASE-00062,CYBER_FRAUD,COURT_SUBMISSION,STATE_03_DIST_02_PS_02,STATE_03_DIST_02,STATE_03,POLICE,HIGH,false,false,false,false,OPEN,ACTIVE,false,false,false,true,SUPERVISION,VIEW,false,false,MISSING,NIGHT,ONLINE,CCTNS_STYLE_API,P-2026-05-STEP1,false,true,172b76d096cc9ecb74952c7ce1d0cdfcf6bef8d476494d5d1d975f10015d0ae7
REQ-000980,2026-06-02T19:20:00Z,revoked_credential,OFF-0054,100ec956e3b5dce60e3db6a6,Constable,1,POLICE,STATE_02_DIST_01_PS_01,STATE_02_DIST_01,STATE_02,LOW,REVOKED,NOT_ASSIGNED,REC-000747,6625eddb060ef26315ced36e,CASE-00050,GENERAL_THEFT,COURT_SUBMISSION,STATE_01_DIST_04_PS_01,STATE_01_DIST_04,STATE_01,POLICE,HIGH,false,false,false,false,OPEN,ACTIVE,false,false,false,true,INVESTIGATION,DOWNLOAD,false,false,MISSING,BUSINESS_HOURS,DEGRADED,CCTNS_STYLE_API,P-2026-05-STEP1,false,true,34bf03cea6c7492c1fd101f02309a3f2ad656b0b5165913e132ac07f098ae88f
REQ-000981,2026-05-30T09:45:00Z,cross_jurisdiction_sensitive,OFF-0206,05c3cda35f4947118d9b39ea,Constable,1,POLICE,STATE_01_DIST_01_PS_01,STATE_01_DIST_01,STATE_01,LOW,ACTIVE,NOT_ASSIGNED,REC-000452,26560f8c17e3de8c4965db49,CASE-00356,VIOLENT_CRIME,JUVENILE_RECORD,STATE_02_DIST_03_PS_02,STATE_02_DIST_03,STATE_02,POLICE,HIGH,false,false,true,false,OPEN,ACTIVE,false,false,false,true,SUPERVISION,VIEW,false,false,MISSING,BUSINESS_HOURS,DEGRADED,CCTNS_STYLE_API,P-2026-05-STEP1,false,true,e304fd3fdd0f753e0e92ae49fc757826310b27e0509ee5aff6d016fa21d38da9
REQ-000982,2026-06-04T20:46:00Z,expired_approval_token,OFF-0145,733b1499389b250473119b5c,Cybercrime Officer,4,CYBERCRIME,STATE_01_DIST_03_PS_02,STATE_01_DIST_03,STATE_01,HIGH,ACTIVE,NOT_ASSIGNED,REC-000583,264f17522a14cb90f82924b9,CASE-00046,FINANCIAL_CRIME,CASE_DIARY,STATE_01_DIST_02_PS_03,STATE_01_DIST_02,STATE_01,POLICE,CLASSIFIED,false,false,false,false,OPEN,ARCHIVED,false,false,true,true,INVESTIGATION,VIEW,false,false,EXPIRED,AFTER_HOURS,ONLINE,ICJS_STYLE_EXCHANGE,P-2026-05-STEP1,false,true,7118314bc03010cfe632ff927dd7a90079ed71f52672eacc5447b76f25e4212b
REQ-000983,2026-05-31T18:41:00Z,normal_in_jurisdiction,OFF-0032,087843a059da3833acdab60b,Head Constable,2,POLICE,STATE_03_DIST_02_PS_03,STATE_03_DIST_02,STATE_03,LOW,ACTIVE,NOT_ASSIGNED,REC-000118,d6154df7eb0a7850d878cc7e,CASE-00103,CYBER_FRAUD,JUVENILE_RECORD,STATE_02_DIST_02_PS_03,STATE_02_DIST_02,STATE_02,POLICE,HIGH,false,false,true,false,OPEN,ARCHIVED,false,false,false,true,INVESTIGATION,VIEW,false,false,NOT_REQUIRED,BUSINESS_HOURS,STATION_NODE_DOWN,CCTNS_STYLE_API,P-2026-05-STEP1,false,true,591f51762c74abe4d9bd99c00ef6ca97669ab857ad05df52f07c013bdd56a1a4
REQ-000984,2026-06-02T03:36:00Z,sealed_record,OFF-0177,8287968c0e33f42b2e380e47,Inspector,4,POLICE,STATE_02_DIST_01_PS_02,STATE_02_DIST_01,STATE_02,MEDIUM,ACTIVE,NOT_ASSIGNED,REC-000793,b0e996b4ecdf66ce33e6405c,CASE-00299,MISSING_PERSON,WITNESS_STATEMENT,STATE_01_DIST_03_PS_03,STATE_01_DIST_03,STATE_01,POLICE,HIGH,false,true,false,false,SEALED,ACTIVE,false,false,false,true,PROSECUTION_REVIEW,VIEW,false,true,MISSING,BUSINESS_HOURS,ONLINE,ICJS_STYLE_EXCHANGE,P-2026-05-STEP1,false,true,5ff3db1b50395f6ce47bf7eba63f765836a22265a3a89b7830102ce06d683e1e
REQ-000985,2026-06-06T22:40:00Z,random_context,OFF-0219,72129b83faafabab27729edc,Forensic Officer,4,FORENSIC,STATE_03_DIST_01_PS_03,STATE_03_DIST_01,STATE_03,HIGH,REVOKED,NOT_ASSIGNED,REC-000774,e08af898025ee582a6c2db1f,CASE-00055,NARCOTICS,VICTIM_RECORD,STATE_01_DIST_01_PS_01,STATE_01_DIST_01,STATE_01,POLICE,HIGH,true,false,false,false,OPEN,ACTIVE,false,false,false,true,TRAINING,VIEW,false,false,NOT_REQUIRED,AFTER_HOURS,ONLINE,MANUAL_ESCALATION,P-2026-05-STEP1,false,true,da90ac21d784eb2dcc855f778236dbb6a1326e16d8ff2344b74f93429eef4b1b
REQ-000986,2026-05-31T19:02:00Z,normal_in_jurisdiction,OFF-0123,72950e6372134a5838550d42,Head Constable,2,POLICE,STATE_03_DIST_02_PS_01,STATE_03_DIST_02,STATE_03,LOW,ACTIVE,ASSIGNED,REC-000705,9ba3222b46677adfe4b27463,CASE-00179,FINANCIAL_CRIME,FIR_SUMMARY,STATE_03_DIST_02_PS_01,STATE_03_DIST_02,STATE_03,POLICE,LOW,false,false,false,false,OPEN,ACTIVE,true,true,true,false,INVESTIGATION,VIEW,false,false,NOT_REQUIRED,BUSINESS_HOURS,ONLINE,CCTNS_STYLE_API,P-2026-05-STEP1,false,true,7f31ac4143cb8c68927bf0c4ae919ab786f2f414f309d066e1f239b051fb5667
REQ-000987,2026-06-03T12:57:00Z,sealed_record,OFF-0102,cac9c828654d5e683b80f1e7,Head Constable,2,POLICE,STATE_02_DIST_02_PS_02,STATE_02_DIST_02,STATE_02,LOW,ACTIVE,NOT_ASSIGNED,REC-000216,f8d01d9519981fbe6119c784,CASE-00307,JUVENILE_PROTECTION,EVIDENCE_MEDIA,STATE_03_DIST_04_PS_03,STATE_03_DIST_04,STATE_03,POLICE,CLASSIFIED,false,false,true,true,SEALED,ACTIVE,false,false,false,true,COURT_PRODUCTION,VIEW,false,true,MISSING,BUSINESS_HOURS,DEGRADED,ICJS_STYLE_EXCHANGE,P-2026-05-STEP1,false,true,aceaece20c5333366699e761e4fe0b98ff3738013ea2257d558370d85ffff068
REQ-000988,2026-05-30T10:20:00Z,expired_approval_token,OFF-0068,fe7f0fee4990978ba985ec2d,Sub-Inspector,3,POLICE,STATE_01_DIST_01_PS_01,STATE_01_DIST_01,STATE_01,MEDIUM,ACTIVE,NOT_ASSIGNED,REC-000454,08885d987fd222a58c5328a3,CASE-00333,FINANCIAL_CRIME,FORENSIC_REPORT,STATE_01_DIST_04_PS_02,STATE_01_DIST_04,STATE_01,POLICE,CLASSIFIED,false,false,false,false,SEALED,ARCHIVED,false,false,true,true,INVESTIGATION,VIEW,false,false,EXPIRED,BUSINESS_HOURS,ONLINE,MANUAL_ESCALATION,P-2026-05-STEP1,false,true,40dd5228dbe1cb70995a1b09f9f9a4d683eeabd52180df04c2984c57bdb6209c
REQ-000989,2026-06-01T11:52:00Z,normal_in_jurisdiction,OFF-0187,dea3496d0907b239fdcdd5a2,Head Constable,2,POLICE,STATE_03_DIST_04_PS_02,STATE_03_DIST_04,STATE_03,LOW,ACTIVE,ASSIGNED,REC-000302,480dd8d22c5fc6cb6b711fb3,CASE-00194,JUVENILE_PROTECTION,COURT_SUBMISSION,STATE_03_DIST_04_PS_02,STATE_03_DIST_04,STATE_03,POLICE,MEDIUM,false,false,true,false,OPEN,ACTIVE,true,true,true,false,INVESTIGATION,VIEW,false,false,NOT_REQUIRED,AFTER_HOURS,ONLINE,CCTNS_STYLE_API,P-2026-05-STEP1,false,true,48c63cc145a0be9163f8d5d5cc504e8e05df88bf4b4e619d426ce210798c1258
REQ-000990,2026-05-29T01:30:00Z,sealed_record,OFF-0078,006fa23a737e20e3625debb8,Constable,1,POLICE,STATE_01_DIST_01_PS_02,STATE_01_DIST_01,STATE_01,LOW,ACTIVE,NOT_ASSIGNED,REC-000047,fb9b68002468d3dcf43099d5,CASE-00205,VIOLENT_CRIME,COURT_SUBMISSION,STATE_01_DIST_01_PS_02,STATE_01_DIST_01,STATE_01,POLICE,MEDIUM,false,false,false,false,SEALED,ACTIVE,true,true,true,false,INVESTIGATION,VIEW,false,false,MISSING,BUSINESS_HOURS,ONLINE,ICJS_STYLE_EXCHANGE,P-2026-05-STEP1,false,true,b282bb64857f29f474732b23eb6e2366d10b018d97c1f58dbf35c115dc507423
REQ-000991,2026-06-07T00:16:00Z,court_request,OFF-0209,46719ed3c0b1ab7f0fbf5f90,Prosecutor Liaison,4,PROSECUTION,STATE_01_DIST_01_PS_01,STATE_01_DIST_01,STATE_01,MEDIUM,ACTIVE,NOT_ASSIGNED,REC-000443,165537a7bd124a847522b908,CASE-00133,VIOLENT_CRIME,CASE_DIARY,STATE_03_DIST_03_PS_01,STATE_03_DIST_03,STATE_03,POLICE,CLASSIFIED,false,false,false,false,SEALED,ACTIVE,false,false,false,true,PROSECUTION_REVIEW,VIEW,false,true,PRESENT_VALID,BUSINESS_HOURS,ONLINE,MANUAL_ESCALATION,P-2026-05-STEP1,false,true,003c1529468c713823b0b1c5ece48dbfb8b74bc07abed336112127f56364c850
REQ-000992,2026-06-04T06:24:00Z,stale_case_assignment,OFF-0005,0c324b29f9a967adb599bde0,Sub-Inspector,3,POLICE,STATE_01_DIST_02_PS_03,STATE_01_DIST_02,STATE_01,MEDIUM,ACTIVE,STALE,REC-000577,8cd436b23498bf982d16d8f4,CASE-00179,FINANCIAL_CRIME,VICTIM_RECORD,STATE_03_DIST_02_PS_01,STATE_03_DIST_02,STATE_03,POLICE,HIGH,true,false,false,false,OPEN,ARCHIVED,false,false,false,true,INVESTIGATION,VIEW,false,false,MISSING,AFTER_HOURS,ONLINE,ICJS_STYLE_EXCHANGE,P-2026-05-STEP1,false,true,610e02e3650fef471018260accd40a6a4b9fbce9e8834b927f9b494b6bbc3dae
REQ-000993,2026-05-28T09:06:00Z,juvenile_sensitive,OFF-0062,318fd1a9b080d018ffb85691,Prosecutor Liaison,4,PROSECUTION,STATE_01_DIST_01_PS_02,STATE_01_DIST_01,STATE_01,MEDIUM,ACTIVE,NOT_ASSIGNED,REC-000107,e7cce0ac8947d10332441258,CASE-00098,JUVENILE_PROTECTION,WITNESS_STATEMENT,STATE_01_DIST_02_PS_02,STATE_01_DIST_02,STATE_01,POLICE,HIGH,false,true,true,false,OPEN,ACTIVE,false,false,true,true,INVESTIGATION,VIEW,false,false,MISSING,AFTER_HOURS,ONLINE,MANUAL_ESCALATION,P-2026-05-STEP1,false,true,b30693e60e60491ef645ee395e9d9f20b741a6b56f2bdccfb953baa72be7317a
REQ-000994,2026-05-31T19:58:00Z,random_context,OFF-0082,ad021cf14b60633e375d65f6,Constable,1,POLICE,STATE_01_DIST_03_PS_02,STATE_01_DIST_03,STATE_01,LOW,ACTIVE,NOT_ASSIGNED,REC-000612,7f416b45cddf9fa50b2b67c2,CASE-00039,WOMEN_CHILD_SAFETY,VICTIM_RECORD,STATE_02_DIST_02_PS_02,STATE_02_DIST_02,STATE_02,POLICE,CLASSIFIED,true,false,false,false,OPEN,ACTIVE,false,false,false,true,FORENSIC_REVIEW,VIEW,false,false,PRESENT_VALID,BUSINESS_HOURS,DEGRADED,CCTNS_STYLE_API,P-2026-05-STEP1,false,true,299da941430680f058a6bcc4566b5a0aee92383f98d0632191702fc37112a19a
REQ-000995,2026-05-31T03:30:00Z,court_request,OFF-0167,a2884bcebf8616c20bdb4688,Head Constable,2,POLICE,STATE_03_DIST_03_PS_01,STATE_03_DIST_03,STATE_03,LOW,ACTIVE,NOT_ASSIGNED,REC-000129,ba1246d80c3497ab72c2edc9,CASE-00281,NARCOTICS,FIR_SUMMARY,STATE_01_DIST_02_PS_01,STATE_01_DIST_02,STATE_01,POLICE,MEDIUM,false,false,false,false,OPEN,ARCHIVED,false,false,false,true,PROSECUTION_REVIEW,VIEW,false,true,PRESENT_VALID,BUSINESS_HOURS,ONLINE,MANUAL_ESCALATION,P-2026-05-STEP1,false,true,62c85d467251be303610fe578ed0b6b03cc7c9c9b65b97d57dcca80fb57f96fb
REQ-000996,2026-06-02T22:00:00Z,normal_in_jurisdiction,OFF-0181,e1441290962ca2a8517d8d0f,Sub-Inspector,3,POLICE,STATE_03_DIST_01_PS_01,STATE_03_DIST_01,STATE_03,MEDIUM,ACTIVE,ASSIGNED,REC-000264,87b096587a2f7133a6e4ac06,CASE-00123,JUVENILE_PROTECTION,FORENSIC_REPORT,STATE_03_DIST_01_PS_01,STATE_03_DIST_01,STATE_03,POLICE,MEDIUM,false,false,true,false,OPEN,ACTIVE,true,true,true,false,INVESTIGATION,VIEW,false,false,NOT_REQUIRED,AFTER_HOURS,STATION_NODE_DOWN,ICJS_STYLE_EXCHANGE,P-2026-05-STEP1,false,true,c117545e510d11ce4f5b78f9be529f0bd83c691bc02e889c42c235ab0a02da18
REQ-000997,2026-05-31T03:42:00Z,normal_in_jurisdiction,OFF-0114,80474f2be101fe342f3d27b8,Constable,1,POLICE,STATE_01_DIST_01_PS_02,STATE_01_DIST_01,STATE_01,LOW,ACTIVE,NOT_ASSIGNED,REC-000183,e12e00177a9ba0dc649887b2,CASE-00193,JUVENILE_PROTECTION,EVIDENCE_MEDIA,STATE_03_DIST_03_PS_01,STATE_03_DIST_03,STATE_03,POLICE,CLASSIFIED,false,false,true,true,OPEN,ACTIVE,false,false,false,true,INVESTIGATION,VIEW,false,false,NOT_REQUIRED,AFTER_HOURS,ONLINE,MANUAL_ESCALATION,P-2026-05-STEP1,false,true,2177a2d429d57ef6cc1b84ed472651a1503c511a51906c9a2382fc393d39e1ac
REQ-000998,2026-05-29T01:54:00Z,expired_approval_token,OFF-0237,7e3146ebb6c4e9a4f7f4cfaa,Head Constable,2,POLICE,STATE_03_DIST_02_PS_02,STATE_03_DIST_02,STATE_03,LOW,ACTIVE,NOT_ASSIGNED,REC-000679,c5a7655426851bce3abc43ba,CASE-00197,JUVENILE_PROTECTION,CASE_DIARY,STATE_02_DIST_02_PS_02,STATE_02_DIST_02,STATE_02,POLICE,HIGH,false,false,true,false,OPEN,UNDER_REVIEW,false,false,false,true,FORENSIC_REVIEW,UPDATE,false,false,EXPIRED,AFTER_HOURS,ONLINE,ICJS_STYLE_EXCHANGE,P-2026-05-STEP1,false,true,0c605c1739dbb2761b413d324e8d1823d95f98132c4b2700f9df129d3bbc57c0
REQ-000999,2026-06-06T09:45:00Z,expired_approval_token,OFF-0132,9a1678400f682a3201830c3a,Inspector,4,POLICE,STATE_01_DIST_01_PS_02,STATE_01_DIST_01,STATE_01,MEDIUM,ACTIVE,NOT_ASSIGNED,REC-000495,fd49baba4e1fe802274e80fa,CASE-00328,WOMEN_CHILD_SAFETY,FIR_SUMMARY,STATE_03_DIST_02_PS_02,STATE_03_DIST_02,STATE_03,POLICE,LOW,true,false,false,false,OPEN,ACTIVE,false,false,false,true,PROSECUTION_REVIEW,VIEW,false,false,EXPIRED,AFTER_HOURS,ONLINE,MANUAL_ESCALATION,P-2026-05-STEP1,false,true,d46d5e39330cebec2e978bf09e32ca251da8c3bc4e659559c9fa847f8baa3d7a
REQ-001000,2026-06-07T02:40:00Z,stale_case_assignment,OFF-0159,a1e23926bdb89d718dc0ff23,Inspector,4,POLICE,STATE_03_DIST_02_PS_03,STATE_03_DIST_02,STATE_03,MEDIUM,ACTIVE,STALE,REC-000027,db675945c3a004fc20e2e374,CASE-00030,VIOLENT_CRIME,VICTIM_RECORD,STATE_03_DIST_03_PS_01,STATE_03_DIST_03,STATE_03,POLICE,HIGH,true,false,false,false,OPEN,ACTIVE,false,false,true,true,INVESTIGATION,VIEW,false,false,MISSING,BUSINESS_HOURS,ONLINE,ICJS_STYLE_EXCHANGE,P-2026-05-STEP1,false,true,dfe6280a0b6471079c7654a882aa60285396ea49210dd603f91a51ad1b09d106
