request_id,target_record_hash,record_pointer_id,payload_hash,ciphertext_hash,storage_node_id,encryption_key_id,decision_hash,explanation_hash,policy_version_evaluated,block_number,block_hash,event_commitment_hash,pointer_commitment_hash,synthetic_only,raw_record_included
REQ-000001,ebee7338989614ba92eb1548,7c23875bb15e8c80d7552142,a2442cd1b07b7d697a72fce383002c7874017b441bad6ffaf1b3c61537c5588f,fa45e1768efdafddfa7ac53d4cc100b3442f63380cf9930f0a283684f235e2eb,STATE_POLICE_RECORD_VAULT_A,demo-key-a24a960f31e9,5528c8cfdb92c23feff0a56edb96a5b0071fccb3535aaebe53166e6a20b55823,f0bd4f3b97a4df2217c29b442e77234b44dd0fc780dcfdbcd5685a3cdd411fe0,P-2026-05-STEP2-ORACLE,1,25956a462e692962509682da0d828e8068b3cd4e05b3b881e9758433238ed7b1,7a224b28a643bb0de4c672740b495e62b21cb5d93dc0f43059dcdefc89eea9a1,918faca38bacbc632addd6e0500a048e919d45446085f47d0ef0fe267e56df92,true,false
REQ-000002,86cf9537924a3bb27fd6a3c9,d9fa6ca507763dfc70176711,39bcbf6c3960e10e5f45ffc2efd4df18271e1ea2748914d106787b96abc4dcbf,36bc2ed864f8213ba8e4f2214463a0050fa6e21101745412c727085cf5a3f961,PROSECUTION_RECORD_VAULT,demo-key-2f8689b230b2,958313998dd17dc98714b7487ac2861fdb9eab438199ab6019a1a41b337315d9,0a76906011c17bd9b6acb25d53052d67244217f47a7f4cbb88dd16133eee5a02,P-2026-05-STEP2-ORACLE,1,25956a462e692962509682da0d828e8068b3cd4e05b3b881e9758433238ed7b1,9c3a6510e8c0d29b0260bbf9923ce1bb24b805ae39a82a968cc9edfc3848a4f8,0a53cd9f64037dfd903bf8f7c3124caff40d82d36787050fb1d2831047bb4e02,true,false
REQ-000003,d8c9df09b1ba5408e3849067,6eacda078835644ed89c8566,4b6ac19dd370ba803ecacb1cf76818e95e6a02d1a2833e492850cdd5f75336d6,ec828f9a041246f129cb9148a86701e27d45677e0dfe2550a891c318b0da3635,STATE_POLICE_RECORD_VAULT_B,demo-key-a24a960f31e9,bed80e6e22f6f29f3c8f3c1cc0cbc710eda974bc98f3efbdff6162a3e89b2f13,a444f106a40bb84e1d6409199d0652f8f60f811305dd769cb627d4bbf480b281,P-2026-05-STEP2-ORACLE,1,25956a462e692962509682da0d828e8068b3cd4e05b3b881e9758433238ed7b1,edaba96e58e24831512f4bc42ef565f880c4578af976307d7028a6fcfd1fa24d,905a1abc2ce86a5d30fa7895f73681eccc3cb6b80cfeb98123853bf8579da731,true,false
REQ-000004,fb5fe9b5c0b2f6fb1de8118b,49c8948a3804bbf816fe35d7,d7a65a9480f1adac3f8a56afcefea37803690af9f10f0b74fddb90ddb390095c,b5a9b5016a079437856de0c62c5e1822b38e429e8aaa4413e864d40a1c2d918a,STATE_POLICE_RECORD_VAULT_B,demo-key-a24a960f31e9,521c34e9200d93b2ed38ab06001e30bd735bfac04440b4d91dbd86f34847ebca,3b39d6f59eb50aaec9e5dab73aaea2e32268ee86d8b3b12734dca814f3d30f5f,P-2026-05-STEP2-ORACLE,1,25956a462e692962509682da0d828e8068b3cd4e05b3b881e9758433238ed7b1,48380aa1b566c2b908986a9fb803c45590a6f24294a992dc4dcfd411842fe8b2,629f4e75ff8f5a3e761bad63208edcb66ab9f9c41255f064c6450872502c098d,true,false
REQ-000005,04bb3bbec77f28b17144322b,1ac6841b92f2572fe14d7bb8,c88d706dbc65cb2e90311425c4943172939a3c753320b160193b1ba1b11a1bb6,c08167a7a6ae4d6a1be6c12d8f622f604ae0871e832bb694dc9a5b7ed3390931,FORENSIC_RECORD_VAULT,demo-key-a27e431d0ad1,b5641cae8b4de6510a64815e6ab40cbbc5def96dddb8c066297412f566456bd6,dd06e583ee11b7fc10c3205face8414b1cda8cb7a4aaec2392e8246fca9a7230,P-2026-05-STEP2-ORACLE,1,25956a462e692962509682da0d828e8068b3cd4e05b3b881e9758433238ed7b1,35701fff4268fd7b29228c49dd00afa77ef027e4785c50b725e9b068929db729,b7e3de29d132388e1096d7530ad44c0b97b2c4ccea24bc6727ddf0d13cc7f9e6,true,false
REQ-000006,65c13ca172c0e8f26de94b13,aa978648087d758b62033b89,2de6ab7fbe98af5b296569f7f9711a54afc795c4acfe7b14fb749cae1061c674,511a61306f8414318edb2aedf2c88953b04817154ead346af4daae32d018a4ad,STATE_POLICE_RECORD_VAULT_B,demo-key-a27e431d0ad1,364b6b340b238e3f270d6e44ccc4d1c7af670b045b59e6cdff9def2ad8ace41f,ad503725a0156c5f5149579d6cda2f102fbb9a844acf96f72dabd066d40bc790,P-2026-05-STEP2-ORACLE,1,25956a462e692962509682da0d828e8068b3cd4e05b3b881e9758433238ed7b1,fb6d1dc62955109e13a796c3e19743734158ccd0368c2a9c315e02623cf85945,c73eae05625e847469003055707e8b7a2a96f2464011e451113c0f83e96fdacd,true,false
REQ-000007,efc254275269a6226b4fd601,a4850b69fe1db7981651e042,5c0c265557546d591987ec0f78cdf966c6916397a5ca93cdd47c6a275a21663d,26a2ec27edc171e0c6ae2089ff0174467dd38b08a57507286ff8c51351cf743f,PROSECUTION_RECORD_VAULT,demo-key-a24a960f31e9,a21de44ceedfd19e1b4ff64c2b28ff5e580eab1c23fb33d762c1579ba95fdcd0,2e89689f16f90510e3b5822aeddd44dd93095938031ce14ce2a72052d73329c7,P-2026-05-STEP2-ORACLE,1,25956a462e692962509682da0d828e8068b3cd4e05b3b881e9758433238ed7b1,b0a07f75a1cb5f1c041dfdebadcc4428c7690d220f2857c21903be57213fec91,e9eedbb4c226976c8468c5f9f6679af13997de9f8a9b50cc004527984ce23f92,true,false
REQ-000008,6bcf6ec8e79fb5cd0b4d23ea,cb688cf1eda2b81b3f07ea9e,3abed29ca27d4785b5124f0f90270b9771cb431ef0b2e940340b7c89f1094e65,efd9f7064e2c1b025da26351d7260afe518c2d8afd7c512597588f12c423835d,STATE_POLICE_RECORD_VAULT_A,demo-key-2f8689b230b2,76eac6f1a01cefbe731e3c6c439ea24a28b8789e395a23e4e23a61c58a95fded,b38df0e20391fa25fdcacafc82cf0da3cca9b4c3296681e99c6e6173d0185462,P-2026-05-STEP2-ORACLE,1,25956a462e692962509682da0d828e8068b3cd4e05b3b881e9758433238ed7b1,7785e6127f1565836dd195be93038608f6dce1a97f31d83ec05e339187374c25,50120a3585f2ec42c4a1fa9ff094b440338a7c1ad0efeadbeb5d56c7e930a64d,true,false
REQ-000009,8cd04623158a527d67db5be4,73e1aa4f6653022a7b2c8529,2d6aab11447d9776173db1b5d38fb5640b9aab6ad72125f667a363f9cd9f5732,96ca80d3db2fb97258402d8d66ab7151ad6d4e18e91ff06b904e44fe5b7eb7e5,PROSECUTION_RECORD_VAULT,demo-key-a24a960f31e9,41189bb466713ed3d20d1749739355cefff37b758cf0aa464f27aaab02900850,c8227d45095c5e5e6ae7a1f80b3f7e686953352b411af14ed9399477cbc0bd83,P-2026-05-STEP2-ORACLE,1,25956a462e692962509682da0d828e8068b3cd4e05b3b881e9758433238ed7b1,0e220a3126ac0d6edaf2ac9eb52daa070ba23082bc7d6dabd71883cb514a6de6,05b22b74c30c8acd67cfebbf6983172c1c49ba3646c4cad429638df2f67cf21b,true,false
REQ-000010,7d60c16d6ecbadcdbdfa7d7b,7fabf92c335b28d35afdd6e7,5cae78c63659442b94a1d9216138dcd543cea333b9e7330a7c87329307d2e4f9,8819f00e42ecdf97ba37f318eb3f55d99bad545be4dc9e85a75f5dfc86d24455,STATE_POLICE_RECORD_VAULT_B,demo-key-a24a960f31e9,748332c3258afc3655ae7c0d68784c2451e30fb625b2d24ffef11a5fa1c0a31b,ecd29a4546d3c216b85246d167ba4c5a0c450d4d4d1e26b53b7f7a9f64ac1ac1,P-2026-05-STEP2-ORACLE,1,25956a462e692962509682da0d828e8068b3cd4e05b3b881e9758433238ed7b1,0b29551d682bafdd9a2e19c6b953e505ed361dfedcae50bacabd73e761623a82,78de994a29810ff60fb9eab833e3bf54bddc80d16081602ac0d0549631ca04f9,true,false
REQ-000011,013db09002c5359870535b51,2e2ac9a056b9d38d5ca25b36,a684b83604e5c15b12cc17d1105fb27dfed23be0c73f1aec0758cea7442547d3,fb47cbdcdad3d34287af31a680f24ca24bbf0eb59b00e6f0705bdfae3ee24654,STATE_POLICE_RECORD_VAULT_A,demo-key-a27e431d0ad1,af21565731a079950f703995528280d00f08e05c188951432d6dc9948aebae43,512995722a7b064e05592d4b39c8b12be0f06005f5f0e007bfeeb281216d2796,P-2026-05-STEP2-ORACLE,1,25956a462e692962509682da0d828e8068b3cd4e05b3b881e9758433238ed7b1,2b6710d381bb922e69f20ab7cb3036f22932a796e1680c13941c484912c713a6,3d3cd7e72367e7eaa5b2f894dda47bfe25342a3e0c921caf78a4950e757ec547,true,false
REQ-000012,202493a89eae5b6458ec7ff8,ff14482635d6ecfb53a8f23a,bddbebd05956072b420c2e49234ff5c8eced54594a880636cd8afb9eaafcb143,a689637a60502fcfc6d491a0b61b9fff67a812f5f3e74f7e6bfda6b82acdd1cd,STATE_POLICE_RECORD_VAULT_A,demo-key-2f8689b230b2,5cd6ffc0148c4a6333aef7197817e994a1e21b751f204e972ebbbde709eeab27,30672bdfd17c1220c7afaab33fd9aae4b6b22a11f5156c894afd11291a51d7cb,P-2026-05-STEP2-ORACLE,1,25956a462e692962509682da0d828e8068b3cd4e05b3b881e9758433238ed7b1,68213ea3844933a152bf0b3cbbfccc2a7db303ffb2dc496972c7c22d2e3cfc8b,612dc116df7cef607a8ac4bbc7cf95051a40344d35ff4b76f396d3cb91dce2d7,true,false
REQ-000013,fb5fe9b5c0b2f6fb1de8118b,49c8948a3804bbf816fe35d7,d7a65a9480f1adac3f8a56afcefea37803690af9f10f0b74fddb90ddb390095c,b5a9b5016a079437856de0c62c5e1822b38e429e8aaa4413e864d40a1c2d918a,STATE_POLICE_RECORD_VAULT_B,demo-key-a24a960f31e9,b0d89f32211abaa2a042de0f236de484614cfe8984acc9eabcfd2eef0ad60918,4086873db8698b3a5f06fe81677f026c31168e37140127c4970fcfbbe9905362,P-2026-05-STEP2-ORACLE,1,25956a462e692962509682da0d828e8068b3cd4e05b3b881e9758433238ed7b1,4f64f406211f6d440b2968395293e26ba10f3884812aafe3f8e36641d337060f,64c4650776cb634983285378619c6b1dea824492625ef72e29f12294d80e4588,true,false
REQ-000014,318f5250c892dade4a4047ee,5855928c4b5552319f80bb30,28db917af5a9ac08f2ad8920d19193753ade95d26f9799e97586c1fec61384f3,9777601a74285350c8be1397a26807eea6dd36fdb2103a00879ebf2f71f0ea59,STATE_POLICE_RECORD_VAULT_A,demo-key-a24a960f31e9,9c69d67ef4e23edbeed006bf73c91c8a9887a93510c32f30fd582e2af74f4436,b767bb37458eea08e5b359055db22ccfbace24031b320bcec0a682699237572b,P-2026-05-STEP2-ORACLE,1,25956a462e692962509682da0d828e8068b3cd4e05b3b881e9758433238ed7b1,c3100ad95944947e52273f5ad255b34289a05e21bb4ad7d5343f43a173454e0a,3bc45a3925dcc6f69525aef4669dc36fc54b8294d301af86a41ced0c0198d264,true,false
REQ-000015,0e1d97f5f0e6ea3b9c5ccb7f,6f7484cd18c5e905f17ff129,41ec29fef26747021bc647427353a0905c527219b4ba792b77925fc39eab5ef0,ddb36e28d4a2a99a8209317f763252779d800349fdca102065db6db1b24692f0,STATE_POLICE_RECORD_VAULT_B,demo-key-a27e431d0ad1,550332a8d72d2d94337c42b8f015753eddd7baa962af200d12359c2af90839d2,392ccb1844f7b549f1ab6aea044c7a5eefc3815496013f2f94b3c58373087381,P-2026-05-STEP2-ORACLE,1,25956a462e692962509682da0d828e8068b3cd4e05b3b881e9758433238ed7b1,492790fb10e6ff380584f97637c489590723dd719f301f8965f248b03bf40801,05150d0c9ce857507c275f990acaaff5c88ce040e33c05f328e57842fcf64d90,true,false
REQ-000016,865e1a4e9bd8f6f99acdf7fe,719deaf3afa9b090fc97ae26,6eb67e65d279085bb0022aeac9ba0f48f10a6d0d15b7bdc6b71b75c5c767ed45,90cc6b7cad5d9da9d87e01a033139ef2e6513a3c736eff808235f982644b4428,FORENSIC_RECORD_VAULT,demo-key-a27e431d0ad1,900b97366af9ebb0f0650dc57eb96a9426e80a5b993886f981986b52e0651c45,37dfe3e0842c849e03a49acde51238d43c725db817df1cf09c9a4122e0235fcf,P-2026-05-STEP2-ORACLE,1,25956a462e692962509682da0d828e8068b3cd4e05b3b881e9758433238ed7b1,21adcacec31e7db1a28a8d324433d242d8eee20d2b6e272e9b9347c656a2b0eb,0625cb545e394ffb9ee2979beeb0b6fe1e11acef8e8f445fbbe129f0d2fd8304,true,false
REQ-000017,d87443e05911b2d34de3a269,e7983828086ee0be6477babf,677ffee087e60cdc66fbcf8a39d4adfe8780f80e3ad217922129a85435ab47f2,9ce61f30a464c9c38634d015542a7d8a43d197ec2c9c39fa23f82457b8fc1560,STATE_POLICE_RECORD_VAULT_A,demo-key-a27e431d0ad1,9d6faeaa9d90744b84b4ca6248c14eaae43b82c95ac201a8f2d31dca887760b3,7c64426c6bda43abbd625fbd8ccc9c92e9838dc8ce9c76a3e358143dd770ad55,P-2026-05-STEP2-ORACLE,1,25956a462e692962509682da0d828e8068b3cd4e05b3b881e9758433238ed7b1,47d58b5ed752dadaab949389dcbc49e20b24720c869cdec746cba4409dafc8e0,8f78c069671ef14d109f6b457d8c6b67ccacd42bb0a7391384792bf32eff3666,true,false
REQ-000018,035947ce158c415bf5e8b231,990c4db8e6fb9888d5e4b9ee,ea7786e09f96824a3fbd29f6f86fbc086df148b438afa2b2a8965d088b088f21,c090073a6d6cc516287e430cfd3e83339d3715c0f05255ac19c283920e23821d,FORENSIC_RECORD_VAULT,demo-key-a24a960f31e9,75e6ca7b2d7a30f6557edcac9fca80d957e793252a1edbae5139c9653b5bc0cc,bac6c2608c298bd79cb160d9db67bc7aa2fae3dbde2fd0f170963ae22dde13cc,P-2026-05-STEP2-ORACLE,1,25956a462e692962509682da0d828e8068b3cd4e05b3b881e9758433238ed7b1,f48cd0359b92eaf8eb4dbb702c4fc2b87c854a81260bf51a7e52788c66f63e53,9ec901a8997a9e9efcce9f963f5f42cd0e52f7bf545630d89ac1ed79b5177a7e,true,false
REQ-000019,855965ff849e31dc11494c47,f9d62cf0011e2f4af846a8ea,1672400a0577c8ac45a6bbd628edd27e9e43236294e70297b951d9e3f65347d3,59aa24bd23e42b159883b12e25fc5185f6fab7fa44346fc13362a560fa47affd,PROSECUTION_RECORD_VAULT,demo-key-a24a960f31e9,e5abc9d59c2b341514adeff791f9a964c7def5539066ee43dd80a0772ffc2080,acd684221bb306c021dfcdce6ad1d5f76b965578fe23c3e061af012c2230cc44,P-2026-05-STEP2-ORACLE,1,25956a462e692962509682da0d828e8068b3cd4e05b3b881e9758433238ed7b1,e706a48a9f9e0ac5f54fb87e7f03463182d9ee41863300e7044c3bcc09147c6a,5d9e71d6046fbb7bad184591c8a66ac05d5d0f38ea8c5baaffcbfeed30d6142a,true,false
REQ-000020,de8ed503b092aff04a4f6676,a5e2220499b8d82e7484afa7,c11086fcbb8ad16a8fe53b2f68a03868c612b7ec2f135f6e8e5e3976a71d22ed,2ebb787f5d90f5e17d37106e584086a87a915ff1384af932063e79482012ac04,PROSECUTION_RECORD_VAULT,demo-key-2f8689b230b2,1edde7b6f4d5fb400bbf210b6c4227aac93df34082afd832613f76233bb49b82,0116a129438f5f17e52f0a883f49db745d3cacbfc9d331e8bf6e0b4611344e33,P-2026-05-STEP2-ORACLE,1,25956a462e692962509682da0d828e8068b3cd4e05b3b881e9758433238ed7b1,66d1125afa6b8def3fce04ed9cb5013ee321e51a46488e2dcdae24fa0c881f5c,3ae5a4cb6992bb5b229ff4276cc9e85360049c9693a7ff0b025c8beb7d266f1e,true,false
REQ-000021,abfd23e434f0f6d490ebb742,5b76183de874918c71d2d438,4da089fc077dfa0aaa7b0c147983e7bc75f1a4b3b41df4c1d58e4e455936cb8a,f2fa315febb0cc0997ceaaea2d718cd1dd59cef16686c8d5bb66beaa51c208bb,STATE_POLICE_RECORD_VAULT_A,demo-key-a24a960f31e9,6d6696ffd7739375e4a7ab5f2ed4156c316691de090fc27d047b0ba087456c37,b52289a23857baf4e5ff5929df4a288851f60f6fcfb6ad36b1c2a6b8fab6377d,P-2026-05-STEP2-ORACLE,1,25956a462e692962509682da0d828e8068b3cd4e05b3b881e9758433238ed7b1,tampered_16b9d89c310934a36e242407877d960f0f8c8537178c8b67dd46fdb,4ab6d314dddf7bba5f511b79129310dd2cd8012b4f2a09b32c7fd31c57889ffa,true,false
REQ-000022,3de35c117f9aa817f83b27dd,8f59545a2c223fbb06913cd3,314aa9718e2d80a226b1e94a702d08582a7aaba6e78b399306277e00264fbc24,c2e8e75e7c2e0671114d3ac3a988e00024096c989a5782ee0304c222447fc699,STATE_POLICE_RECORD_VAULT_B,demo-key-2f8689b230b2,8907ea85ba8b2dc2bcea9415958d637ee59b11e6086f92f12fa947d51a277e53,4e10fb6c82b81ff12f19bc7bb8b805797f4b2b64b4f87b3abb02f325eb991e8d,P-2026-05-STEP2-ORACLE,1,25956a462e692962509682da0d828e8068b3cd4e05b3b881e9758433238ed7b1,16c679d42d542f4bbecd49a3e34179f1049c8ecbfd4d5adfdfb7d54438294fd4,b63764720a16490c1e3634d5d660e9911d7ebbc07424c1735314055a8afac1e5,true,false
REQ-000023,83adebd0920663713a0e1b4b,7e12945a3038ca1f89e62153,457c3dd168159345b26f36653d9259d9ad509f091af0412e5faffc1e4756ac17,ae19e86d2818b5d05a03300a191d8e8cadcfc0eb1fcfa9ba57b7fbad4b98db79,STATE_POLICE_RECORD_VAULT_A,demo-key-a27e431d0ad1,5b7992c4be916f7ff7cb42abcc38716a9bf3e64c97189237ec2ea225b49f2c52,14bebc66d551baf45981d85fbc08d939eff2b541b0ce3f102b8a60092e1307d7,P-2026-05-STEP2-ORACLE,1,25956a462e692962509682da0d828e8068b3cd4e05b3b881e9758433238ed7b1,5ef882014eebdf6dea7dbf5ea3dac1b6d40cae9572463c14e8c2ca4014958175,aad2c082cbd33f23dac9976415d70c0fb98c1b2b6ac809b8f0110d2246951909,true,false
REQ-000024,04bb3bbec77f28b17144322b,1ac6841b92f2572fe14d7bb8,c88d706dbc65cb2e90311425c4943172939a3c753320b160193b1ba1b11a1bb6,c08167a7a6ae4d6a1be6c12d8f622f604ae0871e832bb694dc9a5b7ed3390931,FORENSIC_RECORD_VAULT,demo-key-a27e431d0ad1,cbee32651104bae01496865128ecc6ea42c06fae6a1eacf6c1b736e37799c9b0,673d9d77665ebdcb7e0f019de75c3c41c25c9d512ad4fe53a3f8d4ddb9a2da66,P-2026-05-STEP2-ORACLE,1,25956a462e692962509682da0d828e8068b3cd4e05b3b881e9758433238ed7b1,b5d5ba318b33ea2c81037f0b6f7943990a519dddbb0a68624dff8017c7d6a028,840868e738d5d2fa2061b91c0fe94cbfe02d2b522ab62811655f5d9d113036bd,true,false
REQ-000025,6197a206f9aa2b3df21b2fe7,a43c50296a2f284be51bfb6b,7712edbf84fd5921f142b39db93eef83a966d02612c6649eaada5d94cf0fa9e8,5dd4a7bedbc407b3009ade9e5155ece66f463d32d55805bcdaaad3c53f9aaf1a,FORENSIC_RECORD_VAULT,demo-key-a27e431d0ad1,314fd39f9cf7d9ea5bbdbe58062fe9c4abde8d691e759cfa14f0676d6e0fd45b,db63a7440de01ec08efd1e8be6e8ce67840f98d5c9331790cad85eac8b104fbb,P-2026-05-STEP2-ORACLE,1,25956a462e692962509682da0d828e8068b3cd4e05b3b881e9758433238ed7b1,a75bf1a9a18e51445dc2599a12d75abcb28c7a6ef5b1555d1c57ec9413f11ed0,4ad7aeeb15a6ffd287914f7b117057010a2367526af89c1512b10aff23e79081,true,false
REQ-000026,a6e23e6abf3d2acbd2b24e0b,ac48ae61074520a4b3430aee,a222927c0122c0a45911d29593b9337447d13e2c6ecebec9c8569a95a5f54f0c,7e19b89759dced6fdd9a39afa9854c78de3ecf1b3b3e5bf6102b2036b29c41ef,FORENSIC_RECORD_VAULT,demo-key-a27e431d0ad1,fffefe3b8ddbb217881f07e7f80ac03c7e68f722e4af6185c225977cade1e1f6,2c19eeb73718a71ad1e70d14785498af013d4a483b9a54c6fc00a22585310537,P-2026-05-STEP2-ORACLE,1,25956a462e692962509682da0d828e8068b3cd4e05b3b881e9758433238ed7b1,24a4c6e0b0982d9e6a5d88fb468fecb5b99c518194de37b253c95165ea00f492,54a56fb04c9bcfd230a7e7e73d0c93b70b10ec094245c4dfe07e70bd17edfee2,true,false
REQ-000027,77d32ca0b64129acb6ad66e4,96b175919704eaf4671dedfd,1e6897ccef5599f9f39e75485c4afd36ac36d98721faaf36368fcbe09df09e87,899315203faaf636e280d5e99ee0493dea065b458ca0b1fe2d87a2774c06ae4f,STATE_POLICE_RECORD_VAULT_A,demo-key-2f8689b230b2,ad8b13770399f80bbc1c55b2820aa26308a80bc219939af7a7d5c89090cad231,0448938797da242e6328662aac5183f0b611c6ad83ebee6c5a61b3c12a7f29c9,P-2026-05-STEP2-ORACLE,1,25956a462e692962509682da0d828e8068b3cd4e05b3b881e9758433238ed7b1,19f9e217e8d13b791952830dcaee5c07f658f0c81d4e11c3dacc3312683d3ba1,96a8ce3768a075b61c00fb5f091a9bd8ee6f0929715b398a8cc38b1b4e89eb9f,true,false
REQ-000028,05c7c986bc49b426bf6cd52e,63606e89c62fe65e3bfec5bc,c57d86828c1cf1d87842d3eb2ed7c3280f586512e0618c8459c57671352a3a48,f6a3c897e21cbd6e798e1bc49bd76064035e7fede9b971043b0e0db8562c79be,FORENSIC_RECORD_VAULT,demo-key-2f8689b230b2,a8dbfa7db2d9c29d0094c145e5847ca56ff0173fefab14e644c6dc25f2413c65,ebbb4cb13db4659da948d2624cd8fab405d71997a9491a52cf9195d8863880ad,P-2026-05-STEP2-ORACLE,1,25956a462e692962509682da0d828e8068b3cd4e05b3b881e9758433238ed7b1,ade0cd23c41e913923811b00b5a6e95da71e40f0c21fac27907f33db43f314e4,bea52742c7516d9b491095164624b93f4ef699f813b3dc083cf2247876f2332f,true,false
REQ-000029,949e9506f350533dfbd08052,324e17d46e6f934f4c8cc38f,2af41eaf92ab735a5f69bab31ead191483386c7fcb6b8888b3215ec39357e900,265d265726c543c78fa8a243be19dad4b68a46ce642ed62a1b6597b8d2197e4b,FORENSIC_RECORD_VAULT,demo-key-2f8689b230b2,b1381a6c807f6f76e25080667d6ae7694012c5667b013f60a35164adcfdb0df3,520a70b7cbf85be766de887e7a14d7c5b94fad95070e46628c3a3d28aa929f38,P-2026-05-STEP2-ORACLE,1,25956a462e692962509682da0d828e8068b3cd4e05b3b881e9758433238ed7b1,9ee49722c3bd7339b289a4c9a65303cb2dce80e9edfc90223a76cda41345314b,71c304f7ad4de80a42d61dcc3c6c0296cddf46e6e1be214dc2716f41c8b2bb0e,true,false
REQ-000030,4020825f360cc30925138d2c,4c7713902dc82a56bd4b53b1,353c82d8e747bdb64a86428374a9646a43ee69cd3d2cfb4c54c387a5f67f4043,6fc477fbe16d080d43ca0adcb307e9dc71eadc3eef4e437b2ab94f416741b57d,PROSECUTION_RECORD_VAULT,demo-key-2f8689b230b2,9bb8022277fa14a0f213760354d3e9e9c0220a71525975b5ed8fb605764cdca4,312213046a28eb59b0911f26d76707a762950655ba4f4d011068fc89256cf6d3,P-2026-05-STEP2-ORACLE,1,25956a462e692962509682da0d828e8068b3cd4e05b3b881e9758433238ed7b1,a347ac210dc7802c5463a93edf2343a357395699fd53bb2dd38528c8aff64499,7e1e9662e63258856e71b8ee3d81c0c56ac170050c9f50c38842c86476848d49,true,false
REQ-000031,6e7de166bc3795238e165ca0,bad553a975fe398c21ee2d68,fdfd7c8a925771905fbdc437bc10a4962d73c60ee28f5cebbf7430ab8cf21409,3ed88a2b8786039caf1783a8082482129ada0846e74d7c6b7a96a1e5fb364e9c,FORENSIC_RECORD_VAULT,demo-key-2f8689b230b2,af4f55eb1541a59d3c6b4674cf2f4073326db40930af5da3dec25f3f9cb7d9bd,78aa850f7ddccbb44a60f183193863c8fa3bd414552142769e61b61963894d4f,P-2026-05-STEP2-ORACLE,1,25956a462e692962509682da0d828e8068b3cd4e05b3b881e9758433238ed7b1,bb44454bea8aaade59ebce8bbb460247cb8fc5ae459afefd4274023642e95e64,90a5a61fb5f2e02af01a0e329bf47181aade15fc7985c72fe530814d56739ff5,true,false
REQ-000032,16baa3e2081d8d2c21cf5879,7e1e335d45bcb4ab7e9ed4b2,042df3e778b2d1e356766b13442685bddecb8fe961b51019ab353faafa94dbbd,54cfef0462820c5c589c9e0f3b404d1d4555db1aab0090af35e48848c0505f29,FORENSIC_RECORD_VAULT,demo-key-a27e431d0ad1,0b78daf64dc6b8fdd17b91ae287e7547af479486564bd5f70d570ea9e6e2d78d,57a5cc068351445acf7c33a8751bea18ad5a9609238f81c1aeecb89b53d571f4,P-2026-05-STEP2-ORACLE,1,25956a462e692962509682da0d828e8068b3cd4e05b3b881e9758433238ed7b1,1238a7740c469d8a69342d181fcbfbac9c99825944828d152b5fecb0bfe6cc49,b8780618c00a8105e7f1075bacdcae34610937d02ce33267594a998b5440bcf2,true,false
REQ-000033,fc498ccdbed501011d0e55db,c7a5f4c5d5ff0f6c55d77a23,d3d36a52bd75e1652526cc3aefe477208e77cf7de00d0bd60b24078c65690d51,73b9b624747bbe539f39558e7a2a3915c54c2ab75c27679b059b0d3dfcc75e2b,STATE_POLICE_RECORD_VAULT_B,demo-key-2f8689b230b2,eff19ef288b52ba943f97eb37337a0744d184548c04c4b101368509b9b9e983a,e18dd19ce768be3492cce9fa43b4196180c6591bdb7e95cbc44bbf39dfbf4535,P-2026-05-STEP2-ORACLE,1,25956a462e692962509682da0d828e8068b3cd4e05b3b881e9758433238ed7b1,27a05a87f6d308b969d939e85b8b41f6e14c1f008b47daa6f98b2ec09bcc2b62,d8ef2773d217bb291cc7ce21335cc4eafb3c3ed75fd627d10eb35f1704585a3a,true,false
REQ-000034,62c4bd5e3c46d322ca954d3d,b6062baf2b851e9e9fd94bea,2b6d7963537ed3f91995340384b021aaeb9ac8d9dad0e5fe38cd343ce14a5604,305794109d06e3902bb6b6c7cc85214a66866897e68f23f93f34c0bbd7ed9b94,FORENSIC_RECORD_VAULT,demo-key-a24a960f31e9,e8b152c910580a7e5038510dcccfb885970cb24f08e7801b9864d97804f85c46,f04e54c8eab596ec7c769e622f40ad8fa96030334ff1448992d781327fbfe0e9,P-2026-05-STEP2-ORACLE,1,25956a462e692962509682da0d828e8068b3cd4e05b3b881e9758433238ed7b1,a0b45a2ae9a312c8765231e4e922d58250b31271ed89cb4c8a6b1dbdbf21d408,fdc2edad36a02b7616d32b1dbd44b9bb6a0f541680dede553b3a7f4e63d2915d,true,false
REQ-000035,3fad45ed842e9179a901ac73,cd367da0cb59bc370e3d09aa,c2d242740e3470bd37e67732fb7c277aad2bee1b87fa1a35f46742bdd636a17d,a205438d67bad307c53a53d6d4b5c7e374450ea6cd75c8832f56b093c5ffd151,STATE_POLICE_RECORD_VAULT_B,demo-key-a24a960f31e9,d42362276f6c3f70ed92fbddb52704b6f39df2e62074357a9c58e82a6e00975b,6a60e4725f7de89c4857686fb040020340bbd89336c96809d1d3f95f6bbc3e92,P-2026-05-STEP2-ORACLE,1,25956a462e692962509682da0d828e8068b3cd4e05b3b881e9758433238ed7b1,6b8ea9c477579f7c534c9e6e1762e612ba02d3537329fd4ba5545305c2147390,a45f71b1905da0ec0f9ff3e44bf8acf30d1742421028efb6c0aa4474a0df6c46,true,false
REQ-000036,118bf6e235079ff659306fe5,3eff4d63eee5bdeb00e91c71,5da5ad4e0e3288948ad4c6f287bc6a0abeeeb87a5645a4d2a6874c910b3419ea,c96f7917d6e8790567c25279db8cd761f213b3ed9c4b0108d31083d41f8ac6a9,FORENSIC_RECORD_VAULT,demo-key-a24a960f31e9,ca6f6742d704bef0a5d48d8aa64b14dd2610021b97f2b1d34712b13480ce4bbf,b4830e6ef2531eeefac3fe692982d06919e83223a576d2c30e103543de79ca8d,P-2026-05-STEP2-ORACLE,1,25956a462e692962509682da0d828e8068b3cd4e05b3b881e9758433238ed7b1,1b3436629a21df4d5278f15c415e64b010822ec7629da13e3ed1122881dc62de,9a96899c53568809bdf8537a7a988cb0ee2a57c212446b5ef4d078d47d6359d6,true,false
REQ-000037,3ba8e78c5a6aece88796d6f8,1661a3db311f51dcb78c93e2,c52a419816442ffcca29b82e4d8dc3f0c059e719f517564664b96c689eb65507,a5a6640395d37006e9dd0853f69ba7d4d3f121484691534307064861da04b0d7,STATE_POLICE_RECORD_VAULT_A,demo-key-a27e431d0ad1,ba0185ee159c84c093176f100ae7c7728f43c22346911f9bc1a5fef3c453b889,98f08db171b27a1fcaa503566e4e37b2559d5082e660587c67fe532f9b5a94c6,P-2026-05-STEP2-ORACLE,1,25956a462e692962509682da0d828e8068b3cd4e05b3b881e9758433238ed7b1,a7687aa36735f342c641e8329a92086c1a4152f3a73665264e40f95896a87035,4c4a31aadc8837fbce44a9c4df7b3901e3984c9efb2d355b6aea1ee53f340f2b,true,false
REQ-000038,8a1855c9f0da9b257d4efc0b,0fb35f34d79b9cbcbf76f81c,3ef2c7e41364724539b8f376faf00784e53c6c26ddc6ab571a1b62c1f8b67d00,d17dd565deb748d634719a8c8be78cb8c3b3d1040ab7313d9aa161178884c027,STATE_POLICE_RECORD_VAULT_B,demo-key-2f8689b230b2,48a26c8095f6a241d80eb31e71c9598bd4188ff903e0fc642f5f6a58d0cfe90f,5d2911b9cb39f428a96d04fcf22e7c7471b14faf66296e946ec38bd131523c88,P-2026-05-STEP2-ORACLE,1,25956a462e692962509682da0d828e8068b3cd4e05b3b881e9758433238ed7b1,0e0b488677ca1dcde9af5cf1184de799fb9652318171f8035f66c8197e279e71,1a882bbe1cc43f21d2154b8eed6eb1525b7544b6b73e99f972cca1c7419012d9,true,false
REQ-000039,45f266e2d8253ba005720834,da8e346c8813377a32ecb201,14fa5a27811d9eabdc91ce07df0a1a22df1910446fa921e27b19d5c7b08a339f,83c0cf39ef0b6799b3120d53c98959cec00adeb8d0bbe51de8324c74131cabe7,FORENSIC_RECORD_VAULT,demo-key-a24a960f31e9,7109393c90d613f601bdf3beb3f229936b12708683403435f063e61580107ebc,2d899201fefb9aed874c668e6557b83222a233ac1be74bedca614beda2f64bf1,P-2026-05-STEP2-ORACLE,1,25956a462e692962509682da0d828e8068b3cd4e05b3b881e9758433238ed7b1,eca9b38d4120ac7c73431651250eae9208f6673068110218defba70d2bdf4a26,0278a2c12a5b176042ed3dd9a7fb8a2e29032a5c820c02df2749bc4a50c6eead,true,false
REQ-000040,168a1c2b3087fff6a8185d0d,69b3c264714f925c4a16ae3f,30f165980dff96198d3c0450951510e2898974faf4658b86fe03c6ad371942ac,c8a0bde02679fd36752d06aacde061566a12f6e1fee4e36d39374f9a6c9d19d3,PROSECUTION_RECORD_VAULT,demo-key-2f8689b230b2,564dcc942520284333b85ef2e2f4465bffeaa70af34ff3c525c8ec739e01c599,c64559958af367f2b2ee19bb64bf90b0aa372feff7cacfc267eae60f22140c9c,P-2026-05-STEP2-ORACLE,1,25956a462e692962509682da0d828e8068b3cd4e05b3b881e9758433238ed7b1,0a81d8f02e194f2a3e6c4246df7b6c5f862e2445a1bf28282f0ab1f900babdb3,5b1c808aa64862c635ec278476248678d017d5dc87049368c593c6e0f42b43d9,true,false
REQ-000041,19d91561ded3d1723d97b056,ce3433be5713262b7500f382,9c88a105eeca8cf7f5d3696646b8a5cd16a39b36ce5062f60861c93c64773b3a,ec2b757a0ef38cebe0e680e098441bf68fad6131cc0043f1ccd31908fa324514,STATE_POLICE_RECORD_VAULT_B,demo-key-a24a960f31e9,3f821efb8414590b4dbb8f704ff2b4b9ccc1acfca1b369e6ae8ad4e70693d8f6,b3e7fdb551a5d3432dc74024246bb1c36fd345d46b82ab7ff92fe2ee57c0b4fd,P-2026-05-STEP2-ORACLE,1,25956a462e692962509682da0d828e8068b3cd4e05b3b881e9758433238ed7b1,a071fa179d991dc219788650d6ecfa801790c8c617e4bdd2c6f2bc44cd567d10,052b501450a5e9c456cc3c7556bf426876ea1d2e17e0f8c1451c424fde166ab8,true,false
REQ-000042,3be862e685c83a2a19e0c1ca,eb93f2ff1c331b1bc2516367,6f238c4828a7ef06193e038ec3223c7cbf96126d8ee584ca363e7b566815566e,dee7c7d621e3d9107e7a690843fcef5f5b359ec144e03c84b59869def6aa3a46,FORENSIC_RECORD_VAULT,demo-key-a27e431d0ad1,6da45d9317ef29c6d62dbf1ebcc26cde5fe5a5f67d244b099aceb5b41b061c9a,d0c2c483b94507e3e883e06c9426e4eb472ee42a3a205e41ed9eb9107247e96f,P-2026-05-STEP2-ORACLE,1,25956a462e692962509682da0d828e8068b3cd4e05b3b881e9758433238ed7b1,4e3d5454ca966eaa09e3d2123fe1b9f2bf927ccdb1a093b77d5a44783908fb65,dd4743ef11b720ccaecb8c6b06f2b1b79280369b863ff7cf13840972ee9b7095,true,false
REQ-000043,5ab36a7308e1e2c1c699873d,b78947c1c09f1b2bb3e84df4,498a0a475108e7bac2481604250d20625057516abf5e6503a0935d17b080043e,8f61929b214a0be710711d0ebf00465e3bbe53bd98fdc27b082a659bac995875,PROSECUTION_RECORD_VAULT,demo-key-a27e431d0ad1,d1a51ffd08dcf26d767d1d9da2e99ffe507ca0afdc8cc6185e8efaf079d4755c,6e03aa2a4bae3305af713dbc01176310a22ece9078e4f03178bc23d9dc6e29ce,P-2026-05-STEP2-ORACLE,1,25956a462e692962509682da0d828e8068b3cd4e05b3b881e9758433238ed7b1,5857cfc0b26a3fb3f543967b844e4ce27573d7b658d363eea527b83ac1bb2a6b,400c2ce27223ee767e34e10ad1b3aa044b95118ed3e36ac9ed79d7a35025087f,true,false
REQ-000044,dc4c3f3e77fc3a315713097c,f5af0a6359e880352f43a393,59065fc48559fae9702914e102600107c2afa9c377351fee75adff116495c90c,acb4072390a7ef875b74b0c590c5c553bdc1bbaaa66df69821b5d3ae1d752c22,FORENSIC_RECORD_VAULT,demo-key-2f8689b230b2,dab136348fd87c1f17f7ca430a5ccf046334f9d0fe90b594a6dc7443f899a77e,8cd2ac068183485288d8800cd385284e98b268bb9ca54d2ae24fd7b58b81b298,P-2026-05-STEP2-ORACLE,1,25956a462e692962509682da0d828e8068b3cd4e05b3b881e9758433238ed7b1,c6a7e45832efc97a14ee8009c17697b8ba16c0511b4c972d038bc752242cd095,883850048595d9d3ebf777c65567bb12163a53838cabe5d9f00e374a6c9556ed,true,false
REQ-000045,17ebb06a599dae60d15c8174,218f4df873310904e9b77947,c1a7ffc5db0d7d840fe3ed9a6e738ad1b3acb2ce80972ed5ca0c4388731f81ac,c4d9d03b3ad4439feb42620b87defc560d6d52fb5b883426d18720c801487a4c,FORENSIC_RECORD_VAULT,demo-key-a27e431d0ad1,fdf8a74c70c153accd09de7416fbe50a5611dc70f5e6bed9ca583f982175e2bb,d495fc37e2619a0d8b619377c52cd3df04123112ff8e8f5e80e37355ae64e7af,P-2026-05-STEP2-ORACLE,1,25956a462e692962509682da0d828e8068b3cd4e05b3b881e9758433238ed7b1,1f99b4a0b5e1944850af4328f045f3711809db49f4dcabf85d1ce2111d2dac6d,9f13f5e9b017ac7c90a094ea766893509cee54d881631e664ad8690746e5b658,true,false
REQ-000046,7e2aedceb6118ffd11b5c74d,8982452aaab02875d3d7df04,9beded4b7524cabee29caadff9a8f1bfd0f2beee79f9dea29b4fbbc8f6ae3d8e,26a6218cf59aace8b5c30f797a5c72b5b493f8f49a67f1648481a87186538d6e,FORENSIC_RECORD_VAULT,demo-key-2f8689b230b2,da5a533240ba7cbdd3ca5465621b8819b8dc5f106280fe186ab16b7dd9955764,88f4d24323351eca22ae42ac0da76ac4cf43b3bd6cc8ce66a17ea97d2f5ecaf9,P-2026-05-STEP2-ORACLE,1,25956a462e692962509682da0d828e8068b3cd4e05b3b881e9758433238ed7b1,ce02dfd732bb5e09a14c50ad5e5ecd2e7091091772cc00889b8e1f6c13efe00f,c8cf59cf6ff09be3f8bbb0016a2e634ca9a576bf1c1b6607dc7155345dd32c69,true,false
REQ-000047,b6253d82131a9ba998cdc6ba,3ee5deda29af53e15d16d35a,908f413d2432ca4fa050745e2eff530a9e5c8449bcbc7a5dcf0da8f54020c871,ebe290f2da3dab5779e1bb3f96c50e6adef3c8e86c6a7c790523ea50f6292be0,FORENSIC_RECORD_VAULT,demo-key-a27e431d0ad1,0f87760e5cf1b6bc2545591182fa2925218b17801e1d213e0debcda832f2f958,5ac71596639a51d67f284c847541aae7ec163d5fb9ea3a7f798df097016a48cb,P-2026-05-STEP2-ORACLE,1,25956a462e692962509682da0d828e8068b3cd4e05b3b881e9758433238ed7b1,17deda8eb8f115e90e1db3bf1586d0f3acc4f4775e77efba0e077aedaf60e58e,cd190152a9dd7dca072d8c8de771aeebe2ab12b3924dcfaafd2568e92c98b954,true,false
REQ-000048,df2072e9cce45f58ab9712de,b80d743b4e0bcdd48565970b,485bf75fd6ed6526e29e7333590dc89afa3cfef3ea3250b8b7822703dcf5360e,6446a770fee0df2410b5db2b92ceefe767dcf4bd3c18ccaa6335d77b6216f648,STATE_POLICE_RECORD_VAULT_B,demo-key-2f8689b230b2,3efbd4eca0dd440a2e44601f351436802aecf2eb67209c6c034c70741e40ca93,2e5fbe313f051f7a6aad5e4fac234993b43b3ebd7958bbfc31e9d1f1c05c9457,P-2026-05-STEP2-ORACLE,1,25956a462e692962509682da0d828e8068b3cd4e05b3b881e9758433238ed7b1,29d15c3a703938573e721ed2960e4e00d7a4cf7b1078718fa33e16f6fd6da3fc,8d769a3dd00885b1b1fc6548ec2505257a26bd6db419009ecd02b79a5d49337c,true,false
REQ-000049,c36ad04b5ef75b66d4db8068,e68511344788b53a5ac7adb4,9b73c235da2ab524fbc2285c646ebfaf7103b4617422f798f07f54550049d15f,9fc2963c0b9421253fa157c81d50d25c1d6be85bdc0e41c6fc5cb4d088c93a8b,PROSECUTION_RECORD_VAULT,demo-key-a24a960f31e9,d9e621eb45c1502830b47de9ae59fb79cee32c004054a88483c669cee994e000,e39b77999c4ba742cb631d43025b4a61ed26dc8a06e1bf172d153a79d867a2aa,P-2026-05-STEP2-ORACLE,1,25956a462e692962509682da0d828e8068b3cd4e05b3b881e9758433238ed7b1,6b9915137f3dfb43bbd5a15045a46ff19cf2eb33d7a12447eeeac21cddac828c,9bcae97d2efdfc01c70f9a09d98b89f06a5636b9bb369118545a16073db5b746,true,false
REQ-000050,9e07dff2b8dc1dd1a0637d25,0b1242f6f73082caf061e6e4,8a1cdbd233a55557fcb625108c40c07be5c4e3bea1d9c1f1b3998e6bb17b5f79,18d9ff8541b1b24e24a98289983307ab7840517e9385580be1047cf773fa74de,FORENSIC_RECORD_VAULT,demo-key-2f8689b230b2,886dca2fba3b6d8cd5f776c56f308d0e8d2279761b9b3c33cfa455bae7a3eca0,737f1bb24dcae4c7b751ab770ec4b13ddd0534382182e741556c10851af40ecd,P-2026-05-STEP2-ORACLE,1,25956a462e692962509682da0d828e8068b3cd4e05b3b881e9758433238ed7b1,014e69e839b4c0b50056f478d6fe0a7ecd699a4293f339ce4032c400bc89d129,7065c51fa06e563a1aeb7db083097e94c6fedcc0511160042bc3edfe121e9703,true,false
REQ-000051,a6e23e6abf3d2acbd2b24e0b,ac48ae61074520a4b3430aee,a222927c0122c0a45911d29593b9337447d13e2c6ecebec9c8569a95a5f54f0c,7e19b89759dced6fdd9a39afa9854c78de3ecf1b3b3e5bf6102b2036b29c41ef,FORENSIC_RECORD_VAULT,demo-key-a27e431d0ad1,33dfe19ebbd8e97613a0355003068594430c2fd85ce5b06bb0c364edef77ca2e,9a8752c50bf4ddddf2a26d0cec884b7b1d1cfead2c9214eb2d93420579ea326f,P-2026-05-STEP2-ORACLE,2,c7bda0175b82f29530d39520252ece87c276f12adebf5d74699c03312dde82a3,5d38e46e43b66670bc51daf29dee82d8df00ac38cfecb45145d4d8fbc43581f4,8f207bcbd7f1fff57ba48be8cf86f74d9a6a6453600eff0cbcabdff5af53dd01,true,false
REQ-000052,18d1592d4e115ec7275f6778,fa4632a7b2e04eacbd4598c3,5fb42d0c948b5319bbd5df59797cc47713424f0b1a1f47f8eae0acc4561d5131,ea4b1438e78c2a0b1c87636f565d7b027030934de1efcc500034171e32d138c9,STATE_POLICE_RECORD_VAULT_B,demo-key-2f8689b230b2,47e62b4dd4b265ac7d56df319c9f084d60a2d56d05c74b2bb9248c99539e5202,efdc6a7687e290a001870775a8787d3f3c8c87c6d1e1ae3302a83208cf5f9cbb,P-2026-05-STEP2-ORACLE,2,c7bda0175b82f29530d39520252ece87c276f12adebf5d74699c03312dde82a3,8e1296df4b20ef9397276f8d675ae3f6c711f83695542d268e24fc4de1ecd986,5cd235c5a8017e9d29cae85cd1098919448c986139b77315b1710fcec49dbcdd,true,false
REQ-000053,7e1af28dadbf5d983261b8b0,7a093dade47030aa1695a558,deb8d47196b87418a1b20208d6cfbbd614a30c1dff636e112e826502ac220523,5cc6cd997eabfa08ad04850e7bdd68e4263f566c2fd1714dbc5bdcbf901ef210,STATE_POLICE_RECORD_VAULT_B,demo-key-a27e431d0ad1,d7e760bedb31b876a0250d3a23291337bd06097ddd468f605dce4e497b266eeb,d4ab72d74c14556cf205c5ae12b9c9f20336856dee43a6bc07e437f44f761c05,P-2026-05-STEP2-ORACLE,2,c7bda0175b82f29530d39520252ece87c276f12adebf5d74699c03312dde82a3,8f02df5426c93d65c8c01e956af55059e32ec9734c1df55bbed80bd4bae8e1d4,333004fd8f753cbe85e7f983ef911177f5cb345166acf4df0c04749699fce9fa,true,false
REQ-000054,a677cce772515d48d3a1528e,25e81ad8977948d425ddf9bd,6e1da77159830ef369eab3ecba2c6de3411a2f85833fafdf712689a987840649,1bf0d7a5533b4b6e9a2fd7c09720c729f8095a1ee75dacdfc41470aa25219423,PROSECUTION_RECORD_VAULT,demo-key-2f8689b230b2,2b1f7330f93a63e4333c7416b8cfbc039c21e90d12d5d270e938f46b7baf700f,c1709d0c6b826c4bb8780e5691e6bb68b8d576b06cc55e7fda034fed98cd71b5,P-2026-05-STEP2-ORACLE,2,c7bda0175b82f29530d39520252ece87c276f12adebf5d74699c03312dde82a3,83d6c5afd3e66a9b08ce73bb3a53a8ba26a5d15c07347f6442205b992b013aa6,3bf4b8ad1e04036cab98e1880cf20787725faab2fb9c0da26ec399ee76da5549,true,false
REQ-000055,1ed90992e302a5bc0272cda1,ebe73d7890199c5f9231b620,5fe7187275b756ce3948358336388dca264578bbb14540649493ef7adc48ba59,d98465d316f0004c825fc9bcdb47d6662fb209a971f8e940f3a0f5f56df6d16e,FORENSIC_RECORD_VAULT,demo-key-2f8689b230b2,838477c7e2b405e0cbd7849f87da9ccd0c850845685f76369c0817f32e3a93c8,1fb89cf93c743bea7730eccccb7b594ecda6a9f0c5cd91bd5e09cc84d138a11e,P-2026-05-STEP2-ORACLE,2,c7bda0175b82f29530d39520252ece87c276f12adebf5d74699c03312dde82a3,c9546bcb78669e1ba77505ad4c6383ded23fa9bfa4f707fe098dbe09a91e08f3,9ee50a5a3b47d704be2eb3af2213003d66fb1eff2453f91f657f17d0ca3a95da,true,false
REQ-000056,13b2a2a0db1373b8363e1c5a,101134a3592ad397ce6c9808,b15f6a9c6db27cd05a9264662fdbc141b01cf58f1313e73128161eec4ec38b30,a380fffd003c5869d25cd1c33837dc28d42c63b4f2dd943f04b5fb7017ac2ea1,STATE_POLICE_RECORD_VAULT_A,demo-key-a27e431d0ad1,26ba8932c0ac13756a1e3e182a41411fa965e706e2d08e7e8338b6243a18121e,55af27bdc12d354aef7c255a0d26458050d2da0bf139bf1f0160e47d626123ed,P-2026-05-STEP2-ORACLE,2,c7bda0175b82f29530d39520252ece87c276f12adebf5d74699c03312dde82a3,6882bf334bdd6848f6f2eb4c508a60b300121bb4b6958eb21e1eb164fac01891,807f8dc5542447d7b15f3b929cc3ad5546efec339699581f3cb4cd6719ec5815,true,false
REQ-000057,14a811b89adf18999a258ce2,06c0b2dfae4e3978a66b58fa,c7e5dcf64114266dfc22439548d40e0a372f5c671b9532a3a98c66bf3e1c0c49,70c381535ea0bc4de9b3aead0098b2410d1bef7da76e381f5855da48b8c1a304,STATE_POLICE_RECORD_VAULT_A,demo-key-2f8689b230b2,792b5642e26bd881dbe58f1c828d37b5fecfb10e8b9123a40607663bdb4231c6,01e0955650146c8e2312836eca37ff17ee58874d741ba451adbc58e15b6834a8,P-2026-05-STEP2-ORACLE,2,c7bda0175b82f29530d39520252ece87c276f12adebf5d74699c03312dde82a3,d8396364196de4fa0ee9d4d2ab629c0e5089ff4222c3503ec137c79b950bfe83,b540885fec406ccb4159921f88fddb1d10289614e998697033410ec09c65c547,true,false
REQ-000058,729722bb0f927d10ce07afd4,ff9cb6c5f329063a51622d9d,700b71804fb904613181bb459c27f4ad86d4bd0fd5539f0e0e88f1903ab316c1,ef93d97e400de94b8f1703cdb1735f6f94b17f38633d9a814f002727ed90851c,PROSECUTION_RECORD_VAULT,demo-key-2f8689b230b2,53021ced71f6b40aa89df77688ca25e002c6182d2f551b528dde4dad24f28001,34fdfbb51670bd6ec09bcd5d7117fc7db0b8df3eb8b9f2959fd487c2a04e269a,P-2026-05-STEP2-ORACLE,2,c7bda0175b82f29530d39520252ece87c276f12adebf5d74699c03312dde82a3,c5d33edbce4a4c8de58b0a1cf6e893c9f368e5b78b07acd46cad79e42c51b24b,fecc7281d7c209017a957be3738bb0aa161779353cabfba7b85d6b02236fb49a,true,false
REQ-000059,5ca844b2848b805c696a09e9,39b3b021ac2bacc0a736b2d0,da00487f9df1a5b62359f430c7482e63317a19bf91e7a60d4f5171569f7d37de,a112e86224d2a105a509b34123694e8a0a53f3b57a9f0d211496a9425c2b41c5,FORENSIC_RECORD_VAULT,demo-key-2f8689b230b2,e8ed446defb5fba3af7b7ae40a871eb09c14e3b00dedb71ab4ea50b489240edc,2496ab48fd9beeb81c8ac18b3f8eb7b920cc4034385735bd4e6e80d50ded3987,P-2026-05-STEP2-ORACLE,2,c7bda0175b82f29530d39520252ece87c276f12adebf5d74699c03312dde82a3,b873c6edca35258215a3c8f0791839074170049011c2b9066a132e6d298aa9f1,4a49022bd8a0c08c03fdb57d89f2c69508d98a147a51693e7c07fdad0715dfc0,true,false
REQ-000060,43e3463a3b559634b3353097,1def554de49ea7f72d9de4aa,01ac556b3a205e571d21af139d758d6f27794d6914b4d2c547f6c2b96d938c8b,a73961bb41d86cbc54bc143fac8039dd15dedc09e582d9167fb84a16c316fd78,FORENSIC_RECORD_VAULT,demo-key-2f8689b230b2,58cd6978fb467cb4561309cc11ecaa33b8b5e214162eb045fcf6b65d7d2c32bc,af76984afd60d952cb2c4f4ecb27922f284876fc2346b951732b35c9696e5580,P-2026-05-STEP2-ORACLE,2,c7bda0175b82f29530d39520252ece87c276f12adebf5d74699c03312dde82a3,ce61ff09f6ffa121a0ea6304502ac7ef00bc9eb6b4adc3a5f04fd7bc58b45de8,67068a2803b45ac9c3dca401d2ee9f80f84d9e8224c7005264f0ba534f077bd7,true,false
REQ-000061,bd05b7562eae2d678359c483,75421b05601440e73ed25112,aa22f65249e8ea71d39234dc36793d9b4824c176cb7492f568620189b91e7c4e,cd363aa6e9b8ae28b0538a331eb098394e865517dff1beb0b543d2c58fdaa0cd,FORENSIC_RECORD_VAULT,demo-key-a27e431d0ad1,7c51d04c4c4570cf0ac5c7384ffed83a4f477c4c72ae0bd77b9d55c2a20f48b4,8f7288ffd963d41cda87ba7779660550bd2f6cc75b461c8761049b896a98eb34,P-2026-05-STEP2-ORACLE,2,c7bda0175b82f29530d39520252ece87c276f12adebf5d74699c03312dde82a3,3dc42584df41c1fe691751cbe7ddf44d67a0207b89a892f8ae4bcc0ee84f7981,d705f5c8c79645d426d669d69e1f040a2a01f39f62c3e01541ba10ae7495e407,true,false
REQ-000062,29c6b3e6eb3337cb1c09848c,67ec600019b72edeb5c04446,6411cbd968baf74ad1d937bc5c024d2bc583de533e7cea992d153496e868c2d0,7cc0a6815b794c405985f5943bca85c2043e9763b373c566a8db06f93b3f02e8,FORENSIC_RECORD_VAULT,demo-key-a24a960f31e9,5a753922812d477ff86f0dcebb39b28bf93aeace489eecb768e8857aa5b40fcc,4669f75791cbccb1f0ae2268b9b51c2c747570df1eb57252f0d9b6f4c3ea6872,P-2026-05-STEP2-ORACLE,2,c7bda0175b82f29530d39520252ece87c276f12adebf5d74699c03312dde82a3,1463c2b9fc1d5b0d137e781e5be17eb36a7aa007dd56288c368d8f48deb80467,0661d5074a6eb51f02d8e3da67b2f2bded5341b3902d5a7dfe119bf29192abe3,true,false
REQ-000063,6acc6042dd574d412fb83e2d,96b308701c409c1628ea8b30,3fb82d168b99e9688a73f323c650831af188c026b34c6767c32d218d2c5699cb,08b7dc6eb8c843ba73e05086ecba4dd477d2c593cfea9f25947170f684c0120a,FORENSIC_RECORD_VAULT,demo-key-a27e431d0ad1,c2ee0f87d5a7d662a2a19c599bc6a6ef897a03442e51dea88311af54002ebcfc,8627b982889491212aff31f714e3385728769ad9f47ace6d7b40200f6370e7f8,P-2026-05-STEP2-ORACLE,2,c7bda0175b82f29530d39520252ece87c276f12adebf5d74699c03312dde82a3,84d671f1071326bc461e63b89407c28605d53309470b11d8c8ec1f9f380250f8,f32ffbdcbd2770e4f14dd9c8b1ce7a3c0fd2d30075fdf3b2c77cd84dc6527750,true,false
REQ-000064,7b291ea97b660dc95e52b341,cd081fc803d81c9c3fd711bc,596a2e283014792c6f347d75caef173f1472e838f2b5516c28b394960556b081,7de9296bea1dcb05b58277f5d7aabf7cfd77bc985effa709d5284f8257056569,STATE_POLICE_RECORD_VAULT_B,demo-key-a27e431d0ad1,204961cecbce53b473f2da6d42bde75b7ae4bd076686aa11995bc602571ee22a,49573eac267ac651495cf1c98e88b0ddd7546d95db8015a4a2120c4cb9a0347a,P-2026-05-STEP2-ORACLE,2,c7bda0175b82f29530d39520252ece87c276f12adebf5d74699c03312dde82a3,0d47902a1bbff3da1283df6c3924beccdf317b59a0399805b407ed316482a2a0,84bde3e6d4ce1fbcca155b9bc36727ada8ca9a9d5998ee16bef43c6e28922dde,true,false
REQ-000065,f9bc8573a426e646d493c5fc,77bbc657b79c647118a6fd8b,8060c62db5120b1908ef474b430efbfe9e1b04db7d2950b9a86dbb1d13ee2784,832d1870e22989e44258ac0655ee22849cabaf8fc8fc1c424c8e624e51dc6127,PROSECUTION_RECORD_VAULT,demo-key-2f8689b230b2,a700d343da85a6d386fa81fa8f7f5044eb5eec00b9c44de3a9ec915da688bac9,06aeb5feb922e3ed4df9f685a0f0ba5c8ae1f450aa4d4e95ab5e6f791f3282d8,P-2026-05-STEP2-ORACLE,2,c7bda0175b82f29530d39520252ece87c276f12adebf5d74699c03312dde82a3,2cc607e8acf5fa28827450ecc2f97f728b425d417e3f833bbae9193099116a1f,10f5a7a1046a287471c6f111f9c214fb2f0c37810fb02ddab60b9faa4f360729,true,false
REQ-000066,2a324b1f1c72134354401324,9c89bd58d65f1c9c8d47dc4a,73ecd021ba6f51142d040a0c5a7512d295e8db6bf9ecb8d7c47dfc6fc408eda1,b9667bd980fc6355fdae224fcc96d1010d02f434cb30c7ae0bb252b3be001745,PROSECUTION_RECORD_VAULT,demo-key-2f8689b230b2,2c5b0ab14c75605a4e38997d0779eefebf680c3ac399cadca7bcb00945defdef,06bd4badbc4a90c438dce383a118ea2b33e35e6c6ed13d792eda63266cc21116,P-2026-05-STEP2-ORACLE,2,c7bda0175b82f29530d39520252ece87c276f12adebf5d74699c03312dde82a3,776d5e545ffff82a2a0737752eaa29540a438f39e4db5e21b50e73414e5e570b,a3ae303c3b5d390e0b2493f4e9f9a4289739a823f8067b3b915a5bd769bab8b4,true,false
REQ-000067,f2c0ebfdd7531b5c97ba07d9,b7660cb1cbb49090d627be70,f502174c0cd6567f417f4e2c9b809787048c43d9da27f576c64f2dc4c7783697,c270d26bb5c9280c20b1cb966ccf9c3e1c426f1b50c0c673b530bba5b2a04476,STATE_POLICE_RECORD_VAULT_B,demo-key-2f8689b230b2,a80626a81c38d3bb7ec259848e8ffac3d5ec1f6d2c689efb728c9ee2d7eec38f,dacdb511a538a2a4d7aaf02017a77d7d6239f17d5876fd45ade9666eb4d4b2c1,P-2026-05-STEP2-ORACLE,2,c7bda0175b82f29530d39520252ece87c276f12adebf5d74699c03312dde82a3,915dfe2420c9e628fbf695780e139880b1afdb8b4cf72717f6037cd837a20837,9af3ec09054fa0f23c95501fce11653fc2b07852c919b60ed9f3a63a282b3e51,true,false
REQ-000068,1ed90992e302a5bc0272cda1,ebe73d7890199c5f9231b620,5fe7187275b756ce3948358336388dca264578bbb14540649493ef7adc48ba59,d98465d316f0004c825fc9bcdb47d6662fb209a971f8e940f3a0f5f56df6d16e,FORENSIC_RECORD_VAULT,demo-key-2f8689b230b2,462c4e954a16859d411ed282b7e3ffe78452bcc3e1e9eb99d557eeef34a7406a,782fc83f4fa271a81887aa9d919c38df00f95555e1e50b6d55c035813e0ce290,P-2026-05-STEP2-ORACLE,2,c7bda0175b82f29530d39520252ece87c276f12adebf5d74699c03312dde82a3,aff1eef570241b2f97aeff5c5f10d6675e874f13519fccd3f912378493b20356,c880f4d0c2c912bc4057b76faf246121be98efe469dc12a9a3c42aa49b18a352,true,false
REQ-000069,280d55b817622116beaedf87,e19f70d9083dc3bb727e2232,3a1913cf6408f802fe3bf7595cfe0045a930af962aab49ea8edc05d45ead6098,249db680fb998efeee076f10ab1e02d62fddb2fc8c42c092b0ceedea7997aa84,STATE_POLICE_RECORD_VAULT_A,demo-key-2f8689b230b2,6d2a651f95caaf4c47e3e2f031656e25a7056a9604a686e344b583ee911de612,1fa5fb60408c1ef30207d90105e5d9d0e775af97e51f3688620a26444262fc6d,P-2026-05-STEP2-ORACLE,2,c7bda0175b82f29530d39520252ece87c276f12adebf5d74699c03312dde82a3,dab56318e7a40bee14ec85da9c9b35804a87c51ab4647b90636a7d99e0b6dda5,ace28082b1a1017a8e99101bc9f3f97ceb8eb3406157cf188e75947542654dbf,true,false
REQ-000070,a6951979d6b0ca29c516a2a0,914e0096faeab4952f809e81,0ac44e8d54381db8a473a306be4da5e8498bc190d9a1ab60eeb300044a356dd4,6a4f0f54ef86f0a8e23fa827e29933f639ddeafb095d671b7bb4fda75597ee57,STATE_POLICE_RECORD_VAULT_B,demo-key-2f8689b230b2,ff60d5e0147e2c668b17b69beef921348a59e72ebdde7f193a93ba44f344cff9,ac82fb84a0a34f3ec482704170d833bb64289e03e6d5fdc23fe0e6419768e38c,P-2026-05-STEP2-ORACLE,2,c7bda0175b82f29530d39520252ece87c276f12adebf5d74699c03312dde82a3,2e9e5171da533217189c0d8e61974ca06a0bcb15a678958f0d9957f957ba1b53,6d8fda73dba70f7788465320b1fa4309bf055c8744160f92d08a6267fd3c253e,true,false
REQ-000071,f00953fe3c0b73fa1844aab5,2a256aa7b1b7e8130845c578,d095ca522ef0a4db941d49583b51e76373518e68af05ab31c3a40086c3e2b936,645bcd2efe6e77359d4e75dab102a1c02843a2f9a9e8a9c81f4661d208ec71b3,FORENSIC_RECORD_VAULT,demo-key-a27e431d0ad1,c4dd7638a7f111e6ba4188071c650b079c05cb25c21aaf84a08b0ebcfc0495d1,bbb089f2c5310ceb3bd70663dbbcfc97c266fd73def018dc7d34c0b8449d9edb,P-2026-05-STEP2-ORACLE,2,c7bda0175b82f29530d39520252ece87c276f12adebf5d74699c03312dde82a3,866cde751103b5a5f938d00685a7b3f563530c5d5447a780758f800adeb48a30,b68f5efadbce2485fdcba77cf132e732816cdfa4174f17e58f0b96310084327c,true,false
REQ-000072,276aac543835aec95a7ad242,81900222e67dfc0829c7fde1,78879b72c4376a11b721c007d0564b18aab2448e1d8dc136f6922499b07c332a,936419de97be607298ae4ceff90f1a8494bf8bbcb2211e1f73c9874068c49f07,STATE_POLICE_RECORD_VAULT_A,demo-key-2f8689b230b2,5ed0178b81e500409a924eb756978b8fb1ca0709011414b55a7e835f49a7d58f,9d12ad791417ebd6fe806a8342338559abae508dcb752be528f536a8e4b5e30f,P-2026-05-STEP2-ORACLE,2,c7bda0175b82f29530d39520252ece87c276f12adebf5d74699c03312dde82a3,e67a7adbc6486ca66cb7510e4466258325b4a9a719b2001a06ae4526402a1e50,35697dcd914ad83a64c88f52411bdeba096b53d720a3ac737ba01f2cd08f3d73,true,false
REQ-000073,264f17522a14cb90f82924b9,6a053047adc3ffa1a373ec86,a413e27c807350f3a77a0001ad7ae1262bd55a7961619bb5268b4c4f064ad22d,b0eafbf03262b822d816bbed1a0448006f92329210f7820d7d4b773d5a2bdf66,FORENSIC_RECORD_VAULT,demo-key-a27e431d0ad1,30e04013f67e90a43a62f3ac8f86a27e3f51339208708a685138a29439e6f575,26d8cc773969754ee1574c5916033e5ab2194c8d4327d00e8c2f99939a0be28c,P-2026-05-STEP2-ORACLE,2,c7bda0175b82f29530d39520252ece87c276f12adebf5d74699c03312dde82a3,aaa1c4c3587e8d5b8f147b8a5ef5692577df8287260be336fd5eaa32eb329d21,7743380f3a51780bc3a33e97b99c52f3916bac69b3104353c6c66c6eb651e20f,true,false
REQ-000074,755f540876cbb4154b50313c,30c4b1763e5270483cccc5d3,bc14efda7f26c3eb4125958a894fcdbfa58a2185d2edcb2038d9fe5fcff4a5b8,3690bc490b1754be85cd6e59d27803a1d0e34b347695de8cab5bcd748a98d059,STATE_POLICE_RECORD_VAULT_A,demo-key-2f8689b230b2,3285b20066b50bacbe758fe1dcd6c5b701c3409e44f8de0f7cba6800a946db28,f3a82374908c68091689c7cafbe1bb909c31af3ff625614e63ce002dbc8b0103,P-2026-05-STEP2-ORACLE,2,c7bda0175b82f29530d39520252ece87c276f12adebf5d74699c03312dde82a3,a54d9a8f6eae0dc622871a1388c5544bbed04a82d123c6cf1b621a285025a67b,ce7b27ca77928ec6f73fa2da1570b40223042967ee558c71f30f5be1914b34fd,true,false
REQ-000075,a677cce772515d48d3a1528e,25e81ad8977948d425ddf9bd,6e1da77159830ef369eab3ecba2c6de3411a2f85833fafdf712689a987840649,1bf0d7a5533b4b6e9a2fd7c09720c729f8095a1ee75dacdfc41470aa25219423,PROSECUTION_RECORD_VAULT,demo-key-2f8689b230b2,b7b06500d75cfea3d7ba7c47de583c9178af1a6985aade4dcb4eaaaaf232822b,6e3aff68c46f7e4141737bf1c6714aec660ba122a5ba9fc1ad2a76dc597c93e4,P-2026-05-STEP2-ORACLE,2,c7bda0175b82f29530d39520252ece87c276f12adebf5d74699c03312dde82a3,dedb9efc60c648e906bbceb7a1566c235c8cb2d9787d90fa727f1828551852b9,1149f3066339f009990ca36f2be41ab8b521224fdc6c9ce275b7553b65b518be,true,false
REQ-000076,2f09515fb47c95c60bae3db1,3091d9413d7e4f77d6de5cf5,d411d3280cb764389c1f80e823f2e91b40ced923c88be37ae4daf573980e4950,c73dac315aff048d622f71cec28d8444b059c5760c6267ace4c49034fc267ea5,PROSECUTION_RECORD_VAULT,demo-key-2f8689b230b2,7186b7c6615e888af895e8ae206c125dcd2917d611bb8987c9482e1e4e183c75,cfc76545447141ada7360b6312d34b398734eb9b177607a2e76ec3afa103d9aa,P-2026-05-STEP2-ORACLE,2,c7bda0175b82f29530d39520252ece87c276f12adebf5d74699c03312dde82a3,430aa999bbafb6b7ce405565140de1ceeb6da1f3f725cb1c48fcda37cf757f14,b3f26ba8af7e820b232325bbfb03b159cf8ffb1fafe91a1bf79a147b4a23113e,true,false
REQ-000077,6ad9e4a02d6cbe34a4ed9e5d,563915909f74ad83a3be93e0,6dcd87e47bde9c2b63ed002af069e9c677d985862580b981adc757c2fb920911,f117320f8c7a4b26cb36fb564255c74f7714aae6b29140b9627eaf71a1d0afff,STATE_POLICE_RECORD_VAULT_A,demo-key-a24a960f31e9,ff75776741060d36e3b18f86aab53f68acecfbd697fb5bf36a5d983ae060e61a,008d4fc980111a957310f2eafd83e05735db4b194f6be564b47d5cbacd833ebd,P-2026-05-STEP2-ORACLE,2,c7bda0175b82f29530d39520252ece87c276f12adebf5d74699c03312dde82a3,e7de8be153771b305c6a8c94a721e68848dc46942ec0e6cccaf7c008b7cd8374,69eb79e79745b249269649ceb4add2a5981ceeba8e7c98718590d5d87e1c949e,true,false
REQ-000078,65a60273afcbaa34ae4c3128,9ad24bac9b678123263ff751,19e3e9be559b1af7607c83af79808349f59f942df0474806a0f5042e68b92c6c,965d2b579bf987bbdf820570627d52296585d4a78a92958ebd19835b54a5a773,PROSECUTION_RECORD_VAULT,demo-key-a24a960f31e9,09306e66a11904dec20b2fd740298f4a0a759f2fc67ef489423ec2bb827d26e0,9a520a9059419371e184cd110847376d205da6ffe89eaefa623047c998c2d8e0,P-2026-05-STEP2-ORACLE,2,c7bda0175b82f29530d39520252ece87c276f12adebf5d74699c03312dde82a3,bcec53c8201902965fdbb4b58654422849bd73920bf0de64fe6fa830eaf29c75,2c1f1c42292800252206c1f9762e922202a0ada7a73c12effa3560769b07d051,true,false
REQ-000079,634985427cd8688fee2b98d0,90db0235db8af5799b24bccf,9a0bfbb227c3d23e1c24600e02a174285f29a8341521b86e2418f0794c5fa519,34272906263497efeac8ea57da17873a3a8fd2bcbae96a7b7dddc5f2f537e132,FORENSIC_RECORD_VAULT,demo-key-2f8689b230b2,d1ffe29ac6c74c46eeda6d993f0c4c0dead0e4a79d4f09e586401b642631835b,b556660cdd715e56bde24d1fd65ffaddb5527a577062db3358ffec4ac58776b2,P-2026-05-STEP2-ORACLE,2,c7bda0175b82f29530d39520252ece87c276f12adebf5d74699c03312dde82a3,42fb8a59749775942dee8813e2400ba6f0a68911e11fc36a92111ca49ff3e8c4,428343dd10ba98dadfdfc2f7127deda89bdaf178135ff0a7c6b276000772a31f,true,false
REQ-000080,f7151781855b8ca96dc2f997,a7668c0e92aeedcdd72df8dd,bfe665f819abda3f827896ff30d44ec79c84e1afbac40fa542f7f60769f32a57,a6398a161e230878b30c48b92e66062d108506f60dfe898a929b0772f4776d03,STATE_POLICE_RECORD_VAULT_B,demo-key-a27e431d0ad1,28bd0e0c1f00f9dea8af46542a6bace365c7c10f907940b452e8097b6cd77a91,7df79c74044919296126c8b170330f5c4c6648bd636088d7b4ea938dc062ee6e,P-2026-05-STEP2-ORACLE,2,c7bda0175b82f29530d39520252ece87c276f12adebf5d74699c03312dde82a3,5bf06279ebf26a6e1dd1f14138bb92ec0b2ae7a50cdfa52a8c555f2e42c67692,59271e515c6cc0720102e3186d7b628d31f063dea3c6eb6c38cb60ebf6d5371b,true,false
REQ-000081,5c4dcd6cb3328632f88609d4,e1d4bdc74da45a2844e082fe,97dfdf5a36d4e5a7841969bcc882dcf22245b197f8353985084f25a09d65ad6a,bd6ab7c72f5c20f7f1dbd9e24b8b58154b82e2c4830c2068bf259b4382b0b0b0,STATE_POLICE_RECORD_VAULT_A,demo-key-a24a960f31e9,b9076348bf34ff27e2c0267482fe40b7cee8e05d59ccf5a233f22f95f1e2d177,7cb8d2f7152b66258ef12b3a651f1d954bcfb36761e4ec5d3edfbcc9effc7018,P-2026-05-STEP2-ORACLE,2,c7bda0175b82f29530d39520252ece87c276f12adebf5d74699c03312dde82a3,af99154e39e9688eb256c868fe7dac239a820dcecd7db9861b8ef1a6c1ccabe0,6be6751828d54778fbbdf609189ac3bd42300fb5d0160fb3f20decb4819c5889,true,false
REQ-000082,eda072470422c2d10fd9265d,c4f02d2e00956999910537fa,3ced90ec1e71a4263e1bb12783c9f0cfcc6a8600fc4308c28da4f4e8313f30fa,f8607979d9293283c92ba0e55bbee14319e84893a1d10bb87a140852c414b8b8,PROSECUTION_RECORD_VAULT,demo-key-2f8689b230b2,57dd3204179552e3725c9b5bb8614a46af944b35db33b3f2c7587dfe8a06e424,40cc25c1af8ce01d902ba6c7335a9e3ca5c18a2270eb9fcec55ea66d186b4d77,P-2026-05-STEP2-ORACLE,2,c7bda0175b82f29530d39520252ece87c276f12adebf5d74699c03312dde82a3,04821ec8447fbb7ab45269f8e67399ad668eb65a08e775f827933ad7ca81bbcf,3ad88f0d69bfbc64a7b6f3b131f84229c94afabef4aec37cd8a7259bf369fc2e,true,false
REQ-000083,95ee8d5d62c6fbce3b7000ee,fed39fe2076fbeb0175c87fd,7f2cc64e225785c74b57f730e4bb03e0d028d074866d5969b41e37d7540385d1,f6966dfcd1c5a98ec7bf642a8f7ff68d9d8f08824e8ad20ae844cb16006f386f,STATE_POLICE_RECORD_VAULT_B,demo-key-a27e431d0ad1,efcd72650742ade40f93e2a1f1754ecded19d438ad297b9b02833d20cb3afad6,ab40ebdf17cca99a1e5134a20ca77a286af2ac678751f7a4b3e93b13a9dbabf6,P-2026-05-STEP2-ORACLE,2,c7bda0175b82f29530d39520252ece87c276f12adebf5d74699c03312dde82a3,3b1da7a9e47797eb4250f1ee6ea6c20f7ce53c3cc9c6e0c0869e754b4ac7d0a1,fb11c33f44401d9956095c39b0cbe3df4d0335b8af34cfdd476818c1d38e363d,true,false
REQ-000084,c037395aee2e6c54b7bdb5ce,a85517e36a33279f8ce080ba,60c116fd2f89bd641d6859e5ad32e776d4c60be5140aa48e8e22483587326d5c,84ce3763f98849ccd1327c4eb3c81c94dd686546656749c28dbc1a26b5f17b6b,FORENSIC_RECORD_VAULT,demo-key-2f8689b230b2,1c6758398c18e029eb8fb763b02d4a343d3355b18f18fc69c2411decced2ce40,3bc486535ee4147cf12a4428589fa14781bc1a75f23bd3c8cb45c914e21f69f3,P-2026-05-STEP2-ORACLE,2,c7bda0175b82f29530d39520252ece87c276f12adebf5d74699c03312dde82a3,a5c148a07190be5790a517551ed5e8c9ca68cdd4ca233e2d9f5ccb82d39c672a,497faf7d1ab5ad2cf5aa82cf5b6e1e2663dc7261e1bea0c21b743c3da275d353,true,false
REQ-000085,8d196118f5537bf44adff98a,010d73682f8e846670fc9a74,8eb30dd7e3514f695c05002bae6f3791bcc163f9f8d91a2ade4e0fd2d404d219,4310a8702ccf3527d3f4a3cf3d3d7e3e8db4959153c09cef0169f177f3d0c543,STATE_POLICE_RECORD_VAULT_A,demo-key-a27e431d0ad1,d537fcb65db0ae932cc9b12368e2a9da358aa6bd67527a544f2ea524489bae4b,459cbd186432658109c78fdffec2eb39398dbc6a08e722c63389834f1871485c,P-2026-05-STEP2-ORACLE,2,c7bda0175b82f29530d39520252ece87c276f12adebf5d74699c03312dde82a3,2b4d6785785174d477b14742906bedd45d355defa73676e9ed6ab0aa58ec9f8b,7e4abde86ea4742ba3c7e4985f5e06923d979122a152093b6fd2a136165e4f9f,true,false
REQ-000086,b3d1d2f79d5a7ecb8b5f0667,b078dbf6c576c2f828ee6e48,ec255f8e69bdc4f10edc0011ed228dc3b2c2993825f734a58ec99802a68eb6a9,056d099477b140b3dca9315cbfcda64de6afe94226af2e4cf28742eced83cedd,PROSECUTION_RECORD_VAULT,demo-key-2f8689b230b2,73f8b4e869c3e77271a49c0a02d4663b7b813c3f45f2cb83ae65993e3b6b7526,bf5395a1783871fcbb5074480e4c6b1f072f9dc1c9dd2f0e87abe031a61e3764,P-2026-05-STEP2-ORACLE,2,c7bda0175b82f29530d39520252ece87c276f12adebf5d74699c03312dde82a3,fc7a5c48e4fefbf019932f49fe14796fcecd2f31c1a8bd0948d85e0a0485fe85,3cb094eda05785bc77efc25d03953bab864e36fd5477d81044e87274405e4610,true,false
REQ-000087,0ae0abdd95a97e36857f638e,eac7bc9a7e9ccff38cb45b3c,5dd4103a3e1847a34e547e3c7b0e828bdf441f19ea26d21f1f8bc5c577c428e4,4e00ed5a9ddc24f9e199fbd7bb7c15d6dd6f38a2d9001d114a29a64af4b7eb18,STATE_POLICE_RECORD_VAULT_B,demo-key-a27e431d0ad1,b676e260f4747f2306aa506c571e6983cc1deb52f8708abed03d4e25c99e4757,4df34b684cc65c9e919c48113e91031a2fec925ae84b29f39a947cdb0acfcb43,P-2026-05-STEP2-ORACLE,2,c7bda0175b82f29530d39520252ece87c276f12adebf5d74699c03312dde82a3,69be3515fa5146261170bc7eedfab84453f8b42cbbcaa42a23c3410425be4052,2c5d8206d2df386671b53eb1b7b3fb3fe140edccef95c966739397284d3cb257,true,false
REQ-000088,25a1feea984cfe4999437ed0,5fa24d55bcfef6baa272c194,fae9c3ebbde7734ce1cabe191e20b4bd2d1644081832c6f49fdf6ce6780a147c,5e7be48281b3232633594253111eeb5e27bd56266f0c9b6c649d4ba49146a939,FORENSIC_RECORD_VAULT,demo-key-2f8689b230b2,d10f422667bbd27937c78813c99202c4f2e36b91ab7b14e50fe980f2325da0b8,a4cb39effbe66a756d9fcd23310b23de7bb5c99aac9241dbb54d8a03ebeba0f2,P-2026-05-STEP2-ORACLE,2,c7bda0175b82f29530d39520252ece87c276f12adebf5d74699c03312dde82a3,018f43175f1f507fc18aee9351e49e90fd609a6a73e508529d82f74a7364cc11,c9ae77aa2e983adc498767028d32950fe201078ab3acb839d712c14d97ae96fa,true,false
REQ-000089,5ab36a7308e1e2c1c699873d,b78947c1c09f1b2bb3e84df4,498a0a475108e7bac2481604250d20625057516abf5e6503a0935d17b080043e,8f61929b214a0be710711d0ebf00465e3bbe53bd98fdc27b082a659bac995875,PROSECUTION_RECORD_VAULT,demo-key-a27e431d0ad1,06e6483c57b677bcf7eac48a50bfacfba16e5df9fa065848bf7475b27ec0d6a8,5059813f9fe2b7aa63c6c5d43f7bf9d6e933957b37f8a19e1ea6aa5881ea682c,P-2026-05-STEP2-ORACLE,2,c7bda0175b82f29530d39520252ece87c276f12adebf5d74699c03312dde82a3,8da4d11c61676c34e1055102d0213d1980227dd78c1b8fd4ea16b7c3ddeaedd3,09c3d1542bd8580f6a6bef0e25d39347ddebb1b62e706a500cc6f2edbb6a8dc0,true,false
REQ-000090,7c0122e2e09819ce56c6d8b8,5022d61fc4d069f84b12601f,116269e47db4c779a6168d0e4b716a66c6e871a2cf75157b8329558fac2f307b,80a399893d5e1895c7c932e1cf507476e08f0e1ec2e8463abb61afda544636b0,FORENSIC_RECORD_VAULT,demo-key-a24a960f31e9,8145bfa8a2d2e5d9ca7ca1caca81b783872c484fa160ccce0dfb4bac6f2d3c4d,fd6b808ab655ee1eef26752f439c0c3bc7ba7e04eae6c90bd4531920c88d75b9,P-2026-05-STEP2-ORACLE,2,c7bda0175b82f29530d39520252ece87c276f12adebf5d74699c03312dde82a3,baa985ca2a6a2413bc7bc737f84b5083483249c308024f1438db9bc15f52668c,ce7c1ff0d603aaaad866027be9b36b31f42fad3e7de7c16440f8cd07a8f1a630,true,false
REQ-000091,9a0d075d9c11b2be0f4fbe2f,33f1686dfa15ac199c813aef,bd2a98ebbc2e2f5dd466f99b4c2b124798ac2990ecfd0c3c202caa2e759addac,57ca2615dbe47ce7e7b7d927175709252465d1554a3f9e3c9f8707d9272d6186,STATE_POLICE_RECORD_VAULT_B,demo-key-2f8689b230b2,134adaff3fb6847f02e59d991123aa1bb75abaa5fa4d5c159232ba00ad90cd15,93546d2fe1a1d91af0fdc39a944702174d42c1e2078cb1f8698ff1b786ea0bf0,P-2026-05-STEP2-ORACLE,2,c7bda0175b82f29530d39520252ece87c276f12adebf5d74699c03312dde82a3,ca3281afbca167cfd5c275094a35ab457815e2b0ccff544e08188970b0b5204b,26693cf5ea880248837c7d9f4eb179c74adef44eb5d3f8c1463c2e3e37d9552a,true,false
REQ-000092,d16a47696c0bd461b5abb533,135989020312d4bcf0294790,30345b489d605d5d73a736dbd3bc724070b7f28ccc0a11644df52fb641ce6661,6e79628120e758eed4fc861817522162c3f3ea242bc38d64c556add0546ee710,STATE_POLICE_RECORD_VAULT_B,demo-key-2f8689b230b2,7a62c95ca7bdf0757e7f5643aae3e0b9dc0fdf3dd941162f49dd7364dab4edf6,4129887e6253f9a0625d9f70b4d15669d6f03a558fff83a05740a208531f6d9e,P-2026-05-STEP2-ORACLE,2,c7bda0175b82f29530d39520252ece87c276f12adebf5d74699c03312dde82a3,5e483c79e6bdbe5105d25d49a33c42e4faf0a223b1364ae95240cb64f73a632c,a55485cdf1ad1136e66d15c1ba6e93c4f13d61a68d0996108866dc6183afa5d4,true,false
REQ-000093,6133804fd5bfb391fba56083,8a2d57456bc18f782dff3201,d750128b96da45e9c954469fa2cc76c2b84dd5fe5fe8d41e2e5ad0f00cdaa0ec,5b4d42354a893aeda86b08abb1b9a9b9098a9556730e9b8796754f47d5fdc273,PROSECUTION_RECORD_VAULT,demo-key-a27e431d0ad1,bcb0a2f01dca8776891a8cf1973fb7c964ee8f0f605c691ec717e900767d591b,2f49dcbbbabf61c6388d673bf4fe22a0cb41db99db25f444ae5fc8ce1ad60b42,P-2026-05-STEP2-ORACLE,2,c7bda0175b82f29530d39520252ece87c276f12adebf5d74699c03312dde82a3,45f92fcb0cbc49c9c80a1a96bb201c89b71e1dd99474e298c716b0166cb62425,2721354f21c75e9a3e84cd9d5a93a6d339e405845dac712b95f70da105934e3c,true,false
REQ-000094,9d828451fa91e0118c922412,02877d6f861557fde0f596d2,5eeedc4c0d7e9ab3946fb380034310e11e72af8ae262a10827c19b994ddaac41,13cb326cdbd717051c2d2877d2e00b1d128c649e6dab3c7c2f2cee0a8ce59cba,STATE_POLICE_RECORD_VAULT_B,demo-key-2f8689b230b2,ec74a49522ec8205bcfa571949650de67ca1db67c78b73de4c7516c9694571cf,a181f9fda46d0f46441fe84ff2283c33d5257d8e9f32ea44a39c8d3e74e230a3,P-2026-05-STEP2-ORACLE,2,c7bda0175b82f29530d39520252ece87c276f12adebf5d74699c03312dde82a3,d8c2ed258fa1099ffed23873921b109e79471ffd18f356d3282dc4292191c36b,a2745cd28845abcf6b436c66069c068f82dcfcbb8047acce7151421ff6879ace,true,false
REQ-000095,2b5ed92b73d41d7d7ad6f4ce,8e6ecc38f03d87a1fc8a67c6,7027f3e3d5729027bd7e2704dedafaaccbe024ad0638b939ce1000994debdadf,d0bfc9475c6c245ba9470affed6598022a5a25d08ba6c8625d82f52d480b3bdd,PROSECUTION_RECORD_VAULT,demo-key-a27e431d0ad1,88064d917e6c97de38ea5332f512f4d176cf96f5f2e89c6d71462f1523affaba,55dd2aa570445ff8aac8d6d1e3e07922c2b28ee267aab175c6270d9608922d23,P-2026-05-STEP2-ORACLE,2,c7bda0175b82f29530d39520252ece87c276f12adebf5d74699c03312dde82a3,6762951e80c7a4c00d968baa75e7de47c689af8dd0226e0819701af485002f03,a2f2448159fb4952d514d5c6aba994cb2268ab0c7c75947c7c54777e7219401a,true,false
REQ-000096,97493f5f079666824f863137,8b5bae07facb99c4f25114c1,9f537a4cff17a0b5ba2d66e848fc94ee39061c1e15ad90f28d151983e3ab4b3d,7b723a25f294b316b829cf20970473307b5f1bd45e40e51b01c9f7080f193d77,PROSECUTION_RECORD_VAULT,demo-key-2f8689b230b2,9ede1c9b3f33a1893ba919269c6100dea16e92ab5ee18a75e41fb39fdd5a6491,e8d87bc01774cf949f2d34bb73b1db005bd4989d80b1f3194b5bd0c0df7f57c4,P-2026-05-STEP2-ORACLE,2,c7bda0175b82f29530d39520252ece87c276f12adebf5d74699c03312dde82a3,f09eb1eea69369032aada52abd75c616b477ce3cbcc2aef1dadca42eaab44176,d622792090a6d9b0e960d60fb832a571fa62453a87758f3e2e82db82efd38918,true,false
REQ-000097,31d4edd023a1e32e08b15bb2,a76851fa3ada2cb2d1907120,eadf174ef9a4c30698b40f96b27854329a4dc3a490966ead545e6a729ef10275,f8cf5adc02be2565ac67376a6320709d39ca046d3feb10a7dc8f59c7485b5313,STATE_POLICE_RECORD_VAULT_A,demo-key-a27e431d0ad1,2c592ae0a7318d5d6736fccd65abc9034deb990a98df929bc64c3ad205f4836b,3c97a23de4a1b31f1c8e0b008cb5dbe2cd018931be8bca12db1af54524e2d2bf,P-2026-05-STEP2-ORACLE,2,c7bda0175b82f29530d39520252ece87c276f12adebf5d74699c03312dde82a3,5302264fd5ecdb5e3abc4ac34b4c684af2a0f5fa4135a97488918251cb0f9d13,239dd74535cc97763ce0ff46c8cb936df451081b5e4dac52b4ec61071cdf42c8,true,false
REQ-000098,4aed89da6d83f2b742f3ba9e,c4512ec890715e604513aaa2,3a8a06b30ee2b8a02c6920a3d4e6516ac780cf67130d09054e184f1dcecf9ce9,5ba04d7bf734683d159bcf265d966370f586ffa21f8fc88e3c736c149d84673c,FORENSIC_RECORD_VAULT,demo-key-a27e431d0ad1,c00ad28496baaad0994bf7843b229ab7ec8782b53b4a7085ea1b54d77487c38c,78848e158c702244f1d75a03b4874e62b107b6afb4b87695c6020740474ea936,P-2026-05-STEP2-ORACLE,2,c7bda0175b82f29530d39520252ece87c276f12adebf5d74699c03312dde82a3,a42b148e24a9597f9c4295aca1a9971572d21ec0df7644de17c997bde2c8fe37,e85faaf78512b40546f4fab5e0b8532b3aad87526388a6fd773ae199f3c10ba0,true,false
REQ-000099,bd05b7562eae2d678359c483,75421b05601440e73ed25112,aa22f65249e8ea71d39234dc36793d9b4824c176cb7492f568620189b91e7c4e,cd363aa6e9b8ae28b0538a331eb098394e865517dff1beb0b543d2c58fdaa0cd,FORENSIC_RECORD_VAULT,demo-key-a27e431d0ad1,e19f3267b686209de1cf951ceea37285414fa9f3e7b97d106fc45ede05427b90,b12c5e067c438f0c00e2a9ed126b0045afbf2f7cc28e79a85a76d2125383af60,P-2026-05-STEP2-ORACLE,2,c7bda0175b82f29530d39520252ece87c276f12adebf5d74699c03312dde82a3,4ec12b19fd36b7b10b6593f62ef0812d94acec5ecc6ac7caa18378721cc5e707,035add5fdec18642859f71bec851440007f60ae5691591580092017abc6dc740,true,false
REQ-000100,f38571fab98970e83b278f4c,4b750acb31c3c366f18fc9c5,d3cc37061583419e20a2329c8343be11fbe70b163218c8b63aab966ccb46eefd,13f9b212079f6b70fc6d0f610a0f53e3f9aa670cf7e963c05b50391d892aa93a,FORENSIC_RECORD_VAULT,demo-key-a27e431d0ad1,42619bf47b173f529b2879b07b408adb1000777271b2988558a1f4a3707df99d,8c4453e345e3a4ed969c81c2009b5ea5785fb9f3b1c3728774466414ad2e08aa,P-2026-05-STEP2-ORACLE,2,c7bda0175b82f29530d39520252ece87c276f12adebf5d74699c03312dde82a3,f3fa311288f05c7e4f81b2885255e84c13a43c22c92a978ec1e9a0a595656655,c750d8e18ed0e036baf24c243d6ebf755832d80267f76b88e79c98b0adcb79f8,true,false
REQ-000101,3d33aeac9a024f9da6d7ccf9,42573664ebb05faab5203350,e85e4c70225abed90e060f93c115681d8bdef334f8daa36a485867e2196fb60d,f66818cc7115d9675ae0796fcffe4582f56007ace09b1d1ad3c888bbc4b94e79,STATE_POLICE_RECORD_VAULT_A,demo-key-2f8689b230b2,2d9199d8990bd80f002bd8e587705cc062729f05a6649ff3af498fc30fda4535,8270fb8ff82eb14b15e3a498b1a730b285796410d07f24a30ecd5f328e0191c4,P-2026-05-STEP2-ORACLE,3,257d5a69b007c1554107864deeeef78df8f860e1d141c3b246136635d34796ce,713e3bae56d9c693143ecd357d2ecd8ed2f4c2051ac98bff2d4c91bdd13eea61,b90469a25501f218a50069dc890fc55456098f51d3ae3e0a694c1d71506a1e6e,true,false
REQ-000102,865e1a4e9bd8f6f99acdf7fe,719deaf3afa9b090fc97ae26,6eb67e65d279085bb0022aeac9ba0f48f10a6d0d15b7bdc6b71b75c5c767ed45,90cc6b7cad5d9da9d87e01a033139ef2e6513a3c736eff808235f982644b4428,FORENSIC_RECORD_VAULT,demo-key-a27e431d0ad1,65bebc9cd51e9b5c9709b1492c40ad3846f54127ccdc29afbbd06fd38cbe5424,c695b37ba79819cd84d0a3b21fa3f1f5411d52a51ed6627aa72e15efbd1f3112,P-2026-05-STEP2-ORACLE,3,257d5a69b007c1554107864deeeef78df8f860e1d141c3b246136635d34796ce,7bdb359ee64f496ed7d774edbc0f435874570614ed4fc6f6c78da9cb93eb0ab5,4d8b24d0e54006322ae9fb566c6dadf4c34bdd65be4e72ee8af043a9c3f50af6,true,false
REQ-000103,00fe5fb5f78e8a6e10ed89ea,e497ab4eb0524f8423446d21,c40b9a43e08ca5f8d17ddb7d1a70e3a23ae4ec12c53ebb55dc7a2e1ed644cc01,9f75524b09545f246e6bc3f6926e4b12934b11922d73923deae8a47ed17542ee,STATE_POLICE_RECORD_VAULT_B,demo-key-a27e431d0ad1,4e8dfcdb79c82f42e7177f4a457335cd8db4bf226e590faf85dd029019effa88,fb2665def04c8d5038a290e9f9fe5329a6d4299c90f19178401de5e65fa64b65,P-2026-05-STEP2-ORACLE,3,257d5a69b007c1554107864deeeef78df8f860e1d141c3b246136635d34796ce,1d447455390d17acb976f7fcccd8f194a5cdc150d4c9c2459c8eb516c9b91710,83ea834bef8ad6812801cee81c2d12267a8892ea5e6ba902bb0c8546977c49fe,true,false
REQ-000104,c54e9a5030ced1940176de55,3b080f78bf082074635f516d,8ab147bb7a0c89c457630777356bc9de2746e38747eac6928391da2711047b82,c583fb3f1deb435e0c5d0479fbc44d82d70215af15dfff40ac5e8e3b7a899168,STATE_POLICE_RECORD_VAULT_A,demo-key-2f8689b230b2,1ffd53a0e9772a7b581507795171aa4391b9cee3c0d1cc2ff9b9afa4428f9c06,f2ddbbdd32803a0dd024c6ca3d42b504f09f72b0c6c51fdadcb97abb904e7d3b,P-2026-05-STEP2-ORACLE,3,257d5a69b007c1554107864deeeef78df8f860e1d141c3b246136635d34796ce,9c88eb1b422b3da31f49f4476317dffb06a379e564a3ca7016c8d89a115379f4,e1a6b0a5eceb2636bb4361fede4042de21b33bd81fb66c3eb6de8d3906e71a84,true,false
REQ-000105,34b421fa7c4bcf173b3fb1b8,a7f896670bb2b67f86536ed2,65648195bee8f12ccc24d2e0421c848560ac6bac4932bec165fa47d5c4a24293,5515e31c2116ee500a52d8457746f09db0a93c997d410ae6eeff5ba920717116,FORENSIC_RECORD_VAULT,demo-key-2f8689b230b2,34a27a0c7e688f11c98c52f269e61265f6d2bf2eaf83107dddd4b902dd3309e7,05a737234faa8270d10aa11f59b2ec0aa2cf64080d0b96cf6e7cbd9b59169e44,P-2026-05-STEP2-ORACLE,3,257d5a69b007c1554107864deeeef78df8f860e1d141c3b246136635d34796ce,7a716a51985a0de4f5bc3d7f8777a3be2cc1e0b3e522bbcf7397303e0f1a38f2,6a008f89f28310cb773b780102d5928dcec1218460459337ea339b463de760b4,true,false
REQ-000106,f79dddd63956765ac2f5649f,34e7522321e7e4aafc5f3704,e1e4599f6e61181def030b828e38557e9b57a58aa1f7c25aa0c1581d30029af2,2b0c488e6880bd2948da8bdae86a24ea63a7469bbdd39ed5100bea919b5fb5fd,FORENSIC_RECORD_VAULT,demo-key-a24a960f31e9,a9a384235638194311e2a09c20f9f6a73bf1d0d69dba02610282b7a2b563c8fb,e8e3cc09efd89694e861e8d737446181ba48e4aeb0e826ed5b7c205ab80d6e6d,P-2026-05-STEP2-ORACLE,3,257d5a69b007c1554107864deeeef78df8f860e1d141c3b246136635d34796ce,ecccdc849359642d2e22799afc32972069c4547a73af2840b8f1eed4f81d01cf,0fce070fbf6b7320c890ddc0c3156451de669e2c0b5925c442925870feb1b11c,true,false
REQ-000107,95272f463d03a2186ae00bc6,3e495f82e8a04fd4bc0faadf,da8c547935dc53a5f62190c56317668b08d8e5a1385d30ef1b1ca19dd6a69aa4,6df62926d9fd9611aa5fce92ec204d9d46c818c2d5154b1e24ad3a6fc1fe331e,FORENSIC_RECORD_VAULT,demo-key-a27e431d0ad1,229cf5be69607be5ec5d3a2dc6443ba880e4d56e6e63be0eaba6fc74f3441af3,6f2b43d32e264a01b8f2562df6e4101a63cc33e0b00ad0bcdbe4353fa6d8dc72,P-2026-05-STEP2-ORACLE,3,257d5a69b007c1554107864deeeef78df8f860e1d141c3b246136635d34796ce,e81b568d4fbd8a82d8f1c0b0a15a6f935887e411a069d27350414d9241afe589,ef07775ee851d461048c58e0c92aa1810b94864a8b8404c0f80a5e609bff7dc8,true,false
REQ-000108,2f09515fb47c95c60bae3db1,3091d9413d7e4f77d6de5cf5,d411d3280cb764389c1f80e823f2e91b40ced923c88be37ae4daf573980e4950,c73dac315aff048d622f71cec28d8444b059c5760c6267ace4c49034fc267ea5,PROSECUTION_RECORD_VAULT,demo-key-2f8689b230b2,eadd67f291a87cf4cc861cec59f95f1635ae50750598176cf07b43fcae5b4f40,2645380a800aea5aefe90b7d4198e37968d0f4518c857fb68085674eeb169d87,P-2026-05-STEP2-ORACLE,3,257d5a69b007c1554107864deeeef78df8f860e1d141c3b246136635d34796ce,d248c73a67df9ff12fc606dae2b116dadaaf334bdeb5bff1575319d229869c39,4e365a0eb46ebb11aec43c3c6798c3f62bd948a6ebff8312475e2049c963e9be,true,false
REQ-000109,9169482ae7cab0166b265e60,817f69ba134a28d50306e672,3f6c25ca2a7cfcede3574856e2263878b12c673bff2d514b97a79e31020b7bb7,bf86c1daf9ccc563d596ef86c5e7b99356f232f04702c5f6f604e2afdc78e63a,FORENSIC_RECORD_VAULT,demo-key-2f8689b230b2,b3bc851822fbe537a5570caf445a4a0a6ad26f49fb944a3733adaa763f354f65,37d4fe12fbf91d18ecd712507f094247e8807897f723e1881e473b71811b0306,P-2026-05-STEP2-ORACLE,3,257d5a69b007c1554107864deeeef78df8f860e1d141c3b246136635d34796ce,663ea692e086f19cceca0a084909463fff4e01432c94f700fb33cd8df32d4339,cdc9c4cd6e79a13658b1e85582f6e2050513107177650b996492aa3fc2988382,true,false
REQ-000110,d7a80c935b5e982d9aa6d398,ff88803b1af1e0457b90b0ca,222844cf2f55724efbf4e105f24498a2a9441559248ab5e3f50ed803248762f1,06ac7eb1822c74cd2a45c68520355c84bb99691ca84606ac45fab3fcf3068306,PROSECUTION_RECORD_VAULT,demo-key-2f8689b230b2,173199c6d41756082463b31e1b3d7b8828d962ccb4fde120baecaae60d841f80,06e00791c789c8b0b07d52491e172752a1524df80085b656db20dfce08d83963,P-2026-05-STEP2-ORACLE,3,257d5a69b007c1554107864deeeef78df8f860e1d141c3b246136635d34796ce,6b6d06e78710460b3cf5dc720f8e8f0d7950049111be44b38ece6d800eb2c3b4,1ca35ee824a06d040b66caa1e77f674db32761dc0e3b2f77a56aaaf874d31820,true,false
REQ-000111,3f9f59a761f0bb3750c122f1,e199c989fb71392bea5ae681,9de87b32dd64948a4ca4dcec59548df132b1b4c702d534068dc3c3c8d2c0eca9,85789be164de23e2b0ab7fd2fdc0389a5ace699401fdcec35d9443a9e557acec,PROSECUTION_RECORD_VAULT,demo-key-2f8689b230b2,3520d5f6275421be6f64c9291f4a7fb32e03d6808dd11b8b01f7fab589f5b3ba,ed689729ce7155b46a90a81d0379ae4e98c174d4fbf5f57e38a40a2d50d548c6,P-2026-05-STEP2-ORACLE,3,257d5a69b007c1554107864deeeef78df8f860e1d141c3b246136635d34796ce,1fdb216863783f6638a02365c70390aae8e35efce718da4e798cf31f0bea04ec,891d28d775a4e65cacf3ee398414dad0d9b95566451ea9225b6e12b087f7c667,true,false
REQ-000112,abfd23e434f0f6d490ebb742,5b76183de874918c71d2d438,4da089fc077dfa0aaa7b0c147983e7bc75f1a4b3b41df4c1d58e4e455936cb8a,f2fa315febb0cc0997ceaaea2d718cd1dd59cef16686c8d5bb66beaa51c208bb,STATE_POLICE_RECORD_VAULT_A,demo-key-a24a960f31e9,27cd76a3d7010d0cdd28f5c4280ac2815b8e49cf6ddb35f96edf36b359fcce0e,11e82c8d614dcea666dee3e439f9a5e763d6be6a4b187175102bc3e98dd180f1,P-2026-05-STEP2-ORACLE,3,257d5a69b007c1554107864deeeef78df8f860e1d141c3b246136635d34796ce,fd2652f0f510539a67d6d68174b90a471dfdbb6f052187499715c21151512c93,f491a92d848695e4d9523f1384bec69e9d06f04a642afe8ed295b1c5a87583c7,true,false
REQ-000113,b4258e3f240db05e85d23c50,b59c4b872db904201aa8b471,baa81745f8a8524ae2d695428801a5ffa36db1dcf58e479d94b6b6febe38f1e9,2126afd1cafa29a71b468a225d8ae90d26d4fb9f6b388d7519da7d9d67662447,PROSECUTION_RECORD_VAULT,demo-key-2f8689b230b2,896113e3d6e3e1e57393b24fbcd027358d61054fa20e674d58bfcc8a21941b18,ba57accb16e35341c9a32458fc95c7b3a09b433cd722346572f14b09b55754b6,P-2026-05-STEP2-ORACLE,3,257d5a69b007c1554107864deeeef78df8f860e1d141c3b246136635d34796ce,cb27b2f9a9db732ec48ffc1291d644fe683b8fa8f234616f766151c79924c88a,14be931d8e6e745f34e9de0cb56e25b53a0cc44b1b53c0edba7bb559ada124d0,true,false
REQ-000114,e850584f79208f7544c625c3,d997121663dbaa2b3ab8d7ea,9cefc94183c8257fafb6854197d4844791635a66d3083468e3224bd5cff32d1d,1faf8ff8fef5caeb76184eb350a8a3485ea931bd76d987727e7735f697e0f737,PROSECUTION_RECORD_VAULT,demo-key-a24a960f31e9,45f943c74513f319e6da55923fb6d8d85648aff2a634f2865d76b5e15ccc9e13,1c65654d566631431cafe1f996b0cfd39104ec0f65ee131866ccae3d59f02fdd,P-2026-05-STEP2-ORACLE,3,257d5a69b007c1554107864deeeef78df8f860e1d141c3b246136635d34796ce,6d0b8530638562d11374b443792dc00c0b56467e4810083415844ea668e4a831,83df300e4505cd823c6c11ff1329ad70666c274f071fae02ce8c7dcf07888639,true,false
REQ-000115,47aeace697fdef02cf20af38,ab7cfefe0689351476826ad4,e100f87b64dcc5002ff4e553eed80626d49f676d57b9f075d5f2708dd66fbe75,ab93938ba60b39dfe0ffef4620b68b8c6c2d43262a8d2adf206e95ff23ed99d8,FORENSIC_RECORD_VAULT,demo-key-a27e431d0ad1,6a5848082b806b6ed2a74c92404137e6a18ae3b1eb79c601af31b2127ee1b237,032c66b09eaa2e674a505a8331aa2ea43b82e0aa12beb918746fca3879f506dd,P-2026-05-STEP2-ORACLE,3,257d5a69b007c1554107864deeeef78df8f860e1d141c3b246136635d34796ce,23577114a28fa9c2bbe1d5fb23f8be26494cbe2573215caeec7a4a8096d812ef,84e849ffffbb6b43b38722c0cdb275ae3e185b12ebde860facee100a812bc89b,true,false
REQ-000116,e114683a25bff76e8e848d9c,a132ed6e9d85cef783701e45,3b4ebf7aeff26046d466a96d313e0f166f224ce4c161a4f85bd65f2c82e3ba87,aad78cbc1c1eabd459d41a2005bf1d1b402d29f9c8317c96fba1c5917e264e16,FORENSIC_RECORD_VAULT,demo-key-a27e431d0ad1,0a49ec4b6ec11f9e03d31b3fb57269c9d96cbcbfe23e79573be6596279fc5ac3,334f386128dec918987e9c56527fdbeb7bf2cb05538f20dc573a24e06c7b543d,P-2026-05-STEP2-ORACLE,3,257d5a69b007c1554107864deeeef78df8f860e1d141c3b246136635d34796ce,75d30b6f40051ee2fc74d10f4f6868ae41b43e712ce34779c05a3b72fdcfc00c,a4533188014f3797bc560971a40e552c019b613bfc81e4305f74ffda6c81b043,true,false
REQ-000117,05b4283d2353c06c08b8622c,0cbeb0b77ec10c5c4f46a7fd,65ad8c2794385f4b26c32f5da093d2179fec81626dff312315890d6e68d5dc82,bb10c6f74d609da76c4aa5ab23a73b995c4ead111e4b83b9fcc8505569edb9e1,STATE_POLICE_RECORD_VAULT_B,demo-key-a24a960f31e9,827defa08391a47afbb85c858783536184f4b8da011346f0804e28be39485e7b,df0da7e22ca52ab0ca5c818b3bf8c92abb390df87416bc05c406f107964dccb4,P-2026-05-STEP2-ORACLE,3,257d5a69b007c1554107864deeeef78df8f860e1d141c3b246136635d34796ce,1cee8b73848dc3039615814d76bb96d1cf790c1a333bece3b51db35fd86c0a8e,802127c566596f6966f6164fcc45d759b1f76f2f499176d4d3dfb9d404cfc934,true,false
REQ-000118,3280828e601e84ca37579d0f,ed46250c3be3a089ce1f8a90,983621e5e7b0575e9adb8444ce2ea0fdad3ea822abc9b8607bfb73043ddbdad6,463a1e329fa673e31ae46467846402cc5818c661fb4ee356384483239b7d6441,FORENSIC_RECORD_VAULT,demo-key-2f8689b230b2,980a1a7912e4773ae8dc5dc94d37780348c2cdb43ea4dad041e453f60f197b0b,49f768620ea9279f06e2896d7675b0836301fb40bcdd6767932875891ae44fa4,P-2026-05-STEP2-ORACLE,3,257d5a69b007c1554107864deeeef78df8f860e1d141c3b246136635d34796ce,c30b60b047cc90e8a861fbad8d2c0018382e6e27c15a0918ce0fdb622e0bf60f,b31634cd4c1bc3b4e6274bc5ffffa554d8adfd0f1a48066b91f0fb82b1e22236,true,false
REQ-000119,e1bedec8993c859386b91f05,6cd014583ea4d0f8e67da49a,eca12bc83792d13baacf970d86417710fddaa9850a4df9606dabc689becfbcb7,9d781eeeeceeff5579b5e9311b1197e225caa1b3976f572ebe1b319567d34d51,STATE_POLICE_RECORD_VAULT_A,demo-key-a27e431d0ad1,c4ac18a9c80b428a9a643ca17c88887ebf0033521897a15eaf7a4ebe56e416ff,d769a9c06a7d7eb8c5cccee8018cdcc3c03937b2540892aa338088c78b4cb858,P-2026-05-STEP2-ORACLE,3,257d5a69b007c1554107864deeeef78df8f860e1d141c3b246136635d34796ce,d2f624aa1fd91770e45bf36708cb71c9a0788fe3e7da12f6324f6cf622e44557,20f4b1da2f88adae6de16d529039fcb6d1ce02d0e982a2f020683d8e946ae3fc,true,false
REQ-000120,25579b73e0cca8193764a119,216af6cf972cc1d8a68b70e4,581ed0572174559a0e7a3ec5d9cc828803d273b3be3c8cc9f6b3630425c260ef,38a9eab4c9bdcf9850ca56a09b69508d51358f0c836f8cd75fa0d83b93826c28,PROSECUTION_RECORD_VAULT,demo-key-2f8689b230b2,4a153f7d63e32a270b90459373e49edb44ecbadc906086d96b159d9a8531c654,9df7ffd16bbb7679fbcafbe0ed89ce7988db101c068834922f2d0de8e36827b1,P-2026-05-STEP2-ORACLE,3,257d5a69b007c1554107864deeeef78df8f860e1d141c3b246136635d34796ce,863906f477279d0ddabbbd80272446aef6a969f0302f46f89d4e424bbd489912,83d1c78f258652a836dcc37d096cbf85ff53a4074eb5c01edcf98dc639f08349,true,false
REQ-000121,b4476e72e12a7120e87a4bfb,a7bc4d11e20944148f8b2b70,aaad510936a3cc31b9a08f19f00cf9d64416af4cff832a0627cdb1d8d4155f03,3b8a699342ced904bf88a806a40da7ae6485a2af476e318a05b2f729ddac2a22,FORENSIC_RECORD_VAULT,demo-key-a24a960f31e9,706f66e655d7bcd559191d37b3180f08cd803e405df4deb965dcfe4c695c6e4d,237e05e0cdddc5ac756a145be7347fe435aaa95f62efae986d185c58aee018d3,P-2026-05-STEP2-ORACLE,3,257d5a69b007c1554107864deeeef78df8f860e1d141c3b246136635d34796ce,c22bbf1e759d26e041f35666fe4c7f31c83b0ad6aee8305db8096c382fab8c69,0b157487a491f736b289bc668b929d3370e0c684c98226d835ff34f4e85a207e,true,false
REQ-000122,48b92ff9ac1a24972931331f,f7d2304c269bbabfeab2aa00,6754374a0cac1090240b20f00ddc1dd7e241b332cdd7cd35337cb0613aa7122d,44cb67af38ffdf574986b26dd49ac99f76336a737f70eabf8f5a32a4a6bc266e,STATE_POLICE_RECORD_VAULT_B,demo-key-a24a960f31e9,abb68d7f89210ab306dd3069073e21f2ac683e113cc42fa0ecaaea5013f7a1dc,7afc379316e66f8497424592b1f991c7381432bd67759619b4a5da4358118ed2,P-2026-05-STEP2-ORACLE,3,257d5a69b007c1554107864deeeef78df8f860e1d141c3b246136635d34796ce,0df5728584fd8b7738aa67eb5b7f16de3321353b2bf58d91bfbbecbf64c23e88,14c9bfda7742b779908abb43680d9fd29a7f6cf054253073e74c858c8f192c0c,true,false
REQ-000123,de8ed503b092aff04a4f6676,a5e2220499b8d82e7484afa7,c11086fcbb8ad16a8fe53b2f68a03868c612b7ec2f135f6e8e5e3976a71d22ed,2ebb787f5d90f5e17d37106e584086a87a915ff1384af932063e79482012ac04,PROSECUTION_RECORD_VAULT,demo-key-2f8689b230b2,b30c2d305647d7331e8e7a3c46d6800404ba80c9ad310c6c376d4dfcec44ed4c,3ef343d536b022fb487aff4c9fd3cf1baca4e6ea86ffcc476b34a48341017630,P-2026-05-STEP2-ORACLE,3,257d5a69b007c1554107864deeeef78df8f860e1d141c3b246136635d34796ce,92a9a5c95740373ed77bc7d60ee79f9d1f07e28d348cc3b613249fafa18c172d,33f20c80cdbf79da24300f228ea4adfa23f973e49ba201eaa1f748d615a648e9,true,false
REQ-000124,092c1f9963d0656d1838f128,43b2fd1182562748d3acf1df,0e89e1ab9880f9b06054a7d458653203365f6b2aaea6bb8b0b49d47fc7231fe4,08f99b5ac3bebc91d678717d95590eb7d103b7737a5c771019b39a980a3817fe,STATE_POLICE_RECORD_VAULT_B,demo-key-a24a960f31e9,2ee2e5267b11508f222ab314046dfc638bc1de11a9b0cf698f4c0638eabf4aee,b34cfa1e4d2a33657a58684042b51797c8f9297f5fe693eeed8355c76f8a0d80,P-2026-05-STEP2-ORACLE,3,257d5a69b007c1554107864deeeef78df8f860e1d141c3b246136635d34796ce,c557ee3bd93a9439a9c6259c9394660dcbc1923b29b2613c0ae5f22ad219e22c,81b4a13d177b8dedb55d597b40d946be3a53ce2a9e84d8f5a27aa0ea5c9b08ab,true,false
REQ-000125,2b5ed92b73d41d7d7ad6f4ce,8e6ecc38f03d87a1fc8a67c6,7027f3e3d5729027bd7e2704dedafaaccbe024ad0638b939ce1000994debdadf,d0bfc9475c6c245ba9470affed6598022a5a25d08ba6c8625d82f52d480b3bdd,PROSECUTION_RECORD_VAULT,demo-key-a27e431d0ad1,c51789454c8e8b7f068c91460b2c9fc911a25b113e5e0e3783e8d39211273530,177696554e774b149d7fb73677580945d2aa9eee0254ba02d617a8d9b0f67525,P-2026-05-STEP2-ORACLE,3,257d5a69b007c1554107864deeeef78df8f860e1d141c3b246136635d34796ce,7819c05b8aeb36361e87d895b067f8c5f87e73163dd057013d46172aeaf78b74,b2a8af276cfcf907af7f8e54b994fb9cf9fdc42cc3194223e808f98eecfd6b20,true,false
REQ-000126,681b4f93de08437e40966100,fdb383ccd1378a3995af28fc,c55419fcecf04fc1dcef9b4b0a928e8e1f3784fea1fb9580e4c379aff3ff9d4b,52d0c761de01c7c2fe512acddafeb6f15751c979179dc319defe520e8a097f7b,PROSECUTION_RECORD_VAULT,demo-key-a27e431d0ad1,c2608ce88ead3f3acc699368404e62ce329feda7216b3565fd33b47d9d883786,14cf990b170a2f3f537e6cee3e352ccbd45452302b0dc206c91576fec76ca044,P-2026-05-STEP2-ORACLE,3,257d5a69b007c1554107864deeeef78df8f860e1d141c3b246136635d34796ce,3060cd06d0f971760a7be3a04b4303bece6796c32be67be9357e2c418add0288,c90bd1a59901fcda40b8d6b92f027f7c7a3a5803710c8b1b758aabd7571a0099,true,false
REQ-000127,2f78e1f4884ee0d4cf5e7c7f,e17ed1080e35fdc369098728,6046c3474a1ce9e1fb9040d82fc0964f9c528f2510a65e8bec19a7b5c5c17504,506e69a2d5f1bd508b817d66c28d3d81df04cb81fafec5460b8fb8eed317f1fe,STATE_POLICE_RECORD_VAULT_A,demo-key-2f8689b230b2,ad8d1c94cf00d949850f9151f86b6c5be6e75e44ac7e98ff0e616c038fd4b9d2,9aaad66e6a9d7c07e66c6950bc2cf36ea00494eedf8598cd6ff8b2efcc91416d,P-2026-05-STEP2-ORACLE,3,257d5a69b007c1554107864deeeef78df8f860e1d141c3b246136635d34796ce,f392d471c5a0adb6d48c3c3df7cc6a55edffd860f3e24fc00ac78a1cc40e1233,8653895780f8137ba01f08776055e3d80d5d1e87fb230ae5fb3adca9eea0556c,true,false
REQ-000128,fd3d5cc99a32a0d7670df06b,df84e958643820b8251dc224,d7ce86d3cd9718132bd62da33e82fe7d83ff0b10c57bfe7e5647de1e56f7993a,ea72907c0735b529574e5a7f3fc854098d818c672490cf38d9553787c30872cb,STATE_POLICE_RECORD_VAULT_B,demo-key-2f8689b230b2,6250664c4672be63219467f6cdbe4fd0ff16f4c042cb3cac5aff23e2285097c0,43b8f1b79d018b3ee89c7ff534525cb9c75553a27913a9545f9c6b08bde082ee,P-2026-05-STEP2-ORACLE,3,257d5a69b007c1554107864deeeef78df8f860e1d141c3b246136635d34796ce,a02116229c6f3334aa73b41ace7799a05bec5564edcf40c596d7ed0770a6afc3,c8f87e5b00b481b6df38491fd2695f946c7e0fa3afcc1fffe7bb278a7cc0835b,true,false
REQ-000129,b1cba9b450fb8d5bb630c5a5,58cc3906dcb23b15e5b73303,7b1ebdc96db3f2546eca827e2247115760907c05cdc7fe3785264e0d23b1ba5a,aa8787b79c3c59b481e4642a1ff119fbcb46bf503338bd9dc798ec4e4eec2149,STATE_POLICE_RECORD_VAULT_A,demo-key-2f8689b230b2,470aeef2e51af8ed99e317b43e1b430db4b37461c802abedf5f7b5689c6d806b,c58c9dc8a2cc4182585b3375c18b05280fe9aff1e4c5e2a29225ad5188cb0ac6,P-2026-05-STEP2-ORACLE,3,257d5a69b007c1554107864deeeef78df8f860e1d141c3b246136635d34796ce,c7adb495c96b232265f94e90e6bb00b3ead30bcdaa836841d0c93451217228e4,994bc61ef497e466e618b5b830c1435052c270fef2f3cc62b304cb2a620f240c,true,false
REQ-000130,36cbeb78e0fd147f27cbda56,993a927949a5ec4269f1f310,d1f052bdbe7fd9fb5f8f182d518dd69cfd4e01f22c9f2bb514d53c09dca997f0,f1da9aad4bc1a9341e145dadc37f343bdba999591e7c7745304859c861e00dcf,STATE_POLICE_RECORD_VAULT_A,demo-key-2f8689b230b2,f3f929c89796a31b8b62c858c4498bb1a0e7abbebf9ac65ba6f60adc4d67e669,0baedb2e254956c8149cf80bd72007a80df6c0b8473f475c7954ffca9a81c0bf,P-2026-05-STEP2-ORACLE,3,257d5a69b007c1554107864deeeef78df8f860e1d141c3b246136635d34796ce,dc9e3d35759734e7cf56b76f0f716c7f40ebba7a3b5da9f78c49aaf4e1cbf164,27ae814aeb185f31f2ee2cc8f6ef050d45c0a4182242c5b4f829f5c38745f45e,true,false
REQ-000131,fd3d5cc99a32a0d7670df06b,df84e958643820b8251dc224,d7ce86d3cd9718132bd62da33e82fe7d83ff0b10c57bfe7e5647de1e56f7993a,ea72907c0735b529574e5a7f3fc854098d818c672490cf38d9553787c30872cb,STATE_POLICE_RECORD_VAULT_B,demo-key-2f8689b230b2,7d868697fd4214e5f591420ec3613d65ba2300edcd007607a9a9b55c970f87d0,cba544950a7c982b896d9b81183ddac3b2893d75852b08d1ddb0b9fd32f05489,P-2026-05-STEP2-ORACLE,3,257d5a69b007c1554107864deeeef78df8f860e1d141c3b246136635d34796ce,90be64ea2bb6894d9f644a4d6537b9cd060f171ca8b87927492149e04519f0d5,dcff988d104300fb494a11e1cead7a22c134a24b151eee14aead37e1dd0a10bf,true,false
REQ-000132,5a2346d627dc5abc734fab91,4d64de5836d5e7d384c70b0d,bdc836b9aea809adf09e41c12d7a7bd7ef33492596e90559fd733e6e89449644,1bc0f3e662acaecebe82904d833cf3d67f1ab8231fc51c1e8acb65b91536e6ab,FORENSIC_RECORD_VAULT,demo-key-2f8689b230b2,229e3f4f14381ba866d73dd3f8f2dd3c51ab0bcb23fef67b2ed878673c754f9d,a3e0e83b000deebaee9476e18d7d681882bd821965bfa813387a027ae9f8d45f,P-2026-05-STEP2-ORACLE,3,257d5a69b007c1554107864deeeef78df8f860e1d141c3b246136635d34796ce,9914feea627f5c9091c10b8033f24097ae339ab337b73a6ec445777e1ca05521,a22a4a86253313f82e4495235a10078e30c5af6bc4099b6fbac4c33151b5f79e,true,false
REQ-000133,4ffb3f05d4241456901410f6,9398762571b229f989a059ef,e068adcd8f0292494479942213bb0e6364269b0abd2314f8fd57be6a1edb0196,921d7f7c94c506101f90bd69ac26b71da51a134a3e75f919c24a1151bb8cf0ef,STATE_POLICE_RECORD_VAULT_B,demo-key-a27e431d0ad1,54326fbe2d5333b64a5513761602d7d902f094fe012ddd469fb14d840cf520b2,dfbd9d5037a59693e76499fffcd9b8320afe768a4e1f970c8b7070e3f0138526,P-2026-05-STEP2-ORACLE,3,257d5a69b007c1554107864deeeef78df8f860e1d141c3b246136635d34796ce,2ca044ee3646e1677ab7a57529edc288796b7905569bd48e9c795de3a84b2176,15a3062c16ec35478cd7ad9abf4eb05d2f5ad7821f9a7a028d54de72bf304ca3,true,false
REQ-000134,f918883e0652f9e5806aa095,5e6a52ec1448dc98853e311b,357b3d09ae9d40d9a607468aa4b635dcd95b31f7ed67ff8795e2c253d450f827,ae14c4df21a2c43d24798a7639b6bfc736ff12d5332bcde350dad3fda6b2ccea,FORENSIC_RECORD_VAULT,demo-key-a24a960f31e9,ce23f29d46f342fd47c8e4aa95b7260f253d7f3183385927f1d7e13397468648,6e0133e4f18dd69ec39a03e650fbd4373f21dfc927dc9b39396dd378e4940a95,P-2026-05-STEP2-ORACLE,3,257d5a69b007c1554107864deeeef78df8f860e1d141c3b246136635d34796ce,59f8d1681b1d24734d284866d3906a7db0800d3a287ea7332432c8466e8170f2,58073ed804f9a13c975f089e44c1c7519cf715fb1b2c8a3dd54fac90c4ba8945,true,false
REQ-000135,993302f952e97c82aaeeeeba,bf57cdf9de2c8395e24f1f36,5b3120ae3475f7e6fd5bc72726f423fd6597b7d8a680ee5cd8af8b10bfdbb5d0,014f3ceb0fa29692dfc92af725b30093275bb6255b2488436e59435423a8b7aa,STATE_POLICE_RECORD_VAULT_B,demo-key-a24a960f31e9,61709d1916af4f9cbfa33c4b72327c73a2cb62ee2e0d76b1767dfde9bf56a180,e3e927f326b30b7ee36bc10adccc57369a5fbdbeea0f2d6e381e7676cd4be6de,P-2026-05-STEP2-ORACLE,3,257d5a69b007c1554107864deeeef78df8f860e1d141c3b246136635d34796ce,cecccd720bbd43f14e445579021b1735309c941100f20c9a8589591185840ed3,cab1b42face39a61176e1d54afac2616b499828ec72955ddaad982bebc01bb60,true,false
REQ-000136,95272f463d03a2186ae00bc6,3e495f82e8a04fd4bc0faadf,da8c547935dc53a5f62190c56317668b08d8e5a1385d30ef1b1ca19dd6a69aa4,6df62926d9fd9611aa5fce92ec204d9d46c818c2d5154b1e24ad3a6fc1fe331e,FORENSIC_RECORD_VAULT,demo-key-a27e431d0ad1,b0a222380c423aa454d1763b7b4ca1a33cbe15e597d078912144d7d6eb9e12c4,98a5c20aa2a32d713e0fb7a4213b584c41efa2b7fa38f006ecdbcde57ec7c820,P-2026-05-STEP2-ORACLE,3,257d5a69b007c1554107864deeeef78df8f860e1d141c3b246136635d34796ce,b7acf25852d18fbea1ddeebf7951d66cf7291039127a1fe77ec235c784922021,74d5b010d2d16f18eb45fc374243144201ec6f9e3987ab2416fbc5dc8a2e1b57,true,false
REQ-000137,19a7c92363fbe8fe785c9ff8,b53a3eedc26c12ac4d812494,7cbe98ec8187c92c4a0121cf4da18f0f625bc60e673b647d6f736e368f1a57ab,77135f5aa996795fa6bd4523f6b532385bede526317b2254ffd31f22ac31df74,PROSECUTION_RECORD_VAULT,demo-key-a24a960f31e9,a78f4f818b1d18c08c99b288026f27d5c6b973a7a59c127fd63947fb6e464cf1,4dea6bed0002f13d0559b5961d936a0a803a844f7a7d3e7fd60fd04b742e40eb,P-2026-05-STEP2-ORACLE,3,257d5a69b007c1554107864deeeef78df8f860e1d141c3b246136635d34796ce,082035df36d7f06eb62dce4baaece637ae556127da87cb2726a61762649812c8,34b31d4328030610180230c000dac1a913cc0aab973f16960e73f9e864da3b1b,true,false
REQ-000138,b1369cfe83c9b50aaaf08c20,71ea733dcb81fdd05667e907,5f46aa1ae1ba9700e05281e4a6d0725f38b65710ace9f7a6fa7c2a0bcd75cc6e,da80566fd8b1d2f23578f5b6f4dc0750c01ab329b60d465a5f96adf9983818d7,FORENSIC_RECORD_VAULT,demo-key-a27e431d0ad1,00d67fa909582c2a8ceb8d6f8049d2ffa3fb5cba9bac259fbdb65b0fa8794b5a,a426652ce3b77dcfe6654f35d94c16dc1a2da1e1019d0eba5ad0a58f962ab02b,P-2026-05-STEP2-ORACLE,3,257d5a69b007c1554107864deeeef78df8f860e1d141c3b246136635d34796ce,7339f5ac13661a51c7c23fb350564001cd6c3bad44610ec45335cc7f8679310f,6864b90c01e28faeb22b100e86b66ceeed88e94b31afa7c8db5ce16e2d3ea038,true,false
REQ-000139,e11cd5a6c9ec9e77c31803ca,44bf06727d814d90f0f03df5,d4f1977c7ebde80f099d8ced5584f5ecac26210a92ca79b8aeb39feb82383aca,506ccf201463923671bdb6903a7477365eed65d8c4807b56ee7e4ec4807a51e0,FORENSIC_RECORD_VAULT,demo-key-2f8689b230b2,6d1e34d4e67951608ca34f0595a451ffe72da6ee81e018dcbb715530d3ef7630,c6d85ee0f09f9d033953403f596c0d48e56d6b5fd636e9ac8769c3bbe9bb6ac2,P-2026-05-STEP2-ORACLE,3,257d5a69b007c1554107864deeeef78df8f860e1d141c3b246136635d34796ce,6ff6f0082f7f56c25fa8ace4a2f9f44c278a69b9195714b12d7b4e2c7a3142c0,e1063e8a233d50cd606b13ef19d23975c023b313c1fc2826954630c4c1550f73,true,false
REQ-000140,27a2461445cecdd70ffd515e,719c8ff9f88832c7f7af1ab2,5bee660f61bf1d8865721bf10f3b0878a53d3aac75b52748ee5a012e77bffd64,75b4968f0de1bbb3e6115a42e68f98d29a61095381a95f8e2b9e6080c1c9ae81,STATE_POLICE_RECORD_VAULT_A,demo-key-2f8689b230b2,7ea702c407d3f0552dc82c0b6daef0ada3f85d4b6787bd7bc74249ab0e03414c,ebe48ddfbeeebc982d2eea4788636df74cff11e4e7fef85c6ceb65ac667ffa6a,P-2026-05-STEP2-ORACLE,3,257d5a69b007c1554107864deeeef78df8f860e1d141c3b246136635d34796ce,b8da3f62194f8c2bb6a774b9900f4b4f8f647ca924eb271a7e581d7c274b87c8,2cc6d7a7f73cbe7eaaa1a383c63f4c7a79cd7a5f72dc4b158e00034a521e5efe,true,false
REQ-000141,b2fe1d7e7f491d2222d662d6,f56a9eb60148dedc4e73f665,7aac95a28fde401de91eabfab242d539a644230799175e8b1e376b99b24dbf0b,2c7a575cb0f432b2e6275d47f8db6a665a72689057081daefa4e2d5a59dd55d6,FORENSIC_RECORD_VAULT,demo-key-2f8689b230b2,c547f90375e187d0e316ab9dec2a92909df87da6cdb3afbf716a13716c2fc4d7,e8769914daa4335d6abccceccf5d424e25bfc0a34dc7c4c23fd60bd9169d89ea,P-2026-05-STEP2-ORACLE,3,257d5a69b007c1554107864deeeef78df8f860e1d141c3b246136635d34796ce,d2b5000d72bca2ead8c2b1c71b7a5aeab07207ad1fb333fbfea2dd5a5b01015c,dbfdf186e421e923b22492345651f7dd0dabf5b03e53a4b237a4e6337f8c2c37,true,false
REQ-000142,4ea55cba83dc306bfa955910,919340c0bb105dba5fc7b790,c17a0027956f6d44f76def10ca058e0686ff3113d57a99270f56a5639d5d5d0c,d31384f5bc7b28721a6d00f0c741f183438b5831f64210533be7b7c6eee91eca,FORENSIC_RECORD_VAULT,demo-key-2f8689b230b2,c8bcf47ffc7891dda474eddd7dd9c9fa10cc8a986fbe92600bc8d71cbdf59194,d57d767250d046b00429c2e1767c9098606879b1e4685da425ea0c612f536a65,P-2026-05-STEP2-ORACLE,3,257d5a69b007c1554107864deeeef78df8f860e1d141c3b246136635d34796ce,fcc5aedb90f0f59a56dc0af9dcfcb588c9ef38eb654789ff960abf9c7e48cbea,1f8c7e3546f478648c623f8fbb97ae6aaf0846ec2358647a375bc741726b25aa,true,false
REQ-000143,24c8c0c8b19638b5e8c5fe9b,91c74c355e263dc2dc035cfa,cabda87cf71d47b5a57e8a836f38bcdb633991362a00057ff8d16a9cee77db93,64fe39f0f61f02d17be4eee7e6dc63fbaf23869e4206a2855fbc3cf53b9c80a5,STATE_POLICE_RECORD_VAULT_A,demo-key-a24a960f31e9,4dd7f4b7b8fe42bb5770139e2033e0bf83e7b3c985c24dd234c4167caf6fc0c9,de5f043ea04b0dfb0ad000daaed7da90bd826e88586853014b7c567557535e59,P-2026-05-STEP2-ORACLE,3,257d5a69b007c1554107864deeeef78df8f860e1d141c3b246136635d34796ce,768219fb512c60e14a3ad3d5496e713e71c5f36803173735b68af9d78ad8713c,bfc5fcd63cee7f92796bcff7332d900cfc904cc0cfd6e51ed1c1823b89981753,true,false
REQ-000144,b0e996b4ecdf66ce33e6405c,cc76a6dd2e22501090ebad09,2752339a14ad9874eeb22f1312109c9f0605a44b220a21581b27edf4f0d6dd29,18fc965c57cad029c076b69f8234d58726929d0533330e3b38ad72e5458c4cfb,STATE_POLICE_RECORD_VAULT_A,demo-key-a27e431d0ad1,a8d9658fc131379dfbd2185a27eb66af452d3911e19b5298fb6cfc409eac8593,ecf1129c52424ef9527bf19d029b9e6247a947d31969cfc21dac01e985205bb9,P-2026-05-STEP2-ORACLE,3,257d5a69b007c1554107864deeeef78df8f860e1d141c3b246136635d34796ce,f472eeb29edb884da8aef7c0a793fc28f9d9dfc2a219d78dac2754eb36cb8129,fea66d14d03cfc91cafcd155409d873032173d459b8d2e7f0165de11003a2e65,true,false
REQ-000145,634985427cd8688fee2b98d0,90db0235db8af5799b24bccf,9a0bfbb227c3d23e1c24600e02a174285f29a8341521b86e2418f0794c5fa519,34272906263497efeac8ea57da17873a3a8fd2bcbae96a7b7dddc5f2f537e132,FORENSIC_RECORD_VAULT,demo-key-2f8689b230b2,6c9d9e30176c0ea6b26ee34930de33e8f13f9321d03104bfa3529765572b07ca,57d4e823c9eef341232bf776bfb3837c2ac5e58387c496346e73e2d77b28c6d3,P-2026-05-STEP2-ORACLE,3,257d5a69b007c1554107864deeeef78df8f860e1d141c3b246136635d34796ce,0d59c7ed902c2000fa7bce0b3f36afd48e247babd524d798645f68be89d098cf,71476cdb5e7b7df87f08a1370901533ea24f2829009baed953d5d766a69cd4f2,true,false
REQ-000146,858b3fe36acc7e4e879f12b7,e1929485f8f74ecc9f364108,563a03a6476832d04bc2a4b8eb39bb189eea62b534113bb1e638ecec0fd7caad,1e4c86ef23cc905a83270d3e9240af6d9f349e4ab8f8b8c488875a934aedd196,PROSECUTION_RECORD_VAULT,demo-key-a24a960f31e9,c996fb98ff3ab27117195fabada66185addd52b5abef5fee0c9a9c398d21188c,cea9d857372c8d51072722777cfb3d0efc31de9a6e7e58591500ca12ad16396e,P-2026-05-STEP2-ORACLE,3,257d5a69b007c1554107864deeeef78df8f860e1d141c3b246136635d34796ce,dc424c956ca5cbae261e83249488f834ae6f0fc0f1ce082aafe6acb0868a919d,359a1659b8c493542bfab651e7aa305e3a229d8bbdf6bd0f2ff9d63fb801f2f8,true,false
REQ-000147,b1ef8bd2a5615b92e3c7daa5,cb623ff6e0347f3210d5661b,03cc9fb421eee3bffc8333f86d29f16be1f6390982c7e4035db8760ba2ec4873,d6ab18f2f351db84fbb0090e4be65de7f91d00848b8a8f8c2bd42f992797694c,FORENSIC_RECORD_VAULT,demo-key-2f8689b230b2,aecc2edd9f0be16fba4a638868b0f25f41c230637c95f29cd8abf33450c08983,75626bf62cf21a7e9d877531349dbb22007441477f0a514a6afca8d35c202909,P-2026-05-STEP2-ORACLE,3,257d5a69b007c1554107864deeeef78df8f860e1d141c3b246136635d34796ce,0c7fdf6b62a5d64a913d5033d28947461854a130c0b33c799e57588b92d4dc73,5e5cefa7f26aa8fb3227edbf5ad4d30d6399b77880bcf9b81de92d2b1812c80a,true,false
REQ-000148,e1a5c2e42c1a757dba4cde54,84767be27b14da8bbd363560,dd60e96bd1df6c0416fddb3bc73af93e55b879c452676fdc89a17a07f5808312,c991269ed373d4c2b9d3880e0d6bf6fedfab16e079630b67e25edfe909fe5a5f,STATE_POLICE_RECORD_VAULT_A,demo-key-a24a960f31e9,062f88b7034a8d6c4ac1ed968221c319a69923503b88c58ecfc4967f801dfa2c,2f855bbbb375f044ef6ba7f19049c94f1f42a0165c34aee5087a7e358af0ac6d,P-2026-05-STEP2-ORACLE,3,257d5a69b007c1554107864deeeef78df8f860e1d141c3b246136635d34796ce,4a6f4499b75e822809bad3dc867f2eda4955f9f289b5b6d60b995a2bac5934d9,fb1905fb61c51edb408e685575f0de6c4139bd6d1376b236babcd566cba519bc,true,false
REQ-000149,d7d8d1e7e58fe0de6096f7ff,de20893394d9197ff30a8725,56730a35343b2eb766be2c2f133a209f70423a9477c5fd221690b2a5061f5478,0a587c1ffee76feff3fa5a554c86f7f9d5a008acfed0b4f0f24ddb9f97feff2a,PROSECUTION_RECORD_VAULT,demo-key-2f8689b230b2,59a73df9f77e771ac6b1e65c3e89e0b00fa66e82fee7a844f7c141c908dae39d,4141c5cb9822a420c16b8f5e2a19d047d20d076bb431ef8e4dbb5aeefa53835f,P-2026-05-STEP2-ORACLE,3,257d5a69b007c1554107864deeeef78df8f860e1d141c3b246136635d34796ce,7b7d1a875599cf23d5ac7a53b57897497e072e577a320143ff20f8cd71783540,b67a878dd8c8095bdc7b6b2ff5091069da76f40f4c5d0e61ab1fd500ea66d858,true,false
REQ-000150,a0f405d28cc064a49ae643d4,f4b3f0f479134a445b729ce9,8402e42dd2054c98c8d297451e66d20124a745bf1881703ef4a577047a7464a6,a8d37613fce267f77ff471da5c18ea432b3a75eefc8aef6295b155ea4bca3d1f,FORENSIC_RECORD_VAULT,demo-key-2f8689b230b2,b2d85ccb427281417d606341c1e4de5aa393b357444263bbb45d8e72792ff7e2,c42569c8cf0179faed18158b845d1274ee9422d3cc8cc9d8313f051325ac491d,P-2026-05-STEP2-ORACLE,3,257d5a69b007c1554107864deeeef78df8f860e1d141c3b246136635d34796ce,877f195c1ddfc55d4b9422f32a0c309ea4e276a9c565ac49f74c89b26be98252,42fd112d09d869153135726e81b2ff6b1d5654a19697105e06f518be750b7412,true,false
REQ-000151,4ea55cba83dc306bfa955910,919340c0bb105dba5fc7b790,c17a0027956f6d44f76def10ca058e0686ff3113d57a99270f56a5639d5d5d0c,d31384f5bc7b28721a6d00f0c741f183438b5831f64210533be7b7c6eee91eca,FORENSIC_RECORD_VAULT,demo-key-2f8689b230b2,c70959349a4b0415a39a277c77a4350845b0449150df06f2c25c2272a6063842,c582fb8891b1cf672aaee98428101187576868e37a24a4dd0df5dc8c4a3f0ced,P-2026-05-STEP2-ORACLE,4,4c383bc047f1459dc3786f564b14298a4107df3131dd97b76f53f9d738a1f96f,637df55e4fddbd4aaa17557e4c05ae41ade7f58dc1e83d6d3dfb5247e5837ebe,54c3dc4ade5764189ec26ad627c422e1bd4f6165b1d117984b9142c9920b2cca,true,false
REQ-000152,9cf76f652fcb60053f1a781e,e9b86082dc55fc68db746096,4c2357b9293ffd19590be3d409469253222355c29b31147ed16abd3b0f9c7ba6,a355f43855d9729164cb1aefe3d0174fdbcab8fd3e41f0142652b95dae56be92,STATE_POLICE_RECORD_VAULT_B,demo-key-2f8689b230b2,ef0a32a302502da12c9b329b1aba143a3832633329cf532a7b291802bb38c19b,3f3c6ca44f5e7dfa028f325bcbb4e6e84d52064326670046ded77af55e066079,P-2026-05-STEP2-ORACLE,4,4c383bc047f1459dc3786f564b14298a4107df3131dd97b76f53f9d738a1f96f,45aa4f1ee606d1638e814c28113ab933beff0fbd52018717ded36edc2a558154,ea493e5d90236271063cf2930a0b223f0e6a5b33a6cff7a5c448834c76b7ff35,true,false
REQ-000153,eec522c5b9b600387b5fa262,4b16f6d503e3a31951ff8574,d8c4d9ba3b9696df82c6f0833c67cd000767ac67da56c24677a0381f666ab232,563cda3a79a6ff6486ea022a65cf28ef498327d874e120dc0a568edbc950f23b,STATE_POLICE_RECORD_VAULT_B,demo-key-a27e431d0ad1,25488d4b9d584098807bb95d4b1dfe95010baffa4fca2bf26e7c7e2ccde024a7,4a5b05532cc1db81bff8414dec91b20f506afc2a6757d8829a09a9dc0e1196cc,P-2026-05-STEP2-ORACLE,4,4c383bc047f1459dc3786f564b14298a4107df3131dd97b76f53f9d738a1f96f,2b3b7e0dd185a2d310af9cb4ce02743bc9870fd192ff290a3768b28284f017a1,e91a42c35888d8dcaba853ef40234bd4751f9eb5d794e7f8456b9d92f1351d93,true,false
REQ-000154,293dc9e885e75ae99324c2aa,2a3d18fc82cac2b462fda486,4d1702b6d7ade1da93782203f1115216bb474149ee9779015785846564f7dc62,c481c9c9dcaf6a142548b8e3e14e5a069bc29be47ab3a378c8167824bd226c59,STATE_POLICE_RECORD_VAULT_A,demo-key-2f8689b230b2,06cd2f5a98f2355216595ffed1f6c8db01bac71b8ed0ba3cc9b67562c9136b31,3df1000fbc2084ceaebdc57de76ef132bf93186f50ec78ee61d9da31626c63f7,P-2026-05-STEP2-ORACLE,4,4c383bc047f1459dc3786f564b14298a4107df3131dd97b76f53f9d738a1f96f,ece5544f56203c278fe3558f47bfb6ce387185665a749e7f56e78856b7f142a4,f362599608bf31ca566b2452ccf3f16733b71ac5a8f50e2699bdc17431e543b5,true,false
REQ-000155,7a1c1d8011a25f728528d611,b64f1a2d4bc5efe0ef374481,7db11a7c90a3d3d4dd68a329ff6294bf4217a297bae977c9d3c5c3e3d2711f76,f8663677a0df4d03cf56cf2d2a8bea21d7a85d163387763207b5d716fabd6263,STATE_POLICE_RECORD_VAULT_A,demo-key-2f8689b230b2,bd44312c5747c41ae9899e096daf089ae0eb698f0a30d372b3a5ee4fe6598066,9c1e5978528e4081940fe97634b4380339bb216892cb29d5049b3b7a2b2926e7,P-2026-05-STEP2-ORACLE,4,4c383bc047f1459dc3786f564b14298a4107df3131dd97b76f53f9d738a1f96f,347d61aab7ff9fae95203c7ddf95e1a4b5d4eeb589a13ded512f0a64af440616,76b5a891b4f2da26d5f3d9ae82e90b56a01609086ff005abf5ccfea532b89426,true,false
REQ-000156,cbe1fd17453b68043b279572,04aba826af3c4606dffff2a3,0e2a03c26fd170f93de802c376fea57660cce3e62597a27df7c12183578f3975,710dccdedf7210d2ee676667d9f1917668ee0dcf2c7798cd8c0801b340d13546,PROSECUTION_RECORD_VAULT,demo-key-a27e431d0ad1,052f44b3e68c27f648ecd16ea575d9ecf3ba4f506fc8b1124cf91cffe6f72a78,f250408ba9537ea056254bed043bf131b19617ef198a9cc38fc98753c675b98d,P-2026-05-STEP2-ORACLE,4,4c383bc047f1459dc3786f564b14298a4107df3131dd97b76f53f9d738a1f96f,836971cce81a7260799341a295c1c50ffd072719d6507dd3669b451dd71ef667,d1451ee5f6e26f1a22c47f619ab1ca77fc27de407f994b7e436c45bed5833c3e,true,false
REQ-000157,118bf6e235079ff659306fe5,3eff4d63eee5bdeb00e91c71,5da5ad4e0e3288948ad4c6f287bc6a0abeeeb87a5645a4d2a6874c910b3419ea,c96f7917d6e8790567c25279db8cd761f213b3ed9c4b0108d31083d41f8ac6a9,FORENSIC_RECORD_VAULT,demo-key-a24a960f31e9,a8a5ecc02accaf42d56f6053db75b1ae021979f50da58d7b4db99d6cc624c815,2c7dc79ae0f4531421da8f7442d4a1c7a9ec8390e7773d14151e0fc541926a59,P-2026-05-STEP2-ORACLE,4,4c383bc047f1459dc3786f564b14298a4107df3131dd97b76f53f9d738a1f96f,7c99ca06b1a845cecda912190716c3b7ab2777d9bae884fcfb4919ce7f93559a,435913e869b1836cfdc978b4865511103a9e08d28b15b9407a8b48d647ae1246,true,false
REQ-000158,3ccd34687090d2923fc32e3b,af263afa6680e104a3777a77,b3281249d79a0c29d98fbd0f668e2d526d914834c28891916a4d62f6e0e450ff,f0330156007cd111eb13c536211cee29ab4e07160004b32ca2e628100785641a,STATE_POLICE_RECORD_VAULT_A,demo-key-2f8689b230b2,11d1e58c70daeea5abadf24677927d918a6427f56a853d7441c3fd877b2bbfb6,130ff02bed7dd391339809e31d5478a2380c98ada6ccb27a48129b7b7cec75cc,P-2026-05-STEP2-ORACLE,4,4c383bc047f1459dc3786f564b14298a4107df3131dd97b76f53f9d738a1f96f,a74bbe22ffd75fabe26c56714cdc68d0df9fbb2e1c87b090eaf09d3280c06303,44e8044fd742b94b8d261f218ceee067b74dbe004eb3027e3d53e6efb25b365e,true,false
REQ-000159,8ccbd9b70dff9bfa5bc9f0dd,a74a4360433cc4855ad3165c,bfbc6c32abdec488d0e0bc38a46fb0fac145da4f36fa124f79b420cc12bf095d,3bcc5a52a00220036d9f4cb62c13af7ba76893532ef1a375b2897a40e4fa3c4e,PROSECUTION_RECORD_VAULT,demo-key-a27e431d0ad1,8c193ad4a7b1056ea5b6c50f8a0ceb52115c59e3cea202315041388bc36bdd4c,bef126a710fdbbcc6205db9550b0fb6926e9c3566ba5419c49fd3d1ea3ab2f03,P-2026-05-STEP2-ORACLE,4,4c383bc047f1459dc3786f564b14298a4107df3131dd97b76f53f9d738a1f96f,66d47c1314f9a22bff5e7e94b0f6ce87ac6f09d7da4f50d3446915f577849aef,73a16a1428648e3fa8f4cc82dbdbcdcefc7cee0f3f23f8061b1886e784ad9ce3,true,false
REQ-000160,2a44ea7167c606e1a50fbc7d,eaf54fd9c9e10035eadbe7e1,d031e03ddc162ab836ce57cf62ea4ce7baee78b190454ce26c3650e22aa623d7,8298cd7b5bee695f362630f4d21daacd86a0ffa7bdf9e9ef714d242fee1518ac,STATE_POLICE_RECORD_VAULT_B,demo-key-2f8689b230b2,865c3973eaae88ffc578d16a1ebb24e65c4ecdb33061b1131c85bc0fce360e1b,3a67919b6b374fb1a863a3906704a3ea5bb96d07e8ee0c2ca551967627f3f5d3,P-2026-05-STEP2-ORACLE,4,4c383bc047f1459dc3786f564b14298a4107df3131dd97b76f53f9d738a1f96f,edf215f31803b90d8c542c0daac87873a7bd8abaef3b1620828684ac9a3aba82,34d0481ae8afa38ff0b73b569f234671e9d1c71bdff326e667fd8d276d3e78d3,true,false
REQ-000161,efc254275269a6226b4fd601,a4850b69fe1db7981651e042,5c0c265557546d591987ec0f78cdf966c6916397a5ca93cdd47c6a275a21663d,26a2ec27edc171e0c6ae2089ff0174467dd38b08a57507286ff8c51351cf743f,PROSECUTION_RECORD_VAULT,demo-key-a24a960f31e9,b7598c24c72293661fe5557fb69f408361847b92e566e1c089dcf3e7cc58f0c2,15eddeb2409c9cc05cd3e71d39ce627a7520e6126d4b21a9f1af242ef70f8ca7,P-2026-05-STEP2-ORACLE,4,4c383bc047f1459dc3786f564b14298a4107df3131dd97b76f53f9d738a1f96f,c4062f8cdc61ddbe8b9c743bf12b79a4c87f66082549679dfecd71564a01c35b,570b95088c17cb4ea71b576dc9d1e66bc55d6cb875a51299c267615bea9ea0f8,true,false
REQ-000162,b0e996b4ecdf66ce33e6405c,cc76a6dd2e22501090ebad09,2752339a14ad9874eeb22f1312109c9f0605a44b220a21581b27edf4f0d6dd29,18fc965c57cad029c076b69f8234d58726929d0533330e3b38ad72e5458c4cfb,STATE_POLICE_RECORD_VAULT_A,demo-key-a27e431d0ad1,d13b6f75d68fc76371f8c635e08b79de7f5a510e0f9dc5036558acb5711fed23,0fb878ac21570dd92fc87a590557bd6d4d743df276e1d52a0efeec1f25b4c500,P-2026-05-STEP2-ORACLE,4,4c383bc047f1459dc3786f564b14298a4107df3131dd97b76f53f9d738a1f96f,f1498a1b540bd3d33c7b742e35572bc403cac2059ffc27cc40c0c3a6269efa0d,069b661c0e3fcecbd8030cc3c5e244c9a005e04f403240c32c68f15bb6a7235b,true,false
REQ-000163,add976587ec76c7d2c996cfb,793d4251bc1b0dc830eb2c87,308dea1c725665acb3fdf53a7bc9af8b45117e108554f7eb85f43052fbd29e7a,5317a55df9098c56f8ba9c3cfc6881b1d64e1a6e1ea092bab97779ccb7cc211e,STATE_POLICE_RECORD_VAULT_A,demo-key-2f8689b230b2,9e1274219f6708375b8a618269e8b44c4aa015c423543e7873432cd9ec01d418,ded24fff05b85708ce87651ec89a9d3ae162e903f5524b9942f774ae5c104694,P-2026-05-STEP2-ORACLE,4,4c383bc047f1459dc3786f564b14298a4107df3131dd97b76f53f9d738a1f96f,45957150127d4ddede735536d91da9152cc4f416fb3cf0a7390acb63f61a86c4,c189f8c2b00751221f42c64f74ac3196a28a80848573457c4883e5eeed0dd2eb,true,false
REQ-000164,c289388229db506c0792742b,40b7dec0da45beb2a0abbd3b,f103ea437bcccb52018fb19aab2bf165ad12084bcb4af9182c7a221e00249913,e5c132bb5187d154c5c58e2d7613eeaa1ef785672882f8e6e9ff41e9d651d010,FORENSIC_RECORD_VAULT,demo-key-a24a960f31e9,abb2442c0c34e5728ffc2ecf7e1df018eb8bc9f7ce01cf492d462fe0849013d2,2cbda5045e8bd330db586e426d92341d3c066451d87223ce483a0f2f2f4590d8,P-2026-05-STEP2-ORACLE,4,4c383bc047f1459dc3786f564b14298a4107df3131dd97b76f53f9d738a1f96f,4f577d20c990d765bc2f1bba0f5f409245af2e139dca041ae2addc3388fd8781,4a0f4161b1b9cc853a9fad50be0c50d8af901cdd47fc9c5a0fc17a9153f37e8a,true,false
REQ-000165,956aca67b33c2620ff186459,628d7e4fa55b6a3d500dc1e4,b4da96754dd3760629672a7820e421728a59b1dbb863e81e2cabee6e93e950cf,1abf960712e9d579003c9a33538704fb3ae4902778a5f84bf0cc44f6e791ef75,PROSECUTION_RECORD_VAULT,demo-key-a27e431d0ad1,0cb52143c83e3a793352573f5e9de01ec628be965f1a8d1b2fe2579f4cfe1f1e,bfea89ca8167f2fddbfc91fb9182b184745e3392d97f8444df81c6168cda867b,P-2026-05-STEP2-ORACLE,4,4c383bc047f1459dc3786f564b14298a4107df3131dd97b76f53f9d738a1f96f,ea2401a6bf33d9349537806a18e27bea8a768eb50708da9c4b55bddc020f7fda,9074454b2270604235467abd983c312e9f0df7b4fe90a3731b19fef87e0e22db,true,false
REQ-000166,dc6ed48644cef8458ae92ea7,74dcc841ec43b6320cda45ad,8a5d35fa80f602e696f7831fbfff40b6659a6ba79ae1aad49d2de625a07eab8b,903d22e1b2161c42a45147c9ec8c51ccbd457ded4a928dd4ae39ea536ecc621e,FORENSIC_RECORD_VAULT,demo-key-a24a960f31e9,1fcba5d938a1164e1b4752b1280cd6cb191c7aae799ecb3ec221925f44174c34,0cc32cfaab4a9d851b6d326520fcc0b4edd0cd25f4ad783526c43b441e59bf37,P-2026-05-STEP2-ORACLE,4,4c383bc047f1459dc3786f564b14298a4107df3131dd97b76f53f9d738a1f96f,7145b5dfa4955a4e0930f3bed679e685804b2f5df03007546250d9487f5352e5,2b87af41cb375928d8d1cba592b8a89210cd9aa13e48c8b146f61591aee4366c,true,false
REQ-000167,dc7ebd2a3c118cae47903bf9,e9bdd7bb41633be5c00c37c8,fa99a9d06dd002fa239fee6d4a72efaa79af1e035c05ff2b5973c983d1acf5a6,d4527e6af8b95b3d003f63a4dc9f807e70575203a4432bd5f5f8f7f86a38a022,FORENSIC_RECORD_VAULT,demo-key-2f8689b230b2,49333a3cfda11f2724c121b7e1223b038971d27090bcb98d94a5f1efb8db2129,be0bd99bfe91ac6bd2a1ad571c2e3d60d935442916b3d4c2cd13fc7d8da81188,P-2026-05-STEP2-ORACLE,4,4c383bc047f1459dc3786f564b14298a4107df3131dd97b76f53f9d738a1f96f,d43e946e7dde534992b84349cc5f9bae08e7709b2c860764750314b59f4c0dc7,675dd5ab491d9903fbe2ca8b78f8fb3bdaa25bffeaf2049609342855c57a412d,true,false
REQ-000168,08dd64986685dcabe431977b,2fe03ebc5f238640311c5ce0,ef151ab019cd986e0e5401e7b48805c94f7c271575844fa5c6276d252e4f5e08,38451e90fce63233601958b811f4d868e57721916edb6f276a5090ec5a56c4ad,STATE_POLICE_RECORD_VAULT_A,demo-key-2f8689b230b2,23605f6a1190849aa921a6980be5f404d0fa822fd7197c51d58eb2e2bea21342,e3b406f079dc651a552243beb6ec833e5c344217d39953279dd7c850e8a46835,P-2026-05-STEP2-ORACLE,4,4c383bc047f1459dc3786f564b14298a4107df3131dd97b76f53f9d738a1f96f,d41212fa09c0774c154b91aa8aa9b2f0bc997f7240f2a1039bd45c89962e0051,176cc92432d3e0a13aed4807561b385919b7ed09a261934dc722d7286b261c0b,true,false
REQ-000169,5d20a2d5caff676d0afb5185,ee00d2eadc62f50604954973,25a780ca52519b3ff11fd947b9d88e7b7aff699ae319d2e566369010d0bff716,3e8ebc4d8415083baff9d432794c0571dbb38e59a758333c17f4b0bb842ee372,STATE_POLICE_RECORD_VAULT_B,demo-key-a27e431d0ad1,dde3818f6ef9f1d6e4bca30d86242f5875420f6ed927882cda8640a4c917c12d,f0d3a5abe3f7eca1d1294836a52d3f225290a65c4e25bfd3bc242b7ce27c1aa8,P-2026-05-STEP2-ORACLE,4,4c383bc047f1459dc3786f564b14298a4107df3131dd97b76f53f9d738a1f96f,cd972feb275123832e40fe1e9935a603fad008bbef4951d26f8df68280a8b7ae,5a6f41fddff2ac32a20d3290b9d6f8fb12a82782708e851124de160977e5126b,true,false
REQ-000170,4644ab9bab94b2012e83fa80,edda7f126338c86b57c9e4e3,9d2afe906acc63d651ae1a47a209ffcee21752ebd1d1405bed3225e98e245c53,8e408e8cf4235e82403fdc6410af3f629f85bfbf8f7f0a48e6b0df9441417e11,PROSECUTION_RECORD_VAULT,demo-key-a27e431d0ad1,f5b38b71511a7f7a38585789ec017aa241a05baa2aa2f553aaf64c4593fecb13,6d688606173c354200d16843059c9b12a74fbe27d800237133be71e52ca6e45a,P-2026-05-STEP2-ORACLE,4,4c383bc047f1459dc3786f564b14298a4107df3131dd97b76f53f9d738a1f96f,beb551609f6363bc5abd02ce0387f65ab1c920ce92c3f98db7e6bb1bfd9fa09a,2c243a3db0c6bdd61e7bc61646fdb01849ba0cf6be47a8545d5c48da4222ebd1,true,false
REQ-000171,bddbea36e35c483e079157c2,d644d3895cc1a7a260bbf0b8,0bfc1f1619552b1673c3af3a8abb06d9c370dc38d04979430e736e0c57dc356c,2b5a6fc71ccf012466877eb082800082cc297e6123b63a612cc0e83555ed0bd8,FORENSIC_RECORD_VAULT,demo-key-2f8689b230b2,92a4cb82c71f47aa2f695654b633a596c0d651975d88cafdf8dbacbf311c4f88,35729e78863ed87b463bbf48258c2405bceb9b381746d36e1c15744c70d85129,P-2026-05-STEP2-ORACLE,4,4c383bc047f1459dc3786f564b14298a4107df3131dd97b76f53f9d738a1f96f,d11655d1dd6ae17c39883730ca27ab841122f126cf9b1764611c92e595c6bd93,4cda68e8d6a889bef72eafb27308482cd9597d6e1dc08c39c71aada16def26a4,true,false
REQ-000172,698b4ee210401c7be744cc1d,b13e09bc56af48cc6d213205,e697e1515134f1eb135a2e9039b5dfefde30aad7f827ad62a32509f958677cec,1e01c571bfe678a5c40e6d5794d1a95ac7499e392b7391cd1c7fba2efcf99ccc,FORENSIC_RECORD_VAULT,demo-key-a27e431d0ad1,9f9590156cc1f8fd89781be69321a26d2ff188717ecc55e687f4b478d2dba33c,c7eb39e3bdc0f59e257bcf962f6e89211411a6935b4266987d3458e179392b01,P-2026-05-STEP2-ORACLE,4,4c383bc047f1459dc3786f564b14298a4107df3131dd97b76f53f9d738a1f96f,2707e26c3cef301f8598b02a7fa04a0d88327827a6672295ed9180822c88a193,56b21f123eaebcb5f93a780ed5854ac0e0a2236f5c75be4f076971dc40daf297,true,false
REQ-000173,4f004fd6ecff230b24cb85ac,ca607a0ca7dcd8c2bd505b93,39a1df1d7959d4f7acf522a8a4078a2854151a5f17c048fbca592707d4b5b9c7,60a9badac50ded8420f41109bc7f8d33d1f44b09306297ebf75c1832176bc80e,FORENSIC_RECORD_VAULT,demo-key-a27e431d0ad1,bcd217261899a5d66d9ec1fd01d3acfa5cefeb64766d7382b509e6ea2fb390f7,ea8870e73e06ddd264ebce2b5ee455324fda8c3e684e890317701aa072bfd313,P-2026-05-STEP2-ORACLE,4,4c383bc047f1459dc3786f564b14298a4107df3131dd97b76f53f9d738a1f96f,0d8443f2798c8568f85585d333633019fad4d55409fb9eb4515a618d4a4a5f60,4fefb43520d3f566c90d2f387101e3bebf946547b481fe9518d20f93bf2b227e,true,false
REQ-000174,729722bb0f927d10ce07afd4,ff9cb6c5f329063a51622d9d,700b71804fb904613181bb459c27f4ad86d4bd0fd5539f0e0e88f1903ab316c1,ef93d97e400de94b8f1703cdb1735f6f94b17f38633d9a814f002727ed90851c,PROSECUTION_RECORD_VAULT,demo-key-2f8689b230b2,3dba0147d8976061fe3e1f10f19f14e543844eedada2dd86ac51f756537b8509,77a18803f6f619a5b49911466cb222a28513fe32fc0f1a7bfed16da26cddd529,P-2026-05-STEP2-ORACLE,4,4c383bc047f1459dc3786f564b14298a4107df3131dd97b76f53f9d738a1f96f,2b6a5beeeb361dca48d16da4a025a76d784093f908206391c7371a60581fb4f2,cca9d3768a237616356afd35c61bd939044e1651315066e00edbb57cf1bcc2ef,true,false
REQ-000175,baf86b559647425ddbc4733b,176f0f39eddfd9d5b62d9741,83d968e7a18cb053b274569504ad82ae7e1d94ad83fb998d7645f4934fc4d650,517f79d84000fd70a10776cde4f7dd4d04a0ae7eced11b77aa2f01f530f07d8c,STATE_POLICE_RECORD_VAULT_B,demo-key-a27e431d0ad1,eb6d0d23f59d983d315be011eb545433561cf6bbe47bd6431fcf2eb2027936d7,0fd9f073183e3827a6472bfe102f283130c7932a3ab913ec1a369f50ebadf0d3,P-2026-05-STEP2-ORACLE,4,4c383bc047f1459dc3786f564b14298a4107df3131dd97b76f53f9d738a1f96f,04580b7456995e101e78b198d3221026b117a47ee27d7486d99ba38b09af8a03,827781e4cc381d454127c32ad59d05624fbe27aeb9cf58a4e51ead36f808edb0,true,false
REQ-000176,57feb3c60423fddfa0461895,9afdff26ac163e276c62821f,d6b44a7970fbacd01dfd052c19cf712431fd8be0c5a06e3f700a7a11d5a2727b,c8c311a806cfa81079810654f8087cd84e8d1fd36a7aa69a210a2cb4b0f29544,FORENSIC_RECORD_VAULT,demo-key-a24a960f31e9,d2451d4ccdf6fba16728b6c26456df60daf847f836059f63ca317b2f3e5b7a4a,49982dad97e63a3e1bc5d641d56fce6779c3d76741b1b4a667715de618e28529,P-2026-05-STEP2-ORACLE,4,4c383bc047f1459dc3786f564b14298a4107df3131dd97b76f53f9d738a1f96f,dad2dfc2d9b6e0633541fe095e674d8224beff484c7e1f93d947442091a0e248,c28f81bea4425d81eac0657504f6639a761917713994b034b2cc1d2bb790757f,true,false
REQ-000177,957a61b122db170092250b9c,c27cf612228c1f492343e9be,605a2b33c2fa0e71646a8b4696f327f2bdcec13bf83e7f46ac50c79a448af6cc,e273c12bc6433cffb2ebff89eb29f21190ca8e624ef8359bd3b8978580412a05,STATE_POLICE_RECORD_VAULT_B,demo-key-2f8689b230b2,61e7a518d24baa09e8ce22e599363e558857c6b302c9ce64ee590760661d9bfb,6f392521ada3dbcecbf62740cf024dd78ef38557c93b67f703d4345f66cfae06,P-2026-05-STEP2-ORACLE,4,4c383bc047f1459dc3786f564b14298a4107df3131dd97b76f53f9d738a1f96f,3f8f640944e33327b1cd657778ae8636e5a4c930b7271d88cc10a0a5e39acff2,b4b66f5c6cb1deaaa204cf76a6a603e3e5128f7efcc7a28ffa750319cf395805,true,false
REQ-000178,803e05eda0391b5c99c7c16e,df0e331f97c2307f968219ff,24ae513707d964df45e6f3d7df044288b7ca76ca76cbfcd7b3737ad17399f369,d1bda03d0d78280cc718390dcc4213c9bf662b4c11560fb5efc0e6abdfc0f99c,STATE_POLICE_RECORD_VAULT_B,demo-key-2f8689b230b2,3d32c409f1eda850e0c4ff1098e3296158e57fd43eb92766aa4cdb797760a661,18b72fd9b9d992dff2927958058af0c67586f585290770c421514a3fae62306b,P-2026-05-STEP2-ORACLE,4,4c383bc047f1459dc3786f564b14298a4107df3131dd97b76f53f9d738a1f96f,e6c5241a7a66fb4d2647934d08c3091bdd2fad02537185d19e3cdd5b1888c49e,567a1e339b0cb648e6203b1900e67729a52cc51f33953744144a61d3cc99777b,true,false
REQ-000179,8141e33806e7c1ff4897751c,402cff773f30e12281de0d8a,35b0fe8ab6b77cd81a445ce8ff7fb8cd62ed1e875c2181fbcc9f48c605041f95,df97af8e981be8e0feb332d200048b8729688a7e0cb0e369ba097aa9269aac6c,STATE_POLICE_RECORD_VAULT_A,demo-key-2f8689b230b2,8244a051783aa008c798b450165369d3bcc49cc5dbbdebc2b8a0ba961c3a27ed,c2de1fa57721062ea44ae1f3439cc0a96afc49b4b0c0399a8625c96848258e1a,P-2026-05-STEP2-ORACLE,4,4c383bc047f1459dc3786f564b14298a4107df3131dd97b76f53f9d738a1f96f,001d8cdd0c5916d5dce96cd22484745f0b97381cfde03f910a4716f3fd89e61d,3bd3700e6a6a32ce0d7e50bcfad032e91fa282cd1857060f2c510ca36a57252f,true,false
REQ-000180,e3756b6206a69f17c5ab1d23,0a41260541c2d7928c29f9d2,c3255877b4f43f95d71e00914a8b8a13347251e56bcde4bb9335a5ce3fb88ef9,391bc6caddfd25774968dc255e2b0f35bb34c5beed63d121172f4d25ca721400,FORENSIC_RECORD_VAULT,demo-key-a27e431d0ad1,0db526f159b17f595953f0dccf7e9a88707905f284989da0c0ae04e193d8d570,c0117c21787f8b10df6c2c7b7fc7c99535decb76d802ab68227293b4984c598a,P-2026-05-STEP2-ORACLE,4,4c383bc047f1459dc3786f564b14298a4107df3131dd97b76f53f9d738a1f96f,1d41f27928c67f8d36a7680bd623e504266538bf1e93e60f2bd85250a17f1e46,09f39517151aacbb58466dc7c5b1a143543373c1f78338f0d465d9f5263cce2a,true,false
REQ-000181,6306f9f14c804fd8a63eb60c,9cda1178961264716371147e,f9d6591abb4b22eb2bf0553bf6c3ddab3abed0d5c83ed40d575feca97e4a04da,9929d52ec7c2eda9735681c7506b1573f4e213376045297cb77bf5ff33d814e2,STATE_POLICE_RECORD_VAULT_B,demo-key-a27e431d0ad1,e0714f8289a4e4a5771a97cf202768f636b13a359fcf0e6e51b2a9231d423e72,ca0981f27f822889e6ac4f05bc50e4a8352b9b824dd9e024ddcffc5aea4613e1,P-2026-05-STEP2-ORACLE,4,4c383bc047f1459dc3786f564b14298a4107df3131dd97b76f53f9d738a1f96f,4e192f2ddefeb29239bb4d61d06320fabb112e3bca90f624627024d078158097,3cd0b3db160acf1df7e96b9f83d803df453fadacd4752038a5d9c02ee02e9686,true,false
REQ-000182,6aabf48095821f12d5d59868,31febde137f3f674a19a362f,473daa7cdb48455a24fa8d3541d92fa1450f22a55ef6ebdb05bf39fb9a5b2159,36f455d098e91b72298b9cdd464262a7665a9e42ccae0380c9c367c51c400c45,STATE_POLICE_RECORD_VAULT_A,demo-key-a27e431d0ad1,73fc9bd72c9373248bbb44540d6a4f9848a27bc78acec59fc8d28ab4799c8106,a4301d7622c42517f2640fee44e1356085db5f51e45a1822d92077fb0ad31c3d,P-2026-05-STEP2-ORACLE,4,4c383bc047f1459dc3786f564b14298a4107df3131dd97b76f53f9d738a1f96f,bff7629bb1024463f2394a868fd918262557f60160ac85cfd39f5abc3c664c49,42b88e10234317ba5654eaf66005eaa2efb0803ea3621e23876aad476e974c41,true,false
REQ-000183,4644ab9bab94b2012e83fa80,edda7f126338c86b57c9e4e3,9d2afe906acc63d651ae1a47a209ffcee21752ebd1d1405bed3225e98e245c53,8e408e8cf4235e82403fdc6410af3f629f85bfbf8f7f0a48e6b0df9441417e11,PROSECUTION_RECORD_VAULT,demo-key-a27e431d0ad1,cf6c422e823dd0483df86fda32b642afd44c06a3e7a07c80f98117b18df4026e,048ade5f2619dabb11d020f49ed56cf93cce1f99fc8a29f8218ef219d1caa9b2,P-2026-05-STEP2-ORACLE,4,4c383bc047f1459dc3786f564b14298a4107df3131dd97b76f53f9d738a1f96f,5aa3bfb759c577752ad170caba1e60fff63692d7cbd53a6bd1a838c505645d8b,27d9a86e66006861ddd3de568c301bc69f9af59038da86411fb14d9bf37ce286,true,false
REQ-000184,f8d01d9519981fbe6119c784,64d51a8ae9040139b6347b2e,36003eba4ef766fd31a6773174ce17af09ff53f083aac8063ff530c416494759,25c0a1ad55f2371165fab3a725befa0cf0d9a264fd0bc64afb561cf7404b3e81,STATE_POLICE_RECORD_VAULT_B,demo-key-a24a960f31e9,a31691b2a763e83bab6431fbf9ea676d1021a215b8e25daa66bae7ade027dbe7,5f62a423ee72eae1a94f605e58a7f4a760ebe5d5b04e1c0e4711639d93635be0,P-2026-05-STEP2-ORACLE,4,4c383bc047f1459dc3786f564b14298a4107df3131dd97b76f53f9d738a1f96f,95870e31233a71a5e1876267129394c207dcf67bc71d8a84a6859c58490246b4,f2c8174add67b801efbe07fae042e720a0d55d6b7ddd6858f3164d174cb4031a,true,false
REQ-000185,1a967617111b9eb80520a1d6,f5ef7ac46b888e9d361937e8,45227f8c697bb34f35482cf410a6108b7b52bfbef1e75e08dc94895ce56666a9,c74bcebe3e86109b4aa245a0d7b21a80d81c3dff7b364ce0b1d2b71d6de5a79e,PROSECUTION_RECORD_VAULT,demo-key-a24a960f31e9,173d08b8fce2b5423cf2a2ad840d3c3ef78d32c01c2eeb7ffc09d27ce65ecd50,19ccb09d80d425a7be82aaf98582d78ae0b6e138a61681184d846d971606fc13,P-2026-05-STEP2-ORACLE,4,4c383bc047f1459dc3786f564b14298a4107df3131dd97b76f53f9d738a1f96f,7b4958caabd0442b3fdd2f5a945b18489b74fe9f9fcb96858a503feaa427495a,b4ccf056168bd4a3b9a4c8321cd4a8dbac0056573ae435092dbd30657e615a98,true,false
REQ-000186,05ba601a717ce064fee7e4a0,1a9c548c007a616f667f830c,f75f8252a3ceeb18f14c47372d4c733201523f4988aa32506e9e1aed0c05186a,4f8d404a3c3a221a5fc3e55426554fd0408d9129bcd6648e1ef34871ed0c03c7,FORENSIC_RECORD_VAULT,demo-key-a24a960f31e9,0ee588d9261c19943dd94cc26a4daa2721a0717c7ce4e37b2dab89279ab6737b,2533f31225e59ed8cf4cd8ad2c08f9cf61b833937436a3b43104bc5966aa07be,P-2026-05-STEP2-ORACLE,4,4c383bc047f1459dc3786f564b14298a4107df3131dd97b76f53f9d738a1f96f,edbcb3d4dc7939672033a01275f07072ea982677a4b6ae8ff21045dbcdc03538,56e96b7652a23b7bdad4c1b3e11808fae720e9ee2f0937886dcb2857a97e2030,true,false
REQ-000187,d4efcb9a9982cc5a71505982,1c7028ee765699a2752d7c96,93d715172adcc80633502d442a7dd3a88e8f548ac237735e2cc6db4f6ea7abb7,a0c4b78e3169c1aac39ec10d54531729b2c4ab4d7e19827567fc9d8ff282207d,FORENSIC_RECORD_VAULT,demo-key-2f8689b230b2,55fe0bdbf45893f7d2e27345a3919b0131ab83d5136ff2950bec0f824dd18178,9cb781ad1aff3ad95caa8981010bb105ad7c704d67b780bff462560d541cdcee,P-2026-05-STEP2-ORACLE,4,4c383bc047f1459dc3786f564b14298a4107df3131dd97b76f53f9d738a1f96f,53f5cf9de2d89262c0123dd4b78f389248af92d0876ebb54f669e703d1b29431,fd3cf5d2a1330255a14a821794875f88186d4503fe8d2dc15e2d054c12c7994d,true,false
REQ-000188,26560f8c17e3de8c4965db49,f241838526a4788a81edf91b,eb5f9fc03b0773af5f77e988022f06ed5ebee72ffa61aacdd1d04a38d3c1a37b,45933a0356ca9030ef201000f61daffdb6235d26696162d3663788aa397b4a87,STATE_POLICE_RECORD_VAULT_A,demo-key-a24a960f31e9,a3a73ddb942c334523eb529d0848f8402d66f782f5f6ce093d54d08cd27832c6,49d71e623f0f2688d8df8c9eac02741f592cf91c9b69a5b9a106215048220696,P-2026-05-STEP2-ORACLE,4,4c383bc047f1459dc3786f564b14298a4107df3131dd97b76f53f9d738a1f96f,c468430e4b9890e57e21b944aee3d3e9b3796b2cb5b4868372025ddc7254436f,3a4b1deddad308160c269f0a5dbe8f3d8346c1ab3e3bab63bee4a98251f51c35,true,false
REQ-000189,9cfb441fcd2d957d0a3af473,4f4f7589edbd31b7ae196e01,fc71ea13677d3ac5052fd0bbcb0c697f85eb210b6e7f53ac83b7d2a37d0965a8,9b44cdc0a2d14f3402386601ad8275c85cd06c39261b962c9d52e6e7caafddae,PROSECUTION_RECORD_VAULT,demo-key-a24a960f31e9,d89a8958a0cb1628cfbd70ee27a347205949308f33958328f117df3963394d9f,773b5d3cf35a33feb871d95ebb3356075b329921bae4b5bf396dee34a120c444,P-2026-05-STEP2-ORACLE,4,4c383bc047f1459dc3786f564b14298a4107df3131dd97b76f53f9d738a1f96f,dd841076baf783dddca4f7aa7a5a34d73634e71a3a91d6519a4fb62619ecdb79,d7aa88384452f323231edf836202ec923781f4412019cd4783fc4074c3c350d4,true,false
REQ-000190,cf0a8bb9bb95909a28d05205,6d84df85099a4a8705061f59,4db9f04fe78492d2503c7679c370cf885514489aa139648ca3214f0655fb3447,6b989b743543365574186e6ea0765085447e5c7a98eabac038fc56201c3399b4,STATE_POLICE_RECORD_VAULT_B,demo-key-a24a960f31e9,c0566fa2aa2f2d667d4823013d2d2fd1d79c3c7ce322b37b687a363be7d18a08,8018c4ff0177d1fb0ef4977e44838e38ad1ceda60fd4920dee82fb1fb3a1113f,P-2026-05-STEP2-ORACLE,4,4c383bc047f1459dc3786f564b14298a4107df3131dd97b76f53f9d738a1f96f,b97c4933045cd70817d6b192d47685ac44cd69ea8b00abbcdcdd6f5981f4a743,daa541e4f1fa6921bb9a2885dc554a60fbd0450b4ffc9c6ff71d702baeeb096c,true,false
REQ-000191,48758dbc1a6f7f4934133647,d1ca29e994587898fc88063c,ffde8ae1181e3aed0158b6139c4718a20d6e0affc5cfa7ba2f0d6c4da3b2efc1,de6e9b613f19f2608d92b6768924f1c4a337aaae64f425304fdf7b9418b30e0c,STATE_POLICE_RECORD_VAULT_A,demo-key-2f8689b230b2,91de61ac47a19b89fca8a6f449c22753f1973472d075a6add465b37a350386ae,0fdace44ea9887e18493edca44b337f15c88c4ac9e3c0f381b75dacdfd796ec5,P-2026-05-STEP2-ORACLE,4,4c383bc047f1459dc3786f564b14298a4107df3131dd97b76f53f9d738a1f96f,39c46c0fc5e89ca293289a556cc2020bafc1ac837db12faf3d41951d15036d41,d60e5f9d684ff31d1d86a205eb4b833d04953741db8e60173388f6eeb2c01c0d,true,false
REQ-000192,e5c055800da6250fb67db7ab,4d8d6eb4b8a26732e4221f5a,1998b32edb5afc6a1f95d78063d1f8548018d0b5a38db9ec46c5573494934435,f70605f241a02ded5242daa19d52879c2d321f5c9e9547d0c172be439ebb7c25,STATE_POLICE_RECORD_VAULT_A,demo-key-a24a960f31e9,5d65c2121eb0198e6c28e1de2ae84fbbeb787716eb4a65fcbccc73d8e143a0b6,1c7f9af0665bd58e23175a4f3d7c3ee3d87215fc81f851a17f76358ed9ab6768,P-2026-05-STEP2-ORACLE,4,4c383bc047f1459dc3786f564b14298a4107df3131dd97b76f53f9d738a1f96f,a0e261798c3138fcf3601cc9cb1bcbbdd191383a2de452272c17709aaf02a715,6f8390e834d5c8fb0990fb06598384e916bbddf8daf43a53360cc1a09b98cead,true,false
REQ-000193,cd84e4f0dd8740713e22e1aa,0dbcbb3c0a8cd30e2bce1b3a,a6bda3ee86facfc05af462b35064aa6a516c695f3c50f3fd87675f6edb275c4c,625f51ec77c5fec3156dca53b9b0f8cb7602878d729aa3fc85c5bfbb6904c0e3,STATE_POLICE_RECORD_VAULT_A,demo-key-a24a960f31e9,64c205bf3167d03eeafbd88401ddd71ef2face86cd387bf6b6422dbf6bb260c0,bab6a69bad8cd0b729ae55ce56becdcf71c616c7afce2b2e36ee43c13763f7bc,P-2026-05-STEP2-ORACLE,4,4c383bc047f1459dc3786f564b14298a4107df3131dd97b76f53f9d738a1f96f,223650d8f5e6f0a6e02b11d2f355066aced471cf7f31fef68bb16e4749af52a0,cb1b5026721718f532587c357fc3da30b5565cecf4a32e751687d5b7afd6ba58,true,false
REQ-000194,5c4dcd6cb3328632f88609d4,e1d4bdc74da45a2844e082fe,97dfdf5a36d4e5a7841969bcc882dcf22245b197f8353985084f25a09d65ad6a,bd6ab7c72f5c20f7f1dbd9e24b8b58154b82e2c4830c2068bf259b4382b0b0b0,STATE_POLICE_RECORD_VAULT_A,demo-key-a24a960f31e9,50981faccbae63e83f93f6d18e2a6ab47bddcb58ddc2d54270c26ed09c2c2025,1175d797d592dc27c1661c739e84b512412dcf4d556b138230b3b3225622db4b,P-2026-05-STEP2-ORACLE,4,4c383bc047f1459dc3786f564b14298a4107df3131dd97b76f53f9d738a1f96f,ed9bfada7552d4643b6ac2a9f461e82ad6db14fd502f35593c67ec6c8995185e,0d1ab978561c127f7550c210a889e3dac511366aad173c77feb1ef4f30f42cac,true,false
REQ-000195,c1be72ae2e586a7fecd00956,08953d1eb408fd3561adbaf0,f1e9105b45377ef714b345b5c2bea7a20cd6bf059c5b129355bade8b37d3da5c,7a98105bcbc7b0837d9515c38c720f9ee6f8fec791854ecd4457d13e235fe361,FORENSIC_RECORD_VAULT,demo-key-2f8689b230b2,d6564d41d00fa92a7d3f87ce1a3fd6b7cff2c759d5574aa6e45926b134cc3bd7,5235f175c935ddb8c1029ba5770294c960ba84ca51ae2ac761aac89f1b8fbfb1,P-2026-05-STEP2-ORACLE,4,4c383bc047f1459dc3786f564b14298a4107df3131dd97b76f53f9d738a1f96f,6f6c2d1b6e24fa850a13e1bb2223062d51adaec5123d81719142f114ae5cbd20,a8fd634a6585e587c79236c907486c21d8eb6ed46cb57af52eb1255fe5a64b61,true,false
REQ-000196,2a05bb6a95495218d6bd8508,112e4657eda9f93f7a495428,baf79f0e2258acb9be4ef6a2c8942500fe595270f754bebfd5bad6b8514499a4,ef2a9ff45085a66aba2eebb32dfd2edb6e61261f0be8cc8509742e8df1d21d87,FORENSIC_RECORD_VAULT,demo-key-a27e431d0ad1,4587dd44a3df9e736e6173b67f5c36354932fb82d1077c26eed2c002cbad18c4,8bd896637f1a2b738828ed0085a0ee1b84a463dd039b296393437fc25293b1ba,P-2026-05-STEP2-ORACLE,4,4c383bc047f1459dc3786f564b14298a4107df3131dd97b76f53f9d738a1f96f,e602805a0796d50f4daef93704e818a3cca1baf5d62093ec2728ad4e88147fdd,0302b265d39769f21fef18b301c213fdad29dc37337446099a10a005659563e4,true,false
REQ-000197,59cec4c3a5633ecd97648ccb,a91347055111bffe5ae76acc,0aa47af4d58210f5cdb45f853653b303663c7252262e4b7e669ce0b7a3f8a2e3,73f5f6700405f3e77e0d774cc6cbffbbd1e74fc9f0726045eeef367311b3f088,PROSECUTION_RECORD_VAULT,demo-key-2f8689b230b2,9f745e5d938c8cc484d4e4c4d41142b4bee9dda31c484c0dff6ec03c4854e97f,9d742360e29b32fa07394ff9a4ce3a121efb44e8373d91f7656ead7a769f200b,P-2026-05-STEP2-ORACLE,4,4c383bc047f1459dc3786f564b14298a4107df3131dd97b76f53f9d738a1f96f,df52f55ecf60495994998328cb04796c160efda6cc2ef23850e925bd8a935a9f,74c7167406b8f42a7d1b1ea294f195f0d8d3215673ee981cdcfe46f5b1d5cd0c,true,false
REQ-000198,187880cd627f35cb125937fb,0847edb5ba7a43bb22adf358,36569df13dcd8862b4bd000d181eec5703a64cdc082cecfad41ee14b2b7c48e4,03e8c38c4912d713214496975b0966485f50dc7f2fc1a0d895dc3e10712ec647,STATE_POLICE_RECORD_VAULT_B,demo-key-2f8689b230b2,8e7a39e36014086abe78d13cd403afb22c31ce01f8a48f125158edce19d95880,5179f3dd5441c5a806d73ec21c981e9474feb8f40dfa0f0bd4964cc02ccdf9f7,P-2026-05-STEP2-ORACLE,4,4c383bc047f1459dc3786f564b14298a4107df3131dd97b76f53f9d738a1f96f,aba964c08ce26f29ddd72526b39467dcf9c172fb7af1e51d2aac318acad9b8fa,41e9e99226cab0ad5eda40997b2b5dcbf17b47fbfc5c85507cbaec21d41128a1,true,false
REQ-000199,b3d1d2f79d5a7ecb8b5f0667,b078dbf6c576c2f828ee6e48,ec255f8e69bdc4f10edc0011ed228dc3b2c2993825f734a58ec99802a68eb6a9,056d099477b140b3dca9315cbfcda64de6afe94226af2e4cf28742eced83cedd,PROSECUTION_RECORD_VAULT,demo-key-2f8689b230b2,80d36b58bcda1ae3a3124ce956efa468d06eaa9b125fee09ddd9cb2d0f188afb,9613e491df095ac0364122a56330ae244fd4d4bedd76e8b4d3a003686e8302e9,P-2026-05-STEP2-ORACLE,4,4c383bc047f1459dc3786f564b14298a4107df3131dd97b76f53f9d738a1f96f,8b31ce03be98ee2dd25d4ff60ea88a545d64a7f568cd475281218eacba556f51,a62ab8a4c65bcee4c03b65a460d33427333641f5149997a3fa683ed14db53f73,true,false
REQ-000200,0031d7cc69231177ee5472a8,dd23ad3f6659a2d7dfccbbeb,0a8c660ed8d865f5141cfc793c8af96fe5ca78b4d7beab08f72c503da8e8c311,e0bfbd8eacb3d566396e09c5d7f008597ac7e1200c337439526738496da18afb,STATE_POLICE_RECORD_VAULT_A,demo-key-a24a960f31e9,49aa90ac1c8e1a0ee35383ddd2e7c3d695395a136d2cbb1596d3f027eb7918a9,f4f7770c2c96ec5913eee79ec7a80aa2de155b462fd64383cba0126fbb43c8e7,P-2026-05-STEP2-ORACLE,4,4c383bc047f1459dc3786f564b14298a4107df3131dd97b76f53f9d738a1f96f,f1d1c2a9f075e343cfdf967dc8a814181348fabc965908dda3e20f730091257c,751be822bb649c2a0876541fa1886cfea38636eb6625a826f0fe2b5e8f77906f,true,false
REQ-000201,9cfb441fcd2d957d0a3af473,4f4f7589edbd31b7ae196e01,fc71ea13677d3ac5052fd0bbcb0c697f85eb210b6e7f53ac83b7d2a37d0965a8,9b44cdc0a2d14f3402386601ad8275c85cd06c39261b962c9d52e6e7caafddae,PROSECUTION_RECORD_VAULT,demo-key-a24a960f31e9,2eab4b5bfab5d81c735eb609022db271f2207da3979fdb37ca89f6c3df9682b5,4c246cc0bc1ae0a89435ed4ae1ebb5e20016f16138f0aaf6649d212b1006fa9f,P-2026-05-STEP2-ORACLE,5,0fd38bc5d535c754e61c25fff768ede8bc3273da93957ff701a1932f84840fb8,e698e0a299a3b9479a8f6185929148df8d8dbd863c9889f51dcfd9d31517b670,4968a55b9989d695a9d7f7aa71ea323649a855c337cc812dea8ced6b5d913a22,true,false
REQ-000202,2e977ba934961ac3b1ab490d,1812d6cf8bbd2fe82e59f0a1,a4fe58a870b15f531eccf74412dd63ca8d6f001bb0dc20db72c949bb771d1cc6,33351f7bc90590d2269eeb5a90ee428f1352b70ccb84ea9252c03c3b69a0728a,STATE_POLICE_RECORD_VAULT_B,demo-key-a27e431d0ad1,96608e14296d39d9f3836085b35ba9d6d932b5b40a439fa780db536f1869fd74,60d033bf2ffc2ee3cd66c99e0557b201b97977ab7a074456d9a2a1c2b9ad2642,P-2026-05-STEP2-ORACLE,5,0fd38bc5d535c754e61c25fff768ede8bc3273da93957ff701a1932f84840fb8,c69f4458b50438fd466e68d69059987059356f6a75e852fe6a4009f876e40e1c,507853602ce28e69710865d0acea0ff4c17d831d966b3cca1b089f5ab31f1536,true,false
REQ-000203,1ce4791bcfe4088122f5f137,dfff3b849a65dd938641894f,40145e8965624d8d5e2ece8333ee06fae8aa89c95a2ee1c076830d2dc6ae1159,2c3ac40d5e826bd8df3e5c03930a1cf1138708c1064497f8cadfcf3ce44985b0,PROSECUTION_RECORD_VAULT,demo-key-a24a960f31e9,1e25e1fd3f7b37a032047f39ad2b50a17f23963b2546a9c7a4c1f19d9a9c6ca3,4f135f2493580f9e1bab478442abdd93581a44c0011292b8ce2a949fd42cb18f,P-2026-05-STEP2-ORACLE,5,0fd38bc5d535c754e61c25fff768ede8bc3273da93957ff701a1932f84840fb8,e68b3ca95de80a866b8d5b8feed733e5912fb13dd7c898babf5268ea3b5d1e2a,3fb7dedc149c7b9bc8bcb17352b254606d6ad32eefca3aeda19eab216db9ebba,true,false
REQ-000204,b3438785218344505dbd3e7c,63b7be18017c80e41cb80550,2eb7ed7c452759af117b2f77735c31a6982eedf1f002cf333569ed2421803624,cf34ef49581bb0e4dbbfc75aa1adc8077a05dba8ff7ba989be4f85be0b5b57f2,STATE_POLICE_RECORD_VAULT_B,demo-key-a24a960f31e9,6e955a1d23c3547efbc5ff67804374b46acb571de104c60e0b37f37e5d0aee1b,aeacd49afece334e7a19d5745300c79e9cf6eb5366b869b5546af72ac30fd948,P-2026-05-STEP2-ORACLE,5,0fd38bc5d535c754e61c25fff768ede8bc3273da93957ff701a1932f84840fb8,e55bb412e45ee1a968f4f45b44e2a373501437a0fb4ff02c3cb96d70592339da,183472c75479b4654c1428c0d1d8c577f1e0a5039ac108414a77dfbf50038fde,true,false
REQ-000205,c4075db33966cb270b3f46bb,2dca1b793bb8d2aa60fbbe5a,d7abe5e959cc82aabbcff96666fc5d335f5343ad7df0fc047919fcef34bc40fe,452d9462c00ba62a1bf845c6c8d346adc860d10983308f8731bd74f49f60cb00,PROSECUTION_RECORD_VAULT,demo-key-2f8689b230b2,73661ce21ea0dbde4d81bf62ec61f674e3e9419f01387ce2f0ab987cefc9f33c,721bb1bb803ebf73c4ea1d03fd58eeeb670aa81f66d32a8a70d4f1881bbe808d,P-2026-05-STEP2-ORACLE,5,0fd38bc5d535c754e61c25fff768ede8bc3273da93957ff701a1932f84840fb8,bf8f2ea8b0fcce4d3dc1201441a131a2a597bdc09e23d4b211515142b57f7318,646f79458b3cb08410fb913394f6d2e18966989864fc41a8d074dc6d3e7d6cf5,true,false
REQ-000206,7421d676dad537501affa1f2,d993873dae9727f9f1cc4f88,d6f00a07381d5504e53068cb1257f062f5fe4272e10344a9ff9f6a9f5501c031,329fee7a6e6355e670ec88d99ffd9a0f9aff494f3cdeac763fc3647f6092e300,FORENSIC_RECORD_VAULT,demo-key-a27e431d0ad1,5f79162e99ff5603b76df14140532b87a5e46207d18224a8f6aab165353d1313,ff9ddce7e244b13b3a44bbf9ce97804297fdb3e540e4c72a777fc5e17f2756bc,P-2026-05-STEP2-ORACLE,5,0fd38bc5d535c754e61c25fff768ede8bc3273da93957ff701a1932f84840fb8,a456e59c75a2815c0a321ec10bdc0d03addcea138916531e3f4dd600a75be3ad,79730e5fd4dfda44da34cea886f82a257039292967e4e6727b1f7b377ccbc518,true,false
REQ-000207,b3d1d2f79d5a7ecb8b5f0667,b078dbf6c576c2f828ee6e48,ec255f8e69bdc4f10edc0011ed228dc3b2c2993825f734a58ec99802a68eb6a9,056d099477b140b3dca9315cbfcda64de6afe94226af2e4cf28742eced83cedd,PROSECUTION_RECORD_VAULT,demo-key-2f8689b230b2,fce63e65f2f760c14f39b5c1d31092703fa5c5ca284c399cd4f2382dc438df97,59972b74dde9d24c2abf34414de69ee02872efcf960a40e2562b99443db3e811,P-2026-05-STEP2-ORACLE,5,0fd38bc5d535c754e61c25fff768ede8bc3273da93957ff701a1932f84840fb8,52b80132514d98a5d57d50e4236668d712052d6d9819273e88292f1f07b9121f,fa6a8449ffb780bcbf534785a1931d3892ba0a8f79554d5c3054e09b840c16b2,true,false
REQ-000208,73230ba21a564ed91e8c7eea,3e6aa934839d5a3751247660,16d3896977e98d94b7b0750a993c9d3781d99bdef28eb013c0164062b87707fd,7ea071b8af7c0094dd03f62a1d1ddfa5b09f99b077e069a206d82400d580304c,FORENSIC_RECORD_VAULT,demo-key-a24a960f31e9,dbdc8b919d3431b0fd8284696d5c0ff8ab4f65e961ecc64929ff422c1630d8cc,85f339807c6610b75c177b982321ad67079e5b3ce2e4bc0f5c41f9cb6e5444ed,P-2026-05-STEP2-ORACLE,5,0fd38bc5d535c754e61c25fff768ede8bc3273da93957ff701a1932f84840fb8,be0f0255cc6e3fc69db55876663be9b3afef96063032db11bc6294107e6cec0b,768ca673ce539b44b463b939909eb333dbd138ecee214e79a8072e0945515e66,true,false
REQ-000209,f4972800f0988fc7dc7942be,67e93a84d3741e539579316e,540a272a6dd77659ec2a2151606b669cd8a0e0ee14a9343f20d45dac030e6670,2e8b146c88a56aa1d6ea645178e1ff619ce2169655f3b7b515e59465a670ce6b,STATE_POLICE_RECORD_VAULT_A,demo-key-a27e431d0ad1,70785a92ee0cfe11298f378f60cc434720b6258daa9e616a6fe3be960cdf902e,305132c4b37972133cf5b899906150aef9561df8107c4e081f0ab8a47f409bb1,P-2026-05-STEP2-ORACLE,5,0fd38bc5d535c754e61c25fff768ede8bc3273da93957ff701a1932f84840fb8,555beddc07535c2de19df0c74e7d1649e05267d3d3a2f28a2a89770cdfb14143,55166b1cca71da912d483200ad496937bc73c9747b510bde3e9f22277a1d547e,true,false
REQ-000210,1ce4791bcfe4088122f5f137,dfff3b849a65dd938641894f,40145e8965624d8d5e2ece8333ee06fae8aa89c95a2ee1c076830d2dc6ae1159,2c3ac40d5e826bd8df3e5c03930a1cf1138708c1064497f8cadfcf3ce44985b0,PROSECUTION_RECORD_VAULT,demo-key-a24a960f31e9,fd659f05f5ad002cb7ad06c722965d1397e6ad556e90a494976500fee6eed50e,35791c6cec21cebbc5234371a42afce1b332e6202dbfc2f2613346d319eca532,P-2026-05-STEP2-ORACLE,5,0fd38bc5d535c754e61c25fff768ede8bc3273da93957ff701a1932f84840fb8,4b085f8979e590fd2ba1190a58742c8535be6b465d302d9168fbe4e6e6092bf5,734f93ca077be49f073ca26d8cfa16584f77a1a5bf2ad628bd28ab592590d8bb,true,false
REQ-000211,19e175daeb23a7b7e4767fb9,29545d9d248d2ab10f70e78f,5981d6bac6e0cb73b8697644d8f88c2814ce74f75392161724418878b63a1e8a,2376e18eab03b0cbaf78b1d2abf2427c914542f84f1569103eade8b6096a4a59,FORENSIC_RECORD_VAULT,demo-key-a27e431d0ad1,b95cc611067e8a70382d5a37ee91c68e9b4cf7611e35ac3b18533628781bfec5,ef266b49392189118774c1a9443f2ac36305eeb601ae724519c4e2fb5319c314,P-2026-05-STEP2-ORACLE,5,0fd38bc5d535c754e61c25fff768ede8bc3273da93957ff701a1932f84840fb8,f7f60c80909ef4956963cecdb2f4f4467bc5e471710326462db011594873eb14,89e281cdf227cd1a1bb7e723cbb3d27c2e861273f6008810478f52f0a315cac9,true,false
REQ-000212,63c910ce62e656e7950b3fc5,a2e6bfecde152f5621c8ca1b,dabeff6f95e017b0517385d32df0f9f7fdb230eb8357d6167ae5ec63c28d3d73,a69b37046fc1faa3fc98c5ad15fea74fad588bff2895d90a6dac2cea4879e815,FORENSIC_RECORD_VAULT,demo-key-a27e431d0ad1,1ea1cf5cb2edd3286f36128e293de43d6cd77fd46d3324d1022a26f0a4709d02,f9fd13bac442af4c08a2a64c5b52a964e3bd0d39188212c1ce98df6901e3ceb0,P-2026-05-STEP2-ORACLE,5,0fd38bc5d535c754e61c25fff768ede8bc3273da93957ff701a1932f84840fb8,4c83262c0210e6a08631a5fc11dbec9d4f43538ad32c1158535a63ba1ed41af5,90af1a407e7e9a17939580cbafb6976febd5d7efbb5cc074a6c05b8f8cecdff9,true,false
REQ-000213,202493a89eae5b6458ec7ff8,ff14482635d6ecfb53a8f23a,bddbebd05956072b420c2e49234ff5c8eced54594a880636cd8afb9eaafcb143,a689637a60502fcfc6d491a0b61b9fff67a812f5f3e74f7e6bfda6b82acdd1cd,STATE_POLICE_RECORD_VAULT_A,demo-key-2f8689b230b2,bcde32d0b1eb2b525962d85ad5408b627d93a946af74e836b9f90f96d613bd91,37c198d0fae8e82bc9575bc9f0fc08983c66cc0bc82baecc7e8d745e82a4dc20,P-2026-05-STEP2-ORACLE,5,0fd38bc5d535c754e61c25fff768ede8bc3273da93957ff701a1932f84840fb8,13334821727be918d77ec7e3dda34cfe6fdd9f27a0d561ab542d4f1eb7093ba2,f29ffdc91248c8c6701264abe714b1bb127f3f5c125342fa7cbc0964af14927a,true,false
REQ-000214,ae6871039a0d9aecf690453c,4a9e4f31d35bbb2cef723251,06641820ab3a7af3d5207b62de710162092a2d91fb196781a3eccd94bba7b75e,3a310f559f0a65e55f557b2038c90adcbdb02f0bda23b2635a82e417d05cf6cd,PROSECUTION_RECORD_VAULT,demo-key-a27e431d0ad1,5766a07a6de3ffdba8d5c9d32bcfb272efc0737ce6e7741c20bea2a0746b1e65,01c66822f470d7bbd4791aea9172176eb7001f783bd430a802583ecd76a5ed4b,P-2026-05-STEP2-ORACLE,5,0fd38bc5d535c754e61c25fff768ede8bc3273da93957ff701a1932f84840fb8,0063ab06072c23c5a2c2c73125491c2615bc6920c6bfe33e85ae4ad9e2a02570,f16a5c01c14f5ee5ad47775d217379370a80f6e57ed856e1db6f6c0d8c520145,true,false
REQ-000215,b3eecf3008e24f3ad0d4b532,270c2c8f23d03888bb22d8e7,473877767cc549eee4c72b1972e846da83eff659bd4c18f0f83cef20684670e3,0ceaa2b2e944376b04c2b6ed87873bcbcadcde1dd1be39d6db70538188c4ad6c,STATE_POLICE_RECORD_VAULT_A,demo-key-a24a960f31e9,0c4af662599acc56b7975f98f9f57e1b93625ce8cdaa3cafe268e99a6782cff7,b94bec9c1f48b106ad4e8a5dc589f070496d92af9f97d23ea37bcf1e6cb40f57,P-2026-05-STEP2-ORACLE,5,0fd38bc5d535c754e61c25fff768ede8bc3273da93957ff701a1932f84840fb8,1065bc6750e9208fa9a0365bd81eb4f7d12f36f890d8c7032bb74203cffeb02f,94bc6eccfc2340a679808e1b8ad3561ffa51440b67e641a3dd1afeae1692632d,true,false
REQ-000216,7e8ccab175c754a03694eafa,f7317b1495cac5df37b90234,2919d1926f3c0932ead3a430bea1af195cdb60ca7a8c9207af9c0b30ba549f5b,f6fe0c352f4d97a4acbe262fc6e7f7bf663e1c71a312bcb700e151cd14277277,STATE_POLICE_RECORD_VAULT_B,demo-key-a24a960f31e9,8d7f30d0981e10e106eff7c844b1a87f66fb4636e8912294e0a7c0631b1e3790,552e7e920f219a8273c818c3427d5bc8143ecc1d0c856f3f29926fc6732e48de,P-2026-05-STEP2-ORACLE,5,0fd38bc5d535c754e61c25fff768ede8bc3273da93957ff701a1932f84840fb8,b558b929ac8532dfc62038dae14c34a78c6c87ac32c6ec8b035aa49ba8c08830,325359295b76cf2849088b0b90c319b329416bd5e8f5b916000c49ad5f26e69d,true,false
REQ-000217,6306f9f14c804fd8a63eb60c,9cda1178961264716371147e,f9d6591abb4b22eb2bf0553bf6c3ddab3abed0d5c83ed40d575feca97e4a04da,9929d52ec7c2eda9735681c7506b1573f4e213376045297cb77bf5ff33d814e2,STATE_POLICE_RECORD_VAULT_B,demo-key-a27e431d0ad1,d955fbc52f11efe087bb73e3f5f67c30aba7918eb1a500aab40be4aa6c2a1eeb,0b27e21d742ce2c99ba75121a656841f8825214510ace013bae05cd387c178b3,P-2026-05-STEP2-ORACLE,5,0fd38bc5d535c754e61c25fff768ede8bc3273da93957ff701a1932f84840fb8,002737a377a1c64b8e7e6cb24d353135ba0f11c22b65d1145275ad8b7102b9db,f0109b4439e96284352fe0e0cc63effe73a66612ed14d89f6ba7a83f4cfef82b,true,false
REQ-000218,6a2e764a7c5c098cd2bd4b1e,d004bcc57a7acaf73d62aeb2,9a9ea1eaa0d0b1e56a44e1df8f5bf2358c3aae2262e173b39f9c4b1fa5abbfaa,980b8379a4897255b4fcb05a02da885080509e6f99a1f8bdd71bd8845254550f,FORENSIC_RECORD_VAULT,demo-key-a24a960f31e9,2113d5e1a391e7f5d1b64044f224e3b894d0ca4f2ff7a5c968db39067844cb1d,c7ba3ee0786d9969f90df4c338a967203767910d3fea604fe077796e41e7cdd1,P-2026-05-STEP2-ORACLE,5,0fd38bc5d535c754e61c25fff768ede8bc3273da93957ff701a1932f84840fb8,41d0775bb2a3c84c90e7a69f02d63af3cb1031d4ecf1f7191c2331b5a293abd6,64c08c2bc8803872b1f07d60c191bd142bbd876406ec280df34ded3147abb926,true,false
REQ-000219,6e868b11dcb21524d5970d01,95763a6d62f8e253ff591f30,fbcbb184bb0c84616249a4d3cfded18f5e25ad9400093f34bb4b15b607eb076f,1793a11e09577ffc6f11f651a79d9bf70ea0de8a7d28f7abc1fb8c1396deea1d,STATE_POLICE_RECORD_VAULT_B,demo-key-a27e431d0ad1,7d7222971dd1bd550092911184918dcdf1666968452794c3f9d1ab9f5e791306,72a4040bc50cb5f32aeb62842040b175b653568726f1d7606b1337ca7904740e,P-2026-05-STEP2-ORACLE,5,0fd38bc5d535c754e61c25fff768ede8bc3273da93957ff701a1932f84840fb8,8f7c61b2af3901edbdbfed2045e323844d4336265939c2251388258271dccc71,62eda67ad6a43eb894c1d189c0b9e2dc9613cbb443f9a9cf358adeb91604fa25,true,false
REQ-000220,361a07f3293bb4a0066f3f14,ecf7ee0099ead0494b242f1c,f7d8e768526c9c130517ea42522ae389414bc51a1fea70dc8c364680897c9e30,8d0de3988ec7f3dcdae0b8d2f9068f8f491c4f71303b93014a18cd2939a12962,PROSECUTION_RECORD_VAULT,demo-key-2f8689b230b2,53feef15c447dc68447e219a829cac572ede42561fe075ece39e30cc4c29c547,c1ee64617ff3c33801eb95ae0d5d2431d7dafab7f60ac6d09f5736a325adfcc5,P-2026-05-STEP2-ORACLE,5,0fd38bc5d535c754e61c25fff768ede8bc3273da93957ff701a1932f84840fb8,5c81fd3c55b33ba773a54a264271e2eb7cbb39096862d3e7c74c8fdc6cc2a6c7,fc236acae25956cdde942236a0598bdd75653ae5e261906b041b9f5947e26754,true,false
REQ-000221,019a5823b2dbc8eb666b5e17,af8798b98082361777db932a,3d4f2ba0fa4dce9829cda4e87bdea206c049b59d0305c39438f0ff5550d79681,113a1a2d820e3239cbc9c1eb0df21d9a4199ffc059aacebab8409d25fd60b3ac,PROSECUTION_RECORD_VAULT,demo-key-2f8689b230b2,ff5a1f33f29f474d36f01f7580275af273caeeb3b81391e374dce6c70d6d2f73,0d5c75e131e086b1206af413c07e506e08e00a565e3ce8fc1a3a690c82b2ccb9,P-2026-05-STEP2-ORACLE,5,0fd38bc5d535c754e61c25fff768ede8bc3273da93957ff701a1932f84840fb8,35c023414c57f38adbcfc62a2d6f9d8025bbb564bda2632e8099330e879f7cc3,8e5eb4655ce977e359ddb7d1f84799b152fe536a600aa40db94b1b2fd39d8b2e,true,false
REQ-000222,642d10df7173c2a1250dbb36,8d0364ed666d8d74bcacc904,9633e0e23b7ffa757e81ee668b22eacfdf79c960b64819ebd23da1d2f0b6df65,03f71800219b7cca548ee5444ead1274342b518b3dd5a67854e26e828d77b40a,PROSECUTION_RECORD_VAULT,demo-key-2f8689b230b2,b83e51965ee49f928bb93c16ce0e83e54f4393083ba56d084420134b1b6592b2,cd539d4a6abe7b9a9c830e7ec5e2994f7a277341f2ccbc554f407ed88d5592a2,P-2026-05-STEP2-ORACLE,5,0fd38bc5d535c754e61c25fff768ede8bc3273da93957ff701a1932f84840fb8,021d925b18a64aa010bdd82600f86c39f7df9091c90e3a3526331aee75180e12,c784de0d187a2f272a4e241adafde0e82790539097554c81c4a2f095c6cb70c0,true,false
REQ-000223,481635364f5f6393b2fbfd90,7aca64f621d2ff8461386093,c89a9a529cc1c0cc20cc91e51dd21304210f0809ea29e420cc3c94842900b6a9,d70796085c6477e63297b916525cc1a2baba0a4ebefaf797aeedd49f6921fae2,FORENSIC_RECORD_VAULT,demo-key-a27e431d0ad1,f6e7ab9554589ad599f84180fdd9fa223474182590e35a08f5b93579d4981cdc,eb815d647dd2528996bd98974bbb09e0a26d6bf18865c8614c03d5b07ca036bf,P-2026-05-STEP2-ORACLE,5,0fd38bc5d535c754e61c25fff768ede8bc3273da93957ff701a1932f84840fb8,f4058cc41dcce2b7142f35e1b3e91ad95ec863ba3ccbf417ae0dcc027163e933,d263e3bb4ef7c658fb35d98cf318748b93d2fdbd3f88bdba2cce1988ad66e3e4,true,false
REQ-000224,97493f5f079666824f863137,8b5bae07facb99c4f25114c1,9f537a4cff17a0b5ba2d66e848fc94ee39061c1e15ad90f28d151983e3ab4b3d,7b723a25f294b316b829cf20970473307b5f1bd45e40e51b01c9f7080f193d77,PROSECUTION_RECORD_VAULT,demo-key-2f8689b230b2,cc43dab5291d2b4bd87d2b0eb231b9ea5b913ec942d88d43e898f3d15a20d069,e138e4e3c98388af450672fe5911567cb76ba70fcd6d825f04a3a58edf8471cb,P-2026-05-STEP2-ORACLE,5,0fd38bc5d535c754e61c25fff768ede8bc3273da93957ff701a1932f84840fb8,c4aa1f81e8a5d8bcbc5a3067ad5739cff6ff1c94130c2dd9a25b7a211b9b518d,a35bba89564029fcc52cb76beccb9adbef994be3ccf32e488400aa1780760164,true,false
REQ-000225,b011cf5ae48f4ee0fa784772,d86a9cc13aafd60eda7c6a74,83053e1be844e2a278769fcc34722f7d621efbdeffcbb695e216750b54ad2da2,b78ea12fb1f717b0c4f5bee76ec26703aec556c6606015b68ec97a28a69d1fa7,FORENSIC_RECORD_VAULT,demo-key-2f8689b230b2,992121b804fc8a2426eb14a2ab24465aa34d97ccdaa21c5f52b624c2026a8376,078424a1dd6023793aa0fc700131d5a6c79c081962c081d8d8872fc32705d877,P-2026-05-STEP2-ORACLE,5,0fd38bc5d535c754e61c25fff768ede8bc3273da93957ff701a1932f84840fb8,3d6fda70a49a41931c9b48650be1ae7468e6313c06404b0baebfdd573c6a55b9,b813c77b3854dbe2062d0e8ac1231675ddfc45b08e386f66dcf03b9e0188efbb,true,false
REQ-000226,6e7de166bc3795238e165ca0,bad553a975fe398c21ee2d68,fdfd7c8a925771905fbdc437bc10a4962d73c60ee28f5cebbf7430ab8cf21409,3ed88a2b8786039caf1783a8082482129ada0846e74d7c6b7a96a1e5fb364e9c,FORENSIC_RECORD_VAULT,demo-key-2f8689b230b2,c48f1260e222674757c9c6459f6dbd9ec6deb380b4b1c9187e7f84202bd016cb,97bf7cc09dfda94d2f67da2a8e6b18abb4be455c95715dda1801ccb75b251265,P-2026-05-STEP2-ORACLE,5,0fd38bc5d535c754e61c25fff768ede8bc3273da93957ff701a1932f84840fb8,2a319afbe1b9cc5948fadfe1481857b697b12d6c1c45730e79e6fe0a18854217,5836d1ec97fd1623c03d3275dd658e5ea57d95ec4466a58052126e4767014a8d,true,false
REQ-000227,76eebcbd721d1571cb5fcac8,bbe70a71b36edebd1f0fd448,ffae55b6a1d19df7464095e7a8330f285315c7e675c04dd8ca95fa11811d4b0b,00f3d446828ba0cac97e445b95fc9e2cea88e2133afe86fecd8039c08957bffb,STATE_POLICE_RECORD_VAULT_B,demo-key-a24a960f31e9,7a99b68bca98a2a817d6068fc888feb1dc6b24bff9e0f0c456fe79ad6cfe0a11,7bb63dc2b035e7c52471f6b1e657e4054437215eb10c27aa2a9c8fbb101633ec,P-2026-05-STEP2-ORACLE,5,0fd38bc5d535c754e61c25fff768ede8bc3273da93957ff701a1932f84840fb8,680c34a913a347b02716c437c0625c713ec24cd65590998183625c125eda766b,aaa566639b064bc7576c26d9eaa019cbc33c05ca4c103af715cc94c6d1da8bcb,true,false
REQ-000228,9043a679045e2af84cd3c449,b8c550427cf64390056ee546,e871a76cac465d27649a2268b21b2b4453b19c1fcc20550795115c5d6ede9062,c413365201a5b6b00f25a5d6784919db26d083c11da212ab43ec3c57b8410439,STATE_POLICE_RECORD_VAULT_B,demo-key-a27e431d0ad1,f89d9d304819a562f7cd02095e40a0cd95c4ca82f685b86adeecfe62e5d231b4,8a9a29b60368afaf83a8411a685921c9a68110d6ace7be5545de822590bf38be,P-2026-05-STEP2-ORACLE,5,0fd38bc5d535c754e61c25fff768ede8bc3273da93957ff701a1932f84840fb8,a9592d980782078bc64c51fc60dac8c01474473ff7d7caf0c6e20d29300f6c98,e1a5fcecb0374aacca392d51cf1a4c54123e0c2bf2c77961d89e0cd53ee7429f,true,false
REQ-000229,dc7ebd2a3c118cae47903bf9,e9bdd7bb41633be5c00c37c8,fa99a9d06dd002fa239fee6d4a72efaa79af1e035c05ff2b5973c983d1acf5a6,d4527e6af8b95b3d003f63a4dc9f807e70575203a4432bd5f5f8f7f86a38a022,FORENSIC_RECORD_VAULT,demo-key-2f8689b230b2,42bbad6d756f6386b8b6397b380f565aeb88614d2da2c23e0710e58243f2d07a,4d20dda296f1f785c47dd8fe46f6250b73b14aebd94293fdead027603df82cbf,P-2026-05-STEP2-ORACLE,5,0fd38bc5d535c754e61c25fff768ede8bc3273da93957ff701a1932f84840fb8,d1626b8428a83b1e4012226dfdfdbc72bf2e7f44be8b308075560533595c4ee3,4372a7915bd62db12edb45c14e3bab82a131541ec5b023ca3f7871c9aa2b101a,true,false
REQ-000230,b0a4a1fab9708ce6b59edcf2,aa94c147d2c1791ea9e4dee9,de9ee80525cdf843070c732518d6a2c165746a93b6bda1b8c3272463a19faf89,e029521332805b22fe1d8338647d043f6078575096b4534b3afdc7dae3f3d60a,FORENSIC_RECORD_VAULT,demo-key-a27e431d0ad1,bd8b08ce99b263e57deacd32e97aa653e00bc17d91aece87105d9651ddf12cdc,a634a7fb34c927eb66bdbd8f1e8831cbe7f94eee9d00e5eb479649fc546a58fd,P-2026-05-STEP2-ORACLE,5,0fd38bc5d535c754e61c25fff768ede8bc3273da93957ff701a1932f84840fb8,77431fc036f4766b9684d10c4b3c95766bd3950460d1bf461ccd4e534be34a54,3870b5d0a300588fbebf36709c587812b5b97be6538ff5dc0a6462c839521b59,true,false
REQ-000231,b0a4a1fab9708ce6b59edcf2,aa94c147d2c1791ea9e4dee9,de9ee80525cdf843070c732518d6a2c165746a93b6bda1b8c3272463a19faf89,e029521332805b22fe1d8338647d043f6078575096b4534b3afdc7dae3f3d60a,FORENSIC_RECORD_VAULT,demo-key-a27e431d0ad1,5ad8a36eb3c650d14c56d3b9bed53f788f8757ffd3a243b0f73684ae31561af0,6736e49a78695c792b8ed75756b8d4d1ba0a8bc3d3cd0a09160f8009cd3a9038,P-2026-05-STEP2-ORACLE,5,0fd38bc5d535c754e61c25fff768ede8bc3273da93957ff701a1932f84840fb8,2546106999ee525a9b65e37aec3c3b691533b24dc6e05fa1f27defe8b7f2bda2,8ccb599c79c7a9c70b932e220f5a33fca578ca557d27bfb401ccc57c3271f984,true,false
REQ-000232,a6951979d6b0ca29c516a2a0,914e0096faeab4952f809e81,0ac44e8d54381db8a473a306be4da5e8498bc190d9a1ab60eeb300044a356dd4,6a4f0f54ef86f0a8e23fa827e29933f639ddeafb095d671b7bb4fda75597ee57,STATE_POLICE_RECORD_VAULT_B,demo-key-2f8689b230b2,419eacf0bda336c7dfe602a1db87a42d54a9dfee7a344504febd9f0b822e77d5,8f0a8fe84dac6cbd6630785fe4de9244246371162d2ca9d2bf1899949c7b14c9,P-2026-05-STEP2-ORACLE,5,0fd38bc5d535c754e61c25fff768ede8bc3273da93957ff701a1932f84840fb8,0f9075ee8c90a53c3513106ccc7d5e6f0e1791556d3010880c5d05e0a8116fe2,d049a63ebe28803511dbe6e4dc71d456c1618c72bef0f02aed8159911372ce25,true,false
REQ-000233,3becdfa7ff5a42c711468de9,fda4b022de125dc1e8180992,8d0b7ab7e49c3cf726fe381e4cca650b9f80d29d98e20ac540a46616356347ae,6fea902d5d6753a98a162660a9a8b8bb6227118566449aa80ea78b85a80bb26a,PROSECUTION_RECORD_VAULT,demo-key-a24a960f31e9,6fa3fb2f418008d70d622ef4ffe03baad3f5c488fc0a407b72437695bdb524e4,338547012ef6d2d620f20f943d927c655fc7fad8704061940e63dfac77317753,P-2026-05-STEP2-ORACLE,5,0fd38bc5d535c754e61c25fff768ede8bc3273da93957ff701a1932f84840fb8,c3cf9b7e4fb54fdf28988dd21c8978059764dd2d2748378cefc59c78c40042f0,64d8d0043ac7fc23f30eba79f574ef3e34e6dd09d6664bcd43d24e1fbfa73973,true,false
REQ-000234,b0e996b4ecdf66ce33e6405c,cc76a6dd2e22501090ebad09,2752339a14ad9874eeb22f1312109c9f0605a44b220a21581b27edf4f0d6dd29,18fc965c57cad029c076b69f8234d58726929d0533330e3b38ad72e5458c4cfb,STATE_POLICE_RECORD_VAULT_A,demo-key-a27e431d0ad1,1a0c680acb931791bbf69eb7f843c18135c0c54fb1a09384620951ac78d2d13e,7053947eea750231819014f5a8790d119f8a68d7900cb6b139b56de2fe42d7c5,P-2026-05-STEP2-ORACLE,5,0fd38bc5d535c754e61c25fff768ede8bc3273da93957ff701a1932f84840fb8,58e7a24a659aca91497e539e175a1e722954dd233ff8806bf95c198945ce2eb6,2d5a0db0137bf2519b9f1d89f0b4306af7a93701076f15b357631d932216d2fd,true,false
REQ-000235,7ce5d3c68a1d4bf9a69dd131,c44267d6039e957cb0653258,66fe606b9d541acfbefb2e9a1d9ca77f05d098ad422ab624ebececeda7310080,0b23d39ebf6357f197b691859ef9fad42f4537ea74c411aa2b0b9af92295e81f,FORENSIC_RECORD_VAULT,demo-key-a27e431d0ad1,fd20718bccb735b1d797d7fa68f36182c484c2962b8543db16da40496646890b,375ded8a91999d400cdcb1009c6ca7479900f33bbf79f1208a8023c1069ea141,P-2026-05-STEP2-ORACLE,5,0fd38bc5d535c754e61c25fff768ede8bc3273da93957ff701a1932f84840fb8,b902473314e5732d8897acfb59c8c2aa8349725d2030c28ab173e72672107835,225ee8006f6abbbfb835435521fc7070a4e9ce39efdb12d271004ce79f1127a2,true,false
REQ-000236,03448ee43768bdde0a74294f,890a0eb8635cea37d68cf892,2f45f16ddc5b1d65d218255d4f8cd74af0d1e7a6d76ca563d39068c3d1dbbb08,b11f25247fe06b1ec4af110e1ddc9f9c42e2d42c05f9c27cff7cad0d533f7d61,STATE_POLICE_RECORD_VAULT_A,demo-key-a27e431d0ad1,300d6aefb20332eb11c25d3f0215b199c08cff44fc9d00d8e071c7737b0acea4,b010c7a91cf75ac414f66ccc2825bbb1d1a4e1b48ae7c5ab44a2d1a81c1d36f1,P-2026-05-STEP2-ORACLE,5,0fd38bc5d535c754e61c25fff768ede8bc3273da93957ff701a1932f84840fb8,361b7378902c517fc359f85cd75099a2aac13fa44ed629e491815924e6f855b3,606abc866f7471f8da5e38a2a798de9a448934333afd001f516326407886ff28,true,false
REQ-000237,64ea53e96d98bd809e79a9ef,65f237b15f3120b0c9306ab2,cb7dbe6002410831c4a5d6979ac2a28b75388568a14ec7b4b3976b7242564020,162e211dee534f825423419f352cfcd3cf485bd2e0f972c509faba7cfaec4c37,STATE_POLICE_RECORD_VAULT_B,demo-key-a27e431d0ad1,e73eacbf1ac6e1fb682b3c6e5ba55bb5383029e0f09f0aba0488a097551fec33,d3df7f854ce5c77d7173eb1941d979546ea016f96fc15801b55aeb9219b1e640,P-2026-05-STEP2-ORACLE,5,0fd38bc5d535c754e61c25fff768ede8bc3273da93957ff701a1932f84840fb8,14d2faab732227a779e30a908978834e3789f3842cedb6f80958c339c7c3a9ac,570f1334ac43e2a87e847115d18e9c54723e7892c1032f59f27db10f6da5ecc7,true,false
REQ-000238,0c1424411003da95fbf32b97,f611d60bc7305686e81b1884,44e9e4121755eb882dbbcdd9039fd7c40789b3b72de90fe47b4aaeadbb7077a6,20196814a538d83e46905a50d434630fb2d66b118d2ab89f5a8f278379365b30,STATE_POLICE_RECORD_VAULT_B,demo-key-a27e431d0ad1,4b5b489ed4ba7e2097c80ce62461c69bdaaa967e0bc7fdb8be194b2d1343c569,c9a76a12f8a94e7fbb992ff8a253c28d068bcbd9a732c0dfee49633707954236,P-2026-05-STEP2-ORACLE,5,0fd38bc5d535c754e61c25fff768ede8bc3273da93957ff701a1932f84840fb8,94a1e9c806aae4c579c8a26bfb254ec451ed8cc5d61b08ab8ddd0b80db61329d,40d36f88ddb000aef2ec31d15dc5b99eade0c2ca219e70080818d1d940049fc8,true,false
REQ-000239,dc4c3f3e77fc3a315713097c,f5af0a6359e880352f43a393,59065fc48559fae9702914e102600107c2afa9c377351fee75adff116495c90c,acb4072390a7ef875b74b0c590c5c553bdc1bbaaa66df69821b5d3ae1d752c22,FORENSIC_RECORD_VAULT,demo-key-2f8689b230b2,0d235e57fbb45e09e0f859916f5fce188fbb3b581834a75d6e572e27dd631f7d,554ce9f1ea3282c79d306d88aa7bd2c95dfcb1395cf07e18f45bd5f50e5389ce,P-2026-05-STEP2-ORACLE,5,0fd38bc5d535c754e61c25fff768ede8bc3273da93957ff701a1932f84840fb8,a3c7de7e1cf34bf1e75d7f4ae9c395856f171357e0ff37489100bc102fd2f7df,a109f544579778efc6515124938043ff565e79e5bd799e9468c8b05edd56dca2,true,false
REQ-000240,4f004fd6ecff230b24cb85ac,ca607a0ca7dcd8c2bd505b93,39a1df1d7959d4f7acf522a8a4078a2854151a5f17c048fbca592707d4b5b9c7,60a9badac50ded8420f41109bc7f8d33d1f44b09306297ebf75c1832176bc80e,FORENSIC_RECORD_VAULT,demo-key-a27e431d0ad1,73a7f86d7048a4ce4b81820105b4c14749c7e7d1e11758d3ca430cf12716d462,8bdb76487f7b5a9ee37f2d73fb13e2dec93f05f1338ca093356132a0c2f11fb2,P-2026-05-STEP2-ORACLE,5,0fd38bc5d535c754e61c25fff768ede8bc3273da93957ff701a1932f84840fb8,fa0a39249ad7d7d1f1d4ae55bf77d5d3b4b559e24035566f13a71243d14e261d,ecb7d591d013bcf611595916dd9235e89fdc67fba1ec9afc66476347e12a73f3,true,false
REQ-000241,2ad48e61ef29028c1def570f,869a4e1edbffbe807ca6f5f2,18432528c548729f76b59395a4797a786ad30d8f5a5963152d7ce01967abf3b3,87afabb6c9cd07eaa94380cc89e6cc1dd13bec740335c77ad3e6c2b3cdcdaa53,STATE_POLICE_RECORD_VAULT_B,demo-key-2f8689b230b2,a57b9bf44386caca5a4db2c85719c169bd86d87004d9e8e6c3784039ac91c5be,42fe83f00e4ebc71279141517f8754c19ca9e29847b17ad1cccdf3487ae5b3b6,P-2026-05-STEP2-ORACLE,5,0fd38bc5d535c754e61c25fff768ede8bc3273da93957ff701a1932f84840fb8,78f33d169549bc228383ef59efb0126c6f25ad1018a311d8dba70f5ce7d83c73,c8ea2b7482dfea7240a15dce8e8db92bf186db8954af1718914631353f87e188,true,false
REQ-000242,711f7cc2bc52141ce8aa3579,99752ff4447f08e9ea6281bc,75d0ef018a290c8f93153e610a95c312f89b57d0985a1376b70410f0cf7676a5,491b7b65a236eb80a824fb071e0efab7614b7a99e7e92871a9bdca438ba11d6f,FORENSIC_RECORD_VAULT,demo-key-a27e431d0ad1,98c13792ea0a2235289927a69332961a985a97098e3f775f5809652c7c30cfcf,21c84d4338f6d522eba7c1237ec03693701f0074f19f684f094ae9b456fefa1f,P-2026-05-STEP2-ORACLE,5,0fd38bc5d535c754e61c25fff768ede8bc3273da93957ff701a1932f84840fb8,3a71946f9a8e2089270116441f7a0b8b3b8c6548949d40b85ed232c04e2f9592,a997b673f6215f8ad6dee0b84e6f4308950a772663f509444bdd37a36d2997e4,true,false
REQ-000243,501ec7976756cb1bbf632fc6,8f26e5114ec75a1c9e7ee9b3,2f7bcc0f2a388e86cc4a7241cc88bc72602ec9d4311ae710fddd371e182117a9,88d15e6ac34d360e1319d046e69271ad4d2484db42c34383289b3e1b93894f94,PROSECUTION_RECORD_VAULT,demo-key-a24a960f31e9,cf1743b50719eca14835776aa56a12f2e7fac10140669d7e6c5253e9a7eaab66,cd5609013674cec4eb027345ddfa659ac824636c416c4a787fc3dfc2cdf05028,P-2026-05-STEP2-ORACLE,5,0fd38bc5d535c754e61c25fff768ede8bc3273da93957ff701a1932f84840fb8,b6d2ba4d6426264686ab0f239fee2815f7fd2ad482acd5cfc04ca4e6ea340305,1d9cd66369df0a7915f236d19bd8857cbc41d4238600aa5dd155ea11ecb5e5f8,true,false
REQ-000244,9ef7805d5e451525d9e7038e,61afec3c806b2d06630d7760,31d4ec85faf371353fbfe3c009d7964419cf9077c9f94303d724542812465ccb,2355f73c8715679d0c5166fa526654b47f5ba009fa44cd11de0f065d1742353c,STATE_POLICE_RECORD_VAULT_B,demo-key-2f8689b230b2,d3d3f90c8b860796ea3b90ade71b822b96c247ec0a3d2f783b4c4b5efa28ff66,1d466abd92d7a808b777ed834705c44a5e8dab8eb8adb6cc9b45d9d0d80d74d3,P-2026-05-STEP2-ORACLE,5,0fd38bc5d535c754e61c25fff768ede8bc3273da93957ff701a1932f84840fb8,dd142cddf4907f50269a63ec7b88b7862df585b7864d8e010bbbc4114c559231,8828b66843bbe0b9e9796e90cd4f6ae24efaf1f9f88ffeb30a69d88cd2fdc851,true,false
REQ-000245,ee3ca38f34162c711e83a513,85fc839de77b0139ff5cc12d,25e7911c07e160576badc1e9495dd1dbb321bf2f7ae84473e722789eba1356b9,af1f3a23c879816cb9e67063fb55684469a9fb8a9e53614be4ded89f7ee7873e,PROSECUTION_RECORD_VAULT,demo-key-a24a960f31e9,585063786df5542b8188b0b9fe3ee606f09c252c5c9278e5a89043d9b388dfa2,f18faa5bc7318a53dec9f7c712e99ec1ecddd59edf97b232ca619ca3e55a0405,P-2026-05-STEP2-ORACLE,5,0fd38bc5d535c754e61c25fff768ede8bc3273da93957ff701a1932f84840fb8,d0e9866203e67ed242252100bd08606610967a2ef2ea1509c0339399f8a12b71,07512b630b5b732fcac79b367570b4c2b82917e74cef287a077eb9e18d432826,true,false
REQ-000246,c27231d6450095869ad898ec,b2abc9762eb26b877973e552,f81a89cbea9759f83a8190daa2d6ff4a867be76f4340e87bef3040f13721788c,e5a281dce9eba33af661ee1a206dd10ada0577f3a6744adc03991add4cfb66fc,FORENSIC_RECORD_VAULT,demo-key-a27e431d0ad1,37fd2443284683e517342501018c5c84005ed3a8a449903410070be971d419b3,b388feebb644bfedc78f04f1994ccb613b7ce7481ebd9df05438258892753688,P-2026-05-STEP2-ORACLE,5,0fd38bc5d535c754e61c25fff768ede8bc3273da93957ff701a1932f84840fb8,b22a43a8048735be492a8a5b3622bd905cb1a1dbf575ad560f9ad6c51986a747,7e5425197ac4d1bc7c68d207ce2491d0d2a4918dbe38dd9f4bec7db215d65827,true,false
REQ-000247,8e67f9c2d6007f18c8de9209,578bb931b348c545e3be8c32,cc1737bc164651994db6257102a93e3b1af74e219d84ab218ff7445c97c524a6,ec2c289dbd7f4e35c994b11eda28296619844047ef4c09e245f9b4f19eb7fcec,FORENSIC_RECORD_VAULT,demo-key-2f8689b230b2,9748ee4f7b369f8baeffaef3841bda53d5528a4c3b20dd919088628777a58aaf,87a912bd580b705e8501935e8aa85202b46527f095ded95bcb02e169f7bcdf31,P-2026-05-STEP2-ORACLE,5,0fd38bc5d535c754e61c25fff768ede8bc3273da93957ff701a1932f84840fb8,12652d5295b654f0aa5e63121b0fe028e88caee30b68959b1d8c958cadd7f5fb,1dee9f8ed52e08adc09d06d9c71746b1bd92ad27208377170e3d2f57e65f2e62,true,false
REQ-000248,2bb01093000cff150787fcc9,5fb1de4d26d949863e60055e,ee202363def0a77d311bddcadeeec7c5b5b6f09988bbd07690b5a9374ab32399,21feeffea7be5251e64bbe8f788236ab85dac7b159911466490838278469d1ca,PROSECUTION_RECORD_VAULT,demo-key-a24a960f31e9,0b5e386104763ae42c760fb035f051e4cb8981b81898203f0b76c99479f47fdb,adf388f4a8feb60a82c4fdb456cdc5809047f905333e9eaa838d39533ee9ec5b,P-2026-05-STEP2-ORACLE,5,0fd38bc5d535c754e61c25fff768ede8bc3273da93957ff701a1932f84840fb8,2d48b24e7ae46b0aab98fc947e2c80ed69a329221b24481efc61538e3e68ca13,6501bc464ae2408904de54b72c99c018601a87b58ba1636406139aa995d76a86,true,false
REQ-000249,4a81b7a88a623e390137c284,f95616c924ad357b024a0224,1cebd81525b8020027f363220c9e62f0e7ec1ffd03611ebc440bfe9fa0fee9dd,0ee09fff93f25ff752576044ea951922237c6f37c5c088bf384a1adb63367eab,STATE_POLICE_RECORD_VAULT_A,demo-key-a24a960f31e9,cccf1c84080c138b707362e09c954c7764f20aaec535d817bd64f1eedde9d207,bf72b5216967a9cf150145d5beced097c07761b79388589392d1dc8c0be9046d,P-2026-05-STEP2-ORACLE,5,0fd38bc5d535c754e61c25fff768ede8bc3273da93957ff701a1932f84840fb8,9cbb9be0c157358b2b6da792236182e2e3213a5df0547ce42fe89af8d828ac5a,a536eafcaf8a38fcf3edfd7cfebcb04ddd1848fc8e1a9c6a5f97a3ed410d1954,true,false
REQ-000250,bddbea36e35c483e079157c2,d644d3895cc1a7a260bbf0b8,0bfc1f1619552b1673c3af3a8abb06d9c370dc38d04979430e736e0c57dc356c,2b5a6fc71ccf012466877eb082800082cc297e6123b63a612cc0e83555ed0bd8,FORENSIC_RECORD_VAULT,demo-key-2f8689b230b2,af5ad80113dbc79edb5445389ff87a31f4588176abd562c213f604d0b7d3dc24,73a6c7c55f7d98a2d9d185d7ef52c54b27e9f499799f54cdd9c4ea44d83e9840,P-2026-05-STEP2-ORACLE,5,0fd38bc5d535c754e61c25fff768ede8bc3273da93957ff701a1932f84840fb8,e35d39e3aba282c9151a6596285fbf7e191ff30eff967a54e45395182c665617,0d80bc9ffa215f6916d5a6b73ad4ff6f9d15c8a58c622639aef23b65c5f1e603,true,false
REQ-000251,bddbea36e35c483e079157c2,d644d3895cc1a7a260bbf0b8,0bfc1f1619552b1673c3af3a8abb06d9c370dc38d04979430e736e0c57dc356c,2b5a6fc71ccf012466877eb082800082cc297e6123b63a612cc0e83555ed0bd8,FORENSIC_RECORD_VAULT,demo-key-2f8689b230b2,cf23982c253f2b1f1ccb5a27b2aaacb1f2f981090cf00e2fa84469c1f3140307,0d2553deed80ab69e41403a3e1b40f2603c4c714d768df6977492aa54ccb275d,P-2026-05-STEP2-ORACLE,6,bc4a78591096b25532cabf6e661d0fa0027f280fc8b349e9dffd75c68ba92f85,e14e8c3734689cd7e1f41af4f69520df1a1fa1854ff9e359ca4f58bf7c6a6a37,cfb77f54164b7def0f9fd1cc72d6edbcbfbc024dce57eb335a6d629ca419e6d1,true,false
REQ-000252,3280828e601e84ca37579d0f,ed46250c3be3a089ce1f8a90,983621e5e7b0575e9adb8444ce2ea0fdad3ea822abc9b8607bfb73043ddbdad6,463a1e329fa673e31ae46467846402cc5818c661fb4ee356384483239b7d6441,FORENSIC_RECORD_VAULT,demo-key-2f8689b230b2,11d08421bb809a40a1f39f30364bce39d801b2633f3f96624c891420f286344c,30e7f2d5efb20c0c8ec2d68d76817aa56d2b9479898fe2b53d0692e139d6c51a,P-2026-05-STEP2-ORACLE,6,bc4a78591096b25532cabf6e661d0fa0027f280fc8b349e9dffd75c68ba92f85,e2865e37605b480905bff7ae2129362d928e41d7a96fe4ee89c40cc7bd6b5b68,8f25ca4c36fec5951f401d0efb3de59cd0285c3fba591d216099fd4e6ca10f77,true,false
REQ-000253,61e633b0b3b0ef9d8ed2391c,56a97d0ac66236a5ed8cc860,50d93c60a2d3f76f430c5c15b5c14a93c472f7e64e4ead6e4fd49a12e26f93cf,27a3e453bd85669b90a564310e517d0bc6a3b535e8286440dcb0682a507572e7,STATE_POLICE_RECORD_VAULT_A,demo-key-a24a960f31e9,ed5124ee1573797f77f7f8cd2a2a23c554b5492b290557d4f5a8bbdbe81f0f92,77b5df7cc23769e3a2f13942900534060c6f1f40719cec783fbaafe39f551a38,P-2026-05-STEP2-ORACLE,6,bc4a78591096b25532cabf6e661d0fa0027f280fc8b349e9dffd75c68ba92f85,f1803c722ce59e695d27b54fd85bcc96943738db584840db5172cd3cd17cdc24,0d14728838d78f47563c932b101a1e8c26216f38d38471dbc75acbb3a352e879,true,false
REQ-000254,438e40e436069a3ccfd0260e,784c4e625088fade53a22584,ffc13b8bfc3cab49b61008e5eab82afa57ec056b6d86747aee09815c9ec2114e,fefba1677a70796f4a4b187d71889091c057590cd5401e8875d00ad3e4504f63,STATE_POLICE_RECORD_VAULT_A,demo-key-a24a960f31e9,5c2ed8aab267ca5c282d7f65d315b19e30d02e81e09b61253cee9f7989162147,4282faddade7909517049a281d57b4ab95b843dd75b6dbea268a03bc4aa7a9e2,P-2026-05-STEP2-ORACLE,6,bc4a78591096b25532cabf6e661d0fa0027f280fc8b349e9dffd75c68ba92f85,d032381f9016b0cf5a8594469d6a71fada58fceba3cca0871059d6b2d6bfcdd3,f1077bd01aa4b6b4b85353ebb2099ded7969ed2f30c7929f814d42352e12b680,true,false
REQ-000255,abfd23e434f0f6d490ebb742,5b76183de874918c71d2d438,4da089fc077dfa0aaa7b0c147983e7bc75f1a4b3b41df4c1d58e4e455936cb8a,f2fa315febb0cc0997ceaaea2d718cd1dd59cef16686c8d5bb66beaa51c208bb,STATE_POLICE_RECORD_VAULT_A,demo-key-a24a960f31e9,d748836befe548eb053774a317dfcd634b7227525e67e9a56c47eb223665c515,f78e2322df6bd5fa05239255e22b5081ef308ab3948156fc033d830b473e7516,P-2026-05-STEP2-ORACLE,6,bc4a78591096b25532cabf6e661d0fa0027f280fc8b349e9dffd75c68ba92f85,3a672d8f137997a0d6614a7af4efe6adb8b984b5ec873f5cef9246b8a883d3b0,0b8864c6ab1c4f5fc79520dc4d8b30f967157ce801ad009da4e7d6b4d381d444,true,false
REQ-000256,54ac14016e1768af6fa9f2ec,769d676643f2b500fdaca2e3,fb69d0199834611b2a555ec47d98bc8eaad20aba736403ab138b5894a82df556,b888ce2bd0588deee1c5f415b56b3c688375655b7c236a5b722a75e8d534f1b7,STATE_POLICE_RECORD_VAULT_B,demo-key-a27e431d0ad1,770e497111d9d3d65e5e56a5efd411057b57a3538dc935a56cd2394d2784d76c,bccb029d002c8dd0c2a30a7dcb463b04a26c2e94a0edd6401d84b559004e5b94,P-2026-05-STEP2-ORACLE,6,bc4a78591096b25532cabf6e661d0fa0027f280fc8b349e9dffd75c68ba92f85,ef9ab7712a9cbc5a78a40c1274d9db32e2009ec733d9ac68c6a9bd93d358648a,b7d5d02799a03db986632762f8d56d1e987ba7f75522c5ceb82dfcad0eba3592,true,false
REQ-000257,1ed90992e302a5bc0272cda1,ebe73d7890199c5f9231b620,5fe7187275b756ce3948358336388dca264578bbb14540649493ef7adc48ba59,d98465d316f0004c825fc9bcdb47d6662fb209a971f8e940f3a0f5f56df6d16e,FORENSIC_RECORD_VAULT,demo-key-2f8689b230b2,f519929e66795a322b087b56e39fc258d97d72a94c90274ee296393d88d8a803,90a7592790d5f73df2aae0c7f81dca8caec2fa465ac97eecae3851b0c36a4b97,P-2026-05-STEP2-ORACLE,6,bc4a78591096b25532cabf6e661d0fa0027f280fc8b349e9dffd75c68ba92f85,f645bec9727d9b9b5f59d87a8c14dd126fb4635329ed396d6ceecffed8b632bf,e7faa653b46a39df56172de413084d922623edd3959da288e59ec54e0bb7edaf,true,false
REQ-000258,3ee2b445178eb78c844bc181,7fe06eb8cc5fd47316e53493,a674d08ec122820438415a4f5a66611494eebb7ec5194e5898251dff40ea8cf2,2a7bfab055ede522dbc0b03346574734a7966b2c73dafaa67342d0ae162775b8,STATE_POLICE_RECORD_VAULT_B,demo-key-a27e431d0ad1,d7e16d30fb8d8cb450d8715b5b7fb11ddc8978377893e5391993d5ef9c70c964,3eb0295ba4a9e043e84d8fc93f70b2d280c3d30c05135456c8f7b86c8a64b50f,P-2026-05-STEP2-ORACLE,6,bc4a78591096b25532cabf6e661d0fa0027f280fc8b349e9dffd75c68ba92f85,c7ddaa9d2c5dff42e30ba4bd70032400e7697b0f670ce69be5b1576d0acfc922,e724eef30eef1666ac6357ad84ae42e7a111592461bd58751a2ce6d8edbd087b,true,false
REQ-000259,553fe77679decc32f66d81bb,349c589e562de93bd02a2e6f,798b347520a2114c0b310f72efdddc106785282032c7e48e4cf7506065951c27,705ae486200fd3b3fa78dfea81b4f5ba457a719c934f87906fee56061dd13359,FORENSIC_RECORD_VAULT,demo-key-2f8689b230b2,1dbd34123f25d3a5c5cb592fae782c02d13f6a3ca3ca3d196e69c36b9b63e4c9,325c96c8946132fca3bcaceaa9e2b98736a6929c6dad277a4aebd86b9c0afb88,P-2026-05-STEP2-ORACLE,6,bc4a78591096b25532cabf6e661d0fa0027f280fc8b349e9dffd75c68ba92f85,3fa0ca1ceccdaa1127df565947789923b66f287a601811bcbb654a207845926e,dfcd75dd4e570ade919412b64f52bf62a65d869a7dd37b7341c0e64100ab240a,true,false
REQ-000260,634985427cd8688fee2b98d0,90db0235db8af5799b24bccf,9a0bfbb227c3d23e1c24600e02a174285f29a8341521b86e2418f0794c5fa519,34272906263497efeac8ea57da17873a3a8fd2bcbae96a7b7dddc5f2f537e132,FORENSIC_RECORD_VAULT,demo-key-2f8689b230b2,5590c2eb4bce4e0c9fa499162e3c382767bb66d7e2c36a2e4465dedf12cb2ff1,9edfe5fe2582a6ec14c8481d56006f399020930b87fb5bbd7098f09cbad06e7d,P-2026-05-STEP2-ORACLE,6,bc4a78591096b25532cabf6e661d0fa0027f280fc8b349e9dffd75c68ba92f85,d35580ff886021777a2b87202b117f67986f8c446418e2f33ce63fb317286476,b074eab18dceab066597aeb3e19ba7a105d7dda497d8975c19c6eb49059f517f,true,false
REQ-000261,c289388229db506c0792742b,40b7dec0da45beb2a0abbd3b,f103ea437bcccb52018fb19aab2bf165ad12084bcb4af9182c7a221e00249913,e5c132bb5187d154c5c58e2d7613eeaa1ef785672882f8e6e9ff41e9d651d010,FORENSIC_RECORD_VAULT,demo-key-a24a960f31e9,915652b7c63a367437a4cdfe365dd4949974d678d891c7a6664d86a5934a40de,0e47898577cdc66d2a00872b46d8b5d171187f441acb5946ecc56f29a99c108f,P-2026-05-STEP2-ORACLE,6,bc4a78591096b25532cabf6e661d0fa0027f280fc8b349e9dffd75c68ba92f85,58ddaab49ce56786e81e91c5cf9a5f54e995e413f8c3ab7947aee070f3f92010,c3105ad1fd242984c43de2ab7e9cd73722d118c41124cc915ba6f2b3190b7c4d,true,false
REQ-000262,3d33aeac9a024f9da6d7ccf9,42573664ebb05faab5203350,e85e4c70225abed90e060f93c115681d8bdef334f8daa36a485867e2196fb60d,f66818cc7115d9675ae0796fcffe4582f56007ace09b1d1ad3c888bbc4b94e79,STATE_POLICE_RECORD_VAULT_A,demo-key-2f8689b230b2,e9c2b385ca078681bc669b1687da1ab915914ba5a74400103431e2de02832d34,e6f82c148ccdd625dc0aee704a7a0b35d749985105408939c8799149ae7a3400,P-2026-05-STEP2-ORACLE,6,bc4a78591096b25532cabf6e661d0fa0027f280fc8b349e9dffd75c68ba92f85,a8835951df77ae446efefae7d3a7d292f7f69c125c20a3de0d3f05648f922c49,9d8fe437da9f17c603c40d9cd75769f9eb62b8a76aa07d3b4c0a15f385a2a6b2,true,false
REQ-000263,83bca7e310ed9ee58d743944,3d04e3bc99facb128a16e59b,d8e54a0c06e912418581b2bda53e61463fb8812d8b121b7a2d15397e0df59221,ef37969bfdc13346b0ba8705105331d5becfad964aeadda3437b6bcf6e6705ea,PROSECUTION_RECORD_VAULT,demo-key-a27e431d0ad1,38b3b0b1b8217bd1ca90c6f53acc475113c8990e7ded0aeb76982d747d99e8aa,5a43fdecc99236ea5abfdb89fa0b710bca704839cf84b9a00ea6d8c4bc881cc0,P-2026-05-STEP2-ORACLE,6,bc4a78591096b25532cabf6e661d0fa0027f280fc8b349e9dffd75c68ba92f85,07a1211194d74dba71b20a1aec9c6f16160b861c27200055231fdc528b95076b,0cdbbb704f47de76551a93eb7e4a1686f34c4173e3e705a0b9551688e1096327,true,false
REQ-000264,cf8ebeb85a2905cc60220b74,cbb49b956da8a8b91b2a5543,f7299bd5c42e384fd99964e510b34dbcf48546d3788f5ad95517a72cebeb8ef7,636410fe913d7621ec142ff9134fd832b28ecfa1d2b4f3e39d6116f92bf29e79,STATE_POLICE_RECORD_VAULT_A,demo-key-2f8689b230b2,23fa6836a066fa7eca1fec1a35730be21d04d4c9be0192dd01e436adeb0021e4,90e513e578381b92c951ddba4856ca94450365dc6dcd1107f762911517b5a535,P-2026-05-STEP2-ORACLE,6,bc4a78591096b25532cabf6e661d0fa0027f280fc8b349e9dffd75c68ba92f85,c77ac338092701f02e5a8c3f7a838a86d3712d40c68fc11d97c0ab1d73f56c16,4e7f85fd769857e83e5c157e58bb6cf752275832c3d8ddc2616baff63c99f551,true,false
REQ-000265,9dbbb6a343493bd757013eb2,8480ab2faa5640a6de80f8a2,fe06cc878af37c9b1a0f082956e0d7007f11dc2162984d1ff1fad698c9891b87,ce97ad88d0761065bd78e064472cd48c02209e20ce5d86078780aacdfcdb5c41,PROSECUTION_RECORD_VAULT,demo-key-a27e431d0ad1,9208d0fe4f659ca902c9d75bab8ef8c0ce72dec798c783842eb13ac87f897d53,8b5b0756438913087005e07be3e39cc5cf2d02f8d1a241d888d3a91706aa0675,P-2026-05-STEP2-ORACLE,6,bc4a78591096b25532cabf6e661d0fa0027f280fc8b349e9dffd75c68ba92f85,f52c3bc3c14bcc5f48f9c6536f8692be37148f2db6686f53148b84050eb90e30,76470b31919d337713226d5d16be992cbb3734b1d17eb7e45ee53e25b0878e89,true,false
REQ-000266,7ce5d3c68a1d4bf9a69dd131,c44267d6039e957cb0653258,66fe606b9d541acfbefb2e9a1d9ca77f05d098ad422ab624ebececeda7310080,0b23d39ebf6357f197b691859ef9fad42f4537ea74c411aa2b0b9af92295e81f,FORENSIC_RECORD_VAULT,demo-key-a27e431d0ad1,7674353f9d1bdf79622af84be1ba29a96ba37e41fcd0bfcc4f39c45ad32e8e81,d869b8716f0d9476abe7418397669ef09d61ab3561bc3e363f005a925ee3a4e5,P-2026-05-STEP2-ORACLE,6,bc4a78591096b25532cabf6e661d0fa0027f280fc8b349e9dffd75c68ba92f85,fbfb2216359d8cf2a58fa9fef01f628d36cfd3391d66213bb3ba03b03713f803,528e84148a4ce4267c158c3f0bb792402804bc7c94ee47963fc073354a998baf,true,false
REQ-000267,19f9edd30f8406ca598631a4,da49e03861b274cb1cf4cd42,eb9080927806219ab748005064523e97baacfe21934514caabb50baa19367983,0aa958cf287db4e5235b873819da818394a6b65675b048100813adf5130556b8,PROSECUTION_RECORD_VAULT,demo-key-a27e431d0ad1,b17fb7c0b912c000211a6837e34fe2da63f38b07c675284b6fab12360f500815,0fd656b31da8148f21f399161caace0c4f1bbcc82f2e232f8b3150958eb694e2,P-2026-05-STEP2-ORACLE,6,bc4a78591096b25532cabf6e661d0fa0027f280fc8b349e9dffd75c68ba92f85,8e68f3db61ca9c5931a41f930761ca8e9c7bf25c1fdaae4f0a31fabefa9fd27b,9942bffb8b25b8c4c231b9b0321eda419623b3a7491d49695e99ecee2165f00d,true,false
REQ-000268,803e05eda0391b5c99c7c16e,df0e331f97c2307f968219ff,24ae513707d964df45e6f3d7df044288b7ca76ca76cbfcd7b3737ad17399f369,d1bda03d0d78280cc718390dcc4213c9bf662b4c11560fb5efc0e6abdfc0f99c,STATE_POLICE_RECORD_VAULT_B,demo-key-2f8689b230b2,df5303251653d25bc40ab00f4c518a28b17260f3ecb61f6c4b15e7be7c731d28,e1f12ad05c5cd3449db765edad25492e57f5f12509aa12b57468319d98e8e3d0,P-2026-05-STEP2-ORACLE,6,bc4a78591096b25532cabf6e661d0fa0027f280fc8b349e9dffd75c68ba92f85,9f54f83578c7cd86afc618f297cc582f0c4f11791e25d68e38f745ca0aae4e87,1b2b8b7699c316892e3671b18f82f68ed17c7af8bcad3da7fe778f1a9b48ca53,true,false
REQ-000269,33d770afa0f3663c50bb006b,da9f63779ec5a3147f23b378,3e5f6e8f901660768be448e45bb4184b356441683f929eb8663e947bf286b211,a2c6b2a94a7209a9e22128ea45f5d6f4f39f731b6b8197aa89475d34c3d46e99,PROSECUTION_RECORD_VAULT,demo-key-2f8689b230b2,f136164115e080b57ccb9181028269a683a5ec42afb50fbc8368095c7ea90cec,13fb18191705c9753e46c389102acc1e606ea679225a1af9f6e4afd69543f2c7,P-2026-05-STEP2-ORACLE,6,bc4a78591096b25532cabf6e661d0fa0027f280fc8b349e9dffd75c68ba92f85,3dc7ace34f9b044653f63d83c225d8fadb6517bdcfd36a217060658eee9e1a80,7475c1fb0266b1005fd84339f850c7f72d979fb1c0ce2c43ff5d75926a624ae0,true,false
REQ-000270,65a60273afcbaa34ae4c3128,9ad24bac9b678123263ff751,19e3e9be559b1af7607c83af79808349f59f942df0474806a0f5042e68b92c6c,965d2b579bf987bbdf820570627d52296585d4a78a92958ebd19835b54a5a773,PROSECUTION_RECORD_VAULT,demo-key-a24a960f31e9,f41ef6ddc28f52e48be1f7ce1fad8d0be3cff6b47d14b9a2f9564afd8801a250,2e412426b230600dbed85700a78a7df718d7351c922bce9086e99fa5478602c7,P-2026-05-STEP2-ORACLE,6,bc4a78591096b25532cabf6e661d0fa0027f280fc8b349e9dffd75c68ba92f85,cb3ce5f66e69f4087e17e93fdee4e301a64b3a51be704b1c5f6660d9c927f121,a25c6dfddb5bf2a8f90ebe1cbd6dc21984420d75e3e54f27b58cdc11ea2b463f,true,false
REQ-000271,0e67d609ea46cf7a4eb4513b,8033e0447fa96b0ea6405593,cddb1cb30c8e2edb69ce3bc5f8eaac33565f5c1112c2ba97727d0d29220907cf,15210c5f74ca1ee8866b447818fc1132fcef9eca982a26d3453b089a076b5445,STATE_POLICE_RECORD_VAULT_B,demo-key-2f8689b230b2,94a75116532f6109fd2a18d1ed7551cae2dfece98de14f128359bbb96a510068,4f438d5bb413e59b93267feb217c69d55440350de77897cebee7ec5e7d47efb6,P-2026-05-STEP2-ORACLE,6,bc4a78591096b25532cabf6e661d0fa0027f280fc8b349e9dffd75c68ba92f85,12c1df45c705c6e9cf261d6b7d751b68a764c65fb1a2bc53668e9e01ac7ea006,11151250ebde3fe3e23c2a7f1ae6967d43949bbb6288eac6780d989a1715fecf,true,false
REQ-000272,7e1af28dadbf5d983261b8b0,7a093dade47030aa1695a558,deb8d47196b87418a1b20208d6cfbbd614a30c1dff636e112e826502ac220523,5cc6cd997eabfa08ad04850e7bdd68e4263f566c2fd1714dbc5bdcbf901ef210,STATE_POLICE_RECORD_VAULT_B,demo-key-a27e431d0ad1,e4912200027a07753208b04ff0e0305e67ca6bbcee2238809c7c99a3a0bed11c,aa3eea2159dab47068554a245fa25cdf01faa7d374944bf1bd95d4f66cf546a5,P-2026-05-STEP2-ORACLE,6,bc4a78591096b25532cabf6e661d0fa0027f280fc8b349e9dffd75c68ba92f85,707163be8e27c05f15caa2bbf8b7e5b424d6ff883b3787438440165f8b7c5423,e0ca3989504ba3917551b8cf786e7a62ec5f386c2ed7bd7b052b682aade7a290,true,false
REQ-000273,dd50cdb30b8facf0896c1182,39010cd412e66c26cd7115e6,f4a1cafe66532e485822f08e3ae8e0cc344b98d8ffffe1320903c20d02878352,8ba27848b812171876268af268df805df2f994cbb2c64fa60ebd8dc41309f401,PROSECUTION_RECORD_VAULT,demo-key-2f8689b230b2,7efdf4e8d9af1749a18d19d57c11011bf8e38ea2ef28926998d648611ad47572,01586b208a9591025f35bbbcabfc2ad45313d1b861bfbfcc6944a1cd3f95061c,P-2026-05-STEP2-ORACLE,6,bc4a78591096b25532cabf6e661d0fa0027f280fc8b349e9dffd75c68ba92f85,c06696e7f0b470587191a0f109558aae8da89a15df1354844b17fb6c6d18aa47,a29aa7d3f0f4d554bf4d6eff1c249905a8c38babcd8cf56faa7bb2915b8aea20,true,false
REQ-000274,7d3d13caa3164dca6626bc9b,d4eb0939be30aa957bfb19ef,420460ae687e628aeb149328d4f7682015303279d31c38b069426c986d420a75,d6ffa005484b9166bcaec12502538944103dfbcd05fc8f0207f2fb518cd9700b,FORENSIC_RECORD_VAULT,demo-key-2f8689b230b2,60930ad16844a27a31f9d6e28221d4321c5df86ba72e64ef5526e006582cccf4,ab54d9c7f3e3dedd0401c94746478de6cbf2aad0ed36b9923f21a376a1705ccc,P-2026-05-STEP2-ORACLE,6,bc4a78591096b25532cabf6e661d0fa0027f280fc8b349e9dffd75c68ba92f85,c360085c4b9631aa17d61413ce6f008cc6b487580e2578e1f5c31f021b4010e5,9a10eec00450087d3de405c94427f0efd994b43b9ad952c7639082d1fe41dbc9,true,false
REQ-000275,f6f606c409b171df8e67b6a2,0bad456b3969cdee1085569d,17ab8fca591b58b7957da506f17e1e5dca2f1bfc77dae9fa89f44a44443464ae,08527b5b7920730c77bd5c474c5eeee45ce11d70d08ddb2986db712eb43d4c91,STATE_POLICE_RECORD_VAULT_A,demo-key-a24a960f31e9,f7a8c23564a0ab674421877872fc5a28b44e7bbda1d09c8d88bba22caf0f3ee4,9cfbcc5b759e0db2960c7f3d746ce71634c887a8248e075e36ff4ae3a3e7b297,P-2026-05-STEP2-ORACLE,6,bc4a78591096b25532cabf6e661d0fa0027f280fc8b349e9dffd75c68ba92f85,eb69af5df9ee6d61e7da3d71493ac03db6a88f2f22205943498bf63693ab6a43,a81ae63c348077e5885759cde4e77188f6fef20b4137ed9b664b3da92b3e169a,true,false
REQ-000276,8ccbd9b70dff9bfa5bc9f0dd,a74a4360433cc4855ad3165c,bfbc6c32abdec488d0e0bc38a46fb0fac145da4f36fa124f79b420cc12bf095d,3bcc5a52a00220036d9f4cb62c13af7ba76893532ef1a375b2897a40e4fa3c4e,PROSECUTION_RECORD_VAULT,demo-key-a27e431d0ad1,af4b0849265cb5a9e42133066a1d2b8ebacc3f3559a220b5b7ad2d64928ee554,c3c9e4620e9de9ff160ae92ad96ee1e4a2f39792cf621776d0f59e275e303d97,P-2026-05-STEP2-ORACLE,6,bc4a78591096b25532cabf6e661d0fa0027f280fc8b349e9dffd75c68ba92f85,d27a0c0d5b8d4479ff569209337236569a01505805013744a6b49628dbf35b91,58013f0aefa5c54c87be05395b04f4d7fa86a8bdc43a9658506880b9fe088d5f,true,false
REQ-000277,a9cbee3038e84f297bca5de4,44f04b7cb6297030be3f672d,4f0d727b2a8f0e66e7dc4562465f5aa6462a7f7dc62f2b3e26334aca59f51c28,d80d9927cb4c4b174633446ca28c52189ca0e919c3c680cc1b694a32c14e9bc8,STATE_POLICE_RECORD_VAULT_A,demo-key-2f8689b230b2,ee1a060e5216a491efca0a63767b85ea3ccf97ceb7ac6538165e2605c4c1679c,3e571cee94e92932e68c012abf6e5b1a18e9f68cf0c99583270c910cceddf4eb,P-2026-05-STEP2-ORACLE,6,bc4a78591096b25532cabf6e661d0fa0027f280fc8b349e9dffd75c68ba92f85,931c6af4aa2089c0318eab35b6eb10120573d55d6cc44c4e14fa5a7d000a99e6,0ea90329e9fe5b32cc4192155bd9a0c1f149569c30667a85a568b483976b4bf3,true,false
REQ-000278,b2fe1d7e7f491d2222d662d6,f56a9eb60148dedc4e73f665,7aac95a28fde401de91eabfab242d539a644230799175e8b1e376b99b24dbf0b,2c7a575cb0f432b2e6275d47f8db6a665a72689057081daefa4e2d5a59dd55d6,FORENSIC_RECORD_VAULT,demo-key-2f8689b230b2,b1119bb05733a6e9ac4bf68e8fe70460ef56a19cbc2e963505659067e2d091ce,c6b8cfac3a035af1be91dc1b994ce857ca4f9772966fdda3a4cf167b046bba5c,P-2026-05-STEP2-ORACLE,6,bc4a78591096b25532cabf6e661d0fa0027f280fc8b349e9dffd75c68ba92f85,b73dda1480c547c16e64b31c3c1f231b29210d72bb8d5236640e5e8aff2316d0,94a73d51bfb1652b6f076f9caea0d5cd2eb75c6f536f30f7fa67ac9c0a5b67e6,true,false
REQ-000279,c5a7655426851bce3abc43ba,d1cdc77ffd0ed40e73b7ce26,8aea58e57e668ad64200471866df14f55cb18a17fe81c97fcb1be09d75b47715,c9efb6be932fe12a5a96da4f57f125f0f0aad86deeb9e896f02134c35019241c,STATE_POLICE_RECORD_VAULT_A,demo-key-a27e431d0ad1,8ae6963a971cbf61ff592df1a8e6c2e4011e8e8bfa9809f857552b50152bd25c,1ac4e4b78390302fbb2f80e3c70e030bc667a4184489515f77c94e1d0d543a56,P-2026-05-STEP2-ORACLE,6,bc4a78591096b25532cabf6e661d0fa0027f280fc8b349e9dffd75c68ba92f85,7633021c15cbf2c9274b87b1068974bc6932cae5def655866bcb893ac4b26e3e,ac705eabdbb7267f1d24d43f276d6944e6a056dde774549251894a2a75acb248,true,false
REQ-000280,22d13ba63717ca715e5005a7,c8ab4cb2942f431124680d70,fa088d5513bc393b9f2f93463eae0688d31aa80447067eebfa3e900179171e6e,b7e60455b556f2fadf79fb03a2fbe2c77b4672665d31dbc603e5a59460c55315,FORENSIC_RECORD_VAULT,demo-key-a27e431d0ad1,d3f89507905755275abd0ed5ad36c58e4149130464dc8c5635ba26edad5c781c,7d3e8e1424d83e217124490d8b1e0e39cb6fcfb8f4dc4b25c3c65aa56c3e9d76,P-2026-05-STEP2-ORACLE,6,bc4a78591096b25532cabf6e661d0fa0027f280fc8b349e9dffd75c68ba92f85,0496dcacaa05302793e2fee215fbe8d2a3145aeb7c7bffba1e6a5d4fa17b3905,6ea1506e18c889af1d126e133a130c56d3d78c073d80fb21fd597ee79e9050bb,true,false
REQ-000281,47c18a6e1dfb5f8551512e9f,d9c39380bdc087cb47ea3a01,8c69fa615296cf6a24cc14a89dcf67595e3c168002a290f5e27264f370970464,937072700b4ccda6f7a5461db2e0ff34e3dbf5ac8831a774b8b1626b38b10592,FORENSIC_RECORD_VAULT,demo-key-2f8689b230b2,55a55aa9bb472a886719daf72ab4ad462ab53408af88aef47dad2cf1900a50c8,a013712b6b7d04f4179806cfdbf9de686f7d54aaed47e37011e0482144f0d61a,P-2026-05-STEP2-ORACLE,6,bc4a78591096b25532cabf6e661d0fa0027f280fc8b349e9dffd75c68ba92f85,c1cb92c1afcb51592fc33f4e158f0f8e721c25fe784d24cf6e7f3616e25e7f1e,a7b1c6733f99fabceb2076d23ab8e4b4165a67d6e6ceac15798ec48df20b9d67,true,false
REQ-000282,2b2d7ab4e1a9781372404fec,5fc0afd6e824eee6c18f4388,066d7310aee25de340e94280e88475f3b164962cdd447ee5618b46abb7b56735,00cc7aaa70ed07ccb4666ad10426dff09ee7a698ec19ff232d19609bb474b24b,STATE_POLICE_RECORD_VAULT_A,demo-key-a24a960f31e9,ab50615a8f253ca48f491fdd93bb491e1632ad0e70f171fab25c96cc4496edbd,c1f098ca61ef217ebd5befdce4fcd6f879615eec362e128a3fe97a98a79cc67a,P-2026-05-STEP2-ORACLE,6,bc4a78591096b25532cabf6e661d0fa0027f280fc8b349e9dffd75c68ba92f85,990d640aa7298f5f3ae7779bb2acbf9e98af562634bd0bddc5c384c41f171f87,7e3a5eb68e7efbf77bac704f2bc56e607f0c92d86971f267e172779fbf7d744d,true,false
REQ-000283,9222c0ba833f5a7c57f8a24c,500ef086b251787e5443e1c6,493aef20efaff05a91e8a3faafb2ae0497de80473eb17f0e03f34cb7c35a5eb1,dd9d2eefbfa7552757a8213842bb650ab5e7213553c64a400caf1f3d47729dac,FORENSIC_RECORD_VAULT,demo-key-a27e431d0ad1,9598042439591c071a42597b1eaaf70c7635a9a533723d8afba5fd24c28245cf,24c93394a40362a4716fd19b705a2b03d245228e064b82b12bfd61a101019334,P-2026-05-STEP2-ORACLE,6,bc4a78591096b25532cabf6e661d0fa0027f280fc8b349e9dffd75c68ba92f85,a98661e429f8ef35822dfcabdd14ad96d49385b5a59ec853fd2596281044c343,8f60d8ec4048c30bad97ed69ebb0e7e42190f5ffb3fa549078a337f47de0fda6,true,false
REQ-000284,08dd64986685dcabe431977b,2fe03ebc5f238640311c5ce0,ef151ab019cd986e0e5401e7b48805c94f7c271575844fa5c6276d252e4f5e08,38451e90fce63233601958b811f4d868e57721916edb6f276a5090ec5a56c4ad,STATE_POLICE_RECORD_VAULT_A,demo-key-2f8689b230b2,5fdadc72705d23a0374826c1b6706202ad4a996cbad2c9d54d9acccb41433513,c41ae20086c5ee10b64b40329e0495cf9a7c464f1273c7033683fdeac220ce1b,P-2026-05-STEP2-ORACLE,6,bc4a78591096b25532cabf6e661d0fa0027f280fc8b349e9dffd75c68ba92f85,d8d6169cd8b3b7916d2382ac780cca14c328c86a451b59794304a851d303c8f0,8790a37f5d0d530c0f58d4f3ef233303fe929a70278d5938245675097bec7e36,true,false
REQ-000285,9043a679045e2af84cd3c449,b8c550427cf64390056ee546,e871a76cac465d27649a2268b21b2b4453b19c1fcc20550795115c5d6ede9062,c413365201a5b6b00f25a5d6784919db26d083c11da212ab43ec3c57b8410439,STATE_POLICE_RECORD_VAULT_B,demo-key-a27e431d0ad1,bca2d4031377a9fa49cd2016a380a8f6dac1c7561ff6022f09eeadfe0b122c3e,847567a05fbcbf85d5e470aab24f1c650625d8f58383440cfa6f48c986948588,P-2026-05-STEP2-ORACLE,6,bc4a78591096b25532cabf6e661d0fa0027f280fc8b349e9dffd75c68ba92f85,bf96e93f5226e8d4a2f9064b9f21de501162edfd113c745576db469177ec382a,d7ed982fec920af2b975ce71f1a494e4b7333c1a8093b09919e134cf549a8e24,true,false
REQ-000286,431cd98dd82eaadeaea9ba71,d4bd737bcfc7698f97e7950c,48cef1fac71819903339349b6a5bfa108a90e46a82dd007dd3c67212ff08ae41,cca41c2c839e1723f06227ef51f5946104098d6d0c45bd59bef83e635aa20b8a,STATE_POLICE_RECORD_VAULT_B,demo-key-2f8689b230b2,05994382c3f393048780232055f5dee533e0c36e6047cca6ef3077e213d269bb,810ec5bf86cbdcb2e9e48e00cb8fd349905a6e588b752816ec56fd51be336061,P-2026-05-STEP2-ORACLE,6,bc4a78591096b25532cabf6e661d0fa0027f280fc8b349e9dffd75c68ba92f85,07cc40c689f2f75be98fe2c08181256104da3033f72cf4d462f67c3756f353cf,24021a7bbf296436323945d6614397b666518f8d1def3c2c50c27301dd46e1ae,true,false
REQ-000287,d5992de3faed601edf297932,afa3a74e9b798b919110cc57,1dacb2c3f68ace692374f791f336be930811c6756b497d5dab80c46ef15b7fa9,27d3d9b5416c47a658e52a0f50d5c4ca5af877499a7c94927f161d54a175932c,PROSECUTION_RECORD_VAULT,demo-key-a24a960f31e9,d49a4493ad1aec4ccbe8ce31d063517548eddbd93a50292a633e415cb24fc362,67d0dcfa924719d5be8f555fce27b7e7cea99aa129b4922cfbbf33352fac1a91,P-2026-05-STEP2-ORACLE,6,bc4a78591096b25532cabf6e661d0fa0027f280fc8b349e9dffd75c68ba92f85,9f0b47e4c475ce1b2ad64030ee25a6fc9cf1db3efa11ff23af80b88c82537d37,4ebeaef101518a0b0c905e9cb8629d3a895c7766a6294a2e950d4b282dc51188,true,false
REQ-000288,13b2a2a0db1373b8363e1c5a,101134a3592ad397ce6c9808,b15f6a9c6db27cd05a9264662fdbc141b01cf58f1313e73128161eec4ec38b30,a380fffd003c5869d25cd1c33837dc28d42c63b4f2dd943f04b5fb7017ac2ea1,STATE_POLICE_RECORD_VAULT_A,demo-key-a27e431d0ad1,20260a36e66b26fd334dbac772d6473e93292104d412b0599543505fa7bc3d86,98f8cf250ff90b01f755e675d421434b4fa886505fa7147c46dcc485b40512fa,P-2026-05-STEP2-ORACLE,6,bc4a78591096b25532cabf6e661d0fa0027f280fc8b349e9dffd75c68ba92f85,3de27f9a5a3741886fdfb1eb3c755d9015523ccb7d9ff0c2be453cac060c111b,5827ecf5c50127d03d0500d235fb62be127831fd8303fcb50f8f75576a3af5f5,true,false
REQ-000289,3fe5f563961efc8bcecb0585,7883081b89390837c20edcf8,a957e346d98daa9210a18befa74062fe9aadee18c16f577205a0d360947ab38c,f09d1b0223671077585f1b8639180be059295216f0c9f390e6d0854a287895d9,PROSECUTION_RECORD_VAULT,demo-key-a24a960f31e9,6d37cf21513c7ed7487317af942c8d6784c0ed0c187a7688fbe0a5dc346bd6ab,b1dd4020927dcd1a124a2a392a54da0e82f01b35a6c1d42241e507b62b6cf88d,P-2026-05-STEP2-ORACLE,6,bc4a78591096b25532cabf6e661d0fa0027f280fc8b349e9dffd75c68ba92f85,925c34eaf6c2fbe8a223baf4e6efcc647e554082231c91196dd9cf9abfcb0367,c783bf9ec21129dcbc7923d5c9f3320a020341dd2a5b2e04bfda3b7a5d0ee165,true,false
REQ-000290,c8ce7d730a23ef48683bf642,036c7f3b27cae173fe1411fb,4e1abb681464cf85553a8ddfbf5151c1f997ee956dfbb5d8c454fbdbcc0b786d,a8f1a51f81d1863703448fe3e09117b966cccd8d3ad1a966f22c271142787754,PROSECUTION_RECORD_VAULT,demo-key-2f8689b230b2,aebcd07e0c856b84caf7b462e53034fd513b15e079769fa16908e5be08883b55,d8993857e9d2072c6165c10b65d83fa1cb4880d203daab470c9f4521631f187c,P-2026-05-STEP2-ORACLE,6,bc4a78591096b25532cabf6e661d0fa0027f280fc8b349e9dffd75c68ba92f85,3286b2e0e037628941819a9a374e7d386ed9d2894a28331fb63d565363c7780c,043bd3b64ed7f8187281d8cc64d1c603846bd026cd97f3234786da0e019da8cb,true,false
REQ-000291,b10eeff052ba452504a54f88,cbe27fb886a6f6e01d3b1203,93af07a62648ac479de9d0275652f20d46488badcbd8c1b0ffa412a2d0d8a163,a816425d66186667b7ea30f875197ff6bb5b734e558028ed47479f420aa6e29e,STATE_POLICE_RECORD_VAULT_A,demo-key-2f8689b230b2,8bf1b22b01e383c100896dd1b848fdf78bfa16a452a1b3e17745330727f2ebb8,4714613d265bdd12e190e8501aa6af4842929282bd5978621fe3c0dfca17a551,P-2026-05-STEP2-ORACLE,6,bc4a78591096b25532cabf6e661d0fa0027f280fc8b349e9dffd75c68ba92f85,6ea69feab3759c663f5498d9fc42be364ee9d4e3be00d4480ef7e7d942aa58be,f367aef497fe471a7d507fa07dee01b8daeecd1107a0b991e885f0111b31ccea,true,false
REQ-000292,c41b67b4eb7eaeb0d8a6bb62,76efedef60e983167242d81f,87fd7fccd0034b029f984c5052eba1b2f1aae37d8944202f056e1f5842e45546,e746bc748a8208b31a47dab46fcdf499590f715e7d7ad0ab00ae48f3872ae818,STATE_POLICE_RECORD_VAULT_A,demo-key-2f8689b230b2,16eca421894cd88744d6a8e706217bde67968c2df1155a95a8cbf0582ad58956,b3e5128470ce60c4af59b1f5876b9e094439d9309d2c39d98d562bc5a5127acc,P-2026-05-STEP2-ORACLE,6,bc4a78591096b25532cabf6e661d0fa0027f280fc8b349e9dffd75c68ba92f85,e792867ea9f534e5358134bb42fe73fb554f1ad64d8e74b3cef951324021c3f9,5ab48989e1281315e04490e82824f443e051389be4ee96873360967f76f4fa36,true,false
REQ-000293,603952239175b0f17942d266,1b6327effd8b4c6627e69575,90d1c31ec9079c24e526731e6b85cf7826e38a0da91daac974b9709b2d14cd89,a356faf98824726f296379f9985ecbb622b011c17725beac9d2eb614febc8056,PROSECUTION_RECORD_VAULT,demo-key-a27e431d0ad1,c0eefbffdb53c95b39c329da512823aace5cc423089b7c9a7372a8e45fe55086,7fba8e1889fa93719f8ea23483c9b771de098b922002a50d7cbfb5cab4fbef9e,P-2026-05-STEP2-ORACLE,6,bc4a78591096b25532cabf6e661d0fa0027f280fc8b349e9dffd75c68ba92f85,3fb5c3e58d97b75e07a96aec9d16d74943d2d2188a37e14366edd9b35c888709,119aac73f87d43acfaaf94f83af52a655d85b44d6c16b17721847bd6cd8c53ed,true,false
REQ-000294,3d4b5b64967f8dbf39aeb99e,0b236680d2bbe8d5d9eb543d,ebb3bc2160565d7bd6dbef8b66fc17556416e1f4e83e10028907be0b1ccbb759,d366be72974b0b236596d469b5001700e476e7f0a86d91dad43b2c4ba1c3aa36,STATE_POLICE_RECORD_VAULT_A,demo-key-a24a960f31e9,52834e50cf0251dc696b5af3dfaa18cbea58fb5f568f8c0caa338db6667087a9,c7d7f13b56624e5d586f2a8b585e382004f9a9cc379efe68178b91756a884701,P-2026-05-STEP2-ORACLE,6,bc4a78591096b25532cabf6e661d0fa0027f280fc8b349e9dffd75c68ba92f85,0d8168710a0ed97a2420e5060a6d7746493d8df59e6765480a56272461f1afe8,6a8269b1695d9a34f7f2afb74e166ba4825dfa1f1037622c206c02831f183319,true,false
REQ-000295,66b007268423d51b9a1c9d89,5569b1b9411b89177b07c824,ebd88fb469e53727f21d5097943a4efcf407cbb6a5c3c0a8f8d8f43ef4548173,ccde96122c2593e469835e589899de0d1ab4da53ddcfed047510a38933bdece9,FORENSIC_RECORD_VAULT,demo-key-a24a960f31e9,3ab8b6d5bc67c89b3a79a709528338783465f1f42bd0444e5304ca94b354eb88,c4300ba705e2b8922362e0385cc0ec518ec92edbe840c5681f637b6eed77ab25,P-2026-05-STEP2-ORACLE,6,bc4a78591096b25532cabf6e661d0fa0027f280fc8b349e9dffd75c68ba92f85,323e3b493495de834c44bdea7f4429c56e454c8938794be03970e20678397ec9,4a940275a6dac5fb71a131e5b72e1328003bde3eed8b557dae2c6223a1a2ed56,true,false
REQ-000296,71e0d974adfaea423315288d,9fc0c3536bb23a96427b1e1d,91150dc20278c6e340e4412e5980019b9e68037a4508775e4daaf0abeeb60b1d,9f6ffcaeeb2650a18b567f45fa74c462071e7e1b9eecf13d5c7842e8a1b5710d,STATE_POLICE_RECORD_VAULT_A,demo-key-a24a960f31e9,31db34043236ee05f1f15ebcd1040ecd779509ef549969534b7be0ecfde2ce91,729f33c71435510a41a4c3f6fdc97a20e22a5b6544de8fd0f8d7170a1ffcc33f,P-2026-05-STEP2-ORACLE,6,bc4a78591096b25532cabf6e661d0fa0027f280fc8b349e9dffd75c68ba92f85,972e1ba52e05638b383679689745ea4838b1f5491e6215556d2f92166f72baff,e73d488ae46f7036e5eb2d723d2dabd6775abbb00292f0375c1f5a65e08acf09,true,false
REQ-000297,dfb0e94f858b759ef429abc3,06c4fe9c114c8d7c962df3e4,dcd4e162d62f558ff1c951d56b7fdb3aa1147371541153a2cf8319599698e49e,b1c7a1b5ec740eeb80191ae735d805eb8be669572ae75c1e3de74c9df21b9dde,PROSECUTION_RECORD_VAULT,demo-key-2f8689b230b2,fd7f62fef634654ecff985db9e1323fb03ab178a73c32d45bf75cc7e56bedc96,7356881f7d380a73a96fccd8b53b96348cd85537bb616acf08a801379f081a8f,P-2026-05-STEP2-ORACLE,6,bc4a78591096b25532cabf6e661d0fa0027f280fc8b349e9dffd75c68ba92f85,7ef5e6e9e00cf8308e5712d3e8dfcdc286c93da0a38f26c9534d02d164d3da41,8b4ad2e75ebf65e53f2d956438b3ca1b88aefd0f15866f6773505c6f37f97445,true,false
REQ-000298,3b085a1d745c31eb8625296d,d1283167474e1cba773619e6,081ea1be77562d3614243eef3ecfa7db7920aac6387c2563a3f0dd81a2f8ab65,3c14577f888023b2124917981c1a3bc056384fc59a75394c7115159c94a34c99,STATE_POLICE_RECORD_VAULT_B,demo-key-2f8689b230b2,afeff74e01f629fe9689816e0693388e8eab790f7c8fa5ae0f63f4f918009e8e,8e91df74fdcc6e4788e10aa3b04069478d50807642fe77bac426255f1ddb3f88,P-2026-05-STEP2-ORACLE,6,bc4a78591096b25532cabf6e661d0fa0027f280fc8b349e9dffd75c68ba92f85,15d45145362b7bb012ed311a68f36cc1cfe33734b6fe240cf0d6ae4e93fa90b8,5e5abfe54212983bdeb06437748fc4e6ae46d9a12a5148e84f287088f607ebe9,true,false
REQ-000299,898f4538ce2725a5c586c365,17cf7b806f43742af3963bd3,d76cda389947e699e4adc13a3139dacdfff65ec393f251fcae7b5cb9f9e44586,2f78ed19b42184c1805ca2d5efb8230a0c8313f26a56e309adcc0c68499a5527,STATE_POLICE_RECORD_VAULT_A,demo-key-a27e431d0ad1,e0486b1635090f24ced528bb7d60f3b65f29fc73dbb6e9aa3e432bf827e36456,0cd2ef3dacff91463549354264a168df47cf359012706124889983f9e84d06a5,P-2026-05-STEP2-ORACLE,6,bc4a78591096b25532cabf6e661d0fa0027f280fc8b349e9dffd75c68ba92f85,684cddc572fb158185271a905968a52bf8a1cf4a34999c75c7beb9431939b55d,2aa2f6c120159e39145f0150b8738bbc02af00c1e6b4323668e12aa82d504901,true,false
REQ-000300,459f734ddb6a3c78ec8e6d7d,45cff7d97ee8b6f53e8a4aa3,1ab736e0c5a9acaa16ed2d95221f2ae3209760e7688ef749b2afe98cfaabac1a,e9a23532fa89be6de4fe53bec20a494ee6929e3f627a88bdc91542b2a45eeade,STATE_POLICE_RECORD_VAULT_B,demo-key-a24a960f31e9,47d75a1f5b154d34d0bd5699b94f3e2e3ed20f18b699383fc91b326674c69005,166e225f3dbc7a882d42dae98be830f5bddecb3a9463238d2e230887ae302038,P-2026-05-STEP2-ORACLE,6,bc4a78591096b25532cabf6e661d0fa0027f280fc8b349e9dffd75c68ba92f85,28d14aeaacd2ae1eed3007923ba59eed9831fb7ec71b1db72bb7558cb35256a0,68891f39380a4badbc1859042cf21b3b56e5cc2216fb667bfc1f6ce27cc6c3a4,true,false
REQ-000301,21cd1407a639ec217457fb46,d6e6c5d14f37a4ae7ad89c13,82133014617fcba83eae00a15ca2039e11ad5948be497d3435de2b1ba2f523d6,7949ce05b6aaaefb39f00dee7b673f17eb84ea2894dcbcc229fbd7c1d49cdca3,PROSECUTION_RECORD_VAULT,demo-key-2f8689b230b2,7fcf040c5c6d5cab37cebf3af5141a925a09f03358f65a8deba0370900443fd1,a12a28cad6d51aa0c51244fbf5fcc1e032a79d8a0c08a565e1761cc5e35b331e,P-2026-05-STEP2-ORACLE,7,26d9e59eeecd9ffcc97ede0c3309a35f5600d8260ee486d97cbd0a91c63cd2db,b5ad832b0cdc30645575a543c8c9c5249de1c315d00cc92971b09e47c3cda3ed,f8018632383f0b210a06a33cdace07abdbfa20045ab1638111605573b4fef974,true,false
REQ-000302,4644ab9bab94b2012e83fa80,edda7f126338c86b57c9e4e3,9d2afe906acc63d651ae1a47a209ffcee21752ebd1d1405bed3225e98e245c53,8e408e8cf4235e82403fdc6410af3f629f85bfbf8f7f0a48e6b0df9441417e11,PROSECUTION_RECORD_VAULT,demo-key-a27e431d0ad1,b57f6f40501a837a290b04c84dd1e2a13b1540ea55a94ff92240c77e40370918,91aea3ce22c49d60bf26766aef987acbe3a346eeec239ec22f953b43fe4de7ee,P-2026-05-STEP2-ORACLE,7,26d9e59eeecd9ffcc97ede0c3309a35f5600d8260ee486d97cbd0a91c63cd2db,daa51f0ee9bbf8a484e21926defcdbc0ac2370f69cd85650d3eb053daa171283,e415fc706292fa1f26fc8e98b35048692e3ea42fef6b91bbe3d03e8c3dd2e96c,true,false
REQ-000303,31a9bc92fe67a1f3c2a37133,ee89e82574e6f844c990d84d,98a8c9020f1d59d489e289762f8c3e8a5cbc987257ee5b81e1742d8d63566007,6a3c38c7b1d4e8c8898c1a61b889c02d242c76ceac6986e6e0d0c9aee3db732d,FORENSIC_RECORD_VAULT,demo-key-2f8689b230b2,4571392683f6101be55b464b6e1e65251ec4ee5bffdcf7f0cb667e68f64d3d0f,d089b276a1e26f808ee0859e413cafaead6b7427b0bb64eb126e2b1ee18ac1d5,P-2026-05-STEP2-ORACLE,7,26d9e59eeecd9ffcc97ede0c3309a35f5600d8260ee486d97cbd0a91c63cd2db,58b216cfd0fcc4ebececade438baf33e9ca202ce71d782499a2a1d9cc7991355,19a514ebfb2999c2f15c91e7838fc8477c439d526e23df593eef78b3938dd00b,true,false
REQ-000304,25cf43974f4cf53c05dbceca,13fd1d61f5e0eebfaba35826,0b0b377074bb164f5693696ac0602dccd28e96541fb6889ee71d4b78144708a6,273d9060f4e5785de7b99a214dc9d1af25638ecb059bbbe807427a112a1fc20d,PROSECUTION_RECORD_VAULT,demo-key-a27e431d0ad1,5b4c942194e243e28aa40cc59558fc2ffdd1a87bfc46f94148902d417083fb0d,9ef3159f5de2f1c02ea5f67e54024cc3b97794bed38475ad0806e068affd218a,P-2026-05-STEP2-ORACLE,7,26d9e59eeecd9ffcc97ede0c3309a35f5600d8260ee486d97cbd0a91c63cd2db,91417b210f50096ffffc5bb6fb369dcdcbd9ba596587830a795285bc448d72cd,b0e676380e710a1feb64212b4c5eff49a70b485809e0325dd13957a712f336d7,true,false
REQ-000305,202493a89eae5b6458ec7ff8,ff14482635d6ecfb53a8f23a,bddbebd05956072b420c2e49234ff5c8eced54594a880636cd8afb9eaafcb143,a689637a60502fcfc6d491a0b61b9fff67a812f5f3e74f7e6bfda6b82acdd1cd,STATE_POLICE_RECORD_VAULT_A,demo-key-2f8689b230b2,e2abaa780f34d3531e8b9b5130efe58ffc38bd1f0a3ab0eedd2d453042f47a07,aba86a51bee92c685bef6eab89ba19dcf71371d1f7030898fe68cdf9fde9d683,P-2026-05-STEP2-ORACLE,7,26d9e59eeecd9ffcc97ede0c3309a35f5600d8260ee486d97cbd0a91c63cd2db,9b5e35364b4fcddb7a0c042931fb0ce168ccd4668fe99f6871d35f1e10b4692b,0e4ac9dbab1c9b8552c32c9dff163b3faee8425c088780d3f21c5611177680f3,true,false
REQ-000306,ca153ea0d75435e5b8a9b538,034443f20c53fc414debc0b4,2248e6120e40abf111c7e23be3e4b5991db8ce0e4a24b0188201a004c49fafdb,3349cffbb88c9e785ae32f87382b0377ec8b58d4d10ded7e3c391d1e4c8f7b78,STATE_POLICE_RECORD_VAULT_A,demo-key-a24a960f31e9,a39b7f70ee5c2ba7cc5f3579789810678f85a4b193041f4170d29bf0b9008f45,d93a0fd7d0b5dc322feee656b50ef3234c5e29f6a9d5aad3332796ee9f01bc90,P-2026-05-STEP2-ORACLE,7,26d9e59eeecd9ffcc97ede0c3309a35f5600d8260ee486d97cbd0a91c63cd2db,a9494ccfa9bef30b3b613faf56440b3919b2eb5cbeb41c80b73631181b48ca2c,649fbd89619bf9933bda047a0bedab73a2ede7ac1fe2ec519faf69c97e407486,true,false
REQ-000307,0a4ebe96de8201efc315bad5,05e91c9360a99bc98d7ffb4e,a359bb831bbffad597ff2ec408594e543db8f55b12631bfaeb705c46f7cf5cf2,f12b0426850cfad1740a3dd75738ce59bd9bf62bb1290e3c788796ca7d0035cf,FORENSIC_RECORD_VAULT,demo-key-a27e431d0ad1,c3af6f575bdb4cb0191234c94e1e90b6cd7a02a419199f9364271cc990ae320d,7e9ed9b5bf4283ed6b1c6e25ad6df6608ecba1bf4c719a3f0f34d8a869e818c2,P-2026-05-STEP2-ORACLE,7,26d9e59eeecd9ffcc97ede0c3309a35f5600d8260ee486d97cbd0a91c63cd2db,4ce558105a61052db5cef9d41816ba6e2d6b8b866a29114d3d1e1475dab48a3a,9637ffa4db2b5d8b197c497ff0ebb2a7473014afae1d1898a705e37ebc24a869,true,false
REQ-000308,a6e23e6abf3d2acbd2b24e0b,ac48ae61074520a4b3430aee,a222927c0122c0a45911d29593b9337447d13e2c6ecebec9c8569a95a5f54f0c,7e19b89759dced6fdd9a39afa9854c78de3ecf1b3b3e5bf6102b2036b29c41ef,FORENSIC_RECORD_VAULT,demo-key-a27e431d0ad1,ca38ceecf88127116e9da3d61379ecd230fe3b5306efd26d1623b479206b79bb,ba9973d8e02bea45ba95f36d4f12845c470c1cebf874f3426810271ca0593c5a,P-2026-05-STEP2-ORACLE,7,26d9e59eeecd9ffcc97ede0c3309a35f5600d8260ee486d97cbd0a91c63cd2db,64b1ceb9c53cd8042e2782110a3b7169c349f479a7c0b60df42715904b23e58e,20b7af2c31309fe5eac61b7ee9213e3660bced50b2b4c9f45d55118598b6e4f6,true,false
REQ-000309,9628ec353c72a2aa57abba92,376e236bddc926a41119556e,3fb1a5733e0a44bab54908e2c75c23b7a1bb1b561866a7061cab46cae6dbe0d7,6950852b84194b35af48a83fb050f7cfc27314b5f00c02dd9e4f247226464bd9,STATE_POLICE_RECORD_VAULT_B,demo-key-a24a960f31e9,62a1451f933c05fe956fe171f05bf8cddc3aaae676983b61e82bdac28fd6d0ce,5b0d276aff8e969c35b85b3d24b027fa6945b1603905577ffa04a03bbeb8e16e,P-2026-05-STEP2-ORACLE,7,26d9e59eeecd9ffcc97ede0c3309a35f5600d8260ee486d97cbd0a91c63cd2db,cf7892ab9c44c9e337a2bd2676dc5d41440dfb04d24a9f4dca5df89cd1ff5e31,bda7e024d7ca0fb8b4b27a60f8ef4e4f19fa70f65c608efd1828b14206de10ed,true,false
REQ-000310,bd8150b0c487b45357673f02,3a21e109945b39216cb840e4,4455c4cd5816e4cf360407d26b5f161c1c66b3064bffbdd9aca8d44210b544cc,39969812b75d92fbc30edb74487809d8f6e0e00f23f069f1073c60f7e10ebfd8,STATE_POLICE_RECORD_VAULT_A,demo-key-2f8689b230b2,6d6dde2856a2395a378bdeecf5a826222078dd650e14b7674e69d7ce04ee061f,6bcd2e5c38bdf1cbe7e9c754108eaa8f692b58f1be8dc401166b12413d8262d4,P-2026-05-STEP2-ORACLE,7,26d9e59eeecd9ffcc97ede0c3309a35f5600d8260ee486d97cbd0a91c63cd2db,c66fcf2832c148296d65b3b855bf92632a96a9d39282c4a260111eb55a40b265,cf0a62ea9e51199beea47615638f22e73dc84c74da902b66eafb5bcdcc96c9b7,true,false
REQ-000311,2867d85e6650cddfa2049599,2c2dcb6579032456c2011fcd,90a46a13ba809f63c2ea666fc11fd6002b94d76f0766cb99558c7917cb6367e5,55e340f6ecf7253e422373e99f6c00c5e22a8287637df321547bbecfb5e50c94,FORENSIC_RECORD_VAULT,demo-key-a24a960f31e9,709915a8900267cf4cdec406ae3db2add13f01824bcafd635395a00afa575526,92944a88ed50b41f4ff35f398eb86245b2646b61e0bc905b9f924e4fb493d772,P-2026-05-STEP2-ORACLE,7,26d9e59eeecd9ffcc97ede0c3309a35f5600d8260ee486d97cbd0a91c63cd2db,1f96a4734869382f1ec0267506e049aa8093954f74d8e80b3094e9eda808728d,c3b3eeb8ce22fa69dceda34127bce434c3b52da7ac55dfaaa9d0edc9c05f1252,true,false
REQ-000312,201bd2e21b21dd12c27511f3,9de51fb6bd510485ddc18ab0,a2ee7aebe86c84fecf7fe681898589f9ff9dea78d4e514435e102284332a3d01,7c9c53e54a3a7cc055a09c7571f79bbc73cbf7ee7812403f71c9b2fcd4b71930,FORENSIC_RECORD_VAULT,demo-key-a24a960f31e9,e0139d2ff7c86a37baeef470cabe231f818ead12e0017ed3f6e71a11ab9aeae8,e7036336e46e9dcd801011146095814536bbe9a20e40b89ffc804ff6670fcbca,P-2026-05-STEP2-ORACLE,7,26d9e59eeecd9ffcc97ede0c3309a35f5600d8260ee486d97cbd0a91c63cd2db,578e6a18a60a03b3ae919815afb6ee4d6ee6a8aaee5760f98c6d7743f087abb6,87632e1095085848043ef42a1ac0590f71f69d21a64626caffb02fbe81423efe,true,false
REQ-000313,c51983dca46d517bbf8c1eec,6f09eaf1cb502d9ba3ca68f3,e0f3263f1342d39ca18023977a5f8cdaa5da938f9bbfa1d5e97d1c0f7e5f3965,f036c43fe510f4572df2c5285fb1df7e5caa9807a587db953597e4bccf659c1d,STATE_POLICE_RECORD_VAULT_A,demo-key-a27e431d0ad1,f03a0a8c99e01c9244afe69ed2daa81f586dc462c1d7a9950b54fd59a189c0bd,988396d3aa6a3c4ba1f3f8be2f3d9d74544eb1edf3a1bb2c027b8aab55512ee8,P-2026-05-STEP2-ORACLE,7,26d9e59eeecd9ffcc97ede0c3309a35f5600d8260ee486d97cbd0a91c63cd2db,3a033d5884438cd4e285cc2e58ddceb3df41358b3fbbf47b15ad6b890c9d661e,79ff28c6f39430d58427613c982c7fc9a9e9598dd7ebe8b14dea2be18a13d60c,true,false
REQ-000314,956aca67b33c2620ff186459,628d7e4fa55b6a3d500dc1e4,b4da96754dd3760629672a7820e421728a59b1dbb863e81e2cabee6e93e950cf,1abf960712e9d579003c9a33538704fb3ae4902778a5f84bf0cc44f6e791ef75,PROSECUTION_RECORD_VAULT,demo-key-a27e431d0ad1,b624f674efcac28bc3152cb01faf907b66ea6b57b27591fee4974413884717ad,2353e14d1b58a5d51a31554d2f32168ce062e56f7a9cd7dd5ef795da614d26b0,P-2026-05-STEP2-ORACLE,7,26d9e59eeecd9ffcc97ede0c3309a35f5600d8260ee486d97cbd0a91c63cd2db,dcb773e1b9e77679aed2bd5f5664e1c688422797a7d59927d4900983f8d4d1ec,cbb7f7bb6213282120b8ceb932eb1408e1201e20ec2e9db5b86ebd94eed5c470,true,false
REQ-000315,1fb453252f4bdc939ef6f6df,6cb7e8c888c63476bbe37fc5,eabb1fd07ca1a87b6acc0c9a5f28e0d59daa2f3753221b6be3086ec32531984f,93ff65decd425fc7b88a7424beb432f1e672a8b1f96512a8e9596e6877967e43,STATE_POLICE_RECORD_VAULT_B,demo-key-a24a960f31e9,e827e7254cec73888cf443f60cdb3e8209e34fb2d61fa51576fa359d9e9d948e,f04908e5757886a279f6d7d2db23a6bb3d19476fe32c33d84bdfccddadde992f,P-2026-05-STEP2-ORACLE,7,26d9e59eeecd9ffcc97ede0c3309a35f5600d8260ee486d97cbd0a91c63cd2db,57fce04c30ab6edb98859c2cfd039e5d14bb777383b3eb8f89ea144ea3cece82,9c9fcb902dd44571ce8560ab28a04665da9736d1819ed4fc244666bf534fa59e,true,false
REQ-000316,387ce36dfb2809a360448216,cd50afaa20015e4646a92821,03320c79ad68e89541040d46f495ad13bcf0ccf44904ec8b949ba671a18cdd3c,9b95a0f50837a68e01841b48d70f3843cefde8cae8d5100fe8c3f0d7e6ef4532,STATE_POLICE_RECORD_VAULT_B,demo-key-2f8689b230b2,6eb72fe555d9a85605ba65829bbc1c89da5f89b6af09e36638caba908adb99ac,dbf53e7053e800dc8f76535f7e13038140639bfc274463ca9e832d29ffd255f8,P-2026-05-STEP2-ORACLE,7,26d9e59eeecd9ffcc97ede0c3309a35f5600d8260ee486d97cbd0a91c63cd2db,3045895bf7781b7f1e032ab827f89316b2c58e6e23ba9298ec95cb17d839c1ba,dc27cd28851054f5f4ae36d0aed16d8d45bbf9e1227a73968ab8b8aa84c9eb77,true,false
REQ-000317,8e67f9c2d6007f18c8de9209,578bb931b348c545e3be8c32,cc1737bc164651994db6257102a93e3b1af74e219d84ab218ff7445c97c524a6,ec2c289dbd7f4e35c994b11eda28296619844047ef4c09e245f9b4f19eb7fcec,FORENSIC_RECORD_VAULT,demo-key-2f8689b230b2,540a84ab9316a85e62423160a1ae13448bc44eefcb63c10eed5119503a47c316,4d5f9bf3ffdf73b170846f4e0a7ee2a3570e3a8e958b18035343840a3c90858a,P-2026-05-STEP2-ORACLE,7,26d9e59eeecd9ffcc97ede0c3309a35f5600d8260ee486d97cbd0a91c63cd2db,0c82d1fb55d7b43f114bb103e57bbf7d085bf287b9101e9cdf84a29ddab352df,0eefa13785fc4d6d27a0fe2b22f0c91e7d899ef4d78012d83d42cba4e1c445c7,true,false
REQ-000318,481635364f5f6393b2fbfd90,7aca64f621d2ff8461386093,c89a9a529cc1c0cc20cc91e51dd21304210f0809ea29e420cc3c94842900b6a9,d70796085c6477e63297b916525cc1a2baba0a4ebefaf797aeedd49f6921fae2,FORENSIC_RECORD_VAULT,demo-key-a27e431d0ad1,302944a491f0eadbb776b8a5fbd7a2516d1265dcf3f11c02706570789f95722f,07f002d557b6d1b2d2696d2693a0b9232cc8d016f65cb3dcd354634e394810ef,P-2026-05-STEP2-ORACLE,7,26d9e59eeecd9ffcc97ede0c3309a35f5600d8260ee486d97cbd0a91c63cd2db,bdca9138b2e833770bee460bdc99bba9c4f89f7aa2b0d585c2b952a87fbd4b8f,0852e72255d1c52f16aa72d15deb10e5e7c2e8b70ead2ddc8192ee58fea6c71d,true,false
REQ-000319,d6154df7eb0a7850d878cc7e,cc960c8a5577ee4ddf1ae466,014fe7b444456f03708eee2ff4b34c82f2ec7fdf61f0f1f85e93539b2375dbda,8f084b432cb24d2a1899aac5e53cb641ce00affe61483a15e7db734322975a25,PROSECUTION_RECORD_VAULT,demo-key-a27e431d0ad1,b0f22caf95043f2ac7ec114691eb969e0acaf748bea3b5b9dd1b8be42b133775,7d3d7cf14735ab1aa2e794dcb7b659437ce0dd7702f6b8a6c07019dfba5f4e25,P-2026-05-STEP2-ORACLE,7,26d9e59eeecd9ffcc97ede0c3309a35f5600d8260ee486d97cbd0a91c63cd2db,0d2a4b0508011a025e95370f87353e596a591c782e81c2680cf0244974e67ac7,fc3ab1419ad955bf2284f518914db3143ad80a7b53651491220fe4cc84cda38d,true,false
REQ-000320,093331674304fdf16d37b24b,4ac227f0dbb9b92b592fcf92,1acdf8ccecb4a4dfaf35e0878161c4b1cde4d9e1e3502532b2457241932b5e97,78ce7704c2d04627c9e712dbc2be6a0ebe6f73c9b2e28f099c6acbcb57a35d2c,PROSECUTION_RECORD_VAULT,demo-key-2f8689b230b2,4a4ad1f0554039ebafdc754bf88c86537756d46252d3f974259ac4a8ea674912,b69551578dc1cf55b1383db9b422aafca182038612834d5e4351aee7fc50c4f0,P-2026-05-STEP2-ORACLE,7,26d9e59eeecd9ffcc97ede0c3309a35f5600d8260ee486d97cbd0a91c63cd2db,e24783170512039791f67018b67f55d3ec1d88741c3c04875179e745151f009f,c4ecc2d070c29c353de7d867c04d2344d868d206a1df399071289738e3d806fe,true,false
REQ-000321,81e0fd770f78046b7bd7fa18,0d279664b0a3a2f66a390f60,afd56bd535a94099af8f2f3cb742382adbc9d4358b57423cf72e3cba3faf160e,79fca11c7cddd1ed63566f0c9bde92873265eed5d61fbc5c0c1afe1db5c8e77f,PROSECUTION_RECORD_VAULT,demo-key-a24a960f31e9,00dcad4a7ba6cf00653b15f9d03838094328d83aa66830d4bfcb13de749129fa,c3c76f89520eb773ecce8c50a6578281624688a81337646ff9892c4ec29e4a81,P-2026-05-STEP2-ORACLE,7,26d9e59eeecd9ffcc97ede0c3309a35f5600d8260ee486d97cbd0a91c63cd2db,551e9c5796de3c35ba6073621dadddfed212b33c4447d2813731386aed95f00a,f060bd4299d4cccce785efdf91b79947d00255b8ec86b2a86c48ff2fc8f93318,true,false
REQ-000322,e5d687012599ae15945a2fb8,415c442e1d21b1b2319da10c,242a18c3f810eb430971589cf299d11af0dc21ea05e6e91dfa1219cd0d59c2b6,57d169f88798ab70524a8afe6ea0b858be8be43757bce1b902c73e86a31bf66c,STATE_POLICE_RECORD_VAULT_B,demo-key-a27e431d0ad1,f1892231ec301c5f1bc22278ba1d64ed0f3b90f27fc3578b27f7e48b4126a0d9,fa4159a0ed9ddb14c6e268b1e702fc8a94e7739c5061d11a04be7ee4d908274f,P-2026-05-STEP2-ORACLE,7,26d9e59eeecd9ffcc97ede0c3309a35f5600d8260ee486d97cbd0a91c63cd2db,aa9ae530eeb61e83f806a3150110a836e0707484b89afc3c3ba3463b4acb7c1e,d8958f8b4b5d3bbb10d83b7ae228138d8ef886f240a5915dda232f9527e930e8,true,false
REQ-000323,6806ba66b352cd0ace2dc62d,819853f64813f0b089108e9b,293aa62df3449b88cd1b780537ae5ebad8da1e70c7e0acc24d99a3fc745de390,97136cdd0aa32e34bdaa11c93c22607167fc605d932d2d8385452a4ed5587036,FORENSIC_RECORD_VAULT,demo-key-2f8689b230b2,7f649c165842e6a83d047b4a1ddba9c3a08e05a69d014485eb4d558faa2fa237,22d43d9bbff7bbb081f648aab87a153424249e3b26c95b5f44bad2a97975806e,P-2026-05-STEP2-ORACLE,7,26d9e59eeecd9ffcc97ede0c3309a35f5600d8260ee486d97cbd0a91c63cd2db,d2266684be0ce0029afbad0d22bc20f03b70a64e606d8711a90723da286f2610,24d8f6b66e0f6d5df30f09d18bbc99b0ea71a2a2c4b811cfe2ee32103e352478,true,false
REQ-000324,9d828451fa91e0118c922412,02877d6f861557fde0f596d2,5eeedc4c0d7e9ab3946fb380034310e11e72af8ae262a10827c19b994ddaac41,13cb326cdbd717051c2d2877d2e00b1d128c649e6dab3c7c2f2cee0a8ce59cba,STATE_POLICE_RECORD_VAULT_B,demo-key-2f8689b230b2,2478d30c08fadca6828a2ba6e941458cb3a2eec002fe18b4ce4e5577689902e9,8cac074c315220eb7589916eb06239c1e2f6917d6174941993b01dacc48b9a9c,P-2026-05-STEP2-ORACLE,7,26d9e59eeecd9ffcc97ede0c3309a35f5600d8260ee486d97cbd0a91c63cd2db,6a5afd23da617fcdfdf2e8bd3335a8ea38b8d4bcd1044fbad1d89ecf66f013b1,a09430c94b2dfbb4db2aafef521c25b13e8d1c7d63b44899b5ad04af2d3dc0e2,true,false
REQ-000325,0dc2c7ba3a4eee4a67c0382e,96707934e67b872de664a7c8,4f229a4c8032335f52bfa3dc5cd669fff0d472c89d8d4d5b5f6c0ad1105f1b92,90a734814ea9b59f1980e71d8a6cf1f9b724526e803c4a55b2af8126e90b5789,FORENSIC_RECORD_VAULT,demo-key-a27e431d0ad1,33bfab204052033b0d5aeb606c2c0324666d78517fa63965b8c1d108ba429f75,5880a59fdde850cffc54feec21b2f4d9fd4adc31fc84626e340a0615b8bd512c,P-2026-05-STEP2-ORACLE,7,26d9e59eeecd9ffcc97ede0c3309a35f5600d8260ee486d97cbd0a91c63cd2db,dadb2436e7d048f01105a13f71cff6333b0b60e0829d0412f2867a8a08da395a,c2924e8a00ac59ae6cbbdf8ce3d12e5f8cf769764589574a436b26bccc7ca58b,true,false
REQ-000326,c3ce957724d4114b3695b46d,8a0b1196744caad56a576433,c74c25aa1468cbda1b39f72b839a1e12599a739e47213acd540f5e776998a1f1,af5260b9f993d5775327301c2b702b970f6644e474114abed937ec29aab11ee3,PROSECUTION_RECORD_VAULT,demo-key-a24a960f31e9,bae48904827045b29ca1b0549fd371f59aa37e04957787c553d5ab5f4ae1bac3,4c24ca67f7e88b7cde13cc10f7bc0cd1b479c997f8b2c8aefee310b87098a741,P-2026-05-STEP2-ORACLE,7,26d9e59eeecd9ffcc97ede0c3309a35f5600d8260ee486d97cbd0a91c63cd2db,8fb4434eb027c4b90f6f792761f94334c23a4eb6cb2a20e52bcac719863e6333,87dbd2a6070379f2734627f99f6c418bd8a3a57c1d81f377cf6a2c2dcd02d4f5,true,false
REQ-000327,c1be72ae2e586a7fecd00956,08953d1eb408fd3561adbaf0,f1e9105b45377ef714b345b5c2bea7a20cd6bf059c5b129355bade8b37d3da5c,7a98105bcbc7b0837d9515c38c720f9ee6f8fec791854ecd4457d13e235fe361,FORENSIC_RECORD_VAULT,demo-key-2f8689b230b2,857181be4f7aba87f1683a23a8e59316598eafd8741aa66ce44cb1d1424d1e3d,81c739e2ad3fc97a71839662ac3abc8b18e69b3d622d12fe881d39e2705a5ef7,P-2026-05-STEP2-ORACLE,7,26d9e59eeecd9ffcc97ede0c3309a35f5600d8260ee486d97cbd0a91c63cd2db,80070f1125d4fccbfb3a651a7755fe93f0a222ad758c72e8486d44f0cff44f4f,5e8933b9e6e90dedcf70a3d286d1965b656244e1b35f085e50410c680a7ac68b,true,false
REQ-000328,2ddaa1320a373931336701cf,ad26c3a31ae2c8240f46c408,01ece09e02237711535f62a49e8ebe56f5392b88cd43588873400a0b25869cb0,c0a427be1314891b869c6bcab7abffa1b48324fddf5cadcf9c406fdf6dfb72b0,FORENSIC_RECORD_VAULT,demo-key-a24a960f31e9,21050a4256becd764ad49be0c56bc7d38ecad9fa840662b744a96d8a42af0d0b,9bb9f4aeccda4cd83b0ea047b8ca6b247ec547ccb4e7d7875e7257151f23cc1d,P-2026-05-STEP2-ORACLE,7,26d9e59eeecd9ffcc97ede0c3309a35f5600d8260ee486d97cbd0a91c63cd2db,ce3b117c21282affc8b5bb84bb30b1070e9c3436ebf473048b43412365653a71,69d062b7c01ade8ce9f3a011bfe0078380bcb16a4ab349d71c1b2132bffa7ce2,true,false
REQ-000329,1b6266e26115c2f66cac94c7,b94802375d2172aca9a621d8,63232e8ace5909904c254fee756b56e47bd9296a452ecdf0724a179e05d76625,2ac4f5eb51e1fd4a007389f1495127c1f8722c664e46f32e960f73d2159fcae6,FORENSIC_RECORD_VAULT,demo-key-a24a960f31e9,d2e6c196108e838795c47f90e5512e9dc93ec548e21d6c74dd47a7b686e08615,b91386aa3334f409d5a11c4065fde20958b088087fe9e08acb0954798c4faa26,P-2026-05-STEP2-ORACLE,7,26d9e59eeecd9ffcc97ede0c3309a35f5600d8260ee486d97cbd0a91c63cd2db,7857137cbe8e798f3bd562d405e421db83588beca594f799b91a491dad83728e,523e016fee9658a74886ba58c5db2e6f219fbf310d4c3c7a9ec8e0dd6bc71358,true,false
REQ-000330,459488c4e9b1cde4e6af43bf,42200eedc62381c4719e6b16,78b77c78ab522df07557109bf8b30026fc81f739da5cb3ab02b09e8e56a96166,a4fc224bbc6dec9d767a02b6d42c492fcec2af3e6407128730af06b6e645f6c1,STATE_POLICE_RECORD_VAULT_A,demo-key-2f8689b230b2,4532e73c3f836b59c7521d7a0c1159cde0ba80e771a72a8a1ac906a104ecf3d9,3770de5abaa7dfcbfbc49cc6e85f841e545c0bd90ffbb5ec0e7fa20a5217763a,P-2026-05-STEP2-ORACLE,7,26d9e59eeecd9ffcc97ede0c3309a35f5600d8260ee486d97cbd0a91c63cd2db,e18627ecc68fc3ece0c5af9867aa98b7122195a72258c59f9e93af5e6b1fe0d8,8c42b79a28b8b0e61bb65a86e1d22ae162047418233aec184165b81121cfda76,true,false
REQ-000331,6e7de166bc3795238e165ca0,bad553a975fe398c21ee2d68,fdfd7c8a925771905fbdc437bc10a4962d73c60ee28f5cebbf7430ab8cf21409,3ed88a2b8786039caf1783a8082482129ada0846e74d7c6b7a96a1e5fb364e9c,FORENSIC_RECORD_VAULT,demo-key-2f8689b230b2,fb2e41e3241a05c71a3f8674f0453b4e39aaa80de3438f1ec072b4e4bad3002a,3827c83a2ce744acfe9a7309ab8d187ee6868f79ac19417f259108c81e8f709d,P-2026-05-STEP2-ORACLE,7,26d9e59eeecd9ffcc97ede0c3309a35f5600d8260ee486d97cbd0a91c63cd2db,451e93eada87a6528606c4530be76d9f251af2799c8f9ed0586ec9562f5db6ee,a01eb42c6039fe74a513b20e5e5a3b7ff3755649cd293db53ae43dafc3c27291,true,false
REQ-000332,dbdbf7405940702190f7c84f,8b17657be3aa520630a183da,4030963f76ebc4105d1fb9f40eac2ab5ff92afb8d8df71a382ab544efcfd9349,e8f11e66c1a23f1487d33f5fb68734bdf52f1a2e39358de423e12cb4e568bc8b,STATE_POLICE_RECORD_VAULT_A,demo-key-a27e431d0ad1,3b50afb97051ad12bbcf1ca51e04d39d64373805a9af48137f57a097d0e2c126,20a5527d3fd19ae57f45d02f9578d9ce667e80cbe8448a2f96e03b3326e2332f,P-2026-05-STEP2-ORACLE,7,26d9e59eeecd9ffcc97ede0c3309a35f5600d8260ee486d97cbd0a91c63cd2db,abb39afaf161e198da388e14760a6432002f36be3d3513aa2a918d7f165544d1,15970e8ef2e4e676794ee0e817942971d32354a4f0638ce77b66e02a73ec5f48,true,false
REQ-000333,00fe5fb5f78e8a6e10ed89ea,e497ab4eb0524f8423446d21,c40b9a43e08ca5f8d17ddb7d1a70e3a23ae4ec12c53ebb55dc7a2e1ed644cc01,9f75524b09545f246e6bc3f6926e4b12934b11922d73923deae8a47ed17542ee,STATE_POLICE_RECORD_VAULT_B,demo-key-a27e431d0ad1,ec32b58ecdf82c20bfbc6eb08a36d316a90dcf847f27fb60cf6cc85d926f2005,b6e3b291fddcacc167e16697eebc23100f5d3094b36189c8c1b8e933f3cd9ac9,P-2026-05-STEP2-ORACLE,7,26d9e59eeecd9ffcc97ede0c3309a35f5600d8260ee486d97cbd0a91c63cd2db,594ea627c3b539d5e489f16deac0a118aa479ecb601a6fe27da6d53428f0414e,37b96952b71e1943a60fc490dccab7612cf6b2dbbf5a7920f477b6c7fdea7d46,true,false
REQ-000334,aa31525ccbce63a1ef943aba,4195ac975d9f70842768df1a,fb20367dbe8fb09231d2f861c1b4e8ce83c4be562bee121abbb720d3e03c950f,4ba45ed584deebb3b4990a5d81111c090127972aa2e30dff2345d2e31109668c,STATE_POLICE_RECORD_VAULT_A,demo-key-2f8689b230b2,b52c4da9474e262db4426b777b251027fc6d7f7b2bdc7fc335376c69c72fed25,49e1c3b56d79dcad3cf6d6b37dbf93d723e10505d590b8dd9ec6bb6d72a99968,P-2026-05-STEP2-ORACLE,7,26d9e59eeecd9ffcc97ede0c3309a35f5600d8260ee486d97cbd0a91c63cd2db,bf076f5a36b21cdc60f87b148e9d99a7df21acbb5602ad469b043e7e0021875b,826678d385552ba06db0fdb308ed69d5cdb1d959745423a2a21f4f710f205951,true,false
REQ-000335,215ab041d7ba027eff82f6d6,bfb65cb4933fe27a37db9d95,310faf261e13e550af558d8841d2ecac4b4bdccbf97e8b34503239831fc664cf,06c0dd82ccc76052791e32736c39496639848a8d801cbfad36f16681e712bf8e,STATE_POLICE_RECORD_VAULT_B,demo-key-a27e431d0ad1,d478c8f66dc8775ca45edebd80a069f7fdc3db4a8f5a2ce8e6928d36548978ff,20833afc7e8bffc5a4e19d7f7848291ba41c70959db61a2ba1a22f1f8846e629,P-2026-05-STEP2-ORACLE,7,26d9e59eeecd9ffcc97ede0c3309a35f5600d8260ee486d97cbd0a91c63cd2db,2c8a5f4fa4c1037e4ac7ae544f67a76b561a974ea4f10ab7034c3a9461ea11bd,66678cf8cc7c48a119463d81a99a19d8c6fc3a355895cfa9bf3896309f49afdd,true,false
REQ-000336,95ee8d5d62c6fbce3b7000ee,fed39fe2076fbeb0175c87fd,7f2cc64e225785c74b57f730e4bb03e0d028d074866d5969b41e37d7540385d1,f6966dfcd1c5a98ec7bf642a8f7ff68d9d8f08824e8ad20ae844cb16006f386f,STATE_POLICE_RECORD_VAULT_B,demo-key-a27e431d0ad1,d2f60ff45408626eec5608d9b981b10b32d99876215216fb604bc105e698a729,39de395a2563539763ef24b25a666dc9623a4a491304fa7d5958d68d682a73e8,P-2026-05-STEP2-ORACLE,7,26d9e59eeecd9ffcc97ede0c3309a35f5600d8260ee486d97cbd0a91c63cd2db,d228dc5f76aa6e4a3d9fcdf16a74d16ceab7ec2ac26d082167f9d3d6f4dad2d1,5fb814b59a365fa5b2933249491ad5a0fb2de5a4ad4e9484f66a313aed598c35,true,false
REQ-000337,b633e7b814cf174a43cb626e,30d0bb3d736d8411525e9910,fcebe9565a4d39f6f6237dfb26046e20f7a1e1b6c2c8c711230ffd109329985e,e5e3b5fea23308cdd42144ad2b40aac9b6090d6d39b3043b0dbae0fc2c870802,STATE_POLICE_RECORD_VAULT_A,demo-key-2f8689b230b2,44c99d916b1ebd3e0b6b9db8ae4a19cfd408354248f80ae63321bcb39810c5d9,3a2ddeef57d1a9312a9acd8bf4096515fe36776cff6d289268d7f1b91a2fd2dd,P-2026-05-STEP2-ORACLE,7,26d9e59eeecd9ffcc97ede0c3309a35f5600d8260ee486d97cbd0a91c63cd2db,84c9b0d62c2fca81aca041fe40526fa2ab96abc4c84dec4d58437dae4433cd2e,b0d9976d820b2dc53cf65e1f1ba9830f3766be61711cc5c0fed715285e1378fa,true,false
REQ-000338,98962a80fa6d073c1494536b,9049469bfcb93d0b4123c980,d6d6a6842d31258f613e4b4c61cfe98d02414656e39b43e0e284532a32156bc3,a558e6d4f55262c47d97be97e575343eea8686deb5071e084f4c2663670bba8e,STATE_POLICE_RECORD_VAULT_A,demo-key-a24a960f31e9,6319106d354c92b4631f363c6ba06a20d9aacff4b4213d79de1c8046b3aab9ca,46d7699a22637387780b8b5b5a1e760cfa6132576a85ed93ced1f0cb7d2d7c74,P-2026-05-STEP2-ORACLE,7,26d9e59eeecd9ffcc97ede0c3309a35f5600d8260ee486d97cbd0a91c63cd2db,ba189059cf101ffce6cb0714a1b3527dc9676f3dfedea6fdfa951a81d3781488,e6928ce31350e8bc6fd6f5d9118167f646975883d55960e3243e6620d73c7aa5,true,false
REQ-000339,1fa4d6bca4118e64a6aa1c12,7db7771a1d1d1c25f9b06449,42e804007c24d589cdbe89ce78b482fcbd74f3da8d767360c2809a8b58e141d4,8c551580eb3361d8ee0843ba297c564bdc377f529fbdfe717b0a7c5dfcb8c831,STATE_POLICE_RECORD_VAULT_A,demo-key-2f8689b230b2,1db564f152a4226f6c157cf645156fbbd2feabe39eeb48986f321590203df35b,c1dfee8cd5f8a17119b375322331887d2e3aea66ee1fee2bbf2ad2417e9dd457,P-2026-05-STEP2-ORACLE,7,26d9e59eeecd9ffcc97ede0c3309a35f5600d8260ee486d97cbd0a91c63cd2db,83de8ab050139af5d10c406bdbb3fd440dcf377025c90df6898e227f45e2de95,2eba6a871ddba6b581dcc18253c63a565169a8ecaecb45d009540c05340f8a75,true,false
REQ-000340,14e6805622a63d5a065797bd,1cb9f89652b3351629df016f,04a59c4ac562edcd80c27ed106bae639b97db0d8c3ee7b6a87ce687846f56b9c,985b4b901d8e3ffb395e16efdc145727e9ced9f617a486c5d406d6f323cbae1c,FORENSIC_RECORD_VAULT,demo-key-a27e431d0ad1,24472e50734c4d9c94f84f6608ebcb3107ae87e35ffadaba041fa41ca0cdd5a8,0c176714e0b1899829d461c2897ebbfe02af404b68e998ab7f2f82fb94fe6faa,P-2026-05-STEP2-ORACLE,7,26d9e59eeecd9ffcc97ede0c3309a35f5600d8260ee486d97cbd0a91c63cd2db,aee0f74c7c1047790d6d378c3f269b7cfdb9993e7a89cf36c19c7bfe9261263d,e4bb4b3d1c3d8100db06501f1eb524b840a675feae479be28984f3bbadb79825,true,false
REQ-000341,570fcb5882c79818b6fa7ccd,52aa5b87e81d0b5bf1d01f0a,a9f9bf5e2280d5f1b56fac67f5c0b11c74652010ce8c095b2e9896790e31756a,f66db093c3d72547ef31fa7360a4194d62c527f456a7c97693ca816335d5e6d8,STATE_POLICE_RECORD_VAULT_A,demo-key-a24a960f31e9,a0e15b302efc59a99060f37f688ce9fd74809dce249b4eb94f1abfd3d015736f,946b316ca0986115ee51b4e11b0b53c5cfa747e5c9eea34298aedf620e9c134f,P-2026-05-STEP2-ORACLE,7,26d9e59eeecd9ffcc97ede0c3309a35f5600d8260ee486d97cbd0a91c63cd2db,496dcf629229f05652a89b9b156893c76bb8a58f12a6a3ba1cfb3dc971a5d4ac,9695a13fd9833b15bda3f7e6e7a91caa6223d06f178d627c4d2ade36428db6cd,true,false
REQ-000342,5735e1f43cfb1d05ceef90b4,a7c34a6fcd67262e5180bd37,050e7c0daf194aeef2b3e5411cea6a165970e0dacd387bf7c980b5d969fc9638,daa55762fb9b3c1c541686b845a5409cf2e77b8f0a1c21d18b145ba0c78c7ac2,STATE_POLICE_RECORD_VAULT_A,demo-key-a24a960f31e9,33280a52c69b7f544932e79b59a5fcdcb556543b2932237189ffa3b502ec1ca7,cb0850ac32c988a17e4f27866c756092cf01492e40926711134bb7c074d1a31b,P-2026-05-STEP2-ORACLE,7,26d9e59eeecd9ffcc97ede0c3309a35f5600d8260ee486d97cbd0a91c63cd2db,7dcebbc79b6ded0e8b7efb2312664934d7e2064e5fe4b1d0719365a8029004a0,419dd61dc19035a2852e60b8389baa01f6c108ba36e2536d20cbe00c836d6237,true,false
REQ-000343,b011cf5ae48f4ee0fa784772,d86a9cc13aafd60eda7c6a74,83053e1be844e2a278769fcc34722f7d621efbdeffcbb695e216750b54ad2da2,b78ea12fb1f717b0c4f5bee76ec26703aec556c6606015b68ec97a28a69d1fa7,FORENSIC_RECORD_VAULT,demo-key-2f8689b230b2,dc6b607c54c794816c191c813736abe9b86446c519f70af7d34efa56740c35fe,48e5d68c0896a044b5b3748a60950e938af41ad964c7f651e9ec40aa176db985,P-2026-05-STEP2-ORACLE,7,26d9e59eeecd9ffcc97ede0c3309a35f5600d8260ee486d97cbd0a91c63cd2db,002919c471492b38aed92bc72901b9c1e0f96cd08fb04d428ad6bddaaa2daf57,b23b914f8a5b00e83b88d406f66d3a9d469658b3560f94a9e1e0403e104d2717,true,false
REQ-000344,bddbea36e35c483e079157c2,d644d3895cc1a7a260bbf0b8,0bfc1f1619552b1673c3af3a8abb06d9c370dc38d04979430e736e0c57dc356c,2b5a6fc71ccf012466877eb082800082cc297e6123b63a612cc0e83555ed0bd8,FORENSIC_RECORD_VAULT,demo-key-2f8689b230b2,aa85a267213ea569dbf250b660a0d1efe7984507adbc97e4b3db5b32ed3d2d4f,05f6a1f3f989fa30d8b44fe39e052b71d836e4ceaac8cf2111682e81dd66d342,P-2026-05-STEP2-ORACLE,7,26d9e59eeecd9ffcc97ede0c3309a35f5600d8260ee486d97cbd0a91c63cd2db,9f4141166efbcddfbd5ce60a8597f6fe6b3f73a4f41e6f93dbe2b4af7ec9b877,5191f8ae57b551a0f4a94c297a202b5cd849a75608a5adc3cf6b81ead21f81ee,true,false
REQ-000345,13b2a2a0db1373b8363e1c5a,101134a3592ad397ce6c9808,b15f6a9c6db27cd05a9264662fdbc141b01cf58f1313e73128161eec4ec38b30,a380fffd003c5869d25cd1c33837dc28d42c63b4f2dd943f04b5fb7017ac2ea1,STATE_POLICE_RECORD_VAULT_A,demo-key-a27e431d0ad1,4ddf514cbac67ff1ff73f1a2517daef8e6490e8274df3b077f957898dcb3167f,f2fc7cafd413f9542092e3cc447163fea214871ee14c1a51465f917593165205,P-2026-05-STEP2-ORACLE,7,26d9e59eeecd9ffcc97ede0c3309a35f5600d8260ee486d97cbd0a91c63cd2db,233373ab1707e8574c2fc0e2937a84b244823ca4cbf09733dc52909785f55542,37588cd7c8483b42e380aab8f34c952b53a66ec87bbc08d7a857ef07eea8c82f,true,false
REQ-000346,efb1f48ed439503d51e29577,ee3ac340a50ef788fbdefdc9,2374154c971c65791df331118c7a6386b5e5b36eb963cc622c7154b2b9aca8b2,b178589deabcb4afc69349113f0f269fc3fffe9bdccbfb9b283e1601897b5736,FORENSIC_RECORD_VAULT,demo-key-a27e431d0ad1,ccbfd89210ae7c51dd7b27cfd61f9c917dcfe3e8e8efbe7315ca19377060c540,c9751cdd228b1a93a9218ed0d6b820a8acf0b6ff45ce6ea553a0ee5c3c1d45c8,P-2026-05-STEP2-ORACLE,7,26d9e59eeecd9ffcc97ede0c3309a35f5600d8260ee486d97cbd0a91c63cd2db,c00e879331f502fae18657e195b7266c9ef60c87a530c4f6cd76beb5805ee540,6a1f8710cce8037d587fe25582ac01d92ea5b7e48fc3cf8e601c1811d1361ae1,true,false
REQ-000347,9ce8cdb605a07f0e9f3a0392,8938bd1c8748b6b4080dcc2c,ad6b9fb047f245d8cc330302053341afd3f9a48cac1bd6221af82ef73aa15c65,d8f5882a5cddaf4490d68521e3ee93aaf12b7ec0ed578c33eb72c65b81165842,FORENSIC_RECORD_VAULT,demo-key-a27e431d0ad1,8463a3da7d89fde8ed68657ca452351bb438da61ba568299acdd6a64db69ec6b,72d4dea3e345f9c40d439983af35785270a3d15802331571f0b1826a20df28c3,P-2026-05-STEP2-ORACLE,7,26d9e59eeecd9ffcc97ede0c3309a35f5600d8260ee486d97cbd0a91c63cd2db,6662af9840b5674331d00c5ce495bea65cba68ea34ab667785c40528480e591d,ec1023906c730800535e0c462aede0ba840e293ad7629fbfd0e4d9928d6994e7,true,false
REQ-000348,834c1d76a17a3ab249dc2b1f,f45e0e973020c8f4e8c8da8e,5176e1733ae9446b2ab7d7fa076d87a2917dd60e7bf344db30a50354e5c5228b,0e8e7a848c2a86bb54f1b00f90a25cdb44d291bc4f70b55e36a8214d12d83887,FORENSIC_RECORD_VAULT,demo-key-2f8689b230b2,dd495fe17b79b9d2231d26d37f19c72903bf9e03af61fd7d1c1cd47cd5693d34,ad02846602622c84617246b5263a9f059a261ec7c995f9eb2235734d8c8061f6,P-2026-05-STEP2-ORACLE,7,26d9e59eeecd9ffcc97ede0c3309a35f5600d8260ee486d97cbd0a91c63cd2db,1d707784e591d5e7725d1910023b7066f4e14ec73a1c735b55e6a6a44e456fb5,fccccf6a42dc89fa8de46860cc854c50ba78acaf60428326778a4bac3a6f3428,true,false
REQ-000349,9a67ff28795c9b0a3b72e121,8ca39fb3c02081366093faa6,afcf049d8baed92eca56fd4669c0e6d4ffd3131796b2c300d1f5e89b17781394,9d950ae4c89d60cefb054a8a230dbd76e1983e8c8bffc323f7de9ceddadb9e7f,STATE_POLICE_RECORD_VAULT_A,demo-key-2f8689b230b2,0e214d0ae9c6b7d6ffb0d00ebb718a609d362e8194e64345756adcfe035be1b1,0dac98aba9018698edf9cb00873ad24025ef2008891f40b0fd2932bdd4f301cf,P-2026-05-STEP2-ORACLE,7,26d9e59eeecd9ffcc97ede0c3309a35f5600d8260ee486d97cbd0a91c63cd2db,47b10d4d7251b8a4ce600e6a801be6a199dd2741915c4aa52a3dd85c9192c44a,3cf898ae2afa09c642bc1acd7bee9b15fc320b809676ad59d8f21fb791d1a521,true,false
REQ-000350,7c5a32c9e66cd2cd800b2f7b,c3d60a5d0b1b6de564444bd8,8af0e22c026a92b9589085961e2cded9fb35e19d24b20accab5b5a0735fa4351,fa70cb9c387cdc0ef5835b702c3e48e8cff5eef2ea064af3f60859f6fb528ddf,STATE_POLICE_RECORD_VAULT_B,demo-key-2f8689b230b2,dbb1378de53a443c8dae46f286d2d5e6f132c50529774ec848c7a34321e78824,0f91cd89aaaa87fe477250f38769db27b194425b893eb6d5f077d8505e8df122,P-2026-05-STEP2-ORACLE,7,26d9e59eeecd9ffcc97ede0c3309a35f5600d8260ee486d97cbd0a91c63cd2db,442010c84c1b0b017b2b49899b7b35ac8614d4ab294865b87cc9db4717fe102b,a4cb69c27d83e7bb0eaa7db9b4884a8f56f6157e71111ed1596bab1f919bcc7b,true,false
REQ-000351,7cde120b6e55c28ec650e2f7,3b1e486c866179bac43ca04a,f62503f95652bcfd6b77df18dea6105b9f5386c161c679d9dbb8e885731626bc,4915457c3dda742b64631fb7645216067b589c71c3e77ad50aff01a645099d09,PROSECUTION_RECORD_VAULT,demo-key-a27e431d0ad1,3b530f2a861703112698ae8659068b00c74e1edc5bacada71db57449aede1445,02bcc5cc7f1dce6a63c9c6937c9cf441d891fa1c8ee2e9e0956c11477d2002a5,P-2026-05-STEP2-ORACLE,8,1a8ca305d43e14bedaadb54100832a02b4b02c39f5fb7da3731b6bf5b7b563de,c5271a11fa6d7bfb2823da95b0f41e522c7f1629d0170a475c553b9b1ec1cabf,f20ad3e321c0a2095e7a0109e28d65a272a13a2d5e22ee7d7d55bb803e47a652,true,false
REQ-000352,d54e59d1e5b8752743ec8dd1,d04cdfa351f4931a906aa61d,98ca37f0a15d45386b4f00b4b67f50612eba9f436c86a3dfba9216140bc85794,6799f8b65ae8f4aae271c116105ac1edf0407988d9c739dcd7f61bd9210d74ba,STATE_POLICE_RECORD_VAULT_B,demo-key-a24a960f31e9,2d0d524301dcca58d85eedbee98477ab286aa6b49821ba76efd4321b5ea4645f,57c17a9d74df34b7b8005a11dce987a8e79904f4004ca0d343f0ed8ce58cc23c,P-2026-05-STEP2-ORACLE,8,1a8ca305d43e14bedaadb54100832a02b4b02c39f5fb7da3731b6bf5b7b563de,065752dd07286deb9318688fef76fa9aed63148a208fb3840444181394f069dd,4d887f22295ccdf5f56f00e9db83fb22338328e1bfd863febde75815c75d538b,true,false
REQ-000353,d94f39756f13edae41f5ef09,ce13491c9ee9b1b892623581,f90af9f5b199d8aa8b64a98f8ea632404f21197c3e13a65e4f4898b3c04adda7,ed5a384f3e2c5857869b0fa546113299be28c2bc0a03f033385797fcac020d54,STATE_POLICE_RECORD_VAULT_B,demo-key-2f8689b230b2,b5e92c962d7b9cf7a5c5f41f0220e9ce7eddfd5aaa9049e75603201bd4395f1d,299541c00a8f80a23f643df48c48e15e9ad553b4380f6666aff2e940276948db,P-2026-05-STEP2-ORACLE,8,1a8ca305d43e14bedaadb54100832a02b4b02c39f5fb7da3731b6bf5b7b563de,bc69e19e47461ef2c2b501da132a37ac3600975d1309c9223e14afaf05202515,2fc946a9a9c42ace2dc16d145d2639eea2a8569aa1e90212c06fc5d0b4e4527a,true,false
REQ-000354,2efca3bea97d54995e702601,5543398f45bbd0464f888cb2,e119c67eff597036179ab35c16ee83c0e3637a330842b9f0a4a1732e3bcc209b,5b8556a06f7a12344e62f357bcbb0443656aeb39c1313e6d532e874869030d2f,FORENSIC_RECORD_VAULT,demo-key-2f8689b230b2,450289ac623137cad5f4f6c549714a1da6ed5e19367c1ebd1cd32e9561fe3ab4,bb34e202bd8bc6aa7f4f5a64067e186d6456480ed36c8988e003c5066dad85b7,P-2026-05-STEP2-ORACLE,8,1a8ca305d43e14bedaadb54100832a02b4b02c39f5fb7da3731b6bf5b7b563de,cf1f21792406c6786b9e7984dda90d893ed036942cda7bbcdd66f488c0fc8df4,3b397e3b46c0cedd5ec62e35368ff750519978f4ef57f7ee728bf595ffe50105,true,false
REQ-000355,b10eeff052ba452504a54f88,cbe27fb886a6f6e01d3b1203,93af07a62648ac479de9d0275652f20d46488badcbd8c1b0ffa412a2d0d8a163,a816425d66186667b7ea30f875197ff6bb5b734e558028ed47479f420aa6e29e,STATE_POLICE_RECORD_VAULT_A,demo-key-2f8689b230b2,eae424f27afbbec0e73a8c007035c1978583d7d2bbc3bae314b0cc93f27e093f,63480ced15df2796178d2ac2333e5f0cb182f6788251145826e472c2ec56962f,P-2026-05-STEP2-ORACLE,8,1a8ca305d43e14bedaadb54100832a02b4b02c39f5fb7da3731b6bf5b7b563de,81716f5d189c4b0125b6e5eb4dc1e95daf350c4109f1f7133b888c25c0413e8d,0eb446bebc8621523f3a2c72b4cd9f7ab2779f6a6c9c32b2099e96ed4a480bec,true,false
REQ-000356,7e1af28dadbf5d983261b8b0,7a093dade47030aa1695a558,deb8d47196b87418a1b20208d6cfbbd614a30c1dff636e112e826502ac220523,5cc6cd997eabfa08ad04850e7bdd68e4263f566c2fd1714dbc5bdcbf901ef210,STATE_POLICE_RECORD_VAULT_B,demo-key-a27e431d0ad1,124d55ee43c88d35bd12c06b1d5a5efc0f0789e6a171d81d7115446971c17301,e89429bf7c6540e825eb7fb4a8d3258d0c80380559787d41d0635e78e51f6d32,P-2026-05-STEP2-ORACLE,8,1a8ca305d43e14bedaadb54100832a02b4b02c39f5fb7da3731b6bf5b7b563de,8a12344d4a33569b076135536d46aeddb886aa6a72035c75f09ac6f3ba593515,7023a001e2f1d88a4a1567992467ccd375ff0d6b4884516da04789e9bb1e1241,true,false
REQ-000357,0f1b88c2aa88b245603f719f,c082988a9e82cf7261646abe,7aea71104305c0f58979e605b354bd0b757e7ddda0b741737ed0fcd4e433a6e5,e7c8986fb5b930bba78391587c68c898dc073828a40fa8597fb2be9b9714de26,FORENSIC_RECORD_VAULT,demo-key-2f8689b230b2,649390e06521303a450690fddb7a36fae8b5e1eaa5c347cc2138d96982403643,acb88bebc3f780ef47d42f4249c9c56afdb95880fe955cc213fda95d9b2de602,P-2026-05-STEP2-ORACLE,8,1a8ca305d43e14bedaadb54100832a02b4b02c39f5fb7da3731b6bf5b7b563de,02f25b0381c03ea53931f2197d599a799c92de327cac8b2e5a5509a43e514d06,5304a54fe58d1e3434e143497b45de8379a4bc6b2f7f65d959550c6e925f7324,true,false
REQ-000358,47060cab97e3e5e52667cc8f,35d289948c8c6a8704780514,2c177c9346f05b08ba31764f6abd0616acc259c42f3749ee75794deb8d8b002d,e777bceba466eac82e449f28cdad45dff9351e64d6b0825fd506060c859adcf3,PROSECUTION_RECORD_VAULT,demo-key-a24a960f31e9,873bc28ef25bdf062868810931e906faa2487ab2eef8189adeeee73ac2643067,91931e1c519da131af85f6863e4946df2119f22bb079ae57ce70215df0d1a778,P-2026-05-STEP2-ORACLE,8,1a8ca305d43e14bedaadb54100832a02b4b02c39f5fb7da3731b6bf5b7b563de,bc72700121bdd168bfa092bd1ae05a0547e0f43028f935c32b51c2c6e1bbab74,1304cfeb3f8fb8a5fd0088c653e00a240ca77b564986f16d978e7f7c60a09ba6,true,false
REQ-000359,6e7de166bc3795238e165ca0,bad553a975fe398c21ee2d68,fdfd7c8a925771905fbdc437bc10a4962d73c60ee28f5cebbf7430ab8cf21409,3ed88a2b8786039caf1783a8082482129ada0846e74d7c6b7a96a1e5fb364e9c,FORENSIC_RECORD_VAULT,demo-key-2f8689b230b2,3d4b771cad66691daf49daed6604c9881c0d9fad938535b13da0fd2c916b64fa,7e12b5f29e818d02db96216a10943c21e252e8c30abfaf16e2142d4522bd503d,P-2026-05-STEP2-ORACLE,8,1a8ca305d43e14bedaadb54100832a02b4b02c39f5fb7da3731b6bf5b7b563de,a728f881c1c17043ac1d23b04bb846afac84b79e903f44dce17af76447b94c80,6b93032f6581f25cc988e84a5b7b7f4a7d8a95e3a4f7c53e948cdac3bde9c596,true,false
REQ-000360,7a1c1d8011a25f728528d611,b64f1a2d4bc5efe0ef374481,7db11a7c90a3d3d4dd68a329ff6294bf4217a297bae977c9d3c5c3e3d2711f76,f8663677a0df4d03cf56cf2d2a8bea21d7a85d163387763207b5d716fabd6263,STATE_POLICE_RECORD_VAULT_A,demo-key-2f8689b230b2,b32bc3447632ada6b30a7a4b46e337612bc29bc5da055c96ea1d2481a0fd0606,94199ac3dd03b7bebdaeae00f7d7e4a098632769320573a67f142e2c9abc1fc2,P-2026-05-STEP2-ORACLE,8,1a8ca305d43e14bedaadb54100832a02b4b02c39f5fb7da3731b6bf5b7b563de,52029c04f5a61f6166f930e51d6ea45eb04e24f339409895697d467de4e7f339,c28930b4bf29a34488bac69de5001dc5860bf0f1d7685bf8fa471de2f1f31fb4,true,false
REQ-000361,093331674304fdf16d37b24b,4ac227f0dbb9b92b592fcf92,1acdf8ccecb4a4dfaf35e0878161c4b1cde4d9e1e3502532b2457241932b5e97,78ce7704c2d04627c9e712dbc2be6a0ebe6f73c9b2e28f099c6acbcb57a35d2c,PROSECUTION_RECORD_VAULT,demo-key-2f8689b230b2,57059400c0e265be236d3888795b248e11c1af8f1dbce2d2cbd7c816af492567,e39d19bb23a7b9f527148f4a312e2324240b2f54b34b47b37c6978b105fdfcf6,P-2026-05-STEP2-ORACLE,8,1a8ca305d43e14bedaadb54100832a02b4b02c39f5fb7da3731b6bf5b7b563de,aa6b9db7150479ece3ba7ad4a4a5f386aacd2029113a708b119e0b12337f79be,61ec723149b184d115e8863ed564b04513eabfbf74c24568487a452f4fc6b446,true,false
REQ-000362,2ad48e61ef29028c1def570f,869a4e1edbffbe807ca6f5f2,18432528c548729f76b59395a4797a786ad30d8f5a5963152d7ce01967abf3b3,87afabb6c9cd07eaa94380cc89e6cc1dd13bec740335c77ad3e6c2b3cdcdaa53,STATE_POLICE_RECORD_VAULT_B,demo-key-2f8689b230b2,b3bccc87edaf583fdf6ef349393c588a024cae8ed799de743b43a757205d196b,331a6fccc5aa6e0f16beb1e9d624e1c6c92ce039b0d6b4e6e80f41e280b98532,P-2026-05-STEP2-ORACLE,8,1a8ca305d43e14bedaadb54100832a02b4b02c39f5fb7da3731b6bf5b7b563de,a1cb254d13f53208f60219d3d5ee56f086e8014d170d015a17a9b2e8f152c5ce,b4d39dde88a2b8c71751c763b8039cb9b8546764c555f49a6c0da1281c641b36,true,false
REQ-000363,428efc3efd7b1b0a60e8d834,e6bcac060f981cf6eac2e154,7de853011da37d8eb5b8d43239ff23024d0c09caa8a05433a6d84efcf5fbd00c,f45834d66df87d92aa62d455345928cc38bb7924c00bc05a174e207af63b41e7,FORENSIC_RECORD_VAULT,demo-key-2f8689b230b2,80fcfa0df687bb57f84ca5698bedb419254dede74e03e86d18895ed0cd56a23e,8c897b405851a6329d967df0cbc09af6043c753f2e50b9d0b2cf67c671210fcf,P-2026-05-STEP2-ORACLE,8,1a8ca305d43e14bedaadb54100832a02b4b02c39f5fb7da3731b6bf5b7b563de,11cc25b1b5cc0337ae1c06eedd7c54acdba87bf3bf3eb3d81d7d51657ba6edf7,6b87b647431d3f4692c1bbfae7e3a90ee2970186f521a89f993a07457294598d,true,false
REQ-000364,2b2d7ab4e1a9781372404fec,5fc0afd6e824eee6c18f4388,066d7310aee25de340e94280e88475f3b164962cdd447ee5618b46abb7b56735,00cc7aaa70ed07ccb4666ad10426dff09ee7a698ec19ff232d19609bb474b24b,STATE_POLICE_RECORD_VAULT_A,demo-key-a24a960f31e9,354c63ac55cbd740ce476c42fe504029f2b87e52c315cda528cdf28f01b721d0,21fc86789207d88d56bcbe8a4fbd76de106b8822ab04388b7ea3a8f792f51934,P-2026-05-STEP2-ORACLE,8,1a8ca305d43e14bedaadb54100832a02b4b02c39f5fb7da3731b6bf5b7b563de,7b27504250aba5c6831c8e5ccd441de9e6e1e55e706b2ac52bb46d76e7be070b,8feadcc94259fb0d1063e464ae00c9acbca1a3c1b41a84b8434c018bc7933217,true,false
REQ-000365,14a811b89adf18999a258ce2,06c0b2dfae4e3978a66b58fa,c7e5dcf64114266dfc22439548d40e0a372f5c671b9532a3a98c66bf3e1c0c49,70c381535ea0bc4de9b3aead0098b2410d1bef7da76e381f5855da48b8c1a304,STATE_POLICE_RECORD_VAULT_A,demo-key-2f8689b230b2,36bbb3e5962812be336f150cc841b2618cdf3143a70c983860a94e2588b6aa8f,0ac96bb86f1e33639b864840a11b63bee823eacf28f81654fa8404d40b3b6f8a,P-2026-05-STEP2-ORACLE,8,1a8ca305d43e14bedaadb54100832a02b4b02c39f5fb7da3731b6bf5b7b563de,689aa5c0036912b28ab31548294d64a3dfddffcc250cef9adeef229f00c7335d,3e9f319dc394bd090accbd792606af1ee95ec7c917ed86f0a9cd7cee5cd76540,true,false
REQ-000366,097a777f9c4bd6dbc56eef69,83448f17a20340a27e343c1a,16c028e618dfd20bbe59da02aefcbeced5638b2cda6e30a545d355b898487a6d,3358915bfa202d3257c89950ff0ed9a05153fe08c2f4d97404eb87670f37e4af,PROSECUTION_RECORD_VAULT,demo-key-2f8689b230b2,f91c79a4b17e121fe26b1af56083f1d2b3e15df11b3ed655eddfdd7f82619608,bf4877e3d295a3057fe82ebc87f2130cc24ce2966165da0fd6e485c56933515f,P-2026-05-STEP2-ORACLE,8,1a8ca305d43e14bedaadb54100832a02b4b02c39f5fb7da3731b6bf5b7b563de,fd6192420fcaae98999da682804782ffe33c5c290d2c5953239eb3f83793be30,905a9ea082cc2fc415b9eb589b559a8cb056dc3169c030c192abc63805774274,true,false
REQ-000367,3d33aeac9a024f9da6d7ccf9,42573664ebb05faab5203350,e85e4c70225abed90e060f93c115681d8bdef334f8daa36a485867e2196fb60d,f66818cc7115d9675ae0796fcffe4582f56007ace09b1d1ad3c888bbc4b94e79,STATE_POLICE_RECORD_VAULT_A,demo-key-2f8689b230b2,6e5fef82215d6b023107e96ea5751c19ab81b9727a68b01ff913fd3d48a7af6c,f7368ca79fc8fb49d3e30714cc2e3a9b379f05fc9561307bd5e9aa652903c925,P-2026-05-STEP2-ORACLE,8,1a8ca305d43e14bedaadb54100832a02b4b02c39f5fb7da3731b6bf5b7b563de,51c3d49b21daa3b8d7cb936223c5d4c831302455b6d4d2a701ce084cff1b37bc,77422a2a6ef8e0cd6d2756cb62c7e491f53ab1fc835a38bd934cf2a98f917ef5,true,false
REQ-000368,4d4eedc6995d8719bb69eab8,db4501bb763e29cc96d1cea6,1b703c1caec9c06727e958ea50ea8539e58b1cf28402d6d134fa1bcd4cdc8ada,365d0044e944fb8e6a43eab376e0db56f5b904656656d586e5d01110befd1df8,FORENSIC_RECORD_VAULT,demo-key-a27e431d0ad1,e93e6c1610420b8dc7f6138760f9d9a35e2ac918160d1b6fc955209bda27114d,39f7ba335d1e05b34f0a89d8e60bb617890a5128d4ad9197afab88b123409077,P-2026-05-STEP2-ORACLE,8,1a8ca305d43e14bedaadb54100832a02b4b02c39f5fb7da3731b6bf5b7b563de,9e7c538991171a067794a68c2134d9c95ae7657b5d47a8cade58aa85d59ba086,37988bd70575527744b785b915fb56e67e3dd6b86307e0f936d8483a80a26275,true,false
REQ-000369,bccd2e37a2abdbd141306a62,c7e3067451d396dce4440072,36d254036fab9f375f01b39302e5d578fb15d2a36065899e7fc5870f58994519,1e1d5cfb8ddd99b64c20bfd051fcee2f184c79cdd966c44ce412cbd4fe8dc47e,PROSECUTION_RECORD_VAULT,demo-key-a27e431d0ad1,fa71f9441f17cc6dc2a018bfc61fd967225f39e168110ad08d051d040ab89100,47781d4eb3b100718d6b478cf936d5bcc8c3e45d566d6de280fd0b088ea5e7f1,P-2026-05-STEP2-ORACLE,8,1a8ca305d43e14bedaadb54100832a02b4b02c39f5fb7da3731b6bf5b7b563de,497d31f09bfc55fbcc4bce04711f3e26d7a74dcb766758a978736e05fcf452dd,0461976baae8ac75e52d9bebc39a832be6a43d0170d4a4c06a15551e954e556e,true,false
REQ-000370,39d3051b583edb8f08d3ac66,985968b1c3e57253847f0d33,a87358e938e3a99c104c9ca6e2ad9628783e4c7dba4bde3c58cf4d86de95baf6,11732bd2bddc00a1b65d2c652ff584eb284d3c7b5d5d7906f42c9da63488d5a5,PROSECUTION_RECORD_VAULT,demo-key-a27e431d0ad1,859c822d03dcba632aeb1f8f4593424f8bb60055c1710fd314a0975f668e79e5,6d15adebc4c209ad4bb75e498f2ee3f4487b4307b5390de7380481523525cbcd,P-2026-05-STEP2-ORACLE,8,1a8ca305d43e14bedaadb54100832a02b4b02c39f5fb7da3731b6bf5b7b563de,d77c9a855aea01bc31e6168835a7cb060c37c2caacdc3e0578b9209b0003b830,85357fd41f8a958dbe6c4483e834ebe752140a2af8dad1653d24e866dc7b7a68,true,false
REQ-000371,387ce36dfb2809a360448216,cd50afaa20015e4646a92821,03320c79ad68e89541040d46f495ad13bcf0ccf44904ec8b949ba671a18cdd3c,9b95a0f50837a68e01841b48d70f3843cefde8cae8d5100fe8c3f0d7e6ef4532,STATE_POLICE_RECORD_VAULT_B,demo-key-2f8689b230b2,66aef6dc29e4934672098a9cd6474528026722773ea6610d039119ffc23362f0,652ae1cc1fe4f1c861b659d9df046e946e868ee78cdc9df659ee09da58eb3a8a,P-2026-05-STEP2-ORACLE,8,1a8ca305d43e14bedaadb54100832a02b4b02c39f5fb7da3731b6bf5b7b563de,f9b24349c61a46c16958e658378fd145adbac7ecfaad963fcefdc54e8225bc2b,2a45e6d64f349d6ccfa2a37e3491b2c10deea571fa0ff519d688909bcca1f054,true,false
REQ-000372,1c6ecb2d745c985d50c99379,b712756971ce6d544776a524,19e4432a69ccc734e86ee1190712c15c30228d20f8a01e6cec419ec542c906ec,1035e7bb8c3b1404b7204331fe3d3d48891a70d0b08ad13f8b10e565d21082db,STATE_POLICE_RECORD_VAULT_B,demo-key-2f8689b230b2,4748825b235c20e79f234e3659150524596483ae4641a80c511111addc0ff0c2,745d2a79c12f09afa687540078e4b4520db18783e7609d5304fd18ce7f826dad,P-2026-05-STEP2-ORACLE,8,1a8ca305d43e14bedaadb54100832a02b4b02c39f5fb7da3731b6bf5b7b563de,ed0a50ddb25132523968cd987ae5fcbee42be29e2e541dad049e5c7e617a171a,943e0bc48c77491cd48545ce7bc19184fa392b45f1c3b901001cfcf48a410305,true,false
REQ-000373,71bbf19d311d6a56e619166e,1b94a0854053079a3f8223f6,056e66befada6ac10efe5b482376094f741617797decc4b84bea79900ad0b671,34b9fdd2c3a23704bb3019c94df9b592dbb8331e33bc7427f76491da706d1f5b,STATE_POLICE_RECORD_VAULT_B,demo-key-a27e431d0ad1,97fca97482736a2db094dd0fd8d38e67795f8a0d75be1782df556524b1659162,57d7caa83c6110d2e6e20ab03c276f98441626046ec46dca125adbc673c45d5a,P-2026-05-STEP2-ORACLE,8,1a8ca305d43e14bedaadb54100832a02b4b02c39f5fb7da3731b6bf5b7b563de,dcf280e87ce66fbc4968148cd2f4d4c543de780b846377dbbbd013f976142695,bec54d582bddf1a77fc4525ab2dc5cbc23bfcdb68192666b106df0f49d005f8e,true,false
REQ-000374,4ee73ace57928929f1ba50f2,eebfcb2229be9fc5cfb8907b,a1c2aed485e5691558d60e36f2e47e8351306929b845ec10e2529dbe3406ce2a,26c38c8a692aba6d489963a0db1bd18e9a71c4b8270b2ac32bee90940a7e3bb5,FORENSIC_RECORD_VAULT,demo-key-a24a960f31e9,f20ada4a985f5a479fc671a4d16d948571c7140f62600ac165c47358c134d0cb,bba7e3f5374634884b6a976cdc02841b18056dd18a9714d1e090699357955016,P-2026-05-STEP2-ORACLE,8,1a8ca305d43e14bedaadb54100832a02b4b02c39f5fb7da3731b6bf5b7b563de,96af8148c7d1c4e451dbaf4b41d25f9d0cedf3037153250298a8dd2158483356,295dc36925d8d51edec47377fb2afd4b8f3fc8a69f07be5a8c12bbe9e2f5988c,true,false
REQ-000375,6c7dd30d86756aae58d7c81b,862ed049743690e974c24a98,b094fba034782b1fd90b12dc50edca19e69e255ebc3940502bf2df74a2fdb3ed,9c2eb5f6081ca07572bd6e3625a6219360e0f97b92605ca86ac85494e053f99d,STATE_POLICE_RECORD_VAULT_B,demo-key-a24a960f31e9,792f0bb320dd73befeb69c5378a6d68e372838194ba3f4d50448d70d1e828a92,320ccbbea2d79a955ce120ebdfcbd3ac6c5e51e5b25ab65354c083a51379d400,P-2026-05-STEP2-ORACLE,8,1a8ca305d43e14bedaadb54100832a02b4b02c39f5fb7da3731b6bf5b7b563de,32e29eada1ecfe7e62656139b06f9b22394a20204b4e301c6a66b8774617b596,7ba87d442e0962c4d4e7e8d27af97a91f0455e96daad02f5eca6affdcb2c42ed,true,false
REQ-000376,deffffbc895a829fcc534b52,8d1e26374dec63a3818d8832,09e2ba14615822fd08dc94aea492fef2501dee7da1765d92722865f838cdc3b2,16e4f3ff7b06957179ae4135a40a14112fa2da399fdc3cb9130089c23080d23b,STATE_POLICE_RECORD_VAULT_A,demo-key-a27e431d0ad1,6f808e6449dcb7fd7d23f639d502b5b597c5fb88884291051e2f5c7e4e0a3900,b8894f3ec9b9e0fe1a90a126f144a49095cc4ccf7df69b36353b70c1d59c9d44,P-2026-05-STEP2-ORACLE,8,1a8ca305d43e14bedaadb54100832a02b4b02c39f5fb7da3731b6bf5b7b563de,e2a30951626655e7ea637fbed8d596cf65aa6aa0c568ec1457332cdd6323ed94,6e093f36a254b85b094620dd0486d7a9acc16b41abc3370cdfb011a338222aa8,true,false
REQ-000377,d3396f3cbd7762ada5e22661,7682b9e460f5809d0a6555b3,a3f46f290100a3cde6942bb185e6527f265f9fceae2e7c86d8f528ce8198651e,8a391b726f007d31a095a73f14044366f951b864a6317e9479440ba107da9918,STATE_POLICE_RECORD_VAULT_A,demo-key-a27e431d0ad1,add563180865d489eaba755d279b41553be22eed557fce9cd611f0ee4581087c,063163b2b150425a3250caad468c3560ebc6ffd78360dd8867545ebf2f7bf416,P-2026-05-STEP2-ORACLE,8,1a8ca305d43e14bedaadb54100832a02b4b02c39f5fb7da3731b6bf5b7b563de,8894b50513a2b6d6f4814dc5fcc170c34d8873b1dbb6430a92a63953f3934dee,9572870f6b1e1ab3a06fac650e007d844f2547d06d49b5ff9dd7db74ac6ec380,true,false
REQ-000378,e2ff4d5969aefec4bef47d9d,6724af59e20a00a84f889221,a4074fe9107aa2b82189e049a8690b61f08d93847bc802548dd69abf848e3add,a335784767a015635ffbdfcf0eb0a952810aaa031ccb1c8c4e5328c482cf972a,STATE_POLICE_RECORD_VAULT_B,demo-key-2f8689b230b2,338277826a70ce6505b2a4f4b0b7abbe77e7e8e8348644fc567f00072d2ab657,632c3b153517abaad65803e3d613a11534f55a6adf9912e29cff9ca97cd10308,P-2026-05-STEP2-ORACLE,8,1a8ca305d43e14bedaadb54100832a02b4b02c39f5fb7da3731b6bf5b7b563de,c6dff66f14f00102dcbb5538a276ca693db38f99bf6913d73d9b00e28c2b73a8,93b0285ad258947e1a1908b8d94cee162b71229a486232a7777f61266b814799,true,false
REQ-000379,729722bb0f927d10ce07afd4,ff9cb6c5f329063a51622d9d,700b71804fb904613181bb459c27f4ad86d4bd0fd5539f0e0e88f1903ab316c1,ef93d97e400de94b8f1703cdb1735f6f94b17f38633d9a814f002727ed90851c,PROSECUTION_RECORD_VAULT,demo-key-2f8689b230b2,77154ffebe8c21cecec0bda64ff35fc626a72a473d2b584deacfc2fffbcd293b,a04488bf1f3a1b437036b8f0cfae901426b4d010a317570c653d95fc658ae64a,P-2026-05-STEP2-ORACLE,8,1a8ca305d43e14bedaadb54100832a02b4b02c39f5fb7da3731b6bf5b7b563de,b07eba5016a56a7b32e3f23d45601ad2197d37bb52a66402234006195d6e3f05,394a47fcc7434abd2b8a03fa3cfb539300abbb880188c185245c905042652b5c,true,false
REQ-000380,19ed51c598418f3a839728dc,abcae6b69034b0234ff7f729,ba8b582319bd88fc29c1d177cd0f416b3c34aa33d5316587a5dd4344cb811c16,554a4fd229cf1fe86708ebae4250026abfd4ebcfd3440e477579fd5b888d4ec7,STATE_POLICE_RECORD_VAULT_B,demo-key-a24a960f31e9,02a96eaddeb04c37b26205798f72ffd91d48bc510055b31cbd02070e72065f82,9fcd6c18e00422e0a2eb5c37fa42f8db7f36d3b868b677422e946c1a317c2da5,P-2026-05-STEP2-ORACLE,8,1a8ca305d43e14bedaadb54100832a02b4b02c39f5fb7da3731b6bf5b7b563de,d1610e7099c29cd4179cc64237dcd2afd89b9a365d26f6a26518b87ed9eb9288,7329c87b041cfb7cf33c217c960fc133baf3db84415593b0d89d6e9f3aaae5e5,true,false
REQ-000381,75f04acfcb1add0751aa6da0,96156321032e3e8f94fadaea,2ce919dc22608fe0c0c3406075a164d452c7c10c38449d6a062d7386ef88c0fd,8e8fe52d60ecec23cb42c577fd7d135d184df5029b08c88e573a2481d1313aa7,PROSECUTION_RECORD_VAULT,demo-key-a24a960f31e9,def347dd00ad2b00c9f679d432d3762967898af5252e20a87adc0d0d5e60fd46,6a0249170f2ed0554adabed1f7244712d048b60985ec935c3266a4205aca06f2,P-2026-05-STEP2-ORACLE,8,1a8ca305d43e14bedaadb54100832a02b4b02c39f5fb7da3731b6bf5b7b563de,3c8ed69e29a4149cb856458842b3464950ee2e83de24da6f4b0f97c81016fe34,f5ad0bb69720b5d7cc2304d180b46fbdf3b7830d47fc6731588f3db32f8241bd,true,false
REQ-000382,121319e5c742c9826335312f,b7022b8f3609db1ebb1c2689,858c314259f289599ebbf9fa046dd994ec7bf399fd8e2784c8fd28d335404a9b,98702f709c77319c12934aa8339156036c7fe1c2a2ef3725c9e741b500e605ea,STATE_POLICE_RECORD_VAULT_B,demo-key-a27e431d0ad1,e7e13d38cbfd82158bc20a4a736353a1b7536c3065d9b8198c541b6f40f112a6,847a0dfb4a9b223753e904071aabfc8b917cc3ef09ce90ef7bfed9bcab788f19,P-2026-05-STEP2-ORACLE,8,1a8ca305d43e14bedaadb54100832a02b4b02c39f5fb7da3731b6bf5b7b563de,3a264bfdc0023c15ecb48f52ffb152be31e09d3694d1ed6b45d54b6c30fc58ae,900442b2546f5e9c45bc50ec05766d95ae74a9fa72c6829ad202069eda065554,true,false
REQ-000383,127942772b7096cf80318d9f,e9611f766fdeaa9bf87197be,51103cf1eab30071664606f9e7babaef0d622e5378cd5951ec46219c6d2e14f2,6b5b90a5655fd6c6b7e3a74d943c64a56642ce8ffed34ef4a706918bc73fbd45,PROSECUTION_RECORD_VAULT,demo-key-2f8689b230b2,c806478f507a27188ef6f5fd1d04ac3b5b57ff8c36cf4facb13564290b39d803,1ae1b883b27166058ee7033acaa60ab73b2bbf80217a5faebe5835176ca4cfef,P-2026-05-STEP2-ORACLE,8,1a8ca305d43e14bedaadb54100832a02b4b02c39f5fb7da3731b6bf5b7b563de,5f04fe06799301f7af8b964999322a76b957632051310723a14b2db648940388,af069fbbbdfa06ca74b9809ffb3b016fbbd83c7bbb430debc1580c78dfd64fc6,true,false
REQ-000384,f905e90f3faf128a9c8c9d40,c61ddc3a4acd5e887f5f93b2,5809e740bf0d60105675acb24605a8eb943968d8848ee460c115e68d0cbe1697,64208afe4cc3e2d59d9249cee6980683e988c15ceb15b01ce2fd4d6aea18d906,PROSECUTION_RECORD_VAULT,demo-key-2f8689b230b2,fb52d268ad16f1dbda29a81f7e2cb0c91c2248be61e63a90bea4954debbba182,a5ff3beee89a55df517507812ff89e0b92ad46be43e19a931e9566cc4bec4abf,P-2026-05-STEP2-ORACLE,8,1a8ca305d43e14bedaadb54100832a02b4b02c39f5fb7da3731b6bf5b7b563de,b862e5527b67334cbbbeb0319ca4098052b9206c5cc51e2c808ea47008b955ee,0d2bf318cb7cafb8882e8ee7763bc95c237b3625a52f9536b294a2af6610327d,true,false
REQ-000385,5ab36a7308e1e2c1c699873d,b78947c1c09f1b2bb3e84df4,498a0a475108e7bac2481604250d20625057516abf5e6503a0935d17b080043e,8f61929b214a0be710711d0ebf00465e3bbe53bd98fdc27b082a659bac995875,PROSECUTION_RECORD_VAULT,demo-key-a27e431d0ad1,e97d7f0257fb5488ab576a30d43662a6ad7d5693d4006df9cdbe9c2be5e6df27,8781511a078b5400adb6c71572ab9ddfaa9464f5955548357907bd1391088bde,P-2026-05-STEP2-ORACLE,8,1a8ca305d43e14bedaadb54100832a02b4b02c39f5fb7da3731b6bf5b7b563de,1d9869f8d6da0ba65dccbb9cc631e68c1a2f102705ff953ac7a09b8a4ed63203,44a76be4d64a9dcaac6cb3c5289e142313c257a44b730c7edfa2ae2e12d3520c,true,false
REQ-000386,8a6b763636cb267428784251,e014127350e7d942503e4370,aa6911fef932dd488d4407637bb2be746b37979b2fae78ec880a4d15f5a6e94a,7d5393859214e38f483df59c0a604da6bf72af53957b7839aa1c6f888a7afd70,FORENSIC_RECORD_VAULT,demo-key-a27e431d0ad1,bc521213815e0491b3cdeaa4ecde0496a66a05ccdced578001d11e63f684a77b,acf0a46cc194f4830301b8feb1bf9b7a896c2b8eb54824fcd0303a524f086298,P-2026-05-STEP2-ORACLE,8,1a8ca305d43e14bedaadb54100832a02b4b02c39f5fb7da3731b6bf5b7b563de,f225a1fdeeb65f5635e35b183f791b5fefc52f00ab1a938b22929a7d2931d5ee,e10a4d108965ac491a26cf1604c1b526f81ad279de3c5a50c884b48e7202ba62,true,false
REQ-000387,76df25147fc74f6bc230dfad,f149225d0daac69c5f7c0cc2,2e671d9e8a6e4f3c10ca3c7f2bb3470185b9c4d418199899432b1f84e9209f23,87c1c21a357e6f137eba1c5e46a30a5e7dba57359a1e07e6089c3d26b8d2f9f2,STATE_POLICE_RECORD_VAULT_A,demo-key-a24a960f31e9,def7db20c3512587fc3ba342f8cc0d0c6b2f5bb4acc30bd34aca00c036823710,1277c2b58efb8dd1e5c94b95cf5799d5ad8af224edd19970fb78420968ef479d,P-2026-05-STEP2-ORACLE,8,1a8ca305d43e14bedaadb54100832a02b4b02c39f5fb7da3731b6bf5b7b563de,883a9f023f71353290e7ca2e0ba0605467cb0d4163e6fb680543b0dec90b7411,9d7d821718b5bac02b8779cf082fdda308a4e1f015a5d2b4c1dcba6260ff74a9,true,false
REQ-000388,5cffb8dc75d9d131aa574db1,8f31ad214b2c018355ea1289,f1d6fced06cecaa0e6d1b8bc354c1d9b8ab7487d6e7c986d570938e7db52ebc0,a9e5371e03ac84e2614915a892d6bd7e3d0f010a8a385e5177af33a20673b7bb,STATE_POLICE_RECORD_VAULT_A,demo-key-2f8689b230b2,a3016aaa534b0212c4b91d566263f455915697436f916c1af05babfc7b94f57a,0690eaded2525a42dca60addf58bc0437b705ae7c8990c98f80fc9eb9cfb3917,P-2026-05-STEP2-ORACLE,8,1a8ca305d43e14bedaadb54100832a02b4b02c39f5fb7da3731b6bf5b7b563de,81e57170a386786c5220c45d98458dbe3ffe44a5058011ef4c1d2f48840692b2,65f55e7e642e5b049242e508b576c38e4bdcdf513a763d9dc370a8cc208bcc6f,true,false
REQ-000389,d12a6a6433534d48c6b83a73,29c5fda6ca47d357fe035cec,8093295b8e21e14c333c0206ad1908e7482bf2f10e4d02c74204e1dd6cd16861,247c16df5468ee522aa15488318291433d60060c47c71dd11de66a52480b9224,STATE_POLICE_RECORD_VAULT_A,demo-key-a27e431d0ad1,1816de27ce63091835111a50d05d09f6b7dc2c6e034314d558142b5406a84559,392c2d9c157267382f89e6ccaa32da29217471d4234f188ec93d911347feeb51,P-2026-05-STEP2-ORACLE,8,1a8ca305d43e14bedaadb54100832a02b4b02c39f5fb7da3731b6bf5b7b563de,e3bbe4c07c20f2fe453448090238852fff67b992036b8efc24865b86e6b98728,8e6d6049f2b3002e286f8d9148f1aae2109e87737fed939911a173e17415841d,true,false
REQ-000390,fc498ccdbed501011d0e55db,c7a5f4c5d5ff0f6c55d77a23,d3d36a52bd75e1652526cc3aefe477208e77cf7de00d0bd60b24078c65690d51,73b9b624747bbe539f39558e7a2a3915c54c2ab75c27679b059b0d3dfcc75e2b,STATE_POLICE_RECORD_VAULT_B,demo-key-2f8689b230b2,4f704e4d58001b707d877d3a2c6f967c19982435bf6ba68c8db1250b25d12e22,7b17661a38b19750759ad8e9657c1f6afe4d6593da6420e60f7d8414a589027d,P-2026-05-STEP2-ORACLE,8,1a8ca305d43e14bedaadb54100832a02b4b02c39f5fb7da3731b6bf5b7b563de,e4f9c97bfad738c5017a27120f9fec8e4b7f4ba68bbd7dc763bce29bdb0ef025,15df43f15bf4db3ee54a004aeabba1ac93e26bf5b193d2b2c20154f3bfc9726b,true,false
REQ-000391,17c8611dfefa058b391351b2,de1db75388f99dddfbf19d73,0e9e7c0b046d9e6c3e297a1aa8283c306648a6f7c24dea25e6227bc15425eb4b,97dc754c15cbbc724820fedac05768c90e3bf1c6532917e0835a94c30f867ee0,STATE_POLICE_RECORD_VAULT_B,demo-key-2f8689b230b2,c3a01fdb10c518b3d7b1ec5f0489fed9d498986492fba6300e87fa66e39c08e1,d56ab034b7a5562cd6014d9cb28629174fa5e440ed2037096b159163d542a992,P-2026-05-STEP2-ORACLE,8,1a8ca305d43e14bedaadb54100832a02b4b02c39f5fb7da3731b6bf5b7b563de,c4e9a6dba6adeec3bc9080ba70e14a414df21db3ac09a6c38d86b5b9d6a3085d,4994a511db5b4d741b288280effb8408058e202dbcb37f73e34948479b6f1c08,true,false
REQ-000392,5c4dcd6cb3328632f88609d4,e1d4bdc74da45a2844e082fe,97dfdf5a36d4e5a7841969bcc882dcf22245b197f8353985084f25a09d65ad6a,bd6ab7c72f5c20f7f1dbd9e24b8b58154b82e2c4830c2068bf259b4382b0b0b0,STATE_POLICE_RECORD_VAULT_A,demo-key-a24a960f31e9,02d2046c393ebba769e12dee2ffce759dc61a33593004e46bdefb33bccd394c6,00da38bb9fc2947d8ec52dea285f3d7e57d2369e1ca552e1205de2dd015a9b88,P-2026-05-STEP2-ORACLE,8,1a8ca305d43e14bedaadb54100832a02b4b02c39f5fb7da3731b6bf5b7b563de,93d199d54319d50976e1c7a344154e891abb764386e8b646b3ed6afe7689e3f3,e88be1aed0d26ee53e5db346bd25791daaaadea6aef3607fdb1e70273af9f78a,true,false
REQ-000393,82c782797dfec3a3d7607e70,45ff87caf989f6db9bc3c310,fe194f2497c35daab344c32987758f2ce926da48ed22d34c0018a1c00cdd330f,4c545c6e1db8146bd4d298436b66e82bdb42cc0a2bf05a48f447b6aa8972c0a8,STATE_POLICE_RECORD_VAULT_B,demo-key-a27e431d0ad1,b31153fb9b9bef5ca3d4bf772c8140d8c2f1e0bbae88704a95277af35b7b61ec,190b764cf7272d68c50df81f98d590feb3436592a28188d88c80f588857c536e,P-2026-05-STEP2-ORACLE,8,1a8ca305d43e14bedaadb54100832a02b4b02c39f5fb7da3731b6bf5b7b563de,2a6302deb0e1f8b93e80e57aa6692581f385ba17a9b9639dc1d0d9f1052d1839,3a84f0b735f4f45a8b61ac8f19a4702f43e10b12f69b7f5b4206ecd6fef7fc0a,true,false
REQ-000394,d6154df7eb0a7850d878cc7e,cc960c8a5577ee4ddf1ae466,014fe7b444456f03708eee2ff4b34c82f2ec7fdf61f0f1f85e93539b2375dbda,8f084b432cb24d2a1899aac5e53cb641ce00affe61483a15e7db734322975a25,PROSECUTION_RECORD_VAULT,demo-key-a27e431d0ad1,bad8d97eb654ce60cf3bf815694ed5d93c5ecbee06b0a38e7c7c6a6b93cb50d6,fa866249cbee7b383fb9c86dae70af5df6b842066aa72a638daefa15b65aa2a9,P-2026-05-STEP2-ORACLE,8,1a8ca305d43e14bedaadb54100832a02b4b02c39f5fb7da3731b6bf5b7b563de,47cf59321119bb6866533b9fa154df7290c4ba9abce929d69ff0097c41d49209,65d4a46691a2b711f110841fe5a3d661d35b47ebee47d0e7ac2f420084dd7380,true,false
REQ-000395,6aabf48095821f12d5d59868,31febde137f3f674a19a362f,473daa7cdb48455a24fa8d3541d92fa1450f22a55ef6ebdb05bf39fb9a5b2159,36f455d098e91b72298b9cdd464262a7665a9e42ccae0380c9c367c51c400c45,STATE_POLICE_RECORD_VAULT_A,demo-key-a27e431d0ad1,acfa090240f3b72a0587c05593c630452fed48468637d8b46c797086690d9e8e,09b627dd51dd2f9a23292d54c76df35e5cdd2733cfafbfe3cf9012161d6896b0,P-2026-05-STEP2-ORACLE,8,1a8ca305d43e14bedaadb54100832a02b4b02c39f5fb7da3731b6bf5b7b563de,bdcaab4c344a15735319fc10655e379684493e17c1acdc558b6b03441d6f4142,cc168fc5f15a27dc30d5f3f9cda762133cbddb1b001a9d8e183cedb569f3aa1a,true,false
REQ-000396,6d530f6e96b5b93268a775f8,ce7a948877458c33fb1fc813,f70f3b665371dd32f2d00653df135c06f9882b4fa717e7c2ad155e18e3053a35,c4e9c75b5827e2a55fed7d0d960a65abe5474700e1094feb3f881c547469e881,FORENSIC_RECORD_VAULT,demo-key-a24a960f31e9,8b7ed97d23254e9a54d82b2420e87f4afbecb1772d67ce1d09ce9ff06ecd1cda,192cfa8eaab0b27860c4011cce27924d648825ed9c8ee17503b65a2bd9762b81,P-2026-05-STEP2-ORACLE,8,1a8ca305d43e14bedaadb54100832a02b4b02c39f5fb7da3731b6bf5b7b563de,44368a3256e4df29d9b9dd34591867ab22ea25c901cff6cf4069b02bcad632de,9e9f92ab140d2f8a3190303b051c42495254f738751d7a9f3071cce38ee98a3a,true,false
REQ-000397,de8ed503b092aff04a4f6676,a5e2220499b8d82e7484afa7,c11086fcbb8ad16a8fe53b2f68a03868c612b7ec2f135f6e8e5e3976a71d22ed,2ebb787f5d90f5e17d37106e584086a87a915ff1384af932063e79482012ac04,PROSECUTION_RECORD_VAULT,demo-key-2f8689b230b2,3e6443c9f794d8dd4168eabf88477e159fd096e5c6adbd2a265ffec8a6c4cc4c,7bfbb6b7af753b9db5c53fdacf807b79245913c12f2a6e9d6d706e0785855b7d,P-2026-05-STEP2-ORACLE,8,1a8ca305d43e14bedaadb54100832a02b4b02c39f5fb7da3731b6bf5b7b563de,addc8d66e006cd4fb361457155fa70a3fc8a0946f71fed80b3b458230392ba27,fd0075749a8ec67baa71f6fc93b8344082f40e055e00912fae383ea5a5ba080d,true,false
REQ-000398,1ae63c6c5896953b40aa34aa,471974e1dc07ba2d438d2c56,83f8b022d3309f60235d7f57534f938440c97489aaf8b69e0fe1ced3d163bba7,08f4015287fc656c7d81b67cc743e1570fb0c87613c37167efb1c8ce2b74adea,STATE_POLICE_RECORD_VAULT_A,demo-key-2f8689b230b2,d467c7138e4dc95bf3acfd8c98830fdd97db8c3d3d2f460311fba89b5d1b9099,19f43398915ff4db5a9252b3dfd2159a327c0665cf8e4dc1c9a0f21f179c1f09,P-2026-05-STEP2-ORACLE,8,1a8ca305d43e14bedaadb54100832a02b4b02c39f5fb7da3731b6bf5b7b563de,b2d348c66a16cd8dfb31432c7481bc2ecdef7f09974b443b454a39d82d6a23fd,afb17988881927b4bb4bda56dc5eb68e7cc77fdc90d8e6d215ef00fc8e6489a3,true,false
REQ-000399,198325ea87b957803b3bf480,b0c1d15fc568e88edf605127,f85e8d3a5806d647b743e327cc60c91c87bc5ff68a55b22454bbf6d9002ba795,3ebcc04a85135495ee53ad04d0536170a40dd2995eaceaa38b4425bcbd18f9e0,FORENSIC_RECORD_VAULT,demo-key-a27e431d0ad1,0e38f2e05ff675af64ba2c2999cde23fc18de86736224b484e59289c71ae5bff,a2a7359f92695590968b21d31eae610171b740885d437e8f2e2262a6dc73fefa,P-2026-05-STEP2-ORACLE,8,1a8ca305d43e14bedaadb54100832a02b4b02c39f5fb7da3731b6bf5b7b563de,cb23247c2084b895a44061a524523e507bda1c95a698a404966d5694145ab136,fe770db45e0d50a78c8cba9029a3c13cf1de1e95b6a41405289f7a0cfb13f771,true,false
REQ-000400,ee2e764d1a9ea993ed80e6a3,ec446cdcfd5f0fbcfa9fbd4c,4655bd6bc2acb9615e3712358cca2b264932ac36aed15afe18bb42e90641d93f,ef5150f5f3441c4d91698b995d5c3a30d1b8802d6e83bdd663ef25bd6a0eb6d4,STATE_POLICE_RECORD_VAULT_B,demo-key-a27e431d0ad1,bbe741e6b448e84734f5b69fbb8b8aaf2c44af4b03d64946c0728ede23e47c30,c805da80f8fa9f7886dbb8410e11aa6865e8ac999662117b7db8054e608c837c,P-2026-05-STEP2-ORACLE,8,1a8ca305d43e14bedaadb54100832a02b4b02c39f5fb7da3731b6bf5b7b563de,ccc4a0aecf76cd289abe858b4094ae2b0ed85ab74a26640627221227c78f6b86,1cc0f736603fecb8775e100289004db9c7b18f3da66305a8d74c2367f7ae0c0f,true,false
REQ-000401,a50f154cd90fb54e0509c371,6e0e99240e379bc40485a003,068d92b6da600b5f84e86cca5d70641ad5e215f78376bd04a09bac1cd1de25fc,24a428b2038fd109f476e8987bbc49259d0b38de979e737d9f5166d1a8d2eca0,STATE_POLICE_RECORD_VAULT_A,demo-key-2f8689b230b2,d2a1403157258f188af9dfff242b5b83cfd65ad96d1ab919d5eb999e7e09309b,e9384ab692142c96b55ccc1e651643581afe14938657f00fe5a66aba50f96f44,P-2026-05-STEP2-ORACLE,9,302b95805a5ce1a0f8a7dcf9268d324fc7835e624c8d2ba0f1cef340d5db9578,a8a16c174d679856e4d2160c36400a2814f0a460af3ea25e337b25519551985c,a020eeefd9925b81952b0f01b0f6fa9b4ffc431a99eda77f0ae96de1d705227f,true,false
REQ-000402,280d55b817622116beaedf87,e19f70d9083dc3bb727e2232,3a1913cf6408f802fe3bf7595cfe0045a930af962aab49ea8edc05d45ead6098,249db680fb998efeee076f10ab1e02d62fddb2fc8c42c092b0ceedea7997aa84,STATE_POLICE_RECORD_VAULT_A,demo-key-2f8689b230b2,fb63f597baf1cf43d2b84b83860cf259f639fedeca882dbb439e41f269003a4f,26a0d9eefe9b69a0f6c094c4bdd672d7c61089fb935f8001f46749d71fae2df3,P-2026-05-STEP2-ORACLE,9,302b95805a5ce1a0f8a7dcf9268d324fc7835e624c8d2ba0f1cef340d5db9578,914fce8be201d85ac864e6118be49001d5baa0fb4fdf98778b7cd6b75840d0e9,3c75edb58c67e601df2278a1f7dac56f77f2b77d42703a4dd13ec52d140f8dcb,true,false
REQ-000403,865e1a4e9bd8f6f99acdf7fe,719deaf3afa9b090fc97ae26,6eb67e65d279085bb0022aeac9ba0f48f10a6d0d15b7bdc6b71b75c5c767ed45,90cc6b7cad5d9da9d87e01a033139ef2e6513a3c736eff808235f982644b4428,FORENSIC_RECORD_VAULT,demo-key-a27e431d0ad1,a028f67924f42a44da0d54446f81c109070c36e4b097b257220212962e47470e,2f8de0f504a69787abb5b806e2953e073dbc5bde13d6f67e9277c7da86de8dca,P-2026-05-STEP2-ORACLE,9,302b95805a5ce1a0f8a7dcf9268d324fc7835e624c8d2ba0f1cef340d5db9578,9eaeb8f70fa40ef99c223b891445f57ca9ea353cdda6e9da820307bbdd176492,392ba3ea73ef4ab14ebd28b14560425291de8da4b370cb7e89277498b8563aa0,true,false
REQ-000404,55503cf4baba214afaaf17a5,3ac8e3550c9421b631d047ef,a2c2051b8b1799378cac0e95ae826d12174a27725f45c9497490c8cac4cff33d,ba8be089f0d30b9d2adb96b51027e71f2db1e1ea1c8711639aaa33aa034f9989,STATE_POLICE_RECORD_VAULT_A,demo-key-a27e431d0ad1,829279e8a8fca5667ad69d49ee94f87d0ee47ffba8948daefec540251005a8f9,f46ac3845f1005ea4cc038d471734852bbf5bfc8aa841425659b75e29ad2e99c,P-2026-05-STEP2-ORACLE,9,302b95805a5ce1a0f8a7dcf9268d324fc7835e624c8d2ba0f1cef340d5db9578,d7732b868a794021bdc8c086b64075f0084c0f856b0ea5c5bb3367ad6eba397e,72b69f69b87603ce8d98f994b48f2acf892b5527c64af925e8076c9e70193a6e,true,false
REQ-000405,eb98737f534a00bfebfcce9c,cde7f85bf668c4779be81c99,0c6f20c9a673ca2f6a40a43f4aa4f2f83f2c7439257c378da68bc80688465482,9ad731a6fd38fb3c8fbcdde71cb2e6d3c521ac7d25bca8a8dd84f107475e69f2,PROSECUTION_RECORD_VAULT,demo-key-a24a960f31e9,0179498570f78fdbb0ae21a224a675e6a417e16c289e7456661b44d5dcbd85ab,557d61281823fecaf9a2d5cd5a5cf787678b46960e440590b78a77b09607ae02,P-2026-05-STEP2-ORACLE,9,302b95805a5ce1a0f8a7dcf9268d324fc7835e624c8d2ba0f1cef340d5db9578,24652317ff6f18b038141a6f87c85748cfd0b725110579eeeda072035ffca510,b7089dbbcf2ebd9d19233d2b759f5db43df5fef0faf22da6a61e1a58b88173c2,true,false
REQ-000406,6eb3070cc91b9cf830a1ecb0,ec526c4bfa81155785a4183e,d90fb41455bf7920fa58070b28d5964a02a82b46834ea5a08a64d385b111ee57,a70f12ca2962a83bc8370fafc689eb6db3eb2029b76eec50d0e9db52b6542e98,STATE_POLICE_RECORD_VAULT_A,demo-key-2f8689b230b2,ce7236ecae637065898e038b121b9480dba8336c101d03a00283b74d4670a33b,c49882a89e9686699fde812fd181d233910b68b4989add081959b766e3fa54f7,P-2026-05-STEP2-ORACLE,9,302b95805a5ce1a0f8a7dcf9268d324fc7835e624c8d2ba0f1cef340d5db9578,e3105f7da81a2ac2e921f92135a414d1b9077e8ccb1d47e43a660fdde26cca38,e79bd54f219e4b23d2290cb0614908e4c66193653b74b1b7421b0f72dbb8cd03,true,false
REQ-000407,215ab041d7ba027eff82f6d6,bfb65cb4933fe27a37db9d95,310faf261e13e550af558d8841d2ecac4b4bdccbf97e8b34503239831fc664cf,06c0dd82ccc76052791e32736c39496639848a8d801cbfad36f16681e712bf8e,STATE_POLICE_RECORD_VAULT_B,demo-key-a27e431d0ad1,cb92149dce7a9d34a11380767b4df2f5f9fed1f93d6778997fcdc87fb33993f4,6c21e4dafae4f5d0bbca5a8615bb0f61a509134a9b0ae0b9bbd4246537a87685,P-2026-05-STEP2-ORACLE,9,302b95805a5ce1a0f8a7dcf9268d324fc7835e624c8d2ba0f1cef340d5db9578,a7a1a72568c1a53479e718f042afc6ff82e92c3bb3025f9605d502edbe92fb9a,c2d3d16f4d2fd0ff2736111bee2543900147ba94622d50a171e523d34e979d92,true,false
REQ-000408,280d55b817622116beaedf87,e19f70d9083dc3bb727e2232,3a1913cf6408f802fe3bf7595cfe0045a930af962aab49ea8edc05d45ead6098,249db680fb998efeee076f10ab1e02d62fddb2fc8c42c092b0ceedea7997aa84,STATE_POLICE_RECORD_VAULT_A,demo-key-2f8689b230b2,d1fbd8a359877734f7d58b0b17a5d53367f1b4dcefe5349db97a2dced0e9835e,20bf54d56ddeccc0f783a769484d731cdd11b5625a6de8004e0002fb085c2a77,P-2026-05-STEP2-ORACLE,9,302b95805a5ce1a0f8a7dcf9268d324fc7835e624c8d2ba0f1cef340d5db9578,108c4b8e817367a6b9ecb41f4e0810e552b6d8eb930bb19707e853bfc40eb24b,d8dcc56bcea21484c8d1d0c892b34dc18c0b16af6f3121419eef021f886ab1f2,true,false
REQ-000409,8eb6e43f09093badac30f01a,ab3e96f26e30b326934ef557,9469695870d1b4a2b00def87b1f9eec0847114020d63b45b50441c60de33d063,a73a1614f5c5ae8cb38b5101fac2a67a8ebbce8f293cac41e759184e30e7b2e2,PROSECUTION_RECORD_VAULT,demo-key-2f8689b230b2,ca532a032b1e438da204e2079b3fc36a4dcd94c7bd58e5f7bec945760d591daf,0cc8b855e175761b3703065cc24a8b6012c222160b1d20d2b82bd0e501cf78ea,P-2026-05-STEP2-ORACLE,9,302b95805a5ce1a0f8a7dcf9268d324fc7835e624c8d2ba0f1cef340d5db9578,b95f1beb5465eb89f49ae5020287233db6e852859fc502ed5c415169f2d4343c,6d1dbfe99e81422a426ce66efba1dd3c27c92639438538e263f917a0538a9a8c,true,false
REQ-000410,081f8b348eb32537b20fc451,05512921708da1820b7bf6d6,1252de41132fd4b36c9d702dd85157bd42e67268f69f36b23a22801f7ae2dda5,5e3bb6be81368b9e94307f22631477c13ab65a449840027edd52df49c9a716a5,STATE_POLICE_RECORD_VAULT_A,demo-key-a24a960f31e9,32b7c71f3c6bf47ce840ca90cee594e618e66135929417eba5ddcc594d72d3ab,1207b620054397102c7794d76a7607eb289f00c6270a9b4f60e1bc7abe646643,P-2026-05-STEP2-ORACLE,9,302b95805a5ce1a0f8a7dcf9268d324fc7835e624c8d2ba0f1cef340d5db9578,e6bbb3d0d84afaa34d2d31d6548f6aa01e47ae5fcc43c7c079cc60ae560b1551,f68e6e3501657554a8972ed37b8c26bb7753ea0f2dd33816b43c54ac451c06a8,true,false
REQ-000411,19c48d877feab54f0ec30141,f93a89538382d8eb0036b26c,bfd2a70c451823d77638209b9ad99cb334ecea0f1140e57d482ae1f1e3c21db8,c7ee42d59b71cf290f5b0d633af34ecc34307239375e6726bf3223ea15d71da1,PROSECUTION_RECORD_VAULT,demo-key-2f8689b230b2,529d9279701e7760dae451c5ce00c5268ad68d835278fa09241a711d803c17f0,eca24e87532290e3f054cadfbe3a5e1a59b9eecb744f3af40e52477c0c6fd2b8,P-2026-05-STEP2-ORACLE,9,302b95805a5ce1a0f8a7dcf9268d324fc7835e624c8d2ba0f1cef340d5db9578,6a3fceb3ee95db1695516fcb09c32906a4fa711fd9237b6e59a3d8015759eec9,3665e3f292a4cb7558b2cd7a4ba2c9b30bb882b451e79293fff6932bc820dc75,true,false
REQ-000412,d44d8c2e89a75cde0e441ceb,ab6f0a9dced408dacca97006,a94c338d6ddd3fa8bcc68964da5de44d8be69b1480bcb97803a05c99c0c3e67b,c6018da3afec1e5a3adecc55c5315c5acc2eca56d1bbc038afc7104e37e5fa4c,FORENSIC_RECORD_VAULT,demo-key-a27e431d0ad1,09584c17646cc736036aa9c5e0699f099fb257220a5d3066c96423b6f855d7ca,83da3b852cafe0972c139cd73435c6fc15b7ca77d600ef744e6d0911107bd9a4,P-2026-05-STEP2-ORACLE,9,302b95805a5ce1a0f8a7dcf9268d324fc7835e624c8d2ba0f1cef340d5db9578,a3833510aadce0c7637fb7096058413345a36645e7b727161a5923378d64fe72,9c2a0b03b5d8ab8601a5b732dc18ccce85d930c0984edd4290a54b58314ed556,true,false
REQ-000413,3ccd34687090d2923fc32e3b,af263afa6680e104a3777a77,b3281249d79a0c29d98fbd0f668e2d526d914834c28891916a4d62f6e0e450ff,f0330156007cd111eb13c536211cee29ab4e07160004b32ca2e628100785641a,STATE_POLICE_RECORD_VAULT_A,demo-key-2f8689b230b2,a7d2201edec8ec4627680a943013adb0cc20aca3091c135b8d888b3c86eb0f9c,10ac2c35f2d56ed9653c9b04a3bf0ed493b2b2547c559bd9f8467df007aa5155,P-2026-05-STEP2-ORACLE,9,302b95805a5ce1a0f8a7dcf9268d324fc7835e624c8d2ba0f1cef340d5db9578,9bf3b521a2e4bae11b219f42e2d5b9aaf9a25c847538795fbcedb97b5745174f,305812b6e01235541c7b17015ee9ac46a7de4176ca8c3fcd3c461f4a2c325f9d,true,false
REQ-000414,d95f9c5d640c8816f3f8bfe6,1c5c36cef0ef28c05c348ab4,e07f43fd2084ef43a14d008f4b5b2d2b0d79bdd65489cbdbf19f8467239e9c65,ef9e8105df7c4c92c69d3372651f7dccc1bf70a7cfb689bbe3ab0cafdafc0c95,STATE_POLICE_RECORD_VAULT_B,demo-key-a24a960f31e9,d298abae74c7f8cb3d7b5c7b60683d5a27db372fbf0524062ba82b6f2640a255,1da4dcaf0a2ed8f1e286d151992aadd06532a7343a16e3cbef03ec489a7df675,P-2026-05-STEP2-ORACLE,9,302b95805a5ce1a0f8a7dcf9268d324fc7835e624c8d2ba0f1cef340d5db9578,2ce1998be7644135d69b98049a4b81c7ba6a357ac6de8bfdf92e1d2cc7651f44,2a2c02c24d3cdaf6328a56b1cf405719959b66e46beff5d29878480b6ee6881d,true,false
REQ-000415,ee55c8a6a4e3f5ecb860e4be,8bb31947a329fa28f987c057,850e5f5d423346f8299380855a599ba45b69ca259fd4909cb960aab0a4fd9659,4284bb345967ef38b9fd673812f8635fb308bd1b4f726afa14c93dd5026a3e31,FORENSIC_RECORD_VAULT,demo-key-a27e431d0ad1,95a7602baa468256237974a6e1f3007b093368f4b34591c8bfe86e4b19718376,d04bf2ed0343de0e85e486239e1948afd6b817e3dd2a7568d2b2c64068d814d3,P-2026-05-STEP2-ORACLE,9,302b95805a5ce1a0f8a7dcf9268d324fc7835e624c8d2ba0f1cef340d5db9578,626f11207d3b3362b3c811a9c44992409f09a64f590e1ae1efde886c5ff377b4,64fe84cfe2d808222ed6fc612ecb7a60d8fc9074c50a020b828080060eb678f6,true,false
REQ-000416,1922b95ccc37339a4045c508,780740ed06106b74c281c2c9,b0c5346188952b725ef86093ae199682e589ba67fe2b63385e41a219e1691acb,be8e11e6dfea0df3f43115f9db31a7b75025982789e0e8955ebfce9a77f3cc55,STATE_POLICE_RECORD_VAULT_A,demo-key-a24a960f31e9,4b5208a4fa90c5b77de8c06b09fc0fc1d9e6a9ccaa89d33bc15602868e8b2c32,b28ddb55d9528fcf00df7309fdc06d8d2844367dc047822f4ace3b0e7716bc3b,P-2026-05-STEP2-ORACLE,9,302b95805a5ce1a0f8a7dcf9268d324fc7835e624c8d2ba0f1cef340d5db9578,24fdd22748e01ec938591dcf845d01db1f7a1e5f3f7f605bff54d4a8e85ca9df,92fd64b1e339bd457c78c52228bff8d588f700cf58bf3eb156bcc1272c4bb77f,true,false
REQ-000417,e2ff4d5969aefec4bef47d9d,6724af59e20a00a84f889221,a4074fe9107aa2b82189e049a8690b61f08d93847bc802548dd69abf848e3add,a335784767a015635ffbdfcf0eb0a952810aaa031ccb1c8c4e5328c482cf972a,STATE_POLICE_RECORD_VAULT_B,demo-key-2f8689b230b2,36a30e11014bd212237c2cd622749afbe25ad22ce982bdee0b7a1a3fc5e67f63,fb8424162b81d381acfe3ee16a49375972dd4a506343144f7d4c2c5882d928a1,P-2026-05-STEP2-ORACLE,9,302b95805a5ce1a0f8a7dcf9268d324fc7835e624c8d2ba0f1cef340d5db9578,a83eaf883956a44f7b4b477c4a0a8c49578e7f0814f8e656be73b9bf04f854fe,ea97b108472ae64c2cc1e5bfa7039a304a807ed1ee21ad6be92e77280e2cef50,true,false
REQ-000418,7b9873ced5a31509c43025a2,a36e64c972570b9c3fce79a5,79b7720ea43b76760a52c02ad98afd840cd5e0060237892b13e145041826f355,220ca0c3dabc6bc35097b38f89778c4994f8496eafb0bd91be6384395cd1f330,FORENSIC_RECORD_VAULT,demo-key-a24a960f31e9,7c8063ccc21222f03c717be3df85137987b3ae788b6e17cf1c1264b92c0500f5,473045588d628a49a0acfc6ef475f44d00372956b2e2904e3df80aa6bd63f346,P-2026-05-STEP2-ORACLE,9,302b95805a5ce1a0f8a7dcf9268d324fc7835e624c8d2ba0f1cef340d5db9578,694c36909c1d64da295c4a9695f479ee1c026d213da9b04d1b1a4987209835a1,858e9c7d1a3f344776c2b9e7b583a5784c496315ba30523fde7d36e7da54eb2f,true,false
REQ-000419,d9b95c7545a328e01eab7773,c976cb889eb8ee7005ab7d8c,4484f6dfe933f22686e6344da12833054e272fdf2b522be888b77a03bfebb416,70cc2b8a247fac573038a2d010926b80b93546098c5916a1c989d81b9994da44,STATE_POLICE_RECORD_VAULT_B,demo-key-a27e431d0ad1,da2e6090660aed1c66e63aef81b6585b435225dcec6d8efac2e83c44ca275e56,eadec5c44a92819e0f1f42615a24d2912dcd02076a01c66b65386e426de0748e,P-2026-05-STEP2-ORACLE,9,302b95805a5ce1a0f8a7dcf9268d324fc7835e624c8d2ba0f1cef340d5db9578,1557d335a4b0298abde2a34159ff91b182197cce4f0aba99ea00f2f000c31ffa,60ea7d884d27909807acdbefde8376c34f6ad297910a7a37a8c4b72a1ee33d53,true,false
REQ-000420,9a9c0722091c1601b3f73b45,51dd472e32d8e4b2881f17f8,198b1ea5335886057d757e8dd062baf6722f7a0f34d1537d3f5407af14affbc4,6bc136537aedafadf280abb095d5222646ae90fe7d7020b01e598bdde4b7d96f,FORENSIC_RECORD_VAULT,demo-key-a24a960f31e9,0dd799aaee20193eb8d80fb4aafbdfd25eec9eb1b8c4b2f6d1c602bb20c49235,ce44c7ca0421f0419f7556d2888278189890566945bb30330aa82a407f954b09,P-2026-05-STEP2-ORACLE,9,302b95805a5ce1a0f8a7dcf9268d324fc7835e624c8d2ba0f1cef340d5db9578,31993d4050050580632a196e16e79756f605d07a7a08bef5c19c154f19f4d64e,02e35051072855e66fb7b59daeb42c83d1cfd8c27fbd6321cd684087d528b754,true,false
REQ-000421,b6bb8ed01f34c52b36d9c919,dc4150363c3ccd831cd49be1,d722bd9cf80c3f8c0e5dadb9f9fb3fd6bf9d1c5fe03aee91cf26a837d51e58b4,91191185702fa89de5457c6e25a81050919d8706f1b67139c1aeaae948497286,STATE_POLICE_RECORD_VAULT_A,demo-key-a27e431d0ad1,5de56efdf93cf79b999f42804429674ecb36c431a2a5b6307166ad54a8a65d57,a17806e6a1b853477103d7cad13c3863e3da2e230b538c51e432dd661e3d3960,P-2026-05-STEP2-ORACLE,9,302b95805a5ce1a0f8a7dcf9268d324fc7835e624c8d2ba0f1cef340d5db9578,3a1b273a78d52d72a9cd578c516420d5888bfe7ef0338e85d1b630e3214185d7,f54e6d78ffe059da3369f91ac27a651950982395664c661e5cbf660c1998076b,true,false
REQ-000422,a01b4fff545a372b8d651084,6026f26252952f1dd17be794,ad5b6cd242ae729e8f796254b85be33d7f5e3664e0128aba01592e822908b7ec,a1a65c10d61567cb6d99201ff037943051c7978ad6b22ef576fdf9d5c848474b,PROSECUTION_RECORD_VAULT,demo-key-2f8689b230b2,74b1d75b3c5ddfb3284a41eeb81609ed4b46ccea8709e13f209205e52725c5e0,d18baa6e07712b6b3dc15b90233c4345864650097bf0ead6da019157fdd7a383,P-2026-05-STEP2-ORACLE,9,302b95805a5ce1a0f8a7dcf9268d324fc7835e624c8d2ba0f1cef340d5db9578,562a73ca35769a0fe2809279d6a9c17b2e743096e1ce9087c2f1ce1f46e82a5f,c15574232d54a6b2592ae1d711954744591eb4d52824a76a54af1cdb5713c210,true,false
REQ-000423,b18bf580b9222d64b5f00c0a,bb80b707988f22af9a6b6a60,9888bcb1f4e4f2353efe6a1668bed301ec68e14d58448007ace7e18f1211d425,5e6377aab27abe4cc1d5b6831b8f08a1aa5a549dc309ce2a159f573d471b99cd,STATE_POLICE_RECORD_VAULT_A,demo-key-a27e431d0ad1,9a46000bb03a97be391b7b0e4acc32bdf92da4c7f63091393f8e71f76f4ff45d,2cb103829a31b82db72b75e2b36cf74cba22e9377ba637a47d614f0b1d8e6491,P-2026-05-STEP2-ORACLE,9,302b95805a5ce1a0f8a7dcf9268d324fc7835e624c8d2ba0f1cef340d5db9578,697a257034139807a95262792d2e40f2a26d709badb76ba950bb0c8be6e2919b,cf3fd921b7781928cf1547880ac1217308d94bd884045bb78b439b60f82126fd,true,false
REQ-000424,cd66005fffbf2859a1f3a83c,28ef47e4a65768b246848a23,35a882f5d7ab92009de1656903c39525297b23038760d6f1e3d2597263d5f3c2,d97295bea08eff8bac498dd43cd9c8fcf7073010aef669426893cd3c9efbf7c4,PROSECUTION_RECORD_VAULT,demo-key-a27e431d0ad1,30363291e78df77fd6e629de503bc46ec02a8aa921ba0eae120e5473209506c8,28fec956c38f4845cae254a47e791b8f34ccd5f65c9587d61c3913b4b8b8b518,P-2026-05-STEP2-ORACLE,9,302b95805a5ce1a0f8a7dcf9268d324fc7835e624c8d2ba0f1cef340d5db9578,97f703e2b7f51409e261a99fcae09ac8fa0540704cd230879a49b74ac190b7e2,ad438557585697f216958c12dd84c86916333cb5cdc315f64ba416928e0fe17d,true,false
REQ-000425,7d6f478ee9bc86b7332e87fc,15164bdf383b0a9c08b47120,4866b7313fd15d61ef1f33fd4e7f687f255d928933401a3838847cec898659d7,9160a66b193b974ff21aa5c6b82063801b05bac1d5131ae2667f5ba536a297b4,FORENSIC_RECORD_VAULT,demo-key-a27e431d0ad1,01899620a20ac544f0082b53f2304dc04398e919c51ffb46c4d6f5ad9445b0d0,79d69ad49776966dbc601a13768f4bff3cc2bdbbb8c3cd67e5fdede456570d61,P-2026-05-STEP2-ORACLE,9,302b95805a5ce1a0f8a7dcf9268d324fc7835e624c8d2ba0f1cef340d5db9578,ba29dc5835781f9f63454e8bbfe4dbc1cd67046745be836e02707e2756629129,9ae5cf45e0520a2c87643ac8108a8202ba4e70abd598b9e839d3c0158d877fcb,true,false
REQ-000426,9ba3222b46677adfe4b27463,b6c603b6e7a168380ccc303b,356d3ad5cccf506b5fc4306f99db4f597ed534e9da06ffb4622f16cc04a0c35f,a6534ffcda5da707e14d759c3a44fe68e860a91daefcdfe248ebea660e9d6c0e,PROSECUTION_RECORD_VAULT,demo-key-2f8689b230b2,e78fe61df3ca6a462fa7ee7a7837e395d7bb0a4903bb2b6582493ba198fc0db1,2dacccf52a2203a5652785a0db95a12ed7a8ec214dfe416695457e1ef77409d3,P-2026-05-STEP2-ORACLE,9,302b95805a5ce1a0f8a7dcf9268d324fc7835e624c8d2ba0f1cef340d5db9578,4b942d3b00778df5cc0582703944b7f319676d6d36969bb218a78a7ef18081c4,d436066b4bdc9bcb3d339e81989ba9d24f2cd0fb502bc94f2dc6c3fc94da3304,true,false
REQ-000427,fc498ccdbed501011d0e55db,c7a5f4c5d5ff0f6c55d77a23,d3d36a52bd75e1652526cc3aefe477208e77cf7de00d0bd60b24078c65690d51,73b9b624747bbe539f39558e7a2a3915c54c2ab75c27679b059b0d3dfcc75e2b,STATE_POLICE_RECORD_VAULT_B,demo-key-2f8689b230b2,95c6d8387aeb0dd9e00264ad794d089cc9e8f594cb636457123a4d5a962ec024,b9592603d8bbb4238fece8226cdfa47084c0b0f1b7a2557abbb19fe701ef641b,P-2026-05-STEP2-ORACLE,9,302b95805a5ce1a0f8a7dcf9268d324fc7835e624c8d2ba0f1cef340d5db9578,6be42aa328364c09726227afdf8355a9c4a1eb72f73b0eee2c438b4b5cb6d79e,2a4475dd57927621e081a6161705160d929f5a489da04b8e2e3d1c8175594f96,true,false
REQ-000428,7ee8de49d1fbda970c1c712f,a00191c8c8e851b8f74e8d0e,f0c589e1b5864794d179d0cbdf6ee4c6deb232a40c594ffc36d982d773a4edd5,2f4c864bd22a456f03c99a4527e65371bb633e445b893ff5fddf9a338b668be8,STATE_POLICE_RECORD_VAULT_B,demo-key-a24a960f31e9,e8065e321ae6b44d377e33446bc77f8cd024904baa205bf1db3aef29ffad8e3b,e81912e5dc464bd71b9754aebbb9429d4a41b0c07ff36d5685e8254c582ae8e2,P-2026-05-STEP2-ORACLE,9,302b95805a5ce1a0f8a7dcf9268d324fc7835e624c8d2ba0f1cef340d5db9578,80fe2363515cf5a45376875330b54a7d0dcdcec516107457414c05eeaae5f6f6,d0f346444f3a2ab764e12ea97d401c3a685e6726c14e8f0e1ce2b2bbe554f108,true,false
REQ-000429,d7a80c935b5e982d9aa6d398,ff88803b1af1e0457b90b0ca,222844cf2f55724efbf4e105f24498a2a9441559248ab5e3f50ed803248762f1,06ac7eb1822c74cd2a45c68520355c84bb99691ca84606ac45fab3fcf3068306,PROSECUTION_RECORD_VAULT,demo-key-2f8689b230b2,edbe0b9e51436b0c20c60d13cf9a723897a393ba4b22ef81ae370fa86b34c4fb,9f3a14bf12dc6b8d2a0ea696c7bc7bda0a9979876346ccca6b4523e6778917f4,P-2026-05-STEP2-ORACLE,9,302b95805a5ce1a0f8a7dcf9268d324fc7835e624c8d2ba0f1cef340d5db9578,717dccf37c2629006aa0faea650fe136fbe8daffadf99226fce5cdaff865de01,8c85144dba81f61b21b04524e21d6a7d0e2059c10eb4ce6022c1a1ed1b8e397a,true,false
REQ-000430,b3eecf3008e24f3ad0d4b532,270c2c8f23d03888bb22d8e7,473877767cc549eee4c72b1972e846da83eff659bd4c18f0f83cef20684670e3,0ceaa2b2e944376b04c2b6ed87873bcbcadcde1dd1be39d6db70538188c4ad6c,STATE_POLICE_RECORD_VAULT_A,demo-key-a24a960f31e9,0acaf0086370c86d1b28331d0af135942759e045aef6baca49c9b64fc07f22d3,3e056e41c9ad1fd81449da01cb30b342a6a873ac3720da0477e678075f233a56,P-2026-05-STEP2-ORACLE,9,302b95805a5ce1a0f8a7dcf9268d324fc7835e624c8d2ba0f1cef340d5db9578,197de783f430cd67501fb0cd6b8d301a00330f1bfcd88794e310436bebf538c9,c9db6ce22fff12aac2dfbf1283abaf70a6bb464f6af0f83110331cfd34ea0b9e,true,false
REQ-000431,fc530ff7f7f640ebd76d5d3f,b2a044dcbfdf50868dda1cb8,3d49c80b91d7901362796721bdb848087bf287aaea6033f71c848bc53d33bb9b,62ddc5e3d5aa417fb3aed306852232162d7e459a6c91493f7de8084a36e68de9,PROSECUTION_RECORD_VAULT,demo-key-a27e431d0ad1,f9d3b750d89cd5977291019b8ba67e5d3d10f71f421c48fec20d99f1d0b6ff9a,0050430459a6f8e31b9e9e005b09f2a83d05bb8a7042531996558181e4a4628b,P-2026-05-STEP2-ORACLE,9,302b95805a5ce1a0f8a7dcf9268d324fc7835e624c8d2ba0f1cef340d5db9578,ee48e50aabdfa66e5fb87644fd1388e7cf620ecd4d9b22feac6b2bb5587ea4dc,007b6fe4d1b07c74589006380482a2a2be32783672fb0adc9ddc4f5487221518,true,false
REQ-000432,cc807e9870eb2999a5aa2981,3b761a5ca38b88cac18a9189,ba43e014be6e4e9b723ec07ea4193a44040c53bfbe2f56ee07ca35fcaa46542e,1df75ccc35c956de95d83e8343e82fe0a619020113d2c808dff8d6aad26a296f,STATE_POLICE_RECORD_VAULT_A,demo-key-a24a960f31e9,36081fa922b2ee1992a8f76d0271d42401355ad580d40f42fb98de5f5b0acbf7,1ebf5f50e15f940271b670415a35049c1b36edf1ca9fb6f4fc67e0e60bd787b9,P-2026-05-STEP2-ORACLE,9,302b95805a5ce1a0f8a7dcf9268d324fc7835e624c8d2ba0f1cef340d5db9578,ad764ccb455d2009313507baaa8812ad8ea9b9d5842364e070e43f84d6d5dacc,9fa0a2065a5eb83321bf39adc21a0f4281800b85db7a7a7d69a7712fd4d84ece,true,false
REQ-000433,6d12fa3584ddb2f01bc14091,5d28abaeebb2c5f73f452808,c68f0865756149b41222a56e2425c26863950aa49bc8550ad83b0fc71e3ff0de,be5720ba18738398f58b431f9992dea00800a989f183cae47c8bee81c81dc9cb,STATE_POLICE_RECORD_VAULT_B,demo-key-2f8689b230b2,4c5fc32d369bd1b4d4af06d37d92b0d7ee60acd448754164a771f461496b514d,c1e15bffe534bdb376fd899cfa54648fcdae4a1a1a11fb41a35d11ebc766743d,P-2026-05-STEP2-ORACLE,9,302b95805a5ce1a0f8a7dcf9268d324fc7835e624c8d2ba0f1cef340d5db9578,c3d14bb857b12cc21d5ab3c85c47cd752212d199b4dd37bd3c9dff80adf8c1c4,56064d4e1b1cbeaeeb28e9231fa58dd0588ff2a8ebc17f2023a2f88aa4d0a1f1,true,false
REQ-000434,fdb7034b483c7023be0c105f,7eeadcd2ccf73272ab062af5,f72ef34d8715e6354f007422bee0d8c52f1e82fef239b9cdf15ce376733b8358,13047d9e350bf0068d5f24af0fb00e7b3004633c0356a3958e96752e2a789bc3,PROSECUTION_RECORD_VAULT,demo-key-2f8689b230b2,2cd4785fa41264cdb0bbb1fbb25ec735e9c88f52c1d2bf4eaede103d66c1a3d1,3a3c5d136bccfa7c48b105fcb7e1c92aebf84ec00f1862bebcbeea4ec44c3822,P-2026-05-STEP2-ORACLE,9,302b95805a5ce1a0f8a7dcf9268d324fc7835e624c8d2ba0f1cef340d5db9578,d8fd6d5870d1a5fa1d77d4ffc1221d010edbb550fe076ae1a99e079e312095ba,72b44800b6e1dbb1dbb0d8fe7b8ee3dfa0afd91a4fe733321036cc6e633148a7,true,false
REQ-000435,5ca844b2848b805c696a09e9,39b3b021ac2bacc0a736b2d0,da00487f9df1a5b62359f430c7482e63317a19bf91e7a60d4f5171569f7d37de,a112e86224d2a105a509b34123694e8a0a53f3b57a9f0d211496a9425c2b41c5,FORENSIC_RECORD_VAULT,demo-key-2f8689b230b2,e9688560e06955fe2f7eda415dc83cec1f0f1e846b6f17b2059e16c9c3bfbc02,85584dd165494c45ecd6a5bfbebba995c7a63210be1f85bf56ac8eee2be68ec7,P-2026-05-STEP2-ORACLE,9,302b95805a5ce1a0f8a7dcf9268d324fc7835e624c8d2ba0f1cef340d5db9578,19ff311d72a38b6448876d0e46dd6806d1ba616febc9e5ae650c5100e338e03c,3596fe063749d8c8976c976a1bf4292eba20b97867705150a5f35af8eeaa9946,true,false
REQ-000436,b0e996b4ecdf66ce33e6405c,cc76a6dd2e22501090ebad09,2752339a14ad9874eeb22f1312109c9f0605a44b220a21581b27edf4f0d6dd29,18fc965c57cad029c076b69f8234d58726929d0533330e3b38ad72e5458c4cfb,STATE_POLICE_RECORD_VAULT_A,demo-key-a27e431d0ad1,f29c79a5d21aa244df2b6daa16461b260d0335e2954c408be1a46eb294b5c6b3,c64ab2ae9e48dc1bf92e5fd8820d8f651df5741093c96ded6d8417104f5138ff,P-2026-05-STEP2-ORACLE,9,302b95805a5ce1a0f8a7dcf9268d324fc7835e624c8d2ba0f1cef340d5db9578,4f24dc8255dbcf4951370f2553d25e99631b661137466413a8052616861730cb,be77f345d4ee6018edf092399fc84f3f614e8ee0fa15d7b2d64ed33fab1dd09b,true,false
REQ-000437,3b274e811b747441ea332f7c,6a40d24178d22e36fd58009c,ce884d6096d647a8d6b68e25ad8eebabea27f66007f43643446e26e0d360fb19,140194d342c0e5b0d1c10bfd92fb6745ccf61d0125e8be9dac5be42f41dd2db5,STATE_POLICE_RECORD_VAULT_B,demo-key-a24a960f31e9,3e11a475a1632914a958e9caef2f74fdde8024a4682c90a03c9ef51e737b6cb4,61c61f7e4b8eab4efa22d10220b7699d46a20835e6a4d3ed20e3035a327129d6,P-2026-05-STEP2-ORACLE,9,302b95805a5ce1a0f8a7dcf9268d324fc7835e624c8d2ba0f1cef340d5db9578,c5b0c94dd856e9de60e3ab84f97d8da714f1fd9a027f10c987aa15010aef0b9b,a85979b53db61bbdad0f062f4505e92130b6de39b2d6f14372e8cc8bc422167a,true,false
REQ-000438,375c93cbfc19c6b728ba102e,6a813de91407c7bbeac9209c,1912347ee5cc92d451e088d20d823c5242403960f50822e47e9467eaf76c9e22,eb7dfb9bd02c6d2ce707f56b20f6e99a8f30b74d52403e3f3ff09f397c1aeba3,PROSECUTION_RECORD_VAULT,demo-key-a24a960f31e9,3f31cccdfced63a86d4440c50041a5e640c8374c90c759b6b3eee17e5ba81e70,cdc25cf804e38ba6c22009a8c32c0a01eafa9a50f3ed208100e632147b9338b9,P-2026-05-STEP2-ORACLE,9,302b95805a5ce1a0f8a7dcf9268d324fc7835e624c8d2ba0f1cef340d5db9578,b9e42f6df1156dcec32e9e19f3a1b5dc8e91571e468cb5589b4e1635c46681e6,65b479145c6d6d60e548a8cdea23722d1af758064b2239ba80f6b79e62a624af,true,false
REQ-000439,34b21675c93019fd5a4c0262,88fc6369ce4162de970f04ac,b1d594c4d0b5b3b3f75d3ae68f7c3d0daab774cd652759d2e34f15cfe783e2ca,24e2d8712b14b13664a0c4692e6f59269a7c97d802a9e38e7b70e35eea567f6b,STATE_POLICE_RECORD_VAULT_B,demo-key-a27e431d0ad1,a8fab0a455563fc6228b8a07d4e278fd3aceb7b11086b613af74c5104268b0e6,a458653f27a21ec8e725c837207d107bd85f4b7863b66e8a5eae79a7103a51c3,P-2026-05-STEP2-ORACLE,9,302b95805a5ce1a0f8a7dcf9268d324fc7835e624c8d2ba0f1cef340d5db9578,a562c2b2c644d0c9d63fae82c4526d434e1138288541bee43de8402ec19bbeff,689613b09c271befe2d6d409d2f22749a0ba98efc74344885f751e004417c5f7,true,false
REQ-000440,2ba4339d45b004134829f8df,ea879ce5dbcf7ef635dc4544,c3b591964ec72bb74ddd78a88199af738ff8299f74a55e09aacef62c1816446c,51a09c937f36877b421d5099dea8d06d3c56faaf1d09a5db433e6ff5e86f3bea,STATE_POLICE_RECORD_VAULT_B,demo-key-a24a960f31e9,774c75beae3e6ae6b81d536a321355fd980d63c3a7fab582c694c31383518693,368da42d2a8560a8f71cdd04f5c9c1db51899d4afeabe24d36c48e293b77852a,P-2026-05-STEP2-ORACLE,9,302b95805a5ce1a0f8a7dcf9268d324fc7835e624c8d2ba0f1cef340d5db9578,d17a52e55c4129f023bfd5ab5256332ed64a384b1d884ddf483e55d7c7699632,803495431c9fdc9839e2917c8e93912adee771bcbac6ea140affa8917aaa0e9a,true,false
REQ-000441,17ebb06a599dae60d15c8174,218f4df873310904e9b77947,c1a7ffc5db0d7d840fe3ed9a6e738ad1b3acb2ce80972ed5ca0c4388731f81ac,c4d9d03b3ad4439feb42620b87defc560d6d52fb5b883426d18720c801487a4c,FORENSIC_RECORD_VAULT,demo-key-a27e431d0ad1,3342e237f074f0330d76b7cb6a62d4fc32520463846f53936655e8f9499158a7,148348f8760d53e41b27dfafbe59bbb2d94fae10128315d61d94a76a8251ce1e,P-2026-05-STEP2-ORACLE,9,302b95805a5ce1a0f8a7dcf9268d324fc7835e624c8d2ba0f1cef340d5db9578,0ba09914b4d86ac7ee595541560996c0118f5639e4e0788f320e89e0d3888ec8,fd4754808a9326916b8f9be86e94d5ec70b02bc93bc8ea0bf7469702092f1922,true,false
REQ-000442,9f0f7289f61179e609d4afba,494c816450487cada0dae65c,6630b3401c9f4babce51246c6478c809cddb8919e61f7c9dcbe3c16d552cfd19,6c10363c6af3ca0b86305c05493b3c26416d4ad56ba88f4a8440078cf690d27f,STATE_POLICE_RECORD_VAULT_B,demo-key-a27e431d0ad1,df69f8f50f8c0cc95c9cf81748787ca075315d837e382a855d68a5a00c5a9571,7c7a02183c8a5e4e75f24cfd84e4dfc2d9fd713af1751d860fe2bc0217e09f02,P-2026-05-STEP2-ORACLE,9,302b95805a5ce1a0f8a7dcf9268d324fc7835e624c8d2ba0f1cef340d5db9578,a443fb71eed0822bcfa470ab122ebb1e634c6939135f19f0f6d0197c2fbb3f96,3198ad7712cf4f40bd0f2e0e504e557c6a60d91af56a02349f23b873335fdf4b,true,false
REQ-000443,804f341ba0075b398eb34543,45c77a2e0fe6db7b486447eb,e1e55ff7bbd386ab65c46ead99397de4077774e0f85dabb315da26cb083d7cf5,e8678e35615b507beac1a0070afd1dddad72862d18a2c5c68dd18150f319a133,PROSECUTION_RECORD_VAULT,demo-key-2f8689b230b2,746bf46c1bd32f48556ee05c3651f13189d8dc56985b5e22b5010c60fadce1c7,f7290acc8978b941c5c64baa3784e9e8101a0ec3566cb5803204bd0a3b9524f0,P-2026-05-STEP2-ORACLE,9,302b95805a5ce1a0f8a7dcf9268d324fc7835e624c8d2ba0f1cef340d5db9578,5910439cf4f0a7ae84091bdcde01d634ff4ec2e5e451b1c7a79fc32ed92af11e,f0eff787e4cf82e01ce70dbc7f4df3b8c0b325318a47da2a105f151e27b02c26,true,false
REQ-000444,b011cf5ae48f4ee0fa784772,d86a9cc13aafd60eda7c6a74,83053e1be844e2a278769fcc34722f7d621efbdeffcbb695e216750b54ad2da2,b78ea12fb1f717b0c4f5bee76ec26703aec556c6606015b68ec97a28a69d1fa7,FORENSIC_RECORD_VAULT,demo-key-2f8689b230b2,965827f512ad1d5972741dddf5bf24fa5ad81bebd96cf952d0f9e76cd772fa0a,0e4e13b8a2923194628fa48a223907ae7280a5974d10997d7ed46d72e84b9275,P-2026-05-STEP2-ORACLE,9,302b95805a5ce1a0f8a7dcf9268d324fc7835e624c8d2ba0f1cef340d5db9578,92f23b393b5521539712d40e125fe5ca6f1b919592e04edb47711946e79f7dc8,f1f85dbc5bf5ac227308985d2d0b2cfa01c3afb34fb76fdb6d89ed44a6664267,true,false
REQ-000445,62c4bd5e3c46d322ca954d3d,b6062baf2b851e9e9fd94bea,2b6d7963537ed3f91995340384b021aaeb9ac8d9dad0e5fe38cd343ce14a5604,305794109d06e3902bb6b6c7cc85214a66866897e68f23f93f34c0bbd7ed9b94,FORENSIC_RECORD_VAULT,demo-key-a24a960f31e9,87f4aea34f8d766113c671fe1d4599a8142182451288d182f4f622f858163843,6ea237a0e385e5c2957a8e6432bfca69f189c19dbb24fb126cced921a0043f84,P-2026-05-STEP2-ORACLE,9,302b95805a5ce1a0f8a7dcf9268d324fc7835e624c8d2ba0f1cef340d5db9578,80aa6af41064b51803a53b94add7524f9fdf4f12b0c15d5811cda37985e46754,fb5de2811065ac4cb86adeb67ddb3dc47945e7318d3773d733a0a62a4fa8aebb,true,false
REQ-000446,6db7c5075e1c51bf79a23ffe,3f424e6a799ac47a0c7ae448,1479e588e33dc809cbee97340992f040107e8a696db1e6dc76c47fcf698a334e,dd4688d9eafd3ef261003c2133708bdaa29c6948af67538a2c9dfbe6bbd3a968,PROSECUTION_RECORD_VAULT,demo-key-a24a960f31e9,7c905c00f559ef772982825441dc94449858e09e349c51fbdc74d878bff87591,cd8c449c778c0153618c35b01b30461b8c595eeb5693690a4d6db3f2f1092a57,P-2026-05-STEP2-ORACLE,9,302b95805a5ce1a0f8a7dcf9268d324fc7835e624c8d2ba0f1cef340d5db9578,1cd04a50024fb92174c79630a6f68cbefa5c2b3aed5802ec82a1b015892147ec,3d9327645d792ab104e9a0cf056aef73e0f66e312949e7da89d9a20592eb22ca,true,false
REQ-000447,711f7cc2bc52141ce8aa3579,99752ff4447f08e9ea6281bc,75d0ef018a290c8f93153e610a95c312f89b57d0985a1376b70410f0cf7676a5,491b7b65a236eb80a824fb071e0efab7614b7a99e7e92871a9bdca438ba11d6f,FORENSIC_RECORD_VAULT,demo-key-a27e431d0ad1,b1fb14eef3ea2aca010f9900f7d8a5445a479febf0c35e9a8e3216b9b090d8c7,399e4b720e7620f0f94096230d683fd9905644dd406a2e5c9bcf47b48cf71e37,P-2026-05-STEP2-ORACLE,9,302b95805a5ce1a0f8a7dcf9268d324fc7835e624c8d2ba0f1cef340d5db9578,931b7f07d24a93c8a91ec05f2dcdc35f1af48ac9c264e0aa5b44e0d0a4e708ee,8c1249737d9a463200a3aceef17c29aa26be9e8fdd7b89e900df5cda8eb2d5dd,true,false
REQ-000448,5a5456b695cba3207b5bffdc,a7b4132b566fd02032aebf58,144df1d9d73cbf44e4d6683120c0fbb42dff424d1dbf27ef6850c0a1688de484,782bb8297898f2f652684bc06b408ec8e0facd61783e9dfc05d90e960b2497ce,FORENSIC_RECORD_VAULT,demo-key-a24a960f31e9,e7f20e3339633247d61ef4c6580335c552b2371dd79f0627fc28afc1586534e4,e9724db705d82aad0e0312da66dc2b40a5b5ec593ae08b829934ff8f51339c19,P-2026-05-STEP2-ORACLE,9,302b95805a5ce1a0f8a7dcf9268d324fc7835e624c8d2ba0f1cef340d5db9578,57d4768f68e24e7180a3be51247cc05b1604b0f459ebfe144e0d59523d752311,ae0d4012cbc1371809a3e611246addebd35272ddfdb23d3faa63ab477850c887,true,false
REQ-000449,570fcb5882c79818b6fa7ccd,52aa5b87e81d0b5bf1d01f0a,a9f9bf5e2280d5f1b56fac67f5c0b11c74652010ce8c095b2e9896790e31756a,f66db093c3d72547ef31fa7360a4194d62c527f456a7c97693ca816335d5e6d8,STATE_POLICE_RECORD_VAULT_A,demo-key-a24a960f31e9,131651ce9fb25a1380678b45f42595013f930a040f7a9e9a6ebaab1cc449236d,3d3206b67be4dadd767fec9edab1e887dbf5685bfd5afa09d2d7b6a1ed0c7ee6,P-2026-05-STEP2-ORACLE,9,302b95805a5ce1a0f8a7dcf9268d324fc7835e624c8d2ba0f1cef340d5db9578,4d66485a3e32d06bac880376d03996d1f9e39c2c5d26c16cc068cc862de63028,a508ac7f4f1f6b31a399bb9be2c2eb753231a99a5c0105d68183d5087fcf0f61,true,false
REQ-000450,e7b2a26cabc70803d3186378,cbef25c4f6741fdd47135c98,0143ae8b64868b461f7995fceffc8173c94d0993dc1913f45487b95b17f1abf9,59267550be26d6936847981131872d6de252d639e996b6c791dc6fa05e2bca05,STATE_POLICE_RECORD_VAULT_A,demo-key-2f8689b230b2,63b9c5ed8c070e0e4c03d4855ec886f6ac1aa7489e382a2df7b41722de59f81b,714e6f4f666995349879689875b832d48576a2d4c35a957770441947e0cae963,P-2026-05-STEP2-ORACLE,9,302b95805a5ce1a0f8a7dcf9268d324fc7835e624c8d2ba0f1cef340d5db9578,c79a746a4427a062b2e35bfce93e6af1257714eceb183749bf75dfb04201876b,ba471d887431188e8071f0c0c626c5acf0467639bd63ff374647de3cbe1d433e,true,false
REQ-000451,47b911abbdd432ecb134dc06,88ff980a5d994124568b5fc9,9f6e87f8f353d3097103891e9f3c4308173a550b1bfaa98ce23e936e439aec3c,d29723e40bd598d9c204670da458aa2eba9f718b2906d9cd8b0a666f10136c2a,PROSECUTION_RECORD_VAULT,demo-key-2f8689b230b2,46d74cf6423575b5313d49a48d67f2f8ae690fac70e08387d0cb714eca9d8d0e,c2b3e63c32032707af479581fd573bb8c9c85c6d7956660bc6c0a555d7960783,P-2026-05-STEP2-ORACLE,10,c48539394ad0c37df43e619560dc12103014b5151259e4df48a60186fe9c5db1,a875ba08d6006e2ea9a739973c45876c355c009a79dd71d8286eb8d687428635,87c0ed6ea58953095387f9e614c39529a234ede8a256465daa87e434e66fdc89,true,false
REQ-000452,7ce5d3c68a1d4bf9a69dd131,c44267d6039e957cb0653258,66fe606b9d541acfbefb2e9a1d9ca77f05d098ad422ab624ebececeda7310080,0b23d39ebf6357f197b691859ef9fad42f4537ea74c411aa2b0b9af92295e81f,FORENSIC_RECORD_VAULT,demo-key-a27e431d0ad1,5e7a4c1892c654d88d56979a52b1421bc733e5028eae4fde56b9d8254aab2cf5,6f9265e8fba7a4361356714c83471b158f4ab10b69d14a63f3b7f00797e884ea,P-2026-05-STEP2-ORACLE,10,c48539394ad0c37df43e619560dc12103014b5151259e4df48a60186fe9c5db1,839287e773788b43835c02360de6475af5c2f49494951611e35b362509b0813d,a79caa31a38502e80111dafeaf9212076ba233f7c6cfc5cf78220746a21c8b75,true,false
REQ-000453,33d770afa0f3663c50bb006b,da9f63779ec5a3147f23b378,3e5f6e8f901660768be448e45bb4184b356441683f929eb8663e947bf286b211,a2c6b2a94a7209a9e22128ea45f5d6f4f39f731b6b8197aa89475d34c3d46e99,PROSECUTION_RECORD_VAULT,demo-key-2f8689b230b2,ed12ae615d47e2b7016e05d71d3cf4ce216a14903f64d58b9bbc664f8a3b803b,f2df3a233cdb7dac7cd3b4472c79c04cb10587486944be1f68c01554e81feea9,P-2026-05-STEP2-ORACLE,10,c48539394ad0c37df43e619560dc12103014b5151259e4df48a60186fe9c5db1,9841f4de533f80a119fbe053a00f3435b2af0e4d166b126f6d48f1d07b2e6cf0,5a3626709826ca19ebafd817f2af25ac437e85bf4a5aa10063d8374966437013,true,false
REQ-000454,9043a679045e2af84cd3c449,b8c550427cf64390056ee546,e871a76cac465d27649a2268b21b2b4453b19c1fcc20550795115c5d6ede9062,c413365201a5b6b00f25a5d6784919db26d083c11da212ab43ec3c57b8410439,STATE_POLICE_RECORD_VAULT_B,demo-key-a27e431d0ad1,52c47df98a2df9a60bc6436f56b841e51ac8fc280a46825b80eca6c6697cb5e6,0e9a0f7e686fb592eb94a03a39ce843028da8c07eba55c1c8ebc08c5b59d3267,P-2026-05-STEP2-ORACLE,10,c48539394ad0c37df43e619560dc12103014b5151259e4df48a60186fe9c5db1,4d53239081491fc33280fea02385d7e231d3bb8f707cd8ef8c9ec9004e685e6d,490793079099bea44699b40e450f220f1e3c013f5040ac718326dc5f7db9d1c4,true,false
REQ-000455,2ad48e61ef29028c1def570f,869a4e1edbffbe807ca6f5f2,18432528c548729f76b59395a4797a786ad30d8f5a5963152d7ce01967abf3b3,87afabb6c9cd07eaa94380cc89e6cc1dd13bec740335c77ad3e6c2b3cdcdaa53,STATE_POLICE_RECORD_VAULT_B,demo-key-2f8689b230b2,8cbe2dbc4725bb1a5c6732747aa12adc8e7356f3dc583f4072a0d586cf55047f,9f71befee2911b439da69ecb19cb5473f84ed14489436b7ddf32481b8971d3fe,P-2026-05-STEP2-ORACLE,10,c48539394ad0c37df43e619560dc12103014b5151259e4df48a60186fe9c5db1,f279fc8ef588d52458926cb2ce2d4996bfc0e543c84d11149c7f0d2951a57ca3,d5abb8c0c9e8d9cca6fbd665c047d5cd765913b80cc84f6e95c7a99cbcc75693,true,false
REQ-000456,66b007268423d51b9a1c9d89,5569b1b9411b89177b07c824,ebd88fb469e53727f21d5097943a4efcf407cbb6a5c3c0a8f8d8f43ef4548173,ccde96122c2593e469835e589899de0d1ab4da53ddcfed047510a38933bdece9,FORENSIC_RECORD_VAULT,demo-key-a24a960f31e9,b553da6ff394075f6bf21e597dcd1dce5b06c47f3820806b4af0f65161143bde,770a5dd6fa6157bf4d5e0b573bd76e511d8a5e401fe5f0276a73b1776c847433,P-2026-05-STEP2-ORACLE,10,c48539394ad0c37df43e619560dc12103014b5151259e4df48a60186fe9c5db1,bb7f6128310845d17bf1db88d0b928f6758d6e8105167b330e477246b961b5eb,cca75c7bff7fe2ae1c95000e304b1dd9de9291fce8134f77b086f5c73782087f,true,false
REQ-000457,bddbea36e35c483e079157c2,d644d3895cc1a7a260bbf0b8,0bfc1f1619552b1673c3af3a8abb06d9c370dc38d04979430e736e0c57dc356c,2b5a6fc71ccf012466877eb082800082cc297e6123b63a612cc0e83555ed0bd8,FORENSIC_RECORD_VAULT,demo-key-2f8689b230b2,00b24ac4b02c4f91290b0896f3bfbfee416615b97a1e191d3b27608666735657,9d9f35f3d0b2a690cbe6d270c870a80fa61184cc38058110b061664e52cac434,P-2026-05-STEP2-ORACLE,10,c48539394ad0c37df43e619560dc12103014b5151259e4df48a60186fe9c5db1,68dc3a9e06a7b88166eb7a4cf2d9090d7c9d2c78132d459a92f288fb636312bb,a80fee883c14bfa04adfdfdb95848a6976c88cadb4b84dcf9b5eda74e3633120,true,false
REQ-000458,438e40e436069a3ccfd0260e,784c4e625088fade53a22584,ffc13b8bfc3cab49b61008e5eab82afa57ec056b6d86747aee09815c9ec2114e,fefba1677a70796f4a4b187d71889091c057590cd5401e8875d00ad3e4504f63,STATE_POLICE_RECORD_VAULT_A,demo-key-a24a960f31e9,370c5f4e84c7b1fd5f567adae9ccf63f2ad4261528273f86b4af6eeb25f81fe2,cb4a2dec87eb278c226a01c55913b115f0471b87d9cf3d15d280fbd452fe6416,P-2026-05-STEP2-ORACLE,10,c48539394ad0c37df43e619560dc12103014b5151259e4df48a60186fe9c5db1,8a073507820be0fabf0361a0186d306304b1f692421d85bb9db820caddd89cad,adc3a188ccc95c52bb87739638c24d665f0e146ecf221bf8bb5a50d49c13a90c,true,false
REQ-000459,3d33aeac9a024f9da6d7ccf9,42573664ebb05faab5203350,e85e4c70225abed90e060f93c115681d8bdef334f8daa36a485867e2196fb60d,f66818cc7115d9675ae0796fcffe4582f56007ace09b1d1ad3c888bbc4b94e79,STATE_POLICE_RECORD_VAULT_A,demo-key-2f8689b230b2,157fb13b99038e3ce08b9aba66c940ac0bc3cea7af1d8b6a4b3ecd90d447ae21,64884bab36069828963026066b53974f291cbc9b0e18594c0d0c2c024d7c416f,P-2026-05-STEP2-ORACLE,10,c48539394ad0c37df43e619560dc12103014b5151259e4df48a60186fe9c5db1,32d122c2a0f64fe03d4fa27bcff5174a510435b8509b3649b2459b52169be190,f8ed4c65419880987d6290590e01956392212c431d908a2f8f4704b2db834b3f,true,false
REQ-000460,5642ceb4f3ffc8faa22ce857,eca30052b95a101a8c28eb20,e4a499a3f93c6c3ba7ae36e58fc764208d91c6e4f16f0bbdb53c44e53380e9ef,8c7796d328582c6872630fdb2a1f395d91408b08d4b5356ea7e976a20e4f2e4c,STATE_POLICE_RECORD_VAULT_A,demo-key-a27e431d0ad1,4d27b9f14f361c0b801b6c2836356f277ffbb3e53c386a9d42cb6f624fb0d6b4,7933a9e786208782b2121b259774e2bc190a1ba54691d6fdac35933e6f1aa303,P-2026-05-STEP2-ORACLE,10,c48539394ad0c37df43e619560dc12103014b5151259e4df48a60186fe9c5db1,ef4d1572181a2435aebc2506fc1f4a12b09f9f88bb8c82954a7e9792d77ae974,5f616aada8bf144b6fdf87f5d11d9097b852c947dac151f3c2722d75ba252405,true,false
REQ-000461,dc7ecde6650882062908b0d9,3ce8959124fa65393d24eee5,f40572dda94b4155a06227437e418238a3f3b846061b32db02065f7cdd1a33e4,133d550a49521e7db65b840d04778dbc7b7e63921269ab7616cd768efaf192cf,FORENSIC_RECORD_VAULT,demo-key-a27e431d0ad1,2ad479e9ea39d0272c8ead01458fc8af4b63d6c8813acf0bba8a16bc99e5cb61,2c7a1e459281db589ec68750d455f44dec4d2105545802a4dc29c5bb478b8982,P-2026-05-STEP2-ORACLE,10,c48539394ad0c37df43e619560dc12103014b5151259e4df48a60186fe9c5db1,a698bd6ff4864d68838591ee4432a3bf973ad040bacee2395a1d6c9b21c2e627,16e02f760a68e655fe0ab9f5bc512ed52c244480719954ec4d1f3130e804accb,true,false
REQ-000462,d09b3513b623ce4439f5c622,c7c9edb2286a000a9dc0bcb2,b16c23873e3489ed1c88e22ca4848d58ffafb772062d570a9b3aa8b0cca1c33f,59c06d80354d426e794cf1a5519b97f5a77d1eec42ac66c3e9ed2542b66756dc,PROSECUTION_RECORD_VAULT,demo-key-a24a960f31e9,29d9a92166b2e6352b0916a0075cbe3cca988b4d8ae104ebfc415db5eefc5627,8eeac8e47236ce45f017a9d745ec47adb8b6ff1ff5f401073156dc77eea6a33e,P-2026-05-STEP2-ORACLE,10,c48539394ad0c37df43e619560dc12103014b5151259e4df48a60186fe9c5db1,bbae99fa7b1019358c0eed03a9a331a2562cbe955d1d2e3c532f53fec0802430,676d5ce828cb36999bec63141246cde71d12205be1770bc752101d8ad08a6ae0,true,false
REQ-000463,b75e8c8b30e094fcea41d709,e862faf305de4475782c141c,26088322e6d51008eb86b20a5434257b055a997a3728f30df78e04c52f7f15ac,38b5ecd24362c421c4d0b32a04d67c2563c56b4c16a30c8c4e82f2f3ecb0ddba,PROSECUTION_RECORD_VAULT,demo-key-a27e431d0ad1,cd9551873960ea4cb84de9646ee919b7f9af5fc33148f845fe70b74a21b8e9a1,eaaf8bcded7f02eb9a3b62f7ed384ecf92359f6cd5d9cb31f773986aaac81d62,P-2026-05-STEP2-ORACLE,10,c48539394ad0c37df43e619560dc12103014b5151259e4df48a60186fe9c5db1,605c13c92069187b8d5c7af83efe3130bd4f003f5f7410fbb1fafd7ca40d907d,bd014abd091baca1238d6191b7178c8eba400cef7c9d85e8efde90c7c46881ce,true,false
REQ-000464,6306f9f14c804fd8a63eb60c,9cda1178961264716371147e,f9d6591abb4b22eb2bf0553bf6c3ddab3abed0d5c83ed40d575feca97e4a04da,9929d52ec7c2eda9735681c7506b1573f4e213376045297cb77bf5ff33d814e2,STATE_POLICE_RECORD_VAULT_B,demo-key-a27e431d0ad1,6ff4131a1e8001aacf97386dea25bf400506150d6217ac151ed6e18ef3c975bc,6e3c157d8afd2d92c5ecfc9124262bbefbd26066f91d13fbdc7bbb69be8d623f,P-2026-05-STEP2-ORACLE,10,c48539394ad0c37df43e619560dc12103014b5151259e4df48a60186fe9c5db1,0a27963bea8900df65916a2593c383eb166fb86346661c06002836fde808c1c8,27d399775e0b1fbc31688d7cb14f9eeadf3d27e99588e72aa0a6c779bbfc1f91,true,false
REQ-000465,7ab3e40f2a90e61c28933d11,56b6ee4aa5f6f4f0202b5408,fbcd02e98ba6e37f0072a0c98f0f9d4012381134081e8a69200ddb8ca318739b,d187734d0029a8f8ca2f38153a9978aec530aeb582279c361efb6ed0030f00b7,PROSECUTION_RECORD_VAULT,demo-key-a27e431d0ad1,3054a25d1036fc7ab62e96ab786f8e1669d11d8b9a6bce78a27363d39c00db61,dc9b3469fec171672ac70e11d81eabc3c3e3dc572988c19a7875a09d3016510a,P-2026-05-STEP2-ORACLE,10,c48539394ad0c37df43e619560dc12103014b5151259e4df48a60186fe9c5db1,18681bc3874d024629d7088c4b771e48007abd33815d134f6ef2f7b57ba79eb1,b42938857b0bb08bc06c6769d3588c0363fe609f63fabf47fd699010aa660f80,true,false
REQ-000466,cd84e4f0dd8740713e22e1aa,0dbcbb3c0a8cd30e2bce1b3a,a6bda3ee86facfc05af462b35064aa6a516c695f3c50f3fd87675f6edb275c4c,625f51ec77c5fec3156dca53b9b0f8cb7602878d729aa3fc85c5bfbb6904c0e3,STATE_POLICE_RECORD_VAULT_A,demo-key-a24a960f31e9,40022e87f9e2e138261d3dc37766b77451b4619b394afe78f7bc3227a4b0cc53,466b1eb52da318b4915e689bbd7d2247b92cace856945c453168ee16d13b0148,P-2026-05-STEP2-ORACLE,10,c48539394ad0c37df43e619560dc12103014b5151259e4df48a60186fe9c5db1,1f6707af3b1c6523559b19e1f84615c3531167060498b8c4fe268b7dd0114c9d,efc4b1fac43d2d31c93e19025ae98d4992d25581ea657f5ef05a0880b66f19bf,true,false
REQ-000467,480dd8d22c5fc6cb6b711fb3,4a24dac0dab7ed336c4e4379,bf3f7d3d9e7ae4b3c131910541bc5fc58cd204ec1e1c78ef895bdb4d6c9c1809,c2c4ffe4518f71788f959d83c1db56cb213ff1ebed3279dbe2f525200fe5013c,FORENSIC_RECORD_VAULT,demo-key-a24a960f31e9,28a005b0ba7350d2962159558a1a0302e07c76c32a0a39f4244cd26f5fde5be1,6bc3d5e34560b87379fbad80680acdfeaae9c5d3dce9344408bca7d793b6aff4,P-2026-05-STEP2-ORACLE,10,c48539394ad0c37df43e619560dc12103014b5151259e4df48a60186fe9c5db1,e14ae3d24be320f2279f5bfea4c03e34363914033ca6ad067a7ef20497506920,8e658f92002af04a6cdbf5a685ca2cccbfffae886566e19c46ea6d954a2d5a0a,true,false
REQ-000468,206ecfa615baf8d96316ecca,efeb734cceb9b964e0b65b1a,c29fa7365bd4c2e5d6bf5c1ba38f64a60da7985bcf6b45e01d8b98f128a1501a,d54de8230160225e558bdece3aec2b7fe38140693af02ee4a78be42ca0c41c43,FORENSIC_RECORD_VAULT,demo-key-2f8689b230b2,b17aa68ca5b3b25c7070efc120f575da99575bb1f4146c88edf80c765777474e,792843e63d800a12fad917265b30af2ec3f24129540d1486949d250de82b2300,P-2026-05-STEP2-ORACLE,10,c48539394ad0c37df43e619560dc12103014b5151259e4df48a60186fe9c5db1,36919da22c01cf71baa70256eb66e7e6d57274bd0e6c959d4cc3149bd57e7c5c,5253042607929e3c3207b618428d30a9e75f369fd608a27070c9eb36dd417e9b,true,false
REQ-000469,7e1af28dadbf5d983261b8b0,7a093dade47030aa1695a558,deb8d47196b87418a1b20208d6cfbbd614a30c1dff636e112e826502ac220523,5cc6cd997eabfa08ad04850e7bdd68e4263f566c2fd1714dbc5bdcbf901ef210,STATE_POLICE_RECORD_VAULT_B,demo-key-a27e431d0ad1,319a22c15a9f2b522627a5ab84446d704bd1956d0ecc134466fcfdb77435d212,abd2fb44c3d541309f97c1c226bbbe3aba22b6104e842ab549d63d881aa58449,P-2026-05-STEP2-ORACLE,10,c48539394ad0c37df43e619560dc12103014b5151259e4df48a60186fe9c5db1,eadeab6c058d6a8667421a577d52698978e887f8cd79779a11af4d235ae3ad21,198b7c27c2c45104122713e6d24a34afe73f118a4ea54623ef9d8da360efcc33,true,false
REQ-000470,da955dc4e17b595e2820e3be,52bf0661d00fddff12b9bd13,4efd27c24f50da9528719abf7445f0587bb38708797af8c7853fee913bac233c,e7c77236c56123f51f76083c52fa9a7a53e143832583f6054f3be18c34aa2def,STATE_POLICE_RECORD_VAULT_A,demo-key-a27e431d0ad1,909b8a9d8d889aa5cc8479fc48733171c062911beab7a90f3f5ff3e47444713e,088050f34e27bce398f1b381ea2555f268aad02703dc432937ffb63db43b1525,P-2026-05-STEP2-ORACLE,10,c48539394ad0c37df43e619560dc12103014b5151259e4df48a60186fe9c5db1,55e48d93cb2a9707bd616d5170aa0d024a1b7a147ea2cf115a9cfa54882a2d04,915a8301f0710a22f666beeb69267c8db59e91d9015c2485c843249cbe166ccc,true,false
REQ-000471,6806ba66b352cd0ace2dc62d,819853f64813f0b089108e9b,293aa62df3449b88cd1b780537ae5ebad8da1e70c7e0acc24d99a3fc745de390,97136cdd0aa32e34bdaa11c93c22607167fc605d932d2d8385452a4ed5587036,FORENSIC_RECORD_VAULT,demo-key-2f8689b230b2,d4fae06a968b9d2acf5495606c5e2116d3aba455de4acf49f81de762075f2ffe,635ad6b18c7d285a80db571c84417693e206049960d7e97851d821ba1f6e1d07,P-2026-05-STEP2-ORACLE,10,c48539394ad0c37df43e619560dc12103014b5151259e4df48a60186fe9c5db1,adfd4b8d3fae67a8ea7753fe154e3832dae8aacaabea86a74977e2c6546b9742,cdc92120ca01b2f10200cae30a99a369b8775bf6b1b3bdaac50c4033e2ca8bf1,true,false
REQ-000472,611df5ff59543174c9f30992,dd4d7566b526fc12f694ce2b,7b2beebe77d742b46775555659ac9728f12ede2d731187b343d6bf1d7ebf4892,b8d1f9f8cc2ebf4294fde6530f8c9ba325a1610dd5e5fcd751420527409a3383,PROSECUTION_RECORD_VAULT,demo-key-a27e431d0ad1,09bd8c15927c26c13505ec56d6df9866e2a171361b4243e89e1f94022d1af34d,48e3c582208c071d774da52c7983e006648ef527e859f2f1ff03ec0c6686f5c7,P-2026-05-STEP2-ORACLE,10,c48539394ad0c37df43e619560dc12103014b5151259e4df48a60186fe9c5db1,d15c1acaf8016dff0c480d899d136382bb2e58e2b590973285f2496dcac0dff3,24a9e00073e066b9fece9d1f8bc23d6c592553938ddd0b61b7759a727c41c4c8,true,false
REQ-000473,621a5b8525c112683611c655,2eb17cb2940cb76227535010,7561a45d729cffaeec4ebc8037945f0357b3bbe15201d6e204ab0bf15d761a88,8a7ee965eeaa987e3fd21ae3de2a73b2ad8edc4f929cd9a6a803def611f8a2eb,STATE_POLICE_RECORD_VAULT_B,demo-key-a24a960f31e9,7a0270af418385bd18eb0919ff104e8fbe99d291f2cb8efd2c1cae226c71fc85,c3a58210f8f3d30b075dc38de0812f09efd8508c8ffd11f43c793587df841123,P-2026-05-STEP2-ORACLE,10,c48539394ad0c37df43e619560dc12103014b5151259e4df48a60186fe9c5db1,a250bc952d07df29f60e37e45774e03e2f5cf689f408c86089e0f2b08f35da2f,d264798cda8f8ebc3562e9743c7f2f0fb097f949b1d5299a8370dc0152d0f689,true,false
REQ-000474,c029e206494d47d41682de9a,56418b7da758522ece76a696,d894920f57d55e954ab1c176abbb60c78fe692b21678c6005ab04e126b7c79b6,1364441aba7743d85c35648a7742e9ff858d043839aefba9db0a624a77d0b312,FORENSIC_RECORD_VAULT,demo-key-a24a960f31e9,4afff8e04968b772fb4f3de5b1f82089b8f058d9fc13de35be79a36ae8e395eb,cbd7df53728b3393bd92f45f58f12d351334e95493eb1b08721cb2cc16cb7799,P-2026-05-STEP2-ORACLE,10,c48539394ad0c37df43e619560dc12103014b5151259e4df48a60186fe9c5db1,dfaf3f9310e17fdfb12634cb2c5b44786b0cfc62ebb4911b7d85cdefcc11d339,5fddca0c56a3ea1ac1f831894f73526d636ca61216c05439ae63124ca161da1f,true,false
REQ-000475,9cf76f652fcb60053f1a781e,e9b86082dc55fc68db746096,4c2357b9293ffd19590be3d409469253222355c29b31147ed16abd3b0f9c7ba6,a355f43855d9729164cb1aefe3d0174fdbcab8fd3e41f0142652b95dae56be92,STATE_POLICE_RECORD_VAULT_B,demo-key-2f8689b230b2,ff3661d73d615f37ff6ba847ce6c10f0f3b5f63cbe359a62823a0c3fed6e7a17,6e7dade62c066d8fc64a0b17de97c2550e5e90586355b59bc08fa11d2f6dcda0,P-2026-05-STEP2-ORACLE,10,c48539394ad0c37df43e619560dc12103014b5151259e4df48a60186fe9c5db1,30848491ee4556f7372cabb4e65e3e68fa39630479c7e92baa0f921ca2dea372,b15a118f2583599bf8d7f38ec7bc29acd5432f9907779f88e37ac18783bb512c,true,false
REQ-000476,081f8b348eb32537b20fc451,05512921708da1820b7bf6d6,1252de41132fd4b36c9d702dd85157bd42e67268f69f36b23a22801f7ae2dda5,5e3bb6be81368b9e94307f22631477c13ab65a449840027edd52df49c9a716a5,STATE_POLICE_RECORD_VAULT_A,demo-key-a24a960f31e9,33b7bdba287971ecbb2de23aeb3eb8f3be091c0cf80c0998bac6911a5835f06e,8cb6817d7c3d7f88d9e33cc3ed163037b6cb64deec347e8bc0863d94f987b5fc,P-2026-05-STEP2-ORACLE,10,c48539394ad0c37df43e619560dc12103014b5151259e4df48a60186fe9c5db1,01223eeba02999bdbae2a9196b275d8f04ebc2d9f5bbb5d42c6356fbbbcbee79,e382e6629360323dd8abcc0a4dd3ee2a159d87d5b56f920613e07c961d75ecd7,true,false
REQ-000477,4ea55cba83dc306bfa955910,919340c0bb105dba5fc7b790,c17a0027956f6d44f76def10ca058e0686ff3113d57a99270f56a5639d5d5d0c,d31384f5bc7b28721a6d00f0c741f183438b5831f64210533be7b7c6eee91eca,FORENSIC_RECORD_VAULT,demo-key-2f8689b230b2,165fa7b91a0153ac433ea20a828034fe81a07bed95468396c69b634b9120835c,444fe2484abbe985a19f7b53d6314ca95056c9b25657489e1dd4615b6eaa42a0,P-2026-05-STEP2-ORACLE,10,c48539394ad0c37df43e619560dc12103014b5151259e4df48a60186fe9c5db1,fdf8cf88a08f1f791e4f677651408113028eeedc37954bf67f2c3fb09385e48b,0ded525c35e6c032ac7f7b1995392dcfef1423d5d454940654cd6c644e24fc54,true,false
REQ-000478,cd84e4f0dd8740713e22e1aa,0dbcbb3c0a8cd30e2bce1b3a,a6bda3ee86facfc05af462b35064aa6a516c695f3c50f3fd87675f6edb275c4c,625f51ec77c5fec3156dca53b9b0f8cb7602878d729aa3fc85c5bfbb6904c0e3,STATE_POLICE_RECORD_VAULT_A,demo-key-a24a960f31e9,8c8089d3ce9ab2a4fea7b8b928e336a39622a8d5ec1531b3e2c9caf00dad721b,e38de56bf3a5ad7ee3c0a2368df0f64a26139eb6eb56e9f673768583b7d47845,P-2026-05-STEP2-ORACLE,10,c48539394ad0c37df43e619560dc12103014b5151259e4df48a60186fe9c5db1,a3facca54a093ffe94f8d40ee5da0f42efde8556b3197ddf5d877e993eecb86e,9efb58a7d8accf53f5963a0d155c8fa47ef938742daa170a0e8e07d98ce880a1,true,false
REQ-000479,c8ce7d730a23ef48683bf642,036c7f3b27cae173fe1411fb,4e1abb681464cf85553a8ddfbf5151c1f997ee956dfbb5d8c454fbdbcc0b786d,a8f1a51f81d1863703448fe3e09117b966cccd8d3ad1a966f22c271142787754,PROSECUTION_RECORD_VAULT,demo-key-2f8689b230b2,8c01bee3403402ea84f6110072a110f3a712cd3a651b79f0b4d0036f9c399822,502e80a7335acb1bd79b190fb3368d326a21ef2866aef40c93aa978b5102cd92,P-2026-05-STEP2-ORACLE,10,c48539394ad0c37df43e619560dc12103014b5151259e4df48a60186fe9c5db1,7f020c057188b1c5b38f19168f1b0ae0594b0a2b469057874095c8a1bf270319,e87eb1568fa3a90b6acf10c4f4ece267e2c1de7c37a58fdd621b5f88730e3f1a,true,false
REQ-000480,31c8bd69fafd25493ad89627,9e40c54fd65bddc1028821f5,fdbc86527181e0a528588279d9e2fa4784a4c20a4cc96644e344ddc83420c881,f41edc26ba08ed234972fd2648274f15f1ad7525dcc2db10ef49d852a8a7e017,STATE_POLICE_RECORD_VAULT_B,demo-key-a27e431d0ad1,dc548f58d7da22866d7834f8e6ea9b0178672b2961b84540deabc47d2b68d665,2c5299e3241c94110fd83998f21dd10b0e5f19617d3143765e6683079c38ba54,P-2026-05-STEP2-ORACLE,10,c48539394ad0c37df43e619560dc12103014b5151259e4df48a60186fe9c5db1,f3681fe1240a3d207ce8248af17e5e25aa8cbdda09e7038de6d1e497bb9eefe8,1b9834d9382f6308ed5fa71a8ead97b7632fee6d1967a789e78741dc54384b4f,true,false
REQ-000481,8cd436b23498bf982d16d8f4,bb154674f5a059586f1c6821,b8cf8eb1e178937f59ed15529f30deacd485c2d575885b9be0a03cef35f780cb,792e06b8431fae4db986633340cc65304cb3cde6715772953c0d4d1cb908cd10,FORENSIC_RECORD_VAULT,demo-key-2f8689b230b2,9f6bcb69359b89845b4530fa0ae09a8b7ac439145f6e6654b2c85923cae54f3d,b66bcdb6fb6af4c69b00f395010bf8216711a0d2a65dd5b956efc05c29fc8c78,P-2026-05-STEP2-ORACLE,10,c48539394ad0c37df43e619560dc12103014b5151259e4df48a60186fe9c5db1,2dc96d6d5d546f8e86cce2edd43098670ff770f6c4528d3c57ac7a9c4506e95b,11a425d75a71cca86f524cdb8f63eb5c8e742aae6f4ae66ea92abc396c48c1da,true,false
REQ-000482,b011cf5ae48f4ee0fa784772,d86a9cc13aafd60eda7c6a74,83053e1be844e2a278769fcc34722f7d621efbdeffcbb695e216750b54ad2da2,b78ea12fb1f717b0c4f5bee76ec26703aec556c6606015b68ec97a28a69d1fa7,FORENSIC_RECORD_VAULT,demo-key-2f8689b230b2,2762597f83ba77c1bf73d7fcaeb414c917ede9d2f7e4ada72781755b63e44809,8dd0a015e28be4718f7d94018b9dd2507721984b22cc4d81c093528ba0dacccb,P-2026-05-STEP2-ORACLE,10,c48539394ad0c37df43e619560dc12103014b5151259e4df48a60186fe9c5db1,a63bd604dce34cde05cb9e2cf22c67dd67333555370ac4e3c1be16dfc04c9f53,4767dc2c9080ad1299d847acff25f4497ce186d65d17c23f13dc9b1b156dc97d,true,false
REQ-000483,175d5a935eeacb3276aa0ab5,47e0da9d7851425ba8982031,412e73c7731568de6dde15c23695ed109f4838c666cead6a0e1d49a8d7e1cd8f,a92d4d62e690d4b71caed4339cd564fa5b234659a69fb8df2bdd3ce336495ea6,PROSECUTION_RECORD_VAULT,demo-key-a24a960f31e9,063924fb39dfb77962ce170b1e7ae788e65f1f02c4dcfc763ea9ff3331ac5c6a,1999e71cd10aecdeb443ea3b0307874ebabff78620077c15dc82ddf2b87a1766,P-2026-05-STEP2-ORACLE,10,c48539394ad0c37df43e619560dc12103014b5151259e4df48a60186fe9c5db1,54d1ab50bfea6ba6388012c3efd861031b84a95145a4f1bb60a618f683fdec82,1c3953e458308bb7cd8beb844b7fb992b2b2bda2bc032b8a760fc0c62d159c85,true,false
REQ-000484,f4972800f0988fc7dc7942be,67e93a84d3741e539579316e,540a272a6dd77659ec2a2151606b669cd8a0e0ee14a9343f20d45dac030e6670,2e8b146c88a56aa1d6ea645178e1ff619ce2169655f3b7b515e59465a670ce6b,STATE_POLICE_RECORD_VAULT_A,demo-key-a27e431d0ad1,9af54918b1da91aa84782ab4194802fb733d20e5d8edac8669c041f8a945f2d3,b87c856232335ed433b1e79c81848ad4cac237f1fe41a07c36640ce96ae129d3,P-2026-05-STEP2-ORACLE,10,c48539394ad0c37df43e619560dc12103014b5151259e4df48a60186fe9c5db1,82c279d237d7d940de7743f1d530020896de937fb5bd1731daceb0c0d5f5a2cc,3546a3e1a28563cf92ba6f1565f05241a617f38ada0a99ee46e695773d56c769,true,false
REQ-000485,5820681615acad6176f4144a,2f5118a413a3c48a76c54af0,4d2355b11f4476ee41e5f63c9d9e93b02d9b3ff7865aa3ebdabbcf8c181d25de,268b378f34b6c926ba03c34af610bebe9824f5fd81031f1a8d1b1195c3e425c1,FORENSIC_RECORD_VAULT,demo-key-2f8689b230b2,4d8523f7be9e391e017ac35c00ecc568c6e476584c0352896effd03f5f34a733,5e0a3df1d410d2e54fcc28bc7b90862d22d23edf70334c73f4abbf4d54fc466d,P-2026-05-STEP2-ORACLE,10,c48539394ad0c37df43e619560dc12103014b5151259e4df48a60186fe9c5db1,e7226b065b8a9d7d4d06b370746210435ba41a058cc2418e8880df4aa2f6073a,635a35a6d1b565996e5d3deacaeb2b0f848a211923310ee616f248107fb27156,true,false
REQ-000486,514216f8601919c64b5e89c6,cad6ce5fa01a0afbfa628789,d446deb2e67c67c62a7d52c5f00535200f88bcf2a24bf1daa95b3a56599560bc,1ea430103fecab50513407718248c42275590e92309c3e92e733480c6b0996c6,STATE_POLICE_RECORD_VAULT_A,demo-key-a27e431d0ad1,16b43862803fc25d2def5fb6b6bb598451b6d5c1103c41c2a2bbfd29d9066aab,2c4bf4862542a5018ec25e8b30059d966e137aa85dbfdac1a3f3db1820328dd5,P-2026-05-STEP2-ORACLE,10,c48539394ad0c37df43e619560dc12103014b5151259e4df48a60186fe9c5db1,fc501cb07a424dc7e62e4958cf103e7d0842c8cc608101b6c6754958c15c35d2,2690d040ad17c3e7687da8764baf5469557cf59453e8e3f3e61f10ba7b1b15c8,true,false
REQ-000487,0e1d97f5f0e6ea3b9c5ccb7f,6f7484cd18c5e905f17ff129,41ec29fef26747021bc647427353a0905c527219b4ba792b77925fc39eab5ef0,ddb36e28d4a2a99a8209317f763252779d800349fdca102065db6db1b24692f0,STATE_POLICE_RECORD_VAULT_B,demo-key-a27e431d0ad1,11601717a7ae259ae8c990dba620c095aca483d83dec410e59b9061073026e36,0977b7bdfa2dc66b442fa3877ff8ae90f656ab5033449f491bdc10c039ffa3c9,P-2026-05-STEP2-ORACLE,10,c48539394ad0c37df43e619560dc12103014b5151259e4df48a60186fe9c5db1,81f336d620ac33a029cb35fbfd78ed01a115756fb87b50af8ac9133548161182,a15dceca6ca796bad620d676aa74b2f1a9431fedc7066f5c38e4c6c1b52b985f,true,false
REQ-000488,7688899d0d149034386f953b,2a27117c7dc159fe6a39a48d,14f633238d715a16b856b84088cf352c57914bead0b76ca61b4dbad131967ce2,ff70fc310f468f2546ce9eea0b8c22fa3577cd4b5238d7c2f51927a117a60c88,STATE_POLICE_RECORD_VAULT_B,demo-key-2f8689b230b2,92043e52dd4215258009abf5f928f18d69be47e4ae300e6931c68ef39a930b5f,885d90493c6d3d43d3476adfb825725f94a053a318da81146a2c684c7254ce7a,P-2026-05-STEP2-ORACLE,10,c48539394ad0c37df43e619560dc12103014b5151259e4df48a60186fe9c5db1,5ae261d7ca40e900c3a4c444629bc62483024bc3cd1b0305cadd4830a2e5a009,48317680c9bbe43ec5e6db04e472684626791aa835c91cee1040e01acad6f190,true,false
REQ-000489,5829dfd38c2f180bb5b50f42,f92bbea536da514413b78e3a,77c4aef676cf447923df76219f001b39325e0997450aa996ed8312928e4cdc00,464bc6aa0b3afe294fdfba77084f0530f5a28cb393c0f73a6b926a746e4df68a,PROSECUTION_RECORD_VAULT,demo-key-2f8689b230b2,0645263c0188527e50c1500961a50bf867d4faf726c6c6da2b46272ee916aacc,b5913f4a911cdb75bcdd256c0f02d9647ae0f733dd030c1c1ae9cb84db049d6a,P-2026-05-STEP2-ORACLE,10,c48539394ad0c37df43e619560dc12103014b5151259e4df48a60186fe9c5db1,0890b69049ea25346fadf04097e428c7b9c075f833a7f269cc88cef5e5ba421a,4bf4b1e49e4afff859ce51f6056061889f292234f5036757881525d52d6b8767,true,false
REQ-000490,e850584f79208f7544c625c3,d997121663dbaa2b3ab8d7ea,9cefc94183c8257fafb6854197d4844791635a66d3083468e3224bd5cff32d1d,1faf8ff8fef5caeb76184eb350a8a3485ea931bd76d987727e7735f697e0f737,PROSECUTION_RECORD_VAULT,demo-key-a24a960f31e9,3192b54daea60768d4dab01bdda69971df19dbfd6809d345ad4a7268c7329161,aa6eb6bb9bf957438f7f8b1e9f8d0631de02c43b7691dee7b457f2cbe062c2e9,P-2026-05-STEP2-ORACLE,10,c48539394ad0c37df43e619560dc12103014b5151259e4df48a60186fe9c5db1,32a497681c25787d3d38a0f51acac009b9f41dba20c08525b0079677b3642d35,61f21be81d65672752d79c6a484d63562b188151bced5c9faa592076c8b2267a,true,false
REQ-000491,5a2346d627dc5abc734fab91,4d64de5836d5e7d384c70b0d,bdc836b9aea809adf09e41c12d7a7bd7ef33492596e90559fd733e6e89449644,1bc0f3e662acaecebe82904d833cf3d67f1ab8231fc51c1e8acb65b91536e6ab,FORENSIC_RECORD_VAULT,demo-key-2f8689b230b2,68fe4633216e3f78e1cfba20d7429fb3f9e94ed8a8e18a2d3c47c2d3627e4207,b4b64e5990d9f116c939f756bfe31af95d4a46c9017a713a046f8de89b1c72fc,P-2026-05-STEP2-ORACLE,10,c48539394ad0c37df43e619560dc12103014b5151259e4df48a60186fe9c5db1,c42d34790a8527ed8a048f061af4ba35721eda803925e418947acdd75fc5d956,e64e98bd066f7deb586069dcb3d001c15d9f13931ac407defa057c40c2df69d4,true,false
REQ-000492,6bcf6ec8e79fb5cd0b4d23ea,cb688cf1eda2b81b3f07ea9e,3abed29ca27d4785b5124f0f90270b9771cb431ef0b2e940340b7c89f1094e65,efd9f7064e2c1b025da26351d7260afe518c2d8afd7c512597588f12c423835d,STATE_POLICE_RECORD_VAULT_A,demo-key-2f8689b230b2,1d46a25a8c0554d7c77dd4dfd95a1b5c40a35c28b0a21147162ec5ac94f8be2a,dd8ad7b022b595f5d00e25baa4e1d18f4744869e739cba9bba84c5d2fefdb73b,P-2026-05-STEP2-ORACLE,10,c48539394ad0c37df43e619560dc12103014b5151259e4df48a60186fe9c5db1,ec694ae7478dfbc9642b7c78cabb739c13547e9626ace9374babdda33bc472a0,f185200bc48a30368b5160798c81b22d37bbd3d10af90a4676c5eee327ecdb09,true,false
REQ-000493,7421d676dad537501affa1f2,d993873dae9727f9f1cc4f88,d6f00a07381d5504e53068cb1257f062f5fe4272e10344a9ff9f6a9f5501c031,329fee7a6e6355e670ec88d99ffd9a0f9aff494f3cdeac763fc3647f6092e300,FORENSIC_RECORD_VAULT,demo-key-a27e431d0ad1,a73408662776b6dbc2964b5499a96d5ece5219fa935deeda7042a0480f0bf1bc,5b719504347d5e77f498b6f56ec0af8e9dcc39fe76b501d8337e92b1d3e50dfc,P-2026-05-STEP2-ORACLE,10,c48539394ad0c37df43e619560dc12103014b5151259e4df48a60186fe9c5db1,a2a54c49957e479b738b7bbe88c18271abbcb73359b3808b3d95e843dad1720d,55aa46f5338a04af29b1938b434f77dd1b922a1417f5c77320ce3573decf6fab,true,false
REQ-000494,aecc4eeab743055519b9afaa,85b38c5e53f8f81a712b1fee,4ca3adc0a09d2b718f8285ceaf44ede3b76aecc3e5ef6a5999a4c70806c3eee2,154452f084e60e50a528d461b14d2c924a1a9ece6a26638fc32febb51273d307,FORENSIC_RECORD_VAULT,demo-key-2f8689b230b2,0309adff861b7e3be29ed03562bede78a3980a8024a85013792f0dcc806a5440,15281fd746012d16283e30d72ce950f2e55c6590111f64d647e3d3395b3e6091,P-2026-05-STEP2-ORACLE,10,c48539394ad0c37df43e619560dc12103014b5151259e4df48a60186fe9c5db1,eab9ecfbbe6137e148a56da13983de6f0a5f45b4c34cda21d61bceb9013e4444,2def11f53a2415cf55ba409d3483b719bad7b05bc5508745a0435f27eb13a579,true,false
REQ-000495,bddbea36e35c483e079157c2,d644d3895cc1a7a260bbf0b8,0bfc1f1619552b1673c3af3a8abb06d9c370dc38d04979430e736e0c57dc356c,2b5a6fc71ccf012466877eb082800082cc297e6123b63a612cc0e83555ed0bd8,FORENSIC_RECORD_VAULT,demo-key-2f8689b230b2,cf582cb4c0d3a949374fc9a9b10c3c0d18758bf2b07099aeee0670c22080f937,65df25001828c82b1a1b200bad1a68f5e730393058e3873e3eeb0c6d86ec9f0d,P-2026-05-STEP2-ORACLE,10,c48539394ad0c37df43e619560dc12103014b5151259e4df48a60186fe9c5db1,200ad589bc8d4ff274dc36997de0e124704023cd13479e19cadfeb7830499d0a,02afe934c6d1305d0c20f3e915f3a40d96420090df354610d46dc694ab8fdf67,true,false
REQ-000496,ef42f5a6dc2c41267c313d66,016e35d3f4b1cedda854159d,a083e50bb103326b4198be64fea21beabd6bf4b59ef991d639359dddc4fcc9ed,c8586a94b7aa99b875e617bf47ad5fb43ab25f7918e6fe568f0b29644f936880,FORENSIC_RECORD_VAULT,demo-key-2f8689b230b2,8dcaf523c04caf43d09fdd865c66fdab75f9a323cb065154f5cf56dce79a5a70,2d8f134c33ed93ae784e7fa678b72781b88c16414901ba7ece87cadbe2b7ab37,P-2026-05-STEP2-ORACLE,10,c48539394ad0c37df43e619560dc12103014b5151259e4df48a60186fe9c5db1,f39d2b0c7c881c13c5cf61a6a6472cde7c5b42dbd7fd78f3b938a86eff63722e,d767bd89f20da85f315c60ef3af510b38e2d630120399b230f2550a09a495b72,true,false
REQ-000497,b3d1d2f79d5a7ecb8b5f0667,b078dbf6c576c2f828ee6e48,ec255f8e69bdc4f10edc0011ed228dc3b2c2993825f734a58ec99802a68eb6a9,056d099477b140b3dca9315cbfcda64de6afe94226af2e4cf28742eced83cedd,PROSECUTION_RECORD_VAULT,demo-key-2f8689b230b2,decc1ef46ef544cc042d13987294f2a35c15c3c596994c99f5c5f51680ced78d,8e769f45cc57c7f1558ecb7636c1ba4e9f2b420ec8809d7a76f57df10cb1e194,P-2026-05-STEP2-ORACLE,10,c48539394ad0c37df43e619560dc12103014b5151259e4df48a60186fe9c5db1,8fb56296567ffde39f03a99bbc036f9bc223bb8a1096fb7d4a3cad083d501460,11b8afb66489276b459120d5f21b8f08a6a59ffd4b9ea15fc73081db8d9c4643,true,false
REQ-000498,0c5416ff376c02a72e644dba,195d543c459cf377691955b5,2f85b572b75666cc6d674330b349a7bec113f9e57fbb6f5fc2abb4cbb0348126,e2ea5e7c9d01025055740dab360f761e1c40ebd8077570438543f9bd68fc6a0b,PROSECUTION_RECORD_VAULT,demo-key-a27e431d0ad1,11cc92d2bb5c96d7c5e406abc01eb83d92d1af0f6de8b3da18a6f19244fb01ac,2bb064e35798065a58e4adc6d5757a45df9cb6961bcbf21988c2408f61394deb,P-2026-05-STEP2-ORACLE,10,c48539394ad0c37df43e619560dc12103014b5151259e4df48a60186fe9c5db1,1666c6e17b3f830c1430861ee1dc85749ae6a8b5b1dd2dcc91d5d1335949f5b7,4e9cb33e1c4a34f4052b4386e3cc85ae89147eeaf4e44df3666b19afecfdc0fd,true,false
REQ-000499,081f8b348eb32537b20fc451,05512921708da1820b7bf6d6,1252de41132fd4b36c9d702dd85157bd42e67268f69f36b23a22801f7ae2dda5,5e3bb6be81368b9e94307f22631477c13ab65a449840027edd52df49c9a716a5,STATE_POLICE_RECORD_VAULT_A,demo-key-a24a960f31e9,2dd416b8e5cffbe9d908b7a0dd815d65d479c7bf7109fe43f70f9f8878f4cc71,1b964d4fed88798b6212740957a87558f01872abea43cb918e220d6e71e974f2,P-2026-05-STEP2-ORACLE,10,c48539394ad0c37df43e619560dc12103014b5151259e4df48a60186fe9c5db1,12f4c21fb6044252dd7548aaa378a26f056d6a97d0d2724f9f906ff5e3f31b4e,372bc4b6f6171b641992e80c7073cdc85102c7165482cc5956dbf9d517d882e7,true,false
REQ-000500,0c1424411003da95fbf32b97,f611d60bc7305686e81b1884,44e9e4121755eb882dbbcdd9039fd7c40789b3b72de90fe47b4aaeadbb7077a6,20196814a538d83e46905a50d434630fb2d66b118d2ab89f5a8f278379365b30,STATE_POLICE_RECORD_VAULT_B,demo-key-a27e431d0ad1,046246ad95604e907d5a64250289717845f51aeef644a86e5b7d885cdbe737a6,3563a6b31c4b00bfc4078d5933a344016cba0c75a6a8cb77503e1665de31122d,P-2026-05-STEP2-ORACLE,10,c48539394ad0c37df43e619560dc12103014b5151259e4df48a60186fe9c5db1,a79b71ca4ad5684fddaaa212800d06953379c2c567fa43e0abae64338829c16a,ab8d9e714b37d96684e6eb6a9111da4b66156a524d00d92587d0b27c4588628d,true,false
REQ-000501,5d71ed3aa7f62c0f2b873f7d,48bfa63571aea802fac35a0c,9c924cdab755dc0db07e625c9f642d08a3c38ac46c20b5ca1b85bae92c608cbd,b214468f4bf0082ddf79c985f80a4ee4cdf3f8106791c58b119d117e9198efb8,FORENSIC_RECORD_VAULT,demo-key-2f8689b230b2,672c23e3fbe46c94a222ed56720311b1a4586fcfa8d05bd64c48dbcb98edb61f,000f460ef8c5e5bda722cc23c85cf835ede636c53de9879c21fa40d41627e634,P-2026-05-STEP2-ORACLE,11,95f2b4f06263346fa8fcc82728e52f7910e3f6544df102d50e8aa5a7884b09f1,808bdbed7f8f348d1fa2905a453fef8625b5507afbec70207f57564488f56b96,f9f68acdad807bafd6b97d5813300446c1ab14aa5972463bfeb5b7887a01f359,true,false
REQ-000502,bcf0da0b6da0cc65eed4d85d,f5607eb608a9a43abcf263b9,736213159147344ebfc4ff6c233c724cc4ff42fc64059ada36e59188545b6f06,9e8b5022ccb94f196aa13ae4da00b3287b4a9c5707eccf31006b3e31512bd841,PROSECUTION_RECORD_VAULT,demo-key-a27e431d0ad1,a67705067196ec93a59f56ace6a861cdb56128a49cb38075e61d46ba89e06ac1,10d08af34a6dd7910d1af581cc5019790aab3b60eb6753b506f7f1bb7d5ae73f,P-2026-05-STEP2-ORACLE,11,95f2b4f06263346fa8fcc82728e52f7910e3f6544df102d50e8aa5a7884b09f1,88724f318ce8fcf16d1420026539e35998ffcf41b8363cdee19ffe3cf237c009,2c0f5dcafb6042a151e2afa5866ca4f56bf3053dacdb3d1631d704682988eb94,true,false
REQ-000503,7d234b848bd150ce84069ce3,80f38630dc9c966303ba08c8,855e2670bf50668030d0bbd5a9b84c962e8b241363ffab3e6437e46026b7a537,4257134e5143cd85721a5b1e753e55412161809142f729fb2d8b7ae81b12f5a2,STATE_POLICE_RECORD_VAULT_A,demo-key-a24a960f31e9,9904a5bea4e68dcee1672b56bcaa4291e0bc39f7411b1ceefb027f351db7cde7,dbdbbc74c3e98f0f9054ff5f504539935545dfb13bd4d64f17598d205c1051a8,P-2026-05-STEP2-ORACLE,11,95f2b4f06263346fa8fcc82728e52f7910e3f6544df102d50e8aa5a7884b09f1,e05e4a8d6257c0d79f0966652173e4c1daeef35e7ec7d11287b78ab930c43b23,f9bd584f0fc24c2114a763994ec2efdaa5a90d9cac5b5ad9b19de559efa9654f,true,false
REQ-000504,a14b960f9d5b88d2544ce012,2713abc489dab052dec2fce0,2eb5c98a0ea95f6ae0474adeceb0e5a1d8b946f78957112f294d8cb296377acd,a1c519d7b7f46c845e6187f5e338e57488ec3eda4ea43d40a9b8b2021b0c8382,PROSECUTION_RECORD_VAULT,demo-key-2f8689b230b2,1a0a5d966966c8a7d61d298dedae3992edf547a153e9cdb0828f60ce9e5fd9d9,bc0f1f90abcb8b3295640159f1e785b82d41ef5433da88cf818889cf24ee80ae,P-2026-05-STEP2-ORACLE,11,95f2b4f06263346fa8fcc82728e52f7910e3f6544df102d50e8aa5a7884b09f1,b1388a2f06e5a9e7efdd79c14fbe52541295f22b95a095e3d1cc7a9824d8c650,ea4e537b36703de05cc6c634e3025de5173ed1b50f69588a619347caa912bcb7,true,false
REQ-000505,baf10ec9465354fe201f4e39,dab822e6d64c29822c4727ee,df561b44d153b84ddf5bea735194cbc0267c87654b48ea646f7c394feb6532a9,dd9942adcf403c4467481abdd3c4a57252aab638822f06fa3b965b8f8b528031,STATE_POLICE_RECORD_VAULT_B,demo-key-2f8689b230b2,3c856c788e7557115de467e19c310de7170c23916d463bc15c628fb0a8b12093,887593a00cd4a7b608157a2b8614aa4bdffdfb65117af39ac931533b6a95cb36,P-2026-05-STEP2-ORACLE,11,95f2b4f06263346fa8fcc82728e52f7910e3f6544df102d50e8aa5a7884b09f1,85870e4d00510407a4fedb9a7128767142332a044e63ce81bb7438938c8ca554,85be222a18b7b2ed6b47e20a485261d03a3ee845a33f37e1c69f5181040d8b79,true,false
REQ-000506,7582da5fbf1d280dcf845424,594913b1f41f94dadd9b7ea6,f205092aa32a9db9836f5317e18f96957fdf75c1b58d00d3df2b190d1f538a71,f2cb5bc90720811051056f431cb1a6554cddf96a05e7e330d92fd242e3d3aa48,PROSECUTION_RECORD_VAULT,demo-key-2f8689b230b2,ecf28984211e081c773830dcd71fb6d187f3d0a5fb08fe58931413b37a634758,666eb02b36400867affb98660a2f005b8a5fc1b6082febb4aea557417704edec,P-2026-05-STEP2-ORACLE,11,95f2b4f06263346fa8fcc82728e52f7910e3f6544df102d50e8aa5a7884b09f1,56d98f4e2f6d1fefc829ba9f05b4ed3d4bbaf021822e2026c090f630338903d3,a753b961e49b386adda54bdb7ddb184c608355b8000a54a4218b1690e05ac977,true,false
REQ-000507,698b4ee210401c7be744cc1d,b13e09bc56af48cc6d213205,e697e1515134f1eb135a2e9039b5dfefde30aad7f827ad62a32509f958677cec,1e01c571bfe678a5c40e6d5794d1a95ac7499e392b7391cd1c7fba2efcf99ccc,FORENSIC_RECORD_VAULT,demo-key-a27e431d0ad1,f21f15a8229c69823310389c7ffb8a033f6f6f5482592a38838bf8238f666ea8,43591afda1577a1ce64df51b4f71b301536c3a82c68bcbddd620149e02a81ef2,P-2026-05-STEP2-ORACLE,11,95f2b4f06263346fa8fcc82728e52f7910e3f6544df102d50e8aa5a7884b09f1,5f51f44c9928babacf9990cd2719c4a65285e4b83a2a0a4ede25614ac76f6d5d,0ce08429299f151d1b3e123e767b7e7ec4bea3e64f7186ba98cbce54f0b5977c,true,false
REQ-000508,05c7c986bc49b426bf6cd52e,63606e89c62fe65e3bfec5bc,c57d86828c1cf1d87842d3eb2ed7c3280f586512e0618c8459c57671352a3a48,f6a3c897e21cbd6e798e1bc49bd76064035e7fede9b971043b0e0db8562c79be,FORENSIC_RECORD_VAULT,demo-key-2f8689b230b2,f94f17d3ecb4f9c0364aae4138700f1e286462d39ab0f421dff2741a3b7bf1e2,e77f89a0b877486803fff3427a4dea44d5aedbc75aef796718b3d4d6f450df58,P-2026-05-STEP2-ORACLE,11,95f2b4f06263346fa8fcc82728e52f7910e3f6544df102d50e8aa5a7884b09f1,f47644bf626b7852361a53cb329c58f7e5bc351e010a7d5e4f58feb272658210,e43d6a00ba93354e8834d658e6ea849bad63c749bf911aef27ba65c1bede75a9,true,false
REQ-000509,c546f9235f27603167edda58,e3d6da7d416bb5293e27a4bc,e6180e967a1a5332f7197ce51defcdf105242bf139bfc61d6f25cc9fb16f3473,777374101b0dc00fffb1643a1b70cfc9c900a78ac82c6c9317b5b3993f8f84ef,PROSECUTION_RECORD_VAULT,demo-key-a24a960f31e9,35fe4bd56dfcc07fff142b6838e186a326c6f541582cf87f4ecbf5c4f7828afc,64d08fb0a82167317fa0e536fd0cda4934de818ed92a346a7cbc51e7577ddc3b,P-2026-05-STEP2-ORACLE,11,95f2b4f06263346fa8fcc82728e52f7910e3f6544df102d50e8aa5a7884b09f1,29e93756ad649090853e6ea31c4e53beb55c8f23f49bdbcc68c1e2ee6ce18bb7,a26a9343ef124702918b35ef559d59f5caba4606da388e18dc269264050f42ee,true,false
REQ-000510,05c7c986bc49b426bf6cd52e,63606e89c62fe65e3bfec5bc,c57d86828c1cf1d87842d3eb2ed7c3280f586512e0618c8459c57671352a3a48,f6a3c897e21cbd6e798e1bc49bd76064035e7fede9b971043b0e0db8562c79be,FORENSIC_RECORD_VAULT,demo-key-2f8689b230b2,45590c325eee73043891556c034004a1e7a74715fcd75ab8ef3c6b190611c386,bcccb2c9d0526d0d2ff3e991b0a3f7b2eff7b2ef0782920bc1829991eeecf321,P-2026-05-STEP2-ORACLE,11,95f2b4f06263346fa8fcc82728e52f7910e3f6544df102d50e8aa5a7884b09f1,0e8c6b271f55da3d1747a7f121696fb3347b0ad154d15303e1f166bf1db3c7d4,0a56601fbf0d455d28fe0f70a030dafcae82dcfe82e942ea28abdff3ffadb164,true,false
REQ-000511,48cf890fe5e2b35e37ba9f33,e6ecaab8ab675585745157d3,d15cd4e4b9c31df05c05901aefce75ac9fef4637bf268559fce249d5809603ac,9a9f1a66210b07c7a0ab8cb0181ad17d37c8c33c3073d6111f4f53c9d716ee49,PROSECUTION_RECORD_VAULT,demo-key-a27e431d0ad1,af72cb85454f8a694fa0980e689959dcf90b139e014426e3219fc95422141b81,1d1d70ea70f86ecc1d7d312e0807eac81ab7af9ab33fe07fbe6088566ea63188,P-2026-05-STEP2-ORACLE,11,95f2b4f06263346fa8fcc82728e52f7910e3f6544df102d50e8aa5a7884b09f1,38413a9c0f9c00e5d641016b70a70003494cb9980682a9d2689c9d8ea191617d,30068def810be9f5f1837ac0c14cac642aab3ff0fe256e55518539e95830b7c4,true,false
REQ-000512,843cf898ec16befab9bb0dba,a541105dc3f639e575e99053,ecaf9302687cb473be40a7ecf9eab0869f46fde38ed51a1241fb2760d27a14a5,197e4fc73a270f35fd5db4a23924c1a6f6ddb297ed1ed1fe79e46fa89e003f3b,STATE_POLICE_RECORD_VAULT_A,demo-key-a24a960f31e9,70fe7e8e3d02c77d9f6c4ac4f374a69cc2a90f0c88eac363f7ed99fb2a6386c2,cff6e4c8b551c1e758420b57ee30576a2b81317d8788f5c5003661947ae3bb79,P-2026-05-STEP2-ORACLE,11,95f2b4f06263346fa8fcc82728e52f7910e3f6544df102d50e8aa5a7884b09f1,3c51778bbf907aeb2ba0a7f5a865bef7de3f02e4bc51133e5694ca2d29faf9b8,95601040510a461923bea5ca38af2a8db93e68eaab26ed88bf1d0b72cc0aa189,true,false
REQ-000513,14cac1db740ca3069e8c9406,d58b6e574741ec3b7bad435f,fdbb10747dc1b025894f71efd67a3e28089d8e60be2a7febd25537569c0a614e,bddc48275871321e155d77a1412346072ac4c7bf550fcf79a615905e9105aef5,PROSECUTION_RECORD_VAULT,demo-key-2f8689b230b2,db30b296d7f03a06451181b80a1c31384aafd3b55dd8ab5703c1e12ac0c6b3a4,953167bf24bc0ba659937573d75f5a09e49673fda26205e6f59fe6d72f2106d5,P-2026-05-STEP2-ORACLE,11,95f2b4f06263346fa8fcc82728e52f7910e3f6544df102d50e8aa5a7884b09f1,2b8fe5312ac9b694afc352492454e5a0862320b8051dc0d4160f483f7b818735,9c192e1c6b67a387b6b53f4c30bc973c5f2aba77f75b312eb0675decb9931981,true,false
REQ-000514,c029e206494d47d41682de9a,56418b7da758522ece76a696,d894920f57d55e954ab1c176abbb60c78fe692b21678c6005ab04e126b7c79b6,1364441aba7743d85c35648a7742e9ff858d043839aefba9db0a624a77d0b312,FORENSIC_RECORD_VAULT,demo-key-a24a960f31e9,bd32099b3a7478e2a8342af0cbb5eb8506c072c0519985e8d3b520fa7da43f7e,2a27b36ee806a07bac8fb35702c70ccf7bb819f3822aba1bd06233ba9326b99a,P-2026-05-STEP2-ORACLE,11,95f2b4f06263346fa8fcc82728e52f7910e3f6544df102d50e8aa5a7884b09f1,b54134c5a6187ff48ca7d06c2050dbddc3f1a45e9a7571883e2d038c75d2c304,c97300e5159a0afc7501eaaef068fdef2680369382b299928689f0eab97bd24f,true,false
REQ-000515,5d20a2d5caff676d0afb5185,ee00d2eadc62f50604954973,25a780ca52519b3ff11fd947b9d88e7b7aff699ae319d2e566369010d0bff716,3e8ebc4d8415083baff9d432794c0571dbb38e59a758333c17f4b0bb842ee372,STATE_POLICE_RECORD_VAULT_B,demo-key-a27e431d0ad1,6ef147ec021ae905618ec170c7798e38d0f026318a868af6937cb325eba19f6e,33177bacc7b7c81f8481a7f92fd13dad398db47b1267ea239a123a0178736848,P-2026-05-STEP2-ORACLE,11,95f2b4f06263346fa8fcc82728e52f7910e3f6544df102d50e8aa5a7884b09f1,ffd61fa7f8f715ec4a71b1d46eccf32d7e6c7adeebf036b8668279443db3e1fd,b27c1dc3646638a0b3b96960ab72e88f02b2024939c80f904439255d36dec879,true,false
REQ-000516,c3c560b7671d3f284c65f621,fef08dc7218445b6fed5c69d,eff75f6386634c3811c0fe8b9eb579be5c1f6f88c7336279d07b6949e1e634ac,5f6ba378023ece1a0ad5082bdd31847c3a3b033ca3a7462e6622a23695365115,PROSECUTION_RECORD_VAULT,demo-key-2f8689b230b2,358c6304f8ef281aa22823ad4228b4455e37f7a9b2ace3e3ef2877ac5416a1d3,7905cb9ad1d3b7463fbc9a5632d2b12f2891970dfaf90cc69e0f65eef81a2727,P-2026-05-STEP2-ORACLE,11,95f2b4f06263346fa8fcc82728e52f7910e3f6544df102d50e8aa5a7884b09f1,1f45e9e30bb0efecd4be63f6824dfc92c82ad05bce50cfcc558e7baa03a7250b,f00265e2d676dec105989b409d734a64ea40fd47dbc64b984c688ca70cc21cf7,true,false
REQ-000517,bddbea36e35c483e079157c2,d644d3895cc1a7a260bbf0b8,0bfc1f1619552b1673c3af3a8abb06d9c370dc38d04979430e736e0c57dc356c,2b5a6fc71ccf012466877eb082800082cc297e6123b63a612cc0e83555ed0bd8,FORENSIC_RECORD_VAULT,demo-key-2f8689b230b2,1d215c0fe487ec0867e0171444fbc24338c920126a0380eb9d0fd59e204fcb84,f8d525294bd44c4dd4f148123e71d377e6d7cc18578d701aebd9dc0221a7a8e0,P-2026-05-STEP2-ORACLE,11,95f2b4f06263346fa8fcc82728e52f7910e3f6544df102d50e8aa5a7884b09f1,57368ed5a695d05f56e6ac761bea5f455612322be3cb09cee4b61674f26ad8a9,b6a9c1189ac44b0435fd6eccce8ba208b45e5055e3cfaaff91da8334c14e6b79,true,false
REQ-000518,673ba424a3a4663dda643f8d,df127016bf222a976c769ec4,03c5b4aa84f33576de74ee22c657b845242d1aee360271660b7727a13778513a,b3a57cbcf5d9cec2cd1340ad246a57583cb9269d846f686250fed619be9555ae,STATE_POLICE_RECORD_VAULT_A,demo-key-2f8689b230b2,11c5ccc86dc070a2e0da6730c05faf5d4356eacb31ea7bfd534c8ccda6a95c48,05f336889ca4bda904f9d1518c7cc730cb55bd60a6fe9472047ff8808e011930,P-2026-05-STEP2-ORACLE,11,95f2b4f06263346fa8fcc82728e52f7910e3f6544df102d50e8aa5a7884b09f1,303ac88f42bb82d356a7280a2bec23b632f7a2917712994bcc57040e16c81a5d,31b36f13a4c22e8a3eef5dc5e5f1afe39d3694b6ef7d7ff38d15139885f1ca90,true,false
REQ-000519,503913487f4adab6b2f0d310,94632578567b1de038eb1c32,32b4c46e515e33ef4433c121d63d87f487218bf74bf2bc5f7984d9d540f038f3,5fac1798de30abf9f06bf27aec9a1afd178c8e8095df787403041f1e6258e6d6,STATE_POLICE_RECORD_VAULT_A,demo-key-a24a960f31e9,048e8679f30962b27ba8ca4b1d6393656a6888166fb2ed213cdcc6427075c874,70fd990afb21c0b86bc109fc4ce0f1e6eefb9503ed979cf13616ec12c58ea9a3,P-2026-05-STEP2-ORACLE,11,95f2b4f06263346fa8fcc82728e52f7910e3f6544df102d50e8aa5a7884b09f1,df106398051e31436f5c70bfcbeae06f499da6817f5ed2ea13826aab79035649,b52af3473c3758cf6347525bfad5441625e204a83ece83d47473622a3097da1f,true,false
REQ-000520,013db09002c5359870535b51,2e2ac9a056b9d38d5ca25b36,a684b83604e5c15b12cc17d1105fb27dfed23be0c73f1aec0758cea7442547d3,fb47cbdcdad3d34287af31a680f24ca24bbf0eb59b00e6f0705bdfae3ee24654,STATE_POLICE_RECORD_VAULT_A,demo-key-a27e431d0ad1,d2253fa7c1a7ca3b3eb1ad6ff7f62c5b9812e134852529bc8e192ad0800e1e32,b30d2f62c76926dbdbb55e5e7afbbe97173055c6e2c5dd09ad209eecb2675cbf,P-2026-05-STEP2-ORACLE,11,95f2b4f06263346fa8fcc82728e52f7910e3f6544df102d50e8aa5a7884b09f1,da521d56c16bb98752e92fedfa86973ba0e8c0455215e5b20228cd486fc446ed,6768d1c4fa94e0eb0edf1d041686ea7162f62d87297cd95d86e248c485235cfc,true,false
REQ-000521,255eef6a2a2326cbbe551f51,bec8adb48448228d1c869c95,142b278dfe1c8a3231e5f40258f7568dc704c5f8f5f3a64c914eb11a7af059a6,e5736536fc801f6437d1e5060d2a5d798cb5f71f117d3f50b5e85a2cd86c96e5,FORENSIC_RECORD_VAULT,demo-key-a27e431d0ad1,c1877fd7704262f22cc11f6871bfd2ed7c449ede2f666358a7b85de154ce5fc4,bd988638f78c01d50d8bef0266dc8b6721e57e45dcfa8edfe94ec538adf46b0e,P-2026-05-STEP2-ORACLE,11,95f2b4f06263346fa8fcc82728e52f7910e3f6544df102d50e8aa5a7884b09f1,6f0c6dcb62a4f1175e849b321c642d6a3b9514a8a0666ff140f886b8788c2de2,7fb4871f263772e43c9a5fa858fbefa03493fe909410d87c63c756d41f3fd18d,true,false
REQ-000522,d16a47696c0bd461b5abb533,135989020312d4bcf0294790,30345b489d605d5d73a736dbd3bc724070b7f28ccc0a11644df52fb641ce6661,6e79628120e758eed4fc861817522162c3f3ea242bc38d64c556add0546ee710,STATE_POLICE_RECORD_VAULT_B,demo-key-2f8689b230b2,1478e9adb8b33bce9768c09531e932a4c789d82970e0edbfaec3133cdbe40ccc,d528106b2f8ae157d3dd7a52ee329992c756f7357e2605f92211cfdcd7cba113,P-2026-05-STEP2-ORACLE,11,95f2b4f06263346fa8fcc82728e52f7910e3f6544df102d50e8aa5a7884b09f1,2410afd721f0aa3e2efcbd4f1b5b750d67f85f7751c877c17a183c9eb299dd9d,5e90e8d1e7d2f6a88fd1e9afc1e646518586d75238b438e32fbab5e8702502b7,true,false
REQ-000523,467e4eeac859b0b49846ed99,746f741f194413fbd969e581,fe17b42fd3994d7c2eacb6fe7c7817f70ff6eb0798d2eba74f4ceff5022327fa,edfd74e5f12b5e669818872375e89dcc89c440dd99fd0cdf2f58859fce7db762,FORENSIC_RECORD_VAULT,demo-key-a24a960f31e9,11b20124e1ce2df4d16ac76762fc5785b444e2dcc4801ff30d324ac5e7eb7502,290400df6f329cdc13e597483e51f894109a512756096ecee0355fa0f1cb5d42,P-2026-05-STEP2-ORACLE,11,95f2b4f06263346fa8fcc82728e52f7910e3f6544df102d50e8aa5a7884b09f1,e13a52dd4fa697655c9f121ca731f985b102368a532497a657143c52223c3f59,e80a5514e0d5acc461188994ea59dcdbe05d68362102c002244e95221d06416b,true,false
REQ-000524,2bb01093000cff150787fcc9,5fb1de4d26d949863e60055e,ee202363def0a77d311bddcadeeec7c5b5b6f09988bbd07690b5a9374ab32399,21feeffea7be5251e64bbe8f788236ab85dac7b159911466490838278469d1ca,PROSECUTION_RECORD_VAULT,demo-key-a24a960f31e9,7dafd3ef9ed9d3b4eb53eb8109f54576e523bab9e1face9d7fc20db8221266c0,b34d5464e240bcaf09d112d012bfd1288e7f4655095ae1970951c35e015389b7,P-2026-05-STEP2-ORACLE,11,95f2b4f06263346fa8fcc82728e52f7910e3f6544df102d50e8aa5a7884b09f1,0c9b17f1db2b8fec1a3622767a384e53710d2067bc57146b55746768c7016aaa,06f2707cdb1bd0d3a05d0a6fc1f225f0b2ea719b93b2da97de72166d440657f8,true,false
REQ-000525,1ed90992e302a5bc0272cda1,ebe73d7890199c5f9231b620,5fe7187275b756ce3948358336388dca264578bbb14540649493ef7adc48ba59,d98465d316f0004c825fc9bcdb47d6662fb209a971f8e940f3a0f5f56df6d16e,FORENSIC_RECORD_VAULT,demo-key-2f8689b230b2,a6d43fede64c1b21f19531244070760c0517cdc064312082e32e463017913af1,251d82400cfbd036403db1ea5b7cfe0aff57e2b77cb4a3cf4cf51e141eb8744a,P-2026-05-STEP2-ORACLE,11,95f2b4f06263346fa8fcc82728e52f7910e3f6544df102d50e8aa5a7884b09f1,44fb7388d2f1bad8c252401e1aa0203f290a5791b1a30021ff1f9beeac63f7f7,cc9ad847fd0c25524af5e7765d43215d4a709f1a60215bcf6025b38fc6cc5470,true,false
REQ-000526,f918883e0652f9e5806aa095,5e6a52ec1448dc98853e311b,357b3d09ae9d40d9a607468aa4b635dcd95b31f7ed67ff8795e2c253d450f827,ae14c4df21a2c43d24798a7639b6bfc736ff12d5332bcde350dad3fda6b2ccea,FORENSIC_RECORD_VAULT,demo-key-a24a960f31e9,99f4d6c5d7890fa1191148f688c68b1542c3df87d6373242cab2a098f7fef64a,80517398b55ce57bef4fa05dfe315761f4680576e99c3b76c0219e16252b6ee0,P-2026-05-STEP2-ORACLE,11,95f2b4f06263346fa8fcc82728e52f7910e3f6544df102d50e8aa5a7884b09f1,a15aa8acedc86cd29e8ccb81120bf5aeaaa0d84c8e761d70a3d8669aa903a3a2,735870a38223898be53010e84e5fcc7198f360fb1e39cadd1173c371fba94401,true,false
REQ-000527,5dcb9cf611c085fc0a4c3283,06274b21d730b177953018f1,31887619e2b15ee9512b9eb887b873314fa92e361762d8627efb03a2f2a8678b,a086783889e2cad9f6832e4be5b4811fce93c668c67a1e13b933efa6bd7927ab,FORENSIC_RECORD_VAULT,demo-key-a27e431d0ad1,d27d728b9067e0ea6433067b1d7347ed34649b218d369730a3c5789cdc26acfa,da073e98e4bcbf55de0d08ef3f59a1c947047924dc106eb42d2072439f087dc0,P-2026-05-STEP2-ORACLE,11,95f2b4f06263346fa8fcc82728e52f7910e3f6544df102d50e8aa5a7884b09f1,0aa82763928d765fbb8f763922fe6a03330d8bf317b9f4d5104fceacf2a26548,28b0990fbabe1b441cb919a1baa4a3bae4ce320b528c6b394f227e5567af1f93,true,false
REQ-000528,2f09515fb47c95c60bae3db1,3091d9413d7e4f77d6de5cf5,d411d3280cb764389c1f80e823f2e91b40ced923c88be37ae4daf573980e4950,c73dac315aff048d622f71cec28d8444b059c5760c6267ace4c49034fc267ea5,PROSECUTION_RECORD_VAULT,demo-key-2f8689b230b2,104fac6aa7c8e1f300cd4e316930bc98e71f42a5674065277e04e960495d440b,02b4f984d2ecc41c892d8a185110c864af5dc725ba450d6dca95ea9dd7228a2f,P-2026-05-STEP2-ORACLE,11,95f2b4f06263346fa8fcc82728e52f7910e3f6544df102d50e8aa5a7884b09f1,70badc42ca7617e85a3f57d1a71a5edcc1c656d1cb9b9d99c717093db707e328,36ea1d1034dfb7b60b366c5538f282c92f6a665ae046e7d68d6522d6d70de84a,true,false
REQ-000529,cd84e4f0dd8740713e22e1aa,0dbcbb3c0a8cd30e2bce1b3a,a6bda3ee86facfc05af462b35064aa6a516c695f3c50f3fd87675f6edb275c4c,625f51ec77c5fec3156dca53b9b0f8cb7602878d729aa3fc85c5bfbb6904c0e3,STATE_POLICE_RECORD_VAULT_A,demo-key-a24a960f31e9,8fe9313451bc98b5222b19fc7e003db156a952ae9a7375fd2ef07843c34cc45e,6974850788e8c218999903404f6310a03fdfcc22e88fd5d702842b951db48b4a,P-2026-05-STEP2-ORACLE,11,95f2b4f06263346fa8fcc82728e52f7910e3f6544df102d50e8aa5a7884b09f1,23d45ec0872349829ab2798bb2bf48bbd11c22556ab2069ad1cd0e1bff973415,07a65a806f28576b3def8b75438ff7d6c22ee180a5a795f8d09df252e45880a6,true,false
REQ-000530,5a2346d627dc5abc734fab91,4d64de5836d5e7d384c70b0d,bdc836b9aea809adf09e41c12d7a7bd7ef33492596e90559fd733e6e89449644,1bc0f3e662acaecebe82904d833cf3d67f1ab8231fc51c1e8acb65b91536e6ab,FORENSIC_RECORD_VAULT,demo-key-2f8689b230b2,51003a88dd315cf800a6438287074d26eaea407c8ced227e5df6a9a7a1e484c7,253114f48f4d2299c73b83bb147fb719cb2faf20d3f1e6fd91f0dba09566eb51,P-2026-05-STEP2-ORACLE,11,95f2b4f06263346fa8fcc82728e52f7910e3f6544df102d50e8aa5a7884b09f1,772603878fac21c84b69b1c7bda5b20c5f372fb9da5bfb1e13d551c84a7b4845,f75dd6762c7831b762928e241d40ea6618487af2608ed42442d184b8909a451b,true,false
REQ-000531,9b8a6086df4407004a417807,55eddbe3d824433d6b9865b3,23c313e6b156864684bb203e71f620b5e4bd6baeeee848fe1c5c5179b5e11b13,8e08330095a95289cb432d49fc08a2a3825cb05b74e08452000bc0a8ccc86c55,FORENSIC_RECORD_VAULT,demo-key-2f8689b230b2,9d37b3e23b0a22493c0a28a52de7ca347c2dcd120741f2c17b179c3a4976f455,d39c0b384c0f2f5f6b34f7576f7f968597c7be935e5f327df135dd6626aabbbd,P-2026-05-STEP2-ORACLE,11,95f2b4f06263346fa8fcc82728e52f7910e3f6544df102d50e8aa5a7884b09f1,4318fffae38eb98a7221256fe0b7b7324f8d55bddf9a379fc7d7c7d6d2bcdbaa,3b840721e0028f3342cc1b4af7ebdb9b17c66f6275cbd2548d1150aeb464d714,true,false
REQ-000532,b3d1d2f79d5a7ecb8b5f0667,b078dbf6c576c2f828ee6e48,ec255f8e69bdc4f10edc0011ed228dc3b2c2993825f734a58ec99802a68eb6a9,056d099477b140b3dca9315cbfcda64de6afe94226af2e4cf28742eced83cedd,PROSECUTION_RECORD_VAULT,demo-key-2f8689b230b2,8462698517d3379aecb9431ee5e29ba4124532f158d1d81f9fb3f716ab8f60e7,c5a278249b6d8fa0c9e5832e9c812e3f547f6671c0f265b4af41304568371f11,P-2026-05-STEP2-ORACLE,11,95f2b4f06263346fa8fcc82728e52f7910e3f6544df102d50e8aa5a7884b09f1,9bfb7c590698241385236f41e9dc8ac2a19b2420e311c26dbabf1477690c1dfc,64939825a7f660a6c21a6dff90a2a79d38730b812a17fe8f1b6fd3d936e60f67,true,false
REQ-000533,afc66b49673d015deb1322a9,9d625d36021fec57870cb248,70f6e950a9a3ec47cde0e3725be2cfaf8bbcce1f66b8e0c9b1bbd648f6b0952b,f06ee791188a09feceda9529c689ca7b1d67e17e6f78a213e558916daf8d8b65,STATE_POLICE_RECORD_VAULT_B,demo-key-a24a960f31e9,47cd2c13176bfd27d3f4218b26df014b061ccfedc5d8bca43a93a789b563c670,794804237ea05142d5033cd8c959fdc4e46479e967e2dba8fb7309c65a4235d4,P-2026-05-STEP2-ORACLE,11,95f2b4f06263346fa8fcc82728e52f7910e3f6544df102d50e8aa5a7884b09f1,6c221f9b529146ee08d0ef2d819a33d3b9e89fa6df863bdfea4560b3ded992e8,73955fc37884d6f230708ef675afcf3c5f7fb06e82e758e50971ada1c81b68e0,true,false
REQ-000534,aecc4eeab743055519b9afaa,85b38c5e53f8f81a712b1fee,4ca3adc0a09d2b718f8285ceaf44ede3b76aecc3e5ef6a5999a4c70806c3eee2,154452f084e60e50a528d461b14d2c924a1a9ece6a26638fc32febb51273d307,FORENSIC_RECORD_VAULT,demo-key-2f8689b230b2,67cfd742de772a3b842e8d277186b0e1ac33a0c987ae3a10441384689dc6352d,fec1b7474ad9102cca8fd22b08c565f647e6dfc6087ad583eeab60ae69b1ca30,P-2026-05-STEP2-ORACLE,11,95f2b4f06263346fa8fcc82728e52f7910e3f6544df102d50e8aa5a7884b09f1,62f7c240995761349243e0b711da6bd5a42e4733117ab2cf6e6985b6788e0e3e,dc720602456a114aec91d0c36db501fdd5968fdbbbe171e8d437fd476857999f,true,false
REQ-000535,4ffb3f05d4241456901410f6,9398762571b229f989a059ef,e068adcd8f0292494479942213bb0e6364269b0abd2314f8fd57be6a1edb0196,921d7f7c94c506101f90bd69ac26b71da51a134a3e75f919c24a1151bb8cf0ef,STATE_POLICE_RECORD_VAULT_B,demo-key-a27e431d0ad1,948e34477b23a01b1f1f5ef7da08131a54b995427ea555cbbd3fab1cb0ef58e2,a082518f40c43b4b4e7bd24f5d359e057551871315bbd683a9701131d031ed56,P-2026-05-STEP2-ORACLE,11,95f2b4f06263346fa8fcc82728e52f7910e3f6544df102d50e8aa5a7884b09f1,ffbd62f791da9d6dd0c97c8163fb90eddd807635665cea96ec896547c94dc9c2,2f6578e931b8df60d4c1d220780b583712daed7af9a35ba0e973744544ac1094,true,false
REQ-000536,858b3fe36acc7e4e879f12b7,e1929485f8f74ecc9f364108,563a03a6476832d04bc2a4b8eb39bb189eea62b534113bb1e638ecec0fd7caad,1e4c86ef23cc905a83270d3e9240af6d9f349e4ab8f8b8c488875a934aedd196,PROSECUTION_RECORD_VAULT,demo-key-a24a960f31e9,55727706bd1d81296af85119678e36852614968f69863d04625983b5c20230d1,7566c908df6852c1612805dea0daa96c6c9b41b5eb48ae232d6c49817b82f75f,P-2026-05-STEP2-ORACLE,11,95f2b4f06263346fa8fcc82728e52f7910e3f6544df102d50e8aa5a7884b09f1,53fe5d195de6b190dab6703fa0143783f27e1cf80e2715f7f0ab1ce11a9cae28,1657fbfab832ec20edc0ab38a73e9337c027b6dfbeb2a8bee9af4bbcc8850619,true,false
REQ-000537,681b4f93de08437e40966100,fdb383ccd1378a3995af28fc,c55419fcecf04fc1dcef9b4b0a928e8e1f3784fea1fb9580e4c379aff3ff9d4b,52d0c761de01c7c2fe512acddafeb6f15751c979179dc319defe520e8a097f7b,PROSECUTION_RECORD_VAULT,demo-key-a27e431d0ad1,7b47469dd5faf8a58fe96ced3e185d0251e33df221feef3a7b92d508947e8599,4a0b23bf6592413dd3873a966d28080278f9e9a7c7b5a834c8b44178febb4711,P-2026-05-STEP2-ORACLE,11,95f2b4f06263346fa8fcc82728e52f7910e3f6544df102d50e8aa5a7884b09f1,26b065c2971e9a5ed22470d1c52e0752ee398478f6d01837ebdc30db6e102427,409cdd99dd96acf444bcc8bd588e45e3b6b2f53658195476964d0ca6bb69f8ae,true,false
REQ-000538,7f770a6365675e0331fba489,0307436b699d3ef19a9eca4a,562fb88c8a8ee00cd65b6383f8eaa01d9c89f6d187715dc9c79da33693669abe,4f10f74cc26737629e1e7057b2e1f06d69f72c6a02f86be25e4093890440303f,PROSECUTION_RECORD_VAULT,demo-key-a27e431d0ad1,c5bb26574b92086b2e96c08e5b2393447d3052d4ba52a99fe9bd495555a8a831,8066082c20c9dc60f8c03f9801fb33db70b3b3ad5e276509ed4635a4abc026c0,P-2026-05-STEP2-ORACLE,11,95f2b4f06263346fa8fcc82728e52f7910e3f6544df102d50e8aa5a7884b09f1,5248e5a95a84def0e5cd1a8f96dd5bdb64d9bf9f913c5ea4e8aa5abcfb114ac9,dc612b31c3b5566554e563b86ed04a99c70b8420960817dcb7537591e2d662b7,true,false
REQ-000539,b633e7b814cf174a43cb626e,30d0bb3d736d8411525e9910,fcebe9565a4d39f6f6237dfb26046e20f7a1e1b6c2c8c711230ffd109329985e,e5e3b5fea23308cdd42144ad2b40aac9b6090d6d39b3043b0dbae0fc2c870802,STATE_POLICE_RECORD_VAULT_A,demo-key-2f8689b230b2,d476c088f67c045262499742c15e13f444263f5e545a4a50e711a20aa50e9d83,392acf935483a9851c1344fff05c3c364e994302dd3ed8cc9c1cd8910d8f09f5,P-2026-05-STEP2-ORACLE,11,95f2b4f06263346fa8fcc82728e52f7910e3f6544df102d50e8aa5a7884b09f1,189e553411b547fb612cd4f9ee0e928dad0109561bfc876ad79ab6629d4475d4,6bf24bb086b8d4cf0eaae783db2ca10c5a455f1384db7f6bd1362ac651bf52b3,true,false
REQ-000540,8eb6e43f09093badac30f01a,ab3e96f26e30b326934ef557,9469695870d1b4a2b00def87b1f9eec0847114020d63b45b50441c60de33d063,a73a1614f5c5ae8cb38b5101fac2a67a8ebbce8f293cac41e759184e30e7b2e2,PROSECUTION_RECORD_VAULT,demo-key-2f8689b230b2,08ef5e07c990733be3c6103318e6340fb00a6a48b4206e9e7b0f94f21346afdd,095ddaf7715a104e22726d0ba55bd03d72633b32f64993bdda6f4d3f6fa6d16c,P-2026-05-STEP2-ORACLE,11,95f2b4f06263346fa8fcc82728e52f7910e3f6544df102d50e8aa5a7884b09f1,db343a59e2d11c6496e310defcf2f78d63a73c07ae1d6006d94bd13b6a9a0bc0,ef0cd197a8f54ebdd2f3d45432df17f8fe42da3d04708e218d9fcea212958dda,true,false
REQ-000541,c289388229db506c0792742b,40b7dec0da45beb2a0abbd3b,f103ea437bcccb52018fb19aab2bf165ad12084bcb4af9182c7a221e00249913,e5c132bb5187d154c5c58e2d7613eeaa1ef785672882f8e6e9ff41e9d651d010,FORENSIC_RECORD_VAULT,demo-key-a24a960f31e9,d5b54b401910b84d265e456f4a83701b56d8f63bd6e789876172faa78a93e542,8246f67f29b3b4c19776b664a842d3df42cb30fb20a8eee2ace948f7a85011b1,P-2026-05-STEP2-ORACLE,11,95f2b4f06263346fa8fcc82728e52f7910e3f6544df102d50e8aa5a7884b09f1,b202f31990b0718349757c5fb1fca2cd4409d382d20a52ce0095d37757ab3a1b,51ae4a61b91e55a3b6420eb475adbc5d0ad97bfb00f9fb6f1958d866091227c9,true,false
REQ-000542,201bd2e21b21dd12c27511f3,9de51fb6bd510485ddc18ab0,a2ee7aebe86c84fecf7fe681898589f9ff9dea78d4e514435e102284332a3d01,7c9c53e54a3a7cc055a09c7571f79bbc73cbf7ee7812403f71c9b2fcd4b71930,FORENSIC_RECORD_VAULT,demo-key-a24a960f31e9,da5e090e97e034f54ed3e35f212dc9b8ae52fdd61a049adf082a8714b73e9498,8a727f6cdff29c083850170830a484f5befd58910734eeaee2d8fe70fe8878c9,P-2026-05-STEP2-ORACLE,11,95f2b4f06263346fa8fcc82728e52f7910e3f6544df102d50e8aa5a7884b09f1,51c680a106e2db6ced82fe6ed0308df653ac4386e41005b69a73500f06542dca,1b55f71701b45db4f627737ecc14586655bfe4d25a29fd7823c4fc226f79f90b,true,false
REQ-000543,ef42f5a6dc2c41267c313d66,016e35d3f4b1cedda854159d,a083e50bb103326b4198be64fea21beabd6bf4b59ef991d639359dddc4fcc9ed,c8586a94b7aa99b875e617bf47ad5fb43ab25f7918e6fe568f0b29644f936880,FORENSIC_RECORD_VAULT,demo-key-2f8689b230b2,587ad19d8058d121ee8135130724587bb644b560f50907b5615fcf40ef26f8cf,e5617add4d087c5e05ac190134c0b83eb2a53cda68790b6170ee7d4ce146ed99,P-2026-05-STEP2-ORACLE,11,95f2b4f06263346fa8fcc82728e52f7910e3f6544df102d50e8aa5a7884b09f1,e150b7bd267a24aa795eea816a3382372a80343970a64882887e4f0008140833,3638e82b43c2205793876bc78ecef14e394b674a9c7b914ad2e4e653cccff489,true,false
REQ-000544,05fbaffbdcc8ed96f536c6a1,4852e5b37859d174ddaaef7e,ba4d04093c375410229d949e7c84b743494f4701e692a2e81f569a7eab99de09,7adbd341033c8dad3ec5e0e0624934d9b413365111b43b182bc0adf934f09a1b,PROSECUTION_RECORD_VAULT,demo-key-2f8689b230b2,8b3b96954a485fee6a08c28c72b011d8538611322a83188b5004db2094721f79,6564f7b5139530cbd310040fbdf335bb0c990d4c15b15fed9149a5e305ec6ece,P-2026-05-STEP2-ORACLE,11,95f2b4f06263346fa8fcc82728e52f7910e3f6544df102d50e8aa5a7884b09f1,14479dd1b6165e7e0153e24bcf9772d25340d88e6beef063d92aa4e2df4625dc,19b10a4db4814977e4339345c978558b60713321b6da0db05d70843306596d21,true,false
REQ-000545,10b28371b7de24a49bde6fd2,8143410e9cee623b33425d13,8e9e7fdc1a0cc065c09a6158de76f8c3aa0778c908a3a7f7b91f4ff790d1a61b,f68577f96ac9befead3f77ef632e78154a57030df6952e1f23d662cd351da1bc,STATE_POLICE_RECORD_VAULT_B,demo-key-a27e431d0ad1,3aec10c6409d08ec77ef89bd145b9446ac6e600a85b521d7d03a9452b4ebd90e,073909c662da5b25123751df5fe0e61758fccdd8e0f4e2b29cbcfb0d67ba072b,P-2026-05-STEP2-ORACLE,11,95f2b4f06263346fa8fcc82728e52f7910e3f6544df102d50e8aa5a7884b09f1,f68eb1ce65387a68484127c48debed4b9105dbfc651e557bc26e3c670698a156,12d8cf93a0ed0ec04572741d66f60e86fa29d7e9ab0a31b682892d5265d8c76d,true,false
REQ-000546,f7151781855b8ca96dc2f997,a7668c0e92aeedcdd72df8dd,bfe665f819abda3f827896ff30d44ec79c84e1afbac40fa542f7f60769f32a57,a6398a161e230878b30c48b92e66062d108506f60dfe898a929b0772f4776d03,STATE_POLICE_RECORD_VAULT_B,demo-key-a27e431d0ad1,f8d11fbd4bada046b91356c7b42359dba4e32f0f339b1e8a5ea3cb40ff5a238e,87e8720761182260515cac973354bd584c977d0abc81d308787195518fd08eba,P-2026-05-STEP2-ORACLE,11,95f2b4f06263346fa8fcc82728e52f7910e3f6544df102d50e8aa5a7884b09f1,27287ef1473fd1fb29cec5adc89878f6460f9e8461357cee2256e494f9944517,0a446639eb9685fa4cf6ca45b9a392defccb323ea51ef94f491e6960e83cd4ef,true,false
REQ-000547,dbc9514c0caf7dba5d34549f,39416afb3a9780f23a96b09f,c7c32a8090b5e3d2e5b899f2d504cec0cd4234c5011abb40a47d26437396533a,cb5569d7b3504fff99c385d802e41953f53e2a97cac497b91a48189cb1f66da1,STATE_POLICE_RECORD_VAULT_A,demo-key-a24a960f31e9,7351f972aa32baa99bdb11deccf8aa8fe10f80fa40341fcfc96b901612c53b43,c7a8e73f4f4a62faceeb407bd50025c8296ae3f5958a758ba712e5ce0a4440d9,P-2026-05-STEP2-ORACLE,11,95f2b4f06263346fa8fcc82728e52f7910e3f6544df102d50e8aa5a7884b09f1,12beb016f83069bdf13f2966c95fcbbb75e39f4734650a000b8ad7ab85cfc65b,49317d063982aae1546924f3d8a3fe788249ae6fd30d8cd833581ad52c7ea7b6,true,false
REQ-000548,39d3051b583edb8f08d3ac66,985968b1c3e57253847f0d33,a87358e938e3a99c104c9ca6e2ad9628783e4c7dba4bde3c58cf4d86de95baf6,11732bd2bddc00a1b65d2c652ff584eb284d3c7b5d5d7906f42c9da63488d5a5,PROSECUTION_RECORD_VAULT,demo-key-a27e431d0ad1,52812bcb28d0193846aab31327c04ff542f002c280337bb3fae817747aeef4bf,d0dea08f3613d2592354c586966251bd85a0760ceab1afcd997ab11151f14933,P-2026-05-STEP2-ORACLE,11,95f2b4f06263346fa8fcc82728e52f7910e3f6544df102d50e8aa5a7884b09f1,709cccb25ea2ad949a7a6e0e0cdc8b426ef8e1696f4e31cd447b11bbda74925f,58bbe21135c24920d3ac8123892f9eca13fa9c42699ca0a256ef5906a82b41e7,true,false
REQ-000549,6acc6042dd574d412fb83e2d,96b308701c409c1628ea8b30,3fb82d168b99e9688a73f323c650831af188c026b34c6767c32d218d2c5699cb,08b7dc6eb8c843ba73e05086ecba4dd477d2c593cfea9f25947170f684c0120a,FORENSIC_RECORD_VAULT,demo-key-a27e431d0ad1,775b98c10744c50164828637ac56be571de1d18ea8d14f41cd350a39e9c0ed16,492a6c744d403edfbd5088bab2ed7012653174ed62d12cf37d58e62280c73855,P-2026-05-STEP2-ORACLE,11,95f2b4f06263346fa8fcc82728e52f7910e3f6544df102d50e8aa5a7884b09f1,1a89fe8bbbee9beb2707208994f01120947ba1307dab2e90551e6bceac6bbd07,caf43fb08809738917cb79e4e148b2c3f67237becd19d3258f7c7166d9dde7dc,true,false
REQ-000550,f18effadc3d065c53fee4ccc,b3eb55e517f62ad05062890c,f94095c622bd168d2bc1f333fe07cd39570f99c3c130838731067de9782bce71,735eddec7fbf31ceac94197036178fb9e4c05d652967abb71c873972c659ec2c,STATE_POLICE_RECORD_VAULT_B,demo-key-a27e431d0ad1,24fc90e26484207ce9e583519cfe55dc872d7ad25222040fe14e5d854480fbed,fa331fffce031d79e776f7e273f38ff7f70e3d27180e6df3db82045fa0b628a9,P-2026-05-STEP2-ORACLE,11,95f2b4f06263346fa8fcc82728e52f7910e3f6544df102d50e8aa5a7884b09f1,846e467b3bc3eba58c344e2ca01162bfaac6ed59f55a54ae8af3019e6e758487,8c60396c14f8c9167d3a9557e70353d7afc4430036fb0874db77bc5e6ebf8e9c,true,false
REQ-000551,720bf6c497722937465299f7,f8c242fcd75c729a2f5dae50,12c1c17d72d7e84646b0f55e311d739a74048e5bc3b9eceaab7030a92fb8d523,e1e323d0be5549108cd6b231c6c8af5e18398edd6c664101b5687d370d8b8c0d,STATE_POLICE_RECORD_VAULT_A,demo-key-a27e431d0ad1,e1d258e10650d748f91c2f4ca87988794905b907f4cea0aeeba87109a77bf715,30984b9469766244c97640bb7c27e51a0846ba8d2927fa28368a3008368646a4,P-2026-05-STEP2-ORACLE,12,e44874b14cb171da9455a74fba28fffb9868c035bcfa7110ba2f42f8dd029556,c560ea58e650dde5e9a13279649f20c99c2e9b266cd11a9520a562e596020ed9,7166d27a36f5318535d5556eea8f49ad415cea56d30ef7a5af4ba6cffbdcd4cc,true,false
REQ-000552,72235a5e8373d10e7468cb53,d73b3f851ebcd68b52561322,3f9fadbd0dc0c1f9431b7e68db9225c51197c4fe653ee20da9b81dd1d31d107a,6a7d7d35c5b9a800160916b8930a6fa8cc45c2a19b18896962b1efe5bda840f6,FORENSIC_RECORD_VAULT,demo-key-2f8689b230b2,d3f066c473147f1016e9e43a4a4260cc3ede5f4a848ae4d5dc72b508cdd3d439,1ec8486878acf068f153f1d6b840ecb241d3ca7d7785e3b6d5f5fd018b61643d,P-2026-05-STEP2-ORACLE,12,e44874b14cb171da9455a74fba28fffb9868c035bcfa7110ba2f42f8dd029556,a2661ff658948dab070ae5ab7b58525fd3316c91b6a73b8e88f4b98e63313c1e,ed4d66aa71e95357b378276a5467dbbf5f417339d95b9542ce92bcfa296b4ba5,true,false
REQ-000553,858b3fe36acc7e4e879f12b7,e1929485f8f74ecc9f364108,563a03a6476832d04bc2a4b8eb39bb189eea62b534113bb1e638ecec0fd7caad,1e4c86ef23cc905a83270d3e9240af6d9f349e4ab8f8b8c488875a934aedd196,PROSECUTION_RECORD_VAULT,demo-key-a24a960f31e9,0b2efe4f6d796f616845a4ed849a5833d147975d8509def0006ee0bb825faaf1,e9e6082a3e8dc89c27cdc530c16799cdd9b8954b8dd60b672d57426c8c422b23,P-2026-05-STEP2-ORACLE,12,e44874b14cb171da9455a74fba28fffb9868c035bcfa7110ba2f42f8dd029556,0f046d57cae208f40e087a908a5fe4aa34f3bdcabef3e8e2e59d9eab2a5b156e,1d219b97560873d0069162f200d4da2731be9664ca25303493363a7d81a86849,true,false
REQ-000554,d12a6a6433534d48c6b83a73,29c5fda6ca47d357fe035cec,8093295b8e21e14c333c0206ad1908e7482bf2f10e4d02c74204e1dd6cd16861,247c16df5468ee522aa15488318291433d60060c47c71dd11de66a52480b9224,STATE_POLICE_RECORD_VAULT_A,demo-key-a27e431d0ad1,6a61c95e4aacfd6e28fa4b9ace5ce2c8b6ee0223c2ebe85fc69028c6d9ed65dd,f9c3105f3dc63c6bec116adc84b090fa3d9505c0eeedba31a0ec6487c09875bf,P-2026-05-STEP2-ORACLE,12,e44874b14cb171da9455a74fba28fffb9868c035bcfa7110ba2f42f8dd029556,236bb32511496cd138134704eb7835b121005f230e5ae6d5babbba0f45167ff2,02095374b6930b9fccefa8db0d1cf2f2b127b75cbf6d46720d0bf3131c3d8ba9,true,false
REQ-000555,97b25092037eea00eafba145,e2ef029dcf5a8b285678b844,740d1b2237e7a2a92f3b8458f26fdd14e18cdd170c4ac75446370454ce7f47da,4f3e1cc2a9d50ef0f3c12847cb5208d52023ddf14ffbc80871261ddd1f1e23a1,FORENSIC_RECORD_VAULT,demo-key-a27e431d0ad1,437a81e43446638c263d2d3c260bfc0cce1cbf2421ba0751cc6b6ff12d35741d,5912c7e317dd9db888591725e217f185557d634944b848bf79376641d55e1079,P-2026-05-STEP2-ORACLE,12,e44874b14cb171da9455a74fba28fffb9868c035bcfa7110ba2f42f8dd029556,01dcf4184be81077f1afdb5f071f204f9d95937772a81bd955d4f0d4d185795b,b7f21ece6fd14544617bd38dd0c0459a0b2531abff86fa5a8d2f2c7f618cb12c,true,false
REQ-000556,c011f85cd776f501c3ad33a7,8c6d9ef4ec70ef3710706e89,9531f8a73a5640f761395d102d666db92f6b60d05dcd1608e8a7a82fa375823e,4aa1dc96121816c65111efb517651ef5849e2b33321619dfdbcbc2d9097738ef,STATE_POLICE_RECORD_VAULT_A,demo-key-a24a960f31e9,08ebb2aa3f9d7610365401cfbf83fa5f79bc3d59f467d2019baf1a283228aacd,20ebc6580495080fd98db230244409415b53be4105d29b69605d99bfe6138a9d,P-2026-05-STEP2-ORACLE,12,e44874b14cb171da9455a74fba28fffb9868c035bcfa7110ba2f42f8dd029556,0930ae13c1f8a57cb4c8ff69e24265968646034b74cc455b23d9d6c0c4dcdfb7,d86c755be82cbdeb64b7cb8d893f848e43cdbba050e6ddbb6fa327fef948b174,true,false
REQ-000557,013db09002c5359870535b51,2e2ac9a056b9d38d5ca25b36,a684b83604e5c15b12cc17d1105fb27dfed23be0c73f1aec0758cea7442547d3,fb47cbdcdad3d34287af31a680f24ca24bbf0eb59b00e6f0705bdfae3ee24654,STATE_POLICE_RECORD_VAULT_A,demo-key-a27e431d0ad1,b51832f7d8a26b6cb5c1f5b29a3e79863dbec842df6843cd7c053c2eeb18788c,8fb2fcf6a39e2f7b255bb494d024e5bacd73c9b7e8e9f726674555b8db05ef75,P-2026-05-STEP2-ORACLE,12,e44874b14cb171da9455a74fba28fffb9868c035bcfa7110ba2f42f8dd029556,b3dc43cfdb99482ed67db6cd4538c7fd8eafd3daa91368ac578b4a9cb2473911,a4ae99d0b4e38943a0a81e19ee0177ef32c7f42b63e91bc114b5b82f2d60115c,true,false
REQ-000558,b0a4a1fab9708ce6b59edcf2,aa94c147d2c1791ea9e4dee9,de9ee80525cdf843070c732518d6a2c165746a93b6bda1b8c3272463a19faf89,e029521332805b22fe1d8338647d043f6078575096b4534b3afdc7dae3f3d60a,FORENSIC_RECORD_VAULT,demo-key-a27e431d0ad1,4b9c77964c6d977068a0524adb151d460347d0c052bd72e9aab655a7d82532f5,8330aa468144c5544d128ae5dd60565e0a62c05f397e465489508b8c6f94ef96,P-2026-05-STEP2-ORACLE,12,e44874b14cb171da9455a74fba28fffb9868c035bcfa7110ba2f42f8dd029556,2a3dc9830bb59288a6a12746ee832a4768b66b04a128b8761363e27fcca0227e,2872c130be568fd361453014854461fbef05f15d1fa058c3e11d6a2b31e990c7,true,false
REQ-000559,73a955fe3375c918a3bfc978,e0b662eeb20db0c67877dc56,914aab4023eb7ddc0477867acf401281871a73c153c06f07b630af1ced914801,7d247a4e800b253cf0affdc5d238b1e22f6a7d64d3dc360373058ecf16c32ffc,FORENSIC_RECORD_VAULT,demo-key-2f8689b230b2,cad88d5a6eca4567194281b07ff01077bb17dde5be3d5a7eed7a089a73450ff9,6cac436ce0b47e084354ec0656932fec072c0bb1cad232643ba7ea87cd29790c,P-2026-05-STEP2-ORACLE,12,e44874b14cb171da9455a74fba28fffb9868c035bcfa7110ba2f42f8dd029556,c472f28343b0c0d30abe2f2c8a022f7c3b0dc6b5f2013e86e5edefb5da659d31,2e04c7f0ebc2e8b8f03f35a09f7bd577a443d435e377a0553f46aa9ca67b28f8,true,false
REQ-000560,19e175daeb23a7b7e4767fb9,29545d9d248d2ab10f70e78f,5981d6bac6e0cb73b8697644d8f88c2814ce74f75392161724418878b63a1e8a,2376e18eab03b0cbaf78b1d2abf2427c914542f84f1569103eade8b6096a4a59,FORENSIC_RECORD_VAULT,demo-key-a27e431d0ad1,0e3888485feaa64582c88784c95188d84eb73d98c0987a5a2ce05daca12c38c2,e176537f67ac3c92d1649ddcab91489302a4c52b7fbdf0ee8fce7308914d9dbf,P-2026-05-STEP2-ORACLE,12,e44874b14cb171da9455a74fba28fffb9868c035bcfa7110ba2f42f8dd029556,cadafb8b7db10bfcc92b0fd26653d3b308fc9efc1ad098a8d0c1c7efa43d1fba,506849ca70d9ee35de5febc44d04c60cd0c9adf5ebf9a072da55f6e4cb7d4f17,true,false
REQ-000561,227c461d84e121aa1f3cf1a9,8d347b64594545d6b28bc671,35b841e5b355f46f8d2e5aa66f643b86e1685390368e95ea2cb581fe8061ca6e,4fd5047c880a341ef952cd9cf80a6589223c9c511c2d41f69aed4b31be5dad70,STATE_POLICE_RECORD_VAULT_B,demo-key-a24a960f31e9,0d4bc97fac90326997191d3da9701b404a4df38a403e16724aface0eb5338487,a319db1db2d858af61daf1095707a494a2db7ef6d1168b471b13593456b43c42,P-2026-05-STEP2-ORACLE,12,e44874b14cb171da9455a74fba28fffb9868c035bcfa7110ba2f42f8dd029556,c758db98a7fd84c35533f924621d399a06e46b9c7bfc6fe4a79611ab2f6d25b7,83c636758cf7c07d0e70f5982334fbee16bb2b1b820df9c4252c82d0f6fd8549,true,false
REQ-000562,a3e77934549e166377318689,bb018a17f870123074494329,a88a59d07d53fb31b4ca0c1433fb3191f78da8ebe9e8d55947852c6df25aee3a,17e5a6b82ef4b0275fa70a9d82c5aaff34f47fc5af0a5c3ed90201d6d5902b9b,STATE_POLICE_RECORD_VAULT_A,demo-key-a27e431d0ad1,f57c0a7ef366b739c2298b21732ab5c75e8367e1acffa2e6efab3b1cae4569b5,b6b54fddb42572521e15af74d693dd960bfddb48e05989a0165f86336e30cd4e,P-2026-05-STEP2-ORACLE,12,e44874b14cb171da9455a74fba28fffb9868c035bcfa7110ba2f42f8dd029556,40f226e74a72a83bded225bab8ae32832f4b7e0992d29ed5b0de0640248fefac,a8785d379f51462fa49b2abdc1c0b8665c814dfd67b3ed56a9dfa848ce1bda37,true,false
REQ-000563,093331674304fdf16d37b24b,4ac227f0dbb9b92b592fcf92,1acdf8ccecb4a4dfaf35e0878161c4b1cde4d9e1e3502532b2457241932b5e97,78ce7704c2d04627c9e712dbc2be6a0ebe6f73c9b2e28f099c6acbcb57a35d2c,PROSECUTION_RECORD_VAULT,demo-key-2f8689b230b2,5497f3bc91ea1dc24aa7cffca7313e9d305b66cc2db7e4e6d6db585cad0df033,535b418b98289b8310ca42b63551d69ade3af4bd9683c0944729f64c2a8661dc,P-2026-05-STEP2-ORACLE,12,e44874b14cb171da9455a74fba28fffb9868c035bcfa7110ba2f42f8dd029556,a2ebb4c9036adb283625385f8b2a3e06d2a2ac8739d6f1911490245185a35eb7,23dfcf41d857ae53885335307d125c41c2ad223aa9cbbca98a1d995911b53fd0,true,false
REQ-000564,634985427cd8688fee2b98d0,90db0235db8af5799b24bccf,9a0bfbb227c3d23e1c24600e02a174285f29a8341521b86e2418f0794c5fa519,34272906263497efeac8ea57da17873a3a8fd2bcbae96a7b7dddc5f2f537e132,FORENSIC_RECORD_VAULT,demo-key-2f8689b230b2,23fb4327cc4a15c8e749c57421cd0a8fdeb1e5da5cac67adecd916c281787705,dd6cc28548e7f168bd92814b4cfdac1b03708cbbaca5c8fcbf5754bd33ec7cba,P-2026-05-STEP2-ORACLE,12,e44874b14cb171da9455a74fba28fffb9868c035bcfa7110ba2f42f8dd029556,d66527de582700b0308297e14e01eace910842f5f4bc79e974ed099b49676a33,ce4ef618deb2f189818028440ff78af3319fffea4ed0b0b17ed499fddde1e911,true,false
REQ-000565,8f79339c7d2dbf517d8d6680,208e9c386da99789abde4c40,bc368b4d8a136cd7afca6861b87180f492f3f2027ac615a7e93844a312e1a8b6,33144cdbd5bff782142f52b9ba05d0b5c2192270f9012be838898a23f00319e1,STATE_POLICE_RECORD_VAULT_A,demo-key-a27e431d0ad1,fe81bb387120a559c878098520647aabda449b3d3ee781d2fbad7f5d994b0526,6c42b8a23ed5003814e7d16c54b56946d298f1191104b9642723802fbbde98b2,P-2026-05-STEP2-ORACLE,12,e44874b14cb171da9455a74fba28fffb9868c035bcfa7110ba2f42f8dd029556,56a4f6c93a426676ea7d4ca513d9690c180f42bb34688fb6dd5e60de853b9d5b,4b957f3fe1fba909ad1be9f62e7702d17887f1f01b07228464530dd810d7e133,true,false
REQ-000566,6133804fd5bfb391fba56083,8a2d57456bc18f782dff3201,d750128b96da45e9c954469fa2cc76c2b84dd5fe5fe8d41e2e5ad0f00cdaa0ec,5b4d42354a893aeda86b08abb1b9a9b9098a9556730e9b8796754f47d5fdc273,PROSECUTION_RECORD_VAULT,demo-key-a27e431d0ad1,1ac5f4a2411bb7a03ecd81316944d90d524b6c80926bc5424d83f87f1f4d654d,9d0021afcb034e1b65fa58fd02d5c1c3aeb057aed82243c27c1b4f1fd8112051,P-2026-05-STEP2-ORACLE,12,e44874b14cb171da9455a74fba28fffb9868c035bcfa7110ba2f42f8dd029556,cc21116eecc8613dcbbd20bd907871afbdf0932158b624da2a2fc4b67087210f,7c57faf398bb7231916f72047ba2bd7310518453604a520d18fdf984e00d3993,true,false
REQ-000567,c3f8c18d15a47d1d26029870,f84f80e6905dc745c35869d4,31ffba2cda260052ae6e8ececd1fe453fc8af7c90099d0f73f53853ac206f516,0166dcf5e434c2d6a60ff5c74570052cc5f18b3e32a952a3e84f8406b6fda1b0,STATE_POLICE_RECORD_VAULT_B,demo-key-a27e431d0ad1,4b7544d6af89807aa51fd18202024301a0822948b5bea3d6a232a1c1e4c19f3b,5e81559014a7b9f6264cf04080cecb56c636063fa3a69b9a331906b85168464a,P-2026-05-STEP2-ORACLE,12,e44874b14cb171da9455a74fba28fffb9868c035bcfa7110ba2f42f8dd029556,179cd10760b3c23321e943d60b973a203428d6f334dc91c1e2879acbc48b81f3,4b20414a4a7007d0a5e168dbe1c160a9e9047a8464a985e9a314fdd85bc4cffd,true,false
REQ-000568,c54e9a5030ced1940176de55,3b080f78bf082074635f516d,8ab147bb7a0c89c457630777356bc9de2746e38747eac6928391da2711047b82,c583fb3f1deb435e0c5d0479fbc44d82d70215af15dfff40ac5e8e3b7a899168,STATE_POLICE_RECORD_VAULT_A,demo-key-2f8689b230b2,6812621d92eb4ae0b34e75ae0bd78056a262558fdda7bd69b8b63d470ba0da69,17b50e9d1d9098c70119061286338836cdd2d9c7a4d4bc3eb9ee31cb97e4f1ec,P-2026-05-STEP2-ORACLE,12,e44874b14cb171da9455a74fba28fffb9868c035bcfa7110ba2f42f8dd029556,eedc790cd14dda942dc6dc85103a475408ffc734e371fbc2ae19515c6b39966b,12ec131dd72c2677ec5ac54fb1585e2a6d835b0b1fe5e82a56e364cd70ac9252,true,false
REQ-000569,1a8cd49509cc3470cdf5eeb8,04d0542fed05980fed7c274a,4cd219e082a173cee7c054237f06a8036f5ddcdd38f9dec2183ca4256d7a5e8b,332a3ea506fc20f45852950d9f6d068be30061acba7834f336c158ffef2f39c9,STATE_POLICE_RECORD_VAULT_B,demo-key-2f8689b230b2,e2668e3b71f593b78eb4d5610804dfe29253fa500372addbf578960d1f596643,1e6412cdceb4d24674db982abcdd11835b4dca1d25e9eea5cfdd60b84f94a64b,P-2026-05-STEP2-ORACLE,12,e44874b14cb171da9455a74fba28fffb9868c035bcfa7110ba2f42f8dd029556,c5f4baa1c2cf44a16d1556006c4d66948cd63ea2e624fc62bea5572930013582,374c139c26edaaf60f19da1e768ca2def072326a78d4fbb1876e794af2903242,true,false
REQ-000570,95de19451c2ca7264b0032ce,7df07a61fcfd60b1838d2a9f,37925eeac4f48d62d158bb5328737a6f0979e8585ca3ead8bcb30d7ef8410fc0,7ef7a9a84ebeca9cf9e3304fca5ab1084002d3ae4ea4a6c2690fc9345559ae72,STATE_POLICE_RECORD_VAULT_B,demo-key-a24a960f31e9,c5e77099315dab222b0e924c3ea257f85f33f6343404335b4aeed66a7706ffd4,5d74c288d4cc63649d9654445771a3f514b71ae846faba4e35da2ae4333670fa,P-2026-05-STEP2-ORACLE,12,e44874b14cb171da9455a74fba28fffb9868c035bcfa7110ba2f42f8dd029556,e817c7e87cbd62aa7b046b43b89d6585dabf9818bf1bade53f505cc1fc42c6ee,6fbc613e9f0adb1ba5c28e10dbb9172fe92284362c08a965709bf3afacbf185f,true,false
REQ-000571,a638e70808e21ac763018336,60468716ad38d34d821c6ebb,43b6e6e019e16b908abb274d95b630844164025c5e1b495df5589db807f6f6ba,bdade102dceb787d1b55c778d6ad43d5849c370d812a5d82b7b07aff675d71ad,STATE_POLICE_RECORD_VAULT_A,demo-key-2f8689b230b2,53af9c86b17393404a32f53be6cbc7013e1c79b90ccfd414adfadf97de471f3d,d48567ce15c025dd7af129f21b81491d7f4f6c78213118fc1d6502782d091ea6,P-2026-05-STEP2-ORACLE,12,e44874b14cb171da9455a74fba28fffb9868c035bcfa7110ba2f42f8dd029556,10e830eb4ea726c5badc6c4cb3f04cf5a5066c7365c71c58739c87e9d3a33567,b0135996549fc99a13dc3a5e684299ab6ecb22e01fc7c7e6ad66e13265fd726f,true,false
REQ-000572,ebb25f911f77c3f1d4019b67,9a2a784b74cbc83b754cc232,c2186152c5628dd09dbbe67a79bcc0afbb030e4d02b59e96c6c126073a6d80c6,bbfa2a87dde81fac9efa8e29a413994f9fc753a30c7365aee28d706004f4c300,STATE_POLICE_RECORD_VAULT_B,demo-key-a24a960f31e9,32cd276849369ea11b0af6aa60b61f41f08f66cebad5cfb2555ca5d9799c75df,2edd0ce23c92b03486e4cc7d80b5ecd3ab5465379b0d6c9e4f0b01991605cea1,P-2026-05-STEP2-ORACLE,12,e44874b14cb171da9455a74fba28fffb9868c035bcfa7110ba2f42f8dd029556,d2f6dc3becacfc143e915fd502a51d5bb27b7f3743ec8ee6a64e22abc65fb659,e9aa93734b0301db8e2bcbd9a4c478315c8208f377e0e70120cdb3e3bfb0ceb0,true,false
REQ-000573,1b6266e26115c2f66cac94c7,b94802375d2172aca9a621d8,63232e8ace5909904c254fee756b56e47bd9296a452ecdf0724a179e05d76625,2ac4f5eb51e1fd4a007389f1495127c1f8722c664e46f32e960f73d2159fcae6,FORENSIC_RECORD_VAULT,demo-key-a24a960f31e9,972ad5978c67e41e33cfa3f132fdbc2890f285e50fa4f203d7c1bf1886bd5ca3,e73911b7d7e1a0c01bc086ddc7ea6bfeac5e9134c4ecb569ea3119dd81ecf8b5,P-2026-05-STEP2-ORACLE,12,e44874b14cb171da9455a74fba28fffb9868c035bcfa7110ba2f42f8dd029556,d18a639222ed4e3e051a8e4759d8df917d3e272c5e953f59298b1c92a80fe744,e0066ef5f9ade293148a1f8c32c6256c2c816804bce4bcd3f012abe599475166,true,false
REQ-000574,b3d1d2f79d5a7ecb8b5f0667,b078dbf6c576c2f828ee6e48,ec255f8e69bdc4f10edc0011ed228dc3b2c2993825f734a58ec99802a68eb6a9,056d099477b140b3dca9315cbfcda64de6afe94226af2e4cf28742eced83cedd,PROSECUTION_RECORD_VAULT,demo-key-2f8689b230b2,74c9e15f39acb1e79441791c16e50a0545ed6fc522e4cbe19ab663546535116d,4952a3dbbfe648d20c534da1ad3d2c40bb3949159c88b4d20b07fda4d6b8e45e,P-2026-05-STEP2-ORACLE,12,e44874b14cb171da9455a74fba28fffb9868c035bcfa7110ba2f42f8dd029556,e10acb2647585ff058588deee5e1be0cefbc8255b86a6642c362169a54869b94,3794d2125c3e4cdb2867802dfbcecd0525c081d8474cb2aee5a58b1b58c6a830,true,false
REQ-000575,d9b95c7545a328e01eab7773,c976cb889eb8ee7005ab7d8c,4484f6dfe933f22686e6344da12833054e272fdf2b522be888b77a03bfebb416,70cc2b8a247fac573038a2d010926b80b93546098c5916a1c989d81b9994da44,STATE_POLICE_RECORD_VAULT_B,demo-key-a27e431d0ad1,fc6072e96344902cb2e6dda554c13c674628b7dbd1ab78aebe2dab71edf4ed32,390e4531123995711954fcb8278b83207d02bf2186de81eb330847f559fa1445,P-2026-05-STEP2-ORACLE,12,e44874b14cb171da9455a74fba28fffb9868c035bcfa7110ba2f42f8dd029556,e21e95bdf3bcca57d1c9e028b4435b54bfb2184a5a7ff170baac0d232b53e156,b7bba21fd3110edcd25a2053a13539b9b5b56caa419990111e54e749bcc52a09,true,false
REQ-000576,2e977ba934961ac3b1ab490d,1812d6cf8bbd2fe82e59f0a1,a4fe58a870b15f531eccf74412dd63ca8d6f001bb0dc20db72c949bb771d1cc6,33351f7bc90590d2269eeb5a90ee428f1352b70ccb84ea9252c03c3b69a0728a,STATE_POLICE_RECORD_VAULT_B,demo-key-a27e431d0ad1,df4f079b42f9c7ac4a84e1e4e69b53fc4b91c63680b0e2857746ce154fee9bf7,a735a6a57ebabdb0aa1413fb2805c8dfc0123429c375ce05e6b7a71fe21fda30,P-2026-05-STEP2-ORACLE,12,e44874b14cb171da9455a74fba28fffb9868c035bcfa7110ba2f42f8dd029556,9a8d90973d56b25db0898b40013c7ced3c8a84aff3a25ae440063da524af4cc6,03e79c11a1a5367e7dac163400946676661fde2927082b3ce5953c641beab353,true,false
REQ-000577,f25dca854781c5619ace3e1f,7219526a17158779f7ea4fad,b702e624c56b184eddc39fba167bbfbd12a117a5f06abfcd86557f7633144cfa,7984e709c47548254eff33b51857140f2bc9664145f61dd13558d1fabad706a4,STATE_POLICE_RECORD_VAULT_B,demo-key-a24a960f31e9,605dfc883d1796a92be3c2b5d3e3ae1804291471db0499462c326cb4746f9a58,744cd2e4d9d85ecb935b556405d4b7a70ef491c04bfe0022ec32d72215f19721,P-2026-05-STEP2-ORACLE,12,e44874b14cb171da9455a74fba28fffb9868c035bcfa7110ba2f42f8dd029556,0147811513a69573c5db032000649464de2b9c196a5584b8d3f593f4b44d7919,e681ba3a837212e5f275e035db587ca27fcc7a171f9633c8e2e503d21e31daa2,true,false
REQ-000578,8a1855c9f0da9b257d4efc0b,0fb35f34d79b9cbcbf76f81c,3ef2c7e41364724539b8f376faf00784e53c6c26ddc6ab571a1b62c1f8b67d00,d17dd565deb748d634719a8c8be78cb8c3b3d1040ab7313d9aa161178884c027,STATE_POLICE_RECORD_VAULT_B,demo-key-2f8689b230b2,0dbb8e02526d07abd3351045790e0a98ed6c015b3e07b3c36fa724776e6e1022,cc279e41b1f20b0863f9ec5058785a82adf08002f6e6295d373e584bc3cad220,P-2026-05-STEP2-ORACLE,12,e44874b14cb171da9455a74fba28fffb9868c035bcfa7110ba2f42f8dd029556,c9da02574c899de1d8d8efc91d63654662a8ee1be163e4e0b17fd1c03c66dc3b,4c188777b58e08d655f5c46b371356d6d25eea728ea9a4d0d761e029b3eaa9b3,true,false
REQ-000579,1fa4d6bca4118e64a6aa1c12,7db7771a1d1d1c25f9b06449,42e804007c24d589cdbe89ce78b482fcbd74f3da8d767360c2809a8b58e141d4,8c551580eb3361d8ee0843ba297c564bdc377f529fbdfe717b0a7c5dfcb8c831,STATE_POLICE_RECORD_VAULT_A,demo-key-2f8689b230b2,8cf4ff75b88f1820ab35431fba60704a196bff3d1533dfc1500b77c506dcd203,705e3525bb60f0bf223b516c25a283d8336f659a760a613c8d00479a56d41246,P-2026-05-STEP2-ORACLE,12,e44874b14cb171da9455a74fba28fffb9868c035bcfa7110ba2f42f8dd029556,529713f1e842830043d5f11f9b353ce26894e069e7bb026f2223ac3f83f139a7,3c398dbb1312450c2d805ba6e77c012c40bd17f19dc477e37a0578be21b96b75,true,false
REQ-000580,58336e9663acff35aa7b3832,f6aec51525f7214972ce8be3,3e4f9b28774162e1c1a5660dc818eac44ba47c3753d3868bbadb764370849ae2,54cc0afceb1c7574e0106ba2edec02ea9490fe17002f7ca98f6137dcf69e528c,FORENSIC_RECORD_VAULT,demo-key-a24a960f31e9,5bc8b90529065418961bc91c690a4034f099a2c57547af5270a7ce903cc8b11b,9eebf9b192ef76e05b7f61ef1bcced5ddb85f53f77ddca1e83c335e091eca2e5,P-2026-05-STEP2-ORACLE,12,e44874b14cb171da9455a74fba28fffb9868c035bcfa7110ba2f42f8dd029556,7bd32c5e37f582d38510c6d633e43aaf699119369eee6f468887d635f80622f2,26f00054889963e1e53da84521638b917d0d2249584b077e7b485b27bc871556,true,false
REQ-000581,dfb0e94f858b759ef429abc3,06c4fe9c114c8d7c962df3e4,dcd4e162d62f558ff1c951d56b7fdb3aa1147371541153a2cf8319599698e49e,b1c7a1b5ec740eeb80191ae735d805eb8be669572ae75c1e3de74c9df21b9dde,PROSECUTION_RECORD_VAULT,demo-key-2f8689b230b2,697f95b2e78850f4c9bb1b64f33a6b420caae399231d639a54794aaee8d80677,84e499848368ec773b86445e296dabb7aee4340fb79d63328b6e708fd2075fb6,P-2026-05-STEP2-ORACLE,12,e44874b14cb171da9455a74fba28fffb9868c035bcfa7110ba2f42f8dd029556,626e9fa7f586d30b5cfefbacb926b6c5870b16a5336f6d02b737f56edd8e07f8,8a3596243f6877b2b9f0855ce5d426446f73a8650dad5ce38eea25ddbe58bf35,true,false
REQ-000582,127942772b7096cf80318d9f,e9611f766fdeaa9bf87197be,51103cf1eab30071664606f9e7babaef0d622e5378cd5951ec46219c6d2e14f2,6b5b90a5655fd6c6b7e3a74d943c64a56642ce8ffed34ef4a706918bc73fbd45,PROSECUTION_RECORD_VAULT,demo-key-2f8689b230b2,66035df5b88bfd7481e09a7e918138b06a3472a2ace8fd3b681edd0703f5aa41,5be3b52134c12241da6e5ec4d74102212a5b3bd5a69001f74ed130fa403cb87c,P-2026-05-STEP2-ORACLE,12,e44874b14cb171da9455a74fba28fffb9868c035bcfa7110ba2f42f8dd029556,5385dc8fb04d42a4164f5d22cddc0c884f2c953a536b37873dbe282d0d049284,1036cf5b3ca52ed74c33896ec450370c1fcb342ac71dd62e9a4f2de632f5d04f,true,false
REQ-000583,b4258e3f240db05e85d23c50,b59c4b872db904201aa8b471,baa81745f8a8524ae2d695428801a5ffa36db1dcf58e479d94b6b6febe38f1e9,2126afd1cafa29a71b468a225d8ae90d26d4fb9f6b388d7519da7d9d67662447,PROSECUTION_RECORD_VAULT,demo-key-2f8689b230b2,1073a94207377d64221b9c5ad3a8f9ac70f5026edd187a81e7e1ddb1a2dfd518,92e7feb30df1dc88ec251c3ec567d56a305814639bdf66d348344da44d531747,P-2026-05-STEP2-ORACLE,12,e44874b14cb171da9455a74fba28fffb9868c035bcfa7110ba2f42f8dd029556,f911aff488a110deace9cd4dcda191875b6831781f69b2cfb93802db9cbee1ea,1014646aa786de8c645e71940c97372fb902bacf93b3dac407f16ff85039ba5a,true,false
REQ-000584,08dd64986685dcabe431977b,2fe03ebc5f238640311c5ce0,ef151ab019cd986e0e5401e7b48805c94f7c271575844fa5c6276d252e4f5e08,38451e90fce63233601958b811f4d868e57721916edb6f276a5090ec5a56c4ad,STATE_POLICE_RECORD_VAULT_A,demo-key-2f8689b230b2,8af5465e6475e0352ed63f2b761b87b53b8806a503dbedd0a6b4a1b3a359eda8,c489c67d5c17250680128742f7eb93002a174708c67fa788893daadb65cda18b,P-2026-05-STEP2-ORACLE,12,e44874b14cb171da9455a74fba28fffb9868c035bcfa7110ba2f42f8dd029556,bd460d3514244d248028916236f9fa6201d9fb8a6a1fb11c7f3a927ac27c04b5,cb315d159ccdd8d1a8fdeca60865d7e2f58121d7d27698ac06d7b8bec839a9b9,true,false
REQ-000585,ca8fc35650ee04e7cf5447f3,ba63198f7d4ff35ba48c78db,f318d345a3ca513c014e0aebf5a69c9d608b04d46be5442ff6b61fa1f1b292c4,c1d71184def40dc3686f84a63fad12ea90e96d12ec45829188e9d174d3c44122,FORENSIC_RECORD_VAULT,demo-key-a27e431d0ad1,31c86d42f0ca49ccfe14bfe853fa8ce84738f25fa53314e0149453bc58cca691,6b02913bf7ef59442c3250eca4971334b2cb01008f1246fee87a5257f5c6b683,P-2026-05-STEP2-ORACLE,12,e44874b14cb171da9455a74fba28fffb9868c035bcfa7110ba2f42f8dd029556,bed60d05d6de050c04537e555a033986be9eac0d09dcd237365102b492b29acb,6d4110acb485597b04216719d9e0f9e9fb5f4ab489ab9d091005bf0501d21178,true,false
REQ-000586,9ce8cdb605a07f0e9f3a0392,8938bd1c8748b6b4080dcc2c,ad6b9fb047f245d8cc330302053341afd3f9a48cac1bd6221af82ef73aa15c65,d8f5882a5cddaf4490d68521e3ee93aaf12b7ec0ed578c33eb72c65b81165842,FORENSIC_RECORD_VAULT,demo-key-a27e431d0ad1,ea41fe23292aca5a79106c8bd75853e7cffa04ff1510df078027a03d80823de5,31b9ca2547e7b06c70ae37215ab191074f29f17597b2f458fa1db90c212c7dfb,P-2026-05-STEP2-ORACLE,12,e44874b14cb171da9455a74fba28fffb9868c035bcfa7110ba2f42f8dd029556,66920bdb0b8bcc7c1a4ffe633cd96d416e53555061a71f69f46589c8482d1050,bc9d4266cb98fe12ac4f4c9e5558e930775890170ed082fd4894b481498a8460,true,false
REQ-000587,3d33aeac9a024f9da6d7ccf9,42573664ebb05faab5203350,e85e4c70225abed90e060f93c115681d8bdef334f8daa36a485867e2196fb60d,f66818cc7115d9675ae0796fcffe4582f56007ace09b1d1ad3c888bbc4b94e79,STATE_POLICE_RECORD_VAULT_A,demo-key-2f8689b230b2,1f6454df82ee32a6fe07d7a4648859171078364143af7c5d6f077daf182439f4,1be3d5a0c1b318696507d75298d371be442226404e3b55ede25a2e3773782e87,P-2026-05-STEP2-ORACLE,12,e44874b14cb171da9455a74fba28fffb9868c035bcfa7110ba2f42f8dd029556,7a5c0cbc33b7ba3caf9aec71d7841591b3928d8aaa9cf341b24caa3714d2a8db,37134a2c047bd71f9f41d6b83b59b1b4d7a1f4af45bffafedc42767fdc7422b4,true,false
REQ-000588,b6253d82131a9ba998cdc6ba,3ee5deda29af53e15d16d35a,908f413d2432ca4fa050745e2eff530a9e5c8449bcbc7a5dcf0da8f54020c871,ebe290f2da3dab5779e1bb3f96c50e6adef3c8e86c6a7c790523ea50f6292be0,FORENSIC_RECORD_VAULT,demo-key-a27e431d0ad1,6e596c9e1c8d82e020c4f1d1a48348a7356c93cac5ed1afd8220b20bbccea7f3,4f6d9488964209239689c389aa2a327de43c1a2cbfde32a2d6767bee81b692f9,P-2026-05-STEP2-ORACLE,12,e44874b14cb171da9455a74fba28fffb9868c035bcfa7110ba2f42f8dd029556,e388ecd8f424ad31e064477acf70c9caf2479bc7c741642c33231b10e2e7e893,7c5690c30b657ff0307393d26b05fa651cf071aa3320ee6c9891bce26caa9c7b,true,false
REQ-000589,148f5201e446b9e7af6ac7c4,928d6a8e73f126ddc516cdc4,b809c3b2d15a8788e426f3d1873039681fd759a6d9e78d75d512502090437078,5456cc8159b95080e9d6bbbb0837e284e54fe4acf863b1c85d4416f894635431,STATE_POLICE_RECORD_VAULT_B,demo-key-2f8689b230b2,3ae5624c8a7fbfb7a558ab0fd356446302cada4b8445dbe9ecad027c0bc7a535,c018f80c972054842a9e8f973c6303fcb4590fc147ad2b632ead1d2b18ac715c,P-2026-05-STEP2-ORACLE,12,e44874b14cb171da9455a74fba28fffb9868c035bcfa7110ba2f42f8dd029556,11beddb24db7b2909b3ca713be96c4a67a9a30147e9fd17843fe2e63b1c59c5c,ee019a864f9c5dd2fcdcd903c1b82cc0c467991be8f6b21a31a960d2dbc39e03,true,false
REQ-000590,7e1af28dadbf5d983261b8b0,7a093dade47030aa1695a558,deb8d47196b87418a1b20208d6cfbbd614a30c1dff636e112e826502ac220523,5cc6cd997eabfa08ad04850e7bdd68e4263f566c2fd1714dbc5bdcbf901ef210,STATE_POLICE_RECORD_VAULT_B,demo-key-a27e431d0ad1,3f2a2af5c2c329e8b4fe671660f76f07eea87700bca42a981439d442dd4a061f,38367066099a9b041bd88dadf0f53ab8247057ef40f1e4c610f933a26cbbcb70,P-2026-05-STEP2-ORACLE,12,e44874b14cb171da9455a74fba28fffb9868c035bcfa7110ba2f42f8dd029556,2b85884e1cc2b5915ec00fc1d452fc03d878262ca0b80bbe70b88df8cfdbfa27,4f7d967da4c259d730ddf4e2683964ff3dec8435f9c36a7b45bea339e0555e70,true,false
REQ-000591,0e1d97f5f0e6ea3b9c5ccb7f,6f7484cd18c5e905f17ff129,41ec29fef26747021bc647427353a0905c527219b4ba792b77925fc39eab5ef0,ddb36e28d4a2a99a8209317f763252779d800349fdca102065db6db1b24692f0,STATE_POLICE_RECORD_VAULT_B,demo-key-a27e431d0ad1,a98f16024651e84f041e2165b04dde6b12e78d3292b8de60328842602da79920,de9c1c83127c98ca237773c42cf6ffa936ef85230fa43ba39da13d8ad915c81c,P-2026-05-STEP2-ORACLE,12,e44874b14cb171da9455a74fba28fffb9868c035bcfa7110ba2f42f8dd029556,2d2239b7954b0621d2b900f893c1ee5a5ac1a92eee2d939d5b9471f6d9596daf,b817751e94b15c1782e4474eb0ab6549022ac149952234bead151817ba8f5664,true,false
REQ-000592,a01b4fff545a372b8d651084,6026f26252952f1dd17be794,ad5b6cd242ae729e8f796254b85be33d7f5e3664e0128aba01592e822908b7ec,a1a65c10d61567cb6d99201ff037943051c7978ad6b22ef576fdf9d5c848474b,PROSECUTION_RECORD_VAULT,demo-key-2f8689b230b2,bb0c81f094f4e8b69b0a07da128d6fbcc5773527e60e6a06d0f3a701c9acd222,d5e65bc7b183ca91edfeefebb25666f8d5210f79f9cfd80cf40caefe335eb89c,P-2026-05-STEP2-ORACLE,12,e44874b14cb171da9455a74fba28fffb9868c035bcfa7110ba2f42f8dd029556,c5f7df86b145603607aaf1de777875f484239f9b69101937569a2e149ed40349,8f0ec46c4344f7ad69466fbf14348c15c2e459846ec5aa7e4d26f206149be43e,true,false
REQ-000593,5ace8dc7e04de95336593c34,821ff1e3269d181b0766f408,db13bfa21dadabba4566dfa365451cf4b797e2e8820846a7a2f9973de71a4482,e419bd2116cef71b56fc48913c5bbf0e83387986f45403e966af08df2744ae8a,PROSECUTION_RECORD_VAULT,demo-key-a24a960f31e9,b7308ea249bc401393df21712f60b93e223a31a0fc3d1bb570debde64c573360,d9819fbd0802aae24446d39d2b56fe42f14487d71ee0c257e29fc3b397680f4f,P-2026-05-STEP2-ORACLE,12,e44874b14cb171da9455a74fba28fffb9868c035bcfa7110ba2f42f8dd029556,a65eb5084395b19c289c86b0638cd942ebe9d7fd7b543743ea27e2e507a8ea80,64a810b46e56a1262e5b2beac94664dd430d63ab58d6fa261b55a1a296384d76,true,false
REQ-000594,03db1b138a3912e8b9ba6c90,74b50125ac40ef73d261d153,27a579f4d2e6062e80b037c345d1419a5dcec114679ce66c6f6bbee456dc9f96,1d3f1b1dd84827b8ec54f25335c9f6420b54b0e0f8f1268ded8626173cbb7088,PROSECUTION_RECORD_VAULT,demo-key-2f8689b230b2,74527992a0267ca9b112fdfe3700817a11c1c2f0bbb438ea4a1849cae8499d00,c76cbdded0d9a08a924cbf9dba15dbc843e670a28e432680e226a9434ec8f55f,P-2026-05-STEP2-ORACLE,12,e44874b14cb171da9455a74fba28fffb9868c035bcfa7110ba2f42f8dd029556,5ad97915ae284bd22f5bd39a77b87c6aa8119e52ee32304fd6b66329e9566123,28bab7cb243e29d887f15a77734d2f4f113728419e4375cac2d838ae4fe11620,true,false
REQ-000595,e5385c525aa0b8f6bd09732a,ea360784288907cfb76a6cc3,6b1fbe41a6431ad14365ebb76dc34ec63f7e481f8bb3d5ae6f7155b86641fef8,098410b926150eb6b2b27dbe9904192b74ee13874de13ead25a0aa6d2700088d,FORENSIC_RECORD_VAULT,demo-key-a24a960f31e9,7ea2efdaa335e9edabc29f4734eada42c7f18f89748dd035226c805ab858619c,4eed73468ddb12a3c402e833d11be7353b3ef444567f133c78d50494b278bb9c,P-2026-05-STEP2-ORACLE,12,e44874b14cb171da9455a74fba28fffb9868c035bcfa7110ba2f42f8dd029556,f1a90b29ff43923040e532831bee0dd043af5d342422b8ebbfa9328273103e81,6d3a7984f0dd3c3f28aab92fb96ff11724d11f6a950862df8b447c69de43abc6,true,false
REQ-000596,2ad48e61ef29028c1def570f,869a4e1edbffbe807ca6f5f2,18432528c548729f76b59395a4797a786ad30d8f5a5963152d7ce01967abf3b3,87afabb6c9cd07eaa94380cc89e6cc1dd13bec740335c77ad3e6c2b3cdcdaa53,STATE_POLICE_RECORD_VAULT_B,demo-key-2f8689b230b2,e52343c27255ddb065f28f68f12a3ea7d7f6ff75b3e1bd637ced0bb648c8741c,2dd575fc1b2045f10f7a29e99e18dfad5536a34c5e9bf0ad6cc22295e70e8972,P-2026-05-STEP2-ORACLE,12,e44874b14cb171da9455a74fba28fffb9868c035bcfa7110ba2f42f8dd029556,4a76bd7db83f23ff626fee6b08ef81f1c20e286cc0fb6cc5b4948acb14ea31f6,8961b57c3e2dffee1e4dd08bf75756a09e4b8a62cf881c0a6e3c6824d132f428,true,false
REQ-000597,5a8ac217886c2fc1fa2bcbb6,543cde3b4ad499af7a2f535b,ce79294b2ff062bf7e973e2a1876d054a3513e3174827c70362c39b0e15b17b1,da64bd4b13a4c0b98c2321a3976c8a8b5ad4530d93be5b23734fa58f8e5550f8,PROSECUTION_RECORD_VAULT,demo-key-a24a960f31e9,d26688dd82022652e841862c126ca1bb907f2c2ddb8a901fd4c987a4df3b1d58,3ce4d3c32804da7010fd375af3bb8773d6b02cf36f91f89e5ccb909fe8a6607f,P-2026-05-STEP2-ORACLE,12,e44874b14cb171da9455a74fba28fffb9868c035bcfa7110ba2f42f8dd029556,09f307a56c6064d6969a3f5c2dfbf60632fe5bd4b4efaee2c6472f47fb40ccf7,5a90f28e5de42be29f5f7a8850cd63eac08e45026fea59ce76443bd681959a1e,true,false
REQ-000598,1a7a075d9c96c7650482fbad,05c67b82c9a0f53146e742e0,f005f689da2d28c177171ffc3051f01067409b153f01807791a09911dc6d05ec,d358b4d3ffbef87fd1d0b6a6bea397a322275d830f7097db7c8eaf8e16e39f6c,STATE_POLICE_RECORD_VAULT_B,demo-key-2f8689b230b2,87f9f15bbfe4583001c516a536497ca67fe08706f45814f76ca6b8a9557fe792,0f7a50f9d21f4422b5f65d36846b2be700433c1100f6e7baeb5f8be0106a362f,P-2026-05-STEP2-ORACLE,12,e44874b14cb171da9455a74fba28fffb9868c035bcfa7110ba2f42f8dd029556,a2f4a3a328231b8b0d13190748ac13a5a33e8ef047937d23b096cc98b67467b8,23867e80bfc2635a04c7865ab3bbd86e095bbb11345eedb89b5c5e1ff7f77758,true,false
REQ-000599,c029e206494d47d41682de9a,56418b7da758522ece76a696,d894920f57d55e954ab1c176abbb60c78fe692b21678c6005ab04e126b7c79b6,1364441aba7743d85c35648a7742e9ff858d043839aefba9db0a624a77d0b312,FORENSIC_RECORD_VAULT,demo-key-a24a960f31e9,25e1a3d00fd3228b6a6c47e79018eb2e8713ae43a576444fedd418b039c7d1c5,35f065eb5b0c1e2d0616875a0a475e37db515bc432e680024b93042f3dc6d85c,P-2026-05-STEP2-ORACLE,12,e44874b14cb171da9455a74fba28fffb9868c035bcfa7110ba2f42f8dd029556,c70b84f6dac138309d6392ebfa4a244644ae51f7ee169f29b28d3621e8787166,f1392777a5c90f641cd7baff6608c1a094aa985a4446ac46d27141f3b4644afc,true,false
REQ-000600,ee0077472217a89dfddd7b51,bd13b3ad37ce907a2b52ac8f,85824ac2bee84a3882a01239338bfd6ad5381392252f2490d9443524092b0b55,c4b7a90f44938916743d2c7a85138619d3bb607dff11d04e15fffb8868aa5ba8,PROSECUTION_RECORD_VAULT,demo-key-2f8689b230b2,62248165ca66253f2c9d3a9452fa79cb41e041896ca052a0d10c66b36234640d,76d254407dd214e510fcc964d056c375121e03b77c107625f2dff31871fb24ba,P-2026-05-STEP2-ORACLE,12,e44874b14cb171da9455a74fba28fffb9868c035bcfa7110ba2f42f8dd029556,1e51a7e0f3414b6940d1c2c88caa6340af6fd4c22687485ab3ddb85a32dc59b2,25f73ef6ead0b6c6a91b8e2018a4648bd54c33a2383f99d66132f46cb75e6251,true,false
REQ-000601,3b085a1d745c31eb8625296d,d1283167474e1cba773619e6,081ea1be77562d3614243eef3ecfa7db7920aac6387c2563a3f0dd81a2f8ab65,3c14577f888023b2124917981c1a3bc056384fc59a75394c7115159c94a34c99,STATE_POLICE_RECORD_VAULT_B,demo-key-2f8689b230b2,541954a37a59808fac5fb34f1f5bac5b52fe6b8fbc84296c34b87908e31db640,a6245eaaa1dcc4163f5d395ac9d2a31e22eacef20d34edcc64e6a010640683ed,P-2026-05-STEP2-ORACLE,13,9a1627e6918212657741487fc3457c98cb45538304d6a13a185609896b1221f2,26e87e4ed2da7cef11b5d8ae512d18f3f0fb51ee24ed3ba9601012ade090cb9a,6273bdb09591ef26ea78568cbee1c4329f67ecb6f1d0fabf6dfde3e8192d2a40,true,false
REQ-000602,a62882abc3511c2fb68d874b,7d113234bb628367c7718a21,478175a8638213c1575175a2bf98d08ec2230771b746dee7741a4637053aeda8,ea2ba7f88852283dc886e91110de6756512e20c9b778599fdb6df556efabe938,PROSECUTION_RECORD_VAULT,demo-key-2f8689b230b2,a4787ddb814a90e6fd25d473217304a6a903e2ba3e05cda83a72fc85b969d159,d8086467dc4dd5b6e94d98d353c119347c408845be4cc40c8e2bce54d5325a92,P-2026-05-STEP2-ORACLE,13,9a1627e6918212657741487fc3457c98cb45538304d6a13a185609896b1221f2,a4aa5f4cbd1f94200de6bb1f21c237d9943acd18b7a751cf500df3067b2bf5d4,c6f1f61269c50b16c04dbaf06f9cde533c888562a84c589d033412521d0935fa,true,false
REQ-000603,2efca3bea97d54995e702601,5543398f45bbd0464f888cb2,e119c67eff597036179ab35c16ee83c0e3637a330842b9f0a4a1732e3bcc209b,5b8556a06f7a12344e62f357bcbb0443656aeb39c1313e6d532e874869030d2f,FORENSIC_RECORD_VAULT,demo-key-2f8689b230b2,c11f66d6edcf42ed919eec6fd043405fb294e22450f6f8343e1da7ba7ac8e952,b1bcdbe212e215d0769779c3108ffa9de4b4a6ab258d28579dc8ece5f88da1e5,P-2026-05-STEP2-ORACLE,13,9a1627e6918212657741487fc3457c98cb45538304d6a13a185609896b1221f2,91ad0967a8b904e258437864f6d7615d5f27c4dabf39450b37dd16ca8709699d,8d8f7b30a7351b70a2cc35d37a6dd3011d11b2976364dca9a66404dde9cb9374,true,false
REQ-000604,cd84e4f0dd8740713e22e1aa,0dbcbb3c0a8cd30e2bce1b3a,a6bda3ee86facfc05af462b35064aa6a516c695f3c50f3fd87675f6edb275c4c,625f51ec77c5fec3156dca53b9b0f8cb7602878d729aa3fc85c5bfbb6904c0e3,STATE_POLICE_RECORD_VAULT_A,demo-key-a24a960f31e9,ed8b16c42a4250966952e866e120b3105e8c84c63e52aca757e8889dd1592234,32a5641b2d8e0dcbfbad4e7a16bdd331e020943e39f8ec5db87986cc746a2fd3,P-2026-05-STEP2-ORACLE,13,9a1627e6918212657741487fc3457c98cb45538304d6a13a185609896b1221f2,26298db0fd207657de6eb294594461f0e0b2b4386e44d4344aeb8a1d6e620e04,60ec97f51336d9acec7f7a2d1e6fa838ddde8425318c5b10d74c4f893a20e884,true,false
REQ-000605,86a01f1aea6edb3a8fe86ce4,29a3f666cb4e9741814d0f4f,236293c526b72c2d7a1919f83527c5871ab57426ef2366d39db87ed4f5cb2cd8,c6550bec8b08e066a860d7c8d2c8551a6da107cae4ad58e5795b018bed37b988,FORENSIC_RECORD_VAULT,demo-key-a24a960f31e9,cf3f38243ec8d16fa18fbff75ace5a6951652ea8b1b66ef31993b7d07e323385,d0a62cd816a617ddc09a49ffa1146a1acd61a90467e20402a68b4a3e957957e1,P-2026-05-STEP2-ORACLE,13,9a1627e6918212657741487fc3457c98cb45538304d6a13a185609896b1221f2,d982dedc9b096ad6c26a2afa5a02b57da406cbec2962caa4ce90e2fb6f070ecb,bb5fa6cf14b465a6186595df990568f832c7e56dfadd8af66a0fe9d0ef63d75a,true,false
REQ-000606,7dea6e8129bbe8639d8b8ab6,79e8468759c74480ff393aaf,94888ddc9247616e87be008156c268c9a0f9fd41529c39ef35aa8b74b55333df,624aa82a08f71f6b836cdeb4e58bf9dce2af5b7a1db1eb65f3c19f0529883bab,STATE_POLICE_RECORD_VAULT_B,demo-key-2f8689b230b2,563f28d52331da1dbc3b82b6961c1aa89f7ac3e0690f24fbd5f3ab8feb963cc1,570d2ce649484f2ffe7c4f29c5627748560d2a82fccd1f3bb34baabab044cf29,P-2026-05-STEP2-ORACLE,13,9a1627e6918212657741487fc3457c98cb45538304d6a13a185609896b1221f2,8d47ca3875c4d3759ee566191e01f6a042adc27cb238d7962763dc73a122da25,9ba3677405b6f4abd3a8405ce8a3e83c63d017382349ed51e3fe5ae7f192ee4b,true,false
REQ-000607,9a0d075d9c11b2be0f4fbe2f,33f1686dfa15ac199c813aef,bd2a98ebbc2e2f5dd466f99b4c2b124798ac2990ecfd0c3c202caa2e759addac,57ca2615dbe47ce7e7b7d927175709252465d1554a3f9e3c9f8707d9272d6186,STATE_POLICE_RECORD_VAULT_B,demo-key-2f8689b230b2,3c76dec46f4f8eccb9e064b3efa9e7a02fa0c59df406d7c407d3641ac7701766,18f271530ed6e1bbb97c704088231a71b35f97c8a080cc7e595e6f6d7b6eb4e2,P-2026-05-STEP2-ORACLE,13,9a1627e6918212657741487fc3457c98cb45538304d6a13a185609896b1221f2,ce07140c442575ec6d8883017cd9af4f5de76974866e3ca4ce116716b9b9e0e9,004a8eb2b97c8b5571317e2a4a72a76dea0a71a5a45b3fdc2f03dffdc8872103,true,false
REQ-000608,db6a2cf39ae4810f63b6b02e,a0c379f6950a09dc137815c7,6f79aeff161e5b1de5552a1a04992f7a3fb95dc1520b1c5f12376ea8e82897b6,59c37d067da48ec2b1c09ecd39fae99dde57f6e7bb4a7c21aa57334013b6f3b5,PROSECUTION_RECORD_VAULT,demo-key-2f8689b230b2,eb4916e149be7711747fc7dd9336f5ed49bf02349c2717035be57660732396d0,f9a75204b5958a57f63ef0c965326288934c35b4dfc5312f4b97fee594e3780d,P-2026-05-STEP2-ORACLE,13,9a1627e6918212657741487fc3457c98cb45538304d6a13a185609896b1221f2,19c301626422502a6541b97ece1dcca988e579a20a1ac172940d3861a34715bd,d194ca1e791fed581a75236d29359e244d25334e74fba716b7d532713b110db8,true,false
REQ-000609,2f78e1f4884ee0d4cf5e7c7f,e17ed1080e35fdc369098728,6046c3474a1ce9e1fb9040d82fc0964f9c528f2510a65e8bec19a7b5c5c17504,506e69a2d5f1bd508b817d66c28d3d81df04cb81fafec5460b8fb8eed317f1fe,STATE_POLICE_RECORD_VAULT_A,demo-key-2f8689b230b2,f9ba8f7f3c0fa91b4cabe3fa2df9df6b921f5ad6a1c83f152bb002c8a5bb096d,e984bc163a2e6de8e2bb25599072919c4ad3820e422ce1028b60c1dce706984b,P-2026-05-STEP2-ORACLE,13,9a1627e6918212657741487fc3457c98cb45538304d6a13a185609896b1221f2,14cc318177ed1b7a318d62dfc39e6320f205b69b397f0f6d3ac2446ccf3d6bc2,34fdab7eb18661335f1867c4c8ec50eb8f6e301121676b1b363b9ef6d5aae2d7,true,false
REQ-000610,89476745cac894a936858ff7,96d31ab7a65ca2760835486a,3ec10120a47ff80934a788599de261b2fa6597dee5f909ae316296c356f96ba6,6b16b7b4690df30bb72cf2375081f6868a11d0c7e4f0f7d9539c73c36a20e3af,STATE_POLICE_RECORD_VAULT_B,demo-key-a27e431d0ad1,66ea416229b5c3c1fd520def6c8486e30ebcdc7f7046ac42980a3cf44bc39450,26c22f05050c7735b2f496f7bb8f5f50e3ed04bfa923120c82adf56bfff30386,P-2026-05-STEP2-ORACLE,13,9a1627e6918212657741487fc3457c98cb45538304d6a13a185609896b1221f2,f0b056248f0f032bce64155ceec1071b0ca3d8d1dc08d08be1ddb9d9bf418e0e,82160c2370cfd1dcac554ec913005eea38a45fc84484580c5f4a8a767b8c7ebc,true,false
REQ-000611,c289388229db506c0792742b,40b7dec0da45beb2a0abbd3b,f103ea437bcccb52018fb19aab2bf165ad12084bcb4af9182c7a221e00249913,e5c132bb5187d154c5c58e2d7613eeaa1ef785672882f8e6e9ff41e9d651d010,FORENSIC_RECORD_VAULT,demo-key-a24a960f31e9,539f3ecbca2d2e8423e8eb5885fddcbac02833e539a2b2591c4d7bedb08abeb8,56ea7667d4e2318fbd70542b4fbd80a4a23770d461ad9717fc58817ea122f2c5,P-2026-05-STEP2-ORACLE,13,9a1627e6918212657741487fc3457c98cb45538304d6a13a185609896b1221f2,1b96bfe8878beff8548088910baa56c357b34df3d22df9d383415798832343d7,98450df07848dc90626f2b2ce8a5fcdfb55ad649f12dd9c04e4808133e73baa6,true,false
REQ-000612,168a1c2b3087fff6a8185d0d,69b3c264714f925c4a16ae3f,30f165980dff96198d3c0450951510e2898974faf4658b86fe03c6ad371942ac,c8a0bde02679fd36752d06aacde061566a12f6e1fee4e36d39374f9a6c9d19d3,PROSECUTION_RECORD_VAULT,demo-key-2f8689b230b2,b303452503ac66177fbb5dcf135c15041060679a4756f7a7a655f434c8aa7187,2ccb6d3667eeeda0d725781b0d1b4e58cb56fc0160e97be6cf1f8c922952cdb7,P-2026-05-STEP2-ORACLE,13,9a1627e6918212657741487fc3457c98cb45538304d6a13a185609896b1221f2,8c2257cd6294330e18996151d2b16efa0bf253d23eb117a475784ebb9372fd87,eaccf40c9c44a326cf2f7ac8152dbaa5dfbfd358fc27dbc29b4e93d5fb36ce3a,true,false
REQ-000613,f7151781855b8ca96dc2f997,a7668c0e92aeedcdd72df8dd,bfe665f819abda3f827896ff30d44ec79c84e1afbac40fa542f7f60769f32a57,a6398a161e230878b30c48b92e66062d108506f60dfe898a929b0772f4776d03,STATE_POLICE_RECORD_VAULT_B,demo-key-a27e431d0ad1,17517fa375ca9da7a7e540cc56ff9bf5009416a660f4465d93cf11390ea2b257,cce0474158b5245027d26eec60b0b7dbf7aff7b0dd99a74476730299ddd7a96d,P-2026-05-STEP2-ORACLE,13,9a1627e6918212657741487fc3457c98cb45538304d6a13a185609896b1221f2,9330397a3f2a81bb603170eff1f617b97679bb077371473b16e6759ba9f59eeb,790d274c15bee80df4e0a9502c1c812a55cd0b75433f7b92e18fd454eda26c7a,true,false
REQ-000614,5e42dfb878f0ad90838bae74,45e20165f2c921ed4ec5a4aa,d6ce9b3a7237ac3ada2ba714b9b304a2fa22d40e4de61b090d782eec186157b5,a02cdc1b52eb491909c79ba9edea7c1c394f8ec40508d2d36431e01778871a99,STATE_POLICE_RECORD_VAULT_A,demo-key-2f8689b230b2,f38a7474ea79cce02e0f86981bc4ed68621c18b1b83dbaa043f12383ef594cd7,e59340271479d3f29a4f38e37a461386751267522019cd3592a2574e98ececd1,P-2026-05-STEP2-ORACLE,13,9a1627e6918212657741487fc3457c98cb45538304d6a13a185609896b1221f2,2da89f948cd77f290a208b778208f78de52f2b9f010b02685378d588ded16d07,dfa648db3d94a067df153b1da65dd89483d470ff4b1f6f296e16b43233a25680,true,false
REQ-000615,957a61b122db170092250b9c,c27cf612228c1f492343e9be,605a2b33c2fa0e71646a8b4696f327f2bdcec13bf83e7f46ac50c79a448af6cc,e273c12bc6433cffb2ebff89eb29f21190ca8e624ef8359bd3b8978580412a05,STATE_POLICE_RECORD_VAULT_B,demo-key-2f8689b230b2,bf5f31739fe7fa3d4342e15c67462b80bd5ff26472a02b18cb9233a0fac7d0a1,d128e1a70514650b9b3094747915b07deb88114d3fd9ad7793c1792162584359,P-2026-05-STEP2-ORACLE,13,9a1627e6918212657741487fc3457c98cb45538304d6a13a185609896b1221f2,709fe4e464f9939a9aa626bedb3cbc54767eb66b36f69c9f90b7d7ea1381131e,7b70db4e94a9527a724cf898065a032318c7b8e5503d19483629afa49aa616a7,true,false
REQ-000616,77385b524212abbfb3cdbdf8,f0ec4ef4d633243d9da6333a,f4e27731ac86c05f9692019f946aa7d02eafc292699ee9a9bdcf198596afcd23,dfbd0956ffabca156784d1e2feb38816f3bca77b1fb8f371ac06ee83fe76f2b6,FORENSIC_RECORD_VAULT,demo-key-a27e431d0ad1,1563bfe127151a73ae5cafcd805008d31160dd0368c39b4acdf38038fd5d8a9b,20819c13a7ff331dedd8afb4d54c54e42b2522dab7c051378b802ad85122a5c1,P-2026-05-STEP2-ORACLE,13,9a1627e6918212657741487fc3457c98cb45538304d6a13a185609896b1221f2,354ca6b81791535f63b84dd61907bd90f1d25bb5ffa647f30c1831a33c1e5c22,89737695d1abf8c1b407cea55f7e88e8c88a04453b6d5dc8ae7a869acfa9bdca,true,false
REQ-000617,7c5a32c9e66cd2cd800b2f7b,c3d60a5d0b1b6de564444bd8,8af0e22c026a92b9589085961e2cded9fb35e19d24b20accab5b5a0735fa4351,fa70cb9c387cdc0ef5835b702c3e48e8cff5eef2ea064af3f60859f6fb528ddf,STATE_POLICE_RECORD_VAULT_B,demo-key-2f8689b230b2,54c10311c4a3963080e161717908df1d530ff15c1d55d3b03a5f56e8c967681c,61ee5194a65727b7361bffd4ab3f9007a3a4919a4242fe13546fa66710569faa,P-2026-05-STEP2-ORACLE,13,9a1627e6918212657741487fc3457c98cb45538304d6a13a185609896b1221f2,dad8b29d926b09fada686071a2e9e02e85fa559dfdfff34e9e952a7d48965925,a99ab9a4add6c7d191284c87921e96db204a00c12ec20546d7869e05b0036f8d,true,false
REQ-000618,193966fad57108ff4acda611,fbf3f73023857682aff4cd7c,78c3fecf002ac0911701d81615546a51601770264b1418075eae0a3692774406,a9489a68d4440ec9396d5d0b2457472768fd0392bc81d1a069d498b5745196de,FORENSIC_RECORD_VAULT,demo-key-a27e431d0ad1,1128e63112498f61abe97e1b8511252c7c3e86acbc2b5988c06db854d2dbb3ae,802f220f1b067ce1944f28bab976328e157793e4e8bab2249d3ebed4bbab5c13,P-2026-05-STEP2-ORACLE,13,9a1627e6918212657741487fc3457c98cb45538304d6a13a185609896b1221f2,9421c649eb9ac07fd339bb11862aca65c41f9fe41a12b5d43c81871628dac218,13507bd2f1ffef20ccf4ba465c4e7a343e2e3e1fe496f6e8e092b38b91e4ef17,true,false
REQ-000619,5b3c9fb228bd8b29719c1a5a,194bfbe639abff2650ec064a,b8fc01ddc0fd81856fbd59de369d66a09f5ab4adad7bb8bfc295393c03736be9,868354965be8966558b1a53ed540816e829e93f633447de4aded9d5d6301ea84,FORENSIC_RECORD_VAULT,demo-key-a27e431d0ad1,edcfc271100a70df81ccc72bdb0f4dde61249d02a9d93d07589aa32b8be377ec,063a5505175782b5a048fad08b2904718bbe02fdd577daa7c0218cf5b7beaf4f,P-2026-05-STEP2-ORACLE,13,9a1627e6918212657741487fc3457c98cb45538304d6a13a185609896b1221f2,f56294044d11b5ada5902c2174e4a8d2b201d30b1e8578396822593557a516ad,21ea2b28d6510dc9b0329ef170ae6d6553163a81e17b9da15abf82006989638d,true,false
REQ-000620,bd50a8e4e50ac9f99d20af26,b1d2e587e7dfefb9b39ebfb8,324c3a4b6a89a6230b5f01a90212c01b6a445bdf2bec4febbe60ed42624ad6b8,8be4143897923abb0c30b073869fc88365e9d53b02fe36103de569303a470490,STATE_POLICE_RECORD_VAULT_A,demo-key-a27e431d0ad1,7329ec5c7320115bb9519c705cbe8f0acfb0fcfa311c70bb42976494a73afbf8,d0e1bda17728e8386f5c859e19f829fbe6b885bdfd78149e8fd38b7fb15c4036,P-2026-05-STEP2-ORACLE,13,9a1627e6918212657741487fc3457c98cb45538304d6a13a185609896b1221f2,95e3ce42c17d700e363ea0a14a1d26091c1084b5c5acffc381aa3afc4a45614b,c58e4a62d7d46bf344a3aa22290b67c2fee835a73aea29c3ae69e59a71d80aa5,true,false
REQ-000621,71b13ba5ea5eddd1dd8aa5b6,5840e275a5a2353a9647c76f,bbd65c9495faef233641c58d3d83e64d7b50dee50108c4078f97af3d347194e8,82e6462eec13329f45d5b600a29f2868f5f3f55b317bdab5d37bac1b761817c3,STATE_POLICE_RECORD_VAULT_B,demo-key-a27e431d0ad1,45a28e3811370a289e23a84b1ad115ef04c29690be791f52208bf4a4a021dae1,a808f304f3cf90c2a07194e20e0bd4ef68f9f2f398f1f7a1d09cd51a1c814683,P-2026-05-STEP2-ORACLE,13,9a1627e6918212657741487fc3457c98cb45538304d6a13a185609896b1221f2,f7f708bc7c542ef9fcd428362f01429d353e8dbd1eca7b62dd62d4eceaaf88d6,89668faf51dd8ddb7f5c467b47b00d6c74fc37b775d63022598b544e469fac77,true,false
REQ-000622,e1083b56bf8aea3261c52dbd,828a27a6026dcf99b36f9375,e9a2b3e87303a787b32dbc89d0fe1ad50a60e9b66f0d2b8aa467bcce0edf90d3,66ed8b852fcee91c3f6972b72fc6aca4cdd0a5b6e7420193bdc9d8dd4871e157,FORENSIC_RECORD_VAULT,demo-key-a27e431d0ad1,b020ec4b9e3dee8ed9f504ccaf33c57178ce3138dc52f6041ad233058a8a9df3,1be72cdf63a2b686e4f5f338c64f1332bdb0fb187de6d8519a100115ed3e42a5,P-2026-05-STEP2-ORACLE,13,9a1627e6918212657741487fc3457c98cb45538304d6a13a185609896b1221f2,9238f2a7021c29f1a6a08ff07e78b5dc1e0a0c4ef0e14fce4bc46cfa48331168,e030f03a17c96591fec6586dbbcfdacb5b97e510a5716028991f90d81525cf37,true,false
REQ-000623,3247cfd0298737ce5f467ec6,585f9d3ed5f043bb189c0a7c,cebfd27cf128a394474c2c342ee06c053192b035ed20683ad8fbd5aa53d50848,dba5201a81529c99cd86e486b12afef175ec442000ede988fb1f3926213ce22f,STATE_POLICE_RECORD_VAULT_A,demo-key-a27e431d0ad1,0092de5413bc45d9d0437e69cc89f0dd54bfca529d7ae679f7c573263d2af799,0888012cd8c80eec798f5fbb20263245aedd86b671387440ca3964281d39de53,P-2026-05-STEP2-ORACLE,13,9a1627e6918212657741487fc3457c98cb45538304d6a13a185609896b1221f2,bbe3e7a337fa208cc3de9bc47c32ddb6c887eb54c1a8a0f6926a0eda8db443c2,5555fd9d005da6ede9e8898cc81fabca4c55fbb183b9a18157ed211315e946bf,true,false
REQ-000624,83c5b0534e468f6304fb5a25,0fcd998333759be044c26b13,37d592efcc94b8b677ac11fa929a940c241e7cf7f547c5cf9579c8b5da8c073f,ea6fd9c97d21dac046043d4841c77cbcdcaa980dd7c44ec5444cd06468d36d21,PROSECUTION_RECORD_VAULT,demo-key-2f8689b230b2,085b110cc89c6c6627aa9a1d18a0897c231afcbb1769c3b437e0ef3387ccf265,83b37825ca4276ba42b583f80777a1d0076c3c2d02c2e0aa485c93e4a1d9f0a5,P-2026-05-STEP2-ORACLE,13,9a1627e6918212657741487fc3457c98cb45538304d6a13a185609896b1221f2,01c6cf231a2f5751b2c076536628614a1b7e8c25b37cbf6f10c1e04c0f812ea5,ad4b44b9d110d968af069d624cf779de51cba1b212fd5adcc1669b880391ef95,true,false
REQ-000625,f34566a66a686c1db1f13e6c,abff993a289cf2ea9c311d3d,b0cda87ddd167d5c2e68d135483e9adc467a58221fccf889f82be1ea851d8af7,4646c45d069544525d3c66f1ec3d2c1209d58fd47c9b846e5116fc3102090a3b,FORENSIC_RECORD_VAULT,demo-key-a27e431d0ad1,9e85d808d9c5c0acfed4e1dffed8a1018d9d3edce5e761028ebacdcd1989183a,371b722b943c889ecda3a44813ee037169746bf07a2f062fb0f052e6727a1577,P-2026-05-STEP2-ORACLE,13,9a1627e6918212657741487fc3457c98cb45538304d6a13a185609896b1221f2,70fcc471956dd4d73c8bf70baa922cdadb8b5a17fa1cad3cb29f4a24e6644039,fab7218c7871e6f6d9de430d3d834e736faf2413ad47d9e7d0d641d9b739efe6,true,false
REQ-000626,bf2181704489a082cfccfcaa,ead6b1ad16c2aa0bee3ca5f0,e50e359ec4938266504f11aa5531c3e3f58aeb42e11823e1594a90baaa826b8e,74348b56c76dbb7ddb61536bfa5df2b94c04825c305d172f061f8a98dce5c0d7,STATE_POLICE_RECORD_VAULT_A,demo-key-a24a960f31e9,02e9dc85781535832cc17d57d708baee9f77b9a57c8228362551428c3d0b73a5,10b8df97e7c3935e162170d2e4ccc0323709816a3ef6d3497dd8ffe3b74d0c44,P-2026-05-STEP2-ORACLE,13,9a1627e6918212657741487fc3457c98cb45538304d6a13a185609896b1221f2,04dc52dcab19bedadbce079ccaa173fe062a951c8477e1ec29808c31e241f350,a59e75c89d9d8a84ebfed7dec9a5b867e787e071c9555379b374f007ecb7350d,true,false
REQ-000627,24b2390d4286ceb3b5cac194,716b2f695a3e6b8fed47e265,fd699926c5ace2b43227f16ecb2988f524ab9f5bb57766b41747449a3d1e08b2,00b3a74cc25a13b08fc55479b5d2d612b3a3af3571d452d8a9f3a582b5b38616,STATE_POLICE_RECORD_VAULT_B,demo-key-2f8689b230b2,493dec662c69bf780604d0a1649e1ef067371d0c30ea8e8d19a45107897d24e7,f5289a48da6e5a5023bce45b106f68e2e58047105c3b2e362a43ad48dad69a46,P-2026-05-STEP2-ORACLE,13,9a1627e6918212657741487fc3457c98cb45538304d6a13a185609896b1221f2,6ee9efa8a4813a8b3ff49b748069c944bfbbf09cafabbdf9d7a23ceb3f2b9928,24579d2562fb5c973308a61ca1d732ea6b85796c795c01612d932de15559b5bb,true,false
REQ-000628,e5d687012599ae15945a2fb8,415c442e1d21b1b2319da10c,242a18c3f810eb430971589cf299d11af0dc21ea05e6e91dfa1219cd0d59c2b6,57d169f88798ab70524a8afe6ea0b858be8be43757bce1b902c73e86a31bf66c,STATE_POLICE_RECORD_VAULT_B,demo-key-a27e431d0ad1,d60ee13afb48caaa36be76247652e31e2e36c8cf0f0268bc4adcc44bfc7c7c52,0f8556fa4aae600e1780eb89f49672cb6f08ab72fa5885cbe72b1f023e0ef553,P-2026-05-STEP2-ORACLE,13,9a1627e6918212657741487fc3457c98cb45538304d6a13a185609896b1221f2,c9a8be47d9f0f7cfe0335b1e71af85f61d96da4b7c8252a1eda4663d2ceae941,f4ccd57621aef845f593e370f83222d8ccddd63447fd4e896c72ea22197ed23e,true,false
REQ-000629,83c5b0534e468f6304fb5a25,0fcd998333759be044c26b13,37d592efcc94b8b677ac11fa929a940c241e7cf7f547c5cf9579c8b5da8c073f,ea6fd9c97d21dac046043d4841c77cbcdcaa980dd7c44ec5444cd06468d36d21,PROSECUTION_RECORD_VAULT,demo-key-2f8689b230b2,d36878c9470e2c6dc8c540ec53f1407a1ca66b72775cc26baa88976799ba37f0,38980d51e2c064aef5b28dea369fd17d66ae2a371cc341b9fcb0e6bc5b8b4fb8,P-2026-05-STEP2-ORACLE,13,9a1627e6918212657741487fc3457c98cb45538304d6a13a185609896b1221f2,ae32fa396d24379a059564735ed49e896843790b433f48e692af626656c088e2,8f39767b5b4609826a30243de73c86e4fb965c3024f1708cf2f6832c2d7915b9,true,false
REQ-000630,a294966bbab71d6e812d21a5,90c06082a294898283701616,9454a92fc15b1ecbd8022fa6161623afee49af3a63bd7d0d1528609c6e7a91a9,6078ff2f94f2ded7c04d36c8f06c1c1bc3b88c9947d1a37139a7145545673e5e,PROSECUTION_RECORD_VAULT,demo-key-a27e431d0ad1,d334de3f275f75286d6b157ebe77ac9857fd1a83de4d4a8a4f118015a1c9860f,3577ad13f6ab396ceddc5710c0f3d09f26fae3fddab240cefb867806ac9253ae,P-2026-05-STEP2-ORACLE,13,9a1627e6918212657741487fc3457c98cb45538304d6a13a185609896b1221f2,51b92547d1da28c48445b154f7538318f1e3776d757c95b9874f6d3a36d415c2,ca7cea6ae478d848b39e1b8705f13ccd964adef2097e233af68739b4d18285f1,true,false
REQ-000631,58a9f38a07138e1943c8cd6c,6fed1a3d1846891456a05dcb,5db7e0acc07541c8a09222273a9b7086c22022469051db83793d7663d3701f62,e7b6f62862d3a0a55c37e9b6db55d595be7e8bc54c5bcf700279c51a23f76ebd,FORENSIC_RECORD_VAULT,demo-key-a27e431d0ad1,44c636b8ee560cf9cba926d171d925ff965fcef3e548efba3169cf8e934f77af,3c36354143ebec8551bb633f0c5894ad20cfee858c3ccb081ffc07364c34bd47,P-2026-05-STEP2-ORACLE,13,9a1627e6918212657741487fc3457c98cb45538304d6a13a185609896b1221f2,fafc90af409f6a061b54c79a864afa42d5123f0a0665bac4397d36c4a70e75f1,a41a7a38056bb34a15b498aadd6a21737f949fac5711aa60ac6eb692b5cd8774,true,false
REQ-000632,62c4bd5e3c46d322ca954d3d,b6062baf2b851e9e9fd94bea,2b6d7963537ed3f91995340384b021aaeb9ac8d9dad0e5fe38cd343ce14a5604,305794109d06e3902bb6b6c7cc85214a66866897e68f23f93f34c0bbd7ed9b94,FORENSIC_RECORD_VAULT,demo-key-a24a960f31e9,9203667d4cb3e1fdb1123f35715600eb671dadefd12483e36e58dbff4767534c,294fb602e343d0b586cf59595694791f033ac8b5d0562ccc251634fc86c056ef,P-2026-05-STEP2-ORACLE,13,9a1627e6918212657741487fc3457c98cb45538304d6a13a185609896b1221f2,6da06e5c187406dd0413e2d804827c1df9d8b9aeb86f8b359d2717689f9d77c8,c1ddfa87f81e07353184f01ea2eafad8361a9cce9ac6035c611f8ecc103c1e94,true,false
REQ-000633,b10eeff052ba452504a54f88,cbe27fb886a6f6e01d3b1203,93af07a62648ac479de9d0275652f20d46488badcbd8c1b0ffa412a2d0d8a163,a816425d66186667b7ea30f875197ff6bb5b734e558028ed47479f420aa6e29e,STATE_POLICE_RECORD_VAULT_A,demo-key-2f8689b230b2,afaf534781f0fc9bc55f74fb80cb400562f57b94d765446eaf317dae448649a4,e61d4064f1ab5352eaa772a2911382f7a0e29025a79cb5c11968a71fc877e607,P-2026-05-STEP2-ORACLE,13,9a1627e6918212657741487fc3457c98cb45538304d6a13a185609896b1221f2,24ea8ec77494546cfe4083d21bcb45892fc7a0ffc599f4febc8e2198be92ebbb,64fcaf2fcdc2f5eefd28daf3f027eca82c22b3b8e537ad535aba367148769755,true,false
REQ-000634,1401f3e1054a0aaab0eeff1c,bf7fed8196b2e020dd143c25,7fb8faafb0b41067b143cb606945e08df2e7a9b3faaa9dc9fa1194cdcd236831,a004d70aacecbc99084233dda6f13da2ddadea1e71c32aab28c6d5a948651648,STATE_POLICE_RECORD_VAULT_B,demo-key-a27e431d0ad1,577d0cf1fbd72938cc8c354f23fbb969820ac1a20fbf6c15c2ee2e5bde33a490,7212e81d247bb29f3e705eab212fb88a8f70e78b770953b51948bf3d20a48c1c,P-2026-05-STEP2-ORACLE,13,9a1627e6918212657741487fc3457c98cb45538304d6a13a185609896b1221f2,b61dd32edc1a69f108c367bf9e48d3a3b03e2b7f246997283656099b79be0315,fb15e3449f5b6a011232ffb066f36e703ea7f3aa9882564333d1e83587b4587c,true,false
REQ-000635,148f5201e446b9e7af6ac7c4,928d6a8e73f126ddc516cdc4,b809c3b2d15a8788e426f3d1873039681fd759a6d9e78d75d512502090437078,5456cc8159b95080e9d6bbbb0837e284e54fe4acf863b1c85d4416f894635431,STATE_POLICE_RECORD_VAULT_B,demo-key-2f8689b230b2,96246b061886dcc3270c3a873134b26bb021763e8d72b826ccb048538ef240cc,e0ac476fbc7530c7feb260d655db6725f9c6c9e320ef4b2b8e715866d87f390a,P-2026-05-STEP2-ORACLE,13,9a1627e6918212657741487fc3457c98cb45538304d6a13a185609896b1221f2,606d255d15145d453bdb287c5e4108480938038feab44f059d5603179d4ef8d4,6af8c74365602373bbfd159ec896a2dd2a58fd756c3262b15dd8fb037127aecf,true,false
REQ-000636,013db09002c5359870535b51,2e2ac9a056b9d38d5ca25b36,a684b83604e5c15b12cc17d1105fb27dfed23be0c73f1aec0758cea7442547d3,fb47cbdcdad3d34287af31a680f24ca24bbf0eb59b00e6f0705bdfae3ee24654,STATE_POLICE_RECORD_VAULT_A,demo-key-a27e431d0ad1,5f80c641cb4300b5b652026f7827a65b0b29f0b2d997437a0ae396ef459e973c,20cb7e1a9735ed67823603b05f8381ca23c466e453cfc2a576b9657b44e7cc13,P-2026-05-STEP2-ORACLE,13,9a1627e6918212657741487fc3457c98cb45538304d6a13a185609896b1221f2,eaee13af2e4673892e4ea8a8cea9255c81fcd4c88124c2d6ce0f6de951aa5cb5,0dbcfb88eb526f18114deb7cd03e15422ce4cd3561e5f4e0b7551e4c042a929f,true,false
REQ-000637,deffffbc895a829fcc534b52,8d1e26374dec63a3818d8832,09e2ba14615822fd08dc94aea492fef2501dee7da1765d92722865f838cdc3b2,16e4f3ff7b06957179ae4135a40a14112fa2da399fdc3cb9130089c23080d23b,STATE_POLICE_RECORD_VAULT_A,demo-key-a27e431d0ad1,09f97b613c5f3d084960507ac3f33967064999a5e2bb9ef602ab7b5e0847870d,cc3cd7178a94ca5d038ccd40ba061d7904bb48d39a03054b3b5e34a6c89e7fed,P-2026-05-STEP2-ORACLE,13,9a1627e6918212657741487fc3457c98cb45538304d6a13a185609896b1221f2,f1192dd666e503801c8648f3336bb426d8e80910628d24b1badf2989b4c38bea,73178ceee3fb838e36af705c8a5f202cc153af7e4922dffa4a1c5112937b3d75,true,false
REQ-000638,5820681615acad6176f4144a,2f5118a413a3c48a76c54af0,4d2355b11f4476ee41e5f63c9d9e93b02d9b3ff7865aa3ebdabbcf8c181d25de,268b378f34b6c926ba03c34af610bebe9824f5fd81031f1a8d1b1195c3e425c1,FORENSIC_RECORD_VAULT,demo-key-2f8689b230b2,d8ef62c214859ddf98cdf52dee68220f774b9be7c074615b4f0d1b7e1838b368,2f470702fe8bbb9fc524b13dcb2b64a2abc9bc94b30a1093fdc29d7edcea5d5f,P-2026-05-STEP2-ORACLE,13,9a1627e6918212657741487fc3457c98cb45538304d6a13a185609896b1221f2,7442f8f5cf28c4dd01f1dd2ab2d09a27b360a01d6d4af675b49dbc181c1473dc,ae8e6800b3815d92801a3d7e516770ea82468a842e9ea83babd5dde787176112,true,false
REQ-000639,c1be72ae2e586a7fecd00956,08953d1eb408fd3561adbaf0,f1e9105b45377ef714b345b5c2bea7a20cd6bf059c5b129355bade8b37d3da5c,7a98105bcbc7b0837d9515c38c720f9ee6f8fec791854ecd4457d13e235fe361,FORENSIC_RECORD_VAULT,demo-key-2f8689b230b2,2edce70d26bb7c36367d654bbaf70963df1008d5acf083d7c960749f4f6cb091,ae4d267251e63ea046822cb459cdadfd9737226f3a1b1d702717f544007b2d4e,P-2026-05-STEP2-ORACLE,13,9a1627e6918212657741487fc3457c98cb45538304d6a13a185609896b1221f2,47cee57afd4856c49d7c20ac754e928a3fad1c2b46ab6ed831cf15ee9898f93a,0cee6cf3c0f51d63faa40c1b208e1829b76d1b9745e7fb9548122e4208cad7a6,true,false
REQ-000640,b1d414a86aab728f35101d37,367bed5bc57901431c958e13,2a4d7473f5d22c989f90ba4f5560f38c317e30475d98937e79d7bfb35aa17bbb,33a11733914e312acc188b4500defab0bc141ee48253980d77e57665ec8d731a,STATE_POLICE_RECORD_VAULT_A,demo-key-a27e431d0ad1,99ec34b9783b1a1a118c06b4c110a1d6732bdc4d58763406be59ec243da2e7bc,27759c285a0386385eb5b7a943dfe2a87d22d4a0d67fabcff7f00f1e9069b328,P-2026-05-STEP2-ORACLE,13,9a1627e6918212657741487fc3457c98cb45538304d6a13a185609896b1221f2,b35f34b264fb9701967e0e9f497c32698613401a03ec17c04855b761306632fc,138206359320743ad382b31bee16095bf228d7f7d6952f7c4024971895624696,true,false
REQ-000641,834c1d76a17a3ab249dc2b1f,f45e0e973020c8f4e8c8da8e,5176e1733ae9446b2ab7d7fa076d87a2917dd60e7bf344db30a50354e5c5228b,0e8e7a848c2a86bb54f1b00f90a25cdb44d291bc4f70b55e36a8214d12d83887,FORENSIC_RECORD_VAULT,demo-key-2f8689b230b2,e2145d76992a052f6cc49f37cc29b2fe50f6608d90094cdb129c0e82f498ce93,b2985d095ef4e04d17908bd881a1ada9fd00d3c7f9d78e01dd9ec90fff0108be,P-2026-05-STEP2-ORACLE,13,9a1627e6918212657741487fc3457c98cb45538304d6a13a185609896b1221f2,e9ff134e26fc378628cbf421e05766d7912d6b77f4a37f8ad1412a86f4616378,2d102597ff1753bdc061613c130d025ab190e02c1d5eefac772c4731540523a2,true,false
REQ-000642,f38571fab98970e83b278f4c,4b750acb31c3c366f18fc9c5,d3cc37061583419e20a2329c8343be11fbe70b163218c8b63aab966ccb46eefd,13f9b212079f6b70fc6d0f610a0f53e3f9aa670cf7e963c05b50391d892aa93a,FORENSIC_RECORD_VAULT,demo-key-a27e431d0ad1,7e1ce1b9e1c000f483e63b8250296e6b16c143d935cf6805fb46faa8910c982b,7c8497949d7ffd7651c564a61f7120d491f37b2ba6815eae05fe4709d0a259c3,P-2026-05-STEP2-ORACLE,13,9a1627e6918212657741487fc3457c98cb45538304d6a13a185609896b1221f2,6a9f5aeef01d1ebb70e79a806c8f3c49931be5df2885b3ab44673f3d59fad175,970ed5e0ab23e440bdf98a9f084bf1418297f87f44fb1a5d9a16c24fb40c4d1f,true,false
REQ-000643,19ed51c598418f3a839728dc,abcae6b69034b0234ff7f729,ba8b582319bd88fc29c1d177cd0f416b3c34aa33d5316587a5dd4344cb811c16,554a4fd229cf1fe86708ebae4250026abfd4ebcfd3440e477579fd5b888d4ec7,STATE_POLICE_RECORD_VAULT_B,demo-key-a24a960f31e9,4c8f87efded0998a84ee2cf2e40ac8604a69490a85ce7139d24757f4b6ad690c,27bb620e295030bbf9f648bba441c2d5384763918bd21f0060af122813f9b75b,P-2026-05-STEP2-ORACLE,13,9a1627e6918212657741487fc3457c98cb45538304d6a13a185609896b1221f2,e6062243fd8fb30dc0c93b4ae196b084b033c8aca8a50ecc26567023c4c015ae,e73d43a78c5ee3925d640ed5f8e62cb4c5639b3ab1f8e428987b0d811f37c3e7,true,false
REQ-000644,17ebb06a599dae60d15c8174,218f4df873310904e9b77947,c1a7ffc5db0d7d840fe3ed9a6e738ad1b3acb2ce80972ed5ca0c4388731f81ac,c4d9d03b3ad4439feb42620b87defc560d6d52fb5b883426d18720c801487a4c,FORENSIC_RECORD_VAULT,demo-key-a27e431d0ad1,22e79c988781b1fcab2c05b16ab322ec0a3e1d55300f4d9e61fd04d85391d631,92cb77dd3aedb553d06a268e7e29f9ef2d86cde5eba9f25002c2bbb71b9062a1,P-2026-05-STEP2-ORACLE,13,9a1627e6918212657741487fc3457c98cb45538304d6a13a185609896b1221f2,fd57fb514494b5d56ddf03a083dc3e19ed2d88a8ca4bb1e6b93061d44a27b7c2,14c4cc6a8844bb5ee0915e4372f194c5636fd550dc0be661454c136b0dca85e4,true,false
REQ-000645,2bb01093000cff150787fcc9,5fb1de4d26d949863e60055e,ee202363def0a77d311bddcadeeec7c5b5b6f09988bbd07690b5a9374ab32399,21feeffea7be5251e64bbe8f788236ab85dac7b159911466490838278469d1ca,PROSECUTION_RECORD_VAULT,demo-key-a24a960f31e9,83dd42abfdb38c8faa75d8daa270ced1025209eda574a9a7fb10d43c639932bc,f37729cda3fa93f036793ad587ac5ec1030c5d38aa2b75ed8bafb89e786c9d3a,P-2026-05-STEP2-ORACLE,13,9a1627e6918212657741487fc3457c98cb45538304d6a13a185609896b1221f2,24b7d4f03b16edd4b0d013f4b7ef600f035c90c55c0d7fd95fd38236edeaefc4,6c7e8210a53f87c533b8cdf9a173c29f58b692e66e68578a566e943f65db7509,true,false
REQ-000646,5ca844b2848b805c696a09e9,39b3b021ac2bacc0a736b2d0,da00487f9df1a5b62359f430c7482e63317a19bf91e7a60d4f5171569f7d37de,a112e86224d2a105a509b34123694e8a0a53f3b57a9f0d211496a9425c2b41c5,FORENSIC_RECORD_VAULT,demo-key-2f8689b230b2,5bc4954f1d6ec30b93daea762ef6ff0c3e58a5fa7c76d4dcff5ca1d7e15fbdfe,d969108deb40356d0df5ba5dabb60181c785caa9feae79fe6905c2d3f2f3f636,P-2026-05-STEP2-ORACLE,13,9a1627e6918212657741487fc3457c98cb45538304d6a13a185609896b1221f2,61ff9bb51e47df25ce23d094795a5f85afa0c0553191cd33bdcfe26b8e4e8a94,8449f74e520090f4c15ae8cba19451e07e64d931d5ac8d9c9573c681b532f55d,true,false
REQ-000647,f7151781855b8ca96dc2f997,a7668c0e92aeedcdd72df8dd,bfe665f819abda3f827896ff30d44ec79c84e1afbac40fa542f7f60769f32a57,a6398a161e230878b30c48b92e66062d108506f60dfe898a929b0772f4776d03,STATE_POLICE_RECORD_VAULT_B,demo-key-a27e431d0ad1,089bd3ecd893e4d50787203a04520a1fb0c63edd73deca8425511c3b19f97089,f3e16416cee2f0cd08fada7827c15fcca44a3395a101237470a7b55516b8ca30,P-2026-05-STEP2-ORACLE,13,9a1627e6918212657741487fc3457c98cb45538304d6a13a185609896b1221f2,de22870e0b1d6e759164318f08515ea775bb5b130aa56ad7d7c7d71ad2d1b08f,0b4b1aecd7cf16e3b262ae4dd75fc3c3b46477ad1ff6eceb67135bc2710e81be,true,false
REQ-000648,0c5416ff376c02a72e644dba,195d543c459cf377691955b5,2f85b572b75666cc6d674330b349a7bec113f9e57fbb6f5fc2abb4cbb0348126,e2ea5e7c9d01025055740dab360f761e1c40ebd8077570438543f9bd68fc6a0b,PROSECUTION_RECORD_VAULT,demo-key-a27e431d0ad1,c1c698d5ed81f83b76db9e9384b8a7ea5ce7bbf5dbaa1ed605d8593fefef6f80,b79a40799408d1dce5dae46dd383038bd31ed2ba1ed65b0937345e346c030ee5,P-2026-05-STEP2-ORACLE,13,9a1627e6918212657741487fc3457c98cb45538304d6a13a185609896b1221f2,bb632e3e18138da42422c9ccf022d3eaf2c03e406c11ff64b465e47bc16877e3,484cc4826f6451c78c45b70f424638f46dfe7711da269fdfc02b24dcadf90004,true,false
REQ-000649,a6951979d6b0ca29c516a2a0,914e0096faeab4952f809e81,0ac44e8d54381db8a473a306be4da5e8498bc190d9a1ab60eeb300044a356dd4,6a4f0f54ef86f0a8e23fa827e29933f639ddeafb095d671b7bb4fda75597ee57,STATE_POLICE_RECORD_VAULT_B,demo-key-2f8689b230b2,5bc2c81cd3cc8c1ea009de12db2c471b0f79c6fee686a017ffb72ccbe0f0a708,a8f8b40766ec60b0b21b98f08327df00e9785506d2a6134170a0f4101fec016e,P-2026-05-STEP2-ORACLE,13,9a1627e6918212657741487fc3457c98cb45538304d6a13a185609896b1221f2,f9e61949f5b58c6e103576e4ec3632500e97bc817e09ef6910f00c4dea1b0ff9,a9762f5c009a98ef3600e530f957fa0d068c6f0bd3b74c8a7213686237242176,true,false
REQ-000650,7c5a32c9e66cd2cd800b2f7b,c3d60a5d0b1b6de564444bd8,8af0e22c026a92b9589085961e2cded9fb35e19d24b20accab5b5a0735fa4351,fa70cb9c387cdc0ef5835b702c3e48e8cff5eef2ea064af3f60859f6fb528ddf,STATE_POLICE_RECORD_VAULT_B,demo-key-2f8689b230b2,f6c6e8ee464a3ad35be4a0d9353ca2b0aea1b4b1f200a79ad1d976fd369be806,cb5970f3089770799522116839bcf7c33321e2ae544f8fb6af45abd714a4d4e7,P-2026-05-STEP2-ORACLE,13,9a1627e6918212657741487fc3457c98cb45538304d6a13a185609896b1221f2,fee03d9a40bc17d8f1f4a96dc6b50dd2a0f626242b84bc2946cbe4a85706fbf5,12d82d1f334615d1ab9e76bd394dd4ffd789f1b4c62cc6bb71147ab1b873251a,true,false
REQ-000651,c7a1cb7711a9318d95ea172b,c6881f757be2cb497fe01cf5,b8fa62c01320e3602ae101bd46c84cf634080f317f36237aa628d5c51b3a2166,a5b49785eef957352232945c1aea73d010c9636e759d4f3a7b6a041af8432ae7,PROSECUTION_RECORD_VAULT,demo-key-a24a960f31e9,6a9d18d70ebab11f014c9316f2d30dcd1de89f84f434f0166d8a2fd44390bdb2,f9d409f5cc7a032f01d7e758cbe827689268f1bd73824a0ebaa8bd6754db7903,P-2026-05-STEP2-ORACLE,14,0d1f235e19c9a836f7aa1b7305f10a2ba28729313c70e18c940690c3156f2972,f8d1648b6633d57b800364313090ebaf9be020f56f099d58dbc4f7ef08590a32,a6ae907dd64bbc447a65566dfc53c3b62f86de404342946f31065469ef47a7e0,true,false
REQ-000652,94045736c42ce267b600c772,b67f3daac8debfd61175b7a7,9a3d093a415f8c49d09d0c275587408d4dcff0857fcd5f5eee08ae5368fcca4c,004954ba233149155e8379fbeb33c0cffb24ac79e87c54fa4f2c62319118e70f,FORENSIC_RECORD_VAULT,demo-key-2f8689b230b2,12fe73cd67cba40929213a0bcba5c1845348e832b0289073087fd123a5473361,3d091231ba6d23b39c495b86d02c6def99d469d1a6d47e84fcf4a459907531c4,P-2026-05-STEP2-ORACLE,14,0d1f235e19c9a836f7aa1b7305f10a2ba28729313c70e18c940690c3156f2972,f16aa3a23badb6dadf9fe592048e69ede6c9fa28a11e580241b43c7a5e148a39,369f151fa99504e5159d50792258d77c7755fedda7975ad869c871a9474511de,true,false
REQ-000653,cbe1fd17453b68043b279572,04aba826af3c4606dffff2a3,0e2a03c26fd170f93de802c376fea57660cce3e62597a27df7c12183578f3975,710dccdedf7210d2ee676667d9f1917668ee0dcf2c7798cd8c0801b340d13546,PROSECUTION_RECORD_VAULT,demo-key-a27e431d0ad1,501d52a9d48d1de050ff4c51544fd63ab66a852a04307d280bc9dd4af0d19d73,25b6fdaa4bc177435e80a5ff56c3a5550bccbc5450351fe737e9955d1407295f,P-2026-05-STEP2-ORACLE,14,0d1f235e19c9a836f7aa1b7305f10a2ba28729313c70e18c940690c3156f2972,6b058c36a2bd65490c47dd133ebca8749bfef8b610c00291164908c751176353,cce8071cf3544786bd4f69037826ea420450ba15d728a2928ec65e0ade82e780,true,false
REQ-000654,0de583999fee751f0b57b1a4,79b4d01dff3b60ca2f673700,e2fcbcc9e2fcd31d4bbe8720aab95a578a9fea4c2da77caa3f8ffeec7c24e4ed,efa3f474762ba3b66dd900b0f3fd321d59f8e17d7c39ba0d153a066a0692d6d0,STATE_POLICE_RECORD_VAULT_B,demo-key-a27e431d0ad1,892c2819273e52e8b7433bfd3489534e84b3d689dfb48d4853758fb94eec279d,5c1e8630a8ad044c87297fe99ad7236c5d423bf5e82a2ee830e52a933da70eb8,P-2026-05-STEP2-ORACLE,14,0d1f235e19c9a836f7aa1b7305f10a2ba28729313c70e18c940690c3156f2972,884378a723dc47fef532f6d2b1d4b3e0a99a1fe495dded5531080a4a69882adc,25c9f90138bcb1f19bc7d91343ca97b0be420d4a7f06b9637cdb52b8e4b53850,true,false
REQ-000655,db6a2cf39ae4810f63b6b02e,a0c379f6950a09dc137815c7,6f79aeff161e5b1de5552a1a04992f7a3fb95dc1520b1c5f12376ea8e82897b6,59c37d067da48ec2b1c09ecd39fae99dde57f6e7bb4a7c21aa57334013b6f3b5,PROSECUTION_RECORD_VAULT,demo-key-2f8689b230b2,528af869ef0972ab576409eecf2c9d871dafbb65ed3cc8b17e33ae24f90208cf,fb3f12e16c4f3ca057aecce1761ce48828a6151f5d5eae8de9fbb7df398a15a2,P-2026-05-STEP2-ORACLE,14,0d1f235e19c9a836f7aa1b7305f10a2ba28729313c70e18c940690c3156f2972,f23ca46a63273c1b26828a27021fc3f491a1795a9f523fa6dbb0aecf1b753812,5f1c3717037f53a6fbd97c7fbaca4e16ca367a4355f48b2e74531332a202cb3a,true,false
REQ-000656,092c1f9963d0656d1838f128,43b2fd1182562748d3acf1df,0e89e1ab9880f9b06054a7d458653203365f6b2aaea6bb8b0b49d47fc7231fe4,08f99b5ac3bebc91d678717d95590eb7d103b7737a5c771019b39a980a3817fe,STATE_POLICE_RECORD_VAULT_B,demo-key-a24a960f31e9,88640fd75229bc5c44a3ac6bb0c12fd0c5660b93f16b8aff98fb1a495c9a1e9f,1c4c6a7ccdebff8b6bd1aa04020940905b7b2e65c2e0d3cb06168d977d0d3c16,P-2026-05-STEP2-ORACLE,14,0d1f235e19c9a836f7aa1b7305f10a2ba28729313c70e18c940690c3156f2972,caf29d3c5db44b372207306fd5dc486fb178767798c2c6e5111a93dd8bf71c50,4e97e572706c87a3ad78ead12eaf4b08de7b67b755d7b55fd3b0e74bcd88d4bc,true,false
REQ-000657,945f4f7b3a236a35a569de92,599f7cbac4fbc61fb12530ae,0ff3231ad775b01ac0525183035457af7d4b26622ebc7abdeb5e0909a2b05455,8a14cab5d9ea17ed5195ac3f18da31b9afeb0b490a2a2023e7cf332892a341f7,PROSECUTION_RECORD_VAULT,demo-key-a27e431d0ad1,5b2e383a4da12436254b257c42f4aa861610b4deda641c8785402aa36bcbc713,ce8ba8978340f943b459c69500fadd595907db89988dde2b5899421e4c110901,P-2026-05-STEP2-ORACLE,14,0d1f235e19c9a836f7aa1b7305f10a2ba28729313c70e18c940690c3156f2972,9baec03a2a7653b9509748234d34f664b2ddad427a71098d04a53bf3b3f68d6b,ad6766453c6d85711f0ae548c7997a2e14e07731ec97193c509908d69288429b,true,false
REQ-000658,87f18e9e88edd6b6be2df2d1,a1fbf423ea460b84aef2f082,187a0a2b275667f57bdecebe1c0a97d9a91dd60a29c2f545b94b6f37fde5c2ed,68de0043073234b078d6987aee0b186993379fbcf8109b793793be889b4bace6,FORENSIC_RECORD_VAULT,demo-key-a27e431d0ad1,6c534da93b77f64268f3e006778dd63b0dff85cd09d8f5777d707e3d59ad289e,6038d93d3be44f1e7f26d5a09b7c66b4e14741745b0a33d7cf0f974674445bdf,P-2026-05-STEP2-ORACLE,14,0d1f235e19c9a836f7aa1b7305f10a2ba28729313c70e18c940690c3156f2972,603c45c69f5313ef737696a4f72bd36d139f2269f13f442885efe09c301a7920,447042498779b61f5c197eefc1208b0384550c67d51fa5ee0c5fef9bdf550100,true,false
REQ-000659,7ee8de49d1fbda970c1c712f,a00191c8c8e851b8f74e8d0e,f0c589e1b5864794d179d0cbdf6ee4c6deb232a40c594ffc36d982d773a4edd5,2f4c864bd22a456f03c99a4527e65371bb633e445b893ff5fddf9a338b668be8,STATE_POLICE_RECORD_VAULT_B,demo-key-a24a960f31e9,121ccafe5e4259dc9c822f971da4f87b9087a514d3524904d3f113e285a90b71,132c0b578d283272b9caf0b6ab0c2856a70ae9f5642917fc3d9d897d742bc3e9,P-2026-05-STEP2-ORACLE,14,0d1f235e19c9a836f7aa1b7305f10a2ba28729313c70e18c940690c3156f2972,f90c5403a8862785025c8a3cbcd7a81bdb546e7aa636758f2b834da7d3c7f2f2,77f3003f4ec6d7985e77f762625c34274ebeea6d714ea88a790d1343193b164c,true,false
REQ-000660,a638e70808e21ac763018336,60468716ad38d34d821c6ebb,43b6e6e019e16b908abb274d95b630844164025c5e1b495df5589db807f6f6ba,bdade102dceb787d1b55c778d6ad43d5849c370d812a5d82b7b07aff675d71ad,STATE_POLICE_RECORD_VAULT_A,demo-key-2f8689b230b2,da0d7d26593c9be0554f4e0cf8950723465064e3d9c00eb5adb24973e0ac08ee,7892ef4ef04a52f02de872980424dee5f975faa36d3e0e369edc38d3e86c1023,P-2026-05-STEP2-ORACLE,14,0d1f235e19c9a836f7aa1b7305f10a2ba28729313c70e18c940690c3156f2972,d908e744a014faf27d9bc6107308bbd48ad38aa8316998a05be2c80647def6e0,affe937e63643b6a4557ec7bea69fc5505fa0927c7c1ea995630c5319de15dbc,true,false
REQ-000661,d94d037bceb6d6ea53e03101,ad4a5545c80b21a7bba94311,0260aaf82191d83f4fc2273bd67f80a5c93e79c1c11a239ddb6e94831c3b4f5e,43bd5dbafdb93066d493fac9d3769b933eae3c2a3edff63d9d534f77bc3642f6,PROSECUTION_RECORD_VAULT,demo-key-2f8689b230b2,19411a83feb3dfc3eae65cf1aceeb10252a2696af62c7a107639a40eeb2b0647,80386c50963549309594076c224a05f723d56ebcff662e02e9d0a0f2306a18c1,P-2026-05-STEP2-ORACLE,14,0d1f235e19c9a836f7aa1b7305f10a2ba28729313c70e18c940690c3156f2972,9c09b183231b7baa608bff4b1720d69544352ddbcf53110bfd169dffe69a53eb,d576b35670745b8022d0c6f18fa1bc4385eeb295f80e25a5ce782b3b6ea39b0a,true,false
REQ-000662,25579b73e0cca8193764a119,216af6cf972cc1d8a68b70e4,581ed0572174559a0e7a3ec5d9cc828803d273b3be3c8cc9f6b3630425c260ef,38a9eab4c9bdcf9850ca56a09b69508d51358f0c836f8cd75fa0d83b93826c28,PROSECUTION_RECORD_VAULT,demo-key-2f8689b230b2,a0bbb174eacc0eaf6b5826c0ee0fc4facd2c2a472be349c6f970ca5ce8a04495,5de5777082bdd5e5d37aec9f7649889b8acba2b470798d60b71e30797033445b,P-2026-05-STEP2-ORACLE,14,0d1f235e19c9a836f7aa1b7305f10a2ba28729313c70e18c940690c3156f2972,4de6ad4905a3a9d1972c6ac6dfaeca8682a6f33b52ca8063a121d0a45ba3d565,a5c4801993bc891b1d41adbddcc9597e3577c0eac4ea1b7d890902b52d110d33,true,false
REQ-000663,0a4ebe96de8201efc315bad5,05e91c9360a99bc98d7ffb4e,a359bb831bbffad597ff2ec408594e543db8f55b12631bfaeb705c46f7cf5cf2,f12b0426850cfad1740a3dd75738ce59bd9bf62bb1290e3c788796ca7d0035cf,FORENSIC_RECORD_VAULT,demo-key-a27e431d0ad1,69fac19c2ea7a3e9df3fd8a5d9ee2f6d6912493f501bf8fcdaaa8df78b65e06e,fb74a5d4431ebc320d4d6df8c1b7df314f139b89ed014227637cbeb8ab316584,P-2026-05-STEP2-ORACLE,14,0d1f235e19c9a836f7aa1b7305f10a2ba28729313c70e18c940690c3156f2972,a51ec2dc68fa16a4266ee2bd179efea860bb6e044e8a905a9a2eb4e4e5194a7b,1fab87ff0138cf30dd48d749adc32459ef81b01652686f8b8ae06307400eec13,true,false
REQ-000664,52069d243f6adcab391e83cc,f8d6acd62ea4c79d36d6910c,a63cb2b2ba003e7c6c7eeddd1b251077730146c4664138f5f558965a11f025d7,2ec5816bd655bc9f36dba918e7edb4eee50aed72ea50b9d20c94152cee33b42c,STATE_POLICE_RECORD_VAULT_A,demo-key-a27e431d0ad1,be1847e0f58d56138c19f100e9a0eca3f98f89e544a4b3a281aef60f138dfea2,c9ad08c322d7c29bca55413b7bc5ad528ecbcbdc8206ad7d2817f98c5eb0d633,P-2026-05-STEP2-ORACLE,14,0d1f235e19c9a836f7aa1b7305f10a2ba28729313c70e18c940690c3156f2972,6100afa7c3be6ab56dbe21bedbc915f928afdcd399795314ceb95c1a596a5772,2c4338f89e244f2b3b1887ef51037ba4cc11aca8177ab9701cf32086b603baa7,true,false
REQ-000665,e3756b6206a69f17c5ab1d23,0a41260541c2d7928c29f9d2,c3255877b4f43f95d71e00914a8b8a13347251e56bcde4bb9335a5ce3fb88ef9,391bc6caddfd25774968dc255e2b0f35bb34c5beed63d121172f4d25ca721400,FORENSIC_RECORD_VAULT,demo-key-a27e431d0ad1,1c376f9a71979195a2f18f887f96917b33531399674edbd0b0f228cc72290150,cf6aa9f1afd95ed744962aa4ec1d5966a8de4dccad8b7252c5dee27be905a8a8,P-2026-05-STEP2-ORACLE,14,0d1f235e19c9a836f7aa1b7305f10a2ba28729313c70e18c940690c3156f2972,664ec62f4ba63d69fadaefddfed2c8f72b882cbe575f5c66e741ca8a5ac40b09,76cf7b6ff6b8197fa8473aefea350a88a06b5e84a92af719569377e5c5205d73,true,false
REQ-000666,7e9348f391ef3580bb2ca07e,02aaeac390cc2692bba10175,8727a1bd812e0d89a2ee4b7fe73ae26ba867f2c601c6c2d4ca8eebe79452b6bf,0c54099d485651312eedf4f6d5f73ef2dfcaa3fcc39fc68d4ebfb78058ac6376,PROSECUTION_RECORD_VAULT,demo-key-a27e431d0ad1,b0583aeb67d6e6a648b08f5585c18b2f1c6950fa530cff7fb96f0448b927e764,871ead022218bbfea8c29ea147a8ae4793e1989485cccc4baa3a24265eb54792,P-2026-05-STEP2-ORACLE,14,0d1f235e19c9a836f7aa1b7305f10a2ba28729313c70e18c940690c3156f2972,ea3fa5895c62926f9658d769f90fc979815b2df84a963d15dda0a177b4963801,12a476e4b544c5b54b4772c721b08540dc37ab9ed792703b3190a60222bcbe58,true,false
REQ-000667,29d9aeede8e69bbf19fc8398,c3f58e0b1d029b4d10fb0db7,cb0598ae5b307d1618dc391e3ae78b5b49e30a9bb2d69facf075ba228c90642f,1d8ed5698972fb16700eab8c66937be368d4568e975b71af72876459dfda4ca4,STATE_POLICE_RECORD_VAULT_B,demo-key-a24a960f31e9,ffc1e449cffbdfcc1b070d27fef4a462b910c8e6568209733d57e352b1c72853,6754463c104b54a56c111cffdb7f0e03328a9fca96000fb14a87cb4b1e8af222,P-2026-05-STEP2-ORACLE,14,0d1f235e19c9a836f7aa1b7305f10a2ba28729313c70e18c940690c3156f2972,e955e20b78f91d9263bd068fef13e86df2dc60e43448b3648d74b7bec2986f15,33072e627836dfedbeb7e799b3a8754978874ace74b409f5ff4680cf6dfc1a7c,true,false
REQ-000668,3d33aeac9a024f9da6d7ccf9,42573664ebb05faab5203350,e85e4c70225abed90e060f93c115681d8bdef334f8daa36a485867e2196fb60d,f66818cc7115d9675ae0796fcffe4582f56007ace09b1d1ad3c888bbc4b94e79,STATE_POLICE_RECORD_VAULT_A,demo-key-2f8689b230b2,d8ae456801bea23f832caefd390ac2ddc9fd56c98707f9bac19f6b245111deb0,240f8aa07beb429134560fe2403dd764b8800d686104fa9540381a11af0bb91b,P-2026-05-STEP2-ORACLE,14,0d1f235e19c9a836f7aa1b7305f10a2ba28729313c70e18c940690c3156f2972,2a3b468df3abc9117678c1c7eb5854e50da725d95466f832d7001220b46ec1bd,9cfb2553d9250ed81da1e8a77290a3d82af9f9af9ef4d48ab2dc2352b03e22b3,true,false
REQ-000669,fb5fe9b5c0b2f6fb1de8118b,49c8948a3804bbf816fe35d7,d7a65a9480f1adac3f8a56afcefea37803690af9f10f0b74fddb90ddb390095c,b5a9b5016a079437856de0c62c5e1822b38e429e8aaa4413e864d40a1c2d918a,STATE_POLICE_RECORD_VAULT_B,demo-key-a24a960f31e9,5203fc79aa29ab4af00b4ef3dc4232470aec62c1baf322ec3cdb24b6b82d2fa6,393a9529e69d3518224beee57209a5931bd5f88b71770628c06e34ccfcaf70ef,P-2026-05-STEP2-ORACLE,14,0d1f235e19c9a836f7aa1b7305f10a2ba28729313c70e18c940690c3156f2972,f480a7f8da9a5ec1e8bb11cc085762d39af276ab7a24958887850eea3dd7a55b,8b32c4dda338893d36b934deedefe0398dcf24240219ba6ce51328f376883125,true,false
REQ-000670,7d82342fe6c14212138544d1,0fc8e19981ed7da8870ddbd2,8bdb4cc3149a85293b18839f3ff8e82f511a3be087fa1c9a91b68b0320e95e79,908d32835c60d8c3b7d4719492ad87057b5ab0bfe4fcb93db151a274c90f0c4c,PROSECUTION_RECORD_VAULT,demo-key-2f8689b230b2,8794df59b96fe7da202df69ecfc73becb27abdce4a8e821de9c8398a543cf10b,51ba636fce1179386bb4c1b87f5a73148d837ddf9efe613a147e04046ec16769,P-2026-05-STEP2-ORACLE,14,0d1f235e19c9a836f7aa1b7305f10a2ba28729313c70e18c940690c3156f2972,ebbf0db831cdd75166f654e18cb72b6a8239a7e702d4ff9ccd91bfec4e5da62f,6f7a2a8ae4be92715d184b03ea902cfd778ae35fd09083eebe8d2c7465bb8168,true,false
REQ-000671,80b0b04a04631a2d56ecbd71,1c245fe1a5d9939a2a369a7f,4e08bb52cc83945da87b5d0c7a756adf18bf42c566c3a6fd5eb9d9ad550d854e,b358196b2a123b931497231fac8c7abc33457406274788831bac34099b9887cc,FORENSIC_RECORD_VAULT,demo-key-a24a960f31e9,e6b69b8618ffd63560650730086bc0cb6fb9a46dfa7c8d7358d01ca929f01d95,ce35d652961b6b111a67c69baba188caf5d31ac6c6b1307660bf05f2f4eebfb0,P-2026-05-STEP2-ORACLE,14,0d1f235e19c9a836f7aa1b7305f10a2ba28729313c70e18c940690c3156f2972,098192a2402e34f322c058f9bb2cf5afa40fcc95bbe90693abad1267ce66bfd8,023d1c747374ccab736445e84a0c5b32c42dd758334e13c61b2ce2ece3cc612e,true,false
REQ-000672,7d143f54dd071d0e35912d44,3ea35bd78b3866576bb76dfe,cb5bdc31d704c1ba4476d4173be39720da62d481db22fb51d755cbcaaf7dbbac,42d1d92f5cd32565067ae0c680deb5141af97b60509697983b184531af310d5b,STATE_POLICE_RECORD_VAULT_A,demo-key-a24a960f31e9,5dad1d3d9432f2db4b158fb6e2049e6bd76bd49f3185b3d8d8f3272a4826465f,e48453e8c21e541288b822e4f3a25668c3762859b6754a62f7a128b9f22a1fb6,P-2026-05-STEP2-ORACLE,14,0d1f235e19c9a836f7aa1b7305f10a2ba28729313c70e18c940690c3156f2972,5d24c173abdc1ae9ead4ae750630a0e1bace55eea9a81b586fd4c0dc72a1f3d0,e0c76a86510d147367dbf5c9d685866d5b2e1c26a324a61cd8144a6aa29add65,true,false
REQ-000673,e1d51408056939f2b7fccbac,d7e7e6863e3d14200b750228,684b71bcdf002358073ba625bb575866085429b1e27b22e1f472c39a7b67109d,62d3e3f9299f0b2406de18369d04ea2746bb1a90caa2674cda4646d34b2ca7d0,STATE_POLICE_RECORD_VAULT_A,demo-key-a24a960f31e9,fbc3af99edc1d090ce6f4746b48ad2cc7e81bed5bc058a827b85d23562cb5168,473486f68dda412013fd743f0367c016022ab725de281eea0fa8c3865284207b,P-2026-05-STEP2-ORACLE,14,0d1f235e19c9a836f7aa1b7305f10a2ba28729313c70e18c940690c3156f2972,41789755afaeb81a12eb9666814bc11831a01300147c3c252a0a6092dacd1cc3,0afe8dc9922e48b5052470d8245aa6127074a3465db6d2c6396f7d74f3396256,true,false
REQ-000674,afc66b49673d015deb1322a9,9d625d36021fec57870cb248,70f6e950a9a3ec47cde0e3725be2cfaf8bbcce1f66b8e0c9b1bbd648f6b0952b,f06ee791188a09feceda9529c689ca7b1d67e17e6f78a213e558916daf8d8b65,STATE_POLICE_RECORD_VAULT_B,demo-key-a24a960f31e9,c2634503ec1927ad9f2fab6a6e21008f4e3339dca1f38def92530b4197da66b9,7a8968f0904be22abb14a62626cc58a062accb844074b70d4e6609f4a350b98e,P-2026-05-STEP2-ORACLE,14,0d1f235e19c9a836f7aa1b7305f10a2ba28729313c70e18c940690c3156f2972,046fe7193c56bbe8a23836570c7ea3fd12ea437d068ce7616d732ef5185d9315,9d402a9c2a54acc85a88752c6646f6b93304656d53ed2bd41d6694de1c45a5b9,true,false
REQ-000675,6991232df5fe59f3ed13dc59,2a70d242971a5881fec35bf2,d8458407ab899ed2b310183cac13ea9837c7bcb2b9227e3a881c7ff6cd484108,729cc6842645884f376ca966b9f1be4f070254b72d4be1580e50f41050963885,STATE_POLICE_RECORD_VAULT_B,demo-key-2f8689b230b2,5f3e001d84abcd61bf9e8f938d72a141ec7ca0efd579c2ce8a4a3501b21c1dd8,322afb98cbc14172a52d23b2915a817332e174eb1ebb00ebf255ca850115bd94,P-2026-05-STEP2-ORACLE,14,0d1f235e19c9a836f7aa1b7305f10a2ba28729313c70e18c940690c3156f2972,71ecc1a8d02c8b24f916115dd350487e67941f42915699de06b5244f12dde5c6,b1a535f51a6481a9830f349077488ce255475fb7244f0264002cfa0b54b64cb2,true,false
REQ-000676,7ce5d3c68a1d4bf9a69dd131,c44267d6039e957cb0653258,66fe606b9d541acfbefb2e9a1d9ca77f05d098ad422ab624ebececeda7310080,0b23d39ebf6357f197b691859ef9fad42f4537ea74c411aa2b0b9af92295e81f,FORENSIC_RECORD_VAULT,demo-key-a27e431d0ad1,6735ce8e6a9f57eacb765ca62aae12fc0d9daadedeb17dac4bb22a7234979c61,c563763f2f67d462ff0000e125e3f5a6e0778b1416a5c4a3b1877e56d786bbe4,P-2026-05-STEP2-ORACLE,14,0d1f235e19c9a836f7aa1b7305f10a2ba28729313c70e18c940690c3156f2972,6a64fa780de065894b79bd742e9695236e79d360f40456d6eb71455a58063232,3cb64311b9ab725dd902fae7041abfa289c15fe685e4d5ef2ea73eae0b68cb17,true,false
REQ-000677,5a8ac217886c2fc1fa2bcbb6,543cde3b4ad499af7a2f535b,ce79294b2ff062bf7e973e2a1876d054a3513e3174827c70362c39b0e15b17b1,da64bd4b13a4c0b98c2321a3976c8a8b5ad4530d93be5b23734fa58f8e5550f8,PROSECUTION_RECORD_VAULT,demo-key-a24a960f31e9,c7e80c8fb94ab5b9f23a96ec8d1bbfbb8eb88e2c4d376cf0a5c19a1061ffe273,2c55655401ce49bb9f68f34fc77cd9a287b75676dc3fd0d9819ddfb3994a5771,P-2026-05-STEP2-ORACLE,14,0d1f235e19c9a836f7aa1b7305f10a2ba28729313c70e18c940690c3156f2972,63a757530bf727541de9b303e6f03e06bee25d4149eca493ca335adbd649b66a,f378d27b4505edc56bf5948f263ded031ab47c114a16e69d2eb7e7f806b96b84,true,false
REQ-000678,2f78e1f4884ee0d4cf5e7c7f,e17ed1080e35fdc369098728,6046c3474a1ce9e1fb9040d82fc0964f9c528f2510a65e8bec19a7b5c5c17504,506e69a2d5f1bd508b817d66c28d3d81df04cb81fafec5460b8fb8eed317f1fe,STATE_POLICE_RECORD_VAULT_A,demo-key-2f8689b230b2,f99deb07b7e3951fa418de16d1728eb851276f8816132a80cd6763d27333ccb5,607a3013b637735903a8d8097c4bba30d36f96176be08e1c8ecbb4fa1953c8d0,P-2026-05-STEP2-ORACLE,14,0d1f235e19c9a836f7aa1b7305f10a2ba28729313c70e18c940690c3156f2972,443dd8cd88dddda0627e107f354233fb106b79dc6b51809d7a91b3c8bf957d78,6f7b139d71240366fd5eed69613f986bb0711cefacd51378b2c7cb7ff515c0da,true,false
REQ-000679,e41a741ff1db4f243478c8f1,55e9332158e3e725be54ccac,0d930bdf16747f25698b89f77c70dabc8cc5cd25287b0a6556a7d965175c9664,41518edd294f7c0536d42355556e6803339b66ee9e2b069a26376cc91a13c37a,PROSECUTION_RECORD_VAULT,demo-key-a24a960f31e9,efab60d032cc35dbdd5e9e813f18ead1aaeee3aa0df306eebcad6ae37b84f330,2e375e15a204d64c04f71a148fdaa0f7ed883a20bbed1542979b6b3c5b363393,P-2026-05-STEP2-ORACLE,14,0d1f235e19c9a836f7aa1b7305f10a2ba28729313c70e18c940690c3156f2972,dfea0f509c2d65aac96dad8d218ee7695b0c3855540fd2cc4a6f8fecc9aeaf8c,c5ce45891890acbee5c056523b24005e4d3e499799650bd21ea4064470b87c34,true,false
REQ-000680,24b2390d4286ceb3b5cac194,716b2f695a3e6b8fed47e265,fd699926c5ace2b43227f16ecb2988f524ab9f5bb57766b41747449a3d1e08b2,00b3a74cc25a13b08fc55479b5d2d612b3a3af3571d452d8a9f3a582b5b38616,STATE_POLICE_RECORD_VAULT_B,demo-key-2f8689b230b2,d6c2daaaa7b888321f6a8e395094d7b97ba2970061ae026fa8052a05702cee76,3d05dcf3d4028aec60e95e791d99aa69c328c9b69e336c2709a3ffe9c1058fb4,P-2026-05-STEP2-ORACLE,14,0d1f235e19c9a836f7aa1b7305f10a2ba28729313c70e18c940690c3156f2972,b0b067b02ab5006a28328064eeed82f7ed4f68321fdbad51ae751f7aa9e77821,e83990f509f0cdde26ce8b5503c9c92aa5e127f0d9fbe502ed42f93aad7d2f55,true,false
REQ-000681,f7957a653c92d0a1cfcc053a,61b6921a69c34ad855502576,6f7cf8f5b256082f6c1b69cfcfabb51b7a8bf62cd9f940560c88a6d1c51502e5,ba31a38ee3bbb85d9c33f39e1e075047484bc8cacd0a83b2e2c6c6cb36a3bbaf,STATE_POLICE_RECORD_VAULT_B,demo-key-a27e431d0ad1,70479873f0e0e82bbb3cc9c00869e538e062ce7651ab566e3e4276d9fdba7b3d,29874a117171c5dd2b11a83b0a33e78276fd5f58f98cdd747ecd5962b2e6faa8,P-2026-05-STEP2-ORACLE,14,0d1f235e19c9a836f7aa1b7305f10a2ba28729313c70e18c940690c3156f2972,ecda42f935fbf05eeb81556b8d28a8ad2523fb6ad8bb05b3724c52f2c34d3229,466c64f50b1dc169818165e32675e06cb5037fe6c060a6af0ea5c0d90c46dfcb,true,false
REQ-000682,803e05eda0391b5c99c7c16e,df0e331f97c2307f968219ff,24ae513707d964df45e6f3d7df044288b7ca76ca76cbfcd7b3737ad17399f369,d1bda03d0d78280cc718390dcc4213c9bf662b4c11560fb5efc0e6abdfc0f99c,STATE_POLICE_RECORD_VAULT_B,demo-key-2f8689b230b2,0896e1b9368be6b7a26d900938d8bc7aeed7947cf4fcdf27d1e2dafe23c4a5d9,f734eb6086bef3b069ed3eec9924c52dfd598230ea7d9ee48efd5a99731ff28c,P-2026-05-STEP2-ORACLE,14,0d1f235e19c9a836f7aa1b7305f10a2ba28729313c70e18c940690c3156f2972,94691e5f59dd05ac046858c8ca1cf686ae5b6f633451dfd0334f72d2f97e5272,70915ed234b5e584503366401355235fdd1d2dba86588b6df63efb3167e2fddf,true,false
REQ-000683,47c63e7665f354ae6f2a6d64,3434e30c099c3cf75ab6c112,a6c0016ba5784f1a164afbe1403d872c0e4e2055f3800979592bbf45bfb720c9,572f7acbaa58b29a2e708366ebcdc9a7ea58704d654f9d18a58bfbf0db83fa85,FORENSIC_RECORD_VAULT,demo-key-a24a960f31e9,a55377ac0a48ad14ce7b452f6a2a98788696be9953ef8c22b5e0c449fd004588,6bdd2db58c21222f86fe4501b6ed5b44d0318b41a6b4c84d328628a6b8232523,P-2026-05-STEP2-ORACLE,14,0d1f235e19c9a836f7aa1b7305f10a2ba28729313c70e18c940690c3156f2972,f8c8cd57fb5b12e4720f947eeb9274f2b91983ecb4f8f9d6027fd492aa4e56ed,e03a0439a0526f2723ec571ec3e057597d2b864ef7620f8211cac65197c8a3de,true,false
REQ-000684,73a955fe3375c918a3bfc978,e0b662eeb20db0c67877dc56,914aab4023eb7ddc0477867acf401281871a73c153c06f07b630af1ced914801,7d247a4e800b253cf0affdc5d238b1e22f6a7d64d3dc360373058ecf16c32ffc,FORENSIC_RECORD_VAULT,demo-key-2f8689b230b2,3e7644f17a5d36622febcf164026297dea4e1304891bb49a58eac62d81db7a8a,1a63d771b15b4dc645da5a85df3738a7e5f633e37b58885ca8969216567b2095,P-2026-05-STEP2-ORACLE,14,0d1f235e19c9a836f7aa1b7305f10a2ba28729313c70e18c940690c3156f2972,b5564990c5ad335ba5a74606376102f6252155ac0c9dcd5701949465b568543d,af205e2e06f22b9e9b49f57bf2c81690e305e823f2a50e53b690ca7d036e75fc,true,false
REQ-000685,52069d243f6adcab391e83cc,f8d6acd62ea4c79d36d6910c,a63cb2b2ba003e7c6c7eeddd1b251077730146c4664138f5f558965a11f025d7,2ec5816bd655bc9f36dba918e7edb4eee50aed72ea50b9d20c94152cee33b42c,STATE_POLICE_RECORD_VAULT_A,demo-key-a27e431d0ad1,29987c2dbd5dc5fad56dc13f27d61599cf47f111631fc285a50732d7df1a26eb,ba4a368fbd2607c0b1d69c45a30e841f20998c174af895d0420fafa291e10177,P-2026-05-STEP2-ORACLE,14,0d1f235e19c9a836f7aa1b7305f10a2ba28729313c70e18c940690c3156f2972,ef5e1eda3b0b89f7f5e00b4af9a6fb44ad59577fc7f3dc232a9415d1abcb61df,91973b24f617ae9fb1e0e7aa86d9c8e02fbee2bf2eb2c23bb242fb5fa0831178,true,false
REQ-000686,3becdfa7ff5a42c711468de9,fda4b022de125dc1e8180992,8d0b7ab7e49c3cf726fe381e4cca650b9f80d29d98e20ac540a46616356347ae,6fea902d5d6753a98a162660a9a8b8bb6227118566449aa80ea78b85a80bb26a,PROSECUTION_RECORD_VAULT,demo-key-a24a960f31e9,466b22880ea5331bae310f79866da9391223dd02911d5d8a77391af37efce426,2b796d640f16957e5f43ee5135914fc665d8e95f2ff87cae362bfc6e9fc48044,P-2026-05-STEP2-ORACLE,14,0d1f235e19c9a836f7aa1b7305f10a2ba28729313c70e18c940690c3156f2972,f46efbfbb4fccac3af397a51f4cf8b499f57905378e7e015219d7470ee652190,69dc44924f24e5f0a3c0e8fedaf0a21d18db6277737f6dfde50af2ca1ba5cb71,true,false
REQ-000687,34c63fb4a90f2aefe4cd515c,a97fb655d7e280c452e4eadd,3dce4b658eeb4500684ac31768be59b7455daf9254eb1d3663189535d70cc1f8,cce44325c2cae0968c141982539f14a5094207fd07d3b10f5bcdcf13cd0f0d07,STATE_POLICE_RECORD_VAULT_A,demo-key-a24a960f31e9,c0d2d46a1adc1ffee37f24741d4d2cb4abbe4791b851da248a8e8f0469ceb49d,7816e1657a608b05be180380fe12d8adbb3e89bc3900f297995f1d96eadbf1a8,P-2026-05-STEP2-ORACLE,14,0d1f235e19c9a836f7aa1b7305f10a2ba28729313c70e18c940690c3156f2972,fa7bc3ba1aa3efd25431a1cba54f7c67d0db1ff995a417578a1d0af8c0b0b1cd,d3b7bd9c817d3d52dcc6dd46b92e878bbbd50628fe7be1dbafb9c9f749141046,true,false
REQ-000688,5ca844b2848b805c696a09e9,39b3b021ac2bacc0a736b2d0,da00487f9df1a5b62359f430c7482e63317a19bf91e7a60d4f5171569f7d37de,a112e86224d2a105a509b34123694e8a0a53f3b57a9f0d211496a9425c2b41c5,FORENSIC_RECORD_VAULT,demo-key-2f8689b230b2,f2a0f3f5b3bac447ff7e7139d3a8be55e452f5d8e3a2d08152ddd3e14844b841,4be660c8defd1b4a889b8d7e3cff02d8e95e5ffcf86ec5d9faf23ec230d6928a,P-2026-05-STEP2-ORACLE,14,0d1f235e19c9a836f7aa1b7305f10a2ba28729313c70e18c940690c3156f2972,581e5c688d5109044fa34d25b7fe37baaa57bf26cd2ebb1b54a60d688b281c7e,e7ab7edf552c4744ba7268e4c21e64dbc762699564213c2a7aa8c8aa453156b1,true,false
REQ-000689,e2ab6a19944224989c13a294,3db48a813a919f6ac97d1419,595849714f739beda5d0581440e283b7547e2bddabc83fbd58348e3dd05a759f,12440d9f8f8a95b3ab74ffb5dac3e774794b35cd7be986472112f8d43f74c033,STATE_POLICE_RECORD_VAULT_B,demo-key-a27e431d0ad1,7f5456681d0825adcbd337351cc2248ac03992152ab10eff11e28c6156e44e21,5891b34889323e9a76d6b210ce091a6088a8845833c24b3262341737c6f24074,P-2026-05-STEP2-ORACLE,14,0d1f235e19c9a836f7aa1b7305f10a2ba28729313c70e18c940690c3156f2972,97d50c4a278aaa2ed547b132370b59623c2a68e3269090e31579cf218dc8568a,30045750fcc2d63fe790386d1755d49604b211645d0acdc5f0e282c4b5991f23,true,false
REQ-000690,42a91652eab7d0965c774e59,682187ecd7b4f81c00cfa183,f85086696002a904b003214bb3c7fd4a0cfcc7a3c7a6073622ebd4d7fca28e92,059139c9ade8ddfac31a7c909022eec865c97c27d06f1288f7d1a6f511e591c0,FORENSIC_RECORD_VAULT,demo-key-a24a960f31e9,6cfcc5118f224790199afc5774231f3318925d198cc16a884b52ac112961749e,c0fd7d1de9b16f81f3fdd0df2e0770bd0e5a140ca63f23b12a3311157ca90af3,P-2026-05-STEP2-ORACLE,14,0d1f235e19c9a836f7aa1b7305f10a2ba28729313c70e18c940690c3156f2972,18f966792cfaf27bb308316da0ab59f92311068323ce86d2712f988be2fc7825,46eec2e5a0521830f455ff147fd7d4d61b38f2146e77b91f05bdb768e4691ac8,true,false
REQ-000691,63c910ce62e656e7950b3fc5,a2e6bfecde152f5621c8ca1b,dabeff6f95e017b0517385d32df0f9f7fdb230eb8357d6167ae5ec63c28d3d73,a69b37046fc1faa3fc98c5ad15fea74fad588bff2895d90a6dac2cea4879e815,FORENSIC_RECORD_VAULT,demo-key-a27e431d0ad1,350072915249d1c39978b315fa09b91230a867181d9c9cc736ca745a3829e042,4a8f8417fa27c28dea68d6c2fdabb5b9019e76a2b0dffe585ec3c76d90908f35,P-2026-05-STEP2-ORACLE,14,0d1f235e19c9a836f7aa1b7305f10a2ba28729313c70e18c940690c3156f2972,408c95281693371a3ae5fb696354b5eb216c30cb2024317b4e71351959b7b605,86d625e56d76f971b57a31b509a8d519d558d553b284362185217b81958350fb,true,false
REQ-000692,90c44e5b5f4485801e5b8a18,e6e04531f5c93e4060fc2781,3c74beca488476bf05427cecde462ec7772b7dcdc76f5c1c5d315a0e28023c1d,667e30fbf2f92ec0d19e35adc4f91ace7e20354624c2f36d83498d3206425a95,PROSECUTION_RECORD_VAULT,demo-key-2f8689b230b2,009c1a68cba49451b9750fcdba7a60b4b30ba2c94363dedea543b3d89ac952a6,5fce110ec4f754edc864715411cf6ea01b06470a21e3d243f630d34b8671d39c,P-2026-05-STEP2-ORACLE,14,0d1f235e19c9a836f7aa1b7305f10a2ba28729313c70e18c940690c3156f2972,feafe7804a9413fdae92ae7c0c37b558550ce0b4f6ba59c4f202f6373ea4ee4e,ed4b24166a39d24f6b30c486b00e2d2ecca95f9ffed955e59bbf5e06a44da5c0,true,false
REQ-000693,0c5416ff376c02a72e644dba,195d543c459cf377691955b5,2f85b572b75666cc6d674330b349a7bec113f9e57fbb6f5fc2abb4cbb0348126,e2ea5e7c9d01025055740dab360f761e1c40ebd8077570438543f9bd68fc6a0b,PROSECUTION_RECORD_VAULT,demo-key-a27e431d0ad1,8d7540b1f2f0e99a3af94b8a5f2c7d5b2848902534ac32152ee121d41039c6e3,15558b95b27d17abe7411936a93b6afe9ebc19ae42d981ef11ca041f3f457a64,P-2026-05-STEP2-ORACLE,14,0d1f235e19c9a836f7aa1b7305f10a2ba28729313c70e18c940690c3156f2972,72e7a6adea582c301e922b7ff9ea4fd6378f6074c569964fa09bef0a0563291c,4f78aac2cec1ad686e032208cc79433c3da55c485af81354af5dc7a9a7c8b106,true,false
REQ-000694,c037395aee2e6c54b7bdb5ce,a85517e36a33279f8ce080ba,60c116fd2f89bd641d6859e5ad32e776d4c60be5140aa48e8e22483587326d5c,84ce3763f98849ccd1327c4eb3c81c94dd686546656749c28dbc1a26b5f17b6b,FORENSIC_RECORD_VAULT,demo-key-2f8689b230b2,9153df3cb5a28107dcb1eb5c0f8a594929da304d645636cc30fd7509432f2f86,25557a30e15a5265ea4af15fc2a59ed68e445193c2c90c8221398ff81aee422b,P-2026-05-STEP2-ORACLE,14,0d1f235e19c9a836f7aa1b7305f10a2ba28729313c70e18c940690c3156f2972,58b3777b47fd59577268c2f750b8f9284b92a10f4e26f9346f15f3f83902aabf,2117fc16006092e72e29fea4a72bb70109c78bca2745c638a9b16f51bda4fcfc,true,false
REQ-000695,2ddaa1320a373931336701cf,ad26c3a31ae2c8240f46c408,01ece09e02237711535f62a49e8ebe56f5392b88cd43588873400a0b25869cb0,c0a427be1314891b869c6bcab7abffa1b48324fddf5cadcf9c406fdf6dfb72b0,FORENSIC_RECORD_VAULT,demo-key-a24a960f31e9,a91b094839076cc2c181c457d1efc9834227a607908ea41d043078700c4d62c2,6f7df86c3f72cb2c5039fa8905f63510271c6da82b66a5dbc39b16068f8c6887,P-2026-05-STEP2-ORACLE,14,0d1f235e19c9a836f7aa1b7305f10a2ba28729313c70e18c940690c3156f2972,bb90939997ad20f2bd78bdd90d4708f02f6816b11b00bb5ab76876236808c2c2,563d7621252494d2687a762ed5159520bbec15bc1154876958eb34fd04bd698c,true,false
REQ-000696,7a1c1d8011a25f728528d611,b64f1a2d4bc5efe0ef374481,7db11a7c90a3d3d4dd68a329ff6294bf4217a297bae977c9d3c5c3e3d2711f76,f8663677a0df4d03cf56cf2d2a8bea21d7a85d163387763207b5d716fabd6263,STATE_POLICE_RECORD_VAULT_A,demo-key-2f8689b230b2,8bfff959f373f6a932e14c1e2262f8c14f2c5958cfefa2ced326c1b04e1e3c3d,cfb32b921ab626b308d0197771f5e75174b847b78efa39693a37325f8424492d,P-2026-05-STEP2-ORACLE,14,0d1f235e19c9a836f7aa1b7305f10a2ba28729313c70e18c940690c3156f2972,16a39f348095208b4c82e3ea362599bd5de67dd078fdd4d6b820c36c7913783c,96721d30d18e92bd03b33aac952ababc20ee2611f57b072191f7abf9203207a7,true,false
REQ-000697,76f11b624b1e439ab531c33c,790526b3edbf0ae96fb66b81,e6372df0c43ed93dba10ce352067e59843a5c533fbc368ee556068e8d48bb366,de0e4253d9afddb9bde185f193744a92d594732301a0d9414020c8b6080093a8,FORENSIC_RECORD_VAULT,demo-key-a27e431d0ad1,7f6b2161149ae589b40cc08a638fb0ce7a3bafcb571e8d06cdabac9ff6540816,59a343c7eafea5c97b497b1acdc376146edf92e276f7b4d04625cf24f1141ad3,P-2026-05-STEP2-ORACLE,14,0d1f235e19c9a836f7aa1b7305f10a2ba28729313c70e18c940690c3156f2972,c5d1a8699a384c40954de8df062f432510d6c0bdb293261ff172ae40bf911481,d62c898c4d63cb7f72c3a421ccf53a28a980277fd48f5ec384907d26f1279112,true,false
REQ-000698,55503cf4baba214afaaf17a5,3ac8e3550c9421b631d047ef,a2c2051b8b1799378cac0e95ae826d12174a27725f45c9497490c8cac4cff33d,ba8be089f0d30b9d2adb96b51027e71f2db1e1ea1c8711639aaa33aa034f9989,STATE_POLICE_RECORD_VAULT_A,demo-key-a27e431d0ad1,8040b1fe766484432eed34f425762c8c91aa30181b30048a7672d5b53b4fc5a2,e5c2861648b56916024d5c670e7670ff09317bd30f33aad24759d6cadf2cb17d,P-2026-05-STEP2-ORACLE,14,0d1f235e19c9a836f7aa1b7305f10a2ba28729313c70e18c940690c3156f2972,c7d465bdf7dcefd5f2f81f5cf96aa064a60561f2fd9631be6b04e3fae5f4950a,c04f82f4f0496eaaaccab786ce796e41c7953686888a66383a3496a7bbf7a089,true,false
REQ-000699,89476745cac894a936858ff7,96d31ab7a65ca2760835486a,3ec10120a47ff80934a788599de261b2fa6597dee5f909ae316296c356f96ba6,6b16b7b4690df30bb72cf2375081f6868a11d0c7e4f0f7d9539c73c36a20e3af,STATE_POLICE_RECORD_VAULT_B,demo-key-a27e431d0ad1,d1957a889f503096c883ce930018ec514f938262f3bd65f107259222e0eddaac,63cafdf11e0a0845a2cfc9fdfcf8d08b24a026c1c68ec9e231238e2c5fc38990,P-2026-05-STEP2-ORACLE,14,0d1f235e19c9a836f7aa1b7305f10a2ba28729313c70e18c940690c3156f2972,e022ae9a71ca2d88efbefc15e3f4a5283672bbfb9c7adc272fd4fe4b82c0b095,98062344d9822fbc3a5355702b5a15915773d89be38b9349db994721b2dc97b8,true,false
REQ-000700,bd8150b0c487b45357673f02,3a21e109945b39216cb840e4,4455c4cd5816e4cf360407d26b5f161c1c66b3064bffbdd9aca8d44210b544cc,39969812b75d92fbc30edb74487809d8f6e0e00f23f069f1073c60f7e10ebfd8,STATE_POLICE_RECORD_VAULT_A,demo-key-2f8689b230b2,8285dd865cbd3865a6f51572eece0c69326adec95fd4cb6d42824f8b0d5bfa1c,78d3e8d4145482985fc4518f945c095cc3fc7ee2abd9fe06d72ee0e92b3d7752,P-2026-05-STEP2-ORACLE,14,0d1f235e19c9a836f7aa1b7305f10a2ba28729313c70e18c940690c3156f2972,90b425b5033ffd5a790c5fef1fb5267442e50a58844cc00aa0eb3f10b63cda62,4940844bdd7a89383b30b0ef167a5db313f8795b5233a764bc52405f1dcdcc86,true,false
REQ-000701,72dd84998fce687b117e7ec0,afc5395ddf43b8d1f0621dc5,a552f1ff27bb01d6b8ea81715b4ffb01afb9427d2e697017f4a76f41b582cd05,36c3361bc4d17b33f697bdcae24ae3ebf4c2237b5c9c26ff4dad393a19924e24,STATE_POLICE_RECORD_VAULT_B,demo-key-a24a960f31e9,e937ef7446a8eb1f9427d2e60facf334f7d2dcaeab4930d5a60f4b840e46858b,ac03c9def9f34b809b4947613c455d2cc96c048030b1e09b86f5095cd1f9f497,P-2026-05-STEP2-ORACLE,15,e61ef3ff030c4f544bfbd42a92aaf8735172fa4209321c2c5a0e78e8a73aaafc,c0a94c8d75e3e280ef5ff377b3be9410a0727ecbed8111624762a088f6f4aa51,f280d98fe10ae04fb400d9cd59d9650bd2cb0ac3e2796c4b3033837bebe40f68,true,false
REQ-000702,f8d01d9519981fbe6119c784,64d51a8ae9040139b6347b2e,36003eba4ef766fd31a6773174ce17af09ff53f083aac8063ff530c416494759,25c0a1ad55f2371165fab3a725befa0cf0d9a264fd0bc64afb561cf7404b3e81,STATE_POLICE_RECORD_VAULT_B,demo-key-a24a960f31e9,1aa2d97158ac053e3ff9291f23690e87863863a483894e9e4276c1d98d92633e,15e0a17be8a6aabb0651c3166e4b0c056d6f42729d382459e722a0d27ccad594,P-2026-05-STEP2-ORACLE,15,e61ef3ff030c4f544bfbd42a92aaf8735172fa4209321c2c5a0e78e8a73aaafc,69900f762f1c782c1be919584f57f33d1099a87bc2014fdaf480cbff232bfccb,e0d558098f063b7c95966dd7b7e0d20d85e1650a2a87f8681869339d40d09fdd,true,false
REQ-000703,803e05eda0391b5c99c7c16e,df0e331f97c2307f968219ff,24ae513707d964df45e6f3d7df044288b7ca76ca76cbfcd7b3737ad17399f369,d1bda03d0d78280cc718390dcc4213c9bf662b4c11560fb5efc0e6abdfc0f99c,STATE_POLICE_RECORD_VAULT_B,demo-key-2f8689b230b2,c004859f1f4becbf3e483f0890b72b905ee003090b74c2b841d205fd5b548c7b,dc4523a96660d8893a8f8045182230c68248a1b666425994752f21d127d8af50,P-2026-05-STEP2-ORACLE,15,e61ef3ff030c4f544bfbd42a92aaf8735172fa4209321c2c5a0e78e8a73aaafc,be680075e5273a601991d72504d9e9a9908d8ef640f8e00f4f1ffa2b251855c0,5dbd59b597b070f901962932b6b45291aef5c8ff558b0cb3facfa70e730ca559,true,false
REQ-000704,65b119681a10677745fef3d9,67d12b60b079951a522f26bc,0eff07d897a6352a411bb7d315e41eaf131748d2fbe2ae7296d57d11668e65b2,627a74fef642a44e2aa17bc913574fdae591f159508485e62c86fb08d580b0c4,STATE_POLICE_RECORD_VAULT_A,demo-key-a27e431d0ad1,c25d075d5f02caf3e56fd7bbdbaac9da1c8d56eb747606caa9cb896749693a1a,8205a42b9d4d268d9a65ac6653efc0a2fe7cc13b8ea4f778434612d934cc1396,P-2026-05-STEP2-ORACLE,15,e61ef3ff030c4f544bfbd42a92aaf8735172fa4209321c2c5a0e78e8a73aaafc,62ee725e83abeb3e5e4afd80f84983c3fc7caecb2f27913312c0e638d238c533,f0cd904331c5db469dddc9c5281fa262054fdc811392e365a62c4be8cbcbbfc9,true,false
REQ-000705,0e1d97f5f0e6ea3b9c5ccb7f,6f7484cd18c5e905f17ff129,41ec29fef26747021bc647427353a0905c527219b4ba792b77925fc39eab5ef0,ddb36e28d4a2a99a8209317f763252779d800349fdca102065db6db1b24692f0,STATE_POLICE_RECORD_VAULT_B,demo-key-a27e431d0ad1,8bdeb1f167db15d9aced0a7b47f31ea190da8b7b72c02571ff26c940debe1df7,a9ddc08a07db56be2b5be87d84156bfcbfb0210991ba758917bbbb9d9b9f9091,P-2026-05-STEP2-ORACLE,15,e61ef3ff030c4f544bfbd42a92aaf8735172fa4209321c2c5a0e78e8a73aaafc,96c6fabacaea02a49b9b6ef2278c38b0da6daf1615bb839cebf924f4854d7cb9,104e21733e65531f5aa15f2f589c6c71fbac767abb57247be77c555f0787ab34,true,false
REQ-000706,8542907be82d8ebf3ebccb80,ba9997a2fd2f0f1dc5bf653d,e369b59152db699b7b882e25a15f05a8ee8e07dba98f7d205de93627dfdfcb5a,2ccdbe2fec130aa60e05362c1c0ebab592c74b21bbe6d27eeccbef09feb624f2,PROSECUTION_RECORD_VAULT,demo-key-2f8689b230b2,cac4bb3f7c2076a519894e7d83deb33192fd86919ebce2074b6569353eaa04f0,f447ce65509f9025c89628c5389bf108536bd7af00c148206a4714dc22ff83c3,P-2026-05-STEP2-ORACLE,15,e61ef3ff030c4f544bfbd42a92aaf8735172fa4209321c2c5a0e78e8a73aaafc,c0eba49e0fbd65010b62537a63b60474bb23396600675921b5c44c28df49d3dc,c6edad74109be881d35a08316d8b0f4e72d0d434abeede6b400a85b25591b375,true,false
REQ-000707,a0f405d28cc064a49ae643d4,f4b3f0f479134a445b729ce9,8402e42dd2054c98c8d297451e66d20124a745bf1881703ef4a577047a7464a6,a8d37613fce267f77ff471da5c18ea432b3a75eefc8aef6295b155ea4bca3d1f,FORENSIC_RECORD_VAULT,demo-key-2f8689b230b2,65eaf7c5ee0ce05a08467205a26df0e839e66bfcad9cf3ccb414f5b6e7ec33db,5f352ec5b95fd731fde1fb2439eb2b992ca63eb13f67d98a89efbb7bf1bff9b5,P-2026-05-STEP2-ORACLE,15,e61ef3ff030c4f544bfbd42a92aaf8735172fa4209321c2c5a0e78e8a73aaafc,23dbc168f36b2e79041c99d8d83574b7a21b45abc49fa6002ec835646d311115,9b6f94e59950f5bb84d01367d82af21fc5e7c3191fbd5caca4a9ca1131b853ca,true,false
REQ-000708,baa6b6685b0bb577aff12148,6c838c06b8c344b7c0505ce1,35a32692eac98cbc1a88e033872fbe2b169e5a563eaa32e2e5e37efd87fff45c,94654be7b2960767add0c151cd8c7709f23f61073b255bb808a60cb3bceebab2,STATE_POLICE_RECORD_VAULT_A,demo-key-a24a960f31e9,c53228384b59c15806b46d58a0f10776f5fd851d04d9b8899ef9891b6cc26630,e8f00225cc5944b87b13d4fb6cd81845bbc444a669263cbe9f7f6ce260b52a6a,P-2026-05-STEP2-ORACLE,15,e61ef3ff030c4f544bfbd42a92aaf8735172fa4209321c2c5a0e78e8a73aaafc,99ee9c88de68724a896aeed6d9fae3596718f67717dbce407f82b12e7fe4a6cb,320b225269301961ea9f4cc6ed40fa195a1aa90fe3235ae6ccf092791943b653,true,false
REQ-000709,e5b9726d9f3e2587e6ca9d62,0c1078101f983bc6dc7168bb,a8712722b2f04ddcef58a0dbc591533c72e0ad98a93e56dd60bea6dfbd070886,9e20bd33c6e0d8c5105376dcb7fd7a96d65c54c4c4f871a18cc2c50c8fea699a,STATE_POLICE_RECORD_VAULT_B,demo-key-2f8689b230b2,7ae3dd8772974c8fb54af8c56b2f1fafa5f836e11fa11abe5fd6b33fb2efe8e3,fc5bc1ae81bd9be26059b84f10ed9b4cb07a19305ffc2e44ae9df3434d365b48,P-2026-05-STEP2-ORACLE,15,e61ef3ff030c4f544bfbd42a92aaf8735172fa4209321c2c5a0e78e8a73aaafc,28bfd1469e556d72e37f124d05f5b6c6f2bec87e6fbd5e8065966ca31a681395,81060ac061c7dff3a340c29cb1c6c792ac4ad8060739719ebc58bb1c7c19bb72,true,false
REQ-000710,2ba015c222df82621a60df37,b4eca68ca16a2bdc44093b1b,41999adb4a6a1b82fb81775b4d915c2e9ead67bdf38b529c6a44f35e645853de,44171faa3065f8102d7e6756c55701bc2183c30c6b5f73b20749f2ae18de3606,FORENSIC_RECORD_VAULT,demo-key-a24a960f31e9,3e9a2b7f56239939f9ee04ad0bf0d31ca3821d17f3f4773546ac1a925b0b8811,853237ef3ba6cb81d235af83e6e3af3fd5505e0703b9b5e633db68c9d4e0193b,P-2026-05-STEP2-ORACLE,15,e61ef3ff030c4f544bfbd42a92aaf8735172fa4209321c2c5a0e78e8a73aaafc,1d5dc212ab368a5c0287efe801f3f3d80d573d4bd1083f2dc49cbb3bb03fbe24,be9b685fbce549749345d07f1d9b3ac3c829634ba2c91dc052e25ac123d1f44f,true,false
REQ-000711,957a61b122db170092250b9c,c27cf612228c1f492343e9be,605a2b33c2fa0e71646a8b4696f327f2bdcec13bf83e7f46ac50c79a448af6cc,e273c12bc6433cffb2ebff89eb29f21190ca8e624ef8359bd3b8978580412a05,STATE_POLICE_RECORD_VAULT_B,demo-key-2f8689b230b2,335ecec765e1fe2c324f343453c5ba7f06962f7b7db60eaf219471ebadf6eb0a,d1d208f712a9a44e3c4359643ac42874891f71a56a96d3aee4cf292b7e37ffb5,P-2026-05-STEP2-ORACLE,15,e61ef3ff030c4f544bfbd42a92aaf8735172fa4209321c2c5a0e78e8a73aaafc,ac41886722eb797a518aea311d9b0308f4c291609b82924ca32f813335b7ef06,4d6b78c881a2b8f677a2fd248a57b5632668cb51941c637ad8d77ef9d23cc991,true,false
REQ-000712,da955dc4e17b595e2820e3be,52bf0661d00fddff12b9bd13,4efd27c24f50da9528719abf7445f0587bb38708797af8c7853fee913bac233c,e7c77236c56123f51f76083c52fa9a7a53e143832583f6054f3be18c34aa2def,STATE_POLICE_RECORD_VAULT_A,demo-key-a27e431d0ad1,5a578ca4a2aef64ca59f6a9ab6153147d3a6e5e88f42b47bbf4807614b3da1d8,7cb276aef3b0966f1284aa3e30871cd51a9f65665f5589c0af08362a8ceeb97c,P-2026-05-STEP2-ORACLE,15,e61ef3ff030c4f544bfbd42a92aaf8735172fa4209321c2c5a0e78e8a73aaafc,91765943f4d09bc4fee0e1a010491655cd3d9fab214ddddaf2f57d35ab4ceab1,32c8938cf716e37eeb3684dfae7efb3894b48ed98321eca80b2bf7e19c4a80e1,true,false
REQ-000713,97737c0c588710f35bffa79b,ce94f4f8caa84f9bd062a7eb,a607be68997c88c39fccf9a2d3028f6bdb13bdaa27653d80d3831779c4f455a5,9fe2e64e084855c155ef2726a517f2613eb754b72bab9fd90932b28df0802a82,STATE_POLICE_RECORD_VAULT_A,demo-key-a27e431d0ad1,12b639090bdaf53ff1558f2409885c7991ad64e05f73549c9ba701c6afd1be74,bd29435f7174c8508821990734b23d3e46daae29539b8e83e1f722eba3191893,P-2026-05-STEP2-ORACLE,15,e61ef3ff030c4f544bfbd42a92aaf8735172fa4209321c2c5a0e78e8a73aaafc,46c30d4d2a9aa342a4c85301f1e69825b8e6995fec48378ac5eae260aa1901b7,d7a05ce3bcc79219aa50e0f55301c7dfa912de56b141b0d42e5a39719490c2a4,true,false
REQ-000714,3cef4d9f8d92d3f7cc295a2a,e8d4cfdf4cb697876bd36654,621738fb06c8e8c4461983e3efffe2ae6cab389d3c469fd729506f1e3f2c7349,b2a65f5d23b8bde309b93a882b16589396611d44c4187fd1e3cf7c5ed41ec776,PROSECUTION_RECORD_VAULT,demo-key-a24a960f31e9,eec969b80cb8f0c07741fa61634dc0a54033f766bb3725c302a16d895d63a449,8b5fdb5b3f0415129b7e0284e531476fbb3c5b7b2b2314d957b573fa4c599e05,P-2026-05-STEP2-ORACLE,15,e61ef3ff030c4f544bfbd42a92aaf8735172fa4209321c2c5a0e78e8a73aaafc,09c2e8283f3df70ca344091990f50d3203e2d57248f98e76e7a0cc7d700ec32d,c8566914a9dee15773fb703ce13421154e881dccf698943e792964b2f2d4eff0,true,false
REQ-000715,3c00705a45e0f58dab6ee427,0d52549b04a031f7fe0092e8,91cbf5bdf3b6544f4a10ce8d2468c203411a964aa7d0f0bb65401020200dbb07,6d7b729f41190c151c2542c062080d9851c7cb5a4abed4e2708e5e7ce2a2446f,FORENSIC_RECORD_VAULT,demo-key-a27e431d0ad1,0a8be99f8b1f5e65606e24ba13fa7170270e57d8ffc36c33e7c3fc25c2e113c6,5ad63a22bacc808cc5d97ad42ce97beca728b18de5ddf21760a037cbb0577de2,P-2026-05-STEP2-ORACLE,15,e61ef3ff030c4f544bfbd42a92aaf8735172fa4209321c2c5a0e78e8a73aaafc,ed5257a3f7ec78160a4ad0747f51e57ce03105f8611e265df796e7f9f138ae82,64b4deac908efa114b8760f548715d41bceb9605876af69303a3ab22cf311ebd,true,false
REQ-000716,b1369cfe83c9b50aaaf08c20,71ea733dcb81fdd05667e907,5f46aa1ae1ba9700e05281e4a6d0725f38b65710ace9f7a6fa7c2a0bcd75cc6e,da80566fd8b1d2f23578f5b6f4dc0750c01ab329b60d465a5f96adf9983818d7,FORENSIC_RECORD_VAULT,demo-key-a27e431d0ad1,1f9a3bf9c8f14564baad48891e49815f6abc201fc2c1a6501c8e9b5e55daa656,7f0aefde343b42f6af909e62791616d2e5bf15e10a6637958f4850fc25b1227a,P-2026-05-STEP2-ORACLE,15,e61ef3ff030c4f544bfbd42a92aaf8735172fa4209321c2c5a0e78e8a73aaafc,f8a41295700f3dfb2a250f56891f6b1ad8c92454a2d96234810e9fe162cdf724,beeec9368ec9cb7641c8da84382a2c4c1fb12cdc413e2275191e8c9acce5517d,true,false
REQ-000717,71e0d974adfaea423315288d,9fc0c3536bb23a96427b1e1d,91150dc20278c6e340e4412e5980019b9e68037a4508775e4daaf0abeeb60b1d,9f6ffcaeeb2650a18b567f45fa74c462071e7e1b9eecf13d5c7842e8a1b5710d,STATE_POLICE_RECORD_VAULT_A,demo-key-a24a960f31e9,49f8b9c374e3993f4e837f42088fa9779c703475728dfd8343b0ebef1a94a933,868dcd7d04b7afda6ad3e8d4839bd93a37ad91067162a9eafda837847d565e2a,P-2026-05-STEP2-ORACLE,15,e61ef3ff030c4f544bfbd42a92aaf8735172fa4209321c2c5a0e78e8a73aaafc,d315ac8c25b998aaf0ebd9cd2f7aa5062a29f9a416f3989195f3bce9cdabd624,75d7e2aa5c12b6e4a2aa722b027ebeb2ab64b7d44b2569a2f14cd52805a19d3a,true,false
REQ-000718,e2ff4d5969aefec4bef47d9d,6724af59e20a00a84f889221,a4074fe9107aa2b82189e049a8690b61f08d93847bc802548dd69abf848e3add,a335784767a015635ffbdfcf0eb0a952810aaa031ccb1c8c4e5328c482cf972a,STATE_POLICE_RECORD_VAULT_B,demo-key-2f8689b230b2,1e0ed1d0806817c52b8549276e5783f86d8ebe1942009fa5acd317fcc8e6e62f,9963b90b8b2a341016e3e8416ec5a2e162e411669cadd19021218606bd796e58,P-2026-05-STEP2-ORACLE,15,e61ef3ff030c4f544bfbd42a92aaf8735172fa4209321c2c5a0e78e8a73aaafc,5ce50de9342e80d5fc5354d5cc485e6c8fcb5d0cf3e80c089b73d2f0b19266fb,f8b29f2333936a8234b3293baf5815e1a98edc52910944edcb8d8ca1b4cdf6df,true,false
REQ-000719,121319e5c742c9826335312f,b7022b8f3609db1ebb1c2689,858c314259f289599ebbf9fa046dd994ec7bf399fd8e2784c8fd28d335404a9b,98702f709c77319c12934aa8339156036c7fe1c2a2ef3725c9e741b500e605ea,STATE_POLICE_RECORD_VAULT_B,demo-key-a27e431d0ad1,9a7b67563fd5e77c62ede42c23a4ef47d7b016e4b8c77e56e3eaf302548cbef5,7ebdb9d21cacd65213c8291efae9fa7300d3b74d483d9107a8622fe4c7a26756,P-2026-05-STEP2-ORACLE,15,e61ef3ff030c4f544bfbd42a92aaf8735172fa4209321c2c5a0e78e8a73aaafc,8e80cb45932d661440093ed93aa56c30455d99d5636ad18744cf8c2cf929a8c1,0160b0118cf5ac7fa18a646ce59a4a485e065b854005f3cbc33f048ca4f4be1d,true,false
REQ-000720,aa5d5e9574a1ce5800dc6459,954bd0102ec303ea865ac4bf,c33119167ddb453f68e7175cf05751f746924c470bee3e39185b2011a14f880b,ae032158b15a9f95073224a24e44138f28bdda888872009f26949846ce5e328e,STATE_POLICE_RECORD_VAULT_B,demo-key-2f8689b230b2,c70b5c2036712a5cca7d4376e293fbc12431cd938a7ab65ee8d5782f654a6068,77c2595143285dc84299995558eba6617cb33bc015a47ca7aa138dbe4c0a9445,P-2026-05-STEP2-ORACLE,15,e61ef3ff030c4f544bfbd42a92aaf8735172fa4209321c2c5a0e78e8a73aaafc,0dd0d432e2639c9c4f3f64d88cb38eb05c35bdf8a57e73d31f5b540b283fe3f3,5995f752bfae2e5f9b90928983f5af38f055067fa936d6e02a0df2ac4dc93dc8,true,false
REQ-000721,d7a80c935b5e982d9aa6d398,ff88803b1af1e0457b90b0ca,222844cf2f55724efbf4e105f24498a2a9441559248ab5e3f50ed803248762f1,06ac7eb1822c74cd2a45c68520355c84bb99691ca84606ac45fab3fcf3068306,PROSECUTION_RECORD_VAULT,demo-key-2f8689b230b2,21bce07aafa8fbc1c43c30b09463a4726eb6f830990c03e8449fff1c000a284a,1535ba54458dac77e012569dd64955a06a591b7e0808e6e5ddb44b5ec855f760,P-2026-05-STEP2-ORACLE,15,e61ef3ff030c4f544bfbd42a92aaf8735172fa4209321c2c5a0e78e8a73aaafc,af79998b5d4dc2e3e619833ba9b966f0938e9f3ffc9843b2c8172ec748fe8132,b2c698e4379d0dc9bcc9a98ef92b232486780633f8847e4095169a6937b2cb7a,true,false
REQ-000722,d7f5f5e94d3e5229dcdcc76e,61db4767ac7b4df7e7388d23,f4ac0c69ba09416347ed2134ca8da4471daba50d63a09d70ecf1c4a7122fd660,f87cd4bb3e698ed1bad47980fc7cb52226d30f22de5cc8cac4a2c6d50a5699ed,STATE_POLICE_RECORD_VAULT_B,demo-key-a27e431d0ad1,0765524b735b4f1ff6e318e66475eed77bfd6c5acac765ec58c292335bdca582,3015e4aa873d25ee46ebc333ff41f141ddbb9ffbec189ed7e74b3f3bd05d30a5,P-2026-05-STEP2-ORACLE,15,e61ef3ff030c4f544bfbd42a92aaf8735172fa4209321c2c5a0e78e8a73aaafc,e396d087b1c0892d09f5f96a26650afc3458325c97ea7c3acdeccbb0da1ed272,227e4aded984b6e974576a555f7e2344982ba82b8fb37b4882538875cb5e2d7d,true,false
REQ-000723,24c8c0c8b19638b5e8c5fe9b,91c74c355e263dc2dc035cfa,cabda87cf71d47b5a57e8a836f38bcdb633991362a00057ff8d16a9cee77db93,64fe39f0f61f02d17be4eee7e6dc63fbaf23869e4206a2855fbc3cf53b9c80a5,STATE_POLICE_RECORD_VAULT_A,demo-key-a24a960f31e9,0ad8fc1d3f0e079d63632bcd321d3a1a881c7d933d0686bafe5daa8373017b28,1cb1afa53797c57c8d30ede0d94d3bcefbc1dea8184030f95f008c5caef15701,P-2026-05-STEP2-ORACLE,15,e61ef3ff030c4f544bfbd42a92aaf8735172fa4209321c2c5a0e78e8a73aaafc,b691a7ed1a973515d974733186c34cc2c6fcbaee5f1594c0076d5a02c2abdbf1,401903305ff9e9887db87941349e7c7d6d616c5d685acd29fe3d2bfd0a5588c9,true,false
REQ-000724,98962a80fa6d073c1494536b,9049469bfcb93d0b4123c980,d6d6a6842d31258f613e4b4c61cfe98d02414656e39b43e0e284532a32156bc3,a558e6d4f55262c47d97be97e575343eea8686deb5071e084f4c2663670bba8e,STATE_POLICE_RECORD_VAULT_A,demo-key-a24a960f31e9,72ec7deda88cf548a9aecd0085aee3cdad3bc16e09a128000b334e0d07362edb,b72bc50ee808963ea817573fb7adfa9e33895414cab55d6df17cc04c5386060c,P-2026-05-STEP2-ORACLE,15,e61ef3ff030c4f544bfbd42a92aaf8735172fa4209321c2c5a0e78e8a73aaafc,736274e2f6cbd5242c52990d6f1fc3d30bddb09bb6ac55009522d86c301f9e43,2a0bb3620f90b888fb61f8c3bf942c16ef4edace0d3a18c9a2d3f1a01bbd096a,true,false
REQ-000725,2b5c0f81a93bb857349468a0,cba19d0176b2d5cb7b5e3839,aba0bd800016bb75a526b1b34824cc1b2d52dc4ecd47f64bb34b0262898a138b,d94922355f0cf6249dc6822612a09db63547e4c5df731eea89152db0ea08095c,STATE_POLICE_RECORD_VAULT_B,demo-key-a27e431d0ad1,7394701279eae7530d8e2c758b9186a25cb4f73eafd9b03950faee06928d57b3,6267a8821a1ba54dd56bf56f9b2c541ffce4c32092b2cc8fd900b5140139f62b,P-2026-05-STEP2-ORACLE,15,e61ef3ff030c4f544bfbd42a92aaf8735172fa4209321c2c5a0e78e8a73aaafc,09531e236e280850929e5335abc0b687ce0d95b6e3f438360a6aaa0e0bc10769,1b6beaf6d181503e0265e67ad8b9b265dac03b78c61f64e307c7c0f21ce4c1c8,true,false
REQ-000726,5a022bb5b6a0d5861acb06eb,c390989d94b7a779b5e17756,88d57a53c5e80f26ed6c899d1fc89e0562a082effa23c72a1bbe32e272596072,508ba899bd14a436ac894d8a39dd2c36e9f6c7da2ac3e877e48019de56d28a1b,STATE_POLICE_RECORD_VAULT_B,demo-key-a24a960f31e9,a5655ed7ed2c9a21b6f4f674091f20934782ed4ef4bdc28971a9581027c09a1f,bcef13d493e0e23c42aaecc2d285406072c15d533b4c97473bb10afab031cea1,P-2026-05-STEP2-ORACLE,15,e61ef3ff030c4f544bfbd42a92aaf8735172fa4209321c2c5a0e78e8a73aaafc,843a384346375d61471055ff7d28a48bb786abc0caec8d02d64834e8e949a3b5,e6388f10088da8e01c1ab008f1b414aad9d82abd7a1113c7503e2dc734ff6682,true,false
REQ-000727,be1c97c5c56e77b750e46471,4a6520270a4cf947f8ae2e55,c8ed385ec1838c0a6703edf4aa864355febb421a6222a16baf84f2c1308cc834,b9a5444553e1cd9566d6ef142106f5855bf9e58f9694bf2b8517e745cb255877,STATE_POLICE_RECORD_VAULT_B,demo-key-a24a960f31e9,c39d4fde5f6891ea35370e651d6c4224654d24c8b90043819071b482ef1056f6,2635ee68021a7fc958f2aec4540c989ec984b833546bfafe40de5f176de8dd75,P-2026-05-STEP2-ORACLE,15,e61ef3ff030c4f544bfbd42a92aaf8735172fa4209321c2c5a0e78e8a73aaafc,7804e13a9a845b28aaab2af67437d462ed02901fc95371fa46e573d20f22eaff,3d9cab3f136781daa0d674266c87b5634ea031cd9c47c6d85a61dd4873e6b2c5,true,false
REQ-000728,7f8d75d5e84837c062754102,2c614969fcf007df06d3c3d0,052f6fb7b32556f40e3ea7cb74532793bec634e904e9d3ca0fbdce02e69cc717,a4b283be8818bd780da0544b6cfe90e56bd3fd5b558eee467c7b6aa8c30624f9,STATE_POLICE_RECORD_VAULT_B,demo-key-a24a960f31e9,1de4b2bd9b57f6fdf08a8da3b47d7841f2b524ff28a4b0e5adf1ed3716e4ef62,90cb27b8e659b0055be94920bbd63c420851356ee847c275c217395085e6e393,P-2026-05-STEP2-ORACLE,15,e61ef3ff030c4f544bfbd42a92aaf8735172fa4209321c2c5a0e78e8a73aaafc,897d3901fd8127031012ee5ec739c74d42c66af64648b754b99215b8f0e10240,cf56101597d5341a5e853a512f4eeffd7245ae691c95ec926026535d68a6d68b,true,false
REQ-000729,2ba015c222df82621a60df37,b4eca68ca16a2bdc44093b1b,41999adb4a6a1b82fb81775b4d915c2e9ead67bdf38b529c6a44f35e645853de,44171faa3065f8102d7e6756c55701bc2183c30c6b5f73b20749f2ae18de3606,FORENSIC_RECORD_VAULT,demo-key-a24a960f31e9,be9fbd6e3ee485ad5f604310f2ba68794c6c47520619e097a039d963f3a1b5f5,13c82bff95b7958faa70d6cb6440281ec48e3cbc6386015bade892b262c68c9d,P-2026-05-STEP2-ORACLE,15,e61ef3ff030c4f544bfbd42a92aaf8735172fa4209321c2c5a0e78e8a73aaafc,bcc149cd1112e5f238faf43378245f62e38ec5d121ebc707414fa1643d0388ef,3f52d5cbea70190d9ee21d0d6905ebf8e804bba17b799d40834e45e257b63641,true,false
REQ-000730,c1be72ae2e586a7fecd00956,08953d1eb408fd3561adbaf0,f1e9105b45377ef714b345b5c2bea7a20cd6bf059c5b129355bade8b37d3da5c,7a98105bcbc7b0837d9515c38c720f9ee6f8fec791854ecd4457d13e235fe361,FORENSIC_RECORD_VAULT,demo-key-2f8689b230b2,991fa0eccaabfcc395f11db5d6343e1c1a81aad2fb59cda940fa047fa6bc79a8,f1aed27353888803a90878ba9c725f26f68d5d126594ff1052ae4bcc5143f2fa,P-2026-05-STEP2-ORACLE,15,e61ef3ff030c4f544bfbd42a92aaf8735172fa4209321c2c5a0e78e8a73aaafc,c120ca60760ef6dfe1b78d3756c1da9ae7417e3f039b6b2c94035bae33838bd9,df93c6db2e94147ec8e49b82166cb39c495844d45d9c718f5450fa492bc7e838,true,false
REQ-000731,95272f463d03a2186ae00bc6,3e495f82e8a04fd4bc0faadf,da8c547935dc53a5f62190c56317668b08d8e5a1385d30ef1b1ca19dd6a69aa4,6df62926d9fd9611aa5fce92ec204d9d46c818c2d5154b1e24ad3a6fc1fe331e,FORENSIC_RECORD_VAULT,demo-key-a27e431d0ad1,dc8ce689b1de753e5b9f95cbf241c9b209bed7c14c84ee96dcb5d87dca763510,370e319f4775c57444c546427d6950ce1bec9ad10ca8fa1956e4ba58843e62b9,P-2026-05-STEP2-ORACLE,15,e61ef3ff030c4f544bfbd42a92aaf8735172fa4209321c2c5a0e78e8a73aaafc,58f297bb50eaf329030695f3244ce2f8fae099e764fa3f5c1e20b7b2061b3a03,25139ec6b4d2058ea89f6da64736843ac9a4142b0e3bf0e31047de7e6cace422,true,false
REQ-000732,17c8611dfefa058b391351b2,de1db75388f99dddfbf19d73,0e9e7c0b046d9e6c3e297a1aa8283c306648a6f7c24dea25e6227bc15425eb4b,97dc754c15cbbc724820fedac05768c90e3bf1c6532917e0835a94c30f867ee0,STATE_POLICE_RECORD_VAULT_B,demo-key-2f8689b230b2,e15bb1d2dd28f9f0729ffc59865cb2e80343b6edc72812737e191d77e5498891,a57cf996165756d7bd2de1ed09ca393cf9a27527384659e97d01df9929506776,P-2026-05-STEP2-ORACLE,15,e61ef3ff030c4f544bfbd42a92aaf8735172fa4209321c2c5a0e78e8a73aaafc,09a126f0c24e72983c000d32600a6dc0079e602feec34cad9c785baa010de545,fbe7b4f2494d9c25c262c6ad02f6c07433aa8410767eb48302f5a245b27d45e8,true,false
REQ-000733,ac818d040ffe1967848958a0,d5db298caa6acaa93b521d83,0d834cbd344206ca209fa0d4a8ba797f9e36315904fba17e8d84440d63c8843c,2c1646448f805dd3d48f1a199664b16410bdce2b7f4b3e04da9285cb5cccfeb0,STATE_POLICE_RECORD_VAULT_A,demo-key-a27e431d0ad1,b0d51ec007d8cc390226bf00cf09cb2292a4cfa5ab177625ef2dca0a751e7000,b31d588de1c6bca70347b2b16210727d4dbe304ebe5a9a0473ab4e32d0977efa,P-2026-05-STEP2-ORACLE,15,e61ef3ff030c4f544bfbd42a92aaf8735172fa4209321c2c5a0e78e8a73aaafc,ca2f465efe7a732e8e19ca894a7dbe77929b8c7db95c46d11a5dd97e5a080002,95fa667bc421c55d53e7e3b2f1c0c19ab79a1fdfb0f4f612cbe64b7eba2fd34c,true,false
REQ-000734,8e67f9c2d6007f18c8de9209,578bb931b348c545e3be8c32,cc1737bc164651994db6257102a93e3b1af74e219d84ab218ff7445c97c524a6,ec2c289dbd7f4e35c994b11eda28296619844047ef4c09e245f9b4f19eb7fcec,FORENSIC_RECORD_VAULT,demo-key-2f8689b230b2,1c2f05fcbf4237aed208aa237b37c73ff661115d8249cff54d518e6cf5d5dccc,921effec73214eb6e1a35a7c766d079f1db1b7ed1b28661ca6abf20c09dc56b3,P-2026-05-STEP2-ORACLE,15,e61ef3ff030c4f544bfbd42a92aaf8735172fa4209321c2c5a0e78e8a73aaafc,f622ef5bc70a0845aad6484af03db9bb1e4f5bae38675da9051590edb74d0df3,ec1bc160d948d8130c824ddbe385a91949cee7e40b1bc3a75285b6bfe057f76d,true,false
REQ-000735,cfbb7cb7295b99ad06465bc9,bdf083393561a897c88758e4,2c0b2797ea9361ee56501bd0319680569104f806234aeb5509b1ab93b88d5e32,6d27df118849db2d624d3541c3ac69b29cc73b1cb5896170f8de14496e3c6288,PROSECUTION_RECORD_VAULT,demo-key-a27e431d0ad1,ce74b243142452f263ad6c1f895738b51be04b824d1106705907c54a0b720bdd,2f52a40c346d34e23a7b821d1c9cd56775831da9174a5d11858f6c2078075ade,P-2026-05-STEP2-ORACLE,15,e61ef3ff030c4f544bfbd42a92aaf8735172fa4209321c2c5a0e78e8a73aaafc,af182f2f52651c7683fbae6ac56f71a5a5c2e9243ab96e9237cbe87088a394dc,9a2f3fad44cdec670dfdeaab703e6cb67069baddfcb5b6f8a5b9c6cec48a8893,true,false
REQ-000736,e3756b6206a69f17c5ab1d23,0a41260541c2d7928c29f9d2,c3255877b4f43f95d71e00914a8b8a13347251e56bcde4bb9335a5ce3fb88ef9,391bc6caddfd25774968dc255e2b0f35bb34c5beed63d121172f4d25ca721400,FORENSIC_RECORD_VAULT,demo-key-a27e431d0ad1,5c08cdbed4f446acf574fd19ba19362fe44d266812b8f6efc48d6093e0c838fa,e7b3d611665c414b888afc72ada6d46e71958850e88f8772ab5178d199e14b06,P-2026-05-STEP2-ORACLE,15,e61ef3ff030c4f544bfbd42a92aaf8735172fa4209321c2c5a0e78e8a73aaafc,277e7a7a741b1fcb07804ddb6b4faa2da9e90e4ba4708d6dc9ebbca391e00ea6,2c86b704098a183ca2ebb4dfcd1a59412cff6b5b5da61dfcea6d244bc32495c0,true,false
REQ-000737,7e2aedceb6118ffd11b5c74d,8982452aaab02875d3d7df04,9beded4b7524cabee29caadff9a8f1bfd0f2beee79f9dea29b4fbbc8f6ae3d8e,26a6218cf59aace8b5c30f797a5c72b5b493f8f49a67f1648481a87186538d6e,FORENSIC_RECORD_VAULT,demo-key-2f8689b230b2,ab1d5db3c928b856ff1c2fcf920219635bdb186c3a273de3179e851dd34a3fed,ccfb6b4069d21b95f374fef3c565557dc24fc0e3026c652b665e8f500e95c67a,P-2026-05-STEP2-ORACLE,15,e61ef3ff030c4f544bfbd42a92aaf8735172fa4209321c2c5a0e78e8a73aaafc,04194a15d94aa5b1d8408386e8da67250cf171bfd0ff93cc4a9a71fcc1b64e90,2ae8f8f4a11a281a9a147b630ef19bdab788580cc6e1d60a63ee51d479502fc1,true,false
REQ-000738,c3f180cb72fe055ae1475896,ba4a26128c6f07a32cbd1112,7dacbc07a3f198f2321db6fdfded4be589e94a63e4d46a83ee3f7b80101468e2,7f341fad2566a79854e08f27b662a4549e8bf7e22b359d2cc6b5ff5e4332fb8b,PROSECUTION_RECORD_VAULT,demo-key-a27e431d0ad1,19a0bae56f0395212b70aa09e784bd1f58276e07d840df05c0800264319a473f,556f5d5d36554d91cd6eb6a71f90cd8905ecbffc64254728fbe4f1d3bc4f78b2,P-2026-05-STEP2-ORACLE,15,e61ef3ff030c4f544bfbd42a92aaf8735172fa4209321c2c5a0e78e8a73aaafc,4ab568f39a722d2a9b145ef4ef91498b0df60d13edf86b5d9b21c15e3754e9f7,92cadc476750a46d4f64c12256ef1c009d230ad0cb6ef578639c1b2a4683fd1e,true,false
REQ-000739,aa5d5e9574a1ce5800dc6459,954bd0102ec303ea865ac4bf,c33119167ddb453f68e7175cf05751f746924c470bee3e39185b2011a14f880b,ae032158b15a9f95073224a24e44138f28bdda888872009f26949846ce5e328e,STATE_POLICE_RECORD_VAULT_B,demo-key-2f8689b230b2,b73c1e43433b92e43e19d5145f4e41032c7d6d0747b9ca9c6ae5573452a29aed,72b0563ace2b7da92d4124cccb7a7b298ff228c1ad64b26af8d3cbf60cee614e,P-2026-05-STEP2-ORACLE,15,e61ef3ff030c4f544bfbd42a92aaf8735172fa4209321c2c5a0e78e8a73aaafc,e68319e5d8a2a8d7be435683a72a519482d60480315527f5054b8e23758147c2,009b66caf0a53717b1ce6bca8856416a60fc26d48731ca117729f05c28de5807,true,false
REQ-000740,5a1033bd9e2acc6a1296cf3e,7186f69e455195b02b7c40ce,c28ae1c90a54afd2d31c32dbfe09186b4ad330b55300734d41da2c2a9c31d7ef,73055e6fe8154225e2643319cb2d9b45ff4fdaebdfb1678b40950c01cef3f794,STATE_POLICE_RECORD_VAULT_B,demo-key-a24a960f31e9,827fb31404761c98731043a0fddf3f21e2c7f15627a0d84b73241b7f557aa51d,0cb6a86189365a7739f5efbb0fa7ee0e8981fe66b6b743a251ad5402e254299c,P-2026-05-STEP2-ORACLE,15,e61ef3ff030c4f544bfbd42a92aaf8735172fa4209321c2c5a0e78e8a73aaafc,b897ec06a133f12b20da9140e922165c71d9ac753e96795932aae18b85003801,a07fc0d82593febd0bfba0a2304a0d66b81d7cfdd51cd054f5b182481904d38d,true,false
REQ-000741,7d3d13caa3164dca6626bc9b,d4eb0939be30aa957bfb19ef,420460ae687e628aeb149328d4f7682015303279d31c38b069426c986d420a75,d6ffa005484b9166bcaec12502538944103dfbcd05fc8f0207f2fb518cd9700b,FORENSIC_RECORD_VAULT,demo-key-2f8689b230b2,2dc9f5176de434574a09dd0cc4bc5757ab21be9061452a84cf6e90eb6dcac81b,2b04f731f586d04e4ac3147b7f7f4e1eb3be86e646dd54db6fed47090f52a9a4,P-2026-05-STEP2-ORACLE,15,e61ef3ff030c4f544bfbd42a92aaf8735172fa4209321c2c5a0e78e8a73aaafc,edfc0a290785accbcc5105871fc767e28f9b033fa94af2ca870f7989d08d5a83,3c468c35a4d452257fce168de546cef0e6b386f97b8fee8bc11a9cd84a44dd2d,true,false
REQ-000742,6e7de166bc3795238e165ca0,bad553a975fe398c21ee2d68,fdfd7c8a925771905fbdc437bc10a4962d73c60ee28f5cebbf7430ab8cf21409,3ed88a2b8786039caf1783a8082482129ada0846e74d7c6b7a96a1e5fb364e9c,FORENSIC_RECORD_VAULT,demo-key-2f8689b230b2,04460801b2e529aa3e5a69cd4ae014516cd3bb1497f798c5eb084efbc4fdfa95,a2644efec57ac1ac7a5908b8f525d85647132423a873a4136a3b9e024c531402,P-2026-05-STEP2-ORACLE,15,e61ef3ff030c4f544bfbd42a92aaf8735172fa4209321c2c5a0e78e8a73aaafc,23b428c1a5d6b833d314af9d17546c564dee9847ff29585dee9e9e8e56083097,46a9890dde19dd7132070792a6981b930e23168b9f1382fde7a1761bdaeea450,true,false
REQ-000743,513c9be258a43ca7947c0ca7,343a5b002eea4254c92e9eef,3db2a2f0028f46eb1925811c4b950a33a1e69d9bb14b178f2c602f7eeea60d1e,175da3b491eb86351b9d0b65030cfa5b23ad02836232cefea0f22b7077e12166,FORENSIC_RECORD_VAULT,demo-key-a24a960f31e9,1d280f4f601d64988f1d4c91bbebfa3e7183f54d8ee5b74b721d86ee4efce573,edd5ba4c605f1d0906b3f0ff286e5bf91b189916e5e7959d5154626b6e32d9f7,P-2026-05-STEP2-ORACLE,15,e61ef3ff030c4f544bfbd42a92aaf8735172fa4209321c2c5a0e78e8a73aaafc,2a241d8a980b5a36704048f60d4c6075b877093b28ba84b2d788ea9019a04188,eaf35e0c55559a7efd334afbc1c6dfdb99c83784c439da1e45e7b53d76101f17,true,false
REQ-000744,507553af0e7c5d05b119e50a,abb1b54016952818c881678a,a0907b22645e6ecd1caa19d4515763c4f35120c7e58e5d53e63fa634079a9973,b3ea7b1d4087d749de93f4b9456f2b25bd163fd45d5141df89f3da0c9f81b860,PROSECUTION_RECORD_VAULT,demo-key-a27e431d0ad1,147c29a71c74b6cea46af8b9971225ecba3e454a84742899dc3ba754b9bd1084,ade7b676f9cf9089ba36cd43660ab196221e49af676f86ddda070b29da967b4a,P-2026-05-STEP2-ORACLE,15,e61ef3ff030c4f544bfbd42a92aaf8735172fa4209321c2c5a0e78e8a73aaafc,5084b3a62f1e6d0cad1a3ebbe55d913d605b14237f2a526a66bc925deb521873,d72381baa00c0f8a515dfeea80747f150e0181e6baccc5ce0d3675be0ae3f355,true,false
REQ-000745,65c13ca172c0e8f26de94b13,aa978648087d758b62033b89,2de6ab7fbe98af5b296569f7f9711a54afc795c4acfe7b14fb749cae1061c674,511a61306f8414318edb2aedf2c88953b04817154ead346af4daae32d018a4ad,STATE_POLICE_RECORD_VAULT_B,demo-key-a27e431d0ad1,0a040ddae8f76a146b258c0508b23129e4faf3c02cfd2f6ac51c2dc5b7a1bc15,a4171fc3f2125d72efb05cf42e696751c85502debcdd19ba6d8e5833ff446aa5,P-2026-05-STEP2-ORACLE,15,e61ef3ff030c4f544bfbd42a92aaf8735172fa4209321c2c5a0e78e8a73aaafc,252993bd387e16964afdb1f17f6d3dcff286706d8d5d4e1d40b3235877a7aa2e,59e7cfb16104f33283fdf3c8794f95dea65cabd79252f98b4546f1c4555a446f,true,false
REQ-000746,f6d31e1673c73f753e7204d6,9b0203d50f3ae993d3606a7c,37f67fb90eac47cac37b4552f5d1dafa19d28e005aa9e67bf138919bc237d146,e05d16c599566412076e6c3ce3e6911fbb4b03e9592380962086650af237ae4d,FORENSIC_RECORD_VAULT,demo-key-2f8689b230b2,a67faffb895f71aebf7d19893e289e7f91a4deca1cb05ff9585a2751277fbda5,a6566ac5449e391ad3042b96878aafa5ebb1978c8e38166cf939cb6a4fdb4a8e,P-2026-05-STEP2-ORACLE,15,e61ef3ff030c4f544bfbd42a92aaf8735172fa4209321c2c5a0e78e8a73aaafc,5f01a808631ef3f799dbc38d8cf6bcf427638f8abe65ca1a16c066a974421fed,c945d2b11d418e624f1fda223fb4fe14bf9232218020fdf71c61d93354f5ffb6,true,false
REQ-000747,b3d1d2f79d5a7ecb8b5f0667,b078dbf6c576c2f828ee6e48,ec255f8e69bdc4f10edc0011ed228dc3b2c2993825f734a58ec99802a68eb6a9,056d099477b140b3dca9315cbfcda64de6afe94226af2e4cf28742eced83cedd,PROSECUTION_RECORD_VAULT,demo-key-2f8689b230b2,9ac66d3d0bddb38738713663531e72a5b7797b6f641aa4e5e96c755e1e30577d,1174a1f76b9cd0eb7559c7aa2760df3f6163c62f3c6e584f8990d713f44c34a6,P-2026-05-STEP2-ORACLE,15,e61ef3ff030c4f544bfbd42a92aaf8735172fa4209321c2c5a0e78e8a73aaafc,6c9b155e2545744844594cf0f1c508ef15618dc05e10d19afa2a17c2c67150ef,34126ca6b7df5e3f6a7952e35390a21929e7067cad2aa17d167f8d4ec3bdfbd9,true,false
REQ-000748,ae4bdf804add837567ab69ba,eda932143a90334fb1916e1c,926d85380dcd40837a6f014962bd7cc0acc58445a9292f2f0bb30f465ef37267,55dc4da9f4814f254dea784d3e5f6d60c8111573ffadfdf6bfdecd1fd0496f04,STATE_POLICE_RECORD_VAULT_A,demo-key-a27e431d0ad1,1f66cfdbf3a846a3470c4aadc5dde2b8230810615a71be64d02a65a2a5511361,89fa3d90731a30237614e064bf21f8c79f5814d03c43877bed20fa18d61ae8d3,P-2026-05-STEP2-ORACLE,15,e61ef3ff030c4f544bfbd42a92aaf8735172fa4209321c2c5a0e78e8a73aaafc,d64c0e28f9207ae66b03e3ed8ba3c372fa74fe6cba28da241beb005a61341d4c,cf14456834f9179219541c43fc73c49052c0f97dc175e1089987ed2ba1870737,true,false
REQ-000749,70fff4617104a1f3b3122c7c,91a5f7e0652a46de4be18d79,498da577f6c20488c46e28f8cd635ae60252f13024fe4d3c1c80fa940987aae3,d84be85df02b68760005f58294e6b89051fdc97b45fc42923382ff2ebdf7573f,STATE_POLICE_RECORD_VAULT_B,demo-key-2f8689b230b2,21ae2642dc1261f3daf411f2c710a3f89300106bd96e736fe278f53dd71326f8,7244ef2efd94ed287e9111fb8fd638827b682b68e3bd691c665437aeb6c2afcc,P-2026-05-STEP2-ORACLE,15,e61ef3ff030c4f544bfbd42a92aaf8735172fa4209321c2c5a0e78e8a73aaafc,edc8bb9c3f501a91c05ad9987f18a070d950739095518fc40d4aed3b9a8d6a93,11c42cef63ce4b43851b3c7b2be9d926a12738c5160df8b5abc0c4689d222bfb,true,false
REQ-000750,768842f55be1e7466a34dc2d,2b62efba35b72b9a628f3978,9610f915f55e154d5d34f1a91e17d6fd257dd064ebd129b6a06ea7f84e501753,be86582bb8a6e722aba4ec315930aa8155ad70f7923bc2464ec5cc0f1d551129,STATE_POLICE_RECORD_VAULT_B,demo-key-a24a960f31e9,f0506dbe6aa750459728ba722eec12a4b56e635ffbcfc4623d7bbf84957dc746,46c127831e137ca1dab9da3bb21eeb0b62749f19c5ad2d1eaa472df9cf242a77,P-2026-05-STEP2-ORACLE,15,e61ef3ff030c4f544bfbd42a92aaf8735172fa4209321c2c5a0e78e8a73aaafc,8f2a154d152a8392281e9ce221e1752b98c67bfd039bc3e64d259f995229d118,fd158c881ecbb0ba997939a8ffb52d1fdfb4c08f72abd184b1584a9c4595b27a,true,false
REQ-000751,6db7c5075e1c51bf79a23ffe,3f424e6a799ac47a0c7ae448,1479e588e33dc809cbee97340992f040107e8a696db1e6dc76c47fcf698a334e,dd4688d9eafd3ef261003c2133708bdaa29c6948af67538a2c9dfbe6bbd3a968,PROSECUTION_RECORD_VAULT,demo-key-a24a960f31e9,63dc693a72d304ab886124bd52f595b62dd99a13f0524660b18fc572012f7f2a,bac2edebc5fa41d12d4b259edadb4b14f66d3a3ca40569eb5bd761aa9c8d4250,P-2026-05-STEP2-ORACLE,16,3c79a9b4125f6c7c74b2c726b9a5941facf289f91483addc03c2dd23fecfd5b9,ffb047ca475846b5fba264cace09af18db115dcf0799f0289a98551667adc2b3,73f9f39c8cf2b03197b94de04e49f48155e2926fea4ef6a043a72cdbefe2977a,true,false
REQ-000752,b011cf5ae48f4ee0fa784772,d86a9cc13aafd60eda7c6a74,83053e1be844e2a278769fcc34722f7d621efbdeffcbb695e216750b54ad2da2,b78ea12fb1f717b0c4f5bee76ec26703aec556c6606015b68ec97a28a69d1fa7,FORENSIC_RECORD_VAULT,demo-key-2f8689b230b2,2d5d17ee5a8576f4b9fea8ffa14b0de44908c2cc6e081890fa9b41a6f2a6e101,e8c4fbc62432dfddc55d40242e79f4ccd540c7e48782bb481df4b576392cc5eb,P-2026-05-STEP2-ORACLE,16,3c79a9b4125f6c7c74b2c726b9a5941facf289f91483addc03c2dd23fecfd5b9,4562f15c40fad154752b85220bf930d28710d506a06f5e86069197af520a724e,ea67cc6d5723b83bab2c022dcf6df38d9562c7ab42c54cc8d0182b4ce95db221,true,false
REQ-000753,9a67ff28795c9b0a3b72e121,8ca39fb3c02081366093faa6,afcf049d8baed92eca56fd4669c0e6d4ffd3131796b2c300d1f5e89b17781394,9d950ae4c89d60cefb054a8a230dbd76e1983e8c8bffc323f7de9ceddadb9e7f,STATE_POLICE_RECORD_VAULT_A,demo-key-2f8689b230b2,bfb58fa2039ab1d07b49500d3349091671d0b9e1d1b6673e2eafbd397ccc7aa7,902011cf7b2dca25b6b5115e550c598893a81ee118751b3c7c5b6123588ce0ba,P-2026-05-STEP2-ORACLE,16,3c79a9b4125f6c7c74b2c726b9a5941facf289f91483addc03c2dd23fecfd5b9,de090cb9f268e7506333965e85d4e354d9f609c72b652a04fc9d7477fec24f46,4ef9f0b8e2fc2314e1d8737a4693dd2ba241d63d475bd0b9b84ec116e5df7d4b,true,false
REQ-000754,195140358f5d31dec354aa4b,a27493661e4d18056db07c54,292b91ba1c1c48bc56d098f222b072fe08678c21199b92620c673eb2a8d299ea,10a9cbe229c7afcca78caa20246be913ee28f2f35edcfa827c83607a98a0d179,STATE_POLICE_RECORD_VAULT_B,demo-key-a24a960f31e9,68306a05b6bbde07b35027a5833d9f775fcf8cb9e38eab1104e720762d65e705,39c7cd695c19d330d4a3b73161caa3c25072e0c1d40410f2f14ad7c8a31a1bb3,P-2026-05-STEP2-ORACLE,16,3c79a9b4125f6c7c74b2c726b9a5941facf289f91483addc03c2dd23fecfd5b9,cd6ad1d9533d06ca7d4666d24743b66b7b07eae6477013c9bd7c9dfb842ae9f6,91c94f01e4778c11448c7d75214c5df4d64ab00e2814819fe48ce57cc6e846c2,true,false
REQ-000755,11ae01e13be999a8c96206da,79310dc760efe55467ff56ee,2f3c00ba3464ede4eda70fe9111b14ad3206ffc0cbe56b2dc2fa16016e045fa0,d13b94c83ba137042a4ce72b1c3f756ec25f3cd39544f778a1c2df57de6ef296,STATE_POLICE_RECORD_VAULT_B,demo-key-a27e431d0ad1,4ea0baa9f83ab61db7333890d51e2eaf03dec87e5d582bcc0c632426a02e9be9,ee7cfccc6713e21fca1c2fa2a6a3a42015a8507337cdc07ac70ea159d84e5b92,P-2026-05-STEP2-ORACLE,16,3c79a9b4125f6c7c74b2c726b9a5941facf289f91483addc03c2dd23fecfd5b9,09ca5d08ea3207f424bb73c502cd77dbfe349e60a2498631e898729a6d0b3d2c,c23ea6812cb4fd22f48d3870c3a70a4b85476f13d85153534a3801bf4b632308,true,false
REQ-000756,865e1a4e9bd8f6f99acdf7fe,719deaf3afa9b090fc97ae26,6eb67e65d279085bb0022aeac9ba0f48f10a6d0d15b7bdc6b71b75c5c767ed45,90cc6b7cad5d9da9d87e01a033139ef2e6513a3c736eff808235f982644b4428,FORENSIC_RECORD_VAULT,demo-key-a27e431d0ad1,f6069862a1ac6d2614a23f717f9a92cdff62ab7475b8ff0cf5c4501a5b35872d,e1f8b41a7f4e080d04d12710c35a9ff4530a1c622d8bc63b7b81eab8196455c5,P-2026-05-STEP2-ORACLE,16,3c79a9b4125f6c7c74b2c726b9a5941facf289f91483addc03c2dd23fecfd5b9,da18af7cccd1ed05b3d31589a12f7f8dcac6ba74df4f0f580c0804b34440fbd2,a4f002135fb3753028cf6d9791fb027b8c871587b2c9365226e229f3df0f3e31,true,false
REQ-000757,b2fe1d7e7f491d2222d662d6,f56a9eb60148dedc4e73f665,7aac95a28fde401de91eabfab242d539a644230799175e8b1e376b99b24dbf0b,2c7a575cb0f432b2e6275d47f8db6a665a72689057081daefa4e2d5a59dd55d6,FORENSIC_RECORD_VAULT,demo-key-2f8689b230b2,839e275ca0f31417fe78bee2fb52e3a9fb2d71341a6c8809ff01c600a72a20ad,c5f48e0a89291eb7dd2aa8317a7f2c59c557dc31111a48ac16c43c71370f3830,P-2026-05-STEP2-ORACLE,16,3c79a9b4125f6c7c74b2c726b9a5941facf289f91483addc03c2dd23fecfd5b9,adc4e9c0ac0104a6ec1ce3b04450812d6efbaed7cc608499168d4e689b2e8958,83d5c276b5fbb62f300747f8d9d68419f106f8fafbfecb652e769b2da81be263,true,false
REQ-000758,0a4ebe96de8201efc315bad5,05e91c9360a99bc98d7ffb4e,a359bb831bbffad597ff2ec408594e543db8f55b12631bfaeb705c46f7cf5cf2,f12b0426850cfad1740a3dd75738ce59bd9bf62bb1290e3c788796ca7d0035cf,FORENSIC_RECORD_VAULT,demo-key-a27e431d0ad1,65e07a1562f04f74b03571a7cf07ab7b667f6bd97217eae366485c2e98803310,9bf89568a1ac5816fd7b5012a42930cf1bf034a47ce5ca9c5d824a0cc35cd6ce,P-2026-05-STEP2-ORACLE,16,3c79a9b4125f6c7c74b2c726b9a5941facf289f91483addc03c2dd23fecfd5b9,d9dde132beb5a790ad409f57fc38886d948d0640a96bd43d178db4bddb717767,b6b24a270a081885a8b3d25efd0155d8e9017086bb7208172f9fbfebc391f53d,true,false
REQ-000759,90c44e5b5f4485801e5b8a18,e6e04531f5c93e4060fc2781,3c74beca488476bf05427cecde462ec7772b7dcdc76f5c1c5d315a0e28023c1d,667e30fbf2f92ec0d19e35adc4f91ace7e20354624c2f36d83498d3206425a95,PROSECUTION_RECORD_VAULT,demo-key-2f8689b230b2,4293022028e95c43a26864fba75b683924e9e9c4594190381b4c1d67c8d75818,19defe44474d56a37400cde7918e595c2b26df1101faf7836409fe5cca1fa93a,P-2026-05-STEP2-ORACLE,16,3c79a9b4125f6c7c74b2c726b9a5941facf289f91483addc03c2dd23fecfd5b9,9a9c4b7f29c2e62a548c3aa385ce236d66c7aa60e5302936885261dcfc2e4c02,250b66b0c34c95060fefe0112193573ccf677f3f60a99380af131acb915663fa,true,false
REQ-000760,bbe429bf8ae90c1182e92d2e,c6b2f25fe3cb4a147cbe939d,39fa9ea7eba960d90406b532afd7feaaad91aa69b887aab54a99859011d7912b,8d69dd5782142ccbb6dda10c0ee250cf8cd1f9a68886fe49858f4c8cb9df0fea,PROSECUTION_RECORD_VAULT,demo-key-a24a960f31e9,482096e3fcc36d844e204ec54a4c75ba046e521ea05a6c85baeae3a5a31fb99a,06f0ab9f397d3d3ed0a1b84dae51da363ebbffbfbc97ccd70e3a5affd09f7f52,P-2026-05-STEP2-ORACLE,16,3c79a9b4125f6c7c74b2c726b9a5941facf289f91483addc03c2dd23fecfd5b9,829612e67e5ba0dc4a537b5ce9e18a1f3e72c475e419dd944d82b9d4199bade6,cbeaa2d11a5a5bb59a139b6fd40397c67fd699afc6eb99574d0b52a1f6550da6,true,false
REQ-000761,7c302dc01cfc5b0cb0defb8f,be525cd8fe919147817206f2,15cbf94e8f84569eb0ef697bd61d3971718082f753207514c21cc75cb61ece46,ff19ce5cc30a2704139b769be755e648685baf736dfcc3edd964087110a71b28,STATE_POLICE_RECORD_VAULT_A,demo-key-2f8689b230b2,c806412266d17ff1fadd16446338c3fbeaa8acfbc0e50d2692ba71d5b8f83fcd,3d84d0fa42ca80fc215e1b84e0a9d50b0488b60d0b6c917c01ef7fcdbef29149,P-2026-05-STEP2-ORACLE,16,3c79a9b4125f6c7c74b2c726b9a5941facf289f91483addc03c2dd23fecfd5b9,0fca40393e781d91c3c75a913e28aea595c7f6c8fa001896e56056cb1dae7157,b9b9e537d984f5fe3aed66cbc6caf1966ba3f47e1ac6a9a74668b23d32e7b9f6,true,false
REQ-000762,0c1424411003da95fbf32b97,f611d60bc7305686e81b1884,44e9e4121755eb882dbbcdd9039fd7c40789b3b72de90fe47b4aaeadbb7077a6,20196814a538d83e46905a50d434630fb2d66b118d2ab89f5a8f278379365b30,STATE_POLICE_RECORD_VAULT_B,demo-key-a27e431d0ad1,ba2e6cc4d5e82c8ea239c04872b60b792e39604eff93e19485a83be91512d155,f94b5f7ffea923dfbc74efe205ff98b23e78cdf5c2b36aa7796676195b89e29a,P-2026-05-STEP2-ORACLE,16,3c79a9b4125f6c7c74b2c726b9a5941facf289f91483addc03c2dd23fecfd5b9,496d34b116911e832f161830405e05ab4ab414ca0be05871b3ff7d0b0c282438,d1569bf4312ad059efa7bea06f3007c17d194a9456b28aeb9af76e2ea6b20385,true,false
REQ-000763,85d4f1d703df76e03a0cb3a3,05cde3bf60ba57bb522b5d03,bba35ae954f85089627fd740ab9f01ad3242ff8472c04e7656b0a80202688ba9,93bf1675af28eac2b0691e6ef5cdea61ceb003acc70f98c98c814a14b18c7e76,PROSECUTION_RECORD_VAULT,demo-key-a27e431d0ad1,5d260206ed050f070411eb65b0e1f5e062a9042529cdcf7ce609e09f80bb6b08,7aeabf87397e644bc12b410a8fc3480ff643a86347e4cc4b7e2bfb19d1f6846f,P-2026-05-STEP2-ORACLE,16,3c79a9b4125f6c7c74b2c726b9a5941facf289f91483addc03c2dd23fecfd5b9,a5e642158c586f4f90f36b908d511e7eeaef64f2c4c257c2c26f2d5d07c4d9aa,3fa56fcd9bfea5a793f7e65cf31d9601da7181b08a0899de4ab32a8a4ab4ed71,true,false
REQ-000764,b2fe1d7e7f491d2222d662d6,f56a9eb60148dedc4e73f665,7aac95a28fde401de91eabfab242d539a644230799175e8b1e376b99b24dbf0b,2c7a575cb0f432b2e6275d47f8db6a665a72689057081daefa4e2d5a59dd55d6,FORENSIC_RECORD_VAULT,demo-key-2f8689b230b2,2ebf8fb3ec25b6583e62f98b7a0db2518770b42c2523a856ace1cd7b4a24650a,667fe8c310448e7232f48aa8f79ea7834295cec7d6b39bcd5dad451da8e0eaef,P-2026-05-STEP2-ORACLE,16,3c79a9b4125f6c7c74b2c726b9a5941facf289f91483addc03c2dd23fecfd5b9,4dc846f19c4552317158956a27ea2209912180a0955806e44ff0cefa805cdd3b,9fa2694949a2ffeac365c23cd8729edcfd553efde780fb91581ec2cabee2f774,true,false
REQ-000765,02618a5e4015e753681bdcd2,197aa082f99f9138c3633459,73b1b7be935384fe1f3a783f8d803cf9a26f5cc34a54de94287a9b013ca949cf,265450359cf24516a46f4d530c47dd3c3757db91d57d17c92eda47d183c51e4d,FORENSIC_RECORD_VAULT,demo-key-a27e431d0ad1,1f3e90597b6a6f7dd6f06bb30753b8eb494e7732040535757a0d7012316cfdc0,817a4e148b2319c41df6a2040471ab098577fe7b191cf593d80897d5aedf5330,P-2026-05-STEP2-ORACLE,16,3c79a9b4125f6c7c74b2c726b9a5941facf289f91483addc03c2dd23fecfd5b9,289969b97d824fc0e9a1e8775bf626dbe99126e351cb06f6cc551a446678bb54,bb5faaedf54ec66171241be2656bbb631c81805804cdda3d5c5d205d990d1203,true,false
REQ-000766,514216f8601919c64b5e89c6,cad6ce5fa01a0afbfa628789,d446deb2e67c67c62a7d52c5f00535200f88bcf2a24bf1daa95b3a56599560bc,1ea430103fecab50513407718248c42275590e92309c3e92e733480c6b0996c6,STATE_POLICE_RECORD_VAULT_A,demo-key-a27e431d0ad1,4d4e9940ccbf087d88ad3f9fb1011c169d3afcc58a01218ed02a6f4a89e84ecd,97d4afb51f5fe3a0969e83d4ccd0d58e879841915e2557e52b1103fafbf7237e,P-2026-05-STEP2-ORACLE,16,3c79a9b4125f6c7c74b2c726b9a5941facf289f91483addc03c2dd23fecfd5b9,683e505a99a47c0c1d89754c142f0b7d49e6ef7d6a6a16ea3a9e62e4e3403c3d,eeea64fb3179ee5ee74348f96c6399c9e0aba796231a619558566eb09d99b24d,true,false
REQ-000767,7ab966a49d5dae7d5e0635ee,a80f251386401b5ab14e7fb5,fcf285e23ff1111afa52c7ec8255b7a175f4bbeaa820029616574374280e5591,c6f8a16a2e3684bfcda68705b7fd4959a9fb14683465ea803728ae71d662d7d0,STATE_POLICE_RECORD_VAULT_A,demo-key-2f8689b230b2,1312513e89d0458e1ae475dd69a5a1f30af3e7a9c056cd75081aae5178493d29,78418e51e33fdb1a8317876e793ec76d202f6ade10d7d82d3f0faa321be901a7,P-2026-05-STEP2-ORACLE,16,3c79a9b4125f6c7c74b2c726b9a5941facf289f91483addc03c2dd23fecfd5b9,92b9ea65b3e9f4276c8947797f45e277cddd30c5fabc7f36ae4057d7380ea597,eeae8d063f357c46395d60e8208e1dbf1da1fe542ddf89c6f7fab20d39dd5d0c,true,false
REQ-000768,21cd1407a639ec217457fb46,d6e6c5d14f37a4ae7ad89c13,82133014617fcba83eae00a15ca2039e11ad5948be497d3435de2b1ba2f523d6,7949ce05b6aaaefb39f00dee7b673f17eb84ea2894dcbcc229fbd7c1d49cdca3,PROSECUTION_RECORD_VAULT,demo-key-2f8689b230b2,7c2a10b66e823125cb3d75bf4a29f46b490ee5c70ef89477598b9b07c19ee67b,642817754c24e2c3ec9c8ddd51e11148803a4859e51014efa8211a970635f632,P-2026-05-STEP2-ORACLE,16,3c79a9b4125f6c7c74b2c726b9a5941facf289f91483addc03c2dd23fecfd5b9,e02576f57d2b5431a95ff8950bd67460b9615c2ab1c1ffa24a60c11407fc7fd3,8a9a0668ac3b0f5ed7f8717f471bb36e2888bf50b428158eb2f4847e536ffc0e,true,false
REQ-000769,e3e5b4041ee0b486122ef35b,fce76e53b5307b3a2ac6087d,4a4c19a089770b013243afe07939c03c54b4f8788ba5c19e9080fe67c551a5b0,3785f41b40f22a7f2d164cda1175b422e5436cd1fc67830b558b9fbefb60e7f3,STATE_POLICE_RECORD_VAULT_A,demo-key-a27e431d0ad1,3d7a7d7b7af621aebc05962a38a0e555dcc41223f7ce26dd0af2a342a07e7674,07a63050d26eb8bf6b9c2379d4cce3dff234ff3f1984d3f9e241c8bd8203f278,P-2026-05-STEP2-ORACLE,16,3c79a9b4125f6c7c74b2c726b9a5941facf289f91483addc03c2dd23fecfd5b9,a1a925af1cb6b07e619c8ed6dee2bfb4a32fff577ede48d0274983259d0edbc2,6b1624fcfb65d745a3192806df744d9d0e8010321729ffc5ab805bcd99b12183,true,false
REQ-000770,0ac94723ae44317300f73044,f9569ccb4b2f73a54c984e91,a6fee5abd4bc6dd2b16064e67e82de3d7e3079dce1b9133939e84dd73f698fcd,de70d3ae6645df4f086908130dc2de2ce5fcc4e438ff046fb7c1899d666262d1,PROSECUTION_RECORD_VAULT,demo-key-a24a960f31e9,bdbe0f726014be30e08dcdd39558dc4095c8c22e0b8cf2ec272221cf0cdd28a3,63dacd16526e5e784dfe23bfa1ae39b9c9b8e2303e5b49293b349c74c6283311,P-2026-05-STEP2-ORACLE,16,3c79a9b4125f6c7c74b2c726b9a5941facf289f91483addc03c2dd23fecfd5b9,0f3c438ab15532ae88c3774e681dcc298e013e391e5f400f0b1bd18b6a2c2f9d,6dca47e9af4305916465541169cab4103fcbf949c5df86a4305965609000344e,true,false
REQ-000771,9cfb441fcd2d957d0a3af473,4f4f7589edbd31b7ae196e01,fc71ea13677d3ac5052fd0bbcb0c697f85eb210b6e7f53ac83b7d2a37d0965a8,9b44cdc0a2d14f3402386601ad8275c85cd06c39261b962c9d52e6e7caafddae,PROSECUTION_RECORD_VAULT,demo-key-a24a960f31e9,97b46d64aaedceda355be5ee24245c28b258a7132f40d733356e61f15975988a,effcd109512bd474faf703622a9ed643e1d021683bec44058b61cecbb2d62d0b,P-2026-05-STEP2-ORACLE,16,3c79a9b4125f6c7c74b2c726b9a5941facf289f91483addc03c2dd23fecfd5b9,bc1da87382089dac2bc2b657213266ec6ec307ba66e692b9686431b13d31d8df,514ae3311b825f55ba576b4b0e51945a612c080d091cee617cfbbafe201137a7,true,false
REQ-000772,f50530a1b108328f60a8a8f1,aa3920a9517e331a23c17fa7,5a969dd5196d251c9d31367c318dea05c6e7170931c1c4fd1ea94afa68a52086,dc47c9983f05c915c577da49deb99732388e987a534bb7eb23467beded20b55f,STATE_POLICE_RECORD_VAULT_B,demo-key-a27e431d0ad1,21c7ad18a268bde3876b52466cb225b8665e410dac5ead2fbdbf7a5a50e43829,58e76aff0372242ad6c278d2438a83d688ebfc8ae4b44c1c3c5be58041df5483,P-2026-05-STEP2-ORACLE,16,3c79a9b4125f6c7c74b2c726b9a5941facf289f91483addc03c2dd23fecfd5b9,c7dd447756733b2cba2551542e0c6dc1d25ac12c0bab73501430c6d0d05e4af3,e25366f362ad45a2885dce61bfae4d4a91617042f5773f4fd797bd22a788117a,true,false
REQ-000773,2399da61746dbb64cdf2860e,703bffa9d4ebf489681d451d,a9966e96312af07d0cef1bfbe89b983184ee7e4b9e469fbc2c86ceaa5931a696,1c891bfdf350d846d48b3751d314f8fc34ea0b936b261410b36eeb4b27b477ed,STATE_POLICE_RECORD_VAULT_B,demo-key-a27e431d0ad1,fde4a07053abbd871748129c1b32137c7a651e28243130c46ab575c7c9ac1836,897c273056eb9c55fb3c6a3fc484331a87940cb8dd65553a1c2209036b99bda7,P-2026-05-STEP2-ORACLE,16,3c79a9b4125f6c7c74b2c726b9a5941facf289f91483addc03c2dd23fecfd5b9,0c6c3bef37ede0e33bc0a7309b94c023bba3ecb6a7e6e71b07db4bc82edfb102,409300098d38eb6539308fe05d83d862614e7e8bd45340d3bbe9c06d48f19bc7,true,false
REQ-000774,b4258e3f240db05e85d23c50,b59c4b872db904201aa8b471,baa81745f8a8524ae2d695428801a5ffa36db1dcf58e479d94b6b6febe38f1e9,2126afd1cafa29a71b468a225d8ae90d26d4fb9f6b388d7519da7d9d67662447,PROSECUTION_RECORD_VAULT,demo-key-2f8689b230b2,47a61bfe7da3606b3b745efada25fae6ca3b98936a72f38fc730a21e94299afa,94a005f09cb76112c74daad095634b7aa5a95c600ffbd02b4bbcf8b389c3553e,P-2026-05-STEP2-ORACLE,16,3c79a9b4125f6c7c74b2c726b9a5941facf289f91483addc03c2dd23fecfd5b9,aeae05974c7040c07e68d42f2d9ca53f742e17fe19dfb444d321e3cd6f393b25,b82ec8fb45026f35f0c44107ba5b313b785c0fe30469264e951713bccfce4ee0,true,false
REQ-000775,fdb7034b483c7023be0c105f,7eeadcd2ccf73272ab062af5,f72ef34d8715e6354f007422bee0d8c52f1e82fef239b9cdf15ce376733b8358,13047d9e350bf0068d5f24af0fb00e7b3004633c0356a3958e96752e2a789bc3,PROSECUTION_RECORD_VAULT,demo-key-2f8689b230b2,44664154ed6852dc913ef2af1261e39e9c1c620be360720fa0fffe3f54e85fa0,32eeed753206b5c4e36384e5b414501147011e7066a1e5a10e48ccf1df38551d,P-2026-05-STEP2-ORACLE,16,3c79a9b4125f6c7c74b2c726b9a5941facf289f91483addc03c2dd23fecfd5b9,403ccf1ac95b7c31b49f42c5f0c08037d1c5bf133119135e30d041f920ff4a01,1fcd56d5bbfe91a36db6f4eebe28135e9b5c230717793666ae975ffc6b7000ad,true,false
REQ-000776,f1308389961d2199aaa8898b,bd534f4a51fa585a8a1d854a,c8a045ea8148190148c9431ab71ef6fa56b20e27a20378f17d24750d126b847a,057a759b5620334e255046789003074d9a38078bcb06ba6e61d7bf6f9854bf7c,STATE_POLICE_RECORD_VAULT_B,demo-key-a27e431d0ad1,a6d09313f0d747d2ff214fceff7b69625aab65dcdbe5f8e72ed2c0ca2eb885f4,43ac0bc27911211ce3b2130f4c0d9fc7a6d2987cd6487679964706ef8e154926,P-2026-05-STEP2-ORACLE,16,3c79a9b4125f6c7c74b2c726b9a5941facf289f91483addc03c2dd23fecfd5b9,31c41b1541ff6fe07287e979a87af7600f73dc5ee80bbe855ab399db35fed068,e195c4f2be9efd53ece4b56253285cdc9af94efbc1adbf8883f054a2fa4329fd,true,false
REQ-000777,10ab373cd6bb33aba4e71b3e,4d4553a935c7442333ccd59c,2aa175a8ecf0759ae9fd0d0601e915855470afa9ae270615797914211e82155b,9eb2fc9a727713e80c98d3df2811fe4378113d57df8222e490d37a01d0a87d66,STATE_POLICE_RECORD_VAULT_A,demo-key-a24a960f31e9,1cadad9b9300a6052edec1af6e71a15002fd59d0bf83d05d78aa989f028d97d7,f27303bbeb168abe0cc31fc17afb346f1c6af9ab1d2a810c064ac73c640592d0,P-2026-05-STEP2-ORACLE,16,3c79a9b4125f6c7c74b2c726b9a5941facf289f91483addc03c2dd23fecfd5b9,588364591a1ef09098ef0c72547b3ff8362e40e97fb7816afdf287b2ef6b2ac6,9bf17196bd06b4c0d22a9b59cefbe4b2f187025d79a8b83002e41308b87820f3,true,false
REQ-000778,270332f1bdb06706b321b054,f8fec5004be7f4de7a37a802,db2d0c8769128188d575fa97c28388d98028cd253806e274d604bf361bbadf67,b226f692175950bd3bc3a99798b7eeb07e91b78212167ae70406fc5f030811bc,STATE_POLICE_RECORD_VAULT_B,demo-key-a27e431d0ad1,5e45822cad96f5d1a82aacf1d234b1ebd14086387d8d3a8cb243ae0dbb626251,787828bac28424fd3b02bff20860a5b5199062b6e5a1a0ed43ced6a4ef365e6a,P-2026-05-STEP2-ORACLE,16,3c79a9b4125f6c7c74b2c726b9a5941facf289f91483addc03c2dd23fecfd5b9,f3dac30b846225e614dae1bdde9319e0046e33a665030da082fc375a1f6a9f85,4046b916fc7576ee8dd0ad8b119888dba89d579a1980a7f5f0ab735850f3bf1b,true,false
REQ-000779,cc807e9870eb2999a5aa2981,3b761a5ca38b88cac18a9189,ba43e014be6e4e9b723ec07ea4193a44040c53bfbe2f56ee07ca35fcaa46542e,1df75ccc35c956de95d83e8343e82fe0a619020113d2c808dff8d6aad26a296f,STATE_POLICE_RECORD_VAULT_A,demo-key-a24a960f31e9,8f9a2947fda047a89975be8958965a21551997432b1fb1459e05632638c221f5,e5292ab542bf5bc6d96880e49a550ee77d6ca274d714bb7e3cca78db3f2a5a6a,P-2026-05-STEP2-ORACLE,16,3c79a9b4125f6c7c74b2c726b9a5941facf289f91483addc03c2dd23fecfd5b9,772eb6c0ac434fcda4476a103a83fad6df928362a634c3c88279c6b886a0a719,0be8797aaa6480a82a95e591f5c508fd7d9aaa2ddd25e5617d7659a02b3b6d67,true,false
REQ-000780,a7b62695b85e36e1524ccb5b,17d7159145f50b412627e6d9,b806a1de1f4a7271b594fff116f9dcf2ebc070a7a6d0cc72946e87152dbda1f6,dec97205996d5c74ab42b54afbddaa2921b2592eff4d8b84ec26557cabc573c4,STATE_POLICE_RECORD_VAULT_B,demo-key-a24a960f31e9,e9fed6e451551260aa1a3af53dfb258939a558c14b6aac4dc191cc75338e85bf,6e930dbbc23ce7fd7edc8590ba3ccd27f7c0b187befa4a02d55f67386c8e7dad,P-2026-05-STEP2-ORACLE,16,3c79a9b4125f6c7c74b2c726b9a5941facf289f91483addc03c2dd23fecfd5b9,85441136b2452b08dff8c2f4514db85b11b982af4d2b9e63c4362f5603e7e92d,273c2a30676dda4c77e948c110122060f123341606ac71dfdaba151893cdd602,true,false
REQ-000781,121319e5c742c9826335312f,b7022b8f3609db1ebb1c2689,858c314259f289599ebbf9fa046dd994ec7bf399fd8e2784c8fd28d335404a9b,98702f709c77319c12934aa8339156036c7fe1c2a2ef3725c9e741b500e605ea,STATE_POLICE_RECORD_VAULT_B,demo-key-a27e431d0ad1,1dcb5da212e116f9c933bc4bb4021672a15edec08acd19f024f4c0496be92722,3f9f98423374d750e2ae87f07b91c602619b867dbec50bd48af7245cb6357b06,P-2026-05-STEP2-ORACLE,16,3c79a9b4125f6c7c74b2c726b9a5941facf289f91483addc03c2dd23fecfd5b9,9383ff6497eb91bdc3276a5583e83ae21d8b438c07b97daebe8464df0babb644,d26f811b2f35704429faf81b7fd12dac6ab85860207b051756c3b70571abe8ff,true,false
REQ-000782,fc530ff7f7f640ebd76d5d3f,b2a044dcbfdf50868dda1cb8,3d49c80b91d7901362796721bdb848087bf287aaea6033f71c848bc53d33bb9b,62ddc5e3d5aa417fb3aed306852232162d7e459a6c91493f7de8084a36e68de9,PROSECUTION_RECORD_VAULT,demo-key-a27e431d0ad1,87a005139829b4c0286107fb741732dab74150e5b10eb3d54a7a72a7c022654d,f6d56fa8cbff1e2b434194d2d50d49fabfca3751e47a2f32a393aba814719406,P-2026-05-STEP2-ORACLE,16,3c79a9b4125f6c7c74b2c726b9a5941facf289f91483addc03c2dd23fecfd5b9,95d79622dca401070a5388756d69cf52b4544b99ea265efcbbc3ebae3da2c42b,353eda0e8ce13357ca27790d855eacbd99bc00c323dca51e430ab7143c0ffcad,true,false
REQ-000783,bbd8fd810d854f4bbb3a984d,bbeb0b1c699b2a99c0fe8bcd,20307e1696c07c1420c2ae45504a8eafa91f4c368e124da805016731cd6169a3,96da340d4d35efa11e549a5ecb3033fd77f2260bc8ea689626fe38d11b089882,STATE_POLICE_RECORD_VAULT_B,demo-key-2f8689b230b2,2ac1488a450d372f1b8030cfec18dcef6ce52ba21aeac82888f49eac03984a89,e350b5ecd6a8c73aa5666bce2f677848f67126c9dc152ddda1b66d442c8d0eaf,P-2026-05-STEP2-ORACLE,16,3c79a9b4125f6c7c74b2c726b9a5941facf289f91483addc03c2dd23fecfd5b9,befd17f8a227407b696d05b8eba8e37011586e42b0dacda56054c360d154dc13,9e6090ff6b16a46988b2e034aa4aa544895c6c158be349d358323733ec69db07,true,false
REQ-000784,4a81b7a88a623e390137c284,f95616c924ad357b024a0224,1cebd81525b8020027f363220c9e62f0e7ec1ffd03611ebc440bfe9fa0fee9dd,0ee09fff93f25ff752576044ea951922237c6f37c5c088bf384a1adb63367eab,STATE_POLICE_RECORD_VAULT_A,demo-key-a24a960f31e9,41ffe8f9145288997aa708fb00af84a1e31e4c284c040dd91584b78fca7eb370,f092f049bc7ced0f520358bba7a05a6e705d2a1476c35bf9a14c9bf883b7c15d,P-2026-05-STEP2-ORACLE,16,3c79a9b4125f6c7c74b2c726b9a5941facf289f91483addc03c2dd23fecfd5b9,891c08c5e5613811049e1861b7960f23222aa69f99b1dd025ece09bd0bc5ee4d,8b2cb99ac26453635b67c905b62dfba9ed42c41878df4b3451a04d7f5ce56411,true,false
REQ-000785,41f7269b735abf118e1ceb74,8dad16a48306a29ffc8f9ca7,05c43bea8a63059a902742f1292d539599154591970df652015cce8312a274b5,f110033fb4c18c7638690f4056cbda2f1a8c4a2f9cb66443f93672f45bcfddbc,PROSECUTION_RECORD_VAULT,demo-key-a27e431d0ad1,ed4cd25b7b39e236b7555a955a60c9fe2fb532e9b5638d77dce3c24cba4f3917,5f3a6d0fa8cc2b6c5a720e0ee2e2817d4ae44443139b64649b6726dd3449c8b4,P-2026-05-STEP2-ORACLE,16,3c79a9b4125f6c7c74b2c726b9a5941facf289f91483addc03c2dd23fecfd5b9,bc1c8dbce02d283d483e71c44d4d72d10ed6546b7cd4bf1242042d9b9c2151dc,107a33905a760c667f54b90ace4ce40694a83b3cd1d0572e79cbee823649f03f,true,false
REQ-000786,52069d243f6adcab391e83cc,f8d6acd62ea4c79d36d6910c,a63cb2b2ba003e7c6c7eeddd1b251077730146c4664138f5f558965a11f025d7,2ec5816bd655bc9f36dba918e7edb4eee50aed72ea50b9d20c94152cee33b42c,STATE_POLICE_RECORD_VAULT_A,demo-key-a27e431d0ad1,fd34aa6b193312fc61d253a3e9416df19c70da05a0f5b0c586a5882da11a1c19,593f5ddeca92c68aec89e6a2a4b24c111e212f62526896a535c4dd4af1cea78d,P-2026-05-STEP2-ORACLE,16,3c79a9b4125f6c7c74b2c726b9a5941facf289f91483addc03c2dd23fecfd5b9,7e869d5da040e9e7f8cd59e3430d402eb25381e12d35d91bc9fc0dd38f62e8e3,cca7e0f407871f8e03f22817bad6a94734ac4da83f7cb27fc3bf3ceaf9feb659,true,false
REQ-000787,27937d1ca81b65088a41774e,9e5c63e22bbfc91e37019aff,32ce928480d499a62af8b951953cf5890bd586ade15101bcefee36a90c1214fb,dd0ec3fecfb1174bbc9b3ecbde422c8ab69ee6e8cd7de486bda43d54b7c12326,STATE_POLICE_RECORD_VAULT_A,demo-key-a27e431d0ad1,3b22125ef5a7d630909e8a09eb95c710b52da052b3d6807ba603a504003b75e9,bf5122d2cb8e36f85ca376cfedfa180f52c202e19e9df16a2548efb38f003518,P-2026-05-STEP2-ORACLE,16,3c79a9b4125f6c7c74b2c726b9a5941facf289f91483addc03c2dd23fecfd5b9,e43f0e344a5b317415574e7a250792c4a5a2dc4cd120f8c55bd04eb64df7d83d,70434c4d5d1a51d95bb7d7165450587aae715471a4e2ab530234e6e8d7c4bd0d,true,false
REQ-000788,aa4f11dd4800719359ec7aa1,1262c79e561670c6b51873c4,dd14d2364e3440ce6709ef51f5a4d76a59efb195b35f3c18c82d800cf80e82bb,b2bed215b412395d018ebf9234e8679e558d9bdcb5613c2cb80c3a76597cc878,STATE_POLICE_RECORD_VAULT_B,demo-key-a27e431d0ad1,aed787ddb4c76b23d4864fb1caae476baee64b803c5fa1f27a94ab7e1a8bf5ca,c8ee72008783d46b0c9fea11f819f6cbf419f29b5f7ae397ce3b0653d511317f,P-2026-05-STEP2-ORACLE,16,3c79a9b4125f6c7c74b2c726b9a5941facf289f91483addc03c2dd23fecfd5b9,e76a9595f61c2eb8a6120d80827c7c5fc970b19ab3c0dd0f3b17395e3df2f49b,40d17d111150ece783294cee196cc39e817568eba22ae63a5314fd8fd3dbe324,true,false
REQ-000789,dbc9514c0caf7dba5d34549f,39416afb3a9780f23a96b09f,c7c32a8090b5e3d2e5b899f2d504cec0cd4234c5011abb40a47d26437396533a,cb5569d7b3504fff99c385d802e41953f53e2a97cac497b91a48189cb1f66da1,STATE_POLICE_RECORD_VAULT_A,demo-key-a24a960f31e9,eefbea24d6e3b6249bb2bb54cfb579c475b40371a46b13adbe70b805fea8b8e9,af5559e4860d93d84cea012740b2f1c3de3c21bb1be784dd9a935f352c2ad0b4,P-2026-05-STEP2-ORACLE,16,3c79a9b4125f6c7c74b2c726b9a5941facf289f91483addc03c2dd23fecfd5b9,32ea0da3adfa65e60f02e0c4b35b48f1c2c2dd905eeee86b2f2973348fa749df,92eb87f81e14adc5e504f9a1bf980bea834c40ed047677526062a090c28b4d1d,true,false
REQ-000790,72235a5e8373d10e7468cb53,d73b3f851ebcd68b52561322,3f9fadbd0dc0c1f9431b7e68db9225c51197c4fe653ee20da9b81dd1d31d107a,6a7d7d35c5b9a800160916b8930a6fa8cc45c2a19b18896962b1efe5bda840f6,FORENSIC_RECORD_VAULT,demo-key-2f8689b230b2,a2546dd290882ef0e9470d7db9a70c1cfb7d5e31fba6b3953955b76ff7bc30e6,e6857df2beafe256fc45e867878cca458d452f1803e7c263054d626778161e6f,P-2026-05-STEP2-ORACLE,16,3c79a9b4125f6c7c74b2c726b9a5941facf289f91483addc03c2dd23fecfd5b9,da90296c4b2f34671ef26b0bdcee6908acdcc0c99d5071562e40cc71ac5df04d,56ec96a7d030c950f835300220682108b71c1b2afb5cd49b859a0c9e24f1d815,true,false
REQ-000791,715cb0d4c70f21586aa29ac0,00f99f3a6674c466c7b4b36a,062895fa1c662b6b82b8371fcab13828f8480618c0473d25bbfa15fba4dcc308,dbb08005318cb6f13ca8e1985a81e5653fa59875a464801f84e3465a8c173542,STATE_POLICE_RECORD_VAULT_A,demo-key-2f8689b230b2,1b71ee1c9e8825eb319c62cfc9725aeff14bb492399e7145a0913ed200e9de0f,0007e42c8bfc0be1609cfcc807b110a6af3d526d4d36fe1f985447a0d9c6b617,P-2026-05-STEP2-ORACLE,16,3c79a9b4125f6c7c74b2c726b9a5941facf289f91483addc03c2dd23fecfd5b9,1981161abb2d704444c1557c30218ff8f99925d123cd989987e9eeece53476cb,7b03aa290bf061ea96c458a6e762439b7f99795e983fdb24b4f2faf3ff6f83e5,true,false
REQ-000792,3cb075189a11cbfaeb6ef8ac,19a8f04c837c1e28b62a06b2,ef4cc0b6974797c53e2b39f1a4c2794d88aa0d8c34b7405c772fd13e65a9045d,92c9f979896251743bc85548e75e26ed3212ce2216466e5c1713c0fad3a6dd90,STATE_POLICE_RECORD_VAULT_A,demo-key-a27e431d0ad1,f46019e90bfdf96d8a45aa0e5a4daeda27fa538afff6491c60ae2dd22e402355,b033dc8182c50916d49c58fa5e0aa5e288e9933add9f5e8f9d103b59b69d7b02,P-2026-05-STEP2-ORACLE,16,3c79a9b4125f6c7c74b2c726b9a5941facf289f91483addc03c2dd23fecfd5b9,c2e65dbdb4b112c717b37d0805ec0c5d8e735b97949dd35524f6070c5882a4fd,944fb694f9d399951d6b77d64705561527e708efffe414fe13d970b6b1281ba3,true,false
REQ-000793,7e1af28dadbf5d983261b8b0,7a093dade47030aa1695a558,deb8d47196b87418a1b20208d6cfbbd614a30c1dff636e112e826502ac220523,5cc6cd997eabfa08ad04850e7bdd68e4263f566c2fd1714dbc5bdcbf901ef210,STATE_POLICE_RECORD_VAULT_B,demo-key-a27e431d0ad1,e0ff4338594b1679f648a37e6a7e9326bb22c16fdc72dfc3ed17fd3f0bd3f973,e1c95d4449b2209065ee0b1bc31dd538e2b953a19e90aa366ca91cb5ff119b27,P-2026-05-STEP2-ORACLE,16,3c79a9b4125f6c7c74b2c726b9a5941facf289f91483addc03c2dd23fecfd5b9,2fee16dfb6bb6b59cd0b86e108c03a37728c5696336cc36acdcfee89117381f9,e05606236827cde84c86029871a3976c9ed3af51085caa50d5babfe512b90507,true,false
REQ-000794,873c7de1d90814943680a90d,c40979ea33a5765235e24210,dbd4d9ff0507bd287a32090f7cc88fa3325ee0c176c52acdf245d62128935bcd,c4f9190bc60be7e7ddfbeedac0bd95c890129270de93a50a1bea1572284f6c3e,STATE_POLICE_RECORD_VAULT_B,demo-key-a24a960f31e9,d4416633830529bc1fa05de1d53a6473573653e9ea399d1cc3b550f1e14d618c,8ca69d9bef5fbb13915ba9482f72f25e9599ea651b2d376528c4c3e553eb128a,P-2026-05-STEP2-ORACLE,16,3c79a9b4125f6c7c74b2c726b9a5941facf289f91483addc03c2dd23fecfd5b9,b381df9df1f510b21aeaeceb6af99e10d510b4743f3bb35157d0957ec904f3a8,d905a50eb16d66123249e40f0d213ffc8559a5c4cc44c21ce98fa43a56288df0,true,false
REQ-000795,f7694506fadb227c01b96b55,f96d48b2a08f2d0dcfd2820a,b7d3cde63a6c78d42d52cdd406cc132744bc904f6ca8aa4a9082a86b5d94313a,9f0ed409f53e7b31ca0eb88bac0f97cf804d673eb4c6f4b0453db45265e1a9fb,FORENSIC_RECORD_VAULT,demo-key-a24a960f31e9,9e718fac9c014089fdc11c2701a86bc993f3b55a96d79b82b6e28a49297a7510,b69c1fa9603b317b571d15c18b0b0081b35ef98f1eadc1c2bcb05e81f73a292f,P-2026-05-STEP2-ORACLE,16,3c79a9b4125f6c7c74b2c726b9a5941facf289f91483addc03c2dd23fecfd5b9,18d7c6a61b6fcf25281371fd8d5f2efa4b68efe6fa774c2e30548586caf8eeb8,8b2669e67bcc9bf66f1a2a4941a1a8455e759f25b8ee1e8f4d2991546eb5052c,true,false
REQ-000796,52069d243f6adcab391e83cc,f8d6acd62ea4c79d36d6910c,a63cb2b2ba003e7c6c7eeddd1b251077730146c4664138f5f558965a11f025d7,2ec5816bd655bc9f36dba918e7edb4eee50aed72ea50b9d20c94152cee33b42c,STATE_POLICE_RECORD_VAULT_A,demo-key-a27e431d0ad1,eda98a25b13284f8294f943ca0eeaa86242fcc463e1f8251343dc10cf9a25972,a0af0dfaabacfe32429632b094788b9eb7c1d051259c4b022136c8daafffca0a,P-2026-05-STEP2-ORACLE,16,3c79a9b4125f6c7c74b2c726b9a5941facf289f91483addc03c2dd23fecfd5b9,eff4e997def765c7619fb790dbcf2d09d66a89f135baf62bb6ef13595cd8ab69,706da6d56c00fc43751ae2ddee6f0d1923efa125835a2675e5d2c404df9c7fbb,true,false
REQ-000797,f1308389961d2199aaa8898b,bd534f4a51fa585a8a1d854a,c8a045ea8148190148c9431ab71ef6fa56b20e27a20378f17d24750d126b847a,057a759b5620334e255046789003074d9a38078bcb06ba6e61d7bf6f9854bf7c,STATE_POLICE_RECORD_VAULT_B,demo-key-a27e431d0ad1,f9a5a1f747242f6e0a9a49db76b0a3a5f286e3a77e3f868c2341e9cee4c625ef,771f7b21cb18af8c7d36becbee44753c523926a78f25f3d60e43606d7cfde32f,P-2026-05-STEP2-ORACLE,16,3c79a9b4125f6c7c74b2c726b9a5941facf289f91483addc03c2dd23fecfd5b9,962071e0f9b8423079f1b49bf0b8aeda5ba2532f075ea4dc1e1484501738520c,183ae86e794b6ca25bfbe0ccd18da13031565ed5a14dbfdc76e1ecc5a6a9caeb,true,false
REQ-000798,4451c095fe2e4d1a159e9e35,5b2e8a210fda36c81ecbbc90,12506b45991eb1aa82d153ce89d1ac3f2069ed409e4bce7d670f0899bc03f0a2,cc136c76a782655cfeabdd133d59a9e1006e3e3177d47af1f80409682f891df3,STATE_POLICE_RECORD_VAULT_B,demo-key-a24a960f31e9,7bd6a519720b0caf1250ae3c7b2dfd40e164061b7b7a441a114860fe7b10a963,4de65a0cdd915fa9355a0084ee309bf3c86ed4ab4ad73b398da81fd71825dacf,P-2026-05-STEP2-ORACLE,16,3c79a9b4125f6c7c74b2c726b9a5941facf289f91483addc03c2dd23fecfd5b9,73c498a2e0e00d55aa01a19c64e49ff38f615e4c7b3bea3facc3aa24acd96c5a,cc181c2635116986dd1cc2917426e93bd074a1d3a74ca99779a4600881f67b4e,true,false
REQ-000799,04b9c295d5e6537d26e8bfc9,ee045e49c5235f2c010cc9d9,226e2fcf0bf47aec6846858c6d1dd87921aa9305136a87572cface9992ef97d2,8d8bf82412d240231f05e9ad8d3d331b971784afb10e70798c373e9c27e8b923,STATE_POLICE_RECORD_VAULT_B,demo-key-2f8689b230b2,6155bed44412ef657d343369c825e709073c9791bc93f9920033593c69e14f54,88c539bd63ccd26468bbfc0251d06ad747cc7c02198a8aa066693986820721c6,P-2026-05-STEP2-ORACLE,16,3c79a9b4125f6c7c74b2c726b9a5941facf289f91483addc03c2dd23fecfd5b9,925720d1f6ec686e153fa97c8a8a57029685c6e6bd7b023fa2fefc85ba52b381,69ecb31d60873b7367d9e3fcaecdbea75ddfbc3a76cd034590a86d2fe9096ba1,true,false
REQ-000800,25579b73e0cca8193764a119,216af6cf972cc1d8a68b70e4,581ed0572174559a0e7a3ec5d9cc828803d273b3be3c8cc9f6b3630425c260ef,38a9eab4c9bdcf9850ca56a09b69508d51358f0c836f8cd75fa0d83b93826c28,PROSECUTION_RECORD_VAULT,demo-key-2f8689b230b2,7ed4627e9d91d713620329ddca3b32c8cb4c9244762bbc8eae1f621a8569c951,d3b9e317b2d2e5815fe47458f97e6f66893f88dfe34e48596572b7b05fbae133,P-2026-05-STEP2-ORACLE,16,3c79a9b4125f6c7c74b2c726b9a5941facf289f91483addc03c2dd23fecfd5b9,e07eac44ea9a3354ce5a6b0d295b31df37ec6cc603cdf0eae0070f227e0cacce,475bae64e09d092b87c24e1bd20b6a1f3a899aff960698258fa9337c1ea58081,true,false
REQ-000801,51b0d84c84cb0038b769a6fd,c43d66a6dcef9d0ebff8f156,910a71f79487eedb155b4767977d3cb3caaabc2de0677abe066e6af73450bf36,6b1e1dc37c00ff1765310e0aaba0ea4bbbf37c6b2a2f06e79da03ebbeee9187d,STATE_POLICE_RECORD_VAULT_A,demo-key-a24a960f31e9,bf2ea6e0b4626381e1baf0b52d76ddc6decf6ca088ec6cd6492136332bcbf1ed,78c80b9ebd5448969a06b65d684bf558532deb390f544da5c0bb606e2d2945d6,P-2026-05-STEP2-ORACLE,17,76fec0325c3f84becf75286c926d17f7bf0d77760475bd6aee0b17393d66c60f,4a8c082391b210fbbe5580e37d2b762f89c2a3bd2661d4d5958f0aed47ccbbdf,f39b735483cd6d1668893b09892b3ab157be588c107bd75fb686fd58fab79771,true,false
REQ-000802,3ccd34687090d2923fc32e3b,af263afa6680e104a3777a77,b3281249d79a0c29d98fbd0f668e2d526d914834c28891916a4d62f6e0e450ff,f0330156007cd111eb13c536211cee29ab4e07160004b32ca2e628100785641a,STATE_POLICE_RECORD_VAULT_A,demo-key-2f8689b230b2,23168c01649f7bcf0d65aaaea183406537a374a8bd454eb567c43c7a2427f9f6,fb398d69474cec2d15fbfab071ef127b7b924535c6c2a30be29725ab56e5549c,P-2026-05-STEP2-ORACLE,17,76fec0325c3f84becf75286c926d17f7bf0d77760475bd6aee0b17393d66c60f,b524139c757495547a7125f24dfa73dbb74b6f4e94c6752fcf106d4571b4d506,238556cdf948cb8670ea76a108b4cfe96ad8cad7ac7f2a1febb7293fd5ef55a1,true,false
REQ-000803,3c448fe6bc8192a79adae014,8131188b5f6cafa9cf0749ff,b9ad21f1bf416b4da862a25b946d9f1603a9d0524d8b2f3db01476b67c0331a9,c11112b2179e8e450a9328aa479840f7f740855203920a42adf175fa696f5d3f,FORENSIC_RECORD_VAULT,demo-key-a24a960f31e9,b3a2490a43af7fd798a009a292e4c67cf7e35077ac1dc9154e5a33ec03346413,75011d8ac6841029b3c917572f2a1de0f8b21e2afb730408963574060d3f2945,P-2026-05-STEP2-ORACLE,17,76fec0325c3f84becf75286c926d17f7bf0d77760475bd6aee0b17393d66c60f,a0a39912f094519c3a687170b25f5aa6cd31eea31b9b2db5e79fdb5c7c6368f7,e12588422a1ad82bb48d535968a98f3ad59ef6fb6deeed5f08b4a50e9071e259,true,false
REQ-000804,6806ba66b352cd0ace2dc62d,819853f64813f0b089108e9b,293aa62df3449b88cd1b780537ae5ebad8da1e70c7e0acc24d99a3fc745de390,97136cdd0aa32e34bdaa11c93c22607167fc605d932d2d8385452a4ed5587036,FORENSIC_RECORD_VAULT,demo-key-2f8689b230b2,d95fedc434057c01c1da17c32877aba6b9b9601c854e70b328dcf1b4be47e232,5eb0adbfbb36e5947a4c0cdb8cf6940b8d52ac51ae3ba7ee04d620749c9924af,P-2026-05-STEP2-ORACLE,17,76fec0325c3f84becf75286c926d17f7bf0d77760475bd6aee0b17393d66c60f,ebccb96e2f4741604b8a4511ce4950ddf132905fa41625cd9865542125803ce1,9e2ecb92896e1f3aae714d995e0ac2c35441dfae8d2e8c378bd3a3bf7dc983c5,true,false
REQ-000805,148f5201e446b9e7af6ac7c4,928d6a8e73f126ddc516cdc4,b809c3b2d15a8788e426f3d1873039681fd759a6d9e78d75d512502090437078,5456cc8159b95080e9d6bbbb0837e284e54fe4acf863b1c85d4416f894635431,STATE_POLICE_RECORD_VAULT_B,demo-key-2f8689b230b2,4543de731b48d53de309b01b624da593dd11fb2b0d0ec1281cc8f49f7688be6d,2c2b9489dd4169c97c5e94d6832ce2045d9d5b1a95f2b8c6c7ec32d9635279ef,P-2026-05-STEP2-ORACLE,17,76fec0325c3f84becf75286c926d17f7bf0d77760475bd6aee0b17393d66c60f,b913791ed4d9808da0d34d44e7f3b406a623b80cf1b9087bc06cdb6aa5194427,ec18ac2f89d79a0f187d7fa61dd5c8574638bfe2e0ada6408c72b42eadf670ca,true,false
REQ-000806,22934e416c5fb7d3a1737ee2,b82b60930250d33580375933,ffa4d91f2486fa9634811923ef43be080140b73a9539f5be2d3b8290ea662c3f,03212089bf619594b6a4f55e7e7f54d26c359eee32bd072449f74f8e5554c5a6,STATE_POLICE_RECORD_VAULT_B,demo-key-a27e431d0ad1,6c69e5ad16464ca4638b76c819bc59cafa0d0b5c41aaa6b9f33514ec7efa8a86,9492271dd39f6744769511ad070f30a34d158d61555b9b27cb08a90bf255f89b,P-2026-05-STEP2-ORACLE,17,76fec0325c3f84becf75286c926d17f7bf0d77760475bd6aee0b17393d66c60f,7f0c60b285ac1f775c631c1c1c13ccb98fb7ffdc72b3725c5b51425b5637ee0b,d1e6c31a11d7c64d83f468156e97af85206b02fc7428d5b066f5878d85b888fc,true,false
REQ-000807,81ee1ae4cfae32eead5fbff3,1a9741ee3b3e7824109c9b06,0d0244f27b391f8b64cce98d23d90877b5671c40044adb88da3a5553843ff0e3,c073ac250d7bc70b628ee0f6d1bb75013fe31d9a65b8a80245962dcfe3c83a19,STATE_POLICE_RECORD_VAULT_A,demo-key-2f8689b230b2,ec45dc79ec9d0986241959ede4a89ae9bdd891b16da0712e846d06d71fab79f8,1c04ed1fb0e8ef5afa3fadd87c8462ac8dc779d036def43dbfa5c1dd72cc4fc9,P-2026-05-STEP2-ORACLE,17,76fec0325c3f84becf75286c926d17f7bf0d77760475bd6aee0b17393d66c60f,edce52e5ab1b91b594b6f695cc2efad93418e89575c53be7659ff6b451c3d974,6dd4e0cb8b80b6be10b1e9ea3ffc09e285508e41a0bb50efda14877b8b24aeb4,true,false
REQ-000808,0fb3737ffbea66c7996ec849,1e0b00f9efc460a16754f4a0,74f7ce69fa0f30136be7bd4b4c7494777447b7a877cca60d6866b770c66cffe9,d70f931dfffc20218199a62734c35ad46d93e61d0db5e3c6dfb03b62cae9b8f5,PROSECUTION_RECORD_VAULT,demo-key-a24a960f31e9,bf6d20a17afbfcdf715840c08836a2bcf9a7c857d544186f7689619d49fca4c1,3a4d8683cdab9670ffc34da29f45afff2f5b6a87a075e2bafea1577a90e87520,P-2026-05-STEP2-ORACLE,17,76fec0325c3f84becf75286c926d17f7bf0d77760475bd6aee0b17393d66c60f,0c0a982480999f9d246f4812834d9dc5e6891af02d75309f74ac26d6d9eb7a30,7a673cfccb45984c4c813523f9ed01a92057155aef7b619ec1d8e334eb77929a,true,false
REQ-000809,a677cce772515d48d3a1528e,25e81ad8977948d425ddf9bd,6e1da77159830ef369eab3ecba2c6de3411a2f85833fafdf712689a987840649,1bf0d7a5533b4b6e9a2fd7c09720c729f8095a1ee75dacdfc41470aa25219423,PROSECUTION_RECORD_VAULT,demo-key-2f8689b230b2,aab7ed4ff026b587ddeda516ee09ca7e35ff2860eb012cc637bcd619e92522b1,46822ab7ee662f4e5dea3cd2b7ab0e9821e8e0a306b57a88d59492af4eb7dc79,P-2026-05-STEP2-ORACLE,17,76fec0325c3f84becf75286c926d17f7bf0d77760475bd6aee0b17393d66c60f,6eeacf07343bf77d1e56c7e550e265acc5036e6ce69199092aeb37f43325e0b4,0e2dd1089e122f0a0e2bc3a92219255b0196eac3d8305220751d990091b22434,true,false
REQ-000810,513c9be258a43ca7947c0ca7,343a5b002eea4254c92e9eef,3db2a2f0028f46eb1925811c4b950a33a1e69d9bb14b178f2c602f7eeea60d1e,175da3b491eb86351b9d0b65030cfa5b23ad02836232cefea0f22b7077e12166,FORENSIC_RECORD_VAULT,demo-key-a24a960f31e9,604e64354a1eb0080378a0ee81b43b1fbc95964fe69bf8a9c09452e973b22239,02712fb9f2535a03b685e715c9077990a67e00718afc6e36bf8a22122a4871f9,P-2026-05-STEP2-ORACLE,17,76fec0325c3f84becf75286c926d17f7bf0d77760475bd6aee0b17393d66c60f,c722219f758bddccaf465e894d04d46639cbacf7ec9e1a2dc6c00aff4b907f37,bf1237d4bcbe4da8b354eab170c52afd5e5986b6ad7c78d975f83b1ad06cf16e,true,false
REQ-000811,2a324b1f1c72134354401324,9c89bd58d65f1c9c8d47dc4a,73ecd021ba6f51142d040a0c5a7512d295e8db6bf9ecb8d7c47dfc6fc408eda1,b9667bd980fc6355fdae224fcc96d1010d02f434cb30c7ae0bb252b3be001745,PROSECUTION_RECORD_VAULT,demo-key-2f8689b230b2,10481f84b8c7fcf8663e8c82fc1dde7daf79c85dcff83b8303e03443602ef2db,eb75e2c0a2afc25ed142974d2fb540717c5ff34219a01e8f35069cf493fa003a,P-2026-05-STEP2-ORACLE,17,76fec0325c3f84becf75286c926d17f7bf0d77760475bd6aee0b17393d66c60f,79a30d47b2b9411a06bf53dc802b97fc3afd812a8c1c14a2fc3c8c2e22b97983,7274511ce0932b20fa9c02752d64c7398f4dd5fc5dc863cc4c735513fc9f3e53,true,false
REQ-000812,57ec71a2140e7801543097d2,74af8ecd3f57250af4b04c14,bbdc11a8bcb0d2dcdac9e7bbb04e2de6832db4981187e865acfd1e0414f9ebe9,1936857d0577748d3992edf7086e3e9d7c49cf31eae4fc25109ff76dc89f100b,FORENSIC_RECORD_VAULT,demo-key-a27e431d0ad1,6a43bae7c5e883082a4d28c1c61a361a2ee7684fae2c385e6cc83289d00f93fb,4975cede7582717a4f2d07f4a72a3bd352c2c09fc00ba692197c15e6fe38b320,P-2026-05-STEP2-ORACLE,17,76fec0325c3f84becf75286c926d17f7bf0d77760475bd6aee0b17393d66c60f,d9a54da039061d58e60845d749922f3711a9e86b2489fbdffccce67127fb2700,0d2fd03e1b60f1adf5d7277c97c658e2b55fe17490d13c9fd7c54e1f2a679a9a,true,false
REQ-000813,425abada7c0fed7e831ee20d,fda8552af544292e8fc5ec47,680dd136218dc049c236eefbdf83f2833cbe85b44d4aaf8a7a9a967758339ef1,ea52f4b9e765d245dad742e2555dfdd413591d1ba4dea531a3b9c8d54c80f008,FORENSIC_RECORD_VAULT,demo-key-a27e431d0ad1,16595131f61396231c911c2854754d1c5e7efac1b6b86640a9c0486135763f2a,ad7bbd60d13b2bbecea09db6440319f8cefd9f1f0d9d0d85b6b6e2b5919f8820,P-2026-05-STEP2-ORACLE,17,76fec0325c3f84becf75286c926d17f7bf0d77760475bd6aee0b17393d66c60f,a2d8a4e81b7da6f90d25898cd28c0eaf2195ef42cb4cf0039d89b9c01b94f302,edcad1151381af1648f42c9adaf41897a43c3a1a6264fcd8d34eef221493d3a2,true,false
REQ-000814,dd25798c72c5112bd72c2efc,0173ee48681b993ddba80437,ecdb10f31855e2cf4e31e509239f3038fb2d8c5e566d29988f41d237140752f5,d0141094416c57ab17b4ae499e7a5083c9a61994773c249bc537f11dc7081729,STATE_POLICE_RECORD_VAULT_A,demo-key-a27e431d0ad1,91b995dd0b5b6110420700b952e3c0798af081dc15829338677d9b9b14031b12,61830426e85b7f7730582c52f7b642980593c1d4c864bb551db057128cab6c20,P-2026-05-STEP2-ORACLE,17,76fec0325c3f84becf75286c926d17f7bf0d77760475bd6aee0b17393d66c60f,ad38d6007f717eef7a6dff9e853cb616cb9a5afa2f2dbdc7fbe157d72a681918,6dabeee89029622be3abcd561742682b36afec420d1b52ed571dcecabbae89e8,true,false
REQ-000815,956aca67b33c2620ff186459,628d7e4fa55b6a3d500dc1e4,b4da96754dd3760629672a7820e421728a59b1dbb863e81e2cabee6e93e950cf,1abf960712e9d579003c9a33538704fb3ae4902778a5f84bf0cc44f6e791ef75,PROSECUTION_RECORD_VAULT,demo-key-a27e431d0ad1,39a4fd0584f6a1046ca8051e6c11f15ff1a383942b48200d0ff2b2ca082199fb,e21e71b782ec3a287475e646beb08312e514fd366edba36e617b328b5089b40e,P-2026-05-STEP2-ORACLE,17,76fec0325c3f84becf75286c926d17f7bf0d77760475bd6aee0b17393d66c60f,76fe6084c10e15809ace32304a9afe7f202e27881526879ba78e85fa19d69b13,c96024edd5add5be2f3b17f2d0db1c93f3ce67bab9584eaae9a533b53568619c,true,false
REQ-000816,e75112487c579ac4b3944b49,ede4c025cf9928981e13d89f,9e127dda6996aa7c12c43d4043bada2242d1f9f1185f103a102b55fb0469952d,5df81345c9377f4c570e28fbbc9b11aa7ba32bcc9cb774cda79a63117d4faeff,STATE_POLICE_RECORD_VAULT_A,demo-key-a27e431d0ad1,59e61084b6e41c267a30b51189258cdf8b8460d56bae96aa795182d8595e794e,6415941a6b7714d7de56fb6d1429aec5d1ee27bb324371a0f3bafc2d3ecf559e,P-2026-05-STEP2-ORACLE,17,76fec0325c3f84becf75286c926d17f7bf0d77760475bd6aee0b17393d66c60f,ffe9e76e7eae9944bab7ad2185289f5894ce3e186fb7a59faa2d7550a5003c5f,2ca1fe31fd495fdff0b8f439c58db387ccc67b44f7887915d0aeb037848d3073,true,false
REQ-000817,f7694506fadb227c01b96b55,f96d48b2a08f2d0dcfd2820a,b7d3cde63a6c78d42d52cdd406cc132744bc904f6ca8aa4a9082a86b5d94313a,9f0ed409f53e7b31ca0eb88bac0f97cf804d673eb4c6f4b0453db45265e1a9fb,FORENSIC_RECORD_VAULT,demo-key-a24a960f31e9,dc7c911e560adf1a94a686eb71b75868aabd6bd3396e615ef1e860661ea922bb,2debd8a2eac666e782bc76cb61e29fbe184e2e95393e5d530458aed341f97c00,P-2026-05-STEP2-ORACLE,17,76fec0325c3f84becf75286c926d17f7bf0d77760475bd6aee0b17393d66c60f,36311b6935a8b42878ea987ce80164f4d88bcfc874960f071d673deea2c1f687,8a404a08bbb7855b89059d4f0027a1fee7466a34f2831653b17ff3c964369c1c,true,false
REQ-000818,619c64e8eee97cc53178c989,5584da39e1c20431c5dbf766,ae3e8d20b059307d7f4d82d7220607b60e6ce0b133d2ae45077eae93a3d51f04,c123020db2782accdb9146f1a26729696f19f2c01abd60c8dd7655a0f2f3bdd0,STATE_POLICE_RECORD_VAULT_A,demo-key-2f8689b230b2,5b12486272bcb2a6f069966e13f814f11c5c5496c4374a26feba94f884bd8cd2,18150325e0ffaa375e6fac06217d89b0557ddc7e003183f97633dd544e574290,P-2026-05-STEP2-ORACLE,17,76fec0325c3f84becf75286c926d17f7bf0d77760475bd6aee0b17393d66c60f,4638df14aa10caab4dfa0cc1f51d99374a758fde1fff748f22641a9888e08ad5,db19049f9615b3b18d64b4386cd9d7e31cae2d8e8d44452d741ab80f300b7516,true,false
REQ-000819,38f15a3ade185dff0f95a6b9,71aebaeb1e6880afadc43cec,561c007a20d774dac059b75500cf724f1cdb972b3b59fe4af8d12bc6253cf1e6,d5afbb114bd32b49321204c30fa4f1d71e5b7747b70343c9b0c28fd5e97f7c1c,FORENSIC_RECORD_VAULT,demo-key-a24a960f31e9,56926ecda5015465ef093d62e192bae1c6e838d2ad3194cd8610bbd30d7f37d7,5aa2078e930b8f8e4f793de3957b020da61f524c900ed34fe2d26bb5c5de3a6e,P-2026-05-STEP2-ORACLE,17,76fec0325c3f84becf75286c926d17f7bf0d77760475bd6aee0b17393d66c60f,cd2549b3507a9a79c19d57dc176aec3cff6cdbfc894d251f65f6f241075d80a4,420ef598370128d738b5a6ecb7b3ce92b6f3826b7949de6b4e472b877e2f01a3,true,false
REQ-000820,fe9058bed6465d20bca094d3,fb6aaee2aea56ec66fceb778,373fb76206ef30d8e2b84a518b90a0125625d912b47cb69e62c440f0134c7f6e,48c41df0e23339b1b4fee21cd025eb4b8fbbc214e5c983819415def264cbf56e,FORENSIC_RECORD_VAULT,demo-key-2f8689b230b2,98677ed67e2c3d90a99b5686b96ced08538657885bc0baae255ec71712766e7b,b621bec865cc591d5c2310b24f9cbac91d11b238c47f2c8b32eb4811535602f0,P-2026-05-STEP2-ORACLE,17,76fec0325c3f84becf75286c926d17f7bf0d77760475bd6aee0b17393d66c60f,7653c633818d5208462f6ad87ed021009e9300404308d765561e8d1bf0afb36e,deca5236f9a014ec8483d552793c9db0dacb004695b582121c00ed1b68e8ec39,true,false
REQ-000821,f8d01d9519981fbe6119c784,64d51a8ae9040139b6347b2e,36003eba4ef766fd31a6773174ce17af09ff53f083aac8063ff530c416494759,25c0a1ad55f2371165fab3a725befa0cf0d9a264fd0bc64afb561cf7404b3e81,STATE_POLICE_RECORD_VAULT_B,demo-key-a24a960f31e9,656753a260f6c5847c36afc52c8eba7689f37f2edd6a932f0a5e2d920d3587fa,88c595057443fc42a547abd58c0de2a41a5602bc39c29a2e463a4e8714d718d4,P-2026-05-STEP2-ORACLE,17,76fec0325c3f84becf75286c926d17f7bf0d77760475bd6aee0b17393d66c60f,89706ca4039a5013e9328f1d4a658fec147dea91507d510751cf07962333d98b,8839dbd3ea1bf7228a1144a253005aa97a39b541592868354eac666a44619c09,true,false
REQ-000822,de8ed503b092aff04a4f6676,a5e2220499b8d82e7484afa7,c11086fcbb8ad16a8fe53b2f68a03868c612b7ec2f135f6e8e5e3976a71d22ed,2ebb787f5d90f5e17d37106e584086a87a915ff1384af932063e79482012ac04,PROSECUTION_RECORD_VAULT,demo-key-2f8689b230b2,994da09561f04bb73d85b7460a5a4902a9de1ee6c76bed3a3aa9d9f27ba3f762,fabac06f2261e56b8180fd68266e3a64d140fb2bb6c0ba020a97337dd3edef35,P-2026-05-STEP2-ORACLE,17,76fec0325c3f84becf75286c926d17f7bf0d77760475bd6aee0b17393d66c60f,73b992afb1f3161b7603f1c2edbfa5b84d3eea72da8e3ba64e946e8278d5b609,3f3a0c0bc2c0dd3819d7e4084fc5470a0075cfe6af660ac194a272448b08c1a4,true,false
REQ-000823,8e67f9c2d6007f18c8de9209,578bb931b348c545e3be8c32,cc1737bc164651994db6257102a93e3b1af74e219d84ab218ff7445c97c524a6,ec2c289dbd7f4e35c994b11eda28296619844047ef4c09e245f9b4f19eb7fcec,FORENSIC_RECORD_VAULT,demo-key-2f8689b230b2,d04b0dee498d7d6b73d5556f1477c192747e3b26327a5c9e68e5b2134131403d,b23deba0e49ef7c35edd51740096fc3f513bfac5222fcbc2b2008ed223ae364b,P-2026-05-STEP2-ORACLE,17,76fec0325c3f84becf75286c926d17f7bf0d77760475bd6aee0b17393d66c60f,7d0c7071a913ca2b89764d0fa8c587489be86000a9643f2a2b720aab5dfb66b4,db55b95f70cd57284c1ee39788f494792aa05c49282dc18b4f517d1f3b839768,true,false
REQ-000824,2cbda76432e3c7a37d92e1a0,36e69e4223fffa71435c30cc,cd8ee6fe0742a5d7667cc98593b02a139cc594514c87c35a7d40d0dc8158497c,32a11c06675895c9eda58ea41f4d892dc230525ad7da267694e20d9b26279bc9,STATE_POLICE_RECORD_VAULT_A,demo-key-2f8689b230b2,d7ddd968a537d009e4150adb34554f5ce400706bafd33709e5225d9d68ca70db,56400191d6d1b6de5865f8361009913f124e2200f85f6b78db2b6e36848beb39,P-2026-05-STEP2-ORACLE,17,76fec0325c3f84becf75286c926d17f7bf0d77760475bd6aee0b17393d66c60f,21bd8fd54947942c9a0329f8424c6e2e4ba89c69ff40a9c435cad29960ff4b06,eb8d5f7814c081437ffe9b66ba8daad7df0a2fc9f7d04e8fb5aad0924227367c,true,false
REQ-000825,7cde120b6e55c28ec650e2f7,3b1e486c866179bac43ca04a,f62503f95652bcfd6b77df18dea6105b9f5386c161c679d9dbb8e885731626bc,4915457c3dda742b64631fb7645216067b589c71c3e77ad50aff01a645099d09,PROSECUTION_RECORD_VAULT,demo-key-a27e431d0ad1,8bc443a5203391f67cbcd6ceb56f35c9570fe337e7571209ffd0db7f14178465,1ef7aa002e22b54bac9b1fccd030a9c1b1e26d8a1d6164ed722e54e1593665c6,P-2026-05-STEP2-ORACLE,17,76fec0325c3f84becf75286c926d17f7bf0d77760475bd6aee0b17393d66c60f,ac2a62d492f956f165c3bc2cb3020e6303711dca92d0204c0bc530f195aa0fb2,6c4e9ac570d48bc86e06b76668ce54d0e8bc516db7907ee6d5c2ac7d052950f5,true,false
REQ-000826,3681056168083735834ca5ed,d582f0a4b63a3afa7359eca7,1d6255ef315531a7fced3695f95ad228a89ae8d912a7cc256e938ac941afc621,1ffbbf04b5475cdb3a411abb8b5618ad41ffe81f1b8b8657e00e41924c788b5d,STATE_POLICE_RECORD_VAULT_B,demo-key-a27e431d0ad1,52ec4c4adcf3b1ec7f7796657d1544cdec16183d45d011f82d34684b9aaafb45,847e375d808f9973ac00f4d6939d5eb859788fcfbcb6fa5aa002dfd73614e8e8,P-2026-05-STEP2-ORACLE,17,76fec0325c3f84becf75286c926d17f7bf0d77760475bd6aee0b17393d66c60f,255528a64bd25d2df9d30dc16a5f55c2bb32fcaee608544be2c46cb5879b043a,15e69edddef31614b3ae161f15d5bd0ae3b7e8fcc091c0651ddd458fce5175c1,true,false
REQ-000827,1c019b8f0cd3d2a3b050ba1e,f9a5dc0287737f224dea50f7,93cddd3e62cd3c972aaf80a7b94ea35c04ed6d2c619aa812627ac18f426ba2df,e65a2a6b820788de4c80f42bb5f333c7faa3b3c8ddb0f25db15b840407b0c5cf,PROSECUTION_RECORD_VAULT,demo-key-a27e431d0ad1,bd6217f3bc022a51527e6c6ceec670a6b43ba1ca60d55770a6c9f7518d4adfa9,904395348c433556bc4e9faf872ffedec30e661b59441b5b325e7c3bc297d639,P-2026-05-STEP2-ORACLE,17,76fec0325c3f84becf75286c926d17f7bf0d77760475bd6aee0b17393d66c60f,75f21ea969862a196f7f8a0d3e8ff09e8545e19ae6dbabbca9b1370f340affb6,895f23b91533096f78f0e2dd996dbef75dbf0d5e24ac1dfedf4543c4500ac98f,true,false
REQ-000828,83c5b0534e468f6304fb5a25,0fcd998333759be044c26b13,37d592efcc94b8b677ac11fa929a940c241e7cf7f547c5cf9579c8b5da8c073f,ea6fd9c97d21dac046043d4841c77cbcdcaa980dd7c44ec5444cd06468d36d21,PROSECUTION_RECORD_VAULT,demo-key-2f8689b230b2,1f4aac3846393ff0611763cfacb42cc499839112b112b6fb15b7d593293e8cb0,62abb43f82d9e91a603554d094eaa4aa621cd34ad9d57d2286a2ce0c8487fcf7,P-2026-05-STEP2-ORACLE,17,76fec0325c3f84becf75286c926d17f7bf0d77760475bd6aee0b17393d66c60f,42fcdb499ea8b2cb7f924b76085544faaab225a519ce8b5bc7095053c38a0fa5,1bb39dc282ce380cb335d05cb05e737675c972fb0acddec6c39b2309c854f1bc,true,false
REQ-000829,b3eecf3008e24f3ad0d4b532,270c2c8f23d03888bb22d8e7,473877767cc549eee4c72b1972e846da83eff659bd4c18f0f83cef20684670e3,0ceaa2b2e944376b04c2b6ed87873bcbcadcde1dd1be39d6db70538188c4ad6c,STATE_POLICE_RECORD_VAULT_A,demo-key-a24a960f31e9,9dcabaa18e37ff2b574686ae5dea4a8fd4bc3eb98403ae03241776705a802ee5,fc3102c307ab5f9a9be883f53eebb9607361b18b8ae3d5ab5390c3a48d0ff859,P-2026-05-STEP2-ORACLE,17,76fec0325c3f84becf75286c926d17f7bf0d77760475bd6aee0b17393d66c60f,812471bbc812a8a92a1e7b59ea7537030777fba9078340612860dab1661f6224,2a10b0e0d1d063b33952ea98b55c6a0fa39b4bf257f8ba1ed6fdba6ff0bff5b9,true,false
REQ-000830,f7151781855b8ca96dc2f997,a7668c0e92aeedcdd72df8dd,bfe665f819abda3f827896ff30d44ec79c84e1afbac40fa542f7f60769f32a57,a6398a161e230878b30c48b92e66062d108506f60dfe898a929b0772f4776d03,STATE_POLICE_RECORD_VAULT_B,demo-key-a27e431d0ad1,918fdb388e572ccaf813e459b03db7a18af4105bcb3676bf13a348ff7d04a5b2,78ce908d521c550eac91fd9afb63a05b8fafb35ea5bb3d0961f1f7e244c2c3e2,P-2026-05-STEP2-ORACLE,17,76fec0325c3f84becf75286c926d17f7bf0d77760475bd6aee0b17393d66c60f,8f50de13dec71e0e7e1932639324b18124d12bcb9f067cf00303265dea7c5459,16688691b31bae93340d6fed64330e3501928931b25f947fb04d84405beca0ec,true,false
REQ-000831,8eb06b091b265235ad42db41,7ccdca96a485d2c22e360b2d,7900dc603475ba3d384394fccb2caf8748c3b7d6414b1b12566383f5e461bd84,f7aef9fb5ec180ee574622a10d0b19b3fa7ae70c1d32b78946ea76a14428fb78,STATE_POLICE_RECORD_VAULT_B,demo-key-a24a960f31e9,631183836f5e4b06d17f5894ae1f5145125bffe6252a3270614565f46dff978f,fdaa898b3253feab447f31e015fc44e42f7fce7ba0b080292f18e813d488a1f8,P-2026-05-STEP2-ORACLE,17,76fec0325c3f84becf75286c926d17f7bf0d77760475bd6aee0b17393d66c60f,d52d9f79cb1bfc491f8c3761d13f6161f19f974364148d5b59795dfa6a70c458,613d746c37d5301f82263c4a2eb8d0e7e8c0b7628979bac8f5ee7a6919690fd8,true,false
REQ-000832,2b2d7ab4e1a9781372404fec,5fc0afd6e824eee6c18f4388,066d7310aee25de340e94280e88475f3b164962cdd447ee5618b46abb7b56735,00cc7aaa70ed07ccb4666ad10426dff09ee7a698ec19ff232d19609bb474b24b,STATE_POLICE_RECORD_VAULT_A,demo-key-a24a960f31e9,6bff04a5656741ba966e75ec0228c60e1969e1863b7b639089dbec39b1485eb7,5d98205842a1b3722d79f615b4a33d3999aabe4ca4f8368390bae3cf96f1cc40,P-2026-05-STEP2-ORACLE,17,76fec0325c3f84becf75286c926d17f7bf0d77760475bd6aee0b17393d66c60f,2a2fb973cd332d9b37e0322602f34ece56aa383cd77ff56325db18bc9eba0afe,0b5e7692710a0a0010d026dc5b50b20458d44d6217f33b11de9ba12a6d6a6541,true,false
REQ-000833,1b44aa1874391eada80abe9f,eaf9ed2a1dac4d3c3759da61,dbb3c4f4722ffad0d3e7ec5c6d8879f037653ff43208316bd639b330e8a002ad,b66c04117c215fe6cf988929ecfd7b13a6f2335352092f54cced9ddf5a8e1152,STATE_POLICE_RECORD_VAULT_A,demo-key-a27e431d0ad1,3c09f2212a30cedde990446f83c2ec246c41078172c3e849fdbc626dc077bc3f,0f9edd0d1a9b46e8bc088e6156c1bb8f9c0bacb12fde656b6dc7e26d29168bf7,P-2026-05-STEP2-ORACLE,17,76fec0325c3f84becf75286c926d17f7bf0d77760475bd6aee0b17393d66c60f,e05abfc2c83a9e3e31158e0fac932d824284d269454c06956d28703321e5fcb9,083ae23493153d0b0fdea179ac58f481be4132622e5e61161de360ccb7f96a22,true,false
REQ-000834,cc5ab6510e3654ea9af3370f,c995706e6631e8a6614cc5ae,998aa8654e64c2cfb5565845654ffc275f347ccb737bb0931f033dcce3740b25,11d0230613d91d47921d1774989dbe4225b0a1f17a54a165d8b63411498653f3,STATE_POLICE_RECORD_VAULT_B,demo-key-a27e431d0ad1,333921679cb820f1a3041f39de8a2e99c1988fa8325afbfc502739717b3749d4,98be18a4ad7c6e4d7c640c605e1807b047b3631bbea764e04fa0a4a1d38ccf0a,P-2026-05-STEP2-ORACLE,17,76fec0325c3f84becf75286c926d17f7bf0d77760475bd6aee0b17393d66c60f,ae56e40982fad835f3442278cd08f1c6bf6188e06f21fded4da32090a388a84b,df2210808babe2d51dc0fdaa84490239203ccefd664c5166ddb5f76fb7c288a8,true,false
REQ-000835,efc254275269a6226b4fd601,a4850b69fe1db7981651e042,5c0c265557546d591987ec0f78cdf966c6916397a5ca93cdd47c6a275a21663d,26a2ec27edc171e0c6ae2089ff0174467dd38b08a57507286ff8c51351cf743f,PROSECUTION_RECORD_VAULT,demo-key-a24a960f31e9,c6f0ffc8cb353c6d2ae476f639999e6d5054d3e98948b1c4b74d2f7f360ebaf3,60da36217624b11501bd7fd1ad1100c49447d5ac0e30d1d560b6734de145bbd7,P-2026-05-STEP2-ORACLE,17,76fec0325c3f84becf75286c926d17f7bf0d77760475bd6aee0b17393d66c60f,918d51cb06498669c76a7828c9d05de4a2b09acb957befa1cd6753cec84c85bf,2d4ab7ef47f48a940f40871846163335e30ddc34e6904400c69ba7a630f37a80,true,false
REQ-000836,b011cf5ae48f4ee0fa784772,d86a9cc13aafd60eda7c6a74,83053e1be844e2a278769fcc34722f7d621efbdeffcbb695e216750b54ad2da2,b78ea12fb1f717b0c4f5bee76ec26703aec556c6606015b68ec97a28a69d1fa7,FORENSIC_RECORD_VAULT,demo-key-2f8689b230b2,2b30ad4698e20918f980a0c8a5c533800f47a8cc24535e5300245aff6a35405b,49b94167862b447af9828aef631055be52fcd971a039326695abb8590491adcf,P-2026-05-STEP2-ORACLE,17,76fec0325c3f84becf75286c926d17f7bf0d77760475bd6aee0b17393d66c60f,753f931c9c96518ff17f60fd1a72a09b25a15e69a8cd494e0bf9a1507bd3769f,b9365dee36c99947cf03b40e8a9e695b51bf41671b0bc3a5b3ac608b88347e62,true,false
REQ-000837,b29b01f14568ba1dcdc4e111,dc8b36abf1ec707c4a2ae476,17d5abca80adcac97c8bc832ee1006148009528cb1478e23e08800a7ff9d1be0,7040254ab78b7a4f5d1102f257438e76cf4ea6a9c474a62a0e1f325553871387,STATE_POLICE_RECORD_VAULT_B,demo-key-2f8689b230b2,3623d8af7102e73481ef0c3430c27aa4d551f5a66a093cd7c93bdbfd11154b49,12aa300716167d527c74b7ee53207eac9fe2255146b61214b106f9806c08453f,P-2026-05-STEP2-ORACLE,17,76fec0325c3f84becf75286c926d17f7bf0d77760475bd6aee0b17393d66c60f,955f0e2fdb18b0abbd9f5526382a466406d86d999869df001d7f47ee724220c6,5baea623f81dbab79ed6789321210a8ae07393aaf9d91bb15ff9debed69fe977,true,false
REQ-000838,be8cf0b2d2aedc05e13844a3,cd6b2c8ceeb4dd7c80b3dd77,1969479102483e385f6a446de5e8419cf6e0858f0f66935f41d5d2698a0eda1d,a1b96f7adee59b407faaf80807639d75fb303452d133826927b87253bff4c1fd,FORENSIC_RECORD_VAULT,demo-key-a27e431d0ad1,51fa79c950bda409331e8fc27e65e4237483a279a614c32e5b304face6e3f1db,819cdf8b3b4abdd75e2f467540d98ab715989e199ca804177ef3c0c1e981e138,P-2026-05-STEP2-ORACLE,17,76fec0325c3f84becf75286c926d17f7bf0d77760475bd6aee0b17393d66c60f,3b945493cc1c319760790293b48fe75c34497169344d45a4183e73545419ccd0,f4676d748bc6e9a28fdba12765050b6724fe0ba40e8f9d16931bf70acec43e28,true,false
REQ-000839,1323b2c21c14dc109d79bafa,4855e5a9a421ead66b702db5,db7a2179873e69354e87b7c4665b24ebdd370562a3f5c08423f77f099e8c4472,189410a0df2f089091a34f23c3033e76ba616bea38d811930c488d2e5f18a15e,FORENSIC_RECORD_VAULT,demo-key-2f8689b230b2,f0c461e5c37f22e132ec597611cdc002496da809240c09ca8438be39a669f622,733cfb094d611389e43701b90a79f38cfbac9e3a221b4edb9fe96bad6818d415,P-2026-05-STEP2-ORACLE,17,76fec0325c3f84becf75286c926d17f7bf0d77760475bd6aee0b17393d66c60f,4ef68d5a62365411e90904647a0529577ac5698dd7d0e990df4aba719039ce19,b44aee025c628f2e62980cdc6787f915f3a5423dbc33e900e6f07a1b610bdee9,true,false
REQ-000840,956aca67b33c2620ff186459,628d7e4fa55b6a3d500dc1e4,b4da96754dd3760629672a7820e421728a59b1dbb863e81e2cabee6e93e950cf,1abf960712e9d579003c9a33538704fb3ae4902778a5f84bf0cc44f6e791ef75,PROSECUTION_RECORD_VAULT,demo-key-a27e431d0ad1,41e1b106b36a4d805ec0cae3071065b8da896156840159ede26b31b3ee8c124b,9c7196506afc37c04c3bb875f63b5a5025048af0abf6099cc9264b959b55de57,P-2026-05-STEP2-ORACLE,17,76fec0325c3f84becf75286c926d17f7bf0d77760475bd6aee0b17393d66c60f,6de855bf7a142c180eb28f7d9859c00deda411cbbde76ce25f322d83195d35a7,7c93a6770241cbd4f02fcd95c92eaede65fc1eab972cb34f99147291bead8dd8,true,false
REQ-000841,22d13ba63717ca715e5005a7,c8ab4cb2942f431124680d70,fa088d5513bc393b9f2f93463eae0688d31aa80447067eebfa3e900179171e6e,b7e60455b556f2fadf79fb03a2fbe2c77b4672665d31dbc603e5a59460c55315,FORENSIC_RECORD_VAULT,demo-key-a27e431d0ad1,b6d8891bd610bee8155f7748936736cbd7b1e7ac104419a6269ee56f44cf4914,56ba55efdd722686fbf38e86ef5c5df19c2fed573b2750a76814c75b8f0bd85e,P-2026-05-STEP2-ORACLE,17,76fec0325c3f84becf75286c926d17f7bf0d77760475bd6aee0b17393d66c60f,919e2ec9b3bb219e1b18c07a63b5ae5d304bc8b0760f6308d399195259ccd73d,feed8a164e224cffbbbab6cd9cd21169d180676601d05119bfa25ca9fd76b29a,true,false
REQ-000842,553fe77679decc32f66d81bb,349c589e562de93bd02a2e6f,798b347520a2114c0b310f72efdddc106785282032c7e48e4cf7506065951c27,705ae486200fd3b3fa78dfea81b4f5ba457a719c934f87906fee56061dd13359,FORENSIC_RECORD_VAULT,demo-key-2f8689b230b2,bfddfc01d28be6c7b154e3502b110aa494487f167018fcb28a9ae52846525901,568661321bd8bee21f0c69c6e334e99441c2c905ebb9a1dd37daf2fedcbd8306,P-2026-05-STEP2-ORACLE,17,76fec0325c3f84becf75286c926d17f7bf0d77760475bd6aee0b17393d66c60f,8bf8a218e7314149d341c9fb19ec065a99422b892c59db554e7b2a35f6807282,abd534abf594024c57f52fe521041971c94a8f5cf804e5479fb2f3f5a0c8a53d,true,false
REQ-000843,a7b62695b85e36e1524ccb5b,17d7159145f50b412627e6d9,b806a1de1f4a7271b594fff116f9dcf2ebc070a7a6d0cc72946e87152dbda1f6,dec97205996d5c74ab42b54afbddaa2921b2592eff4d8b84ec26557cabc573c4,STATE_POLICE_RECORD_VAULT_B,demo-key-a24a960f31e9,5bcd5c2b1774fc3ae6fd1252a2eecefec8965801476ad27c51e3a212fd5625f2,8cc170d0d898e46f93e685722492db35afe405c75cd9a008470b5b4a2fabd640,P-2026-05-STEP2-ORACLE,17,76fec0325c3f84becf75286c926d17f7bf0d77760475bd6aee0b17393d66c60f,07209f51a2dfc2453778f84185ac4dcfc142ce0e39e075e00452f00de32ce209,9fa34e7dc3357ac37ffdfb35f60dd6d08bdf7c68df39ecddb14c62bf747bd3a1,true,false
REQ-000844,22934e416c5fb7d3a1737ee2,b82b60930250d33580375933,ffa4d91f2486fa9634811923ef43be080140b73a9539f5be2d3b8290ea662c3f,03212089bf619594b6a4f55e7e7f54d26c359eee32bd072449f74f8e5554c5a6,STATE_POLICE_RECORD_VAULT_B,demo-key-a27e431d0ad1,c8d9bd23331c095f3b2d62b13f968635afb91cfe922559f463036c797686b67f,ef6c0668ac652b6bb61f07f3b5eb13a03c8255e61d48011992c47f646a0b5a5d,P-2026-05-STEP2-ORACLE,17,76fec0325c3f84becf75286c926d17f7bf0d77760475bd6aee0b17393d66c60f,44b054fa1baa15c81bd1af8efff33d1d0c594dac81ede67be367d3d80e65ee5f,af601578438a8456af911865da99a78a11b7de1e04ef1d9a2b56316dbc780af8,true,false
REQ-000845,cc15b0789fbb4ed267c3ed39,ab7399adbd798b0b7f2672a2,3d14bcd028ed63c770dc68d3e0140a5f977c48e3ac9b9b7cb92025b5ac9a46a1,1580af7ffdd469e50ae439474bd5e235f3d4ea7cfecffc677663ec3ac2114cbf,STATE_POLICE_RECORD_VAULT_A,demo-key-a27e431d0ad1,a00e20263f31c062b9d530e9e8edcc77433a6ece50e5ff07cb7d4c54255f8573,34ee8d517bc524d965f83fd3d13fa6480eb4cfba462957fdc6c65e8c102a3386,P-2026-05-STEP2-ORACLE,17,76fec0325c3f84becf75286c926d17f7bf0d77760475bd6aee0b17393d66c60f,bc8e2f4d7da6dd930c3c7c66435c80644e150407dd455e981ee426854031c752,f7ceb1b86822f923ac33f97c05e57b9aa234df796a813b22f1bdbf948c0a9797,true,false
REQ-000846,1401f3e1054a0aaab0eeff1c,bf7fed8196b2e020dd143c25,7fb8faafb0b41067b143cb606945e08df2e7a9b3faaa9dc9fa1194cdcd236831,a004d70aacecbc99084233dda6f13da2ddadea1e71c32aab28c6d5a948651648,STATE_POLICE_RECORD_VAULT_B,demo-key-a27e431d0ad1,1f2499437dfd55f00b618a15698c3f76de8ca787d7237460e53985278c6c219f,0871f1746dcdd47feb82e50e754402e49901ec4450a70231ae5d63c7bf799f69,P-2026-05-STEP2-ORACLE,17,76fec0325c3f84becf75286c926d17f7bf0d77760475bd6aee0b17393d66c60f,453a1c50ed90ca1a051eaebe0633f72669eb11fda939071c28a87ccaf9770843,dc682d51a587234a4c09971e9a360ca1866c61f0d5b0258b02302be9a415c6de,true,false
REQ-000847,c0c7c557fc4406e62263bc58,edcc77ea4cdf05f134381292,c32a95c4b08351b8d7eee27c7bb69903fd64ac886dd5a9fd2e86486d947ccb2a,630de6c7f782786b808b59af47f3f75c332a65b8f06b86716c6bd30a0a2c4550,PROSECUTION_RECORD_VAULT,demo-key-a27e431d0ad1,e8c2150dafd0828552d32ab63e9abd550cc819d59ecd20ab7fb4f5c92dbd0ce1,18b686e00b320b891258b2d8ba5acc3e00a5d8ec1777533ec1f82df176438c64,P-2026-05-STEP2-ORACLE,17,76fec0325c3f84becf75286c926d17f7bf0d77760475bd6aee0b17393d66c60f,1057e748a7b913cc22950ae238abd4357ba501fb94c055ddd94965679f617c15,78e945ceaaabe18d83d6fdd8533f4c066940f7907da157aa64d46f4df35ee6dc,true,false
REQ-000848,8e67f9c2d6007f18c8de9209,578bb931b348c545e3be8c32,cc1737bc164651994db6257102a93e3b1af74e219d84ab218ff7445c97c524a6,ec2c289dbd7f4e35c994b11eda28296619844047ef4c09e245f9b4f19eb7fcec,FORENSIC_RECORD_VAULT,demo-key-2f8689b230b2,1d3a1a8cdf29b97cafa4ea14c1b286a5723353fa30d702431db8e252abc5a8f8,145ebadd0222e529c62a10b01b59719ca6e7314e1ce604c07f0b443e391d44ad,P-2026-05-STEP2-ORACLE,17,76fec0325c3f84becf75286c926d17f7bf0d77760475bd6aee0b17393d66c60f,86aac79023d794f417ecbad00bb12279a58491ac0c6a4108033d180f1b3fe37a,a353d5b5ea150813dbab962a0be320e98b29063ef227f6ee5e795a740acd16bf,true,false
REQ-000849,71f432c3cd7c3375e794a73c,d5793a98e554abf0c28a3cde,01a3cc45cf09ad8c159cd40d2e4f5c483a3303eae77aae94537e4f0489ca1ae9,5f056f74077e57b9488e3c7bcba6a7ef3a7b3fc4781636ca242763dddeea500c,PROSECUTION_RECORD_VAULT,demo-key-a24a960f31e9,e905601247c9014b11232273a66004e29079f28b139c7ed8fc5e4f90c2291b4a,211797d47df3412773cc1507bc328fedb40030511e0678cd483888bc4c87345c,P-2026-05-STEP2-ORACLE,17,76fec0325c3f84becf75286c926d17f7bf0d77760475bd6aee0b17393d66c60f,3b695e97afd50d652140dc1a1b1b8bb3fee0c8340a388d13738486f4b7536e9c,600c7ab9375b32a5629d645e20469e3c0af7a2537c8726231d6cb6405857f59e,true,false
REQ-000850,9ba3222b46677adfe4b27463,b6c603b6e7a168380ccc303b,356d3ad5cccf506b5fc4306f99db4f597ed534e9da06ffb4622f16cc04a0c35f,a6534ffcda5da707e14d759c3a44fe68e860a91daefcdfe248ebea660e9d6c0e,PROSECUTION_RECORD_VAULT,demo-key-2f8689b230b2,7a32649e27a45a01362592623927893d91cc764c59839f398c352469cda02768,0aefa9dd75f911ffebf4dbe6f2017b1e993ffedb3505c099c7d7d6976efd42d3,P-2026-05-STEP2-ORACLE,17,76fec0325c3f84becf75286c926d17f7bf0d77760475bd6aee0b17393d66c60f,2910d17a43f0b7075708408be7d9ae5439089c5c0bc17dc60d6d97a733d682e4,80156733d70132d6f75bdd45b543aeba88f0e65e37539aa3da184e7f38388849,true,false
REQ-000851,b1ef8bd2a5615b92e3c7daa5,cb623ff6e0347f3210d5661b,03cc9fb421eee3bffc8333f86d29f16be1f6390982c7e4035db8760ba2ec4873,d6ab18f2f351db84fbb0090e4be65de7f91d00848b8a8f8c2bd42f992797694c,FORENSIC_RECORD_VAULT,demo-key-2f8689b230b2,ae16be8b38fdb4c2057500eec3f838b8b1d43161f2511a7e9be649c26d57457e,1390b3586dcec9a7f1e9d52b879d39f28851573188f648f19648d4ff3dc2e09f,P-2026-05-STEP2-ORACLE,18,bfabb2ef2963fd2ae56fe6bb6e927f4f81dbd05e36ed23a66f36c4d403a6f590,75adecaa1ab4df893070e46993870fbc7331feb96be52317da43530c189557c0,80b8755de0366cf0f6a436c9c5d1aad8785e9ee1311f82bb9b1d87d8b5c05188,true,false
REQ-000852,227c461d84e121aa1f3cf1a9,8d347b64594545d6b28bc671,35b841e5b355f46f8d2e5aa66f643b86e1685390368e95ea2cb581fe8061ca6e,4fd5047c880a341ef952cd9cf80a6589223c9c511c2d41f69aed4b31be5dad70,STATE_POLICE_RECORD_VAULT_B,demo-key-a24a960f31e9,257fa3aaa21a07e7fab412fdeb0593b1fe9a0917763f696dc155aba9748578f3,1b034c0df87df473f0804a7c4084d9a93c66772d62383fc1d29b3b0c8449f0ff,P-2026-05-STEP2-ORACLE,18,bfabb2ef2963fd2ae56fe6bb6e927f4f81dbd05e36ed23a66f36c4d403a6f590,a039f63bccd6f9311349fd3e757e243807ae2c9f7dd2de517ea4187831273c26,bb1385302b183b5ab388973b552c6badbd4557d476cc11ae91431fdcad56603d,true,false
REQ-000853,843cf898ec16befab9bb0dba,a541105dc3f639e575e99053,ecaf9302687cb473be40a7ecf9eab0869f46fde38ed51a1241fb2760d27a14a5,197e4fc73a270f35fd5db4a23924c1a6f6ddb297ed1ed1fe79e46fa89e003f3b,STATE_POLICE_RECORD_VAULT_A,demo-key-a24a960f31e9,67643b172a8a72082cb82b84bb0ed90264edeb49201f6809e51e54ce54fdbf4d,1710c97010d45922e799605a410e702d51abdd86b6af3ee190b01ff5e2d45ffd,P-2026-05-STEP2-ORACLE,18,bfabb2ef2963fd2ae56fe6bb6e927f4f81dbd05e36ed23a66f36c4d403a6f590,cfe1395f2f94c33bd62850bd300f186944066a82b2cf2d42f7c089d84241e50e,6a4dfa76258ab911406a4518a3c6322a8dd136b8e92bc11d7e3c657419321e10,true,false
REQ-000854,9da541f8b8af7d40230d7193,700666b16f07f48b0f576ff9,15c0018f2a847d0de2c783f415e3a961bde23446809febe412cf6c81435709de,a6e493a3cdafb9bcd896f8ebafe19e54b262c57f622f3910887c8ab34075da11,STATE_POLICE_RECORD_VAULT_A,demo-key-2f8689b230b2,fa5928e83bd41e39ddbcb26c8a9e049bf2bb5713e9f5a460ee334d2f5a14e0e5,c2af75bd39706d1cb145d76f8627115ee7b11823ad169b319dfd88b0e6107d73,P-2026-05-STEP2-ORACLE,18,bfabb2ef2963fd2ae56fe6bb6e927f4f81dbd05e36ed23a66f36c4d403a6f590,3147f7d76623ba4ace89219d2c2bfad66b3ab5368c455773c0bb7e3c8b1855e2,26dc4e743bcdef92001080282548f3f67f878fb5054be61e7907e2d3b13a747a,true,false
REQ-000855,5cffb8dc75d9d131aa574db1,8f31ad214b2c018355ea1289,f1d6fced06cecaa0e6d1b8bc354c1d9b8ab7487d6e7c986d570938e7db52ebc0,a9e5371e03ac84e2614915a892d6bd7e3d0f010a8a385e5177af33a20673b7bb,STATE_POLICE_RECORD_VAULT_A,demo-key-2f8689b230b2,9c16d0cc063c2e92a3fd09c4f05a02bbde0b8bf788d506a4a50c5e92b01bcebc,ac59adef1fb96cfc18801bf6a15983a859d01a7c99fb9a41043b4d6a67b74742,P-2026-05-STEP2-ORACLE,18,bfabb2ef2963fd2ae56fe6bb6e927f4f81dbd05e36ed23a66f36c4d403a6f590,83bd666eef7070ff354b55d782747819d1a470bbe932e11ed073c55552fddc74,f1aaf6382d7d73af7310ae0ca7cfae807d7d43a3f27b4fe90e8b52ffc5c2cb85,true,false
REQ-000856,fc530ff7f7f640ebd76d5d3f,b2a044dcbfdf50868dda1cb8,3d49c80b91d7901362796721bdb848087bf287aaea6033f71c848bc53d33bb9b,62ddc5e3d5aa417fb3aed306852232162d7e459a6c91493f7de8084a36e68de9,PROSECUTION_RECORD_VAULT,demo-key-a27e431d0ad1,2f0a579bad7d10bc703a4d25f1e7f718626a11a9feb391c2b03e023ac279ed94,6ea0cc30e7034b8b2bd35d8c14208bc17446f2095358f7444053c30518b18901,P-2026-05-STEP2-ORACLE,18,bfabb2ef2963fd2ae56fe6bb6e927f4f81dbd05e36ed23a66f36c4d403a6f590,9e18d7b8f1bd228e0911ff16393ccc0a8df002ba1d4c0072ac68602bb702529d,769364ddd4747d736240b7537f7f977f840a8c429d84a9a980f51df374a50ff3,true,false
REQ-000857,957a61b122db170092250b9c,c27cf612228c1f492343e9be,605a2b33c2fa0e71646a8b4696f327f2bdcec13bf83e7f46ac50c79a448af6cc,e273c12bc6433cffb2ebff89eb29f21190ca8e624ef8359bd3b8978580412a05,STATE_POLICE_RECORD_VAULT_B,demo-key-2f8689b230b2,d8d5fa97404ba05712b26a2d5e4bf8e73e9866e3322805255d6f3f70b8e1a999,12b50d468d1883bd204211c369712d6f520c57603aa1b598e807c356773d794d,P-2026-05-STEP2-ORACLE,18,bfabb2ef2963fd2ae56fe6bb6e927f4f81dbd05e36ed23a66f36c4d403a6f590,b5f9e413c98045fb80489329ef93d97739c2d80e6dff382a9915a63d4ecfd3a2,b474aa9e0f26bd6afb26e2c7fcedd3b89fc5e741ee90c4fea874860f58d06f44,true,false
REQ-000858,118bf6e235079ff659306fe5,3eff4d63eee5bdeb00e91c71,5da5ad4e0e3288948ad4c6f287bc6a0abeeeb87a5645a4d2a6874c910b3419ea,c96f7917d6e8790567c25279db8cd761f213b3ed9c4b0108d31083d41f8ac6a9,FORENSIC_RECORD_VAULT,demo-key-a24a960f31e9,384bc82f090d5421370627ec1e1ec4ed7b0ca76f82b01917dcbfb17c75a780a4,7ec588b012e093bca53d948785b6083c3b8074d07202569cdef56e8c29685212,P-2026-05-STEP2-ORACLE,18,bfabb2ef2963fd2ae56fe6bb6e927f4f81dbd05e36ed23a66f36c4d403a6f590,b866d5c431b7046ab98ed538af8e5c11b13eb22043850dea5ea3b04b5380c980,71382effeea91c5d564869da9a65237dc6f40a88cbc66b8add9d24c1dd99cbaf,true,false
REQ-000859,4c70d73b13a1a3705ba4515b,e90aadd386492f3a7d3a7245,e626ed07a03ae464aed0b7c3121d46f7256612c7aef4b97164dee237b576d19a,21e878f33acfa27deaf55e9f8416dd32e181276e182c0b395e90fbfebb3df384,PROSECUTION_RECORD_VAULT,demo-key-a27e431d0ad1,2245d0072b2d019a0c727896e90022f9323e146c7180eff6806d3000e6a984f1,6aa2d084e12c1c2df225eb57bf5c8be53151742e9e803377e5d92a5ae214f2e5,P-2026-05-STEP2-ORACLE,18,bfabb2ef2963fd2ae56fe6bb6e927f4f81dbd05e36ed23a66f36c4d403a6f590,be78ad0c0772ee180b2780a6134ba8dec5f1c6037b7702de76b4449127efbc97,a3f1d7db157945db2722a706c0dba9675b937081cf986c3d39bba0dc0abf20ff,true,false
REQ-000860,d5992de3faed601edf297932,afa3a74e9b798b919110cc57,1dacb2c3f68ace692374f791f336be930811c6756b497d5dab80c46ef15b7fa9,27d3d9b5416c47a658e52a0f50d5c4ca5af877499a7c94927f161d54a175932c,PROSECUTION_RECORD_VAULT,demo-key-a24a960f31e9,ab3153195bfff6ab73ef326d6cc898456d34e5e24a8db8ddea9d08a9313fb035,f56a9096654fc76d3320384d587e9750033a6fb14321f024f554bf95c2e41cae,P-2026-05-STEP2-ORACLE,18,bfabb2ef2963fd2ae56fe6bb6e927f4f81dbd05e36ed23a66f36c4d403a6f590,eb621aab4f3a12ff3e90eeb722a215174b81d7d684923f7acf5e484ef62e982c,187f39eceab369b28112fbd0d82132b9b705b16a8a93ba29c7d87ed747a1dad2,true,false
REQ-000861,24b2390d4286ceb3b5cac194,716b2f695a3e6b8fed47e265,fd699926c5ace2b43227f16ecb2988f524ab9f5bb57766b41747449a3d1e08b2,00b3a74cc25a13b08fc55479b5d2d612b3a3af3571d452d8a9f3a582b5b38616,STATE_POLICE_RECORD_VAULT_B,demo-key-2f8689b230b2,5c8476cbfe0e6f0e70f8461604b655fbac1347a3351926a8a5e6ff007b1a4a55,fee96040528844e1a46992e6c7ea471b528fc9437e85bbafdae44c0ba4f27803,P-2026-05-STEP2-ORACLE,18,bfabb2ef2963fd2ae56fe6bb6e927f4f81dbd05e36ed23a66f36c4d403a6f590,d8ec5465b297ed1c9188f105899b16d03cb44394cb75f6fd31721c50ecbe93ed,59b8ff0a76a19a0f2b1db11ba66dd07b4d69a8ef6b4bbfa856ed512e9fbea002,true,false
REQ-000862,db675945c3a004fc20e2e374,95d52a2636cf7bb1883ee80e,081ad067a0b31f05862928fbdd6243856e001ac509ca3cc08bc5d5f62072fdc7,e7f0645377070dd372e3a3ee96184ad1030253b84e44b45d6a7167755b6861a2,STATE_POLICE_RECORD_VAULT_B,demo-key-a27e431d0ad1,81ffd2dac5b067477f83bf8492453fcc91c010fc106fd23521065bff3bfe3cfd,019eb71de9c0d3c14a850279948035fa19f44d7063b3e93203b0926bf5df1634,P-2026-05-STEP2-ORACLE,18,bfabb2ef2963fd2ae56fe6bb6e927f4f81dbd05e36ed23a66f36c4d403a6f590,ba6d5cb0a8e63b0dee25ef1c7d6ee4be7f53af750b62a60021f85190a3d39ecc,3fa684513ac21969c23a08c916d87bf1c9ce5e0ffa1919ee15433ca6f7d6314f,true,false
REQ-000863,3280828e601e84ca37579d0f,ed46250c3be3a089ce1f8a90,983621e5e7b0575e9adb8444ce2ea0fdad3ea822abc9b8607bfb73043ddbdad6,463a1e329fa673e31ae46467846402cc5818c661fb4ee356384483239b7d6441,FORENSIC_RECORD_VAULT,demo-key-2f8689b230b2,bee63207332a1d5a8b19043dcdaab51f5bd628100b11b636d91f7fc2c751e7cd,ce2e02c1fd9d9151451b73cfb8cb68f2522eaa39d5de059b38dbe9bab8387ae3,P-2026-05-STEP2-ORACLE,18,bfabb2ef2963fd2ae56fe6bb6e927f4f81dbd05e36ed23a66f36c4d403a6f590,32437690bcd2edec5d689c4b5094eaefeae70e1047335777d018eb5e1ec35bf8,c0a64a8cd2ea9de7e965467eef02aea6174466e7fd6636d83cd52915e7ab6df5,true,false
REQ-000864,0ac94723ae44317300f73044,f9569ccb4b2f73a54c984e91,a6fee5abd4bc6dd2b16064e67e82de3d7e3079dce1b9133939e84dd73f698fcd,de70d3ae6645df4f086908130dc2de2ce5fcc4e438ff046fb7c1899d666262d1,PROSECUTION_RECORD_VAULT,demo-key-a24a960f31e9,7e6cc13d6b3d599b0b7c5f625337e8d010108a164cf9be217cef95eee369f5d6,b204f8b82ff8f3eb2e30bc9dc9b14b610e9b4eceae0abb6cc10572e980948ed7,P-2026-05-STEP2-ORACLE,18,bfabb2ef2963fd2ae56fe6bb6e927f4f81dbd05e36ed23a66f36c4d403a6f590,615ef9eb02008341ac17c470b4667ef17dfd9ee0f374c2d7846f548d51f8e574,ccfd91e34999b1fb35445fb599a232352ea8ac6bae47bc7833fba7ffe2a825ea,true,false
REQ-000865,8a1855c9f0da9b257d4efc0b,0fb35f34d79b9cbcbf76f81c,3ef2c7e41364724539b8f376faf00784e53c6c26ddc6ab571a1b62c1f8b67d00,d17dd565deb748d634719a8c8be78cb8c3b3d1040ab7313d9aa161178884c027,STATE_POLICE_RECORD_VAULT_B,demo-key-2f8689b230b2,9fa1934e3c7ba0c557469ba67c23f2b347a61d4b2cc15ec3b209efd13888d25d,b29779d46b69a15a81e94e915d4681004bd494e4e422318c17a3b2f6c881ee67,P-2026-05-STEP2-ORACLE,18,bfabb2ef2963fd2ae56fe6bb6e927f4f81dbd05e36ed23a66f36c4d403a6f590,98ad4a4d2abe4c0ac547417289dd5ebaab120e8ad0f9062bcbab2dc7037c647e,080287627c723c985607a000fe38609bfb8c29dfa47e507ec5b517fb2c8076ba,true,false
REQ-000866,0e3921d29d1dc93c0c973b8f,b928fb3750d559f2a78dfce9,97deddbd8fc82e8a9e46b9190afc5d1727c08a80100d6a324b9bf82f74b30bd2,b61aae96ce41bcd941360a2c011385f72c2ff25f3488e345a4c88feec845ecde,FORENSIC_RECORD_VAULT,demo-key-a24a960f31e9,af05ecfb749bdd75ee3242a1a56bfdbc57b1a3a2c1409d22c3493d745c9201c0,4f0946e649cdf5c8782aca41a8de6c9abfa5ca5bd0d4efb9a36d8ec98b4e9ef1,P-2026-05-STEP2-ORACLE,18,bfabb2ef2963fd2ae56fe6bb6e927f4f81dbd05e36ed23a66f36c4d403a6f590,c9dcf33a8dad7f438759c23b305c45a08b96b8eab0fe3af15d050c53c3080f26,d5b23a644731198cc41183c24c8c729f559414e71dc0d5c48b0283dfcfe58493,true,false
REQ-000867,bb0ee20c0620d29fd7232596,0e365f064a0cefb61d7ef9ed,bb5819d53694a6b4b28c159696d0cab788f24b8e3b953eda2d03b2af1647fdbd,7a56eb647138b689e63f7df63b400ad320754e231f217185d982c313508a2513,STATE_POLICE_RECORD_VAULT_A,demo-key-2f8689b230b2,7732a88edd79586ef00c702679feab6af8467faf4a33a358970bc8774a47639f,8dfe939a0676167b43f87438cb44e55f604ffbd77451c06339655d713fec9201,P-2026-05-STEP2-ORACLE,18,bfabb2ef2963fd2ae56fe6bb6e927f4f81dbd05e36ed23a66f36c4d403a6f590,0d8e6a6d59fa1af93648aae9bc5b98b5f6c8c1f290dc61e30fa585bae86fee04,cc7b845afc5129b337e9e40d860e34b76476abcf2f14d09fee945fdbb60632be,true,false
REQ-000868,081f8b348eb32537b20fc451,05512921708da1820b7bf6d6,1252de41132fd4b36c9d702dd85157bd42e67268f69f36b23a22801f7ae2dda5,5e3bb6be81368b9e94307f22631477c13ab65a449840027edd52df49c9a716a5,STATE_POLICE_RECORD_VAULT_A,demo-key-a24a960f31e9,7dfd8233a0d9234ec623096e4739c84067b2745b8f3540cf65ea61a73e8d9ef9,4e18238b10ff2924190986d802294fcf558d7f35a82e64c739c5ef2406838efa,P-2026-05-STEP2-ORACLE,18,bfabb2ef2963fd2ae56fe6bb6e927f4f81dbd05e36ed23a66f36c4d403a6f590,0c7d9740488f7041dfe477f7852feca4d8c72ecf2b7a7d354ae98b53750bd4a6,8b4668eb30e8c13dfa000bae4eb308e6179a252fa75089b880e88d7597899ad8,true,false
REQ-000869,0e67d609ea46cf7a4eb4513b,8033e0447fa96b0ea6405593,cddb1cb30c8e2edb69ce3bc5f8eaac33565f5c1112c2ba97727d0d29220907cf,15210c5f74ca1ee8866b447818fc1132fcef9eca982a26d3453b089a076b5445,STATE_POLICE_RECORD_VAULT_B,demo-key-2f8689b230b2,813bf8f66159673160f365027b31f865111e030930e8546c57105890e5b27fad,939813a0f41434f85acbb4b07c6831deaf74921c5397811d556b420323412513,P-2026-05-STEP2-ORACLE,18,bfabb2ef2963fd2ae56fe6bb6e927f4f81dbd05e36ed23a66f36c4d403a6f590,b839b3faa74de5f41438699be1a8669529446350c7018315f2209e5934409c0a,08f0dfc248dfc993634ebde42aaca3e6ea49de1217dcdee069b13ebc216b9729,true,false
REQ-000870,427ff405218f63d90bc57611,e1dddbea98982f6a0108fd20,005c87e3ed25c73500eac75383b3eef5a6b9d4ac011f1250297951c8188e363c,263a8920074c9d540d67ab5d5f15a9f4d4f9ce5390e4920e7bcbf7fac7047a30,STATE_POLICE_RECORD_VAULT_B,demo-key-a24a960f31e9,115657dc7430ed5ca6c8b85bc64e284862c0ff934e41b79e169ffc731616161f,d7fbad0a8bf496f12dd805077638133c6027fe44329c8b8c4bed13357561a47d,P-2026-05-STEP2-ORACLE,18,bfabb2ef2963fd2ae56fe6bb6e927f4f81dbd05e36ed23a66f36c4d403a6f590,3014e80ce30bde0ce086ddaf09bd1bcbd3255f7acba5f82590e6516ee62a094a,60067612f7414c3bdc3874ac33bce232bb4af53a09ce0de6e304625015024849,true,false
REQ-000871,75f04acfcb1add0751aa6da0,96156321032e3e8f94fadaea,2ce919dc22608fe0c0c3406075a164d452c7c10c38449d6a062d7386ef88c0fd,8e8fe52d60ecec23cb42c577fd7d135d184df5029b08c88e573a2481d1313aa7,PROSECUTION_RECORD_VAULT,demo-key-a24a960f31e9,ea57207aceeb343ff0f5a6a21e61adad9c9d477cc3e02e119fd05d6d737f7ed8,bf4dab43720bc1a85c20570a3d6384dbb0d72d814114a40939ae4c4d86caa0db,P-2026-05-STEP2-ORACLE,18,bfabb2ef2963fd2ae56fe6bb6e927f4f81dbd05e36ed23a66f36c4d403a6f590,9066856d3a950f6cc49c02e03bcb0ab9308eef32d2bbd8d22bbc05916d216c35,3b755e58424f39774ceba782af4d5f9ea357866431e1113d2d0bd74af16774f7,true,false
REQ-000872,08885d987fd222a58c5328a3,4165b3ab192e971cd36f6628,9885fc84bd61944929f1ccd84663625123d6e765d385e18aab1421a9b3a690f3,e919b7dbf2bc995f86a5c70b793d4c3a2b04802bacb33de0456e26cfdf969924,STATE_POLICE_RECORD_VAULT_A,demo-key-2f8689b230b2,ff46a85f2993e165605b6489d6de7b5c0ca68a3693327997439efbb707c5476c,954cb80f2d5b7a06e991d4d20403f0ef17e633c365f8ba9b5df7ecc0b58c8786,P-2026-05-STEP2-ORACLE,18,bfabb2ef2963fd2ae56fe6bb6e927f4f81dbd05e36ed23a66f36c4d403a6f590,27cce66e7b36a7f753e091f739daccc38aa23dcdda736875b294d839efceba90,8cc8584720b747211236cf3331e971d121cb9a942af486b4754f48b1bd9c91b5,true,false
REQ-000873,619c64e8eee97cc53178c989,5584da39e1c20431c5dbf766,ae3e8d20b059307d7f4d82d7220607b60e6ce0b133d2ae45077eae93a3d51f04,c123020db2782accdb9146f1a26729696f19f2c01abd60c8dd7655a0f2f3bdd0,STATE_POLICE_RECORD_VAULT_A,demo-key-2f8689b230b2,6820901350ff6a0cad96e61d9edbc9ef34e276a14b7d0ed516cde4711581cd66,f1071eb82bd1ed3982d5bb8a23dca2a0292183c506705111acd04684dfdb3f0c,P-2026-05-STEP2-ORACLE,18,bfabb2ef2963fd2ae56fe6bb6e927f4f81dbd05e36ed23a66f36c4d403a6f590,767f3d34dce5bca38876931c67a8ecdebf3dde230104c6a8a70d4d5679f507be,80cb2882d849b3bbe9312073842dc389f375601cdde126af116ea7fe89ee4a84,true,false
REQ-000874,ff9622bb7b9b3a8b0b41797e,a131bb8602093385941f2cd5,e4d0852dd3ddb818bc30d243d675f680960fb9b41205e4bce07c3da49c7cd5f7,8e4185d699a824f26eb67436741191062352bba4d5196199839f89a17ca73035,PROSECUTION_RECORD_VAULT,demo-key-2f8689b230b2,eda7a45a67f17b778615d5c25145c7e2b8d2746cb220ba1a9a75d36e1f1c30e9,c733dbe144069136682dc4894b246c268694ded6c4382a5545d54129509aa4ff,P-2026-05-STEP2-ORACLE,18,bfabb2ef2963fd2ae56fe6bb6e927f4f81dbd05e36ed23a66f36c4d403a6f590,e141672ed71974bf092955d3d75e88ea68ac9c661bcf654ec76814a66d134170,7ddeaf7a2d0a9f3989ee41f4d295ca1c1ec6c7a05cbef573511d2b820e1336c7,true,false
REQ-000875,dc7ecde6650882062908b0d9,3ce8959124fa65393d24eee5,f40572dda94b4155a06227437e418238a3f3b846061b32db02065f7cdd1a33e4,133d550a49521e7db65b840d04778dbc7b7e63921269ab7616cd768efaf192cf,FORENSIC_RECORD_VAULT,demo-key-a27e431d0ad1,2b69e3f2e3b48d0f15bad327783ae96e5dbdaee2d81db420dd5648f189ba4597,3dc8a6bcd3e3dc6c4e084dc401e365a857373cab12fbc5f91ff319e0946c97e6,P-2026-05-STEP2-ORACLE,18,bfabb2ef2963fd2ae56fe6bb6e927f4f81dbd05e36ed23a66f36c4d403a6f590,a099ad1dbc65382fd3fcc5666ab7a6b70f938407b1f9d7a2056d13576c69ae2b,090df8be142a96439227f92af428640eb520380679d1c864d7a15af79727b46e,true,false
REQ-000876,f6d31e1673c73f753e7204d6,9b0203d50f3ae993d3606a7c,37f67fb90eac47cac37b4552f5d1dafa19d28e005aa9e67bf138919bc237d146,e05d16c599566412076e6c3ce3e6911fbb4b03e9592380962086650af237ae4d,FORENSIC_RECORD_VAULT,demo-key-2f8689b230b2,7e3c6087da39a3e47c1f0a8b37942cd9757528d38b1b6242cb26f8a85e134916,919403693083af93a0a365a9c78a3a4d12dfe154b64c1dd4c02264cb4d6a791e,P-2026-05-STEP2-ORACLE,18,bfabb2ef2963fd2ae56fe6bb6e927f4f81dbd05e36ed23a66f36c4d403a6f590,dcda16c44275cfb526a929bf01b1b21e6d6147e6185d1a76f914f479eefcd182,6498f05e708e421497efa900d211d011c2e2e102d6e8b234cd444e78e66ea1c9,true,false
REQ-000877,49e726acc09722614f006236,5265316e686577329f0ade45,72f97a5143eecae3451e380e4a03f98d95e15f5dc33247b809747a5a4cec98bf,f83d9c90efb3d33198f72107e694d86d1a058b6718ca7e210579e50f3fbc5119,STATE_POLICE_RECORD_VAULT_A,demo-key-2f8689b230b2,e4b3e4590b4a6ba47a8560ca3d77321b64d865f0cb66d0eba452cbc8a6920b08,a291215d31e59b96d3a4f4b1c025abde221387c0983c685a757f7d4d9d3813d3,P-2026-05-STEP2-ORACLE,18,bfabb2ef2963fd2ae56fe6bb6e927f4f81dbd05e36ed23a66f36c4d403a6f590,c7c89eeec6d38a8971cf576d7d134658303627566f4c59231b63c63a606bb869,b67ef93902d1ac826252cf262ce7940060ea9f324eb47edcb3ac26ed2d01c488,true,false
REQ-000878,b011cf5ae48f4ee0fa784772,d86a9cc13aafd60eda7c6a74,83053e1be844e2a278769fcc34722f7d621efbdeffcbb695e216750b54ad2da2,b78ea12fb1f717b0c4f5bee76ec26703aec556c6606015b68ec97a28a69d1fa7,FORENSIC_RECORD_VAULT,demo-key-2f8689b230b2,795bbb70a82b320c89ab09cf4a10f0e7075866e594892bf45e0e6d3c54d82e47,ac3bd9632d8f64110acacb0a58c73729f6a3809315ffa1cd2c5b7e8e6c2c489a,P-2026-05-STEP2-ORACLE,18,bfabb2ef2963fd2ae56fe6bb6e927f4f81dbd05e36ed23a66f36c4d403a6f590,aa77108eec1292ee260f8b35b0ce16ef8dd214b1a51763f6511e2c86a0a09e9d,2707013e54bf7509d381703002a1aa33d20c29dc802d6f1ab92346c0d4ed4d63,true,false
REQ-000879,6fb0cf095de8d0193608d4cd,27712ea37fbe12ee8969ea98,827c1ba82ba2b37c38a55a1f7a811dc14c0ea3d4076b0ca550a1c92827ba63b8,26cfb4ec21a5ab434b74d2d571167433d9ee52487bcf319a4e16a22fb86e9898,STATE_POLICE_RECORD_VAULT_B,demo-key-a24a960f31e9,0d975d7d8631b2c2e306f5213ac08c2d0bf98a807b7aa59496db254d2e656d01,cc6f65d1953eeeedb3620cdafb91fa9ceec3aebd1d3157a6057eeff568ca5fdb,P-2026-05-STEP2-ORACLE,18,bfabb2ef2963fd2ae56fe6bb6e927f4f81dbd05e36ed23a66f36c4d403a6f590,5a5df266892fddcc3954673551cbc7d97b43d3e464148b816b93a631deb1b744,3330e82b6d1b10ef5eeb396a5831b2cfb1229eaa0f3b3e4f1f31cd63f28477c7,true,false
REQ-000880,7d143f54dd071d0e35912d44,3ea35bd78b3866576bb76dfe,cb5bdc31d704c1ba4476d4173be39720da62d481db22fb51d755cbcaaf7dbbac,42d1d92f5cd32565067ae0c680deb5141af97b60509697983b184531af310d5b,STATE_POLICE_RECORD_VAULT_A,demo-key-a24a960f31e9,52da4b12116ca004fccecd5cfb3352880e5683ee0ed6d341611f61ec170c654e,cb568ff393c1fe3c4ac788b92b4f54e257a98cdb57346225b4112eab39f172ec,P-2026-05-STEP2-ORACLE,18,bfabb2ef2963fd2ae56fe6bb6e927f4f81dbd05e36ed23a66f36c4d403a6f590,c4c5b747e60d51b31b30cd4e2741714d7daf53b67e7eee3d64c6822968117f31,d9d9d97bdc7254f412a053549a54e84ab3c4c2bb526183838a0f8cece2e7fef5,true,false
REQ-000881,7e1af28dadbf5d983261b8b0,7a093dade47030aa1695a558,deb8d47196b87418a1b20208d6cfbbd614a30c1dff636e112e826502ac220523,5cc6cd997eabfa08ad04850e7bdd68e4263f566c2fd1714dbc5bdcbf901ef210,STATE_POLICE_RECORD_VAULT_B,demo-key-a27e431d0ad1,2fe2d93fc56efcff06a76dfb7e25cefa4f026720e44a6c249815fdf15e981fa1,1a765496fca1131fd035486c865b1ba508a10cb1960cdca72ea3ffbce01d20a5,P-2026-05-STEP2-ORACLE,18,bfabb2ef2963fd2ae56fe6bb6e927f4f81dbd05e36ed23a66f36c4d403a6f590,6adf32c5ef7bf227af1b88822b4e9676c8648f2302f973cf4ddd83a54d54b089,a747c1b8dcab974b28155ee5c590ce93791cdf22a228048dc09c66b81b182836,true,false
REQ-000882,cf8ebeb85a2905cc60220b74,cbb49b956da8a8b91b2a5543,f7299bd5c42e384fd99964e510b34dbcf48546d3788f5ad95517a72cebeb8ef7,636410fe913d7621ec142ff9134fd832b28ecfa1d2b4f3e39d6116f92bf29e79,STATE_POLICE_RECORD_VAULT_A,demo-key-2f8689b230b2,daea16e141bfd710bfb9d204832eeb6499f0d20a457f62f710ef090fc83ff914,01a5137f77e4b8be0a8fb81a745fd46809df6f775fe5f76a0900eac9e0de3bfd,P-2026-05-STEP2-ORACLE,18,bfabb2ef2963fd2ae56fe6bb6e927f4f81dbd05e36ed23a66f36c4d403a6f590,dedfb2437334cfe81a390402191a4c5eec87a3e6c2bd4b9ad4bc44f7ae63c759,03ba80be658fd133a24abb67660317fcd4c0958bea74acdeb5c3fe99b6d19aa5,true,false
REQ-000883,8cd04623158a527d67db5be4,73e1aa4f6653022a7b2c8529,2d6aab11447d9776173db1b5d38fb5640b9aab6ad72125f667a363f9cd9f5732,96ca80d3db2fb97258402d8d66ab7151ad6d4e18e91ff06b904e44fe5b7eb7e5,PROSECUTION_RECORD_VAULT,demo-key-a24a960f31e9,c7e2f5fbdd3768579560fd8893f9eff779f7f767888e18ffc20bd0dbcb365ae7,772478afacf215b4d92e7514320f660de4305002641ac9f7886854e9afd35cc7,P-2026-05-STEP2-ORACLE,18,bfabb2ef2963fd2ae56fe6bb6e927f4f81dbd05e36ed23a66f36c4d403a6f590,b26a6840ae05731ca40533ca6cfc6e37fe4a19db8f25a5b6a815ba4abf43a30e,38791761f62a05e53325d9815bc2cc438d5108f9beec8dbc5b7ac8d3c60c45bd,true,false
REQ-000884,192d3abc4719be38c5ecb6be,536d0086212c7ffc8512bef6,ca91bcfd0b5c42d5c99eacb81915c22ce23d416550c01097e9614dc9fb7e6f01,02e1401c03a77fb1a0d37cdbc9f95a68d749e9378606791e5ae71e99d510ad00,STATE_POLICE_RECORD_VAULT_A,demo-key-a27e431d0ad1,1a1f229c24b20ef75b95677d711554f30524c4a2083072d1eb6fd22f6103e61d,36a9f7586860286b8ceb92e8ec86e9cee044981dc31e01939bc7d65c266ad53e,P-2026-05-STEP2-ORACLE,18,bfabb2ef2963fd2ae56fe6bb6e927f4f81dbd05e36ed23a66f36c4d403a6f590,1bb8dac1be601868e8b96fd52b16e750722fed58fe0a44bbbb843e8c64093ba1,9972d43231b4deceed21b9bda7c3da11a2f60f9e7bc6ae3e227fc170c4454ce8,true,false
REQ-000885,50360c189958ca7d43254c7c,dfdb76618504c60a3bc46e1e,54d460275e0fcaf5976638aa0eea2cf06d7f2e89f14f026d3ef7962044d00cc4,e961812ba60e628607c4c8b180efaed21f477ba15fac7689ac57cb76bd449be7,STATE_POLICE_RECORD_VAULT_A,demo-key-a24a960f31e9,8e10046d0b64160ad28806486df0a33df92788314226d6bf01f5f7e998e17ad5,ff6cb50345fb4b34b94d098f95e335c8f8100d7fcad310548405f9802fdaeff6,P-2026-05-STEP2-ORACLE,18,bfabb2ef2963fd2ae56fe6bb6e927f4f81dbd05e36ed23a66f36c4d403a6f590,831f83f714196d2f886a8bebdeebfe5b77681d49675db557eb90a1e8ecac5639,fcf182d46c7f4724dbc6d5483f18d450d1d4924d54e730cd13100ca14484e9b5,true,false
REQ-000886,76adbb3fc2521f255ea8e9c6,6bdaf89cc76bd4375c21652f,7ce5e4157889f5f89778a0003c48bd6c383a638afca7609d2664e6424469c1d6,951b9254cc89cf751bdffa97fa0be66bac09f97db083ac5ea4913e5070e58214,PROSECUTION_RECORD_VAULT,demo-key-a27e431d0ad1,fc52188ec7a5415ddf924e1cf417b005f1c58d9ae3a227b7fef60fd3e45f65a4,826cde5d4bb4c4d5e2311546570dee871398aa6160b44d07928724dfe8395f6b,P-2026-05-STEP2-ORACLE,18,bfabb2ef2963fd2ae56fe6bb6e927f4f81dbd05e36ed23a66f36c4d403a6f590,2ada8e2a63f69e242d5192998afc0ac1b337aaced81645812966f096b1c1a630,88df865e67e246b51f4dd00c45a4d02904518898bc8d50628b079d686d080bc2,true,false
REQ-000887,3f62490bb6003e08aff86a5d,82c0707a6257e50b8a69b27c,43975c6f9e736ccc62553920b3a2669621f054fdceb92f35e9988892a5c26b4b,dfc3a4d599c8608900efcd8861f14e655561866671c966e3a1c23b2ccc98a62a,PROSECUTION_RECORD_VAULT,demo-key-2f8689b230b2,1ca02b021ca1dc93b3a52ec86cca0769ce9e27868b0dd24f98fddca94d80c7fc,20feaf157e82d76a4c5938621cf73d831825968d222efaf8f04d6f74b5be24d2,P-2026-05-STEP2-ORACLE,18,bfabb2ef2963fd2ae56fe6bb6e927f4f81dbd05e36ed23a66f36c4d403a6f590,891b73c0a20c94223673605b80b54d4573946f1439269f1e0163c72d9c1e0e7e,d0a94ad0153711fd1fbd3bb71823a65a2774d5264a67f8599c633e91cfead763,true,false
REQ-000888,ca211788ec4162bcf6922ba1,7805aecf009d5d977cda7d2b,6297002b178bca020bb9eacd277bf192d93e771e7b531290cd9e578985fec341,d017e0a727e1d1520789e056f3c555ae5eb579874efa4a86a2e63c33d762dd81,STATE_POLICE_RECORD_VAULT_A,demo-key-a27e431d0ad1,04480ab95167f98bf7bb55066b2e40238ae3a0d160952781ff15497305dc1431,231fe51406eeae6537c4bb35b5ff9fb355bbad36c69cb60dbb3bb19d44afd0a1,P-2026-05-STEP2-ORACLE,18,bfabb2ef2963fd2ae56fe6bb6e927f4f81dbd05e36ed23a66f36c4d403a6f590,fd3570aaf003d36ca982b8364777a2e4633a338e9406e8d43fe39890fe27757b,dbe08114002f6bf570f112cf5b70ee406389d8d4d1567c86c5ca9fdce99de6d8,true,false
REQ-000889,804f341ba0075b398eb34543,45c77a2e0fe6db7b486447eb,e1e55ff7bbd386ab65c46ead99397de4077774e0f85dabb315da26cb083d7cf5,e8678e35615b507beac1a0070afd1dddad72862d18a2c5c68dd18150f319a133,PROSECUTION_RECORD_VAULT,demo-key-2f8689b230b2,a351150ad09634acd44ecc9b12460f6c89e0529dd5f3d8e4649fdb9a1b0971bb,4e2711a7cb5b8f65efe0a39813d478d03c3f2efbb7b4b646f11ab51cbfab9b77,P-2026-05-STEP2-ORACLE,18,bfabb2ef2963fd2ae56fe6bb6e927f4f81dbd05e36ed23a66f36c4d403a6f590,7f185e4e78738e0b825e0c744bb2b55ca315fd107ab624507ad1092f7bbd2d9b,f028b2f3a1b4a81176f8e287dfef42b297b53c7f13f8cb6ca37626ec213ad4ae,true,false
REQ-000890,7bfd9dd528a8617439385c28,b3a2fe39c763ede92ee42c2c,58a8048e618071aa548e1a465d939f48d165496d266bee358f844096a623e298,6d684a98167e10374a604de2410ffeaf21fa4c336bfd714028057b5fdc14f4d3,STATE_POLICE_RECORD_VAULT_B,demo-key-a27e431d0ad1,018a3d6d5e13b775b4f37aa8cad48022c580f681fa717cbd963a00a19508bf1e,11e0dfd4107d04a807779a94be2da7aa86cd12f4a371bd400828a14c783bf7df,P-2026-05-STEP2-ORACLE,18,bfabb2ef2963fd2ae56fe6bb6e927f4f81dbd05e36ed23a66f36c4d403a6f590,28674ca5217130b6eeb5d0f94ca65de793550cd6ffbd10fa8533b6121b9b87f9,4fd0732fd6c91f647f2ac56ff099b261d98b77478e904032d1397276d0a0c4e9,true,false
REQ-000891,d920f7467ce1d45336ea4224,08ebfc7c59dab26c7ba7d4f0,85572c8cfa1805fe8bdf5886a506036a6853f394a831cd89da662497a8a1cdc0,6a04da991733c4e09cff5b8052307f319ee3f19bf9f7ee0e187ce55694f49b2a,FORENSIC_RECORD_VAULT,demo-key-2f8689b230b2,097d091d51f2bfe846d772b67cd5450ed74d0f47579931adb2ea7b688cd04c7d,7b4a12ac4d1b480293d90ead1086876bf24015ecae44a2eaf559c23ab39e61fa,P-2026-05-STEP2-ORACLE,18,bfabb2ef2963fd2ae56fe6bb6e927f4f81dbd05e36ed23a66f36c4d403a6f590,d59d6e07aaacace4cdb3c3b898e146a08755281979902d1ecfdad8c7cb783e4f,a6bdeb042270cf314920bcba9f7134f8cb67f44428f9f7bcebe5078af753b88f,true,false
REQ-000892,dad96ab404cb3162880756ed,d600c5dffcd1ad02d1bece4e,7877fea694c05dea96fe4930cf864db5a30b1a1b27a0d8c2fdcdc94ae333a989,bc85a4873658b981ca472ddc3c2a2fd5d8c2bb08138bee886dbe8c939610fb06,STATE_POLICE_RECORD_VAULT_A,demo-key-a24a960f31e9,eb79906f551f1592dfe30d907ea1cb7c4aa4023e77f9a4e74d43f911fe001e3d,b9caa137b7cd8523c95763e86e5bac875472b25b36e9e4e16a8380c91a43d342,P-2026-05-STEP2-ORACLE,18,bfabb2ef2963fd2ae56fe6bb6e927f4f81dbd05e36ed23a66f36c4d403a6f590,b9ddc2bf67d1900cd16215b52c267007355454e4aea005de034796e149d7038a,3b95304f4f33da268c53305891c4cfc1068f3d8a1082b31be5ba221d4b8ec789,true,false
REQ-000893,118ea5c95a4302f5e6598a30,39254f8f35482158c623586b,0b5397e62ce66d223cb12a47427b3c70ce5381f48ca676a8de25f1a10abdfc2c,7c016ac0f8d4feece6d523301013f93155a0610c05da40c7319a2dd81d199024,STATE_POLICE_RECORD_VAULT_B,demo-key-2f8689b230b2,e7d6c279b96b2ffd2616aee641b5ae35c8bb32e0fa96f32bbf3f6117b5cd70a9,28c440086b9beafa124fd669701cf4bf126ef4954018166b0d263650f6e345df,P-2026-05-STEP2-ORACLE,18,bfabb2ef2963fd2ae56fe6bb6e927f4f81dbd05e36ed23a66f36c4d403a6f590,8ccdc27bb95fa22d62d2c998760ff43d5c889f5a5020bd556dd56dc3e971fd19,4f75d81bb54dfda3c6b347343a1ca39908f5ef6f62bef4846a3b2549191772fa,true,false
REQ-000894,893a5e5117f43af57c7ba373,391c0be436ec25acbeab0ea2,ec366348f49697895bebcd5b2deaed6f4baa97270185c7f86f5afde2320c517b,264619febc3895da2abefed58c5ea8485e92892589703974d87667be83f80052,STATE_POLICE_RECORD_VAULT_B,demo-key-a24a960f31e9,be671a5ee22540ca9ed2d740dd5048dbabec4892fde0cd3e4cf6072b7c9cfa11,3766bfde31e326240916ea4d19ec8ade24087e49849d3a9656590d5795ce6cc1,P-2026-05-STEP2-ORACLE,18,bfabb2ef2963fd2ae56fe6bb6e927f4f81dbd05e36ed23a66f36c4d403a6f590,bb07db65782f68c312eab2b8610b0e87bc9454edc1f043dbc558dd94ef697848,d289cfb024f21571d690f7666408429a185dd7cb8a47df558c3ca70fe3dbb2a2,true,false
REQ-000895,79f13e95fa10de3dec2246a2,fe696bcd2f59da796df3a506,93717d65af2d98dedb67d9c65cd89f737a3eb68855df8b36f0ce9198a1f20e11,c9c1b4749e78f3f05ad281f71e2ddcb98b6938811598ea42b0635621e86d5f7e,STATE_POLICE_RECORD_VAULT_B,demo-key-2f8689b230b2,08b798f2604efc5e5a6f7e77d969f5ea626ff43c5b1293c7ce55a5b0c0b5b6b2,f0937888158b7db882c086898f81c378488b48a5f3f48b8440a146823846946d,P-2026-05-STEP2-ORACLE,18,bfabb2ef2963fd2ae56fe6bb6e927f4f81dbd05e36ed23a66f36c4d403a6f590,60e01fbc28175e4e4ee94898a0214aeda9df8ae8cb74ed9fb7dbea8b6e53aab3,d9393868f059b7b9f0cf021d05376f7f819dcd421e1e290a1d2efd3f76127b45,true,false
REQ-000896,9917dc83548405dcdfa48501,22f129a7f5546fe4042f71d0,88cc62293d874329f036de697b9abc7bccaf91b9b2667a15246d7b12c6dc705c,ae1b3d3fee2e2c3977b53cca48454924e6edb3d87f7a9eabef6b1bc8961c2a07,PROSECUTION_RECORD_VAULT,demo-key-2f8689b230b2,7c6f80c63aa7ca0ecdddd417f6497f5a7c621506377ca30fa54262d6390ee5a9,33065490f70745701c3a4fdaa3396628df8cee3f985b4da23eec8d0b6d6a07ab,P-2026-05-STEP2-ORACLE,18,bfabb2ef2963fd2ae56fe6bb6e927f4f81dbd05e36ed23a66f36c4d403a6f590,f140607eb111c8ea2f5326a1cd9b99bd9d74b18bb4c615bef9901b04bfbf7906,d1a939c59098ba55ddcc17419acff82d680ab57eaf8b700c31b9849f8880e805,true,false
REQ-000897,abad1f85154594182175139d,7faeb695829bbde0c5b2a891,908605fd587b20b5612d75218fd6d7b50c86c0680c9c4f2b6d5a56e05ebdc039,fd46475863cc061d230cd78bb54fb8885dfbf1de152a271c56e0dcdfcb6da736,STATE_POLICE_RECORD_VAULT_B,demo-key-2f8689b230b2,e5133dfeec8a6f5743691c36c27fb731ee0aae59c0f7bb0f694884da37b9f4fc,93423b5c078fd6ed66eb1a4a944a60685c1729a97a2709b7cf4ea2bae1fcfac0,P-2026-05-STEP2-ORACLE,18,bfabb2ef2963fd2ae56fe6bb6e927f4f81dbd05e36ed23a66f36c4d403a6f590,ab045163be55993c00493191e580a856217d309d59250069d1c2cf311e7936eb,36e466fdb99ab7bd3d5dbd6bf7b612523ac8b91334b7a0266234e97c3158c67e,true,false
REQ-000898,4f004fd6ecff230b24cb85ac,ca607a0ca7dcd8c2bd505b93,39a1df1d7959d4f7acf522a8a4078a2854151a5f17c048fbca592707d4b5b9c7,60a9badac50ded8420f41109bc7f8d33d1f44b09306297ebf75c1832176bc80e,FORENSIC_RECORD_VAULT,demo-key-a27e431d0ad1,f893cd4ad0a24926144ef23b1cfdf1dbb9fcdfb5d81de62f3c36616f8bcdeef5,517b016fc9eeb50c6c52560b84ac3ca665419b55b08b25598b443708677d509d,P-2026-05-STEP2-ORACLE,18,bfabb2ef2963fd2ae56fe6bb6e927f4f81dbd05e36ed23a66f36c4d403a6f590,8556653c967e07e4c674e1e269f410da251227802f82ee3150f1d808642f0d2c,130058df7af4c98e1fc55db56ff6bbe1c717e6fd5917fa3b93d46cf4035dd5d9,true,false
REQ-000899,c3f180cb72fe055ae1475896,ba4a26128c6f07a32cbd1112,7dacbc07a3f198f2321db6fdfded4be589e94a63e4d46a83ee3f7b80101468e2,7f341fad2566a79854e08f27b662a4549e8bf7e22b359d2cc6b5ff5e4332fb8b,PROSECUTION_RECORD_VAULT,demo-key-a27e431d0ad1,1f700941b28c2845acbb607f6591e611010ff5b0a0f173ddb9176a1d8c5e169e,8493df6b9bf22a99f5d97e93c6ccd7eebf8c7fa85b632c90fc6b0ab4a3e55422,P-2026-05-STEP2-ORACLE,18,bfabb2ef2963fd2ae56fe6bb6e927f4f81dbd05e36ed23a66f36c4d403a6f590,7aab1c1528300b1bfb443bd9a90bd1c017896aac08bb223d78ea3496e9f759a6,a87c25ff0e225384c57fb4a9d410978b8c9507f8c64aed074b1daccacf7f35c0,true,false
REQ-000900,8eb6e43f09093badac30f01a,ab3e96f26e30b326934ef557,9469695870d1b4a2b00def87b1f9eec0847114020d63b45b50441c60de33d063,a73a1614f5c5ae8cb38b5101fac2a67a8ebbce8f293cac41e759184e30e7b2e2,PROSECUTION_RECORD_VAULT,demo-key-2f8689b230b2,1bedba027a295705eaccbb880dd676349bcdbbe7f550c308d7e369543b67254c,b229022c3816ca638ef448b3cf9ac8ec17480fba188b53ef35c0967042f0d330,P-2026-05-STEP2-ORACLE,18,bfabb2ef2963fd2ae56fe6bb6e927f4f81dbd05e36ed23a66f36c4d403a6f590,98a4c9bad4743d9a55f416a7421efe05a3a4b0aa52e19ef87f1a6ae84bee14a1,0f370102c8ad8646699f094f8b14067438b096e204fb3225802d6f85aa2f0eb7,true,false
REQ-000901,34b21675c93019fd5a4c0262,88fc6369ce4162de970f04ac,b1d594c4d0b5b3b3f75d3ae68f7c3d0daab774cd652759d2e34f15cfe783e2ca,24e2d8712b14b13664a0c4692e6f59269a7c97d802a9e38e7b70e35eea567f6b,STATE_POLICE_RECORD_VAULT_B,demo-key-a27e431d0ad1,68fa4233611c15affcbc32078f18c8bc975154020d7db934f7f523d6dd341273,86f5b0bd2bebdc6ac74673768eb1669f8601b8079649876fec5a1cf382478a72,P-2026-05-STEP2-ORACLE,19,16cc06a9c7980ba9407825fb567870efe23736a45dad03a3d07b00b877b141a4,30ebfe8a9f56db29b24b4f9428d5da49f8361f312731f1165a20d446ed47bb0a,b5513b7793b8485330473c24c50194d22652047868c05eb57ff3e4309658f802,true,false
REQ-000902,e6ddc948280fadfeea10e9d1,6a404155da288ec9ef529a79,49b893bcef856ccfdb5871d64d56228a7efe3b49fd7f6fb75a37fd58de283ae9,d4584f577cb26e5d475ccebe685fb9b5e6d64ca2a73971e38b83a4614f3f8ab8,STATE_POLICE_RECORD_VAULT_A,demo-key-a27e431d0ad1,fbabc7297515ab52d7d01f454fb866f1427a656eabcff81060e62440c2e7659b,fdcaed0b168944b0481c16d158c9281fcecec48f8040f9f7bb6fdafb383553b0,P-2026-05-STEP2-ORACLE,19,16cc06a9c7980ba9407825fb567870efe23736a45dad03a3d07b00b877b141a4,e59fa3ec320131729873935d99a98d14916333be54d85420456098746d07562b,4f6eacafd34840e37a0076d7ba82451c74c455dd76484743f5cfb4739d54191b,true,false
REQ-000903,da955dc4e17b595e2820e3be,52bf0661d00fddff12b9bd13,4efd27c24f50da9528719abf7445f0587bb38708797af8c7853fee913bac233c,e7c77236c56123f51f76083c52fa9a7a53e143832583f6054f3be18c34aa2def,STATE_POLICE_RECORD_VAULT_A,demo-key-a27e431d0ad1,d3e4543ebadd3af97159e99d04568324fd69ec9788b49f3a982980985d73d7d3,b80474f49e9ae2bf2cb2feff5aabd9567d0092ee6e534350a85c66cd68b33a8a,P-2026-05-STEP2-ORACLE,19,16cc06a9c7980ba9407825fb567870efe23736a45dad03a3d07b00b877b141a4,a97ab42791987c62aa4e6a66f8afd61ae8dd44e7761730af65aaa316e3925ae8,d8e808ee1cbd6e73530c54ea0e305573b8682514c00cce3dee0258a76902a7e8,true,false
REQ-000904,3247cfd0298737ce5f467ec6,585f9d3ed5f043bb189c0a7c,cebfd27cf128a394474c2c342ee06c053192b035ed20683ad8fbd5aa53d50848,dba5201a81529c99cd86e486b12afef175ec442000ede988fb1f3926213ce22f,STATE_POLICE_RECORD_VAULT_A,demo-key-a27e431d0ad1,72c9e6a1e8577e57c66c39e31d2b84c8349014763755256b6c58e17e8d952c72,ecf5e3123500f7564b22c9b9d2f079484a44f3dbd272ede11df305cc1f1a5179,P-2026-05-STEP2-ORACLE,19,16cc06a9c7980ba9407825fb567870efe23736a45dad03a3d07b00b877b141a4,4a03a0d8720512b530034780c87ad3e4706cb3e149f3b0acdd2d972209973d16,3a0355fe9d8dd38ac3ccccc4011a2a2cc35445e2ad345e89edbd71b24c001dd5,true,false
REQ-000905,ee55c8a6a4e3f5ecb860e4be,8bb31947a329fa28f987c057,850e5f5d423346f8299380855a599ba45b69ca259fd4909cb960aab0a4fd9659,4284bb345967ef38b9fd673812f8635fb308bd1b4f726afa14c93dd5026a3e31,FORENSIC_RECORD_VAULT,demo-key-a27e431d0ad1,5611a12da6497912399f25f6c710ab5ec6f0d4ce9d20f36e72c5efb09d84edab,8551619681368054b0c43a596c91a0300a8b47ee8c3c9e00aaba86e79b983e4c,P-2026-05-STEP2-ORACLE,19,16cc06a9c7980ba9407825fb567870efe23736a45dad03a3d07b00b877b141a4,95fad784af578bf83124c59bc22fb008206ddd3df155a8ab81ae6fb7ea170bcc,be7e17f9140a390009873e5ff38135096a593e181e90b9de67c7225b8b7674e5,true,false
REQ-000906,4ee73ace57928929f1ba50f2,eebfcb2229be9fc5cfb8907b,a1c2aed485e5691558d60e36f2e47e8351306929b845ec10e2529dbe3406ce2a,26c38c8a692aba6d489963a0db1bd18e9a71c4b8270b2ac32bee90940a7e3bb5,FORENSIC_RECORD_VAULT,demo-key-a24a960f31e9,529a9057bb18bb61dbf7ad6ba8435891bc5d1c9fdd14f58db03fbc58b4de3aa1,774c67d4c2350715b33cfaf7133e5164e32ce68dee677496980ea644e1f16dce,P-2026-05-STEP2-ORACLE,19,16cc06a9c7980ba9407825fb567870efe23736a45dad03a3d07b00b877b141a4,e898cc3031e2455223e06c4a5b114d13f9875831f7f183653f75b5e9ca4661be,26610d49d6e8ef8d93ead3ed152ab5d3c47ef7d0f63c2acd138f3b58dd34d3f6,true,false
REQ-000907,570fcb5882c79818b6fa7ccd,52aa5b87e81d0b5bf1d01f0a,a9f9bf5e2280d5f1b56fac67f5c0b11c74652010ce8c095b2e9896790e31756a,f66db093c3d72547ef31fa7360a4194d62c527f456a7c97693ca816335d5e6d8,STATE_POLICE_RECORD_VAULT_A,demo-key-a24a960f31e9,f19385ef9139355a5dba155855ac6fe83b6ed75f1df76b2a471491433ef3efd5,785a8e577dd522e088aded935c7a51744ca8a715fef1935f5b92cae6c755a356,P-2026-05-STEP2-ORACLE,19,16cc06a9c7980ba9407825fb567870efe23736a45dad03a3d07b00b877b141a4,f0ae366f817485f6267333f9125d7e62fc6221014b9e8c60282199ecf8e04da5,d798ed435041842b0fb8b5d5507aff17e2c42ebe9c8b935951dfc696c49f1165,true,false
REQ-000908,1ce4791bcfe4088122f5f137,dfff3b849a65dd938641894f,40145e8965624d8d5e2ece8333ee06fae8aa89c95a2ee1c076830d2dc6ae1159,2c3ac40d5e826bd8df3e5c03930a1cf1138708c1064497f8cadfcf3ce44985b0,PROSECUTION_RECORD_VAULT,demo-key-a24a960f31e9,953d6a133ac851ecee46aba9983d23f3f8e82413d6fc94d018afc25d7c02d844,8c2893703bc5cb772ecdf5628dbd0f4f7c81a611260d8ce259873f749cbf57f5,P-2026-05-STEP2-ORACLE,19,16cc06a9c7980ba9407825fb567870efe23736a45dad03a3d07b00b877b141a4,e18cc38f4b313316b622ebe057f84d34c5781038f4f96e7e5dce1198ea01519e,652cc32130d0541f2e87cf5c29ca04887b7191f31e459b699c017f2fadc65de2,true,false
REQ-000909,d7a80c935b5e982d9aa6d398,ff88803b1af1e0457b90b0ca,222844cf2f55724efbf4e105f24498a2a9441559248ab5e3f50ed803248762f1,06ac7eb1822c74cd2a45c68520355c84bb99691ca84606ac45fab3fcf3068306,PROSECUTION_RECORD_VAULT,demo-key-2f8689b230b2,fa16959b784a8a03b1752f40dde2529416bb7118a071f67cdc6693afa3c8449f,cde43383c00483ac29b0c68a10b38db6737a41f1c8894ef62dbba27cf1695a22,P-2026-05-STEP2-ORACLE,19,16cc06a9c7980ba9407825fb567870efe23736a45dad03a3d07b00b877b141a4,aaa37fdce72ed520497884a3669fe8939228dd55a8f4f70b536a3c58fcf35dc3,1bb31217531f4dfe25837c70319657b480fcc2fa7cea1b34b83d48cedb66684e,true,false
REQ-000910,de8ed503b092aff04a4f6676,a5e2220499b8d82e7484afa7,c11086fcbb8ad16a8fe53b2f68a03868c612b7ec2f135f6e8e5e3976a71d22ed,2ebb787f5d90f5e17d37106e584086a87a915ff1384af932063e79482012ac04,PROSECUTION_RECORD_VAULT,demo-key-2f8689b230b2,d2d4b0f9f7ba2160e1dd6e320d406b6459abb9f7f9b973be32cce6579c968d06,dee462dbb448a92125b4685526fb7fcb0ac7842483fa5a6f44d86e06bff4482a,P-2026-05-STEP2-ORACLE,19,16cc06a9c7980ba9407825fb567870efe23736a45dad03a3d07b00b877b141a4,41c5651e313606d8a06392b464478cd9317e9cf2edcca97c5f5e54ba1d400ca2,88eff38dced92971b52170dd83359d8804c720f735cc80f7cb1175e64f787143,true,false
REQ-000911,c02c0ee944942d75bb6e6167,eba695b5356b887b905bdc4a,bd5a68950f3ccde2c55727c078a54f29451f7aeed2966ae4fc99bd23f2a5cae1,b61a027b827fabd9ab0d18e4aab868ea412a93b2f0b6b4538e20d9ce3e86bd60,STATE_POLICE_RECORD_VAULT_B,demo-key-2f8689b230b2,855e9680d7e277c50a728982eb6132ca81fbcc050c142973aea15d72ee31d41d,354b67784c54251d74a1dffeeb664314d0c805a52bb6f52a887fb4fac79f8ea3,P-2026-05-STEP2-ORACLE,19,16cc06a9c7980ba9407825fb567870efe23736a45dad03a3d07b00b877b141a4,a8871f5881b020dbcde1a34b0f5b971deeb590d54a40265e49fba67201b151bf,c3be4f00fa6905dff51ec1b20b7455428e6fbc6a6c7d963d3399fb3478e622cb,true,false
REQ-000912,8eb06b091b265235ad42db41,7ccdca96a485d2c22e360b2d,7900dc603475ba3d384394fccb2caf8748c3b7d6414b1b12566383f5e461bd84,f7aef9fb5ec180ee574622a10d0b19b3fa7ae70c1d32b78946ea76a14428fb78,STATE_POLICE_RECORD_VAULT_B,demo-key-a24a960f31e9,51dce0662b98f4415c5942294242c10b8f48f78246090e8735acf1cd2a5bab13,b55946293bc84fb2dc424b2efa94b3bf0b82ca53d1fc15a198d7e0e185364050,P-2026-05-STEP2-ORACLE,19,16cc06a9c7980ba9407825fb567870efe23736a45dad03a3d07b00b877b141a4,9833545ef3843d23ebccfe5b5381dcacf6e6421d525bfd7c5fcfef8d9dc38dba,0632b6659e88b55a54d30da505b8541ac442f4cbce6381f396fcb020fb0f4551,true,false
REQ-000913,375c93cbfc19c6b728ba102e,6a813de91407c7bbeac9209c,1912347ee5cc92d451e088d20d823c5242403960f50822e47e9467eaf76c9e22,eb7dfb9bd02c6d2ce707f56b20f6e99a8f30b74d52403e3f3ff09f397c1aeba3,PROSECUTION_RECORD_VAULT,demo-key-a24a960f31e9,6df10f661050e458f95e62496f150eeb33a802e5392ad3893d4aba3c79cb7496,05c300ca0bc8b42df1669cc81ea552b51d3f4cbe233945eb3b39f4f12c56a7d4,P-2026-05-STEP2-ORACLE,19,16cc06a9c7980ba9407825fb567870efe23736a45dad03a3d07b00b877b141a4,05426eaf37ae09270b8802c1458b8f7f1f0f86d764282b0c5da3fda1cb14853b,b646f123481e823830acfa872d297aa7b5fb5f53b546342c1c55a5212bd11405,true,false
REQ-000914,39d3051b583edb8f08d3ac66,985968b1c3e57253847f0d33,a87358e938e3a99c104c9ca6e2ad9628783e4c7dba4bde3c58cf4d86de95baf6,11732bd2bddc00a1b65d2c652ff584eb284d3c7b5d5d7906f42c9da63488d5a5,PROSECUTION_RECORD_VAULT,demo-key-a27e431d0ad1,98d42c9cc6ba7f0af99e865b9f8542563a541ce94014e25626f5693123e686c9,1630dde8781d574f61dd165bada88bb2acd0f5c4ac8a4fbe2b2a241bd7359bf7,P-2026-05-STEP2-ORACLE,19,16cc06a9c7980ba9407825fb567870efe23736a45dad03a3d07b00b877b141a4,76dc50286d52cdfea5a0728d7b36a97386f9a62c2ef612f32c4988654e3328f2,51ab377b847a3c86358c11f0c8de1bf47b91579a0e254f274d7443dec88f84c1,true,false
REQ-000915,dea11452e75842355e8f6dca,069ad8f2172eb6076bd85ca1,8d3e29febcd4425abf04a41bb8fe4b4a58211f0442777835f72d4c4f98e13bab,efe038a303e17edc975882f429429dc56ece928cdd9ad0f823d4cf545afd4f98,FORENSIC_RECORD_VAULT,demo-key-a27e431d0ad1,68f4c06e37247fe782dc053eacfb7d916d6bd5d420c4d6451cf184903471605f,dabaa825e0db0a3cbc36cd9fb1b904a3c626c86744a6823ac75df55211282877,P-2026-05-STEP2-ORACLE,19,16cc06a9c7980ba9407825fb567870efe23736a45dad03a3d07b00b877b141a4,eeda12eb43c6c62eacddd54e5dac4a376b843109fe5e74056da534e0befd5fb5,ff8d5e29c18f769481a97c13a4790f2d93fc616d1bd6c6e8c3fce04ea605a760,true,false
REQ-000916,4a81b7a88a623e390137c284,f95616c924ad357b024a0224,1cebd81525b8020027f363220c9e62f0e7ec1ffd03611ebc440bfe9fa0fee9dd,0ee09fff93f25ff752576044ea951922237c6f37c5c088bf384a1adb63367eab,STATE_POLICE_RECORD_VAULT_A,demo-key-a24a960f31e9,b1741130351b11088145a78a79d33bc232ee008c87ea55fd545134e86badb11b,a30d8aa81773e259727b3dab828c77d7a0b83044c142c913116d24c13dbba72a,P-2026-05-STEP2-ORACLE,19,16cc06a9c7980ba9407825fb567870efe23736a45dad03a3d07b00b877b141a4,e7bff6e6e5e86af5dcd80a85cc2ea5d2dab6d385c4230abf2da2c1b95b3438ad,892faee302650543b4c1a25395ab8953185d971642f7a191155a1be96e13f2d4,true,false
REQ-000917,d20d4ecc7bc1250633dbd895,fdb5f2f3579a5acb1aeec974,15ab0452f907cdf9f989a616e3e2dc9c343e5183c37a629978d3a42d2b129811,162023c48866c45cd701501f8d8461eb877178f4d4a8778832ad27678f42c492,STATE_POLICE_RECORD_VAULT_A,demo-key-a27e431d0ad1,9cba88569a6fb46e507c245ca78ce6d376cacf801ec39244a7b06fa4408a5d4a,08f2602e8930d71ebae7e9b81448bd8c61cc0dce2808f930976f560a356a97e8,P-2026-05-STEP2-ORACLE,19,16cc06a9c7980ba9407825fb567870efe23736a45dad03a3d07b00b877b141a4,dda2ecd1a7d61586ab35637954992ae10878d76e2133468bce1e48aeb90446db,3452f73a58915c3f3e34ec89188fa8cbd473c00286dff0e58666aa0beb851d00,true,false
REQ-000918,f38571fab98970e83b278f4c,4b750acb31c3c366f18fc9c5,d3cc37061583419e20a2329c8343be11fbe70b163218c8b63aab966ccb46eefd,13f9b212079f6b70fc6d0f610a0f53e3f9aa670cf7e963c05b50391d892aa93a,FORENSIC_RECORD_VAULT,demo-key-a27e431d0ad1,edf605d7e2951a961e090b95ffbf8db413ae30273b71303daa234f686f77569f,ef3403514cf95df1bab890b70e5f04c2404ed90b0aaf409991d04dce2d0dc447,P-2026-05-STEP2-ORACLE,19,16cc06a9c7980ba9407825fb567870efe23736a45dad03a3d07b00b877b141a4,5b1e2bfe17617755d970f2b6b5176ed0ec5e08dc345953e85923ce777a02e461,15f3305bf7de58500220f7c27da3891e18c15d189a56c04ae1ae7da281bad905,true,false
REQ-000919,cdbff94eb4945538043436c1,4d12e409eee9d5655333bd66,f1901e23d54529541ea3410a17cb26b4617eb1bf04df55320343e008bdafb503,740b6e3f5bb03bda63b5eef3f806a5f474cc8cfb1067401671af1bdd42d5fa75,FORENSIC_RECORD_VAULT,demo-key-2f8689b230b2,a8685909b77f10a282f7cdc4016778df0efec96612b06127bdcd0ba6ab9c8156,7af32959bf8ed6a3075872b40761f0ddb4d08f13fabe29b419a11c6a3a5e80e7,P-2026-05-STEP2-ORACLE,19,16cc06a9c7980ba9407825fb567870efe23736a45dad03a3d07b00b877b141a4,63405b796b30a0c66a171b2c10ec6613ab3a990afe82f0157613d558dedf82c3,9a414ec27bc4a6224d7afe195c43e4af10f9c5d6fb332070affe1dadc3227d28,true,false
REQ-000920,5a476d3f0563aeb86b0ba1d6,79c4e5afd5e17adb030771f6,0c0c9fc8933df71e827f912e15f0c51bdb6344348a18593d17822d48591dbc3d,2e6a9c52acca646b742058a7d9108d3dd0105e22b752d6c30ba470bcb7e24cba,PROSECUTION_RECORD_VAULT,demo-key-a27e431d0ad1,8a5055a5c782a0b06f4f461cb46f249290363470798ec7426285504d2f91188f,3e51bf1858b7d018efc205159217eeb48d33da0a97fa8f601df4c044f93d4dfb,P-2026-05-STEP2-ORACLE,19,16cc06a9c7980ba9407825fb567870efe23736a45dad03a3d07b00b877b141a4,90fdeedd6a51c0adac6961c7dfa4b2a9ae839e2f5463beafec9ede63c230a4bf,a255b3be5858386dfcedbf6f2aab5e3ccb7128ee26d61c66705bbde88eb184cd,true,false
REQ-000921,6e868b11dcb21524d5970d01,95763a6d62f8e253ff591f30,fbcbb184bb0c84616249a4d3cfded18f5e25ad9400093f34bb4b15b607eb076f,1793a11e09577ffc6f11f651a79d9bf70ea0de8a7d28f7abc1fb8c1396deea1d,STATE_POLICE_RECORD_VAULT_B,demo-key-a27e431d0ad1,2e57505aecb0deb90e32b8afbf49d5799ba7a6e153f86c371b592d971f72358b,acd36a801848920f5b9e46d3ec322f03945577c9f1f9297b3b49255957862e63,P-2026-05-STEP2-ORACLE,19,16cc06a9c7980ba9407825fb567870efe23736a45dad03a3d07b00b877b141a4,78028e4af8a6d91723ba85a85b23c50f4653c9e275b229266f5d6fd9f01eeeaf,db6d506fa24178dab5225bcb9a09702bfc461594aa4af428de56090d361f5142,true,false
REQ-000922,d920f7467ce1d45336ea4224,08ebfc7c59dab26c7ba7d4f0,85572c8cfa1805fe8bdf5886a506036a6853f394a831cd89da662497a8a1cdc0,6a04da991733c4e09cff5b8052307f319ee3f19bf9f7ee0e187ce55694f49b2a,FORENSIC_RECORD_VAULT,demo-key-2f8689b230b2,1191ab06711d44cdb2cff4201474aef89c1e899806eeb6011a26a94ef553224e,a506dfafecb151e17d7cdf021d0e773ef03a2e3749b815984c9876f37c4c8dbd,P-2026-05-STEP2-ORACLE,19,16cc06a9c7980ba9407825fb567870efe23736a45dad03a3d07b00b877b141a4,0889e9ebec519f046c8b6bf38e615cc3da9d03f2f1f15c5d876aaf1e8e276fba,93c0f99b7e1a88febe1f012267da2c0c6253368222847c0f4a6989a1671bd858,true,false
REQ-000923,97493f5f079666824f863137,8b5bae07facb99c4f25114c1,9f537a4cff17a0b5ba2d66e848fc94ee39061c1e15ad90f28d151983e3ab4b3d,7b723a25f294b316b829cf20970473307b5f1bd45e40e51b01c9f7080f193d77,PROSECUTION_RECORD_VAULT,demo-key-2f8689b230b2,522f9e8ecc1e6c703c068feb7cdb6e84f86c1a762af3f6dffc3c182d0edf4c80,99e93d4419e466c14a38e62550505e5f322fa3217b93306fcbda908d77d32142,P-2026-05-STEP2-ORACLE,19,16cc06a9c7980ba9407825fb567870efe23736a45dad03a3d07b00b877b141a4,a924d297520c57eb1cc9276b8eb885b290e0fa6aa02de9aedca95c01b307a11e,af01f9f2f5a4713fbe926bd8851726dc657ad37b0e388e44bec2c47b4b13aadb,true,false
REQ-000924,ca8fc35650ee04e7cf5447f3,ba63198f7d4ff35ba48c78db,f318d345a3ca513c014e0aebf5a69c9d608b04d46be5442ff6b61fa1f1b292c4,c1d71184def40dc3686f84a63fad12ea90e96d12ec45829188e9d174d3c44122,FORENSIC_RECORD_VAULT,demo-key-a27e431d0ad1,43573fd0c79a600c7aeefa8e3471d4275ded35162046263a32c5fb0f377e1e61,08d67de0f01045712458511a6b8a02a7fa6028bdb6235c44c9bd10d9af7db23e,P-2026-05-STEP2-ORACLE,19,16cc06a9c7980ba9407825fb567870efe23736a45dad03a3d07b00b877b141a4,9270aebd18f3b4ae8b0b892bb5882517b737b1e97476a5e219a3459d815b1f44,1b57544c13ebbff2d9f44fba949f68a37ff0991d485a48d16fb9dfb6aa790661,true,false
REQ-000925,be8cf0b2d2aedc05e13844a3,cd6b2c8ceeb4dd7c80b3dd77,1969479102483e385f6a446de5e8419cf6e0858f0f66935f41d5d2698a0eda1d,a1b96f7adee59b407faaf80807639d75fb303452d133826927b87253bff4c1fd,FORENSIC_RECORD_VAULT,demo-key-a27e431d0ad1,1b5bb6fabe56d64921499944492156784289479673ab2d75107470e4f4d172ac,39bffde8289d98fa4863ce294a8123fbc5ed62e1fedee297db1c86300a93b0ad,P-2026-05-STEP2-ORACLE,19,16cc06a9c7980ba9407825fb567870efe23736a45dad03a3d07b00b877b141a4,1120f39fe0f4c7dae18c1dc2977af326387195dfe642d41156038d929f3d045a,5a1f1c9d10056a673882e6519b42bec5769b0e9187852c7b4e56930bfa04d8b5,true,false
REQ-000926,c1be72ae2e586a7fecd00956,08953d1eb408fd3561adbaf0,f1e9105b45377ef714b345b5c2bea7a20cd6bf059c5b129355bade8b37d3da5c,7a98105bcbc7b0837d9515c38c720f9ee6f8fec791854ecd4457d13e235fe361,FORENSIC_RECORD_VAULT,demo-key-2f8689b230b2,b5c01ec9795d6be920f303b2eabdd8030f7535784754b184e632b8de673e664d,a55ab95de70a23debd1a8fe61298266aeb1f156d4e961017e57b74f22e16bac6,P-2026-05-STEP2-ORACLE,19,16cc06a9c7980ba9407825fb567870efe23736a45dad03a3d07b00b877b141a4,16851cc2150929568b94297ca3d71b292a57db359d58c0e83d35b0b642c69b49,f2ee4e4a262bd4091ede67ee81dd784164ab1c530e689284c3ea9246aa4a8afd,true,false
REQ-000927,1aa08103e3c7e97cf82499a7,7250764b437c7ddd06f64c1e,274da4b9fb755c5d1e6fd70a154e0e116d834a2b39433e8ba65722c0faea5317,a7ddcf8a54ec9e18feb5ab706f3cc44034bd6c19987c38506ee76a23d8d87d7e,PROSECUTION_RECORD_VAULT,demo-key-a24a960f31e9,0f14b7b5c445074799cfabf4a6c4479f229ef1fb76408182c454bae30dbbe764,dc1fae03940b13bf1af8ab148c11bab7828f8eead9f591914630adc31b13311b,P-2026-05-STEP2-ORACLE,19,16cc06a9c7980ba9407825fb567870efe23736a45dad03a3d07b00b877b141a4,3ac6a305c49814f3a032fa0619a91f2b926dcfe7e50b9856bf48950e9ff7c94b,303cde692834ec4bec87b0046608f837f26e397c5b75e13a1622d6884a7e38fc,true,false
REQ-000928,3ccd34687090d2923fc32e3b,af263afa6680e104a3777a77,b3281249d79a0c29d98fbd0f668e2d526d914834c28891916a4d62f6e0e450ff,f0330156007cd111eb13c536211cee29ab4e07160004b32ca2e628100785641a,STATE_POLICE_RECORD_VAULT_A,demo-key-2f8689b230b2,2e71cb59b71b65c06cad21e12161caac3abb63f28f68121147beb0dd2a69503c,b8033222acd26f12bec9288b3d96d46cc132efcf5a8bf6a3c3be08ba12777488,P-2026-05-STEP2-ORACLE,19,16cc06a9c7980ba9407825fb567870efe23736a45dad03a3d07b00b877b141a4,834e42e982831075af6611938108e0762076483374c5199c652d1d1a5b269f4d,5b9cd2a128546b4b7d0d02fc7731f662d719f79f9b6906715685eb1db2c883b8,true,false
REQ-000929,e12e00177a9ba0dc649887b2,53d595034c6cdbc832e3983b,55b51f5d09670abeeaad8d05aa7185f4cbbed390e3ae96694455e8f51b1513f9,6f509bdb9a5ffdf3e5ab6cd515e4681a6460993720ba2cbcd85136817f187ba2,PROSECUTION_RECORD_VAULT,demo-key-a24a960f31e9,7321094c903d1c5dbee3a01fbcb9f4a7c35c1ab39e5db9713f031d686eab516a,6e964d6e60879103652dde7a41ed2dea3e7dc9cb2f3a6385b0bfb59a558b9145,P-2026-05-STEP2-ORACLE,19,16cc06a9c7980ba9407825fb567870efe23736a45dad03a3d07b00b877b141a4,e71eb54eb2f2950953e42c22ed89e760d8a3b548fc5d07db3fe3b349da1db297,a3329c3ac85b4e84dbbb4b41763d36c267424a6f715fa094307efb9938804a9e,true,false
REQ-000930,e75112487c579ac4b3944b49,ede4c025cf9928981e13d89f,9e127dda6996aa7c12c43d4043bada2242d1f9f1185f103a102b55fb0469952d,5df81345c9377f4c570e28fbbc9b11aa7ba32bcc9cb774cda79a63117d4faeff,STATE_POLICE_RECORD_VAULT_A,demo-key-a27e431d0ad1,4fc5e9fc6a25d599f8d83ad8cdb26fbccaca4d7ca4d3988157c088153a07750c,117365640ac317cdaceee9443d324a71d3cd80046a8f2aa49df02f48fcaaed53,P-2026-05-STEP2-ORACLE,19,16cc06a9c7980ba9407825fb567870efe23736a45dad03a3d07b00b877b141a4,ee30fe265f853f77598670be7954c59714df0745e65a9dadb8e7d1e0254f3ebe,ccc18f2cd8e131e8535f834f2f93c1c76fb5249115a0ead6af095a0f1e847921,true,false
REQ-000931,fd3d5cc99a32a0d7670df06b,df84e958643820b8251dc224,d7ce86d3cd9718132bd62da33e82fe7d83ff0b10c57bfe7e5647de1e56f7993a,ea72907c0735b529574e5a7f3fc854098d818c672490cf38d9553787c30872cb,STATE_POLICE_RECORD_VAULT_B,demo-key-2f8689b230b2,a359a125e99aa28ac6453c76cd24373352580f5a0cf7840b838598789c459b95,7deba99adba3017004cb4fea3a87f914b2fac0a846451e698d68f6a98b0b68b0,P-2026-05-STEP2-ORACLE,19,16cc06a9c7980ba9407825fb567870efe23736a45dad03a3d07b00b877b141a4,348f02cda9d2dc4ceeed5f76c287e749a225c6a945e31fd2785f4dfb483130b7,d15e6392aa5664fd347bc3242b53f2fe192b3b8eb50daffc3aaa6ea1047311f8,true,false
REQ-000932,6ba78bf38cb75dbe69553ae6,42d93f81f92f941506a6a237,e488ac56f435981f18df5be4d60aeb42ae20268ce67da2a22a01a6ad64dff8bf,d015ccd65480eb36c1098bd05ce7e0c4d0afbbb35daff24174d93e86c37fe2f4,PROSECUTION_RECORD_VAULT,demo-key-a27e431d0ad1,9a96960aca4b2ed44f52dfa8270dc42b20f7c6eb02df50d6db32b7b187899e5e,85a3ac71846cf02205cbc100bc286d2edce9991279ae67bd222880e5f6b314c5,P-2026-05-STEP2-ORACLE,19,16cc06a9c7980ba9407825fb567870efe23736a45dad03a3d07b00b877b141a4,054c1786cec951feab977b424e41356eaa5565a63a3d8a0d47c0844defc33547,b1bf9fa8f8791c89518ed2e3ab312fc5b54cf0fb160d98753c5395ee2b789435,true,false
REQ-000933,eb98737f534a00bfebfcce9c,cde7f85bf668c4779be81c99,0c6f20c9a673ca2f6a40a43f4aa4f2f83f2c7439257c378da68bc80688465482,9ad731a6fd38fb3c8fbcdde71cb2e6d3c521ac7d25bca8a8dd84f107475e69f2,PROSECUTION_RECORD_VAULT,demo-key-a24a960f31e9,fc47058129f3b5d06c5388762166fed3e1e0e56b6c0c728a0507e65f940a25ef,d4204597b6a60d5e53ec0cfcf73eddaf1f7cf258beb6bb8f931d7cb1964e2130,P-2026-05-STEP2-ORACLE,19,16cc06a9c7980ba9407825fb567870efe23736a45dad03a3d07b00b877b141a4,ca79443ab6dcd698fc2eac03112f6ff959b39ffec766ab7b72c2212e02f956b6,fdbfea83a0c1bb0277ecfcb05d6cc56700b9784dbfd82bd4a80a430f9a17f388,true,false
REQ-000934,6969bc27b1c05b9059519252,0d0109fc5d4e121838d957cd,126c78a0de02cdc660aa2844f88239b1f9e5f6b1fd74d9e650da2147935ae3ce,8d0a76cabfdc9027ee33c75ffd3fcfa12f9190858c0ee486fb842e338bf11a44,PROSECUTION_RECORD_VAULT,demo-key-a27e431d0ad1,f5d91467004abf1584742e3b00273a71ac3d11958d0b4f46d1f332da233adfc1,eca64456e7fbbaafffd04d8980e493704e049b9df312f2c33a106309f3cf0eec,P-2026-05-STEP2-ORACLE,19,16cc06a9c7980ba9407825fb567870efe23736a45dad03a3d07b00b877b141a4,7df417893a7c7918936ced671a251979bf01f58002b168ac6062e21ccb22aceb,73d41e062bd005cff969a244635e73dfb9818dd2b17c14a949e654560e03b455,true,false
REQ-000935,f7151781855b8ca96dc2f997,a7668c0e92aeedcdd72df8dd,bfe665f819abda3f827896ff30d44ec79c84e1afbac40fa542f7f60769f32a57,a6398a161e230878b30c48b92e66062d108506f60dfe898a929b0772f4776d03,STATE_POLICE_RECORD_VAULT_B,demo-key-a27e431d0ad1,de36702ea111744e2c7cf81ba912d247f3f2bded1915c2c00c0a31a490201482,7d3c94fecf2c3b7921e3bf7f143528b9aa7ad5a40a42775102e9b5d597f6a368,P-2026-05-STEP2-ORACLE,19,16cc06a9c7980ba9407825fb567870efe23736a45dad03a3d07b00b877b141a4,bc7916a0e1a618ed102d51e067486abfa835995ccc91b34672581213316a4124,bc4b8ea8a93763a5f68dd01e283efd2a9abd6e0996b4908cf444b99c3c3c1140,true,false
REQ-000936,c3ad49089de0c685eea42246,4b92f198fc6ca67055ab5883,a76da2665b16bf18344234fbdcdab9ffdfc5e54e662f6e7e5e78491bb2026571,58204e8a7fb34d2361aec540bd3f7ed52620ce7117f21c160c280cff7048d0a6,STATE_POLICE_RECORD_VAULT_A,demo-key-a27e431d0ad1,d11e99ae9ebfc68e07116ec4bede0c319481969589627aa782fbfb635ad52cc6,a8dc9bb9770aaf47f5c20aa4dd7502977b712de4d3efa685a047f5fb7ad3c73a,P-2026-05-STEP2-ORACLE,19,16cc06a9c7980ba9407825fb567870efe23736a45dad03a3d07b00b877b141a4,5c2466657e4831249860b6ba78b5810db8c03c5e7f4064d8b16bf86c2939bd0c,0a1fb5f6e405df49824460bbb09f1c2179d141dae74043b50d0792c3c8d71363,true,false
REQ-000937,b1369cfe83c9b50aaaf08c20,71ea733dcb81fdd05667e907,5f46aa1ae1ba9700e05281e4a6d0725f38b65710ace9f7a6fa7c2a0bcd75cc6e,da80566fd8b1d2f23578f5b6f4dc0750c01ab329b60d465a5f96adf9983818d7,FORENSIC_RECORD_VAULT,demo-key-a27e431d0ad1,b16ac718821d2db4e47f44bcbf658d78b76821967e2ce29e08740802e5c26688,f896c4be39ff0a74fcb6c3281a5292c40d883a7c4084f866cf70c3b45c5f1c03,P-2026-05-STEP2-ORACLE,19,16cc06a9c7980ba9407825fb567870efe23736a45dad03a3d07b00b877b141a4,db3f6462fd73a8bcb185629f1cddf13eaa25b96d07ac943206b2d5b7246f2803,8011b90c34df4ea7b4634996b724524854b7607b6e37461340b21b587231cf55,true,false
REQ-000938,5d20a2d5caff676d0afb5185,ee00d2eadc62f50604954973,25a780ca52519b3ff11fd947b9d88e7b7aff699ae319d2e566369010d0bff716,3e8ebc4d8415083baff9d432794c0571dbb38e59a758333c17f4b0bb842ee372,STATE_POLICE_RECORD_VAULT_B,demo-key-a27e431d0ad1,63da9d799ec3ec33ccab9868410b79f62904b3bea2083ceead546baf43b3e16a,e7a5b71b7e816a3f6e7a6d2f574af44d6c8b4aeb4aea4b2ff8c7e8e3f1ddfc3e,P-2026-05-STEP2-ORACLE,19,16cc06a9c7980ba9407825fb567870efe23736a45dad03a3d07b00b877b141a4,e5f82947f563a29db36aecfff87d8ec7305f78ad7d3212f7c13c8b1ec965c588,91a47bac6d14989862eb8cc88900fb1e211c50cc725790b9ec4f46f4973cecc4,true,false
REQ-000939,7ab9fa00902faedfec4f6eaa,111aa3ae2cd54df4414f9f1f,a1c69f1c6e43617cdd60b150617466a450f171e9ff7019954582c8e2d7a7dd14,e006e1885ce4194810527bddac052f5d49f50f28db3a78f4e9dda854e8fd85d6,STATE_POLICE_RECORD_VAULT_A,demo-key-2f8689b230b2,39ba5191abc522bff7af81345e5c99f7bfef22a94904958db8f90d0b877019bd,edd679a45e8209608a5a73d8d4b0f6419d178398fe63fc89824e147effd0caa9,P-2026-05-STEP2-ORACLE,19,16cc06a9c7980ba9407825fb567870efe23736a45dad03a3d07b00b877b141a4,182f295e3da9f06df076d97ed9b0becd2c0e3b62f3f91c869e23ff0d68c308bc,ea1a35a778b1a0f68654bfc59ffe3b3a406b0df555435cffb43c6d94936be8e2,true,false
REQ-000940,47c63e7665f354ae6f2a6d64,3434e30c099c3cf75ab6c112,a6c0016ba5784f1a164afbe1403d872c0e4e2055f3800979592bbf45bfb720c9,572f7acbaa58b29a2e708366ebcdc9a7ea58704d654f9d18a58bfbf0db83fa85,FORENSIC_RECORD_VAULT,demo-key-a24a960f31e9,f5c5193eb2f3cc82fb13369264b56872cdd464a4806ce9582481920d73d5d848,a5e4915121844742088e1963477a887d8cc81a8d965eb87adbd50197dc62e940,P-2026-05-STEP2-ORACLE,19,16cc06a9c7980ba9407825fb567870efe23736a45dad03a3d07b00b877b141a4,90fb1603890be48c4dadf462e95ffa7593438e894213ff93221f64e64265accc,ab9e4972f9971c1f6f9ed85a26a5dbb96d3ff8cf3dff12023735212860060095,true,false
REQ-000941,cc15b0789fbb4ed267c3ed39,ab7399adbd798b0b7f2672a2,3d14bcd028ed63c770dc68d3e0140a5f977c48e3ac9b9b7cb92025b5ac9a46a1,1580af7ffdd469e50ae439474bd5e235f3d4ea7cfecffc677663ec3ac2114cbf,STATE_POLICE_RECORD_VAULT_A,demo-key-a27e431d0ad1,9d3d1d0a869b32f2b2bb64b7d17d6bc53a4e189c8cc297b01413c8dcdf7be835,1819a22921ae4aa3ab7e48bb7398458792d4a9b236c1c3866e1d41773d98be0e,P-2026-05-STEP2-ORACLE,19,16cc06a9c7980ba9407825fb567870efe23736a45dad03a3d07b00b877b141a4,7a0e9843ef3084abfa386091815e9980cf93e57e21208a2cf06dfa0646d5b4ce,a31e89586dd51003ae813f5d17a57aef5881e7e213ca8bdd578fe60f0935e4b3,true,false
REQ-000942,76adbb3fc2521f255ea8e9c6,6bdaf89cc76bd4375c21652f,7ce5e4157889f5f89778a0003c48bd6c383a638afca7609d2664e6424469c1d6,951b9254cc89cf751bdffa97fa0be66bac09f97db083ac5ea4913e5070e58214,PROSECUTION_RECORD_VAULT,demo-key-a27e431d0ad1,1a12b4478f13119961a4dd0d0ebe9ea4f364da31c59ae93138a32f8aa300cc30,6d5a4a05e280815f577b5e6e7a70f8a99e42539a865c540d91e16f67143843b7,P-2026-05-STEP2-ORACLE,19,16cc06a9c7980ba9407825fb567870efe23736a45dad03a3d07b00b877b141a4,bb639185d0a36949032375d33a6b5a5e51ede625de885228f47904b0b3fab852,373792a228b861f289915755b9deb22fe4b77db366695b17022926bfa5e866d2,true,false
REQ-000943,685db473c8326fc6f2ce18dc,16f4e063514f760824c0aa3e,edf713657434aa8d4ce1d3255a3bcc2fd206797cd57cba30b870a61955779757,c238e1ee064861aa9991acf4878505324ddb1269427757c26a667a53288059ce,PROSECUTION_RECORD_VAULT,demo-key-2f8689b230b2,f5a6a39184e9ec34340804abfd4c7b8b56c6dc3d38564bf1d1ac1df89e1bfd4e,897264d7f7fd72811596209b30ad7c3f322af0b0ceb1ea58ede6e1211eacf1a1,P-2026-05-STEP2-ORACLE,19,16cc06a9c7980ba9407825fb567870efe23736a45dad03a3d07b00b877b141a4,e0b0e71d3817eabddff4e469a3ca7a1e99962660a95754215114269418f696d0,7ab24c0479b6a93505a414b09ea7a8cd8d79b4b2b6baff690e3d79ab70c9b627,true,false
REQ-000944,24f613e6fadac797ca776657,d62b9744dcc7ff45375a6989,ac58f824b16c7c0b686b0f80cd1710f8f2ce41e9f721c8c858fed62017200f76,b0c98e11ca85954f0bce7ae6f3e7eeedb83702ba326420f8838c0f7948d9fa36,FORENSIC_RECORD_VAULT,demo-key-2f8689b230b2,61f06d1c406fea53f4997dfd0a6744e72a4d06fc066b28d7e6555737a345f660,963d6ea7055851d579251301760e1ac265376b1ec357f2a51ff4226f01e24636,P-2026-05-STEP2-ORACLE,19,16cc06a9c7980ba9407825fb567870efe23736a45dad03a3d07b00b877b141a4,74a6e10ccfcae5346fc9aa9f701fec7762b42d86935bee4a4da29d192b050ff6,7b2d1afb3c9d22fd1048063db0b883e53ff4bf57886dc1de7f474f64ffd59b52,true,false
REQ-000945,baa6b6685b0bb577aff12148,6c838c06b8c344b7c0505ce1,35a32692eac98cbc1a88e033872fbe2b169e5a563eaa32e2e5e37efd87fff45c,94654be7b2960767add0c151cd8c7709f23f61073b255bb808a60cb3bceebab2,STATE_POLICE_RECORD_VAULT_A,demo-key-a24a960f31e9,3754f68a8dccaf13e7d3faa979ad95cce1fc4c96d2a4291ed30508520e43bd3c,2c21a283bb4501e535d5c27dbb2d480c93a0b5fc0f196101d4e4be0fe28495b2,P-2026-05-STEP2-ORACLE,19,16cc06a9c7980ba9407825fb567870efe23736a45dad03a3d07b00b877b141a4,3ff1f33b64e716797fe7c1bb3071ce2ed938aec99fec56f504924b6b3a62c6ba,31cb4e623fc00cfd9c3da3f45cf2c5b90a32e991a4497bc8123a6d7e4a63dd87,true,false
REQ-000946,e5302f38762e2bdba2121487,d25b3fdc96f140c38cd333e0,17fe950eb26c9c72845f72132eaa508e457078ce489ae5b9a72078ede881a573,c35e9605121c6f6c3fa01b33501d2e0af97c2a9df9fa621733002e32b7065ce7,STATE_POLICE_RECORD_VAULT_A,demo-key-a24a960f31e9,2d7aadb12377b220550c603abdce6dcd30d98ef4f7355276d965104f0c7858f2,37d155c189f205c73cad7fb0b5bdfc44bcd6a4210ecf4dc87056e1b874ca203d,P-2026-05-STEP2-ORACLE,19,16cc06a9c7980ba9407825fb567870efe23736a45dad03a3d07b00b877b141a4,b4c600ad7c592f2d6473d3b8b45b5f08ab289c95e7257f0bbe02b933e3fe22fb,53949d7478a87772c49dc171587511aefa0f5681aefe2712a7a5ac225a74581a,true,false
REQ-000947,824a794b4e624def85c96265,ecd781c361a74ca3f8ee95a3,94430adc8e73435b3ca6cb88102b3be01ae5fc54720953a215601644de3b539b,0c23a56b808f1e420b69769b0ca97dc68a6a01518d93b9f4b39eb2bbd84509ba,PROSECUTION_RECORD_VAULT,demo-key-2f8689b230b2,201f571cc7fb5da374d02bdbba5bf76bce8098ac66bffe41d148a5b495526728,6b97e0da15f818106984864bbd64222dda6348007c26eec8bed3e98fc340498c,P-2026-05-STEP2-ORACLE,19,16cc06a9c7980ba9407825fb567870efe23736a45dad03a3d07b00b877b141a4,a7f31f869be1cab334e940a3992a155af7e0b18ae85a4eeecf00da85c5912c22,3f30a88aa53c0938d8163e494b7ae9fcb0b40ee522c48306f51920d0c0a651ee,true,false
REQ-000948,02618a5e4015e753681bdcd2,197aa082f99f9138c3633459,73b1b7be935384fe1f3a783f8d803cf9a26f5cc34a54de94287a9b013ca949cf,265450359cf24516a46f4d530c47dd3c3757db91d57d17c92eda47d183c51e4d,FORENSIC_RECORD_VAULT,demo-key-a27e431d0ad1,f459aa36cfe65b5cd24fc6fec6eed403aabd1974297689837c589888e4bea5fe,0d0e772d1c14c0469309b0b79faf5e2664f5df3e8118de31b158606737dfa75d,P-2026-05-STEP2-ORACLE,19,16cc06a9c7980ba9407825fb567870efe23736a45dad03a3d07b00b877b141a4,aa8fba84083dd643ab84b9ac25fd9a6d98ae1fa96421a7afe9f66da2dfaac28b,b6d79ffe16560674318ff2734d3dbd88627110ec16290cbe71a532d6375509a6,true,false
REQ-000949,7b291ea97b660dc95e52b341,cd081fc803d81c9c3fd711bc,596a2e283014792c6f347d75caef173f1472e838f2b5516c28b394960556b081,7de9296bea1dcb05b58277f5d7aabf7cfd77bc985effa709d5284f8257056569,STATE_POLICE_RECORD_VAULT_B,demo-key-a27e431d0ad1,3cc86da52a64ed7411f445d2d234909e111a1b656afe433295e4825bd2bfce9a,e9f669d98b1c7f20eab141aca8b30e8c73c6c4498233d407c0f0318242f8934e,P-2026-05-STEP2-ORACLE,19,16cc06a9c7980ba9407825fb567870efe23736a45dad03a3d07b00b877b141a4,265a6a6541ed970aa93880c0e84245c965ad16344e6f7426f92515eb25b44184,360eef84f59ca5614eba8598314179b4a968a0bc58b4bc2e8838a1d44a462bcc,true,false
REQ-000950,65b119681a10677745fef3d9,67d12b60b079951a522f26bc,0eff07d897a6352a411bb7d315e41eaf131748d2fbe2ae7296d57d11668e65b2,627a74fef642a44e2aa17bc913574fdae591f159508485e62c86fb08d580b0c4,STATE_POLICE_RECORD_VAULT_A,demo-key-a27e431d0ad1,5dfbb5d7153cab664f85b243cbb0b3fb1cdb73c17be1ad29a0ddf282fb7676a6,7468eb2a2e32a877f08166ad103c2c1a41283379a709c2e2c77e8de52e208c11,P-2026-05-STEP2-ORACLE,19,16cc06a9c7980ba9407825fb567870efe23736a45dad03a3d07b00b877b141a4,777cb650ac82a79215c2b90a98b4287fdf8bbe485332beabd08567974de7249a,33a88cac069abe17c4ea73024734540ea6ddc66dab9f466e8113165631aa3274,true,false
REQ-000951,2bb01093000cff150787fcc9,5fb1de4d26d949863e60055e,ee202363def0a77d311bddcadeeec7c5b5b6f09988bbd07690b5a9374ab32399,21feeffea7be5251e64bbe8f788236ab85dac7b159911466490838278469d1ca,PROSECUTION_RECORD_VAULT,demo-key-a24a960f31e9,309f9758fb60f5e762e806a43552e2ff47ed01246a4c4b279fcc050ffbf23760,ccd496d1c49acc8b541444cb3230ea04dbfd9129808c04d868d07c9c5f552aca,P-2026-05-STEP2-ORACLE,20,6654794046d65076b39f2f2d44a4b9f69ede70e25f5f83d9bd96606ddb21547b,1c19f42f1400208fe417db3fc1a6d3c648912d52f66278888e8b0fecc750be2c,3d7faee2169b8e0b955262b01a051686230e915b37309eeb47bb562d6e4154d2,true,false
REQ-000952,70c78bbc75d059ecfc674005,a2a94353e949b60ac0b42169,a6bc244b3070f66d8714e9b8a40ae698f761cb9379fd7e406f174d48203ab1f9,7bf83ddff5b9f445fdf2b8b7ceb6438a0090beeeee298ea47addf9741c2e3efb,STATE_POLICE_RECORD_VAULT_A,demo-key-a24a960f31e9,1545003973ce1bd43f3e992ecc88bbff999c2afab425ba8f49c1b0df339ee63a,4eaeb20c1831341c751dc091944a744a7e441c8e6d7ec9ebefe7ea1e08eb4243,P-2026-05-STEP2-ORACLE,20,6654794046d65076b39f2f2d44a4b9f69ede70e25f5f83d9bd96606ddb21547b,cf4ca3955a1d9e3cf9a44de9cfe153e088c19e74494d43edafa59fbe5b8a88dc,7507e888d7ca85717ca9ae2526a2fe802869bf5e46feea7f679f1661126753b6,true,false
REQ-000953,873c7de1d90814943680a90d,c40979ea33a5765235e24210,dbd4d9ff0507bd287a32090f7cc88fa3325ee0c176c52acdf245d62128935bcd,c4f9190bc60be7e7ddfbeedac0bd95c890129270de93a50a1bea1572284f6c3e,STATE_POLICE_RECORD_VAULT_B,demo-key-a24a960f31e9,fd2b8611352746adf581be441f28cb8ec9083c1ff7cbff998c6b08efcdce0f54,7a105cb161141f97bed7e245b4f23c159afebc9e548c5ffdf07475289e7ba2fc,P-2026-05-STEP2-ORACLE,20,6654794046d65076b39f2f2d44a4b9f69ede70e25f5f83d9bd96606ddb21547b,0a2042523156315b472897f9344764c1e02dfe40d4f1b8aa1d23c6618191ba7a,82723588518e9cc1225898b1de20bd0b8a771cb680dae06080bc8d47580d37f9,true,false
REQ-000954,bc645ca847686d31b766673d,3ae0cc7ceb0c9345440ceded,a29600af1a548fa3ce09ab4fa9cef5b8a05b1eb3a470d5d663c0812f23fa50b4,539df765f2f6c92c76daf90e4d04fc135595917410330770fe4d91119e6e4bb5,STATE_POLICE_RECORD_VAULT_A,demo-key-a27e431d0ad1,bc9e6c78e8accd31df2592e1955d41fc42b3d141ae29b090c921adb97e271e0e,1e8ceb551930f4920fff165db7a59314abdf8dea3f0069fff0869f01843df67b,P-2026-05-STEP2-ORACLE,20,6654794046d65076b39f2f2d44a4b9f69ede70e25f5f83d9bd96606ddb21547b,7b040408f4a45d949a3d053781819d627f6237a610444b92e1a4b1f4260877d6,9ff5d521c7d995c13d133d914f2d03a3882b28544257e2b855e172cb84e2dbc7,true,false
REQ-000955,2ba4339d45b004134829f8df,ea879ce5dbcf7ef635dc4544,c3b591964ec72bb74ddd78a88199af738ff8299f74a55e09aacef62c1816446c,51a09c937f36877b421d5099dea8d06d3c56faaf1d09a5db433e6ff5e86f3bea,STATE_POLICE_RECORD_VAULT_B,demo-key-a24a960f31e9,b5ec10c7607dff3c6aaf70dc31a9b0cc11c394fd2cea23954a5196cf20354594,15461807a2f3c713716286f084955f91d2ff16f13d8c8165f418fe38e052e62f,P-2026-05-STEP2-ORACLE,20,6654794046d65076b39f2f2d44a4b9f69ede70e25f5f83d9bd96606ddb21547b,07fc85a4a8e3314d7d430d0648b3a438a5570f542c8a688613c6dce33a4bb647,535747934608fb32625dbbe2f9bd312386044fa32bbb116571baaf3f8e2f3f9b,true,false
REQ-000956,570eb7fa38bcf5f5722f7399,332f6994c9188c16b3371510,f28443740644e9e1f89e9d720a3f68cbd0e85a929c444044df02e724d77d4dc5,19ec121a6347ee02df3a07ad39eabd1ec5cf8909ed0884e229033f5c76e9126b,FORENSIC_RECORD_VAULT,demo-key-a24a960f31e9,9777ee4e4ca385cca3bd15dab78383407c88ac7fe510eb824234968551b89b3c,37149102e49678466a21fa7624368b1001bbab84ab91af8205369e8b660710f9,P-2026-05-STEP2-ORACLE,20,6654794046d65076b39f2f2d44a4b9f69ede70e25f5f83d9bd96606ddb21547b,b1eceed08d50c1b5acc96e07472c84a69e8110edd18bfacb54b8a913a6571f0b,c433b532aff740d20a92dba2179d66692216e7f3f9ffc2658747080ab6ee6872,true,false
REQ-000957,62c4bd5e3c46d322ca954d3d,b6062baf2b851e9e9fd94bea,2b6d7963537ed3f91995340384b021aaeb9ac8d9dad0e5fe38cd343ce14a5604,305794109d06e3902bb6b6c7cc85214a66866897e68f23f93f34c0bbd7ed9b94,FORENSIC_RECORD_VAULT,demo-key-a24a960f31e9,102f6ddd75ee010c6035820422c24f828d74df6d0fc1f4b6943f5ab79f19a7ed,b391b4d4c587d4e4e4dc614a1f3307fdc4db2d02fabe3d2244be35abd365cf09,P-2026-05-STEP2-ORACLE,20,6654794046d65076b39f2f2d44a4b9f69ede70e25f5f83d9bd96606ddb21547b,e069254dfbabe9fcfdb169e78bd3b949d49dbb6c486dd50c3c8054962684dcef,0ba8df521d9b747bf3aee547e417bf169818c170278214b8ac0dac84036b04b2,true,false
REQ-000958,f7694506fadb227c01b96b55,f96d48b2a08f2d0dcfd2820a,b7d3cde63a6c78d42d52cdd406cc132744bc904f6ca8aa4a9082a86b5d94313a,9f0ed409f53e7b31ca0eb88bac0f97cf804d673eb4c6f4b0453db45265e1a9fb,FORENSIC_RECORD_VAULT,demo-key-a24a960f31e9,0ba0e4d74b50b8536e9d4c17b73c08062c01fa420dbebfe6e02615e8fc1c1003,fa4800b17a07f5007fb22e08f28508fc72d793501c095c5af83073576d67dacb,P-2026-05-STEP2-ORACLE,20,6654794046d65076b39f2f2d44a4b9f69ede70e25f5f83d9bd96606ddb21547b,5f09b1157f2cbf2076187db10a813344f41595facac2d99e851f9b0e4d80add5,19ee07530af1b1d1e16134ba2551d238fe4b4be336535fe37638726fc287a4c1,true,false
REQ-000959,32709e9933ce8393e41f8851,459d60e5cf7833acc2c7f148,7890c3fde887b6bde893510232786a39fb77b2cdb48df35ae3d59cce34f21e79,f387786116b22368b5742bbb8d4874df5c90d8a025967918f03d50c7bb680df1,STATE_POLICE_RECORD_VAULT_B,demo-key-2f8689b230b2,2f1d7ee10a78f716b35f20760bd1b324d4ac3371102703e427f8fb993511eef3,7c0dce0e274d28a9cecd928994b2d99332df1b3eab4e966e7d1fdeed1325c07b,P-2026-05-STEP2-ORACLE,20,6654794046d65076b39f2f2d44a4b9f69ede70e25f5f83d9bd96606ddb21547b,f55d4ae7157b6eb31a626d6142496b1790e43d00e166fa609c8dab7be901b1dc,e58f19127c3c9eb9ee27a4acb5f6f27e6f42476246e508b25b8b875969603df1,true,false
REQ-000960,bbe429bf8ae90c1182e92d2e,c6b2f25fe3cb4a147cbe939d,39fa9ea7eba960d90406b532afd7feaaad91aa69b887aab54a99859011d7912b,8d69dd5782142ccbb6dda10c0ee250cf8cd1f9a68886fe49858f4c8cb9df0fea,PROSECUTION_RECORD_VAULT,demo-key-a24a960f31e9,1859ca84f73b499414ee2904129e9b8f7919bb54dcce33b7d36b3881516f933a,b795488f577ad14b28a6707acd6d385d6ac19124ba38e73575fec9a38abcdb86,P-2026-05-STEP2-ORACLE,20,6654794046d65076b39f2f2d44a4b9f69ede70e25f5f83d9bd96606ddb21547b,5fb7e94c306d9f14e59a0e926c1c8dde60c06f0b4d56f4f8d502cf0eae7c8a2d,0e2e2d0a63379a7a037262ebb3dab83a6140980e5202e6c58c5a862582813fdf,true,false
REQ-000961,d12cf10e373243a5cf3cbde4,33ed2b194179458c5eae8057,a3d354e5f3bb1ddbcb9c4e8b711392a4c1bd5c0f95aa2db05e5e73f17d32efa9,1e57651fc2a5bc9d4fbffb2e5487886c38164932da76c2c611db2639b5ccd291,FORENSIC_RECORD_VAULT,demo-key-a27e431d0ad1,2132d047363d4f69972d821064c0e504473171e2c27cc161836b8908beb1de18,fb85b5689cb79f3b0e15ba14641e8b71be3524c6e00b73d2799e639c4640afab,P-2026-05-STEP2-ORACLE,20,6654794046d65076b39f2f2d44a4b9f69ede70e25f5f83d9bd96606ddb21547b,59178d5f4a56897c5fef88f8696b795887fe97c16b83e7a06c2b6169aa574a1c,22b71bbed15556d6847fe5798d879e29ad6b4b91c5d4a59ae71c313d3d0c8443,true,false
REQ-000962,c6da6d4d126acae64aff20b8,ceb768c4933a3f70b10993b7,2ae2ed82cc74e8a3aba633713d3bcb6dc414fc5677a8a0038ac93d685a2b76f5,76c38b08a86524de6cbe474fb5e0559c3616fde9883e69292cb5700d27891991,STATE_POLICE_RECORD_VAULT_B,demo-key-a27e431d0ad1,6f9836e70d3819e82e828f7d14a6902e601514ad357d86deacd259bd82bdfa2f,31ee6cc715c523551c7340d40be2ec6df0e80e17e6ba627a734bf5ef64780069,P-2026-05-STEP2-ORACLE,20,6654794046d65076b39f2f2d44a4b9f69ede70e25f5f83d9bd96606ddb21547b,b0025d8f2553bb70a7a13d55858800fa74a66c326c7195cdc7b00798a19a9cc7,4d8bcab1d60b79166dd2f9bf6d4dcbdad06c640979a1c035f931fa7099128e07,true,false
REQ-000963,7162ae3d12d0223d7f64f413,6bd1e7f1020d6ac3b6ef4ecd,4d3715df7e2847508f2dbfa6ec2ca429203f361720d886932bdde3ea4a0fcc98,66e0dd8bec2537db5f6e5cb3c59c13349010f7d9094867630d589f9ed84b0f72,STATE_POLICE_RECORD_VAULT_B,demo-key-2f8689b230b2,36e96e5c6d8f88d4d1d63cb186df30bb2b37157e89a4055cc4ee3db0e7626333,1ea65b24e8e10dbb06426979eda260592294e24bf8d0770b598d72aa6ea2adeb,P-2026-05-STEP2-ORACLE,20,6654794046d65076b39f2f2d44a4b9f69ede70e25f5f83d9bd96606ddb21547b,86b32d41c7656bada88f4242e5977ed9c95bab305ea669c2cd6201e03a5d7025,7d1425a67f00ec454c4ed0de6179b21def69e05bda8cb39030d21811d1b1ac90,true,false
REQ-000964,62c4bd5e3c46d322ca954d3d,b6062baf2b851e9e9fd94bea,2b6d7963537ed3f91995340384b021aaeb9ac8d9dad0e5fe38cd343ce14a5604,305794109d06e3902bb6b6c7cc85214a66866897e68f23f93f34c0bbd7ed9b94,FORENSIC_RECORD_VAULT,demo-key-a24a960f31e9,d858a2914dd03737b66ba9eab88977dd7f2bfa1742356b17ac1aa05dcf28d093,09ceb01c776a4b36ab27aa3c7661b6f6c6c17e2692245770c8814e2d78479263,P-2026-05-STEP2-ORACLE,20,6654794046d65076b39f2f2d44a4b9f69ede70e25f5f83d9bd96606ddb21547b,0a22e73e22d05e03dd89ae9e62bcc05003dd2d7b08f9a64fc375f32e26196304,0928cbdd4daac5a214e9b89241069db97a1e102b2dcd14c36c37b21c0c5f0677,true,false
REQ-000965,5d055af90a40e6e2604a6787,c9e2b5c086f5436d20d5cb5b,e16660c025528e15eeb3359909398fe4133fe380441558878b973727450d93fc,607b72bb7d540eaa522cccdc8a5fbf32d725c75ab6d03b322b241c00608d68d4,STATE_POLICE_RECORD_VAULT_B,demo-key-2f8689b230b2,d717de7c3affc1ca7c8ecfe3c9fe62b2febb74a65f4a3f264622241c24c3e332,e4269b07be1661ba1e474a2bef08c3586bcfb005562a194bd37a81dab1926cd3,P-2026-05-STEP2-ORACLE,20,6654794046d65076b39f2f2d44a4b9f69ede70e25f5f83d9bd96606ddb21547b,15af4cc02c23c6a7c08f4262413e04b73678f1516bdce948b7741eb3b4d09270,b5e87516657baa8ed6a3dfefd8b8074fa998cbaef369ee4b7805758ffeeda1e6,true,false
REQ-000966,264f17522a14cb90f82924b9,6a053047adc3ffa1a373ec86,a413e27c807350f3a77a0001ad7ae1262bd55a7961619bb5268b4c4f064ad22d,b0eafbf03262b822d816bbed1a0448006f92329210f7820d7d4b773d5a2bdf66,FORENSIC_RECORD_VAULT,demo-key-a27e431d0ad1,4ee9131dace051e7967fb94ea9ff3c556d14747a4a5a5b7e77ceafb8c6162cb5,0382e13c21ac410cf16bf91bcfb1a9b1a3a833424380290bded98ab3c5409884,P-2026-05-STEP2-ORACLE,20,6654794046d65076b39f2f2d44a4b9f69ede70e25f5f83d9bd96606ddb21547b,426a240e536cf9d311483b0858a502fe54d94f1d23ce40d06e6fa8f24a1b720f,18c041a2fa59751316f79aa775cec498a0e8ab51f63b465d3aec9820f052ac47,true,false
REQ-000967,195140358f5d31dec354aa4b,a27493661e4d18056db07c54,292b91ba1c1c48bc56d098f222b072fe08678c21199b92620c673eb2a8d299ea,10a9cbe229c7afcca78caa20246be913ee28f2f35edcfa827c83607a98a0d179,STATE_POLICE_RECORD_VAULT_B,demo-key-a24a960f31e9,79007dfcfa82c5ce8c5bdfde3f175cf298cd794a1fa5034819792646865cbe1e,74a7dbf0535694823f0380fe57d3c758eb6c5c0a32b1a22d7e6e1d705dabbeaa,P-2026-05-STEP2-ORACLE,20,6654794046d65076b39f2f2d44a4b9f69ede70e25f5f83d9bd96606ddb21547b,faa62b8e78452d5c80298c8d7f3ed2d3ee3b5c9af2d96536da257487a9e39977,a5ef0d88335e4da4865d9e23ce97217161c76ff529d9fd08944cd24fc336f15f,true,false
REQ-000968,c8276d8fd0deda542ffa6922,3e525f6fbef9dcaa181bb71e,1a84986fd52c9d0eaf04f5374a79f6b0295ac9a89d3bfe253e1c23b9087dcfd7,c522ad783c85cda2fff51ee2b5196b60c82e2564bd486a1171fbfdda320a4e15,PROSECUTION_RECORD_VAULT,demo-key-a24a960f31e9,1d0b347ae9f214f059ce887c34598b34c2a74143e95eb2f17f55bfe9bd3faf6e,ec0e6127d7f490ea6c9e3cf0c00a7632c7265e86278278ca7b43d53c19b0fc8c,P-2026-05-STEP2-ORACLE,20,6654794046d65076b39f2f2d44a4b9f69ede70e25f5f83d9bd96606ddb21547b,c9d11be5a79e044e9f51f7582d5ffe6b7df0ab19d67b40a0f0b13a7876ffdfee,1b875319fbf250d5d9222c2deec89dbceaa24240d44987da4f520da2cf75eaa2,true,false
REQ-000969,83adebd0920663713a0e1b4b,7e12945a3038ca1f89e62153,457c3dd168159345b26f36653d9259d9ad509f091af0412e5faffc1e4756ac17,ae19e86d2818b5d05a03300a191d8e8cadcfc0eb1fcfa9ba57b7fbad4b98db79,STATE_POLICE_RECORD_VAULT_A,demo-key-a27e431d0ad1,d28dfc04a35617b9b11b490ae31eed2d83b6e1f96eb0c76050a945a4c5e8cba7,385b076cc3ee92b4476a69a5165a5b84dd6c491a6347568b28c39c410801beed,P-2026-05-STEP2-ORACLE,20,6654794046d65076b39f2f2d44a4b9f69ede70e25f5f83d9bd96606ddb21547b,1755ba2b3327761742ea5a8efd0e1a88ee241ebce7a417ab6f3c40a3321bb856,014fc727f04df9578e196954a79267c093ea89a1a1c456e1ca7204430deb1ab2,true,false
REQ-000970,58a9f38a07138e1943c8cd6c,6fed1a3d1846891456a05dcb,5db7e0acc07541c8a09222273a9b7086c22022469051db83793d7663d3701f62,e7b6f62862d3a0a55c37e9b6db55d595be7e8bc54c5bcf700279c51a23f76ebd,FORENSIC_RECORD_VAULT,demo-key-a27e431d0ad1,99ccefec191bb27ec2b9da76063ab70716bc4ce17cc175dcf6c29558cc22cfbb,8f778ea57d1fb3f970d8caec20da1379304a44331872f1623d4d71b52a2f43cb,P-2026-05-STEP2-ORACLE,20,6654794046d65076b39f2f2d44a4b9f69ede70e25f5f83d9bd96606ddb21547b,ba286b681ebcc87afe0a0ddeb568ba39f88c7edd4fee9656fa867858e0350797,9b059d76310b8cde586c5c47a23d0b0533a4d6da685b915149e4860e6df1dedd,true,false
REQ-000971,8fe8ed23e88afdf428466ba5,b77a0f416f6b5125a175e92d,7f474459be5c701babc4782d83b5bd942c36394e0226045ba69ed0bbac4e57fa,5c0c95361c920de7f95f66b5f3a5c8d280bd254e55bbeb64f5bb7e4bae4b3150,PROSECUTION_RECORD_VAULT,demo-key-a27e431d0ad1,918ab123cd691add383ec75cc548f33c97d3874e9c8b8ccc4060a13559ced677,e11e79c5420ccfee1b83202f88f5466dbdb3cadeab489c1e7491f13dd521bb6e,P-2026-05-STEP2-ORACLE,20,6654794046d65076b39f2f2d44a4b9f69ede70e25f5f83d9bd96606ddb21547b,0e0262ad15aad695f853b910e036976b8ea9ba9668b5f3f59173602ec6e93ddd,b6c7db572e6fd65c1f7564846c40ba83eac463329d3b96fe8ae28864059f66b2,true,false
REQ-000972,a7b62695b85e36e1524ccb5b,17d7159145f50b412627e6d9,b806a1de1f4a7271b594fff116f9dcf2ebc070a7a6d0cc72946e87152dbda1f6,dec97205996d5c74ab42b54afbddaa2921b2592eff4d8b84ec26557cabc573c4,STATE_POLICE_RECORD_VAULT_B,demo-key-a24a960f31e9,e116b23a7a5ce83051a4b3acc972db02c7f0dc02da5c8b0427a4cc7c223b0683,79d8e0bee3d5c1e328a07f2688219e1584977df5f71baeaed38fd19ca5243d47,P-2026-05-STEP2-ORACLE,20,6654794046d65076b39f2f2d44a4b9f69ede70e25f5f83d9bd96606ddb21547b,dcecf3b140e5b86ad46d4de956ba0712f2153b0ca41d747a67edf51e6eb04c71,8906e32f82b02251e2e2c26c6a9337dbb9f50b8542ffdd3043eccbe2070519ae,true,false
REQ-000973,1aa08103e3c7e97cf82499a7,7250764b437c7ddd06f64c1e,274da4b9fb755c5d1e6fd70a154e0e116d834a2b39433e8ba65722c0faea5317,a7ddcf8a54ec9e18feb5ab706f3cc44034bd6c19987c38506ee76a23d8d87d7e,PROSECUTION_RECORD_VAULT,demo-key-a24a960f31e9,cce699ef491c2c8a1ac04e3ec74bc9188edc209c937c29f5b68ae61ca8247d5d,6a9414726e643640223224dbf764e5426d9e8b067b6b8f4b4ce43bfce91fe664,P-2026-05-STEP2-ORACLE,20,6654794046d65076b39f2f2d44a4b9f69ede70e25f5f83d9bd96606ddb21547b,88474f90947ff594f3390622d4c9f050eb3680bda89b48f71861d7e6fc5403f0,cd44c2ed6b431da4e5bdfede03b3535dea4a12a7a418bdc9952f907bad1137ca,true,false
REQ-000974,a3a0b2f362254d267749f5a3,eab4be83a3dcc645c48be71f,c0cbd9418ce2c92f035a828c72164aca4a7fb66d3db7a67ffd67d8d6658e6388,3cb50fd48a70b17d3f71c93c1713baddbfc824640c0f5be34c8599e2501a073a,PROSECUTION_RECORD_VAULT,demo-key-a24a960f31e9,560a38ed854fa9d0c4e96b99fa98f801626f89f33968143fc8f2b06196184a9f,fd5e7b7559f8250b26f2836c5d2a64c40c4a314f68400250b886616fc6dcabe0,P-2026-05-STEP2-ORACLE,20,6654794046d65076b39f2f2d44a4b9f69ede70e25f5f83d9bd96606ddb21547b,c15a0581712d92e56d5e4b9570dc81977bd446e8e809997201af82c09e6100ca,e479f41e06f45f7eedcfee146c1994abede1d8d93d39618a7e37b210a1a63365,true,false
REQ-000975,5946ff42ea109f3eb283e734,6b03d5231065d951f4737601,7ac15006d8dcb750923723971c031e65254585561a65e650ff61a92d2a646b0f,431186479b2ffefbe463c202188bc1940dc7f1ff709d8d9e5901920d5c8d235f,FORENSIC_RECORD_VAULT,demo-key-a27e431d0ad1,d80d5db90d2a4d0c18de349a837b515a570b89f3b7e74a7e177504cfa0cdafed,a3efe3ac6c2db159aacff0db45d3e5d3010731c596b5ac720a9e4f3de4ec71ba,P-2026-05-STEP2-ORACLE,20,6654794046d65076b39f2f2d44a4b9f69ede70e25f5f83d9bd96606ddb21547b,cc2f6a70053072a05feedbfa0f33ba4a60af745bf1ecbce210e68ccef1de05bf,d812b1c579a1431fe171882bfdc25178cc324822e689f824a872042486b957ca,true,false
REQ-000976,95ee8d5d62c6fbce3b7000ee,fed39fe2076fbeb0175c87fd,7f2cc64e225785c74b57f730e4bb03e0d028d074866d5969b41e37d7540385d1,f6966dfcd1c5a98ec7bf642a8f7ff68d9d8f08824e8ad20ae844cb16006f386f,STATE_POLICE_RECORD_VAULT_B,demo-key-a27e431d0ad1,ddf192283d82ecccedca72aba78e7685e8428f85636d764aba71be6dcc6b9ce0,8c740721283bfb6f54a80230924bb60ecbf7b2cb703035c47d5e4f1331999ff8,P-2026-05-STEP2-ORACLE,20,6654794046d65076b39f2f2d44a4b9f69ede70e25f5f83d9bd96606ddb21547b,e46076a5d1e78e8f31ce22356d8313253fe1dbe37ea996921fac32afb6b2dfce,837b35cf8a5ac4d7e1cf0459443abf8724307dd602745d29b6cfacd6e8c989a0,true,false
REQ-000977,ef5838cb7e4a200ccefb59aa,0a2242e16c9139180788ccda,f0e7061bdd553407fb9c978e25ce36fdf68f8dad7fbc47c7b79641bdc1726cf7,ed2a8c328225381d63e415cebb6dd9d5dd5c1d605388b91ea52bc7d4dab68da6,PROSECUTION_RECORD_VAULT,demo-key-2f8689b230b2,53a192f883b0383022b67ef54bf370ec37321ddf305c87a3ee54a498ad8ddc82,c1078f3053f9f7ac32b16957e3358eac4d76c7d058e6330faaee58bc7950022c,P-2026-05-STEP2-ORACLE,20,6654794046d65076b39f2f2d44a4b9f69ede70e25f5f83d9bd96606ddb21547b,512b0770633974b183bcc25a11f74f3f6d3b360a3938a70be86b11a3069f0a06,df811f5d191ce4c4d9168bfd116da5689da8808b42b493af8c1690075042923a,true,false
REQ-000978,65a60273afcbaa34ae4c3128,9ad24bac9b678123263ff751,19e3e9be559b1af7607c83af79808349f59f942df0474806a0f5042e68b92c6c,965d2b579bf987bbdf820570627d52296585d4a78a92958ebd19835b54a5a773,PROSECUTION_RECORD_VAULT,demo-key-a24a960f31e9,967f2f20f021d8a326af78c88f0c773363c380aa8e2d75b0ff8232b1c75d17eb,12922b51ab1817c23d98646cd502d081bb0af36788e9c9cc46170467f7b31dfd,P-2026-05-STEP2-ORACLE,20,6654794046d65076b39f2f2d44a4b9f69ede70e25f5f83d9bd96606ddb21547b,c6d7fcb4e6cfa8b40dc6412b4264ce71b60b21ccfea8a3ee8a37a29c4b99be02,c0e7a2360283c6ddf377da1b8582543a2c39fe864834c926bf28e9750c0e99c6,true,false
REQ-000979,8bda4bef783bd0a2841c41de,5641fea40de1870c02f79012,e8acd3e430f4b53b2e9e19c225fb08a7a9d6b88d1d23adc0645a4b9fea267f04,dff39efa3079df9174dd8c35a196ad4c54e7953cc52193bf3f7ccb5f5b499c4b,PROSECUTION_RECORD_VAULT,demo-key-2f8689b230b2,e2eea3801d4d072e3e5cf01ecd8b824f5113d4ccd45de1bcbb52e59cc8ba5c97,3ff5d813d7db49849741eef79659c150b9f0d0199295338c7f5621c0f0332d87,P-2026-05-STEP2-ORACLE,20,6654794046d65076b39f2f2d44a4b9f69ede70e25f5f83d9bd96606ddb21547b,7c8c15c4f42406f5ca139b0c3b53b5cc4ab5e9a0e3e4e5f8363fa4ddd1cab41e,c6ec77b2576a3e4f41c577cc3faec3f3099b98675bd8f45b2f453e6b15dd282c,true,false
REQ-000980,570fcb5882c79818b6fa7ccd,52aa5b87e81d0b5bf1d01f0a,a9f9bf5e2280d5f1b56fac67f5c0b11c74652010ce8c095b2e9896790e31756a,f66db093c3d72547ef31fa7360a4194d62c527f456a7c97693ca816335d5e6d8,STATE_POLICE_RECORD_VAULT_A,demo-key-a24a960f31e9,5c77f7ae0a608674284ad8a3cbd4530dc4987259dbbe2850afc18eedfd582124,df2b29a8b8c5e7501cf04e11129db0bf1302077afd52e378d744b23ee462cb01,P-2026-05-STEP2-ORACLE,20,6654794046d65076b39f2f2d44a4b9f69ede70e25f5f83d9bd96606ddb21547b,767e6faaa920d94f9c968493c4790b79f03f25484020394add040ac44139c8eb,a125acbc3bd5e0ce85a707b1a60fa927c9b8795ade8b9e9dbe2067f6e112e4b8,true,false
REQ-000981,98b22e3931eb5eac488f143b,a9433e2ba21c68852f50042a,ac44a2433d3a2894dece543b31cfab62e37df0326c171eb3d2afdab570b3a874,75e80091026d61200cea97e270b900937f277a3db5bda0bbc5c9ed4b8819f0d6,STATE_POLICE_RECORD_VAULT_B,demo-key-2f8689b230b2,7c0bf016b02a61734e5538c75c90750af30394f8c2d9199c4fb9ed38e221bdb9,8bfd48264e5c93273aa4620779464c1734f86c0dd26f6fecf993de42efa1b035,P-2026-05-STEP2-ORACLE,20,6654794046d65076b39f2f2d44a4b9f69ede70e25f5f83d9bd96606ddb21547b,f2e4bf69db8eb186fe2d6d58eb099d9692db9c5a58b36e96ee2fa2c4a73b091b,13c264e8635ab57e8a6e1385d665acae7a0b0e7a3064a877b3f5a0f4f471dde0,true,false
REQ-000982,c8d16cfb81beee7a577351be,e551a21b09241bb31d497a05,eca218d3be8202853332fc503ff7b4ff7133750a484be2544d4b1db3aa225b23,523ef3f6e15ee8d3b96fd8ec19953082a5317020842a38c1e0bab029268a3645,PROSECUTION_RECORD_VAULT,demo-key-a24a960f31e9,2f955f8af255710d536d72b022282796b9e9e8f875fc3e042fae164e4c3e8505,707dca25e77c00c9b4c4a14caaa8f51e16f07b64379a2ff23591c5858be90eac,P-2026-05-STEP2-ORACLE,20,6654794046d65076b39f2f2d44a4b9f69ede70e25f5f83d9bd96606ddb21547b,e6b1865d630c9f9eb7adaa56aea5e85a6cd83c90099d3e3047e34d535dcdc5fa,75abfdfdd3260078166490d653004349a424e92ea72baa3a00727d5dad01aa6a,true,false
REQ-000983,f2c0ebfdd7531b5c97ba07d9,b7660cb1cbb49090d627be70,f502174c0cd6567f417f4e2c9b809787048c43d9da27f576c64f2dc4c7783697,c270d26bb5c9280c20b1cb966ccf9c3e1c426f1b50c0c673b530bba5b2a04476,STATE_POLICE_RECORD_VAULT_B,demo-key-2f8689b230b2,ea78e6b1173bcda8e8a895ec71dc481d06e1bb6f182885b113fdce4d10942f51,90b79e8e35dd04a6cd45143d6d4df0ce2f47d67fe716aab0663b6d4e7708edcf,P-2026-05-STEP2-ORACLE,20,6654794046d65076b39f2f2d44a4b9f69ede70e25f5f83d9bd96606ddb21547b,b4d32e87b1a9c0e5571ce3c5f141719fd4629e884d188a0d0c9fbf49aa460fe7,109069b24c599021cd0405c70c3dac1be8024dd8d03a6a448d9a4e068b5f3765,true,false
REQ-000984,d94d037bceb6d6ea53e03101,ad4a5545c80b21a7bba94311,0260aaf82191d83f4fc2273bd67f80a5c93e79c1c11a239ddb6e94831c3b4f5e,43bd5dbafdb93066d493fac9d3769b933eae3c2a3edff63d9d534f77bc3642f6,PROSECUTION_RECORD_VAULT,demo-key-2f8689b230b2,10479291e89c8b82a3a2637bc8a3a012a3711c6d715826ad1ffd8f4aa04a7322,abae2b5a2f543509d7afa3c176e29d3e7579008889d9c8744e1295b670a8efa9,P-2026-05-STEP2-ORACLE,20,6654794046d65076b39f2f2d44a4b9f69ede70e25f5f83d9bd96606ddb21547b,09768cfd67f55f36391215d8c585cf8f63fadcbdd8c95f1b3fe0dbf8c68a83f6,cc92a6aed980777dca6aba7b747518bdf50d5b800c05aea1e9005f5ffc02b319,true,false
REQ-000985,685db473c8326fc6f2ce18dc,16f4e063514f760824c0aa3e,edf713657434aa8d4ce1d3255a3bcc2fd206797cd57cba30b870a61955779757,c238e1ee064861aa9991acf4878505324ddb1269427757c26a667a53288059ce,PROSECUTION_RECORD_VAULT,demo-key-2f8689b230b2,29feeaec62e78a3e76354d911fe50a40a2f4c471c444dd54c29d1d438d3cd946,cce1b9f34ad0c050d1d8f92062e917256a25e0127e4a1e2c5e152b7d9f6db336,P-2026-05-STEP2-ORACLE,20,6654794046d65076b39f2f2d44a4b9f69ede70e25f5f83d9bd96606ddb21547b,7242f1b10b42c525305a332e8958a330d733610ecd266d5650aaea321cd898d5,36b2f4698de88b11b17825a9b04b8abc1d4e95b99813e6137968b009e99c17a0,true,false
REQ-000986,f1308389961d2199aaa8898b,bd534f4a51fa585a8a1d854a,c8a045ea8148190148c9431ab71ef6fa56b20e27a20378f17d24750d126b847a,057a759b5620334e255046789003074d9a38078bcb06ba6e61d7bf6f9854bf7c,STATE_POLICE_RECORD_VAULT_B,demo-key-a27e431d0ad1,f4733f05cb9e4e2acc70d6bc201ebc1dd0eee045a9119d2953b4d666c0585fbc,138fc00ae7db55e4c1a8ca06ae8aa88018ea6468b75f2da7e70c31add840e6ec,P-2026-05-STEP2-ORACLE,20,6654794046d65076b39f2f2d44a4b9f69ede70e25f5f83d9bd96606ddb21547b,1599e815f0ee177a368b1991f75fcd085cc03f176b223a3fbb47b0ae1bc64c6f,9a73f32abb9d3d7682a4aaccafeacf379c110c45fb182b6a87caa3d62f40c01d,true,false
REQ-000987,e022b16efd825f345ab8030a,4060afab82cf17d15c1c8286,0e023142125e36944a59bb4310b113eb2aae3ecbaaac25b026044f6747f6ed58,63e49351a96d4144e29c08d02068d0ec8e1f577cdaa2656685dcf96fee69b7d9,FORENSIC_RECORD_VAULT,demo-key-a24a960f31e9,4dd0c84db2657cb67dc718c1a539452ba03f96b2bf936f84eae804161e3b4034,05497d63b73fd36ae189ac8bb937e20aa3c871ea8994fd8efebb4f3d4fd0708c,P-2026-05-STEP2-ORACLE,20,6654794046d65076b39f2f2d44a4b9f69ede70e25f5f83d9bd96606ddb21547b,147e8c26620b6727310daf17e62daed9ec01dc75325859be676ada8c18a44d98,5868d5744c214b6e8974c1086a93d340b7a427864e018d55fb66aaa92eab239d,true,false
REQ-000988,6d530f6e96b5b93268a775f8,ce7a948877458c33fb1fc813,f70f3b665371dd32f2d00653df135c06f9882b4fa717e7c2ad155e18e3053a35,c4e9c75b5827e2a55fed7d0d960a65abe5474700e1094feb3f881c547469e881,FORENSIC_RECORD_VAULT,demo-key-a24a960f31e9,7d3796a5895e0e4c45895065c29acd4a7716f14eee043929912322611d302d87,a44c90fbfe24829a302b413328a578861ec67f46d8ac45d0d959ecf886978f30,P-2026-05-STEP2-ORACLE,20,6654794046d65076b39f2f2d44a4b9f69ede70e25f5f83d9bd96606ddb21547b,829ee7578d78f3e3e55e0169e70893f4ce6236c93bac0ae4e2f1f65e9a331dc6,1f80dd4ed6831326a04dcf62a0eb514557e25fcc558ee902f884114383f501ee,true,false
REQ-000989,483d8e368e0abb9247f9bc72,abe3714c5d1af09bda98618b,a27ec0fae97ac3679b2a023a4ba2c2409ea51b3ed538c8a23026f84aab7b83af,358e737ba841c41138c298c2de48105fb8405dea3971d204fb5e3568a1780e82,FORENSIC_RECORD_VAULT,demo-key-a24a960f31e9,ee3d646ac4c91d105b9162baef13f7244b135cef29d7540d9dc377f6f149080b,d08b6cea5fef8376171575390324f979d207bdf7d8a4cf942a51b823fcf69570,P-2026-05-STEP2-ORACLE,20,6654794046d65076b39f2f2d44a4b9f69ede70e25f5f83d9bd96606ddb21547b,c45143783c17b8c9d5ad94e1387c1f6f1803bd0235bdb6c9c706311b62b56740,fdcbdcae07aa844f8d922fd28d5b92c301e5c8cb0c5d347ce76db7dfcfaff743,true,false
REQ-000990,83bca7e310ed9ee58d743944,3d04e3bc99facb128a16e59b,d8e54a0c06e912418581b2bda53e61463fb8812d8b121b7a2d15397e0df59221,ef37969bfdc13346b0ba8705105331d5becfad964aeadda3437b6bcf6e6705ea,PROSECUTION_RECORD_VAULT,demo-key-a27e431d0ad1,9e1de72f3184e8c640c807d6b0ff09ebbda24c484ef158df3719aa01487bbf71,4ddaeb94774774c85aad7ed9bd4cbc73b7bcbecfffb86c0f4b1ae44f19310aef,P-2026-05-STEP2-ORACLE,20,6654794046d65076b39f2f2d44a4b9f69ede70e25f5f83d9bd96606ddb21547b,925d66692fd6ad89a471da80040b8ed6af980da4636ae92fc5d7a80a2418ff0a,4f1b4d82ebac5ce23c00e0522807ac2124ca45cd38ca0d1a9904fa6cc4aa11ba,true,false
REQ-000991,0b78c248bf72ce01e5e741e0,908fba13faeaabf81c8b43ac,7dde0393d33d4302365a1ece9a819ee56e3779be60d7f381641bcbfbcbd884e1,135c1ca69c99f03e13e57a4f1e51e72a09f15414904027a3bebdc51a77ba304e,STATE_POLICE_RECORD_VAULT_A,demo-key-a24a960f31e9,bef6fa7f4f1119dc3568a1543218ee63c595bdff368e3895fbe013f5d0dc27e3,5befa0c330e45d0502814b4b38351b258c3c24d1c220ce2d8656a464c1824078,P-2026-05-STEP2-ORACLE,20,6654794046d65076b39f2f2d44a4b9f69ede70e25f5f83d9bd96606ddb21547b,b4ace867918665d0132b957b8d9d08cae6309fa7f6e3a3fabc8d76803e6ab917,7846cfd92f3bdd48b0e4f817c7ccca23757d1b813e4fd5c6a521739227cf3fd0,true,false
REQ-000992,a3a0b2f362254d267749f5a3,eab4be83a3dcc645c48be71f,c0cbd9418ce2c92f035a828c72164aca4a7fb66d3db7a67ffd67d8d6658e6388,3cb50fd48a70b17d3f71c93c1713baddbfc824640c0f5be34c8599e2501a073a,PROSECUTION_RECORD_VAULT,demo-key-a24a960f31e9,d88e9aae4ead8ba51891a533672682b37d1ca3489fe411d8def3f262d8b30c0b,255503358038e73d465d81a82a6d7d893df622589f9b39cf996b8cab5229b5db,P-2026-05-STEP2-ORACLE,20,6654794046d65076b39f2f2d44a4b9f69ede70e25f5f83d9bd96606ddb21547b,0704c8e8d07aa370b0a02c8aa4c635bf58688ae21170fa2ddb784f876052a78a,4588b7e50af3ea36c2820db60f019cbcb8ed7b4783a3488c086683c5d1bc48a3,true,false
REQ-000993,e35c9c805be9e96ad2787cf1,bb94d8a0eb532b1cc65774d6,9a051121d46bac733de33cde26133c622f5091e11e6104d0249b8778a622cf75,eacbcbf64576691e0f205a55c241ba60c86ee7e69ffe085e1e11ebbc64d538fa,STATE_POLICE_RECORD_VAULT_A,demo-key-a27e431d0ad1,86be7e6fd60b79c718d66280db73b831753b152a114b3b365afdc04307cca4ba,e122909270a06a9808257d0d5f8f2caee5c4be8546d27efc394f05800b3437e9,P-2026-05-STEP2-ORACLE,20,6654794046d65076b39f2f2d44a4b9f69ede70e25f5f83d9bd96606ddb21547b,0af280d32c1b23636e21e23d25c35cd379833abf12b5417480dba5283349f09c,23deacefa70d49414c98fc4072505a2cabc7106475a696a79860e0ee9d92772f,true,false
REQ-000994,efc254275269a6226b4fd601,a4850b69fe1db7981651e042,5c0c265557546d591987ec0f78cdf966c6916397a5ca93cdd47c6a275a21663d,26a2ec27edc171e0c6ae2089ff0174467dd38b08a57507286ff8c51351cf743f,PROSECUTION_RECORD_VAULT,demo-key-a24a960f31e9,8b34706d69c636967fa12fbba44a367de19e6ed142ebe8baa15a88f686757bc2,1e3a739628e8a4c3504d6ddbb91a2471f4e1c4aa97de76c04db601aba2d78a61,P-2026-05-STEP2-ORACLE,20,6654794046d65076b39f2f2d44a4b9f69ede70e25f5f83d9bd96606ddb21547b,59bf9ef9f9e1fd3b88bcc019a7e34f03cdd1980e48ad890e34d0b2688041a2a6,eaeb285fab9bc654a33138efed2f167c6553006ca9209417de7153afa50867e8,true,false
REQ-000995,58336e9663acff35aa7b3832,f6aec51525f7214972ce8be3,3e4f9b28774162e1c1a5660dc818eac44ba47c3753d3868bbadb764370849ae2,54cc0afceb1c7574e0106ba2edec02ea9490fe17002f7ca98f6137dcf69e528c,FORENSIC_RECORD_VAULT,demo-key-a24a960f31e9,9c2442613d4e1d7a28e3a7086f3a9a8222897078b0541221d829bf8fb174e0e6,0f02163467509a3dbd0e34cc29b9e2e4b0f8dfcf31581c7ef3e13944b8f8f0b8,P-2026-05-STEP2-ORACLE,20,6654794046d65076b39f2f2d44a4b9f69ede70e25f5f83d9bd96606ddb21547b,7ed1b6aaeb34d7255516ce0d7c0aba7c08d2a45bbfd88209ce1532297cd9483b,fe51e30f1f1df554e10b206ba3d1fa2303e0d0d908223dec51426adc9b1ac622,true,false
REQ-000996,aa5d5e9574a1ce5800dc6459,954bd0102ec303ea865ac4bf,c33119167ddb453f68e7175cf05751f746924c470bee3e39185b2011a14f880b,ae032158b15a9f95073224a24e44138f28bdda888872009f26949846ce5e328e,STATE_POLICE_RECORD_VAULT_B,demo-key-2f8689b230b2,c95f01b33bd50ae87c47a37130f6a68957fceab287be32a5ba1ad5c4b9f9e863,921950ec1df136271a403b2f305dd3f76e514bfd5d7dad09719e24e191396b5a,P-2026-05-STEP2-ORACLE,20,6654794046d65076b39f2f2d44a4b9f69ede70e25f5f83d9bd96606ddb21547b,3951ebac8f2074068a0081930b1b1afd78bd9eeb4ea4d4f7ebf5ae703d97ae95,b52ad80c97d63794f4ef75fee83a5f584d98982a10f61a7a0a838edadd033497,true,false
REQ-000997,df2072e9cce45f58ab9712de,b80d743b4e0bcdd48565970b,485bf75fd6ed6526e29e7333590dc89afa3cfef3ea3250b8b7822703dcf5360e,6446a770fee0df2410b5db2b92ceefe767dcf4bd3c18ccaa6335d77b6216f648,STATE_POLICE_RECORD_VAULT_B,demo-key-2f8689b230b2,b65f9bd5682cc594dbd29678276f20273719205dab461c6bd40de44ba653fb92,f28640f60171e5fa10b76a32abe33bb11d4f3112e5e8c02cf9f5f036dcd01df9,P-2026-05-STEP2-ORACLE,20,6654794046d65076b39f2f2d44a4b9f69ede70e25f5f83d9bd96606ddb21547b,897b459d8d37d58ae2cca1566d7933b7a18cd51f565cf6b4f861ccf412a3475e,a8fd4c97b134fcf1052e1fd0a72ab261fe7819e7cfad200d1ce98cc33e3467ed,true,false
REQ-000998,9322ab1e6956dec6b780efa5,891473bc87b838e8adfa4014,07069e8942123f133aceb19121b39fce6aa698671237c18bab5975bf409c9f2a,57d00a50a23c94c482f6a13bab8c11b415285c772555e75ccc0669025ab6ed39,FORENSIC_RECORD_VAULT,demo-key-2f8689b230b2,b98f41d91499c3c638569d160d288cb9a9b6b9666923e293e7d8b7ddee7a781a,ab897e2fe5d1776486e86807cb5a757e0f717e9571ba2488465d9bc55dd77f3f,P-2026-05-STEP2-ORACLE,20,6654794046d65076b39f2f2d44a4b9f69ede70e25f5f83d9bd96606ddb21547b,25e971c1563a5ac85d31ef5dc07fc3cc3b226b0bf4d8697454d8492d4e3a258c,5664f1aacf842ff3182baaf7387af50ab7bd0521b9b44ee94ae775fb480d83a4,true,false
REQ-000999,eff1115c482447753dc310ac,d234a5e4206fb7519e6b10ee,63f4a882fc4cfe955dd1d30d3a54ca8e94886a67ef7078118346bad5821ed430,2397069aadc43581bbea43b8dcd917dec90d46745914c6b1092991f2f5e9c886,STATE_POLICE_RECORD_VAULT_A,demo-key-2f8689b230b2,073603ecb9eaecf4d339a058ab0adc8a0de95711171823b459f86360e65ae720,3be2a52ac1b3d78fecc9a12c38678ff5a8352e988744e31382d949cc6b6fa940,P-2026-05-STEP2-ORACLE,20,6654794046d65076b39f2f2d44a4b9f69ede70e25f5f83d9bd96606ddb21547b,76b9ceea1f888f53b057879ab9b21caf67b2db502dcd51e0273c7da2968f00ef,e47a7001ad1b72fdab24c50358e16f51bbce1d31ac944b62ae40561ede12f75e,true,false
REQ-001000,855965ff849e31dc11494c47,f9d62cf0011e2f4af846a8ea,1672400a0577c8ac45a6bbd628edd27e9e43236294e70297b951d9e3f65347d3,59aa24bd23e42b159883b12e25fc5185f6fab7fa44346fc13362a560fa47affd,PROSECUTION_RECORD_VAULT,demo-key-a24a960f31e9,6a203f0db11abd6aa4ab4e81e374b34a36a60207d7c352f47f3ad673f94e2a8a,3d0039ec5fb871d589c4a0eecd98c451b7ef4553fc60682c36900c27dc52449c,P-2026-05-STEP2-ORACLE,20,6654794046d65076b39f2f2d44a4b9f69ede70e25f5f83d9bd96606ddb21547b,3a16f64acee71109e1d68e815ac900a826098bcc99b6f0aa18ef74d45e390112,29ad3462b9dd59281cf80f3fceb794e44ad767329f1662496f92902b9f56bf99,true,false
