request_id,timestamp_utc,scenario_type,requester_officer_id,requester_officer_hash,requester_role,requester_rank_level,requester_agency,requester_station_id,requester_district_id,requester_state_id,requester_clearance_level,requester_credential_status,case_assignment_status,target_record_id,target_record_hash,target_case_id,target_case_type,target_record_type,target_station_id,target_district_id,target_state_id,target_owner_agency,record_sensitivity_level,victim_flag,witness_flag,juvenile_flag,evidence_media_flag,sealed_status,retention_status,same_station,same_district,same_state,cross_jurisdiction,purpose,action,emergency_flag,court_or_prosecutor_request_flag,approval_token_status,time_window,network_status,request_channel,policy_version,raw_record_included,synthetic_only,request_content_hash
REQ-000001,2026-05-27T00:10:00Z,revoked_credential,OFF-0127,6b0d84a1d858aa1335aacb1b,Station House Officer,5,POLICE,STATE_02_DIST_04_PS_03,STATE_02_DIST_04,STATE_02,HIGH,REVOKED,NOT_ASSIGNED,REC-000166,b4c023d7b119f20e5d0e1666,CASE-00338,VIOLENT_CRIME,CASE_DIARY,STATE_03_DIST_03_PS_03,STATE_03_DIST_03,STATE_03,POLICE,HIGH,false,false,false,false,OPEN,ACTIVE,false,false,false,true,AUDIT,VIEW,false,false,MISSING,BUSINESS_HOURS,ONLINE,ICJS_STYLE_EXCHANGE,P-2026-05-STEP1,false,true,7b9637ccca50e459895587d5079601b6fa94b16323c39f82262f452f55e19767
REQ-000002,2026-05-27T00:08:00Z,revoked_credential,OFF-0104,bacbc9ea0ca5c88caca1fb35,Prosecutor Liaison,4,PROSECUTION,STATE_02_DIST_04_PS_02,STATE_02_DIST_04,STATE_02,MEDIUM,REVOKED,NOT_ASSIGNED,REC-000814,5820681615acad6176f4144a,CASE-00082,NARCOTICS,FIR_SUMMARY,STATE_02_DIST_03_PS_02,STATE_02_DIST_03,STATE_02,POLICE,MEDIUM,false,false,false,false,OPEN,ARCHIVED,false,false,true,true,AUDIT,UPDATE,false,false,MISSING,BUSINESS_HOURS,DEGRADED,CCTNS_STYLE_API,P-2026-05-STEP1,false,true,d07421afa1069f9d5b8a3cf7908b0408c4a1e7b4df983f5c6b98cf87e369cd4f
REQ-000003,2026-05-27T00:36:00Z,random_context,OFF-0226,2f283926393a08241f4c19ba,Station House Officer,5,POLICE,STATE_03_DIST_04_PS_02,STATE_03_DIST_04,STATE_03,HIGH,ACTIVE,NOT_ASSIGNED,REC-000454,08885d987fd222a58c5328a3,CASE-00291,JUVENILE_PROTECTION,CYBERCRIME_COMPLAINT,STATE_02_DIST_01_PS_03,STATE_02_DIST_01,STATE_02,POLICE,MEDIUM,false,false,true,false,OPEN,ACTIVE,false,false,false,true,INVESTIGATION,VIEW,false,false,MISSING,BUSINESS_HOURS,ONLINE,CCTNS_STYLE_API,P-2026-05-STEP1,false,true,fd78eb3f6d74860a98d8af4ef0a0659c077780fba38c52c8bea30237e610b33a
REQ-000004,2026-05-27T00:20:00Z,normal_in_jurisdiction,OFF-0180,8d48fc84d688aabaae7c6986,Prosecutor Liaison,4,PROSECUTION,STATE_02_DIST_01_PS_02,STATE_02_DIST_01,STATE_02,MEDIUM,ACTIVE,ASSIGNED,REC-000523,f25dca854781c5619ace3e1f,CASE-00275,WOMEN_CHILD_SAFETY,CYBERCRIME_COMPLAINT,STATE_02_DIST_01_PS_02,STATE_02_DIST_01,STATE_02,POLICE,MEDIUM,true,false,false,false,OPEN,UNDER_REVIEW,true,true,true,false,INVESTIGATION,VIEW,false,false,NOT_REQUIRED,NIGHT,ONLINE,ICJS_STYLE_EXCHANGE,P-2026-05-STEP1,false,true,dd9fba97ea32c6c38b68af2fca23a64947801e70ff21850421fb63bd618324ac
REQ-000005,2026-05-27T00:35:00Z,normal_in_jurisdiction,OFF-0192,3d55943653d0579351b1bb1c,Sub-Inspector,3,POLICE,STATE_02_DIST_03_PS_01,STATE_02_DIST_03,STATE_02,MEDIUM,ACTIVE,ASSIGNED,REC-000325,b1369cfe83c9b50aaaf08c20,CASE-00241,VIOLENT_CRIME,FIR_SUMMARY,STATE_02_DIST_03_PS_01,STATE_02_DIST_03,STATE_02,POLICE,MEDIUM,false,false,false,false,OPEN,ACTIVE,true,true,true,false,INVESTIGATION,VIEW,false,false,NOT_REQUIRED,NIGHT,ONLINE,MANUAL_ESCALATION,P-2026-05-STEP1,false,true,dc0cda6b0ae0e77b1100e9e8290d048bacde285f4b22a474f75fd126d5b19bc3
REQ-000006,2026-05-27T00:36:00Z,cross_jurisdiction_sensitive,OFF-0209,46719ed3c0b1ab7f0fbf5f90,Inspector,4,POLICE,STATE_01_DIST_03_PS_01,STATE_01_DIST_03,STATE_01,MEDIUM,ACTIVE,NOT_ASSIGNED,REC-000543,de8441b1623f69a2d75ebd76,CASE-00040,MISSING_PERSON,VICTIM_RECORD,STATE_01_DIST_04_PS_02,STATE_01_DIST_04,STATE_01,POLICE,HIGH,true,false,false,false,OPEN,UNDER_REVIEW,false,false,true,true,INVESTIGATION,APPROVE,false,false,PRESENT_VALID,BUSINESS_HOURS,ONLINE,ICJS_STYLE_EXCHANGE,P-2026-05-STEP1,false,true,339c93958e9bd1674a01ac4eea3036276f8d72f0f427ad318307c3c3fc6fe913
REQ-000007,2026-05-27T01:31:00Z,court_request,OFF-0021,d58ac64e32ce6bc751285238,Sub-Inspector,3,POLICE,STATE_03_DIST_01_PS_01,STATE_03_DIST_01,STATE_03,MEDIUM,ACTIVE,NOT_ASSIGNED,REC-000510,b8d1eb1153320f7d00fed69a,CASE-00254,CYBER_FRAUD,FORENSIC_REPORT,STATE_02_DIST_04_PS_02,STATE_02_DIST_04,STATE_02,POLICE,HIGH,false,false,false,false,OPEN,UNDER_REVIEW,false,false,false,true,COURT_PRODUCTION,VIEW,false,true,PRESENT_VALID,BUSINESS_HOURS,ONLINE,ICJS_STYLE_EXCHANGE,P-2026-05-STEP1,false,true,70abb11f94c8b842fd1cbf6bb674c84bc56e0853fdbbffb7e6536260f28741ca
REQ-000008,2026-05-27T01:28:00Z,emergency_override,OFF-0006,05c87980613cb5db42b892f9,Sub-Inspector,3,POLICE,STATE_02_DIST_02_PS_02,STATE_02_DIST_02,STATE_02,MEDIUM,ACTIVE,NOT_ASSIGNED,REC-000630,5735e1f43cfb1d05ceef90b4,CASE-00244,FINANCIAL_CRIME,JUVENILE_RECORD,STATE_02_DIST_01_PS_03,STATE_02_DIST_01,STATE_02,POLICE,CLASSIFIED,false,false,true,false,SEALED,ACTIVE,false,false,true,true,EMERGENCY_RESPONSE,VIEW,true,false,PRESENT_VALID,BUSINESS_HOURS,DEGRADED,MANUAL_ESCALATION,P-2026-05-STEP1,false,true,a68652a35f120567a07af87fd55661c48c2752c2403688637b15f8f410c3c6d1
REQ-000009,2026-05-27T01:30:00Z,normal_in_jurisdiction,OFF-0164,eb2cec3f8312decabe6f3925,Prosecutor Liaison,4,PROSECUTION,STATE_03_DIST_04_PS_03,STATE_03_DIST_04,STATE_03,MEDIUM,ACTIVE,ASSIGNED,REC-000619,22d13ba63717ca715e5005a7,CASE-00051,VIOLENT_CRIME,COURT_SUBMISSION,STATE_03_DIST_04_PS_03,STATE_03_DIST_04,STATE_03,POLICE,MEDIUM,false,false,false,false,SEALED,ACTIVE,true,true,true,false,INVESTIGATION,VIEW,false,false,NOT_REQUIRED,AFTER_HOURS,ONLINE,CCTNS_STYLE_API,P-2026-05-STEP1,false,true,9a82d65eb9216ad918c21a6f3bf03538d8d3c7b07c088387f639368969da5259
REQ-000010,2026-05-27T01:00:00Z,normal_in_jurisdiction,OFF-0015,69527641f80b28a01bb229b7,Constable,1,POLICE,STATE_02_DIST_01_PS_01,STATE_02_DIST_01,STATE_02,LOW,ACTIVE,NOT_ASSIGNED,REC-000477,abfd23e434f0f6d490ebb742,CASE-00306,WOMEN_CHILD_SAFETY,CYBERCRIME_COMPLAINT,STATE_02_DIST_02_PS_01,STATE_02_DIST_02,STATE_02,POLICE,HIGH,true,false,false,false,OPEN,ARCHIVED,false,false,true,true,INVESTIGATION,VIEW,false,false,NOT_REQUIRED,BUSINESS_HOURS,ONLINE,MANUAL_ESCALATION,P-2026-05-STEP1,false,true,f46386032e88a84715a14f404109e52164081986b53582fb7115d052f2ebed35
REQ-000011,2026-05-27T02:34:00Z,random_context,OFF-0003,5e4ff04af077f5ff22cd6cd0,Station House Officer,5,POLICE,STATE_02_DIST_04_PS_01,STATE_02_DIST_04,STATE_02,HIGH,ACTIVE,NOT_ASSIGNED,REC-000273,1efe844d933eebcd81826503,CASE-00214,GENERAL_THEFT,JUVENILE_RECORD,STATE_03_DIST_04_PS_02,STATE_03_DIST_04,STATE_03,POLICE,CLASSIFIED,false,false,true,false,OPEN,ACTIVE,false,false,false,true,INVESTIGATION,VIEW,false,false,MISSING,BUSINESS_HOURS,ONLINE,ICJS_STYLE_EXCHANGE,P-2026-05-STEP1,false,true,a410e41fc19037f7847deb8777d89fd43fd18baad7fc5e4b00a4f380be7be1d8
REQ-000012,2026-05-27T02:36:00Z,cross_jurisdiction_sensitive,OFF-0036,d3ba9e82379b9a1fa09b884a,Inspector,4,POLICE,STATE_02_DIST_02_PS_01,STATE_02_DIST_02,STATE_02,MEDIUM,ACTIVE,NOT_ASSIGNED,REC-000751,efb1f48ed439503d51e29577,CASE-00195,VIOLENT_CRIME,WITNESS_STATEMENT,STATE_01_DIST_02_PS_02,STATE_01_DIST_02,STATE_01,POLICE,CLASSIFIED,false,true,false,false,OPEN,UNDER_REVIEW,false,false,false,true,INVESTIGATION,VIEW,false,false,PRESENT_VALID,BUSINESS_HOURS,ONLINE,ICJS_STYLE_EXCHANGE,P-2026-05-STEP1,false,true,3abb7694b4c7f5293de19b58a982d77133ec75d4707a898cf916de1b7add145a
REQ-000013,2026-05-27T01:31:00Z,normal_in_jurisdiction,OFF-0033,4f04697319f636cd795e5d1b,Senior Superintendent,6,POLICE,STATE_03_DIST_01_PS_01,STATE_03_DIST_01,STATE_03,CLASSIFIED,ACTIVE,NOT_ASSIGNED,REC-000230,57e7af8bd7cdc6920752e182,CASE-00054,WOMEN_CHILD_SAFETY,CASE_DIARY,STATE_03_DIST_04_PS_01,STATE_03_DIST_04,STATE_03,POLICE,HIGH,true,false,false,false,OPEN,ACTIVE,false,false,true,true,INVESTIGATION,VIEW,false,false,NOT_REQUIRED,BUSINESS_HOURS,ONLINE,CCTNS_STYLE_API,P-2026-05-STEP1,false,true,2102cda30ddd7bbfd9f1e152e1dbd7de3a2a23dfe338ecd8b8f47cdfd6bdd0d1
REQ-000014,2026-05-27T03:30:00Z,court_request,OFF-0187,dea3496d0907b239fdcdd5a2,Inspector,4,POLICE,STATE_02_DIST_02_PS_03,STATE_02_DIST_02,STATE_02,MEDIUM,ACTIVE,NOT_ASSIGNED,REC-000382,4451c095fe2e4d1a159e9e35,CASE-00162,CYBER_FRAUD,FORENSIC_REPORT,STATE_02_DIST_01_PS_02,STATE_02_DIST_01,STATE_02,POLICE,MEDIUM,false,false,false,false,SEALED,ACTIVE,false,false,true,true,COURT_PRODUCTION,VIEW,false,true,PRESENT_VALID,NIGHT,ONLINE,ICJS_STYLE_EXCHANGE,P-2026-05-STEP1,false,true,e057860a816b88a5f9d5ca43c944745d398eaa25182f01fec164d608a07bb2d0
REQ-000015,2026-05-27T02:00:00Z,cross_jurisdiction_sensitive,OFF-0204,36f9518be85535c10000ffd5,Forensic Officer,4,FORENSIC,STATE_03_DIST_01_PS_02,STATE_03_DIST_01,STATE_03,HIGH,ACTIVE,NOT_ASSIGNED,REC-000064,b551a9d03a67cab2a5cd84fc,CASE-00317,JUVENILE_PROTECTION,EVIDENCE_MEDIA,STATE_01_DIST_01_PS_02,STATE_01_DIST_01,STATE_01,POLICE,CLASSIFIED,false,false,true,true,OPEN,ACTIVE,false,false,false,true,INVESTIGATION,VIEW,false,false,PRESENT_VALID,NIGHT,DEGRADED,MANUAL_ESCALATION,P-2026-05-STEP1,false,true,3ea36230d006a3a69f4aa7cb352d38336371e2e175d4770524fcb1f831ce58f5
REQ-000016,2026-05-27T01:36:00Z,juvenile_sensitive,OFF-0022,cdb37082bd33066e73ce6a23,Constable,1,POLICE,STATE_03_DIST_02_PS_01,STATE_03_DIST_02,STATE_03,LOW,ACTIVE,NOT_ASSIGNED,REC-000770,227c461d84e121aa1f3cf1a9,CASE-00224,JUVENILE_PROTECTION,COURT_SUBMISSION,STATE_02_DIST_02_PS_03,STATE_02_DIST_02,STATE_02,POLICE,MEDIUM,false,false,true,false,OPEN,ACTIVE,false,false,false,true,SUPERVISION,DOWNLOAD,false,false,PRESENT_VALID,BUSINESS_HOURS,ONLINE,CCTNS_STYLE_API,P-2026-05-STEP1,false,true,9d25cffdfb5fe67752fd81aef97f70f7777dca38b6b07e94f218799cef7e7736
REQ-000017,2026-05-27T01:25:00Z,stale_case_assignment,OFF-0124,ebff240f6e7e32e7e9713294,Constable,1,POLICE,STATE_02_DIST_03_PS_03,STATE_02_DIST_03,STATE_02,LOW,ACTIVE,STALE,REC-000823,cf262bd5e958c53cf8a8e473,CASE-00198,CYBER_FRAUD,COURT_SUBMISSION,STATE_03_DIST_01_PS_01,STATE_03_DIST_01,STATE_03,POLICE,HIGH,false,false,false,false,OPEN,ACTIVE,false,false,false,true,INVESTIGATION,VIEW,false,false,MISSING,BUSINESS_HOURS,DEGRADED,CCTNS_STYLE_API,P-2026-05-STEP1,false,true,bfda7d81f039e381f150b3b8f3a80af44afe88ddbe5f182240346918bd518124
REQ-000018,2026-05-27T03:18:00Z,normal_in_jurisdiction,OFF-0027,0333fdd2d35c528a38a1dbe4,Head Constable,2,POLICE,STATE_02_DIST_01_PS_01,STATE_02_DIST_01,STATE_02,LOW,ACTIVE,ASSIGNED,REC-000108,12044d787ebe89f0a9bd0dff,CASE-00151,CYBER_FRAUD,CASE_DIARY,STATE_02_DIST_01_PS_01,STATE_02_DIST_01,STATE_02,POLICE,MEDIUM,false,false,false,false,OPEN,ACTIVE,true,true,true,false,INVESTIGATION,VIEW,false,false,NOT_REQUIRED,BUSINESS_HOURS,ONLINE,CCTNS_STYLE_API,P-2026-05-STEP1,false,true,ba4ddf247d958410df3b395abcce57f7fa6b72d35286d5f10ea732c7b7aa17c3
REQ-000019,2026-05-27T03:48:00Z,revoked_credential,OFF-0214,4abc3e055d213fe06ce85aef,Sub-Inspector,3,POLICE,STATE_01_DIST_02_PS_03,STATE_01_DIST_02,STATE_01,MEDIUM,REVOKED,NOT_ASSIGNED,REC-000036,19c0033126dabf1c18a8e634,CASE-00222,MISSING_PERSON,JUVENILE_RECORD,STATE_01_DIST_03_PS_02,STATE_01_DIST_03,STATE_01,POLICE,CLASSIFIED,false,false,true,false,OPEN,ACTIVE,false,false,true,true,INVESTIGATION,VIEW,false,false,MISSING,AFTER_HOURS,ONLINE,MANUAL_ESCALATION,P-2026-05-STEP1,false,true,ee22ce0de6a0be6d17683a496b80d12b465194d04fc1395147290328507aefe6
REQ-000020,2026-05-27T05:40:00Z,cross_jurisdiction_sensitive,OFF-0072,012f7330673a61c61f1d0ef9,Prosecutor Liaison,4,PROSECUTION,STATE_03_DIST_02_PS_02,STATE_03_DIST_02,STATE_03,MEDIUM,ACTIVE,NOT_ASSIGNED,REC-000226,48758dbc1a6f7f4934133647,CASE-00252,MISSING_PERSON,FORENSIC_REPORT,STATE_03_DIST_03_PS_02,STATE_03_DIST_03,STATE_03,POLICE,HIGH,false,false,false,false,OPEN,ACTIVE,false,false,true,true,SUPERVISION,DOWNLOAD,false,false,PRESENT_VALID,AFTER_HOURS,DEGRADED,ICJS_STYLE_EXCHANGE,P-2026-05-STEP1,false,true,960517b6dd5ed4a9e5b274f9717f5a18da4dda6d6c7708197b2c746d2d7c1398
REQ-000021,2026-05-27T04:12:00Z,normal_in_jurisdiction,OFF-0023,7dd10e346a2e773cbf9da071,Sub-Inspector,3,POLICE,STATE_02_DIST_03_PS_02,STATE_02_DIST_03,STATE_02,MEDIUM,ACTIVE,ASSIGNED,REC-000814,5820681615acad6176f4144a,CASE-00082,NARCOTICS,FIR_SUMMARY,STATE_02_DIST_03_PS_02,STATE_02_DIST_03,STATE_02,POLICE,MEDIUM,false,false,false,false,OPEN,ARCHIVED,true,true,true,false,INVESTIGATION,VIEW,false,false,NOT_REQUIRED,BUSINESS_HOURS,ONLINE,MANUAL_ESCALATION,P-2026-05-STEP1,false,true,4973876ebf075222ce8eb82760ca2f07196bc60f41c915e457a6c7573e589f91
REQ-000022,2026-05-27T02:34:00Z,cross_jurisdiction_sensitive,OFF-0141,69b61a8c9ab3b270d0f7db2e,Station House Officer,5,POLICE,STATE_03_DIST_04_PS_02,STATE_03_DIST_04,STATE_03,HIGH,ACTIVE,NOT_ASSIGNED,REC-000635,9ef7805d5e451525d9e7038e,CASE-00177,MISSING_PERSON,JUVENILE_RECORD,STATE_02_DIST_04_PS_03,STATE_02_DIST_04,STATE_02,POLICE,CLASSIFIED,false,false,true,false,OPEN,ACTIVE,false,false,false,true,FORENSIC_REVIEW,VIEW,false,false,PRESENT_VALID,AFTER_HOURS,STATION_NODE_DOWN,CCTNS_STYLE_API,P-2026-05-STEP1,false,true,9ad2c56ee5831d2053fd92e2b82a0022a59629bfc70351db6007bdea0b29bfbf
REQ-000023,2026-05-27T01:09:00Z,sealed_record,OFF-0077,956b1c8673c706b9098bdcd1,Station House Officer,5,POLICE,STATE_03_DIST_04_PS_02,STATE_03_DIST_04,STATE_03,HIGH,ACTIVE,NOT_ASSIGNED,REC-000041,57feb3c60423fddfa0461895,CASE-00084,GENERAL_THEFT,EVIDENCE_MEDIA,STATE_01_DIST_03_PS_01,STATE_01_DIST_03,STATE_01,POLICE,CLASSIFIED,false,false,false,true,SEALED,ACTIVE,false,false,false,true,COURT_PRODUCTION,VIEW,false,true,PRESENT_VALID,AFTER_HOURS,ONLINE,ICJS_STYLE_EXCHANGE,P-2026-05-STEP1,false,true,a89d15d2eae699a6fc83b4dc67808bf56629ead6d3471f8f33cbc7a20f44304a
REQ-000024,2026-05-27T06:48:00Z,random_context,OFF-0090,721eda836388e57ee154e383,Cybercrime Officer,4,CYBERCRIME,STATE_03_DIST_04_PS_02,STATE_03_DIST_04,STATE_03,HIGH,SUSPENDED,NOT_ASSIGNED,REC-000071,1ce4791bcfe4088122f5f137,CASE-00338,VIOLENT_CRIME,CYBERCRIME_COMPLAINT,STATE_03_DIST_03_PS_03,STATE_03_DIST_03,STATE_03,POLICE,HIGH,false,false,false,false,OPEN,UNDER_REVIEW,false,false,true,true,SUPERVISION,DOWNLOAD,false,false,NOT_REQUIRED,BUSINESS_HOURS,ONLINE,MANUAL_ESCALATION,P-2026-05-STEP1,false,true,0afa071a8563338ad1ee8b7b7a0c8437b082784013e956145bafe0710304ab76
REQ-000025,2026-05-27T01:15:00Z,normal_in_jurisdiction,OFF-0152,f30bb583158115d6451ff1ba,Inspector,4,POLICE,STATE_02_DIST_01_PS_01,STATE_02_DIST_01,STATE_02,MEDIUM,ACTIVE,ASSIGNED,REC-000675,b75e8c8b30e094fcea41d709,CASE-00247,NARCOTICS,COURT_SUBMISSION,STATE_02_DIST_01_PS_01,STATE_02_DIST_01,STATE_02,POLICE,MEDIUM,false,false,false,false,OPEN,ACTIVE,true,true,true,false,INVESTIGATION,VIEW,false,false,NOT_REQUIRED,BUSINESS_HOURS,ONLINE,ICJS_STYLE_EXCHANGE,P-2026-05-STEP1,false,true,69145c5e240242d5a64ca119f74759731bd77def3cb8e286451341d1368ccc80
REQ-000026,2026-05-27T03:28:00Z,stale_case_assignment,OFF-0165,b2c7b3b76aeb981b1bd8756b,Constable,1,POLICE,STATE_03_DIST_02_PS_01,STATE_03_DIST_02,STATE_03,LOW,ACTIVE,STALE,REC-000494,fb5fe9b5c0b2f6fb1de8118b,CASE-00342,FINANCIAL_CRIME,JUVENILE_RECORD,STATE_01_DIST_04_PS_01,STATE_01_DIST_04,STATE_01,POLICE,CLASSIFIED,false,false,true,false,OPEN,ACTIVE,false,false,false,true,INVESTIGATION,DOWNLOAD,false,false,MISSING,BUSINESS_HOURS,ONLINE,MANUAL_ESCALATION,P-2026-05-STEP1,false,true,97085e37b4379d6750be140edae11d7cfd9d8110d6950a447e407847c5fd4ddb
REQ-000027,2026-05-27T06:18:00Z,expired_approval_token,OFF-0035,6d2396ea39d60a2c9554602a,Prosecutor Liaison,4,PROSECUTION,STATE_01_DIST_02_PS_01,STATE_01_DIST_02,STATE_01,MEDIUM,ACTIVE,NOT_ASSIGNED,REC-000180,4ee73ace57928929f1ba50f2,CASE-00297,MISSING_PERSON,FORENSIC_REPORT,STATE_02_DIST_03_PS_03,STATE_02_DIST_03,STATE_02,POLICE,HIGH,false,false,false,false,OPEN,ACTIVE,false,false,false,true,FORENSIC_REVIEW,APPROVE,false,false,EXPIRED,AFTER_HOURS,ONLINE,CCTNS_STYLE_API,P-2026-05-STEP1,false,true,ffe6402df5d2bd576458512169df38bc58cf864d5693bb353c6c29e3c384b1ff
REQ-000028,2026-05-27T01:24:00Z,court_request,OFF-0016,5d49251d25024e2ef906fcfa,Constable,1,POLICE,STATE_01_DIST_01_PS_01,STATE_01_DIST_01,STATE_01,LOW,ACTIVE,NOT_ASSIGNED,REC-000779,d8c9df09b1ba5408e3849067,CASE-00249,MISSING_PERSON,CASE_DIARY,STATE_02_DIST_02_PS_02,STATE_02_DIST_02,STATE_02,POLICE,CLASSIFIED,false,false,false,false,OPEN,ACTIVE,false,false,false,true,PROSECUTION_REVIEW,DOWNLOAD,false,true,PRESENT_VALID,BUSINESS_HOURS,ONLINE,CCTNS_STYLE_API,P-2026-05-STEP1,false,true,7cb01874d8825bde2b41ca1451386aaffc0d9744b67471a265eea70c1a7c7e7f
REQ-000029,2026-05-27T06:17:00Z,stale_case_assignment,OFF-0108,f250eda449687032c1f3ce21,Constable,1,POLICE,STATE_03_DIST_01_PS_01,STATE_03_DIST_01,STATE_03,LOW,ACTIVE,STALE,REC-000877,e114683a25bff76e8e848d9c,CASE-00249,MISSING_PERSON,VICTIM_RECORD,STATE_02_DIST_02_PS_02,STATE_02_DIST_02,STATE_02,POLICE,CLASSIFIED,true,false,false,false,OPEN,UNDER_REVIEW,false,false,false,true,INVESTIGATION,VIEW,false,false,MISSING,BUSINESS_HOURS,ONLINE,MANUAL_ESCALATION,P-2026-05-STEP1,false,true,c1a93036e52096e8f35fd894a685dcc38350fdff9513a600dd72a8bd3d46354f
REQ-000030,2026-05-27T05:30:00Z,juvenile_sensitive,OFF-0202,782ce33054ac702eb25bdce6,Forensic Officer,4,FORENSIC,STATE_02_DIST_01_PS_02,STATE_02_DIST_01,STATE_02,HIGH,ACTIVE,NOT_ASSIGNED,REC-000152,855965ff849e31dc11494c47,CASE-00244,FINANCIAL_CRIME,JUVENILE_RECORD,STATE_02_DIST_01_PS_03,STATE_02_DIST_01,STATE_02,POLICE,HIGH,false,false,true,false,OPEN,ARCHIVED,false,true,true,false,INVESTIGATION,DOWNLOAD,false,false,MISSING,BUSINESS_HOURS,ONLINE,MANUAL_ESCALATION,P-2026-05-STEP1,false,true,cb9eecb54515b8831a9978cacb2e35580b83f649c81a455041bb41c0f5c5d06b
REQ-000031,2026-05-27T04:39:00Z,expired_approval_token,OFF-0183,95ff51d542090c1b60accce5,Constable,1,POLICE,STATE_02_DIST_04_PS_01,STATE_02_DIST_04,STATE_02,LOW,ACTIVE,NOT_ASSIGNED,REC-000711,d182fb36e66626609d08c673,CASE-00230,NARCOTICS,JUVENILE_RECORD,STATE_02_DIST_04_PS_03,STATE_02_DIST_04,STATE_02,POLICE,CLASSIFIED,false,false,true,false,SEALED,UNDER_REVIEW,false,true,true,false,PROSECUTION_REVIEW,VIEW,false,false,EXPIRED,BUSINESS_HOURS,DEGRADED,MANUAL_ESCALATION,P-2026-05-STEP1,false,true,f96a872db56b0aa9f9c86f4490a3d294215ba439b13eb7663e5ce02aaf525d67
REQ-000032,2026-05-27T07:28:00Z,random_context,OFF-0086,90740f6d12084e4c579f3454,Sub-Inspector,3,POLICE,STATE_02_DIST_04_PS_03,STATE_02_DIST_04,STATE_02,MEDIUM,ACTIVE,NOT_ASSIGNED,REC-000132,3c448fe6bc8192a79adae014,CASE-00314,FINANCIAL_CRIME,EVIDENCE_MEDIA,STATE_03_DIST_03_PS_02,STATE_03_DIST_03,STATE_03,POLICE,CLASSIFIED,false,false,false,true,OPEN,ACTIVE,false,false,false,true,SUPERVISION,VIEW,false,false,MISSING,BUSINESS_HOURS,ONLINE,MANUAL_ESCALATION,P-2026-05-STEP1,false,true,de8b6cc8df6ee14e1f6f5f60c08f19ed644e2af5fe064139d183f24a4df33de4
REQ-000033,2026-05-27T09:21:00Z,normal_in_jurisdiction,OFF-0166,b6791729f7de52114f8f5aba,Station House Officer,5,POLICE,STATE_01_DIST_04_PS_03,STATE_01_DIST_04,STATE_01,HIGH,ACTIVE,ASSIGNED,REC-000693,68e25cbf0ce0354dd255dd0e,CASE-00183,MISSING_PERSON,FORENSIC_REPORT,STATE_01_DIST_04_PS_03,STATE_01_DIST_04,STATE_01,POLICE,MEDIUM,false,false,false,false,OPEN,ACTIVE,true,true,true,false,INVESTIGATION,VIEW,false,false,NOT_REQUIRED,BUSINESS_HOURS,ONLINE,CCTNS_STYLE_API,P-2026-05-STEP1,false,true,048a1d158b730555482dafd789a6fd6bc69ac7ac7512a3d13220a56d974b8c7c
REQ-000034,2026-05-27T03:58:00Z,juvenile_sensitive,OFF-0145,733b1499389b250473119b5c,Inspector,4,POLICE,STATE_01_DIST_04_PS_03,STATE_01_DIST_04,STATE_01,MEDIUM,ACTIVE,NOT_ASSIGNED,REC-000245,e2ff4d5969aefec4bef47d9d,CASE-00259,JUVENILE_PROTECTION,FORENSIC_REPORT,STATE_01_DIST_01_PS_03,STATE_01_DIST_01,STATE_01,POLICE,HIGH,false,false,true,false,OPEN,ACTIVE,false,false,true,true,SUPERVISION,VIEW,false,false,PRESENT_VALID,NIGHT,ONLINE,MANUAL_ESCALATION,P-2026-05-STEP1,false,true,18f812f0d6ac1c808d9a4461e32de8ed1871e29a11ee6c2cf633052b918dbba1
REQ-000035,2026-05-27T07:00:00Z,expired_approval_token,OFF-0150,b012e7e4d1319033c362fb26,Prosecutor Liaison,4,PROSECUTION,STATE_01_DIST_03_PS_03,STATE_01_DIST_03,STATE_01,MEDIUM,ACTIVE,NOT_ASSIGNED,REC-000288,9fce236a36075cd6bcd8860b,CASE-00154,JUVENILE_PROTECTION,WITNESS_STATEMENT,STATE_01_DIST_01_PS_02,STATE_01_DIST_01,STATE_01,POLICE,HIGH,false,true,true,false,OPEN,ACTIVE,false,false,true,true,PROSECUTION_REVIEW,VIEW,false,false,EXPIRED,BUSINESS_HOURS,ONLINE,MANUAL_ESCALATION,P-2026-05-STEP1,false,true,fae3a97370bd91752b33c7478addfe650d290c62236ff30375350050b273cee3
REQ-000036,2026-05-27T07:48:00Z,random_context,OFF-0161,1086c897162d91ce96d22b8e,Forensic Officer,4,FORENSIC,STATE_01_DIST_04_PS_02,STATE_01_DIST_04,STATE_01,HIGH,ACTIVE,NOT_ASSIGNED,REC-000229,9cf76f652fcb60053f1a781e,CASE-00336,JUVENILE_PROTECTION,CASE_DIARY,STATE_01_DIST_02_PS_02,STATE_01_DIST_02,STATE_01,POLICE,CLASSIFIED,false,false,true,false,OPEN,ARCHIVED,false,false,true,true,AUDIT,VIEW,false,false,MISSING,AFTER_HOURS,ONLINE,ICJS_STYLE_EXCHANGE,P-2026-05-STEP1,false,true,84bb0be919e60db4792dd3c9bc8273ca7d7f4538136a3ff41f637a213a194aca
REQ-000037,2026-05-27T09:52:00Z,sealed_record,OFF-0186,fe341f3994ddbba307367393,Sub-Inspector,3,POLICE,STATE_02_DIST_02_PS_01,STATE_02_DIST_02,STATE_02,MEDIUM,ACTIVE,NOT_ASSIGNED,REC-000694,a0f405d28cc064a49ae643d4,CASE-00328,WOMEN_CHILD_SAFETY,CASE_DIARY,STATE_02_DIST_01_PS_02,STATE_02_DIST_01,STATE_02,POLICE,HIGH,true,false,false,false,SEALED,ACTIVE,false,false,true,true,INVESTIGATION,VIEW,false,false,PRESENT_VALID,BUSINESS_HOURS,ONLINE,ICJS_STYLE_EXCHANGE,P-2026-05-STEP1,false,true,cfe861740fdee84f914b37377833e90833bdc80f2d8cccd8f7513fcac136a434
REQ-000038,2026-05-27T08:52:00Z,normal_in_jurisdiction,OFF-0223,f04272809174dac17c3936fd,Head Constable,2,POLICE,STATE_02_DIST_04_PS_03,STATE_02_DIST_04,STATE_02,LOW,ACTIVE,ASSIGNED,REC-000141,0a4ebe96de8201efc315bad5,CASE-00177,MISSING_PERSON,FIR_SUMMARY,STATE_02_DIST_04_PS_03,STATE_02_DIST_04,STATE_02,POLICE,LOW,false,false,false,false,OPEN,ACTIVE,true,true,true,false,INVESTIGATION,VIEW,false,false,NOT_REQUIRED,BUSINESS_HOURS,ONLINE,ICJS_STYLE_EXCHANGE,P-2026-05-STEP1,false,true,4640c81a7a17d359ee8fcd3caadf8952cbf38e6153e3e52e554f66caffbb127a
REQ-000039,2026-05-27T04:33:00Z,sealed_record,OFF-0153,bbef3f90be1083101e51c0b0,Head Constable,2,POLICE,STATE_02_DIST_03_PS_02,STATE_02_DIST_03,STATE_02,LOW,ACTIVE,NOT_ASSIGNED,REC-000840,667e91a0b9ccb9078757d9fa,CASE-00154,JUVENILE_PROTECTION,FIR_SUMMARY,STATE_01_DIST_01_PS_02,STATE_01_DIST_01,STATE_01,POLICE,LOW,false,false,true,false,SEALED,ACTIVE,false,false,false,true,PROSECUTION_REVIEW,DOWNLOAD,false,true,PRESENT_VALID,BUSINESS_HOURS,ONLINE,MANUAL_ESCALATION,P-2026-05-STEP1,false,true,0a4f515bc87f712a3d02298068d4ea9653bdba70bc5ace2d262a8574dd69097e
REQ-000040,2026-05-27T09:20:00Z,cross_jurisdiction_sensitive,OFF-0056,614c14e8c660d73ace97d265,Constable,1,POLICE,STATE_03_DIST_03_PS_01,STATE_03_DIST_03,STATE_03,LOW,ACTIVE,NOT_ASSIGNED,REC-000410,71f432c3cd7c3375e794a73c,CASE-00353,JUVENILE_PROTECTION,JUVENILE_RECORD,STATE_01_DIST_03_PS_02,STATE_01_DIST_03,STATE_01,POLICE,CLASSIFIED,false,false,true,false,OPEN,ACTIVE,false,false,false,true,SUPERVISION,APPROVE,false,false,MISSING,AFTER_HOURS,DEGRADED,ICJS_STYLE_EXCHANGE,P-2026-05-STEP1,false,true,f15599db275b980accb78299d16c6c6c18cc554af8b46327fe5d9a2f18d75673
REQ-000041,2026-05-27T11:37:00Z,normal_in_jurisdiction,OFF-0004,4fe847ab79de841540c7b990,Constable,1,POLICE,STATE_01_DIST_02_PS_02,STATE_01_DIST_02,STATE_01,LOW,ACTIVE,ASSIGNED,REC-000397,1fb453252f4bdc939ef6f6df,CASE-00098,MISSING_PERSON,FORENSIC_REPORT,STATE_01_DIST_02_PS_02,STATE_01_DIST_02,STATE_01,POLICE,MEDIUM,false,false,false,false,OPEN,ACTIVE,true,true,true,false,INVESTIGATION,VIEW,false,false,NOT_REQUIRED,BUSINESS_HOURS,ONLINE,CCTNS_STYLE_API,P-2026-05-STEP1,false,true,fb82251290d8ee9be749c120a294cd8ada7e3e8e4ffb7ba0de3ad3023b1cb26b
REQ-000042,2026-05-27T01:24:00Z,emergency_override,OFF-0041,6adbebf965a8665f8e3dd8db,Station House Officer,5,POLICE,STATE_02_DIST_03_PS_03,STATE_02_DIST_03,STATE_02,HIGH,ACTIVE,NOT_ASSIGNED,REC-000226,48758dbc1a6f7f4934133647,CASE-00252,MISSING_PERSON,FORENSIC_REPORT,STATE_03_DIST_03_PS_02,STATE_03_DIST_03,STATE_03,POLICE,HIGH,false,false,false,false,OPEN,ACTIVE,false,false,false,true,EMERGENCY_RESPONSE,VIEW,true,false,MISSING,AFTER_HOURS,DEGRADED,ICJS_STYLE_EXCHANGE,P-2026-05-STEP1,false,true,6cc642b535d2f3be88235b2ecc419735f7a2da0042b4bcfc18116f0c37fc070f
REQ-000043,2026-05-27T04:18:00Z,normal_in_jurisdiction,OFF-0120,3344e545d464730d22df7101,Constable,1,POLICE,STATE_03_DIST_04_PS_03,STATE_03_DIST_04,STATE_03,LOW,ACTIVE,ASSIGNED,REC-000836,39a638e6937d73cd596e9733,CASE-00131,GENERAL_THEFT,FIR_SUMMARY,STATE_03_DIST_04_PS_03,STATE_03_DIST_04,STATE_03,POLICE,LOW,false,false,false,false,OPEN,ARCHIVED,true,true,true,false,INVESTIGATION,VIEW,false,false,NOT_REQUIRED,BUSINESS_HOURS,ONLINE,MANUAL_ESCALATION,P-2026-05-STEP1,false,true,dd9bde7aceec3d640c5007fb048f45f68b6b81c6d3ba68e9c3dfa2087a9f3938
REQ-000044,2026-05-27T08:04:00Z,cross_jurisdiction_sensitive,OFF-0222,fed71b6f957fb445cdad7897,Station House Officer,5,POLICE,STATE_03_DIST_04_PS_01,STATE_03_DIST_04,STATE_03,HIGH,ACTIVE,NOT_ASSIGNED,REC-000296,08442f216d5a7556f4be1bca,CASE-00232,WOMEN_CHILD_SAFETY,FORENSIC_REPORT,STATE_03_DIST_02_PS_01,STATE_03_DIST_02,STATE_03,POLICE,HIGH,true,false,false,false,OPEN,ACTIVE,false,false,true,true,INVESTIGATION,VIEW,false,false,PRESENT_VALID,BUSINESS_HOURS,ONLINE,ICJS_STYLE_EXCHANGE,P-2026-05-STEP1,false,true,791d9f4e6a8a797feb9de2f88e9bca50882d0a1a332465ce8bd949643d253cd1
REQ-000045,2026-05-27T07:30:00Z,juvenile_sensitive,OFF-0156,5f299dc3f248e4c74232aab4,Inspector,4,POLICE,STATE_02_DIST_04_PS_01,STATE_02_DIST_04,STATE_02,MEDIUM,ACTIVE,NOT_ASSIGNED,REC-000381,3112e0ab29be6240dec84019,CASE-00268,FINANCIAL_CRIME,JUVENILE_RECORD,STATE_03_DIST_01_PS_03,STATE_03_DIST_01,STATE_03,POLICE,CLASSIFIED,false,false,true,false,OPEN,ACTIVE,false,false,false,true,INVESTIGATION,VIEW,false,false,PRESENT_VALID,NIGHT,ONLINE,ICJS_STYLE_EXCHANGE,P-2026-05-STEP1,false,true,bae3bfc4d7578f92e292b504d74fb54b87c4d0aa6ddee1813f3201914d68fe3b
REQ-000046,2026-05-27T11:30:00Z,cross_jurisdiction_sensitive,OFF-0184,c0fc3111ae7a563a9f54250e,Inspector,4,POLICE,STATE_02_DIST_03_PS_02,STATE_02_DIST_03,STATE_02,MEDIUM,ACTIVE,NOT_ASSIGNED,REC-000322,49e726acc09722614f006236,CASE-00288,MISSING_PERSON,VICTIM_RECORD,STATE_01_DIST_03_PS_03,STATE_01_DIST_03,STATE_01,POLICE,HIGH,true,false,false,false,OPEN,ACTIVE,false,false,false,true,INVESTIGATION,VIEW,false,false,MISSING,AFTER_HOURS,ONLINE,CCTNS_STYLE_API,P-2026-05-STEP1,false,true,1f3cfd8cabf362abd5759fbca34d0ec42b29cb34d91f106b4ef29831eaf10ac4
REQ-000047,2026-05-27T09:24:00Z,random_context,OFF-0092,29e63067f87e22c26e60f375,Forensic Officer,4,FORENSIC,STATE_01_DIST_04_PS_03,STATE_01_DIST_04,STATE_01,HIGH,SUSPENDED,NOT_ASSIGNED,REC-000900,993302f952e97c82aaeeeeba,CASE-00004,WOMEN_CHILD_SAFETY,VICTIM_RECORD,STATE_02_DIST_03_PS_03,STATE_02_DIST_03,STATE_02,POLICE,HIGH,true,false,false,false,OPEN,ACTIVE,false,false,false,true,EMERGENCY_RESPONSE,VIEW,false,false,PRESENT_VALID,NIGHT,ONLINE,ICJS_STYLE_EXCHANGE,P-2026-05-STEP1,false,true,36aaa0b525a5a3dbaad763364a010b368aa7f8625c5d77ee84aa313818fb84cc
REQ-000048,2026-05-27T07:12:00Z,random_context,OFF-0055,e246494264abad2f32845507,Station House Officer,5,POLICE,STATE_02_DIST_03_PS_03,STATE_02_DIST_03,STATE_02,HIGH,ACTIVE,NOT_ASSIGNED,REC-000176,21cd1407a639ec217457fb46,CASE-00043,MISSING_PERSON,EVIDENCE_MEDIA,STATE_02_DIST_01_PS_02,STATE_02_DIST_01,STATE_02,POLICE,CLASSIFIED,false,false,false,true,OPEN,ACTIVE,false,false,true,true,PROSECUTION_REVIEW,VIEW,false,false,MISSING,BUSINESS_HOURS,ONLINE,ICJS_STYLE_EXCHANGE,P-2026-05-STEP1,false,true,44fead1725c9ad81ca776ec1f016b1ca776b2aab724fb13dbd659f5596249e11
REQ-000049,2026-05-27T01:38:00Z,normal_in_jurisdiction,OFF-0231,b91bac32e23ee5afdb826394,Prosecutor Liaison,4,PROSECUTION,STATE_01_DIST_03_PS_02,STATE_01_DIST_03,STATE_01,MEDIUM,ACTIVE,ASSIGNED,REC-000649,bd50a8e4e50ac9f99d20af26,CASE-00060,FINANCIAL_CRIME,CASE_DIARY,STATE_01_DIST_03_PS_02,STATE_01_DIST_03,STATE_01,POLICE,MEDIUM,false,false,false,false,OPEN,ARCHIVED,true,true,true,false,INVESTIGATION,VIEW,false,false,NOT_REQUIRED,BUSINESS_HOURS,ONLINE,ICJS_STYLE_EXCHANGE,P-2026-05-STEP1,false,true,cf367af3d45b8ea9b919797ebf8a71e43f4f7c2020f9c6ce8e3c85795dcd97da
REQ-000050,2026-05-27T08:20:00Z,emergency_override,OFF-0119,3928cce83c394fe536f56bf5,Forensic Officer,4,FORENSIC,STATE_02_DIST_02_PS_01,STATE_02_DIST_02,STATE_02,HIGH,ACTIVE,NOT_ASSIGNED,REC-000312,66c1f1634fd4515b8f74f8fa,CASE-00175,MISSING_PERSON,FORENSIC_REPORT,STATE_02_DIST_04_PS_03,STATE_02_DIST_04,STATE_02,POLICE,HIGH,false,false,false,false,OPEN,ACTIVE,false,false,true,true,EMERGENCY_RESPONSE,VIEW,true,false,PRESENT_VALID,NIGHT,ONLINE,MANUAL_ESCALATION,P-2026-05-STEP1,false,true,081d5bea46ac4f03a323bbdbf9af91dab7da83327bbb391888564b2113f60ad5
REQ-000051,2026-05-27T05:06:00Z,expired_approval_token,OFF-0114,80474f2be101fe342f3d27b8,Sub-Inspector,3,POLICE,STATE_02_DIST_01_PS_02,STATE_02_DIST_01,STATE_02,MEDIUM,ACTIVE,NOT_ASSIGNED,REC-000006,698b4ee210401c7be744cc1d,CASE-00225,JUVENILE_PROTECTION,EVIDENCE_MEDIA,STATE_01_DIST_01_PS_02,STATE_01_DIST_01,STATE_01,POLICE,CLASSIFIED,false,false,true,true,OPEN,UNDER_REVIEW,false,false,false,true,INVESTIGATION,VIEW,false,false,EXPIRED,BUSINESS_HOURS,ONLINE,MANUAL_ESCALATION,P-2026-05-STEP1,false,true,164d4ae210db348b366abccf5c5f69f187fd006a3cd5a311c471df509146a12a
REQ-000052,2026-05-27T13:52:00Z,court_request,OFF-0134,4718492e22f05239e76383dd,Inspector,4,POLICE,STATE_03_DIST_02_PS_01,STATE_03_DIST_02,STATE_03,MEDIUM,ACTIVE,NOT_ASSIGNED,REC-000563,c8574da02d53b2b3900286b3,CASE-00163,VIOLENT_CRIME,JUVENILE_RECORD,STATE_02_DIST_04_PS_02,STATE_02_DIST_04,STATE_02,POLICE,CLASSIFIED,false,false,true,false,OPEN,ACTIVE,false,false,false,true,PROSECUTION_REVIEW,VIEW,false,true,PRESENT_VALID,AFTER_HOURS,ONLINE,CCTNS_STYLE_API,P-2026-05-STEP1,false,true,08dd840cfb300bf8c0942bb5dc22d692edc7bee345cc40f920b4a8c05779a0f7
REQ-000053,2026-05-27T04:25:00Z,revoked_credential,OFF-0104,bacbc9ea0ca5c88caca1fb35,Prosecutor Liaison,4,PROSECUTION,STATE_02_DIST_04_PS_02,STATE_02_DIST_04,STATE_02,MEDIUM,REVOKED,NOT_ASSIGNED,REC-000460,eff1115c482447753dc310ac,CASE-00069,MISSING_PERSON,JUVENILE_RECORD,STATE_02_DIST_04_PS_03,STATE_02_DIST_04,STATE_02,POLICE,CLASSIFIED,false,false,true,false,OPEN,ACTIVE,false,true,true,false,INVESTIGATION,VIEW,false,false,MISSING,NIGHT,ONLINE,ICJS_STYLE_EXCHANGE,P-2026-05-STEP1,false,true,d5ef27f65a1bc400cb31147a206d371ac221866da462a778396bf1edf94c33e4
REQ-000054,2026-05-27T04:30:00Z,court_request,OFF-0220,5f5d03cad2864eb9986177dd,Inspector,4,POLICE,STATE_01_DIST_04_PS_03,STATE_01_DIST_04,STATE_01,MEDIUM,ACTIVE,NOT_ASSIGNED,REC-000010,1453d16ff68c935811a922d5,CASE-00051,VIOLENT_CRIME,FORENSIC_REPORT,STATE_03_DIST_04_PS_03,STATE_03_DIST_04,STATE_03,POLICE,MEDIUM,false,false,false,false,OPEN,UNDER_REVIEW,false,false,false,true,COURT_PRODUCTION,VIEW,false,true,PRESENT_VALID,BUSINESS_HOURS,ONLINE,CCTNS_STYLE_API,P-2026-05-STEP1,false,true,a2098b35409d927a72231c1f5bd0c6c32db377dd0173ac37f1548ceb705f9f52
REQ-000055,2026-05-27T08:15:00Z,stale_case_assignment,OFF-0216,63cd4d5013242ca51327d961,Head Constable,2,POLICE,STATE_01_DIST_04_PS_02,STATE_01_DIST_04,STATE_01,LOW,ACTIVE,STALE,REC-000154,550a42b9a5b45fa2817e763a,CASE-00352,MISSING_PERSON,JUVENILE_RECORD,STATE_03_DIST_02_PS_03,STATE_03_DIST_02,STATE_03,POLICE,CLASSIFIED,false,false,true,false,SEALED,ACTIVE,false,false,false,true,INVESTIGATION,DOWNLOAD,false,false,MISSING,BUSINESS_HOURS,ONLINE,MANUAL_ESCALATION,P-2026-05-STEP1,false,true,4551013e60497830cc15f5ef830fd81c9bfc1455b3cd6b22deecd6ead099f086
REQ-000056,2026-05-27T04:40:00Z,expired_approval_token,OFF-0163,7ee6e3366f554e7379c63997,Head Constable,2,POLICE,STATE_01_DIST_04_PS_02,STATE_01_DIST_04,STATE_01,LOW,ACTIVE,NOT_ASSIGNED,REC-000262,481635364f5f6393b2fbfd90,CASE-00142,VIOLENT_CRIME,EVIDENCE_MEDIA,STATE_01_DIST_01_PS_02,STATE_01_DIST_01,STATE_01,POLICE,HIGH,false,false,false,true,OPEN,UNDER_REVIEW,false,false,true,true,FORENSIC_REVIEW,VIEW,false,false,EXPIRED,BUSINESS_HOURS,ONLINE,CCTNS_STYLE_API,P-2026-05-STEP1,false,true,90549eb99426949e0e85a940a4ac4d8e06e30963274f3955569a91195a2cc99f
REQ-000057,2026-05-27T13:18:00Z,expired_approval_token,OFF-0172,59295c95c257a05519b6f91d,Inspector,4,POLICE,STATE_03_DIST_02_PS_02,STATE_03_DIST_02,STATE_03,MEDIUM,ACTIVE,NOT_ASSIGNED,REC-000428,720bf6c497722937465299f7,CASE-00356,NARCOTICS,EVIDENCE_MEDIA,STATE_02_DIST_01_PS_01,STATE_02_DIST_01,STATE_02,POLICE,CLASSIFIED,false,false,false,true,OPEN,ARCHIVED,false,false,false,true,PROSECUTION_REVIEW,VIEW,false,false,EXPIRED,BUSINESS_HOURS,ONLINE,MANUAL_ESCALATION,P-2026-05-STEP1,false,true,9e834f45ca8a8458c91f257475b7694329a6ddbee4824d07010cf5d98450b583
REQ-000058,2026-05-27T03:52:00Z,normal_in_jurisdiction,OFF-0076,ce1b63fb3ee51890894fc213,Forensic Officer,4,FORENSIC,STATE_01_DIST_02_PS_02,STATE_01_DIST_02,STATE_01,HIGH,ACTIVE,ASSIGNED,REC-000383,2bb01093000cff150787fcc9,CASE-00121,NARCOTICS,FIR_SUMMARY,STATE_01_DIST_02_PS_02,STATE_01_DIST_02,STATE_01,POLICE,LOW,false,false,false,false,OPEN,ARCHIVED,true,true,true,false,INVESTIGATION,VIEW,false,false,NOT_REQUIRED,BUSINESS_HOURS,DEGRADED,MANUAL_ESCALATION,P-2026-05-STEP1,false,true,772fb0b48fa1beb98ea9a93b400a2d9c34cd9b6150bd1266cfbd89fb02dd5ce5
REQ-000059,2026-05-27T03:56:00Z,expired_approval_token,OFF-0187,dea3496d0907b239fdcdd5a2,Inspector,4,POLICE,STATE_02_DIST_02_PS_03,STATE_02_DIST_02,STATE_02,MEDIUM,ACTIVE,NOT_ASSIGNED,REC-000238,19ed51c598418f3a839728dc,CASE-00269,VIOLENT_CRIME,WITNESS_STATEMENT,STATE_01_DIST_03_PS_01,STATE_01_DIST_03,STATE_01,POLICE,HIGH,false,true,false,false,OPEN,ACTIVE,false,false,false,true,FORENSIC_REVIEW,VIEW,false,false,EXPIRED,AFTER_HOURS,ONLINE,MANUAL_ESCALATION,P-2026-05-STEP1,false,true,f5bf58bac96786638a588e2d5aa94f2c94c1d535c9aab5c9e8fc6be6de4f04ad
REQ-000060,2026-05-27T07:00:00Z,cross_jurisdiction_sensitive,OFF-0137,b5c2c2becf92b9e253d997f4,Inspector,4,POLICE,STATE_02_DIST_02_PS_03,STATE_02_DIST_02,STATE_02,MEDIUM,ACTIVE,NOT_ASSIGNED,REC-000306,13b2a2a0db1373b8363e1c5a,CASE-00131,GENERAL_THEFT,WITNESS_STATEMENT,STATE_03_DIST_04_PS_03,STATE_03_DIST_04,STATE_03,POLICE,CLASSIFIED,false,true,false,false,OPEN,ARCHIVED,false,false,false,true,INVESTIGATION,VIEW,false,false,MISSING,BUSINESS_HOURS,ONLINE,ICJS_STYLE_EXCHANGE,P-2026-05-STEP1,false,true,132339fa4e93706b9e687412fd0c24c05c4e37d7142d7db18f8412debbf749a7
REQ-000061,2026-05-27T02:02:00Z,revoked_credential,OFF-0069,ecaec2b1bb689d9a6ebf8cca,Constable,1,POLICE,STATE_02_DIST_02_PS_03,STATE_02_DIST_02,STATE_02,LOW,REVOKED,NOT_ASSIGNED,REC-000100,dbc9514c0caf7dba5d34549f,CASE-00054,WOMEN_CHILD_SAFETY,JUVENILE_RECORD,STATE_03_DIST_04_PS_01,STATE_03_DIST_04,STATE_03,POLICE,CLASSIFIED,true,false,true,false,OPEN,ARCHIVED,false,false,false,true,AUDIT,SHARE,false,false,MISSING,BUSINESS_HOURS,ONLINE,CCTNS_STYLE_API,P-2026-05-STEP1,false,true,89d83a4e20acea798642dc06afacc2dc9f396f1da565465ed5da77f985ad7318
REQ-000062,2026-05-27T02:04:00Z,court_request,OFF-0078,006fa23a737e20e3625debb8,Inspector,4,POLICE,STATE_01_DIST_01_PS_02,STATE_01_DIST_01,STATE_01,MEDIUM,ACTIVE,NOT_ASSIGNED,REC-000253,201c9d891198d8110e40a60a,CASE-00296,GENERAL_THEFT,JUVENILE_RECORD,STATE_01_DIST_02_PS_01,STATE_01_DIST_02,STATE_01,POLICE,CLASSIFIED,false,false,true,false,OPEN,ACTIVE,false,false,true,true,PROSECUTION_REVIEW,VIEW,false,true,PRESENT_VALID,NIGHT,ONLINE,ICJS_STYLE_EXCHANGE,P-2026-05-STEP1,false,true,91b8749ee7698c42672c4d455d6ee50b883583c22edeb4149befbcee6af2de36
REQ-000063,2026-05-27T10:30:00Z,sealed_record,OFF-0208,47e9daa6a9eddbbbae1d0bd7,Head Constable,2,POLICE,STATE_03_DIST_02_PS_03,STATE_03_DIST_02,STATE_03,LOW,ACTIVE,NOT_ASSIGNED,REC-000613,b7b5cfe71c035e42e7255112,CASE-00158,WOMEN_CHILD_SAFETY,FIR_SUMMARY,STATE_02_DIST_04_PS_01,STATE_02_DIST_04,STATE_02,POLICE,MEDIUM,true,false,false,false,SEALED,ACTIVE,false,false,false,true,INVESTIGATION,DOWNLOAD,false,false,MISSING,BUSINESS_HOURS,ONLINE,ICJS_STYLE_EXCHANGE,P-2026-05-STEP1,false,true,037ccc3ea5edb4a887094a2889dc9076adbd146e25a8375674655afb14cc7344
REQ-000064,2026-05-27T12:48:00Z,court_request,OFF-0168,ccfa52e7df949ec76b129260,Sub-Inspector,3,POLICE,STATE_01_DIST_03_PS_03,STATE_01_DIST_03,STATE_01,MEDIUM,ACTIVE,NOT_ASSIGNED,REC-000897,9e07dff2b8dc1dd1a0637d25,CASE-00127,WOMEN_CHILD_SAFETY,CASE_DIARY,STATE_02_DIST_03_PS_03,STATE_02_DIST_03,STATE_02,POLICE,HIGH,true,false,false,false,OPEN,ACTIVE,false,false,false,true,COURT_PRODUCTION,SHARE,false,true,PRESENT_VALID,BUSINESS_HOURS,ONLINE,MANUAL_ESCALATION,P-2026-05-STEP1,false,true,d12cf100d7fdd47cca32b69d0b36e73cf086fc210d689c50ce52de97955ef430
REQ-000065,2026-05-27T16:15:00Z,cross_jurisdiction_sensitive,OFF-0111,f65ad458155d09405f8da86c,Sub-Inspector,3,POLICE,STATE_02_DIST_04_PS_03,STATE_02_DIST_04,STATE_02,MEDIUM,ACTIVE,NOT_ASSIGNED,REC-000873,7afceb4a34e1bbb7c6eb147f,CASE-00194,GENERAL_THEFT,CASE_DIARY,STATE_01_DIST_02_PS_02,STATE_01_DIST_02,STATE_01,POLICE,HIGH,false,false,false,false,OPEN,ARCHIVED,false,false,false,true,SUPERVISION,DOWNLOAD,false,false,PRESENT_VALID,BUSINESS_HOURS,ONLINE,ICJS_STYLE_EXCHANGE,P-2026-05-STEP1,false,true,e70a81da7b3d0614f60793c35577ad6289fe998a8723623908775fb0387eb4e0
REQ-000066,2026-05-27T11:00:00Z,revoked_credential,OFF-0147,94b2d412892c95cbfdbe73cd,Forensic Officer,4,FORENSIC,STATE_02_DIST_03_PS_02,STATE_02_DIST_03,STATE_02,HIGH,REVOKED,NOT_ASSIGNED,REC-000851,6c5b59ecdcc1ae78ab5302cb,CASE-00060,FINANCIAL_CRIME,EVIDENCE_MEDIA,STATE_01_DIST_03_PS_02,STATE_01_DIST_03,STATE_01,POLICE,HIGH,false,false,false,true,OPEN,ACTIVE,false,false,false,true,INVESTIGATION,DOWNLOAD,false,false,MISSING,BUSINESS_HOURS,ONLINE,CCTNS_STYLE_API,P-2026-05-STEP1,false,true,c215415b3703abfae1190e226a12bbd11963244713f172fc245f2c691d0ba68f
REQ-000067,2026-05-27T17:52:00Z,normal_in_jurisdiction,OFF-0036,d3ba9e82379b9a1fa09b884a,Inspector,4,POLICE,STATE_02_DIST_02_PS_01,STATE_02_DIST_02,STATE_02,MEDIUM,ACTIVE,NOT_ASSIGNED,REC-000525,04edc1d43e8b573e63bbb971,CASE-00288,MISSING_PERSON,CASE_DIARY,STATE_01_DIST_03_PS_03,STATE_01_DIST_03,STATE_01,POLICE,HIGH,false,false,false,false,OPEN,ACTIVE,false,false,false,true,INVESTIGATION,VIEW,false,false,NOT_REQUIRED,AFTER_HOURS,ONLINE,ICJS_STYLE_EXCHANGE,P-2026-05-STEP1,false,true,47a6d99a777d85db7ae9c7322c688086f9291c624804d975bf1db5fb6614ccd2
REQ-000068,2026-05-27T05:40:00Z,normal_in_jurisdiction,OFF-0172,59295c95c257a05519b6f91d,Inspector,4,POLICE,STATE_03_DIST_02_PS_02,STATE_03_DIST_02,STATE_03,MEDIUM,ACTIVE,ASSIGNED,REC-000028,73230ba21a564ed91e8c7eea,CASE-00290,GENERAL_THEFT,FIR_SUMMARY,STATE_03_DIST_02_PS_02,STATE_03_DIST_02,STATE_03,POLICE,MEDIUM,false,false,false,false,OPEN,ACTIVE,true,true,true,false,INVESTIGATION,VIEW,false,false,NOT_REQUIRED,BUSINESS_HOURS,ONLINE,MANUAL_ESCALATION,P-2026-05-STEP1,false,true,24af843bb4d59cdbace52b4019598503a619ff3d0ecc44769812edfe65551ab2
REQ-000069,2026-05-27T18:24:00Z,emergency_override,OFF-0117,c3da23329ac65eb7b3af694c,Inspector,4,POLICE,STATE_03_DIST_01_PS_01,STATE_03_DIST_01,STATE_03,MEDIUM,ACTIVE,NOT_ASSIGNED,REC-000601,387ce36dfb2809a360448216,CASE-00045,CYBER_FRAUD,WITNESS_STATEMENT,STATE_02_DIST_04_PS_01,STATE_02_DIST_04,STATE_02,POLICE,HIGH,false,true,false,false,OPEN,UNDER_REVIEW,false,false,false,true,EMERGENCY_RESPONSE,VIEW,true,false,PRESENT_VALID,BUSINESS_HOURS,ONLINE,CCTNS_STYLE_API,P-2026-05-STEP1,false,true,1717625e08f4051bb427cf81d93e5dc47b0866a28b30630a882f445d0c6dffca
REQ-000070,2026-05-27T03:30:00Z,cross_jurisdiction_sensitive,OFF-0084,71f10fb896bfac44fed3436e,Inspector,4,POLICE,STATE_02_DIST_04_PS_01,STATE_02_DIST_04,STATE_02,MEDIUM,ACTIVE,NOT_ASSIGNED,REC-000268,c4075db33966cb270b3f46bb,CASE-00055,MISSING_PERSON,CASE_DIARY,STATE_03_DIST_04_PS_01,STATE_03_DIST_04,STATE_03,POLICE,HIGH,false,false,false,false,OPEN,ACTIVE,false,false,false,true,FORENSIC_REVIEW,VIEW,false,false,MISSING,BUSINESS_HOURS,ONLINE,MANUAL_ESCALATION,P-2026-05-STEP1,false,true,e6e346d816a785e71443c6e369c7f7a12b6c2205dbf748960d6882e80149df44
REQ-000071,2026-05-27T17:45:00Z,revoked_credential,OFF-0104,bacbc9ea0ca5c88caca1fb35,Prosecutor Liaison,4,PROSECUTION,STATE_02_DIST_04_PS_02,STATE_02_DIST_04,STATE_02,MEDIUM,REVOKED,NOT_ASSIGNED,REC-000654,7a6174ed82b24e39722b5ebe,CASE-00313,CYBER_FRAUD,VICTIM_RECORD,STATE_01_DIST_04_PS_03,STATE_01_DIST_04,STATE_01,POLICE,HIGH,true,false,false,false,OPEN,ACTIVE,false,false,false,true,AUDIT,DOWNLOAD,false,false,MISSING,AFTER_HOURS,ONLINE,CCTNS_STYLE_API,P-2026-05-STEP1,false,true,20220845ff6ef01ca89f0a6e22ed08270b0343b675fc53bf08b67142561ebcda
REQ-000072,2026-05-27T10:48:00Z,revoked_credential,OFF-0154,030fbe8b71b501096276a8ab,Constable,1,POLICE,STATE_02_DIST_02_PS_01,STATE_02_DIST_02,STATE_02,LOW,REVOKED,NOT_ASSIGNED,REC-000793,b0e996b4ecdf66ce33e6405c,CASE-00224,JUVENILE_PROTECTION,CASE_DIARY,STATE_02_DIST_02_PS_03,STATE_02_DIST_02,STATE_02,POLICE,HIGH,false,false,true,false,OPEN,ACTIVE,false,true,true,false,AUDIT,VIEW,false,false,MISSING,AFTER_HOURS,ONLINE,CCTNS_STYLE_API,P-2026-05-STEP1,false,true,c99e2534df9915a464abd7fe90fab162201e2800ac30395fc4267acaf7ad65ee
REQ-000073,2026-05-27T13:23:00Z,revoked_credential,OFF-0215,61fb1f33fe73b6361966f242,Inspector,4,POLICE,STATE_01_DIST_04_PS_03,STATE_01_DIST_04,STATE_01,MEDIUM,REVOKED,NOT_ASSIGNED,REC-000883,b011cf5ae48f4ee0fa784772,CASE-00196,FINANCIAL_CRIME,CASE_DIARY,STATE_02_DIST_04_PS_01,STATE_02_DIST_04,STATE_02,POLICE,HIGH,false,false,false,false,OPEN,ACTIVE,false,false,false,true,INVESTIGATION,VIEW,false,false,MISSING,BUSINESS_HOURS,ONLINE,CCTNS_STYLE_API,P-2026-05-STEP1,false,true,efef45c599388a5d4136b7ccb69b17b15c872558053575f66f7013e899c8e784
REQ-000074,2026-05-27T07:24:00Z,cross_jurisdiction_sensitive,OFF-0097,0de9124a7d38c17a328e4497,Cybercrime Officer,4,CYBERCRIME,STATE_01_DIST_04_PS_03,STATE_01_DIST_04,STATE_01,HIGH,ACTIVE,NOT_ASSIGNED,REC-000737,925484446f2fcc1a58b1ca54,CASE-00358,VIOLENT_CRIME,VICTIM_RECORD,STATE_02_DIST_02_PS_02,STATE_02_DIST_02,STATE_02,POLICE,HIGH,true,false,false,false,OPEN,ACTIVE,false,false,false,true,INVESTIGATION,VIEW,false,false,MISSING,BUSINESS_HOURS,DEGRADED,ICJS_STYLE_EXCHANGE,P-2026-05-STEP1,false,true,4f5b6129ac1213e4662ee434e9ca38cde397171668e3b7ef49e7a04528d093ef
REQ-000075,2026-05-27T12:30:00Z,expired_approval_token,OFF-0136,3388bd23d03d7e43b3bd8d53,Senior Superintendent,6,POLICE,STATE_03_DIST_03_PS_01,STATE_03_DIST_03,STATE_03,CLASSIFIED,ACTIVE,NOT_ASSIGNED,REC-000056,27a2461445cecdd70ffd515e,CASE-00030,JUVENILE_PROTECTION,VICTIM_RECORD,STATE_03_DIST_01_PS_01,STATE_03_DIST_01,STATE_03,POLICE,HIGH,true,false,true,false,OPEN,ARCHIVED,false,false,true,true,FORENSIC_REVIEW,VIEW,false,false,EXPIRED,BUSINESS_HOURS,ONLINE,MANUAL_ESCALATION,P-2026-05-STEP1,false,true,93483c4d676ea7dbe32f443599c65417370efd88c83f8e051912580c61cd9e99
REQ-000076,2026-05-27T13:56:00Z,stale_case_assignment,OFF-0180,8d48fc84d688aabaae7c6986,Prosecutor Liaison,4,PROSECUTION,STATE_02_DIST_01_PS_02,STATE_02_DIST_01,STATE_02,MEDIUM,ACTIVE,STALE,REC-000147,c0cd6baa4f06c293515ad310,CASE-00155,JUVENILE_PROTECTION,CASE_DIARY,STATE_01_DIST_03_PS_01,STATE_01_DIST_03,STATE_01,POLICE,HIGH,false,false,true,false,OPEN,ACTIVE,false,false,false,true,INVESTIGATION,VIEW,false,false,MISSING,BUSINESS_HOURS,ONLINE,ICJS_STYLE_EXCHANGE,P-2026-05-STEP1,false,true,28f468afec4fb6a207423c5ccc776a146afd162d6995b6007a1d5b08a386de25
REQ-000077,2026-05-27T10:16:00Z,normal_in_jurisdiction,OFF-0031,12eb6ff70063628bed70540f,Sub-Inspector,3,POLICE,STATE_03_DIST_03_PS_02,STATE_03_DIST_03,STATE_03,MEDIUM,ACTIVE,ASSIGNED,REC-000831,bd8150b0c487b45357673f02,CASE-00091,GENERAL_THEFT,FIR_SUMMARY,STATE_03_DIST_03_PS_02,STATE_03_DIST_03,STATE_03,POLICE,LOW,false,false,false,false,SEALED,ACTIVE,true,true,true,false,INVESTIGATION,VIEW,false,false,NOT_REQUIRED,BUSINESS_HOURS,ONLINE,CCTNS_STYLE_API,P-2026-05-STEP1,false,true,21857f32c81a3c749be4e00c29fa8c69bdd1d8e506a28d76b7e25c649c51e8f9
REQ-000078,2026-05-27T02:36:00Z,normal_in_jurisdiction,OFF-0079,769c0f71f92a8b49e252746c,Sub-Inspector,3,POLICE,STATE_01_DIST_01_PS_03,STATE_01_DIST_01,STATE_01,MEDIUM,ACTIVE,ASSIGNED,REC-000756,501ec7976756cb1bbf632fc6,CASE-00259,JUVENILE_PROTECTION,FIR_SUMMARY,STATE_01_DIST_01_PS_03,STATE_01_DIST_01,STATE_01,POLICE,LOW,false,false,true,false,SEALED,ARCHIVED,true,true,true,false,INVESTIGATION,VIEW,false,false,NOT_REQUIRED,BUSINESS_HOURS,ONLINE,CCTNS_STYLE_API,P-2026-05-STEP1,false,true,fa3dd58cfc799528cf2c8cfe0ec82ab61015e11d4c113b4c75599516f0bf6146
REQ-000079,2026-05-27T19:45:00Z,expired_approval_token,OFF-0006,05c87980613cb5db42b892f9,Sub-Inspector,3,POLICE,STATE_02_DIST_02_PS_02,STATE_02_DIST_02,STATE_02,MEDIUM,ACTIVE,NOT_ASSIGNED,REC-000370,1b1414b71469f9459ee02ce9,CASE-00147,FINANCIAL_CRIME,FIR_SUMMARY,STATE_01_DIST_01_PS_02,STATE_01_DIST_01,STATE_01,POLICE,MEDIUM,false,false,false,false,OPEN,ACTIVE,false,false,false,true,FORENSIC_REVIEW,DOWNLOAD,false,false,EXPIRED,BUSINESS_HOURS,ONLINE,CCTNS_STYLE_API,P-2026-05-STEP1,false,true,38dd5927284637a7cfe872daf3d9e414f2b7d0be5bae54471d7698a7ba619b9d
REQ-000080,2026-05-27T21:20:00Z,sealed_record,OFF-0051,316e4edba94c2b3868db8ac7,Sub-Inspector,3,POLICE,STATE_01_DIST_04_PS_01,STATE_01_DIST_04,STATE_01,MEDIUM,ACTIVE,NOT_ASSIGNED,REC-000628,dfacf63bb0e361f9c503eee9,CASE-00304,WOMEN_CHILD_SAFETY,VICTIM_RECORD,STATE_03_DIST_02_PS_02,STATE_03_DIST_02,STATE_03,POLICE,CLASSIFIED,true,false,false,false,SEALED,ARCHIVED,false,false,false,true,INVESTIGATION,VIEW,false,false,PRESENT_VALID,BUSINESS_HOURS,DEGRADED,CCTNS_STYLE_API,P-2026-05-STEP1,false,true,8800892b0941e9d5191b9ff154f2171563c6ec191918da74f041e0a6b00a00f5
REQ-000081,2026-05-27T04:03:00Z,revoked_credential,OFF-0127,6b0d84a1d858aa1335aacb1b,Station House Officer,5,POLICE,STATE_02_DIST_04_PS_03,STATE_02_DIST_04,STATE_02,HIGH,REVOKED,NOT_ASSIGNED,REC-000091,b5eb5768404fed7cfcb3176c,CASE-00041,CYBER_FRAUD,FIR_SUMMARY,STATE_02_DIST_02_PS_02,STATE_02_DIST_02,STATE_02,POLICE,HIGH,false,false,false,false,OPEN,ARCHIVED,false,false,true,true,INVESTIGATION,VIEW,false,false,MISSING,BUSINESS_HOURS,ONLINE,CCTNS_STYLE_API,P-2026-05-STEP1,false,true,a8d7a86fb788f1187891595bef436dca1917e392e4ef68bf2ddd730f85e98bfe
REQ-000082,2026-05-27T06:50:00Z,stale_case_assignment,OFF-0029,1f84d906e82c7901ab98337e,Cybercrime Officer,4,CYBERCRIME,STATE_03_DIST_01_PS_02,STATE_03_DIST_01,STATE_03,HIGH,ACTIVE,STALE,REC-000220,c3ad49089de0c685eea42246,CASE-00063,FINANCIAL_CRIME,VICTIM_RECORD,STATE_02_DIST_01_PS_02,STATE_02_DIST_01,STATE_02,POLICE,HIGH,true,false,false,false,SEALED,ACTIVE,false,false,false,true,INVESTIGATION,VIEW,false,false,MISSING,BUSINESS_HOURS,ONLINE,ICJS_STYLE_EXCHANGE,P-2026-05-STEP1,false,true,29624916fdb1dbeed448bb119ecc78c389038b385099134de5710bff96e9f9e6
REQ-000083,2026-05-27T05:32:00Z,revoked_credential,OFF-0040,c5c5b540de8f1dde6964dc89,Sub-Inspector,3,POLICE,STATE_03_DIST_02_PS_03,STATE_03_DIST_02,STATE_03,MEDIUM,REVOKED,NOT_ASSIGNED,REC-000146,cd66005fffbf2859a1f3a83c,CASE-00253,NARCOTICS,CASE_DIARY,STATE_01_DIST_02_PS_03,STATE_01_DIST_02,STATE_01,POLICE,HIGH,false,false,false,false,OPEN,ARCHIVED,false,false,false,true,INVESTIGATION,VIEW,false,false,MISSING,BUSINESS_HOURS,ONLINE,ICJS_STYLE_EXCHANGE,P-2026-05-STEP1,false,true,41a98a355864de45726c629246c92bf5ff9d57da4f688a13e895ece94d8da6a5
REQ-000084,2026-05-27T05:36:00Z,normal_in_jurisdiction,OFF-0203,7c415028a69bb19f488fe7d8,Inspector,4,POLICE,STATE_01_DIST_01_PS_02,STATE_01_DIST_01,STATE_01,MEDIUM,ACTIVE,ASSIGNED,REC-000771,e7b2a26cabc70803d3186378,CASE-00225,JUVENILE_PROTECTION,FIR_SUMMARY,STATE_01_DIST_01_PS_02,STATE_01_DIST_01,STATE_01,POLICE,MEDIUM,false,false,true,false,OPEN,ACTIVE,true,true,true,false,INVESTIGATION,VIEW,false,false,NOT_REQUIRED,BUSINESS_HOURS,ONLINE,MANUAL_ESCALATION,P-2026-05-STEP1,false,true,248fe109d73d8efe7fc52c3bdfeceb55f0f706dbc83c089a9ec3656760ebb2c1
REQ-000085,2026-05-27T19:50:00Z,cross_jurisdiction_sensitive,OFF-0181,e1441290962ca2a8517d8d0f,Forensic Officer,4,FORENSIC,STATE_02_DIST_03_PS_02,STATE_02_DIST_03,STATE_02,HIGH,ACTIVE,NOT_ASSIGNED,REC-000168,3247cfd0298737ce5f467ec6,CASE-00115,JUVENILE_PROTECTION,JUVENILE_RECORD,STATE_01_DIST_04_PS_03,STATE_01_DIST_04,STATE_01,POLICE,HIGH,false,false,true,false,OPEN,ACTIVE,false,false,false,true,INVESTIGATION,DOWNLOAD,false,false,PRESENT_VALID,BUSINESS_HOURS,DEGRADED,ICJS_STYLE_EXCHANGE,P-2026-05-STEP1,false,true,3f9705ad88c0383e1cb28398b61c34ef236b42ab8d8c51af8ca1e11ce1f12304
REQ-000086,2026-05-27T12:54:00Z,random_context,OFF-0021,d58ac64e32ce6bc751285238,Sub-Inspector,3,POLICE,STATE_03_DIST_01_PS_01,STATE_03_DIST_01,STATE_03,MEDIUM,ACTIVE,NOT_ASSIGNED,REC-000162,12f777e132dd11d4a2aafb24,CASE-00188,JUVENILE_PROTECTION,WITNESS_STATEMENT,STATE_01_DIST_03_PS_02,STATE_01_DIST_03,STATE_01,POLICE,HIGH,false,true,true,false,OPEN,UNDER_REVIEW,false,false,false,true,INVESTIGATION,DOWNLOAD,false,false,MISSING,AFTER_HOURS,ONLINE,CCTNS_STYLE_API,P-2026-05-STEP1,false,true,da134a955842ebcee58c6fcb6621bc02c53e0d44fc0c3b9266b44e56b4d18f7e
REQ-000087,2026-05-27T08:42:00Z,normal_in_jurisdiction,OFF-0065,6d335433b612a148a4921389,Forensic Officer,4,FORENSIC,STATE_03_DIST_02_PS_02,STATE_03_DIST_02,STATE_03,HIGH,ACTIVE,ASSIGNED,REC-000365,df2072e9cce45f58ab9712de,CASE-00116,JUVENILE_PROTECTION,CYBERCRIME_COMPLAINT,STATE_03_DIST_02_PS_02,STATE_03_DIST_02,STATE_03,POLICE,MEDIUM,false,false,true,false,OPEN,UNDER_REVIEW,true,true,true,false,INVESTIGATION,VIEW,false,false,NOT_REQUIRED,BUSINESS_HOURS,ONLINE,CCTNS_STYLE_API,P-2026-05-STEP1,false,true,7cd97cd1f30b3d099d9545c009a0bbc76cd4ac1b8157818e1eb5810082529943
REQ-000088,2026-05-27T04:24:00Z,revoked_credential,OFF-0104,bacbc9ea0ca5c88caca1fb35,Prosecutor Liaison,4,PROSECUTION,STATE_02_DIST_04_PS_02,STATE_02_DIST_04,STATE_02,MEDIUM,REVOKED,NOT_ASSIGNED,REC-000179,6acc6042dd574d412fb83e2d,CASE-00173,FINANCIAL_CRIME,CASE_DIARY,STATE_01_DIST_02_PS_01,STATE_01_DIST_02,STATE_01,POLICE,HIGH,false,false,false,false,OPEN,ACTIVE,false,false,false,true,INVESTIGATION,VIEW,false,false,MISSING,BUSINESS_HOURS,ONLINE,MANUAL_ESCALATION,P-2026-05-STEP1,false,true,a6e29dd8f692d8f7a6ccdb126c883498e1bdc8453de6efd88170e891ac17e4e8
REQ-000089,2026-05-27T16:19:00Z,normal_in_jurisdiction,OFF-0236,3a6a5386535f809a826fc8a7,Inspector,4,POLICE,STATE_02_DIST_02_PS_03,STATE_02_DIST_02,STATE_02,MEDIUM,ACTIVE,ASSIGNED,REC-000770,227c461d84e121aa1f3cf1a9,CASE-00224,JUVENILE_PROTECTION,COURT_SUBMISSION,STATE_02_DIST_02_PS_03,STATE_02_DIST_02,STATE_02,POLICE,MEDIUM,false,false,true,false,OPEN,ACTIVE,true,true,true,false,INVESTIGATION,VIEW,false,false,NOT_REQUIRED,BUSINESS_HOURS,ONLINE,CCTNS_STYLE_API,P-2026-05-STEP1,false,true,1417519a23ee8069b6955e09b4c08d648b2df940fc39fbc1253cb0456db653d9
REQ-000090,2026-05-27T10:30:00Z,expired_approval_token,OFF-0188,6f9812bdfd1847e653ec5454,Station House Officer,5,POLICE,STATE_03_DIST_02_PS_02,STATE_03_DIST_02,STATE_03,HIGH,ACTIVE,NOT_ASSIGNED,REC-000033,25579b73e0cca8193764a119,CASE-00151,CYBER_FRAUD,EVIDENCE_MEDIA,STATE_02_DIST_01_PS_01,STATE_02_DIST_01,STATE_02,POLICE,HIGH,false,false,false,true,SEALED,ACTIVE,false,false,false,true,PROSECUTION_REVIEW,VIEW,false,false,EXPIRED,AFTER_HOURS,ONLINE,MANUAL_ESCALATION,P-2026-05-STEP1,false,true,d8b74a679f7c21945f28062273cc6b046b563342a628438244b4b29ab529d003
REQ-000091,2026-05-28T00:16:00Z,revoked_credential,OFF-0207,cad50d4d8a49a83faad951a4,Head Constable,2,POLICE,STATE_02_DIST_01_PS_02,STATE_02_DIST_01,STATE_02,LOW,REVOKED,NOT_ASSIGNED,REC-000264,87b096587a2f7133a6e4ac06,CASE-00031,MISSING_PERSON,JUVENILE_RECORD,STATE_01_DIST_01_PS_02,STATE_01_DIST_01,STATE_01,POLICE,CLASSIFIED,false,false,true,false,OPEN,ACTIVE,false,false,false,true,INVESTIGATION,VIEW,false,false,MISSING,BUSINESS_HOURS,DEGRADED,ICJS_STYLE_EXCHANGE,P-2026-05-STEP1,false,true,d72b6d8bea30b17b0ba7cb1a92bb5febc223547debf87592b8ef6946b2992bd7
REQ-000092,2026-05-27T18:24:00Z,sealed_record,OFF-0157,3dd77930332ffbb4fb60fb78,Head Constable,2,POLICE,STATE_03_DIST_01_PS_03,STATE_03_DIST_01,STATE_03,LOW,ACTIVE,NOT_ASSIGNED,REC-000800,3598d6c5148550cfc8339fda,CASE-00059,WOMEN_CHILD_SAFETY,FIR_SUMMARY,STATE_01_DIST_02_PS_03,STATE_01_DIST_02,STATE_01,POLICE,MEDIUM,true,false,false,false,SEALED,ACTIVE,false,false,false,true,PROSECUTION_REVIEW,DOWNLOAD,false,true,PRESENT_VALID,BUSINESS_HOURS,ONLINE,CCTNS_STYLE_API,P-2026-05-STEP1,false,true,5fd571dd0f2ae27f48798b169deaf7c1e5aa69ff2a149303a90046bae858a889
REQ-000093,2026-05-28T02:21:00Z,stale_case_assignment,OFF-0077,956b1c8673c706b9098bdcd1,Station House Officer,5,POLICE,STATE_03_DIST_04_PS_02,STATE_03_DIST_04,STATE_03,HIGH,ACTIVE,STALE,REC-000405,28eb3655e909b804912a3867,CASE-00248,VIOLENT_CRIME,EVIDENCE_MEDIA,STATE_02_DIST_02_PS_03,STATE_02_DIST_02,STATE_02,POLICE,HIGH,false,false,false,true,OPEN,ACTIVE,false,false,false,true,INVESTIGATION,UPDATE,false,false,MISSING,NIGHT,ONLINE,CCTNS_STYLE_API,P-2026-05-STEP1,false,true,dd8764c567e6bc7465c56402bded4f6cc81523e8472898db8231eae366c9ab22
REQ-000094,2026-05-27T10:58:00Z,stale_case_assignment,OFF-0171,4bb363d085866d6dbe19f005,Constable,1,POLICE,STATE_03_DIST_02_PS_03,STATE_03_DIST_02,STATE_03,LOW,ACTIVE,STALE,REC-000522,cfbb7cb7295b99ad06465bc9,CASE-00097,VIOLENT_CRIME,CYBERCRIME_COMPLAINT,STATE_01_DIST_03_PS_03,STATE_01_DIST_03,STATE_01,POLICE,CLASSIFIED,false,false,false,false,OPEN,UNDER_REVIEW,false,false,false,true,INVESTIGATION,VIEW,false,false,MISSING,BUSINESS_HOURS,ONLINE,MANUAL_ESCALATION,P-2026-05-STEP1,false,true,009447b3dfc22babbb60841b975ef08c97515d7fc1f8adabfa5eb8d8b19616eb
REQ-000095,2026-05-27T14:15:00Z,random_context,OFF-0138,3cc947c5caadabb45a541b46,Sub-Inspector,3,POLICE,STATE_03_DIST_02_PS_02,STATE_03_DIST_02,STATE_03,MEDIUM,ACTIVE,NOT_ASSIGNED,REC-000101,89cb204fbfc33d55534482e2,CASE-00312,WOMEN_CHILD_SAFETY,VICTIM_RECORD,STATE_03_DIST_03_PS_02,STATE_03_DIST_03,STATE_03,POLICE,HIGH,true,false,false,false,OPEN,ARCHIVED,false,false,true,true,FORENSIC_REVIEW,UPDATE,false,false,NOT_REQUIRED,BUSINESS_HOURS,ONLINE,ICJS_STYLE_EXCHANGE,P-2026-05-STEP1,false,true,3edeec9935ba7e413c5871734c708f0ea3f7e3886bb7b3b6f664433eb6c91ff4
REQ-000096,2026-05-27T14:24:00Z,expired_approval_token,OFF-0159,a1e23926bdb89d718dc0ff23,Sub-Inspector,3,POLICE,STATE_03_DIST_02_PS_03,STATE_03_DIST_02,STATE_03,MEDIUM,ACTIVE,NOT_ASSIGNED,REC-000358,d09b3513b623ce4439f5c622,CASE-00110,NARCOTICS,WITNESS_STATEMENT,STATE_02_DIST_01_PS_02,STATE_02_DIST_01,STATE_02,POLICE,HIGH,false,true,false,false,OPEN,ACTIVE,false,false,false,true,FORENSIC_REVIEW,VIEW,false,false,EXPIRED,BUSINESS_HOURS,ONLINE,ICJS_STYLE_EXCHANGE,P-2026-05-STEP1,false,true,3737cc3eece0be691884039443e8e4277fcf2ce74cf8d1b1cd49775815271871
REQ-000097,2026-05-27T16:10:00Z,juvenile_sensitive,OFF-0105,acd11cf62713639d9ec501cd,Sub-Inspector,3,POLICE,STATE_01_DIST_02_PS_02,STATE_01_DIST_02,STATE_01,MEDIUM,ACTIVE,NOT_ASSIGNED,REC-000137,97493f5f079666824f863137,CASE-00353,JUVENILE_PROTECTION,COURT_SUBMISSION,STATE_01_DIST_03_PS_02,STATE_01_DIST_03,STATE_01,POLICE,HIGH,false,false,true,false,OPEN,ACTIVE,false,false,true,true,INVESTIGATION,VIEW,false,false,PRESENT_VALID,AFTER_HOURS,ONLINE,ICJS_STYLE_EXCHANGE,P-2026-05-STEP1,false,true,c3c2121f481ccb81956e10524638ba55f4768a25d48915bb868b8ac6398fd92e
REQ-000098,2026-05-27T09:48:00Z,juvenile_sensitive,OFF-0134,4718492e22f05239e76383dd,Inspector,4,POLICE,STATE_03_DIST_02_PS_01,STATE_03_DIST_02,STATE_03,MEDIUM,ACTIVE,NOT_ASSIGNED,REC-000872,5d71ed3aa7f62c0f2b873f7d,CASE-00326,JUVENILE_PROTECTION,FIR_SUMMARY,STATE_02_DIST_04_PS_01,STATE_02_DIST_04,STATE_02,POLICE,MEDIUM,false,false,true,false,OPEN,UNDER_REVIEW,false,false,false,true,INVESTIGATION,APPROVE,false,false,MISSING,BUSINESS_HOURS,DEGRADED,MANUAL_ESCALATION,P-2026-05-STEP1,false,true,d2866a78e31a442a087215af85679253facf4d0707f30d754077549450694d43
REQ-000099,2026-05-27T16:30:00Z,sealed_record,OFF-0067,81023882823dba8b6e04e6a8,Inspector,4,POLICE,STATE_02_DIST_03_PS_01,STATE_02_DIST_03,STATE_02,MEDIUM,ACTIVE,NOT_ASSIGNED,REC-000438,a01b4fff545a372b8d651084,CASE-00004,WOMEN_CHILD_SAFETY,EVIDENCE_MEDIA,STATE_02_DIST_03_PS_03,STATE_02_DIST_03,STATE_02,POLICE,CLASSIFIED,true,false,false,true,SEALED,ACTIVE,false,true,true,false,COURT_PRODUCTION,DOWNLOAD,false,true,PRESENT_VALID,AFTER_HOURS,ONLINE,ICJS_STYLE_EXCHANGE,P-2026-05-STEP1,false,true,07ffd023d00caf429bd73b348ede57e1ad97faad343e60528b28fa5a5f47a1b6
REQ-000100,2026-05-27T20:00:00Z,court_request,OFF-0118,90e9de18363ee212ab55f392,Sub-Inspector,3,POLICE,STATE_03_DIST_03_PS_03,STATE_03_DIST_03,STATE_03,MEDIUM,ACTIVE,NOT_ASSIGNED,REC-000010,1453d16ff68c935811a922d5,CASE-00051,VIOLENT_CRIME,FORENSIC_REPORT,STATE_03_DIST_04_PS_03,STATE_03_DIST_04,STATE_03,POLICE,MEDIUM,false,false,false,false,OPEN,UNDER_REVIEW,false,false,true,true,COURT_PRODUCTION,DOWNLOAD,false,true,PRESENT_VALID,AFTER_HOURS,ONLINE,MANUAL_ESCALATION,P-2026-05-STEP1,false,true,b844c20ed48bd983405c10296fde60919b43c38a3edf63193a55908a495341be
REQ-000101,2026-05-27T23:34:00Z,cross_jurisdiction_sensitive,OFF-0102,cac9c828654d5e683b80f1e7,Sub-Inspector,3,POLICE,STATE_03_DIST_04_PS_03,STATE_03_DIST_04,STATE_03,MEDIUM,ACTIVE,NOT_ASSIGNED,REC-000013,05fbaffbdcc8ed96f536c6a1,CASE-00158,WOMEN_CHILD_SAFETY,VICTIM_RECORD,STATE_02_DIST_04_PS_01,STATE_02_DIST_04,STATE_02,POLICE,HIGH,true,false,false,false,OPEN,ACTIVE,false,false,false,true,SUPERVISION,VIEW,false,false,PRESENT_VALID,BUSINESS_HOURS,DEGRADED,ICJS_STYLE_EXCHANGE,P-2026-05-STEP1,false,true,ca31de10ceb14ec50899d8da78bc78ecc091b73cfe7a11f79e466305e4777ae4
REQ-000102,2026-05-27T23:48:00Z,sealed_record,OFF-0220,5f5d03cad2864eb9986177dd,Inspector,4,POLICE,STATE_01_DIST_04_PS_03,STATE_01_DIST_04,STATE_01,MEDIUM,ACTIVE,NOT_ASSIGNED,REC-000553,7d6f478ee9bc86b7332e87fc,CASE-00073,VIOLENT_CRIME,FIR_SUMMARY,STATE_01_DIST_03_PS_02,STATE_01_DIST_03,STATE_01,POLICE,LOW,false,false,false,false,SEALED,ACTIVE,false,false,true,true,INVESTIGATION,DOWNLOAD,false,false,PRESENT_VALID,BUSINESS_HOURS,ONLINE,MANUAL_ESCALATION,P-2026-05-STEP1,false,true,fd0e9b944e3da0ac661ab14f2b64abb07353f399e96f554cdca259c92bb63da4
REQ-000103,2026-05-27T22:19:00Z,stale_case_assignment,OFF-0146,59518bd254aa8c0d0b7a139c,Senior Superintendent,6,POLICE,STATE_02_DIST_02_PS_02,STATE_02_DIST_02,STATE_02,CLASSIFIED,ACTIVE,STALE,REC-000613,b7b5cfe71c035e42e7255112,CASE-00158,WOMEN_CHILD_SAFETY,FIR_SUMMARY,STATE_02_DIST_04_PS_01,STATE_02_DIST_04,STATE_02,POLICE,MEDIUM,true,false,false,false,SEALED,ACTIVE,false,false,true,true,INVESTIGATION,VIEW,false,false,MISSING,BUSINESS_HOURS,ONLINE,MANUAL_ESCALATION,P-2026-05-STEP1,false,true,5e6d7e1b80d4064957983e322fb86d4ff65ddc5a8e8f5c4391bafb69a277f816
REQ-000104,2026-05-27T10:24:00Z,court_request,OFF-0013,3573eec47a61bb4c69e2b339,Senior Superintendent,6,POLICE,STATE_02_DIST_03_PS_01,STATE_02_DIST_03,STATE_02,CLASSIFIED,SUSPENDED,NOT_ASSIGNED,REC-000384,fe9058bed6465d20bca094d3,CASE-00181,VIOLENT_CRIME,EVIDENCE_MEDIA,STATE_03_DIST_04_PS_03,STATE_03_DIST_04,STATE_03,POLICE,HIGH,false,false,false,true,OPEN,ACTIVE,false,false,false,true,PROSECUTION_REVIEW,VIEW,false,true,PRESENT_VALID,BUSINESS_HOURS,ONLINE,MANUAL_ESCALATION,P-2026-05-STEP1,false,true,ef494505b42d9d61f4055e11ecb8e95c1e362e9cc9b6486b810d9088158a2cf6
REQ-000105,2026-05-27T08:45:00Z,random_context,OFF-0175,22a74f5c5cd00d0646a359b6,Forensic Officer,4,FORENSIC,STATE_03_DIST_03_PS_03,STATE_03_DIST_03,STATE_03,HIGH,ACTIVE,NOT_ASSIGNED,REC-000499,c8276d8fd0deda542ffa6922,CASE-00354,GENERAL_THEFT,EVIDENCE_MEDIA,STATE_01_DIST_01_PS_03,STATE_01_DIST_01,STATE_01,POLICE,CLASSIFIED,false,false,false,true,OPEN,ACTIVE,false,false,false,true,TRAINING,UPDATE,false,false,NOT_REQUIRED,BUSINESS_HOURS,ONLINE,ICJS_STYLE_EXCHANGE,P-2026-05-STEP1,false,true,fa927987ea352eb286b454c2359b36c09cfa7cadf9ce7b3200a0e508b546a2f1
REQ-000106,2026-05-27T21:12:00Z,normal_in_jurisdiction,OFF-0195,b1ddf55c2af537d97ad1287a,Head Constable,2,POLICE,STATE_01_DIST_01_PS_01,STATE_01_DIST_01,STATE_01,LOW,ACTIVE,ASSIGNED,REC-000130,dd50cdb30b8facf0896c1182,CASE-00287,MISSING_PERSON,COURT_SUBMISSION,STATE_01_DIST_01_PS_01,STATE_01_DIST_01,STATE_01,POLICE,MEDIUM,false,false,false,false,OPEN,ACTIVE,true,true,true,false,INVESTIGATION,VIEW,false,false,NOT_REQUIRED,AFTER_HOURS,ONLINE,CCTNS_STYLE_API,P-2026-05-STEP1,false,true,93efe804099d384969f13028de95606f40897eb29a30b2b06c516605d775ba5e
REQ-000107,2026-05-28T04:32:00Z,cross_jurisdiction_sensitive,OFF-0006,05c87980613cb5db42b892f9,Sub-Inspector,3,POLICE,STATE_02_DIST_02_PS_02,STATE_02_DIST_02,STATE_02,MEDIUM,ACTIVE,NOT_ASSIGNED,REC-000612,7f416b45cddf9fa50b2b67c2,CASE-00148,JUVENILE_PROTECTION,WITNESS_STATEMENT,STATE_02_DIST_03_PS_01,STATE_02_DIST_03,STATE_02,POLICE,CLASSIFIED,false,true,true,false,OPEN,ARCHIVED,false,false,true,true,SUPERVISION,UPDATE,false,false,PRESENT_VALID,BUSINESS_HOURS,ONLINE,CCTNS_STYLE_API,P-2026-05-STEP1,false,true,4a13d56e3ab2f1abdbfa2317a97612f5c4d77d648a80624ca1e46f79d9e2bf63
REQ-000108,2026-05-27T14:24:00Z,revoked_credential,OFF-0037,61f9c30ebf940f606c1a2520,Inspector,4,POLICE,STATE_03_DIST_03_PS_03,STATE_03_DIST_03,STATE_03,MEDIUM,REVOKED,NOT_ASSIGNED,REC-000696,4db5cf58f0282ff6c8414bc1,CASE-00178,NARCOTICS,EVIDENCE_MEDIA,STATE_01_DIST_03_PS_01,STATE_01_DIST_03,STATE_01,POLICE,CLASSIFIED,false,false,false,true,SEALED,ACTIVE,false,false,false,true,INVESTIGATION,DOWNLOAD,false,false,MISSING,AFTER_HOURS,ONLINE,MANUAL_ESCALATION,P-2026-05-STEP1,false,true,74f01d141ffa1a523beef02718a811ed9ed2a49ada7144ef0984762b1a30b716
REQ-000109,2026-05-27T14:32:00Z,random_context,OFF-0176,c078db1796c2d8c169b84669,Cybercrime Officer,4,CYBERCRIME,STATE_01_DIST_02_PS_03,STATE_01_DIST_02,STATE_01,HIGH,ACTIVE,NOT_ASSIGNED,REC-000862,570fcb5882c79818b6fa7ccd,CASE-00021,JUVENILE_PROTECTION,FIR_SUMMARY,STATE_02_DIST_04_PS_01,STATE_02_DIST_04,STATE_02,POLICE,HIGH,false,false,true,false,OPEN,UNDER_REVIEW,false,false,false,true,TRAINING,UPDATE,false,false,NOT_REQUIRED,BUSINESS_HOURS,ONLINE,MANUAL_ESCALATION,P-2026-05-STEP1,false,true,c91e22296aca7d1c75abfe7b1c779a48c907eb14212743a1b37328844d4a40b5
REQ-000110,2026-05-27T16:30:00Z,revoked_credential,OFF-0154,030fbe8b71b501096276a8ab,Constable,1,POLICE,STATE_02_DIST_02_PS_01,STATE_02_DIST_02,STATE_02,LOW,REVOKED,NOT_ASSIGNED,REC-000237,193966fad57108ff4acda611,CASE-00067,JUVENILE_PROTECTION,JUVENILE_RECORD,STATE_02_DIST_04_PS_03,STATE_02_DIST_04,STATE_02,POLICE,HIGH,false,false,true,false,OPEN,ACTIVE,false,false,true,true,AUDIT,VIEW,false,false,MISSING,AFTER_HOURS,ONLINE,CCTNS_STYLE_API,P-2026-05-STEP1,false,true,5cd5c5e72df40385eaea474b389a538630d7e906085a88645a3b563641c6c634
REQ-000111,2026-05-27T12:57:00Z,expired_approval_token,OFF-0112,c424bf9aa5cd573d3066b2f0,Constable,1,POLICE,STATE_02_DIST_03_PS_03,STATE_02_DIST_03,STATE_02,LOW,ACTIVE,NOT_ASSIGNED,REC-000386,619c64e8eee97cc53178c989,CASE-00301,WOMEN_CHILD_SAFETY,JUVENILE_RECORD,STATE_02_DIST_01_PS_02,STATE_02_DIST_01,STATE_02,POLICE,CLASSIFIED,true,false,true,false,OPEN,ACTIVE,false,false,true,true,INVESTIGATION,VIEW,false,false,EXPIRED,NIGHT,ONLINE,ICJS_STYLE_EXCHANGE,P-2026-05-STEP1,false,true,35fc38e5025ac2e84f1c43f6a65f153dca0191d1c72060d3067d50624b0d64dd
REQ-000112,2026-05-27T05:36:00Z,normal_in_jurisdiction,OFF-0036,d3ba9e82379b9a1fa09b884a,Inspector,4,POLICE,STATE_02_DIST_02_PS_01,STATE_02_DIST_02,STATE_02,MEDIUM,ACTIVE,NOT_ASSIGNED,REC-000288,9fce236a36075cd6bcd8860b,CASE-00154,JUVENILE_PROTECTION,WITNESS_STATEMENT,STATE_01_DIST_01_PS_02,STATE_01_DIST_01,STATE_01,POLICE,HIGH,false,true,true,false,OPEN,ACTIVE,false,false,false,true,INVESTIGATION,VIEW,false,false,NOT_REQUIRED,BUSINESS_HOURS,ONLINE,ICJS_STYLE_EXCHANGE,P-2026-05-STEP1,false,true,59353275b7291f53448ebedfd1c78295944d7e20a4891f6c27d061c0830fd96e
REQ-000113,2026-05-28T08:01:00Z,juvenile_sensitive,OFF-0101,3d428018fa91d9e32fcf8296,Constable,1,POLICE,STATE_01_DIST_01_PS_01,STATE_01_DIST_01,STATE_01,LOW,ACTIVE,NOT_ASSIGNED,REC-000211,47c63e7665f354ae6f2a6d64,CASE-00125,JUVENILE_PROTECTION,COURT_SUBMISSION,STATE_03_DIST_03_PS_03,STATE_03_DIST_03,STATE_03,POLICE,MEDIUM,false,false,true,false,OPEN,ACTIVE,false,false,false,true,INVESTIGATION,VIEW,false,false,PRESENT_VALID,BUSINESS_HOURS,ONLINE,CCTNS_STYLE_API,P-2026-05-STEP1,false,true,06ff03e1e01ff5600b05c6dd718ee80f7480e439a2797db514b098bf065096ff
REQ-000114,2026-05-27T22:48:00Z,stale_case_assignment,OFF-0227,2747b4371f8a7719020e45ce,Forensic Officer,4,FORENSIC,STATE_02_DIST_04_PS_02,STATE_02_DIST_04,STATE_02,HIGH,ACTIVE,STALE,REC-000731,72f5852134754e41109c673f,CASE-00126,CYBER_FRAUD,FIR_SUMMARY,STATE_03_DIST_03_PS_03,STATE_03_DIST_03,STATE_03,POLICE,MEDIUM,false,false,false,false,OPEN,UNDER_REVIEW,false,false,false,true,INVESTIGATION,DOWNLOAD,false,false,MISSING,BUSINESS_HOURS,DEGRADED,ICJS_STYLE_EXCHANGE,P-2026-05-STEP1,false,true,95abeb361a6d88f31510dc33079f7f1c0622cfc6311645cff6733641760540e9
REQ-000115,2026-05-27T17:15:00Z,emergency_override,OFF-0023,7dd10e346a2e773cbf9da071,Sub-Inspector,3,POLICE,STATE_02_DIST_03_PS_02,STATE_02_DIST_03,STATE_02,MEDIUM,ACTIVE,NOT_ASSIGNED,REC-000269,ee3ca38f34162c711e83a513,CASE-00287,MISSING_PERSON,JUVENILE_RECORD,STATE_01_DIST_01_PS_01,STATE_01_DIST_01,STATE_01,POLICE,CLASSIFIED,false,false,true,false,SEALED,ACTIVE,false,false,false,true,EMERGENCY_RESPONSE,DOWNLOAD,true,false,MISSING,NIGHT,ONLINE,ICJS_STYLE_EXCHANGE,P-2026-05-STEP1,false,true,ad0ff6170200731899ba78861a338c6f75f2f18bb76ca2b45fe8dd4b0da4b0ef
REQ-000116,2026-05-27T11:36:00Z,emergency_override,OFF-0175,22a74f5c5cd00d0646a359b6,Forensic Officer,4,FORENSIC,STATE_03_DIST_03_PS_03,STATE_03_DIST_03,STATE_03,HIGH,ACTIVE,NOT_ASSIGNED,REC-000467,d7f5f5e94d3e5229dcdcc76e,CASE-00039,CYBER_FRAUD,COURT_SUBMISSION,STATE_02_DIST_02_PS_03,STATE_02_DIST_02,STATE_02,POLICE,HIGH,false,false,false,false,OPEN,ACTIVE,false,false,false,true,EMERGENCY_RESPONSE,VIEW,true,false,MISSING,BUSINESS_HOURS,ONLINE,MANUAL_ESCALATION,P-2026-05-STEP1,false,true,5428f2cfd09f4f89f4ad32387ed31e5caffec436781158874b1cbaf587d79abf
REQ-000117,2026-05-27T23:24:00Z,random_context,OFF-0139,16a2d504d34232bf9551d690,Cybercrime Officer,4,CYBERCRIME,STATE_01_DIST_04_PS_01,STATE_01_DIST_04,STATE_01,HIGH,ACTIVE,NOT_ASSIGNED,REC-000622,ca90f42fb360620381782a1e,CASE-00234,CYBER_FRAUD,JUVENILE_RECORD,STATE_01_DIST_04_PS_01,STATE_01_DIST_04,STATE_01,POLICE,CLASSIFIED,false,false,true,false,OPEN,ACTIVE,true,true,true,false,FORENSIC_REVIEW,VIEW,false,false,NOT_REQUIRED,BUSINESS_HOURS,DEGRADED,ICJS_STYLE_EXCHANGE,P-2026-05-STEP1,false,true,05908f7232ebaa192d38c0416490e4a812059a30471db6d8a72780251fbf04bb
REQ-000118,2026-05-27T21:38:00Z,random_context,OFF-0089,1dfcf9ccdf6fab5303a9e921,Sub-Inspector,3,POLICE,STATE_03_DIST_04_PS_03,STATE_03_DIST_04,STATE_03,MEDIUM,ACTIVE,NOT_ASSIGNED,REC-000046,39d3051b583edb8f08d3ac66,CASE-00083,NARCOTICS,CASE_DIARY,STATE_03_DIST_01_PS_03,STATE_03_DIST_01,STATE_03,POLICE,HIGH,false,false,false,false,OPEN,UNDER_REVIEW,false,false,true,true,TRAINING,DOWNLOAD,false,false,PRESENT_VALID,AFTER_HOURS,ONLINE,CCTNS_STYLE_API,P-2026-05-STEP1,false,true,c7f5d48ebc54ebcd3aefcdf0989a75bdd2caa4e5a314db460046c65deb6f3355
REQ-000119,2026-05-28T09:43:00Z,court_request,OFF-0081,e432fb8e9e7dd060765bcd20,Prosecutor Liaison,4,PROSECUTION,STATE_03_DIST_04_PS_02,STATE_03_DIST_04,STATE_03,MEDIUM,ACTIVE,NOT_ASSIGNED,REC-000684,85d4f1d703df76e03a0cb3a3,CASE-00149,GENERAL_THEFT,JUVENILE_RECORD,STATE_01_DIST_01_PS_02,STATE_01_DIST_01,STATE_01,POLICE,CLASSIFIED,false,false,true,false,OPEN,ACTIVE,false,false,false,true,COURT_PRODUCTION,VIEW,false,true,PRESENT_VALID,BUSINESS_HOURS,ONLINE,CCTNS_STYLE_API,P-2026-05-STEP1,false,true,51b1c41d0b18d4d13d143ec44d14b6cc943888b70b9a1715f71c1d43d2311b03
REQ-000120,2026-05-27T06:00:00Z,sealed_record,OFF-0065,6d335433b612a148a4921389,Forensic Officer,4,FORENSIC,STATE_03_DIST_02_PS_02,STATE_03_DIST_02,STATE_03,HIGH,ACTIVE,NOT_ASSIGNED,REC-000424,dbdfbc01fd0c4b39b898ed5b,CASE-00245,VIOLENT_CRIME,EVIDENCE_MEDIA,STATE_02_DIST_02_PS_02,STATE_02_DIST_02,STATE_02,POLICE,HIGH,false,false,false,true,SEALED,UNDER_REVIEW,false,false,false,true,COURT_PRODUCTION,VIEW,false,true,MISSING,BUSINESS_HOURS,ONLINE,ICJS_STYLE_EXCHANGE,P-2026-05-STEP1,false,true,ea14688f278062858463dd8ba8dc037b88dfb633d09b8bdcfdc17d8a26ad09a4
REQ-000121,2026-05-27T04:02:00Z,emergency_override,OFF-0228,8a7aea37c451a80fdc290e57,Inspector,4,POLICE,STATE_01_DIST_02_PS_01,STATE_01_DIST_02,STATE_01,MEDIUM,ACTIVE,NOT_ASSIGNED,REC-000667,8eb6e43f09093badac30f01a,CASE-00068,MISSING_PERSON,JUVENILE_RECORD,STATE_03_DIST_02_PS_03,STATE_03_DIST_02,STATE_03,POLICE,HIGH,false,false,true,false,OPEN,UNDER_REVIEW,false,false,false,true,EMERGENCY_RESPONSE,VIEW,true,false,MISSING,BUSINESS_HOURS,ONLINE,ICJS_STYLE_EXCHANGE,P-2026-05-STEP1,false,true,55224d2fa8abc5acaeec6142e51405bc46bffd6c326f7dbcf4698e6dca48a0a2
REQ-000122,2026-05-27T18:18:00Z,revoked_credential,OFF-0045,1abb810c99dd60558b095f4d,Inspector,4,POLICE,STATE_02_DIST_01_PS_01,STATE_02_DIST_01,STATE_02,MEDIUM,REVOKED,NOT_ASSIGNED,REC-000353,97ed045e8ea63e1f27d280f3,CASE-00163,VIOLENT_CRIME,JUVENILE_RECORD,STATE_02_DIST_04_PS_02,STATE_02_DIST_04,STATE_02,POLICE,CLASSIFIED,false,false,true,false,OPEN,ARCHIVED,false,false,true,true,INVESTIGATION,DOWNLOAD,false,false,MISSING,BUSINESS_HOURS,ONLINE,CCTNS_STYLE_API,P-2026-05-STEP1,false,true,8b2fbc3d3ef107e000f48a0260b350ffd870fcbc305cbf257cabee46b022894b
REQ-000123,2026-05-27T08:12:00Z,emergency_override,OFF-0208,47e9daa6a9eddbbbae1d0bd7,Head Constable,2,POLICE,STATE_03_DIST_02_PS_03,STATE_03_DIST_02,STATE_03,LOW,ACTIVE,NOT_ASSIGNED,REC-000008,82f3a0dc6cf5506dd0eab4e1,CASE-00045,CYBER_FRAUD,FORENSIC_REPORT,STATE_02_DIST_04_PS_01,STATE_02_DIST_04,STATE_02,POLICE,HIGH,false,false,false,false,OPEN,ACTIVE,false,false,false,true,EMERGENCY_RESPONSE,VIEW,true,false,MISSING,AFTER_HOURS,ONLINE,CCTNS_STYLE_API,P-2026-05-STEP1,false,true,e6fdc49dfb4106b56dcdfdb2aff7dabfd26d2e2aeade21c3983e11df545947ec
REQ-000124,2026-05-28T00:48:00Z,normal_in_jurisdiction,OFF-0130,4b271c3dc209eac61d05dd4f,Sub-Inspector,3,POLICE,STATE_01_DIST_01_PS_02,STATE_01_DIST_01,STATE_01,MEDIUM,ACTIVE,ASSIGNED,REC-000758,03db1b138a3912e8b9ba6c90,CASE-00128,GENERAL_THEFT,COURT_SUBMISSION,STATE_01_DIST_01_PS_02,STATE_01_DIST_01,STATE_01,POLICE,MEDIUM,false,false,false,false,OPEN,ACTIVE,true,true,true,false,INVESTIGATION,VIEW,false,false,NOT_REQUIRED,NIGHT,ONLINE,CCTNS_STYLE_API,P-2026-05-STEP1,false,true,fd1ccd03f6b6a02ccb1a0534effb568e31032e92d295847838ac55b977ab78d7
REQ-000125,2026-05-28T07:15:00Z,revoked_credential,OFF-0127,6b0d84a1d858aa1335aacb1b,Station House Officer,5,POLICE,STATE_02_DIST_04_PS_03,STATE_02_DIST_04,STATE_02,HIGH,REVOKED,NOT_ASSIGNED,REC-000742,79c28dac3a5963ddb5d05b71,CASE-00066,JUVENILE_PROTECTION,COURT_SUBMISSION,STATE_03_DIST_01_PS_01,STATE_03_DIST_01,STATE_03,POLICE,MEDIUM,false,false,true,false,OPEN,UNDER_REVIEW,false,false,false,true,INVESTIGATION,VIEW,false,false,MISSING,BUSINESS_HOURS,DEGRADED,ICJS_STYLE_EXCHANGE,P-2026-05-STEP1,false,true,c5341a5b6feace49a55bb6568df18f4023aebbc7e64b897d3a3003e75c36d432
REQ-000126,2026-05-27T08:24:00Z,cross_jurisdiction_sensitive,OFF-0014,86b6682cd665b74e9695ec29,Senior Superintendent,6,POLICE,STATE_01_DIST_04_PS_01,STATE_01_DIST_04,STATE_01,CLASSIFIED,ACTIVE,NOT_ASSIGNED,REC-000714,9dbbb6a343493bd757013eb2,CASE-00091,GENERAL_THEFT,CASE_DIARY,STATE_03_DIST_03_PS_02,STATE_03_DIST_03,STATE_03,POLICE,CLASSIFIED,false,false,false,false,OPEN,ARCHIVED,false,false,false,true,INVESTIGATION,VIEW,false,false,PRESENT_VALID,BUSINESS_HOURS,ONLINE,ICJS_STYLE_EXCHANGE,P-2026-05-STEP1,false,true,d7da66efacfff88c029b196a8b73f45b784a085ba5dc51ee34b074250eb802bb
REQ-000127,2026-05-27T21:10:00Z,cross_jurisdiction_sensitive,OFF-0194,ade36a17fa7aeeef7c2513ee,Sub-Inspector,3,POLICE,STATE_03_DIST_01_PS_02,STATE_03_DIST_01,STATE_03,MEDIUM,ACTIVE,NOT_ASSIGNED,REC-000506,4486a471677828660c3b0e02,CASE-00103,NARCOTICS,CYBERCRIME_COMPLAINT,STATE_03_DIST_03_PS_03,STATE_03_DIST_03,STATE_03,POLICE,CLASSIFIED,false,false,false,false,OPEN,ACTIVE,false,false,true,true,INVESTIGATION,DOWNLOAD,false,false,PRESENT_VALID,BUSINESS_HOURS,ONLINE,ICJS_STYLE_EXCHANGE,P-2026-05-STEP1,false,true,c8e533e264e501494b676c0c679f5420c74205e02dddc45674b00c05dcdb1339
REQ-000128,2026-05-28T05:52:00Z,sealed_record,OFF-0101,3d428018fa91d9e32fcf8296,Constable,1,POLICE,STATE_01_DIST_01_PS_01,STATE_01_DIST_01,STATE_01,LOW,ACTIVE,NOT_ASSIGNED,REC-000041,57feb3c60423fddfa0461895,CASE-00084,GENERAL_THEFT,EVIDENCE_MEDIA,STATE_01_DIST_03_PS_01,STATE_01_DIST_03,STATE_01,POLICE,CLASSIFIED,false,false,false,true,SEALED,ACTIVE,false,false,true,true,COURT_PRODUCTION,VIEW,false,true,MISSING,BUSINESS_HOURS,ONLINE,CCTNS_STYLE_API,P-2026-05-STEP1,false,true,787236551cc13d69621b9fea79ef844f2aa66525742262562e643801060be250
REQ-000129,2026-05-27T23:39:00Z,normal_in_jurisdiction,OFF-0171,4bb363d085866d6dbe19f005,Constable,1,POLICE,STATE_03_DIST_02_PS_03,STATE_03_DIST_02,STATE_03,LOW,ACTIVE,ASSIGNED,REC-000054,1401f3e1054a0aaab0eeff1c,CASE-00352,MISSING_PERSON,COURT_SUBMISSION,STATE_03_DIST_02_PS_03,STATE_03_DIST_02,STATE_03,POLICE,MEDIUM,false,false,false,false,OPEN,ACTIVE,true,true,true,false,INVESTIGATION,VIEW,false,false,NOT_REQUIRED,BUSINESS_HOURS,ONLINE,MANUAL_ESCALATION,P-2026-05-STEP1,false,true,c9c0ee0d257a457becc4eac31bd4e5eace134f5ec3eac00845c2f94486d0891c
REQ-000130,2026-05-28T10:40:00Z,court_request,OFF-0191,f920410d24c1d513e4b5b45f,Sub-Inspector,3,POLICE,STATE_03_DIST_04_PS_01,STATE_03_DIST_04,STATE_03,MEDIUM,ACTIVE,NOT_ASSIGNED,REC-000139,29c6b3e6eb3337cb1c09848c,CASE-00184,NARCOTICS,CASE_DIARY,STATE_01_DIST_02_PS_02,STATE_01_DIST_02,STATE_01,POLICE,CLASSIFIED,false,false,false,false,OPEN,ARCHIVED,false,false,false,true,PROSECUTION_REVIEW,VIEW,false,true,PRESENT_VALID,AFTER_HOURS,DEGRADED,MANUAL_ESCALATION,P-2026-05-STEP1,false,true,a314f470cc2adc6ce3ba6fe0054367506d306d2aaabcc353a564cc32a0121d69
REQ-000131,2026-05-28T04:23:00Z,expired_approval_token,OFF-0014,86b6682cd665b74e9695ec29,Senior Superintendent,6,POLICE,STATE_01_DIST_04_PS_01,STATE_01_DIST_04,STATE_01,CLASSIFIED,ACTIVE,NOT_ASSIGNED,REC-000798,76adbb3fc2521f255ea8e9c6,CASE-00304,WOMEN_CHILD_SAFETY,EVIDENCE_MEDIA,STATE_03_DIST_02_PS_02,STATE_03_DIST_02,STATE_03,POLICE,CLASSIFIED,true,false,false,true,OPEN,ACTIVE,false,false,false,true,FORENSIC_REVIEW,VIEW,false,false,EXPIRED,BUSINESS_HOURS,DEGRADED,MANUAL_ESCALATION,P-2026-05-STEP1,false,true,ad399fba8fff98d4c062c19986fd22f9899046b24b8688d0315b0b1c3f10abe4
REQ-000132,2026-05-28T06:48:00Z,normal_in_jurisdiction,OFF-0006,05c87980613cb5db42b892f9,Sub-Inspector,3,POLICE,STATE_02_DIST_02_PS_02,STATE_02_DIST_02,STATE_02,MEDIUM,ACTIVE,ASSIGNED,REC-000031,a62882abc3511c2fb68d874b,CASE-00228,NARCOTICS,FIR_SUMMARY,STATE_02_DIST_02_PS_02,STATE_02_DIST_02,STATE_02,POLICE,LOW,false,false,false,false,OPEN,ACTIVE,true,true,true,false,INVESTIGATION,VIEW,false,false,NOT_REQUIRED,BUSINESS_HOURS,DEGRADED,CCTNS_STYLE_API,P-2026-05-STEP1,false,true,5d50123c709932a592d838f2485348e59f22ac5a7356603cfd22b3c63b854bbe
REQ-000133,2026-05-27T11:05:00Z,cross_jurisdiction_sensitive,OFF-0009,48f5470b8ce4df5af3e82ab0,Sub-Inspector,3,POLICE,STATE_03_DIST_01_PS_03,STATE_03_DIST_01,STATE_03,MEDIUM,ACTIVE,NOT_ASSIGNED,REC-000275,da955dc4e17b595e2820e3be,CASE-00144,MISSING_PERSON,EVIDENCE_MEDIA,STATE_03_DIST_04_PS_02,STATE_03_DIST_04,STATE_03,POLICE,CLASSIFIED,false,false,false,true,OPEN,ARCHIVED,false,false,true,true,INVESTIGATION,UPDATE,false,false,MISSING,BUSINESS_HOURS,ONLINE,MANUAL_ESCALATION,P-2026-05-STEP1,false,true,1ed17e227104b16147fdec5cb3293fa6a3098eec139a690cb77c6d8731fb1956
REQ-000134,2026-05-27T15:38:00Z,cross_jurisdiction_sensitive,OFF-0085,17c3357ea795f04352db1db0,Constable,1,POLICE,STATE_01_DIST_02_PS_03,STATE_01_DIST_02,STATE_01,LOW,ACTIVE,NOT_ASSIGNED,REC-000745,db6a2cf39ae4810f63b6b02e,CASE-00309,FINANCIAL_CRIME,CASE_DIARY,STATE_02_DIST_02_PS_01,STATE_02_DIST_02,STATE_02,POLICE,HIGH,false,false,false,false,OPEN,ACTIVE,false,false,false,true,SUPERVISION,VIEW,false,false,PRESENT_VALID,BUSINESS_HOURS,ONLINE,MANUAL_ESCALATION,P-2026-05-STEP1,false,true,a6343aba17e2f41702b6bb0f81abbce0f8e32dd9ddc05c2eba87a8928eec777a
REQ-000135,2026-05-28T03:00:00Z,normal_in_jurisdiction,OFF-0041,6adbebf965a8665f8e3dd8db,Station House Officer,5,POLICE,STATE_02_DIST_03_PS_03,STATE_02_DIST_03,STATE_02,HIGH,ACTIVE,ASSIGNED,REC-000217,387cbd761dda27638ac4c28c,CASE-00298,GENERAL_THEFT,FIR_SUMMARY,STATE_02_DIST_03_PS_03,STATE_02_DIST_03,STATE_02,POLICE,LOW,false,false,false,false,OPEN,ACTIVE,true,true,true,false,INVESTIGATION,VIEW,false,false,NOT_REQUIRED,BUSINESS_HOURS,ONLINE,MANUAL_ESCALATION,P-2026-05-STEP1,false,true,e7db76ee5af73912a9248b9dc60affc7a2161d32864d0a5e7882aa7c2c05445a
REQ-000136,2026-05-27T22:40:00Z,cross_jurisdiction_sensitive,OFF-0035,6d2396ea39d60a2c9554602a,Prosecutor Liaison,4,PROSECUTION,STATE_01_DIST_02_PS_01,STATE_01_DIST_02,STATE_01,MEDIUM,ACTIVE,NOT_ASSIGNED,REC-000437,d45ef8c0ab200ac9b4c7a89e,CASE-00177,MISSING_PERSON,CYBERCRIME_COMPLAINT,STATE_02_DIST_04_PS_03,STATE_02_DIST_04,STATE_02,POLICE,HIGH,false,false,false,false,OPEN,ARCHIVED,false,false,false,true,FORENSIC_REVIEW,SHARE,false,false,MISSING,BUSINESS_HOURS,ONLINE,ICJS_STYLE_EXCHANGE,P-2026-05-STEP1,false,true,ec562de515337b8fa0ddfac5c198f60ae7dbd795e823c7b724b148efe3c68fd6
REQ-000137,2026-05-27T09:08:00Z,sealed_record,OFF-0150,b012e7e4d1319033c362fb26,Prosecutor Liaison,4,PROSECUTION,STATE_01_DIST_03_PS_03,STATE_01_DIST_03,STATE_01,MEDIUM,ACTIVE,NOT_ASSIGNED,REC-000269,ee3ca38f34162c711e83a513,CASE-00287,MISSING_PERSON,JUVENILE_RECORD,STATE_01_DIST_01_PS_01,STATE_01_DIST_01,STATE_01,POLICE,CLASSIFIED,false,false,true,false,SEALED,ACTIVE,false,false,true,true,PROSECUTION_REVIEW,VIEW,false,true,PRESENT_VALID,BUSINESS_HOURS,ONLINE,MANUAL_ESCALATION,P-2026-05-STEP1,false,true,a5a666c5a37a93e993d0ee668aefe54268954a5be58947cf90ffed63465b9b52
REQ-000138,2026-05-28T05:54:00Z,expired_approval_token,OFF-0101,3d428018fa91d9e32fcf8296,Constable,1,POLICE,STATE_01_DIST_01_PS_01,STATE_01_DIST_01,STATE_01,LOW,ACTIVE,NOT_ASSIGNED,REC-000660,ed2e4026b7249509166c6691,CASE-00060,FINANCIAL_CRIME,CASE_DIARY,STATE_01_DIST_03_PS_02,STATE_01_DIST_03,STATE_01,POLICE,HIGH,false,false,false,false,OPEN,ARCHIVED,false,false,true,true,FORENSIC_REVIEW,VIEW,false,false,EXPIRED,AFTER_HOURS,ONLINE,CCTNS_STYLE_API,P-2026-05-STEP1,false,true,c11658a85cd3e9462fcc4388c0833f8e59d46b75dd9315ff07b02a181f7140ec
REQ-000139,2026-05-28T13:04:00Z,sealed_record,OFF-0188,6f9812bdfd1847e653ec5454,Station House Officer,5,POLICE,STATE_03_DIST_02_PS_02,STATE_03_DIST_02,STATE_03,HIGH,ACTIVE,NOT_ASSIGNED,REC-000061,de8ed503b092aff04a4f6676,CASE-00083,NARCOTICS,COURT_SUBMISSION,STATE_03_DIST_01_PS_03,STATE_03_DIST_01,STATE_03,POLICE,HIGH,false,false,false,false,SEALED,ACTIVE,false,false,true,true,INVESTIGATION,APPROVE,false,false,MISSING,BUSINESS_HOURS,DEGRADED,CCTNS_STYLE_API,P-2026-05-STEP1,false,true,c65b558a44c19c233dcd2409fae117553226cfb89b2931cb32143bb71b6335f2
REQ-000140,2026-05-28T08:40:00Z,revoked_credential,OFF-0127,6b0d84a1d858aa1335aacb1b,Station House Officer,5,POLICE,STATE_02_DIST_04_PS_03,STATE_02_DIST_04,STATE_02,HIGH,REVOKED,NOT_ASSIGNED,REC-000400,cbe1fd17453b68043b279572,CASE-00100,WOMEN_CHILD_SAFETY,EVIDENCE_MEDIA,STATE_03_DIST_01_PS_03,STATE_03_DIST_01,STATE_03,POLICE,HIGH,true,false,false,true,OPEN,ACTIVE,false,false,false,true,INVESTIGATION,DOWNLOAD,false,false,MISSING,NIGHT,ONLINE,CCTNS_STYLE_API,P-2026-05-STEP1,false,true,b997fb677353bc5dd163c0ac3f55286772f3a89299fdda736848828cd9829945
REQ-000141,2026-05-28T04:12:00Z,normal_in_jurisdiction,OFF-0217,fdc97c18ce18a70d495aa065,Head Constable,2,POLICE,STATE_02_DIST_03_PS_01,STATE_02_DIST_03,STATE_02,LOW,ACTIVE,ASSIGNED,REC-000357,71bbf19d311d6a56e619166e,CASE-00208,GENERAL_THEFT,FIR_SUMMARY,STATE_02_DIST_03_PS_01,STATE_02_DIST_03,STATE_02,POLICE,LOW,false,false,false,false,OPEN,ACTIVE,true,true,true,false,INVESTIGATION,VIEW,false,false,NOT_REQUIRED,BUSINESS_HOURS,ONLINE,MANUAL_ESCALATION,P-2026-05-STEP1,false,true,f270b799d0d345702c44393d8ed0e66f259f5a91026f9cc9c6ace54c37c49857
REQ-000142,2026-05-28T06:46:00Z,sealed_record,OFF-0167,a2884bcebf8616c20bdb4688,Sub-Inspector,3,POLICE,STATE_01_DIST_01_PS_02,STATE_01_DIST_01,STATE_01,MEDIUM,ACTIVE,NOT_ASSIGNED,REC-000582,8bda4bef783bd0a2841c41de,CASE-00246,NARCOTICS,EVIDENCE_MEDIA,STATE_01_DIST_01_PS_02,STATE_01_DIST_01,STATE_01,POLICE,CLASSIFIED,false,false,false,true,SEALED,ACTIVE,true,true,true,false,INVESTIGATION,VIEW,false,false,PRESENT_VALID,BUSINESS_HOURS,ONLINE,ICJS_STYLE_EXCHANGE,P-2026-05-STEP1,false,true,a3d3b8eaf7ea600c6a9af24f25323620d1302758e21fe5fcf788f9ebeef4f5fd
REQ-000143,2026-05-27T07:09:00Z,juvenile_sensitive,OFF-0094,85642e8c300a0dccea130cc9,Sub-Inspector,3,POLICE,STATE_03_DIST_04_PS_01,STATE_03_DIST_04,STATE_03,MEDIUM,ACTIVE,NOT_ASSIGNED,REC-000862,570fcb5882c79818b6fa7ccd,CASE-00021,JUVENILE_PROTECTION,FIR_SUMMARY,STATE_02_DIST_04_PS_01,STATE_02_DIST_04,STATE_02,POLICE,HIGH,false,false,true,false,OPEN,UNDER_REVIEW,false,false,false,true,SUPERVISION,DOWNLOAD,false,false,MISSING,BUSINESS_HOURS,ONLINE,ICJS_STYLE_EXCHANGE,P-2026-05-STEP1,false,true,64a629101982cf2f6762a3e13f2f2f330e2c74ea73e072070edddd5251d854e0
REQ-000144,2026-05-27T12:00:00Z,stale_case_assignment,OFF-0061,86505bfb457a23f7a0108287,Prosecutor Liaison,4,PROSECUTION,STATE_01_DIST_03_PS_02,STATE_01_DIST_03,STATE_01,MEDIUM,ACTIVE,STALE,REC-000859,d4efcb9a9982cc5a71505982,CASE-00280,VIOLENT_CRIME,VICTIM_RECORD,STATE_01_DIST_03_PS_01,STATE_01_DIST_03,STATE_01,POLICE,HIGH,true,false,false,false,OPEN,ACTIVE,false,true,true,false,INVESTIGATION,VIEW,false,false,MISSING,BUSINESS_HOURS,ONLINE,CCTNS_STYLE_API,P-2026-05-STEP1,false,true,45c5cb13ddab04976bcc8ba38786116db60d4988c3b42a4836c70a80e6afab44
REQ-000145,2026-05-27T14:30:00Z,normal_in_jurisdiction,OFF-0144,426f43bdc9c73b5f3d8480a4,Sub-Inspector,3,POLICE,STATE_01_DIST_04_PS_03,STATE_01_DIST_04,STATE_01,MEDIUM,ACTIVE,ASSIGNED,REC-000693,68e25cbf0ce0354dd255dd0e,CASE-00183,MISSING_PERSON,FORENSIC_REPORT,STATE_01_DIST_04_PS_03,STATE_01_DIST_04,STATE_01,POLICE,MEDIUM,false,false,false,false,OPEN,ACTIVE,true,true,true,false,INVESTIGATION,VIEW,false,false,NOT_REQUIRED,BUSINESS_HOURS,DEGRADED,ICJS_STYLE_EXCHANGE,P-2026-05-STEP1,false,true,178c954318e3e891125e1cb5091e7ca29928f209ec81e55537722d63600b0b88
REQ-000146,2026-05-27T12:10:00Z,expired_approval_token,OFF-0167,a2884bcebf8616c20bdb4688,Sub-Inspector,3,POLICE,STATE_01_DIST_01_PS_02,STATE_01_DIST_01,STATE_01,MEDIUM,ACTIVE,NOT_ASSIGNED,REC-000761,2cbda76432e3c7a37d92e1a0,CASE-00266,MISSING_PERSON,FIR_SUMMARY,STATE_01_DIST_01_PS_02,STATE_01_DIST_01,STATE_01,POLICE,LOW,false,false,false,false,OPEN,ACTIVE,true,true,true,false,INVESTIGATION,DOWNLOAD,false,false,EXPIRED,BUSINESS_HOURS,ONLINE,CCTNS_STYLE_API,P-2026-05-STEP1,false,true,c7d50323b7e0700bc5f6c4c498a5e61a402a81f235bcc3b482b5341e553ee20b
REQ-000147,2026-05-28T07:51:00Z,stale_case_assignment,OFF-0087,5226641dfbffc5688ec0818a,Constable,1,POLICE,STATE_03_DIST_04_PS_03,STATE_03_DIST_04,STATE_03,LOW,ACTIVE,STALE,REC-000358,d09b3513b623ce4439f5c622,CASE-00110,NARCOTICS,WITNESS_STATEMENT,STATE_02_DIST_01_PS_02,STATE_02_DIST_01,STATE_02,POLICE,HIGH,false,true,false,false,OPEN,ACTIVE,false,false,false,true,INVESTIGATION,DOWNLOAD,false,false,MISSING,AFTER_HOURS,ONLINE,MANUAL_ESCALATION,P-2026-05-STEP1,false,true,4f5266d4ece68b9384492da411366edf80ff748f95b90633edfede1bdcd9b456
REQ-000148,2026-05-28T08:04:00Z,cross_jurisdiction_sensitive,OFF-0162,ec1ea596f81353f2d9f85816,Sub-Inspector,3,POLICE,STATE_03_DIST_01_PS_01,STATE_03_DIST_01,STATE_03,MEDIUM,ACTIVE,NOT_ASSIGNED,REC-000525,04edc1d43e8b573e63bbb971,CASE-00288,MISSING_PERSON,CASE_DIARY,STATE_01_DIST_03_PS_03,STATE_01_DIST_03,STATE_01,POLICE,HIGH,false,false,false,false,OPEN,ACTIVE,false,false,false,true,FORENSIC_REVIEW,VIEW,false,false,MISSING,BUSINESS_HOURS,ONLINE,CCTNS_STYLE_API,P-2026-05-STEP1,false,true,26863263b1137f61dba30a3aff55dd7d129cfff22a1862ce49227c3e97d66261
REQ-000149,2026-05-27T04:58:00Z,stale_case_assignment,OFF-0186,fe341f3994ddbba307367393,Sub-Inspector,3,POLICE,STATE_02_DIST_02_PS_01,STATE_02_DIST_02,STATE_02,MEDIUM,ACTIVE,STALE,REC-000767,148f5201e446b9e7af6ac7c4,CASE-00137,MISSING_PERSON,JUVENILE_RECORD,STATE_03_DIST_02_PS_03,STATE_03_DIST_02,STATE_03,POLICE,HIGH,false,false,true,false,OPEN,ARCHIVED,false,false,false,true,INVESTIGATION,DOWNLOAD,false,false,MISSING,BUSINESS_HOURS,ONLINE,ICJS_STYLE_EXCHANGE,P-2026-05-STEP1,false,true,b07e210377058f229aee290a11ca366e80816c9419fe111a903e5508feea645b
REQ-000150,2026-05-28T18:30:00Z,stale_case_assignment,OFF-0106,2deed09bfdff4831b0bfcd1c,Sub-Inspector,3,POLICE,STATE_03_DIST_03_PS_02,STATE_03_DIST_03,STATE_03,MEDIUM,ACTIVE,STALE,REC-000891,3de35c117f9aa817f83b27dd,CASE-00271,VIOLENT_CRIME,WITNESS_STATEMENT,STATE_01_DIST_03_PS_01,STATE_01_DIST_03,STATE_01,POLICE,HIGH,false,true,false,false,OPEN,UNDER_REVIEW,false,false,false,true,INVESTIGATION,VIEW,false,false,MISSING,BUSINESS_HOURS,ONLINE,ICJS_STYLE_EXCHANGE,P-2026-05-STEP1,false,true,ab0336af9985fd3abb795e0f71968c74dfc8e743f929c3b617d640e3a5489bc4
REQ-000151,2026-05-28T08:43:00Z,normal_in_jurisdiction,OFF-0027,0333fdd2d35c528a38a1dbe4,Head Constable,2,POLICE,STATE_02_DIST_01_PS_01,STATE_02_DIST_01,STATE_02,LOW,ACTIVE,ASSIGNED,REC-000343,121319e5c742c9826335312f,CASE-00356,NARCOTICS,FIR_SUMMARY,STATE_02_DIST_01_PS_01,STATE_02_DIST_01,STATE_02,POLICE,MEDIUM,false,false,false,false,OPEN,ACTIVE,true,true,true,false,INVESTIGATION,VIEW,false,false,NOT_REQUIRED,NIGHT,ONLINE,CCTNS_STYLE_API,P-2026-05-STEP1,false,true,a86a08d3ead2954a1f142542ca70f4d622412ebb178e73dab030953815faf302
REQ-000152,2026-05-28T11:28:00Z,cross_jurisdiction_sensitive,OFF-0144,426f43bdc9c73b5f3d8480a4,Sub-Inspector,3,POLICE,STATE_01_DIST_04_PS_03,STATE_01_DIST_04,STATE_01,MEDIUM,ACTIVE,NOT_ASSIGNED,REC-000178,7dee870272acf5645d4ab84c,CASE-00114,GENERAL_THEFT,JUVENILE_RECORD,STATE_01_DIST_02_PS_01,STATE_01_DIST_02,STATE_01,POLICE,CLASSIFIED,false,false,true,false,OPEN,ACTIVE,false,false,true,true,SUPERVISION,VIEW,false,false,MISSING,AFTER_HOURS,ONLINE,ICJS_STYLE_EXCHANGE,P-2026-05-STEP1,false,true,92649d4c344f98f2758d0d12180385e360fe92a1dfa1f6c42a5a38469f8a1eac
REQ-000153,2026-05-27T05:06:00Z,court_request,OFF-0024,c5766246d7388485ac5c149e,Constable,1,POLICE,STATE_03_DIST_04_PS_03,STATE_03_DIST_04,STATE_03,LOW,ACTIVE,NOT_ASSIGNED,REC-000401,ee0077472217a89dfddd7b51,CASE-00137,MISSING_PERSON,VICTIM_RECORD,STATE_03_DIST_02_PS_03,STATE_03_DIST_02,STATE_03,POLICE,HIGH,true,false,false,false,OPEN,ACTIVE,false,false,true,true,PROSECUTION_REVIEW,VIEW,false,true,PRESENT_VALID,BUSINESS_HOURS,ONLINE,MANUAL_ESCALATION,P-2026-05-STEP1,false,true,d41e8a12db88c23d0e2380ed9086899febd6281de5f57c8a51591b4b29e25c7c
REQ-000154,2026-05-28T04:14:00Z,juvenile_sensitive,OFF-0011,84a9b6fb8d6efe7cd09043f6,Inspector,4,POLICE,STATE_03_DIST_01_PS_01,STATE_03_DIST_01,STATE_03,MEDIUM,ACTIVE,NOT_ASSIGNED,REC-000289,375c93cbfc19c6b728ba102e,CASE-00120,CYBER_FRAUD,JUVENILE_RECORD,STATE_01_DIST_02_PS_01,STATE_01_DIST_02,STATE_01,POLICE,CLASSIFIED,false,false,true,false,OPEN,ACTIVE,false,false,false,true,INVESTIGATION,VIEW,false,false,PRESENT_VALID,BUSINESS_HOURS,DEGRADED,ICJS_STYLE_EXCHANGE,P-2026-05-STEP1,false,true,b29299745230293dd622b9d3717688ac7f7db9b58e6f639dcfa7b7157d304f5d
REQ-000155,2026-05-28T04:25:00Z,juvenile_sensitive,OFF-0135,93ea324e5b0159f974ae2ac9,Sub-Inspector,3,POLICE,STATE_01_DIST_03_PS_03,STATE_01_DIST_03,STATE_01,MEDIUM,ACTIVE,NOT_ASSIGNED,REC-000756,501ec7976756cb1bbf632fc6,CASE-00259,JUVENILE_PROTECTION,FIR_SUMMARY,STATE_01_DIST_01_PS_03,STATE_01_DIST_01,STATE_01,POLICE,LOW,false,false,true,false,SEALED,ARCHIVED,false,false,true,true,SUPERVISION,VIEW,false,false,MISSING,AFTER_HOURS,ONLINE,CCTNS_STYLE_API,P-2026-05-STEP1,false,true,ad9f09ebd458cf0329746d429d95516d59f6db824984793576281af133a1fa41
REQ-000156,2026-05-28T02:00:00Z,juvenile_sensitive,OFF-0063,d57f9cfca107b054602e3afe,Forensic Officer,4,FORENSIC,STATE_03_DIST_01_PS_03,STATE_03_DIST_01,STATE_03,HIGH,ACTIVE,NOT_ASSIGNED,REC-000256,eda072470422c2d10fd9265d,CASE-00236,MISSING_PERSON,JUVENILE_RECORD,STATE_01_DIST_04_PS_03,STATE_01_DIST_04,STATE_01,POLICE,CLASSIFIED,false,false,true,false,SEALED,ARCHIVED,false,false,false,true,INVESTIGATION,VIEW,false,false,MISSING,BUSINESS_HOURS,ONLINE,ICJS_STYLE_EXCHANGE,P-2026-05-STEP1,false,true,b6cc280038b57d4d15210ea9bd51da4fab19fdfea3f2406cd898c75514e7f6cf
REQ-000157,2026-05-27T20:56:00Z,cross_jurisdiction_sensitive,OFF-0200,4ee0497be96c65e5642e3a72,Constable,1,POLICE,STATE_01_DIST_01_PS_01,STATE_01_DIST_01,STATE_01,LOW,ACTIVE,NOT_ASSIGNED,REC-000012,c6a572862caa5832f9d55a39,CASE-00060,FINANCIAL_CRIME,FORENSIC_REPORT,STATE_01_DIST_03_PS_02,STATE_01_DIST_03,STATE_01,POLICE,HIGH,false,false,false,false,OPEN,ARCHIVED,false,false,true,true,FORENSIC_REVIEW,VIEW,false,false,PRESENT_VALID,BUSINESS_HOURS,ONLINE,CCTNS_STYLE_API,P-2026-05-STEP1,false,true,68115148707f68577a71d4e95efb7ef52ba68ae58c38d91d122e69e6f491f34c
REQ-000158,2026-05-27T23:42:00Z,normal_in_jurisdiction,OFF-0229,910fbfbd952d337d55470015,Constable,1,POLICE,STATE_03_DIST_03_PS_02,STATE_03_DIST_03,STATE_03,LOW,ACTIVE,ASSIGNED,REC-000831,bd8150b0c487b45357673f02,CASE-00091,GENERAL_THEFT,FIR_SUMMARY,STATE_03_DIST_03_PS_02,STATE_03_DIST_03,STATE_03,POLICE,LOW,false,false,false,false,SEALED,ACTIVE,true,true,true,false,INVESTIGATION,VIEW,false,false,NOT_REQUIRED,BUSINESS_HOURS,ONLINE,ICJS_STYLE_EXCHANGE,P-2026-05-STEP1,false,true,288af6453e530c592616619fa0ac4854336d1fef2967c0a46460c09e3d4f0828
REQ-000159,2026-05-27T15:54:00Z,normal_in_jurisdiction,OFF-0099,058b6ca906f6f017cad2b2fa,Head Constable,2,POLICE,STATE_03_DIST_02_PS_02,STATE_03_DIST_02,STATE_03,LOW,ACTIVE,ASSIGNED,REC-000365,df2072e9cce45f58ab9712de,CASE-00116,JUVENILE_PROTECTION,CYBERCRIME_COMPLAINT,STATE_03_DIST_02_PS_02,STATE_03_DIST_02,STATE_03,POLICE,MEDIUM,false,false,true,false,OPEN,UNDER_REVIEW,true,true,true,false,INVESTIGATION,VIEW,false,false,NOT_REQUIRED,BUSINESS_HOURS,ONLINE,CCTNS_STYLE_API,P-2026-05-STEP1,false,true,caccaea255a1c1d786ef5c296d6b8de80b43bae237caefe7cf057dbb416b4d38
REQ-000160,2026-05-28T10:40:00Z,cross_jurisdiction_sensitive,OFF-0158,88db5c4f1341722984d72ca6,Forensic Officer,4,FORENSIC,STATE_02_DIST_02_PS_02,STATE_02_DIST_02,STATE_02,HIGH,ACTIVE,NOT_ASSIGNED,REC-000437,d45ef8c0ab200ac9b4c7a89e,CASE-00177,MISSING_PERSON,CYBERCRIME_COMPLAINT,STATE_02_DIST_04_PS_03,STATE_02_DIST_04,STATE_02,POLICE,HIGH,false,false,false,false,OPEN,ARCHIVED,false,false,true,true,SUPERVISION,VIEW,false,false,PRESENT_VALID,AFTER_HOURS,ONLINE,CCTNS_STYLE_API,P-2026-05-STEP1,false,true,f3bce54cb8375634a80b56f968cca8195e6f492dba8a2a07557cd65fe5c7c644
REQ-000161,2026-05-28T10:53:00Z,cross_jurisdiction_sensitive,OFF-0105,acd11cf62713639d9ec501cd,Sub-Inspector,3,POLICE,STATE_01_DIST_02_PS_02,STATE_01_DIST_02,STATE_01,MEDIUM,ACTIVE,NOT_ASSIGNED,REC-000005,73a955fe3375c918a3bfc978,CASE-00041,CYBER_FRAUD,COURT_SUBMISSION,STATE_02_DIST_02_PS_02,STATE_02_DIST_02,STATE_02,POLICE,HIGH,false,false,false,false,OPEN,ACTIVE,false,false,false,true,FORENSIC_REVIEW,VIEW,false,false,MISSING,BUSINESS_HOURS,ONLINE,ICJS_STYLE_EXCHANGE,P-2026-05-STEP1,false,true,a281580b2f77437efa97a144094663b4e73b9f8bc69684598422234acb89b79b
REQ-000162,2026-05-28T19:12:00Z,expired_approval_token,OFF-0065,6d335433b612a148a4921389,Forensic Officer,4,FORENSIC,STATE_03_DIST_02_PS_02,STATE_03_DIST_02,STATE_03,HIGH,ACTIVE,NOT_ASSIGNED,REC-000619,22d13ba63717ca715e5005a7,CASE-00051,VIOLENT_CRIME,COURT_SUBMISSION,STATE_03_DIST_04_PS_03,STATE_03_DIST_04,STATE_03,POLICE,MEDIUM,false,false,false,false,SEALED,ACTIVE,false,false,true,true,FORENSIC_REVIEW,VIEW,false,false,EXPIRED,AFTER_HOURS,ONLINE,ICJS_STYLE_EXCHANGE,P-2026-05-STEP1,false,true,692b23868dbc73cbb5303034673fa453ff8ba55361eb25b179ec507bf5b7d3da
REQ-000163,2026-05-28T22:11:00Z,sealed_record,OFF-0076,ce1b63fb3ee51890894fc213,Forensic Officer,4,FORENSIC,STATE_01_DIST_02_PS_02,STATE_01_DIST_02,STATE_01,HIGH,ACTIVE,NOT_ASSIGNED,REC-000655,ec013d89dbc3d07ad6443ccb,CASE-00027,NARCOTICS,EVIDENCE_MEDIA,STATE_01_DIST_01_PS_01,STATE_01_DIST_01,STATE_01,POLICE,HIGH,false,false,false,true,SEALED,ARCHIVED,false,false,true,true,COURT_PRODUCTION,VIEW,false,true,MISSING,BUSINESS_HOURS,ONLINE,CCTNS_STYLE_API,P-2026-05-STEP1,false,true,636947c122d114b9d2221e839f5381a7ba2eb7c076bc44452606492f0f473f81
REQ-000164,2026-05-28T22:28:00Z,court_request,OFF-0009,48f5470b8ce4df5af3e82ab0,Sub-Inspector,3,POLICE,STATE_03_DIST_01_PS_03,STATE_03_DIST_01,STATE_03,MEDIUM,ACTIVE,NOT_ASSIGNED,REC-000595,dd25798c72c5112bd72c2efc,CASE-00295,WOMEN_CHILD_SAFETY,FORENSIC_REPORT,STATE_01_DIST_01_PS_02,STATE_01_DIST_01,STATE_01,POLICE,CLASSIFIED,true,false,false,false,OPEN,ACTIVE,false,false,false,true,COURT_PRODUCTION,DOWNLOAD,false,true,PRESENT_VALID,BUSINESS_HOURS,ONLINE,ICJS_STYLE_EXCHANGE,P-2026-05-STEP1,false,true,fcd2baf4d9922a9625df2d10895c29254e321c0eb5fb0fc285ac87e029ed8475
REQ-000165,2026-05-28T09:00:00Z,normal_in_jurisdiction,OFF-0010,bcb4468affef262ed92897ea,Inspector,4,POLICE,STATE_03_DIST_03_PS_02,STATE_03_DIST_03,STATE_03,MEDIUM,ACTIVE,ASSIGNED,REC-000442,0b78c248bf72ce01e5e741e0,CASE-00312,WOMEN_CHILD_SAFETY,FIR_SUMMARY,STATE_03_DIST_03_PS_02,STATE_03_DIST_03,STATE_03,POLICE,MEDIUM,true,false,false,false,OPEN,ACTIVE,true,true,true,false,INVESTIGATION,VIEW,false,false,NOT_REQUIRED,BUSINESS_HOURS,ONLINE,MANUAL_ESCALATION,P-2026-05-STEP1,false,true,a0f82aeb490e76fd8e78ec6a5ada1f6ebfbfc7665cc24ac5d78fe57e02a1d3cc
REQ-000166,2026-05-27T19:22:00Z,normal_in_jurisdiction,OFF-0070,73b99e563b8590d8f1f3488f,Sub-Inspector,3,POLICE,STATE_02_DIST_02_PS_02,STATE_02_DIST_02,STATE_02,MEDIUM,ACTIVE,NOT_ASSIGNED,REC-000452,26560f8c17e3de8c4965db49,CASE-00347,NARCOTICS,FIR_SUMMARY,STATE_03_DIST_03_PS_01,STATE_03_DIST_03,STATE_03,POLICE,LOW,false,false,false,false,OPEN,ACTIVE,false,false,false,true,INVESTIGATION,VIEW,false,false,NOT_REQUIRED,AFTER_HOURS,ONLINE,MANUAL_ESCALATION,P-2026-05-STEP1,false,true,8270ba333254b50c9eb2067666ecf5369bf2cacd2c3bf164f81ac02141226c17
REQ-000167,2026-05-27T16:42:00Z,revoked_credential,OFF-0147,94b2d412892c95cbfdbe73cd,Forensic Officer,4,FORENSIC,STATE_02_DIST_03_PS_02,STATE_02_DIST_03,STATE_02,HIGH,REVOKED,NOT_ASSIGNED,REC-000148,48cf890fe5e2b35e37ba9f33,CASE-00056,CYBER_FRAUD,CYBERCRIME_COMPLAINT,STATE_03_DIST_01_PS_01,STATE_03_DIST_01,STATE_03,POLICE,HIGH,false,false,false,false,OPEN,ARCHIVED,false,false,false,true,AUDIT,SHARE,false,false,MISSING,BUSINESS_HOURS,ONLINE,ICJS_STYLE_EXCHANGE,P-2026-05-STEP1,false,true,4b67c247fa1cc3d31a1001903dad85e87ed2e438f0d003c76ae935167b2d797c
REQ-000168,2026-05-28T15:12:00Z,emergency_override,OFF-0099,058b6ca906f6f017cad2b2fa,Head Constable,2,POLICE,STATE_03_DIST_02_PS_02,STATE_03_DIST_02,STATE_03,LOW,ACTIVE,NOT_ASSIGNED,REC-000236,6971f605042660df67234258,CASE-00080,GENERAL_THEFT,FORENSIC_REPORT,STATE_03_DIST_03_PS_01,STATE_03_DIST_03,STATE_03,POLICE,CLASSIFIED,false,false,false,false,OPEN,ACTIVE,false,false,true,true,EMERGENCY_RESPONSE,DOWNLOAD,true,false,MISSING,BUSINESS_HOURS,ONLINE,ICJS_STYLE_EXCHANGE,P-2026-05-STEP1,false,true,ada6ab3e09d64c69eade12db397203de2104fab33e98efe7f0d6398d6001ffea
REQ-000169,2026-05-28T15:26:00Z,sealed_record,OFF-0155,750741a21ba1ad37a768df1b,Station House Officer,5,POLICE,STATE_01_DIST_02_PS_01,STATE_01_DIST_02,STATE_01,HIGH,ACTIVE,NOT_ASSIGNED,REC-000391,cc807e9870eb2999a5aa2981,CASE-00049,CYBER_FRAUD,FIR_SUMMARY,STATE_03_DIST_01_PS_02,STATE_03_DIST_01,STATE_03,POLICE,HIGH,false,false,false,false,SEALED,ARCHIVED,false,false,false,true,COURT_PRODUCTION,VIEW,false,true,PRESENT_VALID,AFTER_HOURS,DEGRADED,ICJS_STYLE_EXCHANGE,P-2026-05-STEP1,false,true,cdba5f5889d0d8d47568e3060e0a103d9491b4f9740f3c44efc3c53d50435cfd
REQ-000170,2026-05-27T11:20:00Z,court_request,OFF-0038,ed345e57c83b3d1c5b2c2660,Inspector,4,POLICE,STATE_03_DIST_02_PS_01,STATE_03_DIST_02,STATE_03,MEDIUM,ACTIVE,NOT_ASSIGNED,REC-000827,3fe5f563961efc8bcecb0585,CASE-00056,CYBER_FRAUD,FIR_SUMMARY,STATE_03_DIST_01_PS_01,STATE_03_DIST_01,STATE_03,POLICE,HIGH,false,false,false,false,OPEN,ACTIVE,false,false,true,true,COURT_PRODUCTION,DOWNLOAD,false,true,PRESENT_VALID,NIGHT,ONLINE,ICJS_STYLE_EXCHANGE,P-2026-05-STEP1,false,true,537bca4d6f3935e03bab0b2be3740582a12a5999bfbb732ca998909dc7af4502
REQ-000171,2026-05-27T11:24:00Z,emergency_override,OFF-0014,86b6682cd665b74e9695ec29,Senior Superintendent,6,POLICE,STATE_01_DIST_04_PS_01,STATE_01_DIST_04,STATE_01,CLASSIFIED,ACTIVE,NOT_ASSIGNED,REC-000218,b2fe1d7e7f491d2222d662d6,CASE-00288,MISSING_PERSON,VICTIM_RECORD,STATE_01_DIST_03_PS_03,STATE_01_DIST_03,STATE_01,POLICE,HIGH,true,false,false,false,OPEN,ACTIVE,false,false,true,true,EMERGENCY_RESPONSE,APPROVE,true,false,MISSING,BUSINESS_HOURS,ONLINE,ICJS_STYLE_EXCHANGE,P-2026-05-STEP1,false,true,cba87e605ef96b914d78f40b91858a9ccae36498468627e5a0c9c46eba847236
REQ-000172,2026-05-28T21:52:00Z,revoked_credential,OFF-0040,c5c5b540de8f1dde6964dc89,Sub-Inspector,3,POLICE,STATE_03_DIST_02_PS_03,STATE_03_DIST_02,STATE_03,MEDIUM,REVOKED,NOT_ASSIGNED,REC-000104,a677cce772515d48d3a1528e,CASE-00263,JUVENILE_PROTECTION,COURT_SUBMISSION,STATE_03_DIST_02_PS_03,STATE_03_DIST_02,STATE_03,POLICE,HIGH,false,false,true,false,OPEN,ACTIVE,true,true,true,false,INVESTIGATION,VIEW,false,false,MISSING,BUSINESS_HOURS,ONLINE,MANUAL_ESCALATION,P-2026-05-STEP1,false,true,79fc429fb5dadf7dcff3e16abc85acc3e47fa54519c6a0c4eab3238f4a2bb851
REQ-000173,2026-05-28T01:57:00Z,cross_jurisdiction_sensitive,OFF-0070,73b99e563b8590d8f1f3488f,Sub-Inspector,3,POLICE,STATE_02_DIST_02_PS_02,STATE_02_DIST_02,STATE_02,MEDIUM,ACTIVE,NOT_ASSIGNED,REC-000438,a01b4fff545a372b8d651084,CASE-00004,WOMEN_CHILD_SAFETY,EVIDENCE_MEDIA,STATE_02_DIST_03_PS_03,STATE_02_DIST_03,STATE_02,POLICE,CLASSIFIED,true,false,false,true,SEALED,ACTIVE,false,false,true,true,FORENSIC_REVIEW,VIEW,false,false,PRESENT_VALID,BUSINESS_HOURS,ONLINE,ICJS_STYLE_EXCHANGE,P-2026-05-STEP1,false,true,a978ca193b4dd7ee54f9d551446343d1452bacb91f365431e6b35f87770c2142
REQ-000174,2026-05-27T17:24:00Z,cross_jurisdiction_sensitive,OFF-0220,5f5d03cad2864eb9986177dd,Inspector,4,POLICE,STATE_01_DIST_04_PS_03,STATE_01_DIST_04,STATE_01,MEDIUM,ACTIVE,NOT_ASSIGNED,REC-000247,3fad45ed842e9179a901ac73,CASE-00001,WOMEN_CHILD_SAFETY,FIR_SUMMARY,STATE_03_DIST_01_PS_03,STATE_03_DIST_01,STATE_03,POLICE,MEDIUM,true,false,false,false,OPEN,ACTIVE,false,false,false,true,INVESTIGATION,SHARE,false,false,PRESENT_VALID,AFTER_HOURS,ONLINE,CCTNS_STYLE_API,P-2026-05-STEP1,false,true,f6fde863be719f75f4835d5e33a968992c07219cc33873411a37063831906ff1
REQ-000175,2026-05-28T16:50:00Z,normal_in_jurisdiction,OFF-0219,72129b83faafabab27729edc,Inspector,4,POLICE,STATE_03_DIST_02_PS_03,STATE_03_DIST_02,STATE_03,MEDIUM,ACTIVE,ASSIGNED,REC-000765,12cf19c868dac2359d49c264,CASE-00150,GENERAL_THEFT,COURT_SUBMISSION,STATE_03_DIST_02_PS_03,STATE_03_DIST_02,STATE_03,POLICE,MEDIUM,false,false,false,false,OPEN,ACTIVE,true,true,true,false,INVESTIGATION,VIEW,false,false,NOT_REQUIRED,BUSINESS_HOURS,DEGRADED,MANUAL_ESCALATION,P-2026-05-STEP1,false,true,4478cbee3a5d822f0666a485ccf753b52c4fbb4d407995b8a81cbfe7e14135bd
REQ-000176,2026-05-28T22:56:00Z,stale_case_assignment,OFF-0217,fdc97c18ce18a70d495aa065,Head Constable,2,POLICE,STATE_02_DIST_03_PS_01,STATE_02_DIST_03,STATE_02,LOW,ACTIVE,STALE,REC-000009,63c910ce62e656e7950b3fc5,CASE-00098,MISSING_PERSON,FIR_SUMMARY,STATE_01_DIST_02_PS_02,STATE_01_DIST_02,STATE_01,POLICE,LOW,false,false,false,false,OPEN,ACTIVE,false,false,false,true,INVESTIGATION,DOWNLOAD,false,false,MISSING,BUSINESS_HOURS,DEGRADED,ICJS_STYLE_EXCHANGE,P-2026-05-STEP1,false,true,1443e6a14fd29d807376984d99b50a91d9c70b804ec9d24970c8440b6b3570fc
REQ-000177,2026-05-28T17:18:00Z,juvenile_sensitive,OFF-0061,86505bfb457a23f7a0108287,Prosecutor Liaison,4,PROSECUTION,STATE_01_DIST_03_PS_02,STATE_01_DIST_03,STATE_01,MEDIUM,ACTIVE,NOT_ASSIGNED,REC-000396,34b21675c93019fd5a4c0262,CASE-00139,FINANCIAL_CRIME,JUVENILE_RECORD,STATE_02_DIST_01_PS_03,STATE_02_DIST_01,STATE_02,POLICE,HIGH,false,false,true,false,OPEN,ACTIVE,false,false,false,true,INVESTIGATION,UPDATE,false,false,PRESENT_VALID,BUSINESS_HOURS,ONLINE,CCTNS_STYLE_API,P-2026-05-STEP1,false,true,972439853a190d466d7784760dc917693cd69443d36570cf5887b3a352e8a23b
REQ-000178,2026-05-28T08:38:00Z,random_context,OFF-0038,ed345e57c83b3d1c5b2c2660,Inspector,4,POLICE,STATE_03_DIST_02_PS_01,STATE_03_DIST_02,STATE_03,MEDIUM,ACTIVE,NOT_ASSIGNED,REC-000726,2b5ed92b73d41d7d7ad6f4ce,CASE-00186,CYBER_FRAUD,FIR_SUMMARY,STATE_01_DIST_02_PS_02,STATE_01_DIST_02,STATE_01,POLICE,CLASSIFIED,false,false,false,false,OPEN,ARCHIVED,false,false,false,true,INVESTIGATION,VIEW,false,false,NOT_REQUIRED,BUSINESS_HOURS,ONLINE,ICJS_STYLE_EXCHANGE,P-2026-05-STEP1,false,true,e4f1b9f224156e273e0ed9904bd1927e337522e019d09b38f1a5dcb8e14de663
REQ-000179,2026-05-28T05:50:00Z,revoked_credential,OFF-0040,c5c5b540de8f1dde6964dc89,Sub-Inspector,3,POLICE,STATE_03_DIST_02_PS_03,STATE_03_DIST_02,STATE_03,MEDIUM,REVOKED,NOT_ASSIGNED,REC-000367,9d371131a92813d8a85f2a16,CASE-00069,MISSING_PERSON,EVIDENCE_MEDIA,STATE_02_DIST_04_PS_03,STATE_02_DIST_04,STATE_02,POLICE,CLASSIFIED,false,false,false,true,OPEN,ACTIVE,false,false,false,true,AUDIT,VIEW,false,false,MISSING,NIGHT,ONLINE,MANUAL_ESCALATION,P-2026-05-STEP1,false,true,114bc82588bfba3ccc7351001deb6f2a60bf38f1f9434e3ec8f58f110d0c2a16
REQ-000180,2026-05-28T21:00:00Z,random_context,OFF-0144,426f43bdc9c73b5f3d8480a4,Sub-Inspector,3,POLICE,STATE_01_DIST_04_PS_03,STATE_01_DIST_04,STATE_01,MEDIUM,ACTIVE,NOT_ASSIGNED,REC-000531,dfacd5897f32fddc86122774,CASE-00174,NARCOTICS,EVIDENCE_MEDIA,STATE_01_DIST_03_PS_01,STATE_01_DIST_03,STATE_01,POLICE,CLASSIFIED,false,false,false,true,OPEN,ACTIVE,false,false,true,true,AUDIT,VIEW,false,false,NOT_REQUIRED,NIGHT,ONLINE,MANUAL_ESCALATION,P-2026-05-STEP1,false,true,2d9c57dafa9c4837ece75b353ee817163f11e65abafe30e53d27b81b47629131
REQ-000181,2026-05-28T12:12:00Z,court_request,OFF-0106,2deed09bfdff4831b0bfcd1c,Sub-Inspector,3,POLICE,STATE_03_DIST_03_PS_02,STATE_03_DIST_03,STATE_03,MEDIUM,ACTIVE,NOT_ASSIGNED,REC-000499,c8276d8fd0deda542ffa6922,CASE-00354,GENERAL_THEFT,EVIDENCE_MEDIA,STATE_01_DIST_01_PS_03,STATE_01_DIST_01,STATE_01,POLICE,CLASSIFIED,false,false,false,true,OPEN,ACTIVE,false,false,false,true,COURT_PRODUCTION,VIEW,false,true,PRESENT_VALID,AFTER_HOURS,ONLINE,ICJS_STYLE_EXCHANGE,P-2026-05-STEP1,false,true,0f5b3436b6f730d7d55c262235af205198788456f2d68f99df4a7d166537356d
REQ-000182,2026-05-28T00:16:00Z,random_context,OFF-0240,2e90133c615ae26c343ba035,Cybercrime Officer,4,CYBERCRIME,STATE_03_DIST_02_PS_03,STATE_03_DIST_02,STATE_03,HIGH,ACTIVE,ASSIGNED,REC-000323,d94d037bceb6d6ea53e03101,CASE-00026,NARCOTICS,CYBERCRIME_COMPLAINT,STATE_03_DIST_02_PS_03,STATE_03_DIST_02,STATE_03,POLICE,CLASSIFIED,false,false,false,false,OPEN,ACTIVE,true,true,true,false,TRAINING,VIEW,false,false,PRESENT_VALID,BUSINESS_HOURS,DEGRADED,ICJS_STYLE_EXCHANGE,P-2026-05-STEP1,false,true,7449ed48f8a5a0c02bd0aa0bbba9b072918d2eeb8d39437c454d804d9aefc468
REQ-000183,2026-05-27T21:21:00Z,random_context,OFF-0235,a4932d929933c3c8b03681a3,Constable,1,POLICE,STATE_02_DIST_04_PS_02,STATE_02_DIST_04,STATE_02,LOW,ACTIVE,NOT_ASSIGNED,REC-000246,83bca7e310ed9ee58d743944,CASE-00233,CYBER_FRAUD,EVIDENCE_MEDIA,STATE_03_DIST_01_PS_03,STATE_03_DIST_01,STATE_03,POLICE,HIGH,false,false,false,true,OPEN,ACTIVE,false,false,false,true,SUPERVISION,VIEW,false,false,NOT_REQUIRED,AFTER_HOURS,ONLINE,CCTNS_STYLE_API,P-2026-05-STEP1,false,true,39070f4b0bc3c0bddeac51c7352996711cda38680fbf62ecf79c47bcdc7cfe3c
REQ-000184,2026-05-27T06:08:00Z,emergency_override,OFF-0157,3dd77930332ffbb4fb60fb78,Head Constable,2,POLICE,STATE_03_DIST_01_PS_03,STATE_03_DIST_01,STATE_03,LOW,ACTIVE,NOT_ASSIGNED,REC-000426,be1c97c5c56e77b750e46471,CASE-00124,MISSING_PERSON,EVIDENCE_MEDIA,STATE_01_DIST_04_PS_01,STATE_01_DIST_04,STATE_01,POLICE,CLASSIFIED,false,false,false,true,OPEN,ACTIVE,false,false,false,true,EMERGENCY_RESPONSE,UPDATE,true,false,MISSING,BUSINESS_HOURS,STATION_NODE_DOWN,MANUAL_ESCALATION,P-2026-05-STEP1,false,true,fb00cbf6d43b7519a709cbca36fa8ebaa0812fd778c3019a3669967a7058d2cb
REQ-000185,2026-05-29T01:20:00Z,sealed_record,OFF-0096,cd7bb6b37a4bf493a6fadfea,Sub-Inspector,3,POLICE,STATE_01_DIST_04_PS_01,STATE_01_DIST_04,STATE_01,MEDIUM,ACTIVE,NOT_ASSIGNED,REC-000633,4d1b8e5013b77f9be76d7b71,CASE-00094,CYBER_FRAUD,EVIDENCE_MEDIA,STATE_03_DIST_02_PS_03,STATE_03_DIST_02,STATE_03,POLICE,CLASSIFIED,false,false,false,true,SEALED,ACTIVE,false,false,false,true,PROSECUTION_REVIEW,UPDATE,false,true,MISSING,BUSINESS_HOURS,ONLINE,CCTNS_STYLE_API,P-2026-05-STEP1,false,true,90eda491e27fb3d284d6c24f72c842cb2d3170a5a4a3e84faf4ff2cbb393b4c4
REQ-000186,2026-05-29T01:36:00Z,sealed_record,OFF-0209,46719ed3c0b1ab7f0fbf5f90,Inspector,4,POLICE,STATE_01_DIST_03_PS_01,STATE_01_DIST_03,STATE_01,MEDIUM,ACTIVE,NOT_ASSIGNED,REC-000723,b56e98af8a7c425088a343c2,CASE-00073,VIOLENT_CRIME,FIR_SUMMARY,STATE_01_DIST_03_PS_02,STATE_01_DIST_03,STATE_01,POLICE,MEDIUM,false,false,false,false,SEALED,UNDER_REVIEW,false,true,true,false,PROSECUTION_REVIEW,DOWNLOAD,false,true,MISSING,BUSINESS_HOURS,ONLINE,ICJS_STYLE_EXCHANGE,P-2026-05-STEP1,false,true,bc6cbe140f8400d8775fcf6a8069dabdb0eaffb5a800541bd54d7094f71a2248
REQ-000187,2026-05-27T18:42:00Z,normal_in_jurisdiction,OFF-0026,1744a4b8e7d09467e6ea7495,Constable,1,POLICE,STATE_03_DIST_03_PS_03,STATE_03_DIST_03,STATE_03,LOW,ACTIVE,NOT_ASSIGNED,REC-000459,b0fa4c8793acea9c90dd0730,CASE-00068,MISSING_PERSON,JUVENILE_RECORD,STATE_03_DIST_02_PS_03,STATE_03_DIST_02,STATE_03,POLICE,HIGH,false,false,true,false,OPEN,UNDER_REVIEW,false,false,true,true,INVESTIGATION,VIEW,false,false,NOT_REQUIRED,BUSINESS_HOURS,ONLINE,CCTNS_STYLE_API,P-2026-05-STEP1,false,true,5f686357e7d2b7c1615a121f82c83aed5ea4d75fb955de0f88bd125903013d59
REQ-000188,2026-05-27T06:16:00Z,revoked_credential,OFF-0088,aba84a984ee3606ae0d30a0a,Station House Officer,5,POLICE,STATE_03_DIST_04_PS_01,STATE_03_DIST_04,STATE_03,HIGH,REVOKED,NOT_ASSIGNED,REC-000062,0679ca444beed76eeaaa44db,CASE-00087,FINANCIAL_CRIME,EVIDENCE_MEDIA,STATE_01_DIST_02_PS_01,STATE_01_DIST_02,STATE_01,POLICE,HIGH,false,false,false,true,OPEN,ARCHIVED,false,false,false,true,AUDIT,SHARE,false,false,MISSING,BUSINESS_HOURS,ONLINE,CCTNS_STYLE_API,P-2026-05-STEP1,false,true,472cf1208305951bcce7ca50372e8167000f5375f6bc0d016efdb180f211deb1
REQ-000189,2026-05-27T09:27:00Z,cross_jurisdiction_sensitive,OFF-0113,46ac5b5381ef953a345ce319,Sub-Inspector,3,POLICE,STATE_03_DIST_03_PS_01,STATE_03_DIST_03,STATE_03,MEDIUM,ACTIVE,NOT_ASSIGNED,REC-000022,3c00705a45e0f58dab6ee427,CASE-00278,FINANCIAL_CRIME,FORENSIC_REPORT,STATE_02_DIST_01_PS_01,STATE_02_DIST_01,STATE_02,POLICE,HIGH,false,false,false,false,OPEN,ARCHIVED,false,false,false,true,FORENSIC_REVIEW,VIEW,false,false,PRESENT_VALID,AFTER_HOURS,ONLINE,CCTNS_STYLE_API,P-2026-05-STEP1,false,true,ed81df3f241d120d9481a7c87d961bf721e0d499a5ba1c91686347a0a7a25af1
REQ-000190,2026-05-29T05:50:00Z,revoked_credential,OFF-0214,4abc3e055d213fe06ce85aef,Sub-Inspector,3,POLICE,STATE_01_DIST_02_PS_03,STATE_01_DIST_02,STATE_01,MEDIUM,REVOKED,NOT_ASSIGNED,REC-000747,6625eddb060ef26315ced36e,CASE-00186,CYBER_FRAUD,COURT_SUBMISSION,STATE_01_DIST_02_PS_02,STATE_01_DIST_02,STATE_01,POLICE,CLASSIFIED,false,false,false,false,OPEN,ACTIVE,false,true,true,false,INVESTIGATION,VIEW,false,false,MISSING,NIGHT,ONLINE,MANUAL_ESCALATION,P-2026-05-STEP1,false,true,0a52628fa5871ca7567521fe85559529e833fe0ec67effc349201e1dbf6ff1e5
REQ-000191,2026-05-28T01:28:00Z,normal_in_jurisdiction,OFF-0002,893580185d14634211eb9a59,Inspector,4,POLICE,STATE_03_DIST_01_PS_01,STATE_03_DIST_01,STATE_03,MEDIUM,ACTIVE,NOT_ASSIGNED,REC-000092,8e67f9c2d6007f18c8de9209,CASE-00250,MISSING_PERSON,EVIDENCE_MEDIA,STATE_03_DIST_01_PS_03,STATE_03_DIST_01,STATE_03,POLICE,CLASSIFIED,false,false,false,true,OPEN,ACTIVE,false,true,true,false,INVESTIGATION,VIEW,false,false,NOT_REQUIRED,BUSINESS_HOURS,ONLINE,ICJS_STYLE_EXCHANGE,P-2026-05-STEP1,false,true,eabefdfd44efd1096ea6d2d1c09b8617c2befc32bad532b3047fbf9f023aac1e
REQ-000192,2026-05-28T11:12:00Z,normal_in_jurisdiction,OFF-0048,871e4c8cc36e0fafb27ef560,Sub-Inspector,3,POLICE,STATE_01_DIST_02_PS_02,STATE_01_DIST_02,STATE_01,MEDIUM,ACTIVE,ASSIGNED,REC-000409,27937d1ca81b65088a41774e,CASE-00186,CYBER_FRAUD,CYBERCRIME_COMPLAINT,STATE_01_DIST_02_PS_02,STATE_01_DIST_02,STATE_01,POLICE,MEDIUM,false,false,false,false,OPEN,ACTIVE,true,true,true,false,INVESTIGATION,VIEW,false,false,NOT_REQUIRED,AFTER_HOURS,ONLINE,MANUAL_ESCALATION,P-2026-05-STEP1,false,true,b83823d013e86ad64c4095bb1c8bcd618a1e54c22077d8ead44b5baac5655e92
REQ-000193,2026-05-27T12:52:00Z,cross_jurisdiction_sensitive,OFF-0184,c0fc3111ae7a563a9f54250e,Inspector,4,POLICE,STATE_02_DIST_03_PS_02,STATE_02_DIST_03,STATE_02,MEDIUM,ACTIVE,NOT_ASSIGNED,REC-000720,7e9348f391ef3580bb2ca07e,CASE-00212,VIOLENT_CRIME,JUVENILE_RECORD,STATE_02_DIST_01_PS_02,STATE_02_DIST_01,STATE_02,POLICE,CLASSIFIED,false,false,true,false,OPEN,ACTIVE,false,false,true,true,INVESTIGATION,VIEW,false,false,PRESENT_VALID,BUSINESS_HOURS,ONLINE,ICJS_STYLE_EXCHANGE,P-2026-05-STEP1,false,true,5de1a4327fc17df4861667dfb1f419a1c00c1accc27b9524eaf91066cf681be4
REQ-000194,2026-05-28T08:20:00Z,cross_jurisdiction_sensitive,OFF-0108,f250eda449687032c1f3ce21,Constable,1,POLICE,STATE_03_DIST_01_PS_01,STATE_03_DIST_01,STATE_03,LOW,ACTIVE,NOT_ASSIGNED,REC-000794,949e9506f350533dfbd08052,CASE-00314,FINANCIAL_CRIME,COURT_SUBMISSION,STATE_03_DIST_03_PS_02,STATE_03_DIST_03,STATE_03,POLICE,HIGH,false,false,false,false,OPEN,ACTIVE,false,false,true,true,SUPERVISION,VIEW,false,false,MISSING,AFTER_HOURS,ONLINE,MANUAL_ESCALATION,P-2026-05-STEP1,false,true,c1ae6aecc047a2f1486ab0e6e1f44d328fc830ef57505ebdd9a27c45cc2e5b40
REQ-000195,2026-05-27T06:30:00Z,emergency_override,OFF-0171,4bb363d085866d6dbe19f005,Constable,1,POLICE,STATE_03_DIST_02_PS_03,STATE_03_DIST_02,STATE_03,LOW,ACTIVE,NOT_ASSIGNED,REC-000314,b4476e72e12a7120e87a4bfb,CASE-00183,MISSING_PERSON,EVIDENCE_MEDIA,STATE_01_DIST_04_PS_03,STATE_01_DIST_04,STATE_01,POLICE,CLASSIFIED,false,false,false,true,OPEN,ACTIVE,false,false,false,true,EMERGENCY_RESPONSE,SHARE,true,false,PRESENT_VALID,AFTER_HOURS,DEGRADED,CCTNS_STYLE_API,P-2026-05-STEP1,false,true,df7aba6237ab16c144f04f2ff64b44d80393a3cc35cb3be9164b9b80f4984247
REQ-000196,2026-05-28T02:08:00Z,expired_approval_token,OFF-0145,733b1499389b250473119b5c,Inspector,4,POLICE,STATE_01_DIST_04_PS_03,STATE_01_DIST_04,STATE_01,MEDIUM,ACTIVE,NOT_ASSIGNED,REC-000374,ab08e3d48cf6370ef4f838ad,CASE-00112,NARCOTICS,FIR_SUMMARY,STATE_02_DIST_01_PS_02,STATE_02_DIST_01,STATE_02,POLICE,MEDIUM,false,false,false,false,OPEN,ACTIVE,false,false,false,true,PROSECUTION_REVIEW,VIEW,false,false,EXPIRED,BUSINESS_HOURS,ONLINE,CCTNS_STYLE_API,P-2026-05-STEP1,false,true,4b23b28e97119afc7ac009c633563b74095080e5d0af7a250b9a7a28bbdc8be9
REQ-000197,2026-05-29T07:49:00Z,stale_case_assignment,OFF-0106,2deed09bfdff4831b0bfcd1c,Sub-Inspector,3,POLICE,STATE_03_DIST_03_PS_02,STATE_03_DIST_03,STATE_03,MEDIUM,ACTIVE,STALE,REC-000099,aa31525ccbce63a1ef943aba,CASE-00260,VIOLENT_CRIME,EVIDENCE_MEDIA,STATE_03_DIST_01_PS_01,STATE_03_DIST_01,STATE_03,POLICE,CLASSIFIED,false,false,false,true,OPEN,UNDER_REVIEW,false,false,true,true,INVESTIGATION,VIEW,false,false,MISSING,BUSINESS_HOURS,ONLINE,ICJS_STYLE_EXCHANGE,P-2026-05-STEP1,false,true,95cc43973356f7dbfe112afbb560143d33b21bf76231425130cf22361f156ea6
REQ-000198,2026-05-28T02:24:00Z,normal_in_jurisdiction,OFF-0146,59518bd254aa8c0d0b7a139c,Senior Superintendent,6,POLICE,STATE_02_DIST_02_PS_02,STATE_02_DIST_02,STATE_02,CLASSIFIED,ACTIVE,ASSIGNED,REC-000031,a62882abc3511c2fb68d874b,CASE-00228,NARCOTICS,FIR_SUMMARY,STATE_02_DIST_02_PS_02,STATE_02_DIST_02,STATE_02,POLICE,LOW,false,false,false,false,OPEN,ACTIVE,true,true,true,false,INVESTIGATION,VIEW,false,false,NOT_REQUIRED,BUSINESS_HOURS,STATION_NODE_DOWN,ICJS_STYLE_EXCHANGE,P-2026-05-STEP1,false,true,338c8cc92036663a2c3b89fbdd7f8635dfb41915dcacfe9da3e96646428eb35b
REQ-000199,2026-05-27T16:35:00Z,normal_in_jurisdiction,OFF-0122,7527b25e318154df01ec7550,Inspector,4,POLICE,STATE_02_DIST_01_PS_03,STATE_02_DIST_01,STATE_02,MEDIUM,ACTIVE,ASSIGNED,REC-000093,215ab041d7ba027eff82f6d6,CASE-00139,FINANCIAL_CRIME,FIR_SUMMARY,STATE_02_DIST_01_PS_03,STATE_02_DIST_01,STATE_02,POLICE,LOW,false,false,false,false,OPEN,ARCHIVED,true,true,true,false,INVESTIGATION,VIEW,false,false,NOT_REQUIRED,BUSINESS_HOURS,ONLINE,ICJS_STYLE_EXCHANGE,P-2026-05-STEP1,false,true,7e349ae1e38131817ca599e95ba0d56a018e1bedf0bf580f370e975400773ca8
REQ-000200,2026-05-28T12:40:00Z,expired_approval_token,OFF-0059,abdf3e234ce3687605069a60,Head Constable,2,POLICE,STATE_02_DIST_02_PS_01,STATE_02_DIST_02,STATE_02,LOW,ACTIVE,NOT_ASSIGNED,REC-000711,d182fb36e66626609d08c673,CASE-00230,NARCOTICS,JUVENILE_RECORD,STATE_02_DIST_04_PS_03,STATE_02_DIST_04,STATE_02,POLICE,CLASSIFIED,false,false,true,false,SEALED,UNDER_REVIEW,false,false,true,true,FORENSIC_REVIEW,VIEW,false,false,EXPIRED,BUSINESS_HOURS,ONLINE,ICJS_STYLE_EXCHANGE,P-2026-05-STEP1,false,true,5e15c194e55f6930119a6bcd5f7c671a5270bfb3a8911a2f67490444d8698df1
REQ-000201,2026-05-27T16:45:00Z,juvenile_sensitive,OFF-0033,4f04697319f636cd795e5d1b,Senior Superintendent,6,POLICE,STATE_03_DIST_01_PS_01,STATE_03_DIST_01,STATE_03,CLASSIFIED,ACTIVE,NOT_ASSIGNED,REC-000563,c8574da02d53b2b3900286b3,CASE-00163,VIOLENT_CRIME,JUVENILE_RECORD,STATE_02_DIST_04_PS_02,STATE_02_DIST_04,STATE_02,POLICE,CLASSIFIED,false,false,true,false,OPEN,ACTIVE,false,false,false,true,SUPERVISION,VIEW,false,false,MISSING,NIGHT,ONLINE,CCTNS_STYLE_API,P-2026-05-STEP1,false,true,ba75bf05f4b638ab689759aa95ba5149b5ae9dbfd0b9138a3835df377ecfeca5
REQ-000202,2026-05-28T02:56:00Z,random_context,OFF-0201,362db027dc02e204d8d16948,Sub-Inspector,3,POLICE,STATE_03_DIST_03_PS_03,STATE_03_DIST_03,STATE_03,MEDIUM,ACTIVE,ASSIGNED,REC-000063,fb8dce77863a67f68042baad,CASE-00035,NARCOTICS,VICTIM_RECORD,STATE_03_DIST_03_PS_03,STATE_03_DIST_03,STATE_03,POLICE,CLASSIFIED,true,false,false,false,OPEN,ACTIVE,true,true,true,false,FORENSIC_REVIEW,DOWNLOAD,false,false,NOT_REQUIRED,AFTER_HOURS,ONLINE,MANUAL_ESCALATION,P-2026-05-STEP1,false,true,95d60258832a42092592287589c82ae2c2ca55e3fe9bf26c88f9409d1159d689
REQ-000203,2026-05-29T02:45:00Z,stale_case_assignment,OFF-0112,c424bf9aa5cd573d3066b2f0,Constable,1,POLICE,STATE_02_DIST_03_PS_03,STATE_02_DIST_03,STATE_02,LOW,ACTIVE,STALE,REC-000409,27937d1ca81b65088a41774e,CASE-00186,CYBER_FRAUD,CYBERCRIME_COMPLAINT,STATE_01_DIST_02_PS_02,STATE_01_DIST_02,STATE_01,POLICE,MEDIUM,false,false,false,false,OPEN,ACTIVE,false,false,false,true,INVESTIGATION,DOWNLOAD,false,false,MISSING,BUSINESS_HOURS,ONLINE,ICJS_STYLE_EXCHANGE,P-2026-05-STEP1,false,true,67c0c3aa769c57d8c269981554f4978a89f3a1192d6cda68c265fda319c3c619
REQ-000204,2026-05-27T17:00:00Z,emergency_override,OFF-0008,f7c9b924c136028c31a62c8c,Station House Officer,5,POLICE,STATE_03_DIST_02_PS_01,STATE_03_DIST_02,STATE_03,HIGH,ACTIVE,NOT_ASSIGNED,REC-000170,9b8a6086df4407004a417807,CASE-00112,NARCOTICS,CYBERCRIME_COMPLAINT,STATE_02_DIST_01_PS_02,STATE_02_DIST_01,STATE_02,POLICE,HIGH,false,false,false,false,OPEN,ACTIVE,false,false,false,true,EMERGENCY_RESPONSE,SHARE,true,false,MISSING,BUSINESS_HOURS,ONLINE,CCTNS_STYLE_API,P-2026-05-STEP1,false,true,a8619f143a4fc4cc27547a711fe197763ffc6d0454c30a08d5a6aedafb71c734
REQ-000205,2026-05-27T13:40:00Z,normal_in_jurisdiction,OFF-0024,c5766246d7388485ac5c149e,Constable,1,POLICE,STATE_03_DIST_04_PS_03,STATE_03_DIST_04,STATE_03,LOW,ACTIVE,ASSIGNED,REC-000330,52069d243f6adcab391e83cc,CASE-00256,JUVENILE_PROTECTION,COURT_SUBMISSION,STATE_03_DIST_04_PS_03,STATE_03_DIST_04,STATE_03,POLICE,MEDIUM,false,false,true,false,OPEN,ARCHIVED,true,true,true,false,INVESTIGATION,VIEW,false,false,NOT_REQUIRED,AFTER_HOURS,ONLINE,CCTNS_STYLE_API,P-2026-05-STEP1,false,true,dd36181779b407370774470623176cbfe9153892adc281e70fc90867a4bf93f4
REQ-000206,2026-05-29T03:30:00Z,normal_in_jurisdiction,OFF-0126,73518b37a439a4d90b18903d,Forensic Officer,4,FORENSIC,STATE_03_DIST_01_PS_03,STATE_03_DIST_01,STATE_03,HIGH,ACTIVE,ASSIGNED,REC-000254,467e4eeac859b0b49846ed99,CASE-00083,NARCOTICS,FIR_SUMMARY,STATE_03_DIST_01_PS_03,STATE_03_DIST_01,STATE_03,POLICE,MEDIUM,false,false,false,false,OPEN,ACTIVE,true,true,true,false,INVESTIGATION,VIEW,false,false,NOT_REQUIRED,BUSINESS_HOURS,ONLINE,ICJS_STYLE_EXCHANGE,P-2026-05-STEP1,false,true,c85d7d3a125391461f2cd26fa92c4d0d4b4e2235fdfbfd623e515029a97a5d3e
REQ-000207,2026-05-28T13:57:00Z,stale_case_assignment,OFF-0177,8287968c0e33f42b2e380e47,Sub-Inspector,3,POLICE,STATE_02_DIST_02_PS_01,STATE_02_DIST_02,STATE_02,MEDIUM,ACTIVE,STALE,REC-000831,bd8150b0c487b45357673f02,CASE-00091,GENERAL_THEFT,FIR_SUMMARY,STATE_03_DIST_03_PS_02,STATE_03_DIST_03,STATE_03,POLICE,LOW,false,false,false,false,SEALED,ACTIVE,false,false,false,true,INVESTIGATION,VIEW,false,false,MISSING,BUSINESS_HOURS,DEGRADED,ICJS_STYLE_EXCHANGE,P-2026-05-STEP1,false,true,0df0ad003b7b60bfdc037061fc46b59ceb40e2e4e0c16ab0ad8b390333967798
REQ-000208,2026-05-28T00:16:00Z,normal_in_jurisdiction,OFF-0021,d58ac64e32ce6bc751285238,Sub-Inspector,3,POLICE,STATE_03_DIST_01_PS_01,STATE_03_DIST_01,STATE_03,MEDIUM,ACTIVE,ASSIGNED,REC-000742,79c28dac3a5963ddb5d05b71,CASE-00066,JUVENILE_PROTECTION,COURT_SUBMISSION,STATE_03_DIST_01_PS_01,STATE_03_DIST_01,STATE_03,POLICE,MEDIUM,false,false,true,false,OPEN,UNDER_REVIEW,true,true,true,false,INVESTIGATION,VIEW,false,false,NOT_REQUIRED,BUSINESS_HOURS,ONLINE,CCTNS_STYLE_API,P-2026-05-STEP1,false,true,153487c6d49844a1b6954f2ec105d8fbb7e8feb5b3b4e203974975e790917047
REQ-000209,2026-05-27T13:56:00Z,normal_in_jurisdiction,OFF-0129,fad5d40018942c6b0ef2d75c,Inspector,4,POLICE,STATE_01_DIST_04_PS_02,STATE_01_DIST_04,STATE_01,MEDIUM,ACTIVE,ASSIGNED,REC-000315,05ba601a717ce064fee7e4a0,CASE-00187,CYBER_FRAUD,CYBERCRIME_COMPLAINT,STATE_01_DIST_04_PS_02,STATE_01_DIST_04,STATE_01,POLICE,MEDIUM,false,false,false,false,OPEN,ACTIVE,true,true,true,false,INVESTIGATION,VIEW,false,false,NOT_REQUIRED,BUSINESS_HOURS,ONLINE,ICJS_STYLE_EXCHANGE,P-2026-05-STEP1,false,true,2f968ef67c8a85a78d49bced67374e2514b6ce649ef7165cd25f82fb004f1ee1
REQ-000210,2026-05-28T11:00:00Z,sealed_record,OFF-0058,b9583c7e99cc3289ea585d73,Constable,1,POLICE,STATE_01_DIST_04_PS_01,STATE_01_DIST_04,STATE_01,LOW,ACTIVE,NOT_ASSIGNED,REC-000057,ac818d040ffe1967848958a0,CASE-00312,WOMEN_CHILD_SAFETY,CYBERCRIME_COMPLAINT,STATE_03_DIST_03_PS_02,STATE_03_DIST_03,STATE_03,POLICE,HIGH,true,false,false,false,SEALED,ACTIVE,false,false,false,true,COURT_PRODUCTION,VIEW,false,true,MISSING,BUSINESS_HOURS,ONLINE,ICJS_STYLE_EXCHANGE,P-2026-05-STEP1,false,true,af5c8645921054e0f0b785abcbb5d8ca05a0bac5fcba49d89dbcef20f826a8c8
REQ-000211,2026-05-28T00:37:00Z,normal_in_jurisdiction,OFF-0081,e432fb8e9e7dd060765bcd20,Prosecutor Liaison,4,PROSECUTION,STATE_03_DIST_04_PS_02,STATE_03_DIST_04,STATE_03,MEDIUM,ACTIVE,ASSIGNED,REC-000014,201bd2e21b21dd12c27511f3,CASE-00190,GENERAL_THEFT,WITNESS_STATEMENT,STATE_03_DIST_04_PS_02,STATE_03_DIST_04,STATE_03,POLICE,MEDIUM,false,true,false,false,OPEN,ARCHIVED,true,true,true,false,INVESTIGATION,VIEW,false,false,NOT_REQUIRED,NIGHT,ONLINE,CCTNS_STYLE_API,P-2026-05-STEP1,false,true,44d2f72903372fb45de14fea0418bb6ee9121cc2ba1c35adce7f40ce5e9c5a12
REQ-000212,2026-05-29T05:00:00Z,random_context,OFF-0075,b4d11e5f08de15f8b7a05319,Constable,1,POLICE,STATE_01_DIST_02_PS_03,STATE_01_DIST_02,STATE_01,LOW,ACTIVE,NOT_ASSIGNED,REC-000225,48b92ff9ac1a24972931331f,CASE-00143,GENERAL_THEFT,COURT_SUBMISSION,STATE_02_DIST_02_PS_02,STATE_02_DIST_02,STATE_02,POLICE,HIGH,false,false,false,false,OPEN,UNDER_REVIEW,false,false,false,true,PROSECUTION_REVIEW,VIEW,false,false,PRESENT_VALID,BUSINESS_HOURS,DEGRADED,ICJS_STYLE_EXCHANGE,P-2026-05-STEP1,false,true,0f2a8e929cff8ca9406c76984e887cfb4e8c0ec5a1d0789a307fc8ada2b5380d
REQ-000213,2026-05-28T22:09:00Z,sealed_record,OFF-0075,b4d11e5f08de15f8b7a05319,Constable,1,POLICE,STATE_01_DIST_02_PS_03,STATE_01_DIST_02,STATE_01,LOW,ACTIVE,NOT_ASSIGNED,REC-000292,7c5a32c9e66cd2cd800b2f7b,CASE-00227,NARCOTICS,VICTIM_RECORD,STATE_01_DIST_02_PS_01,STATE_01_DIST_02,STATE_01,POLICE,HIGH,true,false,false,false,SEALED,ACTIVE,false,true,true,false,INVESTIGATION,DOWNLOAD,false,false,MISSING,BUSINESS_HOURS,ONLINE,MANUAL_ESCALATION,P-2026-05-STEP1,false,true,4ebea15b2de0be4c190c034b6db981ef3f8a4fcefc32a896b256a691580964d4
REQ-000214,2026-05-27T21:24:00Z,normal_in_jurisdiction,OFF-0222,fed71b6f957fb445cdad7897,Station House Officer,5,POLICE,STATE_03_DIST_04_PS_01,STATE_03_DIST_04,STATE_03,HIGH,ACTIVE,ASSIGNED,REC-000776,71e0d974adfaea423315288d,CASE-00054,WOMEN_CHILD_SAFETY,WITNESS_STATEMENT,STATE_03_DIST_04_PS_01,STATE_03_DIST_04,STATE_03,POLICE,MEDIUM,true,true,false,false,OPEN,ACTIVE,true,true,true,false,INVESTIGATION,VIEW,false,false,NOT_REQUIRED,BUSINESS_HOURS,ONLINE,MANUAL_ESCALATION,P-2026-05-STEP1,false,true,f5fbe64d2a19c70e028ebf5e7a2193ca3f36c940b7b64627617bbd57d405bda4
REQ-000215,2026-05-29T12:55:00Z,cross_jurisdiction_sensitive,OFF-0035,6d2396ea39d60a2c9554602a,Prosecutor Liaison,4,PROSECUTION,STATE_01_DIST_02_PS_01,STATE_01_DIST_02,STATE_01,MEDIUM,ACTIVE,NOT_ASSIGNED,REC-000124,18d1592d4e115ec7275f6778,CASE-00010,GENERAL_THEFT,WITNESS_STATEMENT,STATE_02_DIST_04_PS_01,STATE_02_DIST_04,STATE_02,POLICE,HIGH,false,true,false,false,OPEN,ACTIVE,false,false,false,true,FORENSIC_REVIEW,SHARE,false,false,PRESENT_VALID,BUSINESS_HOURS,ONLINE,MANUAL_ESCALATION,P-2026-05-STEP1,false,true,06a6b9c5e4f304e9cc84cfcbbf350a8f58dfe7a7e2246997a9500887e85094d8
REQ-000216,2026-05-29T09:36:00Z,revoked_credential,OFF-0154,030fbe8b71b501096276a8ab,Constable,1,POLICE,STATE_02_DIST_02_PS_01,STATE_02_DIST_02,STATE_02,LOW,REVOKED,NOT_ASSIGNED,REC-000188,0828f7c8f9d23f5ab736edc6,CASE-00322,VIOLENT_CRIME,VICTIM_RECORD,STATE_03_DIST_01_PS_02,STATE_03_DIST_01,STATE_03,POLICE,HIGH,true,false,false,false,OPEN,ACTIVE,false,false,false,true,AUDIT,VIEW,false,false,MISSING,AFTER_HOURS,ONLINE,CCTNS_STYLE_API,P-2026-05-STEP1,false,true,8a93e09ca6b8fd08be42305d3e816fba337b18c7e18fcd1662d88348aa64dcd8
REQ-000217,2026-05-27T21:42:00Z,random_context,OFF-0175,22a74f5c5cd00d0646a359b6,Forensic Officer,4,FORENSIC,STATE_03_DIST_03_PS_03,STATE_03_DIST_03,STATE_03,HIGH,ACTIVE,NOT_ASSIGNED,REC-000460,eff1115c482447753dc310ac,CASE-00069,MISSING_PERSON,JUVENILE_RECORD,STATE_02_DIST_04_PS_03,STATE_02_DIST_04,STATE_02,POLICE,CLASSIFIED,false,false,true,false,OPEN,ACTIVE,false,false,false,true,FORENSIC_REVIEW,VIEW,false,false,NOT_REQUIRED,BUSINESS_HOURS,ONLINE,ICJS_STYLE_EXCHANGE,P-2026-05-STEP1,false,true,e87884c8d888f35a403c8a90b134a1ae9620561c963bf53b80936c3cc27c3301
REQ-000218,2026-05-28T19:36:00Z,revoked_credential,OFF-0037,61f9c30ebf940f606c1a2520,Inspector,4,POLICE,STATE_03_DIST_03_PS_03,STATE_03_DIST_03,STATE_03,MEDIUM,REVOKED,NOT_ASSIGNED,REC-000268,c4075db33966cb270b3f46bb,CASE-00055,MISSING_PERSON,CASE_DIARY,STATE_03_DIST_04_PS_01,STATE_03_DIST_04,STATE_03,POLICE,HIGH,false,false,false,false,OPEN,ACTIVE,false,false,true,true,INVESTIGATION,VIEW,false,false,MISSING,BUSINESS_HOURS,ONLINE,ICJS_STYLE_EXCHANGE,P-2026-05-STEP1,false,true,a6981ed57eb4b79cafe88c6c127f8a58ec7cc6d1b60d73c0530a74a14d21501c
REQ-000219,2026-05-28T01:33:00Z,expired_approval_token,OFF-0180,8d48fc84d688aabaae7c6986,Prosecutor Liaison,4,PROSECUTION,STATE_02_DIST_01_PS_02,STATE_02_DIST_01,STATE_02,MEDIUM,ACTIVE,NOT_ASSIGNED,REC-000306,13b2a2a0db1373b8363e1c5a,CASE-00131,GENERAL_THEFT,WITNESS_STATEMENT,STATE_03_DIST_04_PS_03,STATE_03_DIST_04,STATE_03,POLICE,CLASSIFIED,false,true,false,false,OPEN,ARCHIVED,false,false,false,true,PROSECUTION_REVIEW,UPDATE,false,false,EXPIRED,BUSINESS_HOURS,ONLINE,ICJS_STYLE_EXCHANGE,P-2026-05-STEP1,false,true,3b7a2972036036a20d11978922544b88feee228317e6aeb2419d5c88dcc92540
REQ-000220,2026-05-27T22:00:00Z,normal_in_jurisdiction,OFF-0023,7dd10e346a2e773cbf9da071,Sub-Inspector,3,POLICE,STATE_02_DIST_03_PS_02,STATE_02_DIST_03,STATE_02,MEDIUM,ACTIVE,ASSIGNED,REC-000227,046d653f953eb88b47a3ebb0,CASE-00082,NARCOTICS,FIR_SUMMARY,STATE_02_DIST_03_PS_02,STATE_02_DIST_03,STATE_02,POLICE,MEDIUM,false,false,false,false,OPEN,UNDER_REVIEW,true,true,true,false,INVESTIGATION,VIEW,false,false,NOT_REQUIRED,BUSINESS_HOURS,ONLINE,MANUAL_ESCALATION,P-2026-05-STEP1,false,true,bb769b1a20315f137a73e814bfd54e8ea64976eafa88f9a912ba6fd130708bbd
REQ-000221,2026-05-29T07:15:00Z,court_request,OFF-0154,030fbe8b71b501096276a8ab,Constable,1,POLICE,STATE_02_DIST_02_PS_01,STATE_02_DIST_02,STATE_02,LOW,REVOKED,NOT_ASSIGNED,REC-000229,9cf76f652fcb60053f1a781e,CASE-00336,JUVENILE_PROTECTION,CASE_DIARY,STATE_01_DIST_02_PS_02,STATE_01_DIST_02,STATE_01,POLICE,CLASSIFIED,false,false,true,false,OPEN,ARCHIVED,false,false,false,true,PROSECUTION_REVIEW,VIEW,false,true,PRESENT_VALID,BUSINESS_HOURS,ONLINE,ICJS_STYLE_EXCHANGE,P-2026-05-STEP1,false,true,b8448acabeaac87a51005bf87179b6ce9ae487e602de41461f88dec24cff5b33
REQ-000222,2026-05-29T00:06:00Z,expired_approval_token,OFF-0080,8d450ebb6d2a4135d240f974,Head Constable,2,POLICE,STATE_03_DIST_04_PS_03,STATE_03_DIST_04,STATE_03,LOW,ACTIVE,NOT_ASSIGNED,REC-000737,925484446f2fcc1a58b1ca54,CASE-00358,VIOLENT_CRIME,VICTIM_RECORD,STATE_02_DIST_02_PS_02,STATE_02_DIST_02,STATE_02,POLICE,HIGH,true,false,false,false,OPEN,ACTIVE,false,false,false,true,PROSECUTION_REVIEW,VIEW,false,false,EXPIRED,BUSINESS_HOURS,ONLINE,ICJS_STYLE_EXCHANGE,P-2026-05-STEP1,false,true,c8e4608c50efd24da397d6477043093fb62904b2f4e835b0acb6dc98feb98eec
REQ-000223,2026-05-28T05:44:00Z,normal_in_jurisdiction,OFF-0042,4bdedd9e1ddefe7a1e6434d1,Sub-Inspector,3,POLICE,STATE_03_DIST_01_PS_03,STATE_03_DIST_01,STATE_03,MEDIUM,ACTIVE,ASSIGNED,REC-000673,3e9010be4bbcdbae1d9cd520,CASE-00202,GENERAL_THEFT,CASE_DIARY,STATE_03_DIST_01_PS_03,STATE_03_DIST_01,STATE_03,POLICE,MEDIUM,false,false,false,false,OPEN,ACTIVE,true,true,true,false,INVESTIGATION,VIEW,false,false,NOT_REQUIRED,BUSINESS_HOURS,ONLINE,MANUAL_ESCALATION,P-2026-05-STEP1,false,true,b591433f41db9ab15ae7c6f0ef5941305ae516324af4b73db9388ea1efdf72ca
REQ-000224,2026-05-28T13:20:00Z,cross_jurisdiction_sensitive,OFF-0204,36f9518be85535c10000ffd5,Forensic Officer,4,FORENSIC,STATE_03_DIST_01_PS_02,STATE_03_DIST_01,STATE_03,HIGH,ACTIVE,NOT_ASSIGNED,REC-000305,2b9916839e44a1c8f1f20873,CASE-00307,NARCOTICS,EVIDENCE_MEDIA,STATE_02_DIST_01_PS_01,STATE_02_DIST_01,STATE_02,POLICE,HIGH,false,false,false,true,OPEN,ACTIVE,false,false,false,true,FORENSIC_REVIEW,APPROVE,false,false,MISSING,AFTER_HOURS,ONLINE,ICJS_STYLE_EXCHANGE,P-2026-05-STEP1,false,true,3d46d4156d10a968bb741ca281278eb752e30d5dc7495adce8882970a36321b3
REQ-000225,2026-05-27T15:00:00Z,cross_jurisdiction_sensitive,OFF-0061,86505bfb457a23f7a0108287,Prosecutor Liaison,4,PROSECUTION,STATE_01_DIST_03_PS_02,STATE_01_DIST_03,STATE_01,MEDIUM,ACTIVE,NOT_ASSIGNED,REC-000342,70fff4617104a1f3b3122c7c,CASE-00277,MISSING_PERSON,EVIDENCE_MEDIA,STATE_01_DIST_01_PS_03,STATE_01_DIST_01,STATE_01,POLICE,HIGH,false,false,false,true,OPEN,ACTIVE,false,false,true,true,FORENSIC_REVIEW,DOWNLOAD,false,false,PRESENT_VALID,BUSINESS_HOURS,ONLINE,CCTNS_STYLE_API,P-2026-05-STEP1,false,true,ddfb035e02492e38c9f7b1059b8cc0ea54d6ae2d60eff3c94a67974d61b62710
REQ-000226,2026-05-27T07:32:00Z,court_request,OFF-0066,a07f98edb4eac55d9fa73ffe,Inspector,4,POLICE,STATE_03_DIST_01_PS_02,STATE_03_DIST_01,STATE_03,MEDIUM,ACTIVE,NOT_ASSIGNED,REC-000583,264f17522a14cb90f82924b9,CASE-00134,VIOLENT_CRIME,VICTIM_RECORD,STATE_02_DIST_04_PS_03,STATE_02_DIST_04,STATE_02,POLICE,HIGH,true,false,false,false,OPEN,ACTIVE,false,false,false,true,PROSECUTION_REVIEW,VIEW,false,true,PRESENT_VALID,AFTER_HOURS,ONLINE,MANUAL_ESCALATION,P-2026-05-STEP1,false,true,8505f47be254553c50ceddda6b03d7eaf64bcb4dade3127296945f427b07f849
REQ-000227,2026-05-27T18:55:00Z,cross_jurisdiction_sensitive,OFF-0003,5e4ff04af077f5ff22cd6cd0,Station House Officer,5,POLICE,STATE_02_DIST_04_PS_01,STATE_02_DIST_04,STATE_02,HIGH,ACTIVE,NOT_ASSIGNED,REC-000083,2e977ba934961ac3b1ab490d,CASE-00277,MISSING_PERSON,FORENSIC_REPORT,STATE_01_DIST_01_PS_03,STATE_01_DIST_01,STATE_01,POLICE,HIGH,false,false,false,false,OPEN,ARCHIVED,false,false,false,true,FORENSIC_REVIEW,SHARE,false,false,PRESENT_VALID,BUSINESS_HOURS,ONLINE,ICJS_STYLE_EXCHANGE,P-2026-05-STEP1,false,true,e6c819c9219be0125eb4fdeb8583d08c865fdc1028f378a31ec805e0dfda160e
REQ-000228,2026-05-29T01:24:00Z,random_context,OFF-0127,6b0d84a1d858aa1335aacb1b,Station House Officer,5,POLICE,STATE_02_DIST_04_PS_03,STATE_02_DIST_04,STATE_02,HIGH,REVOKED,NOT_ASSIGNED,REC-000571,4cfcb99871492acc92ea42ae,CASE-00135,GENERAL_THEFT,JUVENILE_RECORD,STATE_02_DIST_04_PS_03,STATE_02_DIST_04,STATE_02,POLICE,CLASSIFIED,false,false,true,false,OPEN,ACTIVE,true,true,true,false,AUDIT,VIEW,false,false,NOT_REQUIRED,BUSINESS_HOURS,ONLINE,MANUAL_ESCALATION,P-2026-05-STEP1,false,true,5e59ebdaaf7801c78a4037ea901171f88fbd7299d61d721ca0ee3703e414661b
REQ-000229,2026-05-28T14:10:00Z,court_request,OFF-0042,4bdedd9e1ddefe7a1e6434d1,Sub-Inspector,3,POLICE,STATE_03_DIST_01_PS_03,STATE_03_DIST_01,STATE_03,MEDIUM,ACTIVE,NOT_ASSIGNED,REC-000235,7dea6e8129bbe8639d8b8ab6,CASE-00325,NARCOTICS,VICTIM_RECORD,STATE_01_DIST_02_PS_03,STATE_01_DIST_02,STATE_01,POLICE,HIGH,true,false,false,false,OPEN,ACTIVE,false,false,false,true,PROSECUTION_REVIEW,VIEW,false,true,PRESENT_VALID,BUSINESS_HOURS,ONLINE,MANUAL_ESCALATION,P-2026-05-STEP1,false,true,96a56a7259fdc7f0e1dc57c0da71036a9a8064f8af028d339c98c511bb108639
REQ-000230,2026-05-28T14:20:00Z,court_request,OFF-0105,acd11cf62713639d9ec501cd,Sub-Inspector,3,POLICE,STATE_01_DIST_02_PS_02,STATE_01_DIST_02,STATE_01,MEDIUM,ACTIVE,NOT_ASSIGNED,REC-000257,729722bb0f927d10ce07afd4,CASE-00004,WOMEN_CHILD_SAFETY,FIR_SUMMARY,STATE_02_DIST_03_PS_03,STATE_02_DIST_03,STATE_02,POLICE,LOW,true,false,false,false,OPEN,ACTIVE,false,false,false,true,COURT_PRODUCTION,VIEW,false,true,PRESENT_VALID,BUSINESS_HOURS,ONLINE,ICJS_STYLE_EXCHANGE,P-2026-05-STEP1,false,true,5479d104cba06ff9e4d5659204611312d6fe438af4456e62e4b2834ba5d707ce
REQ-000231,2026-05-29T02:03:00Z,revoked_credential,OFF-0154,030fbe8b71b501096276a8ab,Constable,1,POLICE,STATE_02_DIST_02_PS_01,STATE_02_DIST_02,STATE_02,LOW,REVOKED,NOT_ASSIGNED,REC-000498,052bb27e46c08261ae984b1a,CASE-00322,VIOLENT_CRIME,CYBERCRIME_COMPLAINT,STATE_03_DIST_01_PS_02,STATE_03_DIST_01,STATE_03,POLICE,HIGH,false,false,false,false,OPEN,UNDER_REVIEW,false,false,false,true,INVESTIGATION,VIEW,false,false,MISSING,BUSINESS_HOURS,ONLINE,MANUAL_ESCALATION,P-2026-05-STEP1,false,true,a5adf59881b982c2816b79116968515604a4bd00e75c320d1522e44b9e1b36f4
REQ-000232,2026-05-28T18:32:00Z,sealed_record,OFF-0027,0333fdd2d35c528a38a1dbe4,Head Constable,2,POLICE,STATE_02_DIST_01_PS_01,STATE_02_DIST_01,STATE_02,LOW,ACTIVE,NOT_ASSIGNED,REC-000882,ecfb369b0f84a0bf378e9da9,CASE-00266,MISSING_PERSON,WITNESS_STATEMENT,STATE_01_DIST_01_PS_02,STATE_01_DIST_01,STATE_01,POLICE,CLASSIFIED,false,true,false,false,SEALED,ACTIVE,false,false,false,true,PROSECUTION_REVIEW,UPDATE,false,true,MISSING,AFTER_HOURS,ONLINE,ICJS_STYLE_EXCHANGE,P-2026-05-STEP1,false,true,fdd18ee270427a961c4d70c826712b07cc86c05a6e85ac66dc4c1c30c16d25d3
REQ-000233,2026-05-28T14:50:00Z,random_context,OFF-0115,6aacb3c44032122c078cc506,Sub-Inspector,3,POLICE,STATE_02_DIST_01_PS_01,STATE_02_DIST_01,STATE_02,MEDIUM,ACTIVE,NOT_ASSIGNED,REC-000889,38f15a3ade185dff0f95a6b9,CASE-00075,WOMEN_CHILD_SAFETY,FORENSIC_REPORT,STATE_03_DIST_04_PS_02,STATE_03_DIST_04,STATE_03,POLICE,HIGH,true,false,false,false,OPEN,ACTIVE,false,false,false,true,INVESTIGATION,VIEW,false,false,NOT_REQUIRED,BUSINESS_HOURS,ONLINE,MANUAL_ESCALATION,P-2026-05-STEP1,false,true,0b95bfa3ffe67614482dbcddab1942d12d99c0504f17911fc7abe2c088b9daec
REQ-000234,2026-05-28T22:48:00Z,revoked_credential,OFF-0214,4abc3e055d213fe06ce85aef,Sub-Inspector,3,POLICE,STATE_01_DIST_02_PS_03,STATE_01_DIST_02,STATE_01,MEDIUM,REVOKED,NOT_ASSIGNED,REC-000334,16baa3e2081d8d2c21cf5879,CASE-00123,WOMEN_CHILD_SAFETY,VICTIM_RECORD,STATE_03_DIST_03_PS_01,STATE_03_DIST_03,STATE_03,POLICE,CLASSIFIED,true,false,false,false,SEALED,ACTIVE,false,false,false,true,AUDIT,SHARE,false,false,MISSING,BUSINESS_HOURS,ONLINE,MANUAL_ESCALATION,P-2026-05-STEP1,false,true,deaf8f8b79e311bb5e3e3ea9e8163a105a42cc90e24d70451afe6cc4bd1dc018
REQ-000235,2026-05-28T19:05:00Z,expired_approval_token,OFF-0058,b9583c7e99cc3289ea585d73,Constable,1,POLICE,STATE_01_DIST_04_PS_01,STATE_01_DIST_04,STATE_01,LOW,ACTIVE,NOT_ASSIGNED,REC-000764,f971c17865e1fde3ac01112a,CASE-00230,NARCOTICS,COURT_SUBMISSION,STATE_02_DIST_04_PS_03,STATE_02_DIST_04,STATE_02,POLICE,HIGH,false,false,false,false,OPEN,ARCHIVED,false,false,false,true,INVESTIGATION,DOWNLOAD,false,false,EXPIRED,BUSINESS_HOURS,ONLINE,CCTNS_STYLE_API,P-2026-05-STEP1,false,true,e8800f0315b4eb25885e0b6cb022ece76b75b9549f734358a6c9a8aed9549e74
REQ-000236,2026-05-27T15:44:00Z,stale_case_assignment,OFF-0029,1f84d906e82c7901ab98337e,Cybercrime Officer,4,CYBERCRIME,STATE_03_DIST_01_PS_02,STATE_03_DIST_01,STATE_03,HIGH,ACTIVE,STALE,REC-000428,720bf6c497722937465299f7,CASE-00356,NARCOTICS,EVIDENCE_MEDIA,STATE_02_DIST_01_PS_01,STATE_02_DIST_01,STATE_02,POLICE,CLASSIFIED,false,false,false,true,OPEN,ARCHIVED,false,false,false,true,INVESTIGATION,DOWNLOAD,false,false,MISSING,BUSINESS_HOURS,ONLINE,ICJS_STYLE_EXCHANGE,P-2026-05-STEP1,false,true,478d2029bb0a853206ce73a4401a74d7c44916ca340237e6db907c04dbadfff4
REQ-000237,2026-05-28T15:30:00Z,revoked_credential,OFF-0040,c5c5b540de8f1dde6964dc89,Sub-Inspector,3,POLICE,STATE_03_DIST_02_PS_03,STATE_03_DIST_02,STATE_03,MEDIUM,REVOKED,NOT_ASSIGNED,REC-000810,4c70d73b13a1a3705ba4515b,CASE-00064,MISSING_PERSON,JUVENILE_RECORD,STATE_01_DIST_02_PS_03,STATE_01_DIST_02,STATE_01,POLICE,HIGH,false,false,true,false,OPEN,ARCHIVED,false,false,false,true,AUDIT,VIEW,false,false,MISSING,BUSINESS_HOURS,ONLINE,ICJS_STYLE_EXCHANGE,P-2026-05-STEP1,false,true,8f1ed97c7f120a5e212243b6ff19cf5c62198a16829a7dd93e8555c3f1818b12
REQ-000238,2026-05-29T19:26:00Z,normal_in_jurisdiction,OFF-0076,ce1b63fb3ee51890894fc213,Forensic Officer,4,FORENSIC,STATE_01_DIST_02_PS_02,STATE_01_DIST_02,STATE_01,HIGH,ACTIVE,ASSIGNED,REC-000383,2bb01093000cff150787fcc9,CASE-00121,NARCOTICS,FIR_SUMMARY,STATE_01_DIST_02_PS_02,STATE_01_DIST_02,STATE_01,POLICE,LOW,false,false,false,false,OPEN,ARCHIVED,true,true,true,false,INVESTIGATION,VIEW,false,false,NOT_REQUIRED,AFTER_HOURS,ONLINE,ICJS_STYLE_EXCHANGE,P-2026-05-STEP1,false,true,37c3c1dd622c48d36f8cecbfa92f7c91a7cc41ecf052572499491fbd12a923f1
REQ-000239,2026-05-29T11:45:00Z,cross_jurisdiction_sensitive,OFF-0076,ce1b63fb3ee51890894fc213,Forensic Officer,4,FORENSIC,STATE_01_DIST_02_PS_02,STATE_01_DIST_02,STATE_01,HIGH,ACTIVE,NOT_ASSIGNED,REC-000331,86b927c82db8f739f8424c2b,CASE-00272,WOMEN_CHILD_SAFETY,CASE_DIARY,STATE_03_DIST_02_PS_01,STATE_03_DIST_02,STATE_03,POLICE,HIGH,true,false,false,false,OPEN,ACTIVE,false,false,false,true,FORENSIC_REVIEW,VIEW,false,false,MISSING,BUSINESS_HOURS,ONLINE,CCTNS_STYLE_API,P-2026-05-STEP1,false,true,61e38cba0333c5946fd129b30fb71c2c6b87adfcff69fc252af1a49e5c9cb2b8
REQ-000240,2026-05-29T00:00:00Z,normal_in_jurisdiction,OFF-0030,02df4864bc93f0037e94de95,Sub-Inspector,3,POLICE,STATE_02_DIST_04_PS_01,STATE_02_DIST_04,STATE_02,MEDIUM,ACTIVE,ASSIGNED,REC-000234,c6e09784d51abbf2b3753b68,CASE-00196,FINANCIAL_CRIME,CASE_DIARY,STATE_02_DIST_04_PS_01,STATE_02_DIST_04,STATE_02,POLICE,MEDIUM,false,false,false,false,OPEN,ARCHIVED,true,true,true,false,INVESTIGATION,VIEW,false,false,NOT_REQUIRED,BUSINESS_HOURS,ONLINE,MANUAL_ESCALATION,P-2026-05-STEP1,false,true,074b3e5582b6d6a5df07beb59fcdfc758a91750e71a5f4ae0194347bce7e1522
REQ-000241,2026-05-28T00:06:00Z,random_context,OFF-0043,d4da98f8bbaf8c84670817a6,Inspector,4,POLICE,STATE_02_DIST_02_PS_03,STATE_02_DIST_02,STATE_02,MEDIUM,ACTIVE,NOT_ASSIGNED,REC-000232,2f09515fb47c95c60bae3db1,CASE-00195,VIOLENT_CRIME,FORENSIC_REPORT,STATE_01_DIST_02_PS_02,STATE_01_DIST_02,STATE_01,POLICE,HIGH,false,false,false,false,OPEN,ACTIVE,false,false,false,true,INVESTIGATION,DOWNLOAD,false,false,MISSING,BUSINESS_HOURS,ONLINE,ICJS_STYLE_EXCHANGE,P-2026-05-STEP1,false,true,5780f40d197ebedc36b69eb52082958b701eeb4f4fcbbfa1b78a6080308342a7
REQ-000242,2026-05-28T08:16:00Z,stale_case_assignment,OFF-0155,750741a21ba1ad37a768df1b,Station House Officer,5,POLICE,STATE_01_DIST_02_PS_01,STATE_01_DIST_02,STATE_01,HIGH,ACTIVE,STALE,REC-000725,d5992de3faed601edf297932,CASE-00035,NARCOTICS,CYBERCRIME_COMPLAINT,STATE_03_DIST_03_PS_03,STATE_03_DIST_03,STATE_03,POLICE,HIGH,false,false,false,false,OPEN,ARCHIVED,false,false,false,true,INVESTIGATION,VIEW,false,false,MISSING,NIGHT,ONLINE,ICJS_STYLE_EXCHANGE,P-2026-05-STEP1,false,true,8b5ed8344d0b81b76b44f0adabc3a71b1371889841b254abb9a3c06f9add6a38
REQ-000243,2026-05-27T20:15:00Z,emergency_override,OFF-0080,8d450ebb6d2a4135d240f974,Head Constable,2,POLICE,STATE_03_DIST_04_PS_03,STATE_03_DIST_04,STATE_03,LOW,ACTIVE,NOT_ASSIGNED,REC-000462,8b7b39325ff9b7c2d5920e98,CASE-00257,WOMEN_CHILD_SAFETY,COURT_SUBMISSION,STATE_02_DIST_01_PS_03,STATE_02_DIST_01,STATE_02,POLICE,HIGH,true,false,false,false,OPEN,ACTIVE,false,false,false,true,EMERGENCY_RESPONSE,VIEW,true,false,PRESENT_VALID,BUSINESS_HOURS,ONLINE,ICJS_STYLE_EXCHANGE,P-2026-05-STEP1,false,true,f1b7b15de36b6e04798617f810f51125e50080e857f1c99f72d6ae22b36e17d8
REQ-000244,2026-05-27T12:12:00Z,sealed_record,OFF-0236,3a6a5386535f809a826fc8a7,Inspector,4,POLICE,STATE_02_DIST_02_PS_03,STATE_02_DIST_02,STATE_02,MEDIUM,ACTIVE,NOT_ASSIGNED,REC-000175,6b83433c88ff38205da4e6d8,CASE-00331,CYBER_FRAUD,WITNESS_STATEMENT,STATE_01_DIST_04_PS_02,STATE_01_DIST_04,STATE_01,POLICE,HIGH,false,true,false,false,SEALED,ACTIVE,false,false,false,true,INVESTIGATION,SHARE,false,false,PRESENT_VALID,NIGHT,DEGRADED,CCTNS_STYLE_API,P-2026-05-STEP1,false,true,83af8269307127f64f32e9b52e19fd0cdf05ee8b557da540677ce03a2009293b
REQ-000245,2026-05-27T12:15:00Z,normal_in_jurisdiction,OFF-0050,1df1233ec54fa0732a43c292,Head Constable,2,POLICE,STATE_01_DIST_03_PS_02,STATE_01_DIST_03,STATE_01,LOW,ACTIVE,ASSIGNED,REC-000881,8fe8ed23e88afdf428466ba5,CASE-00057,MISSING_PERSON,CYBERCRIME_COMPLAINT,STATE_01_DIST_03_PS_02,STATE_01_DIST_03,STATE_01,POLICE,MEDIUM,false,false,false,false,OPEN,ACTIVE,true,true,true,false,INVESTIGATION,VIEW,false,false,NOT_REQUIRED,BUSINESS_HOURS,ONLINE,CCTNS_STYLE_API,P-2026-05-STEP1,false,true,7a10e21b462760654ede4463fecaf67ff9b872406944dfd39948c48c748facd6
REQ-000246,2026-05-28T04:42:00Z,juvenile_sensitive,OFF-0119,3928cce83c394fe536f56bf5,Forensic Officer,4,FORENSIC,STATE_02_DIST_02_PS_01,STATE_02_DIST_02,STATE_02,HIGH,ACTIVE,NOT_ASSIGNED,REC-000168,3247cfd0298737ce5f467ec6,CASE-00115,JUVENILE_PROTECTION,JUVENILE_RECORD,STATE_01_DIST_04_PS_03,STATE_01_DIST_04,STATE_01,POLICE,HIGH,false,false,true,false,OPEN,ACTIVE,false,false,false,true,INVESTIGATION,VIEW,false,false,MISSING,BUSINESS_HOURS,DEGRADED,MANUAL_ESCALATION,P-2026-05-STEP1,false,true,261fc56bab078ef4ee545c0a1522e15b999fc83b8d92a61aadead0262fbf0ee5
REQ-000247,2026-05-28T17:10:00Z,revoked_credential,OFF-0215,61fb1f33fe73b6361966f242,Inspector,4,POLICE,STATE_01_DIST_04_PS_03,STATE_01_DIST_04,STATE_01,MEDIUM,REVOKED,NOT_ASSIGNED,REC-000878,858b3fe36acc7e4e879f12b7,CASE-00097,VIOLENT_CRIME,CYBERCRIME_COMPLAINT,STATE_01_DIST_03_PS_03,STATE_01_DIST_03,STATE_01,POLICE,MEDIUM,false,false,false,false,OPEN,UNDER_REVIEW,false,false,true,true,AUDIT,VIEW,false,false,MISSING,BUSINESS_HOURS,ONLINE,CCTNS_STYLE_API,P-2026-05-STEP1,false,true,6eef2993cd09affe5440a9d1d5811ee74f9ae644622741e2398fcecded410af8
REQ-000248,2026-05-28T09:04:00Z,normal_in_jurisdiction,OFF-0231,b91bac32e23ee5afdb826394,Prosecutor Liaison,4,PROSECUTION,STATE_01_DIST_03_PS_02,STATE_01_DIST_03,STATE_01,MEDIUM,ACTIVE,ASSIGNED,REC-000649,bd50a8e4e50ac9f99d20af26,CASE-00060,FINANCIAL_CRIME,CASE_DIARY,STATE_01_DIST_03_PS_02,STATE_01_DIST_03,STATE_01,POLICE,MEDIUM,false,false,false,false,OPEN,ARCHIVED,true,true,true,false,INVESTIGATION,VIEW,false,false,NOT_REQUIRED,BUSINESS_HOURS,ONLINE,CCTNS_STYLE_API,P-2026-05-STEP1,false,true,71ff562f51d0325610b9001f17712db8584293e1ce8943d92ac644e9472df531
REQ-000249,2026-05-29T14:15:00Z,cross_jurisdiction_sensitive,OFF-0096,cd7bb6b37a4bf493a6fadfea,Sub-Inspector,3,POLICE,STATE_01_DIST_04_PS_01,STATE_01_DIST_04,STATE_01,MEDIUM,ACTIVE,NOT_ASSIGNED,REC-000884,11ae01e13be999a8c96206da,CASE-00144,MISSING_PERSON,JUVENILE_RECORD,STATE_03_DIST_04_PS_02,STATE_03_DIST_04,STATE_03,POLICE,CLASSIFIED,false,false,true,false,SEALED,UNDER_REVIEW,false,false,false,true,SUPERVISION,DOWNLOAD,false,false,PRESENT_VALID,BUSINESS_HOURS,ONLINE,CCTNS_STYLE_API,P-2026-05-STEP1,false,true,d90b3082072de964b573ccf36428270f21cb8e98cadce27cf3949e31541a1775
REQ-000250,2026-05-28T09:20:00Z,stale_case_assignment,OFF-0165,b2c7b3b76aeb981b1bd8756b,Constable,1,POLICE,STATE_03_DIST_02_PS_01,STATE_03_DIST_02,STATE_03,LOW,ACTIVE,STALE,REC-000166,b4c023d7b119f20e5d0e1666,CASE-00338,VIOLENT_CRIME,CASE_DIARY,STATE_03_DIST_03_PS_03,STATE_03_DIST_03,STATE_03,POLICE,HIGH,false,false,false,false,OPEN,ACTIVE,false,false,true,true,INVESTIGATION,DOWNLOAD,false,false,MISSING,BUSINESS_HOURS,ONLINE,MANUAL_ESCALATION,P-2026-05-STEP1,false,true,646675c021d1157370dc66581fbbf4f5bf2e742bee449add8247ffcd5163a30d
REQ-000251,2026-05-29T06:23:00Z,revoked_credential,OFF-0088,aba84a984ee3606ae0d30a0a,Station House Officer,5,POLICE,STATE_03_DIST_04_PS_01,STATE_03_DIST_04,STATE_03,HIGH,REVOKED,NOT_ASSIGNED,REC-000019,7cde120b6e55c28ec650e2f7,CASE-00265,MISSING_PERSON,FIR_SUMMARY,STATE_02_DIST_04_PS_02,STATE_02_DIST_04,STATE_02,POLICE,LOW,false,false,false,false,OPEN,ACTIVE,false,false,false,true,INVESTIGATION,APPROVE,false,false,MISSING,AFTER_HOURS,ONLINE,MANUAL_ESCALATION,P-2026-05-STEP1,false,true,e3c144bfaca6cee92f75dd96eac64f1fb653407831328bfb3aa872966ed58cf8
REQ-000252,2026-05-29T19:12:00Z,stale_case_assignment,OFF-0093,9764196f496c1b6c2299d105,Sub-Inspector,3,POLICE,STATE_01_DIST_03_PS_03,STATE_01_DIST_03,STATE_01,MEDIUM,ACTIVE,STALE,REC-000544,d1b7d72b2a8d7ea0f0a1abcd,CASE-00241,VIOLENT_CRIME,FORENSIC_REPORT,STATE_02_DIST_03_PS_01,STATE_02_DIST_03,STATE_02,POLICE,HIGH,false,false,false,false,OPEN,ARCHIVED,false,false,false,true,INVESTIGATION,VIEW,false,false,MISSING,BUSINESS_HOURS,ONLINE,CCTNS_STYLE_API,P-2026-05-STEP1,false,true,fb757991368d2168bf833ff5a88d8d34aeb88a9a95f5f2de9b368c769ab66d76
REQ-000253,2026-05-28T22:23:00Z,random_context,OFF-0065,6d335433b612a148a4921389,Forensic Officer,4,FORENSIC,STATE_03_DIST_02_PS_02,STATE_03_DIST_02,STATE_03,HIGH,ACTIVE,NOT_ASSIGNED,REC-000666,3b085a1d745c31eb8625296d,CASE-00318,WOMEN_CHILD_SAFETY,EVIDENCE_MEDIA,STATE_02_DIST_04_PS_01,STATE_02_DIST_04,STATE_02,POLICE,CLASSIFIED,true,false,false,true,OPEN,ACTIVE,false,false,false,true,COURT_PRODUCTION,VIEW,false,false,NOT_REQUIRED,BUSINESS_HOURS,DEGRADED,ICJS_STYLE_EXCHANGE,P-2026-05-STEP1,false,true,4e03798618ff90ef1026f548506e393db8cda541987a12ce643a3a2bc632fef1
REQ-000254,2026-05-27T12:42:00Z,stale_case_assignment,OFF-0166,b6791729f7de52114f8f5aba,Station House Officer,5,POLICE,STATE_01_DIST_04_PS_03,STATE_01_DIST_04,STATE_01,HIGH,ACTIVE,STALE,REC-000431,ca211788ec4162bcf6922ba1,CASE-00267,VIOLENT_CRIME,CASE_DIARY,STATE_01_DIST_01_PS_02,STATE_01_DIST_01,STATE_01,POLICE,HIGH,false,false,false,false,OPEN,ACTIVE,false,false,true,true,INVESTIGATION,VIEW,false,false,MISSING,BUSINESS_HOURS,STATION_NODE_DOWN,MANUAL_ESCALATION,P-2026-05-STEP1,false,true,c584d90bcf979a85933ba28901135fb7e5b8e1237da45dae6a2adb066ead635e
REQ-000255,2026-05-28T05:45:00Z,emergency_override,OFF-0156,5f299dc3f248e4c74232aab4,Inspector,4,POLICE,STATE_02_DIST_04_PS_01,STATE_02_DIST_04,STATE_02,MEDIUM,ACTIVE,NOT_ASSIGNED,REC-000323,d94d037bceb6d6ea53e03101,CASE-00026,NARCOTICS,CYBERCRIME_COMPLAINT,STATE_03_DIST_02_PS_03,STATE_03_DIST_02,STATE_03,POLICE,CLASSIFIED,false,false,false,false,OPEN,ACTIVE,false,false,false,true,EMERGENCY_RESPONSE,VIEW,true,false,MISSING,AFTER_HOURS,ONLINE,CCTNS_STYLE_API,P-2026-05-STEP1,false,true,7ede60f788ea9c5a07ec2654b059ee08118ec2aa8c80a38d9061e6b5040bbfe1
REQ-000256,2026-05-28T10:08:00Z,normal_in_jurisdiction,OFF-0060,f1cd31d43c526f5a63bbd87e,Inspector,4,POLICE,STATE_02_DIST_03_PS_03,STATE_02_DIST_03,STATE_02,MEDIUM,ACTIVE,ASSIGNED,REC-000584,d20d4ecc7bc1250633dbd895,CASE-00168,NARCOTICS,FIR_SUMMARY,STATE_02_DIST_03_PS_03,STATE_02_DIST_03,STATE_02,POLICE,MEDIUM,false,false,false,false,OPEN,UNDER_REVIEW,true,true,true,false,INVESTIGATION,VIEW,false,false,NOT_REQUIRED,BUSINESS_HOURS,ONLINE,CCTNS_STYLE_API,P-2026-05-STEP1,false,true,4fa39b0569b063e55bca35ee773ee1b6a73386c0f782ef25976d2fa42fe1c9b1
REQ-000257,2026-05-28T18:50:00Z,juvenile_sensitive,OFF-0220,5f5d03cad2864eb9986177dd,Inspector,4,POLICE,STATE_01_DIST_04_PS_03,STATE_01_DIST_04,STATE_01,MEDIUM,ACTIVE,NOT_ASSIGNED,REC-000149,7b0cb359d199386905812a3b,CASE-00088,JUVENILE_PROTECTION,EVIDENCE_MEDIA,STATE_01_DIST_01_PS_01,STATE_01_DIST_01,STATE_01,POLICE,HIGH,false,false,true,true,OPEN,ACTIVE,false,false,true,true,INVESTIGATION,VIEW,false,false,PRESENT_VALID,BUSINESS_HOURS,ONLINE,ICJS_STYLE_EXCHANGE,P-2026-05-STEP1,false,true,e57b8bfc92c2afce446331f28b313c49abd880dfea5d8c0c9b0b4eae2bf1439e
REQ-000258,2026-05-27T21:30:00Z,normal_in_jurisdiction,OFF-0063,d57f9cfca107b054602e3afe,Forensic Officer,4,FORENSIC,STATE_03_DIST_01_PS_03,STATE_03_DIST_01,STATE_03,HIGH,ACTIVE,ASSIGNED,REC-000254,467e4eeac859b0b49846ed99,CASE-00083,NARCOTICS,FIR_SUMMARY,STATE_03_DIST_01_PS_03,STATE_03_DIST_01,STATE_03,POLICE,MEDIUM,false,false,false,false,OPEN,ACTIVE,true,true,true,false,INVESTIGATION,VIEW,false,false,NOT_REQUIRED,BUSINESS_HOURS,ONLINE,MANUAL_ESCALATION,P-2026-05-STEP1,false,true,89e57c1bfdc5429a8671d9cc6c044a0d047703fb8c1390c1f3a2da01d430602b
REQ-000259,2026-05-29T03:48:00Z,stale_case_assignment,OFF-0116,f1533940112c34367e3740e3,Station House Officer,5,POLICE,STATE_03_DIST_02_PS_01,STATE_03_DIST_02,STATE_03,HIGH,ACTIVE,STALE,REC-000005,73a955fe3375c918a3bfc978,CASE-00041,CYBER_FRAUD,COURT_SUBMISSION,STATE_02_DIST_02_PS_02,STATE_02_DIST_02,STATE_02,POLICE,HIGH,false,false,false,false,OPEN,ACTIVE,false,false,false,true,INVESTIGATION,DOWNLOAD,false,false,MISSING,AFTER_HOURS,ONLINE,CCTNS_STYLE_API,P-2026-05-STEP1,false,true,6f38d838776c239d4ae5faaeb534396db1671adbfe9ef4044c4bd854b2548d46
REQ-000260,2026-05-28T19:20:00Z,sealed_record,OFF-0018,f8755a48fce2988e7e892881,Constable,1,POLICE,STATE_03_DIST_03_PS_01,STATE_03_DIST_03,STATE_03,LOW,ACTIVE,NOT_ASSIGNED,REC-000858,10ab373cd6bb33aba4e71b3e,CASE-00318,WOMEN_CHILD_SAFETY,EVIDENCE_MEDIA,STATE_02_DIST_04_PS_01,STATE_02_DIST_04,STATE_02,POLICE,HIGH,true,false,false,true,SEALED,ACTIVE,false,false,false,true,INVESTIGATION,VIEW,false,false,MISSING,BUSINESS_HOURS,ONLINE,CCTNS_STYLE_API,P-2026-05-STEP1,false,true,87827efe2548570c3f8fb395e694bb974f2f450e87d4167a144c1431b223d041
REQ-000261,2026-05-28T23:51:00Z,revoked_credential,OFF-0045,1abb810c99dd60558b095f4d,Inspector,4,POLICE,STATE_02_DIST_01_PS_01,STATE_02_DIST_01,STATE_02,MEDIUM,REVOKED,NOT_ASSIGNED,REC-000369,2b2d7ab4e1a9781372404fec,CASE-00226,GENERAL_THEFT,FORENSIC_REPORT,STATE_02_DIST_02_PS_02,STATE_02_DIST_02,STATE_02,POLICE,CLASSIFIED,false,false,false,false,OPEN,ARCHIVED,false,false,true,true,INVESTIGATION,DOWNLOAD,false,false,MISSING,BUSINESS_HOURS,ONLINE,MANUAL_ESCALATION,P-2026-05-STEP1,false,true,2b1759d6bbb168aeae600fafb3449eec003ebfee517a08d3598d0571f1571a41
REQ-000262,2026-05-27T08:44:00Z,juvenile_sensitive,OFF-0167,a2884bcebf8616c20bdb4688,Sub-Inspector,3,POLICE,STATE_01_DIST_01_PS_02,STATE_01_DIST_01,STATE_01,MEDIUM,ACTIVE,NOT_ASSIGNED,REC-000585,8a6b763636cb267428784251,CASE-00291,JUVENILE_PROTECTION,WITNESS_STATEMENT,STATE_02_DIST_01_PS_03,STATE_02_DIST_01,STATE_02,POLICE,MEDIUM,false,true,true,false,OPEN,ACTIVE,false,false,false,true,SUPERVISION,VIEW,false,false,MISSING,AFTER_HOURS,STATION_NODE_DOWN,MANUAL_ESCALATION,P-2026-05-STEP1,false,true,fddcb8c10790722b953d0b6559220d9f2ca0e3564e9a36a9e7b6466707cd7c57
REQ-000263,2026-05-29T17:45:00Z,stale_case_assignment,OFF-0004,4fe847ab79de841540c7b990,Constable,1,POLICE,STATE_01_DIST_02_PS_02,STATE_01_DIST_02,STATE_01,LOW,ACTIVE,STALE,REC-000564,39541a70f058a3a497154a3d,CASE-00272,WOMEN_CHILD_SAFETY,CYBERCRIME_COMPLAINT,STATE_03_DIST_02_PS_01,STATE_03_DIST_02,STATE_03,POLICE,MEDIUM,true,false,false,false,OPEN,ACTIVE,false,false,false,true,INVESTIGATION,DOWNLOAD,false,false,MISSING,BUSINESS_HOURS,ONLINE,ICJS_STYLE_EXCHANGE,P-2026-05-STEP1,false,true,d7b1fadfe87fe4fc8b9a55687bd8cad3e786820cdb50b52bc153ac95f032736d
REQ-000264,2026-05-28T11:12:00Z,sealed_record,OFF-0129,fad5d40018942c6b0ef2d75c,Inspector,4,POLICE,STATE_01_DIST_04_PS_02,STATE_01_DIST_04,STATE_01,MEDIUM,ACTIVE,NOT_ASSIGNED,REC-000388,76eebcbd721d1571cb5fcac8,CASE-00214,GENERAL_THEFT,CASE_DIARY,STATE_03_DIST_04_PS_02,STATE_03_DIST_04,STATE_03,POLICE,MEDIUM,false,false,false,false,SEALED,ACTIVE,false,false,false,true,PROSECUTION_REVIEW,VIEW,false,true,MISSING,BUSINESS_HOURS,ONLINE,ICJS_STYLE_EXCHANGE,P-2026-05-STEP1,false,true,c0e2bbd9ace725124d7597d5f5bc8ff2b785cd09ecbdd20e2ae210c1e914f93a
REQ-000265,2026-05-29T13:50:00Z,normal_in_jurisdiction,OFF-0048,871e4c8cc36e0fafb27ef560,Sub-Inspector,3,POLICE,STATE_01_DIST_02_PS_02,STATE_01_DIST_02,STATE_01,MEDIUM,ACTIVE,ASSIGNED,REC-000708,570eb7fa38bcf5f5722f7399,CASE-00186,CYBER_FRAUD,WITNESS_STATEMENT,STATE_01_DIST_02_PS_02,STATE_01_DIST_02,STATE_01,POLICE,MEDIUM,false,true,false,false,OPEN,ARCHIVED,true,true,true,false,INVESTIGATION,VIEW,false,false,NOT_REQUIRED,BUSINESS_HOURS,DEGRADED,MANUAL_ESCALATION,P-2026-05-STEP1,false,true,c4c53527bba6364bea1a387c5f398c907523498f2c999e771021e40ff3eb80db
REQ-000266,2026-05-27T22:10:00Z,normal_in_jurisdiction,OFF-0034,9f1a046129b76f0cd0f13803,Sub-Inspector,3,POLICE,STATE_03_DIST_04_PS_03,STATE_03_DIST_04,STATE_03,MEDIUM,ACTIVE,ASSIGNED,REC-000330,52069d243f6adcab391e83cc,CASE-00256,JUVENILE_PROTECTION,COURT_SUBMISSION,STATE_03_DIST_04_PS_03,STATE_03_DIST_04,STATE_03,POLICE,MEDIUM,false,false,true,false,OPEN,ARCHIVED,true,true,true,false,INVESTIGATION,VIEW,false,false,NOT_REQUIRED,AFTER_HOURS,ONLINE,CCTNS_STYLE_API,P-2026-05-STEP1,false,true,9de425253438dbde058f257a9585b51b727e0cca8cacfb8858cfe69b42946261
REQ-000267,2026-05-28T07:09:00Z,court_request,OFF-0020,fcd532f0d95281220fe7337b,Station House Officer,5,POLICE,STATE_01_DIST_02_PS_01,STATE_01_DIST_02,STATE_01,HIGH,ACTIVE,NOT_ASSIGNED,REC-000148,48cf890fe5e2b35e37ba9f33,CASE-00056,CYBER_FRAUD,CYBERCRIME_COMPLAINT,STATE_03_DIST_01_PS_01,STATE_03_DIST_01,STATE_03,POLICE,HIGH,false,false,false,false,OPEN,ARCHIVED,false,false,false,true,PROSECUTION_REVIEW,VIEW,false,true,PRESENT_VALID,AFTER_HOURS,ONLINE,ICJS_STYLE_EXCHANGE,P-2026-05-STEP1,false,true,4f389e6da1ba8737d7e72ee0fa130c9a960123797f0ae9ae816d9aa2e910dd9a
REQ-000268,2026-05-29T10:04:00Z,court_request,OFF-0168,ccfa52e7df949ec76b129260,Sub-Inspector,3,POLICE,STATE_01_DIST_03_PS_03,STATE_01_DIST_03,STATE_01,MEDIUM,ACTIVE,NOT_ASSIGNED,REC-000518,019a5823b2dbc8eb666b5e17,CASE-00160,MISSING_PERSON,JUVENILE_RECORD,STATE_01_DIST_01_PS_02,STATE_01_DIST_01,STATE_01,POLICE,HIGH,false,false,true,false,OPEN,ACTIVE,false,false,true,true,COURT_PRODUCTION,VIEW,false,true,PRESENT_VALID,BUSINESS_HOURS,ONLINE,CCTNS_STYLE_API,P-2026-05-STEP1,false,true,eefc07efaad14cccf32d03ae3c6f80bfb257a331b196daaed44e6694e8c52139
REQ-000269,2026-05-29T23:44:00Z,normal_in_jurisdiction,OFF-0167,a2884bcebf8616c20bdb4688,Sub-Inspector,3,POLICE,STATE_01_DIST_01_PS_02,STATE_01_DIST_01,STATE_01,MEDIUM,ACTIVE,NOT_ASSIGNED,REC-000445,673ba424a3a4663dda643f8d,CASE-00052,JUVENILE_PROTECTION,CYBERCRIME_COMPLAINT,STATE_02_DIST_01_PS_03,STATE_02_DIST_01,STATE_02,POLICE,HIGH,false,false,true,false,OPEN,ACTIVE,false,false,false,true,INVESTIGATION,VIEW,false,false,NOT_REQUIRED,NIGHT,ONLINE,MANUAL_ESCALATION,P-2026-05-STEP1,false,true,8e01361fe806db02cf2b57c48976c7dd5fc55b14d3fae282b0fb3726df85082a
REQ-000270,2026-05-30T04:30:00Z,sealed_record,OFF-0059,abdf3e234ce3687605069a60,Head Constable,2,POLICE,STATE_02_DIST_02_PS_01,STATE_02_DIST_02,STATE_02,LOW,ACTIVE,NOT_ASSIGNED,REC-000820,a3e77934549e166377318689,CASE-00198,CYBER_FRAUD,EVIDENCE_MEDIA,STATE_03_DIST_01_PS_01,STATE_03_DIST_01,STATE_03,POLICE,HIGH,false,false,false,true,SEALED,ACTIVE,false,false,false,true,COURT_PRODUCTION,VIEW,false,true,PRESENT_VALID,AFTER_HOURS,DEGRADED,MANUAL_ESCALATION,P-2026-05-STEP1,false,true,c768ed6c7b46856254fe6319149e0e15e8544aeb36dfeaf2238f501e5863eb16
REQ-000271,2026-05-28T21:10:00Z,juvenile_sensitive,OFF-0193,4be2947fa44b5e03c9285de0,Forensic Officer,4,FORENSIC,STATE_03_DIST_03_PS_03,STATE_03_DIST_03,STATE_03,HIGH,ACTIVE,NOT_ASSIGNED,REC-000771,e7b2a26cabc70803d3186378,CASE-00225,JUVENILE_PROTECTION,FIR_SUMMARY,STATE_01_DIST_01_PS_02,STATE_01_DIST_01,STATE_01,POLICE,MEDIUM,false,false,true,false,OPEN,ACTIVE,false,false,false,true,INVESTIGATION,VIEW,false,false,PRESENT_VALID,BUSINESS_HOURS,ONLINE,ICJS_STYLE_EXCHANGE,P-2026-05-STEP1,false,true,2df7dd49b34fa8c342795791eb8cd3cc932b2df43492d49b6a8eba2703d03ff1
REQ-000272,2026-05-28T16:48:00Z,juvenile_sensitive,OFF-0066,a07f98edb4eac55d9fa73ffe,Inspector,4,POLICE,STATE_03_DIST_01_PS_02,STATE_03_DIST_01,STATE_03,MEDIUM,ACTIVE,NOT_ASSIGNED,REC-000571,4cfcb99871492acc92ea42ae,CASE-00135,GENERAL_THEFT,JUVENILE_RECORD,STATE_02_DIST_04_PS_03,STATE_02_DIST_04,STATE_02,POLICE,CLASSIFIED,false,false,true,false,OPEN,ACTIVE,false,false,false,true,INVESTIGATION,VIEW,false,false,MISSING,BUSINESS_HOURS,ONLINE,MANUAL_ESCALATION,P-2026-05-STEP1,false,true,b3a78cc4ca5bd6c802e347b043579046e15556ee2529175f1ca80580a47042d5
REQ-000273,2026-05-29T06:36:00Z,sealed_record,OFF-0051,316e4edba94c2b3868db8ac7,Sub-Inspector,3,POLICE,STATE_01_DIST_04_PS_01,STATE_01_DIST_04,STATE_01,MEDIUM,ACTIVE,NOT_ASSIGNED,REC-000061,de8ed503b092aff04a4f6676,CASE-00083,NARCOTICS,COURT_SUBMISSION,STATE_03_DIST_01_PS_03,STATE_03_DIST_01,STATE_03,POLICE,HIGH,false,false,false,false,SEALED,ACTIVE,false,false,false,true,INVESTIGATION,VIEW,false,false,MISSING,BUSINESS_HOURS,ONLINE,MANUAL_ESCALATION,P-2026-05-STEP1,false,true,7055fc6e17f95182894f4c5ba27930391a117559020e8e01a6abd2d3acdf1c1e
REQ-000274,2026-05-27T22:50:00Z,revoked_credential,OFF-0214,4abc3e055d213fe06ce85aef,Sub-Inspector,3,POLICE,STATE_01_DIST_02_PS_03,STATE_01_DIST_02,STATE_01,MEDIUM,REVOKED,NOT_ASSIGNED,REC-000597,0fb3737ffbea66c7996ec849,CASE-00052,JUVENILE_PROTECTION,CYBERCRIME_COMPLAINT,STATE_02_DIST_01_PS_03,STATE_02_DIST_01,STATE_02,POLICE,HIGH,false,false,true,false,OPEN,UNDER_REVIEW,false,false,false,true,INVESTIGATION,SHARE,false,false,MISSING,NIGHT,ONLINE,CCTNS_STYLE_API,P-2026-05-STEP1,false,true,c3e0400abedd7ebccfcc6c290c126e560546bc9ba14d603f58c176904108b308
REQ-000275,2026-05-27T13:45:00Z,cross_jurisdiction_sensitive,OFF-0023,7dd10e346a2e773cbf9da071,Sub-Inspector,3,POLICE,STATE_02_DIST_03_PS_02,STATE_02_DIST_03,STATE_02,MEDIUM,ACTIVE,NOT_ASSIGNED,REC-000128,438e40e436069a3ccfd0260e,CASE-00299,NARCOTICS,WITNESS_STATEMENT,STATE_03_DIST_02_PS_02,STATE_03_DIST_02,STATE_03,POLICE,HIGH,false,true,false,false,OPEN,ACTIVE,false,false,false,true,FORENSIC_REVIEW,DOWNLOAD,false,false,PRESENT_VALID,BUSINESS_HOURS,DEGRADED,ICJS_STYLE_EXCHANGE,P-2026-05-STEP1,false,true,a379aad8ebd09c48c644a0b90a33bf637623933f201ea2b417437b28eb7541a5
REQ-000276,2026-05-27T18:24:00Z,normal_in_jurisdiction,OFF-0083,eab5f274c3e036f9a382d87d,Senior Superintendent,6,POLICE,STATE_01_DIST_03_PS_01,STATE_01_DIST_03,STATE_01,CLASSIFIED,ACTIVE,ASSIGNED,REC-000336,aa4f11dd4800719359ec7aa1,CASE-00174,NARCOTICS,FIR_SUMMARY,STATE_01_DIST_03_PS_01,STATE_01_DIST_03,STATE_01,POLICE,MEDIUM,false,false,false,false,OPEN,ARCHIVED,true,true,true,false,INVESTIGATION,VIEW,false,false,NOT_REQUIRED,AFTER_HOURS,STATION_NODE_DOWN,ICJS_STYLE_EXCHANGE,P-2026-05-STEP1,false,true,86d484eac3a4f8f8f3e6daa631f25a3ac05dc3da62cd615f74043bb188a8feb5
REQ-000277,2026-05-27T23:05:00Z,stale_case_assignment,OFF-0074,0cef9a18606529b664cb0b3f,Sub-Inspector,3,POLICE,STATE_01_DIST_03_PS_03,STATE_01_DIST_03,STATE_01,MEDIUM,ACTIVE,STALE,REC-000450,b633e7b814cf174a43cb626e,CASE-00134,VIOLENT_CRIME,EVIDENCE_MEDIA,STATE_02_DIST_04_PS_03,STATE_02_DIST_04,STATE_02,POLICE,HIGH,false,false,false,true,OPEN,ACTIVE,false,false,false,true,INVESTIGATION,VIEW,false,false,MISSING,BUSINESS_HOURS,ONLINE,MANUAL_ESCALATION,P-2026-05-STEP1,false,true,191bf70a59de3ed6be9be986a0892c4f2428282ace443912439d31d82474d6cf
REQ-000278,2026-05-27T13:54:00Z,random_context,OFF-0113,46ac5b5381ef953a345ce319,Sub-Inspector,3,POLICE,STATE_03_DIST_03_PS_01,STATE_03_DIST_03,STATE_03,MEDIUM,ACTIVE,NOT_ASSIGNED,REC-000054,1401f3e1054a0aaab0eeff1c,CASE-00352,MISSING_PERSON,COURT_SUBMISSION,STATE_03_DIST_02_PS_03,STATE_03_DIST_02,STATE_03,POLICE,MEDIUM,false,false,false,false,OPEN,ACTIVE,false,false,true,true,AUDIT,SHARE,false,false,NOT_REQUIRED,BUSINESS_HOURS,ONLINE,CCTNS_STYLE_API,P-2026-05-STEP1,false,true,a00c7ad91271e2fafb6843e452b461631e8b652f967a90707820d1c86aea10fc
REQ-000279,2026-05-28T17:51:00Z,normal_in_jurisdiction,OFF-0191,f920410d24c1d513e4b5b45f,Sub-Inspector,3,POLICE,STATE_03_DIST_04_PS_01,STATE_03_DIST_04,STATE_03,MEDIUM,ACTIVE,NOT_ASSIGNED,REC-000573,41f7269b735abf118e1ceb74,CASE-00051,VIOLENT_CRIME,FIR_SUMMARY,STATE_03_DIST_04_PS_03,STATE_03_DIST_04,STATE_03,POLICE,LOW,false,false,false,false,OPEN,ACTIVE,false,true,true,false,INVESTIGATION,VIEW,false,false,NOT_REQUIRED,BUSINESS_HOURS,ONLINE,CCTNS_STYLE_API,P-2026-05-STEP1,false,true,6a8778f602600d71a7c67742bf4b773a8a6e392a3d65ebe662f0770ed14fe900
REQ-000280,2026-05-30T02:40:00Z,cross_jurisdiction_sensitive,OFF-0120,3344e545d464730d22df7101,Constable,1,POLICE,STATE_03_DIST_04_PS_03,STATE_03_DIST_04,STATE_03,LOW,ACTIVE,NOT_ASSIGNED,REC-000507,6133804fd5bfb391fba56083,CASE-00133,JUVENILE_PROTECTION,CYBERCRIME_COMPLAINT,STATE_03_DIST_01_PS_03,STATE_03_DIST_01,STATE_03,POLICE,MEDIUM,false,false,true,false,OPEN,ACTIVE,false,false,true,true,SUPERVISION,SHARE,false,false,MISSING,BUSINESS_HOURS,ONLINE,CCTNS_STYLE_API,P-2026-05-STEP1,false,true,360e5941b1e8d8d1ea47b9a1e9b6519bddca0db0b1cd518c699c61c50e1059b9
REQ-000281,2026-05-30T07:37:00Z,normal_in_jurisdiction,OFF-0055,e246494264abad2f32845507,Station House Officer,5,POLICE,STATE_02_DIST_03_PS_03,STATE_02_DIST_03,STATE_02,HIGH,ACTIVE,ASSIGNED,REC-000340,4f7b0b0cacce32a385a1e42a,CASE-00220,NARCOTICS,FIR_SUMMARY,STATE_02_DIST_03_PS_03,STATE_02_DIST_03,STATE_02,POLICE,MEDIUM,false,false,false,false,OPEN,ACTIVE,true,true,true,false,INVESTIGATION,VIEW,false,false,NOT_REQUIRED,BUSINESS_HOURS,ONLINE,MANUAL_ESCALATION,P-2026-05-STEP1,false,true,84815946fea5e1b1e3775dd802e72b50e51ea8b7b4078d876ec8dbe741ad9d8c
REQ-000282,2026-05-28T18:18:00Z,expired_approval_token,OFF-0195,b1ddf55c2af537d97ad1287a,Head Constable,2,POLICE,STATE_01_DIST_01_PS_01,STATE_01_DIST_01,STATE_01,LOW,ACTIVE,NOT_ASSIGNED,REC-000328,a3640fe0710c163f60be131f,CASE-00056,CYBER_FRAUD,EVIDENCE_MEDIA,STATE_03_DIST_01_PS_01,STATE_03_DIST_01,STATE_03,POLICE,HIGH,false,false,false,true,OPEN,ACTIVE,false,false,false,true,INVESTIGATION,DOWNLOAD,false,false,EXPIRED,BUSINESS_HOURS,ONLINE,CCTNS_STYLE_API,P-2026-05-STEP1,false,true,c252cd11550d460ba01b89113f80e7c3d4b707c088d0df4f64472ccc6c620a9c
REQ-000283,2026-05-29T13:19:00Z,court_request,OFF-0107,fb4c90a703ac874dae2f1454,Head Constable,2,POLICE,STATE_02_DIST_01_PS_03,STATE_02_DIST_01,STATE_02,LOW,ACTIVE,NOT_ASSIGNED,REC-000212,5a8ac217886c2fc1fa2bcbb6,CASE-00351,FINANCIAL_CRIME,VICTIM_RECORD,STATE_02_DIST_03_PS_01,STATE_02_DIST_03,STATE_02,POLICE,HIGH,true,false,false,false,OPEN,ACTIVE,false,false,true,true,PROSECUTION_REVIEW,DOWNLOAD,false,true,PRESENT_VALID,AFTER_HOURS,ONLINE,MANUAL_ESCALATION,P-2026-05-STEP1,false,true,dd7e7861fbe46a9249abb2f5e855c0b037a73f86c8b27fafd7a3e4af7c60f610
REQ-000284,2026-05-29T04:04:00Z,normal_in_jurisdiction,OFF-0202,782ce33054ac702eb25bdce6,Forensic Officer,4,FORENSIC,STATE_02_DIST_01_PS_02,STATE_02_DIST_01,STATE_02,HIGH,ACTIVE,ASSIGNED,REC-000513,681b4f93de08437e40966100,CASE-00333,JUVENILE_PROTECTION,VICTIM_RECORD,STATE_02_DIST_01_PS_02,STATE_02_DIST_01,STATE_02,POLICE,MEDIUM,true,false,true,false,OPEN,ACTIVE,true,true,true,false,INVESTIGATION,VIEW,false,false,NOT_REQUIRED,BUSINESS_HOURS,ONLINE,MANUAL_ESCALATION,P-2026-05-STEP1,false,true,b975daff5cf33d135b6c4f88707c3dee1bcfa5f4ed22822296e03aa888ef59f1
REQ-000285,2026-05-29T23:15:00Z,expired_approval_token,OFF-0107,fb4c90a703ac874dae2f1454,Head Constable,2,POLICE,STATE_02_DIST_01_PS_03,STATE_02_DIST_01,STATE_02,LOW,ACTIVE,NOT_ASSIGNED,REC-000096,e1083b56bf8aea3261c52dbd,CASE-00023,FINANCIAL_CRIME,JUVENILE_RECORD,STATE_03_DIST_04_PS_02,STATE_03_DIST_04,STATE_03,POLICE,CLASSIFIED,false,false,true,false,OPEN,ACTIVE,false,false,false,true,PROSECUTION_REVIEW,SHARE,false,false,EXPIRED,BUSINESS_HOURS,ONLINE,ICJS_STYLE_EXCHANGE,P-2026-05-STEP1,false,true,bec93919b29493f882ecca44eafc0d2e0e59b997814f06c7816a03a8b2188f8b
REQ-000286,2026-05-28T04:36:00Z,normal_in_jurisdiction,OFF-0050,1df1233ec54fa0732a43c292,Head Constable,2,POLICE,STATE_01_DIST_03_PS_02,STATE_01_DIST_03,STATE_01,LOW,ACTIVE,ASSIGNED,REC-000881,8fe8ed23e88afdf428466ba5,CASE-00057,MISSING_PERSON,CYBERCRIME_COMPLAINT,STATE_01_DIST_03_PS_02,STATE_01_DIST_03,STATE_01,POLICE,MEDIUM,false,false,false,false,OPEN,ACTIVE,true,true,true,false,INVESTIGATION,VIEW,false,false,NOT_REQUIRED,BUSINESS_HOURS,ONLINE,ICJS_STYLE_EXCHANGE,P-2026-05-STEP1,false,true,e96c00917b5f6dfe9e434a500c407eacf25e22f562855c9b7e6772bc323a8cf0
REQ-000287,2026-05-27T23:55:00Z,revoked_credential,OFF-0215,61fb1f33fe73b6361966f242,Inspector,4,POLICE,STATE_01_DIST_04_PS_03,STATE_01_DIST_04,STATE_01,MEDIUM,REVOKED,NOT_ASSIGNED,REC-000174,0f1b88c2aa88b245603f719f,CASE-00188,JUVENILE_PROTECTION,FORENSIC_REPORT,STATE_01_DIST_03_PS_02,STATE_01_DIST_03,STATE_01,POLICE,HIGH,false,false,true,false,OPEN,ACTIVE,false,false,true,true,INVESTIGATION,VIEW,false,false,MISSING,BUSINESS_HOURS,ONLINE,CCTNS_STYLE_API,P-2026-05-STEP1,false,true,5b822b7fdbf9d5fe5caf9816c11bb1698d340fa9fff408b9eefe90197f9ec836
REQ-000288,2026-05-29T19:12:00Z,normal_in_jurisdiction,OFF-0149,816d13ffa68e60a160c3810f,Constable,1,POLICE,STATE_02_DIST_01_PS_03,STATE_02_DIST_01,STATE_02,LOW,ACTIVE,ASSIGNED,REC-000398,a14b960f9d5b88d2544ce012,CASE-00145,VIOLENT_CRIME,FIR_SUMMARY,STATE_02_DIST_01_PS_03,STATE_02_DIST_01,STATE_02,POLICE,MEDIUM,false,false,false,false,SEALED,ACTIVE,true,true,true,false,INVESTIGATION,VIEW,false,false,NOT_REQUIRED,BUSINESS_HOURS,ONLINE,ICJS_STYLE_EXCHANGE,P-2026-05-STEP1,false,true,a26a16e9d4d12f71bae2bf1a65a7d5f219d7dbc7b23c8642e2b599319bb2914f
REQ-000289,2026-05-28T00:05:00Z,cross_jurisdiction_sensitive,OFF-0196,d60f48d22e03c3316a18fa6d,Head Constable,2,POLICE,STATE_02_DIST_03_PS_01,STATE_02_DIST_03,STATE_02,LOW,ACTIVE,NOT_ASSIGNED,REC-000044,b29b01f14568ba1dcdc4e111,CASE-00050,CYBER_FRAUD,WITNESS_STATEMENT,STATE_01_DIST_02_PS_02,STATE_01_DIST_02,STATE_01,POLICE,HIGH,false,true,false,false,OPEN,ACTIVE,false,false,false,true,SUPERVISION,VIEW,false,false,PRESENT_VALID,BUSINESS_HOURS,ONLINE,ICJS_STYLE_EXCHANGE,P-2026-05-STEP1,false,true,0de19e03fcd50eb18aa0d5ad5d698123a3989c1de63c0ac896f53d7983026cc1
REQ-000290,2026-05-27T09:40:00Z,court_request,OFF-0178,2be0332c4385b770ea00150b,Constable,1,POLICE,STATE_03_DIST_03_PS_02,STATE_03_DIST_03,STATE_03,LOW,ACTIVE,NOT_ASSIGNED,REC-000811,9a7d44825280d67eab0d8e8c,CASE-00211,FINANCIAL_CRIME,WITNESS_STATEMENT,STATE_01_DIST_03_PS_01,STATE_01_DIST_03,STATE_01,POLICE,CLASSIFIED,false,true,false,false,SEALED,UNDER_REVIEW,false,false,false,true,COURT_PRODUCTION,VIEW,false,true,PRESENT_VALID,AFTER_HOURS,ONLINE,MANUAL_ESCALATION,P-2026-05-STEP1,false,true,06e9b9c5b8a3bcda35c3a14c00427807bb3dcc3b5eeb5f346cfbd1d085f8d748
REQ-000291,2026-05-28T00:15:00Z,expired_approval_token,OFF-0193,4be2947fa44b5e03c9285de0,Forensic Officer,4,FORENSIC,STATE_03_DIST_03_PS_03,STATE_03_DIST_03,STATE_03,HIGH,ACTIVE,NOT_ASSIGNED,REC-000520,c0c7c557fc4406e62263bc58,CASE-00295,WOMEN_CHILD_SAFETY,VICTIM_RECORD,STATE_01_DIST_01_PS_02,STATE_01_DIST_01,STATE_01,POLICE,HIGH,true,false,false,false,OPEN,ARCHIVED,false,false,false,true,PROSECUTION_REVIEW,VIEW,false,false,EXPIRED,BUSINESS_HOURS,DEGRADED,CCTNS_STYLE_API,P-2026-05-STEP1,false,true,9910059d0ea5de556abdf398d76d7b192fe45acb0d1008a151413af45ccc1279
REQ-000292,2026-05-30T05:52:00Z,normal_in_jurisdiction,OFF-0082,ad021cf14b60633e375d65f6,Prosecutor Liaison,4,PROSECUTION,STATE_03_DIST_04_PS_02,STATE_03_DIST_04,STATE_03,MEDIUM,ACTIVE,ASSIGNED,REC-000263,68994c9b44433265a4ba8f45,CASE-00286,MISSING_PERSON,WITNESS_STATEMENT,STATE_03_DIST_04_PS_02,STATE_03_DIST_04,STATE_03,POLICE,MEDIUM,false,true,false,false,OPEN,ACTIVE,true,true,true,false,INVESTIGATION,VIEW,false,false,NOT_REQUIRED,BUSINESS_HOURS,ONLINE,MANUAL_ESCALATION,P-2026-05-STEP1,false,true,8e3172fb36cce489fc4ddebc10fc6aa11ec9e289286b0c7c35e4f0869b3bb427
REQ-000293,2026-05-28T05:18:00Z,revoked_credential,OFF-0207,cad50d4d8a49a83faad951a4,Head Constable,2,POLICE,STATE_02_DIST_01_PS_02,STATE_02_DIST_01,STATE_02,LOW,REVOKED,NOT_ASSIGNED,REC-000778,a3a0b2f362254d267749f5a3,CASE-00080,GENERAL_THEFT,FORENSIC_REPORT,STATE_03_DIST_03_PS_01,STATE_03_DIST_03,STATE_03,POLICE,HIGH,false,false,false,false,OPEN,ACTIVE,false,false,false,true,AUDIT,DOWNLOAD,false,false,MISSING,AFTER_HOURS,ONLINE,MANUAL_ESCALATION,P-2026-05-STEP1,false,true,b692376edd470ea60c33a5aa6eb2574209c1fada2b8fcedbaf2f7fd68c585015
REQ-000294,2026-05-30T11:18:00Z,emergency_override,OFF-0163,7ee6e3366f554e7379c63997,Head Constable,2,POLICE,STATE_01_DIST_04_PS_02,STATE_01_DIST_04,STATE_01,LOW,ACTIVE,NOT_ASSIGNED,REC-000869,7dbc797b2f28d09c339d0893,CASE-00190,GENERAL_THEFT,WITNESS_STATEMENT,STATE_03_DIST_04_PS_02,STATE_03_DIST_04,STATE_03,POLICE,CLASSIFIED,false,true,false,false,SEALED,ACTIVE,false,false,false,true,EMERGENCY_RESPONSE,UPDATE,true,false,MISSING,BUSINESS_HOURS,ONLINE,ICJS_STYLE_EXCHANGE,P-2026-05-STEP1,false,true,866685d8691e94546f2c072d09004214061589245261001e6ea772b58487072f
REQ-000295,2026-05-29T01:10:00Z,expired_approval_token,OFF-0070,73b99e563b8590d8f1f3488f,Sub-Inspector,3,POLICE,STATE_02_DIST_02_PS_02,STATE_02_DIST_02,STATE_02,MEDIUM,ACTIVE,NOT_ASSIGNED,REC-000173,83adebd0920663713a0e1b4b,CASE-00146,MISSING_PERSON,VICTIM_RECORD,STATE_03_DIST_04_PS_02,STATE_03_DIST_04,STATE_03,POLICE,HIGH,true,false,false,false,OPEN,ACTIVE,false,false,false,true,INVESTIGATION,VIEW,false,false,EXPIRED,BUSINESS_HOURS,ONLINE,MANUAL_ESCALATION,P-2026-05-STEP1,false,true,a4f4e97126bf37b3b2747a3873363392bb46b87709f116178325099e0e9b7ee1
REQ-000296,2026-05-29T06:16:00Z,normal_in_jurisdiction,OFF-0173,5d29ee05d50fe82bba4375d8,Forensic Officer,4,FORENSIC,STATE_01_DIST_02_PS_03,STATE_01_DIST_02,STATE_01,HIGH,ACTIVE,NOT_ASSIGNED,REC-000280,97f42bc6dfe2ee0b0bd40826,CASE-00001,WOMEN_CHILD_SAFETY,JUVENILE_RECORD,STATE_03_DIST_01_PS_03,STATE_03_DIST_01,STATE_03,POLICE,CLASSIFIED,true,false,true,false,SEALED,ARCHIVED,false,false,false,true,INVESTIGATION,VIEW,false,false,NOT_REQUIRED,BUSINESS_HOURS,ONLINE,MANUAL_ESCALATION,P-2026-05-STEP1,false,true,bad587dcb37b30f32f2219f299754aaa9f72457ca785c14875b213820779b8e6
REQ-000297,2026-05-30T02:15:00Z,stale_case_assignment,OFF-0165,b2c7b3b76aeb981b1bd8756b,Constable,1,POLICE,STATE_03_DIST_02_PS_01,STATE_03_DIST_02,STATE_03,LOW,ACTIVE,STALE,REC-000615,dfb0e94f858b759ef429abc3,CASE-00145,VIOLENT_CRIME,JUVENILE_RECORD,STATE_02_DIST_01_PS_03,STATE_02_DIST_01,STATE_02,POLICE,CLASSIFIED,false,false,true,false,OPEN,ACTIVE,false,false,false,true,INVESTIGATION,VIEW,false,false,MISSING,BUSINESS_HOURS,ONLINE,MANUAL_ESCALATION,P-2026-05-STEP1,false,true,06ec43e858e9b307dc06ebf008a82f84a6b265890480d75e69529feedbb00d7c
REQ-000298,2026-05-28T20:42:00Z,emergency_override,OFF-0038,ed345e57c83b3d1c5b2c2660,Inspector,4,POLICE,STATE_03_DIST_02_PS_01,STATE_03_DIST_02,STATE_03,MEDIUM,ACTIVE,NOT_ASSIGNED,REC-000441,2efca3bea97d54995e702601,CASE-00122,VIOLENT_CRIME,VICTIM_RECORD,STATE_03_DIST_03_PS_01,STATE_03_DIST_03,STATE_03,POLICE,HIGH,true,false,false,false,OPEN,ARCHIVED,false,false,true,true,EMERGENCY_RESPONSE,DOWNLOAD,true,false,MISSING,BUSINESS_HOURS,ONLINE,MANUAL_ESCALATION,P-2026-05-STEP1,false,true,1a89b6a510129aa235c1188c8b3ffe93582d06ffd88045f2e49eeb409462fab3
REQ-000299,2026-05-29T01:50:00Z,random_context,OFF-0119,3928cce83c394fe536f56bf5,Forensic Officer,4,FORENSIC,STATE_02_DIST_02_PS_01,STATE_02_DIST_02,STATE_02,HIGH,ACTIVE,NOT_ASSIGNED,REC-000378,e41a741ff1db4f243478c8f1,CASE-00353,JUVENILE_PROTECTION,FORENSIC_REPORT,STATE_01_DIST_03_PS_02,STATE_01_DIST_03,STATE_01,POLICE,HIGH,false,false,true,false,OPEN,UNDER_REVIEW,false,false,false,true,FORENSIC_REVIEW,SHARE,false,false,PRESENT_VALID,AFTER_HOURS,ONLINE,ICJS_STYLE_EXCHANGE,P-2026-05-STEP1,false,true,52fdc1371ff48e49dccc85ab5cdd386643cbca17b8f19d8d656d73b1968c0115
REQ-000300,2026-05-30T03:00:00Z,normal_in_jurisdiction,OFF-0162,ec1ea596f81353f2d9f85816,Sub-Inspector,3,POLICE,STATE_03_DIST_01_PS_01,STATE_03_DIST_01,STATE_03,MEDIUM,ACTIVE,NOT_ASSIGNED,REC-000643,86cf9537924a3bb27fd6a3c9,CASE-00021,JUVENILE_PROTECTION,EVIDENCE_MEDIA,STATE_02_DIST_04_PS_01,STATE_02_DIST_04,STATE_02,POLICE,CLASSIFIED,false,false,true,true,OPEN,ARCHIVED,false,false,false,true,INVESTIGATION,VIEW,false,false,NOT_REQUIRED,BUSINESS_HOURS,ONLINE,ICJS_STYLE_EXCHANGE,P-2026-05-STEP1,false,true,4d4818d3e7c535f3fed61b5c4053dfd76a5f8176889724f35c98dfcbe9ba4abc
REQ-000301,2026-05-28T21:09:00Z,cross_jurisdiction_sensitive,OFF-0182,f733b89b991cd7dc6791cabb,Head Constable,2,POLICE,STATE_01_DIST_02_PS_03,STATE_01_DIST_02,STATE_01,LOW,ACTIVE,NOT_ASSIGNED,REC-000193,9a9c0722091c1601b3f73b45,CASE-00035,NARCOTICS,CYBERCRIME_COMPLAINT,STATE_03_DIST_03_PS_03,STATE_03_DIST_03,STATE_03,POLICE,HIGH,false,false,false,false,OPEN,ACTIVE,false,false,false,true,SUPERVISION,VIEW,false,false,PRESENT_VALID,BUSINESS_HOURS,ONLINE,MANUAL_ESCALATION,P-2026-05-STEP1,false,true,6d7184d9858683fcbc6a5a20896651457ab8ec5b087883ffd0118488a8851a7c
REQ-000302,2026-05-28T16:16:00Z,sealed_record,OFF-0209,46719ed3c0b1ab7f0fbf5f90,Inspector,4,POLICE,STATE_01_DIST_03_PS_01,STATE_01_DIST_03,STATE_01,MEDIUM,ACTIVE,NOT_ASSIGNED,REC-000541,e1bedec8993c859386b91f05,CASE-00184,NARCOTICS,CYBERCRIME_COMPLAINT,STATE_01_DIST_02_PS_02,STATE_01_DIST_02,STATE_01,POLICE,HIGH,false,false,false,false,SEALED,ARCHIVED,false,false,true,true,COURT_PRODUCTION,DOWNLOAD,false,true,PRESENT_VALID,BUSINESS_HOURS,ONLINE,MANUAL_ESCALATION,P-2026-05-STEP1,false,true,1b27adc64ee3ff8fde7b92325fb229f14c2944344cf92dd2b52db2d2d84110ec
REQ-000303,2026-05-30T03:45:00Z,cross_jurisdiction_sensitive,OFF-0057,cf4f97b5eda3195f8d5d3726,Constable,1,POLICE,STATE_01_DIST_03_PS_01,STATE_01_DIST_03,STATE_01,LOW,ACTIVE,NOT_ASSIGNED,REC-000877,e114683a25bff76e8e848d9c,CASE-00249,MISSING_PERSON,VICTIM_RECORD,STATE_02_DIST_02_PS_02,STATE_02_DIST_02,STATE_02,POLICE,CLASSIFIED,true,false,false,false,OPEN,UNDER_REVIEW,false,false,false,true,FORENSIC_REVIEW,DOWNLOAD,false,false,PRESENT_VALID,AFTER_HOURS,ONLINE,ICJS_STYLE_EXCHANGE,P-2026-05-STEP1,false,true,2756444cf2184fc3d866461b205c5ca6ff75793910abcebd2d588c270aef772f
REQ-000304,2026-05-28T01:20:00Z,sealed_record,OFF-0189,0f5e28fd8c1c5a758d17ef19,Forensic Officer,4,FORENSIC,STATE_01_DIST_03_PS_02,STATE_01_DIST_03,STATE_01,HIGH,ACTIVE,NOT_ASSIGNED,REC-000534,bdfbd5d0c6ab2b6582c219bb,CASE-00055,MISSING_PERSON,WITNESS_STATEMENT,STATE_03_DIST_04_PS_01,STATE_03_DIST_04,STATE_03,POLICE,CLASSIFIED,false,true,false,false,SEALED,ACTIVE,false,false,false,true,INVESTIGATION,SHARE,false,false,MISSING,BUSINESS_HOURS,ONLINE,MANUAL_ESCALATION,P-2026-05-STEP1,false,true,22f04d1ad7f2ac3ea4bb9f7cdaf06b043667f52b500f7ba9afe1766e6b4bd429
REQ-000305,2026-05-29T23:10:00Z,normal_in_jurisdiction,OFF-0113,46ac5b5381ef953a345ce319,Sub-Inspector,3,POLICE,STATE_03_DIST_03_PS_01,STATE_03_DIST_03,STATE_03,MEDIUM,ACTIVE,ASSIGNED,REC-000760,5c4dcd6cb3328632f88609d4,CASE-00129,FINANCIAL_CRIME,CYBERCRIME_COMPLAINT,STATE_03_DIST_03_PS_01,STATE_03_DIST_03,STATE_03,POLICE,MEDIUM,false,false,false,false,OPEN,ACTIVE,true,true,true,false,INVESTIGATION,VIEW,false,false,NOT_REQUIRED,BUSINESS_HOURS,ONLINE,CCTNS_STYLE_API,P-2026-05-STEP1,false,true,fe31ddf1dfe05f7a6a42722da660e4f250eec699ab153a1b19ddf3b3cb982443
REQ-000306,2026-05-28T16:48:00Z,court_request,OFF-0150,b012e7e4d1319033c362fb26,Prosecutor Liaison,4,PROSECUTION,STATE_01_DIST_03_PS_03,STATE_01_DIST_03,STATE_01,MEDIUM,ACTIVE,NOT_ASSIGNED,REC-000639,7ab3e40f2a90e61c28933d11,CASE-00119,WOMEN_CHILD_SAFETY,FORENSIC_REPORT,STATE_03_DIST_04_PS_03,STATE_03_DIST_04,STATE_03,POLICE,HIGH,true,false,false,false,OPEN,ACTIVE,false,false,false,true,PROSECUTION_REVIEW,DOWNLOAD,false,true,PRESENT_VALID,NIGHT,ONLINE,CCTNS_STYLE_API,P-2026-05-STEP1,false,true,20b6f3706d7eed0191d632d198d45589d26efa84fdf6e00150104011da07bc38
REQ-000307,2026-05-29T18:31:00Z,expired_approval_token,OFF-0080,8d450ebb6d2a4135d240f974,Head Constable,2,POLICE,STATE_03_DIST_04_PS_03,STATE_03_DIST_04,STATE_03,LOW,ACTIVE,NOT_ASSIGNED,REC-000172,25a1feea984cfe4999437ed0,CASE-00294,VIOLENT_CRIME,EVIDENCE_MEDIA,STATE_01_DIST_04_PS_03,STATE_01_DIST_04,STATE_01,POLICE,CLASSIFIED,false,false,false,true,OPEN,ARCHIVED,false,false,false,true,INVESTIGATION,APPROVE,false,false,EXPIRED,BUSINESS_HOURS,ONLINE,MANUAL_ESCALATION,P-2026-05-STEP1,false,true,f475ca136604966bdb3157eb0dd0224126163089ea33fb98a9769a5172ce20e4
REQ-000308,2026-05-28T11:56:00Z,revoked_credential,OFF-0215,61fb1f33fe73b6361966f242,Inspector,4,POLICE,STATE_01_DIST_04_PS_03,STATE_01_DIST_04,STATE_01,MEDIUM,REVOKED,NOT_ASSIGNED,REC-000428,720bf6c497722937465299f7,CASE-00356,NARCOTICS,EVIDENCE_MEDIA,STATE_02_DIST_01_PS_01,STATE_02_DIST_01,STATE_02,POLICE,CLASSIFIED,false,false,false,true,OPEN,ARCHIVED,false,false,false,true,AUDIT,VIEW,false,false,MISSING,BUSINESS_HOURS,ONLINE,MANUAL_ESCALATION,P-2026-05-STEP1,false,true,f00f685b44ae3da57e69f15af78fc2750840cf7682a372b8c5c7427e38fd2d71
REQ-000309,2026-05-28T22:21:00Z,cross_jurisdiction_sensitive,OFF-0058,b9583c7e99cc3289ea585d73,Constable,1,POLICE,STATE_01_DIST_04_PS_01,STATE_01_DIST_04,STATE_01,LOW,ACTIVE,NOT_ASSIGNED,REC-000624,cf5a62b8cc144b2085180c6f,CASE-00304,WOMEN_CHILD_SAFETY,VICTIM_RECORD,STATE_03_DIST_02_PS_02,STATE_03_DIST_02,STATE_03,POLICE,CLASSIFIED,true,false,false,false,OPEN,ACTIVE,false,false,false,true,INVESTIGATION,VIEW,false,false,PRESENT_VALID,BUSINESS_HOURS,ONLINE,CCTNS_STYLE_API,P-2026-05-STEP1,false,true,045197c17a7d3dedea28f521824e1e79a9e596e14dda2d1d10529559c39f70c0
REQ-000310,2026-05-27T10:20:00Z,normal_in_jurisdiction,OFF-0200,4ee0497be96c65e5642e3a72,Constable,1,POLICE,STATE_01_DIST_01_PS_01,STATE_01_DIST_01,STATE_01,LOW,ACTIVE,ASSIGNED,REC-000547,58336e9663acff35aa7b3832,CASE-00130,VIOLENT_CRIME,COURT_SUBMISSION,STATE_01_DIST_01_PS_01,STATE_01_DIST_01,STATE_01,POLICE,MEDIUM,false,false,false,false,OPEN,ARCHIVED,true,true,true,false,INVESTIGATION,VIEW,false,false,NOT_REQUIRED,BUSINESS_HOURS,ONLINE,CCTNS_STYLE_API,P-2026-05-STEP1,false,true,f1f833e7ac13c822f3b069f1dcb26d4bdcc3b249c43ddc2f3be9abef5ed83221
REQ-000311,2026-05-29T14:12:00Z,normal_in_jurisdiction,OFF-0014,86b6682cd665b74e9695ec29,Senior Superintendent,6,POLICE,STATE_01_DIST_04_PS_01,STATE_01_DIST_04,STATE_01,CLASSIFIED,ACTIVE,ASSIGNED,REC-000844,a769243f3130615bff92a92a,CASE-00124,MISSING_PERSON,COURT_SUBMISSION,STATE_01_DIST_04_PS_01,STATE_01_DIST_04,STATE_01,POLICE,MEDIUM,false,false,false,false,OPEN,ACTIVE,true,true,true,false,INVESTIGATION,VIEW,false,false,NOT_REQUIRED,NIGHT,DEGRADED,MANUAL_ESCALATION,P-2026-05-STEP1,false,true,a7901db94f7d224d78c7f85af3a7c2e01d56670838e7ea64c46c1cc33a00fd67
REQ-000312,2026-05-28T17:36:00Z,random_context,OFF-0113,46ac5b5381ef953a345ce319,Sub-Inspector,3,POLICE,STATE_03_DIST_03_PS_01,STATE_03_DIST_03,STATE_03,MEDIUM,ACTIVE,NOT_ASSIGNED,REC-000093,215ab041d7ba027eff82f6d6,CASE-00139,FINANCIAL_CRIME,FIR_SUMMARY,STATE_02_DIST_01_PS_03,STATE_02_DIST_01,STATE_02,POLICE,LOW,false,false,false,false,OPEN,ARCHIVED,false,false,false,true,EMERGENCY_RESPONSE,APPROVE,false,false,NOT_REQUIRED,BUSINESS_HOURS,DEGRADED,MANUAL_ESCALATION,P-2026-05-STEP1,false,true,2cd6ea11f016d6b84287c07384ff2ff342b350a5dae618b0445b314468c491c5
REQ-000313,2026-05-29T19:49:00Z,normal_in_jurisdiction,OFF-0192,3d55943653d0579351b1bb1c,Sub-Inspector,3,POLICE,STATE_02_DIST_03_PS_01,STATE_02_DIST_03,STATE_02,MEDIUM,ACTIVE,ASSIGNED,REC-000456,36df47b04b751c66778ec264,CASE-00345,MISSING_PERSON,COURT_SUBMISSION,STATE_02_DIST_03_PS_01,STATE_02_DIST_03,STATE_02,POLICE,MEDIUM,false,false,false,false,OPEN,ARCHIVED,true,true,true,false,INVESTIGATION,VIEW,false,false,NOT_REQUIRED,BUSINESS_HOURS,ONLINE,MANUAL_ESCALATION,P-2026-05-STEP1,false,true,8b7c4f2f961ac113ab3ceb7e87562379fd3cb07a04114f22ea317894c27f84a6
REQ-000314,2026-05-28T12:38:00Z,revoked_credential,OFF-0104,bacbc9ea0ca5c88caca1fb35,Prosecutor Liaison,4,PROSECUTION,STATE_02_DIST_04_PS_02,STATE_02_DIST_04,STATE_02,MEDIUM,REVOKED,NOT_ASSIGNED,REC-000021,df4d1c0d660e87790d82e71b,CASE-00148,JUVENILE_PROTECTION,COURT_SUBMISSION,STATE_02_DIST_03_PS_01,STATE_02_DIST_03,STATE_02,POLICE,MEDIUM,false,false,true,false,OPEN,ACTIVE,false,false,true,true,AUDIT,APPROVE,false,false,MISSING,BUSINESS_HOURS,ONLINE,ICJS_STYLE_EXCHANGE,P-2026-05-STEP1,false,true,7d8a0ede0089c0cf7d7e4fc0ee745954cf2fd72fc72d9bffe0d466961914e777
REQ-000315,2026-05-30T01:30:00Z,emergency_override,OFF-0059,abdf3e234ce3687605069a60,Head Constable,2,POLICE,STATE_02_DIST_02_PS_01,STATE_02_DIST_02,STATE_02,LOW,ACTIVE,NOT_ASSIGNED,REC-000358,d09b3513b623ce4439f5c622,CASE-00110,NARCOTICS,WITNESS_STATEMENT,STATE_02_DIST_01_PS_02,STATE_02_DIST_01,STATE_02,POLICE,HIGH,false,true,false,false,OPEN,ACTIVE,false,false,true,true,EMERGENCY_RESPONSE,VIEW,true,false,PRESENT_VALID,BUSINESS_HOURS,ONLINE,CCTNS_STYLE_API,P-2026-05-STEP1,false,true,1ed4812ae396d6731a8f821070de2713bfd87d5e59ed1c1ddd56630096b92aa7
REQ-000316,2026-05-29T15:12:00Z,revoked_credential,OFF-0207,cad50d4d8a49a83faad951a4,Head Constable,2,POLICE,STATE_02_DIST_01_PS_02,STATE_02_DIST_01,STATE_02,LOW,REVOKED,NOT_ASSIGNED,REC-000225,48b92ff9ac1a24972931331f,CASE-00143,GENERAL_THEFT,COURT_SUBMISSION,STATE_02_DIST_02_PS_02,STATE_02_DIST_02,STATE_02,POLICE,HIGH,false,false,false,false,OPEN,UNDER_REVIEW,false,false,true,true,AUDIT,DOWNLOAD,false,false,MISSING,AFTER_HOURS,ONLINE,CCTNS_STYLE_API,P-2026-05-STEP1,false,true,291e18efc88ddba250e80bed84eb83858bba5bca353743fb9643bd4cec7e9e97
REQ-000317,2026-05-30T17:49:00Z,normal_in_jurisdiction,OFF-0164,eb2cec3f8312decabe6f3925,Prosecutor Liaison,4,PROSECUTION,STATE_03_DIST_04_PS_03,STATE_03_DIST_04,STATE_03,MEDIUM,ACTIVE,ASSIGNED,REC-000010,1453d16ff68c935811a922d5,CASE-00051,VIOLENT_CRIME,FORENSIC_REPORT,STATE_03_DIST_04_PS_03,STATE_03_DIST_04,STATE_03,POLICE,MEDIUM,false,false,false,false,OPEN,UNDER_REVIEW,true,true,true,false,INVESTIGATION,VIEW,false,false,NOT_REQUIRED,AFTER_HOURS,ONLINE,CCTNS_STYLE_API,P-2026-05-STEP1,false,true,1843cd0e1a7cee6dfa264e715bac66e25c4f307e2ef046c0218b30fca1ea534d
REQ-000318,2026-05-30T18:06:00Z,normal_in_jurisdiction,OFF-0046,ceb8bb971ba08b4df678d1fa,Constable,1,POLICE,STATE_01_DIST_03_PS_02,STATE_01_DIST_03,STATE_01,LOW,ACTIVE,ASSIGNED,REC-000723,b56e98af8a7c425088a343c2,CASE-00073,VIOLENT_CRIME,FIR_SUMMARY,STATE_01_DIST_03_PS_02,STATE_01_DIST_03,STATE_01,POLICE,MEDIUM,false,false,false,false,SEALED,UNDER_REVIEW,true,true,true,false,INVESTIGATION,VIEW,false,false,NOT_REQUIRED,BUSINESS_HOURS,ONLINE,CCTNS_STYLE_API,P-2026-05-STEP1,false,true,bc518d5759625b52e594b8a4b41e2429c7cfdce64bf59458738c6d79d2ce438b
REQ-000319,2026-05-30T13:04:00Z,random_context,OFF-0147,94b2d412892c95cbfdbe73cd,Forensic Officer,4,FORENSIC,STATE_02_DIST_03_PS_02,STATE_02_DIST_03,STATE_02,HIGH,REVOKED,NOT_ASSIGNED,REC-000324,7421d676dad537501affa1f2,CASE-00231,JUVENILE_PROTECTION,FORENSIC_REPORT,STATE_01_DIST_03_PS_01,STATE_01_DIST_03,STATE_01,POLICE,CLASSIFIED,false,false,true,false,OPEN,ACTIVE,false,false,false,true,PROSECUTION_REVIEW,DOWNLOAD,false,false,MISSING,NIGHT,ONLINE,CCTNS_STYLE_API,P-2026-05-STEP1,false,true,600b35a47ce81cf330b0bd1d597cd9a4be65f04442db2485629078a06efd216a
REQ-000320,2026-05-28T13:20:00Z,revoked_credential,OFF-0215,61fb1f33fe73b6361966f242,Inspector,4,POLICE,STATE_01_DIST_04_PS_03,STATE_01_DIST_04,STATE_01,MEDIUM,REVOKED,NOT_ASSIGNED,REC-000014,201bd2e21b21dd12c27511f3,CASE-00190,GENERAL_THEFT,WITNESS_STATEMENT,STATE_03_DIST_04_PS_02,STATE_03_DIST_04,STATE_03,POLICE,MEDIUM,false,true,false,false,OPEN,ARCHIVED,false,false,false,true,INVESTIGATION,APPROVE,false,false,MISSING,BUSINESS_HOURS,ONLINE,ICJS_STYLE_EXCHANGE,P-2026-05-STEP1,false,true,9690fca92fafb1802d6579ced468157331c15143404a2b084c878260a6f9d007
REQ-000321,2026-05-27T10:42:00Z,random_context,OFF-0184,c0fc3111ae7a563a9f54250e,Inspector,4,POLICE,STATE_02_DIST_03_PS_02,STATE_02_DIST_03,STATE_02,MEDIUM,ACTIVE,NOT_ASSIGNED,REC-000316,318f5250c892dade4a4047ee,CASE-00094,CYBER_FRAUD,WITNESS_STATEMENT,STATE_03_DIST_02_PS_03,STATE_03_DIST_02,STATE_03,POLICE,HIGH,false,true,false,false,OPEN,ACTIVE,false,false,false,true,FORENSIC_REVIEW,UPDATE,false,false,PRESENT_VALID,NIGHT,ONLINE,MANUAL_ESCALATION,P-2026-05-STEP1,false,true,95fefcc75615215a683d58f67571c38b04dd642714c813b51c23eb84ddd57e2e
REQ-000322,2026-05-28T08:12:00Z,court_request,OFF-0078,006fa23a737e20e3625debb8,Inspector,4,POLICE,STATE_01_DIST_01_PS_02,STATE_01_DIST_01,STATE_01,MEDIUM,ACTIVE,NOT_ASSIGNED,REC-000532,59cec4c3a5633ecd97648ccb,CASE-00024,FINANCIAL_CRIME,FIR_SUMMARY,STATE_01_DIST_02_PS_01,STATE_01_DIST_02,STATE_01,POLICE,MEDIUM,false,false,false,false,OPEN,ACTIVE,false,false,true,true,PROSECUTION_REVIEW,VIEW,false,true,PRESENT_VALID,AFTER_HOURS,ONLINE,CCTNS_STYLE_API,P-2026-05-STEP1,false,true,4526a40ce526df0d161865958553c4405dbceea6d25250323817124a6f8d6004
REQ-000323,2026-05-27T16:09:00Z,normal_in_jurisdiction,OFF-0159,a1e23926bdb89d718dc0ff23,Sub-Inspector,3,POLICE,STATE_03_DIST_02_PS_03,STATE_03_DIST_02,STATE_03,MEDIUM,ACTIVE,ASSIGNED,REC-000870,1fa4d6bca4118e64a6aa1c12,CASE-00189,MISSING_PERSON,COURT_SUBMISSION,STATE_03_DIST_02_PS_03,STATE_03_DIST_02,STATE_03,POLICE,MEDIUM,false,false,false,false,OPEN,ACTIVE,true,true,true,false,INVESTIGATION,VIEW,false,false,NOT_REQUIRED,BUSINESS_HOURS,ONLINE,ICJS_STYLE_EXCHANGE,P-2026-05-STEP1,false,true,82c0d7dd631d43bfe1d9c75c5235ece93a9df3adfd40cbc75186e8541566d369
REQ-000324,2026-05-29T00:36:00Z,revoked_credential,OFF-0040,c5c5b540de8f1dde6964dc89,Sub-Inspector,3,POLICE,STATE_03_DIST_02_PS_03,STATE_03_DIST_02,STATE_03,MEDIUM,REVOKED,NOT_ASSIGNED,REC-000690,3cb075189a11cbfaeb6ef8ac,CASE-00034,NARCOTICS,EVIDENCE_MEDIA,STATE_01_DIST_01_PS_02,STATE_01_DIST_01,STATE_01,POLICE,CLASSIFIED,false,false,false,true,SEALED,ARCHIVED,false,false,false,true,AUDIT,VIEW,false,false,MISSING,BUSINESS_HOURS,ONLINE,ICJS_STYLE_EXCHANGE,P-2026-05-STEP1,false,true,d0ff2852c0af881f4c00196a5a458843cc01114118509123075b9051bbe03dab
REQ-000325,2026-05-29T17:00:00Z,normal_in_jurisdiction,OFF-0006,05c87980613cb5db42b892f9,Sub-Inspector,3,POLICE,STATE_02_DIST_02_PS_02,STATE_02_DIST_02,STATE_02,MEDIUM,ACTIVE,ASSIGNED,REC-000031,a62882abc3511c2fb68d874b,CASE-00228,NARCOTICS,FIR_SUMMARY,STATE_02_DIST_02_PS_02,STATE_02_DIST_02,STATE_02,POLICE,LOW,false,false,false,false,OPEN,ACTIVE,true,true,true,false,INVESTIGATION,VIEW,false,false,NOT_REQUIRED,BUSINESS_HOURS,ONLINE,MANUAL_ESCALATION,P-2026-05-STEP1,false,true,c933359100a7b82398641ea8de21c074d66e6fac4faa39e1f99eeb43504912ce
REQ-000326,2026-05-30T14:56:00Z,juvenile_sensitive,OFF-0097,0de9124a7d38c17a328e4497,Cybercrime Officer,4,CYBERCRIME,STATE_01_DIST_04_PS_03,STATE_01_DIST_04,STATE_01,HIGH,ACTIVE,NOT_ASSIGNED,REC-000872,5d71ed3aa7f62c0f2b873f7d,CASE-00326,JUVENILE_PROTECTION,FIR_SUMMARY,STATE_02_DIST_04_PS_01,STATE_02_DIST_04,STATE_02,POLICE,MEDIUM,false,false,true,false,OPEN,UNDER_REVIEW,false,false,false,true,INVESTIGATION,VIEW,false,false,PRESENT_VALID,BUSINESS_HOURS,ONLINE,ICJS_STYLE_EXCHANGE,P-2026-05-STEP1,false,true,5461c379277b98fd93b601b126744d6d528d1f1c7a641ce33c6a5604568f0efb
REQ-000327,2026-05-30T09:45:00Z,normal_in_jurisdiction,OFF-0072,012f7330673a61c61f1d0ef9,Prosecutor Liaison,4,PROSECUTION,STATE_03_DIST_02_PS_02,STATE_03_DIST_02,STATE_03,MEDIUM,ACTIVE,ASSIGNED,REC-000028,73230ba21a564ed91e8c7eea,CASE-00290,GENERAL_THEFT,FIR_SUMMARY,STATE_03_DIST_02_PS_02,STATE_03_DIST_02,STATE_03,POLICE,MEDIUM,false,false,false,false,OPEN,ACTIVE,true,true,true,false,INVESTIGATION,VIEW,false,false,NOT_REQUIRED,BUSINESS_HOURS,ONLINE,CCTNS_STYLE_API,P-2026-05-STEP1,false,true,14bcefd25ca8242e7a7fd7184823f5fcc3e530ade52daafa15846a1e9d9d3fd9
REQ-000328,2026-05-28T08:48:00Z,stale_case_assignment,OFF-0011,84a9b6fb8d6efe7cd09043f6,Inspector,4,POLICE,STATE_03_DIST_01_PS_01,STATE_03_DIST_01,STATE_03,MEDIUM,ACTIVE,STALE,REC-000732,c51983dca46d517bbf8c1eec,CASE-00262,CYBER_FRAUD,WITNESS_STATEMENT,STATE_02_DIST_04_PS_02,STATE_02_DIST_04,STATE_02,POLICE,HIGH,false,true,false,false,OPEN,ACTIVE,false,false,false,true,INVESTIGATION,VIEW,false,false,MISSING,BUSINESS_HOURS,DEGRADED,ICJS_STYLE_EXCHANGE,P-2026-05-STEP1,false,true,07a26ed4e7c0e660c5a2a854dd0cd7bd4ba2f20153a765d03a52783c35ca4913
REQ-000329,2026-05-27T16:27:00Z,cross_jurisdiction_sensitive,OFF-0103,b9a151dcbadde0404b02e5b7,Constable,1,POLICE,STATE_01_DIST_04_PS_03,STATE_01_DIST_04,STATE_01,LOW,ACTIVE,NOT_ASSIGNED,REC-000720,7e9348f391ef3580bb2ca07e,CASE-00212,VIOLENT_CRIME,JUVENILE_RECORD,STATE_02_DIST_01_PS_02,STATE_02_DIST_01,STATE_02,POLICE,CLASSIFIED,false,false,true,false,OPEN,ACTIVE,false,false,false,true,SUPERVISION,VIEW,false,false,MISSING,BUSINESS_HOURS,ONLINE,CCTNS_STYLE_API,P-2026-05-STEP1,false,true,aeaf7950bee24ca1b88be7330e87fd8a809eda8c8d9ec0fced2010ca0bf6086e
REQ-000330,2026-05-29T18:00:00Z,random_context,OFF-0023,7dd10e346a2e773cbf9da071,Sub-Inspector,3,POLICE,STATE_02_DIST_03_PS_02,STATE_02_DIST_03,STATE_02,MEDIUM,ACTIVE,NOT_ASSIGNED,REC-000048,e2ab6a19944224989c13a294,CASE-00306,WOMEN_CHILD_SAFETY,CASE_DIARY,STATE_02_DIST_02_PS_01,STATE_02_DIST_02,STATE_02,POLICE,HIGH,true,false,false,false,OPEN,ARCHIVED,false,false,true,true,TRAINING,VIEW,false,false,NOT_REQUIRED,BUSINESS_HOURS,ONLINE,CCTNS_STYLE_API,P-2026-05-STEP1,false,true,d3673e80ad661292ba148a5146d857352271cbe064387a8eb145d33ea4e30a4a
REQ-000331,2026-05-28T14:37:00Z,revoked_credential,OFF-0207,cad50d4d8a49a83faad951a4,Head Constable,2,POLICE,STATE_02_DIST_01_PS_02,STATE_02_DIST_01,STATE_02,LOW,REVOKED,NOT_ASSIGNED,REC-000795,7f770a6365675e0331fba489,CASE-00205,FINANCIAL_CRIME,JUVENILE_RECORD,STATE_02_DIST_02_PS_01,STATE_02_DIST_02,STATE_02,POLICE,CLASSIFIED,false,false,true,false,OPEN,UNDER_REVIEW,false,false,true,true,INVESTIGATION,VIEW,false,false,MISSING,BUSINESS_HOURS,ONLINE,MANUAL_ESCALATION,P-2026-05-STEP1,false,true,7fa92617a4520c1f129a90421256c855461c05dc7dd0af92d376e3b54eb2927a
REQ-000332,2026-05-29T18:24:00Z,random_context,OFF-0188,6f9812bdfd1847e653ec5454,Station House Officer,5,POLICE,STATE_03_DIST_02_PS_02,STATE_03_DIST_02,STATE_03,HIGH,ACTIVE,NOT_ASSIGNED,REC-000726,2b5ed92b73d41d7d7ad6f4ce,CASE-00186,CYBER_FRAUD,FIR_SUMMARY,STATE_01_DIST_02_PS_02,STATE_01_DIST_02,STATE_01,POLICE,CLASSIFIED,false,false,false,false,OPEN,ARCHIVED,false,false,false,true,FORENSIC_REVIEW,DOWNLOAD,false,false,NOT_REQUIRED,NIGHT,ONLINE,CCTNS_STYLE_API,P-2026-05-STEP1,false,true,76e4a88df4bdd9f7de1d5ae7d56bac658dc09fda09d31343840c8cdf76c2a3f4
REQ-000333,2026-05-28T03:45:00Z,sealed_record,OFF-0023,7dd10e346a2e773cbf9da071,Sub-Inspector,3,POLICE,STATE_02_DIST_03_PS_02,STATE_02_DIST_03,STATE_02,MEDIUM,ACTIVE,NOT_ASSIGNED,REC-000697,621a5b8525c112683611c655,CASE-00186,CYBER_FRAUD,COURT_SUBMISSION,STATE_01_DIST_02_PS_02,STATE_01_DIST_02,STATE_01,POLICE,HIGH,false,false,false,false,SEALED,ACTIVE,false,false,false,true,PROSECUTION_REVIEW,VIEW,false,true,PRESENT_VALID,BUSINESS_HOURS,ONLINE,MANUAL_ESCALATION,P-2026-05-STEP1,false,true,498ff903bb788acd8cc8a6dcbd23846081f22dabbbcb0d4363c3b0c3fd7fbeaf
REQ-000334,2026-05-29T18:48:00Z,court_request,OFF-0077,956b1c8673c706b9098bdcd1,Station House Officer,5,POLICE,STATE_03_DIST_04_PS_02,STATE_03_DIST_04,STATE_03,HIGH,ACTIVE,NOT_ASSIGNED,REC-000768,17c8611dfefa058b391351b2,CASE-00155,JUVENILE_PROTECTION,CYBERCRIME_COMPLAINT,STATE_01_DIST_03_PS_01,STATE_01_DIST_03,STATE_01,POLICE,MEDIUM,false,false,true,false,OPEN,ACTIVE,false,false,false,true,COURT_PRODUCTION,UPDATE,false,true,PRESENT_VALID,AFTER_HOURS,ONLINE,ICJS_STYLE_EXCHANGE,P-2026-05-STEP1,false,true,68571bc9eeaec3b2d41c285fe1cd1b11a0a6122655ea0ae09aa080ddf70b425d
REQ-000335,2026-05-30T00:35:00Z,cross_jurisdiction_sensitive,OFF-0126,73518b37a439a4d90b18903d,Forensic Officer,4,FORENSIC,STATE_03_DIST_01_PS_03,STATE_03_DIST_01,STATE_03,HIGH,ACTIVE,NOT_ASSIGNED,REC-000484,9322ab1e6956dec6b780efa5,CASE-00273,FINANCIAL_CRIME,JUVENILE_RECORD,STATE_03_DIST_02_PS_02,STATE_03_DIST_02,STATE_03,POLICE,CLASSIFIED,false,false,true,false,OPEN,ACTIVE,false,false,true,true,FORENSIC_REVIEW,VIEW,false,false,MISSING,BUSINESS_HOURS,STATION_NODE_DOWN,MANUAL_ESCALATION,P-2026-05-STEP1,false,true,1e8900765046d26826808a96fa39ba0c98a270ecab111edc3aee29b2364441e8
REQ-000336,2026-05-30T12:00:00Z,cross_jurisdiction_sensitive,OFF-0097,0de9124a7d38c17a328e4497,Cybercrime Officer,4,CYBERCRIME,STATE_01_DIST_04_PS_03,STATE_01_DIST_04,STATE_01,HIGH,ACTIVE,NOT_ASSIGNED,REC-000821,103411f419260d94e9a6d3cc,CASE-00069,MISSING_PERSON,EVIDENCE_MEDIA,STATE_02_DIST_04_PS_03,STATE_02_DIST_04,STATE_02,POLICE,HIGH,false,false,false,true,OPEN,ACTIVE,false,false,false,true,INVESTIGATION,DOWNLOAD,false,false,MISSING,BUSINESS_HOURS,ONLINE,ICJS_STYLE_EXCHANGE,P-2026-05-STEP1,false,true,a1481c337873fc401d51045461d8960fd2867e691ca3cce2b055a28ea815f821
REQ-000337,2026-05-30T17:52:00Z,court_request,OFF-0226,2f283926393a08241f4c19ba,Station House Officer,5,POLICE,STATE_03_DIST_04_PS_02,STATE_03_DIST_04,STATE_03,HIGH,ACTIVE,NOT_ASSIGNED,REC-000572,13fd779a365088776f6d0456,CASE-00066,JUVENILE_PROTECTION,COURT_SUBMISSION,STATE_03_DIST_01_PS_01,STATE_03_DIST_01,STATE_03,POLICE,HIGH,false,false,true,false,SEALED,ACTIVE,false,false,true,true,PROSECUTION_REVIEW,VIEW,false,true,PRESENT_VALID,AFTER_HOURS,ONLINE,MANUAL_ESCALATION,P-2026-05-STEP1,false,true,531b43f0ff8938acc18fbbda82f36f5d55bd6e7eda7ba7d276bd21f20e6db6df
REQ-000338,2026-05-27T11:16:00Z,stale_case_assignment,OFF-0004,4fe847ab79de841540c7b990,Constable,1,POLICE,STATE_01_DIST_02_PS_02,STATE_01_DIST_02,STATE_01,LOW,ACTIVE,STALE,REC-000843,dc7ecde6650882062908b0d9,CASE-00219,FINANCIAL_CRIME,FORENSIC_REPORT,STATE_01_DIST_02_PS_03,STATE_01_DIST_02,STATE_01,POLICE,HIGH,false,false,false,false,OPEN,ACTIVE,false,true,true,false,INVESTIGATION,VIEW,false,false,MISSING,BUSINESS_HOURS,DEGRADED,CCTNS_STYLE_API,P-2026-05-STEP1,false,true,935d180a66c2a79a1ec4e5c8f35525af041502b39a8e38b738afaa9350b998a8
REQ-000339,2026-05-28T21:12:00Z,sealed_record,OFF-0094,85642e8c300a0dccea130cc9,Sub-Inspector,3,POLICE,STATE_03_DIST_04_PS_01,STATE_03_DIST_04,STATE_03,MEDIUM,ACTIVE,NOT_ASSIGNED,REC-000398,a14b960f9d5b88d2544ce012,CASE-00145,VIOLENT_CRIME,FIR_SUMMARY,STATE_02_DIST_01_PS_03,STATE_02_DIST_01,STATE_02,POLICE,MEDIUM,false,false,false,false,SEALED,ACTIVE,false,false,false,true,COURT_PRODUCTION,VIEW,false,true,PRESENT_VALID,BUSINESS_HOURS,ONLINE,MANUAL_ESCALATION,P-2026-05-STEP1,false,true,4b4cf2440e5c76a5f13727efafbb8c23d349a4f7c3048be503f0c7fb97ba8d67
REQ-000340,2026-05-30T13:00:00Z,expired_approval_token,OFF-0070,73b99e563b8590d8f1f3488f,Sub-Inspector,3,POLICE,STATE_02_DIST_02_PS_02,STATE_02_DIST_02,STATE_02,MEDIUM,ACTIVE,NOT_ASSIGNED,REC-000054,1401f3e1054a0aaab0eeff1c,CASE-00352,MISSING_PERSON,COURT_SUBMISSION,STATE_03_DIST_02_PS_03,STATE_03_DIST_02,STATE_03,POLICE,MEDIUM,false,false,false,false,OPEN,ACTIVE,false,false,false,true,INVESTIGATION,UPDATE,false,false,EXPIRED,BUSINESS_HOURS,ONLINE,CCTNS_STYLE_API,P-2026-05-STEP1,false,true,b3dc213159c19d011f3520f76235447af26766596de57dd262d00306b70acb87
REQ-000341,2026-05-28T10:06:00Z,sealed_record,OFF-0141,69b61a8c9ab3b270d0f7db2e,Station House Officer,5,POLICE,STATE_03_DIST_04_PS_02,STATE_03_DIST_04,STATE_03,HIGH,ACTIVE,NOT_ASSIGNED,REC-000613,b7b5cfe71c035e42e7255112,CASE-00158,WOMEN_CHILD_SAFETY,FIR_SUMMARY,STATE_02_DIST_04_PS_01,STATE_02_DIST_04,STATE_02,POLICE,MEDIUM,true,false,false,false,SEALED,ACTIVE,false,false,false,true,COURT_PRODUCTION,UPDATE,false,true,PRESENT_VALID,BUSINESS_HOURS,ONLINE,CCTNS_STYLE_API,P-2026-05-STEP1,false,true,2643881c6d82a3953951f72e3e2af62064248269f9e3637e2d16f9ceee29e1f1
REQ-000342,2026-05-29T09:00:00Z,revoked_credential,OFF-0214,4abc3e055d213fe06ce85aef,Sub-Inspector,3,POLICE,STATE_01_DIST_02_PS_03,STATE_01_DIST_02,STATE_01,MEDIUM,REVOKED,NOT_ASSIGNED,REC-000804,c3ce957724d4114b3695b46d,CASE-00100,WOMEN_CHILD_SAFETY,EVIDENCE_MEDIA,STATE_03_DIST_01_PS_03,STATE_03_DIST_01,STATE_03,POLICE,CLASSIFIED,true,false,false,true,OPEN,UNDER_REVIEW,false,false,false,true,AUDIT,VIEW,false,false,MISSING,BUSINESS_HOURS,ONLINE,ICJS_STYLE_EXCHANGE,P-2026-05-STEP1,false,true,0bad6bdaae87e5c414145bf9a22c6e048491037b30f879b1776214deaa4b3d04
REQ-000343,2026-05-28T16:01:00Z,revoked_credential,OFF-0127,6b0d84a1d858aa1335aacb1b,Station House Officer,5,POLICE,STATE_02_DIST_04_PS_03,STATE_02_DIST_04,STATE_02,HIGH,REVOKED,NOT_ASSIGNED,REC-000578,3721d7269c2dde832027fa61,CASE-00251,CYBER_FRAUD,JUVENILE_RECORD,STATE_01_DIST_04_PS_01,STATE_01_DIST_04,STATE_01,POLICE,CLASSIFIED,false,false,true,false,OPEN,ARCHIVED,false,false,false,true,INVESTIGATION,UPDATE,false,false,MISSING,BUSINESS_HOURS,ONLINE,ICJS_STYLE_EXCHANGE,P-2026-05-STEP1,false,true,d0609f81c027662f43abc9bcba7ff70d4fe151d3112ee09540cd5a4a5ead7395
REQ-000344,2026-05-30T14:00:00Z,stale_case_assignment,OFF-0148,adb77e6ea2a2edb0afc7410d,Inspector,4,POLICE,STATE_03_DIST_02_PS_03,STATE_03_DIST_02,STATE_03,MEDIUM,ACTIVE,STALE,REC-000019,7cde120b6e55c28ec650e2f7,CASE-00265,MISSING_PERSON,FIR_SUMMARY,STATE_02_DIST_04_PS_02,STATE_02_DIST_04,STATE_02,POLICE,LOW,false,false,false,false,OPEN,ACTIVE,false,false,false,true,INVESTIGATION,VIEW,false,false,MISSING,BUSINESS_HOURS,DEGRADED,ICJS_STYLE_EXCHANGE,P-2026-05-STEP1,false,true,610b434b1f10ebfb43e7f10964e1125524eda893655b7597f614f6556cd087cf
REQ-000345,2026-05-28T22:00:00Z,emergency_override,OFF-0209,46719ed3c0b1ab7f0fbf5f90,Inspector,4,POLICE,STATE_01_DIST_03_PS_01,STATE_01_DIST_03,STATE_01,MEDIUM,ACTIVE,NOT_ASSIGNED,REC-000740,c36ad04b5ef75b66d4db8068,CASE-00167,WOMEN_CHILD_SAFETY,FORENSIC_REPORT,STATE_03_DIST_04_PS_02,STATE_03_DIST_04,STATE_03,POLICE,HIGH,true,false,false,false,OPEN,UNDER_REVIEW,false,false,false,true,EMERGENCY_RESPONSE,VIEW,true,false,MISSING,BUSINESS_HOURS,ONLINE,MANUAL_ESCALATION,P-2026-05-STEP1,false,true,064a23109b71e713add9c2b075263e9e0eb6e05ab34bc085c7e67e67d9b14c6e
REQ-000346,2026-05-29T21:12:00Z,cross_jurisdiction_sensitive,OFF-0191,f920410d24c1d513e4b5b45f,Sub-Inspector,3,POLICE,STATE_03_DIST_04_PS_01,STATE_03_DIST_04,STATE_03,MEDIUM,ACTIVE,NOT_ASSIGNED,REC-000352,e5302f38762e2bdba2121487,CASE-00057,MISSING_PERSON,CASE_DIARY,STATE_01_DIST_03_PS_02,STATE_01_DIST_03,STATE_01,POLICE,HIGH,false,false,false,false,OPEN,ACTIVE,false,false,false,true,INVESTIGATION,VIEW,false,false,MISSING,AFTER_HOURS,ONLINE,ICJS_STYLE_EXCHANGE,P-2026-05-STEP1,false,true,948845ca9a1650a69f2b39febc40f013e75f0de27f9e36602e1de180f8451864
REQ-000347,2026-05-29T04:03:00Z,expired_approval_token,OFF-0005,0c324b29f9a967adb599bde0,Cybercrime Officer,4,CYBERCRIME,STATE_01_DIST_03_PS_03,STATE_01_DIST_03,STATE_01,HIGH,ACTIVE,NOT_ASSIGNED,REC-000504,175d5a935eeacb3276aa0ab5,CASE-00337,NARCOTICS,WITNESS_STATEMENT,STATE_01_DIST_04_PS_01,STATE_01_DIST_04,STATE_01,POLICE,HIGH,false,true,false,false,OPEN,ARCHIVED,false,false,true,true,FORENSIC_REVIEW,DOWNLOAD,false,false,EXPIRED,BUSINESS_HOURS,ONLINE,ICJS_STYLE_EXCHANGE,P-2026-05-STEP1,false,true,eeabed6df755714c9f95475dba8aabadf64a9679922a62e495ad0bfd5e9432d5
REQ-000348,2026-05-29T04:12:00Z,expired_approval_token,OFF-0027,0333fdd2d35c528a38a1dbe4,Head Constable,2,POLICE,STATE_02_DIST_01_PS_01,STATE_02_DIST_01,STATE_02,LOW,ACTIVE,NOT_ASSIGNED,REC-000847,611df5ff59543174c9f30992,CASE-00178,NARCOTICS,FIR_SUMMARY,STATE_01_DIST_03_PS_01,STATE_01_DIST_03,STATE_01,POLICE,MEDIUM,false,false,false,false,OPEN,UNDER_REVIEW,false,false,false,true,FORENSIC_REVIEW,DOWNLOAD,false,false,EXPIRED,NIGHT,ONLINE,MANUAL_ESCALATION,P-2026-05-STEP1,false,true,b98a8f3871f877609d297dc36f1625c5d43573a00efea4b0e3e3878bc4f8bfbb
REQ-000349,2026-05-31T02:53:00Z,sealed_record,OFF-0051,316e4edba94c2b3868db8ac7,Sub-Inspector,3,POLICE,STATE_01_DIST_04_PS_01,STATE_01_DIST_04,STATE_01,MEDIUM,ACTIVE,NOT_ASSIGNED,REC-000792,6aabf48095821f12d5d59868,CASE-00159,JUVENILE_PROTECTION,JUVENILE_RECORD,STATE_03_DIST_01_PS_03,STATE_03_DIST_01,STATE_03,POLICE,CLASSIFIED,false,false,true,false,SEALED,ACTIVE,false,false,false,true,PROSECUTION_REVIEW,VIEW,false,true,MISSING,BUSINESS_HOURS,ONLINE,CCTNS_STYLE_API,P-2026-05-STEP1,false,true,e7af5f3dcb689d81566ba48c8fef7ba2fc7a20739abde1fecf82c467e9fe3a25
REQ-000350,2026-05-28T05:10:00Z,juvenile_sensitive,OFF-0209,46719ed3c0b1ab7f0fbf5f90,Inspector,4,POLICE,STATE_01_DIST_03_PS_01,STATE_01_DIST_03,STATE_01,MEDIUM,ACTIVE,NOT_ASSIGNED,REC-000557,c8d16cfb81beee7a577351be,CASE-00017,CYBER_FRAUD,JUVENILE_RECORD,STATE_03_DIST_02_PS_01,STATE_03_DIST_02,STATE_03,POLICE,CLASSIFIED,false,false,true,false,OPEN,ACTIVE,false,false,false,true,INVESTIGATION,DOWNLOAD,false,false,PRESENT_VALID,AFTER_HOURS,ONLINE,MANUAL_ESCALATION,P-2026-05-STEP1,false,true,e27f50d2da2749791a12a2b657c4f9595cc578cc92c09e9e555e9dbc41f02047
REQ-000351,2026-05-27T17:33:00Z,revoked_credential,OFF-0207,cad50d4d8a49a83faad951a4,Head Constable,2,POLICE,STATE_02_DIST_01_PS_02,STATE_02_DIST_01,STATE_02,LOW,REVOKED,NOT_ASSIGNED,REC-000813,bcdd4e65fa53d7cacf44a3e3,CASE-00164,CYBER_FRAUD,CYBERCRIME_COMPLAINT,STATE_03_DIST_01_PS_03,STATE_03_DIST_01,STATE_03,POLICE,CLASSIFIED,false,false,false,false,OPEN,ACTIVE,false,false,false,true,INVESTIGATION,DOWNLOAD,false,false,MISSING,BUSINESS_HOURS,ONLINE,ICJS_STYLE_EXCHANGE,P-2026-05-STEP1,false,true,ca6ba0b7d7dc89a84ff05e2355be016289a523a91549121614faf2df91371633
REQ-000352,2026-05-29T16:32:00Z,cross_jurisdiction_sensitive,OFF-0010,bcb4468affef262ed92897ea,Inspector,4,POLICE,STATE_03_DIST_03_PS_02,STATE_03_DIST_03,STATE_03,MEDIUM,ACTIVE,NOT_ASSIGNED,REC-000582,8bda4bef783bd0a2841c41de,CASE-00246,NARCOTICS,EVIDENCE_MEDIA,STATE_01_DIST_01_PS_02,STATE_01_DIST_01,STATE_01,POLICE,CLASSIFIED,false,false,false,true,SEALED,ACTIVE,false,false,false,true,FORENSIC_REVIEW,UPDATE,false,false,PRESENT_VALID,BUSINESS_HOURS,ONLINE,CCTNS_STYLE_API,P-2026-05-STEP1,false,true,24af07c3e6aab34b20ff9ba4f944382ac82091c192e418e824246a4f600923bf
REQ-000353,2026-05-28T23:04:00Z,stale_case_assignment,OFF-0060,f1cd31d43c526f5a63bbd87e,Inspector,4,POLICE,STATE_02_DIST_03_PS_03,STATE_02_DIST_03,STATE_02,MEDIUM,ACTIVE,STALE,REC-000413,8fecb6c3c0ade75d415c3694,CASE-00162,CYBER_FRAUD,CYBERCRIME_COMPLAINT,STATE_02_DIST_01_PS_02,STATE_02_DIST_01,STATE_02,POLICE,HIGH,false,false,false,false,OPEN,ACTIVE,false,false,true,true,INVESTIGATION,DOWNLOAD,false,false,MISSING,BUSINESS_HOURS,ONLINE,ICJS_STYLE_EXCHANGE,P-2026-05-STEP1,false,true,5362652e84178a6cd17a66a1ce8498884d6b4a77aa4117a1d056678e7c77cc5f
REQ-000354,2026-05-27T11:48:00Z,emergency_override,OFF-0102,cac9c828654d5e683b80f1e7,Sub-Inspector,3,POLICE,STATE_03_DIST_04_PS_03,STATE_03_DIST_04,STATE_03,MEDIUM,ACTIVE,NOT_ASSIGNED,REC-000245,e2ff4d5969aefec4bef47d9d,CASE-00259,JUVENILE_PROTECTION,FORENSIC_REPORT,STATE_01_DIST_01_PS_03,STATE_01_DIST_01,STATE_01,POLICE,HIGH,false,false,true,false,OPEN,ACTIVE,false,false,false,true,EMERGENCY_RESPONSE,DOWNLOAD,true,false,MISSING,AFTER_HOURS,ONLINE,ICJS_STYLE_EXCHANGE,P-2026-05-STEP1,false,true,638aa3e18d5a557c422478ac72a6af3379c5727b4702f8a418e816eadf15012d
REQ-000355,2026-05-27T17:45:00Z,juvenile_sensitive,OFF-0198,5d9a86e9bbd1b3774caee2db,Head Constable,2,POLICE,STATE_01_DIST_02_PS_02,STATE_01_DIST_02,STATE_01,LOW,ACTIVE,NOT_ASSIGNED,REC-000449,5cffb8dc75d9d131aa574db1,CASE-00291,JUVENILE_PROTECTION,VICTIM_RECORD,STATE_02_DIST_01_PS_03,STATE_02_DIST_01,STATE_02,POLICE,CLASSIFIED,true,false,true,false,OPEN,ACTIVE,false,false,false,true,INVESTIGATION,VIEW,false,false,MISSING,BUSINESS_HOURS,ONLINE,ICJS_STYLE_EXCHANGE,P-2026-05-STEP1,false,true,9e5356ddd484cdba2ed17ce8ea60177e8844b9cd5d33dbb6e6b61424736efeb8
REQ-000356,2026-05-28T05:40:00Z,emergency_override,OFF-0096,cd7bb6b37a4bf493a6fadfea,Sub-Inspector,3,POLICE,STATE_01_DIST_04_PS_01,STATE_01_DIST_04,STATE_01,MEDIUM,ACTIVE,NOT_ASSIGNED,REC-000161,7e0c15c3eb220242db7d7d2b,CASE-00012,NARCOTICS,CYBERCRIME_COMPLAINT,STATE_01_DIST_03_PS_01,STATE_01_DIST_03,STATE_01,POLICE,HIGH,false,false,false,false,OPEN,UNDER_REVIEW,false,false,true,true,EMERGENCY_RESPONSE,VIEW,true,false,MISSING,BUSINESS_HOURS,ONLINE,CCTNS_STYLE_API,P-2026-05-STEP1,false,true,d9ce8be6c660e5d7c919018987305921cb50d42483a30e2b15194e0447383bb1
REQ-000357,2026-05-31T05:09:00Z,revoked_credential,OFF-0215,61fb1f33fe73b6361966f242,Inspector,4,POLICE,STATE_01_DIST_04_PS_03,STATE_01_DIST_04,STATE_01,MEDIUM,REVOKED,NOT_ASSIGNED,REC-000079,82c782797dfec3a3d7607e70,CASE-00233,CYBER_FRAUD,EVIDENCE_MEDIA,STATE_03_DIST_01_PS_03,STATE_03_DIST_01,STATE_03,POLICE,CLASSIFIED,false,false,false,true,OPEN,ARCHIVED,false,false,false,true,AUDIT,VIEW,false,false,MISSING,BUSINESS_HOURS,ONLINE,ICJS_STYLE_EXCHANGE,P-2026-05-STEP1,false,true,15eaf2a370150df05ee3aedf6b93b75fe684bded9feec5b56b94ce9fffddbaea
REQ-000358,2026-05-28T23:44:00Z,expired_approval_token,OFF-0146,59518bd254aa8c0d0b7a139c,Senior Superintendent,6,POLICE,STATE_02_DIST_02_PS_02,STATE_02_DIST_02,STATE_02,CLASSIFIED,ACTIVE,NOT_ASSIGNED,REC-000037,3becdfa7ff5a42c711468de9,CASE-00280,VIOLENT_CRIME,JUVENILE_RECORD,STATE_01_DIST_03_PS_01,STATE_01_DIST_03,STATE_01,POLICE,CLASSIFIED,false,false,true,false,OPEN,ACTIVE,false,false,false,true,FORENSIC_REVIEW,VIEW,false,false,EXPIRED,BUSINESS_HOURS,ONLINE,ICJS_STYLE_EXCHANGE,P-2026-05-STEP1,false,true,bcc71f0c6536c1a062e12da3225071936666113e1781b2cacfdecadb10a6bdae
REQ-000359,2026-05-28T11:54:00Z,cross_jurisdiction_sensitive,OFF-0048,871e4c8cc36e0fafb27ef560,Sub-Inspector,3,POLICE,STATE_01_DIST_02_PS_02,STATE_01_DIST_02,STATE_01,MEDIUM,ACTIVE,NOT_ASSIGNED,REC-000002,768842f55be1e7466a34dc2d,CASE-00353,JUVENILE_PROTECTION,FIR_SUMMARY,STATE_01_DIST_03_PS_02,STATE_01_DIST_03,STATE_01,POLICE,LOW,false,false,true,false,OPEN,UNDER_REVIEW,false,false,true,true,FORENSIC_REVIEW,DOWNLOAD,false,false,PRESENT_VALID,BUSINESS_HOURS,ONLINE,ICJS_STYLE_EXCHANGE,P-2026-05-STEP1,false,true,fb7a15590344af0c8de78b5aed34acc63154b64aef2279a058112600b6ef5eca
REQ-000360,2026-05-29T12:00:00Z,cross_jurisdiction_sensitive,OFF-0081,e432fb8e9e7dd060765bcd20,Prosecutor Liaison,4,PROSECUTION,STATE_03_DIST_04_PS_02,STATE_03_DIST_04,STATE_03,MEDIUM,ACTIVE,NOT_ASSIGNED,REC-000114,ad93e2928b72a7e21702b4ea,CASE-00252,MISSING_PERSON,WITNESS_STATEMENT,STATE_03_DIST_03_PS_02,STATE_03_DIST_03,STATE_03,POLICE,MEDIUM,false,true,false,false,OPEN,ACTIVE,false,false,true,true,INVESTIGATION,VIEW,false,false,PRESENT_VALID,AFTER_HOURS,ONLINE,ICJS_STYLE_EXCHANGE,P-2026-05-STEP1,false,true,9d9196e28764e0490e3406e7a3f64336f68d90ce065c53801b11029916d44f76
REQ-000361,2026-05-27T12:02:00Z,random_context,OFF-0147,94b2d412892c95cbfdbe73cd,Forensic Officer,4,FORENSIC,STATE_02_DIST_03_PS_02,STATE_02_DIST_03,STATE_02,HIGH,REVOKED,NOT_ASSIGNED,REC-000753,9770c21f3a7c95d8dcd7a099,CASE-00007,FINANCIAL_CRIME,VICTIM_RECORD,STATE_03_DIST_03_PS_01,STATE_03_DIST_03,STATE_03,POLICE,HIGH,true,false,false,false,OPEN,ARCHIVED,false,false,false,true,PROSECUTION_REVIEW,VIEW,false,false,NOT_REQUIRED,NIGHT,ONLINE,MANUAL_ESCALATION,P-2026-05-STEP1,false,true,ad80e3aee8bb966a3d223fd0a690f1cda654ac424a3496e3b374e3e893cb8d59
REQ-000362,2026-05-28T18:14:00Z,court_request,OFF-0093,9764196f496c1b6c2299d105,Sub-Inspector,3,POLICE,STATE_01_DIST_03_PS_03,STATE_01_DIST_03,STATE_01,MEDIUM,ACTIVE,NOT_ASSIGNED,REC-000407,50360c189958ca7d43254c7c,CASE-00313,CYBER_FRAUD,COURT_SUBMISSION,STATE_01_DIST_04_PS_03,STATE_01_DIST_04,STATE_01,POLICE,HIGH,false,false,false,false,OPEN,ACTIVE,false,false,true,true,COURT_PRODUCTION,DOWNLOAD,false,true,PRESENT_VALID,AFTER_HOURS,ONLINE,MANUAL_ESCALATION,P-2026-05-STEP1,false,true,afb10883648cc62109afc0626da7b74b6dcb1a56f1068826c65800bb5b92a740
REQ-000363,2026-05-30T00:36:00Z,expired_approval_token,OFF-0129,fad5d40018942c6b0ef2d75c,Inspector,4,POLICE,STATE_01_DIST_04_PS_02,STATE_01_DIST_04,STATE_01,MEDIUM,ACTIVE,NOT_ASSIGNED,REC-000654,7a6174ed82b24e39722b5ebe,CASE-00313,CYBER_FRAUD,VICTIM_RECORD,STATE_01_DIST_04_PS_03,STATE_01_DIST_04,STATE_01,POLICE,HIGH,true,false,false,false,OPEN,ACTIVE,false,true,true,false,INVESTIGATION,VIEW,false,false,EXPIRED,AFTER_HOURS,ONLINE,MANUAL_ESCALATION,P-2026-05-STEP1,false,true,2e544fd72554f13b2588edf1a42a4d106e4868a031b8d72542ccba65fe51d07a
REQ-000364,2026-05-27T12:08:00Z,random_context,OFF-0147,94b2d412892c95cbfdbe73cd,Forensic Officer,4,FORENSIC,STATE_02_DIST_03_PS_02,STATE_02_DIST_03,STATE_02,HIGH,REVOKED,NOT_ASSIGNED,REC-000699,6fb0cf095de8d0193608d4cd,CASE-00136,NARCOTICS,CASE_DIARY,STATE_01_DIST_03_PS_01,STATE_01_DIST_03,STATE_01,POLICE,CLASSIFIED,false,false,false,false,OPEN,ACTIVE,false,false,false,true,FORENSIC_REVIEW,VIEW,false,false,NOT_REQUIRED,NIGHT,ONLINE,CCTNS_STYLE_API,P-2026-05-STEP1,false,true,8cac2ee37232516935561245aa261fde5773d1f95f6bccc53fa8f65b9581dbd4
REQ-000365,2026-05-30T13:10:00Z,cross_jurisdiction_sensitive,OFF-0051,316e4edba94c2b3868db8ac7,Sub-Inspector,3,POLICE,STATE_01_DIST_04_PS_01,STATE_01_DIST_04,STATE_01,MEDIUM,ACTIVE,NOT_ASSIGNED,REC-000306,13b2a2a0db1373b8363e1c5a,CASE-00131,GENERAL_THEFT,WITNESS_STATEMENT,STATE_03_DIST_04_PS_03,STATE_03_DIST_04,STATE_03,POLICE,CLASSIFIED,false,true,false,false,OPEN,ARCHIVED,false,false,false,true,FORENSIC_REVIEW,APPROVE,false,false,MISSING,BUSINESS_HOURS,ONLINE,ICJS_STYLE_EXCHANGE,P-2026-05-STEP1,false,true,81dc29c4e6011968a672ecdead49c3f95350197329785e9b2be3656799214ccc
REQ-000366,2026-05-27T18:18:00Z,court_request,OFF-0040,c5c5b540de8f1dde6964dc89,Sub-Inspector,3,POLICE,STATE_03_DIST_02_PS_03,STATE_03_DIST_02,STATE_03,MEDIUM,REVOKED,NOT_ASSIGNED,REC-000128,438e40e436069a3ccfd0260e,CASE-00299,NARCOTICS,WITNESS_STATEMENT,STATE_03_DIST_02_PS_02,STATE_03_DIST_02,STATE_03,POLICE,HIGH,false,true,false,false,OPEN,ACTIVE,false,true,true,false,COURT_PRODUCTION,VIEW,false,true,PRESENT_VALID,AFTER_HOURS,ONLINE,ICJS_STYLE_EXCHANGE,P-2026-05-STEP1,false,true,ea31498c145a9df0927a27fffbd624654601e30ce24e11cdccae95a2fc0d74f9
REQ-000367,2026-05-30T13:38:00Z,normal_in_jurisdiction,OFF-0100,071c750c420d0b5f044d6ae7,Forensic Officer,4,FORENSIC,STATE_03_DIST_02_PS_01,STATE_03_DIST_02,STATE_03,HIGH,ACTIVE,ASSIGNED,REC-000564,39541a70f058a3a497154a3d,CASE-00272,WOMEN_CHILD_SAFETY,CYBERCRIME_COMPLAINT,STATE_03_DIST_02_PS_01,STATE_03_DIST_02,STATE_03,POLICE,MEDIUM,true,false,false,false,OPEN,ACTIVE,true,true,true,false,INVESTIGATION,VIEW,false,false,NOT_REQUIRED,BUSINESS_HOURS,STATION_NODE_DOWN,CCTNS_STYLE_API,P-2026-05-STEP1,false,true,b0be1b1e5af4676d7ffd4501ccb6a8de2591cf182302a3edb4d0b44131e93b46
REQ-000368,2026-05-30T13:52:00Z,cross_jurisdiction_sensitive,OFF-0115,6aacb3c44032122c078cc506,Sub-Inspector,3,POLICE,STATE_02_DIST_01_PS_01,STATE_02_DIST_01,STATE_02,MEDIUM,ACTIVE,NOT_ASSIGNED,REC-000846,1ae63c6c5896953b40aa34aa,CASE-00026,NARCOTICS,CYBERCRIME_COMPLAINT,STATE_03_DIST_02_PS_03,STATE_03_DIST_02,STATE_03,POLICE,HIGH,false,false,false,false,OPEN,ACTIVE,false,false,false,true,INVESTIGATION,VIEW,false,false,PRESENT_VALID,NIGHT,DEGRADED,CCTNS_STYLE_API,P-2026-05-STEP1,false,true,592e96dbdc02a50d52a3614f71fae9c2a732cda9ac7c033635da4ac34c838c56
REQ-000369,2026-05-29T07:21:00Z,random_context,OFF-0179,74d33cea72e21de2b8f5e545,Head Constable,2,POLICE,STATE_03_DIST_01_PS_02,STATE_03_DIST_01,STATE_03,LOW,ACTIVE,NOT_ASSIGNED,REC-000577,8cd436b23498bf982d16d8f4,CASE-00215,VIOLENT_CRIME,VICTIM_RECORD,STATE_03_DIST_01_PS_01,STATE_03_DIST_01,STATE_03,POLICE,HIGH,true,false,false,false,OPEN,ACTIVE,false,true,true,false,TRAINING,VIEW,false,false,NOT_REQUIRED,AFTER_HOURS,ONLINE,ICJS_STYLE_EXCHANGE,P-2026-05-STEP1,false,true,730f613d482355fb0edec9d54de37adde449a5f1f6bd4c834311f121495b06b9
REQ-000370,2026-05-30T02:00:00Z,revoked_credential,OFF-0040,c5c5b540de8f1dde6964dc89,Sub-Inspector,3,POLICE,STATE_03_DIST_02_PS_03,STATE_03_DIST_02,STATE_03,MEDIUM,REVOKED,NOT_ASSIGNED,REC-000311,ef42f5a6dc2c41267c313d66,CASE-00053,WOMEN_CHILD_SAFETY,JUVENILE_RECORD,STATE_03_DIST_01_PS_02,STATE_03_DIST_01,STATE_03,POLICE,HIGH,true,false,true,false,SEALED,ACTIVE,false,false,true,true,INVESTIGATION,DOWNLOAD,false,false,MISSING,BUSINESS_HOURS,ONLINE,CCTNS_STYLE_API,P-2026-05-STEP1,false,true,68729de51aac24acfeb52a3aa5fdd62d7f6ae1b23e2b4cfcd7fec6f94571ca0d
REQ-000371,2026-05-30T08:23:00Z,revoked_credential,OFF-0147,94b2d412892c95cbfdbe73cd,Forensic Officer,4,FORENSIC,STATE_02_DIST_03_PS_02,STATE_02_DIST_03,STATE_02,HIGH,REVOKED,NOT_ASSIGNED,REC-000452,26560f8c17e3de8c4965db49,CASE-00347,NARCOTICS,FIR_SUMMARY,STATE_03_DIST_03_PS_01,STATE_03_DIST_03,STATE_03,POLICE,LOW,false,false,false,false,OPEN,ACTIVE,false,false,false,true,AUDIT,VIEW,false,false,MISSING,BUSINESS_HOURS,ONLINE,CCTNS_STYLE_API,P-2026-05-STEP1,false,true,6f14b3441dba602ae205dc391cbc59edafb0583cc28e930e3a784cf70f4dfabd
REQ-000372,2026-05-28T07:00:00Z,emergency_override,OFF-0048,871e4c8cc36e0fafb27ef560,Sub-Inspector,3,POLICE,STATE_01_DIST_02_PS_02,STATE_01_DIST_02,STATE_01,MEDIUM,ACTIVE,NOT_ASSIGNED,REC-000082,1323b2c21c14dc109d79bafa,CASE-00062,VIOLENT_CRIME,CYBERCRIME_COMPLAINT,STATE_01_DIST_03_PS_02,STATE_01_DIST_03,STATE_01,POLICE,HIGH,false,false,false,false,OPEN,ARCHIVED,false,false,true,true,EMERGENCY_RESPONSE,UPDATE,true,false,MISSING,BUSINESS_HOURS,ONLINE,MANUAL_ESCALATION,P-2026-05-STEP1,false,true,a2a31cd1ebe264606ba0ed7ba51b2f901b3e155643ad9214b343c3afd857c951
REQ-000373,2026-05-27T18:39:00Z,revoked_credential,OFF-0207,cad50d4d8a49a83faad951a4,Head Constable,2,POLICE,STATE_02_DIST_01_PS_02,STATE_02_DIST_01,STATE_02,LOW,REVOKED,NOT_ASSIGNED,REC-000012,c6a572862caa5832f9d55a39,CASE-00060,FINANCIAL_CRIME,FORENSIC_REPORT,STATE_01_DIST_03_PS_02,STATE_01_DIST_03,STATE_01,POLICE,HIGH,false,false,false,false,OPEN,ARCHIVED,false,false,false,true,INVESTIGATION,VIEW,false,false,MISSING,AFTER_HOURS,DEGRADED,CCTNS_STYLE_API,P-2026-05-STEP1,false,true,b1eee5ad0e8a656c71a8a83874a5aa0936b22b848bee63520ca27f18770a03a2
REQ-000374,2026-05-27T18:42:00Z,normal_in_jurisdiction,OFF-0203,7c415028a69bb19f488fe7d8,Inspector,4,POLICE,STATE_01_DIST_01_PS_02,STATE_01_DIST_01,STATE_01,MEDIUM,ACTIVE,ASSIGNED,REC-000136,afc66b49673d015deb1322a9,CASE-00147,FINANCIAL_CRIME,FIR_SUMMARY,STATE_01_DIST_01_PS_02,STATE_01_DIST_01,STATE_01,POLICE,MEDIUM,false,false,false,false,OPEN,ACTIVE,true,true,true,false,INVESTIGATION,VIEW,false,false,NOT_REQUIRED,NIGHT,DEGRADED,ICJS_STYLE_EXCHANGE,P-2026-05-STEP1,false,true,701fcb57b8b629f29de1041484fc81ae2ff4c2d5c9d237b4d3b9564200f7200a
REQ-000375,2026-05-28T13:30:00Z,sealed_record,OFF-0086,90740f6d12084e4c579f3454,Sub-Inspector,3,POLICE,STATE_02_DIST_04_PS_03,STATE_02_DIST_04,STATE_02,MEDIUM,ACTIVE,NOT_ASSIGNED,REC-000033,25579b73e0cca8193764a119,CASE-00151,CYBER_FRAUD,EVIDENCE_MEDIA,STATE_02_DIST_01_PS_01,STATE_02_DIST_01,STATE_02,POLICE,HIGH,false,false,false,true,SEALED,ACTIVE,false,false,true,true,INVESTIGATION,VIEW,false,false,PRESENT_VALID,BUSINESS_HOURS,ONLINE,MANUAL_ESCALATION,P-2026-05-STEP1,false,true,05d201ac8bf44cabdffd487295881b040a9ce29dc42adb0ccb79db315d730e95
REQ-000376,2026-05-29T08:24:00Z,court_request,OFF-0007,934e26f772b73b1d824939e2,Inspector,4,POLICE,STATE_03_DIST_04_PS_01,STATE_03_DIST_04,STATE_03,MEDIUM,SUSPENDED,NOT_ASSIGNED,REC-000228,8d196118f5537bf44adff98a,CASE-00147,FINANCIAL_CRIME,FIR_SUMMARY,STATE_01_DIST_01_PS_02,STATE_01_DIST_01,STATE_01,POLICE,LOW,false,false,false,false,OPEN,ACTIVE,false,false,false,true,PROSECUTION_REVIEW,VIEW,false,true,PRESENT_VALID,BUSINESS_HOURS,ONLINE,CCTNS_STYLE_API,P-2026-05-STEP1,false,true,6b89e7439ca9bbd0fec2b6f315bf95a07b268faa04bb2675417351ecf75d97b0
REQ-000377,2026-05-30T09:41:00Z,normal_in_jurisdiction,OFF-0210,4150a8ceaba40e213683ea41,Constable,1,POLICE,STATE_02_DIST_01_PS_01,STATE_02_DIST_01,STATE_02,LOW,ACTIVE,ASSIGNED,REC-000681,deffffbc895a829fcc534b52,CASE-00356,NARCOTICS,COURT_SUBMISSION,STATE_02_DIST_01_PS_01,STATE_02_DIST_01,STATE_02,POLICE,MEDIUM,false,false,false,false,OPEN,ACTIVE,true,true,true,false,INVESTIGATION,VIEW,false,false,NOT_REQUIRED,BUSINESS_HOURS,ONLINE,ICJS_STYLE_EXCHANGE,P-2026-05-STEP1,false,true,a6cb94819bb9a943c333c434943760cfb6adc30aa8a3bc6cc2d062a6a78c5f51
REQ-000378,2026-05-29T21:18:00Z,cross_jurisdiction_sensitive,OFF-0120,3344e545d464730d22df7101,Constable,1,POLICE,STATE_03_DIST_04_PS_03,STATE_03_DIST_04,STATE_03,LOW,ACTIVE,NOT_ASSIGNED,REC-000757,baf86b559647425ddbc4733b,CASE-00232,WOMEN_CHILD_SAFETY,COURT_SUBMISSION,STATE_03_DIST_02_PS_01,STATE_03_DIST_02,STATE_03,POLICE,MEDIUM,true,false,false,false,OPEN,ACTIVE,false,false,true,true,SUPERVISION,UPDATE,false,false,PRESENT_VALID,BUSINESS_HOURS,ONLINE,ICJS_STYLE_EXCHANGE,P-2026-05-STEP1,false,true,f8f4d4c048f565421dab4c44e897e967e8de54d51cb2839375e2899129711ebf
REQ-000379,2026-05-31T05:04:00Z,normal_in_jurisdiction,OFF-0112,c424bf9aa5cd573d3066b2f0,Constable,1,POLICE,STATE_02_DIST_03_PS_03,STATE_02_DIST_03,STATE_02,LOW,ACTIVE,ASSIGNED,REC-000867,685db473c8326fc6f2ce18dc,CASE-00044,WOMEN_CHILD_SAFETY,COURT_SUBMISSION,STATE_02_DIST_03_PS_03,STATE_02_DIST_03,STATE_02,POLICE,MEDIUM,true,false,false,false,OPEN,ACTIVE,true,true,true,false,INVESTIGATION,VIEW,false,false,NOT_REQUIRED,BUSINESS_HOURS,ONLINE,CCTNS_STYLE_API,P-2026-05-STEP1,false,true,547d2c10c9fd0d29b46a78d12c3d7e16c04eb68290da289530187269940254e6
REQ-000380,2026-05-28T07:40:00Z,juvenile_sensitive,OFF-0029,1f84d906e82c7901ab98337e,Cybercrime Officer,4,CYBERCRIME,STATE_03_DIST_01_PS_02,STATE_03_DIST_01,STATE_03,HIGH,ACTIVE,NOT_ASSIGNED,REC-000572,13fd779a365088776f6d0456,CASE-00066,JUVENILE_PROTECTION,COURT_SUBMISSION,STATE_03_DIST_01_PS_01,STATE_03_DIST_01,STATE_03,POLICE,HIGH,false,false,true,false,SEALED,ACTIVE,false,true,true,false,SUPERVISION,DOWNLOAD,false,false,PRESENT_VALID,BUSINESS_HOURS,ONLINE,CCTNS_STYLE_API,P-2026-05-STEP1,false,true,bf33ae3739aeb3c0091e912e0eacfbd38ccdf079737cc5b34680e0afa88e054b
REQ-000381,2026-05-28T07:45:00Z,normal_in_jurisdiction,OFF-0117,c3da23329ac65eb7b3af694c,Inspector,4,POLICE,STATE_03_DIST_01_PS_01,STATE_03_DIST_01,STATE_03,MEDIUM,ACTIVE,ASSIGNED,REC-000625,093331674304fdf16d37b24b,CASE-00157,GENERAL_THEFT,CYBERCRIME_COMPLAINT,STATE_03_DIST_01_PS_01,STATE_03_DIST_01,STATE_03,POLICE,MEDIUM,false,false,false,false,OPEN,ACTIVE,true,true,true,false,INVESTIGATION,VIEW,false,false,NOT_REQUIRED,BUSINESS_HOURS,ONLINE,CCTNS_STYLE_API,P-2026-05-STEP1,false,true,7c10bdd93de62db3b93886d5c709b1d016f664c5fafa78e83054242060f3d7d5
REQ-000382,2026-05-30T17:08:00Z,court_request,OFF-0070,73b99e563b8590d8f1f3488f,Sub-Inspector,3,POLICE,STATE_02_DIST_02_PS_02,STATE_02_DIST_02,STATE_02,MEDIUM,ACTIVE,NOT_ASSIGNED,REC-000546,9d4b84abfc514ab960faaed2,CASE-00051,VIOLENT_CRIME,FIR_SUMMARY,STATE_03_DIST_04_PS_03,STATE_03_DIST_04,STATE_03,POLICE,MEDIUM,false,false,false,false,OPEN,ARCHIVED,false,false,false,true,COURT_PRODUCTION,VIEW,false,true,PRESENT_VALID,BUSINESS_HOURS,ONLINE,CCTNS_STYLE_API,P-2026-05-STEP1,false,true,47eab2f1a8741af45d19f67631d29672daf20bf2e0754c35c63a7f9899b3b800
REQ-000383,2026-05-30T17:22:00Z,normal_in_jurisdiction,OFF-0079,769c0f71f92a8b49e252746c,Sub-Inspector,3,POLICE,STATE_01_DIST_01_PS_03,STATE_01_DIST_01,STATE_01,MEDIUM,ACTIVE,ASSIGNED,REC-000641,a46caf174bd38632a4dabfb2,CASE-00277,MISSING_PERSON,COURT_SUBMISSION,STATE_01_DIST_01_PS_03,STATE_01_DIST_01,STATE_01,POLICE,MEDIUM,false,false,false,false,OPEN,ACTIVE,true,true,true,false,INVESTIGATION,VIEW,false,false,NOT_REQUIRED,BUSINESS_HOURS,ONLINE,ICJS_STYLE_EXCHANGE,P-2026-05-STEP1,false,true,7a13f5d80d874329a9118acd030d2a53ba49d2ce93ef0275d41d235a41188b6d
REQ-000384,2026-05-31T06:24:00Z,juvenile_sensitive,OFF-0044,e35d3d5ab37a57023a757cf4,Head Constable,2,POLICE,STATE_03_DIST_02_PS_03,STATE_03_DIST_02,STATE_03,LOW,ACTIVE,NOT_ASSIGNED,REC-000635,9ef7805d5e451525d9e7038e,CASE-00177,MISSING_PERSON,JUVENILE_RECORD,STATE_02_DIST_04_PS_03,STATE_02_DIST_04,STATE_02,POLICE,CLASSIFIED,false,false,true,false,OPEN,ACTIVE,false,false,false,true,SUPERVISION,VIEW,false,false,PRESENT_VALID,BUSINESS_HOURS,ONLINE,MANUAL_ESCALATION,P-2026-05-STEP1,false,true,cd8c1917d1b92cc6daee07ecede48020fc117cc9df23c99c761f90ee907da572
REQ-000385,2026-05-31T06:40:00Z,cross_jurisdiction_sensitive,OFF-0162,ec1ea596f81353f2d9f85816,Sub-Inspector,3,POLICE,STATE_03_DIST_01_PS_01,STATE_03_DIST_01,STATE_03,MEDIUM,ACTIVE,NOT_ASSIGNED,REC-000168,3247cfd0298737ce5f467ec6,CASE-00115,JUVENILE_PROTECTION,JUVENILE_RECORD,STATE_01_DIST_04_PS_03,STATE_01_DIST_04,STATE_01,POLICE,HIGH,false,false,true,false,OPEN,ACTIVE,false,false,false,true,SUPERVISION,DOWNLOAD,false,false,PRESENT_VALID,AFTER_HOURS,ONLINE,ICJS_STYLE_EXCHANGE,P-2026-05-STEP1,false,true,58be873cd1b8fe0a2fea227fbf29a044ed58120563885ee7e5866f1e44817b31
REQ-000386,2026-05-28T08:10:00Z,random_context,OFF-0172,59295c95c257a05519b6f91d,Inspector,4,POLICE,STATE_03_DIST_02_PS_02,STATE_03_DIST_02,STATE_03,MEDIUM,ACTIVE,NOT_ASSIGNED,REC-000416,dd426d66ef5f5ae466c5867b,CASE-00010,GENERAL_THEFT,FIR_SUMMARY,STATE_02_DIST_04_PS_01,STATE_02_DIST_04,STATE_02,POLICE,LOW,false,false,false,false,OPEN,ACTIVE,false,false,false,true,INVESTIGATION,SHARE,false,false,NOT_REQUIRED,AFTER_HOURS,ONLINE,ICJS_STYLE_EXCHANGE,P-2026-05-STEP1,false,true,d1afadf06ac38a6eeb2250411514867163fdad50a21ed3c8ff79749431eed2aa
REQ-000387,2026-05-30T11:51:00Z,emergency_override,OFF-0109,71ae00fed2507668078d658b,Sub-Inspector,3,POLICE,STATE_01_DIST_02_PS_02,STATE_01_DIST_02,STATE_01,MEDIUM,ACTIVE,NOT_ASSIGNED,REC-000678,2ba015c222df82621a60df37,CASE-00331,CYBER_FRAUD,FORENSIC_REPORT,STATE_01_DIST_04_PS_02,STATE_01_DIST_04,STATE_01,POLICE,HIGH,false,false,false,false,OPEN,ARCHIVED,false,false,true,true,EMERGENCY_RESPONSE,VIEW,true,false,PRESENT_VALID,BUSINESS_HOURS,ONLINE,ICJS_STYLE_EXCHANGE,P-2026-05-STEP1,false,true,322f5888d3cca07672d8f20276fc8d47d6e7de505affc2c449627e2aef102893
REQ-000388,2026-05-31T07:28:00Z,normal_in_jurisdiction,OFF-0095,3a0f3bfd087110a0cbe914c5,Inspector,4,POLICE,STATE_02_DIST_04_PS_01,STATE_02_DIST_04,STATE_02,MEDIUM,ACTIVE,ASSIGNED,REC-000527,792f09352a2c672d41256513,CASE-00326,JUVENILE_PROTECTION,FIR_SUMMARY,STATE_02_DIST_04_PS_01,STATE_02_DIST_04,STATE_02,POLICE,LOW,false,false,true,false,OPEN,ARCHIVED,true,true,true,false,INVESTIGATION,VIEW,false,false,NOT_REQUIRED,BUSINESS_HOURS,ONLINE,MANUAL_ESCALATION,P-2026-05-STEP1,false,true,89e7558b0bf313cb42fdba93c531c9d22cbadbc4bb24a2564365834c4fa48749
REQ-000389,2026-05-31T01:15:00Z,court_request,OFF-0155,750741a21ba1ad37a768df1b,Station House Officer,5,POLICE,STATE_01_DIST_02_PS_01,STATE_01_DIST_02,STATE_01,HIGH,ACTIVE,NOT_ASSIGNED,REC-000488,fc498ccdbed501011d0e55db,CASE-00351,FINANCIAL_CRIME,CYBERCRIME_COMPLAINT,STATE_02_DIST_03_PS_01,STATE_02_DIST_03,STATE_02,POLICE,CLASSIFIED,false,false,false,false,OPEN,ACTIVE,false,false,false,true,PROSECUTION_REVIEW,SHARE,false,true,PRESENT_VALID,BUSINESS_HOURS,ONLINE,MANUAL_ESCALATION,P-2026-05-STEP1,false,true,f16c77dae5cba52e3ee5c585b1fe7c441f010c200174454d770548d598f58b3c
REQ-000390,2026-05-27T13:00:00Z,cross_jurisdiction_sensitive,OFF-0136,3388bd23d03d7e43b3bd8d53,Senior Superintendent,6,POLICE,STATE_03_DIST_03_PS_01,STATE_03_DIST_03,STATE_03,CLASSIFIED,ACTIVE,NOT_ASSIGNED,REC-000843,dc7ecde6650882062908b0d9,CASE-00219,FINANCIAL_CRIME,FORENSIC_REPORT,STATE_01_DIST_02_PS_03,STATE_01_DIST_02,STATE_01,POLICE,HIGH,false,false,false,false,OPEN,ACTIVE,false,false,false,true,FORENSIC_REVIEW,VIEW,false,false,MISSING,AFTER_HOURS,ONLINE,CCTNS_STYLE_API,P-2026-05-STEP1,false,true,a25d8729b94db29cc3b3716491173068b7c872f9d60fae0b8568719c5c43f23b
REQ-000391,2026-05-31T14:47:00Z,emergency_override,OFF-0176,c078db1796c2d8c169b84669,Cybercrime Officer,4,CYBERCRIME,STATE_01_DIST_02_PS_03,STATE_01_DIST_02,STATE_01,HIGH,ACTIVE,NOT_ASSIGNED,REC-000312,66c1f1634fd4515b8f74f8fa,CASE-00175,MISSING_PERSON,FORENSIC_REPORT,STATE_02_DIST_04_PS_03,STATE_02_DIST_04,STATE_02,POLICE,HIGH,false,false,false,false,OPEN,ACTIVE,false,false,false,true,EMERGENCY_RESPONSE,VIEW,true,false,PRESENT_VALID,NIGHT,ONLINE,MANUAL_ESCALATION,P-2026-05-STEP1,false,true,094a08066140b5a1914a2dbe5c402d8edd5f4a36089f1ae6f0694b2978d4e929
REQ-000392,2026-05-29T23:52:00Z,sealed_record,OFF-0093,9764196f496c1b6c2299d105,Sub-Inspector,3,POLICE,STATE_01_DIST_03_PS_03,STATE_01_DIST_03,STATE_01,MEDIUM,ACTIVE,NOT_ASSIGNED,REC-000251,d9b95c7545a328e01eab7773,CASE-00074,VIOLENT_CRIME,CASE_DIARY,STATE_01_DIST_04_PS_03,STATE_01_DIST_04,STATE_01,POLICE,HIGH,false,false,false,false,SEALED,ACTIVE,false,false,true,true,INVESTIGATION,VIEW,false,false,MISSING,BUSINESS_HOURS,ONLINE,MANUAL_ESCALATION,P-2026-05-STEP1,false,true,b00a6979547646c3cc558a80bef4a3025545f468d1df076e40c346ea381ae02d
REQ-000393,2026-05-29T17:30:00Z,cross_jurisdiction_sensitive,OFF-0071,b43730f9ee11d476cccd1130,Senior Superintendent,6,POLICE,STATE_01_DIST_03_PS_02,STATE_01_DIST_03,STATE_01,CLASSIFIED,ACTIVE,NOT_ASSIGNED,REC-000434,40a93b7fe5ff4f44c4bca7cd,CASE-00343,MISSING_PERSON,FORENSIC_REPORT,STATE_02_DIST_02_PS_01,STATE_02_DIST_02,STATE_02,POLICE,CLASSIFIED,false,false,false,false,OPEN,ACTIVE,false,false,false,true,FORENSIC_REVIEW,DOWNLOAD,false,false,MISSING,BUSINESS_HOURS,ONLINE,CCTNS_STYLE_API,P-2026-05-STEP1,false,true,f586cd5a2e4d1361fd79d501bd75afb8279fc31aeca4323950089e85c6deee5b
REQ-000394,2026-05-27T13:08:00Z,normal_in_jurisdiction,OFF-0176,c078db1796c2d8c169b84669,Cybercrime Officer,4,CYBERCRIME,STATE_01_DIST_02_PS_03,STATE_01_DIST_02,STATE_01,HIGH,ACTIVE,NOT_ASSIGNED,REC-000743,3ba8e78c5a6aece88796d6f8,CASE-00351,FINANCIAL_CRIME,CASE_DIARY,STATE_02_DIST_03_PS_01,STATE_02_DIST_03,STATE_02,POLICE,HIGH,false,false,false,false,SEALED,ARCHIVED,false,false,false,true,INVESTIGATION,VIEW,false,false,NOT_REQUIRED,BUSINESS_HOURS,ONLINE,MANUAL_ESCALATION,P-2026-05-STEP1,false,true,69e83bb5982c3db1937f768bb8583e59378694649526343e69f51ae46bb86f10
REQ-000395,2026-05-28T08:55:00Z,stale_case_assignment,OFF-0223,f04272809174dac17c3936fd,Head Constable,2,POLICE,STATE_02_DIST_04_PS_03,STATE_02_DIST_04,STATE_02,LOW,ACTIVE,STALE,REC-000763,5ca844b2848b805c696a09e9,CASE-00095,MISSING_PERSON,CASE_DIARY,STATE_01_DIST_01_PS_02,STATE_01_DIST_01,STATE_01,POLICE,HIGH,false,false,false,false,SEALED,ACTIVE,false,false,false,true,INVESTIGATION,DOWNLOAD,false,false,MISSING,BUSINESS_HOURS,ONLINE,ICJS_STYLE_EXCHANGE,P-2026-05-STEP1,false,true,517fed20b2b31412a399e1a29115bcb79db49ab6b2f9956f222f8b20551d9511
REQ-000396,2026-05-28T15:36:00Z,expired_approval_token,OFF-0075,b4d11e5f08de15f8b7a05319,Constable,1,POLICE,STATE_01_DIST_02_PS_03,STATE_01_DIST_02,STATE_01,LOW,ACTIVE,NOT_ASSIGNED,REC-000447,34db2ece38e91ed7d58eda26,CASE-00332,CYBER_FRAUD,COURT_SUBMISSION,STATE_01_DIST_01_PS_01,STATE_01_DIST_01,STATE_01,POLICE,HIGH,false,false,false,false,SEALED,ACTIVE,false,false,true,true,FORENSIC_REVIEW,VIEW,false,false,EXPIRED,NIGHT,STATION_NODE_DOWN,ICJS_STYLE_EXCHANGE,P-2026-05-STEP1,false,true,c89a148886e4c56df488aa9570e1931940fc033ea1cdd13aae1910d267a08817
REQ-000397,2026-05-27T13:14:00Z,expired_approval_token,OFF-0238,0d893c2441da140e8c46fc54,Constable,1,POLICE,STATE_03_DIST_02_PS_03,STATE_03_DIST_02,STATE_03,LOW,ACTIVE,NOT_ASSIGNED,REC-000884,11ae01e13be999a8c96206da,CASE-00144,MISSING_PERSON,JUVENILE_RECORD,STATE_03_DIST_04_PS_02,STATE_03_DIST_04,STATE_03,POLICE,CLASSIFIED,false,false,true,false,SEALED,UNDER_REVIEW,false,false,true,true,INVESTIGATION,SHARE,false,false,EXPIRED,BUSINESS_HOURS,ONLINE,MANUAL_ESCALATION,P-2026-05-STEP1,false,true,5ea8e559036831258d7d121c769a19b39edbc6bfd16860c08106cc95e0f6b195
REQ-000398,2026-05-27T19:54:00Z,stale_case_assignment,OFF-0035,6d2396ea39d60a2c9554602a,Prosecutor Liaison,4,PROSECUTION,STATE_01_DIST_02_PS_01,STATE_01_DIST_02,STATE_01,MEDIUM,ACTIVE,STALE,REC-000297,1f3741568f09e522c5519892,CASE-00238,WOMEN_CHILD_SAFETY,EVIDENCE_MEDIA,STATE_03_DIST_04_PS_03,STATE_03_DIST_04,STATE_03,POLICE,HIGH,true,false,false,true,OPEN,UNDER_REVIEW,false,false,false,true,INVESTIGATION,VIEW,false,false,MISSING,BUSINESS_HOURS,ONLINE,CCTNS_STYLE_API,P-2026-05-STEP1,false,true,e638e78ae621a1cd99da9f99a9f6b59b7ac94652d84b790a9133fa3a8cfb3933
REQ-000399,2026-05-29T11:51:00Z,revoked_credential,OFF-0040,c5c5b540de8f1dde6964dc89,Sub-Inspector,3,POLICE,STATE_03_DIST_02_PS_03,STATE_03_DIST_02,STATE_03,MEDIUM,REVOKED,NOT_ASSIGNED,REC-000039,b5bb4318d3ac813114ba006d,CASE-00327,FINANCIAL_CRIME,CASE_DIARY,STATE_02_DIST_04_PS_03,STATE_02_DIST_04,STATE_02,POLICE,MEDIUM,false,false,false,false,OPEN,ARCHIVED,false,false,false,true,AUDIT,DOWNLOAD,false,false,MISSING,BUSINESS_HOURS,ONLINE,CCTNS_STYLE_API,P-2026-05-STEP1,false,true,1ebe728614fb0aaeda83f12f74a4dd7501fe072c7cad2b2d11c5f8df8880461e
REQ-000400,2026-05-28T22:40:00Z,juvenile_sensitive,OFF-0057,cf4f97b5eda3195f8d5d3726,Constable,1,POLICE,STATE_01_DIST_03_PS_01,STATE_01_DIST_03,STATE_01,LOW,ACTIVE,NOT_ASSIGNED,REC-000886,eb98737f534a00bfebfcce9c,CASE-00033,VIOLENT_CRIME,JUVENILE_RECORD,STATE_02_DIST_04_PS_03,STATE_02_DIST_04,STATE_02,POLICE,HIGH,false,false,true,false,OPEN,ACTIVE,false,false,false,true,INVESTIGATION,SHARE,false,false,MISSING,BUSINESS_HOURS,ONLINE,MANUAL_ESCALATION,P-2026-05-STEP1,false,true,1277d38edd0ac0236fe4830c1b8fd70a33e1701fb6fc5724ea6efb2dca2e2dbc
REQ-000401,2026-05-28T09:25:00Z,stale_case_assignment,OFF-0033,4f04697319f636cd795e5d1b,Senior Superintendent,6,POLICE,STATE_03_DIST_01_PS_01,STATE_03_DIST_01,STATE_03,CLASSIFIED,ACTIVE,STALE,REC-000185,bddbea36e35c483e079157c2,CASE-00174,NARCOTICS,CYBERCRIME_COMPLAINT,STATE_01_DIST_03_PS_01,STATE_01_DIST_03,STATE_01,POLICE,HIGH,false,false,false,false,OPEN,ACTIVE,false,false,false,true,INVESTIGATION,DOWNLOAD,false,false,MISSING,BUSINESS_HOURS,ONLINE,ICJS_STYLE_EXCHANGE,P-2026-05-STEP1,false,true,f5600ccf353401cd22a18da17823a73d007936f25061a8737f05cc22d2651d2c
REQ-000402,2026-05-28T22:54:00Z,cross_jurisdiction_sensitive,OFF-0031,12eb6ff70063628bed70540f,Sub-Inspector,3,POLICE,STATE_03_DIST_03_PS_02,STATE_03_DIST_03,STATE_03,MEDIUM,ACTIVE,NOT_ASSIGNED,REC-000678,2ba015c222df82621a60df37,CASE-00331,CYBER_FRAUD,FORENSIC_REPORT,STATE_01_DIST_04_PS_02,STATE_01_DIST_04,STATE_01,POLICE,HIGH,false,false,false,false,OPEN,ARCHIVED,false,false,false,true,SUPERVISION,VIEW,false,false,MISSING,BUSINESS_HOURS,ONLINE,MANUAL_ESCALATION,P-2026-05-STEP1,false,true,84d1f5f78a56deb80b9c6b306c28e5a9fdf9599470647ae4aa281ba63b69bff6
REQ-000403,2026-05-28T09:35:00Z,revoked_credential,OFF-0154,030fbe8b71b501096276a8ab,Constable,1,POLICE,STATE_02_DIST_02_PS_01,STATE_02_DIST_02,STATE_02,LOW,REVOKED,NOT_ASSIGNED,REC-000479,2a72e9e4ca2925b1a4edb88a,CASE-00330,CYBER_FRAUD,FIR_SUMMARY,STATE_03_DIST_03_PS_02,STATE_03_DIST_03,STATE_03,POLICE,MEDIUM,false,false,false,false,OPEN,ACTIVE,false,false,false,true,INVESTIGATION,VIEW,false,false,MISSING,AFTER_HOURS,ONLINE,CCTNS_STYLE_API,P-2026-05-STEP1,false,true,55dd2f454c0cda0d28d967f977d206b3f30f86521ade66427cd73d534df519e6
REQ-000404,2026-05-29T19:20:00Z,normal_in_jurisdiction,OFF-0097,0de9124a7d38c17a328e4497,Cybercrime Officer,4,CYBERCRIME,STATE_01_DIST_04_PS_03,STATE_01_DIST_04,STATE_01,HIGH,ACTIVE,ASSIGNED,REC-000693,68e25cbf0ce0354dd255dd0e,CASE-00183,MISSING_PERSON,FORENSIC_REPORT,STATE_01_DIST_04_PS_03,STATE_01_DIST_04,STATE_01,POLICE,MEDIUM,false,false,false,false,OPEN,ACTIVE,true,true,true,false,INVESTIGATION,VIEW,false,false,NOT_REQUIRED,BUSINESS_HOURS,ONLINE,ICJS_STYLE_EXCHANGE,P-2026-05-STEP1,false,true,cff93cb3fe5cda12c90cf3784803aa07397a675e8e5d7800ea98f02f0c129ccf
REQ-000405,2026-05-30T15:45:00Z,emergency_override,OFF-0051,316e4edba94c2b3868db8ac7,Sub-Inspector,3,POLICE,STATE_01_DIST_04_PS_01,STATE_01_DIST_04,STATE_01,MEDIUM,ACTIVE,NOT_ASSIGNED,REC-000728,3b274e811b747441ea332f7c,CASE-00255,FINANCIAL_CRIME,JUVENILE_RECORD,STATE_01_DIST_03_PS_03,STATE_01_DIST_03,STATE_01,POLICE,HIGH,false,false,true,false,OPEN,ACTIVE,false,false,true,true,EMERGENCY_RESPONSE,VIEW,true,false,MISSING,NIGHT,ONLINE,ICJS_STYLE_EXCHANGE,P-2026-05-STEP1,false,true,85660dd8523e6feb294384a1d2defbd8eaa73ad244b230c9ce5ea6a797244f15
REQ-000406,2026-05-28T23:22:00Z,normal_in_jurisdiction,OFF-0043,d4da98f8bbaf8c84670817a6,Inspector,4,POLICE,STATE_02_DIST_02_PS_03,STATE_02_DIST_02,STATE_02,MEDIUM,ACTIVE,ASSIGNED,REC-000213,9d828451fa91e0118c922412,CASE-00171,NARCOTICS,FIR_SUMMARY,STATE_02_DIST_02_PS_03,STATE_02_DIST_02,STATE_02,POLICE,LOW,false,false,false,false,OPEN,ARCHIVED,true,true,true,false,INVESTIGATION,VIEW,false,false,NOT_REQUIRED,BUSINESS_HOURS,ONLINE,MANUAL_ESCALATION,P-2026-05-STEP1,false,true,e9d2835ab39383b1af9b29647ef016d8b67e13ae4127e3e32e42c3293cb50f57
REQ-000407,2026-05-28T16:42:00Z,cross_jurisdiction_sensitive,OFF-0098,a2651cd5c21b20cc4d4edc22,Sub-Inspector,3,POLICE,STATE_03_DIST_03_PS_02,STATE_03_DIST_03,STATE_03,MEDIUM,ACTIVE,NOT_ASSIGNED,REC-000889,38f15a3ade185dff0f95a6b9,CASE-00075,WOMEN_CHILD_SAFETY,FORENSIC_REPORT,STATE_03_DIST_04_PS_02,STATE_03_DIST_04,STATE_03,POLICE,HIGH,true,false,false,false,OPEN,ACTIVE,false,false,true,true,SUPERVISION,VIEW,false,false,PRESENT_VALID,BUSINESS_HOURS,ONLINE,ICJS_STYLE_EXCHANGE,P-2026-05-STEP1,false,true,9944435c924b3e6d256e65ade3407b0c179b417a1b19d73ad2c4406f7f63638b
REQ-000408,2026-05-28T16:48:00Z,revoked_credential,OFF-0040,c5c5b540de8f1dde6964dc89,Sub-Inspector,3,POLICE,STATE_03_DIST_02_PS_03,STATE_03_DIST_02,STATE_03,MEDIUM,REVOKED,NOT_ASSIGNED,REC-000798,76adbb3fc2521f255ea8e9c6,CASE-00304,WOMEN_CHILD_SAFETY,EVIDENCE_MEDIA,STATE_03_DIST_02_PS_02,STATE_03_DIST_02,STATE_03,POLICE,CLASSIFIED,true,false,false,true,OPEN,ACTIVE,false,true,true,false,AUDIT,VIEW,false,false,MISSING,BUSINESS_HOURS,ONLINE,CCTNS_STYLE_API,P-2026-05-STEP1,false,true,dd9c5e97449dd89ac25151597409c08199e5e3ed64b5dc4b96f902bd78657e73
REQ-000409,2026-05-27T13:38:00Z,normal_in_jurisdiction,OFF-0240,2e90133c615ae26c343ba035,Cybercrime Officer,4,CYBERCRIME,STATE_03_DIST_02_PS_03,STATE_03_DIST_02,STATE_03,HIGH,ACTIVE,ASSIGNED,REC-000765,12cf19c868dac2359d49c264,CASE-00150,GENERAL_THEFT,COURT_SUBMISSION,STATE_03_DIST_02_PS_03,STATE_03_DIST_02,STATE_03,POLICE,MEDIUM,false,false,false,false,OPEN,ACTIVE,true,true,true,false,INVESTIGATION,VIEW,false,false,NOT_REQUIRED,BUSINESS_HOURS,STATION_NODE_DOWN,ICJS_STYLE_EXCHANGE,P-2026-05-STEP1,false,true,896d67f71dc1951a3583af9232faf6a1e957ac52f4d5db81f72c85dbac1f5745
REQ-000410,2026-05-31T13:20:00Z,revoked_credential,OFF-0154,030fbe8b71b501096276a8ab,Constable,1,POLICE,STATE_02_DIST_02_PS_01,STATE_02_DIST_02,STATE_02,LOW,REVOKED,NOT_ASSIGNED,REC-000605,e1d51408056939f2b7fccbac,CASE-00100,WOMEN_CHILD_SAFETY,EVIDENCE_MEDIA,STATE_03_DIST_01_PS_03,STATE_03_DIST_01,STATE_03,POLICE,CLASSIFIED,true,false,false,true,SEALED,ACTIVE,false,false,false,true,INVESTIGATION,VIEW,false,false,MISSING,BUSINESS_HOURS,ONLINE,CCTNS_STYLE_API,P-2026-05-STEP1,false,true,c321ec39cde9840047ec17074b18ea585fd48d215d27901b8120b1ec22033e2f
REQ-000411,2026-05-31T06:45:00Z,stale_case_assignment,OFF-0089,1dfcf9ccdf6fab5303a9e921,Sub-Inspector,3,POLICE,STATE_03_DIST_04_PS_03,STATE_03_DIST_04,STATE_03,MEDIUM,ACTIVE,STALE,REC-000183,e12e00177a9ba0dc649887b2,CASE-00246,NARCOTICS,FORENSIC_REPORT,STATE_01_DIST_01_PS_02,STATE_01_DIST_01,STATE_01,POLICE,HIGH,false,false,false,false,OPEN,UNDER_REVIEW,false,false,false,true,INVESTIGATION,VIEW,false,false,MISSING,AFTER_HOURS,ONLINE,MANUAL_ESCALATION,P-2026-05-STEP1,false,true,00530dcaafe97c2bfe43c0234e7c9af83ee03267fdb7d85cafe0949037ee847a
REQ-000412,2026-05-30T03:32:00Z,random_context,OFF-0045,1abb810c99dd60558b095f4d,Inspector,4,POLICE,STATE_02_DIST_01_PS_01,STATE_02_DIST_01,STATE_02,MEDIUM,REVOKED,NOT_ASSIGNED,REC-000734,70c78bbc75d059ecfc674005,CASE-00118,VIOLENT_CRIME,CASE_DIARY,STATE_01_DIST_02_PS_01,STATE_01_DIST_02,STATE_01,POLICE,HIGH,false,false,false,false,OPEN,UNDER_REVIEW,false,false,false,true,AUDIT,VIEW,false,false,MISSING,AFTER_HOURS,ONLINE,ICJS_STYLE_EXCHANGE,P-2026-05-STEP1,false,true,361f49fb36638d84eef3a15520efe5887997b40f6bda6aa78eab9482b29d3dfe
REQ-000413,2026-05-31T07:15:00Z,sealed_record,OFF-0084,71f10fb896bfac44fed3436e,Inspector,4,POLICE,STATE_02_DIST_04_PS_01,STATE_02_DIST_04,STATE_02,MEDIUM,ACTIVE,NOT_ASSIGNED,REC-000280,97f42bc6dfe2ee0b0bd40826,CASE-00001,WOMEN_CHILD_SAFETY,JUVENILE_RECORD,STATE_03_DIST_01_PS_03,STATE_03_DIST_01,STATE_03,POLICE,CLASSIFIED,true,false,true,false,SEALED,ARCHIVED,false,false,false,true,COURT_PRODUCTION,VIEW,false,true,PRESENT_VALID,BUSINESS_HOURS,ONLINE,ICJS_STYLE_EXCHANGE,P-2026-05-STEP1,false,true,d3cfde21917d6c696d88a4b32d9a26f85d32d9494088f506c16a4f9072fd159b
REQ-000414,2026-05-30T03:54:00Z,revoked_credential,OFF-0045,1abb810c99dd60558b095f4d,Inspector,4,POLICE,STATE_02_DIST_01_PS_01,STATE_02_DIST_01,STATE_02,MEDIUM,REVOKED,NOT_ASSIGNED,REC-000821,103411f419260d94e9a6d3cc,CASE-00069,MISSING_PERSON,EVIDENCE_MEDIA,STATE_02_DIST_04_PS_03,STATE_02_DIST_04,STATE_02,POLICE,HIGH,false,false,false,true,OPEN,ACTIVE,false,false,true,true,INVESTIGATION,VIEW,false,false,MISSING,BUSINESS_HOURS,ONLINE,CCTNS_STYLE_API,P-2026-05-STEP1,false,true,082d8fd55249ceea2ef4e07df76069b39be2205a3b9044c2291476241ab6c002
REQ-000415,2026-05-31T00:50:00Z,stale_case_assignment,OFF-0178,2be0332c4385b770ea00150b,Constable,1,POLICE,STATE_03_DIST_03_PS_02,STATE_03_DIST_03,STATE_03,LOW,ACTIVE,STALE,REC-000079,82c782797dfec3a3d7607e70,CASE-00233,CYBER_FRAUD,EVIDENCE_MEDIA,STATE_03_DIST_01_PS_03,STATE_03_DIST_01,STATE_03,POLICE,CLASSIFIED,false,false,false,true,OPEN,ARCHIVED,false,false,true,true,INVESTIGATION,APPROVE,false,false,MISSING,AFTER_HOURS,ONLINE,MANUAL_ESCALATION,P-2026-05-STEP1,false,true,c2a26f2da1bd77e61bf585de750e19fdb8bdeb4caeb5309fdc800f32d639b0d3
REQ-000416,2026-05-30T04:16:00Z,cross_jurisdiction_sensitive,OFF-0212,22d2f79089811df3a4aeb9a5,Senior Superintendent,6,POLICE,STATE_03_DIST_01_PS_03,STATE_03_DIST_01,STATE_03,CLASSIFIED,ACTIVE,NOT_ASSIGNED,REC-000308,6ee0530b889a7be2f0e34fa1,CASE-00334,GENERAL_THEFT,FORENSIC_REPORT,STATE_03_DIST_03_PS_03,STATE_03_DIST_03,STATE_03,POLICE,HIGH,false,false,false,false,OPEN,UNDER_REVIEW,false,false,true,true,FORENSIC_REVIEW,DOWNLOAD,false,false,PRESENT_VALID,BUSINESS_HOURS,ONLINE,MANUAL_ESCALATION,P-2026-05-STEP1,false,true,ee2eeb4b177bc54c592e4cf283c1945bba8086fc09780fb72c678a7eb611d199
REQ-000417,2026-05-31T22:09:00Z,random_context,OFF-0165,b2c7b3b76aeb981b1bd8756b,Constable,1,POLICE,STATE_03_DIST_02_PS_01,STATE_03_DIST_02,STATE_03,LOW,ACTIVE,NOT_ASSIGNED,REC-000344,88e881af6978d550ae09d130,CASE-00023,FINANCIAL_CRIME,CASE_DIARY,STATE_03_DIST_04_PS_02,STATE_03_DIST_04,STATE_03,POLICE,HIGH,false,false,false,false,OPEN,ACTIVE,false,false,true,true,TRAINING,VIEW,false,false,NOT_REQUIRED,AFTER_HOURS,ONLINE,CCTNS_STYLE_API,P-2026-05-STEP1,false,true,0d89290f4bef276a0b6267b4b28b47bb427a7b2ac1130e1d562f012abdc17599
REQ-000418,2026-05-30T04:38:00Z,random_context,OFF-0194,ade36a17fa7aeeef7c2513ee,Sub-Inspector,3,POLICE,STATE_03_DIST_01_PS_02,STATE_03_DIST_01,STATE_03,MEDIUM,ACTIVE,NOT_ASSIGNED,REC-000386,619c64e8eee97cc53178c989,CASE-00301,WOMEN_CHILD_SAFETY,JUVENILE_RECORD,STATE_02_DIST_01_PS_02,STATE_02_DIST_01,STATE_02,POLICE,CLASSIFIED,true,false,true,false,OPEN,ACTIVE,false,false,false,true,AUDIT,DOWNLOAD,false,false,MISSING,AFTER_HOURS,ONLINE,CCTNS_STYLE_API,P-2026-05-STEP1,false,true,49f72be4e2f171c36d353373382230311cd3286917608074d69e927cc120b368
REQ-000419,2026-05-29T00:53:00Z,cross_jurisdiction_sensitive,OFF-0031,12eb6ff70063628bed70540f,Sub-Inspector,3,POLICE,STATE_03_DIST_03_PS_02,STATE_03_DIST_03,STATE_03,MEDIUM,ACTIVE,NOT_ASSIGNED,REC-000266,61e633b0b3b0ef9d8ed2391c,CASE-00154,JUVENILE_PROTECTION,VICTIM_RECORD,STATE_01_DIST_01_PS_02,STATE_01_DIST_01,STATE_01,POLICE,HIGH,true,false,true,false,OPEN,ACTIVE,false,false,false,true,SUPERVISION,VIEW,false,false,PRESENT_VALID,AFTER_HOURS,ONLINE,MANUAL_ESCALATION,P-2026-05-STEP1,false,true,a9f3d72c1e7a35df09c7c3afd795c56da30f4c4b38043db5da682300ac33e5c5
REQ-000420,2026-05-29T22:00:00Z,cross_jurisdiction_sensitive,OFF-0212,22d2f79089811df3a4aeb9a5,Senior Superintendent,6,POLICE,STATE_03_DIST_01_PS_03,STATE_03_DIST_01,STATE_03,CLASSIFIED,ACTIVE,NOT_ASSIGNED,REC-000648,31d4edd023a1e32e08b15bb2,CASE-00264,WOMEN_CHILD_SAFETY,EVIDENCE_MEDIA,STATE_03_DIST_02_PS_03,STATE_03_DIST_02,STATE_03,POLICE,CLASSIFIED,true,false,false,true,OPEN,UNDER_REVIEW,false,false,true,true,INVESTIGATION,UPDATE,false,false,PRESENT_VALID,BUSINESS_HOURS,ONLINE,ICJS_STYLE_EXCHANGE,P-2026-05-STEP1,false,true,ead3a43dc39b96c11dcbc80237ec02e6145b708e68b83fcfeef1c3a3d59cda75
REQ-000421,2026-05-28T11:05:00Z,stale_case_assignment,OFF-0011,84a9b6fb8d6efe7cd09043f6,Inspector,4,POLICE,STATE_03_DIST_01_PS_01,STATE_03_DIST_01,STATE_03,MEDIUM,ACTIVE,STALE,REC-000373,1a967617111b9eb80520a1d6,CASE-00076,FINANCIAL_CRIME,CYBERCRIME_COMPLAINT,STATE_02_DIST_04_PS_01,STATE_02_DIST_04,STATE_02,POLICE,HIGH,false,false,false,false,OPEN,ACTIVE,false,false,false,true,INVESTIGATION,VIEW,false,false,MISSING,AFTER_HOURS,ONLINE,MANUAL_ESCALATION,P-2026-05-STEP1,false,true,cde60d0ed1829558db8b3fceff1d7bb197d2855f071366fb3e465d3619ea6bc5
REQ-000422,2026-05-30T12:24:00Z,cross_jurisdiction_sensitive,OFF-0158,88db5c4f1341722984d72ca6,Forensic Officer,4,FORENSIC,STATE_02_DIST_02_PS_02,STATE_02_DIST_02,STATE_02,HIGH,ACTIVE,NOT_ASSIGNED,REC-000867,685db473c8326fc6f2ce18dc,CASE-00044,WOMEN_CHILD_SAFETY,COURT_SUBMISSION,STATE_02_DIST_03_PS_03,STATE_02_DIST_03,STATE_02,POLICE,MEDIUM,true,false,false,false,OPEN,ACTIVE,false,false,true,true,SUPERVISION,VIEW,false,false,PRESENT_VALID,BUSINESS_HOURS,ONLINE,MANUAL_ESCALATION,P-2026-05-STEP1,false,true,40401906c2e09949185965489071613be4878d6eee625503f5b4c24eb4a79479
REQ-000423,2026-05-29T15:27:00Z,expired_approval_token,OFF-0171,4bb363d085866d6dbe19f005,Constable,1,POLICE,STATE_03_DIST_02_PS_03,STATE_03_DIST_02,STATE_03,LOW,ACTIVE,NOT_ASSIGNED,REC-000757,baf86b559647425ddbc4733b,CASE-00232,WOMEN_CHILD_SAFETY,COURT_SUBMISSION,STATE_03_DIST_02_PS_01,STATE_03_DIST_02,STATE_03,POLICE,MEDIUM,true,false,false,false,OPEN,ACTIVE,false,true,true,false,PROSECUTION_REVIEW,DOWNLOAD,false,false,EXPIRED,BUSINESS_HOURS,ONLINE,CCTNS_STYLE_API,P-2026-05-STEP1,false,true,18808c72fec035cc0e23e33ff24baf8993e25448638d0e18db002f1b47d40c01
REQ-000424,2026-05-31T10:00:00Z,cross_jurisdiction_sensitive,OFF-0130,4b271c3dc209eac61d05dd4f,Sub-Inspector,3,POLICE,STATE_01_DIST_01_PS_02,STATE_01_DIST_01,STATE_01,MEDIUM,ACTIVE,NOT_ASSIGNED,REC-000034,9917dc83548405dcdfa48501,CASE-00200,WOMEN_CHILD_SAFETY,FIR_SUMMARY,STATE_02_DIST_04_PS_03,STATE_02_DIST_04,STATE_02,POLICE,MEDIUM,true,false,false,false,OPEN,ACTIVE,false,false,false,true,SUPERVISION,DOWNLOAD,false,false,MISSING,BUSINESS_HOURS,ONLINE,ICJS_STYLE_EXCHANGE,P-2026-05-STEP1,false,true,0ed0af8a2aa5d8034353b9f844827c39121565803ed79bcadb206ed386c478df
REQ-000425,2026-05-27T21:15:00Z,juvenile_sensitive,OFF-0050,1df1233ec54fa0732a43c292,Head Constable,2,POLICE,STATE_01_DIST_03_PS_02,STATE_01_DIST_03,STATE_01,LOW,ACTIVE,NOT_ASSIGNED,REC-000792,6aabf48095821f12d5d59868,CASE-00159,JUVENILE_PROTECTION,JUVENILE_RECORD,STATE_03_DIST_01_PS_03,STATE_03_DIST_01,STATE_03,POLICE,CLASSIFIED,false,false,true,false,SEALED,ACTIVE,false,false,false,true,INVESTIGATION,APPROVE,false,false,MISSING,BUSINESS_HOURS,ONLINE,ICJS_STYLE_EXCHANGE,P-2026-05-STEP1,false,true,766f91cc643dd2ff9a8a271ca95b7b5b62e8a97c67e6a1d4f05566d75962c58c
REQ-000426,2026-06-01T00:42:00Z,emergency_override,OFF-0097,0de9124a7d38c17a328e4497,Cybercrime Officer,4,CYBERCRIME,STATE_01_DIST_04_PS_03,STATE_01_DIST_04,STATE_01,HIGH,ACTIVE,NOT_ASSIGNED,REC-000159,3cef4d9f8d92d3f7cc295a2a,CASE-00336,JUVENILE_PROTECTION,COURT_SUBMISSION,STATE_01_DIST_02_PS_02,STATE_01_DIST_02,STATE_01,POLICE,MEDIUM,false,false,true,false,OPEN,ACTIVE,false,false,true,true,EMERGENCY_RESPONSE,DOWNLOAD,true,false,PRESENT_VALID,BUSINESS_HOURS,ONLINE,ICJS_STYLE_EXCHANGE,P-2026-05-STEP1,false,true,ef24c207d9c1cf2d5833e9f7955b70d267e0cced3d692461673d7894a2a772d3
REQ-000427,2026-05-27T14:14:00Z,expired_approval_token,OFF-0223,f04272809174dac17c3936fd,Head Constable,2,POLICE,STATE_02_DIST_04_PS_03,STATE_02_DIST_04,STATE_02,LOW,ACTIVE,NOT_ASSIGNED,REC-000253,201c9d891198d8110e40a60a,CASE-00296,GENERAL_THEFT,JUVENILE_RECORD,STATE_01_DIST_02_PS_01,STATE_01_DIST_02,STATE_01,POLICE,CLASSIFIED,false,false,true,false,OPEN,ACTIVE,false,false,false,true,PROSECUTION_REVIEW,DOWNLOAD,false,false,EXPIRED,BUSINESS_HOURS,DEGRADED,ICJS_STYLE_EXCHANGE,P-2026-05-STEP1,false,true,04d5a34bc1a4cc84426959ded9ac7e73059767cfcc5c75b3ea182c07fe9f6d86
REQ-000428,2026-05-31T03:52:00Z,normal_in_jurisdiction,OFF-0220,5f5d03cad2864eb9986177dd,Inspector,4,POLICE,STATE_01_DIST_04_PS_03,STATE_01_DIST_04,STATE_01,MEDIUM,ACTIVE,ASSIGNED,REC-000528,6d530f6e96b5b93268a775f8,CASE-00074,VIOLENT_CRIME,COURT_SUBMISSION,STATE_01_DIST_04_PS_03,STATE_01_DIST_04,STATE_01,POLICE,MEDIUM,false,false,false,false,OPEN,ACTIVE,true,true,true,false,INVESTIGATION,VIEW,false,false,NOT_REQUIRED,BUSINESS_HOURS,ONLINE,CCTNS_STYLE_API,P-2026-05-STEP1,false,true,c4904d5b9ed1102ef777ae8a1503d2ddfa5108cef17896078c195901266eb062
REQ-000429,2026-05-31T04:06:00Z,revoked_credential,OFF-0045,1abb810c99dd60558b095f4d,Inspector,4,POLICE,STATE_02_DIST_01_PS_01,STATE_02_DIST_01,STATE_02,MEDIUM,REVOKED,NOT_ASSIGNED,REC-000785,19f9edd30f8406ca598631a4,CASE-00308,FINANCIAL_CRIME,FIR_SUMMARY,STATE_02_DIST_04_PS_02,STATE_02_DIST_04,STATE_02,POLICE,MEDIUM,false,false,false,false,OPEN,ARCHIVED,false,false,true,true,AUDIT,VIEW,false,false,MISSING,BUSINESS_HOURS,ONLINE,CCTNS_STYLE_API,P-2026-05-STEP1,false,true,efdb86673cd50fcf05d9f88838d9a8c3488e7857a10033df03c13a86d0e4fcc9
REQ-000430,2026-05-28T04:40:00Z,cross_jurisdiction_sensitive,OFF-0167,a2884bcebf8616c20bdb4688,Sub-Inspector,3,POLICE,STATE_01_DIST_01_PS_02,STATE_01_DIST_01,STATE_01,MEDIUM,ACTIVE,NOT_ASSIGNED,REC-000568,9fcede7ff666ed17edf127ac,CASE-00165,VIOLENT_CRIME,JUVENILE_RECORD,STATE_02_DIST_02_PS_01,STATE_02_DIST_02,STATE_02,POLICE,CLASSIFIED,false,false,true,false,OPEN,UNDER_REVIEW,false,false,false,true,INVESTIGATION,VIEW,false,false,PRESENT_VALID,BUSINESS_HOURS,ONLINE,CCTNS_STYLE_API,P-2026-05-STEP1,false,true,4ae82fdf3111e5be04571834b6846c10ce503394ea7828e528733b946066e6c3
REQ-000431,2026-05-29T23:50:00Z,cross_jurisdiction_sensitive,OFF-0181,e1441290962ca2a8517d8d0f,Forensic Officer,4,FORENSIC,STATE_02_DIST_03_PS_02,STATE_02_DIST_03,STATE_02,HIGH,ACTIVE,NOT_ASSIGNED,REC-000268,c4075db33966cb270b3f46bb,CASE-00055,MISSING_PERSON,CASE_DIARY,STATE_03_DIST_04_PS_01,STATE_03_DIST_04,STATE_03,POLICE,HIGH,false,false,false,false,OPEN,ACTIVE,false,false,false,true,INVESTIGATION,VIEW,false,false,MISSING,BUSINESS_HOURS,ONLINE,CCTNS_STYLE_API,P-2026-05-STEP1,false,true,85175c76f3b7dd496798346bc2f6033a5801409ebe70194f4150788d1c178ee0
REQ-000432,2026-05-31T04:48:00Z,normal_in_jurisdiction,OFF-0087,5226641dfbffc5688ec0818a,Constable,1,POLICE,STATE_03_DIST_04_PS_03,STATE_03_DIST_04,STATE_03,LOW,ACTIVE,ASSIGNED,REC-000619,22d13ba63717ca715e5005a7,CASE-00051,VIOLENT_CRIME,COURT_SUBMISSION,STATE_03_DIST_04_PS_03,STATE_03_DIST_04,STATE_03,POLICE,MEDIUM,false,false,false,false,SEALED,ACTIVE,true,true,true,false,INVESTIGATION,VIEW,false,false,NOT_REQUIRED,BUSINESS_HOURS,ONLINE,MANUAL_ESCALATION,P-2026-05-STEP1,false,true,2d55b544985870e00796a9a3a39e0b486bda05936895c253c5fe013df8b644f4
REQ-000433,2026-05-31T05:02:00Z,cross_jurisdiction_sensitive,OFF-0204,36f9518be85535c10000ffd5,Forensic Officer,4,FORENSIC,STATE_03_DIST_01_PS_02,STATE_03_DIST_01,STATE_03,HIGH,ACTIVE,NOT_ASSIGNED,REC-000848,954f1d5e0ce6e0787f569931,CASE-00237,CYBER_FRAUD,JUVENILE_RECORD,STATE_03_DIST_02_PS_02,STATE_03_DIST_02,STATE_03,POLICE,CLASSIFIED,false,false,true,false,OPEN,ACTIVE,false,false,true,true,SUPERVISION,VIEW,false,false,PRESENT_VALID,BUSINESS_HOURS,STATION_NODE_DOWN,MANUAL_ESCALATION,P-2026-05-STEP1,false,true,f2a6ab0e0c571c5b6157e1dfdf89681dddd22413151508952ff8605d2e79d826
REQ-000434,2026-05-28T04:56:00Z,cross_jurisdiction_sensitive,OFF-0197,bb454708489db5641c11f4b0,Constable,1,POLICE,STATE_02_DIST_01_PS_03,STATE_02_DIST_01,STATE_02,LOW,ACTIVE,NOT_ASSIGNED,REC-000899,329489987bf6e3ab7bfd4769,CASE-00205,FINANCIAL_CRIME,VICTIM_RECORD,STATE_02_DIST_02_PS_01,STATE_02_DIST_02,STATE_02,POLICE,HIGH,true,false,false,false,OPEN,ACTIVE,false,false,true,true,FORENSIC_REVIEW,DOWNLOAD,false,false,MISSING,BUSINESS_HOURS,ONLINE,ICJS_STYLE_EXCHANGE,P-2026-05-STEP1,false,true,2d5365922051f37fd952cc47fbe54616747c0c3f0e61166e8fbc5bac860a5341
REQ-000435,2026-05-28T19:30:00Z,revoked_credential,OFF-0207,cad50d4d8a49a83faad951a4,Head Constable,2,POLICE,STATE_02_DIST_01_PS_02,STATE_02_DIST_01,STATE_02,LOW,REVOKED,NOT_ASSIGNED,REC-000470,6a2e764a7c5c098cd2bd4b1e,CASE-00126,CYBER_FRAUD,WITNESS_STATEMENT,STATE_03_DIST_03_PS_03,STATE_03_DIST_03,STATE_03,POLICE,MEDIUM,false,true,false,false,OPEN,UNDER_REVIEW,false,false,false,true,INVESTIGATION,VIEW,false,false,MISSING,NIGHT,ONLINE,MANUAL_ESCALATION,P-2026-05-STEP1,false,true,54b3e48442f2cb3068846ca60acd680f4b2cdfce1cfedbc6273d3f0fab5a4102
REQ-000436,2026-05-28T05:04:00Z,court_request,OFF-0067,81023882823dba8b6e04e6a8,Inspector,4,POLICE,STATE_02_DIST_03_PS_01,STATE_02_DIST_03,STATE_02,MEDIUM,ACTIVE,NOT_ASSIGNED,REC-000144,ade265794cead86e3a593cc9,CASE-00091,GENERAL_THEFT,VICTIM_RECORD,STATE_03_DIST_03_PS_02,STATE_03_DIST_03,STATE_03,POLICE,HIGH,true,false,false,false,OPEN,ACTIVE,false,false,false,true,COURT_PRODUCTION,UPDATE,false,true,PRESENT_VALID,AFTER_HOURS,ONLINE,ICJS_STYLE_EXCHANGE,P-2026-05-STEP1,false,true,75059d3c73228b14f41543e14994bce59da74a11200389dfc1a0ba9934c16676
REQ-000437,2026-05-29T17:33:00Z,cross_jurisdiction_sensitive,OFF-0067,81023882823dba8b6e04e6a8,Inspector,4,POLICE,STATE_02_DIST_03_PS_01,STATE_02_DIST_03,STATE_02,MEDIUM,ACTIVE,NOT_ASSIGNED,REC-000201,98b22e3931eb5eac488f143b,CASE-00098,MISSING_PERSON,JUVENILE_RECORD,STATE_01_DIST_02_PS_02,STATE_01_DIST_02,STATE_01,POLICE,HIGH,false,false,true,false,OPEN,ACTIVE,false,false,false,true,INVESTIGATION,DOWNLOAD,false,false,MISSING,NIGHT,ONLINE,ICJS_STYLE_EXCHANGE,P-2026-05-STEP1,false,true,efa9464683db96903ddfd1c56cf3a827cb78d35fdb37851015388935329c13a1
REQ-000438,2026-06-01T04:06:00Z,sealed_record,OFF-0041,6adbebf965a8665f8e3dd8db,Station House Officer,5,POLICE,STATE_02_DIST_03_PS_03,STATE_02_DIST_03,STATE_02,HIGH,ACTIVE,NOT_ASSIGNED,REC-000534,bdfbd5d0c6ab2b6582c219bb,CASE-00055,MISSING_PERSON,WITNESS_STATEMENT,STATE_03_DIST_04_PS_01,STATE_03_DIST_04,STATE_03,POLICE,CLASSIFIED,false,true,false,false,SEALED,ACTIVE,false,false,false,true,COURT_PRODUCTION,VIEW,false,true,PRESENT_VALID,BUSINESS_HOURS,ONLINE,ICJS_STYLE_EXCHANGE,P-2026-05-STEP1,false,true,a481cf88acbc78f618f8d4c7095ec3fc0e17cf8eccb64ad87e7ddd8c998007ad
REQ-000439,2026-05-30T15:48:00Z,court_request,OFF-0045,1abb810c99dd60558b095f4d,Inspector,4,POLICE,STATE_02_DIST_01_PS_01,STATE_02_DIST_01,STATE_02,MEDIUM,REVOKED,NOT_ASSIGNED,REC-000444,d7a80c935b5e982d9aa6d398,CASE-00124,MISSING_PERSON,EVIDENCE_MEDIA,STATE_01_DIST_04_PS_01,STATE_01_DIST_04,STATE_01,POLICE,CLASSIFIED,false,false,false,true,OPEN,ACTIVE,false,false,false,true,PROSECUTION_REVIEW,VIEW,false,true,PRESENT_VALID,BUSINESS_HOURS,ONLINE,CCTNS_STYLE_API,P-2026-05-STEP1,false,true,82ae38379be4ba56f6f62bbb5cc12c9ef85021ee45ba349606a718d49b79f670
REQ-000440,2026-05-28T20:00:00Z,normal_in_jurisdiction,OFF-0048,871e4c8cc36e0fafb27ef560,Sub-Inspector,3,POLICE,STATE_01_DIST_02_PS_02,STATE_01_DIST_02,STATE_01,MEDIUM,ACTIVE,ASSIGNED,REC-000516,dc7ebd2a3c118cae47903bf9,CASE-00270,MISSING_PERSON,CYBERCRIME_COMPLAINT,STATE_01_DIST_02_PS_02,STATE_01_DIST_02,STATE_01,POLICE,MEDIUM,false,false,false,false,OPEN,UNDER_REVIEW,true,true,true,false,INVESTIGATION,VIEW,false,false,NOT_REQUIRED,AFTER_HOURS,ONLINE,CCTNS_STYLE_API,P-2026-05-STEP1,false,true,fe451a7477e349eabd201c3f4df71ff94e8fa84b8c05467dd146964934caeab6
REQ-000441,2026-05-30T16:12:00Z,normal_in_jurisdiction,OFF-0196,d60f48d22e03c3316a18fa6d,Head Constable,2,POLICE,STATE_02_DIST_03_PS_01,STATE_02_DIST_03,STATE_02,LOW,ACTIVE,ASSIGNED,REC-000058,31c8bd69fafd25493ad89627,CASE-00065,CYBER_FRAUD,FIR_SUMMARY,STATE_02_DIST_03_PS_01,STATE_02_DIST_03,STATE_02,POLICE,MEDIUM,false,false,false,false,OPEN,ARCHIVED,true,true,true,false,INVESTIGATION,VIEW,false,false,NOT_REQUIRED,BUSINESS_HOURS,ONLINE,MANUAL_ESCALATION,P-2026-05-STEP1,false,true,5849d1b93efed0a89c5b8f29eb2193724170a11276b4e9e575f475c02010caf6
REQ-000442,2026-05-27T22:06:00Z,cross_jurisdiction_sensitive,OFF-0175,22a74f5c5cd00d0646a359b6,Forensic Officer,4,FORENSIC,STATE_03_DIST_03_PS_03,STATE_03_DIST_03,STATE_03,HIGH,ACTIVE,NOT_ASSIGNED,REC-000461,24b2390d4286ceb3b5cac194,CASE-00026,NARCOTICS,CASE_DIARY,STATE_03_DIST_02_PS_03,STATE_03_DIST_02,STATE_03,POLICE,HIGH,false,false,false,false,OPEN,ACTIVE,false,false,true,true,INVESTIGATION,SHARE,false,false,MISSING,BUSINESS_HOURS,ONLINE,ICJS_STYLE_EXCHANGE,P-2026-05-STEP1,false,true,7d43ef92b53d32643191e7e2e5aca9294178b78a6bb869dcc4dafbced0200a38
REQ-000443,2026-05-30T09:13:00Z,emergency_override,OFF-0034,9f1a046129b76f0cd0f13803,Sub-Inspector,3,POLICE,STATE_03_DIST_04_PS_03,STATE_03_DIST_04,STATE_03,MEDIUM,ACTIVE,NOT_ASSIGNED,REC-000159,3cef4d9f8d92d3f7cc295a2a,CASE-00336,JUVENILE_PROTECTION,COURT_SUBMISSION,STATE_01_DIST_02_PS_02,STATE_01_DIST_02,STATE_01,POLICE,MEDIUM,false,false,true,false,OPEN,ACTIVE,false,false,false,true,EMERGENCY_RESPONSE,VIEW,true,false,MISSING,NIGHT,ONLINE,CCTNS_STYLE_API,P-2026-05-STEP1,false,true,5901323b6b165a474e710df27a4a1a13bc48907ac997a5dd2a68d23ab9ed18a7
REQ-000444,2026-05-29T18:36:00Z,normal_in_jurisdiction,OFF-0021,d58ac64e32ce6bc751285238,Sub-Inspector,3,POLICE,STATE_03_DIST_01_PS_01,STATE_03_DIST_01,STATE_03,MEDIUM,ACTIVE,ASSIGNED,REC-000742,79c28dac3a5963ddb5d05b71,CASE-00066,JUVENILE_PROTECTION,COURT_SUBMISSION,STATE_03_DIST_01_PS_01,STATE_03_DIST_01,STATE_03,POLICE,MEDIUM,false,false,true,false,OPEN,UNDER_REVIEW,true,true,true,false,INVESTIGATION,VIEW,false,false,NOT_REQUIRED,BUSINESS_HOURS,ONLINE,MANUAL_ESCALATION,P-2026-05-STEP1,false,true,2d1e5a360ec96f141389ef0156365cc76986cc2f6abda475ea5fde8ecd6101c4
REQ-000445,2026-05-31T22:40:00Z,normal_in_jurisdiction,OFF-0116,f1533940112c34367e3740e3,Station House Officer,5,POLICE,STATE_03_DIST_02_PS_01,STATE_03_DIST_02,STATE_03,HIGH,ACTIVE,ASSIGNED,REC-000564,39541a70f058a3a497154a3d,CASE-00272,WOMEN_CHILD_SAFETY,CYBERCRIME_COMPLAINT,STATE_03_DIST_02_PS_01,STATE_03_DIST_02,STATE_03,POLICE,MEDIUM,true,false,false,false,OPEN,ACTIVE,true,true,true,false,INVESTIGATION,VIEW,false,false,NOT_REQUIRED,BUSINESS_HOURS,ONLINE,CCTNS_STYLE_API,P-2026-05-STEP1,false,true,7187c7160ac991d3e3d3f17f5950bafec9f6be7c87ba4c182b40887ee4a83cda
REQ-000446,2026-05-30T17:12:00Z,stale_case_assignment,OFF-0105,acd11cf62713639d9ec501cd,Sub-Inspector,3,POLICE,STATE_01_DIST_02_PS_02,STATE_01_DIST_02,STATE_01,MEDIUM,ACTIVE,STALE,REC-000405,28eb3655e909b804912a3867,CASE-00248,VIOLENT_CRIME,EVIDENCE_MEDIA,STATE_02_DIST_02_PS_03,STATE_02_DIST_02,STATE_02,POLICE,HIGH,false,false,false,true,OPEN,ACTIVE,false,false,false,true,INVESTIGATION,VIEW,false,false,MISSING,AFTER_HOURS,ONLINE,CCTNS_STYLE_API,P-2026-05-STEP1,false,true,a208154c6484ada78c88c1ad2751bdcc6bf5acb5f33ffc432cdd0e94cf14a086
REQ-000447,2026-05-28T05:48:00Z,cross_jurisdiction_sensitive,OFF-0156,5f299dc3f248e4c74232aab4,Inspector,4,POLICE,STATE_02_DIST_04_PS_01,STATE_02_DIST_04,STATE_02,MEDIUM,ACTIVE,NOT_ASSIGNED,REC-000220,c3ad49089de0c685eea42246,CASE-00063,FINANCIAL_CRIME,VICTIM_RECORD,STATE_02_DIST_01_PS_02,STATE_02_DIST_01,STATE_02,POLICE,HIGH,true,false,false,false,SEALED,ACTIVE,false,false,true,true,INVESTIGATION,VIEW,false,false,PRESENT_VALID,AFTER_HOURS,ONLINE,CCTNS_STYLE_API,P-2026-05-STEP1,false,true,044fbbaca83e0d58294824d84b1cecc48b33dbefeaf692cc83091a168544b0ca
REQ-000448,2026-05-31T16:00:00Z,court_request,OFF-0210,4150a8ceaba40e213683ea41,Constable,1,POLICE,STATE_02_DIST_01_PS_01,STATE_02_DIST_01,STATE_02,LOW,ACTIVE,NOT_ASSIGNED,REC-000177,d249b6726116fc478ecc0a55,CASE-00201,VIOLENT_CRIME,FORENSIC_REPORT,STATE_01_DIST_02_PS_02,STATE_01_DIST_02,STATE_01,POLICE,HIGH,false,false,false,false,OPEN,ACTIVE,false,false,false,true,PROSECUTION_REVIEW,VIEW,false,true,PRESENT_VALID,BUSINESS_HOURS,ONLINE,MANUAL_ESCALATION,P-2026-05-STEP1,false,true,595f59d529fe2593ded3f3a16aaf8fbfa8b78a7489ebd4630ea73151c005b31c
REQ-000449,2026-05-30T10:19:00Z,stale_case_assignment,OFF-0239,cef54734e093447c3864ede7,Inspector,4,POLICE,STATE_02_DIST_01_PS_02,STATE_02_DIST_01,STATE_02,MEDIUM,ACTIVE,STALE,REC-000658,19a7c92363fbe8fe785c9ff8,CASE-00058,GENERAL_THEFT,WITNESS_STATEMENT,STATE_03_DIST_03_PS_03,STATE_03_DIST_03,STATE_03,POLICE,MEDIUM,false,true,false,false,OPEN,ACTIVE,false,false,false,true,INVESTIGATION,VIEW,false,false,MISSING,BUSINESS_HOURS,ONLINE,MANUAL_ESCALATION,P-2026-05-STEP1,false,true,0c218a46a7b68caa71949e01dac11a60cd89eeacee5d3f55a74452c0bda1554d
REQ-000450,2026-05-30T18:00:00Z,sealed_record,OFF-0097,0de9124a7d38c17a328e4497,Cybercrime Officer,4,CYBERCRIME,STATE_01_DIST_04_PS_03,STATE_01_DIST_04,STATE_01,HIGH,ACTIVE,NOT_ASSIGNED,REC-000204,a638e70808e21ac763018336,CASE-00128,GENERAL_THEFT,FIR_SUMMARY,STATE_01_DIST_01_PS_02,STATE_01_DIST_01,STATE_01,POLICE,LOW,false,false,false,false,SEALED,UNDER_REVIEW,false,false,true,true,INVESTIGATION,VIEW,false,false,MISSING,AFTER_HOURS,ONLINE,ICJS_STYLE_EXCHANGE,P-2026-05-STEP1,false,true,770b407fff9ac9ed56ed99a17ab98567c42c73a054d5fb94dc14642a5b1e704e
REQ-000451,2026-05-29T04:37:00Z,normal_in_jurisdiction,OFF-0187,dea3496d0907b239fdcdd5a2,Inspector,4,POLICE,STATE_02_DIST_02_PS_03,STATE_02_DIST_02,STATE_02,MEDIUM,ACTIVE,ASSIGNED,REC-000770,227c461d84e121aa1f3cf1a9,CASE-00224,JUVENILE_PROTECTION,COURT_SUBMISSION,STATE_02_DIST_02_PS_03,STATE_02_DIST_02,STATE_02,POLICE,MEDIUM,false,false,true,false,OPEN,ACTIVE,true,true,true,false,INVESTIGATION,VIEW,false,false,NOT_REQUIRED,NIGHT,ONLINE,ICJS_STYLE_EXCHANGE,P-2026-05-STEP1,false,true,4eb3529652c1ca56fb19d190cd91a6559a1ae7288ff3ab0e0afd83e982bc22e2
REQ-000452,2026-05-30T03:20:00Z,cross_jurisdiction_sensitive,OFF-0167,a2884bcebf8616c20bdb4688,Sub-Inspector,3,POLICE,STATE_01_DIST_01_PS_02,STATE_01_DIST_01,STATE_01,MEDIUM,ACTIVE,NOT_ASSIGNED,REC-000861,e5385c525aa0b8f6bd09732a,CASE-00004,WOMEN_CHILD_SAFETY,CYBERCRIME_COMPLAINT,STATE_02_DIST_03_PS_03,STATE_02_DIST_03,STATE_02,POLICE,MEDIUM,true,false,false,false,OPEN,ACTIVE,false,false,false,true,SUPERVISION,VIEW,false,false,MISSING,NIGHT,ONLINE,MANUAL_ESCALATION,P-2026-05-STEP1,false,true,6420913368fbe2776a4e8d983a906ab91ac7550514829cb2814b6bdb6d6dda8d
REQ-000453,2026-05-28T06:12:00Z,normal_in_jurisdiction,OFF-0027,0333fdd2d35c528a38a1dbe4,Head Constable,2,POLICE,STATE_02_DIST_01_PS_01,STATE_02_DIST_01,STATE_02,LOW,ACTIVE,ASSIGNED,REC-000681,deffffbc895a829fcc534b52,CASE-00356,NARCOTICS,COURT_SUBMISSION,STATE_02_DIST_01_PS_01,STATE_02_DIST_01,STATE_02,POLICE,MEDIUM,false,false,false,false,OPEN,ACTIVE,true,true,true,false,INVESTIGATION,VIEW,false,false,NOT_REQUIRED,NIGHT,ONLINE,ICJS_STYLE_EXCHANGE,P-2026-05-STEP1,false,true,2fa05518b4db730cc83825f00daa57ad10e61d7ea22055e17ca71fe3ecadceaf
REQ-000454,2026-05-30T03:40:00Z,normal_in_jurisdiction,OFF-0043,d4da98f8bbaf8c84670817a6,Inspector,4,POLICE,STATE_02_DIST_02_PS_03,STATE_02_DIST_02,STATE_02,MEDIUM,ACTIVE,ASSIGNED,REC-000213,9d828451fa91e0118c922412,CASE-00171,NARCOTICS,FIR_SUMMARY,STATE_02_DIST_02_PS_03,STATE_02_DIST_02,STATE_02,POLICE,LOW,false,false,false,false,OPEN,ARCHIVED,true,true,true,false,INVESTIGATION,VIEW,false,false,NOT_REQUIRED,BUSINESS_HOURS,STATION_NODE_DOWN,CCTNS_STYLE_API,P-2026-05-STEP1,false,true,8b509288eb768a8954908b390b2fb2d245b3294306f423b4971e2bc904e745ba
REQ-000455,2026-05-27T15:10:00Z,normal_in_jurisdiction,OFF-0115,6aacb3c44032122c078cc506,Sub-Inspector,3,POLICE,STATE_02_DIST_01_PS_01,STATE_02_DIST_01,STATE_02,MEDIUM,ACTIVE,ASSIGNED,REC-000343,121319e5c742c9826335312f,CASE-00356,NARCOTICS,FIR_SUMMARY,STATE_02_DIST_01_PS_01,STATE_02_DIST_01,STATE_02,POLICE,MEDIUM,false,false,false,false,OPEN,ACTIVE,true,true,true,false,INVESTIGATION,VIEW,false,false,NOT_REQUIRED,BUSINESS_HOURS,ONLINE,ICJS_STYLE_EXCHANGE,P-2026-05-STEP1,false,true,8bf12ed4c2b0dc1b1f0ccaa0a26c5c4ca226f8d11e19dd3c508b85adf9506bed
REQ-000456,2026-05-31T10:24:00Z,stale_case_assignment,OFF-0228,8a7aea37c451a80fdc290e57,Inspector,4,POLICE,STATE_01_DIST_02_PS_01,STATE_01_DIST_02,STATE_01,MEDIUM,ACTIVE,STALE,REC-000275,da955dc4e17b595e2820e3be,CASE-00144,MISSING_PERSON,EVIDENCE_MEDIA,STATE_03_DIST_04_PS_02,STATE_03_DIST_04,STATE_03,POLICE,CLASSIFIED,false,false,false,true,OPEN,ARCHIVED,false,false,false,true,INVESTIGATION,VIEW,false,false,MISSING,AFTER_HOURS,STATION_NODE_DOWN,ICJS_STYLE_EXCHANGE,P-2026-05-STEP1,false,true,10248260675c98482c9d1de5a69292cb1c050d82fb3c250392190b55404c3825
REQ-000457,2026-05-28T21:42:00Z,juvenile_sensitive,OFF-0078,006fa23a737e20e3625debb8,Inspector,4,POLICE,STATE_01_DIST_01_PS_02,STATE_01_DIST_01,STATE_01,MEDIUM,ACTIVE,NOT_ASSIGNED,REC-000070,f905e90f3faf128a9c8c9d40,CASE-00291,JUVENILE_PROTECTION,JUVENILE_RECORD,STATE_02_DIST_01_PS_03,STATE_02_DIST_01,STATE_02,POLICE,HIGH,false,false,true,false,OPEN,ACTIVE,false,false,false,true,INVESTIGATION,SHARE,false,false,PRESENT_VALID,AFTER_HOURS,ONLINE,CCTNS_STYLE_API,P-2026-05-STEP1,false,true,32324d3c452a6e39ebd05e807c3b4ed82198637b22af3dfd73ecb44f1e9551ef
REQ-000458,2026-05-28T06:32:00Z,normal_in_jurisdiction,OFF-0043,d4da98f8bbaf8c84670817a6,Inspector,4,POLICE,STATE_02_DIST_02_PS_03,STATE_02_DIST_02,STATE_02,MEDIUM,ACTIVE,ASSIGNED,REC-000213,9d828451fa91e0118c922412,CASE-00171,NARCOTICS,FIR_SUMMARY,STATE_02_DIST_02_PS_03,STATE_02_DIST_02,STATE_02,POLICE,LOW,false,false,false,false,OPEN,ARCHIVED,true,true,true,false,INVESTIGATION,VIEW,false,false,NOT_REQUIRED,BUSINESS_HOURS,DEGRADED,MANUAL_ESCALATION,P-2026-05-STEP1,false,true,e10a633d9384431f9635a04ddcad70ab039a7139cc596d27fcfc8130b42904c7
REQ-000459,2026-05-30T12:09:00Z,cross_jurisdiction_sensitive,OFF-0021,d58ac64e32ce6bc751285238,Sub-Inspector,3,POLICE,STATE_03_DIST_01_PS_01,STATE_03_DIST_01,STATE_03,MEDIUM,ACTIVE,NOT_ASSIGNED,REC-000494,fb5fe9b5c0b2f6fb1de8118b,CASE-00342,FINANCIAL_CRIME,JUVENILE_RECORD,STATE_01_DIST_04_PS_01,STATE_01_DIST_04,STATE_01,POLICE,CLASSIFIED,false,false,true,false,OPEN,ACTIVE,false,false,false,true,FORENSIC_REVIEW,VIEW,false,false,MISSING,BUSINESS_HOURS,ONLINE,CCTNS_STYLE_API,P-2026-05-STEP1,false,true,2f2ecb922330a6dca17195bc41f422181cd594e73c386dc5948428c7e336cf64
REQ-000460,2026-05-30T04:40:00Z,stale_case_assignment,OFF-0222,fed71b6f957fb445cdad7897,Station House Officer,5,POLICE,STATE_03_DIST_04_PS_01,STATE_03_DIST_04,STATE_03,HIGH,ACTIVE,STALE,REC-000645,3d33aeac9a024f9da6d7ccf9,CASE-00242,MISSING_PERSON,EVIDENCE_MEDIA,STATE_03_DIST_01_PS_01,STATE_03_DIST_01,STATE_03,POLICE,CLASSIFIED,false,false,false,true,OPEN,ACTIVE,false,false,true,true,INVESTIGATION,VIEW,false,false,MISSING,NIGHT,ONLINE,MANUAL_ESCALATION,P-2026-05-STEP1,false,true,eda2169fa15d35a65fcda0e73cd78292167c5dcf75ab0ac2e5095e788e60363b
REQ-000461,2026-05-28T22:06:00Z,expired_approval_token,OFF-0005,0c324b29f9a967adb599bde0,Cybercrime Officer,4,CYBERCRIME,STATE_01_DIST_03_PS_03,STATE_01_DIST_03,STATE_01,HIGH,ACTIVE,NOT_ASSIGNED,REC-000831,bd8150b0c487b45357673f02,CASE-00091,GENERAL_THEFT,FIR_SUMMARY,STATE_03_DIST_03_PS_02,STATE_03_DIST_03,STATE_03,POLICE,LOW,false,false,false,false,SEALED,ACTIVE,false,false,false,true,INVESTIGATION,VIEW,false,false,EXPIRED,NIGHT,ONLINE,MANUAL_ESCALATION,P-2026-05-STEP1,false,true,f10126b2dbe0053fa82f2cc656edc9741840a477339e9beaae0bfc116c68eb62
REQ-000462,2026-05-28T14:30:00Z,sealed_record,OFF-0227,2747b4371f8a7719020e45ce,Forensic Officer,4,FORENSIC,STATE_02_DIST_04_PS_02,STATE_02_DIST_04,STATE_02,HIGH,ACTIVE,NOT_ASSIGNED,REC-000512,957a61b122db170092250b9c,CASE-00358,VIOLENT_CRIME,EVIDENCE_MEDIA,STATE_02_DIST_02_PS_02,STATE_02_DIST_02,STATE_02,POLICE,CLASSIFIED,false,false,false,true,SEALED,ACTIVE,false,false,true,true,PROSECUTION_REVIEW,DOWNLOAD,false,true,MISSING,BUSINESS_HOURS,ONLINE,CCTNS_STYLE_API,P-2026-05-STEP1,false,true,ac04614c64d594a458111bb52cad37bbff487d0093e4c34e74db03771629c976
REQ-000463,2026-05-29T21:27:00Z,cross_jurisdiction_sensitive,OFF-0237,7e3146ebb6c4e9a4f7f4cfaa,Sub-Inspector,3,POLICE,STATE_01_DIST_02_PS_03,STATE_01_DIST_02,STATE_01,MEDIUM,ACTIVE,NOT_ASSIGNED,REC-000498,052bb27e46c08261ae984b1a,CASE-00322,VIOLENT_CRIME,CYBERCRIME_COMPLAINT,STATE_03_DIST_01_PS_02,STATE_03_DIST_01,STATE_03,POLICE,HIGH,false,false,false,false,OPEN,UNDER_REVIEW,false,false,false,true,FORENSIC_REVIEW,VIEW,false,false,MISSING,BUSINESS_HOURS,ONLINE,CCTNS_STYLE_API,P-2026-05-STEP1,false,true,59d9f8027ca01e31392560b8bb9c38d4e48825e490dce1ca91a6f9aabe43c100
REQ-000464,2026-06-01T11:28:00Z,random_context,OFF-0144,426f43bdc9c73b5f3d8480a4,Sub-Inspector,3,POLICE,STATE_01_DIST_04_PS_03,STATE_01_DIST_04,STATE_01,MEDIUM,ACTIVE,NOT_ASSIGNED,REC-000828,5a1033bd9e2acc6a1296cf3e,CASE-00151,CYBER_FRAUD,COURT_SUBMISSION,STATE_02_DIST_01_PS_01,STATE_02_DIST_01,STATE_02,POLICE,HIGH,false,false,false,false,OPEN,ACTIVE,false,false,false,true,SUPERVISION,DOWNLOAD,false,false,PRESENT_VALID,BUSINESS_HOURS,ONLINE,CCTNS_STYLE_API,P-2026-05-STEP1,false,true,2e502e2ef43d159abc73c04d636f42c0350402f3b91f27073a9dfd3ca4bb4b31
REQ-000465,2026-05-29T14:00:00Z,stale_case_assignment,OFF-0145,733b1499389b250473119b5c,Inspector,4,POLICE,STATE_01_DIST_04_PS_03,STATE_01_DIST_04,STATE_01,MEDIUM,ACTIVE,STALE,REC-000395,580ccae8746e99f501c78975,CASE-00274,VIOLENT_CRIME,CASE_DIARY,STATE_02_DIST_03_PS_01,STATE_02_DIST_03,STATE_02,POLICE,MEDIUM,false,false,false,false,OPEN,ARCHIVED,false,false,false,true,INVESTIGATION,DOWNLOAD,false,false,MISSING,AFTER_HOURS,ONLINE,MANUAL_ESCALATION,P-2026-05-STEP1,false,true,c7573a5419e37c33fd9de605179518b18ae680329595d9ff0b9cbac841e3911d
REQ-000466,2026-06-01T12:02:00Z,random_context,OFF-0132,9a1678400f682a3201830c3a,Head Constable,2,POLICE,STATE_02_DIST_02_PS_03,STATE_02_DIST_02,STATE_02,LOW,ACTIVE,NOT_ASSIGNED,REC-000807,24c8c0c8b19638b5e8c5fe9b,CASE-00295,WOMEN_CHILD_SAFETY,FORENSIC_REPORT,STATE_01_DIST_01_PS_02,STATE_01_DIST_01,STATE_01,POLICE,HIGH,true,false,false,false,OPEN,ACTIVE,false,false,false,true,COURT_PRODUCTION,VIEW,false,false,NOT_REQUIRED,BUSINESS_HOURS,ONLINE,ICJS_STYLE_EXCHANGE,P-2026-05-STEP1,false,true,b53dbdd335455954cf4ea0cd833b9ab2046b72bfe7574999441d28b4e944ad20
REQ-000467,2026-06-01T12:19:00Z,normal_in_jurisdiction,OFF-0118,90e9de18363ee212ab55f392,Sub-Inspector,3,POLICE,STATE_03_DIST_03_PS_03,STATE_03_DIST_03,STATE_03,MEDIUM,ACTIVE,ASSIGNED,REC-000203,c175ed352d21ac0c97e0b181,CASE-00109,NARCOTICS,WITNESS_STATEMENT,STATE_03_DIST_03_PS_03,STATE_03_DIST_03,STATE_03,POLICE,MEDIUM,false,true,false,false,OPEN,ACTIVE,true,true,true,false,INVESTIGATION,VIEW,false,false,NOT_REQUIRED,BUSINESS_HOURS,ONLINE,CCTNS_STYLE_API,P-2026-05-STEP1,false,true,d2300e766a0d0d51788561a5b190fe25b6bb42f2d6ad52fc53f908f7ae02d5c3
REQ-000468,2026-05-30T13:48:00Z,cross_jurisdiction_sensitive,OFF-0222,fed71b6f957fb445cdad7897,Station House Officer,5,POLICE,STATE_03_DIST_04_PS_01,STATE_03_DIST_04,STATE_03,HIGH,ACTIVE,NOT_ASSIGNED,REC-000707,d54e59d1e5b8752743ec8dd1,CASE-00306,WOMEN_CHILD_SAFETY,COURT_SUBMISSION,STATE_02_DIST_02_PS_01,STATE_02_DIST_02,STATE_02,POLICE,HIGH,true,false,false,false,OPEN,ACTIVE,false,false,false,true,FORENSIC_REVIEW,VIEW,false,false,MISSING,BUSINESS_HOURS,ONLINE,MANUAL_ESCALATION,P-2026-05-STEP1,false,true,09607774e9d0a9cd8524b05419e87b0fce49cf2d40b5b016756e0df357895dcc
REQ-000469,2026-05-28T22:54:00Z,normal_in_jurisdiction,OFF-0149,816d13ffa68e60a160c3810f,Constable,1,POLICE,STATE_02_DIST_01_PS_03,STATE_02_DIST_01,STATE_02,LOW,ACTIVE,ASSIGNED,REC-000259,8d8ccd21b2cc1f62311c5630,CASE-00139,FINANCIAL_CRIME,FIR_SUMMARY,STATE_02_DIST_01_PS_03,STATE_02_DIST_01,STATE_02,POLICE,MEDIUM,false,false,false,false,OPEN,ACTIVE,true,true,true,false,INVESTIGATION,VIEW,false,false,NOT_REQUIRED,BUSINESS_HOURS,ONLINE,CCTNS_STYLE_API,P-2026-05-STEP1,false,true,0e288b5f69a4588c78897e4f834a9bafcd523fd273da79e659eb1f87301fe852
REQ-000470,2026-05-28T07:20:00Z,normal_in_jurisdiction,OFF-0172,59295c95c257a05519b6f91d,Inspector,4,POLICE,STATE_03_DIST_02_PS_02,STATE_03_DIST_02,STATE_03,MEDIUM,ACTIVE,ASSIGNED,REC-000609,848374cba02b5f1752de9ecc,CASE-00299,NARCOTICS,COURT_SUBMISSION,STATE_03_DIST_02_PS_02,STATE_03_DIST_02,STATE_03,POLICE,MEDIUM,false,false,false,false,OPEN,ACTIVE,true,true,true,false,INVESTIGATION,VIEW,false,false,NOT_REQUIRED,AFTER_HOURS,ONLINE,ICJS_STYLE_EXCHANGE,P-2026-05-STEP1,false,true,4a893ab34dde692b5728f6e30d4ff74511188e14c643561530f40f017c0db4cd
REQ-000471,2026-05-28T15:15:00Z,revoked_credential,OFF-0069,ecaec2b1bb689d9a6ebf8cca,Constable,1,POLICE,STATE_02_DIST_02_PS_03,STATE_02_DIST_02,STATE_02,LOW,REVOKED,NOT_ASSIGNED,REC-000120,22934e416c5fb7d3a1737ee2,CASE-00138,NARCOTICS,COURT_SUBMISSION,STATE_03_DIST_04_PS_01,STATE_03_DIST_04,STATE_03,POLICE,MEDIUM,false,false,false,false,OPEN,ARCHIVED,false,false,false,true,AUDIT,APPROVE,false,false,MISSING,BUSINESS_HOURS,ONLINE,CCTNS_STYLE_API,P-2026-05-STEP1,false,true,fad77c64190dc6e1f3b08926d0aa661248c8f1feb14433db29c9542f7ba00ddd
REQ-000472,2026-05-28T07:28:00Z,emergency_override,OFF-0132,9a1678400f682a3201830c3a,Head Constable,2,POLICE,STATE_02_DIST_02_PS_03,STATE_02_DIST_02,STATE_02,LOW,ACTIVE,NOT_ASSIGNED,REC-000323,d94d037bceb6d6ea53e03101,CASE-00026,NARCOTICS,CYBERCRIME_COMPLAINT,STATE_03_DIST_02_PS_03,STATE_03_DIST_02,STATE_03,POLICE,CLASSIFIED,false,false,false,false,OPEN,ACTIVE,false,false,false,true,EMERGENCY_RESPONSE,VIEW,true,false,MISSING,BUSINESS_HOURS,ONLINE,CCTNS_STYLE_API,P-2026-05-STEP1,false,true,c4eb8efbcf74e6e63708d291b720e6abd1dcd464637e6355ab78cb01cf2a7c89
REQ-000473,2026-05-31T06:29:00Z,normal_in_jurisdiction,OFF-0175,22a74f5c5cd00d0646a359b6,Forensic Officer,4,FORENSIC,STATE_03_DIST_03_PS_03,STATE_03_DIST_03,STATE_03,HIGH,ACTIVE,ASSIGNED,REC-000739,6969bc27b1c05b9059519252,CASE-00035,NARCOTICS,FIR_SUMMARY,STATE_03_DIST_03_PS_03,STATE_03_DIST_03,STATE_03,POLICE,LOW,false,false,false,false,OPEN,ACTIVE,true,true,true,false,INVESTIGATION,VIEW,false,false,NOT_REQUIRED,NIGHT,DEGRADED,MANUAL_ESCALATION,P-2026-05-STEP1,false,true,dfbbce8695bc4480f425039a1ca3d3bd3857f115281124d8023dc1860ce087bd
REQ-000474,2026-05-28T23:24:00Z,cross_jurisdiction_sensitive,OFF-0192,3d55943653d0579351b1bb1c,Sub-Inspector,3,POLICE,STATE_02_DIST_03_PS_01,STATE_02_DIST_03,STATE_02,MEDIUM,ACTIVE,NOT_ASSIGNED,REC-000183,e12e00177a9ba0dc649887b2,CASE-00246,NARCOTICS,FORENSIC_REPORT,STATE_01_DIST_01_PS_02,STATE_01_DIST_01,STATE_01,POLICE,HIGH,false,false,false,false,OPEN,UNDER_REVIEW,false,false,false,true,FORENSIC_REVIEW,DOWNLOAD,false,false,PRESENT_VALID,BUSINESS_HOURS,ONLINE,MANUAL_ESCALATION,P-2026-05-STEP1,false,true,556a38c0e9756056ce91b2f68d453d4fa93463ce854720eaa6671565abb3f134
REQ-000475,2026-06-01T14:35:00Z,court_request,OFF-0149,816d13ffa68e60a160c3810f,Constable,1,POLICE,STATE_02_DIST_01_PS_03,STATE_02_DIST_01,STATE_02,LOW,ACTIVE,NOT_ASSIGNED,REC-000523,f25dca854781c5619ace3e1f,CASE-00275,WOMEN_CHILD_SAFETY,CYBERCRIME_COMPLAINT,STATE_02_DIST_01_PS_02,STATE_02_DIST_01,STATE_02,POLICE,MEDIUM,true,false,false,false,OPEN,UNDER_REVIEW,false,true,true,false,COURT_PRODUCTION,VIEW,false,true,PRESENT_VALID,BUSINESS_HOURS,STATION_NODE_DOWN,ICJS_STYLE_EXCHANGE,P-2026-05-STEP1,false,true,4c6592e21a249a0e72876ad322a66e7df834f358986b03efa17eabc95a7413cc
REQ-000476,2026-05-27T23:48:00Z,cross_jurisdiction_sensitive,OFF-0162,ec1ea596f81353f2d9f85816,Sub-Inspector,3,POLICE,STATE_03_DIST_01_PS_01,STATE_03_DIST_01,STATE_03,MEDIUM,ACTIVE,NOT_ASSIGNED,REC-000101,89cb204fbfc33d55534482e2,CASE-00312,WOMEN_CHILD_SAFETY,VICTIM_RECORD,STATE_03_DIST_03_PS_02,STATE_03_DIST_03,STATE_03,POLICE,HIGH,true,false,false,false,OPEN,ARCHIVED,false,false,true,true,SUPERVISION,VIEW,false,false,PRESENT_VALID,BUSINESS_HOURS,ONLINE,MANUAL_ESCALATION,P-2026-05-STEP1,false,true,2363c9a3247e6edd0cdb6c4be7af6b1f98770ce2d8f82cb64a7e30dae9f32f65
REQ-000477,2026-05-29T15:36:00Z,juvenile_sensitive,OFF-0033,4f04697319f636cd795e5d1b,Senior Superintendent,6,POLICE,STATE_03_DIST_01_PS_01,STATE_03_DIST_01,STATE_03,CLASSIFIED,ACTIVE,NOT_ASSIGNED,REC-000147,c0cd6baa4f06c293515ad310,CASE-00155,JUVENILE_PROTECTION,CASE_DIARY,STATE_01_DIST_03_PS_01,STATE_01_DIST_03,STATE_01,POLICE,HIGH,false,false,true,false,OPEN,ACTIVE,false,false,false,true,SUPERVISION,DOWNLOAD,false,false,MISSING,BUSINESS_HOURS,ONLINE,CCTNS_STYLE_API,P-2026-05-STEP1,false,true,29c4f37e2d34230d1679f94d5ff7ceb581d20cda9bd30bb7aafc60c9e763dcf5
REQ-000478,2026-05-29T23:42:00Z,normal_in_jurisdiction,OFF-0053,5250e04b75f9aa481b9f2c6e,Constable,1,POLICE,STATE_01_DIST_03_PS_01,STATE_01_DIST_03,STATE_01,LOW,ACTIVE,ASSIGNED,REC-000336,aa4f11dd4800719359ec7aa1,CASE-00174,NARCOTICS,FIR_SUMMARY,STATE_01_DIST_03_PS_01,STATE_01_DIST_03,STATE_01,POLICE,MEDIUM,false,false,false,false,OPEN,ARCHIVED,true,true,true,false,INVESTIGATION,VIEW,false,false,NOT_REQUIRED,BUSINESS_HOURS,ONLINE,MANUAL_ESCALATION,P-2026-05-STEP1,false,true,164016037c1635e2da5b45fe8ad3d5a8cbe35f4ac9d1cf393b9fe143a5243dba
REQ-000479,2026-06-01T07:44:00Z,cross_jurisdiction_sensitive,OFF-0056,614c14e8c660d73ace97d265,Constable,1,POLICE,STATE_03_DIST_03_PS_01,STATE_03_DIST_03,STATE_03,LOW,ACTIVE,NOT_ASSIGNED,REC-000333,4aed89da6d83f2b742f3ba9e,CASE-00197,JUVENILE_PROTECTION,CASE_DIARY,STATE_02_DIST_01_PS_02,STATE_02_DIST_01,STATE_02,POLICE,HIGH,false,false,true,false,OPEN,ACTIVE,false,false,false,true,FORENSIC_REVIEW,DOWNLOAD,false,false,PRESENT_VALID,BUSINESS_HOURS,ONLINE,CCTNS_STYLE_API,P-2026-05-STEP1,false,true,7d81717534e0bc30c2aa4131d52aec62135d74e7db4c80654f70d14f554c5781
REQ-000480,2026-06-01T00:00:00Z,court_request,OFF-0022,cdb37082bd33066e73ce6a23,Constable,1,POLICE,STATE_03_DIST_02_PS_01,STATE_03_DIST_02,STATE_03,LOW,ACTIVE,NOT_ASSIGNED,REC-000178,7dee870272acf5645d4ab84c,CASE-00114,GENERAL_THEFT,JUVENILE_RECORD,STATE_01_DIST_02_PS_01,STATE_01_DIST_02,STATE_01,POLICE,CLASSIFIED,false,false,true,false,OPEN,ACTIVE,false,false,false,true,COURT_PRODUCTION,VIEW,false,true,PRESENT_VALID,AFTER_HOURS,ONLINE,MANUAL_ESCALATION,P-2026-05-STEP1,false,true,62512d01ce216fd3c9232d4ff5ddf021d58c5cedc831c8085bc30dd7e3ee65b4
REQ-000481,2026-05-28T00:03:00Z,juvenile_sensitive,OFF-0146,59518bd254aa8c0d0b7a139c,Senior Superintendent,6,POLICE,STATE_02_DIST_02_PS_02,STATE_02_DIST_02,STATE_02,CLASSIFIED,ACTIVE,NOT_ASSIGNED,REC-000777,9043a679045e2af84cd3c449,CASE-00030,JUVENILE_PROTECTION,VICTIM_RECORD,STATE_03_DIST_01_PS_01,STATE_03_DIST_01,STATE_03,POLICE,HIGH,true,false,true,false,OPEN,ACTIVE,false,false,false,true,SUPERVISION,DOWNLOAD,false,false,PRESENT_VALID,BUSINESS_HOURS,ONLINE,ICJS_STYLE_EXCHANGE,P-2026-05-STEP1,false,true,1f8907639626281388ff07d171bcdc08929c5a7071356932be5f0a3aa21bd59f
REQ-000482,2026-05-28T08:08:00Z,normal_in_jurisdiction,OFF-0217,fdc97c18ce18a70d495aa065,Head Constable,2,POLICE,STATE_02_DIST_03_PS_01,STATE_02_DIST_03,STATE_02,LOW,ACTIVE,ASSIGNED,REC-000456,36df47b04b751c66778ec264,CASE-00345,MISSING_PERSON,COURT_SUBMISSION,STATE_02_DIST_03_PS_01,STATE_02_DIST_03,STATE_02,POLICE,MEDIUM,false,false,false,false,OPEN,ARCHIVED,true,true,true,false,INVESTIGATION,VIEW,false,false,NOT_REQUIRED,BUSINESS_HOURS,ONLINE,MANUAL_ESCALATION,P-2026-05-STEP1,false,true,22f88e0d01dfa29367a673e628a39490ecf42a1d8dcd458f43dd15e155d02f16
REQ-000483,2026-05-31T16:42:00Z,sealed_record,OFF-0203,7c415028a69bb19f488fe7d8,Inspector,4,POLICE,STATE_01_DIST_01_PS_02,STATE_01_DIST_01,STATE_01,MEDIUM,ACTIVE,NOT_ASSIGNED,REC-000676,1f26606290f205ce6ede37d1,CASE-00030,JUVENILE_PROTECTION,EVIDENCE_MEDIA,STATE_03_DIST_01_PS_01,STATE_03_DIST_01,STATE_03,POLICE,CLASSIFIED,false,false,true,true,SEALED,UNDER_REVIEW,false,false,false,true,PROSECUTION_REVIEW,VIEW,false,true,PRESENT_VALID,AFTER_HOURS,ONLINE,CCTNS_STYLE_API,P-2026-05-STEP1,false,true,07097d7e466cf8f2c2dd7eb32cd39b66def9c7a707862a08117f62900e01e4ec
REQ-000484,2026-05-29T00:24:00Z,expired_approval_token,OFF-0106,2deed09bfdff4831b0bfcd1c,Sub-Inspector,3,POLICE,STATE_03_DIST_03_PS_02,STATE_03_DIST_03,STATE_03,MEDIUM,ACTIVE,NOT_ASSIGNED,REC-000091,b5eb5768404fed7cfcb3176c,CASE-00041,CYBER_FRAUD,FIR_SUMMARY,STATE_02_DIST_02_PS_02,STATE_02_DIST_02,STATE_02,POLICE,HIGH,false,false,false,false,OPEN,ARCHIVED,false,false,false,true,PROSECUTION_REVIEW,SHARE,false,false,EXPIRED,BUSINESS_HOURS,ONLINE,MANUAL_ESCALATION,P-2026-05-STEP1,false,true,89af4ca03d4b5c31e0d628d8ccf401e5848e5e7f3c6b99fc20d3fdbcfdf2d9de
REQ-000485,2026-06-01T09:20:00Z,sealed_record,OFF-0167,a2884bcebf8616c20bdb4688,Sub-Inspector,3,POLICE,STATE_01_DIST_01_PS_02,STATE_01_DIST_01,STATE_01,MEDIUM,ACTIVE,NOT_ASSIGNED,REC-000630,5735e1f43cfb1d05ceef90b4,CASE-00244,FINANCIAL_CRIME,JUVENILE_RECORD,STATE_02_DIST_01_PS_03,STATE_02_DIST_01,STATE_02,POLICE,CLASSIFIED,false,false,true,false,SEALED,ACTIVE,false,false,false,true,COURT_PRODUCTION,UPDATE,false,true,PRESENT_VALID,BUSINESS_HOURS,ONLINE,MANUAL_ESCALATION,P-2026-05-STEP1,false,true,dd07ddb8727352e5a99ebde39aa81c338d15bffe167ccc5be45195ab9402eff2
REQ-000486,2026-06-01T01:30:00Z,revoked_credential,OFF-0154,030fbe8b71b501096276a8ab,Constable,1,POLICE,STATE_02_DIST_02_PS_01,STATE_02_DIST_02,STATE_02,LOW,REVOKED,NOT_ASSIGNED,REC-000301,19c48d877feab54f0ec30141,CASE-00073,VIOLENT_CRIME,FIR_SUMMARY,STATE_01_DIST_03_PS_02,STATE_01_DIST_03,STATE_01,POLICE,MEDIUM,false,false,false,false,OPEN,ARCHIVED,false,false,false,true,INVESTIGATION,DOWNLOAD,false,false,MISSING,BUSINESS_HOURS,ONLINE,ICJS_STYLE_EXCHANGE,P-2026-05-STEP1,false,true,8acd0745812e2e0535d282cb37904b25039437c211ea56f0811dc3f7153e7772
REQ-000487,2026-05-30T09:10:00Z,normal_in_jurisdiction,OFF-0098,a2651cd5c21b20cc4d4edc22,Sub-Inspector,3,POLICE,STATE_03_DIST_03_PS_02,STATE_03_DIST_03,STATE_03,MEDIUM,ACTIVE,ASSIGNED,REC-000442,0b78c248bf72ce01e5e741e0,CASE-00312,WOMEN_CHILD_SAFETY,FIR_SUMMARY,STATE_03_DIST_03_PS_02,STATE_03_DIST_03,STATE_03,POLICE,MEDIUM,true,false,false,false,OPEN,ACTIVE,true,true,true,false,INVESTIGATION,VIEW,false,false,NOT_REQUIRED,BUSINESS_HOURS,ONLINE,CCTNS_STYLE_API,P-2026-05-STEP1,false,true,92a04191dce546c33a3b5a4722fa84d4c65058576602e4378005947e67f6849b
REQ-000488,2026-05-28T08:32:00Z,normal_in_jurisdiction,OFF-0035,6d2396ea39d60a2c9554602a,Prosecutor Liaison,4,PROSECUTION,STATE_01_DIST_02_PS_01,STATE_01_DIST_02,STATE_01,MEDIUM,ACTIVE,ASSIGNED,REC-000718,862f89895c928d14000a1111,CASE-00118,VIOLENT_CRIME,FIR_SUMMARY,STATE_01_DIST_02_PS_01,STATE_01_DIST_02,STATE_01,POLICE,MEDIUM,false,false,false,false,OPEN,ACTIVE,true,true,true,false,INVESTIGATION,VIEW,false,false,NOT_REQUIRED,BUSINESS_HOURS,ONLINE,CCTNS_STYLE_API,P-2026-05-STEP1,false,true,4d947f8c7f84ad0b05dd200fc277ee5855142abdf7aff42b4019fb7385904422
REQ-000489,2026-05-31T18:06:00Z,expired_approval_token,OFF-0001,858f20314a8c64995d905a33,Head Constable,2,POLICE,STATE_01_DIST_02_PS_01,STATE_01_DIST_02,STATE_01,LOW,ACTIVE,NOT_ASSIGNED,REC-000508,3a993cc7b9f6a4ba103eaf9d,CASE-00173,FINANCIAL_CRIME,FIR_SUMMARY,STATE_01_DIST_02_PS_01,STATE_01_DIST_02,STATE_01,POLICE,MEDIUM,false,false,false,false,OPEN,ACTIVE,true,true,true,false,PROSECUTION_REVIEW,SHARE,false,false,EXPIRED,BUSINESS_HOURS,ONLINE,MANUAL_ESCALATION,P-2026-05-STEP1,false,true,9c06ad7f9ee62edbae3c751cfc994e3504dd625217c42c7852599a35ee15dab1
REQ-000490,2026-05-31T10:10:00Z,revoked_credential,OFF-0037,61f9c30ebf940f606c1a2520,Inspector,4,POLICE,STATE_03_DIST_03_PS_03,STATE_03_DIST_03,STATE_03,MEDIUM,REVOKED,NOT_ASSIGNED,REC-000027,db675945c3a004fc20e2e374,CASE-00325,NARCOTICS,FORENSIC_REPORT,STATE_01_DIST_02_PS_03,STATE_01_DIST_02,STATE_01,POLICE,HIGH,false,false,false,false,OPEN,UNDER_REVIEW,false,false,false,true,AUDIT,VIEW,false,false,MISSING,BUSINESS_HOURS,ONLINE,ICJS_STYLE_EXCHANGE,P-2026-05-STEP1,false,true,3775fdc0ed1fd1c9f62a2c5cd523f6b4befcf0565ff20bf2e433d0ff61f8a078
REQ-000491,2026-06-01T10:56:00Z,stale_case_assignment,OFF-0041,6adbebf965a8665f8e3dd8db,Station House Officer,5,POLICE,STATE_02_DIST_03_PS_03,STATE_02_DIST_03,STATE_02,HIGH,ACTIVE,STALE,REC-000532,59cec4c3a5633ecd97648ccb,CASE-00024,FINANCIAL_CRIME,FIR_SUMMARY,STATE_01_DIST_02_PS_01,STATE_01_DIST_02,STATE_01,POLICE,MEDIUM,false,false,false,false,OPEN,ACTIVE,false,false,false,true,INVESTIGATION,VIEW,false,false,MISSING,BUSINESS_HOURS,ONLINE,MANUAL_ESCALATION,P-2026-05-STEP1,false,true,6e59d8a1ba8ac623067172dddfceef0111c23f956d052c9ff6625ecf771688fc
REQ-000492,2026-05-30T10:00:00Z,random_context,OFF-0023,7dd10e346a2e773cbf9da071,Sub-Inspector,3,POLICE,STATE_02_DIST_03_PS_02,STATE_02_DIST_03,STATE_02,MEDIUM,ACTIVE,NOT_ASSIGNED,REC-000296,08442f216d5a7556f4be1bca,CASE-00232,WOMEN_CHILD_SAFETY,FORENSIC_REPORT,STATE_03_DIST_02_PS_01,STATE_03_DIST_02,STATE_03,POLICE,HIGH,true,false,false,false,OPEN,ACTIVE,false,false,false,true,FORENSIC_REVIEW,VIEW,false,false,PRESENT_VALID,NIGHT,ONLINE,CCTNS_STYLE_API,P-2026-05-STEP1,false,true,1a2f057763d315e42c99a28912ce802943039ed5677cb71c983b24e61f60600e
REQ-000493,2026-05-31T19:02:00Z,cross_jurisdiction_sensitive,OFF-0180,8d48fc84d688aabaae7c6986,Prosecutor Liaison,4,PROSECUTION,STATE_02_DIST_01_PS_02,STATE_02_DIST_01,STATE_02,MEDIUM,ACTIVE,NOT_ASSIGNED,REC-000137,97493f5f079666824f863137,CASE-00353,JUVENILE_PROTECTION,COURT_SUBMISSION,STATE_01_DIST_03_PS_02,STATE_01_DIST_03,STATE_01,POLICE,HIGH,false,false,true,false,OPEN,ACTIVE,false,false,false,true,FORENSIC_REVIEW,VIEW,false,false,MISSING,BUSINESS_HOURS,ONLINE,MANUAL_ESCALATION,P-2026-05-STEP1,false,true,59bc5c99006628f7ad320f962ed8145118f5f171ac9a7f8120653f1563fa7538
REQ-000494,2026-05-30T18:34:00Z,sealed_record,OFF-0057,cf4f97b5eda3195f8d5d3726,Constable,1,POLICE,STATE_01_DIST_03_PS_01,STATE_01_DIST_03,STATE_01,LOW,ACTIVE,NOT_ASSIGNED,REC-000661,0ef7bba38fe082a54d97d62f,CASE-00222,MISSING_PERSON,FORENSIC_REPORT,STATE_01_DIST_03_PS_02,STATE_01_DIST_03,STATE_01,POLICE,HIGH,false,false,false,false,SEALED,UNDER_REVIEW,false,true,true,false,PROSECUTION_REVIEW,UPDATE,false,true,PRESENT_VALID,BUSINESS_HOURS,ONLINE,ICJS_STYLE_EXCHANGE,P-2026-05-STEP1,false,true,d56bf3b9e2435411971a5fbbb024d9da245027d42728f918bd69a79502ef008d
REQ-000495,2026-05-31T03:00:00Z,expired_approval_token,OFF-0111,f65ad458155d09405f8da86c,Sub-Inspector,3,POLICE,STATE_02_DIST_04_PS_03,STATE_02_DIST_04,STATE_02,MEDIUM,ACTIVE,NOT_ASSIGNED,REC-000781,118ea5c95a4302f5e6598a30,CASE-00307,NARCOTICS,EVIDENCE_MEDIA,STATE_02_DIST_01_PS_01,STATE_02_DIST_01,STATE_02,POLICE,CLASSIFIED,false,false,false,true,OPEN,ACTIVE,false,false,true,true,INVESTIGATION,VIEW,false,false,EXPIRED,AFTER_HOURS,ONLINE,ICJS_STYLE_EXCHANGE,P-2026-05-STEP1,false,true,a0ed77145fe76e5f285dab00b04644d83dea26fe7eb35a01cff209e9c98afcda
REQ-000496,2026-05-29T01:36:00Z,court_request,OFF-0051,316e4edba94c2b3868db8ac7,Sub-Inspector,3,POLICE,STATE_01_DIST_04_PS_01,STATE_01_DIST_04,STATE_01,MEDIUM,ACTIVE,NOT_ASSIGNED,REC-000899,329489987bf6e3ab7bfd4769,CASE-00205,FINANCIAL_CRIME,VICTIM_RECORD,STATE_02_DIST_02_PS_01,STATE_02_DIST_02,STATE_02,POLICE,HIGH,true,false,false,false,OPEN,ACTIVE,false,false,false,true,PROSECUTION_REVIEW,VIEW,false,true,PRESENT_VALID,BUSINESS_HOURS,ONLINE,ICJS_STYLE_EXCHANGE,P-2026-05-STEP1,false,true,d1309c138e2b8a7ecf6cfe495e44fa5666abf18c9ac2e66a1985767d58610ffd
REQ-000497,2026-06-01T04:15:00Z,cross_jurisdiction_sensitive,OFF-0051,316e4edba94c2b3868db8ac7,Sub-Inspector,3,POLICE,STATE_01_DIST_04_PS_01,STATE_01_DIST_04,STATE_01,MEDIUM,ACTIVE,NOT_ASSIGNED,REC-000023,f9eb939b20b9072971ac4027,CASE-00102,NARCOTICS,FORENSIC_REPORT,STATE_03_DIST_01_PS_03,STATE_03_DIST_01,STATE_03,POLICE,CLASSIFIED,false,false,false,false,OPEN,ACTIVE,false,false,false,true,FORENSIC_REVIEW,VIEW,false,false,MISSING,BUSINESS_HOURS,ONLINE,CCTNS_STYLE_API,P-2026-05-STEP1,false,true,9eea853f147506101a0f2fd41557100d9f25614aa488dc4bb896a02fed8092ff
REQ-000498,2026-06-01T21:06:00Z,revoked_credential,OFF-0037,61f9c30ebf940f606c1a2520,Inspector,4,POLICE,STATE_03_DIST_03_PS_03,STATE_03_DIST_03,STATE_03,MEDIUM,REVOKED,NOT_ASSIGNED,REC-000892,ef5838cb7e4a200ccefb59aa,CASE-00179,CYBER_FRAUD,FIR_SUMMARY,STATE_03_DIST_02_PS_02,STATE_03_DIST_02,STATE_03,POLICE,HIGH,false,false,false,false,OPEN,ACTIVE,false,false,true,true,AUDIT,VIEW,false,false,MISSING,BUSINESS_HOURS,ONLINE,ICJS_STYLE_EXCHANGE,P-2026-05-STEP1,false,true,1591818ba93249c882464dc44d457645cd21c2825b6636fca30f80282d7e187d
REQ-000499,2026-05-31T20:26:00Z,cross_jurisdiction_sensitive,OFF-0079,769c0f71f92a8b49e252746c,Sub-Inspector,3,POLICE,STATE_01_DIST_01_PS_03,STATE_01_DIST_01,STATE_01,MEDIUM,ACTIVE,NOT_ASSIGNED,REC-000692,483d8e368e0abb9247f9bc72,CASE-00321,JUVENILE_PROTECTION,VICTIM_RECORD,STATE_01_DIST_02_PS_01,STATE_01_DIST_02,STATE_01,POLICE,HIGH,true,false,true,false,OPEN,ACTIVE,false,false,true,true,INVESTIGATION,VIEW,false,false,MISSING,NIGHT,ONLINE,CCTNS_STYLE_API,P-2026-05-STEP1,false,true,9693b201ff92aad9d7ad71ee07685f401c11ab93e631554db9baa7186d1ffb82
REQ-000500,2026-06-01T21:40:00Z,court_request,OFF-0234,a7db164c4af844793a01db35,Sub-Inspector,3,POLICE,STATE_02_DIST_02_PS_01,STATE_02_DIST_02,STATE_02,MEDIUM,ACTIVE,NOT_ASSIGNED,REC-000343,121319e5c742c9826335312f,CASE-00356,NARCOTICS,FIR_SUMMARY,STATE_02_DIST_01_PS_01,STATE_02_DIST_01,STATE_02,POLICE,MEDIUM,false,false,false,false,OPEN,ACTIVE,false,false,true,true,COURT_PRODUCTION,VIEW,false,true,PRESENT_VALID,BUSINESS_HOURS,DEGRADED,MANUAL_ESCALATION,P-2026-05-STEP1,false,true,f0efe6ff7c000596ea5e16d8518573cebd0943cf4e2f2d9348f30a23ab7c8ebc
REQ-000501,2026-05-28T01:03:00Z,normal_in_jurisdiction,OFF-0005,0c324b29f9a967adb599bde0,Cybercrime Officer,4,CYBERCRIME,STATE_01_DIST_03_PS_03,STATE_01_DIST_03,STATE_01,HIGH,ACTIVE,ASSIGNED,REC-000346,9ce8cdb605a07f0e9f3a0392,CASE-00255,FINANCIAL_CRIME,FIR_SUMMARY,STATE_01_DIST_03_PS_03,STATE_01_DIST_03,STATE_01,POLICE,LOW,false,false,false,false,OPEN,ACTIVE,true,true,true,false,INVESTIGATION,VIEW,false,false,NOT_REQUIRED,AFTER_HOURS,ONLINE,ICJS_STYLE_EXCHANGE,P-2026-05-STEP1,false,true,86905dca127b1b8d0f4ec94c13c5d2555a11b0eb273a172d0660d0cbcd3492e9
REQ-000502,2026-05-31T12:46:00Z,normal_in_jurisdiction,OFF-0027,0333fdd2d35c528a38a1dbe4,Head Constable,2,POLICE,STATE_02_DIST_01_PS_01,STATE_02_DIST_01,STATE_02,LOW,ACTIVE,ASSIGNED,REC-000343,121319e5c742c9826335312f,CASE-00356,NARCOTICS,FIR_SUMMARY,STATE_02_DIST_01_PS_01,STATE_02_DIST_01,STATE_02,POLICE,MEDIUM,false,false,false,false,OPEN,ACTIVE,true,true,true,false,INVESTIGATION,VIEW,false,false,NOT_REQUIRED,BUSINESS_HOURS,ONLINE,CCTNS_STYLE_API,P-2026-05-STEP1,false,true,52e0bd95a86597660b621eebb013e79efa6b7f2907d31f90a426f056d154adc4
REQ-000503,2026-05-30T20:13:00Z,emergency_override,OFF-0053,5250e04b75f9aa481b9f2c6e,Constable,1,POLICE,STATE_01_DIST_03_PS_01,STATE_01_DIST_03,STATE_01,LOW,ACTIVE,NOT_ASSIGNED,REC-000151,507c214cad9427a82c90d316,CASE-00129,FINANCIAL_CRIME,CASE_DIARY,STATE_03_DIST_03_PS_01,STATE_03_DIST_03,STATE_03,POLICE,HIGH,false,false,false,false,OPEN,ARCHIVED,false,false,false,true,EMERGENCY_RESPONSE,VIEW,true,false,PRESENT_VALID,AFTER_HOURS,ONLINE,MANUAL_ESCALATION,P-2026-05-STEP1,false,true,e1c7732c7dfeba686589d2c83c6cab1bb978932fa755cf0342abff4603764bf6
REQ-000504,2026-05-28T01:12:00Z,cross_jurisdiction_sensitive,OFF-0003,5e4ff04af077f5ff22cd6cd0,Station House Officer,5,POLICE,STATE_02_DIST_04_PS_01,STATE_02_DIST_04,STATE_02,HIGH,ACTIVE,NOT_ASSIGNED,REC-000526,270332f1bdb06706b321b054,CASE-00097,VIOLENT_CRIME,COURT_SUBMISSION,STATE_01_DIST_03_PS_03,STATE_01_DIST_03,STATE_01,POLICE,HIGH,false,false,false,false,OPEN,ACTIVE,false,false,false,true,SUPERVISION,SHARE,false,false,MISSING,AFTER_HOURS,ONLINE,CCTNS_STYLE_API,P-2026-05-STEP1,false,true,5a71c5a9be3aa715002d893c8f1dfe7dc80389d51042d1aeffb2f234c19f6d90
REQ-000505,2026-06-01T06:15:00Z,juvenile_sensitive,OFF-0181,e1441290962ca2a8517d8d0f,Forensic Officer,4,FORENSIC,STATE_02_DIST_03_PS_02,STATE_02_DIST_03,STATE_02,HIGH,ACTIVE,NOT_ASSIGNED,REC-000394,865e1a4e9bd8f6f99acdf7fe,CASE-00133,JUVENILE_PROTECTION,WITNESS_STATEMENT,STATE_03_DIST_01_PS_03,STATE_03_DIST_01,STATE_03,POLICE,HIGH,false,true,true,false,OPEN,ACTIVE,false,false,false,true,SUPERVISION,VIEW,false,false,PRESENT_VALID,AFTER_HOURS,ONLINE,ICJS_STYLE_EXCHANGE,P-2026-05-STEP1,false,true,245cbad734200e798f41f6cde329f930c8a91896707ac4e8ef213c44c0e684d6
REQ-000506,2026-06-01T23:22:00Z,juvenile_sensitive,OFF-0001,858f20314a8c64995d905a33,Head Constable,2,POLICE,STATE_01_DIST_02_PS_01,STATE_01_DIST_02,STATE_01,LOW,ACTIVE,NOT_ASSIGNED,REC-000147,c0cd6baa4f06c293515ad310,CASE-00155,JUVENILE_PROTECTION,CASE_DIARY,STATE_01_DIST_03_PS_01,STATE_01_DIST_03,STATE_01,POLICE,HIGH,false,false,true,false,OPEN,ACTIVE,false,false,true,true,SUPERVISION,VIEW,false,false,PRESENT_VALID,BUSINESS_HOURS,ONLINE,MANUAL_ESCALATION,P-2026-05-STEP1,false,true,182c59766d4bd575150574eec90d3bd02e8c59e59c8765db61cb0e1f2f8b5c9b
REQ-000507,2026-06-01T23:39:00Z,stale_case_assignment,OFF-0156,5f299dc3f248e4c74232aab4,Inspector,4,POLICE,STATE_02_DIST_04_PS_01,STATE_02_DIST_04,STATE_02,MEDIUM,ACTIVE,STALE,REC-000482,d67455c45a07a17b5f35d785,CASE-00099,GENERAL_THEFT,COURT_SUBMISSION,STATE_02_DIST_03_PS_01,STATE_02_DIST_03,STATE_02,POLICE,HIGH,false,false,false,false,OPEN,UNDER_REVIEW,false,false,true,true,INVESTIGATION,SHARE,false,false,MISSING,BUSINESS_HOURS,ONLINE,MANUAL_ESCALATION,P-2026-05-STEP1,false,true,c5fb2ea77599fe30f27a133f9f6f5b983ad480fa239d2433beb465e482a5f1a2
REQ-000508,2026-05-29T11:16:00Z,juvenile_sensitive,OFF-0234,a7db164c4af844793a01db35,Sub-Inspector,3,POLICE,STATE_02_DIST_02_PS_01,STATE_02_DIST_02,STATE_02,MEDIUM,ACTIVE,NOT_ASSIGNED,REC-000289,375c93cbfc19c6b728ba102e,CASE-00120,CYBER_FRAUD,JUVENILE_RECORD,STATE_01_DIST_02_PS_01,STATE_01_DIST_02,STATE_01,POLICE,CLASSIFIED,false,false,true,false,OPEN,ACTIVE,false,false,false,true,INVESTIGATION,VIEW,false,false,MISSING,NIGHT,ONLINE,MANUAL_ESCALATION,P-2026-05-STEP1,false,true,a9de741acbc0940db7d3b62a92512e915329566127324be3d6e4a74f0e949bd6
REQ-000509,2026-05-30T04:21:00Z,random_context,OFF-0060,f1cd31d43c526f5a63bbd87e,Inspector,4,POLICE,STATE_02_DIST_03_PS_03,STATE_02_DIST_03,STATE_02,MEDIUM,ACTIVE,NOT_ASSIGNED,REC-000042,a1b52acab80056cbe18f7a51,CASE-00191,GENERAL_THEFT,EVIDENCE_MEDIA,STATE_01_DIST_01_PS_02,STATE_01_DIST_01,STATE_01,POLICE,HIGH,false,false,false,true,OPEN,ARCHIVED,false,false,false,true,AUDIT,VIEW,false,false,NOT_REQUIRED,BUSINESS_HOURS,ONLINE,CCTNS_STYLE_API,P-2026-05-STEP1,false,true,7b80e385347f40429ad4cddebbd77cac9590f4fa2aeb82ba104d567cde9649b3
REQ-000510,2026-05-30T21:30:00Z,cross_jurisdiction_sensitive,OFF-0168,ccfa52e7df949ec76b129260,Sub-Inspector,3,POLICE,STATE_01_DIST_03_PS_03,STATE_01_DIST_03,STATE_01,MEDIUM,ACTIVE,NOT_ASSIGNED,REC-000540,4f004fd6ecff230b24cb85ac,CASE-00203,CYBER_FRAUD,CASE_DIARY,STATE_02_DIST_03_PS_03,STATE_02_DIST_03,STATE_02,POLICE,HIGH,false,false,false,false,OPEN,ACTIVE,false,false,false,true,FORENSIC_REVIEW,DOWNLOAD,false,false,PRESENT_VALID,NIGHT,ONLINE,MANUAL_ESCALATION,P-2026-05-STEP1,false,true,4e04c04186de412d9e7c3ab4cc25e7c8c4b68c8b34bd93b109d31a68ce90439c
REQ-000511,2026-05-31T14:43:00Z,emergency_override,OFF-0178,2be0332c4385b770ea00150b,Constable,1,POLICE,STATE_03_DIST_03_PS_02,STATE_03_DIST_03,STATE_03,LOW,ACTIVE,NOT_ASSIGNED,REC-000530,293dc9e885e75ae99324c2aa,CASE-00105,NARCOTICS,CASE_DIARY,STATE_01_DIST_04_PS_02,STATE_01_DIST_04,STATE_01,POLICE,HIGH,false,false,false,false,OPEN,ACTIVE,false,false,false,true,EMERGENCY_RESPONSE,VIEW,true,false,MISSING,AFTER_HOURS,ONLINE,MANUAL_ESCALATION,P-2026-05-STEP1,false,true,987be78d08986d10e33754195fa3a9ccaa1c2e2a58d7688e9491cbd776741fc7
REQ-000512,2026-06-01T08:00:00Z,cross_jurisdiction_sensitive,OFF-0111,f65ad458155d09405f8da86c,Sub-Inspector,3,POLICE,STATE_02_DIST_04_PS_03,STATE_02_DIST_04,STATE_02,MEDIUM,ACTIVE,NOT_ASSIGNED,REC-000815,47060cab97e3e5e52667cc8f,CASE-00316,MISSING_PERSON,FORENSIC_REPORT,STATE_01_DIST_01_PS_01,STATE_01_DIST_01,STATE_01,POLICE,HIGH,false,false,false,false,OPEN,ACTIVE,false,false,false,true,INVESTIGATION,DOWNLOAD,false,false,PRESENT_VALID,BUSINESS_HOURS,ONLINE,ICJS_STYLE_EXCHANGE,P-2026-05-STEP1,false,true,dbadc96bce90e6fb1c9e67dc8a2d6487afac079bbc59a1b9ef9396f59835caae
REQ-000513,2026-05-31T15:09:00Z,juvenile_sensitive,OFF-0134,4718492e22f05239e76383dd,Inspector,4,POLICE,STATE_03_DIST_02_PS_01,STATE_03_DIST_02,STATE_03,MEDIUM,ACTIVE,NOT_ASSIGNED,REC-000489,f9bc8573a426e646d493c5fc,CASE-00332,CYBER_FRAUD,JUVENILE_RECORD,STATE_01_DIST_01_PS_01,STATE_01_DIST_01,STATE_01,POLICE,CLASSIFIED,false,false,true,false,OPEN,ACTIVE,false,false,false,true,SUPERVISION,VIEW,false,false,PRESENT_VALID,NIGHT,ONLINE,CCTNS_STYLE_API,P-2026-05-STEP1,false,true,6afdf583530b71262d32d7aaa8e63d10081f62a0a6b5b76a5a4c7eff70b5ef26
REQ-000514,2026-05-31T15:22:00Z,cross_jurisdiction_sensitive,OFF-0178,2be0332c4385b770ea00150b,Constable,1,POLICE,STATE_03_DIST_03_PS_02,STATE_03_DIST_03,STATE_03,LOW,ACTIVE,NOT_ASSIGNED,REC-000380,a294966bbab71d6e812d21a5,CASE-00238,WOMEN_CHILD_SAFETY,JUVENILE_RECORD,STATE_03_DIST_04_PS_03,STATE_03_DIST_04,STATE_03,POLICE,CLASSIFIED,true,false,true,false,OPEN,ARCHIVED,false,false,true,true,FORENSIC_REVIEW,VIEW,false,false,PRESENT_VALID,AFTER_HOURS,ONLINE,ICJS_STYLE_EXCHANGE,P-2026-05-STEP1,false,true,3044b9b2a9529bd148e4debb3b3e9abc70083ec03840d403236fcf28a7be130a
REQ-000515,2026-05-29T12:05:00Z,sealed_record,OFF-0026,1744a4b8e7d09467e6ea7495,Constable,1,POLICE,STATE_03_DIST_03_PS_03,STATE_03_DIST_03,STATE_03,LOW,ACTIVE,NOT_ASSIGNED,REC-000210,855eb81843d8f64ce2dce451,CASE-00239,NARCOTICS,FORENSIC_REPORT,STATE_01_DIST_03_PS_01,STATE_01_DIST_03,STATE_01,POLICE,HIGH,false,false,false,false,SEALED,ACTIVE,false,false,false,true,INVESTIGATION,VIEW,false,false,PRESENT_VALID,BUSINESS_HOURS,ONLINE,MANUAL_ESCALATION,P-2026-05-STEP1,false,true,68908d68335b5a2eda33dbfe3ecbb4b709f13d558c22cac0a8de45a4c4ada850
REQ-000516,2026-05-27T17:12:00Z,normal_in_jurisdiction,OFF-0044,e35d3d5ab37a57023a757cf4,Head Constable,2,POLICE,STATE_03_DIST_02_PS_03,STATE_03_DIST_02,STATE_03,LOW,ACTIVE,ASSIGNED,REC-000765,12cf19c868dac2359d49c264,CASE-00150,GENERAL_THEFT,COURT_SUBMISSION,STATE_03_DIST_02_PS_03,STATE_03_DIST_02,STATE_03,POLICE,MEDIUM,false,false,false,false,OPEN,ACTIVE,true,true,true,false,INVESTIGATION,VIEW,false,false,NOT_REQUIRED,BUSINESS_HOURS,ONLINE,ICJS_STYLE_EXCHANGE,P-2026-05-STEP1,false,true,0f4a01c01a47e76606791c686dd8cf557c98e219066c2c25d5b112fb203bc865
REQ-000517,2026-05-29T03:42:00Z,expired_approval_token,OFF-0167,a2884bcebf8616c20bdb4688,Sub-Inspector,3,POLICE,STATE_01_DIST_01_PS_02,STATE_01_DIST_01,STATE_01,MEDIUM,ACTIVE,NOT_ASSIGNED,REC-000831,bd8150b0c487b45357673f02,CASE-00091,GENERAL_THEFT,FIR_SUMMARY,STATE_03_DIST_03_PS_02,STATE_03_DIST_03,STATE_03,POLICE,LOW,false,false,false,false,SEALED,ACTIVE,false,false,false,true,PROSECUTION_REVIEW,VIEW,false,false,EXPIRED,BUSINESS_HOURS,ONLINE,MANUAL_ESCALATION,P-2026-05-STEP1,false,true,393243c8021aab6bfc5f33eb9feb08e4a7d7283cd52c71456c230463c92b7cdd
REQ-000518,2026-05-29T21:04:00Z,random_context,OFF-0067,81023882823dba8b6e04e6a8,Inspector,4,POLICE,STATE_02_DIST_03_PS_01,STATE_02_DIST_03,STATE_02,MEDIUM,ACTIVE,NOT_ASSIGNED,REC-000829,eab4af4926a38ff2604ec8dc,CASE-00138,NARCOTICS,CASE_DIARY,STATE_03_DIST_04_PS_01,STATE_03_DIST_04,STATE_03,POLICE,HIGH,false,false,false,false,OPEN,ACTIVE,false,false,false,true,FORENSIC_REVIEW,DOWNLOAD,false,false,PRESENT_VALID,BUSINESS_HOURS,ONLINE,CCTNS_STYLE_API,P-2026-05-STEP1,false,true,27de3aedbff59a7f2c6c31a863f7ef13a4f73afa4e98c3b21f7eebae17c6d28a
REQ-000519,2026-05-31T16:27:00Z,cross_jurisdiction_sensitive,OFF-0160,5ce4d64c20eb4b8a7537a1f7,Sub-Inspector,3,POLICE,STATE_02_DIST_04_PS_03,STATE_02_DIST_04,STATE_02,MEDIUM,ACTIVE,NOT_ASSIGNED,REC-000264,87b096587a2f7133a6e4ac06,CASE-00031,MISSING_PERSON,JUVENILE_RECORD,STATE_01_DIST_01_PS_02,STATE_01_DIST_01,STATE_01,POLICE,CLASSIFIED,false,false,true,false,OPEN,ACTIVE,false,false,false,true,INVESTIGATION,VIEW,false,false,PRESENT_VALID,BUSINESS_HOURS,ONLINE,ICJS_STYLE_EXCHANGE,P-2026-05-STEP1,false,true,669ac1acc0eb56299e92bbad80d293a57c1a91021b4fc3040f0b39cf517ec23b
REQ-000520,2026-05-30T06:00:00Z,stale_case_assignment,OFF-0162,ec1ea596f81353f2d9f85816,Sub-Inspector,3,POLICE,STATE_03_DIST_01_PS_01,STATE_03_DIST_01,STATE_03,MEDIUM,ACTIVE,STALE,REC-000705,9ba3222b46677adfe4b27463,CASE-00155,JUVENILE_PROTECTION,FORENSIC_REPORT,STATE_01_DIST_03_PS_01,STATE_01_DIST_03,STATE_01,POLICE,HIGH,false,false,true,false,OPEN,ARCHIVED,false,false,false,true,INVESTIGATION,DOWNLOAD,false,false,MISSING,BUSINESS_HOURS,ONLINE,ICJS_STYLE_EXCHANGE,P-2026-05-STEP1,false,true,82b293fab38b6608098d1827f3ec1341b82f5415c2ed06f123ed6a51e16e6997
REQ-000521,2026-05-29T04:06:00Z,juvenile_sensitive,OFF-0091,516e122c203e5dd62fd9ee93,Constable,1,POLICE,STATE_01_DIST_04_PS_02,STATE_01_DIST_04,STATE_01,LOW,ACTIVE,NOT_ASSIGNED,REC-000365,df2072e9cce45f58ab9712de,CASE-00116,JUVENILE_PROTECTION,CYBERCRIME_COMPLAINT,STATE_03_DIST_02_PS_02,STATE_03_DIST_02,STATE_03,POLICE,MEDIUM,false,false,true,false,OPEN,UNDER_REVIEW,false,false,false,true,INVESTIGATION,VIEW,false,false,MISSING,AFTER_HOURS,ONLINE,CCTNS_STYLE_API,P-2026-05-STEP1,false,true,331024420ed12ac1848696b563a108fa79b7fd5eef024ed3805fef6ee5320bce
REQ-000522,2026-05-29T04:12:00Z,random_context,OFF-0222,fed71b6f957fb445cdad7897,Station House Officer,5,POLICE,STATE_03_DIST_04_PS_01,STATE_03_DIST_04,STATE_03,HIGH,ACTIVE,NOT_ASSIGNED,REC-000182,2ad48e61ef29028c1def570f,CASE-00291,JUVENILE_PROTECTION,FORENSIC_REPORT,STATE_02_DIST_01_PS_03,STATE_02_DIST_01,STATE_02,POLICE,HIGH,false,false,true,false,OPEN,ACTIVE,false,false,false,true,EMERGENCY_RESPONSE,DOWNLOAD,false,false,NOT_REQUIRED,BUSINESS_HOURS,DEGRADED,ICJS_STYLE_EXCHANGE,P-2026-05-STEP1,false,true,f5818a8ea6a3595063d9d15f5e19da90039ab6dcde71ed07c3299ba8a0c7ce8d
REQ-000523,2026-06-01T10:45:00Z,stale_case_assignment,OFF-0134,4718492e22f05239e76383dd,Inspector,4,POLICE,STATE_03_DIST_02_PS_01,STATE_03_DIST_02,STATE_03,MEDIUM,ACTIVE,STALE,REC-000609,848374cba02b5f1752de9ecc,CASE-00299,NARCOTICS,COURT_SUBMISSION,STATE_03_DIST_02_PS_02,STATE_03_DIST_02,STATE_03,POLICE,MEDIUM,false,false,false,false,OPEN,ACTIVE,false,true,true,false,INVESTIGATION,APPROVE,false,false,MISSING,NIGHT,ONLINE,MANUAL_ESCALATION,P-2026-05-STEP1,false,true,e24bb4f00db0bfb5614f21d2c235fe67ee75b4e56bfb0d081513b08df2bc2645
REQ-000524,2026-06-01T11:00:00Z,normal_in_jurisdiction,OFF-0026,1744a4b8e7d09467e6ea7495,Constable,1,POLICE,STATE_03_DIST_03_PS_03,STATE_03_DIST_03,STATE_03,LOW,ACTIVE,NOT_ASSIGNED,REC-000535,19240207bff0fecd22c4073b,CASE-00318,WOMEN_CHILD_SAFETY,FIR_SUMMARY,STATE_02_DIST_04_PS_01,STATE_02_DIST_04,STATE_02,POLICE,HIGH,true,false,false,false,OPEN,ACTIVE,false,false,false,true,INVESTIGATION,VIEW,false,false,NOT_REQUIRED,BUSINESS_HOURS,ONLINE,MANUAL_ESCALATION,P-2026-05-STEP1,false,true,4ec579e51cda4a26ec41404293b623832aa4749d3bb41514c7a6848d3501711a
REQ-000525,2026-05-28T19:45:00Z,court_request,OFF-0105,acd11cf62713639d9ec501cd,Sub-Inspector,3,POLICE,STATE_01_DIST_02_PS_02,STATE_01_DIST_02,STATE_01,MEDIUM,ACTIVE,NOT_ASSIGNED,REC-000055,c3c560b7671d3f284c65f621,CASE-00196,FINANCIAL_CRIME,CASE_DIARY,STATE_02_DIST_04_PS_01,STATE_02_DIST_04,STATE_02,POLICE,HIGH,false,false,false,false,OPEN,ACTIVE,false,false,false,true,PROSECUTION_REVIEW,UPDATE,false,true,PRESENT_VALID,BUSINESS_HOURS,ONLINE,MANUAL_ESCALATION,P-2026-05-STEP1,false,true,e3f3756acce215b10ff26e0bd4f11d637cdf29d0acfcc174f1fa498a0d1cbe39
REQ-000526,2026-05-31T17:58:00Z,revoked_credential,OFF-0127,6b0d84a1d858aa1335aacb1b,Station House Officer,5,POLICE,STATE_02_DIST_04_PS_03,STATE_02_DIST_04,STATE_02,HIGH,REVOKED,NOT_ASSIGNED,REC-000833,bbc88d47b540a264e471bd70,CASE-00200,WOMEN_CHILD_SAFETY,CYBERCRIME_COMPLAINT,STATE_02_DIST_04_PS_03,STATE_02_DIST_04,STATE_02,POLICE,MEDIUM,true,false,false,false,SEALED,ARCHIVED,true,true,true,false,AUDIT,SHARE,false,false,MISSING,BUSINESS_HOURS,STATION_NODE_DOWN,MANUAL_ESCALATION,P-2026-05-STEP1,false,true,dcd26ed4f0e5f23c4c46704aaea64ad47fcab154e29639dd9192eed33f899378
REQ-000527,2026-05-31T09:24:00Z,cross_jurisdiction_sensitive,OFF-0180,8d48fc84d688aabaae7c6986,Prosecutor Liaison,4,PROSECUTION,STATE_02_DIST_01_PS_02,STATE_02_DIST_01,STATE_02,MEDIUM,ACTIVE,NOT_ASSIGNED,REC-000206,94045736c42ce267b600c772,CASE-00170,GENERAL_THEFT,FORENSIC_REPORT,STATE_01_DIST_01_PS_03,STATE_01_DIST_01,STATE_01,POLICE,HIGH,false,false,false,false,OPEN,ACTIVE,false,false,false,true,FORENSIC_REVIEW,VIEW,false,false,PRESENT_VALID,BUSINESS_HOURS,STATION_NODE_DOWN,MANUAL_ESCALATION,P-2026-05-STEP1,false,true,fbda7f11a949f0bb5f78fb42857509d2cbefff832abd28b621b70edad807b122
REQ-000528,2026-05-28T20:00:00Z,cross_jurisdiction_sensitive,OFF-0024,c5766246d7388485ac5c149e,Constable,1,POLICE,STATE_03_DIST_04_PS_03,STATE_03_DIST_04,STATE_03,LOW,ACTIVE,NOT_ASSIGNED,REC-000202,5193567c38e42b9a685bdbe1,CASE-00126,CYBER_FRAUD,EVIDENCE_MEDIA,STATE_03_DIST_03_PS_03,STATE_03_DIST_03,STATE_03,POLICE,HIGH,false,false,false,true,OPEN,ACTIVE,false,false,true,true,INVESTIGATION,VIEW,false,false,PRESENT_VALID,BUSINESS_HOURS,ONLINE,ICJS_STYLE_EXCHANGE,P-2026-05-STEP1,false,true,fe0ceaf8105b9d0fd339c8d7fa12edc91a0f19036ea46598ead482846cb7a272
REQ-000529,2026-05-27T17:38:00Z,juvenile_sensitive,OFF-0002,893580185d14634211eb9a59,Inspector,4,POLICE,STATE_03_DIST_01_PS_01,STATE_03_DIST_01,STATE_03,MEDIUM,ACTIVE,NOT_ASSIGNED,REC-000258,e3e5b4041ee0b486122ef35b,CASE-00289,WOMEN_CHILD_SAFETY,JUVENILE_RECORD,STATE_03_DIST_01_PS_02,STATE_03_DIST_01,STATE_03,POLICE,CLASSIFIED,true,false,true,false,OPEN,ACTIVE,false,true,true,false,INVESTIGATION,VIEW,false,false,PRESENT_VALID,BUSINESS_HOURS,ONLINE,ICJS_STYLE_EXCHANGE,P-2026-05-STEP1,false,true,304ce14a6fb161e7c28fbcc5ca11d4457f0c3c3977c2404053ae62d7e739733d
REQ-000530,2026-05-31T01:10:00Z,normal_in_jurisdiction,OFF-0225,8fe1499c5ed9142abbac6485,Sub-Inspector,3,POLICE,STATE_02_DIST_01_PS_01,STATE_02_DIST_01,STATE_02,MEDIUM,ACTIVE,ASSIGNED,REC-000108,12044d787ebe89f0a9bd0dff,CASE-00151,CYBER_FRAUD,CASE_DIARY,STATE_02_DIST_01_PS_01,STATE_02_DIST_01,STATE_02,POLICE,MEDIUM,false,false,false,false,OPEN,ACTIVE,true,true,true,false,INVESTIGATION,VIEW,false,false,NOT_REQUIRED,AFTER_HOURS,ONLINE,MANUAL_ESCALATION,P-2026-05-STEP1,false,true,13bf591570cea9340fc17995b32c43a62b0d5ea61a4f3bd685aee16b4e9a370c
REQ-000531,2026-05-31T01:21:00Z,stale_case_assignment,OFF-0237,7e3146ebb6c4e9a4f7f4cfaa,Sub-Inspector,3,POLICE,STATE_01_DIST_02_PS_03,STATE_01_DIST_02,STATE_01,MEDIUM,ACTIVE,STALE,REC-000592,34c63fb4a90f2aefe4cd515c,CASE-00201,VIOLENT_CRIME,CYBERCRIME_COMPLAINT,STATE_01_DIST_02_PS_02,STATE_01_DIST_02,STATE_01,POLICE,HIGH,false,false,false,false,OPEN,UNDER_REVIEW,false,true,true,false,INVESTIGATION,VIEW,false,false,MISSING,AFTER_HOURS,ONLINE,ICJS_STYLE_EXCHANGE,P-2026-05-STEP1,false,true,04bca05dc0fb5ef26c72d81c42d1d573b3686149d218b80912cee3a380bcbf11
REQ-000532,2026-06-01T21:52:00Z,random_context,OFF-0102,cac9c828654d5e683b80f1e7,Sub-Inspector,3,POLICE,STATE_03_DIST_04_PS_03,STATE_03_DIST_04,STATE_03,MEDIUM,ACTIVE,NOT_ASSIGNED,REC-000859,d4efcb9a9982cc5a71505982,CASE-00280,VIOLENT_CRIME,VICTIM_RECORD,STATE_01_DIST_03_PS_01,STATE_01_DIST_03,STATE_01,POLICE,HIGH,true,false,false,false,OPEN,ACTIVE,false,false,false,true,FORENSIC_REVIEW,VIEW,false,false,NOT_REQUIRED,BUSINESS_HOURS,ONLINE,ICJS_STYLE_EXCHANGE,P-2026-05-STEP1,false,true,e88ad3468e23e343fb6f2f3d86abaf29b80430e7b9b9e9ed56bee46f9a7cbec0
REQ-000533,2026-05-31T01:43:00Z,normal_in_jurisdiction,OFF-0006,05c87980613cb5db42b892f9,Sub-Inspector,3,POLICE,STATE_02_DIST_02_PS_02,STATE_02_DIST_02,STATE_02,MEDIUM,ACTIVE,ASSIGNED,REC-000031,a62882abc3511c2fb68d874b,CASE-00228,NARCOTICS,FIR_SUMMARY,STATE_02_DIST_02_PS_02,STATE_02_DIST_02,STATE_02,POLICE,LOW,false,false,false,false,OPEN,ACTIVE,true,true,true,false,INVESTIGATION,VIEW,false,false,NOT_REQUIRED,BUSINESS_HOURS,ONLINE,CCTNS_STYLE_API,P-2026-05-STEP1,false,true,d244f92faaf54e9be9c84f7b4c87c2f33296363137c591e3fc4cfae806a3655d
REQ-000534,2026-06-01T13:30:00Z,cross_jurisdiction_sensitive,OFF-0184,c0fc3111ae7a563a9f54250e,Inspector,4,POLICE,STATE_02_DIST_03_PS_02,STATE_02_DIST_03,STATE_02,MEDIUM,ACTIVE,NOT_ASSIGNED,REC-000270,431cd98dd82eaadeaea9ba71,CASE-00049,CYBER_FRAUD,EVIDENCE_MEDIA,STATE_03_DIST_01_PS_02,STATE_03_DIST_01,STATE_03,POLICE,CLASSIFIED,false,false,false,true,SEALED,ARCHIVED,false,false,false,true,SUPERVISION,VIEW,false,false,MISSING,BUSINESS_HOURS,ONLINE,CCTNS_STYLE_API,P-2026-05-STEP1,false,true,1f75154a3ad987866082f3fd05b8df19c0692c64036338c4e205b2754d42ac61
REQ-000535,2026-05-31T11:00:00Z,stale_case_assignment,OFF-0175,22a74f5c5cd00d0646a359b6,Forensic Officer,4,FORENSIC,STATE_03_DIST_03_PS_03,STATE_03_DIST_03,STATE_03,HIGH,ACTIVE,STALE,REC-000308,6ee0530b889a7be2f0e34fa1,CASE-00334,GENERAL_THEFT,FORENSIC_REPORT,STATE_03_DIST_03_PS_03,STATE_03_DIST_03,STATE_03,POLICE,HIGH,false,false,false,false,OPEN,UNDER_REVIEW,true,true,true,false,INVESTIGATION,DOWNLOAD,false,false,MISSING,AFTER_HOURS,ONLINE,ICJS_STYLE_EXCHANGE,P-2026-05-STEP1,false,true,b4de45e6f9f827c72451d4ab18c96224b39a8970dba1c3c532e2eaafec7d8edd
REQ-000536,2026-06-01T14:00:00Z,revoked_credential,OFF-0045,1abb810c99dd60558b095f4d,Inspector,4,POLICE,STATE_02_DIST_01_PS_01,STATE_02_DIST_01,STATE_02,MEDIUM,REVOKED,NOT_ASSIGNED,REC-000375,e022b16efd825f345ab8030a,CASE-00078,MISSING_PERSON,COURT_SUBMISSION,STATE_01_DIST_04_PS_01,STATE_01_DIST_04,STATE_01,POLICE,MEDIUM,false,false,false,false,OPEN,ACTIVE,false,false,false,true,INVESTIGATION,UPDATE,false,false,MISSING,BUSINESS_HOURS,ONLINE,CCTNS_STYLE_API,P-2026-05-STEP1,false,true,636be2c43a3345b04a8f890224f948e6cf8249e54b7930bbdf2709b5d27e5092
REQ-000537,2026-05-27T17:54:00Z,cross_jurisdiction_sensitive,OFF-0233,072b2cbde28c17244de8ae4d,Constable,1,POLICE,STATE_01_DIST_04_PS_03,STATE_01_DIST_04,STATE_01,LOW,ACTIVE,NOT_ASSIGNED,REC-000391,cc807e9870eb2999a5aa2981,CASE-00049,CYBER_FRAUD,FIR_SUMMARY,STATE_03_DIST_01_PS_02,STATE_03_DIST_01,STATE_03,POLICE,HIGH,false,false,false,false,SEALED,ARCHIVED,false,false,false,true,FORENSIC_REVIEW,SHARE,false,false,MISSING,BUSINESS_HOURS,ONLINE,ICJS_STYLE_EXCHANGE,P-2026-05-STEP1,false,true,4ba853163e7c5e1c80da1488ca1d611f41f067515bd313321387e92e322fd8dd
REQ-000538,2026-05-31T20:34:00Z,normal_in_jurisdiction,OFF-0216,63cd4d5013242ca51327d961,Head Constable,2,POLICE,STATE_01_DIST_04_PS_02,STATE_01_DIST_04,STATE_01,LOW,ACTIVE,ASSIGNED,REC-000315,05ba601a717ce064fee7e4a0,CASE-00187,CYBER_FRAUD,CYBERCRIME_COMPLAINT,STATE_01_DIST_04_PS_02,STATE_01_DIST_04,STATE_01,POLICE,MEDIUM,false,false,false,false,OPEN,ACTIVE,true,true,true,false,INVESTIGATION,VIEW,false,false,NOT_REQUIRED,BUSINESS_HOURS,ONLINE,MANUAL_ESCALATION,P-2026-05-STEP1,false,true,b917a25429c0cbbe7d6514340ebcda05e41dbe91d1a46cf2908ad0944f96b6b9
REQ-000539,2026-05-28T02:57:00Z,court_request,OFF-0001,858f20314a8c64995d905a33,Head Constable,2,POLICE,STATE_01_DIST_02_PS_01,STATE_01_DIST_02,STATE_01,LOW,ACTIVE,NOT_ASSIGNED,REC-000042,a1b52acab80056cbe18f7a51,CASE-00191,GENERAL_THEFT,EVIDENCE_MEDIA,STATE_01_DIST_01_PS_02,STATE_01_DIST_01,STATE_01,POLICE,HIGH,false,false,false,true,OPEN,ARCHIVED,false,false,true,true,PROSECUTION_REVIEW,VIEW,false,true,PRESENT_VALID,BUSINESS_HOURS,ONLINE,CCTNS_STYLE_API,P-2026-05-STEP1,false,true,c17f0d04f7f773b09855b0c00721f561d2b92afd9c1655531f6d79da7ca40a43
REQ-000540,2026-05-31T12:00:00Z,juvenile_sensitive,OFF-0074,0cef9a18606529b664cb0b3f,Sub-Inspector,3,POLICE,STATE_01_DIST_03_PS_03,STATE_01_DIST_03,STATE_01,MEDIUM,ACTIVE,NOT_ASSIGNED,REC-000518,019a5823b2dbc8eb666b5e17,CASE-00160,MISSING_PERSON,JUVENILE_RECORD,STATE_01_DIST_01_PS_02,STATE_01_DIST_01,STATE_01,POLICE,HIGH,false,false,true,false,OPEN,ACTIVE,false,false,true,true,INVESTIGATION,VIEW,false,false,PRESENT_VALID,NIGHT,ONLINE,ICJS_STYLE_EXCHANGE,P-2026-05-STEP1,false,true,0d4261393b49ec767572be731a2a7368cac382eb5e93447c19776f370e64c82b
REQ-000541,2026-05-31T03:11:00Z,cross_jurisdiction_sensitive,OFF-0116,f1533940112c34367e3740e3,Station House Officer,5,POLICE,STATE_03_DIST_02_PS_01,STATE_03_DIST_02,STATE_03,HIGH,ACTIVE,NOT_ASSIGNED,REC-000864,a9cbee3038e84f297bca5de4,CASE-00294,VIOLENT_CRIME,EVIDENCE_MEDIA,STATE_01_DIST_04_PS_03,STATE_01_DIST_04,STATE_01,POLICE,CLASSIFIED,false,false,false,true,OPEN,ARCHIVED,false,false,false,true,FORENSIC_REVIEW,DOWNLOAD,false,false,PRESENT_VALID,BUSINESS_HOURS,ONLINE,MANUAL_ESCALATION,P-2026-05-STEP1,false,true,b846319d589b889cb42c30a06c3fa837f1bd72c0fcebde4059503696bfeff8e8
REQ-000542,2026-05-28T21:10:00Z,cross_jurisdiction_sensitive,OFF-0166,b6791729f7de52114f8f5aba,Station House Officer,5,POLICE,STATE_01_DIST_04_PS_03,STATE_01_DIST_04,STATE_01,HIGH,ACTIVE,NOT_ASSIGNED,REC-000695,5856a99a0397a4932c6b65c2,CASE-00134,VIOLENT_CRIME,COURT_SUBMISSION,STATE_02_DIST_04_PS_03,STATE_02_DIST_04,STATE_02,POLICE,HIGH,false,false,false,false,OPEN,ARCHIVED,false,false,false,true,SUPERVISION,VIEW,false,false,MISSING,BUSINESS_HOURS,ONLINE,ICJS_STYLE_EXCHANGE,P-2026-05-STEP1,false,true,5a4061ebd28a89c115fb5a570799c2f0cd6c9a8aa01d90862f23f610f9d54b4e
REQ-000543,2026-05-30T09:27:00Z,normal_in_jurisdiction,OFF-0220,5f5d03cad2864eb9986177dd,Inspector,4,POLICE,STATE_01_DIST_04_PS_03,STATE_01_DIST_04,STATE_01,MEDIUM,ACTIVE,ASSIGNED,REC-000528,6d530f6e96b5b93268a775f8,CASE-00074,VIOLENT_CRIME,COURT_SUBMISSION,STATE_01_DIST_04_PS_03,STATE_01_DIST_04,STATE_01,POLICE,MEDIUM,false,false,false,false,OPEN,ACTIVE,true,true,true,false,INVESTIGATION,VIEW,false,false,NOT_REQUIRED,BUSINESS_HOURS,ONLINE,ICJS_STYLE_EXCHANGE,P-2026-05-STEP1,false,true,5e214f1a869503b0b2ebe3297f20aae93004211151c74cf74c74b6b0a4b27b5a
REQ-000544,2026-05-30T00:32:00Z,expired_approval_token,OFF-0169,da8724df1e30e5c801778777,Constable,1,POLICE,STATE_01_DIST_01_PS_02,STATE_01_DIST_01,STATE_01,LOW,ACTIVE,NOT_ASSIGNED,REC-000239,c546f9235f27603167edda58,CASE-00015,GENERAL_THEFT,CYBERCRIME_COMPLAINT,STATE_02_DIST_02_PS_03,STATE_02_DIST_02,STATE_02,POLICE,CLASSIFIED,false,false,false,false,OPEN,UNDER_REVIEW,false,false,false,true,FORENSIC_REVIEW,DOWNLOAD,false,false,EXPIRED,NIGHT,ONLINE,CCTNS_STYLE_API,P-2026-05-STEP1,false,true,e0115a28ed8f5e8a44045bc01e998212ca3b7359004a99dbab3032f04a8d94a4
REQ-000545,2026-05-28T03:15:00Z,cross_jurisdiction_sensitive,OFF-0070,73b99e563b8590d8f1f3488f,Sub-Inspector,3,POLICE,STATE_02_DIST_02_PS_02,STATE_02_DIST_02,STATE_02,MEDIUM,ACTIVE,NOT_ASSIGNED,REC-000483,b10eeff052ba452504a54f88,CASE-00232,WOMEN_CHILD_SAFETY,CYBERCRIME_COMPLAINT,STATE_03_DIST_02_PS_01,STATE_03_DIST_02,STATE_03,POLICE,HIGH,true,false,false,false,OPEN,ACTIVE,false,false,false,true,SUPERVISION,VIEW,false,false,MISSING,BUSINESS_HOURS,ONLINE,MANUAL_ESCALATION,P-2026-05-STEP1,false,true,38836f196342903398f84106fd726a9e2c97baf6f674805f5b4f4526b2919f6b
REQ-000546,2026-05-31T22:18:00Z,cross_jurisdiction_sensitive,OFF-0136,3388bd23d03d7e43b3bd8d53,Senior Superintendent,6,POLICE,STATE_03_DIST_03_PS_01,STATE_03_DIST_03,STATE_03,CLASSIFIED,ACTIVE,NOT_ASSIGNED,REC-000289,375c93cbfc19c6b728ba102e,CASE-00120,CYBER_FRAUD,JUVENILE_RECORD,STATE_01_DIST_02_PS_01,STATE_01_DIST_02,STATE_01,POLICE,CLASSIFIED,false,false,true,false,OPEN,ACTIVE,false,false,false,true,SUPERVISION,DOWNLOAD,false,false,PRESENT_VALID,BUSINESS_HOURS,ONLINE,CCTNS_STYLE_API,P-2026-05-STEP1,false,true,d8b1cf75ff041c1c750c310cc7d1369530aa15bb6c55a42a7b572bedb72b9a80
REQ-000547,2026-05-28T12:28:00Z,random_context,OFF-0107,fb4c90a703ac874dae2f1454,Head Constable,2,POLICE,STATE_02_DIST_01_PS_03,STATE_02_DIST_01,STATE_02,LOW,ACTIVE,NOT_ASSIGNED,REC-000883,b011cf5ae48f4ee0fa784772,CASE-00196,FINANCIAL_CRIME,CASE_DIARY,STATE_02_DIST_04_PS_01,STATE_02_DIST_04,STATE_02,POLICE,HIGH,false,false,false,false,OPEN,ACTIVE,false,false,true,true,AUDIT,SHARE,false,false,NOT_REQUIRED,BUSINESS_HOURS,ONLINE,MANUAL_ESCALATION,P-2026-05-STEP1,false,true,87d50b7d3ae4af389f242edfd20b3b69063aedbf6a6ee3ad94ea14bb9ae5d98f
REQ-000548,2026-06-02T11:16:00Z,cross_jurisdiction_sensitive,OFF-0224,b20f60775fe6a25591c31932,Inspector,4,POLICE,STATE_01_DIST_03_PS_02,STATE_01_DIST_03,STATE_01,MEDIUM,ACTIVE,NOT_ASSIGNED,REC-000692,483d8e368e0abb9247f9bc72,CASE-00321,JUVENILE_PROTECTION,VICTIM_RECORD,STATE_01_DIST_02_PS_01,STATE_01_DIST_02,STATE_01,POLICE,HIGH,true,false,true,false,OPEN,ACTIVE,false,false,true,true,FORENSIC_REVIEW,DOWNLOAD,false,false,MISSING,BUSINESS_HOURS,ONLINE,CCTNS_STYLE_API,P-2026-05-STEP1,false,true,bd3fb15e727543ebb07f0b306b2970a08e9d7ab307fe53ca0d419f7842e688b0
REQ-000549,2026-05-31T04:39:00Z,juvenile_sensitive,OFF-0098,a2651cd5c21b20cc4d4edc22,Sub-Inspector,3,POLICE,STATE_03_DIST_03_PS_02,STATE_03_DIST_03,STATE_03,MEDIUM,ACTIVE,NOT_ASSIGNED,REC-000029,427ff405218f63d90bc57611,CASE-00164,CYBER_FRAUD,JUVENILE_RECORD,STATE_03_DIST_01_PS_03,STATE_03_DIST_01,STATE_03,POLICE,CLASSIFIED,false,false,true,false,SEALED,ACTIVE,false,false,true,true,SUPERVISION,DOWNLOAD,false,false,MISSING,NIGHT,DEGRADED,ICJS_STYLE_EXCHANGE,P-2026-05-STEP1,false,true,9eb0b43e5b25c23a7402a17de6abe954fe27257315ce5e164c262177ef9fd7bb
REQ-000550,2026-05-31T04:50:00Z,court_request,OFF-0154,030fbe8b71b501096276a8ab,Constable,1,POLICE,STATE_02_DIST_02_PS_01,STATE_02_DIST_02,STATE_02,LOW,REVOKED,NOT_ASSIGNED,REC-000418,513c9be258a43ca7947c0ca7,CASE-00053,WOMEN_CHILD_SAFETY,EVIDENCE_MEDIA,STATE_03_DIST_01_PS_02,STATE_03_DIST_01,STATE_03,POLICE,CLASSIFIED,true,false,false,true,OPEN,ACTIVE,false,false,false,true,COURT_PRODUCTION,VIEW,false,true,PRESENT_VALID,BUSINESS_HOURS,ONLINE,ICJS_STYLE_EXCHANGE,P-2026-05-STEP1,false,true,5f27fda0af638fae1599d97156661840f2933c2ae4c37f81bb3cec982d00d07e
REQ-000551,2026-05-29T07:06:00Z,juvenile_sensitive,OFF-0079,769c0f71f92a8b49e252746c,Sub-Inspector,3,POLICE,STATE_01_DIST_01_PS_03,STATE_01_DIST_01,STATE_01,MEDIUM,ACTIVE,NOT_ASSIGNED,REC-000036,19c0033126dabf1c18a8e634,CASE-00222,MISSING_PERSON,JUVENILE_RECORD,STATE_01_DIST_03_PS_02,STATE_01_DIST_03,STATE_01,POLICE,CLASSIFIED,false,false,true,false,OPEN,ACTIVE,false,false,true,true,INVESTIGATION,VIEW,false,false,PRESENT_VALID,NIGHT,ONLINE,ICJS_STYLE_EXCHANGE,P-2026-05-STEP1,false,true,8eb2d17ea28cac6b1fa5f7434d488052275c78c2af922e2a2ec264e9405d2d10
REQ-000552,2026-05-31T14:24:00Z,sealed_record,OFF-0186,fe341f3994ddbba307367393,Sub-Inspector,3,POLICE,STATE_02_DIST_02_PS_01,STATE_02_DIST_02,STATE_02,MEDIUM,ACTIVE,NOT_ASSIGNED,REC-000154,550a42b9a5b45fa2817e763a,CASE-00352,MISSING_PERSON,JUVENILE_RECORD,STATE_03_DIST_02_PS_03,STATE_03_DIST_02,STATE_03,POLICE,CLASSIFIED,false,false,true,false,SEALED,ACTIVE,false,false,false,true,PROSECUTION_REVIEW,DOWNLOAD,false,true,PRESENT_VALID,BUSINESS_HOURS,ONLINE,ICJS_STYLE_EXCHANGE,P-2026-05-STEP1,false,true,394f77be2ab0d0284ecad28fd002f2eb53a9c1b281eeeb9474226db5708a963c
REQ-000553,2026-05-31T23:49:00Z,expired_approval_token,OFF-0043,d4da98f8bbaf8c84670817a6,Inspector,4,POLICE,STATE_02_DIST_02_PS_03,STATE_02_DIST_02,STATE_02,MEDIUM,ACTIVE,NOT_ASSIGNED,REC-000240,3a5506aed3cb51b09e7c4ca2,CASE-00200,WOMEN_CHILD_SAFETY,CYBERCRIME_COMPLAINT,STATE_02_DIST_04_PS_03,STATE_02_DIST_04,STATE_02,POLICE,CLASSIFIED,true,false,false,false,SEALED,UNDER_REVIEW,false,false,true,true,PROSECUTION_REVIEW,SHARE,false,false,EXPIRED,BUSINESS_HOURS,ONLINE,ICJS_STYLE_EXCHANGE,P-2026-05-STEP1,false,true,93ac035707f6006666deb51f26f1e52058e23f3f924b92d253e0f95084a868f0
REQ-000554,2026-05-28T12:56:00Z,emergency_override,OFF-0148,adb77e6ea2a2edb0afc7410d,Inspector,4,POLICE,STATE_03_DIST_02_PS_03,STATE_03_DIST_02,STATE_03,MEDIUM,ACTIVE,NOT_ASSIGNED,REC-000249,7ac6a8505413a1abfe9c2c38,CASE-00151,CYBER_FRAUD,VICTIM_RECORD,STATE_02_DIST_01_PS_01,STATE_02_DIST_01,STATE_02,POLICE,CLASSIFIED,true,false,false,false,OPEN,ARCHIVED,false,false,false,true,EMERGENCY_RESPONSE,APPROVE,true,false,MISSING,AFTER_HOURS,ONLINE,MANUAL_ESCALATION,P-2026-05-STEP1,false,true,b1ddd578462e13292d7f3a197a57a2ba3af35f4bd3af372bd5261f29f75866ee
REQ-000555,2026-05-30T02:00:00Z,revoked_credential,OFF-0104,bacbc9ea0ca5c88caca1fb35,Prosecutor Liaison,4,PROSECUTION,STATE_02_DIST_04_PS_02,STATE_02_DIST_04,STATE_02,MEDIUM,REVOKED,NOT_ASSIGNED,REC-000466,2a05bb6a95495218d6bd8508,CASE-00126,CYBER_FRAUD,FORENSIC_REPORT,STATE_03_DIST_03_PS_03,STATE_03_DIST_03,STATE_03,POLICE,HIGH,false,false,false,false,OPEN,ACTIVE,false,false,false,true,INVESTIGATION,UPDATE,false,false,MISSING,BUSINESS_HOURS,ONLINE,CCTNS_STYLE_API,P-2026-05-STEP1,false,true,a630c74a7dccb2345e2cb6a62b978f1bb37bd3d0881f0b9aa7b1ec938b457e77
REQ-000556,2026-05-28T13:04:00Z,juvenile_sensitive,OFF-0038,ed345e57c83b3d1c5b2c2660,Inspector,4,POLICE,STATE_03_DIST_02_PS_01,STATE_03_DIST_02,STATE_03,MEDIUM,ACTIVE,NOT_ASSIGNED,REC-000359,1b44aa1874391eada80abe9f,CASE-00343,MISSING_PERSON,JUVENILE_RECORD,STATE_02_DIST_02_PS_01,STATE_02_DIST_02,STATE_02,POLICE,CLASSIFIED,false,false,true,false,OPEN,ACTIVE,false,false,false,true,INVESTIGATION,VIEW,false,false,PRESENT_VALID,AFTER_HOURS,DEGRADED,CCTNS_STYLE_API,P-2026-05-STEP1,false,true,7e4a1d6c5031f6b21872c318c1a822a37afe8485f7ac97897f72a6da41e7e3f9
REQ-000557,2026-05-27T18:34:00Z,juvenile_sensitive,OFF-0173,5d29ee05d50fe82bba4375d8,Forensic Officer,4,FORENSIC,STATE_01_DIST_02_PS_03,STATE_01_DIST_02,STATE_01,HIGH,ACTIVE,NOT_ASSIGNED,REC-000427,d78dafd08b73c58f991b6f3f,CASE-00115,JUVENILE_PROTECTION,EVIDENCE_MEDIA,STATE_01_DIST_04_PS_03,STATE_01_DIST_04,STATE_01,POLICE,HIGH,false,false,true,true,OPEN,ACTIVE,false,false,true,true,SUPERVISION,DOWNLOAD,false,false,MISSING,BUSINESS_HOURS,ONLINE,ICJS_STYLE_EXCHANGE,P-2026-05-STEP1,false,true,9f1f58d1917fd4aa5c6f1342abd9be5c8f79de65fe3b8e7e0914eea3d6f6cccb
REQ-000558,2026-05-28T22:30:00Z,random_context,OFF-0109,71ae00fed2507668078d658b,Sub-Inspector,3,POLICE,STATE_01_DIST_02_PS_02,STATE_01_DIST_02,STATE_01,MEDIUM,ACTIVE,NOT_ASSIGNED,REC-000246,83bca7e310ed9ee58d743944,CASE-00233,CYBER_FRAUD,EVIDENCE_MEDIA,STATE_03_DIST_01_PS_03,STATE_03_DIST_01,STATE_03,POLICE,HIGH,false,false,false,true,OPEN,ACTIVE,false,false,false,true,INVESTIGATION,VIEW,false,false,NOT_REQUIRED,AFTER_HOURS,ONLINE,MANUAL_ESCALATION,P-2026-05-STEP1,false,true,286dc0ae23af0be0a64e151180fdd827fc660c0f20cc60e5004b8c8ce95a898f
REQ-000559,2026-05-30T11:51:00Z,stale_case_assignment,OFF-0193,4be2947fa44b5e03c9285de0,Forensic Officer,4,FORENSIC,STATE_03_DIST_03_PS_03,STATE_03_DIST_03,STATE_03,HIGH,ACTIVE,STALE,REC-000348,195140358f5d31dec354aa4b,CASE-00130,VIOLENT_CRIME,JUVENILE_RECORD,STATE_01_DIST_01_PS_01,STATE_01_DIST_01,STATE_01,POLICE,HIGH,false,false,true,false,OPEN,ACTIVE,false,false,false,true,INVESTIGATION,SHARE,false,false,MISSING,BUSINESS_HOURS,DEGRADED,CCTNS_STYLE_API,P-2026-05-STEP1,false,true,e785be8be8b9e020f60733471db289f5d4aa8a7b3a2181ff35f8149366d17357
REQ-000560,2026-05-30T21:20:00Z,stale_case_assignment,OFF-0223,f04272809174dac17c3936fd,Head Constable,2,POLICE,STATE_02_DIST_04_PS_03,STATE_02_DIST_04,STATE_02,LOW,ACTIVE,STALE,REC-000643,86cf9537924a3bb27fd6a3c9,CASE-00021,JUVENILE_PROTECTION,EVIDENCE_MEDIA,STATE_02_DIST_04_PS_01,STATE_02_DIST_04,STATE_02,POLICE,CLASSIFIED,false,false,true,true,OPEN,ARCHIVED,false,true,true,false,INVESTIGATION,VIEW,false,false,MISSING,AFTER_HOURS,ONLINE,CCTNS_STYLE_API,P-2026-05-STEP1,false,true,6d5c200f69f7e393270f346639e62ff5af761e1fd51f8805883b8f9a36138528
REQ-000561,2026-05-30T02:48:00Z,normal_in_jurisdiction,OFF-0221,1f0d6f8c17d7221984909f27,Constable,1,POLICE,STATE_01_DIST_01_PS_02,STATE_01_DIST_01,STATE_01,LOW,ACTIVE,ASSIGNED,REC-000370,1b1414b71469f9459ee02ce9,CASE-00147,FINANCIAL_CRIME,FIR_SUMMARY,STATE_01_DIST_01_PS_02,STATE_01_DIST_01,STATE_01,POLICE,MEDIUM,false,false,false,false,OPEN,ACTIVE,true,true,true,false,INVESTIGATION,VIEW,false,false,NOT_REQUIRED,NIGHT,ONLINE,MANUAL_ESCALATION,P-2026-05-STEP1,false,true,478160d8f849e239834459b7a30888cde96cd3a7b33c7cf8056693cfeec8d05d
REQ-000562,2026-05-30T21:40:00Z,revoked_credential,OFF-0215,61fb1f33fe73b6361966f242,Inspector,4,POLICE,STATE_01_DIST_04_PS_03,STATE_01_DIST_04,STATE_01,MEDIUM,REVOKED,NOT_ASSIGNED,REC-000840,667e91a0b9ccb9078757d9fa,CASE-00154,JUVENILE_PROTECTION,FIR_SUMMARY,STATE_01_DIST_01_PS_02,STATE_01_DIST_01,STATE_01,POLICE,LOW,false,false,true,false,SEALED,ACTIVE,false,false,true,true,AUDIT,DOWNLOAD,false,false,MISSING,AFTER_HOURS,DEGRADED,ICJS_STYLE_EXCHANGE,P-2026-05-STEP1,false,true,5c553e6a8816ab42bfabf88395cc58652420504584ff6dfa534cf867b28aa651
REQ-000563,2026-06-01T01:59:00Z,cross_jurisdiction_sensitive,OFF-0126,73518b37a439a4d90b18903d,Forensic Officer,4,FORENSIC,STATE_03_DIST_01_PS_03,STATE_03_DIST_01,STATE_03,HIGH,ACTIVE,NOT_ASSIGNED,REC-000568,9fcede7ff666ed17edf127ac,CASE-00165,VIOLENT_CRIME,JUVENILE_RECORD,STATE_02_DIST_02_PS_01,STATE_02_DIST_02,STATE_02,POLICE,CLASSIFIED,false,false,true,false,OPEN,UNDER_REVIEW,false,false,false,true,FORENSIC_REVIEW,VIEW,false,false,PRESENT_VALID,BUSINESS_HOURS,ONLINE,MANUAL_ESCALATION,P-2026-05-STEP1,false,true,94f37f30a5d6e681d95b0cc7acd70f4ad09733a833370999e6a2d1afe061eb54
REQ-000564,2026-05-28T23:00:00Z,cross_jurisdiction_sensitive,OFF-0157,3dd77930332ffbb4fb60fb78,Head Constable,2,POLICE,STATE_03_DIST_01_PS_03,STATE_03_DIST_01,STATE_03,LOW,ACTIVE,NOT_ASSIGNED,REC-000712,f6d31e1673c73f753e7204d6,CASE-00274,VIOLENT_CRIME,CYBERCRIME_COMPLAINT,STATE_02_DIST_03_PS_01,STATE_02_DIST_03,STATE_02,POLICE,HIGH,false,false,false,false,OPEN,ACTIVE,false,false,false,true,SUPERVISION,UPDATE,false,false,PRESENT_VALID,BUSINESS_HOURS,ONLINE,CCTNS_STYLE_API,P-2026-05-STEP1,false,true,bfcb9e636be8f1128bf3f682f6c415f450666e3e6f0bdb28c3771c7eaec7ca89
REQ-000565,2026-05-31T07:35:00Z,revoked_credential,OFF-0215,61fb1f33fe73b6361966f242,Inspector,4,POLICE,STATE_01_DIST_04_PS_03,STATE_01_DIST_04,STATE_01,MEDIUM,REVOKED,NOT_ASSIGNED,REC-000779,d8c9df09b1ba5408e3849067,CASE-00249,MISSING_PERSON,CASE_DIARY,STATE_02_DIST_02_PS_02,STATE_02_DIST_02,STATE_02,POLICE,CLASSIFIED,false,false,false,false,OPEN,ACTIVE,false,false,false,true,AUDIT,VIEW,false,false,MISSING,BUSINESS_HOURS,ONLINE,CCTNS_STYLE_API,P-2026-05-STEP1,false,true,5f0f7adc269e58b9b99f70a3b11c637cd1b340849122d58165b88ecd4fdc7f2d
REQ-000566,2026-05-28T23:10:00Z,revoked_credential,OFF-0088,aba84a984ee3606ae0d30a0a,Station House Officer,5,POLICE,STATE_03_DIST_04_PS_01,STATE_03_DIST_04,STATE_03,HIGH,REVOKED,NOT_ASSIGNED,REC-000128,438e40e436069a3ccfd0260e,CASE-00299,NARCOTICS,WITNESS_STATEMENT,STATE_03_DIST_02_PS_02,STATE_03_DIST_02,STATE_03,POLICE,HIGH,false,true,false,false,OPEN,ACTIVE,false,false,true,true,AUDIT,VIEW,false,false,MISSING,AFTER_HOURS,ONLINE,CCTNS_STYLE_API,P-2026-05-STEP1,false,true,265ca059e4e9c4023ff545890c8d5729c19a96d5d645fb003659c72eb5a257a3
REQ-000567,2026-05-30T13:03:00Z,cross_jurisdiction_sensitive,OFF-0193,4be2947fa44b5e03c9285de0,Forensic Officer,4,FORENSIC,STATE_03_DIST_03_PS_03,STATE_03_DIST_03,STATE_03,HIGH,ACTIVE,NOT_ASSIGNED,REC-000623,62c4bd5e3c46d322ca954d3d,CASE-00308,FINANCIAL_CRIME,CYBERCRIME_COMPLAINT,STATE_02_DIST_04_PS_02,STATE_02_DIST_04,STATE_02,POLICE,CLASSIFIED,false,false,false,false,OPEN,ACTIVE,false,false,false,true,INVESTIGATION,DOWNLOAD,false,false,PRESENT_VALID,BUSINESS_HOURS,ONLINE,CCTNS_STYLE_API,P-2026-05-STEP1,false,true,09542affb7896b8b41b1ee28529788bdef4dda97ef59db5674bfe61417dbea2c
REQ-000568,2026-05-31T17:36:00Z,cross_jurisdiction_sensitive,OFF-0091,516e122c203e5dd62fd9ee93,Constable,1,POLICE,STATE_01_DIST_04_PS_02,STATE_01_DIST_04,STATE_01,LOW,ACTIVE,NOT_ASSIGNED,REC-000014,201bd2e21b21dd12c27511f3,CASE-00190,GENERAL_THEFT,WITNESS_STATEMENT,STATE_03_DIST_04_PS_02,STATE_03_DIST_04,STATE_03,POLICE,MEDIUM,false,true,false,false,OPEN,ARCHIVED,false,false,false,true,FORENSIC_REVIEW,DOWNLOAD,false,false,PRESENT_VALID,BUSINESS_HOURS,ONLINE,CCTNS_STYLE_API,P-2026-05-STEP1,false,true,d80740a5ca7afd46ae797d2b01d9cccd2f7721fa0d08012596c48298279466dd
REQ-000569,2026-05-30T22:50:00Z,cross_jurisdiction_sensitive,OFF-0010,bcb4468affef262ed92897ea,Inspector,4,POLICE,STATE_03_DIST_03_PS_02,STATE_03_DIST_03,STATE_03,MEDIUM,ACTIVE,NOT_ASSIGNED,REC-000820,a3e77934549e166377318689,CASE-00198,CYBER_FRAUD,EVIDENCE_MEDIA,STATE_03_DIST_01_PS_01,STATE_03_DIST_01,STATE_03,POLICE,HIGH,false,false,false,true,SEALED,ACTIVE,false,false,true,true,SUPERVISION,DOWNLOAD,false,false,PRESENT_VALID,AFTER_HOURS,ONLINE,CCTNS_STYLE_API,P-2026-05-STEP1,false,true,12ed0395558a7d7abe5adca68258400bdfab68c1ec09507bf448dd46566e7563
REQ-000570,2026-05-31T08:30:00Z,normal_in_jurisdiction,OFF-0139,16a2d504d34232bf9551d690,Cybercrime Officer,4,CYBERCRIME,STATE_01_DIST_04_PS_01,STATE_01_DIST_04,STATE_01,HIGH,ACTIVE,ASSIGNED,REC-000896,715cb0d4c70f21586aa29ac0,CASE-00337,NARCOTICS,VICTIM_RECORD,STATE_01_DIST_04_PS_01,STATE_01_DIST_04,STATE_01,POLICE,MEDIUM,true,false,false,false,SEALED,ACTIVE,true,true,true,false,INVESTIGATION,VIEW,false,false,NOT_REQUIRED,BUSINESS_HOURS,ONLINE,ICJS_STYLE_EXCHANGE,P-2026-05-STEP1,false,true,0347afd9e694dcd9d13b3126fc75970ae6982d99b4a43b63172af9adc11bea78
REQ-000571,2026-05-29T18:37:00Z,juvenile_sensitive,OFF-0173,5d29ee05d50fe82bba4375d8,Forensic Officer,4,FORENSIC,STATE_01_DIST_02_PS_03,STATE_01_DIST_02,STATE_01,HIGH,ACTIVE,NOT_ASSIGNED,REC-000115,233ab22bf4c19087bd09c1f9,CASE-00326,JUVENILE_PROTECTION,COURT_SUBMISSION,STATE_02_DIST_04_PS_01,STATE_02_DIST_04,STATE_02,POLICE,MEDIUM,false,false,true,false,OPEN,ACTIVE,false,false,false,true,INVESTIGATION,VIEW,false,false,PRESENT_VALID,AFTER_HOURS,ONLINE,MANUAL_ESCALATION,P-2026-05-STEP1,false,true,6945d9cd10ded7425aaa0b8eeb996194708be1dff60903cb5c86f98c609b51aa
REQ-000572,2026-06-02T18:04:00Z,revoked_credential,OFF-0069,ecaec2b1bb689d9a6ebf8cca,Constable,1,POLICE,STATE_02_DIST_02_PS_03,STATE_02_DIST_02,STATE_02,LOW,REVOKED,NOT_ASSIGNED,REC-000194,7ce5d3c68a1d4bf9a69dd131,CASE-00079,VIOLENT_CRIME,VICTIM_RECORD,STATE_01_DIST_04_PS_02,STATE_01_DIST_04,STATE_01,POLICE,MEDIUM,true,false,false,false,OPEN,ACTIVE,false,false,false,true,AUDIT,DOWNLOAD,false,false,MISSING,BUSINESS_HOURS,STATION_NODE_DOWN,ICJS_STYLE_EXCHANGE,P-2026-05-STEP1,false,true,df215d8cd7fa9e90b2574226d43787c6ed9ac2ad8414459bfd5c376e670dd99d
REQ-000573,2026-05-27T19:06:00Z,normal_in_jurisdiction,OFF-0156,5f299dc3f248e4c74232aab4,Inspector,4,POLICE,STATE_02_DIST_04_PS_01,STATE_02_DIST_04,STATE_02,MEDIUM,ACTIVE,ASSIGNED,REC-000234,c6e09784d51abbf2b3753b68,CASE-00196,FINANCIAL_CRIME,CASE_DIARY,STATE_02_DIST_04_PS_01,STATE_02_DIST_04,STATE_02,POLICE,MEDIUM,false,false,false,false,OPEN,ARCHIVED,true,true,true,false,INVESTIGATION,VIEW,false,false,NOT_REQUIRED,BUSINESS_HOURS,ONLINE,ICJS_STYLE_EXCHANGE,P-2026-05-STEP1,false,true,44ea03b52e4a4ce8db2424ff9c1152fa436665bdb630e6308a394a71c54dc67d
REQ-000574,2026-05-28T04:42:00Z,expired_approval_token,OFF-0169,da8724df1e30e5c801778777,Constable,1,POLICE,STATE_01_DIST_01_PS_02,STATE_01_DIST_01,STATE_01,LOW,ACTIVE,NOT_ASSIGNED,REC-000152,855965ff849e31dc11494c47,CASE-00244,FINANCIAL_CRIME,JUVENILE_RECORD,STATE_02_DIST_01_PS_03,STATE_02_DIST_01,STATE_02,POLICE,HIGH,false,false,true,false,OPEN,ARCHIVED,false,false,false,true,PROSECUTION_REVIEW,VIEW,false,false,EXPIRED,BUSINESS_HOURS,ONLINE,MANUAL_ESCALATION,P-2026-05-STEP1,false,true,9299cbdd81f0661351da129ef2cdc5c6a3e431781ce555653aa0df12bc985586
REQ-000575,2026-05-28T14:20:00Z,cross_jurisdiction_sensitive,OFF-0019,43619f9291295cde078ede73,Constable,1,POLICE,STATE_03_DIST_01_PS_03,STATE_03_DIST_01,STATE_03,LOW,ACTIVE,NOT_ASSIGNED,REC-000449,5cffb8dc75d9d131aa574db1,CASE-00291,JUVENILE_PROTECTION,VICTIM_RECORD,STATE_02_DIST_01_PS_03,STATE_02_DIST_01,STATE_02,POLICE,CLASSIFIED,true,false,true,false,OPEN,ACTIVE,false,false,false,true,FORENSIC_REVIEW,VIEW,false,false,PRESENT_VALID,BUSINESS_HOURS,ONLINE,MANUAL_ESCALATION,P-2026-05-STEP1,false,true,1428455fc58ebfec04d9b5cfb0cbc9fafd298c2717d95b99744598bf7085c695
REQ-000576,2026-06-01T14:24:00Z,stale_case_assignment,OFF-0108,f250eda449687032c1f3ce21,Constable,1,POLICE,STATE_03_DIST_01_PS_01,STATE_03_DIST_01,STATE_03,LOW,ACTIVE,STALE,REC-000126,9f6ce3dfb42b871dbeea3ce4,CASE-00071,VIOLENT_CRIME,CYBERCRIME_COMPLAINT,STATE_02_DIST_04_PS_01,STATE_02_DIST_04,STATE_02,POLICE,HIGH,false,false,false,false,OPEN,ARCHIVED,false,false,false,true,INVESTIGATION,DOWNLOAD,false,false,MISSING,BUSINESS_HOURS,ONLINE,MANUAL_ESCALATION,P-2026-05-STEP1,false,true,2c3341523d63551f0a80a4ba45562283969e85c4cbd13297054e1b37e736725a
REQ-000577,2026-05-30T04:56:00Z,cross_jurisdiction_sensitive,OFF-0167,a2884bcebf8616c20bdb4688,Sub-Inspector,3,POLICE,STATE_01_DIST_01_PS_02,STATE_01_DIST_01,STATE_01,MEDIUM,ACTIVE,NOT_ASSIGNED,REC-000561,553fe77679decc32f66d81bb,CASE-00008,VIOLENT_CRIME,EVIDENCE_MEDIA,STATE_02_DIST_03_PS_03,STATE_02_DIST_03,STATE_02,POLICE,HIGH,false,false,false,true,SEALED,UNDER_REVIEW,false,false,false,true,SUPERVISION,VIEW,false,false,PRESENT_VALID,BUSINESS_HOURS,ONLINE,ICJS_STYLE_EXCHANGE,P-2026-05-STEP1,false,true,6f4b2581a4d78f5bb51b65da460a39ba03f004f7d60ff9e2b8a5374eaea7d11b
REQ-000578,2026-06-02T10:08:00Z,normal_in_jurisdiction,OFF-0156,5f299dc3f248e4c74232aab4,Inspector,4,POLICE,STATE_02_DIST_04_PS_01,STATE_02_DIST_04,STATE_02,MEDIUM,ACTIVE,ASSIGNED,REC-000879,b729cf6c219827bfc5d59f70,CASE-00019,JUVENILE_PROTECTION,COURT_SUBMISSION,STATE_02_DIST_04_PS_01,STATE_02_DIST_04,STATE_02,POLICE,MEDIUM,false,false,true,false,OPEN,ACTIVE,true,true,true,false,INVESTIGATION,VIEW,false,false,NOT_REQUIRED,BUSINESS_HOURS,ONLINE,MANUAL_ESCALATION,P-2026-05-STEP1,false,true,1baae048da48c4736bb6cca32b412807b9581c2edeac1d068320c9fb7bd61616
REQ-000579,2026-05-28T04:57:00Z,normal_in_jurisdiction,OFF-0182,f733b89b991cd7dc6791cabb,Head Constable,2,POLICE,STATE_01_DIST_02_PS_03,STATE_01_DIST_02,STATE_01,LOW,ACTIVE,NOT_ASSIGNED,REC-000449,5cffb8dc75d9d131aa574db1,CASE-00291,JUVENILE_PROTECTION,VICTIM_RECORD,STATE_02_DIST_01_PS_03,STATE_02_DIST_01,STATE_02,POLICE,CLASSIFIED,true,false,true,false,OPEN,ACTIVE,false,false,false,true,INVESTIGATION,VIEW,false,false,NOT_REQUIRED,AFTER_HOURS,ONLINE,CCTNS_STYLE_API,P-2026-05-STEP1,false,true,6f72ca8c7d39df77c7515c6b90e6630524e30fadd80aa563911102013d7fa5a3
REQ-000580,2026-05-29T00:20:00Z,stale_case_assignment,OFF-0151,4857d6398585bfa5b41baddd,Sub-Inspector,3,POLICE,STATE_03_DIST_03_PS_03,STATE_03_DIST_03,STATE_03,MEDIUM,ACTIVE,STALE,REC-000772,a2fd9c36ffa85f313129726c,CASE-00178,NARCOTICS,VICTIM_RECORD,STATE_01_DIST_03_PS_01,STATE_01_DIST_03,STATE_01,POLICE,HIGH,true,false,false,false,OPEN,ACTIVE,false,false,false,true,INVESTIGATION,VIEW,false,false,MISSING,AFTER_HOURS,ONLINE,ICJS_STYLE_EXCHANGE,P-2026-05-STEP1,false,true,b8c387d788d40699fedc2414027fbd29cad090ea1408891227aa1b184f5d4c66
REQ-000581,2026-05-31T20:12:00Z,revoked_credential,OFF-0045,1abb810c99dd60558b095f4d,Inspector,4,POLICE,STATE_02_DIST_01_PS_01,STATE_02_DIST_01,STATE_02,MEDIUM,REVOKED,NOT_ASSIGNED,REC-000318,c029e206494d47d41682de9a,CASE-00249,MISSING_PERSON,CASE_DIARY,STATE_02_DIST_02_PS_02,STATE_02_DIST_02,STATE_02,POLICE,HIGH,false,false,false,false,OPEN,ACTIVE,false,false,true,true,AUDIT,VIEW,false,false,MISSING,BUSINESS_HOURS,DEGRADED,ICJS_STYLE_EXCHANGE,P-2026-05-STEP1,false,true,3af76dcd51ff0313a70a3fed0f26946dac9ce1895350418932611a44a5dba7aa
REQ-000582,2026-05-27T19:24:00Z,stale_case_assignment,OFF-0197,bb454708489db5641c11f4b0,Constable,1,POLICE,STATE_02_DIST_01_PS_03,STATE_02_DIST_01,STATE_02,LOW,ACTIVE,STALE,REC-000114,ad93e2928b72a7e21702b4ea,CASE-00252,MISSING_PERSON,WITNESS_STATEMENT,STATE_03_DIST_03_PS_02,STATE_03_DIST_03,STATE_03,POLICE,MEDIUM,false,true,false,false,OPEN,ACTIVE,false,false,false,true,INVESTIGATION,VIEW,false,false,MISSING,BUSINESS_HOURS,DEGRADED,MANUAL_ESCALATION,P-2026-05-STEP1,false,true,ea0f7c7bbded070135b018792cbb8b2b60a6992ccf7b5a7770d574ed24e8cd63
REQ-000583,2026-06-02T11:28:00Z,normal_in_jurisdiction,OFF-0157,3dd77930332ffbb4fb60fb78,Head Constable,2,POLICE,STATE_03_DIST_01_PS_03,STATE_03_DIST_01,STATE_03,LOW,ACTIVE,ASSIGNED,REC-000080,c6da6d4d126acae64aff20b8,CASE-00164,CYBER_FRAUD,CYBERCRIME_COMPLAINT,STATE_03_DIST_01_PS_03,STATE_03_DIST_01,STATE_03,POLICE,MEDIUM,false,false,false,false,OPEN,ACTIVE,true,true,true,false,INVESTIGATION,VIEW,false,false,NOT_REQUIRED,BUSINESS_HOURS,ONLINE,CCTNS_STYLE_API,P-2026-05-STEP1,false,true,2e7c48e5da58678bbb7323b2178755899642f6ced919b792cb794e72540dcfba
REQ-000584,2026-05-28T14:56:00Z,cross_jurisdiction_sensitive,OFF-0140,f57ebd05797c0d495cf5ad8e,Sub-Inspector,3,POLICE,STATE_02_DIST_04_PS_03,STATE_02_DIST_04,STATE_02,MEDIUM,ACTIVE,NOT_ASSIGNED,REC-000754,e15a915636ae7f0b702750b3,CASE-00347,NARCOTICS,CYBERCRIME_COMPLAINT,STATE_03_DIST_03_PS_01,STATE_03_DIST_03,STATE_03,POLICE,HIGH,false,false,false,false,OPEN,ACTIVE,false,false,false,true,INVESTIGATION,VIEW,false,false,PRESENT_VALID,AFTER_HOURS,ONLINE,MANUAL_ESCALATION,P-2026-05-STEP1,false,true,308568b4657cf66316214ebfb4772c842e10bd359b41511e59344fb62977b105
REQ-000585,2026-05-31T21:00:00Z,normal_in_jurisdiction,OFF-0223,f04272809174dac17c3936fd,Head Constable,2,POLICE,STATE_02_DIST_04_PS_03,STATE_02_DIST_04,STATE_02,LOW,ACTIVE,ASSIGNED,REC-000730,3e8026e6986a08be7ea67710,CASE-00230,NARCOTICS,VICTIM_RECORD,STATE_02_DIST_04_PS_03,STATE_02_DIST_04,STATE_02,POLICE,MEDIUM,true,false,false,false,OPEN,UNDER_REVIEW,true,true,true,false,INVESTIGATION,VIEW,false,false,NOT_REQUIRED,BUSINESS_HOURS,ONLINE,CCTNS_STYLE_API,P-2026-05-STEP1,false,true,c580f7bada076911a6f4a1919e75799b509d6242d9aae5cb0536df01b9c02605
REQ-000586,2026-05-29T20:22:00Z,stale_case_assignment,OFF-0120,3344e545d464730d22df7101,Constable,1,POLICE,STATE_03_DIST_04_PS_03,STATE_03_DIST_04,STATE_03,LOW,ACTIVE,STALE,REC-000032,1a8cd49509cc3470cdf5eeb8,CASE-00087,FINANCIAL_CRIME,CYBERCRIME_COMPLAINT,STATE_01_DIST_02_PS_01,STATE_01_DIST_02,STATE_01,POLICE,MEDIUM,false,false,false,false,OPEN,ARCHIVED,false,false,false,true,INVESTIGATION,VIEW,false,false,MISSING,BUSINESS_HOURS,ONLINE,ICJS_STYLE_EXCHANGE,P-2026-05-STEP1,false,true,b86d96a8f417a4d121dd2a35cd32a1959ad5d999d614e986d2c54036746bb62f
REQ-000587,2026-05-27T19:34:00Z,expired_approval_token,OFF-0228,8a7aea37c451a80fdc290e57,Inspector,4,POLICE,STATE_01_DIST_02_PS_01,STATE_01_DIST_02,STATE_01,MEDIUM,ACTIVE,NOT_ASSIGNED,REC-000577,8cd436b23498bf982d16d8f4,CASE-00215,VIOLENT_CRIME,VICTIM_RECORD,STATE_03_DIST_01_PS_01,STATE_03_DIST_01,STATE_03,POLICE,HIGH,true,false,false,false,OPEN,ACTIVE,false,false,false,true,FORENSIC_REVIEW,VIEW,false,false,EXPIRED,BUSINESS_HOURS,ONLINE,CCTNS_STYLE_API,P-2026-05-STEP1,false,true,af33b138ccddabdaccd4dd9cc6a419d3f8a3066bd2fbaa829726678b1d0504b8
REQ-000588,2026-05-29T10:48:00Z,revoked_credential,OFF-0214,4abc3e055d213fe06ce85aef,Sub-Inspector,3,POLICE,STATE_01_DIST_02_PS_03,STATE_01_DIST_02,STATE_01,MEDIUM,REVOKED,NOT_ASSIGNED,REC-000872,5d71ed3aa7f62c0f2b873f7d,CASE-00326,JUVENILE_PROTECTION,FIR_SUMMARY,STATE_02_DIST_04_PS_01,STATE_02_DIST_04,STATE_02,POLICE,MEDIUM,false,false,true,false,OPEN,UNDER_REVIEW,false,false,false,true,INVESTIGATION,VIEW,false,false,MISSING,BUSINESS_HOURS,DEGRADED,MANUAL_ESCALATION,P-2026-05-STEP1,false,true,8af171b677932b75599b292be3da1cbc64d66da4159a3fded9c467868c19125d
REQ-000589,2026-05-29T01:05:00Z,stale_case_assignment,OFF-0023,7dd10e346a2e773cbf9da071,Sub-Inspector,3,POLICE,STATE_02_DIST_03_PS_02,STATE_02_DIST_03,STATE_02,MEDIUM,ACTIVE,STALE,REC-000454,08885d987fd222a58c5328a3,CASE-00291,JUVENILE_PROTECTION,CYBERCRIME_COMPLAINT,STATE_02_DIST_01_PS_03,STATE_02_DIST_01,STATE_02,POLICE,MEDIUM,false,false,true,false,OPEN,ACTIVE,false,false,true,true,INVESTIGATION,VIEW,false,false,MISSING,AFTER_HOURS,ONLINE,CCTNS_STYLE_API,P-2026-05-STEP1,false,true,8812f1be895697d375a377aeb8263452620d3e877a1e37c6a589a804f645dcff
REQ-000590,2026-06-02T13:20:00Z,cross_jurisdiction_sensitive,OFF-0190,c6c5d38ea874865e512ea30c,Sub-Inspector,3,POLICE,STATE_02_DIST_03_PS_01,STATE_02_DIST_03,STATE_02,MEDIUM,ACTIVE,NOT_ASSIGNED,REC-000600,aa5d5e9574a1ce5800dc6459,CASE-00275,WOMEN_CHILD_SAFETY,JUVENILE_RECORD,STATE_02_DIST_01_PS_02,STATE_02_DIST_01,STATE_02,POLICE,CLASSIFIED,true,false,true,false,OPEN,ARCHIVED,false,false,true,true,INVESTIGATION,APPROVE,false,false,MISSING,AFTER_HOURS,ONLINE,MANUAL_ESCALATION,P-2026-05-STEP1,false,true,ba096bd42e914f160f28685d7aef3358b8f3a4c27f8fd4fbd46697fffc3891a2
REQ-000591,2026-05-31T12:21:00Z,stale_case_assignment,OFF-0191,f920410d24c1d513e4b5b45f,Sub-Inspector,3,POLICE,STATE_03_DIST_04_PS_01,STATE_03_DIST_04,STATE_03,MEDIUM,ACTIVE,STALE,REC-000472,677656597aa945bf37b29733,CASE-00085,MISSING_PERSON,JUVENILE_RECORD,STATE_03_DIST_03_PS_01,STATE_03_DIST_03,STATE_03,POLICE,HIGH,false,false,true,false,OPEN,UNDER_REVIEW,false,false,true,true,INVESTIGATION,VIEW,false,false,MISSING,BUSINESS_HOURS,ONLINE,ICJS_STYLE_EXCHANGE,P-2026-05-STEP1,false,true,bace5666af8b5ea977b4fac74b76a01848b2e1a6420a68937c79e35d341989df
REQ-000592,2026-05-29T21:04:00Z,stale_case_assignment,OFF-0044,e35d3d5ab37a57023a757cf4,Head Constable,2,POLICE,STATE_03_DIST_02_PS_03,STATE_03_DIST_02,STATE_03,LOW,ACTIVE,STALE,REC-000377,81e0fd770f78046b7bd7fa18,CASE-00306,WOMEN_CHILD_SAFETY,COURT_SUBMISSION,STATE_02_DIST_02_PS_01,STATE_02_DIST_02,STATE_02,POLICE,MEDIUM,true,false,false,false,OPEN,ACTIVE,false,false,false,true,INVESTIGATION,VIEW,false,false,MISSING,BUSINESS_HOURS,ONLINE,CCTNS_STYLE_API,P-2026-05-STEP1,false,true,602ffba6b84052a28bed51527417fbcfd85e1667df704d33a6fe75f3648c46ac
REQ-000593,2026-05-28T05:39:00Z,expired_approval_token,OFF-0156,5f299dc3f248e4c74232aab4,Inspector,4,POLICE,STATE_02_DIST_04_PS_01,STATE_02_DIST_04,STATE_02,MEDIUM,ACTIVE,NOT_ASSIGNED,REC-000427,d78dafd08b73c58f991b6f3f,CASE-00115,JUVENILE_PROTECTION,EVIDENCE_MEDIA,STATE_01_DIST_04_PS_03,STATE_01_DIST_04,STATE_01,POLICE,HIGH,false,false,true,true,OPEN,ACTIVE,false,false,false,true,PROSECUTION_REVIEW,UPDATE,false,false,EXPIRED,NIGHT,ONLINE,CCTNS_STYLE_API,P-2026-05-STEP1,false,true,f30ce7d16a57e6858d5329a62fd208f1bd729e4a1506b8f48a39876d3947471f
REQ-000594,2026-05-28T15:36:00Z,random_context,OFF-0111,f65ad458155d09405f8da86c,Sub-Inspector,3,POLICE,STATE_02_DIST_04_PS_03,STATE_02_DIST_04,STATE_02,MEDIUM,ACTIVE,NOT_ASSIGNED,REC-000424,dbdfbc01fd0c4b39b898ed5b,CASE-00245,VIOLENT_CRIME,EVIDENCE_MEDIA,STATE_02_DIST_02_PS_02,STATE_02_DIST_02,STATE_02,POLICE,HIGH,false,false,false,true,SEALED,UNDER_REVIEW,false,false,true,true,INVESTIGATION,DOWNLOAD,false,false,PRESENT_VALID,NIGHT,ONLINE,MANUAL_ESCALATION,P-2026-05-STEP1,false,true,f623667dac5c226cffd48a1a0776ac7d694446fdaed9ee60d98e33f1e3a91f56
REQ-000595,2026-05-29T11:30:00Z,cross_jurisdiction_sensitive,OFF-0061,86505bfb457a23f7a0108287,Prosecutor Liaison,4,PROSECUTION,STATE_01_DIST_03_PS_02,STATE_01_DIST_03,STATE_01,MEDIUM,ACTIVE,NOT_ASSIGNED,REC-000166,b4c023d7b119f20e5d0e1666,CASE-00338,VIOLENT_CRIME,CASE_DIARY,STATE_03_DIST_03_PS_03,STATE_03_DIST_03,STATE_03,POLICE,HIGH,false,false,false,false,OPEN,ACTIVE,false,false,false,true,FORENSIC_REVIEW,DOWNLOAD,false,false,PRESENT_VALID,BUSINESS_HOURS,ONLINE,ICJS_STYLE_EXCHANGE,P-2026-05-STEP1,false,true,a07884fb68cdbf65d170546fe70dd8220c77462612c2d4cd987a64a722c4e59f
REQ-000596,2026-05-28T15:44:00Z,juvenile_sensitive,OFF-0135,93ea324e5b0159f974ae2ac9,Sub-Inspector,3,POLICE,STATE_01_DIST_03_PS_03,STATE_01_DIST_03,STATE_01,MEDIUM,ACTIVE,NOT_ASSIGNED,REC-000777,9043a679045e2af84cd3c449,CASE-00030,JUVENILE_PROTECTION,VICTIM_RECORD,STATE_03_DIST_01_PS_01,STATE_03_DIST_01,STATE_03,POLICE,HIGH,true,false,true,false,OPEN,ACTIVE,false,false,false,true,SUPERVISION,VIEW,false,false,PRESENT_VALID,BUSINESS_HOURS,ONLINE,CCTNS_STYLE_API,P-2026-05-STEP1,false,true,47925c4b9d9efe554ec500a32be75468dd560a5f476a83dd3dfcf4e187d96304
REQ-000597,2026-05-31T13:27:00Z,sealed_record,OFF-0233,072b2cbde28c17244de8ae4d,Constable,1,POLICE,STATE_01_DIST_04_PS_03,STATE_01_DIST_04,STATE_01,LOW,ACTIVE,NOT_ASSIGNED,REC-000763,5ca844b2848b805c696a09e9,CASE-00095,MISSING_PERSON,CASE_DIARY,STATE_01_DIST_01_PS_02,STATE_01_DIST_01,STATE_01,POLICE,HIGH,false,false,false,false,SEALED,ACTIVE,false,false,true,true,COURT_PRODUCTION,APPROVE,false,true,PRESENT_VALID,BUSINESS_HOURS,ONLINE,ICJS_STYLE_EXCHANGE,P-2026-05-STEP1,false,true,15f85de7bfcb9f8de56ae56b13252e0f37af6e656c61e4a39bf40a37b187e105
REQ-000598,2026-06-03T01:26:00Z,cross_jurisdiction_sensitive,OFF-0232,8e0a9feb90e3ea8a4997b70d,Forensic Officer,4,FORENSIC,STATE_03_DIST_03_PS_03,STATE_03_DIST_03,STATE_03,HIGH,ACTIVE,NOT_ASSIGNED,REC-000639,7ab3e40f2a90e61c28933d11,CASE-00119,WOMEN_CHILD_SAFETY,FORENSIC_REPORT,STATE_03_DIST_04_PS_03,STATE_03_DIST_04,STATE_03,POLICE,HIGH,true,false,false,false,OPEN,ACTIVE,false,false,true,true,SUPERVISION,DOWNLOAD,false,false,PRESENT_VALID,BUSINESS_HOURS,ONLINE,MANUAL_ESCALATION,P-2026-05-STEP1,false,true,a66b17140cdeb788d56a4715bcdd31359d9f09f495304d9a2baf0797ed8b275b
REQ-000599,2026-06-03T01:43:00Z,juvenile_sensitive,OFF-0161,1086c897162d91ce96d22b8e,Forensic Officer,4,FORENSIC,STATE_01_DIST_04_PS_02,STATE_01_DIST_04,STATE_01,HIGH,ACTIVE,NOT_ASSIGNED,REC-000615,dfb0e94f858b759ef429abc3,CASE-00145,VIOLENT_CRIME,JUVENILE_RECORD,STATE_02_DIST_01_PS_03,STATE_02_DIST_01,STATE_02,POLICE,CLASSIFIED,false,false,true,false,OPEN,ACTIVE,false,false,false,true,SUPERVISION,VIEW,false,false,PRESENT_VALID,BUSINESS_HOURS,DEGRADED,CCTNS_STYLE_API,P-2026-05-STEP1,false,true,ceb05191f0fd08a31772215333cc076da6177eef9cd729ca8a5ff12b0332f6d4
REQ-000600,2026-05-27T20:00:00Z,sealed_record,OFF-0206,05c3cda35f4947118d9b39ea,Forensic Officer,4,FORENSIC,STATE_02_DIST_03_PS_03,STATE_02_DIST_03,STATE_02,HIGH,ACTIVE,NOT_ASSIGNED,REC-000270,431cd98dd82eaadeaea9ba71,CASE-00049,CYBER_FRAUD,EVIDENCE_MEDIA,STATE_03_DIST_01_PS_02,STATE_03_DIST_01,STATE_03,POLICE,CLASSIFIED,false,false,false,true,SEALED,ARCHIVED,false,false,false,true,INVESTIGATION,VIEW,false,false,MISSING,NIGHT,ONLINE,MANUAL_ESCALATION,P-2026-05-STEP1,false,true,4e593a2b00ab80e8ee71faf112e2ba5e594897037e360eb5ac242b1e17da5103
REQ-000601,2026-05-27T20:02:00Z,stale_case_assignment,OFF-0228,8a7aea37c451a80fdc290e57,Inspector,4,POLICE,STATE_01_DIST_02_PS_01,STATE_01_DIST_02,STATE_01,MEDIUM,ACTIVE,STALE,REC-000202,5193567c38e42b9a685bdbe1,CASE-00126,CYBER_FRAUD,EVIDENCE_MEDIA,STATE_03_DIST_03_PS_03,STATE_03_DIST_03,STATE_03,POLICE,HIGH,false,false,false,true,OPEN,ACTIVE,false,false,false,true,INVESTIGATION,VIEW,false,false,MISSING,BUSINESS_HOURS,ONLINE,CCTNS_STYLE_API,P-2026-05-STEP1,false,true,6e8b4e9f3628c45f3838548ce6f73e229a21cadbdacf26526c8d050622f08621
REQ-000602,2026-05-28T06:06:00Z,normal_in_jurisdiction,OFF-0033,4f04697319f636cd795e5d1b,Senior Superintendent,6,POLICE,STATE_03_DIST_01_PS_01,STATE_03_DIST_01,STATE_03,CLASSIFIED,ACTIVE,NOT_ASSIGNED,REC-000060,d12cf10e373243a5cf3cbde4,CASE-00001,WOMEN_CHILD_SAFETY,FORENSIC_REPORT,STATE_03_DIST_01_PS_03,STATE_03_DIST_01,STATE_03,POLICE,HIGH,true,false,false,false,OPEN,ACTIVE,false,true,true,false,INVESTIGATION,VIEW,false,false,NOT_REQUIRED,AFTER_HOURS,ONLINE,MANUAL_ESCALATION,P-2026-05-STEP1,false,true,cf58f082174a7f12bac04f81d6169bcdeeb638e60bb4c0413e451b96e5a7d16c
REQ-000603,2026-06-01T20:42:00Z,cross_jurisdiction_sensitive,OFF-0022,cdb37082bd33066e73ce6a23,Constable,1,POLICE,STATE_03_DIST_02_PS_01,STATE_03_DIST_02,STATE_03,LOW,ACTIVE,NOT_ASSIGNED,REC-000849,d7d8d1e7e58fe0de6096f7ff,CASE-00131,GENERAL_THEFT,CYBERCRIME_COMPLAINT,STATE_03_DIST_04_PS_03,STATE_03_DIST_04,STATE_03,POLICE,HIGH,false,false,false,false,OPEN,ACTIVE,false,false,true,true,INVESTIGATION,VIEW,false,false,PRESENT_VALID,BUSINESS_HOURS,DEGRADED,ICJS_STYLE_EXCHANGE,P-2026-05-STEP1,false,true,cb1d70673b6c1f21da57b2b0b7cbe2605d230bbf56ebe05147e128d09da0a5c8
REQ-000604,2026-06-01T10:52:00Z,expired_approval_token,OFF-0073,7e2b88d260bb5ef29585a94e,Cybercrime Officer,4,CYBERCRIME,STATE_03_DIST_01_PS_01,STATE_03_DIST_01,STATE_03,HIGH,ACTIVE,NOT_ASSIGNED,REC-000761,2cbda76432e3c7a37d92e1a0,CASE-00266,MISSING_PERSON,FIR_SUMMARY,STATE_01_DIST_01_PS_02,STATE_01_DIST_01,STATE_01,POLICE,LOW,false,false,false,false,OPEN,ACTIVE,false,false,false,true,FORENSIC_REVIEW,VIEW,false,false,EXPIRED,BUSINESS_HOURS,DEGRADED,ICJS_STYLE_EXCHANGE,P-2026-05-STEP1,false,true,71d31f0f0db7b80c7910632c7c7449e8913896dd4f9e9e0ff912f9555f448eed
REQ-000605,2026-06-01T11:05:00Z,cross_jurisdiction_sensitive,OFF-0095,3a0f3bfd087110a0cbe914c5,Inspector,4,POLICE,STATE_02_DIST_04_PS_01,STATE_02_DIST_04,STATE_02,MEDIUM,ACTIVE,NOT_ASSIGNED,REC-000892,ef5838cb7e4a200ccefb59aa,CASE-00179,CYBER_FRAUD,FIR_SUMMARY,STATE_03_DIST_02_PS_02,STATE_03_DIST_02,STATE_03,POLICE,HIGH,false,false,false,false,OPEN,ACTIVE,false,false,false,true,SUPERVISION,VIEW,false,false,MISSING,BUSINESS_HOURS,ONLINE,CCTNS_STYLE_API,P-2026-05-STEP1,false,true,a1446722d66b4b6b02549a2a717dc55f9c0d894259278797d4155b3992f6384a
REQ-000606,2026-05-30T08:48:00Z,random_context,OFF-0020,fcd532f0d95281220fe7337b,Station House Officer,5,POLICE,STATE_01_DIST_02_PS_01,STATE_01_DIST_02,STATE_01,HIGH,ACTIVE,NOT_ASSIGNED,REC-000396,34b21675c93019fd5a4c0262,CASE-00139,FINANCIAL_CRIME,JUVENILE_RECORD,STATE_02_DIST_01_PS_03,STATE_02_DIST_01,STATE_02,POLICE,HIGH,false,false,true,false,OPEN,ACTIVE,false,false,false,true,TRAINING,APPROVE,false,false,NOT_REQUIRED,AFTER_HOURS,ONLINE,ICJS_STYLE_EXCHANGE,P-2026-05-STEP1,false,true,e72d38d51d5bdcf34212c696ab772fa32cc95ab50fa5ee74d3a2730d52d385d5
REQ-000607,2026-05-31T15:17:00Z,normal_in_jurisdiction,OFF-0189,0f5e28fd8c1c5a758d17ef19,Forensic Officer,4,FORENSIC,STATE_01_DIST_03_PS_02,STATE_01_DIST_03,STATE_01,HIGH,ACTIVE,ASSIGNED,REC-000301,19c48d877feab54f0ec30141,CASE-00073,VIOLENT_CRIME,FIR_SUMMARY,STATE_01_DIST_03_PS_02,STATE_01_DIST_03,STATE_01,POLICE,MEDIUM,false,false,false,false,OPEN,ARCHIVED,true,true,true,false,INVESTIGATION,VIEW,false,false,NOT_REQUIRED,BUSINESS_HOURS,ONLINE,CCTNS_STYLE_API,P-2026-05-STEP1,false,true,7c5ad2da69c258b6bd5bc74353fc96b749cbf1b13e4347a7c94a350a12e84362
REQ-000608,2026-05-31T15:28:00Z,cross_jurisdiction_sensitive,OFF-0071,b43730f9ee11d476cccd1130,Senior Superintendent,6,POLICE,STATE_01_DIST_03_PS_02,STATE_01_DIST_03,STATE_01,CLASSIFIED,ACTIVE,NOT_ASSIGNED,REC-000665,bcf0da0b6da0cc65eed4d85d,CASE-00274,VIOLENT_CRIME,COURT_SUBMISSION,STATE_02_DIST_03_PS_01,STATE_02_DIST_03,STATE_02,POLICE,HIGH,false,false,false,false,OPEN,ACTIVE,false,false,false,true,SUPERVISION,VIEW,false,false,MISSING,BUSINESS_HOURS,ONLINE,MANUAL_ESCALATION,P-2026-05-STEP1,false,true,ad6d97217b541956c178425534a715c10e5dd0eec8c4d45db4720bc195da7303
REQ-000609,2026-05-27T20:18:00Z,juvenile_sensitive,OFF-0150,b012e7e4d1319033c362fb26,Prosecutor Liaison,4,PROSECUTION,STATE_01_DIST_03_PS_03,STATE_01_DIST_03,STATE_01,MEDIUM,ACTIVE,NOT_ASSIGNED,REC-000676,1f26606290f205ce6ede37d1,CASE-00030,JUVENILE_PROTECTION,EVIDENCE_MEDIA,STATE_03_DIST_01_PS_01,STATE_03_DIST_01,STATE_03,POLICE,CLASSIFIED,false,false,true,true,SEALED,UNDER_REVIEW,false,false,false,true,SUPERVISION,SHARE,false,false,PRESENT_VALID,BUSINESS_HOURS,ONLINE,ICJS_STYLE_EXCHANGE,P-2026-05-STEP1,false,true,7ba52981ad6b28161931484c0ed115ba475d0712724100ad71128b795e42cfcc
REQ-000610,2026-05-27T20:20:00Z,emergency_override,OFF-0041,6adbebf965a8665f8e3dd8db,Station House Officer,5,POLICE,STATE_02_DIST_03_PS_03,STATE_02_DIST_03,STATE_02,HIGH,ACTIVE,NOT_ASSIGNED,REC-000072,281e1f608e85ce348899d8b8,CASE-00200,WOMEN_CHILD_SAFETY,CASE_DIARY,STATE_02_DIST_04_PS_03,STATE_02_DIST_04,STATE_02,POLICE,HIGH,true,false,false,false,OPEN,ACTIVE,false,false,true,true,EMERGENCY_RESPONSE,VIEW,true,false,PRESENT_VALID,BUSINESS_HOURS,ONLINE,ICJS_STYLE_EXCHANGE,P-2026-05-STEP1,false,true,9b0b49305fdb89c7bb51508b698b8ce9af5a00206b8dc267e65e0c046c4ecde3
REQ-000611,2026-05-28T06:33:00Z,cross_jurisdiction_sensitive,OFF-0222,fed71b6f957fb445cdad7897,Station House Officer,5,POLICE,STATE_03_DIST_04_PS_01,STATE_03_DIST_04,STATE_03,HIGH,ACTIVE,NOT_ASSIGNED,REC-000381,3112e0ab29be6240dec84019,CASE-00268,FINANCIAL_CRIME,JUVENILE_RECORD,STATE_03_DIST_01_PS_03,STATE_03_DIST_01,STATE_03,POLICE,CLASSIFIED,false,false,true,false,OPEN,ACTIVE,false,false,true,true,FORENSIC_REVIEW,VIEW,false,false,MISSING,AFTER_HOURS,ONLINE,ICJS_STYLE_EXCHANGE,P-2026-05-STEP1,false,true,ba6c19362a45feb14f38712d1c9bb8fc2e0776f2439a2db00c07017946a91f04
REQ-000612,2026-05-31T06:00:00Z,normal_in_jurisdiction,OFF-0175,22a74f5c5cd00d0646a359b6,Forensic Officer,4,FORENSIC,STATE_03_DIST_03_PS_03,STATE_03_DIST_03,STATE_03,HIGH,ACTIVE,ASSIGNED,REC-000739,6969bc27b1c05b9059519252,CASE-00035,NARCOTICS,FIR_SUMMARY,STATE_03_DIST_03_PS_03,STATE_03_DIST_03,STATE_03,POLICE,LOW,false,false,false,false,OPEN,ACTIVE,true,true,true,false,INVESTIGATION,VIEW,false,false,NOT_REQUIRED,BUSINESS_HOURS,ONLINE,CCTNS_STYLE_API,P-2026-05-STEP1,false,true,700c24b13929b752769894969750ae6efb944fdd8ad6c9418aa0e6ee0a3cd3c5
REQ-000613,2026-05-31T16:23:00Z,court_request,OFF-0051,316e4edba94c2b3868db8ac7,Sub-Inspector,3,POLICE,STATE_01_DIST_04_PS_01,STATE_01_DIST_04,STATE_01,MEDIUM,ACTIVE,NOT_ASSIGNED,REC-000725,d5992de3faed601edf297932,CASE-00035,NARCOTICS,CYBERCRIME_COMPLAINT,STATE_03_DIST_03_PS_03,STATE_03_DIST_03,STATE_03,POLICE,HIGH,false,false,false,false,OPEN,ARCHIVED,false,false,false,true,COURT_PRODUCTION,VIEW,false,true,PRESENT_VALID,NIGHT,ONLINE,ICJS_STYLE_EXCHANGE,P-2026-05-STEP1,false,true,d5fa7656603600e25041c3a2763975e04392f1623a06d34d1ec04e8f0fc330ff
REQ-000614,2026-06-02T09:30:00Z,sealed_record,OFF-0209,46719ed3c0b1ab7f0fbf5f90,Inspector,4,POLICE,STATE_01_DIST_03_PS_01,STATE_01_DIST_03,STATE_01,MEDIUM,ACTIVE,NOT_ASSIGNED,REC-000602,202493a89eae5b6458ec7ff8,CASE-00199,JUVENILE_PROTECTION,WITNESS_STATEMENT,STATE_02_DIST_03_PS_02,STATE_02_DIST_03,STATE_02,POLICE,HIGH,false,true,true,false,SEALED,UNDER_REVIEW,false,false,false,true,INVESTIGATION,VIEW,false,false,PRESENT_VALID,BUSINESS_HOURS,ONLINE,MANUAL_ESCALATION,P-2026-05-STEP1,false,true,f0237706bbc7b60e0d05c723281c8bf2a582d40ea9cfbffa6779abe2027abe38
REQ-000615,2026-05-28T17:00:00Z,expired_approval_token,OFF-0199,8c053db99a24095548996524,Constable,1,POLICE,STATE_01_DIST_04_PS_01,STATE_01_DIST_04,STATE_01,LOW,ACTIVE,NOT_ASSIGNED,REC-000183,e12e00177a9ba0dc649887b2,CASE-00246,NARCOTICS,FORENSIC_REPORT,STATE_01_DIST_01_PS_02,STATE_01_DIST_01,STATE_01,POLICE,HIGH,false,false,false,false,OPEN,UNDER_REVIEW,false,false,true,true,PROSECUTION_REVIEW,VIEW,false,false,EXPIRED,BUSINESS_HOURS,ONLINE,CCTNS_STYLE_API,P-2026-05-STEP1,false,true,3b655758be20f84070502189d5be3f9f420cc3424c6f309add892ee1cde05504
REQ-000616,2026-06-03T06:32:00Z,random_context,OFF-0230,f59f4c244c14d1c05b3b5fef,Station House Officer,5,POLICE,STATE_02_DIST_04_PS_03,STATE_02_DIST_04,STATE_02,HIGH,ACTIVE,NOT_ASSIGNED,REC-000859,d4efcb9a9982cc5a71505982,CASE-00280,VIOLENT_CRIME,VICTIM_RECORD,STATE_01_DIST_03_PS_01,STATE_01_DIST_03,STATE_01,POLICE,HIGH,true,false,false,false,OPEN,ACTIVE,false,false,false,true,SUPERVISION,DOWNLOAD,false,false,NOT_REQUIRED,BUSINESS_HOURS,ONLINE,MANUAL_ESCALATION,P-2026-05-STEP1,false,true,a7b8657cddd391020f42897c46d4aabbac5ef57c4ddd3e56acbf19ab010b7e5f
REQ-000617,2026-05-29T03:25:00Z,stale_case_assignment,OFF-0093,9764196f496c1b6c2299d105,Sub-Inspector,3,POLICE,STATE_01_DIST_03_PS_03,STATE_01_DIST_03,STATE_01,MEDIUM,ACTIVE,STALE,REC-000641,a46caf174bd38632a4dabfb2,CASE-00277,MISSING_PERSON,COURT_SUBMISSION,STATE_01_DIST_01_PS_03,STATE_01_DIST_01,STATE_01,POLICE,MEDIUM,false,false,false,false,OPEN,ACTIVE,false,false,true,true,INVESTIGATION,VIEW,false,false,MISSING,AFTER_HOURS,ONLINE,MANUAL_ESCALATION,P-2026-05-STEP1,false,true,89b54f8eb97c4bc24674b8e7b6d1da2d4cd516083bd1b1feb6d365128584d230
REQ-000618,2026-05-31T07:00:00Z,expired_approval_token,OFF-0139,16a2d504d34232bf9551d690,Cybercrime Officer,4,CYBERCRIME,STATE_01_DIST_04_PS_01,STATE_01_DIST_04,STATE_01,HIGH,ACTIVE,NOT_ASSIGNED,REC-000564,39541a70f058a3a497154a3d,CASE-00272,WOMEN_CHILD_SAFETY,CYBERCRIME_COMPLAINT,STATE_03_DIST_02_PS_01,STATE_03_DIST_02,STATE_03,POLICE,MEDIUM,true,false,false,false,OPEN,ACTIVE,false,false,false,true,FORENSIC_REVIEW,VIEW,false,false,EXPIRED,BUSINESS_HOURS,ONLINE,MANUAL_ESCALATION,P-2026-05-STEP1,false,true,dd77f04ffe0b86caf8aaa46b321300976fd3f1422972980401f549cea7d13a69
REQ-000619,2026-05-29T03:35:00Z,juvenile_sensitive,OFF-0177,8287968c0e33f42b2e380e47,Sub-Inspector,3,POLICE,STATE_02_DIST_02_PS_01,STATE_02_DIST_02,STATE_02,MEDIUM,ACTIVE,NOT_ASSIGNED,REC-000269,ee3ca38f34162c711e83a513,CASE-00287,MISSING_PERSON,JUVENILE_RECORD,STATE_01_DIST_01_PS_01,STATE_01_DIST_01,STATE_01,POLICE,CLASSIFIED,false,false,true,false,SEALED,ACTIVE,false,false,false,true,INVESTIGATION,DOWNLOAD,false,false,PRESENT_VALID,AFTER_HOURS,ONLINE,MANUAL_ESCALATION,P-2026-05-STEP1,false,true,5db9400c26a946745df741e8d19c08deffc81ab9151f394df4abfe01184c9344
REQ-000620,2026-06-03T07:40:00Z,normal_in_jurisdiction,OFF-0113,46ac5b5381ef953a345ce319,Sub-Inspector,3,POLICE,STATE_03_DIST_03_PS_01,STATE_03_DIST_03,STATE_03,MEDIUM,ACTIVE,ASSIGNED,REC-000760,5c4dcd6cb3328632f88609d4,CASE-00129,FINANCIAL_CRIME,CYBERCRIME_COMPLAINT,STATE_03_DIST_03_PS_01,STATE_03_DIST_03,STATE_03,POLICE,MEDIUM,false,false,false,false,OPEN,ACTIVE,true,true,true,false,INVESTIGATION,VIEW,false,false,NOT_REQUIRED,BUSINESS_HOURS,ONLINE,MANUAL_ESCALATION,P-2026-05-STEP1,false,true,52fdc0d136d19e6966d320be7572f280c442769b6ec16beb8e24d957a82055a3
REQ-000621,2026-05-29T14:06:00Z,court_request,OFF-0087,5226641dfbffc5688ec0818a,Constable,1,POLICE,STATE_03_DIST_04_PS_03,STATE_03_DIST_04,STATE_03,LOW,ACTIVE,NOT_ASSIGNED,REC-000666,3b085a1d745c31eb8625296d,CASE-00318,WOMEN_CHILD_SAFETY,EVIDENCE_MEDIA,STATE_02_DIST_04_PS_01,STATE_02_DIST_04,STATE_02,POLICE,CLASSIFIED,true,false,false,true,OPEN,ACTIVE,false,false,false,true,PROSECUTION_REVIEW,VIEW,false,true,PRESENT_VALID,BUSINESS_HOURS,ONLINE,MANUAL_ESCALATION,P-2026-05-STEP1,false,true,8d2ae603dd442d7ffb5c13acf08ab47d5b6d1282bdad4bbf5b069d50de7ed0e0
REQ-000622,2026-06-01T04:24:00Z,cross_jurisdiction_sensitive,OFF-0204,36f9518be85535c10000ffd5,Forensic Officer,4,FORENSIC,STATE_03_DIST_01_PS_02,STATE_03_DIST_01,STATE_03,HIGH,ACTIVE,NOT_ASSIGNED,REC-000900,993302f952e97c82aaeeeeba,CASE-00004,WOMEN_CHILD_SAFETY,VICTIM_RECORD,STATE_02_DIST_03_PS_03,STATE_02_DIST_03,STATE_02,POLICE,HIGH,true,false,false,false,OPEN,ACTIVE,false,false,false,true,SUPERVISION,UPDATE,false,false,PRESENT_VALID,AFTER_HOURS,ONLINE,ICJS_STYLE_EXCHANGE,P-2026-05-STEP1,false,true,5dd9be275a12477d9b2a3de4d689008758ed3958f64f13206bc3ac055abadefe
REQ-000623,2026-05-31T07:50:00Z,normal_in_jurisdiction,OFF-0136,3388bd23d03d7e43b3bd8d53,Senior Superintendent,6,POLICE,STATE_03_DIST_03_PS_01,STATE_03_DIST_03,STATE_03,CLASSIFIED,ACTIVE,ASSIGNED,REC-000113,72dd84998fce687b117e7ec0,CASE-00347,NARCOTICS,CYBERCRIME_COMPLAINT,STATE_03_DIST_03_PS_01,STATE_03_DIST_03,STATE_03,POLICE,MEDIUM,false,false,false,false,OPEN,ACTIVE,true,true,true,false,INVESTIGATION,VIEW,false,false,NOT_REQUIRED,BUSINESS_HOURS,DEGRADED,ICJS_STYLE_EXCHANGE,P-2026-05-STEP1,false,true,b02b02351d89d3b119430a64203234f3d4be64364230a6b8113e5e43c13eaeb1
REQ-000624,2026-06-02T12:00:00Z,expired_approval_token,OFF-0002,893580185d14634211eb9a59,Inspector,4,POLICE,STATE_03_DIST_01_PS_01,STATE_03_DIST_01,STATE_03,MEDIUM,ACTIVE,NOT_ASSIGNED,REC-000202,5193567c38e42b9a685bdbe1,CASE-00126,CYBER_FRAUD,EVIDENCE_MEDIA,STATE_03_DIST_03_PS_03,STATE_03_DIST_03,STATE_03,POLICE,HIGH,false,false,false,true,OPEN,ACTIVE,false,false,true,true,FORENSIC_REVIEW,VIEW,false,false,EXPIRED,BUSINESS_HOURS,ONLINE,CCTNS_STYLE_API,P-2026-05-STEP1,false,true,5184401e45f676397bbf95b784d62bb88de91d884fbdd6fb36b91f95e1396911
REQ-000625,2026-05-27T20:50:00Z,revoked_credential,OFF-0127,6b0d84a1d858aa1335aacb1b,Station House Officer,5,POLICE,STATE_02_DIST_04_PS_03,STATE_02_DIST_04,STATE_02,HIGH,REVOKED,NOT_ASSIGNED,REC-000856,14cac1db740ca3069e8c9406,CASE-00299,NARCOTICS,FIR_SUMMARY,STATE_03_DIST_02_PS_02,STATE_03_DIST_02,STATE_03,POLICE,LOW,false,false,false,false,SEALED,ARCHIVED,false,false,false,true,INVESTIGATION,VIEW,false,false,MISSING,BUSINESS_HOURS,ONLINE,ICJS_STYLE_EXCHANGE,P-2026-05-STEP1,false,true,4fbe2a135d0433dbe0c8e2d743441c6bc5a60dff6551f7aed56cd86bd910a63f
REQ-000626,2026-05-28T17:44:00Z,juvenile_sensitive,OFF-0225,8fe1499c5ed9142abbac6485,Sub-Inspector,3,POLICE,STATE_02_DIST_01_PS_01,STATE_02_DIST_01,STATE_02,MEDIUM,ACTIVE,NOT_ASSIGNED,REC-000125,5d055af90a40e6e2604a6787,CASE-00308,FINANCIAL_CRIME,JUVENILE_RECORD,STATE_02_DIST_04_PS_02,STATE_02_DIST_04,STATE_02,POLICE,HIGH,false,false,true,false,OPEN,ACTIVE,false,false,true,true,SUPERVISION,VIEW,false,false,PRESENT_VALID,NIGHT,ONLINE,MANUAL_ESCALATION,P-2026-05-STEP1,false,true,582fa1d4f7092931bca7edcb977ca069d5305022cc44e5979e7fda462f8bde79
REQ-000627,2026-06-01T05:24:00Z,cross_jurisdiction_sensitive,OFF-0113,46ac5b5381ef953a345ce319,Sub-Inspector,3,POLICE,STATE_03_DIST_03_PS_01,STATE_03_DIST_03,STATE_03,MEDIUM,ACTIVE,NOT_ASSIGNED,REC-000297,1f3741568f09e522c5519892,CASE-00238,WOMEN_CHILD_SAFETY,EVIDENCE_MEDIA,STATE_03_DIST_04_PS_03,STATE_03_DIST_04,STATE_03,POLICE,HIGH,true,false,false,true,OPEN,UNDER_REVIEW,false,false,true,true,INVESTIGATION,VIEW,false,false,MISSING,BUSINESS_HOURS,ONLINE,CCTNS_STYLE_API,P-2026-05-STEP1,false,true,8592e36343ee69d7a15f31f5fcbf5e87a0365ac42929e2b6396c80886bffbb92
REQ-000628,2026-05-31T08:40:00Z,expired_approval_token,OFF-0171,4bb363d085866d6dbe19f005,Constable,1,POLICE,STATE_03_DIST_02_PS_03,STATE_03_DIST_02,STATE_03,LOW,ACTIVE,NOT_ASSIGNED,REC-000028,73230ba21a564ed91e8c7eea,CASE-00290,GENERAL_THEFT,FIR_SUMMARY,STATE_03_DIST_02_PS_02,STATE_03_DIST_02,STATE_03,POLICE,MEDIUM,false,false,false,false,OPEN,ACTIVE,false,true,true,false,INVESTIGATION,VIEW,false,false,EXPIRED,BUSINESS_HOURS,ONLINE,MANUAL_ESCALATION,P-2026-05-STEP1,false,true,b86bcd7e5f6264dc083bf87c8553143845ee1bed4a04375b37691b7a1142c144
REQ-000629,2026-06-02T23:44:00Z,court_request,OFF-0180,8d48fc84d688aabaae7c6986,Prosecutor Liaison,4,PROSECUTION,STATE_02_DIST_01_PS_02,STATE_02_DIST_01,STATE_02,MEDIUM,ACTIVE,NOT_ASSIGNED,REC-000197,834c1d76a17a3ab249dc2b1f,CASE-00054,WOMEN_CHILD_SAFETY,FORENSIC_REPORT,STATE_03_DIST_04_PS_01,STATE_03_DIST_04,STATE_03,POLICE,HIGH,true,false,false,false,OPEN,ACTIVE,false,false,false,true,PROSECUTION_REVIEW,DOWNLOAD,false,true,PRESENT_VALID,BUSINESS_HOURS,DEGRADED,MANUAL_ESCALATION,P-2026-05-STEP1,false,true,e3d17e3c13ad9ebc701918c77a4a8655c4d42698bfd4a64de708bc494ee4c9e4
REQ-000630,2026-05-28T18:00:00Z,juvenile_sensitive,OFF-0048,871e4c8cc36e0fafb27ef560,Sub-Inspector,3,POLICE,STATE_01_DIST_02_PS_02,STATE_01_DIST_02,STATE_01,MEDIUM,ACTIVE,NOT_ASSIGNED,REC-000879,b729cf6c219827bfc5d59f70,CASE-00019,JUVENILE_PROTECTION,COURT_SUBMISSION,STATE_02_DIST_04_PS_01,STATE_02_DIST_04,STATE_02,POLICE,MEDIUM,false,false,true,false,OPEN,ACTIVE,false,false,false,true,SUPERVISION,VIEW,false,false,PRESENT_VALID,BUSINESS_HOURS,ONLINE,CCTNS_STYLE_API,P-2026-05-STEP1,false,true,2b43e50a28c1ccd27e20d9c1807dc5e760ee0ed70d6d0e1027ab1b6baa0bb455
REQ-000631,2026-05-29T15:06:00Z,court_request,OFF-0155,750741a21ba1ad37a768df1b,Station House Officer,5,POLICE,STATE_01_DIST_02_PS_01,STATE_01_DIST_02,STATE_01,HIGH,ACTIVE,NOT_ASSIGNED,REC-000648,31d4edd023a1e32e08b15bb2,CASE-00264,WOMEN_CHILD_SAFETY,EVIDENCE_MEDIA,STATE_03_DIST_02_PS_03,STATE_03_DIST_02,STATE_03,POLICE,CLASSIFIED,true,false,false,true,OPEN,UNDER_REVIEW,false,false,false,true,PROSECUTION_REVIEW,SHARE,false,true,PRESENT_VALID,AFTER_HOURS,ONLINE,MANUAL_ESCALATION,P-2026-05-STEP1,false,true,92178a17fddb5e119e41a55bc8585d291fded926b7a4990646a815bc4bfe5a59
REQ-000632,2026-05-29T04:40:00Z,revoked_credential,OFF-0037,61f9c30ebf940f606c1a2520,Inspector,4,POLICE,STATE_03_DIST_03_PS_03,STATE_03_DIST_03,STATE_03,MEDIUM,REVOKED,NOT_ASSIGNED,REC-000876,f2092b03763bf8212c814d3f,CASE-00241,VIOLENT_CRIME,EVIDENCE_MEDIA,STATE_02_DIST_03_PS_01,STATE_02_DIST_03,STATE_02,POLICE,HIGH,false,false,false,true,OPEN,ACTIVE,false,false,false,true,INVESTIGATION,VIEW,false,false,MISSING,BUSINESS_HOURS,ONLINE,ICJS_STYLE_EXCHANGE,P-2026-05-STEP1,false,true,372e0c2b9a72c52863aa4bba6724d80faf60324ab77bcd7f7817038be400e6d3
REQ-000633,2026-05-27T21:06:00Z,random_context,OFF-0029,1f84d906e82c7901ab98337e,Cybercrime Officer,4,CYBERCRIME,STATE_03_DIST_01_PS_02,STATE_03_DIST_01,STATE_03,HIGH,ACTIVE,NOT_ASSIGNED,REC-000112,ca599d02bf178b76d92d8a98,CASE-00185,CYBER_FRAUD,FIR_SUMMARY,STATE_03_DIST_04_PS_01,STATE_03_DIST_04,STATE_03,POLICE,CLASSIFIED,false,false,false,false,OPEN,ARCHIVED,false,false,true,true,INVESTIGATION,VIEW,false,false,PRESENT_VALID,BUSINESS_HOURS,ONLINE,MANUAL_ESCALATION,P-2026-05-STEP1,false,true,b51d9a2b6615bd2b1edd5de37d4b20886b5ed573e679cd221b06bae7dea90bd8
REQ-000634,2026-05-30T01:58:00Z,random_context,OFF-0020,fcd532f0d95281220fe7337b,Station House Officer,5,POLICE,STATE_01_DIST_02_PS_01,STATE_01_DIST_02,STATE_01,HIGH,ACTIVE,NOT_ASSIGNED,REC-000139,29c6b3e6eb3337cb1c09848c,CASE-00184,NARCOTICS,CASE_DIARY,STATE_01_DIST_02_PS_02,STATE_01_DIST_02,STATE_01,POLICE,CLASSIFIED,false,false,false,false,OPEN,ARCHIVED,false,true,true,false,AUDIT,DOWNLOAD,false,false,NOT_REQUIRED,NIGHT,ONLINE,ICJS_STYLE_EXCHANGE,P-2026-05-STEP1,false,true,1421132f46b607b1cd60239f6143bed763ab2042e939038ac0cb6324eadfe74b
REQ-000635,2026-05-29T04:55:00Z,normal_in_jurisdiction,OFF-0002,893580185d14634211eb9a59,Inspector,4,POLICE,STATE_03_DIST_01_PS_01,STATE_03_DIST_01,STATE_03,MEDIUM,ACTIVE,NOT_ASSIGNED,REC-000643,86cf9537924a3bb27fd6a3c9,CASE-00021,JUVENILE_PROTECTION,EVIDENCE_MEDIA,STATE_02_DIST_04_PS_01,STATE_02_DIST_04,STATE_02,POLICE,CLASSIFIED,false,false,true,true,OPEN,ARCHIVED,false,false,false,true,INVESTIGATION,VIEW,false,false,NOT_REQUIRED,BUSINESS_HOURS,ONLINE,MANUAL_ESCALATION,P-2026-05-STEP1,false,true,38bd6a3a8b3fe72bf018016d58d9082dbdad4a0992fe51abbfbe3c89650a9e8e
REQ-000636,2026-05-31T10:00:00Z,revoked_credential,OFF-0147,94b2d412892c95cbfdbe73cd,Forensic Officer,4,FORENSIC,STATE_02_DIST_03_PS_02,STATE_02_DIST_03,STATE_02,HIGH,REVOKED,NOT_ASSIGNED,REC-000397,1fb453252f4bdc939ef6f6df,CASE-00098,MISSING_PERSON,FORENSIC_REPORT,STATE_01_DIST_02_PS_02,STATE_01_DIST_02,STATE_01,POLICE,MEDIUM,false,false,false,false,OPEN,ACTIVE,false,false,false,true,AUDIT,VIEW,false,false,MISSING,NIGHT,ONLINE,CCTNS_STYLE_API,P-2026-05-STEP1,false,true,fc144715536531d2e26954d1082df5fce653ac1fd0e66d9769c4e56d90232039
REQ-000637,2026-05-28T18:28:00Z,normal_in_jurisdiction,OFF-0093,9764196f496c1b6c2299d105,Sub-Inspector,3,POLICE,STATE_01_DIST_03_PS_03,STATE_01_DIST_03,STATE_01,MEDIUM,ACTIVE,ASSIGNED,REC-000309,9aa2dd388a2cb05a6a11c1bf,CASE-00097,VIOLENT_CRIME,FIR_SUMMARY,STATE_01_DIST_03_PS_03,STATE_01_DIST_03,STATE_01,POLICE,LOW,false,false,false,false,OPEN,ARCHIVED,true,true,true,false,INVESTIGATION,VIEW,false,false,NOT_REQUIRED,BUSINESS_HOURS,ONLINE,ICJS_STYLE_EXCHANGE,P-2026-05-STEP1,false,true,9c828cdb664848291e5962c13bc441fa7729d19e1838e97abcaa0a348d3401a1
REQ-000638,2026-05-28T18:32:00Z,cross_jurisdiction_sensitive,OFF-0010,bcb4468affef262ed92897ea,Inspector,4,POLICE,STATE_03_DIST_03_PS_02,STATE_03_DIST_03,STATE_03,MEDIUM,ACTIVE,NOT_ASSIGNED,REC-000808,b1ef8bd2a5615b92e3c7daa5,CASE-00067,JUVENILE_PROTECTION,COURT_SUBMISSION,STATE_02_DIST_04_PS_03,STATE_02_DIST_04,STATE_02,POLICE,HIGH,false,false,true,false,OPEN,ACTIVE,false,false,false,true,INVESTIGATION,SHARE,false,false,MISSING,BUSINESS_HOURS,DEGRADED,ICJS_STYLE_EXCHANGE,P-2026-05-STEP1,false,true,5be10ae93060eebdff08ae425a08f7255c24b7b6d1908a775f4f0af136dc2d5e
REQ-000639,2026-05-29T05:15:00Z,stale_case_assignment,OFF-0046,ceb8bb971ba08b4df678d1fa,Constable,1,POLICE,STATE_01_DIST_03_PS_02,STATE_01_DIST_03,STATE_01,LOW,ACTIVE,STALE,REC-000215,2ba4339d45b004134829f8df,CASE-00017,CYBER_FRAUD,WITNESS_STATEMENT,STATE_03_DIST_02_PS_01,STATE_03_DIST_02,STATE_03,POLICE,HIGH,false,true,false,false,OPEN,ACTIVE,false,false,false,true,INVESTIGATION,VIEW,false,false,MISSING,BUSINESS_HOURS,DEGRADED,MANUAL_ESCALATION,P-2026-05-STEP1,false,true,e2f72d862d74ea9da315d7e9870c96b7e27988ab11a1d13cc3229b317d6bc282
REQ-000640,2026-06-02T05:20:00Z,juvenile_sensitive,OFF-0001,858f20314a8c64995d905a33,Head Constable,2,POLICE,STATE_01_DIST_02_PS_01,STATE_01_DIST_02,STATE_01,LOW,ACTIVE,NOT_ASSIGNED,REC-000256,eda072470422c2d10fd9265d,CASE-00236,MISSING_PERSON,JUVENILE_RECORD,STATE_01_DIST_04_PS_03,STATE_01_DIST_04,STATE_01,POLICE,CLASSIFIED,false,false,true,false,SEALED,ARCHIVED,false,false,true,true,INVESTIGATION,DOWNLOAD,false,false,MISSING,BUSINESS_HOURS,ONLINE,ICJS_STYLE_EXCHANGE,P-2026-05-STEP1,false,true,cf6d55db496445cec67bd67570d3d1fe66282c7a624bff7f51d00255773f4cd5
REQ-000641,2026-06-02T16:15:00Z,stale_case_assignment,OFF-0112,c424bf9aa5cd573d3066b2f0,Constable,1,POLICE,STATE_02_DIST_03_PS_03,STATE_02_DIST_03,STATE_02,LOW,ACTIVE,STALE,REC-000270,431cd98dd82eaadeaea9ba71,CASE-00049,CYBER_FRAUD,EVIDENCE_MEDIA,STATE_03_DIST_01_PS_02,STATE_03_DIST_01,STATE_03,POLICE,CLASSIFIED,false,false,false,true,SEALED,ARCHIVED,false,false,false,true,INVESTIGATION,VIEW,false,false,MISSING,BUSINESS_HOURS,ONLINE,ICJS_STYLE_EXCHANGE,P-2026-05-STEP1,false,true,e70ffac668e99914a116cd0b737fcf18173ab385ef7fd163b677f7823926f075
REQ-000642,2026-05-29T05:30:00Z,cross_jurisdiction_sensitive,OFF-0239,cef54734e093447c3864ede7,Inspector,4,POLICE,STATE_02_DIST_01_PS_02,STATE_02_DIST_01,STATE_02,MEDIUM,ACTIVE,NOT_ASSIGNED,REC-000715,e5d687012599ae15945a2fb8,CASE-00144,MISSING_PERSON,CASE_DIARY,STATE_03_DIST_04_PS_02,STATE_03_DIST_04,STATE_03,POLICE,HIGH,false,false,false,false,OPEN,ACTIVE,false,false,false,true,FORENSIC_REVIEW,UPDATE,false,false,PRESENT_VALID,BUSINESS_HOURS,ONLINE,MANUAL_ESCALATION,P-2026-05-STEP1,false,true,47f45ee84421684713ed81acb301ffb9809089cdca279fb72ae5ae031c66d7e0
REQ-000643,2026-06-02T16:45:00Z,normal_in_jurisdiction,OFF-0201,362db027dc02e204d8d16948,Sub-Inspector,3,POLICE,STATE_03_DIST_03_PS_03,STATE_03_DIST_03,STATE_03,MEDIUM,ACTIVE,ASSIGNED,REC-000470,6a2e764a7c5c098cd2bd4b1e,CASE-00126,CYBER_FRAUD,WITNESS_STATEMENT,STATE_03_DIST_03_PS_03,STATE_03_DIST_03,STATE_03,POLICE,MEDIUM,false,true,false,false,OPEN,UNDER_REVIEW,true,true,true,false,INVESTIGATION,VIEW,false,false,NOT_REQUIRED,BUSINESS_HOURS,ONLINE,CCTNS_STYLE_API,P-2026-05-STEP1,false,true,4b377b930ab63779a54eead1d111d02f804edb74705ea47ce6666dd1292533ae
REQ-000644,2026-05-28T18:56:00Z,normal_in_jurisdiction,OFF-0063,d57f9cfca107b054602e3afe,Forensic Officer,4,FORENSIC,STATE_03_DIST_01_PS_03,STATE_03_DIST_01,STATE_03,HIGH,ACTIVE,ASSIGNED,REC-000254,467e4eeac859b0b49846ed99,CASE-00083,NARCOTICS,FIR_SUMMARY,STATE_03_DIST_01_PS_03,STATE_03_DIST_01,STATE_03,POLICE,MEDIUM,false,false,false,false,OPEN,ACTIVE,true,true,true,false,INVESTIGATION,VIEW,false,false,NOT_REQUIRED,BUSINESS_HOURS,ONLINE,CCTNS_STYLE_API,P-2026-05-STEP1,false,true,0da66f9dbed17b14fc2b3552cc8ac8df71b127b13dc3ac4578e3ceae09201b9a
REQ-000645,2026-05-31T22:15:00Z,normal_in_jurisdiction,OFF-0073,7e2b88d260bb5ef29585a94e,Cybercrime Officer,4,CYBERCRIME,STATE_03_DIST_01_PS_01,STATE_03_DIST_01,STATE_03,HIGH,ACTIVE,NOT_ASSIGNED,REC-000342,70fff4617104a1f3b3122c7c,CASE-00277,MISSING_PERSON,EVIDENCE_MEDIA,STATE_01_DIST_01_PS_03,STATE_01_DIST_01,STATE_01,POLICE,HIGH,false,false,false,true,OPEN,ACTIVE,false,false,false,true,INVESTIGATION,VIEW,false,false,NOT_REQUIRED,BUSINESS_HOURS,ONLINE,ICJS_STYLE_EXCHANGE,P-2026-05-STEP1,false,true,5032634a4b75726dd72e79de92baad815724d99a5fd0c2216308480afb009fab
REQ-000646,2026-05-30T14:08:00Z,revoked_credential,OFF-0147,94b2d412892c95cbfdbe73cd,Forensic Officer,4,FORENSIC,STATE_02_DIST_03_PS_02,STATE_02_DIST_03,STATE_02,HIGH,REVOKED,NOT_ASSIGNED,REC-000012,c6a572862caa5832f9d55a39,CASE-00060,FINANCIAL_CRIME,FORENSIC_REPORT,STATE_01_DIST_03_PS_02,STATE_01_DIST_03,STATE_01,POLICE,HIGH,false,false,false,false,OPEN,ARCHIVED,false,false,false,true,AUDIT,VIEW,false,false,MISSING,BUSINESS_HOURS,ONLINE,CCTNS_STYLE_API,P-2026-05-STEP1,false,true,c312e5f827d8a8f9abd8848863b1b1e0ddc43c0cffd6bffd0c22d492e2725e6b
REQ-000647,2026-05-31T22:37:00Z,juvenile_sensitive,OFF-0085,17c3357ea795f04352db1db0,Constable,1,POLICE,STATE_01_DIST_02_PS_03,STATE_01_DIST_02,STATE_01,LOW,ACTIVE,NOT_ASSIGNED,REC-000721,eec522c5b9b600387b5fa262,CASE-00199,JUVENILE_PROTECTION,VICTIM_RECORD,STATE_02_DIST_03_PS_02,STATE_02_DIST_03,STATE_02,POLICE,HIGH,true,false,true,false,SEALED,ARCHIVED,false,false,false,true,SUPERVISION,VIEW,false,false,PRESENT_VALID,AFTER_HOURS,ONLINE,ICJS_STYLE_EXCHANGE,P-2026-05-STEP1,false,true,3e6b5b5a2cefee1e65362d94c9dbc46ace9bce6bfe146f6937e9908e97c80285
REQ-000648,2026-05-29T16:48:00Z,random_context,OFF-0126,73518b37a439a4d90b18903d,Forensic Officer,4,FORENSIC,STATE_03_DIST_01_PS_03,STATE_03_DIST_01,STATE_03,HIGH,ACTIVE,NOT_ASSIGNED,REC-000302,480dd8d22c5fc6cb6b711fb3,CASE-00071,VIOLENT_CRIME,FORENSIC_REPORT,STATE_02_DIST_04_PS_01,STATE_02_DIST_04,STATE_02,POLICE,MEDIUM,false,false,false,false,OPEN,ACTIVE,false,false,false,true,PROSECUTION_REVIEW,VIEW,false,false,MISSING,AFTER_HOURS,ONLINE,MANUAL_ESCALATION,P-2026-05-STEP1,false,true,127178d0c3caa0806fd4ce353539973a1ad35ebcc32808df5ce82daa6eb7aa39
REQ-000649,2026-05-28T08:27:00Z,stale_case_assignment,OFF-0182,f733b89b991cd7dc6791cabb,Head Constable,2,POLICE,STATE_01_DIST_02_PS_03,STATE_01_DIST_02,STATE_01,LOW,ACTIVE,STALE,REC-000784,47c18a6e1dfb5f8551512e9f,CASE-00276,FINANCIAL_CRIME,FIR_SUMMARY,STATE_01_DIST_03_PS_01,STATE_01_DIST_03,STATE_01,POLICE,MEDIUM,false,false,false,false,OPEN,ACTIVE,false,false,true,true,INVESTIGATION,VIEW,false,false,MISSING,AFTER_HOURS,STATION_NODE_DOWN,CCTNS_STYLE_API,P-2026-05-STEP1,false,true,a747e60b123b72c63f429c2b76614e426bc73e48634ea57b07aa4cf0cec3edc0
REQ-000650,2026-05-31T23:10:00Z,sealed_record,OFF-0153,bbef3f90be1083101e51c0b0,Head Constable,2,POLICE,STATE_02_DIST_03_PS_02,STATE_02_DIST_03,STATE_02,LOW,ACTIVE,NOT_ASSIGNED,REC-000724,a6e23e6abf3d2acbd2b24e0b,CASE-00063,FINANCIAL_CRIME,WITNESS_STATEMENT,STATE_02_DIST_01_PS_02,STATE_02_DIST_01,STATE_02,POLICE,CLASSIFIED,false,true,false,false,SEALED,ACTIVE,false,false,true,true,COURT_PRODUCTION,UPDATE,false,true,PRESENT_VALID,BUSINESS_HOURS,ONLINE,CCTNS_STYLE_API,P-2026-05-STEP1,false,true,fe5fb08da0d3fdf9920b6e2d48f35a79f7e915d5b74ac8feb69eb0a6b1726439
REQ-000651,2026-05-29T17:06:00Z,juvenile_sensitive,OFF-0168,ccfa52e7df949ec76b129260,Sub-Inspector,3,POLICE,STATE_01_DIST_03_PS_03,STATE_01_DIST_03,STATE_01,MEDIUM,ACTIVE,NOT_ASSIGNED,REC-000446,dcd08b3ca22c6a94ae8a5f03,CASE-00235,JUVENILE_PROTECTION,COURT_SUBMISSION,STATE_02_DIST_03_PS_03,STATE_02_DIST_03,STATE_02,POLICE,MEDIUM,false,false,true,false,OPEN,ACTIVE,false,false,false,true,SUPERVISION,SHARE,false,false,PRESENT_VALID,BUSINESS_HOURS,STATION_NODE_DOWN,ICJS_STYLE_EXCHANGE,P-2026-05-STEP1,false,true,9f94dbd9ca9a2bc5b3e132bfc221521fc121969d6af7cab6509a6e111785bab2
REQ-000652,2026-06-03T16:44:00Z,stale_case_assignment,OFF-0160,5ce4d64c20eb4b8a7537a1f7,Sub-Inspector,3,POLICE,STATE_02_DIST_04_PS_03,STATE_02_DIST_04,STATE_02,MEDIUM,ACTIVE,STALE,REC-000391,cc807e9870eb2999a5aa2981,CASE-00049,CYBER_FRAUD,FIR_SUMMARY,STATE_03_DIST_01_PS_02,STATE_03_DIST_01,STATE_03,POLICE,HIGH,false,false,false,false,SEALED,ARCHIVED,false,false,false,true,INVESTIGATION,VIEW,false,false,MISSING,BUSINESS_HOURS,ONLINE,MANUAL_ESCALATION,P-2026-05-STEP1,false,true,10650b889e07317f5249471131975cdad7f0fdf53b32232f6814eafc20630c7b
REQ-000653,2026-05-29T17:18:00Z,juvenile_sensitive,OFF-0145,733b1499389b250473119b5c,Inspector,4,POLICE,STATE_01_DIST_04_PS_03,STATE_01_DIST_04,STATE_01,MEDIUM,ACTIVE,NOT_ASSIGNED,REC-000037,3becdfa7ff5a42c711468de9,CASE-00280,VIOLENT_CRIME,JUVENILE_RECORD,STATE_01_DIST_03_PS_01,STATE_01_DIST_03,STATE_01,POLICE,CLASSIFIED,false,false,true,false,OPEN,ACTIVE,false,false,true,true,SUPERVISION,VIEW,false,false,MISSING,BUSINESS_HOURS,DEGRADED,CCTNS_STYLE_API,P-2026-05-STEP1,false,true,a1f9d1b5cca582605764bc1315f60462ea4f3266bf59924058cdf4796880e2ac
REQ-000654,2026-05-30T04:18:00Z,court_request,OFF-0054,100ec956e3b5dce60e3db6a6,Sub-Inspector,3,POLICE,STATE_03_DIST_04_PS_01,STATE_03_DIST_04,STATE_03,MEDIUM,ACTIVE,NOT_ASSIGNED,REC-000213,9d828451fa91e0118c922412,CASE-00171,NARCOTICS,FIR_SUMMARY,STATE_02_DIST_02_PS_03,STATE_02_DIST_02,STATE_02,POLICE,LOW,false,false,false,false,OPEN,ARCHIVED,false,false,false,true,COURT_PRODUCTION,VIEW,false,true,PRESENT_VALID,AFTER_HOURS,STATION_NODE_DOWN,MANUAL_ESCALATION,P-2026-05-STEP1,false,true,9cda6b0ff94696fef3e6113583fc5e7c0aa226218eeb266c69b9104147694f7d
REQ-000655,2026-05-28T08:45:00Z,normal_in_jurisdiction,OFF-0176,c078db1796c2d8c169b84669,Cybercrime Officer,4,CYBERCRIME,STATE_01_DIST_02_PS_03,STATE_01_DIST_02,STATE_01,HIGH,ACTIVE,NOT_ASSIGNED,REC-000638,cc5ab6510e3654ea9af3370f,CASE-00082,NARCOTICS,COURT_SUBMISSION,STATE_02_DIST_03_PS_02,STATE_02_DIST_03,STATE_02,POLICE,HIGH,false,false,false,false,OPEN,ACTIVE,false,false,false,true,INVESTIGATION,VIEW,false,false,NOT_REQUIRED,BUSINESS_HOURS,ONLINE,CCTNS_STYLE_API,P-2026-05-STEP1,false,true,3b9415c365311614ed780ddf0ef73e3f8e205c4128abb2fc42f29594f12db546
REQ-000656,2026-06-02T09:04:00Z,revoked_credential,OFF-0154,030fbe8b71b501096276a8ab,Constable,1,POLICE,STATE_02_DIST_02_PS_01,STATE_02_DIST_02,STATE_02,LOW,REVOKED,NOT_ASSIGNED,REC-000273,1efe844d933eebcd81826503,CASE-00214,GENERAL_THEFT,JUVENILE_RECORD,STATE_03_DIST_04_PS_02,STATE_03_DIST_04,STATE_03,POLICE,CLASSIFIED,false,false,true,false,OPEN,ACTIVE,false,false,false,true,AUDIT,VIEW,false,false,MISSING,NIGHT,ONLINE,CCTNS_STYLE_API,P-2026-05-STEP1,false,true,53a98c7c10c57e0884c51624c57d3dd817969f746915337758e452fee15e9be6
REQ-000657,2026-06-02T20:15:00Z,revoked_credential,OFF-0127,6b0d84a1d858aa1335aacb1b,Station House Officer,5,POLICE,STATE_02_DIST_04_PS_03,STATE_02_DIST_04,STATE_02,HIGH,REVOKED,NOT_ASSIGNED,REC-000303,ae6871039a0d9aecf690453c,CASE-00323,CYBER_FRAUD,COURT_SUBMISSION,STATE_03_DIST_02_PS_02,STATE_03_DIST_02,STATE_03,POLICE,MEDIUM,false,false,false,false,OPEN,UNDER_REVIEW,false,false,false,true,AUDIT,DOWNLOAD,false,false,MISSING,BUSINESS_HOURS,ONLINE,MANUAL_ESCALATION,P-2026-05-STEP1,false,true,f855f93e993495c27c9645795cba5e3aaf1cddb3c28ed70c2b12c243217509e0
REQ-000658,2026-05-30T04:46:00Z,stale_case_assignment,OFF-0078,006fa23a737e20e3625debb8,Inspector,4,POLICE,STATE_01_DIST_01_PS_02,STATE_01_DIST_01,STATE_01,MEDIUM,ACTIVE,STALE,REC-000132,3c448fe6bc8192a79adae014,CASE-00314,FINANCIAL_CRIME,EVIDENCE_MEDIA,STATE_03_DIST_03_PS_02,STATE_03_DIST_03,STATE_03,POLICE,CLASSIFIED,false,false,false,true,OPEN,ACTIVE,false,false,false,true,INVESTIGATION,DOWNLOAD,false,false,MISSING,NIGHT,ONLINE,ICJS_STYLE_EXCHANGE,P-2026-05-STEP1,false,true,a07453837d36e6b8156f6b61f99182f9e9b850c4cb9873c8d4db573aed26f314
REQ-000659,2026-05-28T08:57:00Z,sealed_record,OFF-0047,6734000e8363d6ae298dddfd,Head Constable,2,POLICE,STATE_01_DIST_03_PS_03,STATE_01_DIST_03,STATE_01,LOW,ACTIVE,NOT_ASSIGNED,REC-000674,bd05b7562eae2d678359c483,CASE-00281,GENERAL_THEFT,FORENSIC_REPORT,STATE_03_DIST_03_PS_01,STATE_03_DIST_03,STATE_03,POLICE,CLASSIFIED,false,false,false,false,SEALED,ACTIVE,false,false,false,true,PROSECUTION_REVIEW,VIEW,false,true,PRESENT_VALID,BUSINESS_HOURS,DEGRADED,ICJS_STYLE_EXCHANGE,P-2026-05-STEP1,false,true,92a09d6cb39f1780e94cea46c27d42a7e4e7b008fa7506c7a925f255c8fb4dc8
REQ-000660,2026-05-30T05:00:00Z,cross_jurisdiction_sensitive,OFF-0093,9764196f496c1b6c2299d105,Sub-Inspector,3,POLICE,STATE_01_DIST_03_PS_03,STATE_01_DIST_03,STATE_01,MEDIUM,ACTIVE,NOT_ASSIGNED,REC-000451,ff9622bb7b9b3a8b0b41797e,CASE-00148,JUVENILE_PROTECTION,FORENSIC_REPORT,STATE_02_DIST_03_PS_01,STATE_02_DIST_03,STATE_02,POLICE,CLASSIFIED,false,false,true,false,OPEN,UNDER_REVIEW,false,false,false,true,INVESTIGATION,VIEW,false,false,MISSING,BUSINESS_HOURS,ONLINE,CCTNS_STYLE_API,P-2026-05-STEP1,false,true,e3c2121b8fa7899af35cfd4d5f3a53062a164e11072d92f52fab53ec550baee4
REQ-000661,2026-05-28T20:04:00Z,juvenile_sensitive,OFF-0200,4ee0497be96c65e5642e3a72,Constable,1,POLICE,STATE_01_DIST_01_PS_01,STATE_01_DIST_01,STATE_01,LOW,ACTIVE,NOT_ASSIGNED,REC-000527,792f09352a2c672d41256513,CASE-00326,JUVENILE_PROTECTION,FIR_SUMMARY,STATE_02_DIST_04_PS_01,STATE_02_DIST_04,STATE_02,POLICE,LOW,false,false,true,false,OPEN,ARCHIVED,false,false,false,true,SUPERVISION,VIEW,false,false,MISSING,BUSINESS_HOURS,ONLINE,MANUAL_ESCALATION,P-2026-05-STEP1,false,true,5fe593567b6a34f779cb1c19e23f9f4a169faa206083eb00fa87425e3b9c272c
REQ-000662,2026-05-31T14:20:00Z,sealed_record,OFF-0079,769c0f71f92a8b49e252746c,Sub-Inspector,3,POLICE,STATE_01_DIST_01_PS_03,STATE_01_DIST_01,STATE_01,MEDIUM,ACTIVE,NOT_ASSIGNED,REC-000017,e1a5c2e42c1a757dba4cde54,CASE-00274,VIOLENT_CRIME,EVIDENCE_MEDIA,STATE_02_DIST_03_PS_01,STATE_02_DIST_03,STATE_02,POLICE,CLASSIFIED,false,false,false,true,SEALED,ACTIVE,false,false,false,true,PROSECUTION_REVIEW,UPDATE,false,true,MISSING,BUSINESS_HOURS,ONLINE,ICJS_STYLE_EXCHANGE,P-2026-05-STEP1,false,true,6a05e12956548a113135532d9c1b02457e07ff583a09dc03802f3b2cbfa48f50
REQ-000663,2026-05-30T16:24:00Z,juvenile_sensitive,OFF-0054,100ec956e3b5dce60e3db6a6,Sub-Inspector,3,POLICE,STATE_03_DIST_04_PS_01,STATE_03_DIST_04,STATE_03,MEDIUM,ACTIVE,NOT_ASSIGNED,REC-000237,193966fad57108ff4acda611,CASE-00067,JUVENILE_PROTECTION,JUVENILE_RECORD,STATE_02_DIST_04_PS_03,STATE_02_DIST_04,STATE_02,POLICE,HIGH,false,false,true,false,OPEN,ACTIVE,false,false,false,true,SUPERVISION,VIEW,false,false,PRESENT_VALID,BUSINESS_HOURS,ONLINE,MANUAL_ESCALATION,P-2026-05-STEP1,false,true,1a25c392d6d957598076a97e531d845e840d178cc047efdec03f081e05fee5b2
REQ-000664,2026-06-03T09:04:00Z,normal_in_jurisdiction,OFF-0181,e1441290962ca2a8517d8d0f,Forensic Officer,4,FORENSIC,STATE_02_DIST_03_PS_02,STATE_02_DIST_03,STATE_02,HIGH,ACTIVE,ASSIGNED,REC-000227,046d653f953eb88b47a3ebb0,CASE-00082,NARCOTICS,FIR_SUMMARY,STATE_02_DIST_03_PS_02,STATE_02_DIST_03,STATE_02,POLICE,MEDIUM,false,false,false,false,OPEN,UNDER_REVIEW,true,true,true,false,INVESTIGATION,VIEW,false,false,NOT_REQUIRED,AFTER_HOURS,ONLINE,MANUAL_ESCALATION,P-2026-05-STEP1,false,true,73cc71c80efc06fc5500c3c7ee373a2879b594dba3affa72dc4eed398c892caf
REQ-000665,2026-06-03T09:20:00Z,normal_in_jurisdiction,OFF-0163,7ee6e3366f554e7379c63997,Head Constable,2,POLICE,STATE_01_DIST_04_PS_02,STATE_01_DIST_04,STATE_01,LOW,ACTIVE,ASSIGNED,REC-000788,f79dddd63956765ac2f5649f,CASE-00187,CYBER_FRAUD,FIR_SUMMARY,STATE_01_DIST_04_PS_02,STATE_01_DIST_04,STATE_01,POLICE,MEDIUM,false,false,false,false,OPEN,ACTIVE,true,true,true,false,INVESTIGATION,VIEW,false,false,NOT_REQUIRED,BUSINESS_HOURS,ONLINE,CCTNS_STYLE_API,P-2026-05-STEP1,false,true,4b6433ab48b1d3801a14ad18d6ded51af7bf89975a42727b4cff7967bdb3e428
REQ-000666,2026-05-28T09:18:00Z,random_context,OFF-0172,59295c95c257a05519b6f91d,Inspector,4,POLICE,STATE_03_DIST_02_PS_02,STATE_03_DIST_02,STATE_03,MEDIUM,ACTIVE,NOT_ASSIGNED,REC-000361,5ca701958e9a1da7521ce158,CASE-00170,GENERAL_THEFT,CYBERCRIME_COMPLAINT,STATE_01_DIST_01_PS_03,STATE_01_DIST_01,STATE_01,POLICE,HIGH,false,false,false,false,OPEN,ACTIVE,false,false,false,true,TRAINING,VIEW,false,false,NOT_REQUIRED,BUSINESS_HOURS,ONLINE,ICJS_STYLE_EXCHANGE,P-2026-05-STEP1,false,true,d1842a0feb4902b589ee282d23bf3b07116164b004adce7ef8ffcf2d6cfd54a9
REQ-000667,2026-06-01T13:24:00Z,sealed_record,OFF-0224,b20f60775fe6a25591c31932,Inspector,4,POLICE,STATE_01_DIST_03_PS_02,STATE_01_DIST_03,STATE_01,MEDIUM,ACTIVE,NOT_ASSIGNED,REC-000292,7c5a32c9e66cd2cd800b2f7b,CASE-00227,NARCOTICS,VICTIM_RECORD,STATE_01_DIST_02_PS_01,STATE_01_DIST_02,STATE_01,POLICE,HIGH,true,false,false,false,SEALED,ACTIVE,false,false,true,true,COURT_PRODUCTION,DOWNLOAD,false,true,MISSING,NIGHT,ONLINE,ICJS_STYLE_EXCHANGE,P-2026-05-STEP1,false,true,d07cbbc89abc6e31494528e5c873cbe537591833d8f4bd9e82e4423f2ac6236b
REQ-000668,2026-05-29T18:48:00Z,juvenile_sensitive,OFF-0194,ade36a17fa7aeeef7c2513ee,Sub-Inspector,3,POLICE,STATE_03_DIST_01_PS_02,STATE_03_DIST_01,STATE_03,MEDIUM,ACTIVE,NOT_ASSIGNED,REC-000587,45f266e2d8253ba005720834,CASE-00148,JUVENILE_PROTECTION,VICTIM_RECORD,STATE_02_DIST_03_PS_01,STATE_02_DIST_03,STATE_02,POLICE,HIGH,true,false,true,false,OPEN,ACTIVE,false,false,false,true,INVESTIGATION,VIEW,false,false,PRESENT_VALID,BUSINESS_HOURS,ONLINE,MANUAL_ESCALATION,P-2026-05-STEP1,false,true,052548f515d773be6f2cea2aed431028379a7b4c3935d8fab6c799556d7f1e0f
REQ-000669,2026-06-02T00:57:00Z,normal_in_jurisdiction,OFF-0042,4bdedd9e1ddefe7a1e6434d1,Sub-Inspector,3,POLICE,STATE_03_DIST_01_PS_03,STATE_03_DIST_01,STATE_03,MEDIUM,ACTIVE,ASSIGNED,REC-000347,276aac543835aec95a7ad242,CASE-00315,VIOLENT_CRIME,FIR_SUMMARY,STATE_03_DIST_01_PS_03,STATE_03_DIST_01,STATE_03,POLICE,LOW,false,false,false,false,OPEN,ACTIVE,true,true,true,false,INVESTIGATION,VIEW,false,false,NOT_REQUIRED,BUSINESS_HOURS,ONLINE,MANUAL_ESCALATION,P-2026-05-STEP1,false,true,bb919267d4f1cf6653914d46b48812c79098d3784ebe5751aa696dcb77f429a7
REQ-000670,2026-06-03T10:40:00Z,cross_jurisdiction_sensitive,OFF-0139,16a2d504d34232bf9551d690,Cybercrime Officer,4,CYBERCRIME,STATE_01_DIST_04_PS_01,STATE_01_DIST_04,STATE_01,HIGH,ACTIVE,NOT_ASSIGNED,REC-000348,195140358f5d31dec354aa4b,CASE-00130,VIOLENT_CRIME,JUVENILE_RECORD,STATE_01_DIST_01_PS_01,STATE_01_DIST_01,STATE_01,POLICE,HIGH,false,false,true,false,OPEN,ACTIVE,false,false,true,true,SUPERVISION,DOWNLOAD,false,false,PRESENT_VALID,BUSINESS_HOURS,ONLINE,CCTNS_STYLE_API,P-2026-05-STEP1,false,true,744942031df4944b8ebd1427be81377681a8c109105ea568bcd26857e2ce0d99
REQ-000671,2026-05-31T15:50:00Z,normal_in_jurisdiction,OFF-0165,b2c7b3b76aeb981b1bd8756b,Constable,1,POLICE,STATE_03_DIST_02_PS_01,STATE_03_DIST_02,STATE_03,LOW,ACTIVE,ASSIGNED,REC-000852,a6951979d6b0ca29c516a2a0,CASE-00232,WOMEN_CHILD_SAFETY,WITNESS_STATEMENT,STATE_03_DIST_02_PS_01,STATE_03_DIST_02,STATE_03,POLICE,MEDIUM,true,true,false,false,OPEN,ACTIVE,true,true,true,false,INVESTIGATION,VIEW,false,false,NOT_REQUIRED,AFTER_HOURS,ONLINE,MANUAL_ESCALATION,P-2026-05-STEP1,false,true,2c7c13721a83be32d40e5310c3e51bbcfdf18394ab3524ee64c93d1f75c1ee64
REQ-000672,2026-05-30T06:24:00Z,sealed_record,OFF-0068,fe7f0fee4990978ba985ec2d,Cybercrime Officer,4,CYBERCRIME,STATE_01_DIST_04_PS_02,STATE_01_DIST_04,STATE_01,HIGH,ACTIVE,NOT_ASSIGNED,REC-000711,d182fb36e66626609d08c673,CASE-00230,NARCOTICS,JUVENILE_RECORD,STATE_02_DIST_04_PS_03,STATE_02_DIST_04,STATE_02,POLICE,CLASSIFIED,false,false,true,false,SEALED,UNDER_REVIEW,false,false,false,true,COURT_PRODUCTION,VIEW,false,true,MISSING,BUSINESS_HOURS,ONLINE,MANUAL_ESCALATION,P-2026-05-STEP1,false,true,fa5105ae9283efd75cb9e5400008026207c29c74d64f2edd6792d1d3fcba84de
REQ-000673,2026-05-29T08:05:00Z,cross_jurisdiction_sensitive,OFF-0099,058b6ca906f6f017cad2b2fa,Head Constable,2,POLICE,STATE_03_DIST_02_PS_02,STATE_03_DIST_02,STATE_03,LOW,ACTIVE,NOT_ASSIGNED,REC-000538,d95f9c5d640c8816f3f8bfe6,CASE-00092,MISSING_PERSON,CYBERCRIME_COMPLAINT,STATE_01_DIST_03_PS_01,STATE_01_DIST_03,STATE_01,POLICE,HIGH,false,false,false,false,OPEN,UNDER_REVIEW,false,false,false,true,SUPERVISION,VIEW,false,false,MISSING,BUSINESS_HOURS,ONLINE,MANUAL_ESCALATION,P-2026-05-STEP1,false,true,e50ffc12a67ebd811eb57bf6279c5b8f7e9f3e125523d063bae2d5d8456e3b83
REQ-000674,2026-06-03T11:44:00Z,emergency_override,OFF-0223,f04272809174dac17c3936fd,Head Constable,2,POLICE,STATE_02_DIST_04_PS_03,STATE_02_DIST_04,STATE_02,LOW,ACTIVE,NOT_ASSIGNED,REC-000689,092c1f9963d0656d1838f128,CASE-00024,FINANCIAL_CRIME,FORENSIC_REPORT,STATE_01_DIST_02_PS_01,STATE_01_DIST_02,STATE_01,POLICE,HIGH,false,false,false,false,OPEN,ACTIVE,false,false,false,true,EMERGENCY_RESPONSE,VIEW,true,false,MISSING,AFTER_HOURS,ONLINE,CCTNS_STYLE_API,P-2026-05-STEP1,false,true,36b7c9fe1c766b3b8d2b4ffb2e0727332d3b3353ffdf5b07509e4b54cd58763a
REQ-000675,2026-05-30T18:00:00Z,juvenile_sensitive,OFF-0115,6aacb3c44032122c078cc506,Sub-Inspector,3,POLICE,STATE_02_DIST_01_PS_01,STATE_02_DIST_01,STATE_02,MEDIUM,ACTIVE,NOT_ASSIGNED,REC-000596,89476745cac894a936858ff7,CASE-00125,JUVENILE_PROTECTION,FIR_SUMMARY,STATE_03_DIST_03_PS_03,STATE_03_DIST_03,STATE_03,POLICE,LOW,false,false,true,false,OPEN,ACTIVE,false,false,false,true,INVESTIGATION,SHARE,false,false,PRESENT_VALID,BUSINESS_HOURS,DEGRADED,CCTNS_STYLE_API,P-2026-05-STEP1,false,true,978489084faa606f4ab81a05d9e3ded792efbc9ae01a3ab12d4487e3965dcc64
REQ-000676,2026-05-28T21:04:00Z,normal_in_jurisdiction,OFF-0068,fe7f0fee4990978ba985ec2d,Cybercrime Officer,4,CYBERCRIME,STATE_01_DIST_04_PS_02,STATE_01_DIST_04,STATE_01,HIGH,ACTIVE,NOT_ASSIGNED,REC-000078,c1740ac718e7a67336db95d9,CASE-00140,WOMEN_CHILD_SAFETY,COURT_SUBMISSION,STATE_01_DIST_03_PS_02,STATE_01_DIST_03,STATE_01,POLICE,HIGH,true,false,false,false,OPEN,ACTIVE,false,false,true,true,INVESTIGATION,VIEW,false,false,NOT_REQUIRED,NIGHT,ONLINE,CCTNS_STYLE_API,P-2026-05-STEP1,false,true,37a90a7e75be4fa552dd7e0e292906b9995c4f39ccdc84d07460ed87eebc5e15
REQ-000677,2026-05-27T22:34:00Z,cross_jurisdiction_sensitive,OFF-0183,95ff51d542090c1b60accce5,Constable,1,POLICE,STATE_02_DIST_04_PS_01,STATE_02_DIST_04,STATE_02,LOW,ACTIVE,NOT_ASSIGNED,REC-000297,1f3741568f09e522c5519892,CASE-00238,WOMEN_CHILD_SAFETY,EVIDENCE_MEDIA,STATE_03_DIST_04_PS_03,STATE_03_DIST_04,STATE_03,POLICE,HIGH,true,false,false,true,OPEN,UNDER_REVIEW,false,false,false,true,FORENSIC_REVIEW,VIEW,false,false,MISSING,BUSINESS_HOURS,ONLINE,CCTNS_STYLE_API,P-2026-05-STEP1,false,true,93f3e7f2f4c646fe4159c6df1b720cb3dddf6ccf7a20e367254d0a6b3731f3d8
REQ-000678,2026-05-29T19:48:00Z,emergency_override,OFF-0166,b6791729f7de52114f8f5aba,Station House Officer,5,POLICE,STATE_01_DIST_04_PS_03,STATE_01_DIST_04,STATE_01,HIGH,ACTIVE,NOT_ASSIGNED,REC-000689,092c1f9963d0656d1838f128,CASE-00024,FINANCIAL_CRIME,FORENSIC_REPORT,STATE_01_DIST_02_PS_01,STATE_01_DIST_02,STATE_01,POLICE,HIGH,false,false,false,false,OPEN,ACTIVE,false,false,true,true,EMERGENCY_RESPONSE,VIEW,true,false,MISSING,BUSINESS_HOURS,ONLINE,CCTNS_STYLE_API,P-2026-05-STEP1,false,true,f51018b6272560b468f29e0b2be7f09eb07a59a0c6a2192013cc05db306ca110
REQ-000679,2026-05-28T09:57:00Z,revoked_credential,OFF-0045,1abb810c99dd60558b095f4d,Inspector,4,POLICE,STATE_02_DIST_01_PS_01,STATE_02_DIST_01,STATE_02,MEDIUM,REVOKED,NOT_ASSIGNED,REC-000864,a9cbee3038e84f297bca5de4,CASE-00294,VIOLENT_CRIME,EVIDENCE_MEDIA,STATE_01_DIST_04_PS_03,STATE_01_DIST_04,STATE_01,POLICE,CLASSIFIED,false,false,false,true,OPEN,ARCHIVED,false,false,false,true,AUDIT,VIEW,false,false,MISSING,BUSINESS_HOURS,ONLINE,MANUAL_ESCALATION,P-2026-05-STEP1,false,true,9332021877c8417839a0164b4198dd5cb712067156c806820363210677eee514
REQ-000680,2026-05-27T22:40:00Z,court_request,OFF-0085,17c3357ea795f04352db1db0,Constable,1,POLICE,STATE_01_DIST_02_PS_03,STATE_01_DIST_02,STATE_01,LOW,ACTIVE,NOT_ASSIGNED,REC-000234,c6e09784d51abbf2b3753b68,CASE-00196,FINANCIAL_CRIME,CASE_DIARY,STATE_02_DIST_04_PS_01,STATE_02_DIST_04,STATE_02,POLICE,MEDIUM,false,false,false,false,OPEN,ARCHIVED,false,false,false,true,PROSECUTION_REVIEW,VIEW,false,true,PRESENT_VALID,AFTER_HOURS,ONLINE,MANUAL_ESCALATION,P-2026-05-STEP1,false,true,9dd157d21eb4ed92fcbfe6896165ea1f6e55676fd39b6f4af2a71ad79727fef6
REQ-000681,2026-05-28T21:24:00Z,random_context,OFF-0070,73b99e563b8590d8f1f3488f,Sub-Inspector,3,POLICE,STATE_02_DIST_02_PS_02,STATE_02_DIST_02,STATE_02,MEDIUM,ACTIVE,NOT_ASSIGNED,REC-000529,b1cba9b450fb8d5bb630c5a5,CASE-00049,CYBER_FRAUD,FORENSIC_REPORT,STATE_03_DIST_01_PS_02,STATE_03_DIST_01,STATE_03,POLICE,HIGH,false,false,false,false,OPEN,ACTIVE,false,false,false,true,SUPERVISION,VIEW,false,false,NOT_REQUIRED,AFTER_HOURS,ONLINE,CCTNS_STYLE_API,P-2026-05-STEP1,false,true,2dd2881156233d5b0c25b2c03d9ce14093578d6dd048cb6ac6439a32e263ee23
REQ-000682,2026-05-31T17:40:00Z,revoked_credential,OFF-0104,bacbc9ea0ca5c88caca1fb35,Prosecutor Liaison,4,PROSECUTION,STATE_02_DIST_04_PS_02,STATE_02_DIST_04,STATE_02,MEDIUM,REVOKED,NOT_ASSIGNED,REC-000707,d54e59d1e5b8752743ec8dd1,CASE-00306,WOMEN_CHILD_SAFETY,COURT_SUBMISSION,STATE_02_DIST_02_PS_01,STATE_02_DIST_02,STATE_02,POLICE,HIGH,true,false,false,false,OPEN,ACTIVE,false,false,true,true,AUDIT,UPDATE,false,false,MISSING,AFTER_HOURS,ONLINE,MANUAL_ESCALATION,P-2026-05-STEP1,false,true,10e5400dc4d1c8faa67b9b70c5c2ec4768519b8e42962123e4bc25e5f5324b0c
REQ-000683,2026-05-27T22:46:00Z,normal_in_jurisdiction,OFF-0026,1744a4b8e7d09467e6ea7495,Constable,1,POLICE,STATE_03_DIST_03_PS_03,STATE_03_DIST_03,STATE_03,LOW,ACTIVE,NOT_ASSIGNED,REC-000740,c36ad04b5ef75b66d4db8068,CASE-00167,WOMEN_CHILD_SAFETY,FORENSIC_REPORT,STATE_03_DIST_04_PS_02,STATE_03_DIST_04,STATE_03,POLICE,HIGH,true,false,false,false,OPEN,UNDER_REVIEW,false,false,true,true,INVESTIGATION,VIEW,false,false,NOT_REQUIRED,NIGHT,ONLINE,MANUAL_ESCALATION,P-2026-05-STEP1,false,true,a10d173e2107f7f8c75b0b58d9739f3c13eda528e4c0d1b8027676edfe508343
REQ-000684,2026-06-01T16:48:00Z,normal_in_jurisdiction,OFF-0227,2747b4371f8a7719020e45ce,Forensic Officer,4,FORENSIC,STATE_02_DIST_04_PS_02,STATE_02_DIST_04,STATE_02,HIGH,ACTIVE,ASSIGNED,REC-000871,93085d59bbfcecbde699aaeb,CASE-00265,MISSING_PERSON,FORENSIC_REPORT,STATE_02_DIST_04_PS_02,STATE_02_DIST_04,STATE_02,POLICE,MEDIUM,false,false,false,false,OPEN,ACTIVE,true,true,true,false,INVESTIGATION,VIEW,false,false,NOT_REQUIRED,BUSINESS_HOURS,ONLINE,MANUAL_ESCALATION,P-2026-05-STEP1,false,true,ae1c151a52e74cb008b5dc7e9d98a469c802d014423f9641c86d4d09cdfec439
REQ-000685,2026-05-27T22:50:00Z,cross_jurisdiction_sensitive,OFF-0085,17c3357ea795f04352db1db0,Constable,1,POLICE,STATE_01_DIST_02_PS_03,STATE_01_DIST_02,STATE_01,LOW,ACTIVE,NOT_ASSIGNED,REC-000472,677656597aa945bf37b29733,CASE-00085,MISSING_PERSON,JUVENILE_RECORD,STATE_03_DIST_03_PS_01,STATE_03_DIST_03,STATE_03,POLICE,HIGH,false,false,true,false,OPEN,UNDER_REVIEW,false,false,false,true,FORENSIC_REVIEW,UPDATE,false,false,MISSING,BUSINESS_HOURS,ONLINE,ICJS_STYLE_EXCHANGE,P-2026-05-STEP1,false,true,01a45b2ffd02d35da2587962a5d99beb54029bb539d5b76f84cb295c056aa7b4
REQ-000686,2026-05-31T06:54:00Z,cross_jurisdiction_sensitive,OFF-0105,acd11cf62713639d9ec501cd,Sub-Inspector,3,POLICE,STATE_01_DIST_02_PS_02,STATE_01_DIST_02,STATE_01,MEDIUM,ACTIVE,NOT_ASSIGNED,REC-000174,0f1b88c2aa88b245603f719f,CASE-00188,JUVENILE_PROTECTION,FORENSIC_REPORT,STATE_01_DIST_03_PS_02,STATE_01_DIST_03,STATE_01,POLICE,HIGH,false,false,true,false,OPEN,ACTIVE,false,false,true,true,FORENSIC_REVIEW,SHARE,false,false,PRESENT_VALID,BUSINESS_HOURS,ONLINE,MANUAL_ESCALATION,P-2026-05-STEP1,false,true,2f405857daf6288a264b5d590cc3b16a5dc5a3ce8da24473aec39cdc2e3cf7b6
REQ-000687,2026-05-29T09:15:00Z,juvenile_sensitive,OFF-0074,0cef9a18606529b664cb0b3f,Sub-Inspector,3,POLICE,STATE_01_DIST_03_PS_03,STATE_01_DIST_03,STATE_01,MEDIUM,ACTIVE,NOT_ASSIGNED,REC-000276,7d143f54dd071d0e35912d44,CASE-00165,VIOLENT_CRIME,JUVENILE_RECORD,STATE_02_DIST_02_PS_01,STATE_02_DIST_02,STATE_02,POLICE,HIGH,false,false,true,false,OPEN,ARCHIVED,false,false,false,true,SUPERVISION,VIEW,false,false,MISSING,BUSINESS_HOURS,ONLINE,ICJS_STYLE_EXCHANGE,P-2026-05-STEP1,false,true,2bb25535cf31f1c1df16e4ce6c030bed8ac318815a795dad185f840df579d630
REQ-000688,2026-06-02T16:32:00Z,random_context,OFF-0210,4150a8ceaba40e213683ea41,Constable,1,POLICE,STATE_02_DIST_01_PS_01,STATE_02_DIST_01,STATE_02,LOW,ACTIVE,NOT_ASSIGNED,REC-000152,855965ff849e31dc11494c47,CASE-00244,FINANCIAL_CRIME,JUVENILE_RECORD,STATE_02_DIST_01_PS_03,STATE_02_DIST_01,STATE_02,POLICE,HIGH,false,false,true,false,OPEN,ARCHIVED,false,true,true,false,SUPERVISION,VIEW,false,false,NOT_REQUIRED,NIGHT,ONLINE,MANUAL_ESCALATION,P-2026-05-STEP1,false,true,8bbf353ecb355a44ac4d506007ed5f96743a967c6406caa1b8815775666d8032
REQ-000689,2026-06-02T05:17:00Z,cross_jurisdiction_sensitive,OFF-0116,f1533940112c34367e3740e3,Station House Officer,5,POLICE,STATE_03_DIST_02_PS_01,STATE_03_DIST_02,STATE_03,HIGH,ACTIVE,NOT_ASSIGNED,REC-000366,aecc4eeab743055519b9afaa,CASE-00230,NARCOTICS,FORENSIC_REPORT,STATE_02_DIST_04_PS_03,STATE_02_DIST_04,STATE_02,POLICE,HIGH,false,false,false,false,OPEN,ARCHIVED,false,false,false,true,FORENSIC_REVIEW,VIEW,false,false,MISSING,BUSINESS_HOURS,ONLINE,MANUAL_ESCALATION,P-2026-05-STEP1,false,true,2f83a9ab370b4da52e9c822b3faeaea60901e14b35ac450c8e7ebae53b88e483
REQ-000690,2026-06-03T04:30:00Z,normal_in_jurisdiction,OFF-0198,5d9a86e9bbd1b3774caee2db,Head Constable,2,POLICE,STATE_01_DIST_02_PS_02,STATE_01_DIST_02,STATE_01,LOW,ACTIVE,ASSIGNED,REC-000409,27937d1ca81b65088a41774e,CASE-00186,CYBER_FRAUD,CYBERCRIME_COMPLAINT,STATE_01_DIST_02_PS_02,STATE_01_DIST_02,STATE_01,POLICE,MEDIUM,false,false,false,false,OPEN,ACTIVE,true,true,true,false,INVESTIGATION,VIEW,false,false,NOT_REQUIRED,BUSINESS_HOURS,ONLINE,CCTNS_STYLE_API,P-2026-05-STEP1,false,true,7c7bd947aa766d61f74d3108b9e053d914719cc119293e6ec309476e63931dfc
REQ-000691,2026-05-28T10:33:00Z,revoked_credential,OFF-0069,ecaec2b1bb689d9a6ebf8cca,Constable,1,POLICE,STATE_02_DIST_02_PS_03,STATE_02_DIST_02,STATE_02,LOW,REVOKED,NOT_ASSIGNED,REC-000687,4a81b7a88a623e390137c284,CASE-00002,FINANCIAL_CRIME,CYBERCRIME_COMPLAINT,STATE_03_DIST_02_PS_01,STATE_03_DIST_02,STATE_03,POLICE,HIGH,false,false,false,false,OPEN,ARCHIVED,false,false,false,true,AUDIT,DOWNLOAD,false,false,MISSING,BUSINESS_HOURS,ONLINE,MANUAL_ESCALATION,P-2026-05-STEP1,false,true,a6f1cce9c14b65c6b81e4b505344af95e928430eccb76834ca167ea0cacddca7
REQ-000692,2026-05-29T21:12:00Z,juvenile_sensitive,OFF-0102,cac9c828654d5e683b80f1e7,Sub-Inspector,3,POLICE,STATE_03_DIST_04_PS_03,STATE_03_DIST_04,STATE_03,MEDIUM,ACTIVE,NOT_ASSIGNED,REC-000630,5735e1f43cfb1d05ceef90b4,CASE-00244,FINANCIAL_CRIME,JUVENILE_RECORD,STATE_02_DIST_01_PS_03,STATE_02_DIST_01,STATE_02,POLICE,CLASSIFIED,false,false,true,false,SEALED,ACTIVE,false,false,false,true,SUPERVISION,VIEW,false,false,PRESENT_VALID,BUSINESS_HOURS,ONLINE,ICJS_STYLE_EXCHANGE,P-2026-05-STEP1,false,true,11cbb321855ff7f624ac1f65b6e2151170e6bf54dc1460e5c974e0aa3f6175de
REQ-000693,2026-05-30T08:51:00Z,cross_jurisdiction_sensitive,OFF-0220,5f5d03cad2864eb9986177dd,Inspector,4,POLICE,STATE_01_DIST_04_PS_03,STATE_01_DIST_04,STATE_01,MEDIUM,ACTIVE,NOT_ASSIGNED,REC-000261,43e3463a3b559634b3353097,CASE-00087,FINANCIAL_CRIME,WITNESS_STATEMENT,STATE_01_DIST_02_PS_01,STATE_01_DIST_02,STATE_01,POLICE,MEDIUM,false,true,false,false,OPEN,ACTIVE,false,false,true,true,FORENSIC_REVIEW,DOWNLOAD,false,false,PRESENT_VALID,BUSINESS_HOURS,ONLINE,CCTNS_STYLE_API,P-2026-05-STEP1,false,true,9eb0247089db0a934eebfd5bdc405ff7f0505e7a20327850280d0296025b5055
REQ-000694,2026-05-31T08:06:00Z,court_request,OFF-0091,516e122c203e5dd62fd9ee93,Constable,1,POLICE,STATE_01_DIST_04_PS_02,STATE_01_DIST_04,STATE_01,LOW,ACTIVE,NOT_ASSIGNED,REC-000671,a790e63d15639d1dcfcb3a22,CASE-00280,VIOLENT_CRIME,COURT_SUBMISSION,STATE_01_DIST_03_PS_01,STATE_01_DIST_03,STATE_01,POLICE,MEDIUM,false,false,false,false,OPEN,ACTIVE,false,false,true,true,PROSECUTION_REVIEW,VIEW,false,true,PRESENT_VALID,BUSINESS_HOURS,DEGRADED,ICJS_STYLE_EXCHANGE,P-2026-05-STEP1,false,true,3f55ab207e435ed4abf3ad9ebd4505b8654d74970be3abac6283a93aefbd30fc
REQ-000695,2026-06-02T18:10:00Z,random_context,OFF-0073,7e2b88d260bb5ef29585a94e,Cybercrime Officer,4,CYBERCRIME,STATE_03_DIST_01_PS_01,STATE_03_DIST_01,STATE_03,HIGH,ACTIVE,NOT_ASSIGNED,REC-000892,ef5838cb7e4a200ccefb59aa,CASE-00179,CYBER_FRAUD,FIR_SUMMARY,STATE_03_DIST_02_PS_02,STATE_03_DIST_02,STATE_03,POLICE,HIGH,false,false,false,false,OPEN,ACTIVE,false,false,true,true,EMERGENCY_RESPONSE,VIEW,false,false,PRESENT_VALID,BUSINESS_HOURS,ONLINE,MANUAL_ESCALATION,P-2026-05-STEP1,false,true,b8f87e26e83e08dadf02f668c7c1996556c8d5e8b4542c21ebaa37e3060b61c6
REQ-000696,2026-05-28T10:48:00Z,cross_jurisdiction_sensitive,OFF-0080,8d450ebb6d2a4135d240f974,Head Constable,2,POLICE,STATE_03_DIST_04_PS_03,STATE_03_DIST_04,STATE_03,LOW,ACTIVE,NOT_ASSIGNED,REC-000475,77385b524212abbfb3cdbdf8,CASE-00122,VIOLENT_CRIME,CYBERCRIME_COMPLAINT,STATE_03_DIST_03_PS_01,STATE_03_DIST_03,STATE_03,POLICE,HIGH,false,false,false,false,OPEN,ACTIVE,false,false,true,true,FORENSIC_REVIEW,VIEW,false,false,PRESENT_VALID,BUSINESS_HOURS,ONLINE,CCTNS_STYLE_API,P-2026-05-STEP1,false,true,90d5145e46de0e5d52c9294e72c40f2d5fbffbc2c85208f23f71aa1ce3900393
REQ-000697,2026-06-02T07:01:00Z,stale_case_assignment,OFF-0240,2e90133c615ae26c343ba035,Cybercrime Officer,4,CYBERCRIME,STATE_03_DIST_02_PS_03,STATE_03_DIST_02,STATE_03,HIGH,ACTIVE,STALE,REC-000144,ade265794cead86e3a593cc9,CASE-00091,GENERAL_THEFT,VICTIM_RECORD,STATE_03_DIST_03_PS_02,STATE_03_DIST_03,STATE_03,POLICE,HIGH,true,false,false,false,OPEN,ACTIVE,false,false,true,true,INVESTIGATION,VIEW,false,false,MISSING,BUSINESS_HOURS,ONLINE,CCTNS_STYLE_API,P-2026-05-STEP1,false,true,822429353e6dba09b421050ef6cc914226b4ce8e0ee4b898148d574f2d340753
REQ-000698,2026-06-02T18:52:00Z,random_context,OFF-0187,dea3496d0907b239fdcdd5a2,Inspector,4,POLICE,STATE_02_DIST_02_PS_03,STATE_02_DIST_02,STATE_02,MEDIUM,ACTIVE,NOT_ASSIGNED,REC-000007,8ccbd9b70dff9bfa5bc9f0dd,CASE-00266,MISSING_PERSON,FORENSIC_REPORT,STATE_01_DIST_01_PS_02,STATE_01_DIST_01,STATE_01,POLICE,HIGH,false,false,false,false,OPEN,ACTIVE,false,false,false,true,TRAINING,VIEW,false,false,NOT_REQUIRED,BUSINESS_HOURS,STATION_NODE_DOWN,CCTNS_STYLE_API,P-2026-05-STEP1,false,true,b72d4cc2a2962c1d3421fc8ffa97e5687d9bb2eb0a0e66a6f1fb1c2c204f91e1
REQ-000699,2026-05-28T22:36:00Z,court_request,OFF-0081,e432fb8e9e7dd060765bcd20,Prosecutor Liaison,4,PROSECUTION,STATE_03_DIST_04_PS_02,STATE_03_DIST_04,STATE_03,MEDIUM,ACTIVE,NOT_ASSIGNED,REC-000657,117c606e24cdfaad1890e740,CASE-00311,CYBER_FRAUD,FORENSIC_REPORT,STATE_02_DIST_03_PS_02,STATE_02_DIST_03,STATE_02,POLICE,HIGH,false,false,false,false,OPEN,ARCHIVED,false,false,false,true,PROSECUTION_REVIEW,SHARE,false,true,PRESENT_VALID,BUSINESS_HOURS,ONLINE,ICJS_STYLE_EXCHANGE,P-2026-05-STEP1,false,true,d21195db6d03224bcbfeb741eb82205ad8845b8aade67ceb6f11f94113df0003
REQ-000700,2026-06-01T08:20:00Z,normal_in_jurisdiction,OFF-0002,893580185d14634211eb9a59,Inspector,4,POLICE,STATE_03_DIST_01_PS_01,STATE_03_DIST_01,STATE_03,MEDIUM,ACTIVE,NOT_ASSIGNED,REC-000357,71bbf19d311d6a56e619166e,CASE-00208,GENERAL_THEFT,FIR_SUMMARY,STATE_02_DIST_03_PS_01,STATE_02_DIST_03,STATE_02,POLICE,LOW,false,false,false,false,OPEN,ACTIVE,false,false,false,true,INVESTIGATION,VIEW,false,false,NOT_REQUIRED,BUSINESS_HOURS,DEGRADED,ICJS_STYLE_EXCHANGE,P-2026-05-STEP1,false,true,fd32d9c29026a50c7eaccc3a68e1638db28775ee8636c2744dc26c91bdba9f78
REQ-000701,2026-06-03T07:15:00Z,stale_case_assignment,OFF-0129,fad5d40018942c6b0ef2d75c,Inspector,4,POLICE,STATE_01_DIST_04_PS_02,STATE_01_DIST_04,STATE_01,MEDIUM,ACTIVE,STALE,REC-000723,b56e98af8a7c425088a343c2,CASE-00073,VIOLENT_CRIME,FIR_SUMMARY,STATE_01_DIST_03_PS_02,STATE_01_DIST_03,STATE_01,POLICE,MEDIUM,false,false,false,false,SEALED,UNDER_REVIEW,false,false,true,true,INVESTIGATION,VIEW,false,false,MISSING,BUSINESS_HOURS,ONLINE,CCTNS_STYLE_API,P-2026-05-STEP1,false,true,7770ec37b47aa732f84d9f0cea3d965b781e877e77f033b7db09827ce7f1e534
REQ-000702,2026-06-02T08:06:00Z,cross_jurisdiction_sensitive,OFF-0075,b4d11e5f08de15f8b7a05319,Constable,1,POLICE,STATE_01_DIST_02_PS_03,STATE_01_DIST_02,STATE_01,LOW,ACTIVE,NOT_ASSIGNED,REC-000033,25579b73e0cca8193764a119,CASE-00151,CYBER_FRAUD,EVIDENCE_MEDIA,STATE_02_DIST_01_PS_01,STATE_02_DIST_01,STATE_02,POLICE,HIGH,false,false,false,true,SEALED,ACTIVE,false,false,false,true,FORENSIC_REVIEW,VIEW,false,false,PRESENT_VALID,BUSINESS_HOURS,DEGRADED,MANUAL_ESCALATION,P-2026-05-STEP1,false,true,2a375738450725fd424e908dd887cfc4123f41c5d65d5487cb6e4bbd84c92f2b
REQ-000703,2026-05-30T21:44:00Z,normal_in_jurisdiction,OFF-0099,058b6ca906f6f017cad2b2fa,Head Constable,2,POLICE,STATE_03_DIST_02_PS_02,STATE_03_DIST_02,STATE_03,LOW,ACTIVE,ASSIGNED,REC-000856,14cac1db740ca3069e8c9406,CASE-00299,NARCOTICS,FIR_SUMMARY,STATE_03_DIST_02_PS_02,STATE_03_DIST_02,STATE_03,POLICE,LOW,false,false,false,false,SEALED,ARCHIVED,true,true,true,false,INVESTIGATION,VIEW,false,false,NOT_REQUIRED,BUSINESS_HOURS,ONLINE,MANUAL_ESCALATION,P-2026-05-STEP1,false,true,5be775b60412cd23a8adcd47476a6c643a37c1030ba0901b01e3a5b285b9c2c0
REQ-000704,2026-05-31T21:20:00Z,random_context,OFF-0037,61f9c30ebf940f606c1a2520,Inspector,4,POLICE,STATE_03_DIST_03_PS_03,STATE_03_DIST_03,STATE_03,MEDIUM,REVOKED,NOT_ASSIGNED,REC-000375,e022b16efd825f345ab8030a,CASE-00078,MISSING_PERSON,COURT_SUBMISSION,STATE_01_DIST_04_PS_01,STATE_01_DIST_04,STATE_01,POLICE,MEDIUM,false,false,false,false,OPEN,ACTIVE,false,false,false,true,TRAINING,VIEW,false,false,NOT_REQUIRED,AFTER_HOURS,ONLINE,CCTNS_STYLE_API,P-2026-05-STEP1,false,true,5c7ca424978c064e3853f9f7a1df6306007b1692eae4bc64f04a448ac4f700b6
REQ-000705,2026-06-03T08:15:00Z,emergency_override,OFF-0067,81023882823dba8b6e04e6a8,Inspector,4,POLICE,STATE_02_DIST_03_PS_01,STATE_02_DIST_03,STATE_02,MEDIUM,ACTIVE,NOT_ASSIGNED,REC-000082,1323b2c21c14dc109d79bafa,CASE-00062,VIOLENT_CRIME,CYBERCRIME_COMPLAINT,STATE_01_DIST_03_PS_02,STATE_01_DIST_03,STATE_01,POLICE,HIGH,false,false,false,false,OPEN,ARCHIVED,false,false,false,true,EMERGENCY_RESPONSE,VIEW,true,false,MISSING,BUSINESS_HOURS,ONLINE,MANUAL_ESCALATION,P-2026-05-STEP1,false,true,c1765ac4489f28be6d05f3c2946786f57523a0f0db1e2e8c91960cb2dfbc02df
REQ-000706,2026-05-29T10:50:00Z,cross_jurisdiction_sensitive,OFF-0221,1f0d6f8c17d7221984909f27,Constable,1,POLICE,STATE_01_DIST_01_PS_02,STATE_01_DIST_01,STATE_01,LOW,ACTIVE,NOT_ASSIGNED,REC-000749,d021b181a8195460c1a8a206,CASE-00350,GENERAL_THEFT,EVIDENCE_MEDIA,STATE_01_DIST_03_PS_01,STATE_01_DIST_03,STATE_01,POLICE,CLASSIFIED,false,false,false,true,OPEN,UNDER_REVIEW,false,false,true,true,FORENSIC_REVIEW,VIEW,false,false,PRESENT_VALID,AFTER_HOURS,ONLINE,MANUAL_ESCALATION,P-2026-05-STEP1,false,true,55a3dca1c9dec6b6771352b2c399f25d1650dd414cd2a409de50837a4f5625a3
REQ-000707,2026-06-02T09:11:00Z,random_context,OFF-0061,86505bfb457a23f7a0108287,Prosecutor Liaison,4,PROSECUTION,STATE_01_DIST_03_PS_02,STATE_01_DIST_03,STATE_01,MEDIUM,ACTIVE,NOT_ASSIGNED,REC-000475,77385b524212abbfb3cdbdf8,CASE-00122,VIOLENT_CRIME,CYBERCRIME_COMPLAINT,STATE_03_DIST_03_PS_01,STATE_03_DIST_03,STATE_03,POLICE,HIGH,false,false,false,false,OPEN,ACTIVE,false,false,false,true,EMERGENCY_RESPONSE,VIEW,false,false,NOT_REQUIRED,BUSINESS_HOURS,ONLINE,CCTNS_STYLE_API,P-2026-05-STEP1,false,true,ec7a3c16679484d163ddaea0dd73d92118b39dab5ba2427168ff1b1ddaf0fa60
REQ-000708,2026-06-02T09:24:00Z,stale_case_assignment,OFF-0182,f733b89b991cd7dc6791cabb,Head Constable,2,POLICE,STATE_01_DIST_02_PS_03,STATE_01_DIST_02,STATE_01,LOW,ACTIVE,STALE,REC-000349,a0a8de077091113ec63f9414,CASE-00203,CYBER_FRAUD,CYBERCRIME_COMPLAINT,STATE_02_DIST_03_PS_03,STATE_02_DIST_03,STATE_02,POLICE,HIGH,false,false,false,false,OPEN,ACTIVE,false,false,false,true,INVESTIGATION,VIEW,false,false,MISSING,BUSINESS_HOURS,ONLINE,ICJS_STYLE_EXCHANGE,P-2026-05-STEP1,false,true,219d500df68a14176ed302db1c5427ecc6ff87589636f38f2315fcdc5146b50c
REQ-000709,2026-05-28T11:27:00Z,emergency_override,OFF-0141,69b61a8c9ab3b270d0f7db2e,Station House Officer,5,POLICE,STATE_03_DIST_04_PS_02,STATE_03_DIST_04,STATE_03,HIGH,ACTIVE,NOT_ASSIGNED,REC-000371,b6253d82131a9ba998cdc6ba,CASE-00198,CYBER_FRAUD,COURT_SUBMISSION,STATE_03_DIST_01_PS_01,STATE_03_DIST_01,STATE_03,POLICE,CLASSIFIED,false,false,false,false,OPEN,ACTIVE,false,false,true,true,EMERGENCY_RESPONSE,VIEW,true,false,MISSING,BUSINESS_HOURS,DEGRADED,ICJS_STYLE_EXCHANGE,P-2026-05-STEP1,false,true,78ab3f96490c1d8e13d259e05c64eb05b938f03fb5a342d26e9d2039d83808f2
REQ-000710,2026-05-29T11:10:00Z,cross_jurisdiction_sensitive,OFF-0193,4be2947fa44b5e03c9285de0,Forensic Officer,4,FORENSIC,STATE_03_DIST_03_PS_03,STATE_03_DIST_03,STATE_03,HIGH,ACTIVE,NOT_ASSIGNED,REC-000486,7688899d0d149034386f953b,CASE-00061,GENERAL_THEFT,VICTIM_RECORD,STATE_02_DIST_01_PS_03,STATE_02_DIST_01,STATE_02,POLICE,MEDIUM,true,false,false,false,OPEN,ACTIVE,false,false,false,true,INVESTIGATION,VIEW,false,false,MISSING,BUSINESS_HOURS,ONLINE,CCTNS_STYLE_API,P-2026-05-STEP1,false,true,90a726c57a1b0503eb7890b9ad2b9fec335552ef5ba60226e557e3d7f54dc002
REQ-000711,2026-06-02T21:54:00Z,stale_case_assignment,OFF-0097,0de9124a7d38c17a328e4497,Cybercrime Officer,4,CYBERCRIME,STATE_01_DIST_04_PS_03,STATE_01_DIST_04,STATE_01,HIGH,ACTIVE,STALE,REC-000579,3ee2b445178eb78c844bc181,CASE-00107,NARCOTICS,CASE_DIARY,STATE_01_DIST_03_PS_03,STATE_01_DIST_03,STATE_01,POLICE,HIGH,false,false,false,false,OPEN,ACTIVE,false,false,true,true,INVESTIGATION,VIEW,false,false,MISSING,AFTER_HOURS,ONLINE,CCTNS_STYLE_API,P-2026-05-STEP1,false,true,af6baeafc6fded720ae656fac7d825368550cde63e0e6076f4e8e87621249a74
REQ-000712,2026-05-30T11:04:00Z,cross_jurisdiction_sensitive,OFF-0217,fdc97c18ce18a70d495aa065,Head Constable,2,POLICE,STATE_02_DIST_03_PS_01,STATE_02_DIST_03,STATE_02,LOW,ACTIVE,NOT_ASSIGNED,REC-000353,97ed045e8ea63e1f27d280f3,CASE-00163,VIOLENT_CRIME,JUVENILE_RECORD,STATE_02_DIST_04_PS_02,STATE_02_DIST_04,STATE_02,POLICE,CLASSIFIED,false,false,true,false,OPEN,ARCHIVED,false,false,true,true,FORENSIC_REVIEW,VIEW,false,false,MISSING,AFTER_HOURS,ONLINE,MANUAL_ESCALATION,P-2026-05-STEP1,false,true,85f7b9845d0f714dc04349cdd439e5a9b17610c20cc09ca720573811fae5b107
REQ-000713,2026-06-02T10:29:00Z,normal_in_jurisdiction,OFF-0194,ade36a17fa7aeeef7c2513ee,Sub-Inspector,3,POLICE,STATE_03_DIST_01_PS_02,STATE_03_DIST_01,STATE_03,MEDIUM,ACTIVE,ASSIGNED,REC-000834,d1bd194f0b0797c0129fc9bc,CASE-00289,WOMEN_CHILD_SAFETY,FIR_SUMMARY,STATE_03_DIST_01_PS_02,STATE_03_DIST_01,STATE_03,POLICE,LOW,true,false,false,false,OPEN,ACTIVE,true,true,true,false,INVESTIGATION,VIEW,false,false,NOT_REQUIRED,BUSINESS_HOURS,ONLINE,CCTNS_STYLE_API,P-2026-05-STEP1,false,true,b63fe27c191d77106448b1ad1ff14070d2cce20285d7640b54e03c7c104a08ec
REQ-000714,2026-06-03T10:30:00Z,emergency_override,OFF-0140,f57ebd05797c0d495cf5ad8e,Sub-Inspector,3,POLICE,STATE_02_DIST_04_PS_03,STATE_02_DIST_04,STATE_02,MEDIUM,ACTIVE,NOT_ASSIGNED,REC-000362,7921bc5ddad3de91e53b3781,CASE-00125,JUVENILE_PROTECTION,FIR_SUMMARY,STATE_03_DIST_03_PS_03,STATE_03_DIST_03,STATE_03,POLICE,HIGH,false,false,true,false,SEALED,ARCHIVED,false,false,false,true,EMERGENCY_RESPONSE,VIEW,true,false,MISSING,BUSINESS_HOURS,ONLINE,CCTNS_STYLE_API,P-2026-05-STEP1,false,true,1dd8fa2bb68451db094906119f15790f045ff745e5f1257bae5b4a5ceed6cbc2
REQ-000715,2026-05-30T11:25:00Z,court_request,OFF-0150,b012e7e4d1319033c362fb26,Prosecutor Liaison,4,PROSECUTION,STATE_01_DIST_03_PS_03,STATE_01_DIST_03,STATE_01,MEDIUM,ACTIVE,NOT_ASSIGNED,REC-000754,e15a915636ae7f0b702750b3,CASE-00347,NARCOTICS,CYBERCRIME_COMPLAINT,STATE_03_DIST_03_PS_01,STATE_03_DIST_03,STATE_03,POLICE,HIGH,false,false,false,false,OPEN,ACTIVE,false,false,false,true,COURT_PRODUCTION,SHARE,false,true,PRESENT_VALID,AFTER_HOURS,ONLINE,CCTNS_STYLE_API,P-2026-05-STEP1,false,true,7aaacbfe08ca806fa01b043947c66748914fa427cb32d0ae83efc1205e3d74d1
REQ-000716,2026-05-31T11:24:00Z,court_request,OFF-0028,8ec325482a0f9259719128c5,Prosecutor Liaison,4,PROSECUTION,STATE_01_DIST_03_PS_03,STATE_01_DIST_03,STATE_01,MEDIUM,ACTIVE,NOT_ASSIGNED,REC-000770,227c461d84e121aa1f3cf1a9,CASE-00224,JUVENILE_PROTECTION,COURT_SUBMISSION,STATE_02_DIST_02_PS_03,STATE_02_DIST_02,STATE_02,POLICE,MEDIUM,false,false,true,false,OPEN,ACTIVE,false,false,false,true,PROSECUTION_REVIEW,DOWNLOAD,false,true,PRESENT_VALID,BUSINESS_HOURS,ONLINE,ICJS_STYLE_EXCHANGE,P-2026-05-STEP1,false,true,e127d4f6744b1e7eb185739bb7b0102b2493d951de171659942a7298ab8279de
REQ-000717,2026-05-28T23:48:00Z,cross_jurisdiction_sensitive,OFF-0059,abdf3e234ce3687605069a60,Head Constable,2,POLICE,STATE_02_DIST_02_PS_01,STATE_02_DIST_02,STATE_02,LOW,ACTIVE,NOT_ASSIGNED,REC-000678,2ba015c222df82621a60df37,CASE-00331,CYBER_FRAUD,FORENSIC_REPORT,STATE_01_DIST_04_PS_02,STATE_01_DIST_04,STATE_01,POLICE,HIGH,false,false,false,false,OPEN,ARCHIVED,false,false,false,true,FORENSIC_REVIEW,VIEW,false,false,MISSING,AFTER_HOURS,ONLINE,MANUAL_ESCALATION,P-2026-05-STEP1,false,true,4f3ebe74392c99b37b22393d599b1dc2e49086f26db61549535a8f6ca0378d6b
REQ-000718,2026-05-27T23:56:00Z,revoked_credential,OFF-0147,94b2d412892c95cbfdbe73cd,Forensic Officer,4,FORENSIC,STATE_02_DIST_03_PS_02,STATE_02_DIST_03,STATE_02,HIGH,REVOKED,NOT_ASSIGNED,REC-000880,95de19451c2ca7264b0032ce,CASE-00196,FINANCIAL_CRIME,CYBERCRIME_COMPLAINT,STATE_02_DIST_04_PS_01,STATE_02_DIST_04,STATE_02,POLICE,MEDIUM,false,false,false,false,SEALED,ACTIVE,false,false,true,true,INVESTIGATION,VIEW,false,false,MISSING,BUSINESS_HOURS,DEGRADED,CCTNS_STYLE_API,P-2026-05-STEP1,false,true,c996ec1bd907c8787a534303cffdb785fdd880f8568f8ddd897ed2062d1791d2
REQ-000719,2026-05-27T23:58:00Z,stale_case_assignment,OFF-0081,e432fb8e9e7dd060765bcd20,Prosecutor Liaison,4,PROSECUTION,STATE_03_DIST_04_PS_02,STATE_03_DIST_04,STATE_03,MEDIUM,ACTIVE,STALE,REC-000723,b56e98af8a7c425088a343c2,CASE-00073,VIOLENT_CRIME,FIR_SUMMARY,STATE_01_DIST_03_PS_02,STATE_01_DIST_03,STATE_01,POLICE,MEDIUM,false,false,false,false,SEALED,UNDER_REVIEW,false,false,false,true,INVESTIGATION,DOWNLOAD,false,false,MISSING,BUSINESS_HOURS,ONLINE,MANUAL_ESCALATION,P-2026-05-STEP1,false,true,0c208dbaa1d730c6e2b4f7a0447063718cd67aa1e5cf0472837c011999eef69c
REQ-000720,2026-06-01T00:00:00Z,normal_in_jurisdiction,OFF-0054,100ec956e3b5dce60e3db6a6,Sub-Inspector,3,POLICE,STATE_03_DIST_04_PS_01,STATE_03_DIST_04,STATE_03,MEDIUM,ACTIVE,ASSIGNED,REC-000120,22934e416c5fb7d3a1737ee2,CASE-00138,NARCOTICS,COURT_SUBMISSION,STATE_03_DIST_04_PS_01,STATE_03_DIST_04,STATE_03,POLICE,MEDIUM,false,false,false,false,OPEN,ARCHIVED,true,true,true,false,INVESTIGATION,VIEW,false,false,NOT_REQUIRED,BUSINESS_HOURS,ONLINE,CCTNS_STYLE_API,P-2026-05-STEP1,false,true,93e4ad747e6752401e65a63e19731dd0ce385dc2478ec3b6dae7c60dae9d6f8b
REQ-000721,2026-05-30T12:07:00Z,normal_in_jurisdiction,OFF-0078,006fa23a737e20e3625debb8,Inspector,4,POLICE,STATE_01_DIST_01_PS_02,STATE_01_DIST_01,STATE_01,MEDIUM,ACTIVE,ASSIGNED,REC-000758,03db1b138a3912e8b9ba6c90,CASE-00128,GENERAL_THEFT,COURT_SUBMISSION,STATE_01_DIST_01_PS_02,STATE_01_DIST_01,STATE_01,POLICE,MEDIUM,false,false,false,false,OPEN,ACTIVE,true,true,true,false,INVESTIGATION,VIEW,false,false,NOT_REQUIRED,BUSINESS_HOURS,ONLINE,MANUAL_ESCALATION,P-2026-05-STEP1,false,true,88fe8a4bc1301b1aba042bea5cf101e0378e903a91ab6a75116130e776e94222
REQ-000722,2026-05-28T12:06:00Z,cross_jurisdiction_sensitive,OFF-0014,86b6682cd665b74e9695ec29,Senior Superintendent,6,POLICE,STATE_01_DIST_04_PS_01,STATE_01_DIST_04,STATE_01,CLASSIFIED,ACTIVE,NOT_ASSIGNED,REC-000592,34c63fb4a90f2aefe4cd515c,CASE-00201,VIOLENT_CRIME,CYBERCRIME_COMPLAINT,STATE_01_DIST_02_PS_02,STATE_01_DIST_02,STATE_01,POLICE,HIGH,false,false,false,false,OPEN,UNDER_REVIEW,false,false,true,true,SUPERVISION,UPDATE,false,false,PRESENT_VALID,BUSINESS_HOURS,ONLINE,ICJS_STYLE_EXCHANGE,P-2026-05-STEP1,false,true,9369197743730b5f72a10cf2c0d5f805d3c71e441f07a92b8631699e34f9e675
REQ-000723,2026-05-29T00:12:00Z,sealed_record,OFF-0098,a2651cd5c21b20cc4d4edc22,Sub-Inspector,3,POLICE,STATE_03_DIST_03_PS_02,STATE_03_DIST_03,STATE_03,MEDIUM,ACTIVE,NOT_ASSIGNED,REC-000474,8ba047dcb06061d980da4456,CASE-00168,NARCOTICS,VICTIM_RECORD,STATE_02_DIST_03_PS_03,STATE_02_DIST_03,STATE_02,POLICE,HIGH,true,false,false,false,SEALED,ARCHIVED,false,false,false,true,COURT_PRODUCTION,DOWNLOAD,false,true,MISSING,BUSINESS_HOURS,ONLINE,ICJS_STYLE_EXCHANGE,P-2026-05-STEP1,false,true,8fa6268d583963d0e9bc67a17db2e0a0e9d5e3ea50e3f2d1740dfba1d2f265dd
REQ-000724,2026-06-01T00:40:00Z,juvenile_sensitive,OFF-0146,59518bd254aa8c0d0b7a139c,Senior Superintendent,6,POLICE,STATE_02_DIST_02_PS_02,STATE_02_DIST_02,STATE_02,CLASSIFIED,ACTIVE,NOT_ASSIGNED,REC-000667,8eb6e43f09093badac30f01a,CASE-00068,MISSING_PERSON,JUVENILE_RECORD,STATE_03_DIST_02_PS_03,STATE_03_DIST_02,STATE_03,POLICE,HIGH,false,false,true,false,OPEN,UNDER_REVIEW,false,false,false,true,SUPERVISION,VIEW,false,false,MISSING,BUSINESS_HOURS,ONLINE,CCTNS_STYLE_API,P-2026-05-STEP1,false,true,09765bcf6bd2ca70869727de1b1c9ccc50268c5b352a4c8969e4490c8e7485fd
REQ-000725,2026-05-29T00:20:00Z,cross_jurisdiction_sensitive,OFF-0083,eab5f274c3e036f9a382d87d,Senior Superintendent,6,POLICE,STATE_01_DIST_03_PS_01,STATE_01_DIST_03,STATE_01,CLASSIFIED,ACTIVE,NOT_ASSIGNED,REC-000530,293dc9e885e75ae99324c2aa,CASE-00105,NARCOTICS,CASE_DIARY,STATE_01_DIST_04_PS_02,STATE_01_DIST_04,STATE_01,POLICE,HIGH,false,false,false,false,OPEN,ACTIVE,false,false,true,true,SUPERVISION,VIEW,false,false,MISSING,AFTER_HOURS,STATION_NODE_DOWN,ICJS_STYLE_EXCHANGE,P-2026-05-STEP1,false,true,9750b6f941632d81b7690a4cdea58176685247397ccea682fe204bca188e5eb6
REQ-000726,2026-05-30T00:36:00Z,cross_jurisdiction_sensitive,OFF-0170,46b29e30bec752302a2d886e,Station House Officer,5,POLICE,STATE_03_DIST_03_PS_02,STATE_03_DIST_03,STATE_03,HIGH,ACTIVE,NOT_ASSIGNED,REC-000799,425abada7c0fed7e831ee20d,CASE-00059,WOMEN_CHILD_SAFETY,FORENSIC_REPORT,STATE_01_DIST_02_PS_03,STATE_01_DIST_02,STATE_01,POLICE,HIGH,true,false,false,false,OPEN,ACTIVE,false,false,false,true,INVESTIGATION,DOWNLOAD,false,false,MISSING,BUSINESS_HOURS,ONLINE,MANUAL_ESCALATION,P-2026-05-STEP1,false,true,872a9637a7a24d97840f09576812ce509416b8a8c18cca32713fbfd7d5a9e748
REQ-000727,2026-05-30T00:42:00Z,normal_in_jurisdiction,OFF-0164,eb2cec3f8312decabe6f3925,Prosecutor Liaison,4,PROSECUTION,STATE_03_DIST_04_PS_03,STATE_03_DIST_04,STATE_03,MEDIUM,ACTIVE,ASSIGNED,REC-000651,742c0a071ca55694989e712c,CASE-00300,GENERAL_THEFT,WITNESS_STATEMENT,STATE_03_DIST_04_PS_03,STATE_03_DIST_04,STATE_03,POLICE,MEDIUM,false,true,false,false,OPEN,ACTIVE,true,true,true,false,INVESTIGATION,VIEW,false,false,NOT_REQUIRED,BUSINESS_HOURS,ONLINE,ICJS_STYLE_EXCHANGE,P-2026-05-STEP1,false,true,e34b65f871263cff008ff2fb3e24e6e27d1d0a5bbd32c93feb3a9c8e2fd69ad3
REQ-000728,2026-05-28T00:16:00Z,cross_jurisdiction_sensitive,OFF-0204,36f9518be85535c10000ffd5,Forensic Officer,4,FORENSIC,STATE_03_DIST_01_PS_02,STATE_03_DIST_01,STATE_03,HIGH,ACTIVE,NOT_ASSIGNED,REC-000832,c61a779f1fe7672fae37b284,CASE-00274,VIOLENT_CRIME,CYBERCRIME_COMPLAINT,STATE_02_DIST_03_PS_01,STATE_02_DIST_03,STATE_02,POLICE,HIGH,false,false,false,false,SEALED,ACTIVE,false,false,false,true,FORENSIC_REVIEW,VIEW,false,false,MISSING,NIGHT,ONLINE,CCTNS_STYLE_API,P-2026-05-STEP1,false,true,19e529a8bc6631828310c69a3c8244d7219d8c117cd5746cab27ca25cfc07486
REQ-000729,2026-05-30T00:54:00Z,revoked_credential,OFF-0215,61fb1f33fe73b6361966f242,Inspector,4,POLICE,STATE_01_DIST_04_PS_03,STATE_01_DIST_04,STATE_01,MEDIUM,REVOKED,NOT_ASSIGNED,REC-000304,239e7251c7efe936aa3f69a3,CASE-00257,WOMEN_CHILD_SAFETY,FORENSIC_REPORT,STATE_02_DIST_01_PS_03,STATE_02_DIST_01,STATE_02,POLICE,CLASSIFIED,true,false,false,false,OPEN,ARCHIVED,false,false,false,true,AUDIT,VIEW,false,false,MISSING,BUSINESS_HOURS,ONLINE,CCTNS_STYLE_API,P-2026-05-STEP1,false,true,4aab2211464d7c984972999eead9e9bcd222837b897c24a6e81e7415efc93e99
REQ-000730,2026-06-03T02:20:00Z,revoked_credential,OFF-0088,aba84a984ee3606ae0d30a0a,Station House Officer,5,POLICE,STATE_03_DIST_04_PS_01,STATE_03_DIST_04,STATE_03,HIGH,REVOKED,NOT_ASSIGNED,REC-000243,206ecfa615baf8d96316ecca,CASE-00015,GENERAL_THEFT,FORENSIC_REPORT,STATE_02_DIST_02_PS_03,STATE_02_DIST_02,STATE_02,POLICE,HIGH,false,false,false,false,OPEN,ARCHIVED,false,false,false,true,AUDIT,VIEW,false,false,MISSING,NIGHT,DEGRADED,ICJS_STYLE_EXCHANGE,P-2026-05-STEP1,false,true,64f17b7ba123b0b3135495f630a9636e7ddefca1d0fd84b50cc862acffeeced3
REQ-000731,2026-05-29T12:55:00Z,sealed_record,OFF-0165,b2c7b3b76aeb981b1bd8756b,Constable,1,POLICE,STATE_03_DIST_02_PS_01,STATE_03_DIST_02,STATE_03,LOW,ACTIVE,NOT_ASSIGNED,REC-000787,803e05eda0391b5c99c7c16e,CASE-00160,MISSING_PERSON,FIR_SUMMARY,STATE_01_DIST_01_PS_02,STATE_01_DIST_01,STATE_01,POLICE,HIGH,false,false,false,false,SEALED,ARCHIVED,false,false,false,true,INVESTIGATION,SHARE,false,false,MISSING,BUSINESS_HOURS,ONLINE,ICJS_STYLE_EXCHANGE,P-2026-05-STEP1,false,true,783c7196cbd5fad62cdbbe437b2e416845790bfe64dd65afe980ac6400d1dfe4
REQ-000732,2026-06-03T15:00:00Z,juvenile_sensitive,OFF-0089,1dfcf9ccdf6fab5303a9e921,Sub-Inspector,3,POLICE,STATE_03_DIST_04_PS_03,STATE_03_DIST_04,STATE_03,MEDIUM,ACTIVE,NOT_ASSIGNED,REC-000635,9ef7805d5e451525d9e7038e,CASE-00177,MISSING_PERSON,JUVENILE_RECORD,STATE_02_DIST_04_PS_03,STATE_02_DIST_04,STATE_02,POLICE,CLASSIFIED,false,false,true,false,OPEN,ACTIVE,false,false,false,true,INVESTIGATION,SHARE,false,false,PRESENT_VALID,BUSINESS_HOURS,ONLINE,CCTNS_STYLE_API,P-2026-05-STEP1,false,true,3eb026edde37755d620ff66c87d9803236b1205a3fb8131d671393eb01efd549
REQ-000733,2026-05-30T13:31:00Z,expired_approval_token,OFF-0028,8ec325482a0f9259719128c5,Prosecutor Liaison,4,PROSECUTION,STATE_01_DIST_03_PS_03,STATE_01_DIST_03,STATE_01,MEDIUM,ACTIVE,NOT_ASSIGNED,REC-000079,82c782797dfec3a3d7607e70,CASE-00233,CYBER_FRAUD,EVIDENCE_MEDIA,STATE_03_DIST_01_PS_03,STATE_03_DIST_01,STATE_03,POLICE,CLASSIFIED,false,false,false,true,OPEN,ARCHIVED,false,false,false,true,FORENSIC_REVIEW,UPDATE,false,false,EXPIRED,NIGHT,ONLINE,CCTNS_STYLE_API,P-2026-05-STEP1,false,true,13ab3b3676c7312dda0f6d3769b9626b8b08cf4f632d82f830473a798f098fc4
REQ-000734,2026-05-31T01:52:00Z,revoked_credential,OFF-0147,94b2d412892c95cbfdbe73cd,Forensic Officer,4,FORENSIC,STATE_02_DIST_03_PS_02,STATE_02_DIST_03,STATE_02,HIGH,REVOKED,NOT_ASSIGNED,REC-000204,a638e70808e21ac763018336,CASE-00128,GENERAL_THEFT,FIR_SUMMARY,STATE_01_DIST_01_PS_02,STATE_01_DIST_01,STATE_01,POLICE,LOW,false,false,false,false,SEALED,UNDER_REVIEW,false,false,false,true,AUDIT,VIEW,false,false,MISSING,BUSINESS_HOURS,ONLINE,CCTNS_STYLE_API,P-2026-05-STEP1,false,true,89da4ad3f276ed359e9b0f29a9d81efce1eed61ac3b40ec2197ed542f4042e9b
REQ-000735,2026-05-31T14:15:00Z,cross_jurisdiction_sensitive,OFF-0030,02df4864bc93f0037e94de95,Sub-Inspector,3,POLICE,STATE_02_DIST_04_PS_01,STATE_02_DIST_04,STATE_02,MEDIUM,ACTIVE,NOT_ASSIGNED,REC-000135,7e82733a9c2ca4554a885f81,CASE-00289,WOMEN_CHILD_SAFETY,CASE_DIARY,STATE_03_DIST_01_PS_02,STATE_03_DIST_01,STATE_03,POLICE,HIGH,true,false,false,false,OPEN,ACTIVE,false,false,false,true,FORENSIC_REVIEW,VIEW,false,false,PRESENT_VALID,BUSINESS_HOURS,ONLINE,MANUAL_ESCALATION,P-2026-05-STEP1,false,true,0cd81d2a73f2e26da5b2516299bb70fa52c5a78bdc08f9861a8d78f5627f6be2
REQ-000736,2026-05-30T01:36:00Z,cross_jurisdiction_sensitive,OFF-0187,dea3496d0907b239fdcdd5a2,Inspector,4,POLICE,STATE_02_DIST_02_PS_03,STATE_02_DIST_02,STATE_02,MEDIUM,ACTIVE,NOT_ASSIGNED,REC-000811,9a7d44825280d67eab0d8e8c,CASE-00211,FINANCIAL_CRIME,WITNESS_STATEMENT,STATE_01_DIST_03_PS_01,STATE_01_DIST_03,STATE_01,POLICE,CLASSIFIED,false,true,false,false,SEALED,UNDER_REVIEW,false,false,false,true,INVESTIGATION,VIEW,false,false,MISSING,BUSINESS_HOURS,ONLINE,ICJS_STYLE_EXCHANGE,P-2026-05-STEP1,false,true,39c45af2c1c7d060d8d6fc0071905555c6c312ee6d74d163248f1536ba80a3bf
REQ-000737,2026-05-30T13:59:00Z,stale_case_assignment,OFF-0217,fdc97c18ce18a70d495aa065,Head Constable,2,POLICE,STATE_02_DIST_03_PS_01,STATE_02_DIST_03,STATE_02,LOW,ACTIVE,STALE,REC-000275,da955dc4e17b595e2820e3be,CASE-00144,MISSING_PERSON,EVIDENCE_MEDIA,STATE_03_DIST_04_PS_02,STATE_03_DIST_04,STATE_03,POLICE,CLASSIFIED,false,false,false,true,OPEN,ARCHIVED,false,false,false,true,INVESTIGATION,VIEW,false,false,MISSING,BUSINESS_HOURS,DEGRADED,MANUAL_ESCALATION,P-2026-05-STEP1,false,true,d2be727322344f52b3a1bd6cddda72aaa7d8f4fd16b590bdc8ece2a130e969c0
REQ-000738,2026-05-31T02:24:00Z,sealed_record,OFF-0041,6adbebf965a8665f8e3dd8db,Station House Officer,5,POLICE,STATE_02_DIST_03_PS_03,STATE_02_DIST_03,STATE_02,HIGH,ACTIVE,NOT_ASSIGNED,REC-000240,3a5506aed3cb51b09e7c4ca2,CASE-00200,WOMEN_CHILD_SAFETY,CYBERCRIME_COMPLAINT,STATE_02_DIST_04_PS_03,STATE_02_DIST_04,STATE_02,POLICE,CLASSIFIED,true,false,false,false,SEALED,UNDER_REVIEW,false,false,true,true,COURT_PRODUCTION,VIEW,false,true,PRESENT_VALID,AFTER_HOURS,ONLINE,CCTNS_STYLE_API,P-2026-05-STEP1,false,true,d5509ec8cb7d6e32d620ea5b77cd32a9d01806376fad7dcd7327a38af8895367
REQ-000739,2026-05-28T12:57:00Z,normal_in_jurisdiction,OFF-0162,ec1ea596f81353f2d9f85816,Sub-Inspector,3,POLICE,STATE_03_DIST_01_PS_01,STATE_03_DIST_01,STATE_03,MEDIUM,ACTIVE,NOT_ASSIGNED,REC-000311,ef42f5a6dc2c41267c313d66,CASE-00053,WOMEN_CHILD_SAFETY,JUVENILE_RECORD,STATE_03_DIST_01_PS_02,STATE_03_DIST_01,STATE_03,POLICE,HIGH,true,false,true,false,SEALED,ACTIVE,false,true,true,false,INVESTIGATION,VIEW,false,false,NOT_REQUIRED,BUSINESS_HOURS,ONLINE,ICJS_STYLE_EXCHANGE,P-2026-05-STEP1,false,true,7b01ce5504992a847961bb9cbb8ffddf26364607881ec0ed02aaa4c3c89be5a6
REQ-000740,2026-05-31T02:40:00Z,random_context,OFF-0044,e35d3d5ab37a57023a757cf4,Head Constable,2,POLICE,STATE_03_DIST_02_PS_03,STATE_03_DIST_02,STATE_03,LOW,ACTIVE,NOT_ASSIGNED,REC-000280,97f42bc6dfe2ee0b0bd40826,CASE-00001,WOMEN_CHILD_SAFETY,JUVENILE_RECORD,STATE_03_DIST_01_PS_03,STATE_03_DIST_01,STATE_03,POLICE,CLASSIFIED,true,false,true,false,SEALED,ARCHIVED,false,false,true,true,TRAINING,DOWNLOAD,false,false,NOT_REQUIRED,BUSINESS_HOURS,ONLINE,MANUAL_ESCALATION,P-2026-05-STEP1,false,true,906b8d3397eef5c4542f4f00dd472419f2e0def4d70485be77c80f3cd66ac50f
REQ-000741,2026-06-02T04:12:00Z,normal_in_jurisdiction,OFF-0065,6d335433b612a148a4921389,Forensic Officer,4,FORENSIC,STATE_03_DIST_02_PS_02,STATE_03_DIST_02,STATE_03,HIGH,ACTIVE,ASSIGNED,REC-000028,73230ba21a564ed91e8c7eea,CASE-00290,GENERAL_THEFT,FIR_SUMMARY,STATE_03_DIST_02_PS_02,STATE_03_DIST_02,STATE_03,POLICE,MEDIUM,false,false,false,false,OPEN,ACTIVE,true,true,true,false,INVESTIGATION,VIEW,false,false,NOT_REQUIRED,BUSINESS_HOURS,ONLINE,CCTNS_STYLE_API,P-2026-05-STEP1,false,true,d45d49d1aa7329a0af49f446af238a1584149e12fce232a10b2b1a5213009a68
REQ-000742,2026-06-03T05:08:00Z,normal_in_jurisdiction,OFF-0009,48f5470b8ce4df5af3e82ab0,Sub-Inspector,3,POLICE,STATE_03_DIST_01_PS_03,STATE_03_DIST_01,STATE_03,MEDIUM,ACTIVE,ASSIGNED,REC-000507,6133804fd5bfb391fba56083,CASE-00133,JUVENILE_PROTECTION,CYBERCRIME_COMPLAINT,STATE_03_DIST_01_PS_03,STATE_03_DIST_01,STATE_03,POLICE,MEDIUM,false,false,true,false,OPEN,ACTIVE,true,true,true,false,INVESTIGATION,VIEW,false,false,NOT_REQUIRED,BUSINESS_HOURS,ONLINE,MANUAL_ESCALATION,P-2026-05-STEP1,false,true,997cb9a599a2379585fdf51203b6dc5cfb26330c1d790861a2fe65a8541b4953
REQ-000743,2026-06-02T04:36:00Z,stale_case_assignment,OFF-0067,81023882823dba8b6e04e6a8,Inspector,4,POLICE,STATE_02_DIST_03_PS_01,STATE_02_DIST_03,STATE_02,MEDIUM,ACTIVE,STALE,REC-000360,be9170f1e4ef771dd8f13b83,CASE-00314,FINANCIAL_CRIME,CASE_DIARY,STATE_03_DIST_03_PS_02,STATE_03_DIST_03,STATE_03,POLICE,HIGH,false,false,false,false,OPEN,ARCHIVED,false,false,false,true,INVESTIGATION,DOWNLOAD,false,false,MISSING,BUSINESS_HOURS,ONLINE,ICJS_STYLE_EXCHANGE,P-2026-05-STEP1,false,true,473e5d04106505e0e547316c00c72317bb861770a6eeb4ebec8139eb83039b58
REQ-000744,2026-06-02T04:48:00Z,stale_case_assignment,OFF-0218,b4afcf069d55876dc928c9fe,Forensic Officer,4,FORENSIC,STATE_02_DIST_02_PS_02,STATE_02_DIST_02,STATE_02,HIGH,ACTIVE,STALE,REC-000772,a2fd9c36ffa85f313129726c,CASE-00178,NARCOTICS,VICTIM_RECORD,STATE_01_DIST_03_PS_01,STATE_01_DIST_03,STATE_01,POLICE,HIGH,true,false,false,false,OPEN,ACTIVE,false,false,false,true,INVESTIGATION,VIEW,false,false,MISSING,BUSINESS_HOURS,ONLINE,ICJS_STYLE_EXCHANGE,P-2026-05-STEP1,false,true,b6cef869351a01addb14c13864132d464f5434f8876d393a4d6a44615f0e3872
REQ-000745,2026-06-01T04:10:00Z,random_context,OFF-0149,816d13ffa68e60a160c3810f,Constable,1,POLICE,STATE_02_DIST_01_PS_03,STATE_02_DIST_01,STATE_02,LOW,ACTIVE,NOT_ASSIGNED,REC-000080,c6da6d4d126acae64aff20b8,CASE-00164,CYBER_FRAUD,CYBERCRIME_COMPLAINT,STATE_03_DIST_01_PS_03,STATE_03_DIST_01,STATE_03,POLICE,MEDIUM,false,false,false,false,OPEN,ACTIVE,false,false,false,true,AUDIT,VIEW,false,false,NOT_REQUIRED,BUSINESS_HOURS,ONLINE,CCTNS_STYLE_API,P-2026-05-STEP1,false,true,f42f1f2c2709cef57baed76ae6f42b1b9516c5fa069805b7cf3e27ab229d398a
REQ-000746,2026-06-04T19:22:00Z,cross_jurisdiction_sensitive,OFF-0095,3a0f3bfd087110a0cbe914c5,Inspector,4,POLICE,STATE_02_DIST_04_PS_01,STATE_02_DIST_04,STATE_02,MEDIUM,ACTIVE,NOT_ASSIGNED,REC-000656,e11cd5a6c9ec9e77c31803ca,CASE-00329,CYBER_FRAUD,FIR_SUMMARY,STATE_03_DIST_01_PS_03,STATE_03_DIST_01,STATE_03,POLICE,HIGH,false,false,false,false,OPEN,ARCHIVED,false,false,false,true,INVESTIGATION,VIEW,false,false,PRESENT_VALID,BUSINESS_HOURS,ONLINE,MANUAL_ESCALATION,P-2026-05-STEP1,false,true,53fdd8c484760a99d523bd2350edb6f5961b75751146d8791f92476d3f2fa688
REQ-000747,2026-05-31T03:36:00Z,cross_jurisdiction_sensitive,OFF-0028,8ec325482a0f9259719128c5,Prosecutor Liaison,4,PROSECUTION,STATE_01_DIST_03_PS_03,STATE_01_DIST_03,STATE_01,MEDIUM,ACTIVE,NOT_ASSIGNED,REC-000712,f6d31e1673c73f753e7204d6,CASE-00274,VIOLENT_CRIME,CYBERCRIME_COMPLAINT,STATE_02_DIST_03_PS_01,STATE_02_DIST_03,STATE_02,POLICE,HIGH,false,false,false,false,OPEN,ACTIVE,false,false,false,true,INVESTIGATION,VIEW,false,false,MISSING,BUSINESS_HOURS,ONLINE,ICJS_STYLE_EXCHANGE,P-2026-05-STEP1,false,true,2346ef72dae3e7913c552d9f278baccd52740243e51019d678c0c52e006e1c98
REQ-000748,2026-05-29T01:52:00Z,court_request,OFF-0021,d58ac64e32ce6bc751285238,Sub-Inspector,3,POLICE,STATE_03_DIST_01_PS_01,STATE_03_DIST_01,STATE_03,MEDIUM,ACTIVE,NOT_ASSIGNED,REC-000060,d12cf10e373243a5cf3cbde4,CASE-00001,WOMEN_CHILD_SAFETY,FORENSIC_REPORT,STATE_03_DIST_01_PS_03,STATE_03_DIST_01,STATE_03,POLICE,HIGH,true,false,false,false,OPEN,ACTIVE,false,true,true,false,COURT_PRODUCTION,VIEW,false,true,PRESENT_VALID,BUSINESS_HOURS,ONLINE,ICJS_STYLE_EXCHANGE,P-2026-05-STEP1,false,true,6f638c479599931306e30ce296ec293495da5631d9105187a53fc087ec772361
REQ-000749,2026-06-03T19:15:00Z,cross_jurisdiction_sensitive,OFF-0135,93ea324e5b0159f974ae2ac9,Sub-Inspector,3,POLICE,STATE_01_DIST_03_PS_03,STATE_01_DIST_03,STATE_01,MEDIUM,ACTIVE,NOT_ASSIGNED,REC-000342,70fff4617104a1f3b3122c7c,CASE-00277,MISSING_PERSON,EVIDENCE_MEDIA,STATE_01_DIST_01_PS_03,STATE_01_DIST_01,STATE_01,POLICE,HIGH,false,false,false,true,OPEN,ACTIVE,false,false,true,true,FORENSIC_REVIEW,DOWNLOAD,false,false,MISSING,BUSINESS_HOURS,ONLINE,MANUAL_ESCALATION,P-2026-05-STEP1,false,true,a44c94744204bdb8e9e6140afe9cf5cfc6f2d411c6ac353b70dcc63c56321294
REQ-000750,2026-06-03T07:00:00Z,expired_approval_token,OFF-0194,ade36a17fa7aeeef7c2513ee,Sub-Inspector,3,POLICE,STATE_03_DIST_01_PS_02,STATE_03_DIST_01,STATE_03,MEDIUM,ACTIVE,NOT_ASSIGNED,REC-000144,ade265794cead86e3a593cc9,CASE-00091,GENERAL_THEFT,VICTIM_RECORD,STATE_03_DIST_03_PS_02,STATE_03_DIST_03,STATE_03,POLICE,HIGH,true,false,false,false,OPEN,ACTIVE,false,false,true,true,PROSECUTION_REVIEW,VIEW,false,false,EXPIRED,AFTER_HOURS,ONLINE,ICJS_STYLE_EXCHANGE,P-2026-05-STEP1,false,true,a701d6632eafc6a6520e2849476468d2e747d9a5747586a8a7806fdf95ba649c
REQ-000751,2026-05-29T14:35:00Z,normal_in_jurisdiction,OFF-0180,8d48fc84d688aabaae7c6986,Prosecutor Liaison,4,PROSECUTION,STATE_02_DIST_01_PS_02,STATE_02_DIST_01,STATE_02,MEDIUM,ACTIVE,ASSIGNED,REC-000685,e75112487c579ac4b3944b49,CASE-00063,FINANCIAL_CRIME,CASE_DIARY,STATE_02_DIST_01_PS_02,STATE_02_DIST_01,STATE_02,POLICE,MEDIUM,false,false,false,false,OPEN,ACTIVE,true,true,true,false,INVESTIGATION,VIEW,false,false,NOT_REQUIRED,AFTER_HOURS,ONLINE,MANUAL_ESCALATION,P-2026-05-STEP1,false,true,2f65c6ab3617db8b964738a6e51f7df2f516196e0b63b63baf93416fe313504f
REQ-000752,2026-06-02T06:24:00Z,cross_jurisdiction_sensitive,OFF-0219,72129b83faafabab27729edc,Inspector,4,POLICE,STATE_03_DIST_02_PS_03,STATE_03_DIST_02,STATE_03,MEDIUM,ACTIVE,NOT_ASSIGNED,REC-000861,e5385c525aa0b8f6bd09732a,CASE-00004,WOMEN_CHILD_SAFETY,CYBERCRIME_COMPLAINT,STATE_02_DIST_03_PS_03,STATE_02_DIST_03,STATE_02,POLICE,MEDIUM,true,false,false,false,OPEN,ACTIVE,false,false,false,true,FORENSIC_REVIEW,DOWNLOAD,false,false,MISSING,BUSINESS_HOURS,ONLINE,CCTNS_STYLE_API,P-2026-05-STEP1,false,true,2e9f38f831ec0509bf3e22d573d550f9bc057fd0d77ecb7dd18ed7e52ace029a
REQ-000753,2026-05-30T15:51:00Z,normal_in_jurisdiction,OFF-0042,4bdedd9e1ddefe7a1e6434d1,Sub-Inspector,3,POLICE,STATE_03_DIST_01_PS_03,STATE_03_DIST_01,STATE_03,MEDIUM,ACTIVE,ASSIGNED,REC-000673,3e9010be4bbcdbae1d9cd520,CASE-00202,GENERAL_THEFT,CASE_DIARY,STATE_03_DIST_01_PS_03,STATE_03_DIST_01,STATE_03,POLICE,MEDIUM,false,false,false,false,OPEN,ACTIVE,true,true,true,false,INVESTIGATION,VIEW,false,false,NOT_REQUIRED,BUSINESS_HOURS,DEGRADED,ICJS_STYLE_EXCHANGE,P-2026-05-STEP1,false,true,002863d3898498e69d8c8086e60eea6e03ec6bc1682cd0e56ca362c5d09caf1d
REQ-000754,2026-05-31T17:06:00Z,expired_approval_token,OFF-0017,81f27590363500d418d0fc7b,Sub-Inspector,3,POLICE,STATE_03_DIST_04_PS_02,STATE_03_DIST_04,STATE_03,MEDIUM,ACTIVE,NOT_ASSIGNED,REC-000397,1fb453252f4bdc939ef6f6df,CASE-00098,MISSING_PERSON,FORENSIC_REPORT,STATE_01_DIST_02_PS_02,STATE_01_DIST_02,STATE_01,POLICE,MEDIUM,false,false,false,false,OPEN,ACTIVE,false,false,false,true,FORENSIC_REVIEW,VIEW,false,false,EXPIRED,NIGHT,ONLINE,CCTNS_STYLE_API,P-2026-05-STEP1,false,true,d4fa8ec0f9bd568cbe052e5aeaa0941ec09c2dba7f0de6e4725f971855a9d3a9
REQ-000755,2026-05-29T14:55:00Z,court_request,OFF-0098,a2651cd5c21b20cc4d4edc22,Sub-Inspector,3,POLICE,STATE_03_DIST_03_PS_02,STATE_03_DIST_03,STATE_03,MEDIUM,ACTIVE,NOT_ASSIGNED,REC-000788,f79dddd63956765ac2f5649f,CASE-00187,CYBER_FRAUD,FIR_SUMMARY,STATE_01_DIST_04_PS_02,STATE_01_DIST_04,STATE_01,POLICE,MEDIUM,false,false,false,false,OPEN,ACTIVE,false,false,false,true,COURT_PRODUCTION,VIEW,false,true,PRESENT_VALID,BUSINESS_HOURS,ONLINE,ICJS_STYLE_EXCHANGE,P-2026-05-STEP1,false,true,c2e4044e5d8df4993f118efca65eb74176bfc24ad77ae427dad54a5cc6d01a19
REQ-000756,2026-06-02T07:12:00Z,emergency_override,OFF-0158,88db5c4f1341722984d72ca6,Forensic Officer,4,FORENSIC,STATE_02_DIST_02_PS_02,STATE_02_DIST_02,STATE_02,HIGH,ACTIVE,NOT_ASSIGNED,REC-000350,914f52ed6bc74e7b0a273b32,CASE-00021,JUVENILE_PROTECTION,COURT_SUBMISSION,STATE_02_DIST_04_PS_01,STATE_02_DIST_04,STATE_02,POLICE,HIGH,false,false,true,false,OPEN,ARCHIVED,false,false,true,true,EMERGENCY_RESPONSE,DOWNLOAD,true,false,MISSING,BUSINESS_HOURS,DEGRADED,ICJS_STYLE_EXCHANGE,P-2026-05-STEP1,false,true,6f4740b1083c66c9ea60b74c0be6711484df75ab496198803665846a42c8ee1c
REQ-000757,2026-05-30T16:19:00Z,stale_case_assignment,OFF-0156,5f299dc3f248e4c74232aab4,Inspector,4,POLICE,STATE_02_DIST_04_PS_01,STATE_02_DIST_04,STATE_02,MEDIUM,ACTIVE,STALE,REC-000376,dad96ab404cb3162880756ed,CASE-00240,WOMEN_CHILD_SAFETY,FORENSIC_REPORT,STATE_03_DIST_01_PS_03,STATE_03_DIST_01,STATE_03,POLICE,HIGH,true,false,false,false,SEALED,ACTIVE,false,false,false,true,INVESTIGATION,VIEW,false,false,MISSING,NIGHT,ONLINE,CCTNS_STYLE_API,P-2026-05-STEP1,false,true,55a6ee4acb222eb180f3a0096a055d992fbbec06b1ca48c919e37de48e34786c
REQ-000758,2026-05-30T16:26:00Z,stale_case_assignment,OFF-0066,a07f98edb4eac55d9fa73ffe,Inspector,4,POLICE,STATE_03_DIST_01_PS_02,STATE_03_DIST_01,STATE_03,MEDIUM,ACTIVE,STALE,REC-000864,a9cbee3038e84f297bca5de4,CASE-00294,VIOLENT_CRIME,EVIDENCE_MEDIA,STATE_01_DIST_04_PS_03,STATE_01_DIST_04,STATE_01,POLICE,CLASSIFIED,false,false,false,true,OPEN,ARCHIVED,false,false,false,true,INVESTIGATION,DOWNLOAD,false,false,MISSING,BUSINESS_HOURS,ONLINE,ICJS_STYLE_EXCHANGE,P-2026-05-STEP1,false,true,b4fff2d6ad2659afa252631e1c07c71678f22fd6141e16c27d244ec87dc5c1bf
REQ-000759,2026-05-31T17:51:00Z,sealed_record,OFF-0170,46b29e30bec752302a2d886e,Station House Officer,5,POLICE,STATE_03_DIST_03_PS_02,STATE_03_DIST_03,STATE_03,HIGH,ACTIVE,NOT_ASSIGNED,REC-000251,d9b95c7545a328e01eab7773,CASE-00074,VIOLENT_CRIME,CASE_DIARY,STATE_01_DIST_04_PS_03,STATE_01_DIST_04,STATE_01,POLICE,HIGH,false,false,false,false,SEALED,ACTIVE,false,false,false,true,PROSECUTION_REVIEW,VIEW,false,true,MISSING,AFTER_HOURS,DEGRADED,MANUAL_ESCALATION,P-2026-05-STEP1,false,true,452126b8b3c72381f89b3174072fd46fd5c791b90390b1a01ec3579be507216f
REQ-000760,2026-05-30T16:40:00Z,emergency_override,OFF-0070,73b99e563b8590d8f1f3488f,Sub-Inspector,3,POLICE,STATE_02_DIST_02_PS_02,STATE_02_DIST_02,STATE_02,MEDIUM,ACTIVE,NOT_ASSIGNED,REC-000898,4ffb3f05d4241456901410f6,CASE-00168,NARCOTICS,CASE_DIARY,STATE_02_DIST_03_PS_03,STATE_02_DIST_03,STATE_02,POLICE,HIGH,false,false,false,false,OPEN,ACTIVE,false,false,true,true,EMERGENCY_RESPONSE,SHARE,true,false,PRESENT_VALID,BUSINESS_HOURS,ONLINE,CCTNS_STYLE_API,P-2026-05-STEP1,false,true,1bf437fb0c514e9e375f5169585fa163457196ffa7b44a33e55cd8e76608bd26
REQ-000761,2026-05-28T14:03:00Z,court_request,OFF-0075,b4d11e5f08de15f8b7a05319,Constable,1,POLICE,STATE_01_DIST_02_PS_03,STATE_01_DIST_02,STATE_01,LOW,ACTIVE,NOT_ASSIGNED,REC-000870,1fa4d6bca4118e64a6aa1c12,CASE-00189,MISSING_PERSON,COURT_SUBMISSION,STATE_03_DIST_02_PS_03,STATE_03_DIST_02,STATE_03,POLICE,MEDIUM,false,false,false,false,OPEN,ACTIVE,false,false,false,true,PROSECUTION_REVIEW,DOWNLOAD,false,true,PRESENT_VALID,BUSINESS_HOURS,ONLINE,ICJS_STYLE_EXCHANGE,P-2026-05-STEP1,false,true,215ca072c66e4b89e0731f72270174505e08d6b5cc82e85aee974c64412bef3b
REQ-000762,2026-06-02T21:06:00Z,juvenile_sensitive,OFF-0024,c5766246d7388485ac5c149e,Constable,1,POLICE,STATE_03_DIST_04_PS_03,STATE_03_DIST_04,STATE_03,LOW,ACTIVE,NOT_ASSIGNED,REC-000518,019a5823b2dbc8eb666b5e17,CASE-00160,MISSING_PERSON,JUVENILE_RECORD,STATE_01_DIST_01_PS_02,STATE_01_DIST_01,STATE_01,POLICE,HIGH,false,false,true,false,OPEN,ACTIVE,false,false,false,true,SUPERVISION,UPDATE,false,false,MISSING,BUSINESS_HOURS,ONLINE,CCTNS_STYLE_API,P-2026-05-STEP1,false,true,63bd721eebb11b1c3a916158dd7eed5c981bc73349b1945e5e2df520d77af2cf
REQ-000763,2026-05-28T01:26:00Z,normal_in_jurisdiction,OFF-0200,4ee0497be96c65e5642e3a72,Constable,1,POLICE,STATE_01_DIST_01_PS_01,STATE_01_DIST_01,STATE_01,LOW,ACTIVE,ASSIGNED,REC-000547,58336e9663acff35aa7b3832,CASE-00130,VIOLENT_CRIME,COURT_SUBMISSION,STATE_01_DIST_01_PS_01,STATE_01_DIST_01,STATE_01,POLICE,MEDIUM,false,false,false,false,OPEN,ARCHIVED,true,true,true,false,INVESTIGATION,VIEW,false,false,NOT_REQUIRED,AFTER_HOURS,DEGRADED,MANUAL_ESCALATION,P-2026-05-STEP1,false,true,c8b528be11c009ae54e19594e4ded4205fe7eda22e0bece856cafedc592d3b8f
REQ-000764,2026-05-28T01:28:00Z,cross_jurisdiction_sensitive,OFF-0009,48f5470b8ce4df5af3e82ab0,Sub-Inspector,3,POLICE,STATE_03_DIST_01_PS_03,STATE_03_DIST_01,STATE_03,MEDIUM,ACTIVE,NOT_ASSIGNED,REC-000178,7dee870272acf5645d4ab84c,CASE-00114,GENERAL_THEFT,JUVENILE_RECORD,STATE_01_DIST_02_PS_01,STATE_01_DIST_02,STATE_01,POLICE,CLASSIFIED,false,false,true,false,OPEN,ACTIVE,false,false,false,true,SUPERVISION,VIEW,false,false,MISSING,BUSINESS_HOURS,ONLINE,ICJS_STYLE_EXCHANGE,P-2026-05-STEP1,false,true,a6144c2da8d13501adae5ccc8c30748e3413653b57358ffc498d6a06583d9437
REQ-000765,2026-06-01T20:15:00Z,normal_in_jurisdiction,OFF-0083,eab5f274c3e036f9a382d87d,Senior Superintendent,6,POLICE,STATE_01_DIST_03_PS_01,STATE_01_DIST_03,STATE_01,CLASSIFIED,ACTIVE,ASSIGNED,REC-000784,47c18a6e1dfb5f8551512e9f,CASE-00276,FINANCIAL_CRIME,FIR_SUMMARY,STATE_01_DIST_03_PS_01,STATE_01_DIST_03,STATE_01,POLICE,MEDIUM,false,false,false,false,OPEN,ACTIVE,true,true,true,false,INVESTIGATION,VIEW,false,false,NOT_REQUIRED,BUSINESS_HOURS,ONLINE,ICJS_STYLE_EXCHANGE,P-2026-05-STEP1,false,true,44ae3592b4d93c2d260480c06977759e09554d7010c8de3602a3b9a26ce01585
REQ-000766,2026-06-03T10:44:00Z,court_request,OFF-0107,fb4c90a703ac874dae2f1454,Head Constable,2,POLICE,STATE_02_DIST_01_PS_03,STATE_02_DIST_01,STATE_02,LOW,ACTIVE,NOT_ASSIGNED,REC-000492,8a1855c9f0da9b257d4efc0b,CASE-00280,VIOLENT_CRIME,COURT_SUBMISSION,STATE_01_DIST_03_PS_01,STATE_01_DIST_03,STATE_01,POLICE,MEDIUM,false,false,false,false,OPEN,ACTIVE,false,false,false,true,COURT_PRODUCTION,DOWNLOAD,false,true,PRESENT_VALID,BUSINESS_HOURS,ONLINE,ICJS_STYLE_EXCHANGE,P-2026-05-STEP1,false,true,489b968da1aec3e8519dae1ae5388d82e005425ec4ab37b11466d52e1813efc9
REQ-000767,2026-05-30T17:29:00Z,cross_jurisdiction_sensitive,OFF-0196,d60f48d22e03c3316a18fa6d,Head Constable,2,POLICE,STATE_02_DIST_03_PS_01,STATE_02_DIST_03,STATE_02,LOW,ACTIVE,NOT_ASSIGNED,REC-000858,10ab373cd6bb33aba4e71b3e,CASE-00318,WOMEN_CHILD_SAFETY,EVIDENCE_MEDIA,STATE_02_DIST_04_PS_01,STATE_02_DIST_04,STATE_02,POLICE,HIGH,true,false,false,true,SEALED,ACTIVE,false,false,true,true,FORENSIC_REVIEW,VIEW,false,false,PRESENT_VALID,AFTER_HOURS,ONLINE,MANUAL_ESCALATION,P-2026-05-STEP1,false,true,38ea8b1a3bc11f95190850eae21984838222260bfbe9296e0674aaa975429a3d
REQ-000768,2026-05-31T06:24:00Z,juvenile_sensitive,OFF-0148,adb77e6ea2a2edb0afc7410d,Inspector,4,POLICE,STATE_03_DIST_02_PS_03,STATE_03_DIST_02,STATE_03,MEDIUM,ACTIVE,NOT_ASSIGNED,REC-000705,9ba3222b46677adfe4b27463,CASE-00155,JUVENILE_PROTECTION,FORENSIC_REPORT,STATE_01_DIST_03_PS_01,STATE_01_DIST_03,STATE_01,POLICE,HIGH,false,false,true,false,OPEN,ARCHIVED,false,false,false,true,SUPERVISION,DOWNLOAD,false,false,MISSING,BUSINESS_HOURS,ONLINE,CCTNS_STYLE_API,P-2026-05-STEP1,false,true,b01d8a31738228fe10a11dd4534e9d7dbd06c5a531fe0026d979ad85275f9926
REQ-000769,2026-05-31T06:32:00Z,emergency_override,OFF-0210,4150a8ceaba40e213683ea41,Constable,1,POLICE,STATE_02_DIST_01_PS_01,STATE_02_DIST_01,STATE_02,LOW,ACTIVE,NOT_ASSIGNED,REC-000734,70c78bbc75d059ecfc674005,CASE-00118,VIOLENT_CRIME,CASE_DIARY,STATE_01_DIST_02_PS_01,STATE_01_DIST_02,STATE_01,POLICE,HIGH,false,false,false,false,OPEN,UNDER_REVIEW,false,false,false,true,EMERGENCY_RESPONSE,VIEW,true,false,MISSING,AFTER_HOURS,ONLINE,MANUAL_ESCALATION,P-2026-05-STEP1,false,true,55290c9f6e9d5676ff4dc7a32e6a8c8e35d03b97c1a2043016b86d0b257aeb28
REQ-000770,2026-06-03T11:40:00Z,cross_jurisdiction_sensitive,OFF-0203,7c415028a69bb19f488fe7d8,Inspector,4,POLICE,STATE_01_DIST_01_PS_02,STATE_01_DIST_01,STATE_01,MEDIUM,ACTIVE,NOT_ASSIGNED,REC-000511,bccd2e37a2abdbd141306a62,CASE-00237,CYBER_FRAUD,COURT_SUBMISSION,STATE_03_DIST_02_PS_02,STATE_03_DIST_02,STATE_03,POLICE,HIGH,false,false,false,false,OPEN,ACTIVE,false,false,false,true,FORENSIC_REVIEW,VIEW,false,false,MISSING,BUSINESS_HOURS,DEGRADED,ICJS_STYLE_EXCHANGE,P-2026-05-STEP1,false,true,652a0cbb24fe515df9f6b6bc0aed0d213ac7da21e6ba47df8d826c2af2e4f9d6
REQ-000771,2026-05-31T06:48:00Z,revoked_credential,OFF-0104,bacbc9ea0ca5c88caca1fb35,Prosecutor Liaison,4,PROSECUTION,STATE_02_DIST_04_PS_02,STATE_02_DIST_04,STATE_02,MEDIUM,REVOKED,NOT_ASSIGNED,REC-000160,6c7dd30d86756aae58d7c81b,CASE-00319,FINANCIAL_CRIME,VICTIM_RECORD,STATE_01_DIST_01_PS_01,STATE_01_DIST_01,STATE_01,POLICE,HIGH,true,false,false,false,OPEN,ACTIVE,false,false,false,true,AUDIT,VIEW,false,false,MISSING,BUSINESS_HOURS,ONLINE,MANUAL_ESCALATION,P-2026-05-STEP1,false,true,0fa5e5c3facad89ce6e205906573119ea702e3f75bf55ea6fcf45dfc8591e20b
REQ-000772,2026-06-02T23:16:00Z,random_context,OFF-0076,ce1b63fb3ee51890894fc213,Forensic Officer,4,FORENSIC,STATE_01_DIST_02_PS_02,STATE_01_DIST_02,STATE_01,HIGH,ACTIVE,NOT_ASSIGNED,REC-000801,4bbf1e120418854fcea6448a,CASE-00095,MISSING_PERSON,CASE_DIARY,STATE_01_DIST_01_PS_02,STATE_01_DIST_01,STATE_01,POLICE,HIGH,false,false,false,false,OPEN,ACTIVE,false,false,true,true,PROSECUTION_REVIEW,DOWNLOAD,false,false,PRESENT_VALID,BUSINESS_HOURS,ONLINE,MANUAL_ESCALATION,P-2026-05-STEP1,false,true,8ad01d9d4ae2457d3466f78511672bf1668de307660e5e6a5024d74785da2058
REQ-000773,2026-05-31T07:04:00Z,court_request,OFF-0226,2f283926393a08241f4c19ba,Station House Officer,5,POLICE,STATE_03_DIST_04_PS_02,STATE_03_DIST_04,STATE_03,HIGH,ACTIVE,NOT_ASSIGNED,REC-000694,a0f405d28cc064a49ae643d4,CASE-00328,WOMEN_CHILD_SAFETY,CASE_DIARY,STATE_02_DIST_01_PS_02,STATE_02_DIST_01,STATE_02,POLICE,HIGH,true,false,false,false,SEALED,ACTIVE,false,false,false,true,COURT_PRODUCTION,VIEW,false,true,PRESENT_VALID,BUSINESS_HOURS,ONLINE,MANUAL_ESCALATION,P-2026-05-STEP1,false,true,517f9523c38989a8f95ae3e15d2f843dbae8f87f89cdf452f8cecf7101706a62
REQ-000774,2026-05-30T05:24:00Z,random_context,OFF-0199,8c053db99a24095548996524,Constable,1,POLICE,STATE_01_DIST_04_PS_01,STATE_01_DIST_04,STATE_01,LOW,ACTIVE,NOT_ASSIGNED,REC-000817,6e868b11dcb21524d5970d01,CASE-00130,VIOLENT_CRIME,FIR_SUMMARY,STATE_01_DIST_01_PS_01,STATE_01_DIST_01,STATE_01,POLICE,MEDIUM,false,false,false,false,OPEN,ARCHIVED,false,false,true,true,TRAINING,VIEW,false,false,NOT_REQUIRED,BUSINESS_HOURS,ONLINE,MANUAL_ESCALATION,P-2026-05-STEP1,false,true,17c3a55c6eb5cd8551eeaa635379a4e4058fb6a686323236f9c194da0cfec0fd
REQ-000775,2026-06-02T11:00:00Z,sealed_record,OFF-0059,abdf3e234ce3687605069a60,Head Constable,2,POLICE,STATE_02_DIST_02_PS_01,STATE_02_DIST_02,STATE_02,LOW,ACTIVE,NOT_ASSIGNED,REC-000724,a6e23e6abf3d2acbd2b24e0b,CASE-00063,FINANCIAL_CRIME,WITNESS_STATEMENT,STATE_02_DIST_01_PS_02,STATE_02_DIST_01,STATE_02,POLICE,CLASSIFIED,false,true,false,false,SEALED,ACTIVE,false,false,true,true,INVESTIGATION,VIEW,false,false,MISSING,BUSINESS_HOURS,ONLINE,CCTNS_STYLE_API,P-2026-05-STEP1,false,true,ee18660c2c1f43fbeb16339afc65a58c4ad723f9be6ea43c27c6fc85b4da5471
REQ-000776,2026-06-05T03:52:00Z,revoked_credential,OFF-0127,6b0d84a1d858aa1335aacb1b,Station House Officer,5,POLICE,STATE_02_DIST_04_PS_03,STATE_02_DIST_04,STATE_02,HIGH,REVOKED,NOT_ASSIGNED,REC-000104,a677cce772515d48d3a1528e,CASE-00263,JUVENILE_PROTECTION,COURT_SUBMISSION,STATE_03_DIST_02_PS_03,STATE_03_DIST_02,STATE_03,POLICE,HIGH,false,false,true,false,OPEN,ACTIVE,false,false,false,true,AUDIT,DOWNLOAD,false,false,MISSING,AFTER_HOURS,ONLINE,MANUAL_ESCALATION,P-2026-05-STEP1,false,true,d11cfc9a8068e44caabe0de6300935d71bd71fda0c087dad23916bc00c490650
REQ-000777,2026-06-04T15:12:00Z,court_request,OFF-0138,3cc947c5caadabb45a541b46,Sub-Inspector,3,POLICE,STATE_03_DIST_02_PS_02,STATE_03_DIST_02,STATE_03,MEDIUM,ACTIVE,NOT_ASSIGNED,REC-000028,73230ba21a564ed91e8c7eea,CASE-00290,GENERAL_THEFT,FIR_SUMMARY,STATE_03_DIST_02_PS_02,STATE_03_DIST_02,STATE_03,POLICE,MEDIUM,false,false,false,false,OPEN,ACTIVE,true,true,true,false,PROSECUTION_REVIEW,SHARE,false,true,PRESENT_VALID,NIGHT,ONLINE,MANUAL_ESCALATION,P-2026-05-STEP1,false,true,00f8e2143f74c53b9400a3361bf4f6895b523fddad66ee4bbbda001bf171d1d5
REQ-000778,2026-05-30T05:48:00Z,court_request,OFF-0231,b91bac32e23ee5afdb826394,Prosecutor Liaison,4,PROSECUTION,STATE_01_DIST_03_PS_02,STATE_01_DIST_03,STATE_01,MEDIUM,ACTIVE,NOT_ASSIGNED,REC-000605,e1d51408056939f2b7fccbac,CASE-00100,WOMEN_CHILD_SAFETY,EVIDENCE_MEDIA,STATE_03_DIST_01_PS_03,STATE_03_DIST_01,STATE_03,POLICE,CLASSIFIED,true,false,false,true,SEALED,ACTIVE,false,false,false,true,PROSECUTION_REVIEW,VIEW,false,true,PRESENT_VALID,BUSINESS_HOURS,ONLINE,ICJS_STYLE_EXCHANGE,P-2026-05-STEP1,false,true,0974c654e54a4f78bde2c70bb0e368f5903adb2c5f2b85f2ff1c08b37d23e919
REQ-000779,2026-05-31T07:52:00Z,stale_case_assignment,OFF-0174,0d9d0f67e217f12f80467acf,Constable,1,POLICE,STATE_02_DIST_02_PS_01,STATE_02_DIST_02,STATE_02,LOW,ACTIVE,STALE,REC-000879,b729cf6c219827bfc5d59f70,CASE-00019,JUVENILE_PROTECTION,COURT_SUBMISSION,STATE_02_DIST_04_PS_01,STATE_02_DIST_04,STATE_02,POLICE,MEDIUM,false,false,true,false,OPEN,ACTIVE,false,false,true,true,INVESTIGATION,VIEW,false,false,MISSING,AFTER_HOURS,ONLINE,CCTNS_STYLE_API,P-2026-05-STEP1,false,true,0d829efa4a84c9ed823ecf012dedaa233fdd120a1b57e595af43b546e6eb4251
REQ-000780,2026-06-05T05:00:00Z,sealed_record,OFF-0128,0f7c12f84c6ccd771a655279,Head Constable,2,POLICE,STATE_01_DIST_04_PS_01,STATE_01_DIST_04,STATE_01,LOW,ACTIVE,NOT_ASSIGNED,REC-000154,550a42b9a5b45fa2817e763a,CASE-00352,MISSING_PERSON,JUVENILE_RECORD,STATE_03_DIST_02_PS_03,STATE_03_DIST_02,STATE_03,POLICE,CLASSIFIED,false,false,true,false,SEALED,ACTIVE,false,false,false,true,INVESTIGATION,DOWNLOAD,false,false,PRESENT_VALID,BUSINESS_HOURS,ONLINE,CCTNS_STYLE_API,P-2026-05-STEP1,false,true,cedf06daf927c2afb18001c1db68a07ec7d2276363d63c7b6d45e0dd9f5d6fd7
REQ-000781,2026-05-31T08:08:00Z,expired_approval_token,OFF-0081,e432fb8e9e7dd060765bcd20,Prosecutor Liaison,4,PROSECUTION,STATE_03_DIST_04_PS_02,STATE_03_DIST_04,STATE_03,MEDIUM,ACTIVE,NOT_ASSIGNED,REC-000264,87b096587a2f7133a6e4ac06,CASE-00031,MISSING_PERSON,JUVENILE_RECORD,STATE_01_DIST_01_PS_02,STATE_01_DIST_01,STATE_01,POLICE,CLASSIFIED,false,false,true,false,OPEN,ACTIVE,false,false,false,true,FORENSIC_REVIEW,VIEW,false,false,EXPIRED,BUSINESS_HOURS,ONLINE,CCTNS_STYLE_API,P-2026-05-STEP1,false,true,ad4b1ca410c586d899c3532eee06d847c6b2f39718aee188142c9bd581c040ec
REQ-000782,2026-05-31T21:18:00Z,cross_jurisdiction_sensitive,OFF-0160,5ce4d64c20eb4b8a7537a1f7,Sub-Inspector,3,POLICE,STATE_02_DIST_04_PS_03,STATE_02_DIST_04,STATE_02,MEDIUM,ACTIVE,NOT_ASSIGNED,REC-000750,7d3d13caa3164dca6626bc9b,CASE-00046,MISSING_PERSON,EVIDENCE_MEDIA,STATE_02_DIST_01_PS_03,STATE_02_DIST_01,STATE_02,POLICE,HIGH,false,false,false,true,OPEN,ACTIVE,false,false,true,true,FORENSIC_REVIEW,VIEW,false,false,MISSING,AFTER_HOURS,ONLINE,ICJS_STYLE_EXCHANGE,P-2026-05-STEP1,false,true,13c5939248c0e1821d39fd7a30ceadcdda347e5b5c29fc3b90fc2253dfcf5190
REQ-000783,2026-05-28T15:09:00Z,normal_in_jurisdiction,OFF-0038,ed345e57c83b3d1c5b2c2660,Inspector,4,POLICE,STATE_03_DIST_02_PS_01,STATE_03_DIST_02,STATE_03,MEDIUM,ACTIVE,ASSIGNED,REC-000025,dd4a15297476be169ab897a3,CASE-00020,MISSING_PERSON,FIR_SUMMARY,STATE_03_DIST_02_PS_01,STATE_03_DIST_02,STATE_03,POLICE,MEDIUM,false,false,false,false,SEALED,ACTIVE,true,true,true,false,INVESTIGATION,VIEW,false,false,NOT_REQUIRED,AFTER_HOURS,DEGRADED,ICJS_STYLE_EXCHANGE,P-2026-05-STEP1,false,true,380a1675f4f7ec4755a3cabd5904993175e8c901b7e2b395c2a719ef0b817a61
REQ-000784,2026-06-03T01:52:00Z,random_context,OFF-0199,8c053db99a24095548996524,Constable,1,POLICE,STATE_01_DIST_04_PS_01,STATE_01_DIST_04,STATE_01,LOW,ACTIVE,NOT_ASSIGNED,REC-000734,70c78bbc75d059ecfc674005,CASE-00118,VIOLENT_CRIME,CASE_DIARY,STATE_01_DIST_02_PS_01,STATE_01_DIST_02,STATE_01,POLICE,HIGH,false,false,false,false,OPEN,UNDER_REVIEW,false,false,true,true,FORENSIC_REVIEW,VIEW,false,false,MISSING,BUSINESS_HOURS,DEGRADED,CCTNS_STYLE_API,P-2026-05-STEP1,false,true,4b452b9762fd03eca6870aaf169528fcd65685c7717cca09f8ed23a9b4a805d7
REQ-000785,2026-05-31T08:40:00Z,juvenile_sensitive,OFF-0149,816d13ffa68e60a160c3810f,Constable,1,POLICE,STATE_02_DIST_01_PS_03,STATE_02_DIST_01,STATE_02,LOW,ACTIVE,NOT_ASSIGNED,REC-000386,619c64e8eee97cc53178c989,CASE-00301,WOMEN_CHILD_SAFETY,JUVENILE_RECORD,STATE_02_DIST_01_PS_02,STATE_02_DIST_01,STATE_02,POLICE,CLASSIFIED,true,false,true,false,OPEN,ACTIVE,false,true,true,false,SUPERVISION,VIEW,false,false,MISSING,BUSINESS_HOURS,ONLINE,MANUAL_ESCALATION,P-2026-05-STEP1,false,true,3c0b001c5a8f1ebb314191e1f5ac9496bb4618af8b6e23bc43511072b67e6c26
REQ-000786,2026-06-01T11:00:00Z,court_request,OFF-0116,f1533940112c34367e3740e3,Station House Officer,5,POLICE,STATE_03_DIST_02_PS_01,STATE_03_DIST_02,STATE_03,HIGH,ACTIVE,NOT_ASSIGNED,REC-000334,16baa3e2081d8d2c21cf5879,CASE-00123,WOMEN_CHILD_SAFETY,VICTIM_RECORD,STATE_03_DIST_03_PS_01,STATE_03_DIST_03,STATE_03,POLICE,CLASSIFIED,true,false,false,false,SEALED,ACTIVE,false,false,true,true,PROSECUTION_REVIEW,DOWNLOAD,false,true,PRESENT_VALID,BUSINESS_HOURS,ONLINE,CCTNS_STYLE_API,P-2026-05-STEP1,false,true,f142047e78941ef0ccab610572be31ef859f1fc198f7c0382e647d607dde6079
REQ-000787,2026-06-03T02:31:00Z,revoked_credential,OFF-0037,61f9c30ebf940f606c1a2520,Inspector,4,POLICE,STATE_03_DIST_03_PS_03,STATE_03_DIST_03,STATE_03,MEDIUM,REVOKED,NOT_ASSIGNED,REC-000507,6133804fd5bfb391fba56083,CASE-00133,JUVENILE_PROTECTION,CYBERCRIME_COMPLAINT,STATE_03_DIST_01_PS_03,STATE_03_DIST_01,STATE_03,POLICE,MEDIUM,false,false,true,false,OPEN,ACTIVE,false,false,true,true,AUDIT,DOWNLOAD,false,false,MISSING,BUSINESS_HOURS,ONLINE,ICJS_STYLE_EXCHANGE,P-2026-05-STEP1,false,true,4de1d93ead4beb9e4202e00fcc95bb514c6a69e17ad6be8452ab4281508e0ecb
REQ-000788,2026-05-29T04:32:00Z,revoked_credential,OFF-0154,030fbe8b71b501096276a8ab,Constable,1,POLICE,STATE_02_DIST_02_PS_01,STATE_02_DIST_02,STATE_02,LOW,REVOKED,NOT_ASSIGNED,REC-000081,75366e5d6be5e446e90a9f1e,CASE-00304,WOMEN_CHILD_SAFETY,FORENSIC_REPORT,STATE_03_DIST_02_PS_02,STATE_03_DIST_02,STATE_03,POLICE,HIGH,true,false,false,false,OPEN,ACTIVE,false,false,false,true,AUDIT,VIEW,false,false,MISSING,BUSINESS_HOURS,ONLINE,CCTNS_STYLE_API,P-2026-05-STEP1,false,true,9508dd77d777041f2555a9faf85e471665b905ca61113fcabf8995f1c3196c0a
REQ-000789,2026-05-31T22:21:00Z,court_request,OFF-0077,956b1c8673c706b9098bdcd1,Station House Officer,5,POLICE,STATE_03_DIST_04_PS_02,STATE_03_DIST_04,STATE_03,HIGH,ACTIVE,NOT_ASSIGNED,REC-000043,5ace8dc7e04de95336593c34,CASE-00073,VIOLENT_CRIME,CASE_DIARY,STATE_01_DIST_03_PS_02,STATE_01_DIST_03,STATE_01,POLICE,CLASSIFIED,false,false,false,false,OPEN,ACTIVE,false,false,false,true,PROSECUTION_REVIEW,VIEW,false,true,PRESENT_VALID,BUSINESS_HOURS,ONLINE,CCTNS_STYLE_API,P-2026-05-STEP1,false,true,e7474e78468896621d82b5c8894406bb1997098153d6458dafdda1647a19b02b
REQ-000790,2026-05-29T04:40:00Z,expired_approval_token,OFF-0153,bbef3f90be1083101e51c0b0,Head Constable,2,POLICE,STATE_02_DIST_03_PS_02,STATE_02_DIST_03,STATE_02,LOW,ACTIVE,NOT_ASSIGNED,REC-000518,019a5823b2dbc8eb666b5e17,CASE-00160,MISSING_PERSON,JUVENILE_RECORD,STATE_01_DIST_01_PS_02,STATE_01_DIST_01,STATE_01,POLICE,HIGH,false,false,true,false,OPEN,ACTIVE,false,false,false,true,PROSECUTION_REVIEW,VIEW,false,false,EXPIRED,AFTER_HOURS,ONLINE,ICJS_STYLE_EXCHANGE,P-2026-05-STEP1,false,true,9530271c29d716a1bfb97c794c281a8e1ae7b5ac5c9747e1a56de48b01895522
REQ-000791,2026-06-04T18:56:00Z,emergency_override,OFF-0051,316e4edba94c2b3868db8ac7,Sub-Inspector,3,POLICE,STATE_01_DIST_04_PS_01,STATE_01_DIST_04,STATE_01,MEDIUM,ACTIVE,NOT_ASSIGNED,REC-000631,72792f684de2062672fc64d0,CASE-00020,MISSING_PERSON,WITNESS_STATEMENT,STATE_03_DIST_02_PS_01,STATE_03_DIST_02,STATE_03,POLICE,CLASSIFIED,false,true,false,false,OPEN,ACTIVE,false,false,false,true,EMERGENCY_RESPONSE,VIEW,true,false,MISSING,AFTER_HOURS,ONLINE,ICJS_STYLE_EXCHANGE,P-2026-05-STEP1,false,true,bc643012bd66b963bcfd55d21b367e14c3879c3119fe7ee5a7fc551c578c0c76
REQ-000792,2026-05-30T20:24:00Z,juvenile_sensitive,OFF-0155,750741a21ba1ad37a768df1b,Station House Officer,5,POLICE,STATE_01_DIST_02_PS_01,STATE_01_DIST_02,STATE_01,HIGH,ACTIVE,NOT_ASSIGNED,REC-000133,fc913d05603cd852d4140f75,CASE-00187,CYBER_FRAUD,JUVENILE_RECORD,STATE_01_DIST_04_PS_02,STATE_01_DIST_04,STATE_01,POLICE,CLASSIFIED,false,false,true,false,SEALED,UNDER_REVIEW,false,false,true,true,INVESTIGATION,VIEW,false,false,PRESENT_VALID,BUSINESS_HOURS,DEGRADED,CCTNS_STYLE_API,P-2026-05-STEP1,false,true,46859a5f1f00252702346dd5c7fdadb9d985dccac3ccb7ac7bcc333bcf05061b
REQ-000793,2026-05-30T20:31:00Z,normal_in_jurisdiction,OFF-0077,956b1c8673c706b9098bdcd1,Station House Officer,5,POLICE,STATE_03_DIST_04_PS_02,STATE_03_DIST_04,STATE_03,HIGH,ACTIVE,ASSIGNED,REC-000562,b760b5f5e5ffe285faca1c7b,CASE-00023,FINANCIAL_CRIME,FIR_SUMMARY,STATE_03_DIST_04_PS_02,STATE_03_DIST_04,STATE_03,POLICE,MEDIUM,false,false,false,false,OPEN,ACTIVE,true,true,true,false,INVESTIGATION,VIEW,false,false,NOT_REQUIRED,BUSINESS_HOURS,ONLINE,ICJS_STYLE_EXCHANGE,P-2026-05-STEP1,false,true,319803c3b93b67231b2d6a69a6574db1c797e7b81a118b010c1db4fdb9235ebe
REQ-000794,2026-06-05T08:58:00Z,normal_in_jurisdiction,OFF-0132,9a1678400f682a3201830c3a,Head Constable,2,POLICE,STATE_02_DIST_02_PS_03,STATE_02_DIST_02,STATE_02,LOW,ACTIVE,ASSIGNED,REC-000770,227c461d84e121aa1f3cf1a9,CASE-00224,JUVENILE_PROTECTION,COURT_SUBMISSION,STATE_02_DIST_02_PS_03,STATE_02_DIST_02,STATE_02,POLICE,MEDIUM,false,false,true,false,OPEN,ACTIVE,true,true,true,false,INVESTIGATION,VIEW,false,false,NOT_REQUIRED,AFTER_HOURS,STATION_NODE_DOWN,CCTNS_STYLE_API,P-2026-05-STEP1,false,true,7ca4747fc9bc55a63dc33735247f040e3f5c9d942c379d1145d1ad6c24fa8dbc
REQ-000795,2026-05-31T23:15:00Z,expired_approval_token,OFF-0123,72950e6372134a5838550d42,Inspector,4,POLICE,STATE_02_DIST_01_PS_01,STATE_02_DIST_01,STATE_02,MEDIUM,ACTIVE,NOT_ASSIGNED,REC-000394,865e1a4e9bd8f6f99acdf7fe,CASE-00133,JUVENILE_PROTECTION,WITNESS_STATEMENT,STATE_03_DIST_01_PS_03,STATE_03_DIST_01,STATE_03,POLICE,HIGH,false,true,true,false,OPEN,ACTIVE,false,false,false,true,FORENSIC_REVIEW,APPROVE,false,false,EXPIRED,BUSINESS_HOURS,ONLINE,CCTNS_STYLE_API,P-2026-05-STEP1,false,true,6b6b0659063bbafd74673a81553926f0624ca315f57783a0e88d8f84165ac96b
REQ-000796,2026-06-03T17:44:00Z,sealed_record,OFF-0225,8fe1499c5ed9142abbac6485,Sub-Inspector,3,POLICE,STATE_02_DIST_01_PS_01,STATE_02_DIST_01,STATE_02,MEDIUM,ACTIVE,NOT_ASSIGNED,REC-000438,a01b4fff545a372b8d651084,CASE-00004,WOMEN_CHILD_SAFETY,EVIDENCE_MEDIA,STATE_02_DIST_03_PS_03,STATE_02_DIST_03,STATE_02,POLICE,CLASSIFIED,true,false,false,true,SEALED,ACTIVE,false,false,true,true,PROSECUTION_REVIEW,DOWNLOAD,false,true,MISSING,BUSINESS_HOURS,ONLINE,MANUAL_ESCALATION,P-2026-05-STEP1,false,true,60755489c6f9b5b5835133d41a0076b22d38888a170c6b148b5cfda412a831d6
REQ-000797,2026-06-04T20:32:00Z,sealed_record,OFF-0172,59295c95c257a05519b6f91d,Inspector,4,POLICE,STATE_03_DIST_02_PS_02,STATE_03_DIST_02,STATE_03,MEDIUM,ACTIVE,NOT_ASSIGNED,REC-000566,a50f154cd90fb54e0509c371,CASE-00119,WOMEN_CHILD_SAFETY,FIR_SUMMARY,STATE_03_DIST_04_PS_03,STATE_03_DIST_04,STATE_03,POLICE,MEDIUM,true,false,false,false,SEALED,UNDER_REVIEW,false,false,true,true,COURT_PRODUCTION,VIEW,false,true,PRESENT_VALID,NIGHT,ONLINE,CCTNS_STYLE_API,P-2026-05-STEP1,false,true,a711deda22e3f13a9e0c9471cfe00945f27a432db76f16cc887b3b1c118eaac4
REQ-000798,2026-05-28T15:54:00Z,normal_in_jurisdiction,OFF-0006,05c87980613cb5db42b892f9,Sub-Inspector,3,POLICE,STATE_02_DIST_02_PS_02,STATE_02_DIST_02,STATE_02,MEDIUM,ACTIVE,ASSIGNED,REC-000031,a62882abc3511c2fb68d874b,CASE-00228,NARCOTICS,FIR_SUMMARY,STATE_02_DIST_02_PS_02,STATE_02_DIST_02,STATE_02,POLICE,LOW,false,false,false,false,OPEN,ACTIVE,true,true,true,false,INVESTIGATION,VIEW,false,false,NOT_REQUIRED,AFTER_HOURS,ONLINE,MANUAL_ESCALATION,P-2026-05-STEP1,false,true,cea0149c910c1bf8942f8db59533f415911e23119bf05b4d8ff5c2fda26bf96b
REQ-000799,2026-06-02T15:48:00Z,emergency_override,OFF-0126,73518b37a439a4d90b18903d,Forensic Officer,4,FORENSIC,STATE_03_DIST_01_PS_03,STATE_03_DIST_01,STATE_03,HIGH,ACTIVE,NOT_ASSIGNED,REC-000470,6a2e764a7c5c098cd2bd4b1e,CASE-00126,CYBER_FRAUD,WITNESS_STATEMENT,STATE_03_DIST_03_PS_03,STATE_03_DIST_03,STATE_03,POLICE,MEDIUM,false,true,false,false,OPEN,UNDER_REVIEW,false,false,true,true,EMERGENCY_RESPONSE,VIEW,true,false,PRESENT_VALID,BUSINESS_HOURS,ONLINE,ICJS_STYLE_EXCHANGE,P-2026-05-STEP1,false,true,b946a857a7291a8f5359961db27d71048a5ce19f96a72909934a044da1f31536
REQ-000800,2026-05-29T18:40:00Z,revoked_credential,OFF-0215,61fb1f33fe73b6361966f242,Inspector,4,POLICE,STATE_01_DIST_04_PS_03,STATE_01_DIST_04,STATE_01,MEDIUM,REVOKED,NOT_ASSIGNED,REC-000823,cf262bd5e958c53cf8a8e473,CASE-00198,CYBER_FRAUD,COURT_SUBMISSION,STATE_03_DIST_01_PS_01,STATE_03_DIST_01,STATE_03,POLICE,HIGH,false,false,false,false,OPEN,ACTIVE,false,false,false,true,AUDIT,VIEW,false,false,MISSING,BUSINESS_HOURS,DEGRADED,ICJS_STYLE_EXCHANGE,P-2026-05-STEP1,false,true,d061aeb7084a1836062e9b9f73a1a27631b98d7aad6600af4f859e6fa99da353
REQ-000801,2026-06-04T08:15:00Z,normal_in_jurisdiction,OFF-0047,6734000e8363d6ae298dddfd,Head Constable,2,POLICE,STATE_01_DIST_03_PS_03,STATE_01_DIST_03,STATE_01,LOW,ACTIVE,NOT_ASSIGNED,REC-000218,b2fe1d7e7f491d2222d662d6,CASE-00288,MISSING_PERSON,VICTIM_RECORD,STATE_01_DIST_03_PS_03,STATE_01_DIST_03,STATE_01,POLICE,HIGH,true,false,false,false,OPEN,ACTIVE,true,true,true,false,INVESTIGATION,VIEW,false,false,NOT_REQUIRED,BUSINESS_HOURS,ONLINE,ICJS_STYLE_EXCHANGE,P-2026-05-STEP1,false,true,3b2e6700ce38c079fc062e1961a61e77eccdf5bf99511e92dac81d85c1fd7079
REQ-000802,2026-06-05T11:14:00Z,random_context,OFF-0070,73b99e563b8590d8f1f3488f,Sub-Inspector,3,POLICE,STATE_02_DIST_02_PS_02,STATE_02_DIST_02,STATE_02,MEDIUM,ACTIVE,NOT_ASSIGNED,REC-000796,647ffa3febbf13259187b4c9,CASE-00228,NARCOTICS,VICTIM_RECORD,STATE_02_DIST_02_PS_02,STATE_02_DIST_02,STATE_02,POLICE,HIGH,true,false,false,false,OPEN,ACTIVE,true,true,true,false,SUPERVISION,VIEW,false,false,NOT_REQUIRED,NIGHT,ONLINE,ICJS_STYLE_EXCHANGE,P-2026-05-STEP1,false,true,2e7b29f79ae9542f6f10c698f6dc98f093ff6b9a9dfaf911ff5377817e042a55
REQ-000803,2026-06-01T13:50:00Z,expired_approval_token,OFF-0164,eb2cec3f8312decabe6f3925,Prosecutor Liaison,4,PROSECUTION,STATE_03_DIST_04_PS_03,STATE_03_DIST_04,STATE_03,MEDIUM,ACTIVE,NOT_ASSIGNED,REC-000026,603952239175b0f17942d266,CASE-00169,WOMEN_CHILD_SAFETY,EVIDENCE_MEDIA,STATE_02_DIST_03_PS_01,STATE_02_DIST_03,STATE_02,POLICE,HIGH,true,false,false,true,OPEN,ARCHIVED,false,false,false,true,FORENSIC_REVIEW,VIEW,false,false,EXPIRED,BUSINESS_HOURS,ONLINE,MANUAL_ESCALATION,P-2026-05-STEP1,false,true,df9016b1d482f7046019d85820ce0cbe7c4a1261e05a157781d5abf8d1a571c8
REQ-000804,2026-06-01T14:00:00Z,normal_in_jurisdiction,OFF-0137,b5c2c2becf92b9e253d997f4,Inspector,4,POLICE,STATE_02_DIST_02_PS_03,STATE_02_DIST_02,STATE_02,MEDIUM,ACTIVE,ASSIGNED,REC-000770,227c461d84e121aa1f3cf1a9,CASE-00224,JUVENILE_PROTECTION,COURT_SUBMISSION,STATE_02_DIST_02_PS_03,STATE_02_DIST_02,STATE_02,POLICE,MEDIUM,false,false,true,false,OPEN,ACTIVE,true,true,true,false,INVESTIGATION,VIEW,false,false,NOT_REQUIRED,BUSINESS_HOURS,DEGRADED,ICJS_STYLE_EXCHANGE,P-2026-05-STEP1,false,true,d08bdf4c29a64f0236f6a2dda83a74e45ef466148673130366e85bb820a29bf5
REQ-000805,2026-06-01T00:45:00Z,normal_in_jurisdiction,OFF-0189,0f5e28fd8c1c5a758d17ef19,Forensic Officer,4,FORENSIC,STATE_01_DIST_03_PS_02,STATE_01_DIST_03,STATE_01,HIGH,ACTIVE,ASSIGNED,REC-000301,19c48d877feab54f0ec30141,CASE-00073,VIOLENT_CRIME,FIR_SUMMARY,STATE_01_DIST_03_PS_02,STATE_01_DIST_03,STATE_01,POLICE,MEDIUM,false,false,false,false,OPEN,ARCHIVED,true,true,true,false,INVESTIGATION,VIEW,false,false,NOT_REQUIRED,NIGHT,ONLINE,MANUAL_ESCALATION,P-2026-05-STEP1,false,true,2ce1533f18966b0b80455150999511983391f65531b8a1f6c4f321233f12fcea
REQ-000806,2026-05-29T19:10:00Z,cross_jurisdiction_sensitive,OFF-0221,1f0d6f8c17d7221984909f27,Constable,1,POLICE,STATE_01_DIST_01_PS_02,STATE_01_DIST_01,STATE_01,LOW,ACTIVE,NOT_ASSIGNED,REC-000865,d920f7467ce1d45336ea4224,CASE-00077,MISSING_PERSON,JUVENILE_RECORD,STATE_02_DIST_02_PS_02,STATE_02_DIST_02,STATE_02,POLICE,HIGH,false,false,true,false,OPEN,ACTIVE,false,false,false,true,INVESTIGATION,VIEW,false,false,PRESENT_VALID,BUSINESS_HOURS,ONLINE,ICJS_STYLE_EXCHANGE,P-2026-05-STEP1,false,true,0968ee5f94c2159b85066af6b6d11f5cc690301f0319e767b0a6d6e572ff2070
REQ-000807,2026-05-28T16:21:00Z,expired_approval_token,OFF-0227,2747b4371f8a7719020e45ce,Forensic Officer,4,FORENSIC,STATE_02_DIST_04_PS_02,STATE_02_DIST_04,STATE_02,HIGH,ACTIVE,NOT_ASSIGNED,REC-000248,19d91561ded3d1723d97b056,CASE-00337,NARCOTICS,JUVENILE_RECORD,STATE_01_DIST_04_PS_01,STATE_01_DIST_04,STATE_01,POLICE,HIGH,false,false,true,false,OPEN,ACTIVE,false,false,false,true,PROSECUTION_REVIEW,DOWNLOAD,false,false,EXPIRED,BUSINESS_HOURS,DEGRADED,ICJS_STYLE_EXCHANGE,P-2026-05-STEP1,false,true,62e6c36ea11e7080d69302c1d7e1692000ee9245155998d23f7138895ebc7108
REQ-000808,2026-06-02T04:08:00Z,emergency_override,OFF-0238,0d893c2441da140e8c46fc54,Constable,1,POLICE,STATE_03_DIST_02_PS_03,STATE_03_DIST_02,STATE_03,LOW,ACTIVE,NOT_ASSIGNED,REC-000537,459488c4e9b1cde4e6af43bf,CASE-00115,JUVENILE_PROTECTION,FIR_SUMMARY,STATE_01_DIST_04_PS_03,STATE_01_DIST_04,STATE_01,POLICE,LOW,false,false,true,false,OPEN,ACTIVE,false,false,false,true,EMERGENCY_RESPONSE,SHARE,true,false,MISSING,BUSINESS_HOURS,ONLINE,CCTNS_STYLE_API,P-2026-05-STEP1,false,true,2fca4561caa78eeca62c4fdc4cf0537d67237568d93b8168c9e45f9961a3e968
REQ-000809,2026-05-30T22:23:00Z,normal_in_jurisdiction,OFF-0200,4ee0497be96c65e5642e3a72,Constable,1,POLICE,STATE_01_DIST_01_PS_01,STATE_01_DIST_01,STATE_01,LOW,ACTIVE,ASSIGNED,REC-000547,58336e9663acff35aa7b3832,CASE-00130,VIOLENT_CRIME,COURT_SUBMISSION,STATE_01_DIST_01_PS_01,STATE_01_DIST_01,STATE_01,POLICE,MEDIUM,false,false,false,false,OPEN,ARCHIVED,true,true,true,false,INVESTIGATION,VIEW,false,false,NOT_REQUIRED,BUSINESS_HOURS,ONLINE,MANUAL_ESCALATION,P-2026-05-STEP1,false,true,a599b4f86eeecb11b8e02ea2375ad1e273e70c36aa3d5c0ceba61bb6da671628
REQ-000810,2026-05-30T22:30:00Z,expired_approval_token,OFF-0111,f65ad458155d09405f8da86c,Sub-Inspector,3,POLICE,STATE_02_DIST_04_PS_03,STATE_02_DIST_04,STATE_02,MEDIUM,ACTIVE,NOT_ASSIGNED,REC-000542,7a1c1d8011a25f728528d611,CASE-00110,NARCOTICS,EVIDENCE_MEDIA,STATE_02_DIST_01_PS_02,STATE_02_DIST_01,STATE_02,POLICE,CLASSIFIED,false,false,false,true,OPEN,ACTIVE,false,false,true,true,INVESTIGATION,VIEW,false,false,EXPIRED,BUSINESS_HOURS,ONLINE,ICJS_STYLE_EXCHANGE,P-2026-05-STEP1,false,true,4a07909a0932668a5465b6be1d3a3b1bb10bd20a1d8254a26c4e997999765064
REQ-000811,2026-05-31T12:08:00Z,expired_approval_token,OFF-0152,f30bb583158115d6451ff1ba,Inspector,4,POLICE,STATE_02_DIST_01_PS_01,STATE_02_DIST_01,STATE_02,MEDIUM,ACTIVE,NOT_ASSIGNED,REC-000114,ad93e2928b72a7e21702b4ea,CASE-00252,MISSING_PERSON,WITNESS_STATEMENT,STATE_03_DIST_03_PS_02,STATE_03_DIST_03,STATE_03,POLICE,MEDIUM,false,true,false,false,OPEN,ACTIVE,false,false,false,true,PROSECUTION_REVIEW,VIEW,false,false,EXPIRED,BUSINESS_HOURS,ONLINE,ICJS_STYLE_EXCHANGE,P-2026-05-STEP1,false,true,1b5b74aa50dd835909c9befccf41b58480b03cea66cd922fb6d3846d8fbed0c6
REQ-000812,2026-05-29T19:40:00Z,normal_in_jurisdiction,OFF-0208,47e9daa6a9eddbbbae1d0bd7,Head Constable,2,POLICE,STATE_03_DIST_02_PS_03,STATE_03_DIST_02,STATE_03,LOW,ACTIVE,ASSIGNED,REC-000054,1401f3e1054a0aaab0eeff1c,CASE-00352,MISSING_PERSON,COURT_SUBMISSION,STATE_03_DIST_02_PS_03,STATE_03_DIST_02,STATE_03,POLICE,MEDIUM,false,false,false,false,OPEN,ACTIVE,true,true,true,false,INVESTIGATION,VIEW,false,false,NOT_REQUIRED,BUSINESS_HOURS,STATION_NODE_DOWN,ICJS_STYLE_EXCHANGE,P-2026-05-STEP1,false,true,704cb681ef88058877883fa4038b712a9a12d8ca6df0b1870a3f564f3e36218f
REQ-000813,2026-05-30T22:51:00Z,normal_in_jurisdiction,OFF-0079,769c0f71f92a8b49e252746c,Sub-Inspector,3,POLICE,STATE_01_DIST_01_PS_03,STATE_01_DIST_01,STATE_01,MEDIUM,ACTIVE,ASSIGNED,REC-000756,501ec7976756cb1bbf632fc6,CASE-00259,JUVENILE_PROTECTION,FIR_SUMMARY,STATE_01_DIST_01_PS_03,STATE_01_DIST_01,STATE_01,POLICE,LOW,false,false,true,false,SEALED,ARCHIVED,true,true,true,false,INVESTIGATION,VIEW,false,false,NOT_REQUIRED,BUSINESS_HOURS,ONLINE,MANUAL_ESCALATION,P-2026-05-STEP1,false,true,3429e18e23dc30e369838d407202ab372bfa4f0bd5e9cde2e95c8ee9331bcd03
REQ-000814,2026-06-03T08:22:00Z,revoked_credential,OFF-0037,61f9c30ebf940f606c1a2520,Inspector,4,POLICE,STATE_03_DIST_03_PS_03,STATE_03_DIST_03,STATE_03,MEDIUM,REVOKED,NOT_ASSIGNED,REC-000560,7c0122e2e09819ce56c6d8b8,CASE-00064,MISSING_PERSON,FORENSIC_REPORT,STATE_01_DIST_02_PS_03,STATE_01_DIST_02,STATE_01,POLICE,HIGH,false,false,false,false,OPEN,ACTIVE,false,false,false,true,AUDIT,DOWNLOAD,false,false,MISSING,BUSINESS_HOURS,STATION_NODE_DOWN,ICJS_STYLE_EXCHANGE,P-2026-05-STEP1,false,true,aab067f7301b2358edcac6a65b82f3bffab718a23899ba8dafc64c69c2b4eac6
REQ-000815,2026-06-04T11:45:00Z,stale_case_assignment,OFF-0159,a1e23926bdb89d718dc0ff23,Sub-Inspector,3,POLICE,STATE_03_DIST_02_PS_03,STATE_03_DIST_02,STATE_03,MEDIUM,ACTIVE,STALE,REC-000053,c7a1cb7711a9318d95ea172b,CASE-00043,MISSING_PERSON,EVIDENCE_MEDIA,STATE_02_DIST_01_PS_02,STATE_02_DIST_01,STATE_02,POLICE,HIGH,false,false,false,true,OPEN,ACTIVE,false,false,false,true,INVESTIGATION,DOWNLOAD,false,false,MISSING,AFTER_HOURS,ONLINE,CCTNS_STYLE_API,P-2026-05-STEP1,false,true,97119780f073a28acc0d248df0623293b4202099129b8db2b3588f885a5c5df3
REQ-000816,2026-06-01T16:00:00Z,stale_case_assignment,OFF-0063,d57f9cfca107b054602e3afe,Forensic Officer,4,FORENSIC,STATE_03_DIST_01_PS_03,STATE_03_DIST_01,STATE_03,HIGH,ACTIVE,STALE,REC-000447,34db2ece38e91ed7d58eda26,CASE-00332,CYBER_FRAUD,COURT_SUBMISSION,STATE_01_DIST_01_PS_01,STATE_01_DIST_01,STATE_01,POLICE,HIGH,false,false,false,false,SEALED,ACTIVE,false,false,false,true,INVESTIGATION,UPDATE,false,false,MISSING,BUSINESS_HOURS,ONLINE,CCTNS_STYLE_API,P-2026-05-STEP1,false,true,689420e82fbfd9d05c32074f22f20d40882edf2b1a8356999127eeec08893dbe
REQ-000817,2026-05-31T12:56:00Z,court_request,OFF-0149,816d13ffa68e60a160c3810f,Constable,1,POLICE,STATE_02_DIST_01_PS_03,STATE_02_DIST_01,STATE_02,LOW,ACTIVE,NOT_ASSIGNED,REC-000190,e5c055800da6250fb67db7ab,CASE-00164,CYBER_FRAUD,FIR_SUMMARY,STATE_03_DIST_01_PS_03,STATE_03_DIST_01,STATE_03,POLICE,HIGH,false,false,false,false,OPEN,ACTIVE,false,false,false,true,COURT_PRODUCTION,DOWNLOAD,false,true,PRESENT_VALID,AFTER_HOURS,ONLINE,ICJS_STYLE_EXCHANGE,P-2026-05-STEP1,false,true,d1009dee021b21e55b3811b55ea9384c08abb2713bee2f6ce12d91859b7c2e9b
REQ-000818,2026-06-02T19:36:00Z,court_request,OFF-0149,816d13ffa68e60a160c3810f,Constable,1,POLICE,STATE_02_DIST_01_PS_03,STATE_02_DIST_01,STATE_02,LOW,ACTIVE,NOT_ASSIGNED,REC-000602,202493a89eae5b6458ec7ff8,CASE-00199,JUVENILE_PROTECTION,WITNESS_STATEMENT,STATE_02_DIST_03_PS_02,STATE_02_DIST_03,STATE_02,POLICE,HIGH,false,true,true,false,SEALED,UNDER_REVIEW,false,false,true,true,PROSECUTION_REVIEW,VIEW,false,true,PRESENT_VALID,NIGHT,ONLINE,ICJS_STYLE_EXCHANGE,P-2026-05-STEP1,false,true,4429fc54e10be0d8b23209f42c5d9359ea1090501274bc720cbdaa958bf4e5ef
REQ-000819,2026-06-05T16:03:00Z,court_request,OFF-0195,b1ddf55c2af537d97ad1287a,Head Constable,2,POLICE,STATE_01_DIST_01_PS_01,STATE_01_DIST_01,STATE_01,LOW,ACTIVE,NOT_ASSIGNED,REC-000185,bddbea36e35c483e079157c2,CASE-00174,NARCOTICS,CYBERCRIME_COMPLAINT,STATE_01_DIST_03_PS_01,STATE_01_DIST_03,STATE_01,POLICE,HIGH,false,false,false,false,OPEN,ACTIVE,false,false,true,true,COURT_PRODUCTION,APPROVE,false,true,PRESENT_VALID,BUSINESS_HOURS,ONLINE,MANUAL_ESCALATION,P-2026-05-STEP1,false,true,c0efbfe49c361963f95818a39eda54eb150e02f0a2eeb1b5c5df92bd55e6a7c3
REQ-000820,2026-06-03T23:20:00Z,stale_case_assignment,OFF-0038,ed345e57c83b3d1c5b2c2660,Inspector,4,POLICE,STATE_03_DIST_02_PS_01,STATE_03_DIST_02,STATE_03,MEDIUM,ACTIVE,STALE,REC-000600,aa5d5e9574a1ce5800dc6459,CASE-00275,WOMEN_CHILD_SAFETY,JUVENILE_RECORD,STATE_02_DIST_01_PS_02,STATE_02_DIST_01,STATE_02,POLICE,CLASSIFIED,true,false,true,false,OPEN,ARCHIVED,false,false,false,true,INVESTIGATION,VIEW,false,false,MISSING,BUSINESS_HOURS,ONLINE,CCTNS_STYLE_API,P-2026-05-STEP1,false,true,ae8f7004f1bedb3337cffad1d4bca7b7974f036c6dd0cb41da17c314be129684
REQ-000821,2026-05-29T06:44:00Z,normal_in_jurisdiction,OFF-0098,a2651cd5c21b20cc4d4edc22,Sub-Inspector,3,POLICE,STATE_03_DIST_03_PS_02,STATE_03_DIST_03,STATE_03,MEDIUM,ACTIVE,ASSIGNED,REC-000479,2a72e9e4ca2925b1a4edb88a,CASE-00330,CYBER_FRAUD,FIR_SUMMARY,STATE_03_DIST_03_PS_02,STATE_03_DIST_03,STATE_03,POLICE,MEDIUM,false,false,false,false,OPEN,ACTIVE,true,true,true,false,INVESTIGATION,VIEW,false,false,NOT_REQUIRED,BUSINESS_HOURS,ONLINE,MANUAL_ESCALATION,P-2026-05-STEP1,false,true,61a4b331dd42216a0eebe480fd6639f0656fdc2a94ffc69aebd9bb6ab8cc5547
REQ-000822,2026-06-03T10:06:00Z,stale_case_assignment,OFF-0113,46ac5b5381ef953a345ce319,Sub-Inspector,3,POLICE,STATE_03_DIST_03_PS_01,STATE_03_DIST_03,STATE_03,MEDIUM,ACTIVE,STALE,REC-000545,9a0d075d9c11b2be0f4fbe2f,CASE-00327,FINANCIAL_CRIME,FIR_SUMMARY,STATE_02_DIST_04_PS_03,STATE_02_DIST_04,STATE_02,POLICE,LOW,false,false,false,false,OPEN,ARCHIVED,false,false,false,true,INVESTIGATION,VIEW,false,false,MISSING,BUSINESS_HOURS,ONLINE,CCTNS_STYLE_API,P-2026-05-STEP1,false,true,64cbc542a7eaba781865df53c6071699672aa1b16c6059f8933441bf1cb0a2f2
REQ-000823,2026-06-01T17:10:00Z,cross_jurisdiction_sensitive,OFF-0010,bcb4468affef262ed92897ea,Inspector,4,POLICE,STATE_03_DIST_03_PS_02,STATE_03_DIST_03,STATE_03,MEDIUM,ACTIVE,NOT_ASSIGNED,REC-000089,f7151781855b8ca96dc2f997,CASE-00178,NARCOTICS,CASE_DIARY,STATE_01_DIST_03_PS_01,STATE_01_DIST_03,STATE_01,POLICE,CLASSIFIED,false,false,false,false,OPEN,ARCHIVED,false,false,false,true,FORENSIC_REVIEW,VIEW,false,false,PRESENT_VALID,BUSINESS_HOURS,ONLINE,ICJS_STYLE_EXCHANGE,P-2026-05-STEP1,false,true,5a62a018600cf7ae2165f194bf12bf59167d70706bb2206143dc5184db4b7543
REQ-000824,2026-06-01T17:20:00Z,random_context,OFF-0164,eb2cec3f8312decabe6f3925,Prosecutor Liaison,4,PROSECUTION,STATE_03_DIST_04_PS_03,STATE_03_DIST_04,STATE_03,MEDIUM,ACTIVE,NOT_ASSIGNED,REC-000063,fb8dce77863a67f68042baad,CASE-00035,NARCOTICS,VICTIM_RECORD,STATE_03_DIST_03_PS_03,STATE_03_DIST_03,STATE_03,POLICE,CLASSIFIED,true,false,false,false,OPEN,ACTIVE,false,false,true,true,TRAINING,VIEW,false,false,NOT_REQUIRED,NIGHT,ONLINE,MANUAL_ESCALATION,P-2026-05-STEP1,false,true,6ea7b37095594f051fc980b087bdef7a59905445265079d7dd6cb74c71808cdd
REQ-000825,2026-05-29T20:45:00Z,cross_jurisdiction_sensitive,OFF-0222,fed71b6f957fb445cdad7897,Station House Officer,5,POLICE,STATE_03_DIST_04_PS_01,STATE_03_DIST_04,STATE_03,HIGH,ACTIVE,NOT_ASSIGNED,REC-000358,d09b3513b623ce4439f5c622,CASE-00110,NARCOTICS,WITNESS_STATEMENT,STATE_02_DIST_01_PS_02,STATE_02_DIST_01,STATE_02,POLICE,HIGH,false,true,false,false,OPEN,ACTIVE,false,false,false,true,SUPERVISION,VIEW,false,false,PRESENT_VALID,BUSINESS_HOURS,ONLINE,ICJS_STYLE_EXCHANGE,P-2026-05-STEP1,false,true,24de7ef637c231a801713ea9e7814d02bcd47a2d71f6edc461b335e7b320cc4f
REQ-000826,2026-06-05T04:16:00Z,revoked_credential,OFF-0088,aba84a984ee3606ae0d30a0a,Station House Officer,5,POLICE,STATE_03_DIST_04_PS_01,STATE_03_DIST_04,STATE_03,HIGH,REVOKED,NOT_ASSIGNED,REC-000043,5ace8dc7e04de95336593c34,CASE-00073,VIOLENT_CRIME,CASE_DIARY,STATE_01_DIST_03_PS_02,STATE_01_DIST_03,STATE_01,POLICE,CLASSIFIED,false,false,false,false,OPEN,ACTIVE,false,false,false,true,AUDIT,DOWNLOAD,false,false,MISSING,AFTER_HOURS,ONLINE,MANUAL_ESCALATION,P-2026-05-STEP1,false,true,c22adcb69d1a1a2977ac9a7dd6c3ccb16690b868c7cff66878c1e0db97a1ada8
REQ-000827,2026-06-04T00:58:00Z,cross_jurisdiction_sensitive,OFF-0025,7fa77f7b07565190b1b9a0af,Head Constable,2,POLICE,STATE_01_DIST_02_PS_03,STATE_01_DIST_02,STATE_01,LOW,ACTIVE,NOT_ASSIGNED,REC-000365,df2072e9cce45f58ab9712de,CASE-00116,JUVENILE_PROTECTION,CYBERCRIME_COMPLAINT,STATE_03_DIST_02_PS_02,STATE_03_DIST_02,STATE_03,POLICE,MEDIUM,false,false,true,false,OPEN,UNDER_REVIEW,false,false,false,true,INVESTIGATION,UPDATE,false,false,MISSING,BUSINESS_HOURS,ONLINE,MANUAL_ESCALATION,P-2026-05-STEP1,false,true,edd3e2b687519c063d074e19b03fc7a78b7379643afc35c75dbf8c9d51d35150
REQ-000828,2026-05-28T17:24:00Z,stale_case_assignment,OFF-0135,93ea324e5b0159f974ae2ac9,Sub-Inspector,3,POLICE,STATE_01_DIST_03_PS_03,STATE_01_DIST_03,STATE_01,MEDIUM,ACTIVE,STALE,REC-000846,1ae63c6c5896953b40aa34aa,CASE-00026,NARCOTICS,CYBERCRIME_COMPLAINT,STATE_03_DIST_02_PS_03,STATE_03_DIST_02,STATE_03,POLICE,HIGH,false,false,false,false,OPEN,ACTIVE,false,false,false,true,INVESTIGATION,DOWNLOAD,false,false,MISSING,BUSINESS_HOURS,ONLINE,MANUAL_ESCALATION,P-2026-05-STEP1,false,true,2efbddb4ea25849194149366c3aa0056879aa3f45b9133dabd852f5398b3e57c
REQ-000829,2026-05-30T10:54:00Z,random_context,OFF-0227,2747b4371f8a7719020e45ce,Forensic Officer,4,FORENSIC,STATE_02_DIST_04_PS_02,STATE_02_DIST_04,STATE_02,HIGH,ACTIVE,NOT_ASSIGNED,REC-000885,cf8ebeb85a2905cc60220b74,CASE-00032,FINANCIAL_CRIME,FIR_SUMMARY,STATE_03_DIST_04_PS_02,STATE_03_DIST_04,STATE_03,POLICE,LOW,false,false,false,false,OPEN,ARCHIVED,false,false,false,true,TRAINING,VIEW,false,false,NOT_REQUIRED,BUSINESS_HOURS,ONLINE,MANUAL_ESCALATION,P-2026-05-STEP1,false,true,74088af4db0f1669310f573bf1a3ee3379eaef34dc8b8d45c734921b4abdf01b
REQ-000830,2026-05-28T17:30:00Z,juvenile_sensitive,OFF-0016,5d49251d25024e2ef906fcfa,Constable,1,POLICE,STATE_01_DIST_01_PS_01,STATE_01_DIST_01,STATE_01,LOW,ACTIVE,NOT_ASSIGNED,REC-000211,47c63e7665f354ae6f2a6d64,CASE-00125,JUVENILE_PROTECTION,COURT_SUBMISSION,STATE_03_DIST_03_PS_03,STATE_03_DIST_03,STATE_03,POLICE,MEDIUM,false,false,true,false,OPEN,ACTIVE,false,false,false,true,INVESTIGATION,VIEW,false,false,PRESENT_VALID,BUSINESS_HOURS,ONLINE,CCTNS_STYLE_API,P-2026-05-STEP1,false,true,5d4508c10464e37c2f11f6b151388eab0552daa1f03f22b14a1ca8b69cf9eb69
REQ-000831,2026-06-02T22:12:00Z,court_request,OFF-0224,b20f60775fe6a25591c31932,Inspector,4,POLICE,STATE_01_DIST_03_PS_02,STATE_01_DIST_03,STATE_01,MEDIUM,ACTIVE,NOT_ASSIGNED,REC-000447,34db2ece38e91ed7d58eda26,CASE-00332,CYBER_FRAUD,COURT_SUBMISSION,STATE_01_DIST_01_PS_01,STATE_01_DIST_01,STATE_01,POLICE,HIGH,false,false,false,false,SEALED,ACTIVE,false,false,true,true,COURT_PRODUCTION,VIEW,false,true,PRESENT_VALID,AFTER_HOURS,ONLINE,ICJS_STYLE_EXCHANGE,P-2026-05-STEP1,false,true,f57c0e988da701bbbf1451ae11446d889bf30dae9046c200dad633a867b781c6
REQ-000832,2026-06-02T08:32:00Z,court_request,OFF-0155,750741a21ba1ad37a768df1b,Station House Officer,5,POLICE,STATE_01_DIST_02_PS_01,STATE_01_DIST_02,STATE_01,HIGH,ACTIVE,NOT_ASSIGNED,REC-000075,6a40e28a9342f16dc5165083,CASE-00035,NARCOTICS,VICTIM_RECORD,STATE_03_DIST_03_PS_03,STATE_03_DIST_03,STATE_03,POLICE,HIGH,true,false,false,false,OPEN,ACTIVE,false,false,false,true,PROSECUTION_REVIEW,VIEW,false,true,PRESENT_VALID,NIGHT,STATION_NODE_DOWN,CCTNS_STYLE_API,P-2026-05-STEP1,false,true,44d531a30ef7cdfdd8ddd6310d7a2084afd9693b509a056276c66478bf33ab7b
REQ-000833,2026-05-31T01:11:00Z,normal_in_jurisdiction,OFF-0113,46ac5b5381ef953a345ce319,Sub-Inspector,3,POLICE,STATE_03_DIST_03_PS_01,STATE_03_DIST_03,STATE_03,MEDIUM,ACTIVE,ASSIGNED,REC-000760,5c4dcd6cb3328632f88609d4,CASE-00129,FINANCIAL_CRIME,CYBERCRIME_COMPLAINT,STATE_03_DIST_03_PS_01,STATE_03_DIST_03,STATE_03,POLICE,MEDIUM,false,false,false,false,OPEN,ACTIVE,true,true,true,false,INVESTIGATION,VIEW,false,false,NOT_REQUIRED,BUSINESS_HOURS,ONLINE,MANUAL_ESCALATION,P-2026-05-STEP1,false,true,e802cf583f14f506866ff650d3a61ab3acf8f9b9cf7bf25a0c32a7621513de32
REQ-000834,2026-06-02T08:54:00Z,revoked_credential,OFF-0040,c5c5b540de8f1dde6964dc89,Sub-Inspector,3,POLICE,STATE_03_DIST_02_PS_03,STATE_03_DIST_02,STATE_03,MEDIUM,REVOKED,NOT_ASSIGNED,REC-000824,945f4f7b3a236a35a569de92,CASE-00315,VIOLENT_CRIME,WITNESS_STATEMENT,STATE_03_DIST_01_PS_03,STATE_03_DIST_01,STATE_03,POLICE,HIGH,false,true,false,false,OPEN,ACTIVE,false,false,true,true,INVESTIGATION,VIEW,false,false,MISSING,BUSINESS_HOURS,ONLINE,CCTNS_STYLE_API,P-2026-05-STEP1,false,true,7faabab79d395c6ca19435ad2be21af5ac212dce081f1ecd130357a073e2f567
REQ-000835,2026-05-29T07:40:00Z,cross_jurisdiction_sensitive,OFF-0003,5e4ff04af077f5ff22cd6cd0,Station House Officer,5,POLICE,STATE_02_DIST_04_PS_01,STATE_02_DIST_04,STATE_02,HIGH,ACTIVE,NOT_ASSIGNED,REC-000060,d12cf10e373243a5cf3cbde4,CASE-00001,WOMEN_CHILD_SAFETY,FORENSIC_REPORT,STATE_03_DIST_01_PS_03,STATE_03_DIST_01,STATE_03,POLICE,HIGH,true,false,false,false,OPEN,ACTIVE,false,false,false,true,INVESTIGATION,VIEW,false,false,MISSING,BUSINESS_HOURS,ONLINE,MANUAL_ESCALATION,P-2026-05-STEP1,false,true,6eb01bc38a33333fa5f57ce5bf069b62d74eda34556b1546e0b98c3ad8271db2
REQ-000836,2026-06-01T19:20:00Z,juvenile_sensitive,OFF-0134,4718492e22f05239e76383dd,Inspector,4,POLICE,STATE_03_DIST_02_PS_01,STATE_03_DIST_02,STATE_03,MEDIUM,ACTIVE,NOT_ASSIGNED,REC-000581,0c701e7e7cf1230d4b57b73a,CASE-00333,JUVENILE_PROTECTION,FIR_SUMMARY,STATE_02_DIST_01_PS_02,STATE_02_DIST_01,STATE_02,POLICE,LOW,false,false,true,false,OPEN,ACTIVE,false,false,false,true,INVESTIGATION,VIEW,false,false,PRESENT_VALID,BUSINESS_HOURS,ONLINE,CCTNS_STYLE_API,P-2026-05-STEP1,false,true,11f2c187985613bb53331efad28ab2c8f84b791623403a206dd5eb7df2ca50b3
REQ-000837,2026-06-01T05:33:00Z,random_context,OFF-0107,fb4c90a703ac874dae2f1454,Head Constable,2,POLICE,STATE_02_DIST_01_PS_03,STATE_02_DIST_01,STATE_02,LOW,ACTIVE,NOT_ASSIGNED,REC-000506,4486a471677828660c3b0e02,CASE-00103,NARCOTICS,CYBERCRIME_COMPLAINT,STATE_03_DIST_03_PS_03,STATE_03_DIST_03,STATE_03,POLICE,CLASSIFIED,false,false,false,false,OPEN,ACTIVE,false,false,false,true,AUDIT,VIEW,false,false,NOT_REQUIRED,BUSINESS_HOURS,ONLINE,CCTNS_STYLE_API,P-2026-05-STEP1,false,true,ca0d875f804a743bf24e3e5c8a2340805f3c37c0720430185ae9af867864e7d0
REQ-000838,2026-06-02T09:38:00Z,normal_in_jurisdiction,OFF-0100,071c750c420d0b5f044d6ae7,Forensic Officer,4,FORENSIC,STATE_03_DIST_02_PS_01,STATE_03_DIST_02,STATE_03,HIGH,ACTIVE,ASSIGNED,REC-000209,40ab0a32b9b194338de4a0a3,CASE-00020,MISSING_PERSON,FIR_SUMMARY,STATE_03_DIST_02_PS_01,STATE_03_DIST_02,STATE_03,POLICE,LOW,false,false,false,false,OPEN,ACTIVE,true,true,true,false,INVESTIGATION,VIEW,false,false,NOT_REQUIRED,AFTER_HOURS,ONLINE,CCTNS_STYLE_API,P-2026-05-STEP1,false,true,b3eaf4a490a6a986908ba63054f0767217b7ff7dffe1426d4edd82bc7500919c
REQ-000839,2026-05-31T01:53:00Z,normal_in_jurisdiction,OFF-0110,7ea4c7cce178f9ad9715431c,Sub-Inspector,3,POLICE,STATE_01_DIST_01_PS_03,STATE_01_DIST_01,STATE_01,MEDIUM,ACTIVE,ASSIGNED,REC-000641,a46caf174bd38632a4dabfb2,CASE-00277,MISSING_PERSON,COURT_SUBMISSION,STATE_01_DIST_01_PS_03,STATE_01_DIST_01,STATE_01,POLICE,MEDIUM,false,false,false,false,OPEN,ACTIVE,true,true,true,false,INVESTIGATION,VIEW,false,false,NOT_REQUIRED,BUSINESS_HOURS,ONLINE,MANUAL_ESCALATION,P-2026-05-STEP1,false,true,176629545ca873fb76c1b77a566e20ce2b820c41a6fe0760d9253a349c49386b
REQ-000840,2026-05-28T04:00:00Z,normal_in_jurisdiction,OFF-0142,eff0953046ce4a5fb1d8ee91,Constable,1,POLICE,STATE_02_DIST_01_PS_03,STATE_02_DIST_01,STATE_02,LOW,ACTIVE,ASSIGNED,REC-000486,7688899d0d149034386f953b,CASE-00061,GENERAL_THEFT,VICTIM_RECORD,STATE_02_DIST_01_PS_03,STATE_02_DIST_01,STATE_02,POLICE,MEDIUM,true,false,false,false,OPEN,ACTIVE,true,true,true,false,INVESTIGATION,VIEW,false,false,NOT_REQUIRED,AFTER_HOURS,ONLINE,MANUAL_ESCALATION,P-2026-05-STEP1,false,true,0d8d3e244640372f46789fb8afa3d159251ecbb03e155f09b5968e1894471e01
REQ-000841,2026-06-04T04:14:00Z,stale_case_assignment,OFF-0210,4150a8ceaba40e213683ea41,Constable,1,POLICE,STATE_02_DIST_01_PS_01,STATE_02_DIST_01,STATE_02,LOW,ACTIVE,STALE,REC-000236,6971f605042660df67234258,CASE-00080,GENERAL_THEFT,FORENSIC_REPORT,STATE_03_DIST_03_PS_01,STATE_03_DIST_03,STATE_03,POLICE,CLASSIFIED,false,false,false,false,OPEN,ACTIVE,false,false,false,true,INVESTIGATION,VIEW,false,false,MISSING,BUSINESS_HOURS,ONLINE,CCTNS_STYLE_API,P-2026-05-STEP1,false,true,7e50d992fd9b8cbb28729a87875547e0031ea6d8b61d464bd881ebe475047ca3
REQ-000842,2026-06-03T00:24:00Z,cross_jurisdiction_sensitive,OFF-0018,f8755a48fce2988e7e892881,Constable,1,POLICE,STATE_03_DIST_03_PS_01,STATE_03_DIST_03,STATE_03,LOW,ACTIVE,NOT_ASSIGNED,REC-000175,6b83433c88ff38205da4e6d8,CASE-00331,CYBER_FRAUD,WITNESS_STATEMENT,STATE_01_DIST_04_PS_02,STATE_01_DIST_04,STATE_01,POLICE,HIGH,false,true,false,false,SEALED,ACTIVE,false,false,false,true,FORENSIC_REVIEW,VIEW,false,false,PRESENT_VALID,BUSINESS_HOURS,ONLINE,MANUAL_ESCALATION,P-2026-05-STEP1,false,true,f55f9d15c6f1f12c7b231aa7765be893d201297400e7e280c2a8d1ca89bad6ba
REQ-000843,2026-05-30T12:18:00Z,juvenile_sensitive,OFF-0047,6734000e8363d6ae298dddfd,Head Constable,2,POLICE,STATE_01_DIST_03_PS_03,STATE_01_DIST_03,STATE_01,LOW,ACTIVE,NOT_ASSIGNED,REC-000076,035947ce158c415bf5e8b231,CASE-00235,JUVENILE_PROTECTION,WITNESS_STATEMENT,STATE_02_DIST_03_PS_03,STATE_02_DIST_03,STATE_02,POLICE,HIGH,false,true,true,false,OPEN,UNDER_REVIEW,false,false,false,true,SUPERVISION,UPDATE,false,false,MISSING,BUSINESS_HOURS,ONLINE,ICJS_STYLE_EXCHANGE,P-2026-05-STEP1,false,true,a893ddab0db07c341619041e24f6ae1c285a685d3d053268316551708727c1fc
REQ-000844,2026-06-03T14:52:00Z,revoked_credential,OFF-0207,cad50d4d8a49a83faad951a4,Head Constable,2,POLICE,STATE_02_DIST_01_PS_02,STATE_02_DIST_01,STATE_02,LOW,REVOKED,NOT_ASSIGNED,REC-000717,cc15b0789fbb4ed267c3ed39,CASE-00186,CYBER_FRAUD,VICTIM_RECORD,STATE_01_DIST_02_PS_02,STATE_01_DIST_02,STATE_01,POLICE,HIGH,true,false,false,false,OPEN,ARCHIVED,false,false,false,true,INVESTIGATION,VIEW,false,false,MISSING,NIGHT,DEGRADED,CCTNS_STYLE_API,P-2026-05-STEP1,false,true,10f5b1cb2059abcb7aefea5eab533e6f99cea3a8b471fc14122b69dac87f9756
REQ-000845,2026-06-03T15:05:00Z,revoked_credential,OFF-0147,94b2d412892c95cbfdbe73cd,Forensic Officer,4,FORENSIC,STATE_02_DIST_03_PS_02,STATE_02_DIST_03,STATE_02,HIGH,REVOKED,NOT_ASSIGNED,REC-000208,3387ee3b0be0919f165e192f,CASE-00216,WOMEN_CHILD_SAFETY,FORENSIC_REPORT,STATE_03_DIST_03_PS_02,STATE_03_DIST_03,STATE_03,POLICE,HIGH,true,false,false,false,OPEN,ACTIVE,false,false,false,true,AUDIT,VIEW,false,false,MISSING,BUSINESS_HOURS,ONLINE,MANUAL_ESCALATION,P-2026-05-STEP1,false,true,635e56f02280071ceafc6aa50508d55ac33d8c3f9269867416f8842c9105ad65
REQ-000846,2026-05-29T22:30:00Z,random_context,OFF-0070,73b99e563b8590d8f1f3488f,Sub-Inspector,3,POLICE,STATE_02_DIST_02_PS_02,STATE_02_DIST_02,STATE_02,MEDIUM,ACTIVE,NOT_ASSIGNED,REC-000101,89cb204fbfc33d55534482e2,CASE-00312,WOMEN_CHILD_SAFETY,VICTIM_RECORD,STATE_03_DIST_03_PS_02,STATE_03_DIST_03,STATE_03,POLICE,HIGH,true,false,false,false,OPEN,ARCHIVED,false,false,false,true,FORENSIC_REVIEW,VIEW,false,false,PRESENT_VALID,BUSINESS_HOURS,ONLINE,ICJS_STYLE_EXCHANGE,P-2026-05-STEP1,false,true,de00438befcd59560abe4dd4bf0a65e3dc21c3594eced1bbbf9063dc4f043238
REQ-000847,2026-05-31T16:56:00Z,revoked_credential,OFF-0069,ecaec2b1bb689d9a6ebf8cca,Constable,1,POLICE,STATE_02_DIST_02_PS_03,STATE_02_DIST_02,STATE_02,LOW,REVOKED,NOT_ASSIGNED,REC-000521,fdb7034b483c7023be0c105f,CASE-00240,WOMEN_CHILD_SAFETY,JUVENILE_RECORD,STATE_03_DIST_01_PS_03,STATE_03_DIST_01,STATE_03,POLICE,CLASSIFIED,true,false,true,false,OPEN,ACTIVE,false,false,false,true,INVESTIGATION,DOWNLOAD,false,false,MISSING,BUSINESS_HOURS,ONLINE,MANUAL_ESCALATION,P-2026-05-STEP1,false,true,6e0c87d20fde882f2afb3e5df6db1c901b1fead23802aee0f5c6f08c20aebdd2
REQ-000848,2026-05-28T04:16:00Z,normal_in_jurisdiction,OFF-0017,81f27590363500d418d0fc7b,Sub-Inspector,3,POLICE,STATE_03_DIST_04_PS_02,STATE_03_DIST_04,STATE_03,MEDIUM,ACTIVE,ASSIGNED,REC-000263,68994c9b44433265a4ba8f45,CASE-00286,MISSING_PERSON,WITNESS_STATEMENT,STATE_03_DIST_04_PS_02,STATE_03_DIST_04,STATE_03,POLICE,MEDIUM,false,true,false,false,OPEN,ACTIVE,true,true,true,false,INVESTIGATION,VIEW,false,false,NOT_REQUIRED,AFTER_HOURS,ONLINE,CCTNS_STYLE_API,P-2026-05-STEP1,false,true,3810a5bb04ca92098a94536de637816f7d9e2f0350237f5dfa27d175e1b3e62b
REQ-000849,2026-05-28T18:27:00Z,expired_approval_token,OFF-0011,84a9b6fb8d6efe7cd09043f6,Inspector,4,POLICE,STATE_03_DIST_01_PS_01,STATE_03_DIST_01,STATE_03,MEDIUM,ACTIVE,NOT_ASSIGNED,REC-000691,956aca67b33c2620ff186459,CASE-00062,VIOLENT_CRIME,FORENSIC_REPORT,STATE_01_DIST_03_PS_02,STATE_01_DIST_03,STATE_01,POLICE,HIGH,false,false,false,false,OPEN,UNDER_REVIEW,false,false,false,true,INVESTIGATION,SHARE,false,false,EXPIRED,BUSINESS_HOURS,ONLINE,ICJS_STYLE_EXCHANGE,P-2026-05-STEP1,false,true,7a2b719d54e71dfad9d7edb46a982a47156871400637d88260f778dea441ecea
REQ-000850,2026-05-31T17:20:00Z,revoked_credential,OFF-0040,c5c5b540de8f1dde6964dc89,Sub-Inspector,3,POLICE,STATE_03_DIST_02_PS_03,STATE_03_DIST_02,STATE_03,MEDIUM,REVOKED,NOT_ASSIGNED,REC-000272,9f0f7289f61179e609d4afba,CASE-00125,JUVENILE_PROTECTION,COURT_SUBMISSION,STATE_03_DIST_03_PS_03,STATE_03_DIST_03,STATE_03,POLICE,MEDIUM,false,false,true,false,OPEN,ARCHIVED,false,false,true,true,INVESTIGATION,VIEW,false,false,MISSING,NIGHT,ONLINE,ICJS_STYLE_EXCHANGE,P-2026-05-STEP1,false,true,32a5732a66bf30aa5f7d8e951675f1bf1e7007e70132e974c48f4da6b7ee6054
REQ-000851,2026-06-01T21:50:00Z,cross_jurisdiction_sensitive,OFF-0027,0333fdd2d35c528a38a1dbe4,Head Constable,2,POLICE,STATE_02_DIST_01_PS_01,STATE_02_DIST_01,STATE_02,LOW,ACTIVE,NOT_ASSIGNED,REC-000703,f38779c74978e4aefc78ffac,CASE-00050,CYBER_FRAUD,VICTIM_RECORD,STATE_01_DIST_02_PS_02,STATE_01_DIST_02,STATE_01,POLICE,CLASSIFIED,true,false,false,false,OPEN,UNDER_REVIEW,false,false,false,true,INVESTIGATION,VIEW,false,false,PRESENT_VALID,BUSINESS_HOURS,ONLINE,MANUAL_ESCALATION,P-2026-05-STEP1,false,true,6389b1ac3b28d54f825d24006edeabb5d7999cd699a5377337666c55c8c316ac
REQ-000852,2026-05-28T18:36:00Z,sealed_record,OFF-0178,2be0332c4385b770ea00150b,Constable,1,POLICE,STATE_03_DIST_03_PS_02,STATE_03_DIST_03,STATE_03,LOW,ACTIVE,NOT_ASSIGNED,REC-000832,c61a779f1fe7672fae37b284,CASE-00274,VIOLENT_CRIME,CYBERCRIME_COMPLAINT,STATE_02_DIST_03_PS_01,STATE_02_DIST_03,STATE_02,POLICE,HIGH,false,false,false,false,SEALED,ACTIVE,false,false,false,true,PROSECUTION_REVIEW,VIEW,false,true,MISSING,BUSINESS_HOURS,ONLINE,MANUAL_ESCALATION,P-2026-05-STEP1,false,true,af19d8da872ac5af85c5e3d011a8d71e6ac303c0f58825400c0ec6cb15fbafb1
REQ-000853,2026-05-29T08:52:00Z,stale_case_assignment,OFF-0183,95ff51d542090c1b60accce5,Constable,1,POLICE,STATE_02_DIST_04_PS_01,STATE_02_DIST_04,STATE_02,LOW,ACTIVE,STALE,REC-000196,2b5c0f81a93bb857349468a0,CASE-00142,VIOLENT_CRIME,CYBERCRIME_COMPLAINT,STATE_01_DIST_01_PS_02,STATE_01_DIST_01,STATE_01,POLICE,HIGH,false,false,false,false,OPEN,ACTIVE,false,false,false,true,INVESTIGATION,VIEW,false,false,MISSING,AFTER_HOURS,STATION_NODE_DOWN,ICJS_STYLE_EXCHANGE,P-2026-05-STEP1,false,true,3f03c839158741a599045c6d08fb4d69c7fda32c6ad78202b9a3ebb5a5c15aea
REQ-000854,2026-05-31T17:52:00Z,sealed_record,OFF-0046,ceb8bb971ba08b4df678d1fa,Constable,1,POLICE,STATE_01_DIST_03_PS_02,STATE_01_DIST_03,STATE_01,LOW,ACTIVE,NOT_ASSIGNED,REC-000061,de8ed503b092aff04a4f6676,CASE-00083,NARCOTICS,COURT_SUBMISSION,STATE_03_DIST_01_PS_03,STATE_03_DIST_01,STATE_03,POLICE,HIGH,false,false,false,false,SEALED,ACTIVE,false,false,false,true,COURT_PRODUCTION,SHARE,false,true,MISSING,AFTER_HOURS,ONLINE,MANUAL_ESCALATION,P-2026-05-STEP1,false,true,f6a9ef4f35367c56d9ab513ae4ca944fb5e6345cff05436237fa330734229fdc
REQ-000855,2026-06-05T12:00:00Z,juvenile_sensitive,OFF-0057,cf4f97b5eda3195f8d5d3726,Constable,1,POLICE,STATE_01_DIST_03_PS_01,STATE_01_DIST_03,STATE_01,LOW,ACTIVE,NOT_ASSIGNED,REC-000557,c8d16cfb81beee7a577351be,CASE-00017,CYBER_FRAUD,JUVENILE_RECORD,STATE_03_DIST_02_PS_01,STATE_03_DIST_02,STATE_03,POLICE,CLASSIFIED,false,false,true,false,OPEN,ACTIVE,false,false,false,true,SUPERVISION,VIEW,false,false,MISSING,AFTER_HOURS,STATION_NODE_DOWN,MANUAL_ESCALATION,P-2026-05-STEP1,false,true,b66456d35a4a7a6415ea584f65ce837f210129b5f6948a2cf9b5c95f6e5929b3
REQ-000856,2026-06-01T08:24:00Z,sealed_record,OFF-0164,eb2cec3f8312decabe6f3925,Prosecutor Liaison,4,PROSECUTION,STATE_03_DIST_04_PS_03,STATE_03_DIST_04,STATE_03,MEDIUM,ACTIVE,NOT_ASSIGNED,REC-000882,ecfb369b0f84a0bf378e9da9,CASE-00266,MISSING_PERSON,WITNESS_STATEMENT,STATE_01_DIST_01_PS_02,STATE_01_DIST_01,STATE_01,POLICE,CLASSIFIED,false,true,false,false,SEALED,ACTIVE,false,false,false,true,PROSECUTION_REVIEW,UPDATE,false,true,MISSING,BUSINESS_HOURS,ONLINE,CCTNS_STYLE_API,P-2026-05-STEP1,false,true,4830de321cd2707572664fd01c75515ba40495876e7a5cbcaf5beb7993a14303
REQ-000857,2026-06-01T08:33:00Z,random_context,OFF-0110,7ea4c7cce178f9ad9715431c,Sub-Inspector,3,POLICE,STATE_01_DIST_01_PS_03,STATE_01_DIST_01,STATE_01,MEDIUM,ACTIVE,NOT_ASSIGNED,REC-000864,a9cbee3038e84f297bca5de4,CASE-00294,VIOLENT_CRIME,EVIDENCE_MEDIA,STATE_01_DIST_04_PS_03,STATE_01_DIST_04,STATE_01,POLICE,CLASSIFIED,false,false,false,true,OPEN,ARCHIVED,false,false,true,true,INVESTIGATION,APPROVE,false,false,MISSING,BUSINESS_HOURS,ONLINE,ICJS_STYLE_EXCHANGE,P-2026-05-STEP1,false,true,5f6474c134e4543715d45923e34ff9034fd86cb675317b3fe259afc7746d1a55
REQ-000858,2026-06-05T12:48:00Z,sealed_record,OFF-0146,59518bd254aa8c0d0b7a139c,Senior Superintendent,6,POLICE,STATE_02_DIST_02_PS_02,STATE_02_DIST_02,STATE_02,CLASSIFIED,ACTIVE,NOT_ASSIGNED,REC-000602,202493a89eae5b6458ec7ff8,CASE-00199,JUVENILE_PROTECTION,WITNESS_STATEMENT,STATE_02_DIST_03_PS_02,STATE_02_DIST_03,STATE_02,POLICE,HIGH,false,true,true,false,SEALED,UNDER_REVIEW,false,false,true,true,INVESTIGATION,APPROVE,false,false,MISSING,BUSINESS_HOURS,ONLINE,ICJS_STYLE_EXCHANGE,P-2026-05-STEP1,false,true,54dde8b2108e2239194d43433ec176da4ebc9e618ccbddce684e7299ee03d210
REQ-000859,2026-05-28T18:57:00Z,stale_case_assignment,OFF-0196,d60f48d22e03c3316a18fa6d,Head Constable,2,POLICE,STATE_02_DIST_03_PS_01,STATE_02_DIST_03,STATE_02,LOW,ACTIVE,STALE,REC-000521,fdb7034b483c7023be0c105f,CASE-00240,WOMEN_CHILD_SAFETY,JUVENILE_RECORD,STATE_03_DIST_01_PS_03,STATE_03_DIST_01,STATE_03,POLICE,CLASSIFIED,true,false,true,false,OPEN,ACTIVE,false,false,false,true,INVESTIGATION,VIEW,false,false,MISSING,AFTER_HOURS,ONLINE,MANUAL_ESCALATION,P-2026-05-STEP1,false,true,4c00987ad1d396ccc793db27d50c32e7540a85e4b608e8451add67373505d293
REQ-000860,2026-05-31T04:20:00Z,normal_in_jurisdiction,OFF-0232,8e0a9feb90e3ea8a4997b70d,Forensic Officer,4,FORENSIC,STATE_03_DIST_03_PS_03,STATE_03_DIST_03,STATE_03,HIGH,ACTIVE,ASSIGNED,REC-000272,9f0f7289f61179e609d4afba,CASE-00125,JUVENILE_PROTECTION,COURT_SUBMISSION,STATE_03_DIST_03_PS_03,STATE_03_DIST_03,STATE_03,POLICE,MEDIUM,false,false,true,false,OPEN,ARCHIVED,true,true,true,false,INVESTIGATION,VIEW,false,false,NOT_REQUIRED,BUSINESS_HOURS,ONLINE,ICJS_STYLE_EXCHANGE,P-2026-05-STEP1,false,true,e1c7bfddd1a53d5203460441edc455bbd7295a50e4a1bf16671e9d3c56104db0
REQ-000861,2026-05-30T14:06:00Z,cross_jurisdiction_sensitive,OFF-0187,dea3496d0907b239fdcdd5a2,Inspector,4,POLICE,STATE_02_DIST_02_PS_03,STATE_02_DIST_02,STATE_02,MEDIUM,ACTIVE,NOT_ASSIGNED,REC-000040,88b72e520b29734a6950a1ba,CASE-00176,FINANCIAL_CRIME,VICTIM_RECORD,STATE_03_DIST_01_PS_03,STATE_03_DIST_01,STATE_03,POLICE,CLASSIFIED,true,false,false,false,OPEN,ACTIVE,false,false,false,true,SUPERVISION,UPDATE,false,false,PRESENT_VALID,NIGHT,ONLINE,ICJS_STYLE_EXCHANGE,P-2026-05-STEP1,false,true,77f843e2538578268ed78981e236e2f188ee49dc4a5829604e1447e8b0abf983
REQ-000862,2026-05-28T04:44:00Z,court_request,OFF-0028,8ec325482a0f9259719128c5,Prosecutor Liaison,4,PROSECUTION,STATE_01_DIST_03_PS_03,STATE_01_DIST_03,STATE_01,MEDIUM,ACTIVE,NOT_ASSIGNED,REC-000592,34c63fb4a90f2aefe4cd515c,CASE-00201,VIOLENT_CRIME,CYBERCRIME_COMPLAINT,STATE_01_DIST_02_PS_02,STATE_01_DIST_02,STATE_01,POLICE,HIGH,false,false,false,false,OPEN,UNDER_REVIEW,false,false,true,true,COURT_PRODUCTION,VIEW,false,true,PRESENT_VALID,BUSINESS_HOURS,ONLINE,MANUAL_ESCALATION,P-2026-05-STEP1,false,true,b22018e29cffd583edce2b47a91ee97a36e767decf13cbd621fae6d0f013ebde
REQ-000863,2026-05-29T23:55:00Z,random_context,OFF-0083,eab5f274c3e036f9a382d87d,Senior Superintendent,6,POLICE,STATE_01_DIST_03_PS_01,STATE_01_DIST_03,STATE_01,CLASSIFIED,ACTIVE,NOT_ASSIGNED,REC-000033,25579b73e0cca8193764a119,CASE-00151,CYBER_FRAUD,EVIDENCE_MEDIA,STATE_02_DIST_01_PS_01,STATE_02_DIST_01,STATE_02,POLICE,HIGH,false,false,false,true,SEALED,ACTIVE,false,false,false,true,SUPERVISION,VIEW,false,false,NOT_REQUIRED,AFTER_HOURS,ONLINE,CCTNS_STYLE_API,P-2026-05-STEP1,false,true,d553ca566c52108b151bae90e1690741b750d553025c6b08f752aa5f511e368e
REQ-000864,2026-06-05T14:24:00Z,revoked_credential,OFF-0040,c5c5b540de8f1dde6964dc89,Sub-Inspector,3,POLICE,STATE_03_DIST_02_PS_03,STATE_03_DIST_02,STATE_03,MEDIUM,REVOKED,NOT_ASSIGNED,REC-000015,04bb3bbec77f28b17144322b,CASE-00232,WOMEN_CHILD_SAFETY,CASE_DIARY,STATE_03_DIST_02_PS_01,STATE_03_DIST_02,STATE_03,POLICE,HIGH,true,false,false,false,OPEN,ACTIVE,false,true,true,false,INVESTIGATION,SHARE,false,false,MISSING,BUSINESS_HOURS,ONLINE,ICJS_STYLE_EXCHANGE,P-2026-05-STEP1,false,true,3da63ed33fa88efcc001cbe93aaf51f92b1cbbb94cc7116aff3b14f3f2449201
REQ-000865,2026-06-03T05:00:00Z,cross_jurisdiction_sensitive,OFF-0168,ccfa52e7df949ec76b129260,Sub-Inspector,3,POLICE,STATE_01_DIST_03_PS_03,STATE_01_DIST_03,STATE_01,MEDIUM,ACTIVE,NOT_ASSIGNED,REC-000142,7ea32c97005a806e5d7f7a11,CASE-00131,GENERAL_THEFT,FORENSIC_REPORT,STATE_03_DIST_04_PS_03,STATE_03_DIST_04,STATE_03,POLICE,HIGH,false,false,false,false,OPEN,ACTIVE,false,false,false,true,INVESTIGATION,VIEW,false,false,MISSING,BUSINESS_HOURS,ONLINE,CCTNS_STYLE_API,P-2026-05-STEP1,false,true,c7de5f299ac53c684326de94b6c82d519897a620db1fa54302c2c4bdd0c9b116
REQ-000866,2026-05-31T19:28:00Z,emergency_override,OFF-0233,072b2cbde28c17244de8ae4d,Constable,1,POLICE,STATE_01_DIST_04_PS_03,STATE_01_DIST_04,STATE_01,LOW,ACTIVE,NOT_ASSIGNED,REC-000112,ca599d02bf178b76d92d8a98,CASE-00185,CYBER_FRAUD,FIR_SUMMARY,STATE_03_DIST_04_PS_01,STATE_03_DIST_04,STATE_03,POLICE,CLASSIFIED,false,false,false,false,OPEN,ARCHIVED,false,false,false,true,EMERGENCY_RESPONSE,DOWNLOAD,true,false,MISSING,BUSINESS_HOURS,ONLINE,ICJS_STYLE_EXCHANGE,P-2026-05-STEP1,false,true,c2c08e15a85a532808b77d1618d099ffb7ab20c36b7b5bda2627936b83761229
REQ-000867,2026-06-03T19:51:00Z,stale_case_assignment,OFF-0172,59295c95c257a05519b6f91d,Inspector,4,POLICE,STATE_03_DIST_02_PS_02,STATE_03_DIST_02,STATE_03,MEDIUM,ACTIVE,STALE,REC-000899,329489987bf6e3ab7bfd4769,CASE-00205,FINANCIAL_CRIME,VICTIM_RECORD,STATE_02_DIST_02_PS_01,STATE_02_DIST_02,STATE_02,POLICE,HIGH,true,false,false,false,OPEN,ACTIVE,false,false,false,true,INVESTIGATION,VIEW,false,false,MISSING,BUSINESS_HOURS,ONLINE,CCTNS_STYLE_API,P-2026-05-STEP1,false,true,39c89b47176df123b02e07fc35c99a143ee0bc68a93da6a146888bec42e1137d
REQ-000868,2026-05-30T14:48:00Z,emergency_override,OFF-0211,5e223aae914ba42e97c387c1,Head Constable,2,POLICE,STATE_01_DIST_01_PS_01,STATE_01_DIST_01,STATE_01,LOW,ACTIVE,NOT_ASSIGNED,REC-000802,14a811b89adf18999a258ce2,CASE-00057,MISSING_PERSON,COURT_SUBMISSION,STATE_01_DIST_03_PS_02,STATE_01_DIST_03,STATE_01,POLICE,HIGH,false,false,false,false,OPEN,ACTIVE,false,false,true,true,EMERGENCY_RESPONSE,VIEW,true,false,MISSING,BUSINESS_HOURS,ONLINE,CCTNS_STYLE_API,P-2026-05-STEP1,false,true,968778b38759f0959d319af404cb5b69f690f1b1189379286f4108754c9e399b
REQ-000869,2026-06-03T05:48:00Z,normal_in_jurisdiction,OFF-0199,8c053db99a24095548996524,Constable,1,POLICE,STATE_01_DIST_04_PS_01,STATE_01_DIST_04,STATE_01,LOW,ACTIVE,ASSIGNED,REC-000854,6db7c5075e1c51bf79a23ffe,CASE-00025,GENERAL_THEFT,COURT_SUBMISSION,STATE_01_DIST_04_PS_01,STATE_01_DIST_04,STATE_01,POLICE,MEDIUM,false,false,false,false,OPEN,ACTIVE,true,true,true,false,INVESTIGATION,VIEW,false,false,NOT_REQUIRED,BUSINESS_HOURS,ONLINE,MANUAL_ESCALATION,P-2026-05-STEP1,false,true,04e97afa9911ea5082389b60463964dd56d1d2241e2b7937d81c32188fbc0557
REQ-000870,2026-05-31T20:00:00Z,random_context,OFF-0216,63cd4d5013242ca51327d961,Head Constable,2,POLICE,STATE_01_DIST_04_PS_02,STATE_01_DIST_04,STATE_01,LOW,ACTIVE,NOT_ASSIGNED,REC-000256,eda072470422c2d10fd9265d,CASE-00236,MISSING_PERSON,JUVENILE_RECORD,STATE_01_DIST_04_PS_03,STATE_01_DIST_04,STATE_01,POLICE,CLASSIFIED,false,false,true,false,SEALED,ARCHIVED,false,true,true,false,FORENSIC_REVIEW,VIEW,false,false,NOT_REQUIRED,BUSINESS_HOURS,STATION_NODE_DOWN,CCTNS_STYLE_API,P-2026-05-STEP1,false,true,4b66b879c3c31d71f33ac9162d538632909852f1b9e32f1d12707b24bea54a7a
REQ-000871,2026-05-28T19:33:00Z,cross_jurisdiction_sensitive,OFF-0015,69527641f80b28a01bb229b7,Constable,1,POLICE,STATE_02_DIST_01_PS_01,STATE_02_DIST_01,STATE_02,LOW,ACTIVE,NOT_ASSIGNED,REC-000329,1c6ecb2d745c985d50c99379,CASE-00055,MISSING_PERSON,VICTIM_RECORD,STATE_03_DIST_04_PS_01,STATE_03_DIST_04,STATE_03,POLICE,CLASSIFIED,true,false,false,false,OPEN,ACTIVE,false,false,false,true,INVESTIGATION,DOWNLOAD,false,false,MISSING,AFTER_HOURS,ONLINE,CCTNS_STYLE_API,P-2026-05-STEP1,false,true,3d167f774a0b3591e062517d51566328c192512f4c81f9fb62af1f230396c9a6
REQ-000872,2026-05-31T05:44:00Z,expired_approval_token,OFF-0041,6adbebf965a8665f8e3dd8db,Station House Officer,5,POLICE,STATE_02_DIST_03_PS_03,STATE_02_DIST_03,STATE_02,HIGH,ACTIVE,NOT_ASSIGNED,REC-000662,56ad840f9fb936d6e9bc5567,CASE-00351,FINANCIAL_CRIME,VICTIM_RECORD,STATE_02_DIST_03_PS_01,STATE_02_DIST_03,STATE_02,POLICE,HIGH,true,false,false,false,OPEN,ACTIVE,false,true,true,false,INVESTIGATION,DOWNLOAD,false,false,EXPIRED,NIGHT,ONLINE,ICJS_STYLE_EXCHANGE,P-2026-05-STEP1,false,true,c5ddd863a3e728350d421a9a45289cc3d6e4197717a68308b9f2c03a1ea00ddc
REQ-000873,2026-05-31T05:51:00Z,random_context,OFF-0013,3573eec47a61bb4c69e2b339,Senior Superintendent,6,POLICE,STATE_02_DIST_03_PS_01,STATE_02_DIST_03,STATE_02,CLASSIFIED,SUSPENDED,NOT_ASSIGNED,REC-000131,3f62490bb6003e08aff86a5d,CASE-00205,FINANCIAL_CRIME,EVIDENCE_MEDIA,STATE_02_DIST_02_PS_01,STATE_02_DIST_02,STATE_02,POLICE,CLASSIFIED,false,false,false,true,OPEN,ACTIVE,false,false,true,true,INVESTIGATION,VIEW,false,false,PRESENT_VALID,BUSINESS_HOURS,STATION_NODE_DOWN,CCTNS_STYLE_API,P-2026-05-STEP1,false,true,43cf1420dd87a169c47d95ee2a3e95002fcedd520aafd1e79faee2cc1f24eaeb
REQ-000874,2026-06-02T01:40:00Z,stale_case_assignment,OFF-0107,fb4c90a703ac874dae2f1454,Head Constable,2,POLICE,STATE_02_DIST_01_PS_03,STATE_02_DIST_01,STATE_02,LOW,ACTIVE,STALE,REC-000243,206ecfa615baf8d96316ecca,CASE-00015,GENERAL_THEFT,FORENSIC_REPORT,STATE_02_DIST_02_PS_03,STATE_02_DIST_02,STATE_02,POLICE,HIGH,false,false,false,false,OPEN,ARCHIVED,false,false,true,true,INVESTIGATION,VIEW,false,false,MISSING,NIGHT,ONLINE,CCTNS_STYLE_API,P-2026-05-STEP1,false,true,08bc3e692648cf120deb8466ff0aa416105b7fe10a4c83906e0f4c078b941cd1
REQ-000875,2026-06-03T07:00:00Z,court_request,OFF-0220,5f5d03cad2864eb9986177dd,Inspector,4,POLICE,STATE_01_DIST_04_PS_03,STATE_01_DIST_04,STATE_01,MEDIUM,ACTIVE,NOT_ASSIGNED,REC-000039,b5bb4318d3ac813114ba006d,CASE-00327,FINANCIAL_CRIME,CASE_DIARY,STATE_02_DIST_04_PS_03,STATE_02_DIST_04,STATE_02,POLICE,MEDIUM,false,false,false,false,OPEN,ARCHIVED,false,false,false,true,COURT_PRODUCTION,VIEW,false,true,PRESENT_VALID,BUSINESS_HOURS,ONLINE,ICJS_STYLE_EXCHANGE,P-2026-05-STEP1,false,true,a0b97b3d5ff607a81f07f684740d50d778d0dc478cce27b7a42c7303a5858842
REQ-000876,2026-05-29T10:24:00Z,normal_in_jurisdiction,OFF-0238,0d893c2441da140e8c46fc54,Constable,1,POLICE,STATE_03_DIST_02_PS_03,STATE_03_DIST_02,STATE_03,LOW,ACTIVE,ASSIGNED,REC-000054,1401f3e1054a0aaab0eeff1c,CASE-00352,MISSING_PERSON,COURT_SUBMISSION,STATE_03_DIST_02_PS_03,STATE_03_DIST_02,STATE_03,POLICE,MEDIUM,false,false,false,false,OPEN,ACTIVE,true,true,true,false,INVESTIGATION,VIEW,false,false,NOT_REQUIRED,BUSINESS_HOURS,DEGRADED,CCTNS_STYLE_API,P-2026-05-STEP1,false,true,43f38f3a7488231fea6aeb2635b7ccf91d19aea9a63db335a79aabafe7c1c744
REQ-000877,2026-06-06T08:29:00Z,stale_case_assignment,OFF-0068,fe7f0fee4990978ba985ec2d,Cybercrime Officer,4,CYBERCRIME,STATE_01_DIST_04_PS_02,STATE_01_DIST_04,STATE_01,HIGH,ACTIVE,STALE,REC-000421,976d2f8733581e30043bd0d1,CASE-00327,FINANCIAL_CRIME,CASE_DIARY,STATE_02_DIST_04_PS_03,STATE_02_DIST_04,STATE_02,POLICE,HIGH,false,false,false,false,OPEN,ACTIVE,false,false,false,true,INVESTIGATION,VIEW,false,false,MISSING,BUSINESS_HOURS,ONLINE,MANUAL_ESCALATION,P-2026-05-STEP1,false,true,d6e7728705b791a1fafc97f911ad4284232f06059aec6b8adbef8fe72f1cd983
REQ-000878,2026-06-05T18:08:00Z,normal_in_jurisdiction,OFF-0084,71f10fb896bfac44fed3436e,Inspector,4,POLICE,STATE_02_DIST_04_PS_01,STATE_02_DIST_04,STATE_02,MEDIUM,ACTIVE,ASSIGNED,REC-000503,6306f9f14c804fd8a63eb60c,CASE-00071,VIOLENT_CRIME,COURT_SUBMISSION,STATE_02_DIST_04_PS_01,STATE_02_DIST_04,STATE_02,POLICE,MEDIUM,false,false,false,false,OPEN,ACTIVE,true,true,true,false,INVESTIGATION,VIEW,false,false,NOT_REQUIRED,BUSINESS_HOURS,ONLINE,MANUAL_ESCALATION,P-2026-05-STEP1,false,true,8aff6193fcfa8c597b659c16bac49ce95ca9d56eff703132db97a2f1d2ee85b4
REQ-000879,2026-05-30T15:54:00Z,normal_in_jurisdiction,OFF-0020,fcd532f0d95281220fe7337b,Station House Officer,5,POLICE,STATE_01_DIST_02_PS_01,STATE_01_DIST_02,STATE_01,HIGH,ACTIVE,ASSIGNED,REC-000508,3a993cc7b9f6a4ba103eaf9d,CASE-00173,FINANCIAL_CRIME,FIR_SUMMARY,STATE_01_DIST_02_PS_01,STATE_01_DIST_02,STATE_01,POLICE,MEDIUM,false,false,false,false,OPEN,ACTIVE,true,true,true,false,INVESTIGATION,VIEW,false,false,NOT_REQUIRED,AFTER_HOURS,ONLINE,ICJS_STYLE_EXCHANGE,P-2026-05-STEP1,false,true,2e435f775af2020163d7186d75e873d104a9893abfd22a84f7bd48e09761cf67
REQ-000880,2026-06-05T04:00:00Z,revoked_credential,OFF-0215,61fb1f33fe73b6361966f242,Inspector,4,POLICE,STATE_01_DIST_04_PS_03,STATE_01_DIST_04,STATE_01,MEDIUM,REVOKED,NOT_ASSIGNED,REC-000416,dd426d66ef5f5ae466c5867b,CASE-00010,GENERAL_THEFT,FIR_SUMMARY,STATE_02_DIST_04_PS_01,STATE_02_DIST_04,STATE_02,POLICE,LOW,false,false,false,false,OPEN,ACTIVE,false,false,false,true,INVESTIGATION,VIEW,false,false,MISSING,BUSINESS_HOURS,ONLINE,CCTNS_STYLE_API,P-2026-05-STEP1,false,true,30561672e55c9b3fda10976a41fc9d9d9154804ef6b727eaf0be08f9c2c69575
REQ-000881,2026-05-28T05:22:00Z,court_request,OFF-0171,4bb363d085866d6dbe19f005,Constable,1,POLICE,STATE_03_DIST_02_PS_03,STATE_03_DIST_02,STATE_03,LOW,ACTIVE,NOT_ASSIGNED,REC-000009,63c910ce62e656e7950b3fc5,CASE-00098,MISSING_PERSON,FIR_SUMMARY,STATE_01_DIST_02_PS_02,STATE_01_DIST_02,STATE_01,POLICE,LOW,false,false,false,false,OPEN,ACTIVE,false,false,false,true,PROSECUTION_REVIEW,VIEW,false,true,PRESENT_VALID,BUSINESS_HOURS,ONLINE,MANUAL_ESCALATION,P-2026-05-STEP1,false,true,ba95af05270c8a55b5e7c0314166faad8d209f9a942df5a7e6a5dd6294eeb3a9
REQ-000882,2026-05-31T21:36:00Z,normal_in_jurisdiction,OFF-0113,46ac5b5381ef953a345ce319,Sub-Inspector,3,POLICE,STATE_03_DIST_03_PS_01,STATE_03_DIST_03,STATE_03,MEDIUM,ACTIVE,ASSIGNED,REC-000760,5c4dcd6cb3328632f88609d4,CASE-00129,FINANCIAL_CRIME,CYBERCRIME_COMPLAINT,STATE_03_DIST_03_PS_01,STATE_03_DIST_03,STATE_03,POLICE,MEDIUM,false,false,false,false,OPEN,ACTIVE,true,true,true,false,INVESTIGATION,VIEW,false,false,NOT_REQUIRED,NIGHT,ONLINE,ICJS_STYLE_EXCHANGE,P-2026-05-STEP1,false,true,3b6adce86cbc538f1c1338f8ec502b95f70387cc8ce16e2b155765a8b27be9fc
REQ-000883,2026-06-03T23:19:00Z,revoked_credential,OFF-0069,ecaec2b1bb689d9a6ebf8cca,Constable,1,POLICE,STATE_02_DIST_02_PS_03,STATE_02_DIST_02,STATE_02,LOW,REVOKED,NOT_ASSIGNED,REC-000101,89cb204fbfc33d55534482e2,CASE-00312,WOMEN_CHILD_SAFETY,VICTIM_RECORD,STATE_03_DIST_03_PS_02,STATE_03_DIST_03,STATE_03,POLICE,HIGH,true,false,false,false,OPEN,ARCHIVED,false,false,false,true,INVESTIGATION,VIEW,false,false,MISSING,AFTER_HOURS,ONLINE,CCTNS_STYLE_API,P-2026-05-STEP1,false,true,7f4522718eb5aaa9889205128811df0a1a757b0b3dc6963bf48b1d63b135cd24
REQ-000884,2026-06-05T19:44:00Z,normal_in_jurisdiction,OFF-0057,cf4f97b5eda3195f8d5d3726,Constable,1,POLICE,STATE_01_DIST_03_PS_01,STATE_01_DIST_03,STATE_01,LOW,ACTIVE,ASSIGNED,REC-000606,77d1ee9376ed628449b877ee,CASE-00136,NARCOTICS,COURT_SUBMISSION,STATE_01_DIST_03_PS_01,STATE_01_DIST_03,STATE_01,POLICE,MEDIUM,false,false,false,false,OPEN,UNDER_REVIEW,true,true,true,false,INVESTIGATION,VIEW,false,false,NOT_REQUIRED,BUSINESS_HOURS,ONLINE,MANUAL_ESCALATION,P-2026-05-STEP1,false,true,270cec8d7852f2deba703bdb3db80f2ec716c6d462bbcc3fbcdc6c0e129e0258
REQ-000885,2026-06-04T14:30:00Z,normal_in_jurisdiction,OFF-0091,516e122c203e5dd62fd9ee93,Constable,1,POLICE,STATE_01_DIST_04_PS_02,STATE_01_DIST_04,STATE_01,LOW,ACTIVE,ASSIGNED,REC-000315,05ba601a717ce064fee7e4a0,CASE-00187,CYBER_FRAUD,CYBERCRIME_COMPLAINT,STATE_01_DIST_04_PS_02,STATE_01_DIST_04,STATE_01,POLICE,MEDIUM,false,false,false,false,OPEN,ACTIVE,true,true,true,false,INVESTIGATION,VIEW,false,false,NOT_REQUIRED,BUSINESS_HOURS,ONLINE,MANUAL_ESCALATION,P-2026-05-STEP1,false,true,37c038b0af8fca16be9868e4afaeae36e08681db40a8be2f45a0cb360e2d7c4c
REQ-000886,2026-05-30T01:50:00Z,stale_case_assignment,OFF-0226,2f283926393a08241f4c19ba,Station House Officer,5,POLICE,STATE_03_DIST_04_PS_02,STATE_03_DIST_04,STATE_03,HIGH,ACTIVE,STALE,REC-000883,b011cf5ae48f4ee0fa784772,CASE-00196,FINANCIAL_CRIME,CASE_DIARY,STATE_02_DIST_04_PS_01,STATE_02_DIST_04,STATE_02,POLICE,HIGH,false,false,false,false,OPEN,ACTIVE,false,false,false,true,INVESTIGATION,VIEW,false,false,MISSING,BUSINESS_HOURS,ONLINE,MANUAL_ESCALATION,P-2026-05-STEP1,false,true,3c27b279e0928533f67d08602bab77ec71cd3d11a30ef1b157991d121d3d9073
REQ-000887,2026-06-03T09:24:00Z,random_context,OFF-0132,9a1678400f682a3201830c3a,Head Constable,2,POLICE,STATE_02_DIST_02_PS_03,STATE_02_DIST_02,STATE_02,LOW,ACTIVE,NOT_ASSIGNED,REC-000383,2bb01093000cff150787fcc9,CASE-00121,NARCOTICS,FIR_SUMMARY,STATE_01_DIST_02_PS_02,STATE_01_DIST_02,STATE_01,POLICE,LOW,false,false,false,false,OPEN,ARCHIVED,false,false,false,true,SUPERVISION,UPDATE,false,false,NOT_REQUIRED,BUSINESS_HOURS,ONLINE,MANUAL_ESCALATION,P-2026-05-STEP1,false,true,90ea20ac751b0afd997bd2eccf864d90d4aa170da5ab3b3d00544938e4a42f3d
REQ-000888,2026-06-02T04:00:00Z,cross_jurisdiction_sensitive,OFF-0174,0d9d0f67e217f12f80467acf,Constable,1,POLICE,STATE_02_DIST_02_PS_01,STATE_02_DIST_02,STATE_02,LOW,ACTIVE,NOT_ASSIGNED,REC-000570,bbe429bf8ae90c1182e92d2e,CASE-00329,CYBER_FRAUD,CASE_DIARY,STATE_03_DIST_01_PS_03,STATE_03_DIST_01,STATE_03,POLICE,CLASSIFIED,false,false,false,false,OPEN,ACTIVE,false,false,false,true,FORENSIC_REVIEW,DOWNLOAD,false,false,PRESENT_VALID,BUSINESS_HOURS,ONLINE,MANUAL_ESCALATION,P-2026-05-STEP1,false,true,6836924dd0444ca9c07c8fc8c275f1ddc6d6cc727140d70e481d5ac39771c7ad
REQ-000889,2026-06-01T13:21:00Z,sealed_record,OFF-0070,73b99e563b8590d8f1f3488f,Sub-Inspector,3,POLICE,STATE_02_DIST_02_PS_02,STATE_02_DIST_02,STATE_02,MEDIUM,ACTIVE,NOT_ASSIGNED,REC-000619,22d13ba63717ca715e5005a7,CASE-00051,VIOLENT_CRIME,COURT_SUBMISSION,STATE_03_DIST_04_PS_03,STATE_03_DIST_04,STATE_03,POLICE,MEDIUM,false,false,false,false,SEALED,ACTIVE,false,false,false,true,PROSECUTION_REVIEW,VIEW,false,true,MISSING,BUSINESS_HOURS,ONLINE,MANUAL_ESCALATION,P-2026-05-STEP1,false,true,5bfc33e60e36beea228684aa1ca098dae85b288306b14ad06cfa252b7ff73864
REQ-000890,2026-06-03T10:00:00Z,random_context,OFF-0074,0cef9a18606529b664cb0b3f,Sub-Inspector,3,POLICE,STATE_01_DIST_03_PS_03,STATE_01_DIST_03,STATE_01,MEDIUM,ACTIVE,NOT_ASSIGNED,REC-000778,a3a0b2f362254d267749f5a3,CASE-00080,GENERAL_THEFT,FORENSIC_REPORT,STATE_03_DIST_03_PS_01,STATE_03_DIST_03,STATE_03,POLICE,HIGH,false,false,false,false,OPEN,ACTIVE,false,false,false,true,AUDIT,DOWNLOAD,false,false,NOT_REQUIRED,BUSINESS_HOURS,ONLINE,MANUAL_ESCALATION,P-2026-05-STEP1,false,true,8d41541a8567215ab1a2822fd93ddad2ecac19ad3a5051d485aee3523d22a6b6
REQ-000891,2026-06-05T21:36:00Z,expired_approval_token,OFF-0044,e35d3d5ab37a57023a757cf4,Head Constable,2,POLICE,STATE_03_DIST_02_PS_03,STATE_03_DIST_02,STATE_03,LOW,ACTIVE,NOT_ASSIGNED,REC-000270,431cd98dd82eaadeaea9ba71,CASE-00049,CYBER_FRAUD,EVIDENCE_MEDIA,STATE_03_DIST_01_PS_02,STATE_03_DIST_01,STATE_03,POLICE,CLASSIFIED,false,false,false,true,SEALED,ARCHIVED,false,false,true,true,FORENSIC_REVIEW,UPDATE,false,false,EXPIRED,BUSINESS_HOURS,ONLINE,CCTNS_STYLE_API,P-2026-05-STEP1,false,true,9a85aa3d9c3f60cbeae12e2457db437676084524dce386e5f35905f1288e5b57
REQ-000892,2026-06-02T04:40:00Z,cross_jurisdiction_sensitive,OFF-0208,47e9daa6a9eddbbbae1d0bd7,Head Constable,2,POLICE,STATE_03_DIST_02_PS_03,STATE_03_DIST_02,STATE_03,LOW,ACTIVE,NOT_ASSIGNED,REC-000801,4bbf1e120418854fcea6448a,CASE-00095,MISSING_PERSON,CASE_DIARY,STATE_01_DIST_01_PS_02,STATE_01_DIST_01,STATE_01,POLICE,HIGH,false,false,false,false,OPEN,ACTIVE,false,false,false,true,SUPERVISION,SHARE,false,false,PRESENT_VALID,BUSINESS_HOURS,DEGRADED,ICJS_STYLE_EXCHANGE,P-2026-05-STEP1,false,true,3f385f7d9573d3aa984dc7ce2b34db4c2cf2bba6409ed4eb0788d3261ad53e86
REQ-000893,2026-06-04T16:22:00Z,juvenile_sensitive,OFF-0063,d57f9cfca107b054602e3afe,Forensic Officer,4,FORENSIC,STATE_03_DIST_01_PS_03,STATE_03_DIST_01,STATE_03,HIGH,ACTIVE,NOT_ASSIGNED,REC-000513,681b4f93de08437e40966100,CASE-00333,JUVENILE_PROTECTION,VICTIM_RECORD,STATE_02_DIST_01_PS_02,STATE_02_DIST_01,STATE_02,POLICE,MEDIUM,true,false,true,false,OPEN,ACTIVE,false,false,false,true,SUPERVISION,SHARE,false,false,MISSING,BUSINESS_HOURS,ONLINE,MANUAL_ESCALATION,P-2026-05-STEP1,false,true,442ade28918de8a3e93d31b54844e835539f6115082c6774539fb38dc84e4d72
REQ-000894,2026-05-28T20:42:00Z,court_request,OFF-0203,7c415028a69bb19f488fe7d8,Inspector,4,POLICE,STATE_01_DIST_01_PS_02,STATE_01_DIST_01,STATE_01,MEDIUM,ACTIVE,ASSIGNED,REC-000228,8d196118f5537bf44adff98a,CASE-00147,FINANCIAL_CRIME,FIR_SUMMARY,STATE_01_DIST_01_PS_02,STATE_01_DIST_01,STATE_01,POLICE,LOW,false,false,false,false,OPEN,ACTIVE,true,true,true,false,PROSECUTION_REVIEW,APPROVE,false,true,PRESENT_VALID,NIGHT,ONLINE,CCTNS_STYLE_API,P-2026-05-STEP1,false,true,09610614ee4319fbbd3ac8049e1bfca43a1487ca3a3c0dfbea776ad034f2ff37
REQ-000895,2026-06-03T11:00:00Z,revoked_credential,OFF-0045,1abb810c99dd60558b095f4d,Inspector,4,POLICE,STATE_02_DIST_01_PS_01,STATE_02_DIST_01,STATE_02,MEDIUM,REVOKED,NOT_ASSIGNED,REC-000562,b760b5f5e5ffe285faca1c7b,CASE-00023,FINANCIAL_CRIME,FIR_SUMMARY,STATE_03_DIST_04_PS_02,STATE_03_DIST_04,STATE_03,POLICE,MEDIUM,false,false,false,false,OPEN,ACTIVE,false,false,false,true,INVESTIGATION,VIEW,false,false,MISSING,NIGHT,ONLINE,CCTNS_STYLE_API,P-2026-05-STEP1,false,true,62cafc24a7a25912dfe7f8f884ef348bf8441c129f6a4b9d97388a0c5b097b1a
REQ-000896,2026-06-05T08:00:00Z,normal_in_jurisdiction,OFF-0010,bcb4468affef262ed92897ea,Inspector,4,POLICE,STATE_03_DIST_03_PS_02,STATE_03_DIST_03,STATE_03,MEDIUM,ACTIVE,ASSIGNED,REC-000442,0b78c248bf72ce01e5e741e0,CASE-00312,WOMEN_CHILD_SAFETY,FIR_SUMMARY,STATE_03_DIST_03_PS_02,STATE_03_DIST_03,STATE_03,POLICE,MEDIUM,true,false,false,false,OPEN,ACTIVE,true,true,true,false,INVESTIGATION,VIEW,false,false,NOT_REQUIRED,BUSINESS_HOURS,DEGRADED,CCTNS_STYLE_API,P-2026-05-STEP1,false,true,032eb01f3f168315a2d3c248cae64060a976b039d8abe6a8d22e851730a3c2ef
REQ-000897,2026-05-31T23:36:00Z,cross_jurisdiction_sensitive,OFF-0026,1744a4b8e7d09467e6ea7495,Constable,1,POLICE,STATE_03_DIST_03_PS_03,STATE_03_DIST_03,STATE_03,LOW,ACTIVE,NOT_ASSIGNED,REC-000229,9cf76f652fcb60053f1a781e,CASE-00336,JUVENILE_PROTECTION,CASE_DIARY,STATE_01_DIST_02_PS_02,STATE_01_DIST_02,STATE_01,POLICE,CLASSIFIED,false,false,true,false,OPEN,ARCHIVED,false,false,false,true,INVESTIGATION,VIEW,false,false,PRESENT_VALID,BUSINESS_HOURS,DEGRADED,CCTNS_STYLE_API,P-2026-05-STEP1,false,true,23ab9b05bf277876239d9247d688f22e80ed1e8d1c238f5add6f8dca0632439a
REQ-000898,2026-06-02T20:38:00Z,court_request,OFF-0237,7e3146ebb6c4e9a4f7f4cfaa,Sub-Inspector,3,POLICE,STATE_01_DIST_02_PS_03,STATE_01_DIST_02,STATE_01,MEDIUM,ACTIVE,NOT_ASSIGNED,REC-000521,fdb7034b483c7023be0c105f,CASE-00240,WOMEN_CHILD_SAFETY,JUVENILE_RECORD,STATE_03_DIST_01_PS_03,STATE_03_DIST_01,STATE_03,POLICE,CLASSIFIED,true,false,true,false,OPEN,ACTIVE,false,false,false,true,PROSECUTION_REVIEW,UPDATE,false,true,PRESENT_VALID,BUSINESS_HOURS,ONLINE,ICJS_STYLE_EXCHANGE,P-2026-05-STEP1,false,true,b7fbb170b0de776a203b2477d40ca9b2e72df53747a02ab0f0ed87d6da584265
REQ-000899,2026-06-02T20:49:00Z,revoked_credential,OFF-0040,c5c5b540de8f1dde6964dc89,Sub-Inspector,3,POLICE,STATE_03_DIST_02_PS_03,STATE_03_DIST_02,STATE_03,MEDIUM,REVOKED,NOT_ASSIGNED,REC-000764,f971c17865e1fde3ac01112a,CASE-00230,NARCOTICS,COURT_SUBMISSION,STATE_02_DIST_04_PS_03,STATE_02_DIST_04,STATE_02,POLICE,HIGH,false,false,false,false,OPEN,ARCHIVED,false,false,false,true,AUDIT,DOWNLOAD,false,false,MISSING,BUSINESS_HOURS,ONLINE,ICJS_STYLE_EXCHANGE,P-2026-05-STEP1,false,true,ac916c69cf59d13de1dbe7f85b5bd435cc866e163aefaa5cf25ceb5c45610621
REQ-000900,2026-06-01T00:00:00Z,expired_approval_token,OFF-0110,7ea4c7cce178f9ad9715431c,Sub-Inspector,3,POLICE,STATE_01_DIST_01_PS_03,STATE_01_DIST_01,STATE_01,MEDIUM,ACTIVE,NOT_ASSIGNED,REC-000624,cf5a62b8cc144b2085180c6f,CASE-00304,WOMEN_CHILD_SAFETY,VICTIM_RECORD,STATE_03_DIST_02_PS_02,STATE_03_DIST_02,STATE_03,POLICE,CLASSIFIED,true,false,false,false,OPEN,ACTIVE,false,false,false,true,PROSECUTION_REVIEW,DOWNLOAD,false,false,EXPIRED,BUSINESS_HOURS,ONLINE,ICJS_STYLE_EXCHANGE,P-2026-05-STEP1,false,true,df14495d128517fbe3c04a7a5dec4b0d7652bc30b576279c81de3e412569d4f7
REQ-000901,2026-06-06T15:17:00Z,stale_case_assignment,OFF-0021,d58ac64e32ce6bc751285238,Sub-Inspector,3,POLICE,STATE_03_DIST_01_PS_01,STATE_03_DIST_01,STATE_03,MEDIUM,ACTIVE,STALE,REC-000089,f7151781855b8ca96dc2f997,CASE-00178,NARCOTICS,CASE_DIARY,STATE_01_DIST_03_PS_01,STATE_01_DIST_03,STATE_01,POLICE,CLASSIFIED,false,false,false,false,OPEN,ARCHIVED,false,false,false,true,INVESTIGATION,DOWNLOAD,false,false,MISSING,BUSINESS_HOURS,ONLINE,CCTNS_STYLE_API,P-2026-05-STEP1,false,true,0fd608a257f186ba86ce496b6e63442d61a3c6f585c9a22ca8363948e4f889be
REQ-000902,2026-05-31T09:14:00Z,court_request,OFF-0239,cef54734e093447c3864ede7,Inspector,4,POLICE,STATE_02_DIST_01_PS_02,STATE_02_DIST_01,STATE_02,MEDIUM,ACTIVE,NOT_ASSIGNED,REC-000246,83bca7e310ed9ee58d743944,CASE-00233,CYBER_FRAUD,EVIDENCE_MEDIA,STATE_03_DIST_01_PS_03,STATE_03_DIST_01,STATE_03,POLICE,HIGH,false,false,false,true,OPEN,ACTIVE,false,false,false,true,PROSECUTION_REVIEW,VIEW,false,true,PRESENT_VALID,AFTER_HOURS,ONLINE,CCTNS_STYLE_API,P-2026-05-STEP1,false,true,7842ab56ebc12fa08d18ab4aa56afccb4038d8a16d2816642d0ed4115017067b
REQ-000903,2026-06-01T15:27:00Z,cross_jurisdiction_sensitive,OFF-0168,ccfa52e7df949ec76b129260,Sub-Inspector,3,POLICE,STATE_01_DIST_03_PS_03,STATE_01_DIST_03,STATE_01,MEDIUM,ACTIVE,NOT_ASSIGNED,REC-000665,bcf0da0b6da0cc65eed4d85d,CASE-00274,VIOLENT_CRIME,COURT_SUBMISSION,STATE_02_DIST_03_PS_01,STATE_02_DIST_03,STATE_02,POLICE,HIGH,false,false,false,false,OPEN,ACTIVE,false,false,false,true,SUPERVISION,VIEW,false,false,MISSING,BUSINESS_HOURS,ONLINE,ICJS_STYLE_EXCHANGE,P-2026-05-STEP1,false,true,f1dab06af59bebd509ff3759527ca6bdcfa8af8e01ca1aa7c2f64fbc23dd13b0
REQ-000904,2026-05-30T03:20:00Z,juvenile_sensitive,OFF-0174,0d9d0f67e217f12f80467acf,Constable,1,POLICE,STATE_02_DIST_02_PS_01,STATE_02_DIST_02,STATE_02,LOW,ACTIVE,NOT_ASSIGNED,REC-000399,bbd8fd810d854f4bbb3a984d,CASE-00156,CYBER_FRAUD,JUVENILE_RECORD,STATE_03_DIST_03_PS_01,STATE_03_DIST_03,STATE_03,POLICE,CLASSIFIED,false,false,true,false,SEALED,UNDER_REVIEW,false,false,false,true,SUPERVISION,VIEW,false,false,MISSING,BUSINESS_HOURS,ONLINE,MANUAL_ESCALATION,P-2026-05-STEP1,false,true,7d8520349fdff5ef174ee00f409156b9798d37405728c33e2e49c3dd877bde5b
REQ-000905,2026-05-29T12:20:00Z,normal_in_jurisdiction,OFF-0209,46719ed3c0b1ab7f0fbf5f90,Inspector,4,POLICE,STATE_01_DIST_03_PS_01,STATE_01_DIST_03,STATE_01,MEDIUM,ACTIVE,ASSIGNED,REC-000768,17c8611dfefa058b391351b2,CASE-00155,JUVENILE_PROTECTION,CYBERCRIME_COMPLAINT,STATE_01_DIST_03_PS_01,STATE_01_DIST_03,STATE_01,POLICE,MEDIUM,false,false,true,false,OPEN,ACTIVE,true,true,true,false,INVESTIGATION,VIEW,false,false,NOT_REQUIRED,BUSINESS_HOURS,DEGRADED,ICJS_STYLE_EXCHANGE,P-2026-05-STEP1,false,true,8c836a6fe1d0862b03886409ae77183665421778e227c54e0df4f1b0dbd7ef76
REQ-000906,2026-05-28T06:12:00Z,normal_in_jurisdiction,OFF-0155,750741a21ba1ad37a768df1b,Station House Officer,5,POLICE,STATE_01_DIST_02_PS_01,STATE_01_DIST_02,STATE_01,HIGH,ACTIVE,ASSIGNED,REC-000718,862f89895c928d14000a1111,CASE-00118,VIOLENT_CRIME,FIR_SUMMARY,STATE_01_DIST_02_PS_01,STATE_01_DIST_02,STATE_01,POLICE,MEDIUM,false,false,false,false,OPEN,ACTIVE,true,true,true,false,INVESTIGATION,VIEW,false,false,NOT_REQUIRED,BUSINESS_HOURS,ONLINE,ICJS_STYLE_EXCHANGE,P-2026-05-STEP1,false,true,0ed1f92c4b3e3351898b7681bb2c6e30f102a0b05ead1c47493d4b4dbeeef339
REQ-000907,2026-05-31T09:49:00Z,juvenile_sensitive,OFF-0128,0f7c12f84c6ccd771a655279,Head Constable,2,POLICE,STATE_01_DIST_04_PS_01,STATE_01_DIST_04,STATE_01,LOW,ACTIVE,NOT_ASSIGNED,REC-000527,792f09352a2c672d41256513,CASE-00326,JUVENILE_PROTECTION,FIR_SUMMARY,STATE_02_DIST_04_PS_01,STATE_02_DIST_04,STATE_02,POLICE,LOW,false,false,true,false,OPEN,ARCHIVED,false,false,false,true,INVESTIGATION,APPROVE,false,false,PRESENT_VALID,NIGHT,ONLINE,ICJS_STYLE_EXCHANGE,P-2026-05-STEP1,false,true,1792064ab4d8a150039209ffa4aba30d06a91a659c8faff98fa09f2e3a4341ad
REQ-000908,2026-06-04T19:52:00Z,court_request,OFF-0008,f7c9b924c136028c31a62c8c,Station House Officer,5,POLICE,STATE_03_DIST_02_PS_01,STATE_03_DIST_02,STATE_03,HIGH,ACTIVE,NOT_ASSIGNED,REC-000569,e1148c15109211a512b9f29b,CASE-00339,CYBER_FRAUD,FIR_SUMMARY,STATE_02_DIST_04_PS_02,STATE_02_DIST_04,STATE_02,POLICE,HIGH,false,false,false,false,OPEN,ACTIVE,false,false,false,true,PROSECUTION_REVIEW,DOWNLOAD,false,true,PRESENT_VALID,BUSINESS_HOURS,ONLINE,MANUAL_ESCALATION,P-2026-05-STEP1,false,true,e79e1e55e978f9e8e8c2f5be9e93a2daab8e5e78bebe0897b6a2c83789df2cfd
REQ-000909,2026-05-28T06:18:00Z,expired_approval_token,OFF-0028,8ec325482a0f9259719128c5,Prosecutor Liaison,4,PROSECUTION,STATE_01_DIST_03_PS_03,STATE_01_DIST_03,STATE_01,MEDIUM,ACTIVE,NOT_ASSIGNED,REC-000762,86e5deb2be6eb28bde25e3f1,CASE-00280,VIOLENT_CRIME,COURT_SUBMISSION,STATE_01_DIST_03_PS_01,STATE_01_DIST_03,STATE_01,POLICE,MEDIUM,false,false,false,false,OPEN,ARCHIVED,false,true,true,false,PROSECUTION_REVIEW,VIEW,false,false,EXPIRED,AFTER_HOURS,DEGRADED,ICJS_STYLE_EXCHANGE,P-2026-05-STEP1,false,true,f834334c63e8a85c06b707c68c5971459efc466e14cc7c898f1c3b9a6cc3a5af
REQ-000910,2026-05-29T12:40:00Z,revoked_credential,OFF-0045,1abb810c99dd60558b095f4d,Inspector,4,POLICE,STATE_02_DIST_01_PS_01,STATE_02_DIST_01,STATE_02,MEDIUM,REVOKED,NOT_ASSIGNED,REC-000839,c386c9aef0d6bac0125fc3eb,CASE-00251,CYBER_FRAUD,CASE_DIARY,STATE_01_DIST_04_PS_01,STATE_01_DIST_04,STATE_01,POLICE,MEDIUM,false,false,false,false,OPEN,UNDER_REVIEW,false,false,false,true,AUDIT,DOWNLOAD,false,false,MISSING,BUSINESS_HOURS,ONLINE,CCTNS_STYLE_API,P-2026-05-STEP1,false,true,4b30ace108063f6cfc454cfab7559e4ea3681f98733482fab762d45ac77c90b0
REQ-000911,2026-06-01T01:28:00Z,normal_in_jurisdiction,OFF-0077,956b1c8673c706b9098bdcd1,Station House Officer,5,POLICE,STATE_03_DIST_04_PS_02,STATE_03_DIST_04,STATE_03,HIGH,ACTIVE,ASSIGNED,REC-000389,c02c0ee944942d75bb6e6167,CASE-00346,WOMEN_CHILD_SAFETY,VICTIM_RECORD,STATE_03_DIST_04_PS_02,STATE_03_DIST_04,STATE_03,POLICE,MEDIUM,true,false,false,false,OPEN,ACTIVE,true,true,true,false,INVESTIGATION,VIEW,false,false,NOT_REQUIRED,BUSINESS_HOURS,ONLINE,MANUAL_ESCALATION,P-2026-05-STEP1,false,true,846914d2b6169f78671d0150a6fd949e0efe5bde7bf02c2c5803d7ccc60ee608
REQ-000912,2026-05-28T06:24:00Z,normal_in_jurisdiction,OFF-0239,cef54734e093447c3864ede7,Inspector,4,POLICE,STATE_02_DIST_01_PS_02,STATE_02_DIST_01,STATE_02,MEDIUM,ACTIVE,ASSIGNED,REC-000548,9da541f8b8af7d40230d7193,CASE-00043,MISSING_PERSON,CYBERCRIME_COMPLAINT,STATE_02_DIST_01_PS_02,STATE_02_DIST_01,STATE_02,POLICE,MEDIUM,false,false,false,false,OPEN,ACTIVE,true,true,true,false,INVESTIGATION,VIEW,false,false,NOT_REQUIRED,NIGHT,ONLINE,MANUAL_ESCALATION,P-2026-05-STEP1,false,true,31d772b325f94e33960f6483c546e4e6ece6c6723ebce9bf32e882c02480de40
REQ-000913,2026-06-06T18:41:00Z,sealed_record,OFF-0084,71f10fb896bfac44fed3436e,Inspector,4,POLICE,STATE_02_DIST_04_PS_01,STATE_02_DIST_04,STATE_02,MEDIUM,ACTIVE,NOT_ASSIGNED,REC-000334,16baa3e2081d8d2c21cf5879,CASE-00123,WOMEN_CHILD_SAFETY,VICTIM_RECORD,STATE_03_DIST_03_PS_01,STATE_03_DIST_03,STATE_03,POLICE,CLASSIFIED,true,false,false,false,SEALED,ACTIVE,false,false,false,true,INVESTIGATION,VIEW,false,false,MISSING,BUSINESS_HOURS,ONLINE,CCTNS_STYLE_API,P-2026-05-STEP1,false,true,b2de4430ef401973ba806241a39711dfac5b35e4bb9a886e5354f0d9c3890bb9
REQ-000914,2026-06-01T01:52:00Z,random_context,OFF-0037,61f9c30ebf940f606c1a2520,Inspector,4,POLICE,STATE_03_DIST_03_PS_03,STATE_03_DIST_03,STATE_03,MEDIUM,REVOKED,NOT_ASSIGNED,REC-000642,65b119681a10677745fef3d9,CASE-00129,FINANCIAL_CRIME,CASE_DIARY,STATE_03_DIST_03_PS_01,STATE_03_DIST_03,STATE_03,POLICE,HIGH,false,false,false,false,OPEN,ACTIVE,false,true,true,false,EMERGENCY_RESPONSE,DOWNLOAD,false,false,NOT_REQUIRED,BUSINESS_HOURS,ONLINE,MANUAL_ESCALATION,P-2026-05-STEP1,false,true,c7bb3643db7d23ea24bab49c92681baf728eb8a21d294ad815d77e3f1d968e62
REQ-000915,2026-06-06T19:15:00Z,stale_case_assignment,OFF-0180,8d48fc84d688aabaae7c6986,Prosecutor Liaison,4,PROSECUTION,STATE_02_DIST_01_PS_02,STATE_02_DIST_01,STATE_02,MEDIUM,ACTIVE,STALE,REC-000525,04edc1d43e8b573e63bbb971,CASE-00288,MISSING_PERSON,CASE_DIARY,STATE_01_DIST_03_PS_03,STATE_01_DIST_03,STATE_01,POLICE,HIGH,false,false,false,false,OPEN,ACTIVE,false,false,false,true,INVESTIGATION,VIEW,false,false,MISSING,BUSINESS_HOURS,ONLINE,ICJS_STYLE_EXCHANGE,P-2026-05-STEP1,false,true,809c006e77ff5db4bacfaadb3703d1f724b5bc84ec6ae0d0b0ac8f83c0731ca8
REQ-000916,2026-06-04T21:44:00Z,normal_in_jurisdiction,OFF-0025,7fa77f7b07565190b1b9a0af,Head Constable,2,POLICE,STATE_01_DIST_02_PS_03,STATE_01_DIST_02,STATE_01,LOW,ACTIVE,NOT_ASSIGNED,REC-000619,22d13ba63717ca715e5005a7,CASE-00051,VIOLENT_CRIME,COURT_SUBMISSION,STATE_03_DIST_04_PS_03,STATE_03_DIST_04,STATE_03,POLICE,MEDIUM,false,false,false,false,SEALED,ACTIVE,false,false,false,true,INVESTIGATION,VIEW,false,false,NOT_REQUIRED,NIGHT,ONLINE,MANUAL_ESCALATION,P-2026-05-STEP1,false,true,b79a49e94e097b74377fd2827af28db09f50f1566a5c5f155ec952452eb3f2e7
REQ-000917,2026-06-05T13:15:00Z,expired_approval_token,OFF-0073,7e2b88d260bb5ef29585a94e,Cybercrime Officer,4,CYBERCRIME,STATE_03_DIST_01_PS_01,STATE_03_DIST_01,STATE_03,HIGH,ACTIVE,NOT_ASSIGNED,REC-000192,f05d07df552454f1dd0af34b,CASE-00217,FINANCIAL_CRIME,VICTIM_RECORD,STATE_02_DIST_04_PS_02,STATE_02_DIST_04,STATE_02,POLICE,HIGH,true,false,false,false,OPEN,ACTIVE,false,false,false,true,PROSECUTION_REVIEW,VIEW,false,false,EXPIRED,BUSINESS_HOURS,STATION_NODE_DOWN,ICJS_STYLE_EXCHANGE,P-2026-05-STEP1,false,true,bdd1d0eebf968aa0335e012481110819085eed8eeef5441f3c9362116af104be
REQ-000918,2026-06-01T17:42:00Z,cross_jurisdiction_sensitive,OFF-0055,e246494264abad2f32845507,Station House Officer,5,POLICE,STATE_02_DIST_03_PS_03,STATE_02_DIST_03,STATE_02,HIGH,ACTIVE,NOT_ASSIGNED,REC-000677,1fa289847df8990722ad3b67,CASE-00070,GENERAL_THEFT,CASE_DIARY,STATE_03_DIST_01_PS_01,STATE_03_DIST_01,STATE_03,POLICE,HIGH,false,false,false,false,OPEN,ACTIVE,false,false,false,true,FORENSIC_REVIEW,UPDATE,false,false,PRESENT_VALID,BUSINESS_HOURS,ONLINE,ICJS_STYLE_EXCHANGE,P-2026-05-STEP1,false,true,810294d0df7e53c6c7dcbd13a0dccebca5898da20d9801928c62c0fc9bbc1ad5
REQ-000919,2026-06-01T17:51:00Z,juvenile_sensitive,OFF-0076,ce1b63fb3ee51890894fc213,Forensic Officer,4,FORENSIC,STATE_01_DIST_02_PS_02,STATE_01_DIST_02,STATE_01,HIGH,ACTIVE,NOT_ASSIGNED,REC-000245,e2ff4d5969aefec4bef47d9d,CASE-00259,JUVENILE_PROTECTION,FORENSIC_REPORT,STATE_01_DIST_01_PS_03,STATE_01_DIST_01,STATE_01,POLICE,HIGH,false,false,true,false,OPEN,ACTIVE,false,false,true,true,SUPERVISION,VIEW,false,false,PRESENT_VALID,BUSINESS_HOURS,ONLINE,ICJS_STYLE_EXCHANGE,P-2026-05-STEP1,false,true,14168dc3c53fbcbaca6f1b07bf5705d4e101f97efb5737a5b07e2bbc89ea1c09
REQ-000920,2026-05-31T11:20:00Z,stale_case_assignment,OFF-0139,16a2d504d34232bf9551d690,Cybercrime Officer,4,CYBERCRIME,STATE_01_DIST_04_PS_01,STATE_01_DIST_04,STATE_01,HIGH,ACTIVE,STALE,REC-000853,f00953fe3c0b73fa1844aab5,CASE-00008,VIOLENT_CRIME,JUVENILE_RECORD,STATE_02_DIST_03_PS_03,STATE_02_DIST_03,STATE_02,POLICE,HIGH,false,false,true,false,SEALED,ACTIVE,false,false,false,true,INVESTIGATION,VIEW,false,false,MISSING,BUSINESS_HOURS,ONLINE,ICJS_STYLE_EXCHANGE,P-2026-05-STEP1,false,true,23bc3fec5ec5a5607adf334429b2ef971c7f66afeb065330bbdc82930d0df86a
REQ-000921,2026-05-30T20:06:00Z,revoked_credential,OFF-0088,aba84a984ee3606ae0d30a0a,Station House Officer,5,POLICE,STATE_03_DIST_04_PS_01,STATE_03_DIST_04,STATE_03,HIGH,REVOKED,NOT_ASSIGNED,REC-000419,f918883e0652f9e5806aa095,CASE-00278,FINANCIAL_CRIME,COURT_SUBMISSION,STATE_02_DIST_01_PS_01,STATE_02_DIST_01,STATE_02,POLICE,HIGH,false,false,false,false,OPEN,ACTIVE,false,false,false,true,INVESTIGATION,VIEW,false,false,MISSING,AFTER_HOURS,ONLINE,CCTNS_STYLE_API,P-2026-05-STEP1,false,true,9cf9a85be6a1b10bd0eea4495334cbbd6b0b33b21a9b4b5e3703eec91c04f221
REQ-000922,2026-05-28T06:44:00Z,sealed_record,OFF-0228,8a7aea37c451a80fdc290e57,Inspector,4,POLICE,STATE_01_DIST_02_PS_01,STATE_01_DIST_02,STATE_01,MEDIUM,ACTIVE,NOT_ASSIGNED,REC-000655,ec013d89dbc3d07ad6443ccb,CASE-00027,NARCOTICS,EVIDENCE_MEDIA,STATE_01_DIST_01_PS_01,STATE_01_DIST_01,STATE_01,POLICE,HIGH,false,false,false,true,SEALED,ARCHIVED,false,false,true,true,PROSECUTION_REVIEW,VIEW,false,true,MISSING,BUSINESS_HOURS,ONLINE,MANUAL_ESCALATION,P-2026-05-STEP1,false,true,8cc1e7b0108b965743fa7d07b13a2d54c0227279e145f0e9e2eba7c94faa0ac5
REQ-000923,2026-05-28T06:46:00Z,stale_case_assignment,OFF-0084,71f10fb896bfac44fed3436e,Inspector,4,POLICE,STATE_02_DIST_04_PS_01,STATE_02_DIST_04,STATE_02,MEDIUM,ACTIVE,STALE,REC-000228,8d196118f5537bf44adff98a,CASE-00147,FINANCIAL_CRIME,FIR_SUMMARY,STATE_01_DIST_01_PS_02,STATE_01_DIST_01,STATE_01,POLICE,LOW,false,false,false,false,OPEN,ACTIVE,false,false,false,true,INVESTIGATION,VIEW,false,false,MISSING,BUSINESS_HOURS,ONLINE,CCTNS_STYLE_API,P-2026-05-STEP1,false,true,14c7c46f3942f24db6e3df9ad7c05ff66e090308ffe1e9fcfce759a63be31587
REQ-000924,2026-06-04T08:12:00Z,revoked_credential,OFF-0104,bacbc9ea0ca5c88caca1fb35,Prosecutor Liaison,4,PROSECUTION,STATE_02_DIST_04_PS_02,STATE_02_DIST_04,STATE_02,MEDIUM,REVOKED,NOT_ASSIGNED,REC-000307,68520c08a4184e2a8bbcc4c1,CASE-00103,NARCOTICS,CYBERCRIME_COMPLAINT,STATE_03_DIST_03_PS_03,STATE_03_DIST_03,STATE_03,POLICE,HIGH,false,false,false,false,OPEN,ACTIVE,false,false,false,true,AUDIT,VIEW,false,false,MISSING,AFTER_HOURS,ONLINE,CCTNS_STYLE_API,P-2026-05-STEP1,false,true,729c5c0c7b3178b0aef9b836f75fffa571778512f1cf2c30b631db02d2017706
REQ-000925,2026-06-04T08:25:00Z,stale_case_assignment,OFF-0046,ceb8bb971ba08b4df678d1fa,Constable,1,POLICE,STATE_01_DIST_03_PS_02,STATE_01_DIST_03,STATE_01,LOW,ACTIVE,STALE,REC-000662,56ad840f9fb936d6e9bc5567,CASE-00351,FINANCIAL_CRIME,VICTIM_RECORD,STATE_02_DIST_03_PS_01,STATE_02_DIST_03,STATE_02,POLICE,HIGH,true,false,false,false,OPEN,ACTIVE,false,false,false,true,INVESTIGATION,VIEW,false,false,MISSING,BUSINESS_HOURS,ONLINE,CCTNS_STYLE_API,P-2026-05-STEP1,false,true,38bf4aa32d82f0244b676451bd1f9256779f7a1b9c83ca88d499677790d608af
REQ-000926,2026-06-02T10:20:00Z,sealed_record,OFF-0138,3cc947c5caadabb45a541b46,Sub-Inspector,3,POLICE,STATE_03_DIST_02_PS_02,STATE_03_DIST_02,STATE_03,MEDIUM,ACTIVE,NOT_ASSIGNED,REC-000311,ef42f5a6dc2c41267c313d66,CASE-00053,WOMEN_CHILD_SAFETY,JUVENILE_RECORD,STATE_03_DIST_01_PS_02,STATE_03_DIST_01,STATE_03,POLICE,HIGH,true,false,true,false,SEALED,ACTIVE,false,false,true,true,COURT_PRODUCTION,VIEW,false,true,PRESENT_VALID,BUSINESS_HOURS,DEGRADED,MANUAL_ESCALATION,P-2026-05-STEP1,false,true,88b98103b60a1136301ff5c5f78e6aac3c9d7bc8da3f1e0bd0c63d615a3bdeba
REQ-000927,2026-06-03T01:57:00Z,court_request,OFF-0129,fad5d40018942c6b0ef2d75c,Inspector,4,POLICE,STATE_01_DIST_04_PS_02,STATE_01_DIST_04,STATE_01,MEDIUM,ACTIVE,NOT_ASSIGNED,REC-000706,079b6d98e9cc6186cca480fe,CASE-00208,GENERAL_THEFT,WITNESS_STATEMENT,STATE_02_DIST_03_PS_01,STATE_02_DIST_03,STATE_02,POLICE,HIGH,false,true,false,false,OPEN,ACTIVE,false,false,false,true,PROSECUTION_REVIEW,DOWNLOAD,false,true,PRESENT_VALID,BUSINESS_HOURS,ONLINE,CCTNS_STYLE_API,P-2026-05-STEP1,false,true,7c12565e9fd92fa2704bbaa2bebbb4c686972cc69dbe5c1609caa1f89b7f5e85
REQ-000928,2026-06-04T09:04:00Z,court_request,OFF-0198,5d9a86e9bbd1b3774caee2db,Head Constable,2,POLICE,STATE_01_DIST_02_PS_02,STATE_01_DIST_02,STATE_01,LOW,ACTIVE,NOT_ASSIGNED,REC-000767,148f5201e446b9e7af6ac7c4,CASE-00137,MISSING_PERSON,JUVENILE_RECORD,STATE_03_DIST_02_PS_03,STATE_03_DIST_02,STATE_03,POLICE,HIGH,false,false,true,false,OPEN,ARCHIVED,false,false,false,true,PROSECUTION_REVIEW,DOWNLOAD,false,true,PRESENT_VALID,BUSINESS_HOURS,DEGRADED,MANUAL_ESCALATION,P-2026-05-STEP1,false,true,ca82e048fa330f869c451370729e87fc0addd6b3ec5f499cb459f5d34ddef66b
REQ-000929,2026-05-28T22:27:00Z,cross_jurisdiction_sensitive,OFF-0058,b9583c7e99cc3289ea585d73,Constable,1,POLICE,STATE_01_DIST_04_PS_01,STATE_01_DIST_04,STATE_01,LOW,ACTIVE,NOT_ASSIGNED,REC-000020,dc6ed48644cef8458ae92ea7,CASE-00335,GENERAL_THEFT,VICTIM_RECORD,STATE_03_DIST_03_PS_02,STATE_03_DIST_03,STATE_03,POLICE,HIGH,true,false,false,false,OPEN,ACTIVE,false,false,false,true,INVESTIGATION,SHARE,false,false,MISSING,BUSINESS_HOURS,ONLINE,CCTNS_STYLE_API,P-2026-05-STEP1,false,true,3273d134f9f36d226aba177474fa62ef4552bcb126cc38f2b6c143b8fa405692
REQ-000930,2026-05-31T12:30:00Z,cross_jurisdiction_sensitive,OFF-0006,05c87980613cb5db42b892f9,Sub-Inspector,3,POLICE,STATE_02_DIST_02_PS_02,STATE_02_DIST_02,STATE_02,MEDIUM,ACTIVE,NOT_ASSIGNED,REC-000879,b729cf6c219827bfc5d59f70,CASE-00019,JUVENILE_PROTECTION,COURT_SUBMISSION,STATE_02_DIST_04_PS_01,STATE_02_DIST_04,STATE_02,POLICE,MEDIUM,false,false,true,false,OPEN,ACTIVE,false,false,true,true,SUPERVISION,VIEW,false,false,PRESENT_VALID,BUSINESS_HOURS,STATION_NODE_DOWN,CCTNS_STYLE_API,P-2026-05-STEP1,false,true,c789201aa54a5e4213d8578fa3ddae9e3ef3059738754d2748cd41fe97b2e2d5
REQ-000931,2026-05-28T22:33:00Z,normal_in_jurisdiction,OFF-0056,614c14e8c660d73ace97d265,Constable,1,POLICE,STATE_03_DIST_03_PS_01,STATE_03_DIST_03,STATE_03,LOW,ACTIVE,ASSIGNED,REC-000729,9d51801e576eca4c5772ef00,CASE-00281,GENERAL_THEFT,CYBERCRIME_COMPLAINT,STATE_03_DIST_03_PS_01,STATE_03_DIST_03,STATE_03,POLICE,MEDIUM,false,false,false,false,OPEN,ARCHIVED,true,true,true,false,INVESTIGATION,VIEW,false,false,NOT_REQUIRED,BUSINESS_HOURS,ONLINE,ICJS_STYLE_EXCHANGE,P-2026-05-STEP1,false,true,c11a28b823c617c66841f87f597e03def8f0bf7beb9bf47cbcd70120fcbbad7c
REQ-000932,2026-06-01T04:16:00Z,revoked_credential,OFF-0147,94b2d412892c95cbfdbe73cd,Forensic Officer,4,FORENSIC,STATE_02_DIST_03_PS_02,STATE_02_DIST_03,STATE_02,HIGH,REVOKED,NOT_ASSIGNED,REC-000072,281e1f608e85ce348899d8b8,CASE-00200,WOMEN_CHILD_SAFETY,CASE_DIARY,STATE_02_DIST_04_PS_03,STATE_02_DIST_04,STATE_02,POLICE,HIGH,true,false,false,false,OPEN,ACTIVE,false,false,true,true,INVESTIGATION,VIEW,false,false,MISSING,AFTER_HOURS,ONLINE,ICJS_STYLE_EXCHANGE,P-2026-05-STEP1,false,true,90ce793f9f73f0e13611c5fe46e3bea99fec756d67d150f43d00a754baeb43b6
REQ-000933,2026-05-28T07:06:00Z,cross_jurisdiction_sensitive,OFF-0186,fe341f3994ddbba307367393,Sub-Inspector,3,POLICE,STATE_02_DIST_02_PS_01,STATE_02_DIST_02,STATE_02,MEDIUM,ACTIVE,NOT_ASSIGNED,REC-000068,83c5b0534e468f6304fb5a25,CASE-00081,WOMEN_CHILD_SAFETY,FIR_SUMMARY,STATE_03_DIST_02_PS_01,STATE_03_DIST_02,STATE_03,POLICE,LOW,true,false,false,false,OPEN,ARCHIVED,false,false,false,true,SUPERVISION,VIEW,false,false,PRESENT_VALID,BUSINESS_HOURS,ONLINE,MANUAL_ESCALATION,P-2026-05-STEP1,false,true,d1cb13a397c1f9ebbdf5eb44a9e2cdc25cf98c5c5de764b05b565d30519b7bd3
REQ-000934,2026-06-03T18:48:00Z,expired_approval_token,OFF-0025,7fa77f7b07565190b1b9a0af,Head Constable,2,POLICE,STATE_01_DIST_02_PS_03,STATE_01_DIST_02,STATE_01,LOW,ACTIVE,NOT_ASSIGNED,REC-000827,3fe5f563961efc8bcecb0585,CASE-00056,CYBER_FRAUD,FIR_SUMMARY,STATE_03_DIST_01_PS_01,STATE_03_DIST_01,STATE_03,POLICE,HIGH,false,false,false,false,OPEN,ACTIVE,false,false,false,true,FORENSIC_REVIEW,VIEW,false,false,EXPIRED,NIGHT,ONLINE,MANUAL_ESCALATION,P-2026-05-STEP1,false,true,d4da8d29876d75c3cd25b053d33b89b8a1683c19d26a9ee7f8a9389c0b69e21c
REQ-000935,2026-06-05T17:45:00Z,random_context,OFF-0109,71ae00fed2507668078d658b,Sub-Inspector,3,POLICE,STATE_01_DIST_02_PS_02,STATE_01_DIST_02,STATE_01,MEDIUM,ACTIVE,NOT_ASSIGNED,REC-000478,f603fdd3a2db93afcae05d4c,CASE-00356,NARCOTICS,COURT_SUBMISSION,STATE_02_DIST_01_PS_01,STATE_02_DIST_01,STATE_02,POLICE,MEDIUM,false,false,false,false,OPEN,ACTIVE,false,false,false,true,COURT_PRODUCTION,SHARE,false,false,NOT_REQUIRED,NIGHT,ONLINE,CCTNS_STYLE_API,P-2026-05-STEP1,false,true,8c9f5ba28affe6a2234b7bb9e8a96002a88ccdac2f31b12649e68af6e6a1f7d2
REQ-000936,2026-05-28T07:12:00Z,cross_jurisdiction_sensitive,OFF-0059,abdf3e234ce3687605069a60,Head Constable,2,POLICE,STATE_02_DIST_02_PS_01,STATE_02_DIST_02,STATE_02,LOW,ACTIVE,NOT_ASSIGNED,REC-000645,3d33aeac9a024f9da6d7ccf9,CASE-00242,MISSING_PERSON,EVIDENCE_MEDIA,STATE_03_DIST_01_PS_01,STATE_03_DIST_01,STATE_03,POLICE,CLASSIFIED,false,false,false,true,OPEN,ACTIVE,false,false,false,true,FORENSIC_REVIEW,VIEW,false,false,MISSING,BUSINESS_HOURS,ONLINE,ICJS_STYLE_EXCHANGE,P-2026-05-STEP1,false,true,c633ccc05d20350a49b8ce4e25555ecdef86ca3161fd5cb5937daa772caa2864
REQ-000937,2026-06-02T12:10:00Z,cross_jurisdiction_sensitive,OFF-0222,fed71b6f957fb445cdad7897,Station House Officer,5,POLICE,STATE_03_DIST_04_PS_01,STATE_03_DIST_04,STATE_03,HIGH,ACTIVE,NOT_ASSIGNED,REC-000764,f971c17865e1fde3ac01112a,CASE-00230,NARCOTICS,COURT_SUBMISSION,STATE_02_DIST_04_PS_03,STATE_02_DIST_04,STATE_02,POLICE,HIGH,false,false,false,false,OPEN,ARCHIVED,false,false,false,true,INVESTIGATION,DOWNLOAD,false,false,PRESENT_VALID,BUSINESS_HOURS,ONLINE,ICJS_STYLE_EXCHANGE,P-2026-05-STEP1,false,true,8174f256f71beea31c8661373d9413f4055c00ab735f25c1fae4b1306a409fda
REQ-000938,2026-05-28T07:16:00Z,emergency_override,OFF-0025,7fa77f7b07565190b1b9a0af,Head Constable,2,POLICE,STATE_01_DIST_02_PS_03,STATE_01_DIST_02,STATE_01,LOW,ACTIVE,NOT_ASSIGNED,REC-000122,634985427cd8688fee2b98d0,CASE-00274,VIOLENT_CRIME,COURT_SUBMISSION,STATE_02_DIST_03_PS_01,STATE_02_DIST_03,STATE_02,POLICE,HIGH,false,false,false,false,SEALED,ACTIVE,false,false,false,true,EMERGENCY_RESPONSE,APPROVE,true,false,PRESENT_VALID,BUSINESS_HOURS,ONLINE,CCTNS_STYLE_API,P-2026-05-STEP1,false,true,baf91aad7b29f28eedc64010649f002f237c44067eaeb9f988bcb24957c2b6c8
REQ-000939,2026-06-04T11:27:00Z,normal_in_jurisdiction,OFF-0184,c0fc3111ae7a563a9f54250e,Inspector,4,POLICE,STATE_02_DIST_03_PS_02,STATE_02_DIST_03,STATE_02,MEDIUM,ACTIVE,ASSIGNED,REC-000814,5820681615acad6176f4144a,CASE-00082,NARCOTICS,FIR_SUMMARY,STATE_02_DIST_03_PS_02,STATE_02_DIST_03,STATE_02,POLICE,MEDIUM,false,false,false,false,OPEN,ARCHIVED,true,true,true,false,INVESTIGATION,VIEW,false,false,NOT_REQUIRED,BUSINESS_HOURS,ONLINE,MANUAL_ESCALATION,P-2026-05-STEP1,false,true,f2f79ac0fe6ae0f3f56dc9ad0015244b083c44852d531695ccdef2af10eb18c1
REQ-000940,2026-05-29T14:40:00Z,normal_in_jurisdiction,OFF-0025,7fa77f7b07565190b1b9a0af,Head Constable,2,POLICE,STATE_01_DIST_02_PS_03,STATE_01_DIST_02,STATE_01,LOW,ACTIVE,NOT_ASSIGNED,REC-000682,3681056168083735834ca5ed,CASE-00341,VIOLENT_CRIME,FIR_SUMMARY,STATE_02_DIST_04_PS_02,STATE_02_DIST_04,STATE_02,POLICE,MEDIUM,false,false,false,false,OPEN,ACTIVE,false,false,false,true,INVESTIGATION,VIEW,false,false,NOT_REQUIRED,BUSINESS_HOURS,STATION_NODE_DOWN,ICJS_STYLE_EXCHANGE,P-2026-05-STEP1,false,true,7d0204abac7716a2f9a8acb4e67007ac35212db2b172a4ff1fde7dabc1befb85
REQ-000941,2026-06-03T04:31:00Z,normal_in_jurisdiction,OFF-0098,a2651cd5c21b20cc4d4edc22,Sub-Inspector,3,POLICE,STATE_03_DIST_03_PS_02,STATE_03_DIST_03,STATE_03,MEDIUM,ACTIVE,ASSIGNED,REC-000442,0b78c248bf72ce01e5e741e0,CASE-00312,WOMEN_CHILD_SAFETY,FIR_SUMMARY,STATE_03_DIST_03_PS_02,STATE_03_DIST_03,STATE_03,POLICE,MEDIUM,true,false,false,false,OPEN,ACTIVE,true,true,true,false,INVESTIGATION,VIEW,false,false,NOT_REQUIRED,BUSINESS_HOURS,ONLINE,CCTNS_STYLE_API,P-2026-05-STEP1,false,true,5a8a3ae44805cdb4066ecf83c76dfacab6312af4cf557001ec0e8e30356f0ee5
REQ-000942,2026-06-06T11:12:00Z,juvenile_sensitive,OFF-0166,b6791729f7de52114f8f5aba,Station House Officer,5,POLICE,STATE_01_DIST_04_PS_03,STATE_01_DIST_04,STATE_01,HIGH,ACTIVE,NOT_ASSIGNED,REC-000396,34b21675c93019fd5a4c0262,CASE-00139,FINANCIAL_CRIME,JUVENILE_RECORD,STATE_02_DIST_01_PS_03,STATE_02_DIST_01,STATE_02,POLICE,HIGH,false,false,true,false,OPEN,ACTIVE,false,false,false,true,INVESTIGATION,VIEW,false,false,PRESENT_VALID,AFTER_HOURS,DEGRADED,MANUAL_ESCALATION,P-2026-05-STEP1,false,true,e004bee1233da867c279426e05de7cb4238c22331c86f5a47fe19eff1d3bcad9
REQ-000943,2026-06-03T20:36:00Z,court_request,OFF-0138,3cc947c5caadabb45a541b46,Sub-Inspector,3,POLICE,STATE_03_DIST_02_PS_02,STATE_03_DIST_02,STATE_03,MEDIUM,ACTIVE,NOT_ASSIGNED,REC-000387,959023c7a7959b976063535a,CASE-00107,NARCOTICS,FORENSIC_REPORT,STATE_01_DIST_03_PS_03,STATE_01_DIST_03,STATE_01,POLICE,HIGH,false,false,false,false,OPEN,ACTIVE,false,false,false,true,COURT_PRODUCTION,DOWNLOAD,false,true,PRESENT_VALID,BUSINESS_HOURS,ONLINE,CCTNS_STYLE_API,P-2026-05-STEP1,false,true,050c8efefba6bf413244b7f44c33283bc8f05c64dc66ac64baf91840905cc2af
REQ-000944,2026-06-04T12:32:00Z,revoked_credential,OFF-0069,ecaec2b1bb689d9a6ebf8cca,Constable,1,POLICE,STATE_02_DIST_02_PS_03,STATE_02_DIST_02,STATE_02,LOW,REVOKED,NOT_ASSIGNED,REC-000787,803e05eda0391b5c99c7c16e,CASE-00160,MISSING_PERSON,FIR_SUMMARY,STATE_01_DIST_01_PS_02,STATE_01_DIST_01,STATE_01,POLICE,HIGH,false,false,false,false,SEALED,ARCHIVED,false,false,false,true,AUDIT,VIEW,false,false,MISSING,AFTER_HOURS,ONLINE,CCTNS_STYLE_API,P-2026-05-STEP1,false,true,e102dffed7828878b4c2e25f60ccc8c18f08a44976881a8cf105e924af637a0f
REQ-000945,2026-06-03T21:00:00Z,court_request,OFF-0084,71f10fb896bfac44fed3436e,Inspector,4,POLICE,STATE_02_DIST_04_PS_01,STATE_02_DIST_04,STATE_02,MEDIUM,ACTIVE,NOT_ASSIGNED,REC-000834,d1bd194f0b0797c0129fc9bc,CASE-00289,WOMEN_CHILD_SAFETY,FIR_SUMMARY,STATE_03_DIST_01_PS_02,STATE_03_DIST_01,STATE_03,POLICE,LOW,true,false,false,false,OPEN,ACTIVE,false,false,false,true,PROSECUTION_REVIEW,VIEW,false,true,PRESENT_VALID,BUSINESS_HOURS,ONLINE,ICJS_STYLE_EXCHANGE,P-2026-05-STEP1,false,true,24ed7f230a40fc3c49abe4c789b2febf8ee6ce164ef064f31731f68aace0bdb1
REQ-000946,2026-06-04T12:58:00Z,emergency_override,OFF-0122,7527b25e318154df01ec7550,Inspector,4,POLICE,STATE_02_DIST_01_PS_03,STATE_02_DIST_01,STATE_02,MEDIUM,ACTIVE,NOT_ASSIGNED,REC-000320,29d9aeede8e69bbf19fc8398,CASE-00296,GENERAL_THEFT,WITNESS_STATEMENT,STATE_01_DIST_02_PS_01,STATE_01_DIST_02,STATE_01,POLICE,CLASSIFIED,false,true,false,false,OPEN,ACTIVE,false,false,false,true,EMERGENCY_RESPONSE,VIEW,true,false,PRESENT_VALID,BUSINESS_HOURS,STATION_NODE_DOWN,CCTNS_STYLE_API,P-2026-05-STEP1,false,true,57a9b352cf95035ff58cdef49031689400c637aad0d018b917f53593948a491b
REQ-000947,2026-06-04T13:11:00Z,normal_in_jurisdiction,OFF-0008,f7c9b924c136028c31a62c8c,Station House Officer,5,POLICE,STATE_03_DIST_02_PS_01,STATE_03_DIST_02,STATE_03,HIGH,ACTIVE,ASSIGNED,REC-000068,83c5b0534e468f6304fb5a25,CASE-00081,WOMEN_CHILD_SAFETY,FIR_SUMMARY,STATE_03_DIST_02_PS_01,STATE_03_DIST_02,STATE_03,POLICE,LOW,true,false,false,false,OPEN,ARCHIVED,true,true,true,false,INVESTIGATION,VIEW,false,false,NOT_REQUIRED,BUSINESS_HOURS,ONLINE,CCTNS_STYLE_API,P-2026-05-STEP1,false,true,33ace3d3b137925c36289f3678894ef81028b394bdd70e0ece6d5608f54dfb10
REQ-000948,2026-06-04T13:24:00Z,court_request,OFF-0110,7ea4c7cce178f9ad9715431c,Sub-Inspector,3,POLICE,STATE_01_DIST_01_PS_03,STATE_01_DIST_01,STATE_01,MEDIUM,ACTIVE,NOT_ASSIGNED,REC-000490,cccc11295402cd9a4c3a9b77,CASE-00332,CYBER_FRAUD,EVIDENCE_MEDIA,STATE_01_DIST_01_PS_01,STATE_01_DIST_01,STATE_01,POLICE,CLASSIFIED,false,false,false,true,SEALED,ARCHIVED,false,true,true,false,PROSECUTION_REVIEW,VIEW,false,true,PRESENT_VALID,BUSINESS_HOURS,ONLINE,MANUAL_ESCALATION,P-2026-05-STEP1,false,true,ce0d2667ca11041ef0b059fc22219938e71f8f5299f8aae8e73ca3aa2c0a0f07
REQ-000949,2026-05-30T22:54:00Z,stale_case_assignment,OFF-0173,5d29ee05d50fe82bba4375d8,Forensic Officer,4,FORENSIC,STATE_01_DIST_02_PS_03,STATE_01_DIST_02,STATE_01,HIGH,ACTIVE,STALE,REC-000197,834c1d76a17a3ab249dc2b1f,CASE-00054,WOMEN_CHILD_SAFETY,FORENSIC_REPORT,STATE_03_DIST_04_PS_01,STATE_03_DIST_04,STATE_03,POLICE,HIGH,true,false,false,false,OPEN,ACTIVE,false,false,false,true,INVESTIGATION,VIEW,false,false,MISSING,AFTER_HOURS,ONLINE,CCTNS_STYLE_API,P-2026-05-STEP1,false,true,961e07735896ffcdeb74f521661848321440cfe25ac48dbe79ccbba7902137fe
REQ-000950,2026-06-07T05:10:00Z,cross_jurisdiction_sensitive,OFF-0178,2be0332c4385b770ea00150b,Constable,1,POLICE,STATE_03_DIST_03_PS_02,STATE_03_DIST_03,STATE_03,LOW,ACTIVE,NOT_ASSIGNED,REC-000832,c61a779f1fe7672fae37b284,CASE-00274,VIOLENT_CRIME,CYBERCRIME_COMPLAINT,STATE_02_DIST_03_PS_01,STATE_02_DIST_03,STATE_02,POLICE,HIGH,false,false,false,false,SEALED,ACTIVE,false,false,false,true,FORENSIC_REVIEW,VIEW,false,false,PRESENT_VALID,BUSINESS_HOURS,ONLINE,ICJS_STYLE_EXCHANGE,P-2026-05-STEP1,false,true,829873809e4fc3310f0107fbc197cc38cebf32cb0dbcebfe78aa6b17e0b787f8
REQ-000951,2026-06-06T13:36:00Z,stale_case_assignment,OFF-0006,05c87980613cb5db42b892f9,Sub-Inspector,3,POLICE,STATE_02_DIST_02_PS_02,STATE_02_DIST_02,STATE_02,MEDIUM,ACTIVE,STALE,REC-000722,9f2756d9a164d273be443708,CASE-00141,NARCOTICS,CASE_DIARY,STATE_03_DIST_03_PS_03,STATE_03_DIST_03,STATE_03,POLICE,HIGH,false,false,false,false,OPEN,ACTIVE,false,false,false,true,INVESTIGATION,VIEW,false,false,MISSING,AFTER_HOURS,ONLINE,CCTNS_STYLE_API,P-2026-05-STEP1,false,true,da3d51d040cf6cbda17f1a3da21ff39fa63211c884dc6810d545880a972c463b
REQ-000952,2026-06-06T13:52:00Z,random_context,OFF-0067,81023882823dba8b6e04e6a8,Inspector,4,POLICE,STATE_02_DIST_03_PS_01,STATE_02_DIST_03,STATE_02,MEDIUM,ACTIVE,NOT_ASSIGNED,REC-000180,4ee73ace57928929f1ba50f2,CASE-00297,MISSING_PERSON,FORENSIC_REPORT,STATE_02_DIST_03_PS_03,STATE_02_DIST_03,STATE_02,POLICE,HIGH,false,false,false,false,OPEN,ACTIVE,false,true,true,false,AUDIT,VIEW,false,false,NOT_REQUIRED,BUSINESS_HOURS,STATION_NODE_DOWN,MANUAL_ESCALATION,P-2026-05-STEP1,false,true,41575820307d2906eb3be71690d7c7efab736730de4c274df2e51f4b3639d091
REQ-000953,2026-05-31T15:11:00Z,random_context,OFF-0022,cdb37082bd33066e73ce6a23,Constable,1,POLICE,STATE_03_DIST_02_PS_01,STATE_03_DIST_02,STATE_03,LOW,ACTIVE,NOT_ASSIGNED,REC-000851,6c5b59ecdcc1ae78ab5302cb,CASE-00060,FINANCIAL_CRIME,EVIDENCE_MEDIA,STATE_01_DIST_03_PS_02,STATE_01_DIST_03,STATE_01,POLICE,HIGH,false,false,false,true,OPEN,ACTIVE,false,false,false,true,SUPERVISION,VIEW,false,false,NOT_REQUIRED,BUSINESS_HOURS,ONLINE,CCTNS_STYLE_API,P-2026-05-STEP1,false,true,f032fe33c74d0303371686cbff07642c79ba963f7f7015f2b712ccbe7121a97b
REQ-000954,2026-06-05T06:36:00Z,revoked_credential,OFF-0088,aba84a984ee3606ae0d30a0a,Station House Officer,5,POLICE,STATE_03_DIST_04_PS_01,STATE_03_DIST_04,STATE_03,HIGH,REVOKED,NOT_ASSIGNED,REC-000597,0fb3737ffbea66c7996ec849,CASE-00052,JUVENILE_PROTECTION,CYBERCRIME_COMPLAINT,STATE_02_DIST_01_PS_03,STATE_02_DIST_01,STATE_02,POLICE,HIGH,false,false,true,false,OPEN,UNDER_REVIEW,false,false,false,true,AUDIT,UPDATE,false,false,MISSING,BUSINESS_HOURS,ONLINE,CCTNS_STYLE_API,P-2026-05-STEP1,false,true,113237681d78c837f44562e12831fbef7084fd3bf0666bce04895f55379e5f53
REQ-000955,2026-06-03T23:00:00Z,cross_jurisdiction_sensitive,OFF-0172,59295c95c257a05519b6f91d,Inspector,4,POLICE,STATE_03_DIST_02_PS_02,STATE_03_DIST_02,STATE_03,MEDIUM,ACTIVE,NOT_ASSIGNED,REC-000450,b633e7b814cf174a43cb626e,CASE-00134,VIOLENT_CRIME,EVIDENCE_MEDIA,STATE_02_DIST_04_PS_03,STATE_02_DIST_04,STATE_02,POLICE,HIGH,false,false,false,true,OPEN,ACTIVE,false,false,false,true,SUPERVISION,SHARE,false,false,PRESENT_VALID,BUSINESS_HOURS,ONLINE,MANUAL_ESCALATION,P-2026-05-STEP1,false,true,ad2f1d141c84dd01070601f2a366b7eee76fde1f001c2d5d7bbae0ac9de25794
REQ-000956,2026-05-28T23:48:00Z,normal_in_jurisdiction,OFF-0195,b1ddf55c2af537d97ad1287a,Head Constable,2,POLICE,STATE_01_DIST_01_PS_01,STATE_01_DIST_01,STATE_01,LOW,ACTIVE,ASSIGNED,REC-000130,dd50cdb30b8facf0896c1182,CASE-00287,MISSING_PERSON,COURT_SUBMISSION,STATE_01_DIST_01_PS_01,STATE_01_DIST_01,STATE_01,POLICE,MEDIUM,false,false,false,false,OPEN,ACTIVE,true,true,true,false,INVESTIGATION,VIEW,false,false,NOT_REQUIRED,BUSINESS_HOURS,ONLINE,ICJS_STYLE_EXCHANGE,P-2026-05-STEP1,false,true,63f33190646d033a99593fb135f3d1fd28adab4bc568af497a999ce4a91e6a8e
REQ-000957,2026-05-30T07:45:00Z,cross_jurisdiction_sensitive,OFF-0148,adb77e6ea2a2edb0afc7410d,Inspector,4,POLICE,STATE_03_DIST_02_PS_03,STATE_03_DIST_02,STATE_03,MEDIUM,ACTIVE,NOT_ASSIGNED,REC-000016,ebee7338989614ba92eb1548,CASE-00346,WOMEN_CHILD_SAFETY,CYBERCRIME_COMPLAINT,STATE_03_DIST_04_PS_02,STATE_03_DIST_04,STATE_03,POLICE,HIGH,true,false,false,false,OPEN,ACTIVE,false,false,true,true,FORENSIC_REVIEW,VIEW,false,false,PRESENT_VALID,BUSINESS_HOURS,ONLINE,CCTNS_STYLE_API,P-2026-05-STEP1,false,true,0a1ff032427a715d36ed2aee9e431b5b47bc6647bf9c4d3a1bac56654471f617
REQ-000958,2026-06-04T15:34:00Z,cross_jurisdiction_sensitive,OFF-0106,2deed09bfdff4831b0bfcd1c,Sub-Inspector,3,POLICE,STATE_03_DIST_03_PS_02,STATE_03_DIST_03,STATE_03,MEDIUM,ACTIVE,NOT_ASSIGNED,REC-000820,a3e77934549e166377318689,CASE-00198,CYBER_FRAUD,EVIDENCE_MEDIA,STATE_03_DIST_01_PS_01,STATE_03_DIST_01,STATE_03,POLICE,HIGH,false,false,false,true,SEALED,ACTIVE,false,false,true,true,FORENSIC_REVIEW,VIEW,false,false,MISSING,BUSINESS_HOURS,DEGRADED,ICJS_STYLE_EXCHANGE,P-2026-05-STEP1,false,true,1c38fe2d033d1c2ba5d4e7d330244f71966f2e59af976dc36d273bf86fc56382
REQ-000959,2026-06-05T23:45:00Z,random_context,OFF-0033,4f04697319f636cd795e5d1b,Senior Superintendent,6,POLICE,STATE_03_DIST_01_PS_01,STATE_03_DIST_01,STATE_03,CLASSIFIED,ACTIVE,NOT_ASSIGNED,REC-000009,63c910ce62e656e7950b3fc5,CASE-00098,MISSING_PERSON,FIR_SUMMARY,STATE_01_DIST_02_PS_02,STATE_01_DIST_02,STATE_01,POLICE,LOW,false,false,false,false,OPEN,ACTIVE,false,false,false,true,TRAINING,VIEW,false,false,NOT_REQUIRED,BUSINESS_HOURS,ONLINE,CCTNS_STYLE_API,P-2026-05-STEP1,false,true,9c16f86adb2181baeb4f7d62cda601ee9fdfd32e45eb523cf546765ac465bcff
REQ-000960,2026-05-28T08:00:00Z,normal_in_jurisdiction,OFF-0134,4718492e22f05239e76383dd,Inspector,4,POLICE,STATE_03_DIST_02_PS_01,STATE_03_DIST_02,STATE_03,MEDIUM,ACTIVE,ASSIGNED,REC-000757,baf86b559647425ddbc4733b,CASE-00232,WOMEN_CHILD_SAFETY,COURT_SUBMISSION,STATE_03_DIST_02_PS_01,STATE_03_DIST_02,STATE_03,POLICE,MEDIUM,true,false,false,false,OPEN,ACTIVE,true,true,true,false,INVESTIGATION,VIEW,false,false,NOT_REQUIRED,BUSINESS_HOURS,ONLINE,MANUAL_ESCALATION,P-2026-05-STEP1,false,true,da2ec0dad676322eefe213a1a752a9172e5d839561caaf1d52eef3cb70425a84
REQ-000961,2026-06-02T16:10:00Z,juvenile_sensitive,OFF-0189,0f5e28fd8c1c5a758d17ef19,Forensic Officer,4,FORENSIC,STATE_01_DIST_03_PS_02,STATE_01_DIST_03,STATE_01,HIGH,ACTIVE,NOT_ASSIGNED,REC-000563,c8574da02d53b2b3900286b3,CASE-00163,VIOLENT_CRIME,JUVENILE_RECORD,STATE_02_DIST_04_PS_02,STATE_02_DIST_04,STATE_02,POLICE,CLASSIFIED,false,false,true,false,OPEN,ACTIVE,false,false,false,true,INVESTIGATION,VIEW,false,false,PRESENT_VALID,NIGHT,ONLINE,MANUAL_ESCALATION,P-2026-05-STEP1,false,true,7f898173e74d773525a8297630c50e3c979c0dd77ee66783ea5aa1f4b1d0e1fa
REQ-000962,2026-06-02T16:20:00Z,random_context,OFF-0022,cdb37082bd33066e73ce6a23,Constable,1,POLICE,STATE_03_DIST_02_PS_01,STATE_03_DIST_02,STATE_03,LOW,ACTIVE,NOT_ASSIGNED,REC-000015,04bb3bbec77f28b17144322b,CASE-00232,WOMEN_CHILD_SAFETY,CASE_DIARY,STATE_03_DIST_02_PS_01,STATE_03_DIST_02,STATE_03,POLICE,HIGH,true,false,false,false,OPEN,ACTIVE,true,true,true,false,COURT_PRODUCTION,SHARE,false,false,NOT_REQUIRED,AFTER_HOURS,ONLINE,ICJS_STYLE_EXCHANGE,P-2026-05-STEP1,false,true,aef23ca68e58a13439fa8d578dd0ec050aba891ad0182efcfe4c140c6dd2bf22
REQ-000963,2026-05-29T16:12:00Z,emergency_override,OFF-0015,69527641f80b28a01bb229b7,Constable,1,POLICE,STATE_02_DIST_01_PS_01,STATE_02_DIST_01,STATE_02,LOW,ACTIVE,NOT_ASSIGNED,REC-000161,7e0c15c3eb220242db7d7d2b,CASE-00012,NARCOTICS,CYBERCRIME_COMPLAINT,STATE_01_DIST_03_PS_01,STATE_01_DIST_03,STATE_01,POLICE,HIGH,false,false,false,false,OPEN,UNDER_REVIEW,false,false,false,true,EMERGENCY_RESPONSE,VIEW,true,false,PRESENT_VALID,BUSINESS_HOURS,STATION_NODE_DOWN,MANUAL_ESCALATION,P-2026-05-STEP1,false,true,6c1323649aab9223ed72ef0ebe3a9c22b8102facc580e107c4a417bcff7f40ec
REQ-000964,2026-06-07T09:08:00Z,emergency_override,OFF-0053,5250e04b75f9aa481b9f2c6e,Constable,1,POLICE,STATE_01_DIST_03_PS_01,STATE_01_DIST_03,STATE_01,LOW,ACTIVE,NOT_ASSIGNED,REC-000779,d8c9df09b1ba5408e3849067,CASE-00249,MISSING_PERSON,CASE_DIARY,STATE_02_DIST_02_PS_02,STATE_02_DIST_02,STATE_02,POLICE,CLASSIFIED,false,false,false,false,OPEN,ACTIVE,false,false,false,true,EMERGENCY_RESPONSE,DOWNLOAD,true,false,PRESENT_VALID,BUSINESS_HOURS,ONLINE,CCTNS_STYLE_API,P-2026-05-STEP1,false,true,7c102f7aa98877820a226b64ff44e05f1ea740f554c73e4e9b6a83cddf082de6
REQ-000965,2026-06-02T16:50:00Z,random_context,OFF-0012,1e6c5e762b98d4b3d94fa258,Forensic Officer,4,FORENSIC,STATE_01_DIST_01_PS_01,STATE_01_DIST_01,STATE_01,HIGH,SUSPENDED,NOT_ASSIGNED,REC-000861,e5385c525aa0b8f6bd09732a,CASE-00004,WOMEN_CHILD_SAFETY,CYBERCRIME_COMPLAINT,STATE_02_DIST_03_PS_03,STATE_02_DIST_03,STATE_02,POLICE,MEDIUM,true,false,false,false,OPEN,ACTIVE,false,false,false,true,FORENSIC_REVIEW,VIEW,false,false,MISSING,BUSINESS_HOURS,ONLINE,MANUAL_ESCALATION,P-2026-05-STEP1,false,true,4e761615148a338e629b2c95ded77598a48be8191d1939a548bf8b7afcab886e
REQ-000966,2026-06-03T09:06:00Z,expired_approval_token,OFF-0135,93ea324e5b0159f974ae2ac9,Sub-Inspector,3,POLICE,STATE_01_DIST_03_PS_03,STATE_01_DIST_03,STATE_01,MEDIUM,ACTIVE,NOT_ASSIGNED,REC-000086,3d4b5b64967f8dbf39aeb99e,CASE-00307,NARCOTICS,VICTIM_RECORD,STATE_02_DIST_01_PS_01,STATE_02_DIST_01,STATE_02,POLICE,HIGH,true,false,false,false,OPEN,UNDER_REVIEW,false,false,false,true,PROSECUTION_REVIEW,UPDATE,false,false,EXPIRED,AFTER_HOURS,ONLINE,ICJS_STYLE_EXCHANGE,P-2026-05-STEP1,false,true,5403e22fc78a6bbae2329995180306d988c437e97f005e40cc0e3c2def3dc257
REQ-000967,2026-05-31T16:49:00Z,cross_jurisdiction_sensitive,OFF-0151,4857d6398585bfa5b41baddd,Sub-Inspector,3,POLICE,STATE_03_DIST_03_PS_03,STATE_03_DIST_03,STATE_03,MEDIUM,ACTIVE,NOT_ASSIGNED,REC-000610,e6432b84b4aeaadc5136f9f0,CASE-00075,WOMEN_CHILD_SAFETY,CYBERCRIME_COMPLAINT,STATE_03_DIST_04_PS_02,STATE_03_DIST_04,STATE_03,POLICE,HIGH,true,false,false,false,OPEN,ACTIVE,false,false,true,true,INVESTIGATION,VIEW,false,false,MISSING,BUSINESS_HOURS,ONLINE,ICJS_STYLE_EXCHANGE,P-2026-05-STEP1,false,true,3fa1bc9bbdf65ebb30441355e67eb7305b02c864aa250a4f29d4b60a61e76158
REQ-000968,2026-06-04T01:36:00Z,revoked_credential,OFF-0147,94b2d412892c95cbfdbe73cd,Forensic Officer,4,FORENSIC,STATE_02_DIST_03_PS_02,STATE_02_DIST_03,STATE_02,HIGH,REVOKED,NOT_ASSIGNED,REC-000259,8d8ccd21b2cc1f62311c5630,CASE-00139,FINANCIAL_CRIME,FIR_SUMMARY,STATE_02_DIST_01_PS_03,STATE_02_DIST_01,STATE_02,POLICE,MEDIUM,false,false,false,false,OPEN,ACTIVE,false,false,true,true,AUDIT,VIEW,false,false,MISSING,BUSINESS_HOURS,ONLINE,CCTNS_STYLE_API,P-2026-05-STEP1,false,true,96cd42a470733b48cc86ee23158c7e4b337ff283fe6212b98e5522116880edab
REQ-000969,2026-05-30T08:45:00Z,cross_jurisdiction_sensitive,OFF-0167,a2884bcebf8616c20bdb4688,Sub-Inspector,3,POLICE,STATE_01_DIST_01_PS_02,STATE_01_DIST_01,STATE_01,MEDIUM,ACTIVE,NOT_ASSIGNED,REC-000567,401be633eed632a4865b1fe7,CASE-00078,MISSING_PERSON,FORENSIC_REPORT,STATE_01_DIST_04_PS_01,STATE_01_DIST_04,STATE_01,POLICE,CLASSIFIED,false,false,false,false,OPEN,ARCHIVED,false,false,true,true,SUPERVISION,UPDATE,false,false,MISSING,AFTER_HOURS,STATION_NODE_DOWN,MANUAL_ESCALATION,P-2026-05-STEP1,false,true,dc5d12b6a5016b75fc2966c80e5d7d1fbeb2680dc9fbd20b57a02f5fb2eec819
REQ-000970,2026-06-04T18:10:00Z,normal_in_jurisdiction,OFF-0022,cdb37082bd33066e73ce6a23,Constable,1,POLICE,STATE_03_DIST_02_PS_01,STATE_03_DIST_02,STATE_03,LOW,ACTIVE,ASSIGNED,REC-000209,40ab0a32b9b194338de4a0a3,CASE-00020,MISSING_PERSON,FIR_SUMMARY,STATE_03_DIST_02_PS_01,STATE_03_DIST_02,STATE_03,POLICE,LOW,false,false,false,false,OPEN,ACTIVE,true,true,true,false,INVESTIGATION,VIEW,false,false,NOT_REQUIRED,AFTER_HOURS,STATION_NODE_DOWN,MANUAL_ESCALATION,P-2026-05-STEP1,false,true,852ee5fcbe10110521fe8aa350fad53675dafebd036a18158deef8d9d871ad93
REQ-000971,2026-05-29T16:44:00Z,sealed_record,OFF-0047,6734000e8363d6ae298dddfd,Head Constable,2,POLICE,STATE_01_DIST_03_PS_03,STATE_01_DIST_03,STATE_01,LOW,ACTIVE,NOT_ASSIGNED,REC-000674,bd05b7562eae2d678359c483,CASE-00281,GENERAL_THEFT,FORENSIC_REPORT,STATE_03_DIST_03_PS_01,STATE_03_DIST_03,STATE_03,POLICE,CLASSIFIED,false,false,false,false,SEALED,ACTIVE,false,false,false,true,INVESTIGATION,VIEW,false,false,PRESENT_VALID,AFTER_HOURS,ONLINE,CCTNS_STYLE_API,P-2026-05-STEP1,false,true,4be1f1ac9e0e64bbdba61317fd649b4509111829b47bfccb87d687cb6e2541ed
REQ-000972,2026-06-05T10:48:00Z,sealed_record,OFF-0058,b9583c7e99cc3289ea585d73,Constable,1,POLICE,STATE_01_DIST_04_PS_01,STATE_01_DIST_04,STATE_01,LOW,ACTIVE,NOT_ASSIGNED,REC-000553,7d6f478ee9bc86b7332e87fc,CASE-00073,VIOLENT_CRIME,FIR_SUMMARY,STATE_01_DIST_03_PS_02,STATE_01_DIST_03,STATE_01,POLICE,LOW,false,false,false,false,SEALED,ACTIVE,false,false,true,true,COURT_PRODUCTION,VIEW,false,true,MISSING,BUSINESS_HOURS,ONLINE,ICJS_STYLE_EXCHANGE,P-2026-05-STEP1,false,true,f686ca562e01debacc86dc8638df6be6e5e835015c9c5bf5546504610d142eec
REQ-000973,2026-06-01T09:44:00Z,cross_jurisdiction_sensitive,OFF-0178,2be0332c4385b770ea00150b,Constable,1,POLICE,STATE_03_DIST_03_PS_02,STATE_03_DIST_03,STATE_03,LOW,ACTIVE,NOT_ASSIGNED,REC-000450,b633e7b814cf174a43cb626e,CASE-00134,VIOLENT_CRIME,EVIDENCE_MEDIA,STATE_02_DIST_04_PS_03,STATE_02_DIST_04,STATE_02,POLICE,HIGH,false,false,false,true,OPEN,ACTIVE,false,false,false,true,INVESTIGATION,DOWNLOAD,false,false,PRESENT_VALID,BUSINESS_HOURS,ONLINE,CCTNS_STYLE_API,P-2026-05-STEP1,false,true,ef892e1d24219570a5b8c3680d6b64de48f662d918707ff4319db29672e65753
REQ-000974,2026-06-02T02:06:00Z,juvenile_sensitive,OFF-0200,4ee0497be96c65e5642e3a72,Constable,1,POLICE,STATE_01_DIST_01_PS_01,STATE_01_DIST_01,STATE_01,LOW,ACTIVE,NOT_ASSIGNED,REC-000330,52069d243f6adcab391e83cc,CASE-00256,JUVENILE_PROTECTION,COURT_SUBMISSION,STATE_03_DIST_04_PS_03,STATE_03_DIST_04,STATE_03,POLICE,MEDIUM,false,false,true,false,OPEN,ARCHIVED,false,false,false,true,INVESTIGATION,VIEW,false,false,MISSING,NIGHT,ONLINE,MANUAL_ESCALATION,P-2026-05-STEP1,false,true,9aef643a510d926b0511960d73ce60d53cc4585312a42d6ac081c4cce83a30e5
REQ-000975,2026-06-05T11:30:00Z,expired_approval_token,OFF-0036,d3ba9e82379b9a1fa09b884a,Inspector,4,POLICE,STATE_02_DIST_02_PS_01,STATE_02_DIST_02,STATE_02,MEDIUM,ACTIVE,NOT_ASSIGNED,REC-000093,215ab041d7ba027eff82f6d6,CASE-00139,FINANCIAL_CRIME,FIR_SUMMARY,STATE_02_DIST_01_PS_03,STATE_02_DIST_01,STATE_02,POLICE,LOW,false,false,false,false,OPEN,ARCHIVED,false,false,true,true,FORENSIC_REVIEW,DOWNLOAD,false,false,EXPIRED,NIGHT,ONLINE,ICJS_STYLE_EXCHANGE,P-2026-05-STEP1,false,true,6f827a5782ad2013f8fdaddcd3893122778e99e5ee7b300fea7600e646ae0272
REQ-000976,2026-06-04T19:28:00Z,cross_jurisdiction_sensitive,OFF-0219,72129b83faafabab27729edc,Inspector,4,POLICE,STATE_03_DIST_02_PS_03,STATE_03_DIST_02,STATE_03,MEDIUM,ACTIVE,NOT_ASSIGNED,REC-000743,3ba8e78c5a6aece88796d6f8,CASE-00351,FINANCIAL_CRIME,CASE_DIARY,STATE_02_DIST_03_PS_01,STATE_02_DIST_03,STATE_02,POLICE,HIGH,false,false,false,false,SEALED,ARCHIVED,false,false,false,true,SUPERVISION,UPDATE,false,false,MISSING,AFTER_HOURS,ONLINE,MANUAL_ESCALATION,P-2026-05-STEP1,false,true,44c3db6c0485eccdea30aeea45600fa8b6dbb7fca58706562b721685aa5ee15b
REQ-000977,2026-05-29T00:51:00Z,normal_in_jurisdiction,OFF-0025,7fa77f7b07565190b1b9a0af,Head Constable,2,POLICE,STATE_01_DIST_02_PS_03,STATE_01_DIST_02,STATE_01,LOW,ACTIVE,NOT_ASSIGNED,REC-000651,742c0a071ca55694989e712c,CASE-00300,GENERAL_THEFT,WITNESS_STATEMENT,STATE_03_DIST_04_PS_03,STATE_03_DIST_04,STATE_03,POLICE,MEDIUM,false,true,false,false,OPEN,ACTIVE,false,false,false,true,INVESTIGATION,VIEW,false,false,NOT_REQUIRED,NIGHT,ONLINE,ICJS_STYLE_EXCHANGE,P-2026-05-STEP1,false,true,bf5d4beec719ce24a8a01cb62aefaf446a0ea1587ee8d97776ef67b5c8ab2630
REQ-000978,2026-05-29T17:12:00Z,sealed_record,OFF-0112,c424bf9aa5cd573d3066b2f0,Constable,1,POLICE,STATE_02_DIST_03_PS_03,STATE_02_DIST_03,STATE_02,LOW,ACTIVE,NOT_ASSIGNED,REC-000061,de8ed503b092aff04a4f6676,CASE-00083,NARCOTICS,COURT_SUBMISSION,STATE_03_DIST_01_PS_03,STATE_03_DIST_01,STATE_03,POLICE,HIGH,false,false,false,false,SEALED,ACTIVE,false,false,false,true,COURT_PRODUCTION,DOWNLOAD,false,true,MISSING,BUSINESS_HOURS,ONLINE,CCTNS_STYLE_API,P-2026-05-STEP1,false,true,bd35b63dfdd03cadd4f6067f41f845eebf7dd16cc6feb62f3d71fd8b530f5eb9
REQ-000979,2026-06-04T03:48:00Z,normal_in_jurisdiction,OFF-0112,c424bf9aa5cd573d3066b2f0,Constable,1,POLICE,STATE_02_DIST_03_PS_03,STATE_02_DIST_03,STATE_02,LOW,ACTIVE,ASSIGNED,REC-000867,685db473c8326fc6f2ce18dc,CASE-00044,WOMEN_CHILD_SAFETY,COURT_SUBMISSION,STATE_02_DIST_03_PS_03,STATE_02_DIST_03,STATE_02,POLICE,MEDIUM,true,false,false,false,OPEN,ACTIVE,true,true,true,false,INVESTIGATION,VIEW,false,false,NOT_REQUIRED,BUSINESS_HOURS,ONLINE,MANUAL_ESCALATION,P-2026-05-STEP1,false,true,0260687f4f87d62afd891195229fe58961991f4ea5af2a69381b3182b8d93b31
REQ-000980,2026-06-04T04:00:00Z,emergency_override,OFF-0126,73518b37a439a4d90b18903d,Forensic Officer,4,FORENSIC,STATE_03_DIST_01_PS_03,STATE_03_DIST_01,STATE_03,HIGH,ACTIVE,NOT_ASSIGNED,REC-000837,bf2181704489a082cfccfcaa,CASE-00130,VIOLENT_CRIME,CASE_DIARY,STATE_01_DIST_01_PS_01,STATE_01_DIST_01,STATE_01,POLICE,HIGH,false,false,false,false,OPEN,ACTIVE,false,false,false,true,EMERGENCY_RESPONSE,VIEW,true,false,PRESENT_VALID,BUSINESS_HOURS,ONLINE,CCTNS_STYLE_API,P-2026-05-STEP1,false,true,d5843d8caf9cd89364c1acd5f93203beb55f961237d7780998fa7e69149fffd2
REQ-000981,2026-06-06T21:36:00Z,sealed_record,OFF-0074,0cef9a18606529b664cb0b3f,Sub-Inspector,3,POLICE,STATE_01_DIST_03_PS_03,STATE_01_DIST_03,STATE_01,MEDIUM,ACTIVE,NOT_ASSIGNED,REC-000553,7d6f478ee9bc86b7332e87fc,CASE-00073,VIOLENT_CRIME,FIR_SUMMARY,STATE_01_DIST_03_PS_02,STATE_01_DIST_03,STATE_01,POLICE,LOW,false,false,false,false,SEALED,ACTIVE,false,true,true,false,INVESTIGATION,VIEW,false,false,PRESENT_VALID,BUSINESS_HOURS,ONLINE,MANUAL_ESCALATION,P-2026-05-STEP1,false,true,14aada8bac697a62e310f6b16335207b4c67e345d87b3bf833dd532e2004aa01
REQ-000982,2026-05-31T02:12:00Z,cross_jurisdiction_sensitive,OFF-0184,c0fc3111ae7a563a9f54250e,Inspector,4,POLICE,STATE_02_DIST_03_PS_02,STATE_02_DIST_03,STATE_02,MEDIUM,ACTIVE,NOT_ASSIGNED,REC-000895,64ea53e96d98bd809e79a9ef,CASE-00171,NARCOTICS,CASE_DIARY,STATE_02_DIST_02_PS_03,STATE_02_DIST_02,STATE_02,POLICE,CLASSIFIED,false,false,false,false,OPEN,ACTIVE,false,false,true,true,FORENSIC_REVIEW,VIEW,false,false,PRESENT_VALID,BUSINESS_HOURS,ONLINE,MANUAL_ESCALATION,P-2026-05-STEP1,false,true,189a685f8fce7367b2fa05c7febe6e6fa9bf8df53a4ba00ca5d5acc9daa6d5be
REQ-000983,2026-06-06T05:45:00Z,cross_jurisdiction_sensitive,OFF-0041,6adbebf965a8665f8e3dd8db,Station House Officer,5,POLICE,STATE_02_DIST_03_PS_03,STATE_02_DIST_03,STATE_02,HIGH,ACTIVE,NOT_ASSIGNED,REC-000775,90c846f567dedc974dc3578c,CASE-00019,JUVENILE_PROTECTION,COURT_SUBMISSION,STATE_02_DIST_04_PS_01,STATE_02_DIST_04,STATE_02,POLICE,MEDIUM,false,false,true,false,SEALED,ARCHIVED,false,false,true,true,SUPERVISION,DOWNLOAD,false,false,MISSING,BUSINESS_HOURS,ONLINE,CCTNS_STYLE_API,P-2026-05-STEP1,false,true,75ac4d382b0971c0dfa49368ee2e28e2577d2f15c34f6af3b5c6ea1c4ed892a1
REQ-000984,2026-06-05T13:36:00Z,expired_approval_token,OFF-0152,f30bb583158115d6451ff1ba,Inspector,4,POLICE,STATE_02_DIST_01_PS_01,STATE_02_DIST_01,STATE_02,MEDIUM,ACTIVE,NOT_ASSIGNED,REC-000470,6a2e764a7c5c098cd2bd4b1e,CASE-00126,CYBER_FRAUD,WITNESS_STATEMENT,STATE_03_DIST_03_PS_03,STATE_03_DIST_03,STATE_03,POLICE,MEDIUM,false,true,false,false,OPEN,UNDER_REVIEW,false,false,false,true,INVESTIGATION,VIEW,false,false,EXPIRED,BUSINESS_HOURS,ONLINE,MANUAL_ESCALATION,P-2026-05-STEP1,false,true,a4a86fd39e451dba7fbcb0d1250c17edc396bbd15b5cc09ac576358b4a1a613f
REQ-000985,2026-06-02T03:45:00Z,normal_in_jurisdiction,OFF-0020,fcd532f0d95281220fe7337b,Station House Officer,5,POLICE,STATE_01_DIST_02_PS_01,STATE_01_DIST_02,STATE_01,HIGH,ACTIVE,ASSIGNED,REC-000508,3a993cc7b9f6a4ba103eaf9d,CASE-00173,FINANCIAL_CRIME,FIR_SUMMARY,STATE_01_DIST_02_PS_01,STATE_01_DIST_02,STATE_01,POLICE,MEDIUM,false,false,false,false,OPEN,ACTIVE,true,true,true,false,INVESTIGATION,VIEW,false,false,NOT_REQUIRED,NIGHT,ONLINE,CCTNS_STYLE_API,P-2026-05-STEP1,false,true,55aa67114a259cadfb07bdee4cc8df92d6c80b55348f1b96056d91a84d24ad0a
REQ-000986,2026-05-28T08:52:00Z,sealed_record,OFF-0111,f65ad458155d09405f8da86c,Sub-Inspector,3,POLICE,STATE_02_DIST_04_PS_03,STATE_02_DIST_04,STATE_02,MEDIUM,ACTIVE,NOT_ASSIGNED,REC-000204,a638e70808e21ac763018336,CASE-00128,GENERAL_THEFT,FIR_SUMMARY,STATE_01_DIST_01_PS_02,STATE_01_DIST_01,STATE_01,POLICE,LOW,false,false,false,false,SEALED,UNDER_REVIEW,false,false,false,true,INVESTIGATION,UPDATE,false,false,MISSING,BUSINESS_HOURS,ONLINE,ICJS_STYLE_EXCHANGE,P-2026-05-STEP1,false,true,350a1babcea38de92c83699890b97fcdc0c42904bb3f618a1d959835f7a8691e
REQ-000987,2026-05-30T10:15:00Z,normal_in_jurisdiction,OFF-0146,59518bd254aa8c0d0b7a139c,Senior Superintendent,6,POLICE,STATE_02_DIST_02_PS_02,STATE_02_DIST_02,STATE_02,CLASSIFIED,ACTIVE,ASSIGNED,REC-000031,a62882abc3511c2fb68d874b,CASE-00228,NARCOTICS,FIR_SUMMARY,STATE_02_DIST_02_PS_02,STATE_02_DIST_02,STATE_02,POLICE,LOW,false,false,false,false,OPEN,ACTIVE,true,true,true,false,INVESTIGATION,VIEW,false,false,NOT_REQUIRED,BUSINESS_HOURS,ONLINE,CCTNS_STYLE_API,P-2026-05-STEP1,false,true,b6d083ff5d1a52cc0890c8dd4f93aaab1ebc82e88ab0fbcb7b85d91a001dbf8b
REQ-000988,2026-05-28T08:56:00Z,stale_case_assignment,OFF-0181,e1441290962ca2a8517d8d0f,Forensic Officer,4,FORENSIC,STATE_02_DIST_03_PS_02,STATE_02_DIST_03,STATE_02,HIGH,ACTIVE,STALE,REC-000811,9a7d44825280d67eab0d8e8c,CASE-00211,FINANCIAL_CRIME,WITNESS_STATEMENT,STATE_01_DIST_03_PS_01,STATE_01_DIST_03,STATE_01,POLICE,CLASSIFIED,false,true,false,false,SEALED,UNDER_REVIEW,false,false,false,true,INVESTIGATION,VIEW,false,false,MISSING,AFTER_HOURS,ONLINE,CCTNS_STYLE_API,P-2026-05-STEP1,false,true,6eda784690f3cf5f5fe954558644c7c287e014d377a4f76c7501a97a4ad872b8
REQ-000989,2026-05-29T17:56:00Z,sealed_record,OFF-0063,d57f9cfca107b054602e3afe,Forensic Officer,4,FORENSIC,STATE_03_DIST_01_PS_03,STATE_03_DIST_01,STATE_03,HIGH,ACTIVE,NOT_ASSIGNED,REC-000884,11ae01e13be999a8c96206da,CASE-00144,MISSING_PERSON,JUVENILE_RECORD,STATE_03_DIST_04_PS_02,STATE_03_DIST_04,STATE_03,POLICE,CLASSIFIED,false,false,true,false,SEALED,UNDER_REVIEW,false,false,true,true,PROSECUTION_REVIEW,DOWNLOAD,false,true,MISSING,AFTER_HOURS,DEGRADED,MANUAL_ESCALATION,P-2026-05-STEP1,false,true,bd0f82a28d5e70b0376a205606ee084de78d9bca7654bd8d157338688c673b79
REQ-000990,2026-05-30T10:30:00Z,expired_approval_token,OFF-0170,46b29e30bec752302a2d886e,Station House Officer,5,POLICE,STATE_03_DIST_03_PS_02,STATE_03_DIST_03,STATE_03,HIGH,ACTIVE,NOT_ASSIGNED,REC-000422,a5868bcaec407c2284b53fec,CASE-00265,MISSING_PERSON,FIR_SUMMARY,STATE_02_DIST_04_PS_02,STATE_02_DIST_04,STATE_02,POLICE,LOW,false,false,false,false,OPEN,ARCHIVED,false,false,false,true,INVESTIGATION,DOWNLOAD,false,false,EXPIRED,BUSINESS_HOURS,STATION_NODE_DOWN,MANUAL_ESCALATION,P-2026-05-STEP1,false,true,c72d72badee03765b654b90e53cb745af74fbae902da0bfc8350e30f0dbd97cf
REQ-000991,2026-06-03T13:41:00Z,cross_jurisdiction_sensitive,OFF-0018,f8755a48fce2988e7e892881,Constable,1,POLICE,STATE_03_DIST_03_PS_01,STATE_03_DIST_03,STATE_03,LOW,ACTIVE,NOT_ASSIGNED,REC-000644,134d5ab59de5af3d5dd49d2a,CASE-00232,WOMEN_CHILD_SAFETY,WITNESS_STATEMENT,STATE_03_DIST_02_PS_01,STATE_03_DIST_02,STATE_03,POLICE,HIGH,true,true,false,false,OPEN,ACTIVE,false,false,true,true,FORENSIC_REVIEW,APPROVE,false,false,PRESENT_VALID,AFTER_HOURS,ONLINE,CCTNS_STYLE_API,P-2026-05-STEP1,false,true,df8efca09e5759dda0972c69b1599924f1237aa7a0f043259bbb66ad2f5f8f54
REQ-000992,2026-06-06T08:00:00Z,cross_jurisdiction_sensitive,OFF-0001,858f20314a8c64995d905a33,Head Constable,2,POLICE,STATE_01_DIST_02_PS_01,STATE_01_DIST_02,STATE_01,LOW,ACTIVE,NOT_ASSIGNED,REC-000794,949e9506f350533dfbd08052,CASE-00314,FINANCIAL_CRIME,COURT_SUBMISSION,STATE_03_DIST_03_PS_02,STATE_03_DIST_03,STATE_03,POLICE,HIGH,false,false,false,false,OPEN,ACTIVE,false,false,false,true,FORENSIC_REVIEW,VIEW,false,false,PRESENT_VALID,BUSINESS_HOURS,ONLINE,CCTNS_STYLE_API,P-2026-05-STEP1,false,true,cef242ae7c83e1e80fd6f9762e2021c94925c6f8853bb2c58549994aa33039c7
REQ-000993,2026-05-30T10:45:00Z,normal_in_jurisdiction,OFF-0192,3d55943653d0579351b1bb1c,Sub-Inspector,3,POLICE,STATE_02_DIST_03_PS_01,STATE_02_DIST_03,STATE_02,MEDIUM,ACTIVE,ASSIGNED,REC-000357,71bbf19d311d6a56e619166e,CASE-00208,GENERAL_THEFT,FIR_SUMMARY,STATE_02_DIST_03_PS_01,STATE_02_DIST_03,STATE_02,POLICE,LOW,false,false,false,false,OPEN,ACTIVE,true,true,true,false,INVESTIGATION,VIEW,false,false,NOT_REQUIRED,BUSINESS_HOURS,ONLINE,MANUAL_ESCALATION,P-2026-05-STEP1,false,true,936f9223ed7f85701fe2296f3a5d1aaddc6691023e53362267d11de122db7f7d
REQ-000994,2026-06-03T14:14:00Z,revoked_credential,OFF-0069,ecaec2b1bb689d9a6ebf8cca,Constable,1,POLICE,STATE_02_DIST_02_PS_03,STATE_02_DIST_02,STATE_02,LOW,REVOKED,NOT_ASSIGNED,REC-000552,75f04acfcb1add0751aa6da0,CASE-00243,CYBER_FRAUD,FORENSIC_REPORT,STATE_03_DIST_02_PS_02,STATE_03_DIST_02,STATE_03,POLICE,HIGH,false,false,false,false,OPEN,ACTIVE,false,false,false,true,AUDIT,VIEW,false,false,MISSING,BUSINESS_HOURS,ONLINE,ICJS_STYLE_EXCHANGE,P-2026-05-STEP1,false,true,c98643848c6973eb69691cf63ba0c1dad7d3098ca8717c09e307ad6ed3a93f07
REQ-000995,2026-05-31T03:30:00Z,sealed_record,OFF-0169,da8724df1e30e5c801778777,Constable,1,POLICE,STATE_01_DIST_01_PS_02,STATE_01_DIST_01,STATE_01,LOW,ACTIVE,NOT_ASSIGNED,REC-000840,667e91a0b9ccb9078757d9fa,CASE-00154,JUVENILE_PROTECTION,FIR_SUMMARY,STATE_01_DIST_01_PS_02,STATE_01_DIST_01,STATE_01,POLICE,LOW,false,false,true,false,SEALED,ACTIVE,true,true,true,false,INVESTIGATION,UPDATE,false,false,MISSING,BUSINESS_HOURS,ONLINE,ICJS_STYLE_EXCHANGE,P-2026-05-STEP1,false,true,b2130680187d54650d6d6a4db8916f93c3cd3acad352bd038eca5e31aa384f4c
REQ-000996,2026-06-02T22:00:00Z,cross_jurisdiction_sensitive,OFF-0141,69b61a8c9ab3b270d0f7db2e,Station House Officer,5,POLICE,STATE_03_DIST_04_PS_02,STATE_03_DIST_04,STATE_03,HIGH,ACTIVE,NOT_ASSIGNED,REC-000041,57feb3c60423fddfa0461895,CASE-00084,GENERAL_THEFT,EVIDENCE_MEDIA,STATE_01_DIST_03_PS_01,STATE_01_DIST_03,STATE_01,POLICE,CLASSIFIED,false,false,false,true,SEALED,ACTIVE,false,false,false,true,FORENSIC_REVIEW,VIEW,false,false,PRESENT_VALID,AFTER_HOURS,ONLINE,ICJS_STYLE_EXCHANGE,P-2026-05-STEP1,false,true,dfc1cd2284e68774d98b9c327d4be77dc165466b511d89ea186e69506538e675
REQ-000997,2026-05-29T18:28:00Z,juvenile_sensitive,OFF-0008,f7c9b924c136028c31a62c8c,Station House Officer,5,POLICE,STATE_03_DIST_02_PS_01,STATE_03_DIST_02,STATE_03,HIGH,ACTIVE,NOT_ASSIGNED,REC-000264,87b096587a2f7133a6e4ac06,CASE-00031,MISSING_PERSON,JUVENILE_RECORD,STATE_01_DIST_01_PS_02,STATE_01_DIST_01,STATE_01,POLICE,CLASSIFIED,false,false,true,false,OPEN,ACTIVE,false,false,false,true,SUPERVISION,DOWNLOAD,false,false,MISSING,BUSINESS_HOURS,ONLINE,MANUAL_ESCALATION,P-2026-05-STEP1,false,true,1db2964cedeb8ef1303af8dfac45df120744af48e6854e7bb9878b920508ad96
REQ-000998,2026-06-02T05:42:00Z,normal_in_jurisdiction,OFF-0076,ce1b63fb3ee51890894fc213,Forensic Officer,4,FORENSIC,STATE_01_DIST_02_PS_02,STATE_01_DIST_02,STATE_01,HIGH,ACTIVE,ASSIGNED,REC-000516,dc7ebd2a3c118cae47903bf9,CASE-00270,MISSING_PERSON,CYBERCRIME_COMPLAINT,STATE_01_DIST_02_PS_02,STATE_01_DIST_02,STATE_01,POLICE,MEDIUM,false,false,false,false,OPEN,UNDER_REVIEW,true,true,true,false,INVESTIGATION,VIEW,false,false,NOT_REQUIRED,BUSINESS_HOURS,ONLINE,ICJS_STYLE_EXCHANGE,P-2026-05-STEP1,false,true,0ef5aea05a0c0a3dec3c365fab2fbf401c6ce49d381c53ad0fc9a3f96d1fd5ba
REQ-000999,2026-05-30T11:15:00Z,cross_jurisdiction_sensitive,OFF-0177,8287968c0e33f42b2e380e47,Sub-Inspector,3,POLICE,STATE_02_DIST_02_PS_01,STATE_02_DIST_02,STATE_02,MEDIUM,ACTIVE,NOT_ASSIGNED,REC-000629,c14c6c27edacd158510d86ae,CASE-00120,CYBER_FRAUD,JUVENILE_RECORD,STATE_01_DIST_02_PS_01,STATE_01_DIST_02,STATE_01,POLICE,HIGH,false,false,true,false,OPEN,ARCHIVED,false,false,false,true,INVESTIGATION,APPROVE,false,false,PRESENT_VALID,BUSINESS_HOURS,ONLINE,CCTNS_STYLE_API,P-2026-05-STEP1,false,true,15312dd9da1b74eadf96a9cc136852f04277463b65bd67b6aec850120aeecf80
REQ-001000,2026-06-04T08:00:00Z,normal_in_jurisdiction,OFF-0106,2deed09bfdff4831b0bfcd1c,Sub-Inspector,3,POLICE,STATE_03_DIST_03_PS_02,STATE_03_DIST_03,STATE_03,MEDIUM,ACTIVE,ASSIGNED,REC-000442,0b78c248bf72ce01e5e741e0,CASE-00312,WOMEN_CHILD_SAFETY,FIR_SUMMARY,STATE_03_DIST_03_PS_02,STATE_03_DIST_03,STATE_03,POLICE,MEDIUM,true,false,false,false,OPEN,ACTIVE,true,true,true,false,INVESTIGATION,VIEW,false,false,NOT_REQUIRED,BUSINESS_HOURS,ONLINE,ICJS_STYLE_EXCHANGE,P-2026-05-STEP1,false,true,5ce3c57617b12955813b54c7ec5eece49ebb00694f52884b5a62fabbc5e7ff79
