record_id,record_hash,case_id,case_type,originating_station_id,district_id,state_id,record_type,sensitivity_level,victim_flag,witness_flag,juvenile_flag,evidence_media_flag,sealed_status,retention_status,owner_agency,raw_record_included,synthetic_only
REC-000001,90c44e5b5f4485801e5b8a18,CASE-00118,VIOLENT_CRIME,STATE_01_DIST_02_PS_01,STATE_01_DIST_02,STATE_01,COURT_SUBMISSION,MEDIUM,false,false,false,false,OPEN,UNDER_REVIEW,POLICE,false,true
REC-000002,768842f55be1e7466a34dc2d,CASE-00353,JUVENILE_PROTECTION,STATE_01_DIST_03_PS_02,STATE_01_DIST_03,STATE_01,FIR_SUMMARY,LOW,false,false,true,false,OPEN,UNDER_REVIEW,POLICE,false,true
REC-000003,c3ad82ff84dfe0275c582cf5,CASE-00088,JUVENILE_PROTECTION,STATE_01_DIST_01_PS_01,STATE_01_DIST_01,STATE_01,FIR_SUMMARY,LOW,false,false,true,false,OPEN,ARCHIVED,POLICE,false,true
REC-000004,6628e2304732b441ca775171,CASE-00090,GENERAL_THEFT,STATE_03_DIST_04_PS_03,STATE_03_DIST_04,STATE_03,JUVENILE_RECORD,CLASSIFIED,false,false,true,false,OPEN,ACTIVE,POLICE,false,true
REC-000005,73a955fe3375c918a3bfc978,CASE-00041,CYBER_FRAUD,STATE_02_DIST_02_PS_02,STATE_02_DIST_02,STATE_02,COURT_SUBMISSION,HIGH,false,false,false,false,OPEN,ACTIVE,POLICE,false,true
REC-000006,698b4ee210401c7be744cc1d,CASE-00225,JUVENILE_PROTECTION,STATE_01_DIST_01_PS_02,STATE_01_DIST_01,STATE_01,EVIDENCE_MEDIA,CLASSIFIED,false,false,true,true,OPEN,UNDER_REVIEW,POLICE,false,true
REC-000007,8ccbd9b70dff9bfa5bc9f0dd,CASE-00266,MISSING_PERSON,STATE_01_DIST_01_PS_02,STATE_01_DIST_01,STATE_01,FORENSIC_REPORT,HIGH,false,false,false,false,OPEN,ACTIVE,POLICE,false,true
REC-000008,82f3a0dc6cf5506dd0eab4e1,CASE-00045,CYBER_FRAUD,STATE_02_DIST_04_PS_01,STATE_02_DIST_04,STATE_02,FORENSIC_REPORT,HIGH,false,false,false,false,OPEN,ACTIVE,POLICE,false,true
REC-000009,63c910ce62e656e7950b3fc5,CASE-00098,MISSING_PERSON,STATE_01_DIST_02_PS_02,STATE_01_DIST_02,STATE_01,FIR_SUMMARY,LOW,false,false,false,false,OPEN,ACTIVE,POLICE,false,true
REC-000010,1453d16ff68c935811a922d5,CASE-00051,VIOLENT_CRIME,STATE_03_DIST_04_PS_03,STATE_03_DIST_04,STATE_03,FORENSIC_REPORT,MEDIUM,false,false,false,false,OPEN,UNDER_REVIEW,POLICE,false,true
REC-000011,042d35f4578bbf5ff1ba3965,CASE-00137,MISSING_PERSON,STATE_03_DIST_02_PS_03,STATE_03_DIST_02,STATE_03,CYBERCRIME_COMPLAINT,HIGH,false,false,false,false,OPEN,ACTIVE,POLICE,false,true
REC-000012,c6a572862caa5832f9d55a39,CASE-00060,FINANCIAL_CRIME,STATE_01_DIST_03_PS_02,STATE_01_DIST_03,STATE_01,FORENSIC_REPORT,HIGH,false,false,false,false,OPEN,ARCHIVED,POLICE,false,true
REC-000013,05fbaffbdcc8ed96f536c6a1,CASE-00158,WOMEN_CHILD_SAFETY,STATE_02_DIST_04_PS_01,STATE_02_DIST_04,STATE_02,VICTIM_RECORD,HIGH,true,false,false,false,OPEN,ACTIVE,POLICE,false,true
REC-000014,201bd2e21b21dd12c27511f3,CASE-00190,GENERAL_THEFT,STATE_03_DIST_04_PS_02,STATE_03_DIST_04,STATE_03,WITNESS_STATEMENT,MEDIUM,false,true,false,false,OPEN,ARCHIVED,POLICE,false,true
REC-000015,04bb3bbec77f28b17144322b,CASE-00232,WOMEN_CHILD_SAFETY,STATE_03_DIST_02_PS_01,STATE_03_DIST_02,STATE_03,CASE_DIARY,HIGH,true,false,false,false,OPEN,ACTIVE,POLICE,false,true
REC-000016,ebee7338989614ba92eb1548,CASE-00346,WOMEN_CHILD_SAFETY,STATE_03_DIST_04_PS_02,STATE_03_DIST_04,STATE_03,CYBERCRIME_COMPLAINT,HIGH,true,false,false,false,OPEN,ACTIVE,POLICE,false,true
REC-000017,e1a5c2e42c1a757dba4cde54,CASE-00274,VIOLENT_CRIME,STATE_02_DIST_03_PS_01,STATE_02_DIST_03,STATE_02,EVIDENCE_MEDIA,CLASSIFIED,false,false,false,true,SEALED,ACTIVE,POLICE,false,true
REC-000018,f7957a653c92d0a1cfcc053a,CASE-00331,CYBER_FRAUD,STATE_01_DIST_04_PS_02,STATE_01_DIST_04,STATE_01,JUVENILE_RECORD,CLASSIFIED,false,false,true,false,OPEN,ARCHIVED,POLICE,false,true
REC-000019,7cde120b6e55c28ec650e2f7,CASE-00265,MISSING_PERSON,STATE_02_DIST_04_PS_02,STATE_02_DIST_04,STATE_02,FIR_SUMMARY,LOW,false,false,false,false,OPEN,ACTIVE,POLICE,false,true
REC-000020,dc6ed48644cef8458ae92ea7,CASE-00335,GENERAL_THEFT,STATE_03_DIST_03_PS_02,STATE_03_DIST_03,STATE_03,VICTIM_RECORD,HIGH,true,false,false,false,OPEN,ACTIVE,POLICE,false,true
REC-000021,df4d1c0d660e87790d82e71b,CASE-00148,JUVENILE_PROTECTION,STATE_02_DIST_03_PS_01,STATE_02_DIST_03,STATE_02,COURT_SUBMISSION,MEDIUM,false,false,true,false,OPEN,ACTIVE,POLICE,false,true
REC-000022,3c00705a45e0f58dab6ee427,CASE-00278,FINANCIAL_CRIME,STATE_02_DIST_01_PS_01,STATE_02_DIST_01,STATE_02,FORENSIC_REPORT,HIGH,false,false,false,false,OPEN,ARCHIVED,POLICE,false,true
REC-000023,f9eb939b20b9072971ac4027,CASE-00102,NARCOTICS,STATE_03_DIST_01_PS_03,STATE_03_DIST_01,STATE_03,FORENSIC_REPORT,CLASSIFIED,false,false,false,false,OPEN,ACTIVE,POLICE,false,true
REC-000024,1fc56dd6be6f6936ed29a781,CASE-00140,WOMEN_CHILD_SAFETY,STATE_01_DIST_03_PS_02,STATE_01_DIST_03,STATE_01,WITNESS_STATEMENT,CLASSIFIED,true,true,false,false,OPEN,ACTIVE,POLICE,false,true
REC-000025,dd4a15297476be169ab897a3,CASE-00020,MISSING_PERSON,STATE_03_DIST_02_PS_01,STATE_03_DIST_02,STATE_03,FIR_SUMMARY,MEDIUM,false,false,false,false,SEALED,ACTIVE,POLICE,false,true
REC-000026,603952239175b0f17942d266,CASE-00169,WOMEN_CHILD_SAFETY,STATE_02_DIST_03_PS_01,STATE_02_DIST_03,STATE_02,EVIDENCE_MEDIA,HIGH,true,false,false,true,OPEN,ARCHIVED,POLICE,false,true
REC-000027,db675945c3a004fc20e2e374,CASE-00325,NARCOTICS,STATE_01_DIST_02_PS_03,STATE_01_DIST_02,STATE_01,FORENSIC_REPORT,HIGH,false,false,false,false,OPEN,UNDER_REVIEW,POLICE,false,true
REC-000028,73230ba21a564ed91e8c7eea,CASE-00290,GENERAL_THEFT,STATE_03_DIST_02_PS_02,STATE_03_DIST_02,STATE_03,FIR_SUMMARY,MEDIUM,false,false,false,false,OPEN,ACTIVE,POLICE,false,true
REC-000029,427ff405218f63d90bc57611,CASE-00164,CYBER_FRAUD,STATE_03_DIST_01_PS_03,STATE_03_DIST_01,STATE_03,JUVENILE_RECORD,CLASSIFIED,false,false,true,false,SEALED,ACTIVE,POLICE,false,true
REC-000030,ce330aa2f17b5fc410eb92a3,CASE-00057,MISSING_PERSON,STATE_01_DIST_03_PS_02,STATE_01_DIST_03,STATE_01,WITNESS_STATEMENT,HIGH,false,true,false,false,OPEN,ACTIVE,POLICE,false,true
REC-000031,a62882abc3511c2fb68d874b,CASE-00228,NARCOTICS,STATE_02_DIST_02_PS_02,STATE_02_DIST_02,STATE_02,FIR_SUMMARY,LOW,false,false,false,false,OPEN,ACTIVE,POLICE,false,true
REC-000032,1a8cd49509cc3470cdf5eeb8,CASE-00087,FINANCIAL_CRIME,STATE_01_DIST_02_PS_01,STATE_01_DIST_02,STATE_01,CYBERCRIME_COMPLAINT,MEDIUM,false,false,false,false,OPEN,ARCHIVED,POLICE,false,true
REC-000033,25579b73e0cca8193764a119,CASE-00151,CYBER_FRAUD,STATE_02_DIST_01_PS_01,STATE_02_DIST_01,STATE_02,EVIDENCE_MEDIA,HIGH,false,false,false,true,SEALED,ACTIVE,POLICE,false,true
REC-000034,9917dc83548405dcdfa48501,CASE-00200,WOMEN_CHILD_SAFETY,STATE_02_DIST_04_PS_03,STATE_02_DIST_04,STATE_02,FIR_SUMMARY,MEDIUM,true,false,false,false,OPEN,ACTIVE,POLICE,false,true
REC-000035,3fa5524fcb236c672926f273,CASE-00244,FINANCIAL_CRIME,STATE_02_DIST_01_PS_03,STATE_02_DIST_01,STATE_02,COURT_SUBMISSION,HIGH,false,false,false,false,OPEN,ACTIVE,POLICE,false,true
REC-000036,19c0033126dabf1c18a8e634,CASE-00222,MISSING_PERSON,STATE_01_DIST_03_PS_02,STATE_01_DIST_03,STATE_01,JUVENILE_RECORD,CLASSIFIED,false,false,true,false,OPEN,ACTIVE,POLICE,false,true
REC-000037,3becdfa7ff5a42c711468de9,CASE-00280,VIOLENT_CRIME,STATE_01_DIST_03_PS_01,STATE_01_DIST_03,STATE_01,JUVENILE_RECORD,CLASSIFIED,false,false,true,false,OPEN,ACTIVE,POLICE,false,true
REC-000038,77d32ca0b64129acb6ad66e4,CASE-00002,FINANCIAL_CRIME,STATE_03_DIST_02_PS_01,STATE_03_DIST_02,STATE_03,COURT_SUBMISSION,MEDIUM,false,false,false,false,OPEN,UNDER_REVIEW,POLICE,false,true
REC-000039,b5bb4318d3ac813114ba006d,CASE-00327,FINANCIAL_CRIME,STATE_02_DIST_04_PS_03,STATE_02_DIST_04,STATE_02,CASE_DIARY,MEDIUM,false,false,false,false,OPEN,ARCHIVED,POLICE,false,true
REC-000040,88b72e520b29734a6950a1ba,CASE-00176,FINANCIAL_CRIME,STATE_03_DIST_01_PS_03,STATE_03_DIST_01,STATE_03,VICTIM_RECORD,CLASSIFIED,true,false,false,false,OPEN,ACTIVE,POLICE,false,true
REC-000041,57feb3c60423fddfa0461895,CASE-00084,GENERAL_THEFT,STATE_01_DIST_03_PS_01,STATE_01_DIST_03,STATE_01,EVIDENCE_MEDIA,CLASSIFIED,false,false,false,true,SEALED,ACTIVE,POLICE,false,true
REC-000042,a1b52acab80056cbe18f7a51,CASE-00191,GENERAL_THEFT,STATE_01_DIST_01_PS_02,STATE_01_DIST_01,STATE_01,EVIDENCE_MEDIA,HIGH,false,false,false,true,OPEN,ARCHIVED,POLICE,false,true
REC-000043,5ace8dc7e04de95336593c34,CASE-00073,VIOLENT_CRIME,STATE_01_DIST_03_PS_02,STATE_01_DIST_03,STATE_01,CASE_DIARY,CLASSIFIED,false,false,false,false,OPEN,ACTIVE,POLICE,false,true
REC-000044,b29b01f14568ba1dcdc4e111,CASE-00050,CYBER_FRAUD,STATE_01_DIST_02_PS_02,STATE_01_DIST_02,STATE_01,WITNESS_STATEMENT,HIGH,false,true,false,false,OPEN,ACTIVE,POLICE,false,true
REC-000045,c54e9a5030ced1940176de55,CASE-00153,FINANCIAL_CRIME,STATE_03_DIST_01_PS_02,STATE_03_DIST_01,STATE_03,VICTIM_RECORD,HIGH,true,false,false,false,OPEN,UNDER_REVIEW,POLICE,false,true
REC-000046,39d3051b583edb8f08d3ac66,CASE-00083,NARCOTICS,STATE_03_DIST_01_PS_03,STATE_03_DIST_01,STATE_03,CASE_DIARY,HIGH,false,false,false,false,OPEN,UNDER_REVIEW,POLICE,false,true
REC-000047,fb9b68002468d3dcf43099d5,CASE-00131,GENERAL_THEFT,STATE_03_DIST_04_PS_03,STATE_03_DIST_04,STATE_03,JUVENILE_RECORD,HIGH,false,false,true,false,OPEN,ACTIVE,POLICE,false,true
REC-000048,e2ab6a19944224989c13a294,CASE-00306,WOMEN_CHILD_SAFETY,STATE_02_DIST_02_PS_01,STATE_02_DIST_02,STATE_02,CASE_DIARY,HIGH,true,false,false,false,OPEN,ARCHIVED,POLICE,false,true
REC-000049,0151519fbad7b5e83baba9a4,CASE-00283,CYBER_FRAUD,STATE_01_DIST_01_PS_03,STATE_01_DIST_01,STATE_01,CASE_DIARY,HIGH,false,false,false,false,OPEN,UNDER_REVIEW,POLICE,false,true
REC-000050,7bfd9dd528a8617439385c28,CASE-00241,VIOLENT_CRIME,STATE_02_DIST_03_PS_01,STATE_02_DIST_03,STATE_02,EVIDENCE_MEDIA,CLASSIFIED,false,false,false,true,OPEN,ARCHIVED,POLICE,false,true
REC-000051,ed34cedaaff932ef71e53810,CASE-00074,VIOLENT_CRIME,STATE_01_DIST_04_PS_03,STATE_01_DIST_04,STATE_01,WITNESS_STATEMENT,HIGH,false,true,false,false,OPEN,ARCHIVED,POLICE,false,true
REC-000052,baa6b6685b0bb577aff12148,CASE-00291,JUVENILE_PROTECTION,STATE_02_DIST_01_PS_03,STATE_02_DIST_01,STATE_02,WITNESS_STATEMENT,HIGH,false,true,true,false,OPEN,ACTIVE,POLICE,false,true
REC-000053,c7a1cb7711a9318d95ea172b,CASE-00043,MISSING_PERSON,STATE_02_DIST_01_PS_02,STATE_02_DIST_01,STATE_02,EVIDENCE_MEDIA,HIGH,false,false,false,true,OPEN,ACTIVE,POLICE,false,true
REC-000054,1401f3e1054a0aaab0eeff1c,CASE-00352,MISSING_PERSON,STATE_03_DIST_02_PS_03,STATE_03_DIST_02,STATE_03,COURT_SUBMISSION,MEDIUM,false,false,false,false,OPEN,ACTIVE,POLICE,false,true
REC-000055,c3c560b7671d3f284c65f621,CASE-00196,FINANCIAL_CRIME,STATE_02_DIST_04_PS_01,STATE_02_DIST_04,STATE_02,CASE_DIARY,HIGH,false,false,false,false,OPEN,ACTIVE,POLICE,false,true
REC-000056,27a2461445cecdd70ffd515e,CASE-00030,JUVENILE_PROTECTION,STATE_03_DIST_01_PS_01,STATE_03_DIST_01,STATE_03,VICTIM_RECORD,HIGH,true,false,true,false,OPEN,ARCHIVED,POLICE,false,true
REC-000057,ac818d040ffe1967848958a0,CASE-00312,WOMEN_CHILD_SAFETY,STATE_03_DIST_03_PS_02,STATE_03_DIST_03,STATE_03,CYBERCRIME_COMPLAINT,HIGH,true,false,false,false,SEALED,ACTIVE,POLICE,false,true
REC-000058,31c8bd69fafd25493ad89627,CASE-00065,CYBER_FRAUD,STATE_02_DIST_03_PS_01,STATE_02_DIST_03,STATE_02,FIR_SUMMARY,MEDIUM,false,false,false,false,OPEN,ARCHIVED,POLICE,false,true
REC-000059,5946ff42ea109f3eb283e734,CASE-00017,CYBER_FRAUD,STATE_03_DIST_02_PS_01,STATE_03_DIST_02,STATE_03,EVIDENCE_MEDIA,CLASSIFIED,false,false,false,true,OPEN,ACTIVE,POLICE,false,true
REC-000060,d12cf10e373243a5cf3cbde4,CASE-00001,WOMEN_CHILD_SAFETY,STATE_03_DIST_01_PS_03,STATE_03_DIST_01,STATE_03,FORENSIC_REPORT,HIGH,true,false,false,false,OPEN,ACTIVE,POLICE,false,true
REC-000061,de8ed503b092aff04a4f6676,CASE-00083,NARCOTICS,STATE_03_DIST_01_PS_03,STATE_03_DIST_01,STATE_03,COURT_SUBMISSION,HIGH,false,false,false,false,SEALED,ACTIVE,POLICE,false,true
REC-000062,0679ca444beed76eeaaa44db,CASE-00087,FINANCIAL_CRIME,STATE_01_DIST_02_PS_01,STATE_01_DIST_02,STATE_01,EVIDENCE_MEDIA,HIGH,false,false,false,true,OPEN,ARCHIVED,POLICE,false,true
REC-000063,fb8dce77863a67f68042baad,CASE-00035,NARCOTICS,STATE_03_DIST_03_PS_03,STATE_03_DIST_03,STATE_03,VICTIM_RECORD,CLASSIFIED,true,false,false,false,OPEN,ACTIVE,POLICE,false,true
REC-000064,b551a9d03a67cab2a5cd84fc,CASE-00317,JUVENILE_PROTECTION,STATE_01_DIST_01_PS_02,STATE_01_DIST_01,STATE_01,EVIDENCE_MEDIA,CLASSIFIED,false,false,true,true,OPEN,ACTIVE,POLICE,false,true
REC-000065,7c302dc01cfc5b0cb0defb8f,CASE-00107,NARCOTICS,STATE_01_DIST_03_PS_03,STATE_01_DIST_03,STATE_01,FORENSIC_REPORT,HIGH,false,false,false,false,OPEN,ACTIVE,POLICE,false,true
REC-000066,86a01f1aea6edb3a8fe86ce4,CASE-00065,CYBER_FRAUD,STATE_02_DIST_03_PS_01,STATE_02_DIST_03,STATE_02,VICTIM_RECORD,HIGH,true,false,false,false,OPEN,ACTIVE,POLICE,false,true
REC-000067,47b911abbdd432ecb134dc06,CASE-00333,JUVENILE_PROTECTION,STATE_02_DIST_01_PS_02,STATE_02_DIST_01,STATE_02,CYBERCRIME_COMPLAINT,HIGH,false,false,true,false,OPEN,ACTIVE,POLICE,false,true
REC-000068,83c5b0534e468f6304fb5a25,CASE-00081,WOMEN_CHILD_SAFETY,STATE_03_DIST_02_PS_01,STATE_03_DIST_02,STATE_03,FIR_SUMMARY,LOW,true,false,false,false,OPEN,ARCHIVED,POLICE,false,true
REC-000069,c3f180cb72fe055ae1475896,CASE-00294,VIOLENT_CRIME,STATE_01_DIST_04_PS_03,STATE_01_DIST_04,STATE_01,FORENSIC_REPORT,HIGH,false,false,false,false,OPEN,UNDER_REVIEW,POLICE,false,true
REC-000070,f905e90f3faf128a9c8c9d40,CASE-00291,JUVENILE_PROTECTION,STATE_02_DIST_01_PS_03,STATE_02_DIST_01,STATE_02,JUVENILE_RECORD,HIGH,false,false,true,false,OPEN,ACTIVE,POLICE,false,true
REC-000071,1ce4791bcfe4088122f5f137,CASE-00338,VIOLENT_CRIME,STATE_03_DIST_03_PS_03,STATE_03_DIST_03,STATE_03,CYBERCRIME_COMPLAINT,HIGH,false,false,false,false,OPEN,UNDER_REVIEW,POLICE,false,true
REC-000072,281e1f608e85ce348899d8b8,CASE-00200,WOMEN_CHILD_SAFETY,STATE_02_DIST_04_PS_03,STATE_02_DIST_04,STATE_02,CASE_DIARY,HIGH,true,false,false,false,OPEN,ACTIVE,POLICE,false,true
REC-000073,5eb5e8f5a64d9dc3267ff247,CASE-00183,MISSING_PERSON,STATE_01_DIST_04_PS_03,STATE_01_DIST_04,STATE_01,WITNESS_STATEMENT,CLASSIFIED,false,true,false,false,OPEN,ARCHIVED,POLICE,false,true
REC-000074,ff048431197aa6608782234f,CASE-00308,FINANCIAL_CRIME,STATE_02_DIST_04_PS_02,STATE_02_DIST_04,STATE_02,FIR_SUMMARY,LOW,false,false,false,false,OPEN,ACTIVE,POLICE,false,true
REC-000075,6a40e28a9342f16dc5165083,CASE-00035,NARCOTICS,STATE_03_DIST_03_PS_03,STATE_03_DIST_03,STATE_03,VICTIM_RECORD,HIGH,true,false,false,false,OPEN,ACTIVE,POLICE,false,true
REC-000076,035947ce158c415bf5e8b231,CASE-00235,JUVENILE_PROTECTION,STATE_02_DIST_03_PS_03,STATE_02_DIST_03,STATE_02,WITNESS_STATEMENT,HIGH,false,true,true,false,OPEN,UNDER_REVIEW,POLICE,false,true
REC-000077,8eb06b091b265235ad42db41,CASE-00212,VIOLENT_CRIME,STATE_02_DIST_01_PS_02,STATE_02_DIST_01,STATE_02,CYBERCRIME_COMPLAINT,MEDIUM,false,false,false,false,OPEN,ACTIVE,POLICE,false,true
REC-000078,c1740ac718e7a67336db95d9,CASE-00140,WOMEN_CHILD_SAFETY,STATE_01_DIST_03_PS_02,STATE_01_DIST_03,STATE_01,COURT_SUBMISSION,HIGH,true,false,false,false,OPEN,ACTIVE,POLICE,false,true
REC-000079,82c782797dfec3a3d7607e70,CASE-00233,CYBER_FRAUD,STATE_03_DIST_01_PS_03,STATE_03_DIST_01,STATE_03,EVIDENCE_MEDIA,CLASSIFIED,false,false,false,true,OPEN,ARCHIVED,POLICE,false,true
REC-000080,c6da6d4d126acae64aff20b8,CASE-00164,CYBER_FRAUD,STATE_03_DIST_01_PS_03,STATE_03_DIST_01,STATE_03,CYBERCRIME_COMPLAINT,MEDIUM,false,false,false,false,OPEN,ACTIVE,POLICE,false,true
REC-000081,75366e5d6be5e446e90a9f1e,CASE-00304,WOMEN_CHILD_SAFETY,STATE_03_DIST_02_PS_02,STATE_03_DIST_02,STATE_03,FORENSIC_REPORT,HIGH,true,false,false,false,OPEN,ACTIVE,POLICE,false,true
REC-000082,1323b2c21c14dc109d79bafa,CASE-00062,VIOLENT_CRIME,STATE_01_DIST_03_PS_02,STATE_01_DIST_03,STATE_01,CYBERCRIME_COMPLAINT,HIGH,false,false,false,false,OPEN,ARCHIVED,POLICE,false,true
REC-000083,2e977ba934961ac3b1ab490d,CASE-00277,MISSING_PERSON,STATE_01_DIST_01_PS_03,STATE_01_DIST_01,STATE_01,FORENSIC_REPORT,HIGH,false,false,false,false,OPEN,ARCHIVED,POLICE,false,true
REC-000084,192d3abc4719be38c5ecb6be,CASE-00036,FINANCIAL_CRIME,STATE_03_DIST_04_PS_02,STATE_03_DIST_04,STATE_03,EVIDENCE_MEDIA,CLASSIFIED,false,false,false,true,OPEN,ACTIVE,POLICE,false,true
REC-000085,b5c178cd2a1f60090f942166,CASE-00160,MISSING_PERSON,STATE_01_DIST_01_PS_02,STATE_01_DIST_01,STATE_01,EVIDENCE_MEDIA,HIGH,false,false,false,true,OPEN,ARCHIVED,POLICE,false,true
REC-000086,3d4b5b64967f8dbf39aeb99e,CASE-00307,NARCOTICS,STATE_02_DIST_01_PS_01,STATE_02_DIST_01,STATE_02,VICTIM_RECORD,HIGH,true,false,false,false,OPEN,UNDER_REVIEW,POLICE,false,true
REC-000087,f1308389961d2199aaa8898b,CASE-00036,FINANCIAL_CRIME,STATE_03_DIST_04_PS_02,STATE_03_DIST_04,STATE_03,FORENSIC_REPORT,HIGH,false,false,false,false,OPEN,ACTIVE,POLICE,false,true
REC-000088,0efb3356caf516ce494a3f41,CASE-00073,VIOLENT_CRIME,STATE_01_DIST_03_PS_02,STATE_01_DIST_03,STATE_01,CASE_DIARY,HIGH,false,false,false,false,OPEN,UNDER_REVIEW,POLICE,false,true
REC-000089,f7151781855b8ca96dc2f997,CASE-00178,NARCOTICS,STATE_01_DIST_03_PS_01,STATE_01_DIST_03,STATE_01,CASE_DIARY,CLASSIFIED,false,false,false,false,OPEN,ARCHIVED,POLICE,false,true
REC-000090,3e8ae1b2f99378c4d7fbe8bb,CASE-00196,FINANCIAL_CRIME,STATE_02_DIST_04_PS_01,STATE_02_DIST_04,STATE_02,COURT_SUBMISSION,HIGH,false,false,false,false,OPEN,UNDER_REVIEW,POLICE,false,true
REC-000091,b5eb5768404fed7cfcb3176c,CASE-00041,CYBER_FRAUD,STATE_02_DIST_02_PS_02,STATE_02_DIST_02,STATE_02,FIR_SUMMARY,HIGH,false,false,false,false,OPEN,ARCHIVED,POLICE,false,true
REC-000092,8e67f9c2d6007f18c8de9209,CASE-00250,MISSING_PERSON,STATE_03_DIST_01_PS_03,STATE_03_DIST_01,STATE_03,EVIDENCE_MEDIA,CLASSIFIED,false,false,false,true,OPEN,ACTIVE,POLICE,false,true
REC-000093,215ab041d7ba027eff82f6d6,CASE-00139,FINANCIAL_CRIME,STATE_02_DIST_01_PS_03,STATE_02_DIST_01,STATE_02,FIR_SUMMARY,LOW,false,false,false,false,OPEN,ARCHIVED,POLICE,false,true
REC-000094,7d60c16d6ecbadcdbdfa7d7b,CASE-00340,MISSING_PERSON,STATE_03_DIST_01_PS_01,STATE_03_DIST_01,STATE_03,VICTIM_RECORD,CLASSIFIED,true,false,false,false,OPEN,ARCHIVED,POLICE,false,true
REC-000095,4ea55cba83dc306bfa955910,CASE-00204,WOMEN_CHILD_SAFETY,STATE_02_DIST_04_PS_01,STATE_02_DIST_04,STATE_02,EVIDENCE_MEDIA,CLASSIFIED,true,false,false,true,OPEN,ARCHIVED,POLICE,false,true
REC-000096,e1083b56bf8aea3261c52dbd,CASE-00023,FINANCIAL_CRIME,STATE_03_DIST_04_PS_02,STATE_03_DIST_04,STATE_03,JUVENILE_RECORD,CLASSIFIED,false,false,true,false,OPEN,ACTIVE,POLICE,false,true
REC-000097,c3f8c18d15a47d1d26029870,CASE-00303,JUVENILE_PROTECTION,STATE_03_DIST_03_PS_03,STATE_03_DIST_03,STATE_03,COURT_SUBMISSION,MEDIUM,false,false,true,false,OPEN,ACTIVE,POLICE,false,true
REC-000098,fbd5b958423d6f09d2c26b6a,CASE-00185,CYBER_FRAUD,STATE_03_DIST_04_PS_01,STATE_03_DIST_04,STATE_03,EVIDENCE_MEDIA,CLASSIFIED,false,false,false,true,OPEN,ACTIVE,POLICE,false,true
REC-000099,aa31525ccbce63a1ef943aba,CASE-00260,VIOLENT_CRIME,STATE_03_DIST_01_PS_01,STATE_03_DIST_01,STATE_03,EVIDENCE_MEDIA,CLASSIFIED,false,false,false,true,OPEN,UNDER_REVIEW,POLICE,false,true
REC-000100,dbc9514c0caf7dba5d34549f,CASE-00054,WOMEN_CHILD_SAFETY,STATE_03_DIST_04_PS_01,STATE_03_DIST_04,STATE_03,JUVENILE_RECORD,CLASSIFIED,true,false,true,false,OPEN,ARCHIVED,POLICE,false,true
REC-000101,89cb204fbfc33d55534482e2,CASE-00312,WOMEN_CHILD_SAFETY,STATE_03_DIST_03_PS_02,STATE_03_DIST_03,STATE_03,VICTIM_RECORD,HIGH,true,false,false,false,OPEN,ARCHIVED,POLICE,false,true
REC-000102,198325ea87b957803b3bf480,CASE-00086,JUVENILE_PROTECTION,STATE_01_DIST_04_PS_03,STATE_01_DIST_04,STATE_01,VICTIM_RECORD,HIGH,true,false,true,false,OPEN,ARCHIVED,POLICE,false,true
REC-000103,00fe5fb5f78e8a6e10ed89ea,CASE-00190,GENERAL_THEFT,STATE_03_DIST_04_PS_02,STATE_03_DIST_04,STATE_03,EVIDENCE_MEDIA,CLASSIFIED,false,false,false,true,OPEN,ARCHIVED,POLICE,false,true
REC-000104,a677cce772515d48d3a1528e,CASE-00263,JUVENILE_PROTECTION,STATE_03_DIST_02_PS_03,STATE_03_DIST_02,STATE_03,COURT_SUBMISSION,HIGH,false,false,true,false,OPEN,ACTIVE,POLICE,false,true
REC-000105,1a7a075d9c96c7650482fbad,CASE-00323,CYBER_FRAUD,STATE_03_DIST_02_PS_02,STATE_03_DIST_02,STATE_03,WITNESS_STATEMENT,HIGH,false,true,false,false,OPEN,ACTIVE,POLICE,false,true
REC-000106,0ae0abdd95a97e36857f638e,CASE-00180,WOMEN_CHILD_SAFETY,STATE_03_DIST_04_PS_03,STATE_03_DIST_04,STATE_03,FORENSIC_REPORT,CLASSIFIED,true,false,false,false,OPEN,ACTIVE,POLICE,false,true
REC-000107,e7cce0ac8947d10332441258,CASE-00264,WOMEN_CHILD_SAFETY,STATE_03_DIST_02_PS_03,STATE_03_DIST_02,STATE_03,CASE_DIARY,MEDIUM,true,false,false,false,OPEN,ARCHIVED,POLICE,false,true
REC-000108,12044d787ebe89f0a9bd0dff,CASE-00151,CYBER_FRAUD,STATE_02_DIST_01_PS_01,STATE_02_DIST_01,STATE_02,CASE_DIARY,MEDIUM,false,false,false,false,OPEN,ACTIVE,POLICE,false,true
REC-000109,24f613e6fadac797ca776657,CASE-00320,VIOLENT_CRIME,STATE_02_DIST_03_PS_02,STATE_02_DIST_03,STATE_02,VICTIM_RECORD,HIGH,true,false,false,false,OPEN,ACTIVE,POLICE,false,true
REC-000110,187880cd627f35cb125937fb,CASE-00033,VIOLENT_CRIME,STATE_02_DIST_04_PS_03,STATE_02_DIST_04,STATE_02,JUVENILE_RECORD,HIGH,false,false,true,false,OPEN,ACTIVE,POLICE,false,true
REC-000111,1b6266e26115c2f66cac94c7,CASE-00090,GENERAL_THEFT,STATE_03_DIST_04_PS_03,STATE_03_DIST_04,STATE_03,WITNESS_STATEMENT,HIGH,false,true,false,false,SEALED,ARCHIVED,POLICE,false,true
REC-000112,ca599d02bf178b76d92d8a98,CASE-00185,CYBER_FRAUD,STATE_03_DIST_04_PS_01,STATE_03_DIST_04,STATE_03,FIR_SUMMARY,CLASSIFIED,false,false,false,false,OPEN,ARCHIVED,POLICE,false,true
REC-000113,72dd84998fce687b117e7ec0,CASE-00347,NARCOTICS,STATE_03_DIST_03_PS_01,STATE_03_DIST_03,STATE_03,CYBERCRIME_COMPLAINT,MEDIUM,false,false,false,false,OPEN,ACTIVE,POLICE,false,true
REC-000114,ad93e2928b72a7e21702b4ea,CASE-00252,MISSING_PERSON,STATE_03_DIST_03_PS_02,STATE_03_DIST_03,STATE_03,WITNESS_STATEMENT,MEDIUM,false,true,false,false,OPEN,ACTIVE,POLICE,false,true
REC-000115,233ab22bf4c19087bd09c1f9,CASE-00326,JUVENILE_PROTECTION,STATE_02_DIST_04_PS_01,STATE_02_DIST_04,STATE_02,COURT_SUBMISSION,MEDIUM,false,false,true,false,OPEN,ACTIVE,POLICE,false,true
REC-000116,6991232df5fe59f3ed13dc59,CASE-00252,MISSING_PERSON,STATE_03_DIST_03_PS_02,STATE_03_DIST_03,STATE_03,VICTIM_RECORD,HIGH,true,false,false,false,OPEN,ACTIVE,POLICE,false,true
REC-000117,6d12fa3584ddb2f01bc14091,CASE-00093,NARCOTICS,STATE_02_DIST_02_PS_03,STATE_02_DIST_02,STATE_02,CYBERCRIME_COMPLAINT,HIGH,false,false,false,false,OPEN,ACTIVE,POLICE,false,true
REC-000118,d6154df7eb0a7850d878cc7e,CASE-00066,JUVENILE_PROTECTION,STATE_03_DIST_01_PS_01,STATE_03_DIST_01,STATE_03,FIR_SUMMARY,LOW,false,false,true,false,OPEN,ACTIVE,POLICE,false,true
REC-000119,0e3921d29d1dc93c0c973b8f,CASE-00202,GENERAL_THEFT,STATE_03_DIST_01_PS_03,STATE_03_DIST_01,STATE_03,WITNESS_STATEMENT,HIGH,false,true,false,false,OPEN,ACTIVE,POLICE,false,true
REC-000120,22934e416c5fb7d3a1737ee2,CASE-00138,NARCOTICS,STATE_03_DIST_04_PS_01,STATE_03_DIST_04,STATE_03,COURT_SUBMISSION,MEDIUM,false,false,false,false,OPEN,ARCHIVED,POLICE,false,true
REC-000121,898f4538ce2725a5c586c365,CASE-00069,MISSING_PERSON,STATE_02_DIST_04_PS_03,STATE_02_DIST_04,STATE_02,VICTIM_RECORD,HIGH,true,false,false,false,OPEN,ACTIVE,POLICE,false,true
REC-000122,634985427cd8688fee2b98d0,CASE-00274,VIOLENT_CRIME,STATE_02_DIST_03_PS_01,STATE_02_DIST_03,STATE_02,COURT_SUBMISSION,HIGH,false,false,false,false,SEALED,ACTIVE,POLICE,false,true
REC-000123,0dc2c7ba3a4eee4a67c0382e,CASE-00252,MISSING_PERSON,STATE_03_DIST_03_PS_02,STATE_03_DIST_03,STATE_03,FORENSIC_REPORT,CLASSIFIED,false,false,false,false,SEALED,ACTIVE,POLICE,false,true
REC-000124,18d1592d4e115ec7275f6778,CASE-00010,GENERAL_THEFT,STATE_02_DIST_04_PS_01,STATE_02_DIST_04,STATE_02,WITNESS_STATEMENT,HIGH,false,true,false,false,OPEN,ACTIVE,POLICE,false,true
REC-000125,5d055af90a40e6e2604a6787,CASE-00308,FINANCIAL_CRIME,STATE_02_DIST_04_PS_02,STATE_02_DIST_04,STATE_02,JUVENILE_RECORD,HIGH,false,false,true,false,OPEN,ACTIVE,POLICE,false,true
REC-000126,9f6ce3dfb42b871dbeea3ce4,CASE-00071,VIOLENT_CRIME,STATE_02_DIST_04_PS_01,STATE_02_DIST_04,STATE_02,CYBERCRIME_COMPLAINT,HIGH,false,false,false,false,OPEN,ARCHIVED,POLICE,false,true
REC-000127,fc530ff7f7f640ebd76d5d3f,CASE-00151,CYBER_FRAUD,STATE_02_DIST_01_PS_01,STATE_02_DIST_01,STATE_02,WITNESS_STATEMENT,HIGH,false,true,false,false,SEALED,ARCHIVED,POLICE,false,true
REC-000128,438e40e436069a3ccfd0260e,CASE-00299,NARCOTICS,STATE_03_DIST_02_PS_02,STATE_03_DIST_02,STATE_03,WITNESS_STATEMENT,HIGH,false,true,false,false,OPEN,ACTIVE,POLICE,false,true
REC-000129,ba1246d80c3497ab72c2edc9,CASE-00135,GENERAL_THEFT,STATE_02_DIST_04_PS_03,STATE_02_DIST_04,STATE_02,EVIDENCE_MEDIA,HIGH,false,false,false,true,OPEN,ACTIVE,POLICE,false,true
REC-000130,dd50cdb30b8facf0896c1182,CASE-00287,MISSING_PERSON,STATE_01_DIST_01_PS_01,STATE_01_DIST_01,STATE_01,COURT_SUBMISSION,MEDIUM,false,false,false,false,OPEN,ACTIVE,POLICE,false,true
REC-000131,3f62490bb6003e08aff86a5d,CASE-00205,FINANCIAL_CRIME,STATE_02_DIST_02_PS_01,STATE_02_DIST_02,STATE_02,EVIDENCE_MEDIA,CLASSIFIED,false,false,false,true,OPEN,ACTIVE,POLICE,false,true
REC-000132,3c448fe6bc8192a79adae014,CASE-00314,FINANCIAL_CRIME,STATE_03_DIST_03_PS_02,STATE_03_DIST_03,STATE_03,EVIDENCE_MEDIA,CLASSIFIED,false,false,false,true,OPEN,ACTIVE,POLICE,false,true
REC-000133,fc913d05603cd852d4140f75,CASE-00187,CYBER_FRAUD,STATE_01_DIST_04_PS_02,STATE_01_DIST_04,STATE_01,JUVENILE_RECORD,CLASSIFIED,false,false,true,false,SEALED,UNDER_REVIEW,POLICE,false,true
REC-000134,7901587342e6e798839b3eb3,CASE-00260,VIOLENT_CRIME,STATE_03_DIST_01_PS_01,STATE_03_DIST_01,STATE_03,WITNESS_STATEMENT,CLASSIFIED,false,true,false,false,OPEN,UNDER_REVIEW,POLICE,false,true
REC-000135,7e82733a9c2ca4554a885f81,CASE-00289,WOMEN_CHILD_SAFETY,STATE_03_DIST_01_PS_02,STATE_03_DIST_01,STATE_03,CASE_DIARY,HIGH,true,false,false,false,OPEN,ACTIVE,POLICE,false,true
REC-000136,afc66b49673d015deb1322a9,CASE-00147,FINANCIAL_CRIME,STATE_01_DIST_01_PS_02,STATE_01_DIST_01,STATE_01,FIR_SUMMARY,MEDIUM,false,false,false,false,OPEN,ACTIVE,POLICE,false,true
REC-000137,97493f5f079666824f863137,CASE-00353,JUVENILE_PROTECTION,STATE_01_DIST_03_PS_02,STATE_01_DIST_03,STATE_01,COURT_SUBMISSION,HIGH,false,false,true,false,OPEN,ACTIVE,POLICE,false,true
REC-000138,efc254275269a6226b4fd601,CASE-00164,CYBER_FRAUD,STATE_03_DIST_01_PS_03,STATE_03_DIST_01,STATE_03,FIR_SUMMARY,MEDIUM,false,false,false,false,OPEN,UNDER_REVIEW,POLICE,false,true
REC-000139,29c6b3e6eb3337cb1c09848c,CASE-00184,NARCOTICS,STATE_01_DIST_02_PS_02,STATE_01_DIST_02,STATE_01,CASE_DIARY,CLASSIFIED,false,false,false,false,OPEN,ARCHIVED,POLICE,false,true
REC-000140,32709e9933ce8393e41f8851,CASE-00126,CYBER_FRAUD,STATE_03_DIST_03_PS_03,STATE_03_DIST_03,STATE_03,EVIDENCE_MEDIA,CLASSIFIED,false,false,false,true,SEALED,ACTIVE,POLICE,false,true
REC-000141,0a4ebe96de8201efc315bad5,CASE-00177,MISSING_PERSON,STATE_02_DIST_04_PS_03,STATE_02_DIST_04,STATE_02,FIR_SUMMARY,LOW,false,false,false,false,OPEN,ACTIVE,POLICE,false,true
REC-000142,7ea32c97005a806e5d7f7a11,CASE-00131,GENERAL_THEFT,STATE_03_DIST_04_PS_03,STATE_03_DIST_04,STATE_03,FORENSIC_REPORT,HIGH,false,false,false,false,OPEN,ACTIVE,POLICE,false,true
REC-000143,b0a4a1fab9708ce6b59edcf2,CASE-00322,VIOLENT_CRIME,STATE_03_DIST_01_PS_02,STATE_03_DIST_01,STATE_03,FORENSIC_REPORT,HIGH,false,false,false,false,OPEN,ACTIVE,POLICE,false,true
REC-000144,ade265794cead86e3a593cc9,CASE-00091,GENERAL_THEFT,STATE_03_DIST_03_PS_02,STATE_03_DIST_03,STATE_03,VICTIM_RECORD,HIGH,true,false,false,false,OPEN,ACTIVE,POLICE,false,true
REC-000145,5fc5e68f3970b032241a7cb0,CASE-00122,VIOLENT_CRIME,STATE_03_DIST_03_PS_01,STATE_03_DIST_03,STATE_03,CASE_DIARY,HIGH,false,false,false,false,OPEN,ARCHIVED,POLICE,false,true
REC-000146,cd66005fffbf2859a1f3a83c,CASE-00253,NARCOTICS,STATE_01_DIST_02_PS_03,STATE_01_DIST_02,STATE_01,CASE_DIARY,HIGH,false,false,false,false,OPEN,ARCHIVED,POLICE,false,true
REC-000147,c0cd6baa4f06c293515ad310,CASE-00155,JUVENILE_PROTECTION,STATE_01_DIST_03_PS_01,STATE_01_DIST_03,STATE_01,CASE_DIARY,HIGH,false,false,true,false,OPEN,ACTIVE,POLICE,false,true
REC-000148,48cf890fe5e2b35e37ba9f33,CASE-00056,CYBER_FRAUD,STATE_03_DIST_01_PS_01,STATE_03_DIST_01,STATE_03,CYBERCRIME_COMPLAINT,HIGH,false,false,false,false,OPEN,ARCHIVED,POLICE,false,true
REC-000149,7b0cb359d199386905812a3b,CASE-00088,JUVENILE_PROTECTION,STATE_01_DIST_01_PS_01,STATE_01_DIST_01,STATE_01,EVIDENCE_MEDIA,HIGH,false,false,true,true,OPEN,ACTIVE,POLICE,false,true
REC-000150,c037395aee2e6c54b7bdb5ce,CASE-00345,MISSING_PERSON,STATE_02_DIST_03_PS_01,STATE_02_DIST_03,STATE_02,CASE_DIARY,CLASSIFIED,false,false,false,false,OPEN,ACTIVE,POLICE,false,true
REC-000151,507c214cad9427a82c90d316,CASE-00129,FINANCIAL_CRIME,STATE_03_DIST_03_PS_01,STATE_03_DIST_03,STATE_03,CASE_DIARY,HIGH,false,false,false,false,OPEN,ARCHIVED,POLICE,false,true
REC-000152,855965ff849e31dc11494c47,CASE-00244,FINANCIAL_CRIME,STATE_02_DIST_01_PS_03,STATE_02_DIST_01,STATE_02,JUVENILE_RECORD,HIGH,false,false,true,false,OPEN,ARCHIVED,POLICE,false,true
REC-000153,77fd029c8d0f86d28ab13758,CASE-00046,MISSING_PERSON,STATE_02_DIST_01_PS_03,STATE_02_DIST_01,STATE_02,EVIDENCE_MEDIA,CLASSIFIED,false,false,false,true,OPEN,ACTIVE,POLICE,false,true
REC-000154,550a42b9a5b45fa2817e763a,CASE-00352,MISSING_PERSON,STATE_03_DIST_02_PS_03,STATE_03_DIST_02,STATE_03,JUVENILE_RECORD,CLASSIFIED,false,false,true,false,SEALED,ACTIVE,POLICE,false,true
REC-000155,9169482ae7cab0166b265e60,CASE-00011,JUVENILE_PROTECTION,STATE_01_DIST_02_PS_03,STATE_01_DIST_02,STATE_01,CASE_DIARY,HIGH,false,false,true,false,OPEN,ACTIVE,POLICE,false,true
REC-000156,f7101a117c40b4575c2fcf36,CASE-00091,GENERAL_THEFT,STATE_03_DIST_03_PS_02,STATE_03_DIST_03,STATE_03,WITNESS_STATEMENT,HIGH,false,true,false,false,OPEN,ACTIVE,POLICE,false,true
REC-000157,5ab36a7308e1e2c1c699873d,CASE-00189,MISSING_PERSON,STATE_03_DIST_02_PS_03,STATE_03_DIST_02,STATE_03,CASE_DIARY,HIGH,false,false,false,false,OPEN,ARCHIVED,POLICE,false,true
REC-000158,5a476d3f0563aeb86b0ba1d6,CASE-00187,CYBER_FRAUD,STATE_01_DIST_04_PS_02,STATE_01_DIST_04,STATE_01,CYBERCRIME_COMPLAINT,HIGH,false,false,false,false,OPEN,ARCHIVED,POLICE,false,true
REC-000159,3cef4d9f8d92d3f7cc295a2a,CASE-00336,JUVENILE_PROTECTION,STATE_01_DIST_02_PS_02,STATE_01_DIST_02,STATE_01,COURT_SUBMISSION,MEDIUM,false,false,true,false,OPEN,ACTIVE,POLICE,false,true
REC-000160,6c7dd30d86756aae58d7c81b,CASE-00319,FINANCIAL_CRIME,STATE_01_DIST_01_PS_01,STATE_01_DIST_01,STATE_01,VICTIM_RECORD,HIGH,true,false,false,false,OPEN,ACTIVE,POLICE,false,true
REC-000161,7e0c15c3eb220242db7d7d2b,CASE-00012,NARCOTICS,STATE_01_DIST_03_PS_01,STATE_01_DIST_03,STATE_01,CYBERCRIME_COMPLAINT,HIGH,false,false,false,false,OPEN,UNDER_REVIEW,POLICE,false,true
REC-000162,12f777e132dd11d4a2aafb24,CASE-00188,JUVENILE_PROTECTION,STATE_01_DIST_03_PS_02,STATE_01_DIST_03,STATE_01,WITNESS_STATEMENT,HIGH,false,true,true,false,OPEN,UNDER_REVIEW,POLICE,false,true
REC-000163,65a60273afcbaa34ae4c3128,CASE-00320,VIOLENT_CRIME,STATE_02_DIST_03_PS_02,STATE_02_DIST_03,STATE_02,WITNESS_STATEMENT,CLASSIFIED,false,true,false,false,OPEN,ACTIVE,POLICE,false,true
REC-000164,dea11452e75842355e8f6dca,CASE-00067,JUVENILE_PROTECTION,STATE_02_DIST_04_PS_03,STATE_02_DIST_04,STATE_02,VICTIM_RECORD,CLASSIFIED,true,false,true,false,OPEN,ACTIVE,POLICE,false,true
REC-000165,dbdbf7405940702190f7c84f,CASE-00318,WOMEN_CHILD_SAFETY,STATE_02_DIST_04_PS_01,STATE_02_DIST_04,STATE_02,VICTIM_RECORD,CLASSIFIED,true,false,false,false,OPEN,ACTIVE,POLICE,false,true
REC-000166,b4c023d7b119f20e5d0e1666,CASE-00338,VIOLENT_CRIME,STATE_03_DIST_03_PS_03,STATE_03_DIST_03,STATE_03,CASE_DIARY,HIGH,false,false,false,false,OPEN,ACTIVE,POLICE,false,true
REC-000167,c1be72ae2e586a7fecd00956,CASE-00304,WOMEN_CHILD_SAFETY,STATE_03_DIST_02_PS_02,STATE_03_DIST_02,STATE_03,EVIDENCE_MEDIA,CLASSIFIED,true,false,false,true,OPEN,ARCHIVED,POLICE,false,true
REC-000168,3247cfd0298737ce5f467ec6,CASE-00115,JUVENILE_PROTECTION,STATE_01_DIST_04_PS_03,STATE_01_DIST_04,STATE_01,JUVENILE_RECORD,HIGH,false,false,true,false,OPEN,ACTIVE,POLICE,false,true
REC-000169,013db09002c5359870535b51,CASE-00066,JUVENILE_PROTECTION,STATE_03_DIST_01_PS_01,STATE_03_DIST_01,STATE_03,WITNESS_STATEMENT,HIGH,false,true,true,false,OPEN,ARCHIVED,POLICE,false,true
REC-000170,9b8a6086df4407004a417807,CASE-00112,NARCOTICS,STATE_02_DIST_01_PS_02,STATE_02_DIST_01,STATE_02,CYBERCRIME_COMPLAINT,HIGH,false,false,false,false,OPEN,ACTIVE,POLICE,false,true
REC-000171,d16a47696c0bd461b5abb533,CASE-00097,VIOLENT_CRIME,STATE_01_DIST_03_PS_03,STATE_01_DIST_03,STATE_01,VICTIM_RECORD,HIGH,true,false,false,false,OPEN,ACTIVE,POLICE,false,true
REC-000172,25a1feea984cfe4999437ed0,CASE-00294,VIOLENT_CRIME,STATE_01_DIST_04_PS_03,STATE_01_DIST_04,STATE_01,EVIDENCE_MEDIA,CLASSIFIED,false,false,false,true,OPEN,ARCHIVED,POLICE,false,true
REC-000173,83adebd0920663713a0e1b4b,CASE-00146,MISSING_PERSON,STATE_03_DIST_04_PS_02,STATE_03_DIST_04,STATE_03,VICTIM_RECORD,HIGH,true,false,false,false,OPEN,ACTIVE,POLICE,false,true
REC-000174,0f1b88c2aa88b245603f719f,CASE-00188,JUVENILE_PROTECTION,STATE_01_DIST_03_PS_02,STATE_01_DIST_03,STATE_01,FORENSIC_REPORT,HIGH,false,false,true,false,OPEN,ACTIVE,POLICE,false,true
REC-000175,6b83433c88ff38205da4e6d8,CASE-00331,CYBER_FRAUD,STATE_01_DIST_04_PS_02,STATE_01_DIST_04,STATE_01,WITNESS_STATEMENT,HIGH,false,true,false,false,SEALED,ACTIVE,POLICE,false,true
REC-000176,21cd1407a639ec217457fb46,CASE-00043,MISSING_PERSON,STATE_02_DIST_01_PS_02,STATE_02_DIST_01,STATE_02,EVIDENCE_MEDIA,CLASSIFIED,false,false,false,true,OPEN,ACTIVE,POLICE,false,true
REC-000177,d249b6726116fc478ecc0a55,CASE-00201,VIOLENT_CRIME,STATE_01_DIST_02_PS_02,STATE_01_DIST_02,STATE_01,FORENSIC_REPORT,HIGH,false,false,false,false,OPEN,ACTIVE,POLICE,false,true
REC-000178,7dee870272acf5645d4ab84c,CASE-00114,GENERAL_THEFT,STATE_01_DIST_02_PS_01,STATE_01_DIST_02,STATE_01,JUVENILE_RECORD,CLASSIFIED,false,false,true,false,OPEN,ACTIVE,POLICE,false,true
REC-000179,6acc6042dd574d412fb83e2d,CASE-00173,FINANCIAL_CRIME,STATE_01_DIST_02_PS_01,STATE_01_DIST_02,STATE_01,CASE_DIARY,HIGH,false,false,false,false,OPEN,ACTIVE,POLICE,false,true
REC-000180,4ee73ace57928929f1ba50f2,CASE-00297,MISSING_PERSON,STATE_02_DIST_03_PS_03,STATE_02_DIST_03,STATE_02,FORENSIC_REPORT,HIGH,false,false,false,false,OPEN,ACTIVE,POLICE,false,true
REC-000181,65c13ca172c0e8f26de94b13,CASE-00052,JUVENILE_PROTECTION,STATE_02_DIST_01_PS_03,STATE_02_DIST_01,STATE_02,WITNESS_STATEMENT,HIGH,false,true,true,false,OPEN,ARCHIVED,POLICE,false,true
REC-000182,2ad48e61ef29028c1def570f,CASE-00291,JUVENILE_PROTECTION,STATE_02_DIST_01_PS_03,STATE_02_DIST_01,STATE_02,FORENSIC_REPORT,HIGH,false,false,true,false,OPEN,ACTIVE,POLICE,false,true
REC-000183,e12e00177a9ba0dc649887b2,CASE-00246,NARCOTICS,STATE_01_DIST_01_PS_02,STATE_01_DIST_01,STATE_01,FORENSIC_REPORT,HIGH,false,false,false,false,OPEN,UNDER_REVIEW,POLICE,false,true
REC-000184,fde3e6bafd213b72d810fec8,CASE-00106,WOMEN_CHILD_SAFETY,STATE_02_DIST_03_PS_01,STATE_02_DIST_03,STATE_02,CASE_DIARY,HIGH,true,false,false,false,OPEN,ACTIVE,POLICE,false,true
REC-000185,bddbea36e35c483e079157c2,CASE-00174,NARCOTICS,STATE_01_DIST_03_PS_01,STATE_01_DIST_03,STATE_01,CYBERCRIME_COMPLAINT,HIGH,false,false,false,false,OPEN,ACTIVE,POLICE,false,true
REC-000186,0ac94723ae44317300f73044,CASE-00247,NARCOTICS,STATE_02_DIST_01_PS_01,STATE_02_DIST_01,STATE_02,COURT_SUBMISSION,MEDIUM,false,false,false,false,OPEN,ACTIVE,POLICE,false,true
REC-000187,e35c9c805be9e96ad2787cf1,CASE-00345,MISSING_PERSON,STATE_02_DIST_03_PS_01,STATE_02_DIST_03,STATE_02,CASE_DIARY,CLASSIFIED,false,false,false,false,OPEN,ACTIVE,POLICE,false,true
REC-000188,0828f7c8f9d23f5ab736edc6,CASE-00322,VIOLENT_CRIME,STATE_03_DIST_01_PS_02,STATE_03_DIST_01,STATE_03,VICTIM_RECORD,HIGH,true,false,false,false,OPEN,ACTIVE,POLICE,false,true
REC-000189,721cb530e83c85d882fb2f2a,CASE-00150,GENERAL_THEFT,STATE_03_DIST_02_PS_03,STATE_03_DIST_02,STATE_03,FORENSIC_REPORT,HIGH,false,false,false,false,OPEN,UNDER_REVIEW,POLICE,false,true
REC-000190,e5c055800da6250fb67db7ab,CASE-00164,CYBER_FRAUD,STATE_03_DIST_01_PS_03,STATE_03_DIST_01,STATE_03,FIR_SUMMARY,HIGH,false,false,false,false,OPEN,ACTIVE,POLICE,false,true
REC-000191,cd84e4f0dd8740713e22e1aa,CASE-00246,NARCOTICS,STATE_01_DIST_01_PS_02,STATE_01_DIST_01,STATE_01,FIR_SUMMARY,LOW,false,false,false,false,OPEN,ACTIVE,POLICE,false,true
REC-000192,f05d07df552454f1dd0af34b,CASE-00217,FINANCIAL_CRIME,STATE_02_DIST_04_PS_02,STATE_02_DIST_04,STATE_02,VICTIM_RECORD,HIGH,true,false,false,false,OPEN,ACTIVE,POLICE,false,true
REC-000193,9a9c0722091c1601b3f73b45,CASE-00035,NARCOTICS,STATE_03_DIST_03_PS_03,STATE_03_DIST_03,STATE_03,CYBERCRIME_COMPLAINT,HIGH,false,false,false,false,OPEN,ACTIVE,POLICE,false,true
REC-000194,7ce5d3c68a1d4bf9a69dd131,CASE-00079,VIOLENT_CRIME,STATE_01_DIST_04_PS_02,STATE_01_DIST_04,STATE_01,VICTIM_RECORD,MEDIUM,true,false,false,false,OPEN,ACTIVE,POLICE,false,true
REC-000195,6e7de166bc3795238e165ca0,CASE-00203,CYBER_FRAUD,STATE_02_DIST_03_PS_03,STATE_02_DIST_03,STATE_02,CYBERCRIME_COMPLAINT,HIGH,false,false,false,false,OPEN,ACTIVE,POLICE,false,true
REC-000196,2b5c0f81a93bb857349468a0,CASE-00142,VIOLENT_CRIME,STATE_01_DIST_01_PS_02,STATE_01_DIST_01,STATE_01,CYBERCRIME_COMPLAINT,HIGH,false,false,false,false,OPEN,ACTIVE,POLICE,false,true
REC-000197,834c1d76a17a3ab249dc2b1f,CASE-00054,WOMEN_CHILD_SAFETY,STATE_03_DIST_04_PS_01,STATE_03_DIST_04,STATE_03,FORENSIC_REPORT,HIGH,true,false,false,false,OPEN,ACTIVE,POLICE,false,true
REC-000198,31a9bc92fe67a1f3c2a37133,CASE-00132,GENERAL_THEFT,STATE_01_DIST_02_PS_03,STATE_01_DIST_02,STATE_01,JUVENILE_RECORD,CLASSIFIED,false,false,true,false,OPEN,ACTIVE,POLICE,false,true
REC-000199,d87443e05911b2d34de3a269,CASE-00206,WOMEN_CHILD_SAFETY,STATE_01_DIST_04_PS_03,STATE_01_DIST_04,STATE_01,FIR_SUMMARY,MEDIUM,true,false,false,false,OPEN,ACTIVE,POLICE,false,true
REC-000200,5829dfd38c2f180bb5b50f42,CASE-00109,NARCOTICS,STATE_03_DIST_03_PS_03,STATE_03_DIST_03,STATE_03,COURT_SUBMISSION,MEDIUM,false,false,false,false,OPEN,UNDER_REVIEW,POLICE,false,true
REC-000201,98b22e3931eb5eac488f143b,CASE-00098,MISSING_PERSON,STATE_01_DIST_02_PS_02,STATE_01_DIST_02,STATE_01,JUVENILE_RECORD,HIGH,false,false,true,false,OPEN,ACTIVE,POLICE,false,true
REC-000202,5193567c38e42b9a685bdbe1,CASE-00126,CYBER_FRAUD,STATE_03_DIST_03_PS_03,STATE_03_DIST_03,STATE_03,EVIDENCE_MEDIA,HIGH,false,false,false,true,OPEN,ACTIVE,POLICE,false,true
REC-000203,c175ed352d21ac0c97e0b181,CASE-00109,NARCOTICS,STATE_03_DIST_03_PS_03,STATE_03_DIST_03,STATE_03,WITNESS_STATEMENT,MEDIUM,false,true,false,false,OPEN,ACTIVE,POLICE,false,true
REC-000204,a638e70808e21ac763018336,CASE-00128,GENERAL_THEFT,STATE_01_DIST_01_PS_02,STATE_01_DIST_01,STATE_01,FIR_SUMMARY,LOW,false,false,false,false,SEALED,UNDER_REVIEW,POLICE,false,true
REC-000205,5a2346d627dc5abc734fab91,CASE-00253,NARCOTICS,STATE_01_DIST_02_PS_03,STATE_01_DIST_02,STATE_01,WITNESS_STATEMENT,HIGH,false,true,false,false,OPEN,ARCHIVED,POLICE,false,true
REC-000206,94045736c42ce267b600c772,CASE-00170,GENERAL_THEFT,STATE_01_DIST_01_PS_03,STATE_01_DIST_01,STATE_01,FORENSIC_REPORT,HIGH,false,false,false,false,OPEN,ACTIVE,POLICE,false,true
REC-000207,db0304cd11153fe986b9f40e,CASE-00197,JUVENILE_PROTECTION,STATE_02_DIST_01_PS_02,STATE_02_DIST_01,STATE_02,CYBERCRIME_COMPLAINT,HIGH,false,false,true,false,OPEN,ACTIVE,POLICE,false,true
REC-000208,3387ee3b0be0919f165e192f,CASE-00216,WOMEN_CHILD_SAFETY,STATE_03_DIST_03_PS_02,STATE_03_DIST_03,STATE_03,FORENSIC_REPORT,HIGH,true,false,false,false,OPEN,ACTIVE,POLICE,false,true
REC-000209,40ab0a32b9b194338de4a0a3,CASE-00020,MISSING_PERSON,STATE_03_DIST_02_PS_01,STATE_03_DIST_02,STATE_03,FIR_SUMMARY,LOW,false,false,false,false,OPEN,ACTIVE,POLICE,false,true
REC-000210,855eb81843d8f64ce2dce451,CASE-00239,NARCOTICS,STATE_01_DIST_03_PS_01,STATE_01_DIST_03,STATE_01,FORENSIC_REPORT,HIGH,false,false,false,false,SEALED,ACTIVE,POLICE,false,true
REC-000211,47c63e7665f354ae6f2a6d64,CASE-00125,JUVENILE_PROTECTION,STATE_03_DIST_03_PS_03,STATE_03_DIST_03,STATE_03,COURT_SUBMISSION,MEDIUM,false,false,true,false,OPEN,ACTIVE,POLICE,false,true
REC-000212,5a8ac217886c2fc1fa2bcbb6,CASE-00351,FINANCIAL_CRIME,STATE_02_DIST_03_PS_01,STATE_02_DIST_03,STATE_02,VICTIM_RECORD,HIGH,true,false,false,false,OPEN,ACTIVE,POLICE,false,true
REC-000213,9d828451fa91e0118c922412,CASE-00171,NARCOTICS,STATE_02_DIST_02_PS_03,STATE_02_DIST_02,STATE_02,FIR_SUMMARY,LOW,false,false,false,false,OPEN,ARCHIVED,POLICE,false,true
REC-000214,1253146d42ebe28929ff60a9,CASE-00275,WOMEN_CHILD_SAFETY,STATE_02_DIST_01_PS_02,STATE_02_DIST_01,STATE_02,VICTIM_RECORD,CLASSIFIED,true,false,false,false,OPEN,ACTIVE,POLICE,false,true
REC-000215,2ba4339d45b004134829f8df,CASE-00017,CYBER_FRAUD,STATE_03_DIST_02_PS_01,STATE_03_DIST_02,STATE_03,WITNESS_STATEMENT,HIGH,false,true,false,false,OPEN,ACTIVE,POLICE,false,true
REC-000216,f8d01d9519981fbe6119c784,CASE-00242,MISSING_PERSON,STATE_03_DIST_01_PS_01,STATE_03_DIST_01,STATE_03,JUVENILE_RECORD,CLASSIFIED,false,false,true,false,OPEN,ACTIVE,POLICE,false,true
REC-000217,387cbd761dda27638ac4c28c,CASE-00298,GENERAL_THEFT,STATE_02_DIST_03_PS_03,STATE_02_DIST_03,STATE_02,FIR_SUMMARY,LOW,false,false,false,false,OPEN,ACTIVE,POLICE,false,true
REC-000218,b2fe1d7e7f491d2222d662d6,CASE-00288,MISSING_PERSON,STATE_01_DIST_03_PS_03,STATE_01_DIST_03,STATE_01,VICTIM_RECORD,HIGH,true,false,false,false,OPEN,ACTIVE,POLICE,false,true
REC-000219,2c60d6cbf9024e23bc892835,CASE-00116,JUVENILE_PROTECTION,STATE_03_DIST_02_PS_02,STATE_03_DIST_02,STATE_03,EVIDENCE_MEDIA,CLASSIFIED,false,false,true,true,OPEN,ACTIVE,POLICE,false,true
REC-000220,c3ad49089de0c685eea42246,CASE-00063,FINANCIAL_CRIME,STATE_02_DIST_01_PS_02,STATE_02_DIST_01,STATE_02,VICTIM_RECORD,HIGH,true,false,false,false,SEALED,ACTIVE,POLICE,false,true
REC-000221,9a67ff28795c9b0a3b72e121,CASE-00016,VIOLENT_CRIME,STATE_01_DIST_02_PS_01,STATE_01_DIST_02,STATE_01,COURT_SUBMISSION,HIGH,false,false,false,false,OPEN,ACTIVE,POLICE,false,true
REC-000222,2d15673f9d6e48a538d2d1fd,CASE-00264,WOMEN_CHILD_SAFETY,STATE_03_DIST_02_PS_03,STATE_03_DIST_02,STATE_03,COURT_SUBMISSION,HIGH,true,false,false,false,OPEN,ARCHIVED,POLICE,false,true
REC-000223,6d465176a0c4bf824f743521,CASE-00077,MISSING_PERSON,STATE_02_DIST_02_PS_02,STATE_02_DIST_02,STATE_02,FORENSIC_REPORT,CLASSIFIED,false,false,false,false,OPEN,ACTIVE,POLICE,false,true
REC-000224,5b3c9fb228bd8b29719c1a5a,CASE-00086,JUVENILE_PROTECTION,STATE_01_DIST_04_PS_03,STATE_01_DIST_04,STATE_01,JUVENILE_RECORD,HIGH,false,false,true,false,OPEN,ACTIVE,POLICE,false,true
REC-000225,48b92ff9ac1a24972931331f,CASE-00143,GENERAL_THEFT,STATE_02_DIST_02_PS_02,STATE_02_DIST_02,STATE_02,COURT_SUBMISSION,HIGH,false,false,false,false,OPEN,UNDER_REVIEW,POLICE,false,true
REC-000226,48758dbc1a6f7f4934133647,CASE-00252,MISSING_PERSON,STATE_03_DIST_03_PS_02,STATE_03_DIST_03,STATE_03,FORENSIC_REPORT,HIGH,false,false,false,false,OPEN,ACTIVE,POLICE,false,true
REC-000227,046d653f953eb88b47a3ebb0,CASE-00082,NARCOTICS,STATE_02_DIST_03_PS_02,STATE_02_DIST_03,STATE_02,FIR_SUMMARY,MEDIUM,false,false,false,false,OPEN,UNDER_REVIEW,POLICE,false,true
REC-000228,8d196118f5537bf44adff98a,CASE-00147,FINANCIAL_CRIME,STATE_01_DIST_01_PS_02,STATE_01_DIST_01,STATE_01,FIR_SUMMARY,LOW,false,false,false,false,OPEN,ACTIVE,POLICE,false,true
REC-000229,9cf76f652fcb60053f1a781e,CASE-00336,JUVENILE_PROTECTION,STATE_01_DIST_02_PS_02,STATE_01_DIST_02,STATE_01,CASE_DIARY,CLASSIFIED,false,false,true,false,OPEN,ARCHIVED,POLICE,false,true
REC-000230,57e7af8bd7cdc6920752e182,CASE-00054,WOMEN_CHILD_SAFETY,STATE_03_DIST_04_PS_01,STATE_03_DIST_04,STATE_03,CASE_DIARY,HIGH,true,false,false,false,OPEN,ACTIVE,POLICE,false,true
REC-000231,b73b14922b41736415881248,CASE-00329,CYBER_FRAUD,STATE_03_DIST_01_PS_03,STATE_03_DIST_01,STATE_03,CASE_DIARY,CLASSIFIED,false,false,false,false,OPEN,ACTIVE,POLICE,false,true
REC-000232,2f09515fb47c95c60bae3db1,CASE-00195,VIOLENT_CRIME,STATE_01_DIST_02_PS_02,STATE_01_DIST_02,STATE_01,FORENSIC_REPORT,HIGH,false,false,false,false,OPEN,ACTIVE,POLICE,false,true
REC-000233,95272f463d03a2186ae00bc6,CASE-00187,CYBER_FRAUD,STATE_01_DIST_04_PS_02,STATE_01_DIST_04,STATE_01,JUVENILE_RECORD,CLASSIFIED,false,false,true,false,OPEN,ARCHIVED,POLICE,false,true
REC-000234,c6e09784d51abbf2b3753b68,CASE-00196,FINANCIAL_CRIME,STATE_02_DIST_04_PS_01,STATE_02_DIST_04,STATE_02,CASE_DIARY,MEDIUM,false,false,false,false,OPEN,ARCHIVED,POLICE,false,true
REC-000235,7dea6e8129bbe8639d8b8ab6,CASE-00325,NARCOTICS,STATE_01_DIST_02_PS_03,STATE_01_DIST_02,STATE_01,VICTIM_RECORD,HIGH,true,false,false,false,OPEN,ACTIVE,POLICE,false,true
REC-000236,6971f605042660df67234258,CASE-00080,GENERAL_THEFT,STATE_03_DIST_03_PS_01,STATE_03_DIST_03,STATE_03,FORENSIC_REPORT,CLASSIFIED,false,false,false,false,OPEN,ACTIVE,POLICE,false,true
REC-000237,193966fad57108ff4acda611,CASE-00067,JUVENILE_PROTECTION,STATE_02_DIST_04_PS_03,STATE_02_DIST_04,STATE_02,JUVENILE_RECORD,HIGH,false,false,true,false,OPEN,ACTIVE,POLICE,false,true
REC-000238,19ed51c598418f3a839728dc,CASE-00269,VIOLENT_CRIME,STATE_01_DIST_03_PS_01,STATE_01_DIST_03,STATE_01,WITNESS_STATEMENT,HIGH,false,true,false,false,OPEN,ACTIVE,POLICE,false,true
REC-000239,c546f9235f27603167edda58,CASE-00015,GENERAL_THEFT,STATE_02_DIST_02_PS_03,STATE_02_DIST_02,STATE_02,CYBERCRIME_COMPLAINT,CLASSIFIED,false,false,false,false,OPEN,UNDER_REVIEW,POLICE,false,true
REC-000240,3a5506aed3cb51b09e7c4ca2,CASE-00200,WOMEN_CHILD_SAFETY,STATE_02_DIST_04_PS_03,STATE_02_DIST_04,STATE_02,CYBERCRIME_COMPLAINT,CLASSIFIED,true,false,false,false,SEALED,UNDER_REVIEW,POLICE,false,true
REC-000241,6197a206f9aa2b3df21b2fe7,CASE-00118,VIOLENT_CRIME,STATE_01_DIST_02_PS_01,STATE_01_DIST_02,STATE_01,VICTIM_RECORD,CLASSIFIED,true,false,false,false,OPEN,ACTIVE,POLICE,false,true
REC-000242,7ab966a49d5dae7d5e0635ee,CASE-00070,GENERAL_THEFT,STATE_03_DIST_01_PS_01,STATE_03_DIST_01,STATE_03,FORENSIC_REPORT,HIGH,false,false,false,false,OPEN,ACTIVE,POLICE,false,true
REC-000243,206ecfa615baf8d96316ecca,CASE-00015,GENERAL_THEFT,STATE_02_DIST_02_PS_03,STATE_02_DIST_02,STATE_02,FORENSIC_REPORT,HIGH,false,false,false,false,OPEN,ARCHIVED,POLICE,false,true
REC-000244,5642ceb4f3ffc8faa22ce857,CASE-00275,WOMEN_CHILD_SAFETY,STATE_02_DIST_01_PS_02,STATE_02_DIST_01,STATE_02,VICTIM_RECORD,CLASSIFIED,true,false,false,false,SEALED,ACTIVE,POLICE,false,true
REC-000245,e2ff4d5969aefec4bef47d9d,CASE-00259,JUVENILE_PROTECTION,STATE_01_DIST_01_PS_03,STATE_01_DIST_01,STATE_01,FORENSIC_REPORT,HIGH,false,false,true,false,OPEN,ACTIVE,POLICE,false,true
REC-000246,83bca7e310ed9ee58d743944,CASE-00233,CYBER_FRAUD,STATE_03_DIST_01_PS_03,STATE_03_DIST_01,STATE_03,EVIDENCE_MEDIA,HIGH,false,false,false,true,OPEN,ACTIVE,POLICE,false,true
REC-000247,3fad45ed842e9179a901ac73,CASE-00001,WOMEN_CHILD_SAFETY,STATE_03_DIST_01_PS_03,STATE_03_DIST_01,STATE_03,FIR_SUMMARY,MEDIUM,true,false,false,false,OPEN,ACTIVE,POLICE,false,true
REC-000248,19d91561ded3d1723d97b056,CASE-00337,NARCOTICS,STATE_01_DIST_04_PS_01,STATE_01_DIST_04,STATE_01,JUVENILE_RECORD,HIGH,false,false,true,false,OPEN,ACTIVE,POLICE,false,true
REC-000249,7ac6a8505413a1abfe9c2c38,CASE-00151,CYBER_FRAUD,STATE_02_DIST_01_PS_01,STATE_02_DIST_01,STATE_02,VICTIM_RECORD,CLASSIFIED,true,false,false,false,OPEN,ARCHIVED,POLICE,false,true
REC-000250,8141e33806e7c1ff4897751c,CASE-00264,WOMEN_CHILD_SAFETY,STATE_03_DIST_02_PS_03,STATE_03_DIST_02,STATE_03,COURT_SUBMISSION,HIGH,true,false,false,false,OPEN,ACTIVE,POLICE,false,true
REC-000251,d9b95c7545a328e01eab7773,CASE-00074,VIOLENT_CRIME,STATE_01_DIST_04_PS_03,STATE_01_DIST_04,STATE_01,CASE_DIARY,HIGH,false,false,false,false,SEALED,ACTIVE,POLICE,false,true
REC-000252,2a44ea7167c606e1a50fbc7d,CASE-00107,NARCOTICS,STATE_01_DIST_03_PS_03,STATE_01_DIST_03,STATE_01,VICTIM_RECORD,HIGH,true,false,false,false,OPEN,ACTIVE,POLICE,false,true
REC-000253,201c9d891198d8110e40a60a,CASE-00296,GENERAL_THEFT,STATE_01_DIST_02_PS_01,STATE_01_DIST_02,STATE_01,JUVENILE_RECORD,CLASSIFIED,false,false,true,false,OPEN,ACTIVE,POLICE,false,true
REC-000254,467e4eeac859b0b49846ed99,CASE-00083,NARCOTICS,STATE_03_DIST_01_PS_03,STATE_03_DIST_01,STATE_03,FIR_SUMMARY,MEDIUM,false,false,false,false,OPEN,ACTIVE,POLICE,false,true
REC-000255,03f212b73922acdb68669f19,CASE-00123,WOMEN_CHILD_SAFETY,STATE_03_DIST_03_PS_01,STATE_03_DIST_03,STATE_03,VICTIM_RECORD,CLASSIFIED,true,false,false,false,OPEN,ACTIVE,POLICE,false,true
REC-000256,eda072470422c2d10fd9265d,CASE-00236,MISSING_PERSON,STATE_01_DIST_04_PS_03,STATE_01_DIST_04,STATE_01,JUVENILE_RECORD,CLASSIFIED,false,false,true,false,SEALED,ARCHIVED,POLICE,false,true
REC-000257,729722bb0f927d10ce07afd4,CASE-00004,WOMEN_CHILD_SAFETY,STATE_02_DIST_03_PS_03,STATE_02_DIST_03,STATE_02,FIR_SUMMARY,LOW,true,false,false,false,OPEN,ACTIVE,POLICE,false,true
REC-000258,e3e5b4041ee0b486122ef35b,CASE-00289,WOMEN_CHILD_SAFETY,STATE_03_DIST_01_PS_02,STATE_03_DIST_01,STATE_03,JUVENILE_RECORD,CLASSIFIED,true,false,true,false,OPEN,ACTIVE,POLICE,false,true
REC-000259,8d8ccd21b2cc1f62311c5630,CASE-00139,FINANCIAL_CRIME,STATE_02_DIST_01_PS_03,STATE_02_DIST_01,STATE_02,FIR_SUMMARY,MEDIUM,false,false,false,false,OPEN,ACTIVE,POLICE,false,true
REC-000260,4644ab9bab94b2012e83fa80,CASE-00050,CYBER_FRAUD,STATE_01_DIST_02_PS_02,STATE_01_DIST_02,STATE_01,CASE_DIARY,HIGH,false,false,false,false,OPEN,UNDER_REVIEW,POLICE,false,true
REC-000261,43e3463a3b559634b3353097,CASE-00087,FINANCIAL_CRIME,STATE_01_DIST_02_PS_01,STATE_01_DIST_02,STATE_01,WITNESS_STATEMENT,MEDIUM,false,true,false,false,OPEN,ACTIVE,POLICE,false,true
REC-000262,481635364f5f6393b2fbfd90,CASE-00142,VIOLENT_CRIME,STATE_01_DIST_01_PS_02,STATE_01_DIST_01,STATE_01,EVIDENCE_MEDIA,HIGH,false,false,false,true,OPEN,UNDER_REVIEW,POLICE,false,true
REC-000263,68994c9b44433265a4ba8f45,CASE-00286,MISSING_PERSON,STATE_03_DIST_04_PS_02,STATE_03_DIST_04,STATE_03,WITNESS_STATEMENT,MEDIUM,false,true,false,false,OPEN,ACTIVE,POLICE,false,true
REC-000264,87b096587a2f7133a6e4ac06,CASE-00031,MISSING_PERSON,STATE_01_DIST_01_PS_02,STATE_01_DIST_01,STATE_01,JUVENILE_RECORD,CLASSIFIED,false,false,true,false,OPEN,ACTIVE,POLICE,false,true
REC-000265,a1510bb661687b3ca975e3a9,CASE-00303,JUVENILE_PROTECTION,STATE_03_DIST_03_PS_03,STATE_03_DIST_03,STATE_03,COURT_SUBMISSION,MEDIUM,false,false,true,false,OPEN,ACTIVE,POLICE,false,true
REC-000266,61e633b0b3b0ef9d8ed2391c,CASE-00154,JUVENILE_PROTECTION,STATE_01_DIST_01_PS_02,STATE_01_DIST_01,STATE_01,VICTIM_RECORD,HIGH,true,false,true,false,OPEN,ACTIVE,POLICE,false,true
REC-000267,428efc3efd7b1b0a60e8d834,CASE-00038,NARCOTICS,STATE_01_DIST_01_PS_02,STATE_01_DIST_01,STATE_01,COURT_SUBMISSION,HIGH,false,false,false,false,OPEN,ACTIVE,POLICE,false,true
REC-000268,c4075db33966cb270b3f46bb,CASE-00055,MISSING_PERSON,STATE_03_DIST_04_PS_01,STATE_03_DIST_04,STATE_03,CASE_DIARY,HIGH,false,false,false,false,OPEN,ACTIVE,POLICE,false,true
REC-000269,ee3ca38f34162c711e83a513,CASE-00287,MISSING_PERSON,STATE_01_DIST_01_PS_01,STATE_01_DIST_01,STATE_01,JUVENILE_RECORD,CLASSIFIED,false,false,true,false,SEALED,ACTIVE,POLICE,false,true
REC-000270,431cd98dd82eaadeaea9ba71,CASE-00049,CYBER_FRAUD,STATE_03_DIST_01_PS_02,STATE_03_DIST_01,STATE_03,EVIDENCE_MEDIA,CLASSIFIED,false,false,false,true,SEALED,ARCHIVED,POLICE,false,true
REC-000271,e3756b6206a69f17c5ab1d23,CASE-00137,MISSING_PERSON,STATE_03_DIST_02_PS_03,STATE_03_DIST_02,STATE_03,EVIDENCE_MEDIA,HIGH,false,false,false,true,OPEN,ACTIVE,POLICE,false,true
REC-000272,9f0f7289f61179e609d4afba,CASE-00125,JUVENILE_PROTECTION,STATE_03_DIST_03_PS_03,STATE_03_DIST_03,STATE_03,COURT_SUBMISSION,MEDIUM,false,false,true,false,OPEN,ARCHIVED,POLICE,false,true
REC-000273,1efe844d933eebcd81826503,CASE-00214,GENERAL_THEFT,STATE_03_DIST_04_PS_02,STATE_03_DIST_04,STATE_03,JUVENILE_RECORD,CLASSIFIED,false,false,true,false,OPEN,ACTIVE,POLICE,false,true
REC-000274,0b63353775e637ac68d1fbc8,CASE-00002,FINANCIAL_CRIME,STATE_03_DIST_02_PS_01,STATE_03_DIST_02,STATE_03,COURT_SUBMISSION,HIGH,false,false,false,false,OPEN,ARCHIVED,POLICE,false,true
REC-000275,da955dc4e17b595e2820e3be,CASE-00144,MISSING_PERSON,STATE_03_DIST_04_PS_02,STATE_03_DIST_04,STATE_03,EVIDENCE_MEDIA,CLASSIFIED,false,false,false,true,OPEN,ARCHIVED,POLICE,false,true
REC-000276,7d143f54dd071d0e35912d44,CASE-00165,VIOLENT_CRIME,STATE_02_DIST_02_PS_01,STATE_02_DIST_02,STATE_02,JUVENILE_RECORD,HIGH,false,false,true,false,OPEN,ARCHIVED,POLICE,false,true
REC-000277,cdb882c54c3acb7a40310dbd,CASE-00016,VIOLENT_CRIME,STATE_01_DIST_02_PS_01,STATE_01_DIST_02,STATE_01,WITNESS_STATEMENT,HIGH,false,true,false,false,OPEN,ACTIVE,POLICE,false,true
REC-000278,ff2fe9cdc866d8723406901d,CASE-00242,MISSING_PERSON,STATE_03_DIST_01_PS_01,STATE_03_DIST_01,STATE_03,FORENSIC_REPORT,HIGH,false,false,false,false,OPEN,ACTIVE,POLICE,false,true
REC-000279,d4e159d315d1a164a192bf77,CASE-00219,FINANCIAL_CRIME,STATE_01_DIST_02_PS_03,STATE_01_DIST_02,STATE_01,CYBERCRIME_COMPLAINT,HIGH,false,false,false,false,OPEN,ARCHIVED,POLICE,false,true
REC-000280,97f42bc6dfe2ee0b0bd40826,CASE-00001,WOMEN_CHILD_SAFETY,STATE_03_DIST_01_PS_03,STATE_03_DIST_01,STATE_03,JUVENILE_RECORD,CLASSIFIED,true,false,true,false,SEALED,ARCHIVED,POLICE,false,true
REC-000281,66184ff814d37e76579d534f,CASE-00245,VIOLENT_CRIME,STATE_02_DIST_02_PS_02,STATE_02_DIST_02,STATE_02,EVIDENCE_MEDIA,CLASSIFIED,false,false,false,true,OPEN,ACTIVE,POLICE,false,true
REC-000282,507553af0e7c5d05b119e50a,CASE-00270,MISSING_PERSON,STATE_01_DIST_02_PS_02,STATE_01_DIST_02,STATE_01,CASE_DIARY,CLASSIFIED,false,false,false,false,SEALED,ACTIVE,POLICE,false,true
REC-000283,13e3a7ec6adf6a6efb5970ef,CASE-00257,WOMEN_CHILD_SAFETY,STATE_02_DIST_01_PS_03,STATE_02_DIST_01,STATE_02,FORENSIC_REPORT,HIGH,true,false,false,false,OPEN,ACTIVE,POLICE,false,true
REC-000284,0b15ec81d0d8ac95910c8dbb,CASE-00153,FINANCIAL_CRIME,STATE_03_DIST_01_PS_02,STATE_03_DIST_01,STATE_03,FIR_SUMMARY,MEDIUM,false,false,false,false,OPEN,ACTIVE,POLICE,false,true
REC-000285,9628ec353c72a2aa57abba92,CASE-00276,FINANCIAL_CRIME,STATE_01_DIST_03_PS_01,STATE_01_DIST_03,STATE_01,CASE_DIARY,HIGH,false,false,false,false,OPEN,ARCHIVED,POLICE,false,true
REC-000286,0e67d609ea46cf7a4eb4513b,CASE-00015,GENERAL_THEFT,STATE_02_DIST_02_PS_03,STATE_02_DIST_02,STATE_02,JUVENILE_RECORD,CLASSIFIED,false,false,true,false,OPEN,ACTIVE,POLICE,false,true
REC-000287,255eef6a2a2326cbbe551f51,CASE-00062,VIOLENT_CRIME,STATE_01_DIST_03_PS_02,STATE_01_DIST_03,STATE_01,EVIDENCE_MEDIA,CLASSIFIED,false,false,false,true,OPEN,ACTIVE,POLICE,false,true
REC-000288,9fce236a36075cd6bcd8860b,CASE-00154,JUVENILE_PROTECTION,STATE_01_DIST_01_PS_02,STATE_01_DIST_01,STATE_01,WITNESS_STATEMENT,HIGH,false,true,true,false,OPEN,ACTIVE,POLICE,false,true
REC-000289,375c93cbfc19c6b728ba102e,CASE-00120,CYBER_FRAUD,STATE_01_DIST_02_PS_01,STATE_01_DIST_02,STATE_01,JUVENILE_RECORD,CLASSIFIED,false,false,true,false,OPEN,ACTIVE,POLICE,false,true
REC-000290,17ebb06a599dae60d15c8174,CASE-00313,CYBER_FRAUD,STATE_01_DIST_04_PS_03,STATE_01_DIST_04,STATE_01,CASE_DIARY,HIGH,false,false,false,false,OPEN,ACTIVE,POLICE,false,true
REC-000291,27e8ef36fb20ac5bc4e6fdf5,CASE-00260,VIOLENT_CRIME,STATE_03_DIST_01_PS_01,STATE_03_DIST_01,STATE_03,JUVENILE_RECORD,CLASSIFIED,false,false,true,false,OPEN,ACTIVE,POLICE,false,true
REC-000292,7c5a32c9e66cd2cd800b2f7b,CASE-00227,NARCOTICS,STATE_01_DIST_02_PS_01,STATE_01_DIST_02,STATE_01,VICTIM_RECORD,HIGH,true,false,false,false,SEALED,ACTIVE,POLICE,false,true
REC-000293,f7e6a59cc5e8f32bd4acaf26,CASE-00010,GENERAL_THEFT,STATE_02_DIST_04_PS_01,STATE_02_DIST_04,STATE_02,VICTIM_RECORD,HIGH,true,false,false,false,OPEN,ACTIVE,POLICE,false,true
REC-000294,58a9f38a07138e1943c8cd6c,CASE-00006,MISSING_PERSON,STATE_02_DIST_03_PS_01,STATE_02_DIST_03,STATE_02,EVIDENCE_MEDIA,HIGH,false,false,false,true,OPEN,ACTIVE,POLICE,false,true
REC-000295,02618a5e4015e753681bdcd2,CASE-00339,CYBER_FRAUD,STATE_02_DIST_04_PS_02,STATE_02_DIST_04,STATE_02,VICTIM_RECORD,HIGH,true,false,false,false,OPEN,ACTIVE,POLICE,false,true
REC-000296,08442f216d5a7556f4be1bca,CASE-00232,WOMEN_CHILD_SAFETY,STATE_03_DIST_02_PS_01,STATE_03_DIST_02,STATE_03,FORENSIC_REPORT,HIGH,true,false,false,false,OPEN,ACTIVE,POLICE,false,true
REC-000297,1f3741568f09e522c5519892,CASE-00238,WOMEN_CHILD_SAFETY,STATE_03_DIST_04_PS_03,STATE_03_DIST_04,STATE_03,EVIDENCE_MEDIA,HIGH,true,false,false,true,OPEN,UNDER_REVIEW,POLICE,false,true
REC-000298,b3438785218344505dbd3e7c,CASE-00117,VIOLENT_CRIME,STATE_01_DIST_03_PS_01,STATE_01_DIST_03,STATE_01,CYBERCRIME_COMPLAINT,CLASSIFIED,false,false,false,false,OPEN,ACTIVE,POLICE,false,true
REC-000299,642d10df7173c2a1250dbb36,CASE-00251,CYBER_FRAUD,STATE_01_DIST_04_PS_01,STATE_01_DIST_04,STATE_01,JUVENILE_RECORD,CLASSIFIED,false,false,true,false,OPEN,ACTIVE,POLICE,false,true
REC-000300,0c1424411003da95fbf32b97,CASE-00028,VIOLENT_CRIME,STATE_02_DIST_01_PS_03,STATE_02_DIST_01,STATE_02,CASE_DIARY,HIGH,false,false,false,false,OPEN,UNDER_REVIEW,POLICE,false,true
REC-000301,19c48d877feab54f0ec30141,CASE-00073,VIOLENT_CRIME,STATE_01_DIST_03_PS_02,STATE_01_DIST_03,STATE_01,FIR_SUMMARY,MEDIUM,false,false,false,false,OPEN,ARCHIVED,POLICE,false,true
REC-000302,480dd8d22c5fc6cb6b711fb3,CASE-00071,VIOLENT_CRIME,STATE_02_DIST_04_PS_01,STATE_02_DIST_04,STATE_02,FORENSIC_REPORT,MEDIUM,false,false,false,false,OPEN,ACTIVE,POLICE,false,true
REC-000303,ae6871039a0d9aecf690453c,CASE-00323,CYBER_FRAUD,STATE_03_DIST_02_PS_02,STATE_03_DIST_02,STATE_03,COURT_SUBMISSION,MEDIUM,false,false,false,false,OPEN,UNDER_REVIEW,POLICE,false,true
REC-000304,239e7251c7efe936aa3f69a3,CASE-00257,WOMEN_CHILD_SAFETY,STATE_02_DIST_01_PS_03,STATE_02_DIST_01,STATE_02,FORENSIC_REPORT,CLASSIFIED,true,false,false,false,OPEN,ARCHIVED,POLICE,false,true
REC-000305,2b9916839e44a1c8f1f20873,CASE-00307,NARCOTICS,STATE_02_DIST_01_PS_01,STATE_02_DIST_01,STATE_02,EVIDENCE_MEDIA,HIGH,false,false,false,true,OPEN,ACTIVE,POLICE,false,true
REC-000306,13b2a2a0db1373b8363e1c5a,CASE-00131,GENERAL_THEFT,STATE_03_DIST_04_PS_03,STATE_03_DIST_04,STATE_03,WITNESS_STATEMENT,CLASSIFIED,false,true,false,false,OPEN,ARCHIVED,POLICE,false,true
REC-000307,68520c08a4184e2a8bbcc4c1,CASE-00103,NARCOTICS,STATE_03_DIST_03_PS_03,STATE_03_DIST_03,STATE_03,CYBERCRIME_COMPLAINT,HIGH,false,false,false,false,OPEN,ACTIVE,POLICE,false,true
REC-000308,6ee0530b889a7be2f0e34fa1,CASE-00334,GENERAL_THEFT,STATE_03_DIST_03_PS_03,STATE_03_DIST_03,STATE_03,FORENSIC_REPORT,HIGH,false,false,false,false,OPEN,UNDER_REVIEW,POLICE,false,true
REC-000309,9aa2dd388a2cb05a6a11c1bf,CASE-00097,VIOLENT_CRIME,STATE_01_DIST_03_PS_03,STATE_01_DIST_03,STATE_01,FIR_SUMMARY,LOW,false,false,false,false,OPEN,ARCHIVED,POLICE,false,true
REC-000310,ca153ea0d75435e5b8a9b538,CASE-00190,GENERAL_THEFT,STATE_03_DIST_04_PS_02,STATE_03_DIST_04,STATE_03,EVIDENCE_MEDIA,CLASSIFIED,false,false,false,true,OPEN,ARCHIVED,POLICE,false,true
REC-000311,ef42f5a6dc2c41267c313d66,CASE-00053,WOMEN_CHILD_SAFETY,STATE_03_DIST_01_PS_02,STATE_03_DIST_01,STATE_03,JUVENILE_RECORD,HIGH,true,false,true,false,SEALED,ACTIVE,POLICE,false,true
REC-000312,66c1f1634fd4515b8f74f8fa,CASE-00175,MISSING_PERSON,STATE_02_DIST_04_PS_03,STATE_02_DIST_04,STATE_02,FORENSIC_REPORT,HIGH,false,false,false,false,OPEN,ACTIVE,POLICE,false,true
REC-000313,c8f01730ecab5910a8d417bf,CASE-00037,FINANCIAL_CRIME,STATE_03_DIST_04_PS_01,STATE_03_DIST_04,STATE_03,EVIDENCE_MEDIA,HIGH,false,false,false,true,OPEN,ARCHIVED,POLICE,false,true
REC-000314,b4476e72e12a7120e87a4bfb,CASE-00183,MISSING_PERSON,STATE_01_DIST_04_PS_03,STATE_01_DIST_04,STATE_01,EVIDENCE_MEDIA,CLASSIFIED,false,false,false,true,OPEN,ACTIVE,POLICE,false,true
REC-000315,05ba601a717ce064fee7e4a0,CASE-00187,CYBER_FRAUD,STATE_01_DIST_04_PS_02,STATE_01_DIST_04,STATE_01,CYBERCRIME_COMPLAINT,MEDIUM,false,false,false,false,OPEN,ACTIVE,POLICE,false,true
REC-000316,318f5250c892dade4a4047ee,CASE-00094,CYBER_FRAUD,STATE_03_DIST_02_PS_03,STATE_03_DIST_02,STATE_03,WITNESS_STATEMENT,HIGH,false,true,false,false,OPEN,ACTIVE,POLICE,false,true
REC-000317,0de583999fee751f0b57b1a4,CASE-00045,CYBER_FRAUD,STATE_02_DIST_04_PS_01,STATE_02_DIST_04,STATE_02,FIR_SUMMARY,MEDIUM,false,false,false,false,SEALED,ACTIVE,POLICE,false,true
REC-000318,c029e206494d47d41682de9a,CASE-00249,MISSING_PERSON,STATE_02_DIST_02_PS_02,STATE_02_DIST_02,STATE_02,CASE_DIARY,HIGH,false,false,false,false,OPEN,ACTIVE,POLICE,false,true
REC-000319,7f8d75d5e84837c062754102,CASE-00324,FINANCIAL_CRIME,STATE_02_DIST_03_PS_03,STATE_02_DIST_03,STATE_02,VICTIM_RECORD,MEDIUM,true,false,false,false,OPEN,ARCHIVED,POLICE,false,true
REC-000320,29d9aeede8e69bbf19fc8398,CASE-00296,GENERAL_THEFT,STATE_01_DIST_02_PS_01,STATE_01_DIST_02,STATE_01,WITNESS_STATEMENT,CLASSIFIED,false,true,false,false,OPEN,ACTIVE,POLICE,false,true
REC-000321,8542907be82d8ebf3ebccb80,CASE-00096,VIOLENT_CRIME,STATE_01_DIST_03_PS_03,STATE_01_DIST_03,STATE_01,FIR_SUMMARY,LOW,false,false,false,false,OPEN,ARCHIVED,POLICE,false,true
REC-000322,49e726acc09722614f006236,CASE-00288,MISSING_PERSON,STATE_01_DIST_03_PS_03,STATE_01_DIST_03,STATE_01,VICTIM_RECORD,HIGH,true,false,false,false,OPEN,ACTIVE,POLICE,false,true
REC-000323,d94d037bceb6d6ea53e03101,CASE-00026,NARCOTICS,STATE_03_DIST_02_PS_03,STATE_03_DIST_02,STATE_03,CYBERCRIME_COMPLAINT,CLASSIFIED,false,false,false,false,OPEN,ACTIVE,POLICE,false,true
REC-000324,7421d676dad537501affa1f2,CASE-00231,JUVENILE_PROTECTION,STATE_01_DIST_03_PS_01,STATE_01_DIST_03,STATE_01,FORENSIC_REPORT,CLASSIFIED,false,false,true,false,OPEN,ACTIVE,POLICE,false,true
REC-000325,b1369cfe83c9b50aaaf08c20,CASE-00241,VIOLENT_CRIME,STATE_02_DIST_03_PS_01,STATE_02_DIST_03,STATE_02,FIR_SUMMARY,MEDIUM,false,false,false,false,OPEN,ACTIVE,POLICE,false,true
REC-000326,c8ce7d730a23ef48683bf642,CASE-00100,WOMEN_CHILD_SAFETY,STATE_03_DIST_01_PS_03,STATE_03_DIST_01,STATE_03,JUVENILE_RECORD,CLASSIFIED,true,false,true,false,OPEN,ACTIVE,POLICE,false,true
REC-000327,349bcb479fce8a34c6e4b574,CASE-00046,MISSING_PERSON,STATE_02_DIST_01_PS_03,STATE_02_DIST_01,STATE_02,EVIDENCE_MEDIA,CLASSIFIED,false,false,false,true,OPEN,ACTIVE,POLICE,false,true
REC-000328,a3640fe0710c163f60be131f,CASE-00056,CYBER_FRAUD,STATE_03_DIST_01_PS_01,STATE_03_DIST_01,STATE_03,EVIDENCE_MEDIA,HIGH,false,false,false,true,OPEN,ACTIVE,POLICE,false,true
REC-000329,1c6ecb2d745c985d50c99379,CASE-00055,MISSING_PERSON,STATE_03_DIST_04_PS_01,STATE_03_DIST_04,STATE_03,VICTIM_RECORD,CLASSIFIED,true,false,false,false,OPEN,ACTIVE,POLICE,false,true
REC-000330,52069d243f6adcab391e83cc,CASE-00256,JUVENILE_PROTECTION,STATE_03_DIST_04_PS_03,STATE_03_DIST_04,STATE_03,COURT_SUBMISSION,MEDIUM,false,false,true,false,OPEN,ARCHIVED,POLICE,false,true
REC-000331,86b927c82db8f739f8424c2b,CASE-00272,WOMEN_CHILD_SAFETY,STATE_03_DIST_02_PS_01,STATE_03_DIST_02,STATE_03,CASE_DIARY,HIGH,true,false,false,false,OPEN,ACTIVE,POLICE,false,true
REC-000332,f6dc1c49d5353e8c0fc3271b,CASE-00186,CYBER_FRAUD,STATE_01_DIST_02_PS_02,STATE_01_DIST_02,STATE_01,COURT_SUBMISSION,HIGH,false,false,false,false,OPEN,ACTIVE,POLICE,false,true
REC-000333,4aed89da6d83f2b742f3ba9e,CASE-00197,JUVENILE_PROTECTION,STATE_02_DIST_01_PS_02,STATE_02_DIST_01,STATE_02,CASE_DIARY,HIGH,false,false,true,false,OPEN,ACTIVE,POLICE,false,true
REC-000334,16baa3e2081d8d2c21cf5879,CASE-00123,WOMEN_CHILD_SAFETY,STATE_03_DIST_03_PS_01,STATE_03_DIST_03,STATE_03,VICTIM_RECORD,CLASSIFIED,true,false,false,false,SEALED,ACTIVE,POLICE,false,true
REC-000335,07debdecd74e17e4c743b353,CASE-00160,MISSING_PERSON,STATE_01_DIST_01_PS_02,STATE_01_DIST_01,STATE_01,EVIDENCE_MEDIA,CLASSIFIED,false,false,false,true,OPEN,ACTIVE,POLICE,false,true
REC-000336,aa4f11dd4800719359ec7aa1,CASE-00174,NARCOTICS,STATE_01_DIST_03_PS_01,STATE_01_DIST_03,STATE_01,FIR_SUMMARY,MEDIUM,false,false,false,false,OPEN,ARCHIVED,POLICE,false,true
REC-000337,5a5456b695cba3207b5bffdc,CASE-00280,VIOLENT_CRIME,STATE_01_DIST_03_PS_01,STATE_01_DIST_03,STATE_01,CYBERCRIME_COMPLAINT,CLASSIFIED,false,false,false,false,OPEN,UNDER_REVIEW,POLICE,false,true
REC-000338,7321a0af5615e095dae2e2e2,CASE-00279,CYBER_FRAUD,STATE_01_DIST_03_PS_02,STATE_01_DIST_03,STATE_01,CYBERCRIME_COMPLAINT,HIGH,false,false,false,false,SEALED,ACTIVE,POLICE,false,true
REC-000339,97737c0c588710f35bffa79b,CASE-00295,WOMEN_CHILD_SAFETY,STATE_01_DIST_01_PS_02,STATE_01_DIST_01,STATE_01,CASE_DIARY,HIGH,true,false,false,false,OPEN,ACTIVE,POLICE,false,true
REC-000340,4f7b0b0cacce32a385a1e42a,CASE-00220,NARCOTICS,STATE_02_DIST_03_PS_03,STATE_02_DIST_03,STATE_02,FIR_SUMMARY,MEDIUM,false,false,false,false,OPEN,ACTIVE,POLICE,false,true
REC-000341,57ec71a2140e7801543097d2,CASE-00277,MISSING_PERSON,STATE_01_DIST_01_PS_03,STATE_01_DIST_01,STATE_01,FORENSIC_REPORT,HIGH,false,false,false,false,SEALED,ACTIVE,POLICE,false,true
REC-000342,70fff4617104a1f3b3122c7c,CASE-00277,MISSING_PERSON,STATE_01_DIST_01_PS_03,STATE_01_DIST_01,STATE_01,EVIDENCE_MEDIA,HIGH,false,false,false,true,OPEN,ACTIVE,POLICE,false,true
REC-000343,121319e5c742c9826335312f,CASE-00356,NARCOTICS,STATE_02_DIST_01_PS_01,STATE_02_DIST_01,STATE_02,FIR_SUMMARY,MEDIUM,false,false,false,false,OPEN,ACTIVE,POLICE,false,true
REC-000344,88e881af6978d550ae09d130,CASE-00023,FINANCIAL_CRIME,STATE_03_DIST_04_PS_02,STATE_03_DIST_04,STATE_03,CASE_DIARY,HIGH,false,false,false,false,OPEN,ACTIVE,POLICE,false,true
REC-000345,7e2aedceb6118ffd11b5c74d,CASE-00172,GENERAL_THEFT,STATE_03_DIST_04_PS_02,STATE_03_DIST_04,STATE_03,EVIDENCE_MEDIA,CLASSIFIED,false,false,false,true,SEALED,ARCHIVED,POLICE,false,true
REC-000346,9ce8cdb605a07f0e9f3a0392,CASE-00255,FINANCIAL_CRIME,STATE_01_DIST_03_PS_03,STATE_01_DIST_03,STATE_01,FIR_SUMMARY,LOW,false,false,false,false,OPEN,ACTIVE,POLICE,false,true
REC-000347,276aac543835aec95a7ad242,CASE-00315,VIOLENT_CRIME,STATE_03_DIST_01_PS_03,STATE_03_DIST_01,STATE_03,FIR_SUMMARY,LOW,false,false,false,false,OPEN,ACTIVE,POLICE,false,true
REC-000348,195140358f5d31dec354aa4b,CASE-00130,VIOLENT_CRIME,STATE_01_DIST_01_PS_01,STATE_01_DIST_01,STATE_01,JUVENILE_RECORD,HIGH,false,false,true,false,OPEN,ACTIVE,POLICE,false,true
REC-000349,a0a8de077091113ec63f9414,CASE-00203,CYBER_FRAUD,STATE_02_DIST_03_PS_03,STATE_02_DIST_03,STATE_02,CYBERCRIME_COMPLAINT,HIGH,false,false,false,false,OPEN,ACTIVE,POLICE,false,true
REC-000350,914f52ed6bc74e7b0a273b32,CASE-00021,JUVENILE_PROTECTION,STATE_02_DIST_04_PS_01,STATE_02_DIST_04,STATE_02,COURT_SUBMISSION,HIGH,false,false,true,false,OPEN,ARCHIVED,POLICE,false,true
REC-000351,be8cf0b2d2aedc05e13844a3,CASE-00040,MISSING_PERSON,STATE_01_DIST_04_PS_02,STATE_01_DIST_04,STATE_01,WITNESS_STATEMENT,HIGH,false,true,false,false,OPEN,ACTIVE,POLICE,false,true
REC-000352,e5302f38762e2bdba2121487,CASE-00057,MISSING_PERSON,STATE_01_DIST_03_PS_02,STATE_01_DIST_03,STATE_01,CASE_DIARY,HIGH,false,false,false,false,OPEN,ACTIVE,POLICE,false,true
REC-000353,97ed045e8ea63e1f27d280f3,CASE-00163,VIOLENT_CRIME,STATE_02_DIST_04_PS_02,STATE_02_DIST_04,STATE_02,JUVENILE_RECORD,CLASSIFIED,false,false,true,false,OPEN,ARCHIVED,POLICE,false,true
REC-000354,48b8f24e858f33e896460dc9,CASE-00131,GENERAL_THEFT,STATE_03_DIST_04_PS_03,STATE_03_DIST_04,STATE_03,FORENSIC_REPORT,CLASSIFIED,false,false,false,false,OPEN,UNDER_REVIEW,POLICE,false,true
REC-000355,baf10ec9465354fe201f4e39,CASE-00311,CYBER_FRAUD,STATE_02_DIST_03_PS_02,STATE_02_DIST_03,STATE_02,CYBERCRIME_COMPLAINT,HIGH,false,false,false,false,OPEN,ACTIVE,POLICE,false,true
REC-000356,7153ab50007993dfad81d7c5,CASE-00250,MISSING_PERSON,STATE_03_DIST_01_PS_03,STATE_03_DIST_01,STATE_03,EVIDENCE_MEDIA,CLASSIFIED,false,false,false,true,OPEN,ARCHIVED,POLICE,false,true
REC-000357,71bbf19d311d6a56e619166e,CASE-00208,GENERAL_THEFT,STATE_02_DIST_03_PS_01,STATE_02_DIST_03,STATE_02,FIR_SUMMARY,LOW,false,false,false,false,OPEN,ACTIVE,POLICE,false,true
REC-000358,d09b3513b623ce4439f5c622,CASE-00110,NARCOTICS,STATE_02_DIST_01_PS_02,STATE_02_DIST_01,STATE_02,WITNESS_STATEMENT,HIGH,false,true,false,false,OPEN,ACTIVE,POLICE,false,true
REC-000359,1b44aa1874391eada80abe9f,CASE-00343,MISSING_PERSON,STATE_02_DIST_02_PS_01,STATE_02_DIST_02,STATE_02,JUVENILE_RECORD,CLASSIFIED,false,false,true,false,OPEN,ACTIVE,POLICE,false,true
REC-000360,be9170f1e4ef771dd8f13b83,CASE-00314,FINANCIAL_CRIME,STATE_03_DIST_03_PS_02,STATE_03_DIST_03,STATE_03,CASE_DIARY,HIGH,false,false,false,false,OPEN,ARCHIVED,POLICE,false,true
REC-000361,5ca701958e9a1da7521ce158,CASE-00170,GENERAL_THEFT,STATE_01_DIST_01_PS_03,STATE_01_DIST_01,STATE_01,CYBERCRIME_COMPLAINT,HIGH,false,false,false,false,OPEN,ACTIVE,POLICE,false,true
REC-000362,7921bc5ddad3de91e53b3781,CASE-00125,JUVENILE_PROTECTION,STATE_03_DIST_03_PS_03,STATE_03_DIST_03,STATE_03,FIR_SUMMARY,HIGH,false,false,true,false,SEALED,ARCHIVED,POLICE,false,true
REC-000363,168a1c2b3087fff6a8185d0d,CASE-00044,WOMEN_CHILD_SAFETY,STATE_02_DIST_03_PS_03,STATE_02_DIST_03,STATE_02,VICTIM_RECORD,HIGH,true,false,false,false,OPEN,ARCHIVED,POLICE,false,true
REC-000364,280d55b817622116beaedf87,CASE-00340,MISSING_PERSON,STATE_03_DIST_01_PS_01,STATE_03_DIST_01,STATE_03,JUVENILE_RECORD,CLASSIFIED,false,false,true,false,OPEN,ARCHIVED,POLICE,false,true
REC-000365,df2072e9cce45f58ab9712de,CASE-00116,JUVENILE_PROTECTION,STATE_03_DIST_02_PS_02,STATE_03_DIST_02,STATE_03,CYBERCRIME_COMPLAINT,MEDIUM,false,false,true,false,OPEN,UNDER_REVIEW,POLICE,false,true
REC-000366,aecc4eeab743055519b9afaa,CASE-00230,NARCOTICS,STATE_02_DIST_04_PS_03,STATE_02_DIST_04,STATE_02,FORENSIC_REPORT,HIGH,false,false,false,false,OPEN,ARCHIVED,POLICE,false,true
REC-000367,9d371131a92813d8a85f2a16,CASE-00069,MISSING_PERSON,STATE_02_DIST_04_PS_03,STATE_02_DIST_04,STATE_02,EVIDENCE_MEDIA,CLASSIFIED,false,false,false,true,OPEN,ACTIVE,POLICE,false,true
REC-000368,f38571fab98970e83b278f4c,CASE-00076,FINANCIAL_CRIME,STATE_02_DIST_04_PS_01,STATE_02_DIST_04,STATE_02,CYBERCRIME_COMPLAINT,CLASSIFIED,false,false,false,false,OPEN,ACTIVE,POLICE,false,true
REC-000369,2b2d7ab4e1a9781372404fec,CASE-00226,GENERAL_THEFT,STATE_02_DIST_02_PS_02,STATE_02_DIST_02,STATE_02,FORENSIC_REPORT,CLASSIFIED,false,false,false,false,OPEN,ARCHIVED,POLICE,false,true
REC-000370,1b1414b71469f9459ee02ce9,CASE-00147,FINANCIAL_CRIME,STATE_01_DIST_01_PS_02,STATE_01_DIST_01,STATE_01,FIR_SUMMARY,MEDIUM,false,false,false,false,OPEN,ACTIVE,POLICE,false,true
REC-000371,b6253d82131a9ba998cdc6ba,CASE-00198,CYBER_FRAUD,STATE_03_DIST_01_PS_01,STATE_03_DIST_01,STATE_03,COURT_SUBMISSION,CLASSIFIED,false,false,false,false,OPEN,ACTIVE,POLICE,false,true
REC-000372,47aeace697fdef02cf20af38,CASE-00033,VIOLENT_CRIME,STATE_02_DIST_04_PS_03,STATE_02_DIST_04,STATE_02,FIR_SUMMARY,MEDIUM,false,false,false,false,OPEN,ACTIVE,POLICE,false,true
REC-000373,1a967617111b9eb80520a1d6,CASE-00076,FINANCIAL_CRIME,STATE_02_DIST_04_PS_01,STATE_02_DIST_04,STATE_02,CYBERCRIME_COMPLAINT,HIGH,false,false,false,false,OPEN,ACTIVE,POLICE,false,true
REC-000374,ab08e3d48cf6370ef4f838ad,CASE-00112,NARCOTICS,STATE_02_DIST_01_PS_02,STATE_02_DIST_01,STATE_02,FIR_SUMMARY,MEDIUM,false,false,false,false,OPEN,ACTIVE,POLICE,false,true
REC-000375,e022b16efd825f345ab8030a,CASE-00078,MISSING_PERSON,STATE_01_DIST_04_PS_01,STATE_01_DIST_04,STATE_01,COURT_SUBMISSION,MEDIUM,false,false,false,false,OPEN,ACTIVE,POLICE,false,true
REC-000376,dad96ab404cb3162880756ed,CASE-00240,WOMEN_CHILD_SAFETY,STATE_03_DIST_01_PS_03,STATE_03_DIST_01,STATE_03,FORENSIC_REPORT,HIGH,true,false,false,false,SEALED,ACTIVE,POLICE,false,true
REC-000377,81e0fd770f78046b7bd7fa18,CASE-00306,WOMEN_CHILD_SAFETY,STATE_02_DIST_02_PS_01,STATE_02_DIST_02,STATE_02,COURT_SUBMISSION,MEDIUM,true,false,false,false,OPEN,ACTIVE,POLICE,false,true
REC-000378,e41a741ff1db4f243478c8f1,CASE-00353,JUVENILE_PROTECTION,STATE_01_DIST_03_PS_02,STATE_01_DIST_03,STATE_01,FORENSIC_REPORT,HIGH,false,false,true,false,OPEN,UNDER_REVIEW,POLICE,false,true
REC-000379,081f8b348eb32537b20fc451,CASE-00359,FINANCIAL_CRIME,STATE_02_DIST_04_PS_01,STATE_02_DIST_04,STATE_02,FIR_SUMMARY,MEDIUM,false,false,false,false,OPEN,ACTIVE,POLICE,false,true
REC-000380,a294966bbab71d6e812d21a5,CASE-00238,WOMEN_CHILD_SAFETY,STATE_03_DIST_04_PS_03,STATE_03_DIST_04,STATE_03,JUVENILE_RECORD,CLASSIFIED,true,false,true,false,OPEN,ARCHIVED,POLICE,false,true
REC-000381,3112e0ab29be6240dec84019,CASE-00268,FINANCIAL_CRIME,STATE_03_DIST_01_PS_03,STATE_03_DIST_01,STATE_03,JUVENILE_RECORD,CLASSIFIED,false,false,true,false,OPEN,ACTIVE,POLICE,false,true
REC-000382,4451c095fe2e4d1a159e9e35,CASE-00162,CYBER_FRAUD,STATE_02_DIST_01_PS_02,STATE_02_DIST_01,STATE_02,FORENSIC_REPORT,MEDIUM,false,false,false,false,SEALED,ACTIVE,POLICE,false,true
REC-000383,2bb01093000cff150787fcc9,CASE-00121,NARCOTICS,STATE_01_DIST_02_PS_02,STATE_01_DIST_02,STATE_01,FIR_SUMMARY,LOW,false,false,false,false,OPEN,ARCHIVED,POLICE,false,true
REC-000384,fe9058bed6465d20bca094d3,CASE-00181,VIOLENT_CRIME,STATE_03_DIST_04_PS_03,STATE_03_DIST_04,STATE_03,EVIDENCE_MEDIA,HIGH,false,false,false,true,OPEN,ACTIVE,POLICE,false,true
REC-000385,bc645ca847686d31b766673d,CASE-00041,CYBER_FRAUD,STATE_02_DIST_02_PS_02,STATE_02_DIST_02,STATE_02,WITNESS_STATEMENT,HIGH,false,true,false,false,OPEN,ARCHIVED,POLICE,false,true
REC-000386,619c64e8eee97cc53178c989,CASE-00301,WOMEN_CHILD_SAFETY,STATE_02_DIST_01_PS_02,STATE_02_DIST_01,STATE_02,JUVENILE_RECORD,CLASSIFIED,true,false,true,false,OPEN,ACTIVE,POLICE,false,true
REC-000387,959023c7a7959b976063535a,CASE-00107,NARCOTICS,STATE_01_DIST_03_PS_03,STATE_01_DIST_03,STATE_01,FORENSIC_REPORT,HIGH,false,false,false,false,OPEN,ACTIVE,POLICE,false,true
REC-000388,76eebcbd721d1571cb5fcac8,CASE-00214,GENERAL_THEFT,STATE_03_DIST_04_PS_02,STATE_03_DIST_04,STATE_03,CASE_DIARY,MEDIUM,false,false,false,false,SEALED,ACTIVE,POLICE,false,true
REC-000389,c02c0ee944942d75bb6e6167,CASE-00346,WOMEN_CHILD_SAFETY,STATE_03_DIST_04_PS_02,STATE_03_DIST_04,STATE_03,VICTIM_RECORD,MEDIUM,true,false,false,false,OPEN,ACTIVE,POLICE,false,true
REC-000390,0031d7cc69231177ee5472a8,CASE-00038,NARCOTICS,STATE_01_DIST_01_PS_02,STATE_01_DIST_01,STATE_01,CASE_DIARY,CLASSIFIED,false,false,false,false,OPEN,ARCHIVED,POLICE,false,true
REC-000391,cc807e9870eb2999a5aa2981,CASE-00049,CYBER_FRAUD,STATE_03_DIST_01_PS_02,STATE_03_DIST_01,STATE_03,FIR_SUMMARY,HIGH,false,false,false,false,SEALED,ARCHIVED,POLICE,false,true
REC-000392,5fdca183eefc3a91401863c7,CASE-00040,MISSING_PERSON,STATE_01_DIST_04_PS_02,STATE_01_DIST_04,STATE_01,FORENSIC_REPORT,MEDIUM,false,false,false,false,OPEN,UNDER_REVIEW,POLICE,false,true
REC-000393,1ed90992e302a5bc0272cda1,CASE-00103,NARCOTICS,STATE_03_DIST_03_PS_03,STATE_03_DIST_03,STATE_03,FIR_SUMMARY,MEDIUM,false,false,false,false,OPEN,ARCHIVED,POLICE,false,true
REC-000394,865e1a4e9bd8f6f99acdf7fe,CASE-00133,JUVENILE_PROTECTION,STATE_03_DIST_01_PS_03,STATE_03_DIST_01,STATE_03,WITNESS_STATEMENT,HIGH,false,true,true,false,OPEN,ACTIVE,POLICE,false,true
REC-000395,580ccae8746e99f501c78975,CASE-00274,VIOLENT_CRIME,STATE_02_DIST_03_PS_01,STATE_02_DIST_03,STATE_02,CASE_DIARY,MEDIUM,false,false,false,false,OPEN,ARCHIVED,POLICE,false,true
REC-000396,34b21675c93019fd5a4c0262,CASE-00139,FINANCIAL_CRIME,STATE_02_DIST_01_PS_03,STATE_02_DIST_01,STATE_02,JUVENILE_RECORD,HIGH,false,false,true,false,OPEN,ACTIVE,POLICE,false,true
REC-000397,1fb453252f4bdc939ef6f6df,CASE-00098,MISSING_PERSON,STATE_01_DIST_02_PS_02,STATE_01_DIST_02,STATE_01,FORENSIC_REPORT,MEDIUM,false,false,false,false,OPEN,ACTIVE,POLICE,false,true
REC-000398,a14b960f9d5b88d2544ce012,CASE-00145,VIOLENT_CRIME,STATE_02_DIST_01_PS_03,STATE_02_DIST_01,STATE_02,FIR_SUMMARY,MEDIUM,false,false,false,false,SEALED,ACTIVE,POLICE,false,true
REC-000399,bbd8fd810d854f4bbb3a984d,CASE-00156,CYBER_FRAUD,STATE_03_DIST_03_PS_01,STATE_03_DIST_03,STATE_03,JUVENILE_RECORD,CLASSIFIED,false,false,true,false,SEALED,UNDER_REVIEW,POLICE,false,true
REC-000400,cbe1fd17453b68043b279572,CASE-00100,WOMEN_CHILD_SAFETY,STATE_03_DIST_01_PS_03,STATE_03_DIST_01,STATE_03,EVIDENCE_MEDIA,HIGH,true,false,false,true,OPEN,ACTIVE,POLICE,false,true
REC-000401,ee0077472217a89dfddd7b51,CASE-00137,MISSING_PERSON,STATE_03_DIST_02_PS_03,STATE_03_DIST_02,STATE_03,VICTIM_RECORD,HIGH,true,false,false,false,OPEN,ACTIVE,POLICE,false,true
REC-000402,005e2c4cc11b47aa081b9c83,CASE-00185,CYBER_FRAUD,STATE_03_DIST_04_PS_01,STATE_03_DIST_04,STATE_03,EVIDENCE_MEDIA,CLASSIFIED,false,false,false,true,OPEN,UNDER_REVIEW,POLICE,false,true
REC-000403,6311a0f47a8698c4f4a12070,CASE-00337,NARCOTICS,STATE_01_DIST_04_PS_01,STATE_01_DIST_04,STATE_01,COURT_SUBMISSION,MEDIUM,false,false,false,false,OPEN,ACTIVE,POLICE,false,true
REC-000404,5d20a2d5caff676d0afb5185,CASE-00122,VIOLENT_CRIME,STATE_03_DIST_03_PS_01,STATE_03_DIST_03,STATE_03,JUVENILE_RECORD,HIGH,false,false,true,false,OPEN,ARCHIVED,POLICE,false,true
REC-000405,28eb3655e909b804912a3867,CASE-00248,VIOLENT_CRIME,STATE_02_DIST_02_PS_03,STATE_02_DIST_02,STATE_02,EVIDENCE_MEDIA,HIGH,false,false,false,true,OPEN,ACTIVE,POLICE,false,true
REC-000406,33d770afa0f3663c50bb006b,CASE-00321,JUVENILE_PROTECTION,STATE_01_DIST_02_PS_01,STATE_01_DIST_02,STATE_01,FIR_SUMMARY,LOW,false,false,true,false,OPEN,ARCHIVED,POLICE,false,true
REC-000407,50360c189958ca7d43254c7c,CASE-00313,CYBER_FRAUD,STATE_01_DIST_04_PS_03,STATE_01_DIST_04,STATE_01,COURT_SUBMISSION,HIGH,false,false,false,false,OPEN,ACTIVE,POLICE,false,true
REC-000408,c27231d6450095869ad898ec,CASE-00200,WOMEN_CHILD_SAFETY,STATE_02_DIST_04_PS_03,STATE_02_DIST_04,STATE_02,EVIDENCE_MEDIA,CLASSIFIED,true,false,false,true,OPEN,ACTIVE,POLICE,false,true
REC-000409,27937d1ca81b65088a41774e,CASE-00186,CYBER_FRAUD,STATE_01_DIST_02_PS_02,STATE_01_DIST_02,STATE_01,CYBERCRIME_COMPLAINT,MEDIUM,false,false,false,false,OPEN,ACTIVE,POLICE,false,true
REC-000410,71f432c3cd7c3375e794a73c,CASE-00353,JUVENILE_PROTECTION,STATE_01_DIST_03_PS_02,STATE_01_DIST_03,STATE_01,JUVENILE_RECORD,CLASSIFIED,false,false,true,false,OPEN,ACTIVE,POLICE,false,true
REC-000411,34b421fa7c4bcf173b3fb1b8,CASE-00258,WOMEN_CHILD_SAFETY,STATE_01_DIST_03_PS_01,STATE_01_DIST_03,STATE_01,COURT_SUBMISSION,HIGH,true,false,false,false,OPEN,ACTIVE,POLICE,false,true
REC-000412,0e1d97f5f0e6ea3b9c5ccb7f,CASE-00354,GENERAL_THEFT,STATE_01_DIST_01_PS_03,STATE_01_DIST_01,STATE_01,CASE_DIARY,CLASSIFIED,false,false,false,false,OPEN,ACTIVE,POLICE,false,true
REC-000413,8fecb6c3c0ade75d415c3694,CASE-00162,CYBER_FRAUD,STATE_02_DIST_01_PS_02,STATE_02_DIST_01,STATE_02,CYBERCRIME_COMPLAINT,HIGH,false,false,false,false,OPEN,ACTIVE,POLICE,false,true
REC-000414,8860b7fefe6996797cd77884,CASE-00351,FINANCIAL_CRIME,STATE_02_DIST_03_PS_01,STATE_02_DIST_03,STATE_02,FIR_SUMMARY,LOW,false,false,false,false,OPEN,ACTIVE,POLICE,false,true
REC-000415,e21aeeb1f4ca7a4082790d31,CASE-00240,WOMEN_CHILD_SAFETY,STATE_03_DIST_01_PS_03,STATE_03_DIST_01,STATE_03,WITNESS_STATEMENT,HIGH,true,true,false,false,OPEN,ARCHIVED,POLICE,false,true
REC-000416,dd426d66ef5f5ae466c5867b,CASE-00010,GENERAL_THEFT,STATE_02_DIST_04_PS_01,STATE_02_DIST_04,STATE_02,FIR_SUMMARY,LOW,false,false,false,false,OPEN,ACTIVE,POLICE,false,true
REC-000417,8e1a3ca6a9114e1881bc48b7,CASE-00312,WOMEN_CHILD_SAFETY,STATE_03_DIST_03_PS_02,STATE_03_DIST_03,STATE_03,VICTIM_RECORD,HIGH,true,false,false,false,OPEN,ACTIVE,POLICE,false,true
REC-000418,513c9be258a43ca7947c0ca7,CASE-00053,WOMEN_CHILD_SAFETY,STATE_03_DIST_01_PS_02,STATE_03_DIST_01,STATE_03,EVIDENCE_MEDIA,CLASSIFIED,true,false,false,true,OPEN,ACTIVE,POLICE,false,true
REC-000419,f918883e0652f9e5806aa095,CASE-00278,FINANCIAL_CRIME,STATE_02_DIST_01_PS_01,STATE_02_DIST_01,STATE_02,COURT_SUBMISSION,HIGH,false,false,false,false,OPEN,ACTIVE,POLICE,false,true
REC-000420,b1d414a86aab728f35101d37,CASE-00351,FINANCIAL_CRIME,STATE_02_DIST_03_PS_01,STATE_02_DIST_03,STATE_02,EVIDENCE_MEDIA,CLASSIFIED,false,false,false,true,OPEN,UNDER_REVIEW,POLICE,false,true
REC-000421,976d2f8733581e30043bd0d1,CASE-00327,FINANCIAL_CRIME,STATE_02_DIST_04_PS_03,STATE_02_DIST_04,STATE_02,CASE_DIARY,HIGH,false,false,false,false,OPEN,ACTIVE,POLICE,false,true
REC-000422,a5868bcaec407c2284b53fec,CASE-00265,MISSING_PERSON,STATE_02_DIST_04_PS_02,STATE_02_DIST_04,STATE_02,FIR_SUMMARY,LOW,false,false,false,false,OPEN,ARCHIVED,POLICE,false,true
REC-000423,4d4eedc6995d8719bb69eab8,CASE-00157,GENERAL_THEFT,STATE_03_DIST_01_PS_01,STATE_03_DIST_01,STATE_03,CASE_DIARY,HIGH,false,false,false,false,OPEN,ARCHIVED,POLICE,false,true
REC-000424,dbdfbc01fd0c4b39b898ed5b,CASE-00245,VIOLENT_CRIME,STATE_02_DIST_02_PS_02,STATE_02_DIST_02,STATE_02,EVIDENCE_MEDIA,HIGH,false,false,false,true,SEALED,UNDER_REVIEW,POLICE,false,true
REC-000425,abad1f85154594182175139d,CASE-00139,FINANCIAL_CRIME,STATE_02_DIST_01_PS_03,STATE_02_DIST_01,STATE_02,COURT_SUBMISSION,MEDIUM,false,false,false,false,OPEN,ACTIVE,POLICE,false,true
REC-000426,be1c97c5c56e77b750e46471,CASE-00124,MISSING_PERSON,STATE_01_DIST_04_PS_01,STATE_01_DIST_04,STATE_01,EVIDENCE_MEDIA,CLASSIFIED,false,false,false,true,OPEN,ACTIVE,POLICE,false,true
REC-000427,d78dafd08b73c58f991b6f3f,CASE-00115,JUVENILE_PROTECTION,STATE_01_DIST_04_PS_03,STATE_01_DIST_04,STATE_01,EVIDENCE_MEDIA,HIGH,false,false,true,true,OPEN,ACTIVE,POLICE,false,true
REC-000428,720bf6c497722937465299f7,CASE-00356,NARCOTICS,STATE_02_DIST_01_PS_01,STATE_02_DIST_01,STATE_02,EVIDENCE_MEDIA,CLASSIFIED,false,false,false,true,OPEN,ARCHIVED,POLICE,false,true
REC-000429,ebb25f911f77c3f1d4019b67,CASE-00207,GENERAL_THEFT,STATE_02_DIST_04_PS_02,STATE_02_DIST_04,STATE_02,CYBERCRIME_COMPLAINT,HIGH,false,false,false,false,OPEN,ACTIVE,POLICE,false,true
REC-000430,706262d522186a84dc851323,CASE-00144,MISSING_PERSON,STATE_03_DIST_04_PS_02,STATE_03_DIST_04,STATE_03,WITNESS_STATEMENT,HIGH,false,true,false,false,OPEN,UNDER_REVIEW,POLICE,false,true
REC-000431,ca211788ec4162bcf6922ba1,CASE-00267,VIOLENT_CRIME,STATE_01_DIST_01_PS_02,STATE_01_DIST_01,STATE_01,CASE_DIARY,HIGH,false,false,false,false,OPEN,ACTIVE,POLICE,false,true
REC-000432,b6bb8ed01f34c52b36d9c919,CASE-00250,MISSING_PERSON,STATE_03_DIST_01_PS_03,STATE_03_DIST_01,STATE_03,EVIDENCE_MEDIA,CLASSIFIED,false,false,false,true,OPEN,ACTIVE,POLICE,false,true
REC-000433,b4258e3f240db05e85d23c50,CASE-00289,WOMEN_CHILD_SAFETY,STATE_03_DIST_01_PS_02,STATE_03_DIST_01,STATE_03,COURT_SUBMISSION,HIGH,true,false,false,false,OPEN,ACTIVE,POLICE,false,true
REC-000434,40a93b7fe5ff4f44c4bca7cd,CASE-00343,MISSING_PERSON,STATE_02_DIST_02_PS_01,STATE_02_DIST_02,STATE_02,FORENSIC_REPORT,CLASSIFIED,false,false,false,false,OPEN,ACTIVE,POLICE,false,true
REC-000435,f4bdf526b0854c5ab70a72b2,CASE-00117,VIOLENT_CRIME,STATE_01_DIST_03_PS_01,STATE_01_DIST_03,STATE_01,CYBERCRIME_COMPLAINT,CLASSIFIED,false,false,false,false,OPEN,ARCHIVED,POLICE,false,true
REC-000436,9222c0ba833f5a7c57f8a24c,CASE-00170,GENERAL_THEFT,STATE_01_DIST_01_PS_03,STATE_01_DIST_01,STATE_01,FIR_SUMMARY,HIGH,false,false,false,false,OPEN,ACTIVE,POLICE,false,true
REC-000437,d45ef8c0ab200ac9b4c7a89e,CASE-00177,MISSING_PERSON,STATE_02_DIST_04_PS_03,STATE_02_DIST_04,STATE_02,CYBERCRIME_COMPLAINT,HIGH,false,false,false,false,OPEN,ARCHIVED,POLICE,false,true
REC-000438,a01b4fff545a372b8d651084,CASE-00004,WOMEN_CHILD_SAFETY,STATE_02_DIST_03_PS_03,STATE_02_DIST_03,STATE_02,EVIDENCE_MEDIA,CLASSIFIED,true,false,false,true,SEALED,ACTIVE,POLICE,false,true
REC-000439,8f79339c7d2dbf517d8d6680,CASE-00152,FINANCIAL_CRIME,STATE_02_DIST_03_PS_03,STATE_02_DIST_03,STATE_02,COURT_SUBMISSION,HIGH,false,false,false,false,OPEN,ACTIVE,POLICE,false,true
REC-000440,97b25092037eea00eafba145,CASE-00346,WOMEN_CHILD_SAFETY,STATE_03_DIST_04_PS_02,STATE_03_DIST_04,STATE_03,CASE_DIARY,HIGH,true,false,false,false,OPEN,ACTIVE,POLICE,false,true
REC-000441,2efca3bea97d54995e702601,CASE-00122,VIOLENT_CRIME,STATE_03_DIST_03_PS_01,STATE_03_DIST_03,STATE_03,VICTIM_RECORD,HIGH,true,false,false,false,OPEN,ARCHIVED,POLICE,false,true
REC-000442,0b78c248bf72ce01e5e741e0,CASE-00312,WOMEN_CHILD_SAFETY,STATE_03_DIST_03_PS_02,STATE_03_DIST_03,STATE_03,FIR_SUMMARY,MEDIUM,true,false,false,false,OPEN,ACTIVE,POLICE,false,true
REC-000443,165537a7bd124a847522b908,CASE-00007,FINANCIAL_CRIME,STATE_03_DIST_03_PS_01,STATE_03_DIST_03,STATE_03,COURT_SUBMISSION,MEDIUM,false,false,false,false,OPEN,ACTIVE,POLICE,false,true
REC-000444,d7a80c935b5e982d9aa6d398,CASE-00124,MISSING_PERSON,STATE_01_DIST_04_PS_01,STATE_01_DIST_04,STATE_01,EVIDENCE_MEDIA,CLASSIFIED,false,false,false,true,OPEN,ACTIVE,POLICE,false,true
REC-000445,673ba424a3a4663dda643f8d,CASE-00052,JUVENILE_PROTECTION,STATE_02_DIST_01_PS_03,STATE_02_DIST_01,STATE_02,CYBERCRIME_COMPLAINT,HIGH,false,false,true,false,OPEN,ACTIVE,POLICE,false,true
REC-000446,dcd08b3ca22c6a94ae8a5f03,CASE-00235,JUVENILE_PROTECTION,STATE_02_DIST_03_PS_03,STATE_02_DIST_03,STATE_02,COURT_SUBMISSION,MEDIUM,false,false,true,false,OPEN,ACTIVE,POLICE,false,true
REC-000447,34db2ece38e91ed7d58eda26,CASE-00332,CYBER_FRAUD,STATE_01_DIST_01_PS_01,STATE_01_DIST_01,STATE_01,COURT_SUBMISSION,HIGH,false,false,false,false,SEALED,ACTIVE,POLICE,false,true
REC-000448,03448ee43768bdde0a74294f,CASE-00255,FINANCIAL_CRIME,STATE_01_DIST_03_PS_03,STATE_01_DIST_03,STATE_01,FORENSIC_REPORT,HIGH,false,false,false,false,OPEN,ACTIVE,POLICE,false,true
REC-000449,5cffb8dc75d9d131aa574db1,CASE-00291,JUVENILE_PROTECTION,STATE_02_DIST_01_PS_03,STATE_02_DIST_01,STATE_02,VICTIM_RECORD,CLASSIFIED,true,false,true,false,OPEN,ACTIVE,POLICE,false,true
REC-000450,b633e7b814cf174a43cb626e,CASE-00134,VIOLENT_CRIME,STATE_02_DIST_04_PS_03,STATE_02_DIST_04,STATE_02,EVIDENCE_MEDIA,HIGH,false,false,false,true,OPEN,ACTIVE,POLICE,false,true
REC-000451,ff9622bb7b9b3a8b0b41797e,CASE-00148,JUVENILE_PROTECTION,STATE_02_DIST_03_PS_01,STATE_02_DIST_03,STATE_02,FORENSIC_REPORT,CLASSIFIED,false,false,true,false,OPEN,UNDER_REVIEW,POLICE,false,true
REC-000452,26560f8c17e3de8c4965db49,CASE-00347,NARCOTICS,STATE_03_DIST_03_PS_01,STATE_03_DIST_03,STATE_03,FIR_SUMMARY,LOW,false,false,false,false,OPEN,ACTIVE,POLICE,false,true
REC-000453,ef965b5376f5da9b65d36b0a,CASE-00105,NARCOTICS,STATE_01_DIST_04_PS_02,STATE_01_DIST_04,STATE_01,COURT_SUBMISSION,HIGH,false,false,false,false,OPEN,ACTIVE,POLICE,false,true
REC-000454,08885d987fd222a58c5328a3,CASE-00291,JUVENILE_PROTECTION,STATE_02_DIST_01_PS_03,STATE_02_DIST_01,STATE_02,CYBERCRIME_COMPLAINT,MEDIUM,false,false,true,false,OPEN,ACTIVE,POLICE,false,true
REC-000455,7ab9fa00902faedfec4f6eaa,CASE-00334,GENERAL_THEFT,STATE_03_DIST_03_PS_03,STATE_03_DIST_03,STATE_03,FORENSIC_REPORT,HIGH,false,false,false,false,OPEN,ACTIVE,POLICE,false,true
REC-000456,36df47b04b751c66778ec264,CASE-00345,MISSING_PERSON,STATE_02_DIST_03_PS_01,STATE_02_DIST_03,STATE_02,COURT_SUBMISSION,MEDIUM,false,false,false,false,OPEN,ARCHIVED,POLICE,false,true
REC-000457,ecb5fcc125306a4757b45936,CASE-00350,GENERAL_THEFT,STATE_01_DIST_03_PS_01,STATE_01_DIST_03,STATE_01,CYBERCRIME_COMPLAINT,HIGH,false,false,false,false,OPEN,ARCHIVED,POLICE,false,true
REC-000458,d3396f3cbd7762ada5e22661,CASE-00103,NARCOTICS,STATE_03_DIST_03_PS_03,STATE_03_DIST_03,STATE_03,CYBERCRIME_COMPLAINT,HIGH,false,false,false,false,OPEN,ACTIVE,POLICE,false,true
REC-000459,b0fa4c8793acea9c90dd0730,CASE-00068,MISSING_PERSON,STATE_03_DIST_02_PS_03,STATE_03_DIST_02,STATE_03,JUVENILE_RECORD,HIGH,false,false,true,false,OPEN,UNDER_REVIEW,POLICE,false,true
REC-000460,eff1115c482447753dc310ac,CASE-00069,MISSING_PERSON,STATE_02_DIST_04_PS_03,STATE_02_DIST_04,STATE_02,JUVENILE_RECORD,CLASSIFIED,false,false,true,false,OPEN,ACTIVE,POLICE,false,true
REC-000461,24b2390d4286ceb3b5cac194,CASE-00026,NARCOTICS,STATE_03_DIST_02_PS_03,STATE_03_DIST_02,STATE_03,CASE_DIARY,HIGH,false,false,false,false,OPEN,ACTIVE,POLICE,false,true
REC-000462,8b7b39325ff9b7c2d5920e98,CASE-00257,WOMEN_CHILD_SAFETY,STATE_02_DIST_01_PS_03,STATE_02_DIST_01,STATE_02,COURT_SUBMISSION,HIGH,true,false,false,false,OPEN,ACTIVE,POLICE,false,true
REC-000463,c011f85cd776f501c3ad33a7,CASE-00158,WOMEN_CHILD_SAFETY,STATE_02_DIST_04_PS_01,STATE_02_DIST_04,STATE_02,FORENSIC_REPORT,MEDIUM,true,false,false,false,OPEN,ACTIVE,POLICE,false,true
REC-000464,e5b9726d9f3e2587e6ca9d62,CASE-00188,JUVENILE_PROTECTION,STATE_01_DIST_03_PS_02,STATE_01_DIST_03,STATE_01,FIR_SUMMARY,LOW,false,false,true,false,OPEN,ARCHIVED,POLICE,false,true
REC-000465,6450080d1678d5ddf5771d4d,CASE-00154,JUVENILE_PROTECTION,STATE_01_DIST_01_PS_02,STATE_01_DIST_01,STATE_01,VICTIM_RECORD,MEDIUM,true,false,true,false,OPEN,ACTIVE,POLICE,false,true
REC-000466,2a05bb6a95495218d6bd8508,CASE-00126,CYBER_FRAUD,STATE_03_DIST_03_PS_03,STATE_03_DIST_03,STATE_03,FORENSIC_REPORT,HIGH,false,false,false,false,OPEN,ACTIVE,POLICE,false,true
REC-000467,d7f5f5e94d3e5229dcdcc76e,CASE-00039,CYBER_FRAUD,STATE_02_DIST_02_PS_03,STATE_02_DIST_02,STATE_02,COURT_SUBMISSION,HIGH,false,false,false,false,OPEN,ACTIVE,POLICE,false,true
REC-000468,d12a6a6433534d48c6b83a73,CASE-00142,VIOLENT_CRIME,STATE_01_DIST_01_PS_02,STATE_01_DIST_01,STATE_01,FIR_SUMMARY,MEDIUM,false,false,false,false,OPEN,ACTIVE,POLICE,false,true
REC-000469,d34c1d02092001a70a7d7610,CASE-00311,CYBER_FRAUD,STATE_02_DIST_03_PS_02,STATE_02_DIST_03,STATE_02,JUVENILE_RECORD,CLASSIFIED,false,false,true,false,OPEN,ACTIVE,POLICE,false,true
REC-000470,6a2e764a7c5c098cd2bd4b1e,CASE-00126,CYBER_FRAUD,STATE_03_DIST_03_PS_03,STATE_03_DIST_03,STATE_03,WITNESS_STATEMENT,MEDIUM,false,true,false,false,OPEN,UNDER_REVIEW,POLICE,false,true
REC-000471,f6f606c409b171df8e67b6a2,CASE-00291,JUVENILE_PROTECTION,STATE_02_DIST_01_PS_03,STATE_02_DIST_01,STATE_02,FIR_SUMMARY,MEDIUM,false,false,true,false,OPEN,ACTIVE,POLICE,false,true
REC-000472,677656597aa945bf37b29733,CASE-00085,MISSING_PERSON,STATE_03_DIST_03_PS_01,STATE_03_DIST_03,STATE_03,JUVENILE_RECORD,HIGH,false,false,true,false,OPEN,UNDER_REVIEW,POLICE,false,true
REC-000473,0ed03201c38222181d07677f,CASE-00114,GENERAL_THEFT,STATE_01_DIST_02_PS_01,STATE_01_DIST_02,STATE_01,WITNESS_STATEMENT,HIGH,false,true,false,false,OPEN,ACTIVE,POLICE,false,true
REC-000474,8ba047dcb06061d980da4456,CASE-00168,NARCOTICS,STATE_02_DIST_03_PS_03,STATE_02_DIST_03,STATE_02,VICTIM_RECORD,HIGH,true,false,false,false,SEALED,ARCHIVED,POLICE,false,true
REC-000475,77385b524212abbfb3cdbdf8,CASE-00122,VIOLENT_CRIME,STATE_03_DIST_03_PS_01,STATE_03_DIST_03,STATE_03,CYBERCRIME_COMPLAINT,HIGH,false,false,false,false,OPEN,ACTIVE,POLICE,false,true
REC-000476,0265fa722eaf9f9e7f597fb4,CASE-00217,FINANCIAL_CRIME,STATE_02_DIST_04_PS_02,STATE_02_DIST_04,STATE_02,EVIDENCE_MEDIA,CLASSIFIED,false,false,false,true,OPEN,UNDER_REVIEW,POLICE,false,true
REC-000477,abfd23e434f0f6d490ebb742,CASE-00306,WOMEN_CHILD_SAFETY,STATE_02_DIST_02_PS_01,STATE_02_DIST_02,STATE_02,CYBERCRIME_COMPLAINT,HIGH,true,false,false,false,OPEN,ARCHIVED,POLICE,false,true
REC-000478,f603fdd3a2db93afcae05d4c,CASE-00356,NARCOTICS,STATE_02_DIST_01_PS_01,STATE_02_DIST_01,STATE_02,COURT_SUBMISSION,MEDIUM,false,false,false,false,OPEN,ACTIVE,POLICE,false,true
REC-000479,2a72e9e4ca2925b1a4edb88a,CASE-00330,CYBER_FRAUD,STATE_03_DIST_03_PS_02,STATE_03_DIST_03,STATE_03,FIR_SUMMARY,MEDIUM,false,false,false,false,OPEN,ACTIVE,POLICE,false,true
REC-000480,f2c0ebfdd7531b5c97ba07d9,CASE-00077,MISSING_PERSON,STATE_02_DIST_02_PS_02,STATE_02_DIST_02,STATE_02,FORENSIC_REPORT,HIGH,false,false,false,false,OPEN,UNDER_REVIEW,POLICE,false,true
REC-000481,81ee1ae4cfae32eead5fbff3,CASE-00355,VIOLENT_CRIME,STATE_03_DIST_03_PS_01,STATE_03_DIST_03,STATE_03,CYBERCRIME_COMPLAINT,MEDIUM,false,false,false,false,OPEN,ACTIVE,POLICE,false,true
REC-000482,d67455c45a07a17b5f35d785,CASE-00099,GENERAL_THEFT,STATE_02_DIST_03_PS_01,STATE_02_DIST_03,STATE_02,COURT_SUBMISSION,HIGH,false,false,false,false,OPEN,UNDER_REVIEW,POLICE,false,true
REC-000483,b10eeff052ba452504a54f88,CASE-00232,WOMEN_CHILD_SAFETY,STATE_03_DIST_02_PS_01,STATE_03_DIST_02,STATE_03,CYBERCRIME_COMPLAINT,HIGH,true,false,false,false,OPEN,ACTIVE,POLICE,false,true
REC-000484,9322ab1e6956dec6b780efa5,CASE-00273,FINANCIAL_CRIME,STATE_03_DIST_02_PS_02,STATE_03_DIST_02,STATE_03,JUVENILE_RECORD,CLASSIFIED,false,false,true,false,OPEN,ACTIVE,POLICE,false,true
REC-000485,35bc703759f57f410bdca3fc,CASE-00036,FINANCIAL_CRIME,STATE_03_DIST_04_PS_02,STATE_03_DIST_04,STATE_03,JUVENILE_RECORD,CLASSIFIED,false,false,true,false,OPEN,ACTIVE,POLICE,false,true
REC-000486,7688899d0d149034386f953b,CASE-00061,GENERAL_THEFT,STATE_02_DIST_01_PS_03,STATE_02_DIST_01,STATE_02,VICTIM_RECORD,MEDIUM,true,false,false,false,OPEN,ACTIVE,POLICE,false,true
REC-000487,b3eecf3008e24f3ad0d4b532,CASE-00157,GENERAL_THEFT,STATE_03_DIST_01_PS_01,STATE_03_DIST_01,STATE_03,FORENSIC_REPORT,HIGH,false,false,false,false,OPEN,ACTIVE,POLICE,false,true
REC-000488,fc498ccdbed501011d0e55db,CASE-00351,FINANCIAL_CRIME,STATE_02_DIST_03_PS_01,STATE_02_DIST_03,STATE_02,CYBERCRIME_COMPLAINT,CLASSIFIED,false,false,false,false,OPEN,ACTIVE,POLICE,false,true
REC-000489,f9bc8573a426e646d493c5fc,CASE-00332,CYBER_FRAUD,STATE_01_DIST_01_PS_01,STATE_01_DIST_01,STATE_01,JUVENILE_RECORD,CLASSIFIED,false,false,true,false,OPEN,ACTIVE,POLICE,false,true
REC-000490,cccc11295402cd9a4c3a9b77,CASE-00332,CYBER_FRAUD,STATE_01_DIST_01_PS_01,STATE_01_DIST_01,STATE_01,EVIDENCE_MEDIA,CLASSIFIED,false,false,false,true,SEALED,ARCHIVED,POLICE,false,true
REC-000491,0a821995dd018501d97bf96f,CASE-00158,WOMEN_CHILD_SAFETY,STATE_02_DIST_04_PS_01,STATE_02_DIST_04,STATE_02,VICTIM_RECORD,CLASSIFIED,true,false,false,false,OPEN,UNDER_REVIEW,POLICE,false,true
REC-000492,8a1855c9f0da9b257d4efc0b,CASE-00280,VIOLENT_CRIME,STATE_01_DIST_03_PS_01,STATE_01_DIST_03,STATE_01,COURT_SUBMISSION,MEDIUM,false,false,false,false,OPEN,ACTIVE,POLICE,false,true
REC-000493,add976587ec76c7d2c996cfb,CASE-00169,WOMEN_CHILD_SAFETY,STATE_02_DIST_03_PS_01,STATE_02_DIST_03,STATE_02,CASE_DIARY,CLASSIFIED,true,false,false,false,OPEN,ACTIVE,POLICE,false,true
REC-000494,fb5fe9b5c0b2f6fb1de8118b,CASE-00342,FINANCIAL_CRIME,STATE_01_DIST_04_PS_01,STATE_01_DIST_04,STATE_01,JUVENILE_RECORD,CLASSIFIED,false,false,true,false,OPEN,ACTIVE,POLICE,false,true
REC-000495,fd49baba4e1fe802274e80fa,CASE-00342,FINANCIAL_CRIME,STATE_01_DIST_04_PS_01,STATE_01_DIST_04,STATE_01,CASE_DIARY,HIGH,false,false,false,false,OPEN,ACTIVE,POLICE,false,true
REC-000496,c289388229db506c0792742b,CASE-00300,GENERAL_THEFT,STATE_03_DIST_04_PS_03,STATE_03_DIST_04,STATE_03,CYBERCRIME_COMPLAINT,CLASSIFIED,false,false,false,false,OPEN,ACTIVE,POLICE,false,true
REC-000497,7e8ccab175c754a03694eafa,CASE-00144,MISSING_PERSON,STATE_03_DIST_04_PS_02,STATE_03_DIST_04,STATE_03,CASE_DIARY,HIGH,false,false,false,false,OPEN,ACTIVE,POLICE,false,true
REC-000498,052bb27e46c08261ae984b1a,CASE-00322,VIOLENT_CRIME,STATE_03_DIST_01_PS_02,STATE_03_DIST_01,STATE_03,CYBERCRIME_COMPLAINT,HIGH,false,false,false,false,OPEN,UNDER_REVIEW,POLICE,false,true
REC-000499,c8276d8fd0deda542ffa6922,CASE-00354,GENERAL_THEFT,STATE_01_DIST_01_PS_03,STATE_01_DIST_01,STATE_01,EVIDENCE_MEDIA,CLASSIFIED,false,false,false,true,OPEN,ACTIVE,POLICE,false,true
REC-000500,755f540876cbb4154b50313c,CASE-00302,FINANCIAL_CRIME,STATE_03_DIST_04_PS_01,STATE_03_DIST_04,STATE_03,WITNESS_STATEMENT,HIGH,false,true,false,false,OPEN,ACTIVE,POLICE,false,true
REC-000501,5e42dfb878f0ad90838bae74,CASE-00252,MISSING_PERSON,STATE_03_DIST_03_PS_02,STATE_03_DIST_03,STATE_03,FIR_SUMMARY,LOW,false,false,false,false,OPEN,ACTIVE,POLICE,false,true
REC-000502,ce469c06f5b0004a31df2ad3,CASE-00278,FINANCIAL_CRIME,STATE_02_DIST_01_PS_01,STATE_02_DIST_01,STATE_02,FORENSIC_REPORT,HIGH,false,false,false,false,OPEN,ACTIVE,POLICE,false,true
REC-000503,6306f9f14c804fd8a63eb60c,CASE-00071,VIOLENT_CRIME,STATE_02_DIST_04_PS_01,STATE_02_DIST_04,STATE_02,COURT_SUBMISSION,MEDIUM,false,false,false,false,OPEN,ACTIVE,POLICE,false,true
REC-000504,175d5a935eeacb3276aa0ab5,CASE-00337,NARCOTICS,STATE_01_DIST_04_PS_01,STATE_01_DIST_04,STATE_01,WITNESS_STATEMENT,HIGH,false,true,false,false,OPEN,ARCHIVED,POLICE,false,true
REC-000505,514216f8601919c64b5e89c6,CASE-00085,MISSING_PERSON,STATE_03_DIST_03_PS_01,STATE_03_DIST_03,STATE_03,FORENSIC_REPORT,MEDIUM,false,false,false,false,OPEN,ARCHIVED,POLICE,false,true
REC-000506,4486a471677828660c3b0e02,CASE-00103,NARCOTICS,STATE_03_DIST_03_PS_03,STATE_03_DIST_03,STATE_03,CYBERCRIME_COMPLAINT,CLASSIFIED,false,false,false,false,OPEN,ACTIVE,POLICE,false,true
REC-000507,6133804fd5bfb391fba56083,CASE-00133,JUVENILE_PROTECTION,STATE_03_DIST_01_PS_03,STATE_03_DIST_01,STATE_03,CYBERCRIME_COMPLAINT,MEDIUM,false,false,true,false,OPEN,ACTIVE,POLICE,false,true
REC-000508,3a993cc7b9f6a4ba103eaf9d,CASE-00173,FINANCIAL_CRIME,STATE_01_DIST_02_PS_01,STATE_01_DIST_02,STATE_01,FIR_SUMMARY,MEDIUM,false,false,false,false,OPEN,ACTIVE,POLICE,false,true
REC-000509,60cafb054014844b5413c674,CASE-00055,MISSING_PERSON,STATE_03_DIST_04_PS_01,STATE_03_DIST_04,STATE_03,EVIDENCE_MEDIA,HIGH,false,false,false,true,OPEN,ACTIVE,POLICE,false,true
REC-000510,b8d1eb1153320f7d00fed69a,CASE-00254,CYBER_FRAUD,STATE_02_DIST_04_PS_02,STATE_02_DIST_04,STATE_02,FORENSIC_REPORT,HIGH,false,false,false,false,OPEN,UNDER_REVIEW,POLICE,false,true
REC-000511,bccd2e37a2abdbd141306a62,CASE-00237,CYBER_FRAUD,STATE_03_DIST_02_PS_02,STATE_03_DIST_02,STATE_03,COURT_SUBMISSION,HIGH,false,false,false,false,OPEN,ACTIVE,POLICE,false,true
REC-000512,957a61b122db170092250b9c,CASE-00358,VIOLENT_CRIME,STATE_02_DIST_02_PS_02,STATE_02_DIST_02,STATE_02,EVIDENCE_MEDIA,CLASSIFIED,false,false,false,true,SEALED,ACTIVE,POLICE,false,true
REC-000513,681b4f93de08437e40966100,CASE-00333,JUVENILE_PROTECTION,STATE_02_DIST_01_PS_02,STATE_02_DIST_01,STATE_02,VICTIM_RECORD,MEDIUM,true,false,true,false,OPEN,ACTIVE,POLICE,false,true
REC-000514,c0dfcc086c29ac7761c0efb5,CASE-00222,MISSING_PERSON,STATE_01_DIST_03_PS_02,STATE_01_DIST_03,STATE_01,FIR_SUMMARY,HIGH,false,false,false,false,OPEN,ACTIVE,POLICE,false,true
REC-000515,2f78e1f4884ee0d4cf5e7c7f,CASE-00081,WOMEN_CHILD_SAFETY,STATE_03_DIST_02_PS_01,STATE_03_DIST_02,STATE_03,CASE_DIARY,HIGH,true,false,false,false,OPEN,ACTIVE,POLICE,false,true
REC-000516,dc7ebd2a3c118cae47903bf9,CASE-00270,MISSING_PERSON,STATE_01_DIST_02_PS_02,STATE_01_DIST_02,STATE_01,CYBERCRIME_COMPLAINT,MEDIUM,false,false,false,false,OPEN,UNDER_REVIEW,POLICE,false,true
REC-000517,d94f39756f13edae41f5ef09,CASE-00187,CYBER_FRAUD,STATE_01_DIST_04_PS_02,STATE_01_DIST_04,STATE_01,EVIDENCE_MEDIA,CLASSIFIED,false,false,false,true,OPEN,ACTIVE,POLICE,false,true
REC-000518,019a5823b2dbc8eb666b5e17,CASE-00160,MISSING_PERSON,STATE_01_DIST_01_PS_02,STATE_01_DIST_01,STATE_01,JUVENILE_RECORD,HIGH,false,false,true,false,OPEN,ACTIVE,POLICE,false,true
REC-000519,c41b67b4eb7eaeb0d8a6bb62,CASE-00248,VIOLENT_CRIME,STATE_02_DIST_02_PS_03,STATE_02_DIST_02,STATE_02,CASE_DIARY,HIGH,false,false,false,false,OPEN,ACTIVE,POLICE,false,true
REC-000520,c0c7c557fc4406e62263bc58,CASE-00295,WOMEN_CHILD_SAFETY,STATE_01_DIST_01_PS_02,STATE_01_DIST_01,STATE_01,VICTIM_RECORD,HIGH,true,false,false,false,OPEN,ARCHIVED,POLICE,false,true
REC-000521,fdb7034b483c7023be0c105f,CASE-00240,WOMEN_CHILD_SAFETY,STATE_03_DIST_01_PS_03,STATE_03_DIST_01,STATE_03,JUVENILE_RECORD,CLASSIFIED,true,false,true,false,OPEN,ACTIVE,POLICE,false,true
REC-000522,cfbb7cb7295b99ad06465bc9,CASE-00097,VIOLENT_CRIME,STATE_01_DIST_03_PS_03,STATE_01_DIST_03,STATE_01,CYBERCRIME_COMPLAINT,CLASSIFIED,false,false,false,false,OPEN,UNDER_REVIEW,POLICE,false,true
REC-000523,f25dca854781c5619ace3e1f,CASE-00275,WOMEN_CHILD_SAFETY,STATE_02_DIST_01_PS_02,STATE_02_DIST_01,STATE_02,CYBERCRIME_COMPLAINT,MEDIUM,true,false,false,false,OPEN,UNDER_REVIEW,POLICE,false,true
REC-000524,7ae46b71b4a584c0098b888d,CASE-00275,WOMEN_CHILD_SAFETY,STATE_02_DIST_01_PS_02,STATE_02_DIST_01,STATE_02,FORENSIC_REPORT,CLASSIFIED,true,false,false,false,SEALED,ACTIVE,POLICE,false,true
REC-000525,04edc1d43e8b573e63bbb971,CASE-00288,MISSING_PERSON,STATE_01_DIST_03_PS_03,STATE_01_DIST_03,STATE_01,CASE_DIARY,HIGH,false,false,false,false,OPEN,ACTIVE,POLICE,false,true
REC-000526,270332f1bdb06706b321b054,CASE-00097,VIOLENT_CRIME,STATE_01_DIST_03_PS_03,STATE_01_DIST_03,STATE_01,COURT_SUBMISSION,HIGH,false,false,false,false,OPEN,ACTIVE,POLICE,false,true
REC-000527,792f09352a2c672d41256513,CASE-00326,JUVENILE_PROTECTION,STATE_02_DIST_04_PS_01,STATE_02_DIST_04,STATE_02,FIR_SUMMARY,LOW,false,false,true,false,OPEN,ARCHIVED,POLICE,false,true
REC-000528,6d530f6e96b5b93268a775f8,CASE-00074,VIOLENT_CRIME,STATE_01_DIST_04_PS_03,STATE_01_DIST_04,STATE_01,COURT_SUBMISSION,MEDIUM,false,false,false,false,OPEN,ACTIVE,POLICE,false,true
REC-000529,b1cba9b450fb8d5bb630c5a5,CASE-00049,CYBER_FRAUD,STATE_03_DIST_01_PS_02,STATE_03_DIST_01,STATE_03,FORENSIC_REPORT,HIGH,false,false,false,false,OPEN,ACTIVE,POLICE,false,true
REC-000530,293dc9e885e75ae99324c2aa,CASE-00105,NARCOTICS,STATE_01_DIST_04_PS_02,STATE_01_DIST_04,STATE_01,CASE_DIARY,HIGH,false,false,false,false,OPEN,ACTIVE,POLICE,false,true
REC-000531,dfacd5897f32fddc86122774,CASE-00174,NARCOTICS,STATE_01_DIST_03_PS_01,STATE_01_DIST_03,STATE_01,EVIDENCE_MEDIA,CLASSIFIED,false,false,false,true,OPEN,ACTIVE,POLICE,false,true
REC-000532,59cec4c3a5633ecd97648ccb,CASE-00024,FINANCIAL_CRIME,STATE_01_DIST_02_PS_01,STATE_01_DIST_02,STATE_01,FIR_SUMMARY,MEDIUM,false,false,false,false,OPEN,ACTIVE,POLICE,false,true
REC-000533,79e579552b072a213cef497b,CASE-00349,CYBER_FRAUD,STATE_02_DIST_04_PS_02,STATE_02_DIST_04,STATE_02,CASE_DIARY,CLASSIFIED,false,false,false,false,OPEN,ACTIVE,POLICE,false,true
REC-000534,bdfbd5d0c6ab2b6582c219bb,CASE-00055,MISSING_PERSON,STATE_03_DIST_04_PS_01,STATE_03_DIST_04,STATE_03,WITNESS_STATEMENT,CLASSIFIED,false,true,false,false,SEALED,ACTIVE,POLICE,false,true
REC-000535,19240207bff0fecd22c4073b,CASE-00318,WOMEN_CHILD_SAFETY,STATE_02_DIST_04_PS_01,STATE_02_DIST_04,STATE_02,FIR_SUMMARY,HIGH,true,false,false,false,OPEN,ACTIVE,POLICE,false,true
REC-000536,66b007268423d51b9a1c9d89,CASE-00239,NARCOTICS,STATE_01_DIST_03_PS_01,STATE_01_DIST_03,STATE_01,CASE_DIARY,HIGH,false,false,false,false,OPEN,UNDER_REVIEW,POLICE,false,true
REC-000537,459488c4e9b1cde4e6af43bf,CASE-00115,JUVENILE_PROTECTION,STATE_01_DIST_04_PS_03,STATE_01_DIST_04,STATE_01,FIR_SUMMARY,LOW,false,false,true,false,OPEN,ACTIVE,POLICE,false,true
REC-000538,d95f9c5d640c8816f3f8bfe6,CASE-00092,MISSING_PERSON,STATE_01_DIST_03_PS_01,STATE_01_DIST_03,STATE_01,CYBERCRIME_COMPLAINT,HIGH,false,false,false,false,OPEN,UNDER_REVIEW,POLICE,false,true
REC-000539,51b0d84c84cb0038b769a6fd,CASE-00174,NARCOTICS,STATE_01_DIST_03_PS_01,STATE_01_DIST_03,STATE_01,CYBERCRIME_COMPLAINT,MEDIUM,false,false,false,false,OPEN,UNDER_REVIEW,POLICE,false,true
REC-000540,4f004fd6ecff230b24cb85ac,CASE-00203,CYBER_FRAUD,STATE_02_DIST_03_PS_03,STATE_02_DIST_03,STATE_02,CASE_DIARY,HIGH,false,false,false,false,OPEN,ACTIVE,POLICE,false,true
REC-000541,e1bedec8993c859386b91f05,CASE-00184,NARCOTICS,STATE_01_DIST_02_PS_02,STATE_01_DIST_02,STATE_01,CYBERCRIME_COMPLAINT,HIGH,false,false,false,false,SEALED,ARCHIVED,POLICE,false,true
REC-000542,7a1c1d8011a25f728528d611,CASE-00110,NARCOTICS,STATE_02_DIST_01_PS_02,STATE_02_DIST_01,STATE_02,EVIDENCE_MEDIA,CLASSIFIED,false,false,false,true,OPEN,ACTIVE,POLICE,false,true
REC-000543,de8441b1623f69a2d75ebd76,CASE-00040,MISSING_PERSON,STATE_01_DIST_04_PS_02,STATE_01_DIST_04,STATE_01,VICTIM_RECORD,HIGH,true,false,false,false,OPEN,UNDER_REVIEW,POLICE,false,true
REC-000544,d1b7d72b2a8d7ea0f0a1abcd,CASE-00241,VIOLENT_CRIME,STATE_02_DIST_03_PS_01,STATE_02_DIST_03,STATE_02,FORENSIC_REPORT,HIGH,false,false,false,false,OPEN,ARCHIVED,POLICE,false,true
REC-000545,9a0d075d9c11b2be0f4fbe2f,CASE-00327,FINANCIAL_CRIME,STATE_02_DIST_04_PS_03,STATE_02_DIST_04,STATE_02,FIR_SUMMARY,LOW,false,false,false,false,OPEN,ARCHIVED,POLICE,false,true
REC-000546,9d4b84abfc514ab960faaed2,CASE-00051,VIOLENT_CRIME,STATE_03_DIST_04_PS_03,STATE_03_DIST_04,STATE_03,FIR_SUMMARY,MEDIUM,false,false,false,false,OPEN,ARCHIVED,POLICE,false,true
REC-000547,58336e9663acff35aa7b3832,CASE-00130,VIOLENT_CRIME,STATE_01_DIST_01_PS_01,STATE_01_DIST_01,STATE_01,COURT_SUBMISSION,MEDIUM,false,false,false,false,OPEN,ARCHIVED,POLICE,false,true
REC-000548,9da541f8b8af7d40230d7193,CASE-00043,MISSING_PERSON,STATE_02_DIST_01_PS_02,STATE_02_DIST_01,STATE_02,CYBERCRIME_COMPLAINT,MEDIUM,false,false,false,false,OPEN,ACTIVE,POLICE,false,true
REC-000549,e8304b66b0ffff3d75b72fb2,CASE-00200,WOMEN_CHILD_SAFETY,STATE_02_DIST_04_PS_03,STATE_02_DIST_04,STATE_02,CYBERCRIME_COMPLAINT,HIGH,true,false,false,false,OPEN,ACTIVE,POLICE,false,true
REC-000550,ae4bdf804add837567ab69ba,CASE-00200,WOMEN_CHILD_SAFETY,STATE_02_DIST_04_PS_03,STATE_02_DIST_04,STATE_02,FORENSIC_REPORT,HIGH,true,false,false,false,OPEN,UNDER_REVIEW,POLICE,false,true
REC-000551,7e1af28dadbf5d983261b8b0,CASE-00280,VIOLENT_CRIME,STATE_01_DIST_03_PS_01,STATE_01_DIST_03,STATE_01,FORENSIC_REPORT,HIGH,false,false,false,false,OPEN,ACTIVE,POLICE,false,true
REC-000552,75f04acfcb1add0751aa6da0,CASE-00243,CYBER_FRAUD,STATE_03_DIST_02_PS_02,STATE_03_DIST_02,STATE_03,FORENSIC_REPORT,HIGH,false,false,false,false,OPEN,ACTIVE,POLICE,false,true
REC-000553,7d6f478ee9bc86b7332e87fc,CASE-00073,VIOLENT_CRIME,STATE_01_DIST_03_PS_02,STATE_01_DIST_03,STATE_01,FIR_SUMMARY,LOW,false,false,false,false,SEALED,ACTIVE,POLICE,false,true
REC-000554,92872ffb7c6c9c30fc3afc0f,CASE-00349,CYBER_FRAUD,STATE_02_DIST_04_PS_02,STATE_02_DIST_04,STATE_02,FIR_SUMMARY,CLASSIFIED,false,false,false,false,OPEN,ACTIVE,POLICE,false,true
REC-000555,25cf43974f4cf53c05dbceca,CASE-00248,VIOLENT_CRIME,STATE_02_DIST_02_PS_03,STATE_02_DIST_02,STATE_02,FORENSIC_REPORT,HIGH,false,false,false,false,OPEN,ACTIVE,POLICE,false,true
REC-000556,79f13e95fa10de3dec2246a2,CASE-00359,FINANCIAL_CRIME,STATE_02_DIST_04_PS_01,STATE_02_DIST_04,STATE_02,VICTIM_RECORD,MEDIUM,true,false,false,false,OPEN,ACTIVE,POLICE,false,true
REC-000557,c8d16cfb81beee7a577351be,CASE-00017,CYBER_FRAUD,STATE_03_DIST_02_PS_01,STATE_03_DIST_02,STATE_03,JUVENILE_RECORD,CLASSIFIED,false,false,true,false,OPEN,ACTIVE,POLICE,false,true
REC-000558,b3d1d2f79d5a7ecb8b5f0667,CASE-00249,MISSING_PERSON,STATE_02_DIST_02_PS_02,STATE_02_DIST_02,STATE_02,JUVENILE_RECORD,HIGH,false,false,true,false,OPEN,ACTIVE,POLICE,false,true
REC-000559,649afea3d6e6f8a0297f3338,CASE-00109,NARCOTICS,STATE_03_DIST_03_PS_03,STATE_03_DIST_03,STATE_03,CASE_DIARY,CLASSIFIED,false,false,false,false,SEALED,UNDER_REVIEW,POLICE,false,true
REC-000560,7c0122e2e09819ce56c6d8b8,CASE-00064,MISSING_PERSON,STATE_01_DIST_02_PS_03,STATE_01_DIST_02,STATE_01,FORENSIC_REPORT,HIGH,false,false,false,false,OPEN,ACTIVE,POLICE,false,true
REC-000561,553fe77679decc32f66d81bb,CASE-00008,VIOLENT_CRIME,STATE_02_DIST_03_PS_03,STATE_02_DIST_03,STATE_02,EVIDENCE_MEDIA,HIGH,false,false,false,true,SEALED,UNDER_REVIEW,POLICE,false,true
REC-000562,b760b5f5e5ffe285faca1c7b,CASE-00023,FINANCIAL_CRIME,STATE_03_DIST_04_PS_02,STATE_03_DIST_04,STATE_03,FIR_SUMMARY,MEDIUM,false,false,false,false,OPEN,ACTIVE,POLICE,false,true
REC-000563,c8574da02d53b2b3900286b3,CASE-00163,VIOLENT_CRIME,STATE_02_DIST_04_PS_02,STATE_02_DIST_04,STATE_02,JUVENILE_RECORD,CLASSIFIED,false,false,true,false,OPEN,ACTIVE,POLICE,false,true
REC-000564,39541a70f058a3a497154a3d,CASE-00272,WOMEN_CHILD_SAFETY,STATE_03_DIST_02_PS_01,STATE_03_DIST_02,STATE_03,CYBERCRIME_COMPLAINT,MEDIUM,true,false,false,false,OPEN,ACTIVE,POLICE,false,true
REC-000565,3280828e601e84ca37579d0f,CASE-00007,FINANCIAL_CRIME,STATE_03_DIST_03_PS_01,STATE_03_DIST_03,STATE_03,CYBERCRIME_COMPLAINT,HIGH,false,false,false,false,OPEN,ACTIVE,POLICE,false,true
REC-000566,a50f154cd90fb54e0509c371,CASE-00119,WOMEN_CHILD_SAFETY,STATE_03_DIST_04_PS_03,STATE_03_DIST_04,STATE_03,FIR_SUMMARY,MEDIUM,true,false,false,false,SEALED,UNDER_REVIEW,POLICE,false,true
REC-000567,401be633eed632a4865b1fe7,CASE-00078,MISSING_PERSON,STATE_01_DIST_04_PS_01,STATE_01_DIST_04,STATE_01,FORENSIC_REPORT,CLASSIFIED,false,false,false,false,OPEN,ARCHIVED,POLICE,false,true
REC-000568,9fcede7ff666ed17edf127ac,CASE-00165,VIOLENT_CRIME,STATE_02_DIST_02_PS_01,STATE_02_DIST_02,STATE_02,JUVENILE_RECORD,CLASSIFIED,false,false,true,false,OPEN,UNDER_REVIEW,POLICE,false,true
REC-000569,e1148c15109211a512b9f29b,CASE-00339,CYBER_FRAUD,STATE_02_DIST_04_PS_02,STATE_02_DIST_04,STATE_02,FIR_SUMMARY,HIGH,false,false,false,false,OPEN,ACTIVE,POLICE,false,true
REC-000570,bbe429bf8ae90c1182e92d2e,CASE-00329,CYBER_FRAUD,STATE_03_DIST_01_PS_03,STATE_03_DIST_01,STATE_03,CASE_DIARY,CLASSIFIED,false,false,false,false,OPEN,ACTIVE,POLICE,false,true
REC-000571,4cfcb99871492acc92ea42ae,CASE-00135,GENERAL_THEFT,STATE_02_DIST_04_PS_03,STATE_02_DIST_04,STATE_02,JUVENILE_RECORD,CLASSIFIED,false,false,true,false,OPEN,ACTIVE,POLICE,false,true
REC-000572,13fd779a365088776f6d0456,CASE-00066,JUVENILE_PROTECTION,STATE_03_DIST_01_PS_01,STATE_03_DIST_01,STATE_03,COURT_SUBMISSION,HIGH,false,false,true,false,SEALED,ACTIVE,POLICE,false,true
REC-000573,41f7269b735abf118e1ceb74,CASE-00051,VIOLENT_CRIME,STATE_03_DIST_04_PS_03,STATE_03_DIST_04,STATE_03,FIR_SUMMARY,LOW,false,false,false,false,OPEN,ACTIVE,POLICE,false,true
REC-000574,e718380dbd29859ea007b2be,CASE-00028,VIOLENT_CRIME,STATE_02_DIST_01_PS_03,STATE_02_DIST_01,STATE_02,WITNESS_STATEMENT,HIGH,false,true,false,false,OPEN,ACTIVE,POLICE,false,true
REC-000575,b18bf580b9222d64b5f00c0a,CASE-00211,FINANCIAL_CRIME,STATE_01_DIST_03_PS_01,STATE_01_DIST_03,STATE_01,VICTIM_RECORD,HIGH,true,false,false,false,OPEN,ACTIVE,POLICE,false,true
REC-000576,bb5d789f7b415ff31ea0edb0,CASE-00053,WOMEN_CHILD_SAFETY,STATE_03_DIST_01_PS_02,STATE_03_DIST_01,STATE_03,EVIDENCE_MEDIA,HIGH,true,false,false,true,OPEN,ACTIVE,POLICE,false,true
REC-000577,8cd436b23498bf982d16d8f4,CASE-00215,VIOLENT_CRIME,STATE_03_DIST_01_PS_01,STATE_03_DIST_01,STATE_03,VICTIM_RECORD,HIGH,true,false,false,false,OPEN,ACTIVE,POLICE,false,true
REC-000578,3721d7269c2dde832027fa61,CASE-00251,CYBER_FRAUD,STATE_01_DIST_04_PS_01,STATE_01_DIST_04,STATE_01,JUVENILE_RECORD,CLASSIFIED,false,false,true,false,OPEN,ARCHIVED,POLICE,false,true
REC-000579,3ee2b445178eb78c844bc181,CASE-00107,NARCOTICS,STATE_01_DIST_03_PS_03,STATE_01_DIST_03,STATE_01,CASE_DIARY,HIGH,false,false,false,false,OPEN,ACTIVE,POLICE,false,true
REC-000580,6402bcc2f4170943bbb25e00,CASE-00121,NARCOTICS,STATE_01_DIST_02_PS_02,STATE_01_DIST_02,STATE_01,COURT_SUBMISSION,MEDIUM,false,false,false,false,OPEN,UNDER_REVIEW,POLICE,false,true
REC-000581,0c701e7e7cf1230d4b57b73a,CASE-00333,JUVENILE_PROTECTION,STATE_02_DIST_01_PS_02,STATE_02_DIST_01,STATE_02,FIR_SUMMARY,LOW,false,false,true,false,OPEN,ACTIVE,POLICE,false,true
REC-000582,8bda4bef783bd0a2841c41de,CASE-00246,NARCOTICS,STATE_01_DIST_01_PS_02,STATE_01_DIST_01,STATE_01,EVIDENCE_MEDIA,CLASSIFIED,false,false,false,true,SEALED,ACTIVE,POLICE,false,true
REC-000583,264f17522a14cb90f82924b9,CASE-00134,VIOLENT_CRIME,STATE_02_DIST_04_PS_03,STATE_02_DIST_04,STATE_02,VICTIM_RECORD,HIGH,true,false,false,false,OPEN,ACTIVE,POLICE,false,true
REC-000584,d20d4ecc7bc1250633dbd895,CASE-00168,NARCOTICS,STATE_02_DIST_03_PS_03,STATE_02_DIST_03,STATE_02,FIR_SUMMARY,MEDIUM,false,false,false,false,OPEN,UNDER_REVIEW,POLICE,false,true
REC-000585,8a6b763636cb267428784251,CASE-00291,JUVENILE_PROTECTION,STATE_02_DIST_01_PS_03,STATE_02_DIST_01,STATE_02,WITNESS_STATEMENT,MEDIUM,false,true,true,false,OPEN,ACTIVE,POLICE,false,true
REC-000586,0c5416ff376c02a72e644dba,CASE-00324,FINANCIAL_CRIME,STATE_02_DIST_03_PS_03,STATE_02_DIST_03,STATE_02,EVIDENCE_MEDIA,HIGH,false,false,false,true,OPEN,ACTIVE,POLICE,false,true
REC-000587,45f266e2d8253ba005720834,CASE-00148,JUVENILE_PROTECTION,STATE_02_DIST_03_PS_01,STATE_02_DIST_03,STATE_02,VICTIM_RECORD,HIGH,true,false,true,false,OPEN,ACTIVE,POLICE,false,true
REC-000588,2c24224a41485b2b9a03da20,CASE-00219,FINANCIAL_CRIME,STATE_01_DIST_02_PS_03,STATE_01_DIST_02,STATE_01,EVIDENCE_MEDIA,HIGH,false,false,false,true,OPEN,ACTIVE,POLICE,false,true
REC-000589,fa5da650d6cfd54f2bc102af,CASE-00289,WOMEN_CHILD_SAFETY,STATE_03_DIST_01_PS_02,STATE_03_DIST_01,STATE_03,COURT_SUBMISSION,MEDIUM,true,false,false,false,OPEN,ACTIVE,POLICE,false,true
REC-000590,cf0a8bb9bb95909a28d05205,CASE-00097,VIOLENT_CRIME,STATE_01_DIST_03_PS_03,STATE_01_DIST_03,STATE_01,VICTIM_RECORD,HIGH,true,false,false,false,OPEN,ACTIVE,POLICE,false,true
REC-000591,f34566a66a686c1db1f13e6c,CASE-00143,GENERAL_THEFT,STATE_02_DIST_02_PS_02,STATE_02_DIST_02,STATE_02,WITNESS_STATEMENT,HIGH,false,true,false,false,OPEN,UNDER_REVIEW,POLICE,false,true
REC-000592,34c63fb4a90f2aefe4cd515c,CASE-00201,VIOLENT_CRIME,STATE_01_DIST_02_PS_02,STATE_01_DIST_02,STATE_01,CYBERCRIME_COMPLAINT,HIGH,false,false,false,false,OPEN,UNDER_REVIEW,POLICE,false,true
REC-000593,118bf6e235079ff659306fe5,CASE-00310,CYBER_FRAUD,STATE_02_DIST_02_PS_03,STATE_02_DIST_02,STATE_02,COURT_SUBMISSION,HIGH,false,false,false,false,OPEN,ACTIVE,POLICE,false,true
REC-000594,76df25147fc74f6bc230dfad,CASE-00293,JUVENILE_PROTECTION,STATE_03_DIST_02_PS_03,STATE_03_DIST_02,STATE_03,FIR_SUMMARY,HIGH,false,false,true,false,OPEN,ACTIVE,POLICE,false,true
REC-000595,dd25798c72c5112bd72c2efc,CASE-00295,WOMEN_CHILD_SAFETY,STATE_01_DIST_01_PS_02,STATE_01_DIST_01,STATE_01,FORENSIC_REPORT,CLASSIFIED,true,false,false,false,OPEN,ACTIVE,POLICE,false,true
REC-000596,89476745cac894a936858ff7,CASE-00125,JUVENILE_PROTECTION,STATE_03_DIST_03_PS_03,STATE_03_DIST_03,STATE_03,FIR_SUMMARY,LOW,false,false,true,false,OPEN,ACTIVE,POLICE,false,true
REC-000597,0fb3737ffbea66c7996ec849,CASE-00052,JUVENILE_PROTECTION,STATE_02_DIST_01_PS_03,STATE_02_DIST_01,STATE_02,CYBERCRIME_COMPLAINT,HIGH,false,false,true,false,OPEN,UNDER_REVIEW,POLICE,false,true
REC-000598,08dd64986685dcabe431977b,CASE-00090,GENERAL_THEFT,STATE_03_DIST_04_PS_03,STATE_03_DIST_04,STATE_03,EVIDENCE_MEDIA,CLASSIFIED,false,false,false,true,OPEN,UNDER_REVIEW,POLICE,false,true
REC-000599,c12b0ac38401f3270a04423b,CASE-00008,VIOLENT_CRIME,STATE_02_DIST_03_PS_03,STATE_02_DIST_03,STATE_02,CASE_DIARY,CLASSIFIED,false,false,false,false,OPEN,ACTIVE,POLICE,false,true
REC-000600,aa5d5e9574a1ce5800dc6459,CASE-00275,WOMEN_CHILD_SAFETY,STATE_02_DIST_01_PS_02,STATE_02_DIST_01,STATE_02,JUVENILE_RECORD,CLASSIFIED,true,false,true,false,OPEN,ARCHIVED,POLICE,false,true
REC-000601,387ce36dfb2809a360448216,CASE-00045,CYBER_FRAUD,STATE_02_DIST_04_PS_01,STATE_02_DIST_04,STATE_02,WITNESS_STATEMENT,HIGH,false,true,false,false,OPEN,UNDER_REVIEW,POLICE,false,true
REC-000602,202493a89eae5b6458ec7ff8,CASE-00199,JUVENILE_PROTECTION,STATE_02_DIST_03_PS_02,STATE_02_DIST_03,STATE_02,WITNESS_STATEMENT,HIGH,false,true,true,false,SEALED,UNDER_REVIEW,POLICE,false,true
REC-000603,7d6809442b1af0c7365e116d,CASE-00326,JUVENILE_PROTECTION,STATE_02_DIST_04_PS_01,STATE_02_DIST_04,STATE_02,COURT_SUBMISSION,HIGH,false,false,true,false,OPEN,ARCHIVED,POLICE,false,true
REC-000604,ca8fc35650ee04e7cf5447f3,CASE-00310,CYBER_FRAUD,STATE_02_DIST_02_PS_03,STATE_02_DIST_02,STATE_02,JUVENILE_RECORD,CLASSIFIED,false,false,true,false,SEALED,ACTIVE,POLICE,false,true
REC-000605,e1d51408056939f2b7fccbac,CASE-00100,WOMEN_CHILD_SAFETY,STATE_03_DIST_01_PS_03,STATE_03_DIST_01,STATE_03,EVIDENCE_MEDIA,CLASSIFIED,true,false,false,true,SEALED,ACTIVE,POLICE,false,true
REC-000606,77d1ee9376ed628449b877ee,CASE-00136,NARCOTICS,STATE_01_DIST_03_PS_01,STATE_01_DIST_03,STATE_01,COURT_SUBMISSION,MEDIUM,false,false,false,false,OPEN,UNDER_REVIEW,POLICE,false,true
REC-000607,824a794b4e624def85c96265,CASE-00166,MISSING_PERSON,STATE_03_DIST_01_PS_01,STATE_03_DIST_01,STATE_03,CASE_DIARY,HIGH,false,false,false,false,OPEN,ACTIVE,POLICE,false,true
REC-000608,0fbc42cbea4b0c2c3eecca6a,CASE-00139,FINANCIAL_CRIME,STATE_02_DIST_01_PS_03,STATE_02_DIST_01,STATE_02,EVIDENCE_MEDIA,HIGH,false,false,false,true,OPEN,ARCHIVED,POLICE,false,true
REC-000609,848374cba02b5f1752de9ecc,CASE-00299,NARCOTICS,STATE_03_DIST_02_PS_02,STATE_03_DIST_02,STATE_03,COURT_SUBMISSION,MEDIUM,false,false,false,false,OPEN,ACTIVE,POLICE,false,true
REC-000610,e6432b84b4aeaadc5136f9f0,CASE-00075,WOMEN_CHILD_SAFETY,STATE_03_DIST_04_PS_02,STATE_03_DIST_04,STATE_03,CYBERCRIME_COMPLAINT,HIGH,true,false,false,false,OPEN,ACTIVE,POLICE,false,true
REC-000611,1c019b8f0cd3d2a3b050ba1e,CASE-00223,WOMEN_CHILD_SAFETY,STATE_01_DIST_02_PS_01,STATE_01_DIST_02,STATE_01,CYBERCRIME_COMPLAINT,HIGH,true,false,false,false,OPEN,UNDER_REVIEW,POLICE,false,true
REC-000612,7f416b45cddf9fa50b2b67c2,CASE-00148,JUVENILE_PROTECTION,STATE_02_DIST_03_PS_01,STATE_02_DIST_03,STATE_02,WITNESS_STATEMENT,CLASSIFIED,false,true,true,false,OPEN,ARCHIVED,POLICE,false,true
REC-000613,b7b5cfe71c035e42e7255112,CASE-00158,WOMEN_CHILD_SAFETY,STATE_02_DIST_04_PS_01,STATE_02_DIST_04,STATE_02,FIR_SUMMARY,MEDIUM,true,false,false,false,SEALED,ACTIVE,POLICE,false,true
REC-000614,f9e897560da536cbed545b58,CASE-00240,WOMEN_CHILD_SAFETY,STATE_03_DIST_01_PS_03,STATE_03_DIST_01,STATE_03,FORENSIC_REPORT,HIGH,true,false,false,false,OPEN,ARCHIVED,POLICE,false,true
REC-000615,dfb0e94f858b759ef429abc3,CASE-00145,VIOLENT_CRIME,STATE_02_DIST_01_PS_03,STATE_02_DIST_01,STATE_02,JUVENILE_RECORD,CLASSIFIED,false,false,true,false,OPEN,ACTIVE,POLICE,false,true
REC-000616,4e7134702bd63d6d5ef9939e,CASE-00075,WOMEN_CHILD_SAFETY,STATE_03_DIST_04_PS_02,STATE_03_DIST_04,STATE_03,CASE_DIARY,CLASSIFIED,true,false,false,false,OPEN,ACTIVE,POLICE,false,true
REC-000617,e6ddc948280fadfeea10e9d1,CASE-00096,VIOLENT_CRIME,STATE_01_DIST_03_PS_03,STATE_01_DIST_03,STATE_01,VICTIM_RECORD,HIGH,true,false,false,false,OPEN,ARCHIVED,POLICE,false,true
REC-000618,10b28371b7de24a49bde6fd2,CASE-00130,VIOLENT_CRIME,STATE_01_DIST_01_PS_01,STATE_01_DIST_01,STATE_01,CASE_DIARY,HIGH,false,false,false,false,OPEN,ACTIVE,POLICE,false,true
REC-000619,22d13ba63717ca715e5005a7,CASE-00051,VIOLENT_CRIME,STATE_03_DIST_04_PS_03,STATE_03_DIST_04,STATE_03,COURT_SUBMISSION,MEDIUM,false,false,false,false,SEALED,ACTIVE,POLICE,false,true
REC-000620,05c7c986bc49b426bf6cd52e,CASE-00173,FINANCIAL_CRIME,STATE_01_DIST_02_PS_01,STATE_01_DIST_02,STATE_01,EVIDENCE_MEDIA,HIGH,false,false,false,true,OPEN,ARCHIVED,POLICE,false,true
REC-000621,361a07f3293bb4a0066f3f14,CASE-00051,VIOLENT_CRIME,STATE_03_DIST_04_PS_03,STATE_03_DIST_04,STATE_03,CYBERCRIME_COMPLAINT,HIGH,false,false,false,false,OPEN,ACTIVE,POLICE,false,true
REC-000622,ca90f42fb360620381782a1e,CASE-00234,CYBER_FRAUD,STATE_01_DIST_04_PS_01,STATE_01_DIST_04,STATE_01,JUVENILE_RECORD,CLASSIFIED,false,false,true,false,OPEN,ACTIVE,POLICE,false,true
REC-000623,62c4bd5e3c46d322ca954d3d,CASE-00308,FINANCIAL_CRIME,STATE_02_DIST_04_PS_02,STATE_02_DIST_04,STATE_02,CYBERCRIME_COMPLAINT,CLASSIFIED,false,false,false,false,OPEN,ACTIVE,POLICE,false,true
REC-000624,cf5a62b8cc144b2085180c6f,CASE-00304,WOMEN_CHILD_SAFETY,STATE_03_DIST_02_PS_02,STATE_03_DIST_02,STATE_03,VICTIM_RECORD,CLASSIFIED,true,false,false,false,OPEN,ACTIVE,POLICE,false,true
REC-000625,093331674304fdf16d37b24b,CASE-00157,GENERAL_THEFT,STATE_03_DIST_01_PS_01,STATE_03_DIST_01,STATE_03,CYBERCRIME_COMPLAINT,MEDIUM,false,false,false,false,OPEN,ACTIVE,POLICE,false,true
REC-000626,95ee8d5d62c6fbce3b7000ee,CASE-00343,MISSING_PERSON,STATE_02_DIST_02_PS_01,STATE_02_DIST_02,STATE_02,EVIDENCE_MEDIA,CLASSIFIED,false,false,false,true,OPEN,ACTIVE,POLICE,false,true
REC-000627,42a91652eab7d0965c774e59,CASE-00309,FINANCIAL_CRIME,STATE_02_DIST_02_PS_01,STATE_02_DIST_02,STATE_02,VICTIM_RECORD,HIGH,true,false,false,false,OPEN,ACTIVE,POLICE,false,true
REC-000628,dfacf63bb0e361f9c503eee9,CASE-00304,WOMEN_CHILD_SAFETY,STATE_03_DIST_02_PS_02,STATE_03_DIST_02,STATE_03,VICTIM_RECORD,CLASSIFIED,true,false,false,false,SEALED,ARCHIVED,POLICE,false,true
REC-000629,c14c6c27edacd158510d86ae,CASE-00120,CYBER_FRAUD,STATE_01_DIST_02_PS_01,STATE_01_DIST_02,STATE_01,JUVENILE_RECORD,HIGH,false,false,true,false,OPEN,ARCHIVED,POLICE,false,true
REC-000630,5735e1f43cfb1d05ceef90b4,CASE-00244,FINANCIAL_CRIME,STATE_02_DIST_01_PS_03,STATE_02_DIST_01,STATE_02,JUVENILE_RECORD,CLASSIFIED,false,false,true,false,SEALED,ACTIVE,POLICE,false,true
REC-000631,72792f684de2062672fc64d0,CASE-00020,MISSING_PERSON,STATE_03_DIST_02_PS_01,STATE_03_DIST_02,STATE_03,WITNESS_STATEMENT,CLASSIFIED,false,true,false,false,OPEN,ACTIVE,POLICE,false,true
REC-000632,e1b30d5e684655e83788cf32,CASE-00153,FINANCIAL_CRIME,STATE_03_DIST_01_PS_02,STATE_03_DIST_01,STATE_03,JUVENILE_RECORD,CLASSIFIED,false,false,true,false,OPEN,ACTIVE,POLICE,false,true
REC-000633,4d1b8e5013b77f9be76d7b71,CASE-00094,CYBER_FRAUD,STATE_03_DIST_02_PS_03,STATE_03_DIST_02,STATE_03,EVIDENCE_MEDIA,CLASSIFIED,false,false,false,true,SEALED,ACTIVE,POLICE,false,true
REC-000634,3be862e685c83a2a19e0c1ca,CASE-00225,JUVENILE_PROTECTION,STATE_01_DIST_01_PS_02,STATE_01_DIST_01,STATE_01,COURT_SUBMISSION,MEDIUM,false,false,true,false,SEALED,ACTIVE,POLICE,false,true
REC-000635,9ef7805d5e451525d9e7038e,CASE-00177,MISSING_PERSON,STATE_02_DIST_04_PS_03,STATE_02_DIST_04,STATE_02,JUVENILE_RECORD,CLASSIFIED,false,false,true,false,OPEN,ACTIVE,POLICE,false,true
REC-000636,503913487f4adab6b2f0d310,CASE-00099,GENERAL_THEFT,STATE_02_DIST_03_PS_01,STATE_02_DIST_03,STATE_02,CYBERCRIME_COMPLAINT,MEDIUM,false,false,false,false,OPEN,ARCHIVED,POLICE,false,true
REC-000637,e21447eba26803ebe0ef50d8,CASE-00200,WOMEN_CHILD_SAFETY,STATE_02_DIST_04_PS_03,STATE_02_DIST_04,STATE_02,WITNESS_STATEMENT,HIGH,true,true,false,false,OPEN,ARCHIVED,POLICE,false,true
REC-000638,cc5ab6510e3654ea9af3370f,CASE-00082,NARCOTICS,STATE_02_DIST_03_PS_02,STATE_02_DIST_03,STATE_02,COURT_SUBMISSION,HIGH,false,false,false,false,OPEN,ACTIVE,POLICE,false,true
REC-000639,7ab3e40f2a90e61c28933d11,CASE-00119,WOMEN_CHILD_SAFETY,STATE_03_DIST_04_PS_03,STATE_03_DIST_04,STATE_03,FORENSIC_REPORT,HIGH,true,false,false,false,OPEN,ACTIVE,POLICE,false,true
REC-000640,de3f466804e856e2e803cc32,CASE-00111,NARCOTICS,STATE_02_DIST_03_PS_02,STATE_02_DIST_03,STATE_02,COURT_SUBMISSION,MEDIUM,false,false,false,false,OPEN,ACTIVE,POLICE,false,true
REC-000641,a46caf174bd38632a4dabfb2,CASE-00277,MISSING_PERSON,STATE_01_DIST_01_PS_03,STATE_01_DIST_01,STATE_01,COURT_SUBMISSION,MEDIUM,false,false,false,false,OPEN,ACTIVE,POLICE,false,true
REC-000642,65b119681a10677745fef3d9,CASE-00129,FINANCIAL_CRIME,STATE_03_DIST_03_PS_01,STATE_03_DIST_03,STATE_03,CASE_DIARY,HIGH,false,false,false,false,OPEN,ACTIVE,POLICE,false,true
REC-000643,86cf9537924a3bb27fd6a3c9,CASE-00021,JUVENILE_PROTECTION,STATE_02_DIST_04_PS_01,STATE_02_DIST_04,STATE_02,EVIDENCE_MEDIA,CLASSIFIED,false,false,true,true,OPEN,ARCHIVED,POLICE,false,true
REC-000644,134d5ab59de5af3d5dd49d2a,CASE-00232,WOMEN_CHILD_SAFETY,STATE_03_DIST_02_PS_01,STATE_03_DIST_02,STATE_03,WITNESS_STATEMENT,HIGH,true,true,false,false,OPEN,ACTIVE,POLICE,false,true
REC-000645,3d33aeac9a024f9da6d7ccf9,CASE-00242,MISSING_PERSON,STATE_03_DIST_01_PS_01,STATE_03_DIST_01,STATE_03,EVIDENCE_MEDIA,CLASSIFIED,false,false,false,true,OPEN,ACTIVE,POLICE,false,true
REC-000646,54ac14016e1768af6fa9f2ec,CASE-00346,WOMEN_CHILD_SAFETY,STATE_03_DIST_04_PS_02,STATE_03_DIST_04,STATE_03,CYBERCRIME_COMPLAINT,HIGH,true,false,false,false,OPEN,ACTIVE,POLICE,false,true
REC-000647,127942772b7096cf80318d9f,CASE-00107,NARCOTICS,STATE_01_DIST_03_PS_03,STATE_01_DIST_03,STATE_01,EVIDENCE_MEDIA,CLASSIFIED,false,false,false,true,OPEN,ACTIVE,POLICE,false,true
REC-000648,31d4edd023a1e32e08b15bb2,CASE-00264,WOMEN_CHILD_SAFETY,STATE_03_DIST_02_PS_03,STATE_03_DIST_02,STATE_03,EVIDENCE_MEDIA,CLASSIFIED,true,false,false,true,OPEN,UNDER_REVIEW,POLICE,false,true
REC-000649,bd50a8e4e50ac9f99d20af26,CASE-00060,FINANCIAL_CRIME,STATE_01_DIST_03_PS_02,STATE_01_DIST_03,STATE_01,CASE_DIARY,MEDIUM,false,false,false,false,OPEN,ARCHIVED,POLICE,false,true
REC-000650,cd65b26ee8307185d4869ab4,CASE-00207,GENERAL_THEFT,STATE_02_DIST_04_PS_02,STATE_02_DIST_04,STATE_02,COURT_SUBMISSION,MEDIUM,false,false,false,false,OPEN,ACTIVE,POLICE,false,true
REC-000651,742c0a071ca55694989e712c,CASE-00300,GENERAL_THEFT,STATE_03_DIST_04_PS_03,STATE_03_DIST_04,STATE_03,WITNESS_STATEMENT,MEDIUM,false,true,false,false,OPEN,ACTIVE,POLICE,false,true
REC-000652,65d9efe8345b7c1563e6df73,CASE-00249,MISSING_PERSON,STATE_02_DIST_02_PS_02,STATE_02_DIST_02,STATE_02,CASE_DIARY,HIGH,false,false,false,false,OPEN,ACTIVE,POLICE,false,true
REC-000653,87f18e9e88edd6b6be2df2d1,CASE-00274,VIOLENT_CRIME,STATE_02_DIST_03_PS_01,STATE_02_DIST_03,STATE_02,WITNESS_STATEMENT,CLASSIFIED,false,true,false,false,OPEN,ACTIVE,POLICE,false,true
REC-000654,7a6174ed82b24e39722b5ebe,CASE-00313,CYBER_FRAUD,STATE_01_DIST_04_PS_03,STATE_01_DIST_04,STATE_01,VICTIM_RECORD,HIGH,true,false,false,false,OPEN,ACTIVE,POLICE,false,true
REC-000655,ec013d89dbc3d07ad6443ccb,CASE-00027,NARCOTICS,STATE_01_DIST_01_PS_01,STATE_01_DIST_01,STATE_01,EVIDENCE_MEDIA,HIGH,false,false,false,true,SEALED,ARCHIVED,POLICE,false,true
REC-000656,e11cd5a6c9ec9e77c31803ca,CASE-00329,CYBER_FRAUD,STATE_03_DIST_01_PS_03,STATE_03_DIST_01,STATE_03,FIR_SUMMARY,HIGH,false,false,false,false,OPEN,ARCHIVED,POLICE,false,true
REC-000657,117c606e24cdfaad1890e740,CASE-00311,CYBER_FRAUD,STATE_02_DIST_03_PS_02,STATE_02_DIST_03,STATE_02,FORENSIC_REPORT,HIGH,false,false,false,false,OPEN,ARCHIVED,POLICE,false,true
REC-000658,19a7c92363fbe8fe785c9ff8,CASE-00058,GENERAL_THEFT,STATE_03_DIST_03_PS_03,STATE_03_DIST_03,STATE_03,WITNESS_STATEMENT,MEDIUM,false,true,false,false,OPEN,ACTIVE,POLICE,false,true
REC-000659,8cd04623158a527d67db5be4,CASE-00170,GENERAL_THEFT,STATE_01_DIST_01_PS_03,STATE_01_DIST_01,STATE_01,WITNESS_STATEMENT,CLASSIFIED,false,true,false,false,OPEN,ACTIVE,POLICE,false,true
REC-000660,ed2e4026b7249509166c6691,CASE-00060,FINANCIAL_CRIME,STATE_01_DIST_03_PS_02,STATE_01_DIST_03,STATE_01,CASE_DIARY,HIGH,false,false,false,false,OPEN,ARCHIVED,POLICE,false,true
REC-000661,0ef7bba38fe082a54d97d62f,CASE-00222,MISSING_PERSON,STATE_01_DIST_03_PS_02,STATE_01_DIST_03,STATE_01,FORENSIC_REPORT,HIGH,false,false,false,false,SEALED,UNDER_REVIEW,POLICE,false,true
REC-000662,56ad840f9fb936d6e9bc5567,CASE-00351,FINANCIAL_CRIME,STATE_02_DIST_03_PS_01,STATE_02_DIST_03,STATE_02,VICTIM_RECORD,HIGH,true,false,false,false,OPEN,ACTIVE,POLICE,false,true
REC-000663,fd3d5cc99a32a0d7670df06b,CASE-00160,MISSING_PERSON,STATE_01_DIST_01_PS_02,STATE_01_DIST_01,STATE_01,VICTIM_RECORD,HIGH,true,false,false,false,OPEN,ACTIVE,POLICE,false,true
REC-000664,2399da61746dbb64cdf2860e,CASE-00213,VIOLENT_CRIME,STATE_02_DIST_01_PS_03,STATE_02_DIST_01,STATE_02,WITNESS_STATEMENT,HIGH,false,true,false,false,OPEN,ACTIVE,POLICE,false,true
REC-000665,bcf0da0b6da0cc65eed4d85d,CASE-00274,VIOLENT_CRIME,STATE_02_DIST_03_PS_01,STATE_02_DIST_03,STATE_02,COURT_SUBMISSION,HIGH,false,false,false,false,OPEN,ACTIVE,POLICE,false,true
REC-000666,3b085a1d745c31eb8625296d,CASE-00318,WOMEN_CHILD_SAFETY,STATE_02_DIST_04_PS_01,STATE_02_DIST_04,STATE_02,EVIDENCE_MEDIA,CLASSIFIED,true,false,false,true,OPEN,ACTIVE,POLICE,false,true
REC-000667,8eb6e43f09093badac30f01a,CASE-00068,MISSING_PERSON,STATE_03_DIST_02_PS_03,STATE_03_DIST_02,STATE_03,JUVENILE_RECORD,HIGH,false,false,true,false,OPEN,UNDER_REVIEW,POLICE,false,true
REC-000668,4020825f360cc30925138d2c,CASE-00013,VIOLENT_CRIME,STATE_02_DIST_04_PS_01,STATE_02_DIST_04,STATE_02,JUVENILE_RECORD,CLASSIFIED,false,false,true,false,OPEN,ACTIVE,POLICE,false,true
REC-000669,2a324b1f1c72134354401324,CASE-00252,MISSING_PERSON,STATE_03_DIST_03_PS_02,STATE_03_DIST_03,STATE_03,VICTIM_RECORD,MEDIUM,true,false,false,false,OPEN,ACTIVE,POLICE,false,true
REC-000670,e850584f79208f7544c625c3,CASE-00049,CYBER_FRAUD,STATE_03_DIST_01_PS_02,STATE_03_DIST_01,STATE_03,CASE_DIARY,HIGH,false,false,false,false,OPEN,ACTIVE,POLICE,false,true
REC-000671,a790e63d15639d1dcfcb3a22,CASE-00280,VIOLENT_CRIME,STATE_01_DIST_03_PS_01,STATE_01_DIST_03,STATE_01,COURT_SUBMISSION,MEDIUM,false,false,false,false,OPEN,ACTIVE,POLICE,false,true
REC-000672,1922b95ccc37339a4045c508,CASE-00338,VIOLENT_CRIME,STATE_03_DIST_03_PS_03,STATE_03_DIST_03,STATE_03,VICTIM_RECORD,HIGH,true,false,false,false,OPEN,UNDER_REVIEW,POLICE,false,true
REC-000673,3e9010be4bbcdbae1d9cd520,CASE-00202,GENERAL_THEFT,STATE_03_DIST_01_PS_03,STATE_03_DIST_01,STATE_03,CASE_DIARY,MEDIUM,false,false,false,false,OPEN,ACTIVE,POLICE,false,true
REC-000674,bd05b7562eae2d678359c483,CASE-00281,GENERAL_THEFT,STATE_03_DIST_03_PS_01,STATE_03_DIST_03,STATE_03,FORENSIC_REPORT,CLASSIFIED,false,false,false,false,SEALED,ACTIVE,POLICE,false,true
REC-000675,b75e8c8b30e094fcea41d709,CASE-00247,NARCOTICS,STATE_02_DIST_01_PS_01,STATE_02_DIST_01,STATE_02,COURT_SUBMISSION,MEDIUM,false,false,false,false,OPEN,ACTIVE,POLICE,false,true
REC-000676,1f26606290f205ce6ede37d1,CASE-00030,JUVENILE_PROTECTION,STATE_03_DIST_01_PS_01,STATE_03_DIST_01,STATE_03,EVIDENCE_MEDIA,CLASSIFIED,false,false,true,true,SEALED,UNDER_REVIEW,POLICE,false,true
REC-000677,1fa289847df8990722ad3b67,CASE-00070,GENERAL_THEFT,STATE_03_DIST_01_PS_01,STATE_03_DIST_01,STATE_03,CASE_DIARY,HIGH,false,false,false,false,OPEN,ACTIVE,POLICE,false,true
REC-000678,2ba015c222df82621a60df37,CASE-00331,CYBER_FRAUD,STATE_01_DIST_04_PS_02,STATE_01_DIST_04,STATE_01,FORENSIC_REPORT,HIGH,false,false,false,false,OPEN,ARCHIVED,POLICE,false,true
REC-000679,c5a7655426851bce3abc43ba,CASE-00223,WOMEN_CHILD_SAFETY,STATE_01_DIST_02_PS_01,STATE_01_DIST_02,STATE_01,CASE_DIARY,HIGH,true,false,false,false,OPEN,ACTIVE,POLICE,false,true
REC-000680,b783ef207853cdab83dc8ec5,CASE-00225,JUVENILE_PROTECTION,STATE_01_DIST_01_PS_02,STATE_01_DIST_01,STATE_01,CASE_DIARY,HIGH,false,false,true,false,OPEN,UNDER_REVIEW,POLICE,false,true
REC-000681,deffffbc895a829fcc534b52,CASE-00356,NARCOTICS,STATE_02_DIST_01_PS_01,STATE_02_DIST_01,STATE_02,COURT_SUBMISSION,MEDIUM,false,false,false,false,OPEN,ACTIVE,POLICE,false,true
REC-000682,3681056168083735834ca5ed,CASE-00341,VIOLENT_CRIME,STATE_02_DIST_04_PS_02,STATE_02_DIST_04,STATE_02,FIR_SUMMARY,MEDIUM,false,false,false,false,OPEN,ACTIVE,POLICE,false,true
REC-000683,9228fbce07995e580d7bd517,CASE-00020,MISSING_PERSON,STATE_03_DIST_02_PS_01,STATE_03_DIST_02,STATE_03,CYBERCRIME_COMPLAINT,HIGH,false,false,false,false,OPEN,ACTIVE,POLICE,false,true
REC-000684,85d4f1d703df76e03a0cb3a3,CASE-00149,GENERAL_THEFT,STATE_01_DIST_01_PS_02,STATE_01_DIST_01,STATE_01,JUVENILE_RECORD,CLASSIFIED,false,false,true,false,OPEN,ACTIVE,POLICE,false,true
REC-000685,e75112487c579ac4b3944b49,CASE-00063,FINANCIAL_CRIME,STATE_02_DIST_01_PS_02,STATE_02_DIST_01,STATE_02,CASE_DIARY,MEDIUM,false,false,false,false,OPEN,ACTIVE,POLICE,false,true
REC-000686,80b0b04a04631a2d56ecbd71,CASE-00020,MISSING_PERSON,STATE_03_DIST_02_PS_01,STATE_03_DIST_02,STATE_03,COURT_SUBMISSION,HIGH,false,false,false,false,OPEN,ACTIVE,POLICE,false,true
REC-000687,4a81b7a88a623e390137c284,CASE-00002,FINANCIAL_CRIME,STATE_03_DIST_02_PS_01,STATE_03_DIST_02,STATE_03,CYBERCRIME_COMPLAINT,HIGH,false,false,false,false,OPEN,ARCHIVED,POLICE,false,true
REC-000688,3122cf020041be5f8f33a172,CASE-00036,FINANCIAL_CRIME,STATE_03_DIST_04_PS_02,STATE_03_DIST_04,STATE_03,CYBERCRIME_COMPLAINT,MEDIUM,false,false,false,false,OPEN,ACTIVE,POLICE,false,true
REC-000689,092c1f9963d0656d1838f128,CASE-00024,FINANCIAL_CRIME,STATE_01_DIST_02_PS_01,STATE_01_DIST_02,STATE_01,FORENSIC_REPORT,HIGH,false,false,false,false,OPEN,ACTIVE,POLICE,false,true
REC-000690,3cb075189a11cbfaeb6ef8ac,CASE-00034,NARCOTICS,STATE_01_DIST_01_PS_02,STATE_01_DIST_01,STATE_01,EVIDENCE_MEDIA,CLASSIFIED,false,false,false,true,SEALED,ARCHIVED,POLICE,false,true
REC-000691,956aca67b33c2620ff186459,CASE-00062,VIOLENT_CRIME,STATE_01_DIST_03_PS_02,STATE_01_DIST_03,STATE_01,FORENSIC_REPORT,HIGH,false,false,false,false,OPEN,UNDER_REVIEW,POLICE,false,true
REC-000692,483d8e368e0abb9247f9bc72,CASE-00321,JUVENILE_PROTECTION,STATE_01_DIST_02_PS_01,STATE_01_DIST_02,STATE_01,VICTIM_RECORD,HIGH,true,false,true,false,OPEN,ACTIVE,POLICE,false,true
REC-000693,68e25cbf0ce0354dd255dd0e,CASE-00183,MISSING_PERSON,STATE_01_DIST_04_PS_03,STATE_01_DIST_04,STATE_01,FORENSIC_REPORT,MEDIUM,false,false,false,false,OPEN,ACTIVE,POLICE,false,true
REC-000694,a0f405d28cc064a49ae643d4,CASE-00328,WOMEN_CHILD_SAFETY,STATE_02_DIST_01_PS_02,STATE_02_DIST_01,STATE_02,CASE_DIARY,HIGH,true,false,false,false,SEALED,ACTIVE,POLICE,false,true
REC-000695,5856a99a0397a4932c6b65c2,CASE-00134,VIOLENT_CRIME,STATE_02_DIST_04_PS_03,STATE_02_DIST_04,STATE_02,COURT_SUBMISSION,HIGH,false,false,false,false,OPEN,ARCHIVED,POLICE,false,true
REC-000696,4db5cf58f0282ff6c8414bc1,CASE-00178,NARCOTICS,STATE_01_DIST_03_PS_01,STATE_01_DIST_03,STATE_01,EVIDENCE_MEDIA,CLASSIFIED,false,false,false,true,SEALED,ACTIVE,POLICE,false,true
REC-000697,621a5b8525c112683611c655,CASE-00186,CYBER_FRAUD,STATE_01_DIST_02_PS_02,STATE_01_DIST_02,STATE_01,COURT_SUBMISSION,HIGH,false,false,false,false,SEALED,ACTIVE,POLICE,false,true
REC-000698,7d82342fe6c14212138544d1,CASE-00207,GENERAL_THEFT,STATE_02_DIST_04_PS_02,STATE_02_DIST_04,STATE_02,CYBERCRIME_COMPLAINT,HIGH,false,false,false,false,OPEN,ACTIVE,POLICE,false,true
REC-000699,6fb0cf095de8d0193608d4cd,CASE-00136,NARCOTICS,STATE_01_DIST_03_PS_01,STATE_01_DIST_03,STATE_01,CASE_DIARY,CLASSIFIED,false,false,false,false,OPEN,ACTIVE,POLICE,false,true
REC-000700,36cbeb78e0fd147f27cbda56,CASE-00332,CYBER_FRAUD,STATE_01_DIST_01_PS_01,STATE_01_DIST_01,STATE_01,COURT_SUBMISSION,HIGH,false,false,false,false,OPEN,ARCHIVED,POLICE,false,true
REC-000701,04b9c295d5e6537d26e8bfc9,CASE-00316,MISSING_PERSON,STATE_01_DIST_01_PS_01,STATE_01_DIST_01,STATE_01,FORENSIC_REPORT,HIGH,false,false,false,false,OPEN,ACTIVE,POLICE,false,true
REC-000702,459f734ddb6a3c78ec8e6d7d,CASE-00113,CYBER_FRAUD,STATE_01_DIST_04_PS_02,STATE_01_DIST_04,STATE_01,CYBERCRIME_COMPLAINT,HIGH,false,false,false,false,OPEN,ACTIVE,POLICE,false,true
REC-000703,f38779c74978e4aefc78ffac,CASE-00050,CYBER_FRAUD,STATE_01_DIST_02_PS_02,STATE_01_DIST_02,STATE_01,VICTIM_RECORD,CLASSIFIED,true,false,false,false,OPEN,UNDER_REVIEW,POLICE,false,true
REC-000704,cdbff94eb4945538043436c1,CASE-00147,FINANCIAL_CRIME,STATE_01_DIST_01_PS_02,STATE_01_DIST_01,STATE_01,CASE_DIARY,CLASSIFIED,false,false,false,false,OPEN,ACTIVE,POLICE,false,true
REC-000705,9ba3222b46677adfe4b27463,CASE-00155,JUVENILE_PROTECTION,STATE_01_DIST_03_PS_01,STATE_01_DIST_03,STATE_01,FORENSIC_REPORT,HIGH,false,false,true,false,OPEN,ARCHIVED,POLICE,false,true
REC-000706,079b6d98e9cc6186cca480fe,CASE-00208,GENERAL_THEFT,STATE_02_DIST_03_PS_01,STATE_02_DIST_03,STATE_02,WITNESS_STATEMENT,HIGH,false,true,false,false,OPEN,ACTIVE,POLICE,false,true
REC-000707,d54e59d1e5b8752743ec8dd1,CASE-00306,WOMEN_CHILD_SAFETY,STATE_02_DIST_02_PS_01,STATE_02_DIST_02,STATE_02,COURT_SUBMISSION,HIGH,true,false,false,false,OPEN,ACTIVE,POLICE,false,true
REC-000708,570eb7fa38bcf5f5722f7399,CASE-00186,CYBER_FRAUD,STATE_01_DIST_02_PS_02,STATE_01_DIST_02,STATE_01,WITNESS_STATEMENT,MEDIUM,false,true,false,false,OPEN,ARCHIVED,POLICE,false,true
REC-000709,76f11b624b1e439ab531c33c,CASE-00266,MISSING_PERSON,STATE_01_DIST_01_PS_02,STATE_01_DIST_01,STATE_01,FIR_SUMMARY,LOW,false,false,false,false,OPEN,ACTIVE,POLICE,false,true
REC-000710,f7694506fadb227c01b96b55,CASE-00318,WOMEN_CHILD_SAFETY,STATE_02_DIST_04_PS_01,STATE_02_DIST_04,STATE_02,VICTIM_RECORD,HIGH,true,false,false,false,OPEN,ACTIVE,POLICE,false,true
REC-000711,d182fb36e66626609d08c673,CASE-00230,NARCOTICS,STATE_02_DIST_04_PS_03,STATE_02_DIST_04,STATE_02,JUVENILE_RECORD,CLASSIFIED,false,false,true,false,SEALED,UNDER_REVIEW,POLICE,false,true
REC-000712,f6d31e1673c73f753e7204d6,CASE-00274,VIOLENT_CRIME,STATE_02_DIST_03_PS_01,STATE_02_DIST_03,STATE_02,CYBERCRIME_COMPLAINT,HIGH,false,false,false,false,OPEN,ACTIVE,POLICE,false,true
REC-000713,05b4283d2353c06c08b8622c,CASE-00115,JUVENILE_PROTECTION,STATE_01_DIST_04_PS_03,STATE_01_DIST_04,STATE_01,FIR_SUMMARY,LOW,false,false,true,false,OPEN,ACTIVE,POLICE,false,true
REC-000714,9dbbb6a343493bd757013eb2,CASE-00091,GENERAL_THEFT,STATE_03_DIST_03_PS_02,STATE_03_DIST_03,STATE_03,CASE_DIARY,CLASSIFIED,false,false,false,false,OPEN,ARCHIVED,POLICE,false,true
REC-000715,e5d687012599ae15945a2fb8,CASE-00144,MISSING_PERSON,STATE_03_DIST_04_PS_02,STATE_03_DIST_04,STATE_03,CASE_DIARY,HIGH,false,false,false,false,OPEN,ACTIVE,POLICE,false,true
REC-000716,ee2e764d1a9ea993ed80e6a3,CASE-00082,NARCOTICS,STATE_02_DIST_03_PS_02,STATE_02_DIST_03,STATE_02,CASE_DIARY,HIGH,false,false,false,false,OPEN,ACTIVE,POLICE,false,true
REC-000717,cc15b0789fbb4ed267c3ed39,CASE-00186,CYBER_FRAUD,STATE_01_DIST_02_PS_02,STATE_01_DIST_02,STATE_01,VICTIM_RECORD,HIGH,true,false,false,false,OPEN,ARCHIVED,POLICE,false,true
REC-000718,862f89895c928d14000a1111,CASE-00118,VIOLENT_CRIME,STATE_01_DIST_02_PS_01,STATE_01_DIST_02,STATE_01,FIR_SUMMARY,MEDIUM,false,false,false,false,OPEN,ACTIVE,POLICE,false,true
REC-000719,9fc60a52b273031e10f20afd,CASE-00148,JUVENILE_PROTECTION,STATE_02_DIST_03_PS_01,STATE_02_DIST_03,STATE_02,CASE_DIARY,HIGH,false,false,true,false,SEALED,UNDER_REVIEW,POLICE,false,true
REC-000720,7e9348f391ef3580bb2ca07e,CASE-00212,VIOLENT_CRIME,STATE_02_DIST_01_PS_02,STATE_02_DIST_01,STATE_02,JUVENILE_RECORD,CLASSIFIED,false,false,true,false,OPEN,ACTIVE,POLICE,false,true
REC-000721,eec522c5b9b600387b5fa262,CASE-00199,JUVENILE_PROTECTION,STATE_02_DIST_03_PS_02,STATE_02_DIST_03,STATE_02,VICTIM_RECORD,HIGH,true,false,true,false,SEALED,ARCHIVED,POLICE,false,true
REC-000722,9f2756d9a164d273be443708,CASE-00141,NARCOTICS,STATE_03_DIST_03_PS_03,STATE_03_DIST_03,STATE_03,CASE_DIARY,HIGH,false,false,false,false,OPEN,ACTIVE,POLICE,false,true
REC-000723,b56e98af8a7c425088a343c2,CASE-00073,VIOLENT_CRIME,STATE_01_DIST_03_PS_02,STATE_01_DIST_03,STATE_01,FIR_SUMMARY,MEDIUM,false,false,false,false,SEALED,UNDER_REVIEW,POLICE,false,true
REC-000724,a6e23e6abf3d2acbd2b24e0b,CASE-00063,FINANCIAL_CRIME,STATE_02_DIST_01_PS_02,STATE_02_DIST_01,STATE_02,WITNESS_STATEMENT,CLASSIFIED,false,true,false,false,SEALED,ACTIVE,POLICE,false,true
REC-000725,d5992de3faed601edf297932,CASE-00035,NARCOTICS,STATE_03_DIST_03_PS_03,STATE_03_DIST_03,STATE_03,CYBERCRIME_COMPLAINT,HIGH,false,false,false,false,OPEN,ARCHIVED,POLICE,false,true
REC-000726,2b5ed92b73d41d7d7ad6f4ce,CASE-00186,CYBER_FRAUD,STATE_01_DIST_02_PS_02,STATE_01_DIST_02,STATE_01,FIR_SUMMARY,CLASSIFIED,false,false,false,false,OPEN,ARCHIVED,POLICE,false,true
REC-000727,6286f9bfeeaa6f51551b41ff,CASE-00307,NARCOTICS,STATE_02_DIST_01_PS_01,STATE_02_DIST_01,STATE_02,VICTIM_RECORD,HIGH,true,false,false,false,OPEN,ACTIVE,POLICE,false,true
REC-000728,3b274e811b747441ea332f7c,CASE-00255,FINANCIAL_CRIME,STATE_01_DIST_03_PS_03,STATE_01_DIST_03,STATE_01,JUVENILE_RECORD,HIGH,false,false,true,false,OPEN,ACTIVE,POLICE,false,true
REC-000729,9d51801e576eca4c5772ef00,CASE-00281,GENERAL_THEFT,STATE_03_DIST_03_PS_01,STATE_03_DIST_03,STATE_03,CYBERCRIME_COMPLAINT,MEDIUM,false,false,false,false,OPEN,ARCHIVED,POLICE,false,true
REC-000730,3e8026e6986a08be7ea67710,CASE-00230,NARCOTICS,STATE_02_DIST_04_PS_03,STATE_02_DIST_04,STATE_02,VICTIM_RECORD,MEDIUM,true,false,false,false,OPEN,UNDER_REVIEW,POLICE,false,true
REC-000731,72f5852134754e41109c673f,CASE-00126,CYBER_FRAUD,STATE_03_DIST_03_PS_03,STATE_03_DIST_03,STATE_03,FIR_SUMMARY,MEDIUM,false,false,false,false,OPEN,UNDER_REVIEW,POLICE,false,true
REC-000732,c51983dca46d517bbf8c1eec,CASE-00262,CYBER_FRAUD,STATE_02_DIST_04_PS_02,STATE_02_DIST_04,STATE_02,WITNESS_STATEMENT,HIGH,false,true,false,false,OPEN,ACTIVE,POLICE,false,true
REC-000733,f18effadc3d065c53fee4ccc,CASE-00010,GENERAL_THEFT,STATE_02_DIST_04_PS_01,STATE_02_DIST_04,STATE_02,CYBERCRIME_COMPLAINT,HIGH,false,false,false,false,OPEN,ACTIVE,POLICE,false,true
REC-000734,70c78bbc75d059ecfc674005,CASE-00118,VIOLENT_CRIME,STATE_01_DIST_02_PS_01,STATE_01_DIST_02,STATE_01,CASE_DIARY,HIGH,false,false,false,false,OPEN,UNDER_REVIEW,POLICE,false,true
REC-000735,1aa08103e3c7e97cf82499a7,CASE-00244,FINANCIAL_CRIME,STATE_02_DIST_01_PS_03,STATE_02_DIST_01,STATE_02,WITNESS_STATEMENT,HIGH,false,true,false,false,OPEN,ACTIVE,POLICE,false,true
REC-000736,1bc2e281d22a91714360d0b5,CASE-00173,FINANCIAL_CRIME,STATE_01_DIST_02_PS_01,STATE_01_DIST_02,STATE_01,FIR_SUMMARY,HIGH,false,false,false,false,OPEN,ACTIVE,POLICE,false,true
REC-000737,925484446f2fcc1a58b1ca54,CASE-00358,VIOLENT_CRIME,STATE_02_DIST_02_PS_02,STATE_02_DIST_02,STATE_02,VICTIM_RECORD,HIGH,true,false,false,false,OPEN,ACTIVE,POLICE,false,true
REC-000738,7d234b848bd150ce84069ce3,CASE-00319,FINANCIAL_CRIME,STATE_01_DIST_01_PS_01,STATE_01_DIST_01,STATE_01,WITNESS_STATEMENT,CLASSIFIED,false,true,false,false,SEALED,ACTIVE,POLICE,false,true
REC-000739,6969bc27b1c05b9059519252,CASE-00035,NARCOTICS,STATE_03_DIST_03_PS_03,STATE_03_DIST_03,STATE_03,FIR_SUMMARY,LOW,false,false,false,false,OPEN,ACTIVE,POLICE,false,true
REC-000740,c36ad04b5ef75b66d4db8068,CASE-00167,WOMEN_CHILD_SAFETY,STATE_03_DIST_04_PS_02,STATE_03_DIST_04,STATE_03,FORENSIC_REPORT,HIGH,true,false,false,false,OPEN,UNDER_REVIEW,POLICE,false,true
REC-000741,a59a364c57b8a7f0708a9f5f,CASE-00343,MISSING_PERSON,STATE_02_DIST_02_PS_01,STATE_02_DIST_02,STATE_02,EVIDENCE_MEDIA,CLASSIFIED,false,false,false,true,OPEN,ACTIVE,POLICE,false,true
REC-000742,79c28dac3a5963ddb5d05b71,CASE-00066,JUVENILE_PROTECTION,STATE_03_DIST_01_PS_01,STATE_03_DIST_01,STATE_03,COURT_SUBMISSION,MEDIUM,false,false,true,false,OPEN,UNDER_REVIEW,POLICE,false,true
REC-000743,3ba8e78c5a6aece88796d6f8,CASE-00351,FINANCIAL_CRIME,STATE_02_DIST_03_PS_01,STATE_02_DIST_03,STATE_02,CASE_DIARY,HIGH,false,false,false,false,SEALED,ARCHIVED,POLICE,false,true
REC-000744,3ccd34687090d2923fc32e3b,CASE-00211,FINANCIAL_CRIME,STATE_01_DIST_03_PS_01,STATE_01_DIST_03,STATE_01,CYBERCRIME_COMPLAINT,HIGH,false,false,false,false,OPEN,ACTIVE,POLICE,false,true
REC-000745,db6a2cf39ae4810f63b6b02e,CASE-00309,FINANCIAL_CRIME,STATE_02_DIST_02_PS_01,STATE_02_DIST_02,STATE_02,CASE_DIARY,HIGH,false,false,false,false,OPEN,ACTIVE,POLICE,false,true
REC-000746,097a777f9c4bd6dbc56eef69,CASE-00164,CYBER_FRAUD,STATE_03_DIST_01_PS_03,STATE_03_DIST_01,STATE_03,CASE_DIARY,HIGH,false,false,false,false,SEALED,ACTIVE,POLICE,false,true
REC-000747,6625eddb060ef26315ced36e,CASE-00186,CYBER_FRAUD,STATE_01_DIST_02_PS_02,STATE_01_DIST_02,STATE_01,COURT_SUBMISSION,CLASSIFIED,false,false,false,false,OPEN,ACTIVE,POLICE,false,true
REC-000748,f50530a1b108328f60a8a8f1,CASE-00047,MISSING_PERSON,STATE_03_DIST_03_PS_03,STATE_03_DIST_03,STATE_03,EVIDENCE_MEDIA,CLASSIFIED,false,false,false,true,OPEN,ACTIVE,POLICE,false,true
REC-000749,d021b181a8195460c1a8a206,CASE-00350,GENERAL_THEFT,STATE_01_DIST_03_PS_01,STATE_01_DIST_03,STATE_01,EVIDENCE_MEDIA,CLASSIFIED,false,false,false,true,OPEN,UNDER_REVIEW,POLICE,false,true
REC-000750,7d3d13caa3164dca6626bc9b,CASE-00046,MISSING_PERSON,STATE_02_DIST_01_PS_03,STATE_02_DIST_01,STATE_02,EVIDENCE_MEDIA,HIGH,false,false,false,true,OPEN,ACTIVE,POLICE,false,true
REC-000751,efb1f48ed439503d51e29577,CASE-00195,VIOLENT_CRIME,STATE_01_DIST_02_PS_02,STATE_01_DIST_02,STATE_01,WITNESS_STATEMENT,CLASSIFIED,false,true,false,false,OPEN,UNDER_REVIEW,POLICE,false,true
REC-000752,fdb597969d2538b4f7c706e9,CASE-00296,GENERAL_THEFT,STATE_01_DIST_02_PS_01,STATE_01_DIST_02,STATE_01,VICTIM_RECORD,HIGH,true,false,false,false,OPEN,ACTIVE,POLICE,false,true
REC-000753,9770c21f3a7c95d8dcd7a099,CASE-00007,FINANCIAL_CRIME,STATE_03_DIST_03_PS_01,STATE_03_DIST_03,STATE_03,VICTIM_RECORD,HIGH,true,false,false,false,OPEN,ARCHIVED,POLICE,false,true
REC-000754,e15a915636ae7f0b702750b3,CASE-00347,NARCOTICS,STATE_03_DIST_03_PS_01,STATE_03_DIST_03,STATE_03,CYBERCRIME_COMPLAINT,HIGH,false,false,false,false,OPEN,ACTIVE,POLICE,false,true
REC-000755,6822db53c52593becfcadcae,CASE-00218,CYBER_FRAUD,STATE_01_DIST_03_PS_01,STATE_01_DIST_03,STATE_01,FIR_SUMMARY,HIGH,false,false,false,false,OPEN,ACTIVE,POLICE,false,true
REC-000756,501ec7976756cb1bbf632fc6,CASE-00259,JUVENILE_PROTECTION,STATE_01_DIST_01_PS_03,STATE_01_DIST_01,STATE_01,FIR_SUMMARY,LOW,false,false,true,false,SEALED,ARCHIVED,POLICE,false,true
REC-000757,baf86b559647425ddbc4733b,CASE-00232,WOMEN_CHILD_SAFETY,STATE_03_DIST_02_PS_01,STATE_03_DIST_02,STATE_03,COURT_SUBMISSION,MEDIUM,true,false,false,false,OPEN,ACTIVE,POLICE,false,true
REC-000758,03db1b138a3912e8b9ba6c90,CASE-00128,GENERAL_THEFT,STATE_01_DIST_01_PS_02,STATE_01_DIST_01,STATE_01,COURT_SUBMISSION,MEDIUM,false,false,false,false,OPEN,ACTIVE,POLICE,false,true
REC-000759,19e175daeb23a7b7e4767fb9,CASE-00202,GENERAL_THEFT,STATE_03_DIST_01_PS_03,STATE_03_DIST_01,STATE_03,COURT_SUBMISSION,MEDIUM,false,false,false,false,OPEN,ACTIVE,POLICE,false,true
REC-000760,5c4dcd6cb3328632f88609d4,CASE-00129,FINANCIAL_CRIME,STATE_03_DIST_03_PS_01,STATE_03_DIST_03,STATE_03,CYBERCRIME_COMPLAINT,MEDIUM,false,false,false,false,OPEN,ACTIVE,POLICE,false,true
REC-000761,2cbda76432e3c7a37d92e1a0,CASE-00266,MISSING_PERSON,STATE_01_DIST_01_PS_02,STATE_01_DIST_01,STATE_01,FIR_SUMMARY,LOW,false,false,false,false,OPEN,ACTIVE,POLICE,false,true
REC-000762,86e5deb2be6eb28bde25e3f1,CASE-00280,VIOLENT_CRIME,STATE_01_DIST_03_PS_01,STATE_01_DIST_03,STATE_01,COURT_SUBMISSION,MEDIUM,false,false,false,false,OPEN,ARCHIVED,POLICE,false,true
REC-000763,5ca844b2848b805c696a09e9,CASE-00095,MISSING_PERSON,STATE_01_DIST_01_PS_02,STATE_01_DIST_01,STATE_01,CASE_DIARY,HIGH,false,false,false,false,SEALED,ACTIVE,POLICE,false,true
REC-000764,f971c17865e1fde3ac01112a,CASE-00230,NARCOTICS,STATE_02_DIST_04_PS_03,STATE_02_DIST_04,STATE_02,COURT_SUBMISSION,HIGH,false,false,false,false,OPEN,ARCHIVED,POLICE,false,true
REC-000765,12cf19c868dac2359d49c264,CASE-00150,GENERAL_THEFT,STATE_03_DIST_02_PS_03,STATE_03_DIST_02,STATE_03,COURT_SUBMISSION,MEDIUM,false,false,false,false,OPEN,ACTIVE,POLICE,false,true
REC-000766,2867d85e6650cddfa2049599,CASE-00215,VIOLENT_CRIME,STATE_03_DIST_01_PS_01,STATE_03_DIST_01,STATE_03,VICTIM_RECORD,HIGH,true,false,false,false,OPEN,ACTIVE,POLICE,false,true
REC-000767,148f5201e446b9e7af6ac7c4,CASE-00137,MISSING_PERSON,STATE_03_DIST_02_PS_03,STATE_03_DIST_02,STATE_03,JUVENILE_RECORD,HIGH,false,false,true,false,OPEN,ARCHIVED,POLICE,false,true
REC-000768,17c8611dfefa058b391351b2,CASE-00155,JUVENILE_PROTECTION,STATE_01_DIST_03_PS_01,STATE_01_DIST_03,STATE_01,CYBERCRIME_COMPLAINT,MEDIUM,false,false,true,false,OPEN,ACTIVE,POLICE,false,true
REC-000769,98962a80fa6d073c1494536b,CASE-00344,FINANCIAL_CRIME,STATE_03_DIST_02_PS_02,STATE_03_DIST_02,STATE_03,COURT_SUBMISSION,HIGH,false,false,false,false,OPEN,ACTIVE,POLICE,false,true
REC-000770,227c461d84e121aa1f3cf1a9,CASE-00224,JUVENILE_PROTECTION,STATE_02_DIST_02_PS_03,STATE_02_DIST_02,STATE_02,COURT_SUBMISSION,MEDIUM,false,false,true,false,OPEN,ACTIVE,POLICE,false,true
REC-000771,e7b2a26cabc70803d3186378,CASE-00225,JUVENILE_PROTECTION,STATE_01_DIST_01_PS_02,STATE_01_DIST_01,STATE_01,FIR_SUMMARY,MEDIUM,false,false,true,false,OPEN,ACTIVE,POLICE,false,true
REC-000772,a2fd9c36ffa85f313129726c,CASE-00178,NARCOTICS,STATE_01_DIST_03_PS_01,STATE_01_DIST_03,STATE_01,VICTIM_RECORD,HIGH,true,false,false,false,OPEN,ACTIVE,POLICE,false,true
REC-000773,051a9a81984800460d52eac9,CASE-00206,WOMEN_CHILD_SAFETY,STATE_01_DIST_04_PS_03,STATE_01_DIST_04,STATE_01,CASE_DIARY,HIGH,true,false,false,false,OPEN,ACTIVE,POLICE,false,true
REC-000774,e08af898025ee582a6c2db1f,CASE-00234,CYBER_FRAUD,STATE_01_DIST_04_PS_01,STATE_01_DIST_04,STATE_01,VICTIM_RECORD,HIGH,true,false,false,false,OPEN,ACTIVE,POLICE,false,true
REC-000775,90c846f567dedc974dc3578c,CASE-00019,JUVENILE_PROTECTION,STATE_02_DIST_04_PS_01,STATE_02_DIST_04,STATE_02,COURT_SUBMISSION,MEDIUM,false,false,true,false,SEALED,ARCHIVED,POLICE,false,true
REC-000776,71e0d974adfaea423315288d,CASE-00054,WOMEN_CHILD_SAFETY,STATE_03_DIST_04_PS_01,STATE_03_DIST_04,STATE_03,WITNESS_STATEMENT,MEDIUM,true,true,false,false,OPEN,ACTIVE,POLICE,false,true
REC-000777,9043a679045e2af84cd3c449,CASE-00030,JUVENILE_PROTECTION,STATE_03_DIST_01_PS_01,STATE_03_DIST_01,STATE_03,VICTIM_RECORD,HIGH,true,false,true,false,OPEN,ACTIVE,POLICE,false,true
REC-000778,a3a0b2f362254d267749f5a3,CASE-00080,GENERAL_THEFT,STATE_03_DIST_03_PS_01,STATE_03_DIST_03,STATE_03,FORENSIC_REPORT,HIGH,false,false,false,false,OPEN,ACTIVE,POLICE,false,true
REC-000779,d8c9df09b1ba5408e3849067,CASE-00249,MISSING_PERSON,STATE_02_DIST_02_PS_02,STATE_02_DIST_02,STATE_02,CASE_DIARY,CLASSIFIED,false,false,false,false,OPEN,ACTIVE,POLICE,false,true
REC-000780,5dcb9cf611c085fc0a4c3283,CASE-00016,VIOLENT_CRIME,STATE_01_DIST_02_PS_01,STATE_01_DIST_02,STATE_01,CYBERCRIME_COMPLAINT,CLASSIFIED,false,false,false,false,OPEN,ACTIVE,POLICE,false,true
REC-000781,118ea5c95a4302f5e6598a30,CASE-00307,NARCOTICS,STATE_02_DIST_01_PS_01,STATE_02_DIST_01,STATE_02,EVIDENCE_MEDIA,CLASSIFIED,false,false,false,true,OPEN,ACTIVE,POLICE,false,true
REC-000782,804f341ba0075b398eb34543,CASE-00239,NARCOTICS,STATE_01_DIST_03_PS_01,STATE_01_DIST_03,STATE_01,COURT_SUBMISSION,HIGH,false,false,false,false,OPEN,ACTIVE,POLICE,false,true
REC-000783,711f7cc2bc52141ce8aa3579,CASE-00245,VIOLENT_CRIME,STATE_02_DIST_02_PS_02,STATE_02_DIST_02,STATE_02,VICTIM_RECORD,HIGH,true,false,false,false,OPEN,ACTIVE,POLICE,false,true
REC-000784,47c18a6e1dfb5f8551512e9f,CASE-00276,FINANCIAL_CRIME,STATE_01_DIST_03_PS_01,STATE_01_DIST_03,STATE_01,FIR_SUMMARY,MEDIUM,false,false,false,false,OPEN,ACTIVE,POLICE,false,true
REC-000785,19f9edd30f8406ca598631a4,CASE-00308,FINANCIAL_CRIME,STATE_02_DIST_04_PS_02,STATE_02_DIST_04,STATE_02,FIR_SUMMARY,MEDIUM,false,false,false,false,OPEN,ARCHIVED,POLICE,false,true
REC-000786,6806ba66b352cd0ace2dc62d,CASE-00275,WOMEN_CHILD_SAFETY,STATE_02_DIST_01_PS_02,STATE_02_DIST_01,STATE_02,FORENSIC_REPORT,CLASSIFIED,true,false,false,false,OPEN,ARCHIVED,POLICE,false,true
REC-000787,803e05eda0391b5c99c7c16e,CASE-00160,MISSING_PERSON,STATE_01_DIST_01_PS_02,STATE_01_DIST_01,STATE_01,FIR_SUMMARY,HIGH,false,false,false,false,SEALED,ARCHIVED,POLICE,false,true
REC-000788,f79dddd63956765ac2f5649f,CASE-00187,CYBER_FRAUD,STATE_01_DIST_04_PS_02,STATE_01_DIST_04,STATE_01,FIR_SUMMARY,MEDIUM,false,false,false,false,OPEN,ACTIVE,POLICE,false,true
REC-000789,9cfb441fcd2d957d0a3af473,CASE-00207,GENERAL_THEFT,STATE_02_DIST_04_PS_02,STATE_02_DIST_04,STATE_02,CASE_DIARY,HIGH,false,false,false,false,SEALED,ARCHIVED,POLICE,false,true
REC-000790,8a3a2306312e0f1c773316f1,CASE-00051,VIOLENT_CRIME,STATE_03_DIST_04_PS_03,STATE_03_DIST_04,STATE_03,CASE_DIARY,CLASSIFIED,false,false,false,false,SEALED,ACTIVE,POLICE,false,true
REC-000791,55503cf4baba214afaaf17a5,CASE-00040,MISSING_PERSON,STATE_01_DIST_04_PS_02,STATE_01_DIST_04,STATE_01,FORENSIC_REPORT,HIGH,false,false,false,false,OPEN,ACTIVE,POLICE,false,true
REC-000792,6aabf48095821f12d5d59868,CASE-00159,JUVENILE_PROTECTION,STATE_03_DIST_01_PS_03,STATE_03_DIST_01,STATE_03,JUVENILE_RECORD,CLASSIFIED,false,false,true,false,SEALED,ACTIVE,POLICE,false,true
REC-000793,b0e996b4ecdf66ce33e6405c,CASE-00224,JUVENILE_PROTECTION,STATE_02_DIST_02_PS_03,STATE_02_DIST_02,STATE_02,CASE_DIARY,HIGH,false,false,true,false,OPEN,ACTIVE,POLICE,false,true
REC-000794,949e9506f350533dfbd08052,CASE-00314,FINANCIAL_CRIME,STATE_03_DIST_03_PS_02,STATE_03_DIST_03,STATE_03,COURT_SUBMISSION,HIGH,false,false,false,false,OPEN,ACTIVE,POLICE,false,true
REC-000795,7f770a6365675e0331fba489,CASE-00205,FINANCIAL_CRIME,STATE_02_DIST_02_PS_01,STATE_02_DIST_02,STATE_02,JUVENILE_RECORD,CLASSIFIED,false,false,true,false,OPEN,UNDER_REVIEW,POLICE,false,true
REC-000796,647ffa3febbf13259187b4c9,CASE-00228,NARCOTICS,STATE_02_DIST_02_PS_02,STATE_02_DIST_02,STATE_02,VICTIM_RECORD,HIGH,true,false,false,false,OPEN,ACTIVE,POLICE,false,true
REC-000797,7ee8de49d1fbda970c1c712f,CASE-00044,WOMEN_CHILD_SAFETY,STATE_02_DIST_03_PS_03,STATE_02_DIST_03,STATE_02,CYBERCRIME_COMPLAINT,HIGH,true,false,false,false,OPEN,ARCHIVED,POLICE,false,true
REC-000798,76adbb3fc2521f255ea8e9c6,CASE-00304,WOMEN_CHILD_SAFETY,STATE_03_DIST_02_PS_02,STATE_03_DIST_02,STATE_03,EVIDENCE_MEDIA,CLASSIFIED,true,false,false,true,OPEN,ACTIVE,POLICE,false,true
REC-000799,425abada7c0fed7e831ee20d,CASE-00059,WOMEN_CHILD_SAFETY,STATE_01_DIST_02_PS_03,STATE_01_DIST_02,STATE_01,FORENSIC_REPORT,HIGH,true,false,false,false,OPEN,ACTIVE,POLICE,false,true
REC-000800,3598d6c5148550cfc8339fda,CASE-00059,WOMEN_CHILD_SAFETY,STATE_01_DIST_02_PS_03,STATE_01_DIST_02,STATE_01,FIR_SUMMARY,MEDIUM,true,false,false,false,SEALED,ACTIVE,POLICE,false,true
REC-000801,4bbf1e120418854fcea6448a,CASE-00095,MISSING_PERSON,STATE_01_DIST_01_PS_02,STATE_01_DIST_01,STATE_01,CASE_DIARY,HIGH,false,false,false,false,OPEN,ACTIVE,POLICE,false,true
REC-000802,14a811b89adf18999a258ce2,CASE-00057,MISSING_PERSON,STATE_01_DIST_03_PS_02,STATE_01_DIST_03,STATE_01,COURT_SUBMISSION,HIGH,false,false,false,false,OPEN,ACTIVE,POLICE,false,true
REC-000803,e4a86290e5a510bf01d1ff81,CASE-00054,WOMEN_CHILD_SAFETY,STATE_03_DIST_04_PS_01,STATE_03_DIST_04,STATE_03,COURT_SUBMISSION,HIGH,true,false,false,false,OPEN,ACTIVE,POLICE,false,true
REC-000804,c3ce957724d4114b3695b46d,CASE-00100,WOMEN_CHILD_SAFETY,STATE_03_DIST_01_PS_03,STATE_03_DIST_01,STATE_03,EVIDENCE_MEDIA,CLASSIFIED,true,false,false,true,OPEN,UNDER_REVIEW,POLICE,false,true
REC-000805,6ba78bf38cb75dbe69553ae6,CASE-00164,CYBER_FRAUD,STATE_03_DIST_01_PS_03,STATE_03_DIST_01,STATE_03,WITNESS_STATEMENT,HIGH,false,true,false,false,SEALED,UNDER_REVIEW,POLICE,false,true
REC-000806,d44d8c2e89a75cde0e441ceb,CASE-00030,JUVENILE_PROTECTION,STATE_03_DIST_01_PS_01,STATE_03_DIST_01,STATE_03,FORENSIC_REPORT,HIGH,false,false,true,false,OPEN,ACTIVE,POLICE,false,true
REC-000807,24c8c0c8b19638b5e8c5fe9b,CASE-00295,WOMEN_CHILD_SAFETY,STATE_01_DIST_01_PS_02,STATE_01_DIST_01,STATE_01,FORENSIC_REPORT,HIGH,true,false,false,false,OPEN,ACTIVE,POLICE,false,true
REC-000808,b1ef8bd2a5615b92e3c7daa5,CASE-00067,JUVENILE_PROTECTION,STATE_02_DIST_04_PS_03,STATE_02_DIST_04,STATE_02,COURT_SUBMISSION,HIGH,false,false,true,false,OPEN,ACTIVE,POLICE,false,true
REC-000809,a7b62695b85e36e1524ccb5b,CASE-00042,GENERAL_THEFT,STATE_01_DIST_02_PS_01,STATE_01_DIST_02,STATE_01,WITNESS_STATEMENT,CLASSIFIED,false,true,false,false,OPEN,ACTIVE,POLICE,false,true
REC-000810,4c70d73b13a1a3705ba4515b,CASE-00064,MISSING_PERSON,STATE_01_DIST_02_PS_03,STATE_01_DIST_02,STATE_01,JUVENILE_RECORD,HIGH,false,false,true,false,OPEN,ARCHIVED,POLICE,false,true
REC-000811,9a7d44825280d67eab0d8e8c,CASE-00211,FINANCIAL_CRIME,STATE_01_DIST_03_PS_01,STATE_01_DIST_03,STATE_01,WITNESS_STATEMENT,CLASSIFIED,false,true,false,false,SEALED,UNDER_REVIEW,POLICE,false,true
REC-000812,7b291ea97b660dc95e52b341,CASE-00017,CYBER_FRAUD,STATE_03_DIST_02_PS_01,STATE_03_DIST_02,STATE_03,FIR_SUMMARY,CLASSIFIED,false,false,false,false,OPEN,ARCHIVED,POLICE,false,true
REC-000813,bcdd4e65fa53d7cacf44a3e3,CASE-00164,CYBER_FRAUD,STATE_03_DIST_01_PS_03,STATE_03_DIST_01,STATE_03,CYBERCRIME_COMPLAINT,CLASSIFIED,false,false,false,false,OPEN,ACTIVE,POLICE,false,true
REC-000814,5820681615acad6176f4144a,CASE-00082,NARCOTICS,STATE_02_DIST_03_PS_02,STATE_02_DIST_03,STATE_02,FIR_SUMMARY,MEDIUM,false,false,false,false,OPEN,ARCHIVED,POLICE,false,true
REC-000815,47060cab97e3e5e52667cc8f,CASE-00316,MISSING_PERSON,STATE_01_DIST_01_PS_01,STATE_01_DIST_01,STATE_01,FORENSIC_REPORT,HIGH,false,false,false,false,OPEN,ACTIVE,POLICE,false,true
REC-000816,72cc5b530f904a9e7efd8c6b,CASE-00266,MISSING_PERSON,STATE_01_DIST_01_PS_02,STATE_01_DIST_01,STATE_01,FIR_SUMMARY,MEDIUM,false,false,false,false,OPEN,ACTIVE,POLICE,false,true
REC-000817,6e868b11dcb21524d5970d01,CASE-00130,VIOLENT_CRIME,STATE_01_DIST_01_PS_01,STATE_01_DIST_01,STATE_01,FIR_SUMMARY,MEDIUM,false,false,false,false,OPEN,ARCHIVED,POLICE,false,true
REC-000818,7582da5fbf1d280dcf845424,CASE-00184,NARCOTICS,STATE_01_DIST_02_PS_02,STATE_01_DIST_02,STATE_01,VICTIM_RECORD,CLASSIFIED,true,false,false,false,OPEN,ACTIVE,POLICE,false,true
REC-000819,6de0ded2a60c81f927aee340,CASE-00195,VIOLENT_CRIME,STATE_01_DIST_02_PS_02,STATE_01_DIST_02,STATE_01,COURT_SUBMISSION,MEDIUM,false,false,false,false,OPEN,ACTIVE,POLICE,false,true
REC-000820,a3e77934549e166377318689,CASE-00198,CYBER_FRAUD,STATE_03_DIST_01_PS_01,STATE_03_DIST_01,STATE_03,EVIDENCE_MEDIA,HIGH,false,false,false,true,SEALED,ACTIVE,POLICE,false,true
REC-000821,103411f419260d94e9a6d3cc,CASE-00069,MISSING_PERSON,STATE_02_DIST_04_PS_03,STATE_02_DIST_04,STATE_02,EVIDENCE_MEDIA,HIGH,false,false,false,true,OPEN,ACTIVE,POLICE,false,true
REC-000822,72235a5e8373d10e7468cb53,CASE-00198,CYBER_FRAUD,STATE_03_DIST_01_PS_01,STATE_03_DIST_01,STATE_03,VICTIM_RECORD,HIGH,true,false,false,false,OPEN,ACTIVE,POLICE,false,true
REC-000823,cf262bd5e958c53cf8a8e473,CASE-00198,CYBER_FRAUD,STATE_03_DIST_01_PS_01,STATE_03_DIST_01,STATE_03,COURT_SUBMISSION,HIGH,false,false,false,false,OPEN,ACTIVE,POLICE,false,true
REC-000824,945f4f7b3a236a35a569de92,CASE-00315,VIOLENT_CRIME,STATE_03_DIST_01_PS_03,STATE_03_DIST_01,STATE_03,WITNESS_STATEMENT,HIGH,false,true,false,false,OPEN,ACTIVE,POLICE,false,true
REC-000825,68b8678d168a8566901805c2,CASE-00170,GENERAL_THEFT,STATE_01_DIST_01_PS_03,STATE_01_DIST_01,STATE_01,CASE_DIARY,HIGH,false,false,false,false,OPEN,UNDER_REVIEW,POLICE,false,true
REC-000826,893a5e5117f43af57c7ba373,CASE-00135,GENERAL_THEFT,STATE_02_DIST_04_PS_03,STATE_02_DIST_04,STATE_02,WITNESS_STATEMENT,HIGH,false,true,false,false,SEALED,ACTIVE,POLICE,false,true
REC-000827,3fe5f563961efc8bcecb0585,CASE-00056,CYBER_FRAUD,STATE_03_DIST_01_PS_01,STATE_03_DIST_01,STATE_03,FIR_SUMMARY,HIGH,false,false,false,false,OPEN,ACTIVE,POLICE,false,true
REC-000828,5a1033bd9e2acc6a1296cf3e,CASE-00151,CYBER_FRAUD,STATE_02_DIST_01_PS_01,STATE_02_DIST_01,STATE_02,COURT_SUBMISSION,HIGH,false,false,false,false,OPEN,ACTIVE,POLICE,false,true
REC-000829,eab4af4926a38ff2604ec8dc,CASE-00138,NARCOTICS,STATE_03_DIST_04_PS_01,STATE_03_DIST_04,STATE_03,CASE_DIARY,HIGH,false,false,false,false,OPEN,ACTIVE,POLICE,false,true
REC-000830,14e6805622a63d5a065797bd,CASE-00237,CYBER_FRAUD,STATE_03_DIST_02_PS_02,STATE_03_DIST_02,STATE_03,WITNESS_STATEMENT,HIGH,false,true,false,false,OPEN,ARCHIVED,POLICE,false,true
REC-000831,bd8150b0c487b45357673f02,CASE-00091,GENERAL_THEFT,STATE_03_DIST_03_PS_02,STATE_03_DIST_03,STATE_03,FIR_SUMMARY,LOW,false,false,false,false,SEALED,ACTIVE,POLICE,false,true
REC-000832,c61a779f1fe7672fae37b284,CASE-00274,VIOLENT_CRIME,STATE_02_DIST_03_PS_01,STATE_02_DIST_03,STATE_02,CYBERCRIME_COMPLAINT,HIGH,false,false,false,false,SEALED,ACTIVE,POLICE,false,true
REC-000833,bbc88d47b540a264e471bd70,CASE-00200,WOMEN_CHILD_SAFETY,STATE_02_DIST_04_PS_03,STATE_02_DIST_04,STATE_02,CYBERCRIME_COMPLAINT,MEDIUM,true,false,false,false,SEALED,ARCHIVED,POLICE,false,true
REC-000834,d1bd194f0b0797c0129fc9bc,CASE-00289,WOMEN_CHILD_SAFETY,STATE_03_DIST_01_PS_02,STATE_03_DIST_01,STATE_03,FIR_SUMMARY,LOW,true,false,false,false,OPEN,ACTIVE,POLICE,false,true
REC-000835,dc4c3f3e77fc3a315713097c,CASE-00027,NARCOTICS,STATE_01_DIST_01_PS_01,STATE_01_DIST_01,STATE_01,JUVENILE_RECORD,CLASSIFIED,false,false,true,false,SEALED,ACTIVE,POLICE,false,true
REC-000836,39a638e6937d73cd596e9733,CASE-00131,GENERAL_THEFT,STATE_03_DIST_04_PS_03,STATE_03_DIST_04,STATE_03,FIR_SUMMARY,LOW,false,false,false,false,OPEN,ARCHIVED,POLICE,false,true
REC-000837,bf2181704489a082cfccfcaa,CASE-00130,VIOLENT_CRIME,STATE_01_DIST_01_PS_01,STATE_01_DIST_01,STATE_01,CASE_DIARY,HIGH,false,false,false,false,OPEN,ACTIVE,POLICE,false,true
REC-000838,008cb02f48fda282db462c68,CASE-00310,CYBER_FRAUD,STATE_02_DIST_02_PS_03,STATE_02_DIST_02,STATE_02,EVIDENCE_MEDIA,CLASSIFIED,false,false,false,true,OPEN,ACTIVE,POLICE,false,true
REC-000839,c386c9aef0d6bac0125fc3eb,CASE-00251,CYBER_FRAUD,STATE_01_DIST_04_PS_01,STATE_01_DIST_04,STATE_01,CASE_DIARY,MEDIUM,false,false,false,false,OPEN,UNDER_REVIEW,POLICE,false,true
REC-000840,667e91a0b9ccb9078757d9fa,CASE-00154,JUVENILE_PROTECTION,STATE_01_DIST_01_PS_02,STATE_01_DIST_01,STATE_01,FIR_SUMMARY,LOW,false,false,true,false,SEALED,ACTIVE,POLICE,false,true
REC-000841,bb0ee20c0620d29fd7232596,CASE-00045,CYBER_FRAUD,STATE_02_DIST_04_PS_01,STATE_02_DIST_04,STATE_02,VICTIM_RECORD,HIGH,true,false,false,false,OPEN,ACTIVE,POLICE,false,true
REC-000842,6eb3070cc91b9cf830a1ecb0,CASE-00051,VIOLENT_CRIME,STATE_03_DIST_04_PS_03,STATE_03_DIST_04,STATE_03,FORENSIC_REPORT,HIGH,false,false,false,false,OPEN,ACTIVE,POLICE,false,true
REC-000843,dc7ecde6650882062908b0d9,CASE-00219,FINANCIAL_CRIME,STATE_01_DIST_02_PS_03,STATE_01_DIST_02,STATE_01,FORENSIC_REPORT,HIGH,false,false,false,false,OPEN,ACTIVE,POLICE,false,true
REC-000844,a769243f3130615bff92a92a,CASE-00124,MISSING_PERSON,STATE_01_DIST_04_PS_01,STATE_01_DIST_04,STATE_01,COURT_SUBMISSION,MEDIUM,false,false,false,false,OPEN,ACTIVE,POLICE,false,true
REC-000845,71b13ba5ea5eddd1dd8aa5b6,CASE-00260,VIOLENT_CRIME,STATE_03_DIST_01_PS_01,STATE_03_DIST_01,STATE_03,VICTIM_RECORD,HIGH,true,false,false,false,OPEN,ACTIVE,POLICE,false,true
REC-000846,1ae63c6c5896953b40aa34aa,CASE-00026,NARCOTICS,STATE_03_DIST_02_PS_03,STATE_03_DIST_02,STATE_03,CYBERCRIME_COMPLAINT,HIGH,false,false,false,false,OPEN,ACTIVE,POLICE,false,true
REC-000847,611df5ff59543174c9f30992,CASE-00178,NARCOTICS,STATE_01_DIST_03_PS_01,STATE_01_DIST_03,STATE_01,FIR_SUMMARY,MEDIUM,false,false,false,false,OPEN,UNDER_REVIEW,POLICE,false,true
REC-000848,954f1d5e0ce6e0787f569931,CASE-00237,CYBER_FRAUD,STATE_03_DIST_02_PS_02,STATE_03_DIST_02,STATE_03,JUVENILE_RECORD,CLASSIFIED,false,false,true,false,OPEN,ACTIVE,POLICE,false,true
REC-000849,d7d8d1e7e58fe0de6096f7ff,CASE-00131,GENERAL_THEFT,STATE_03_DIST_04_PS_03,STATE_03_DIST_04,STATE_03,CYBERCRIME_COMPLAINT,HIGH,false,false,false,false,OPEN,ACTIVE,POLICE,false,true
REC-000850,f4972800f0988fc7dc7942be,CASE-00147,FINANCIAL_CRIME,STATE_01_DIST_01_PS_02,STATE_01_DIST_01,STATE_01,CASE_DIARY,MEDIUM,false,false,false,false,OPEN,ACTIVE,POLICE,false,true
REC-000851,6c5b59ecdcc1ae78ab5302cb,CASE-00060,FINANCIAL_CRIME,STATE_01_DIST_03_PS_02,STATE_01_DIST_03,STATE_01,EVIDENCE_MEDIA,HIGH,false,false,false,true,OPEN,ACTIVE,POLICE,false,true
REC-000852,a6951979d6b0ca29c516a2a0,CASE-00232,WOMEN_CHILD_SAFETY,STATE_03_DIST_02_PS_01,STATE_03_DIST_02,STATE_03,WITNESS_STATEMENT,MEDIUM,true,true,false,false,OPEN,ACTIVE,POLICE,false,true
REC-000853,f00953fe3c0b73fa1844aab5,CASE-00008,VIOLENT_CRIME,STATE_02_DIST_03_PS_03,STATE_02_DIST_03,STATE_02,JUVENILE_RECORD,HIGH,false,false,true,false,SEALED,ACTIVE,POLICE,false,true
REC-000854,6db7c5075e1c51bf79a23ffe,CASE-00025,GENERAL_THEFT,STATE_01_DIST_04_PS_01,STATE_01_DIST_04,STATE_01,COURT_SUBMISSION,MEDIUM,false,false,false,false,OPEN,ACTIVE,POLICE,false,true
REC-000855,2ddaa1320a373931336701cf,CASE-00246,NARCOTICS,STATE_01_DIST_01_PS_02,STATE_01_DIST_01,STATE_01,FORENSIC_REPORT,HIGH,false,false,false,false,OPEN,ACTIVE,POLICE,false,true
REC-000856,14cac1db740ca3069e8c9406,CASE-00299,NARCOTICS,STATE_03_DIST_02_PS_02,STATE_03_DIST_02,STATE_03,FIR_SUMMARY,LOW,false,false,false,false,SEALED,ARCHIVED,POLICE,false,true
REC-000857,843cf898ec16befab9bb0dba,CASE-00206,WOMEN_CHILD_SAFETY,STATE_01_DIST_04_PS_03,STATE_01_DIST_04,STATE_01,JUVENILE_RECORD,HIGH,true,false,true,false,OPEN,ACTIVE,POLICE,false,true
REC-000858,10ab373cd6bb33aba4e71b3e,CASE-00318,WOMEN_CHILD_SAFETY,STATE_02_DIST_04_PS_01,STATE_02_DIST_04,STATE_02,EVIDENCE_MEDIA,HIGH,true,false,false,true,SEALED,ACTIVE,POLICE,false,true
REC-000859,d4efcb9a9982cc5a71505982,CASE-00280,VIOLENT_CRIME,STATE_01_DIST_03_PS_01,STATE_01_DIST_03,STATE_01,VICTIM_RECORD,HIGH,true,false,false,false,OPEN,ACTIVE,POLICE,false,true
REC-000860,6ad9e4a02d6cbe34a4ed9e5d,CASE-00091,GENERAL_THEFT,STATE_03_DIST_03_PS_02,STATE_03_DIST_03,STATE_03,EVIDENCE_MEDIA,HIGH,false,false,false,true,OPEN,ACTIVE,POLICE,false,true
REC-000861,e5385c525aa0b8f6bd09732a,CASE-00004,WOMEN_CHILD_SAFETY,STATE_02_DIST_03_PS_03,STATE_02_DIST_03,STATE_02,CYBERCRIME_COMPLAINT,MEDIUM,true,false,false,false,OPEN,ACTIVE,POLICE,false,true
REC-000862,570fcb5882c79818b6fa7ccd,CASE-00021,JUVENILE_PROTECTION,STATE_02_DIST_04_PS_01,STATE_02_DIST_04,STATE_02,FIR_SUMMARY,HIGH,false,false,true,false,OPEN,UNDER_REVIEW,POLICE,false,true
REC-000863,7162ae3d12d0223d7f64f413,CASE-00044,WOMEN_CHILD_SAFETY,STATE_02_DIST_03_PS_03,STATE_02_DIST_03,STATE_02,VICTIM_RECORD,HIGH,true,false,false,false,OPEN,ACTIVE,POLICE,false,true
REC-000864,a9cbee3038e84f297bca5de4,CASE-00294,VIOLENT_CRIME,STATE_01_DIST_04_PS_03,STATE_01_DIST_04,STATE_01,EVIDENCE_MEDIA,CLASSIFIED,false,false,false,true,OPEN,ARCHIVED,POLICE,false,true
REC-000865,d920f7467ce1d45336ea4224,CASE-00077,MISSING_PERSON,STATE_02_DIST_02_PS_02,STATE_02_DIST_02,STATE_02,JUVENILE_RECORD,HIGH,false,false,true,false,OPEN,ACTIVE,POLICE,false,true
REC-000866,7b9873ced5a31509c43025a2,CASE-00210,WOMEN_CHILD_SAFETY,STATE_01_DIST_01_PS_01,STATE_01_DIST_01,STATE_01,VICTIM_RECORD,HIGH,true,false,false,false,OPEN,ACTIVE,POLICE,false,true
REC-000867,685db473c8326fc6f2ce18dc,CASE-00044,WOMEN_CHILD_SAFETY,STATE_02_DIST_03_PS_03,STATE_02_DIST_03,STATE_02,COURT_SUBMISSION,MEDIUM,true,false,false,false,OPEN,ACTIVE,POLICE,false,true
REC-000868,6bcf6ec8e79fb5cd0b4d23ea,CASE-00039,CYBER_FRAUD,STATE_02_DIST_02_PS_03,STATE_02_DIST_02,STATE_02,COURT_SUBMISSION,CLASSIFIED,false,false,false,false,OPEN,ACTIVE,POLICE,false,true
REC-000869,7dbc797b2f28d09c339d0893,CASE-00190,GENERAL_THEFT,STATE_03_DIST_04_PS_02,STATE_03_DIST_04,STATE_03,WITNESS_STATEMENT,CLASSIFIED,false,true,false,false,SEALED,ACTIVE,POLICE,false,true
REC-000870,1fa4d6bca4118e64a6aa1c12,CASE-00189,MISSING_PERSON,STATE_03_DIST_02_PS_03,STATE_03_DIST_02,STATE_03,COURT_SUBMISSION,MEDIUM,false,false,false,false,OPEN,ACTIVE,POLICE,false,true
REC-000871,93085d59bbfcecbde699aaeb,CASE-00265,MISSING_PERSON,STATE_02_DIST_04_PS_02,STATE_02_DIST_04,STATE_02,FORENSIC_REPORT,MEDIUM,false,false,false,false,OPEN,ACTIVE,POLICE,false,true
REC-000872,5d71ed3aa7f62c0f2b873f7d,CASE-00326,JUVENILE_PROTECTION,STATE_02_DIST_04_PS_01,STATE_02_DIST_04,STATE_02,FIR_SUMMARY,MEDIUM,false,false,true,false,OPEN,UNDER_REVIEW,POLICE,false,true
REC-000873,7afceb4a34e1bbb7c6eb147f,CASE-00194,GENERAL_THEFT,STATE_01_DIST_02_PS_02,STATE_01_DIST_02,STATE_01,CASE_DIARY,HIGH,false,false,false,false,OPEN,ARCHIVED,POLICE,false,true
REC-000874,2f7541feada906826bfe2619,CASE-00255,FINANCIAL_CRIME,STATE_01_DIST_03_PS_03,STATE_01_DIST_03,STATE_01,WITNESS_STATEMENT,HIGH,false,true,false,false,OPEN,ACTIVE,POLICE,false,true
REC-000875,5a022bb5b6a0d5861acb06eb,CASE-00329,CYBER_FRAUD,STATE_03_DIST_01_PS_03,STATE_03_DIST_01,STATE_03,WITNESS_STATEMENT,HIGH,false,true,false,false,OPEN,ACTIVE,POLICE,false,true
REC-000876,f2092b03763bf8212c814d3f,CASE-00241,VIOLENT_CRIME,STATE_02_DIST_03_PS_01,STATE_02_DIST_03,STATE_02,EVIDENCE_MEDIA,HIGH,false,false,false,true,OPEN,ACTIVE,POLICE,false,true
REC-000877,e114683a25bff76e8e848d9c,CASE-00249,MISSING_PERSON,STATE_02_DIST_02_PS_02,STATE_02_DIST_02,STATE_02,VICTIM_RECORD,CLASSIFIED,true,false,false,false,OPEN,UNDER_REVIEW,POLICE,false,true
REC-000878,858b3fe36acc7e4e879f12b7,CASE-00097,VIOLENT_CRIME,STATE_01_DIST_03_PS_03,STATE_01_DIST_03,STATE_01,CYBERCRIME_COMPLAINT,MEDIUM,false,false,false,false,OPEN,UNDER_REVIEW,POLICE,false,true
REC-000879,b729cf6c219827bfc5d59f70,CASE-00019,JUVENILE_PROTECTION,STATE_02_DIST_04_PS_01,STATE_02_DIST_04,STATE_02,COURT_SUBMISSION,MEDIUM,false,false,true,false,OPEN,ACTIVE,POLICE,false,true
REC-000880,95de19451c2ca7264b0032ce,CASE-00196,FINANCIAL_CRIME,STATE_02_DIST_04_PS_01,STATE_02_DIST_04,STATE_02,CYBERCRIME_COMPLAINT,MEDIUM,false,false,false,false,SEALED,ACTIVE,POLICE,false,true
REC-000881,8fe8ed23e88afdf428466ba5,CASE-00057,MISSING_PERSON,STATE_01_DIST_03_PS_02,STATE_01_DIST_03,STATE_01,CYBERCRIME_COMPLAINT,MEDIUM,false,false,false,false,OPEN,ACTIVE,POLICE,false,true
REC-000882,ecfb369b0f84a0bf378e9da9,CASE-00266,MISSING_PERSON,STATE_01_DIST_01_PS_02,STATE_01_DIST_01,STATE_01,WITNESS_STATEMENT,CLASSIFIED,false,true,false,false,SEALED,ACTIVE,POLICE,false,true
REC-000883,b011cf5ae48f4ee0fa784772,CASE-00196,FINANCIAL_CRIME,STATE_02_DIST_04_PS_01,STATE_02_DIST_04,STATE_02,CASE_DIARY,HIGH,false,false,false,false,OPEN,ACTIVE,POLICE,false,true
REC-000884,11ae01e13be999a8c96206da,CASE-00144,MISSING_PERSON,STATE_03_DIST_04_PS_02,STATE_03_DIST_04,STATE_03,JUVENILE_RECORD,CLASSIFIED,false,false,true,false,SEALED,UNDER_REVIEW,POLICE,false,true
REC-000885,cf8ebeb85a2905cc60220b74,CASE-00032,FINANCIAL_CRIME,STATE_03_DIST_04_PS_02,STATE_03_DIST_04,STATE_03,FIR_SUMMARY,LOW,false,false,false,false,OPEN,ARCHIVED,POLICE,false,true
REC-000886,eb98737f534a00bfebfcce9c,CASE-00033,VIOLENT_CRIME,STATE_02_DIST_04_PS_03,STATE_02_DIST_04,STATE_02,JUVENILE_RECORD,HIGH,false,false,true,false,OPEN,ACTIVE,POLICE,false,true
REC-000887,3f9f59a761f0bb3750c122f1,CASE-00187,CYBER_FRAUD,STATE_01_DIST_04_PS_02,STATE_01_DIST_04,STATE_01,VICTIM_RECORD,HIGH,true,false,false,false,OPEN,ARCHIVED,POLICE,false,true
REC-000888,ee55c8a6a4e3f5ecb860e4be,CASE-00173,FINANCIAL_CRIME,STATE_01_DIST_02_PS_01,STATE_01_DIST_02,STATE_01,FORENSIC_REPORT,HIGH,false,false,false,false,OPEN,ACTIVE,POLICE,false,true
REC-000889,38f15a3ade185dff0f95a6b9,CASE-00075,WOMEN_CHILD_SAFETY,STATE_03_DIST_04_PS_02,STATE_03_DIST_04,STATE_03,FORENSIC_REPORT,HIGH,true,false,false,false,OPEN,ACTIVE,POLICE,false,true
REC-000890,371a23d91f7294df8b697c77,CASE-00141,NARCOTICS,STATE_03_DIST_03_PS_03,STATE_03_DIST_03,STATE_03,WITNESS_STATEMENT,HIGH,false,true,false,false,OPEN,ARCHIVED,POLICE,false,true
REC-000891,3de35c117f9aa817f83b27dd,CASE-00271,VIOLENT_CRIME,STATE_01_DIST_03_PS_01,STATE_01_DIST_03,STATE_01,WITNESS_STATEMENT,HIGH,false,true,false,false,OPEN,UNDER_REVIEW,POLICE,false,true
REC-000892,ef5838cb7e4a200ccefb59aa,CASE-00179,CYBER_FRAUD,STATE_03_DIST_02_PS_02,STATE_03_DIST_02,STATE_03,FIR_SUMMARY,HIGH,false,false,false,false,OPEN,ACTIVE,POLICE,false,true
REC-000893,cb793269b02e796bfd041c17,CASE-00236,MISSING_PERSON,STATE_01_DIST_04_PS_03,STATE_01_DIST_04,STATE_01,COURT_SUBMISSION,MEDIUM,false,false,false,false,OPEN,ACTIVE,POLICE,false,true
REC-000894,873c7de1d90814943680a90d,CASE-00186,CYBER_FRAUD,STATE_01_DIST_02_PS_02,STATE_01_DIST_02,STATE_01,JUVENILE_RECORD,CLASSIFIED,false,false,true,false,SEALED,ACTIVE,POLICE,false,true
REC-000895,64ea53e96d98bd809e79a9ef,CASE-00171,NARCOTICS,STATE_02_DIST_02_PS_03,STATE_02_DIST_02,STATE_02,CASE_DIARY,CLASSIFIED,false,false,false,false,OPEN,ACTIVE,POLICE,false,true
REC-000896,715cb0d4c70f21586aa29ac0,CASE-00337,NARCOTICS,STATE_01_DIST_04_PS_01,STATE_01_DIST_04,STATE_01,VICTIM_RECORD,MEDIUM,true,false,false,false,SEALED,ACTIVE,POLICE,false,true
REC-000897,9e07dff2b8dc1dd1a0637d25,CASE-00127,WOMEN_CHILD_SAFETY,STATE_02_DIST_03_PS_03,STATE_02_DIST_03,STATE_02,CASE_DIARY,HIGH,true,false,false,false,OPEN,ACTIVE,POLICE,false,true
REC-000898,4ffb3f05d4241456901410f6,CASE-00168,NARCOTICS,STATE_02_DIST_03_PS_03,STATE_02_DIST_03,STATE_02,CASE_DIARY,HIGH,false,false,false,false,OPEN,ACTIVE,POLICE,false,true
REC-000899,329489987bf6e3ab7bfd4769,CASE-00205,FINANCIAL_CRIME,STATE_02_DIST_02_PS_01,STATE_02_DIST_02,STATE_02,VICTIM_RECORD,HIGH,true,false,false,false,OPEN,ACTIVE,POLICE,false,true
REC-000900,993302f952e97c82aaeeeeba,CASE-00004,WOMEN_CHILD_SAFETY,STATE_02_DIST_03_PS_03,STATE_02_DIST_03,STATE_02,VICTIM_RECORD,HIGH,true,false,false,false,OPEN,ACTIVE,POLICE,false,true
