event_sequence,event_id,timestamp_utc,request_id,requester_officer_hash,requester_station_id,target_record_hash,decision,primary_reason_code,policy_version_evaluated,request_content_hash,decision_hash,explanation_hash,audit_anchor_hash,event_payload_hash,previous_event_hash,event_hash,log_signature,signature_algorithm,audit_log_version
1,258c64515d9527b7358a04fe,2026-05-27T00:06:00Z,REQ-000001,a1e23926bdb89d718dc0ff23,STATE_01_DIST_01_PS_03,8f79339c7d2dbf517d8d6680,deny,DENY_TRAINING_PURPOSE_FOR_SENSITIVE_RECORD,P-2026-05-STEP2-ORACLE,998a6145bc42c8de5ba00f247b03d1e19dac6a93ccf7b3bc9a8d561ce9a0a42c,6f5cc409253d8f79a0eed3379ceabe1af269488edda5c9ae45ec06ad402596e5,435ab3df44e4dfcb6d40e2c820f8fac99c45aeb8526f05dd8c20c62fa6e630c3,d5e3c4647a6c91163ecbea64a65d22d7caa763944872a61dbb04c0d2f2721504,20836dd86213b7006f4e70ac06ceaaab96086a402ca4308318e598dde3d0fedb,GENESIS,9249276d323a70d96814c95a02eeee2dd64d758a61f01917d531ae2826be1b75,8a362c30d29b0e2f44865300cb05176380022956c787d098b8fdce476dc65b02,HMAC-SHA256-DEMO,AUDIT-2026-05-STEP3
2,ad57809f477e0dc0882515b7,2026-05-27T00:08:00Z,REQ-000002,ad021cf14b60633e375d65f6,STATE_02_DIST_03_PS_01,f7101a117c40b4575c2fcf36,escalate,ESCALATE_EMERGENCY_REVIEW_REQUIRED,P-2026-05-STEP2-ORACLE,d50b6a82fe7806f2eecd4e0a51e5aa640f8b9246f2394ee76a619d85c6fa4961,32db2b13efdca7f4dd545bcb604737bd0286674c5ccbe593e7490ac347f37b58,7cdf6b4067235207f006ca42550991dc8cfc5acaa4868812e9888601de9acba5,fa05f032ebe2b5bd79bc3fd5294c53176f2d98f6d92a63b7393075fd05877cba,529486850610f1972b366269dc6857f95dd1b52319fa94d05dd0dbfdfec67c6e,9249276d323a70d96814c95a02eeee2dd64d758a61f01917d531ae2826be1b75,1f983368cc7be5fce15c7325fe03af9b1e0db62d7e5e727a1fd9e3603ef1415e,98162711ac4d04f77fb22ca9b274718f7364ead66ece75a566f19f7809394de9,HMAC-SHA256-DEMO,AUDIT-2026-05-STEP3
3,887b33ae5df4278aacb2400f,2026-05-27T00:33:00Z,REQ-000003,6734000e8363d6ae298dddfd,STATE_03_DIST_03_PS_03,56ad840f9fb936d6e9bc5567,escalate,ESCALATE_EMERGENCY_REVIEW_REQUIRED,P-2026-05-STEP2-ORACLE,9cb540e65244c205e810f306f7273587172a512d3d92fecac61fc0e3b07b70dd,3b73034940cfd062b08e776165b73a25950493534cf40f0a1a58cdb1990304ac,7b9e48657f712787826db21ee61f6b8140965d618ac447591899bbde82495efd,996056aa928c02615fc54f848ccfb1d4f788a0c034c2f414a5472466a6bd70fd,5a66898b9ec13c05029337f6100027d686ee96525690cfc08c457b1548d50a22,1f983368cc7be5fce15c7325fe03af9b1e0db62d7e5e727a1fd9e3603ef1415e,388c10e4b2dfcf0e740721bbdce0942ab4dc3a716c6135abc1b1bd75e90a3759,103166e76b6729e201f888cd9d34388042d61f7c54e567a3d9de642428113a68,HMAC-SHA256-DEMO,AUDIT-2026-05-STEP3
4,f2d0598f7b10c968e09f0d9b,2026-05-27T01:08:00Z,REQ-000004,88db5c4f1341722984d72ca6,STATE_01_DIST_01_PS_03,7dbc797b2f28d09c339d0893,escalate,ESCALATE_SEALED_RECORD_REVIEW_REQUIRED,P-2026-05-STEP2-ORACLE,dbf03a77bd0a4b931cadd43c92bcbfde12f51208eafc9264015e41e183becda7,6041d47f46218fed5bff24cf010af6818eaee6d4f94493c473940cbf3f695e17,337871f2fc3d90e27dcb78ff88f7d18367382001a47ac8d2b955057a196656ad,9f400ee3b44565522beb7cfce1c9a6aa5c4be7e1520f66f903babff0b2f462ec,4bbb93312c5ddea49f7c160f184bdd9fac8a50111773b48187b9ca1d2a1d5c2b,388c10e4b2dfcf0e740721bbdce0942ab4dc3a716c6135abc1b1bd75e90a3759,3214d0d5a84995a42a6d198a89686124b243d475b590a0753242d152eb723fa9,f0eb6a3e8646dd593cb6aa1b2a7f1c81dceaf85818278369ce439e0969a7e07b,HMAC-SHA256-DEMO,AUDIT-2026-05-STEP3
5,21f567c7f6d0d774b1c1345d,2026-05-27T00:50:00Z,REQ-000005,b012e7e4d1319033c362fb26,STATE_03_DIST_01_PS_03,d7f5f5e94d3e5229dcdcc76e,deny,DENY_STALE_CASE_ASSIGNMENT,P-2026-05-STEP2-ORACLE,db62d508091c30722be2e50baacb762b402c09614a40373e8a3be41564d4bfa9,761feb66c26b19c8ff2e5ae8b7dd5c652e2d21fe63d102a4bb490656b69f9379,8c6819e054d9667bd1498fac26cf72196876dc575c592e45f29a8afe328851ff,bc4c7de793011a2c56e8e8b9cabd442126b0cb7666903792d611bdd87326cf30,9a812b993e27af824680c7c5fe1496db36731a2fb790b0b50626b90b7617123c,3214d0d5a84995a42a6d198a89686124b243d475b590a0753242d152eb723fa9,024f0c8a518910b1af8bfe29c0056081d9fcf06fb6bb610853df6121bcc3a70a,85023bf52619657b1825ea7e9fa8b2ff84d939b3e9b411acebc41c59919cbf36,HMAC-SHA256-DEMO,AUDIT-2026-05-STEP3
6,c995326556dc83a830f6ea48,2026-05-27T00:30:00Z,REQ-000006,8a7aea37c451a80fdc290e57,STATE_02_DIST_01_PS_02,621a5b8525c112683611c655,escalate,ESCALATE_SEALED_RECORD_REVIEW_REQUIRED,P-2026-05-STEP2-ORACLE,8bbbf3e2051adf8a578750e2b27a7faeac0fa368e4ff49f8815d19e34aaddc01,dcbabcc815b41f3ba5a1a35a759ade31ee7772a68d77ef0d0cb71d561c014fb4,a0811d0a676bdb9b3eb3c88bf3d6b3bcc7b30e1fbc94fad43b68097877228817,c2ee026ac31686169a0f4149bb314c548d62fc4e1ea0771334126a10a39d783b,d31048cfb3e621914d4f5cc341a440157321695bf6065c891e77777a22e08237,024f0c8a518910b1af8bfe29c0056081d9fcf06fb6bb610853df6121bcc3a70a,45b77d0c6d5775ab2a30fdb0e23f3b0dcea4088b1c44223ce736b7cd58a78a65,add8a5bfec9ed63a19a6d75a2d1911aa2d463372aacae57cd9d8a8da04aa2d4d,HMAC-SHA256-DEMO,AUDIT-2026-05-STEP3
7,93d337eab9b9d3e4f26616a5,2026-05-27T01:03:00Z,REQ-000007,8ec325482a0f9259719128c5,STATE_02_DIST_02_PS_02,92872ffb7c6c9c30fc3afc0f,deny,DENY_INACTIVE_CREDENTIAL,P-2026-05-STEP2-ORACLE,1a6617150d4ae02b6f57661846bdcdbfeeaa1ecf81ef461c2f88ed0ae3b940c7,e0444621b1ea8fb1ca71be543f333719952662bfb5d9ec968e89afd1b1e78f92,d308edd9fe32c7301059f3cf4b29f50380ea835de7122e52f4831ad15e4bed6e,44297e443fe7830885b79b2c84716eb6992b3f679579dd72c6d0854839f395a2,ea2905c79ac466b7b6cb8f281283b70746759f68dde112df3ddc8aac6869fd56,45b77d0c6d5775ab2a30fdb0e23f3b0dcea4088b1c44223ce736b7cd58a78a65,35d7060db15ab3ba566bbf2f096cfc122251d14d58408561df04964dfaff5d6a,678c0d692177ba3406afeecdf767b42723e0acef18e74ae51ee0e9205d8821a8,HMAC-SHA256-DEMO,AUDIT-2026-05-STEP3
8,8dcb0c2bd33b30afd3e234b8,2026-05-27T01:36:00Z,REQ-000008,4ee0497be96c65e5642e3a72,STATE_02_DIST_04_PS_01,c6a572862caa5832f9d55a39,escalate,ESCALATE_PRIVACY_SENSITIVE_RECORD,P-2026-05-STEP2-ORACLE,f964a7db963192e03c6088ed474ede526180671017ef1c79c2be624a06ca1ce3,9a06c44faed5f3dbcaa6d504192969e850bf8952a30c256bc6211f778127ddfa,c2ec676f6c3cbef86ef36c33c5f9593f04f6c4421e8034e6adc440691fe232a6,6acd3544babb64b244ab0fa7373f5edc1fe1e1bdb92d4219286ff3a525e00f39,cd3a0ecfcb02ffdcca0db67b97930a0eca2343be1dda6c7dccc814133c9a88c9,35d7060db15ab3ba566bbf2f096cfc122251d14d58408561df04964dfaff5d6a,05af50c150abf76ae04118c52a4e97040b60d00ed0b2969fd6f1ea28b680258e,2090e885db2095ed0fe303a71577c5990b960b9e5f8b3152d20899c7b65f83c9,HMAC-SHA256-DEMO,AUDIT-2026-05-STEP3
9,a397f1c4a5432073ddb7675b,2026-05-27T01:12:00Z,REQ-000009,b20f60775fe6a25591c31932,STATE_02_DIST_03_PS_03,79c28dac3a5963ddb5d05b71,escalate,ESCALATE_CROSS_JURISDICTION_SENSITIVE_RECORD,P-2026-05-STEP2-ORACLE,150fa3600cc6a3132d18b529ac9c9b54470f1aa0d979cd9bc9715fe092d46081,2b939003abf10acda51aabee99795d0e88b9c98bbde0084f9bb47e5d3720bab7,6ca3bfefbcfe195e4804d73a2b4c69401c9a495c97b9fb7a7eaa5840404c541c,2b85a3ecf90a4c550e40906b89c755f66c431cde303fa664798f74ed21dcf317,ae67742b7d7f33db2d1e35aca285db5ed05d17d998e0f8a6f421077041bf0dfa,05af50c150abf76ae04118c52a4e97040b60d00ed0b2969fd6f1ea28b680258e,f6fa33b89429b547b25bc5ccfffa1375ab23b3bee87684fc628d2a94f5ecd858,dab261f515fed78213572f7b628abccf2829c7e26432668cc7eb2cde6f57f4bf,HMAC-SHA256-DEMO,AUDIT-2026-05-STEP3
10,dd9c90b7d150aff259a65faf,2026-05-27T02:10:00Z,REQ-000010,f1cd31d43c526f5a63bbd87e,STATE_01_DIST_03_PS_02,2e977ba934961ac3b1ab490d,deny,DENY_SEALED_RECORD_WITHOUT_COURT_CONTEXT,P-2026-05-STEP2-ORACLE,01cced78d269d1e30215834783bb2ca1b3debb530061e5e5aab055051d54ef46,2e74b6711682173e264be28b1c40913acc3331fc9f84ec982811204aa72a7837,801f14e2f48a4bfc69c4081cfb4bc8e9ac4a8e8db88d338f91910d713d8a1e09,459ffa3687c709c84468d8edbeae37fe795e22c3f7e6bbb85955c19a7a416ae1,ae4455180748261bf63af46b95748298671d7b1a1bcc1d331333df136bb33258,f6fa33b89429b547b25bc5ccfffa1375ab23b3bee87684fc628d2a94f5ecd858,667dc39add4a0cad31feed20a8feee9d1618d4419e87e2b8d59dcfd368b772d7,8fc9f96024a07f6006beda71522b74f39c4a479c26a94e809f554eadebe1398c,HMAC-SHA256-DEMO,AUDIT-2026-05-STEP3
11,3a1814f3f0a0184ebe057005,2026-05-27T03:07:00Z,REQ-000011,da8724df1e30e5c801778777,STATE_03_DIST_02_PS_03,2a72e9e4ca2925b1a4edb88a,escalate,ESCALATE_PRIVACY_SENSITIVE_RECORD,P-2026-05-STEP2-ORACLE,3bc7c4c9a11fae46018bb2b8958ef0bb80c30d87747982efb908eafda9377654,6a4e6a0802584a1aad1bf93ef57fb99e2c5570ef6bec81ee9ab29254b40ba6a3,da562da4f56d5e80e6ab78af754b8f1dcefb411bebf4396e60330b9de866ade0,5144a33b643ff44ad74de55596c74d3a5d8da4fc1c5594f7b66ae1a122144200,e763fbb16fa4501d3cf9a59b44b4773c05b119afab013ff035263e74438517e2,667dc39add4a0cad31feed20a8feee9d1618d4419e87e2b8d59dcfd368b772d7,80c869a84ca37909ec9871af1386ca51bcc10db43802f364130430e59c5d0b8b,31835fe600818563bd0c1afc3850c017176c419a7f13a5aec24084de2e930b8c,HMAC-SHA256-DEMO,AUDIT-2026-05-STEP3
12,d1b1355902f58527646ac932,2026-05-27T02:36:00Z,REQ-000012,5d49251d25024e2ef906fcfa,STATE_03_DIST_01_PS_02,1401f3e1054a0aaab0eeff1c,escalate,ESCALATE_CONTEXTUAL_REVIEW_REQUIRED,P-2026-05-STEP2-ORACLE,21ab328943d532f4cc483d4cbae5df6702a76961a745b509ced6bb0ad7643736,fa76f23351fcbe45a120c3ba941ced19dc37fb1522924141fb4dbc09fcfc1d60,d0ece9fc2e5e9a14dd39d669176a60b422a15632ba33b6135f6d8973163a2269,9d9acd7299e7505118f15c8b707b84d7cd3a5f85f17931f0b6398c253bc7db3f,d8920bdf474336c395d4f74a07ec61904354cc99dc856526e8ea9f53507358a4,80c869a84ca37909ec9871af1386ca51bcc10db43802f364130430e59c5d0b8b,287aefcf181160fa7ee853b1c259b98c5f19b865033457756bf26eb2d0cbdca6,a7b6354a7b271397cd7137872e27625ce1befbf1cb9ebe098d071a33e68d0612,HMAC-SHA256-DEMO,AUDIT-2026-05-STEP3
13,a899d6d116b724e5b8ecea1a,2026-05-27T01:18:00Z,REQ-000013,5f299dc3f248e4c74232aab4,STATE_03_DIST_03_PS_01,f8d01d9519981fbe6119c784,deny,DENY_EXPIRED_APPROVAL_TOKEN,P-2026-05-STEP2-ORACLE,c8667ad1b7acfd9d19164edcc2c26b200bcd976f50ccf00dfe93315bd9830872,139bc1f9581268cb86929961aaf0b485dec161f785defd829e8f03dfbb660503,a0e1fcd79aa34af3ff811fa17177225370c6d86dcf7db54a355518790ea1e37a,1e53a22e229123cea4dc6f3042277fc00177301a2b98e611addfa8349f18dbba,fe0df68e19367dd546f642f074368d8f480ad8f7e653b2e208c5b577f856d0d4,287aefcf181160fa7ee853b1c259b98c5f19b865033457756bf26eb2d0cbdca6,6da2b28e365812c76e227aadb329c00066557ad832667c6f2afe7e1ea7e3cb81,9f6e48a8839ed41248a9014ce7f71f96480709db1d8d5c35d228884e0f5a122f,HMAC-SHA256-DEMO,AUDIT-2026-05-STEP3
14,e5f4baf9852cb3faeb6ff432,2026-05-27T00:42:00Z,REQ-000014,750741a21ba1ad37a768df1b,STATE_03_DIST_01_PS_01,1922b95ccc37339a4045c508,deny,DENY_SEALED_RECORD_WITHOUT_COURT_CONTEXT,P-2026-05-STEP2-ORACLE,d3185d53a3c9b46fe972e19f53ce5821f1e8efa66394dab7a5ff1d3121f37c0b,bd428554c03de1bfa5b299e3c582bbf1443062f123502b8d00ec3d954c7f714e,c745d9255261f7d83126e0f92d5ed4c48dc41db2f78abfafeac7e1b8ea8bb746,9c5f5030129c3e4a1a5ae38840b7c3b11a764d063b5ab0aa52d316b88e204688,0aa1f6dca25883ab0d7da86ffdf842d84cc8ce845ed2ba55a59b91ffcb68fe4d,6da2b28e365812c76e227aadb329c00066557ad832667c6f2afe7e1ea7e3cb81,db96ad8dede1ac78310b496e00cf19e3564e615e6c52562e6576c190184f7f96,26599aa6ad45cf9133dd2729eb9c3384ae8948de200dd31893126412da2f27d8,HMAC-SHA256-DEMO,AUDIT-2026-05-STEP3
15,477f2c1c140433facfb5107e,2026-05-27T03:30:00Z,REQ-000015,69b61a8c9ab3b270d0f7db2e,STATE_01_DIST_02_PS_02,c037395aee2e6c54b7bdb5ce,deny,DENY_INACTIVE_CREDENTIAL,P-2026-05-STEP2-ORACLE,1a71a35164fe27010b48659409e55c5b350a671ab0c5f77825ffcca780b14cc5,ce0f3b222a20f46a2710de2e6563c4b07bc6bc12935f0fa917142985e1c40752,7138a3d4fd26721c34e4e243c3240772c0dd005b2152c3e6e4ce997ea5dc474b,dfb145f4f8beec76b41e779cfd51c03cbb6bdece1340839a6cf0ede43e11cdca,49897ef1ca7c52e7e4f75f4aef57ee6a2cf6e6e8df81f075154b8682598de58b,db96ad8dede1ac78310b496e00cf19e3564e615e6c52562e6576c190184f7f96,a10888f664d52dc145275fd29cc17a625694ba5b2a2fcc07d94e6603030b5189,c2650c3e0bbb79ff62b44f157e09d5c988dc62fc7f1074167fb371d4af651a1b,HMAC-SHA256-DEMO,AUDIT-2026-05-STEP3
16,1a3c5b4031d4160d80aa5397,2026-05-27T03:28:00Z,REQ-000016,769c0f71f92a8b49e252746c,STATE_03_DIST_02_PS_03,19c0033126dabf1c18a8e634,escalate,ESCALATE_SEALED_RECORD_REVIEW_REQUIRED,P-2026-05-STEP2-ORACLE,7817cb64497c446dcdab1085a75eefbc2d79226c831afc6ef0e488256261f361,e3ab46329f16ce8facd507c868fb2fe49cf9fc189569c3e7cc8d97b8fa75951d,0a6077ac90e218d008d40e0727d2e9e82e208cb4b1ac8b3cf0ddf925fd05dfd0,aa1e80d51ff33e1e8a6d607c9380c8ff507dc9aa7f8e0ee57d161a8e359fe54d,70bae0f8baf3f253f7754bf277770b84097b44bfd42a5497381d3d705dc279fa,a10888f664d52dc145275fd29cc17a625694ba5b2a2fcc07d94e6603030b5189,5ff69163d52ccf98ecf1969c6531e538c743a3dc87daf55cef4d9aec05c930ef,d2f9dacd4d54f1c040d3c73a9cbfa8db4688e8fbabfcd2386e45c3de4c0a7fd4,HMAC-SHA256-DEMO,AUDIT-2026-05-STEP3
17,711608cbe944ca7a527c27bb,2026-05-27T03:24:00Z,REQ-000017,17c3357ea795f04352db1db0,STATE_03_DIST_04_PS_01,570eb7fa38bcf5f5722f7399,deny,DENY_SEALED_RECORD_WITHOUT_COURT_CONTEXT,P-2026-05-STEP2-ORACLE,7ab447a2ccfb62b50ee47bd7822e1dc532f31a525950bbacbc5de62d876d92cb,2ce50c33ea95ead30aa39098348e7f2bfbafaf3ebac91d04f86e63030017da6c,3873973790cb79e00505cb47bb54003724a4b681e42e5e985ec9e141da4e5405,34942c977de382ae81323da5aa8dd5400bb69cf3260873cc2868a8468bbb0854,4b40e4ef2f0c76f53a421f0a004e3e0f7c6bac6383446d18350d44a780cf8ee8,5ff69163d52ccf98ecf1969c6531e538c743a3dc87daf55cef4d9aec05c930ef,0a1a1e38f7c82e038a210bbce2efa7e5a70779eb0f549a114b4ae0b68f5cf1a5,cd188163713f089725971b4808e06cd0e9c8e97a90a2b6c60549bcf926269b5c,HMAC-SHA256-DEMO,AUDIT-2026-05-STEP3
18,85b86328df65f95e997aa38b,2026-05-27T03:54:00Z,REQ-000018,4718492e22f05239e76383dd,STATE_02_DIST_02_PS_01,baf86b559647425ddbc4733b,escalate,ESCALATE_CROSS_JURISDICTION_SENSITIVE_RECORD,P-2026-05-STEP2-ORACLE,2e5e2ec37a0816a1df9405c78a5b77344ad3459bbb4cc387a319e48d55ac3edc,f8be2fdec5b7d41966661a7ba617d3bc3435999f79adb6f986846c2f3b6fcdb0,9eca7bd9d33b5456d9e9584e27e33cf88ed5f5eb06173b60c03c59b3ce8274a3,456989eb2dfebb7f89fb9780d65d18aa2cce23fb136809b34d51bb3b70c822eb,d0a464cf84b2879ea299b4443111e7cb8618ae8b52568a6699cfad091d8c08d8,0a1a1e38f7c82e038a210bbce2efa7e5a70779eb0f549a114b4ae0b68f5cf1a5,eb2c4f4f22c7171813655b1c9947876baec57c45d0995c06daba7ffbf58fa304,c62dfdb70132044c0d1f575ed9727dc3ee4c4425fb447a8d98cfb12d81c5e103,HMAC-SHA256-DEMO,AUDIT-2026-05-STEP3
19,4ac568b8a5964b9942982b44,2026-05-27T01:54:00Z,REQ-000019,5250e04b75f9aa481b9f2c6e,STATE_02_DIST_04_PS_01,2ba015c222df82621a60df37,escalate,ESCALATE_PRIVACY_SENSITIVE_RECORD,P-2026-05-STEP2-ORACLE,eedaed1943c48e587a5d3ab706bad4801697b14ea6ac0ae9b34a0c53b057d034,b8cd0ed3949220e359634295390e5237fe2e388c4d90da1f2ea339430803f0a0,e97ce88c192408f96e6c3d0a6e10a7224647ce210ea35856df431db81f8a5ebe,b0f91291ab9c9dc27c237f3702c34fb962dd1fdde192a7e7a56fb4e89443d7b6,84352bf8182bc0fb6ca8a5891a5dbb637218c8e35b5b1f69c0425024add5e6d8,eb2c4f4f22c7171813655b1c9947876baec57c45d0995c06daba7ffbf58fa304,684482777bd84eb298735241557f0334a10c9c4f8ae2ff45bfb58f12d30864c7,e49b2f965bac86b72c6bbbafcf5564244ec231f6a48fb82c6d70cc82f2a0bbfb,HMAC-SHA256-DEMO,AUDIT-2026-05-STEP3
20,9f7f189303234242b9720de8,2026-05-27T05:20:00Z,REQ-000020,a7db164c4af844793a01db35,STATE_02_DIST_01_PS_03,118bf6e235079ff659306fe5,escalate,ESCALATE_PRIVACY_SENSITIVE_RECORD,P-2026-05-STEP2-ORACLE,644c499f27aa58af14a8b2dd5f103377bc51b316d8dad191af6ad9476eaac575,f0c27584dc581a624beedde0b9da0c0db9ff3c68f54b5555cd9adc70a0b0c0b7,88450b695c5f20a48aa4e0820f4f89d1dd7e1a8e260a649dc136b87d6ee2a3b9,93b0eb2490f27f974cb1de0f1dfe0ae04742972b49360ae07257209827b29264,550f6531bbe2117a313279e32d40fa3fe16f099ba341e394bc32260fd0872cff,684482777bd84eb298735241557f0334a10c9c4f8ae2ff45bfb58f12d30864c7,3add8c0a3f484929fd81ac783359ff7692ab257741ec101a76ba0b827e16cb09,a3ea37843c6377f9eec143f5344f1f9fe53852ae5e31b814c849144646384853,HMAC-SHA256-DEMO,AUDIT-2026-05-STEP3
21,4fb4af578bf48358a791564f,2026-05-27T03:51:00Z,REQ-000021,f1533940112c34367e3740e3,STATE_03_DIST_02_PS_01,fc498ccdbed501011d0e55db,escalate,ESCALATE_SEALED_RECORD_REVIEW_REQUIRED,P-2026-05-STEP2-ORACLE,1d17f6fd98c449f5ce4236bf18bc1c786c1a24541ca609cecaea4915512d25d5,1be38a08a1805b19b84f08bb43f92fd7b298f114a01e2b32d9c0b6a77797c44d,6794c900d4d186f1310d87d8ef72d18f6f9fe46efce9bb30b87dd0ba575305ce,55f15303290785327af038b6629b01ce00a2c0a8bf725e00b6432bfc30137197,da5030b90766a28816bc81a5f912809faa2a6c8403f6ae6c5b9b2b78c8a68427,3add8c0a3f484929fd81ac783359ff7692ab257741ec101a76ba0b827e16cb09,3dea72e010951bc45f093a4d8fbcba0e448b2a85e0b166092e31257367e7ae3f,7ba31a1451493173db414c32a55d7f848eaa3e22c2cdf12b9d90be03908fe55b,HMAC-SHA256-DEMO,AUDIT-2026-05-STEP3
22,bfb3ff8f5bcdf3f7c26b532a,2026-05-27T02:34:00Z,REQ-000022,73518b37a439a4d90b18903d,STATE_02_DIST_01_PS_01,8d8ccd21b2cc1f62311c5630,deny,DENY_INACTIVE_CREDENTIAL,P-2026-05-STEP2-ORACLE,5a264479c83a3775e6b7e06d1f9150d742f6b1b455babe6b0e0394d7130c26bc,686cd3c8712f9a4298391b96ebaddec4c52d773997ef5373b753bb88e695a81e,d1d5e77ee0e13449dd73a1d4493438f635a44c961273292a78abd611416db58e,a708a6c876a538df04bc1ff80e368fde4d2bc4a85bde0ba7979b9fbc360cf861,616a8fcc7fb129c28a6be66e35e7bc1089bf2f6ba36f7e7e01edd0afbce6f1a6,3dea72e010951bc45f093a4d8fbcba0e448b2a85e0b166092e31257367e7ae3f,5159f17a1c10aea1b5008b864a035a1b088418865ae126885a8a1a1a54ceee90,97cc4275cf7ef0bb66dc45e02db4fd3cf342c1f5fe3c45c55c0d6eb1faa8f630,HMAC-SHA256-DEMO,AUDIT-2026-05-STEP3
23,456c12f9167bee8547e8eba5,2026-05-27T02:18:00Z,REQ-000023,934e26f772b73b1d824939e2,STATE_03_DIST_02_PS_01,371a23d91f7294df8b697c77,escalate,ESCALATE_SEALED_RECORD_REVIEW_REQUIRED,P-2026-05-STEP2-ORACLE,31e1c195772bbe108af69cc97e72ff844d5263d4944d5cece26560756597713e,3952111d977d939172311190a2375051ba1be3bafaddd3daa063d2d1dbc44356,d96ca835d07b96063f7295c0c9f98f3b02fc7ac207b4f1e03e3db7c4f6162123,e7b76cabedc7fd8faa3db7648abdcafd5f65225f5ee40abb39058deb703b9b55,383fef17dac7021596c0ddc5fe242bcdf35d5ee1270472fc1f6bed7bc278f723,5159f17a1c10aea1b5008b864a035a1b088418865ae126885a8a1a1a54ceee90,3380ea634abefa8663246d993c7c7575805267d61d3cf01c82c5aadbb57dc5ff,bf7d8691fcd7c1004cb2826039d4a3ec725684091ae3eac66199fa28b8e8ecd7,HMAC-SHA256-DEMO,AUDIT-2026-05-STEP3
24,071664680da5c0dc74dd0e52,2026-05-27T01:36:00Z,REQ-000024,59518bd254aa8c0d0b7a139c,STATE_01_DIST_01_PS_03,1b1414b71469f9459ee02ce9,escalate,ESCALATE_EMERGENCY_REVIEW_REQUIRED,P-2026-05-STEP2-ORACLE,a629832245f45570fcc621ba6d87b5b7eefa398ae6d22db7099359879fa9a0ec,013eaa1dbbad2c95cebf348d76715e92db1720386b23ad628f8d7b183c44dd13,ebf747dfbc2f8a392f74bca6317e1ed05cda6998216883fc0fc0ec87024e2228,fa720d06501bc4168c4d49deffdf17ef4547f38d7fe0cdd076e87089e3a6a66c,ce0ccf2ddf02d6c189600f1fc5c6430c4e5a77d12dc01e5eecd3362853ccc7e3,3380ea634abefa8663246d993c7c7575805267d61d3cf01c82c5aadbb57dc5ff,86e50e3e598a57ec855ffebd6c60e91330b862738383b20029d06143d24ffb9b,3425c4928d87349ce17cfc0140857125fa04d140a1552bedaa9f828e9f890621,HMAC-SHA256-DEMO,AUDIT-2026-05-STEP3
25,a4619eb0f8a895e6071c9a08,2026-05-27T01:15:00Z,REQ-000025,fe341f3994ddbba307367393,STATE_03_DIST_03_PS_01,a638e70808e21ac763018336,escalate,ESCALATE_PRIVACY_SENSITIVE_RECORD,P-2026-05-STEP2-ORACLE,d5a6fc400f3990dc9388a4c0f104468313a8938d8d55b141b4af8cd1309e3c9d,52b2e61acd884004dc26dc1c078f70a54da56a33fdedf43e85aa25c5d763a4bb,729b78082d6a0a11e0677f008f344ba43f8187386b6090c6da1e402164d34ec9,2f2009092c9a531a3354901ecaeca8c1146c625e2616070b821c29df52fcb557,facfe467ed4796abcc0b97af2bae617706045d97ee57b89d1b42b74b0e488689,86e50e3e598a57ec855ffebd6c60e91330b862738383b20029d06143d24ffb9b,9cd2f5cefe091cd3caa11eeb7249781ab4739450379019158783061c70714950,99bcf93e6c6817f0ebfdd68c9f9ece4e251fc1fed912478d19d7473faed47acd,HMAC-SHA256-DEMO,AUDIT-2026-05-STEP3
26,9222c5dc39005167c57cfd78,2026-05-27T06:04:00Z,REQ-000026,95ff51d542090c1b60accce5,STATE_01_DIST_02_PS_01,21cd1407a639ec217457fb46,escalate,ESCALATE_PRIVACY_SENSITIVE_RECORD,P-2026-05-STEP2-ORACLE,16b14135e5127a7ec51f9cfa90f5fe4f684fab34ec74d74acce25849bd307117,3dad3cb1b30e2b239073835e4d8e305179f745a522617d5292a5fac08b7641e4,6cd8a62b1e611c56ab659fd00c2fffa5cabfbd33a98a60db3a94afce1e696daf,031ecee4fc9326e4db9e8fcc3aa037f060e457185e14d2977c668c8baa37cc1f,e2722007c6cffd373cdc52bb40d23ef9c3e02f63c65fecbb8fcc3e1c116c291a,9cd2f5cefe091cd3caa11eeb7249781ab4739450379019158783061c70714950,d1455e9efa88c0e0c309d8631f88f88d68571a85fa0e80d9d9257ff452444531,e44c709d883e14719efe5fcefb9ae46e642e96ca739e477d7755bdd398586f38,HMAC-SHA256-DEMO,AUDIT-2026-05-STEP3
27,a163886427f5dfc17a3de63c,2026-05-27T06:18:00Z,REQ-000027,3573eec47a61bb4c69e2b339,STATE_02_DIST_03_PS_02,ca211788ec4162bcf6922ba1,deny,DENY_INACTIVE_CREDENTIAL,P-2026-05-STEP2-ORACLE,9bc1d1ece86eeef550f1a5bea30bb96871ec1a8826865deee5cbc575d3c66569,5d45e4189b95528c4d17102b073eaf64d60f20854d9c62b316237c370f466021,79f50beb08e792d23e1bbc7abc38f4c0e8381ee689f8e5f6576844a97e550f9d,628ffb92869b6adfecff1012010495d6696c14237261200d171f508383a68da7,b1e9b14417d871112f3bea18c770b184c36caa1b4da4f768030b2e2eb13da1ad,d1455e9efa88c0e0c309d8631f88f88d68571a85fa0e80d9d9257ff452444531,20a6b50012765026577994e4a43708fb76f999b1472d8651f49035b0e91960b5,308a70169b795ac7f45b3de68e101f40a7001b7b224b01162dfe1e60dce1acde,HMAC-SHA256-DEMO,AUDIT-2026-05-STEP3
28,6a472b0396e77cd82c251120,2026-05-27T00:56:00Z,REQ-000028,86b6682cd665b74e9695ec29,STATE_01_DIST_01_PS_02,a50f154cd90fb54e0509c371,escalate,ESCALATE_CROSS_JURISDICTION_SENSITIVE_RECORD,P-2026-05-STEP2-ORACLE,7c3d93894f955f38640220ce46d937f196bc20bf8c11a3e2856e602609895181,be5637469f710bd1386fcc34ed9a258f4d196ab3e9ba875f9c51e16d8feba556,594b9cb711da3a1dea3596ebb322120448f3ae0b34ab17318c24b28976e4e08b,732d400601ab940d56ab715ff6d550fd300d970fc52a4affd941b95da3c4fdf0,1e8f42f6fcc8616a160b53b2ef576fce4b422ee290d99dfdc260d8c2ab6c6b1a,20a6b50012765026577994e4a43708fb76f999b1472d8651f49035b0e91960b5,4db4e0e7a5cffc0ec7f6c7d603068268655d41c84e0a93f48bc379681e29f55a,b4a5695dcf37e5792e1d323cf4c47a8dddf2920ec9975d1c2767b9102e8ffde2,HMAC-SHA256-DEMO,AUDIT-2026-05-STEP3
29,ca6551b9b888ec97defb804a,2026-05-27T01:27:00Z,REQ-000029,6d2396ea39d60a2c9554602a,STATE_02_DIST_04_PS_01,8d196118f5537bf44adff98a,deny,DENY_INACTIVE_CREDENTIAL,P-2026-05-STEP2-ORACLE,2a7e53a0acf55458a9def60968e94aea9632980663ee5f36d88fced3ce1476a5,103ae56a0ef9b5de084ab6e7655333248d78e78ed6795538a960e768c7bcdfb7,da57363e3e6323f32649db9951e27c717d490c267947a9964da1c9c726a5cd85,203499f805a6b755cbb62976cce0e4f711bebc552f0e5da472345c9046be0e8c,dfe53d6163ddbe62bc9f23dcf429b232196a488db7924195ab900f32e3409726,4db4e0e7a5cffc0ec7f6c7d603068268655d41c84e0a93f48bc379681e29f55a,15b6faee815a6d3b093efd1f39edd127d5b136dfe648c888a178b329019cd7f4,6e4741627e04b6fff9e614cd8765366aee0c620d2739b5815462cfacc7fa6756,HMAC-SHA256-DEMO,AUDIT-2026-05-STEP3
30,2fa555abac54f42ef5417a6a,2026-05-27T07:00:00Z,REQ-000030,f57ebd05797c0d495cf5ad8e,STATE_02_DIST_02_PS_01,0ae0abdd95a97e36857f638e,escalate,ESCALATE_PRIVACY_SENSITIVE_RECORD,P-2026-05-STEP2-ORACLE,4a7a8f522ca173850900a3833917f802ed39999dfa04fce29d95075afaab9da3,e393aa7e784a6fac2aef3be8a66bf75f8e1c06c9334c50a2c7f57453af471245,858f8caf5e5df8f90f6cc25f2d51b11d38c0c4ae076ca3832e7fd27fb3f42912,e3f08144a433ed71b34c700d4c0405194eba9310ba158e7d8ba668df87c5548e,8f6c56fa6a5b41f3c3d8b2f4e2047168dba7cf03ca587ec02c387e978b492040,15b6faee815a6d3b093efd1f39edd127d5b136dfe648c888a178b329019cd7f4,12ee33a0c40f09419bc75ddb8ed233c9c06c405488445e6c703152620adbdd76,05df49d019537c95d471bedc6c8573378e47ff915ebb09d9a71026614dc2bea0,HMAC-SHA256-DEMO,AUDIT-2026-05-STEP3
31,5c08fb8ad633a1bcdc3d8114,2026-05-27T04:39:00Z,REQ-000031,74d33cea72e21de2b8f5e545,STATE_03_DIST_01_PS_03,ad93e2928b72a7e21702b4ea,escalate,ESCALATE_EMERGENCY_REVIEW_REQUIRED,P-2026-05-STEP2-ORACLE,57db92f2c3019624fce11ee45cfc93bf29b57e50b09d58058ff7b8ade2fdb192,9355ec74234988b67c1297cfbf0166577ae310315e99dad2b05a96e3a0e704fb,cb12317ac49c735da1980f82649b079b1a38fdde5919842abca2b2fdc6888fdc,53a67675d26577541a77b7566ef88074b2e37619e254ad4410cece8c3c01ed99,e27e57d1f313d98424eac313317e4570210d8c3e9fdadb5f251cc636bfa88c6f,12ee33a0c40f09419bc75ddb8ed233c9c06c405488445e6c703152620adbdd76,db5acd76f2cde6c77009705eb7f06d5c485b7321c51df2c5b549966c9be3719f,f911c29c1f6b0a22225c91fbbc1bc9bd731bdb2d1879cbb402246e7a1c8e5232,HMAC-SHA256-DEMO,AUDIT-2026-05-STEP3
32,b13dcb84bd5aad483a250370,2026-05-27T07:28:00Z,REQ-000032,81f27590363500d418d0fc7b,STATE_02_DIST_04_PS_02,5a476d3f0563aeb86b0ba1d6,escalate,ESCALATE_CROSS_JURISDICTION_SENSITIVE_RECORD,P-2026-05-STEP2-ORACLE,06c364133eb0521ca5d388b957f1d30a3d8dc63a7df2208142e78420ee357279,a874186478190da9f64a4d21d6c5c45e47dfebf8061187151cf2deeba4ae8aab,1a8245232ca9a2efddf6c0ccd31eafb6b24e9ddec315bba4be940fa1a1b7e0cb,a9421038f99d01cbe5131d07e58a68782889bbf7e2b1fa92ba6859035f2ce782,1ac09eb2391694ed2efc8eb700d500a5728e1cbdb1722b0fca1605211c3d07da,db5acd76f2cde6c77009705eb7f06d5c485b7321c51df2c5b549966c9be3719f,efe1b2d92f885daf2a570234bc2c1db5768fc2dfa124827aa7ae029a8388e6bd,82e17a14de0a33551897886c70eae771753ecaf7cc163b6c77f54abee6e9f761,HMAC-SHA256-DEMO,AUDIT-2026-05-STEP3
33,99dc1b851e92d34fe9f947bd,2026-05-27T04:57:00Z,REQ-000033,97ea02f4f8fba926781c7fc5,STATE_03_DIST_01_PS_01,6bcf6ec8e79fb5cd0b4d23ea,escalate,ESCALATE_CROSS_JURISDICTION_SENSITIVE_RECORD,P-2026-05-STEP2-ORACLE,a375494b482352526d673f938a452ec91f0764815038113334d71bdbf112e788,4ea340250be097779ea89101a9b1e35050297afe2e40eb7c3f952136ee23a37b,647bf292a19f17c4559003000c8e3e5c26a2622ad8c971fe637ecd4303530e13,fd695abfb2d5d0d5b9afd6815a64ff63dc65da8747ce877af7a45fc138e3caa8,741f5a783c872502c905ab868e3f6ea664f234ed8ba9b59bb15cde7c36fb3d21,efe1b2d92f885daf2a570234bc2c1db5768fc2dfa124827aa7ae029a8388e6bd,61d5c1812431deca790f8377c34df2f52b4c200d96521bb57464981d566ccdbf,c0438153279fdbd18db0757c615af37c3d78970c974b21dccdf13437e851318d,HMAC-SHA256-DEMO,AUDIT-2026-05-STEP3
34,291c725ff14a1cca1d37c2f4,2026-05-27T03:58:00Z,REQ-000034,fb4c90a703ac874dae2f1454,STATE_01_DIST_03_PS_03,c0c7c557fc4406e62263bc58,allow,ALLOW_ROUTINE_CONTEXTUAL_ACCESS,P-2026-05-STEP2-ORACLE,e444a748ecd45fcf26ff526bcab8f71a693d41884286eaea36502746012884ea,cb143e2eb66c09e13930b21c1bc6aed3652aebc08338bd2e58c197c1397cae68,f51290074f6c74a3e471da5893ce7c2fb41dcb4cc0cec3bec76df6e46ae6ca22,9846dda00691f906692100bbd94ee231f81f109533cd9babb2bc2b50214f71ee,42fdc5b45d8969909d7fec63c29eae1432969e7fa810ca6097673f758d53c5f1,61d5c1812431deca790f8377c34df2f52b4c200d96521bb57464981d566ccdbf,c9251df83f319d819c25465c690031e6f40148ea511f64f27a212c4227a350a9,cebdc6876a6cd6edc1035fe027c6d517f32bffa1fd458c9fb8d347a6bfa0ff0c,HMAC-SHA256-DEMO,AUDIT-2026-05-STEP3
35,54215c86a8ca0d5e0b914350,2026-05-27T02:20:00Z,REQ-000035,0f5e28fd8c1c5a758d17ef19,STATE_02_DIST_02_PS_02,9d51801e576eca4c5772ef00,deny,DENY_INACTIVE_CREDENTIAL,P-2026-05-STEP2-ORACLE,a60fac177df36501f8ac387c912e7a59e55b4bd60c57d3820d2158fc6c62156e,00ed4e3c586aac5409cf019bae701361dbda7a23120f40d13c9140bcb7bff7b7,8a5d88042985913a09e19f656180188d8e5168c000fc00c3382b8c24a4de7eef,c76d9d8ccb3e7dba1ae38ebc6ec21d1121bb48993cf48a77438e70bd0ddb5cd9,9f060058acd45c4c748f6b2879a446cf8a1b4d32d4fb8a8d66b833d3ebbffbae,c9251df83f319d819c25465c690031e6f40148ea511f64f27a212c4227a350a9,8cd145a0375097b1bf2397b4304217c74587c3543b5e9b32e8ddf9df2701c396,c6659c0a7c386d5e4024e2ea79218f2aad0e663ae09115e62318c3667bc2b13d,HMAC-SHA256-DEMO,AUDIT-2026-05-STEP3
36,740ac8d5c6992f75dd33489a,2026-05-27T07:12:00Z,REQ-000036,63cd4d5013242ca51327d961,STATE_01_DIST_03_PS_01,6969bc27b1c05b9059519252,escalate,ESCALATE_PRIVACY_SENSITIVE_RECORD,P-2026-05-STEP2-ORACLE,1b2d748699dc64e8356fe84a2d972d80a3d87f1182e0331a99a162afe5f678d0,b3c83ac2de784312b76eb5c69759d248726a3f4af89b7d5ba0a35a81cfcea29a,f650409b0ed0c0d7e8f983590487c1ebd9b7c8ce54582e6a698f0653be932016,135f58f134496428d76f8277837317a1df4ad0f022bc983f1553d14d8cf1c52e,cd43a549aa8182d7de7bb2034f181d890bb23a94f88563fee5aa4d58ee7a86d4,8cd145a0375097b1bf2397b4304217c74587c3543b5e9b32e8ddf9df2701c396,929bc545b87ffcc3d42c9310629eefa80690aa88e31500cf53527d57d3af1714,9f4a404cb537a0bf73b5abe38a0727aea5518bd75731006c611bf98a47abd705,HMAC-SHA256-DEMO,AUDIT-2026-05-STEP3
37,faafd46d9379f9b634b9b04c,2026-05-27T10:29:00Z,REQ-000037,46719ed3c0b1ab7f0fbf5f90,STATE_03_DIST_02_PS_01,1c6ecb2d745c985d50c99379,escalate,ESCALATE_EMERGENCY_REVIEW_REQUIRED,P-2026-05-STEP2-ORACLE,37a75355f9cd5a96d1d374f4ffb19293c5b045ff8c89891d8843029982e8e421,147523a0217fe9d349208ca3dbfdb04241887c3587a5dbfe20bfaa238e65b82a,d7f95292fc73d079eac29367ccb8801079b10f861dae9d9c9a6e66f7e27262af,86bfdd3fd6a04ec961e4368289a4574e039c5eeed94ca1b7307b6d807b569324,592540eca534e671c4fceb6474993908874544ecd8e22b7243c8f5cdd8105f5a,929bc545b87ffcc3d42c9310629eefa80690aa88e31500cf53527d57d3af1714,c2d02a4da52dcedc46a7aa18f75bacc618fae8d88213a6f53599ebd37e6f9327,af73de2f66f5df1d10244683976b648c60da4730f61045b2119012a50c79eb4a,HMAC-SHA256-DEMO,AUDIT-2026-05-STEP3
38,40e9c771186f6045cad052b6,2026-05-27T04:26:00Z,REQ-000038,16a2d504d34232bf9551d690,STATE_02_DIST_03_PS_01,81e0fd770f78046b7bd7fa18,deny,DENY_STALE_CASE_ASSIGNMENT,P-2026-05-STEP2-ORACLE,c186aad6ea6461341220e98eb7be9c0961215cc2158a6547da640975369418d6,d792e0eab0d5e6fe0fd54c94a732fa6936291229ea123a358da8e463e1cb0a51,c8f70d63526cb2baf0dc3ad63194d3c5b5de2ebbc0708092a42a3c6eadb5ca65,2faa438cc70c8b6bf381597653871189dc9c4f286c186fc31d5036b85277953e,505838e966c9f329642d5ca25f9b0d830c015cc3315c38db170ed8391190dc37,c2d02a4da52dcedc46a7aa18f75bacc618fae8d88213a6f53599ebd37e6f9327,efb3a1f5eca82459ef05e42cf8c32f679b108eaeeb6c6d3ded98eabf4b682ce1,c0487924361c01ac19520f442319935225dabf933f54c2bf46e5db2d42ae6031,HMAC-SHA256-DEMO,AUDIT-2026-05-STEP3
39,3672f43057ab4207e111088f,2026-05-27T07:48:00Z,REQ-000039,f8755a48fce2988e7e892881,STATE_02_DIST_01_PS_03,6991232df5fe59f3ed13dc59,escalate,ESCALATE_CROSS_JURISDICTION_SENSITIVE_RECORD,P-2026-05-STEP2-ORACLE,b8dad9c874aefa56c6ad91f582da626be5656a1d6119adb3853d02dbf144773b,2decc03a3ab22fc0ff727a5fb3cd770b991f5332671bf6abc422f1f29eba429f,5be656c7c6863dcea6242556bcab0f72d32a198224f7b4d3df9279a53a01ca21,ca9168a98fefe10adf827fedc803697c891bad03975639520559c08790b64cb3,c4e858b423d7106ba1534ab2a0aaf83e6e8fc1ec0e06e8b2d22e78f061b67582,efb3a1f5eca82459ef05e42cf8c32f679b108eaeeb6c6d3ded98eabf4b682ce1,88604280c37e311d27a44ea6bc44e187fd7ff39dc88687997df36c567a647eb9,99b4ec5d17496c4b5563ae2527bf2613ba5ed70a82d307f8610de7949e3ccd6a,HMAC-SHA256-DEMO,AUDIT-2026-05-STEP3
40,9453b82cc6f2f9a32f540491,2026-05-27T02:40:00Z,REQ-000040,aba84a984ee3606ae0d30a0a,STATE_01_DIST_04_PS_01,9a9c0722091c1601b3f73b45,escalate,ESCALATE_CROSS_JURISDICTION_SENSITIVE_RECORD,P-2026-05-STEP2-ORACLE,78c5d9b174941ab583e1afd52d699d5563ccefeb8344340665eccb9753b1ba70,e0aee836902b6f7a3bf977d17d5192435369afeb9df68e3b443407a685875751,8b77122ecd171df6b03fe197c1d33fd703302ffbcd17a84077381d29b588ace9,de5a8cc95c6e466c496d868b0b12c1640f079a3b5608f2dbd406a74e1d4f7ddc,fdc190ef5bd81c81edadaf917676757764d50e5ede23c4b2374e0772ad6eea07,88604280c37e311d27a44ea6bc44e187fd7ff39dc88687997df36c567a647eb9,6c7650840e95870ed9ed3601c5caa944833e66899a9fcb2ab1f9ef542ab21634,89100b8e6cd5fa47a4359c66896d2bc555c0a9f63f1f64d060ae49bc7ec21285,HMAC-SHA256-DEMO,AUDIT-2026-05-STEP3
41,2c4c262b21fdc2c429ad10b7,2026-05-27T02:44:00Z,REQ-000041,9a1678400f682a3201830c3a,STATE_02_DIST_02_PS_02,e3756b6206a69f17c5ab1d23,deny,DENY_SEALED_RECORD_WITHOUT_COURT_CONTEXT,P-2026-05-STEP2-ORACLE,be64288a23e98610fc5b5371e73146518616ee3c86d42becb08b6c49294ba488,188e68f173c7771624ec440e8b77d4831784e3ec17ae555d7e099b01ac04951d,tampered_bf64fba3c16a4ffcbf2655c60aae122df771c0fd128887a35c9cbb1,60fd058949234ca613cbc9ceda7225ba1840a57120b742f0da55f6e9f1127dff,57b4ff3d78f5b389ad06d3820faf73f6e047344fcafd1b4187b9f7ef5eb6c85a,6c7650840e95870ed9ed3601c5caa944833e66899a9fcb2ab1f9ef542ab21634,5ed8ccf8fb3b5ea14c13bc61bd87072dbc9fd7347bca2eec51449101a4c8fdfa,3d8d9c5236c7483d881e740f6e7224374efaf244b61fc4e8ef23365fed26e7af,HMAC-SHA256-DEMO,AUDIT-2026-05-STEP3
42,561e33c3fac0535d5250f61a,2026-05-27T11:54:00Z,REQ-000042,bcb4468affef262ed92897ea,STATE_03_DIST_03_PS_03,480dd8d22c5fc6cb6b711fb3,escalate,ESCALATE_PRIVACY_SENSITIVE_RECORD,P-2026-05-STEP2-ORACLE,acdab44eaf8a91a4467f152507a725fe96a94aec96f0274c3e88e7458084d1a1,db08e6718e6b31787f456a38bf6b88db06cb6def642e0cf4d1fc2f4ae983be98,51d7d0fdf32acb305952f41b0ed6ed1c3a6d3683b6ff35d787e06995eee9d4fd,0de1fc20dce63f232a36120fa5e78239f563e6f011f0802db8420121a7c20298,dc4996cbf1d99227c965b87bf89bcd28f3f8de30768473c7da439d562d41aeea,5ed8ccf8fb3b5ea14c13bc61bd87072dbc9fd7347bca2eec51449101a4c8fdfa,b2e45cc34993cb924ab1513872318a0f640050f94098c76eff6cf0ebf97f1cf5,ab1ed7f83970e80af9cf529ee73607d4da67560d55707b118bd4c74054657347,HMAC-SHA256-DEMO,AUDIT-2026-05-STEP3
43,a23deda1877dab180e416712,2026-05-27T09:19:00Z,REQ-000043,36f9518be85535c10000ffd5,STATE_03_DIST_04_PS_01,7d3d13caa3164dca6626bc9b,allow,ALLOW_ROUTINE_CONTEXTUAL_ACCESS,P-2026-05-STEP2-ORACLE,f2f38262a72075aa5227558ffc48cbc182992f5aebc572f8fd11a2f135245307,6e240c44cf6e81e267819bee95fd53b1f79be6c9ae0eaa776cdd9cf13028baa9,b86e3e649c077094edcef98c3c9768862f4ff6aaf26f2eaaaa352f5b1dd04afc,41f4661130797e320716ceb92771f609c7fb0fa1c0f011dfef49ab4d5923915b,a26a5ff44e018ca5f6edfd47f0c009514a57a47623c29a8a7881bf2c0cee84a1,b2e45cc34993cb924ab1513872318a0f640050f94098c76eff6cf0ebf97f1cf5,67b583ed36955b0736d29e69dc14fbdea068e1e8a55e4becac712782c9c2a3cf,722bffcb75dd1e25f99dc373535b271c702795c99df08708b4b930bf359cb9d0,HMAC-SHA256-DEMO,AUDIT-2026-05-STEP3
44,4271f1bb76e799457cde93ad,2026-05-27T03:40:00Z,REQ-000044,eb2cec3f8312decabe6f3925,STATE_02_DIST_04_PS_03,b5bb4318d3ac813114ba006d,deny,DENY_EXPIRED_APPROVAL_TOKEN,P-2026-05-STEP2-ORACLE,c24d1b18c2bc0d10cb4e88880d8c11a72946742d520810ecc43ff1988394bab5,0cab7a28db43f52cfe8da0365894462a8c4e6e9317826f0af2ae14fcfe49eef2,441b3da70eb494a1e41bc06f14bba3b09924483280dc716f8ce9e030637aaeeb,63339c39911a4bcebacb06b1cb751d2ebb5c08a5ee34d84697d266685ab94c6b,bb5d05a009fa0059e94771c1fc921f0c5a0cf42a2ea4ae5db7884313a4ee9f01,67b583ed36955b0736d29e69dc14fbdea068e1e8a55e4becac712782c9c2a3cf,add7833af8ffff245c3460cdc445926e31a532cfdd159c17b1724bd8fc6f0125,b945102e4c48e5c2a33e07a8ca42c981cebb8558f78b1f4a6274dd5605abca61,HMAC-SHA256-DEMO,AUDIT-2026-05-STEP3
45,22cf38d7c66a8a6eea9b4a9b,2026-05-27T05:15:00Z,REQ-000045,721eda836388e57ee154e383,STATE_03_DIST_01_PS_02,6991232df5fe59f3ed13dc59,escalate,ESCALATE_CROSS_JURISDICTION_SENSITIVE_RECORD,P-2026-05-STEP2-ORACLE,03a4cbce76159b8840e8ce4cf78e27f35c3b356b92fe1eee7fa5b52111110f58,22e1955d542bff04f1091b3c1100280763fb7ce29cad3b842402db41542cd5cc,6d12a6d79a7234475bc6807ca214a033b9c8011b082d2e81a0139bf91331b12f,6ba5b614b57fe4fe02103e3a02ea8aae2d047901c3803c113d73896a2d21a8cd,fb9c38f6e6a2d3f42a3bb817f4a6e1b7c6c5a012b37fb788ecd2b01572d28b07,add7833af8ffff245c3460cdc445926e31a532cfdd159c17b1724bd8fc6f0125,7cadbb2e3dcf0e3a8c7f850ae3675631b720a513e857d7501dab607b298ed51d,a42c9d3afcfa070bfa7622e50ca85b8bf8f5180f5b44dd4d57c0ac7ccdf847c8,HMAC-SHA256-DEMO,AUDIT-2026-05-STEP3
46,63f52a00e8d982f18ab7d33a,2026-05-27T01:32:00Z,REQ-000046,f8755a48fce2988e7e892881,STATE_02_DIST_01_PS_03,206ecfa615baf8d96316ecca,deny,DENY_STALE_CASE_ASSIGNMENT,P-2026-05-STEP2-ORACLE,8568bf3a1bec93981c55a7457e9a91eedaff17f572d78015ce0d45d456800f0f,8e45c340cf6afe5763abe8d8a7fc9bbb7a4b9821a71eea747137eb17a339de3b,f17eca062cf105268c82f75ce6fb57bdae98979222e14ab2b885b88ef00b9086,a18700a96302851b7195562f26f45ca0d76e056b754f9a8e27d7271d81c3219c,9b71c20d456abccf5b94156e6c2fbf271eeeeb35fe8571f4ed3a7e0c491340f5,7cadbb2e3dcf0e3a8c7f850ae3675631b720a513e857d7501dab607b298ed51d,13cce358c0af9fe618a0607286ef22c4893c330a3677d038a5dd3f20e71edf82,17df68d94e68d14d4f7467970fb98b8232210cc68c388fe6c515afd8dee40f5d,HMAC-SHA256-DEMO,AUDIT-2026-05-STEP3
47,477b7a5adb89366065c64c99,2026-05-27T10:58:00Z,REQ-000047,72129b83faafabab27729edc,STATE_03_DIST_02_PS_03,5e42dfb878f0ad90838bae74,escalate,ESCALATE_PRIVACY_SENSITIVE_RECORD,P-2026-05-STEP2-ORACLE,e1ccef847ed33d2f3b98f253c5a7c071a4c8a39ca19e72b279d8212eae3838a5,0c0404306aa705e17e1c36f838b940190b448baed017c2b86dd379a941620f4e,271d8b9741377c28c9627cad6b7caa02d7b75e06f7e711979cf0baba6ae836a3,72abcc6c30dd7bf10d521e4a1ba43eb4d551436bc3e04a78f07f1cde8b58ac7a,4199d83f11c3f7fc73b9d7a78bcc1d02cf1ef91d9ea61c19b89fe4f5e1f734b8,13cce358c0af9fe618a0607286ef22c4893c330a3677d038a5dd3f20e71edf82,fa1345795826fbc3ae30bffdc8cdf4184300a0bed011e58ecc4e9065a23a3f39,365d0976a70f36f708878ca6d9dc2b6580d8eb6cec69b46e8eaea10ca43794c0,HMAC-SHA256-DEMO,AUDIT-2026-05-STEP3
48,82d664be32f21f905e7d5edf,2026-05-27T03:12:00Z,REQ-000048,46b29e30bec752302a2d886e,STATE_02_DIST_02_PS_01,02618a5e4015e753681bdcd2,escalate,ESCALATE_PRIVACY_SENSITIVE_RECORD,P-2026-05-STEP2-ORACLE,98061ee5972330486f65cf42ca782fe9e1e297fac620ad86c664394e3ef526c2,6f45af17b2944ea76bab418c818e8c54d4ac258fcbe9d370b128a6b2dcf4ca61,2b1e37302b7e56f0539e3023bb254e04a3064307ec1b3d9f863321066838415c,9b4befcc13fd02133078d0a0a3c59a8daa9c2bdb32f1b50358f72e52b4faa1c7,9ea4583453cb3d623766a394a890620de0b88f2e99ba3691de3561b09f4158bb,fa1345795826fbc3ae30bffdc8cdf4184300a0bed011e58ecc4e9065a23a3f39,e5715ee8ed17325e8b7b0746c483c420f5ed1c0a6d0d1287582870c022629fbd,cf92a967ac29a4d9283be472f792370658d6b6b137da1c50c5455687db23630c,HMAC-SHA256-DEMO,AUDIT-2026-05-STEP3
49,3cd574992fa342c2a24d1bae,2026-05-27T13:53:00Z,REQ-000049,eff0953046ce4a5fb1d8ee91,STATE_03_DIST_02_PS_03,a0f405d28cc064a49ae643d4,escalate,ESCALATE_PRIVACY_SENSITIVE_RECORD,P-2026-05-STEP2-ORACLE,ae391f6f9be8d95c4c20e3a5e7440144e52612a400a24a4c4f1122c73c3c83f0,7e6e0c49402a42f1eefa840f74b92f2f34609a8128e875a5819633a29d3b990e,e3299fca6db8bdad3756a5ced1fd17221916845561883ce07ff4fb494ac0f04b,daa8079126c5b6a2c4f5ab74e7d0110c54a7815cd595ee6a8adf1a29317dc568,82e9c115c3eb722236e8bcaff0a08029fed6254745805f4dc66616d2c2b9d3e6,e5715ee8ed17325e8b7b0746c483c420f5ed1c0a6d0d1287582870c022629fbd,5f3b86634fcd9a3226e1f7ee0147237c3a493f85dee8b730ce6d23ba0b75dd57,588667e4c59d807034c4e9c03542f6e2e065bb08e0acfc78fd379dfee17b59fb,HMAC-SHA256-DEMO,AUDIT-2026-05-STEP3
50,d2923c530c1d23b02b82a9f8,2026-05-27T04:10:00Z,REQ-000050,a07f98edb4eac55d9fa73ffe,STATE_02_DIST_04_PS_01,7f416b45cddf9fa50b2b67c2,escalate,ESCALATE_CROSS_JURISDICTION_SENSITIVE_RECORD,P-2026-05-STEP2-ORACLE,0ed6ee95868b12a5853f318c638b67a4847fe5d5022c188445aa1590c3fe48e0,4aad9902eabcf751b536066410a45a8f2019c3516f2c462a1d09b90505f3875d,635066f55995792713a1d69c99059b76aad64f80e1912abe48c3bf508170975d,c228f8613e593aa4e612d6cea3c520ec941d6effe6ecd751b3dcaca6df58d890,eebc155f4c35681b50c96c7ee94ccc3034819f0bb693ef61b8b3c389c5b48a7c,5f3b86634fcd9a3226e1f7ee0147237c3a493f85dee8b730ce6d23ba0b75dd57,e1a0a5bc32f972fa23eb8c55ec035b1fbb5311ab7cf88cb6ced0ba52d8914f41,d031a53fa7206225e9e7fed2a26f17202183bfe1437e070d9bc57f76e49679a1,HMAC-SHA256-DEMO,AUDIT-2026-05-STEP3
51,e55774e30239a99cc7066786,2026-05-27T09:21:00Z,REQ-000051,bbef3f90be1083101e51c0b0,STATE_01_DIST_03_PS_03,d67455c45a07a17b5f35d785,escalate,ESCALATE_SEALED_RECORD_REVIEW_REQUIRED,P-2026-05-STEP2-ORACLE,87fbd124c9ec64be481dc3e9f8450f18c619d88573f0d3b859976d86cf8151fa,63991f317e67f26e02f7c6f079b3cb512c8f0ff58fc1a34342f6b9ac041b2beb,523d0605f90cc9259f0505ec32695bdecce93163b8b1ab06d2b37d6c3b9c66b3,356d11c99b2c8ce3ca87cb443334a80f3634c1b2675f6685524bf204db65fbbd,21ef1d7dc566c2c434748d3a58e104e7a4de82cc73a01c83a7bc8e614401dc9a,e1a0a5bc32f972fa23eb8c55ec035b1fbb5311ab7cf88cb6ced0ba52d8914f41,b9b700fc065e9b14f057724a9b2333182cd481d0a00ed386e386acd1b7b14e33,2a9612e9d584da3ba96e915e938a576e3655882ee959eb44c4820ca53696ee9a,HMAC-SHA256-DEMO,AUDIT-2026-05-STEP3
52,8b65833ef552b10c3ec87980,2026-05-27T12:08:00Z,REQ-000052,087843a059da3833acdab60b,STATE_02_DIST_04_PS_03,dfacd5897f32fddc86122774,escalate,ESCALATE_CROSS_JURISDICTION_SENSITIVE_RECORD,P-2026-05-STEP2-ORACLE,83600bc7590c13aed71430e05efa119ae0794dfea8d61364e4e17d821965cee3,15af39368def589fa277b422b651aa29dec8eb4bfdd391661788f298035a6921,94bebae7d972aae72904e1879b90b51d9e1f58692cd5d25632b599466ef49b10,8e00ba2ef183846ed00ce2fb0c25a374af5bd7c16b8e53531e0ede11914ab2c0,fce8a4910b3729ef2fd7792d8dff41c5d9af8aa4a11bee9326b39116a1c92984,b9b700fc065e9b14f057724a9b2333182cd481d0a00ed386e386acd1b7b14e33,88d1f41dce24097ab422ecf1f09721ccbde232cc2e1b1f6a36d880a6c3cdec13,cabf1ae8beb6f80eafca99e323c3085336081cf256796de6bacf0cb986bf0012,HMAC-SHA256-DEMO,AUDIT-2026-05-STEP3
53,9ef7d2d9ca40a00e0b4ca0c8,2026-05-27T07:04:00Z,REQ-000053,8a7aea37c451a80fdc290e57,STATE_02_DIST_01_PS_02,f6dc1c49d5353e8c0fc3271b,deny,DENY_EXPIRED_APPROVAL_TOKEN,P-2026-05-STEP2-ORACLE,362969d840532d812a9dabb2515fccae862b7ea85b2d5d4332a94504239ec0b4,9f4dbd80b2e2c7f148f2ec021ad91c602729380e6e76d6a5c7fa3d2403f2b64f,09ad5ae03555e61fd18e532fc8bbe4c88826fd5f86fd1e3c5504cd40df77dc31,a888a39f08b02db1cedb1ef7a04a8066ae9d1e503ccc4f2644c8982fbab7afa1,a3a683d3526425ec563297b16ba28b98e5b9dd63e330d8b4e606ccf2a2779349,88d1f41dce24097ab422ecf1f09721ccbde232cc2e1b1f6a36d880a6c3cdec13,f6641bcb29cab0cebffe27f35958fe1e2c07abf146968d30a586b4cc01db3e84,4d6f821dce45b2a30f0e843bbdd1514e833b874ecaed4dd2ace819a8348757be,HMAC-SHA256-DEMO,AUDIT-2026-05-STEP3
54,893a95740a4edf1838ea4060,2026-05-27T06:18:00Z,REQ-000054,6b0d84a1d858aa1335aacb1b,STATE_01_DIST_01_PS_02,d920f7467ce1d45336ea4224,escalate,ESCALATE_CONTEXTUAL_REVIEW_REQUIRED,P-2026-05-STEP2-ORACLE,3520484200a3f010e716236e5fed35c6c94e9bbbb953aabc68eaf83c01e352a6,280c62e3711bb0ea2c4565e5ab1735dbbba2296ef7f30da70732efee6735a4e6,cfa3ba2d96221f13365c1b0a5a3cab48ade3625928b1e4caee3593d93d033f15,260f781a228687ef6f2ecb015ebd9105d42edf6c179ae00cbcdf4ee01ae4b63b,66b680ab1391dd508f4038de03d98ed5e6de4c5d6772ebd136ceb81d6bbe0bec,f6641bcb29cab0cebffe27f35958fe1e2c07abf146968d30a586b4cc01db3e84,b8d9303a127fa71a6dcd03fe8b89b4ca82529e88c800096d2ae944420b5ef0c6,55f528aa77a65c5e63b4b99ca5c766efac023022c86409cb3275ae07971ded22,HMAC-SHA256-DEMO,AUDIT-2026-05-STEP3
55,1cf3d6211693c711f89cb4e2,2026-05-27T05:30:00Z,REQ-000055,893580185d14634211eb9a59,STATE_01_DIST_02_PS_01,dd25798c72c5112bd72c2efc,deny,DENY_APPROVAL_ACTION_WITHOUT_SUPERVISOR_RANK,P-2026-05-STEP2-ORACLE,e5e93e592d03d4725b1bfb7740116c36ebdb945b0f395d7dd4c30425fae14530,d4b821d88c5852fc090daaf85b4b7efbac9d4212d57acf333c7bb5a93b142dc8,f462bd87ddd1ffc63e4efd95b42117f25b55fd55826c20d8b0e74a98a36f60cc,c4dbccbb5dc2ed1f1eaf8f3dacc34e61f784ad77a420a34c035acc0c93170c26,ba6d2a37243adc9c36499a0dbd306d7575e014c8edc2dbb7ebe66f46eb7c0d45,b8d9303a127fa71a6dcd03fe8b89b4ca82529e88c800096d2ae944420b5ef0c6,d37fe6fa1af34b2358ed39b08ff4273f9ee894e6f57564ec3a9d8edbcd4c33bc,8eef9049f4116d46f6963a4e67067c4bb7a75e306ce9bfc9d531f2a8eec65eb9,HMAC-SHA256-DEMO,AUDIT-2026-05-STEP3
56,e037a759c307d34bb3672605,2026-05-27T12:08:00Z,REQ-000056,2747b4371f8a7719020e45ce,STATE_01_DIST_01_PS_02,87b096587a2f7133a6e4ac06,allow,ALLOW_ROUTINE_CONTEXTUAL_ACCESS,P-2026-05-STEP2-ORACLE,74bf92cf6c3dbe6021b4d42d3290c87b255cfb932e242d2ed1c19ad57ed95bce,3ee4ba75a880f744340b9ec3bcf2b66c1193bd8316e27ceba6e5d48d3b5d5d50,05b52ab16bdfd02e1d843b0c5aba29b2ddc0ea5c2ba00e7f0a0ecf9571db2c2d,4e6ff43247c6267aef6a22f7ecc1ba92d2d9d860377c0241bf052c94b465ff88,d42ca441839a4e8cff4ca0b64b0126d927ef9f6c911c757ece2bb6085d98d25e,d37fe6fa1af34b2358ed39b08ff4273f9ee894e6f57564ec3a9d8edbcd4c33bc,d8f4088c0313dad62cbf091b77a5933cdbb7d4bf5537bc5e547aa0ff3844cfdc,9ddb97e9534e59c0ede7b7cff3850cfafaf4fb956d76c7a1cc3194dcbbfcddb8,HMAC-SHA256-DEMO,AUDIT-2026-05-STEP3
57,24d4b9cbbe504ccf23dd03c5,2026-05-27T07:36:00Z,REQ-000057,087843a059da3833acdab60b,STATE_02_DIST_04_PS_03,0e3921d29d1dc93c0c973b8f,escalate,ESCALATE_EMERGENCY_REVIEW_REQUIRED,P-2026-05-STEP2-ORACLE,24bc920f04c367f8e6e00f28b5d3bf6948919a96b840c32c8faeddf07f7b641c,07fd632c563d5f04146e143f77e9cd9bef10480d1647d38c0dcfb1bff30af27b,9cfded0a015727213b1731c20667c9f4c627acecdc421c78f490c7a7d822cac9,621fc459a5726b415d2338018aac86ad733179f75a14ab81b8338cc0735deb62,52d3506362410d0e30ea81dd307cdfe3e9dccd90bf1d3a50efda698f2afc4715,d8f4088c0313dad62cbf091b77a5933cdbb7d4bf5537bc5e547aa0ff3844cfdc,820744e90742431f7ea457a02bbd4695a0cba86e0a00b05035649c99b6c2709a,204eb7fdb0703caee4e2bebd3bc97739fd20e012f53be32a1f143ad391d129d2,HMAC-SHA256-DEMO,AUDIT-2026-05-STEP3
58,957774a0675c186b71c7a493,2026-05-27T08:42:00Z,REQ-000058,f04272809174dac17c3936fd,STATE_03_DIST_03_PS_01,c8ce7d730a23ef48683bf642,escalate,ESCALATE_CROSS_JURISDICTION_SENSITIVE_RECORD,P-2026-05-STEP2-ORACLE,a44884801128ab00b2fd67e926c07d3ceffde1da01815ae42ff77e9b923a1568,d1b352f943e04b757df8ab0b5b7f0b74ccdc69305c6a50129914b74de3d7fbc1,a96e0811ad325e9c5fc664978efb2b0dcb9ea69c46555f6497d66f7f254452e3,e883b922d7d439e6171272b81b78faf50047a5e6f606aadc487b24d0604d79a8,1e4820ad200f268199f97a3e993d87f73938aa1cb61019eadbec2b200d906664,820744e90742431f7ea457a02bbd4695a0cba86e0a00b05035649c99b6c2709a,a080c44409af6548c8fbcd164fd68290eaf5d8990817f1abd1d28db6dee48f90,55e8955bcc8a3c6cc6c8325328d93ac2d7b41704ea7e8dd12044eacfd734418b,HMAC-SHA256-DEMO,AUDIT-2026-05-STEP3
59,b61cb02b9d34200836ed1a75,2026-05-27T04:55:00Z,REQ-000059,85642e8c300a0dccea130cc9,STATE_02_DIST_02_PS_03,9cfb441fcd2d957d0a3af473,allow,ALLOW_ROUTINE_CONTEXTUAL_ACCESS,P-2026-05-STEP2-ORACLE,ad447e659d75ca9dea16ea0a531f027f45de9e5aef0ef6fce150b6f933cda86a,29fbd07002f5fd777d07c15902c6e3965ed89bf2ce9316141d5fbd67bc4e5598,3a148bb6c302b95619e47e090a4dab3c49d36cc896142d5a57bd8a6a166ae97c,2df5e88c1cda1c9ed435b3a1212453bdc863b1e764853c248c8376c320721b5b,fb6714fc420dffead4c852db5fb875deec6410c071f83595a024699fe89e123b,a080c44409af6548c8fbcd164fd68290eaf5d8990817f1abd1d28db6dee48f90,2b55d82a2193e4d8dc065ae25b8bb748ccb69f8e38809f79fd72e0ee2264cb9e,45b692cb7a32f4b5d43807621f5ccf5d3064cb1bde50b39acedc7fc1806baa2e,HMAC-SHA256-DEMO,AUDIT-2026-05-STEP3
60,ab4a3a6682baf5ed6111f6e8,2026-05-27T03:00:00Z,REQ-000060,b0f05da9786602e3afcbd606,STATE_01_DIST_01_PS_02,da955dc4e17b595e2820e3be,deny,DENY_STALE_CASE_ASSIGNMENT,P-2026-05-STEP2-ORACLE,bd4d0b134e7e015d6ae85b7d61c53d7e876804512d8138a032353d4ce9880c66,1f0b55092aaa949d037ebd3c90af5f1af150bf5361baf1e2f94a2296b87a9cb4,135e04634f6d459935f8658a391f82701abeeb3e0d9907e4b031580988090103,2be3e6de915d6bb88aa6de2f6827bc1fd91bdc0713e55bd61fb3e5520f71ac6d,aa3d850d8473ba48803b49c6bc7518dae28c8859e9c21b7b538309c0892c525a,2b55d82a2193e4d8dc065ae25b8bb748ccb69f8e38809f79fd72e0ee2264cb9e,06ac4fcd737c6a59b86f56af203943a653e17e1097cf2fedd64acc9ce69cf775,ff8f1bca8c8063dd64573f16b8cb508c73b636afdf8968f0d155a9cec57a255c,HMAC-SHA256-DEMO,AUDIT-2026-05-STEP3
61,1ffb53ba3dfa452758439341,2026-05-27T05:05:00Z,REQ-000061,c424bf9aa5cd573d3066b2f0,STATE_01_DIST_03_PS_01,ed2e4026b7249509166c6691,escalate,ESCALATE_EMERGENCY_REVIEW_REQUIRED,P-2026-05-STEP2-ORACLE,3151b4b43a2ee1137c2bf395be09325bbebb63aa6ca0b4a514cc881b9701e17f,0a1acddea1896a32cba77d553bc43965aa847a0d46323a7ac694411400c9095c,1b1104389f399880eeeb46bcfe6f65c553a8f801dd2125ee4dc525688feba3fb,485c454520342844a689aa490206b49bc76ee70c5a9d94471aa864773740de73,aad3fabd8d542fd009d6fbb28ca7edc1cecf5d5aa859d6122e50400387eb8c9f,06ac4fcd737c6a59b86f56af203943a653e17e1097cf2fedd64acc9ce69cf775,63ab6469686f3727a20124b3dfa195974743d44c455d5e18e1f1a7097d1dd35a,5daadabac2091972ac078b9234045403b9e8c6321152efd8006fb8eb9318d050,HMAC-SHA256-DEMO,AUDIT-2026-05-STEP3
62,4749a2c12bc7c6f7b7dcab4b,2026-05-27T05:10:00Z,REQ-000062,47e9daa6a9eddbbbae1d0bd7,STATE_01_DIST_03_PS_01,4e7134702bd63d6d5ef9939e,escalate,ESCALATE_PRIVACY_SENSITIVE_RECORD,P-2026-05-STEP2-ORACLE,707de29c529d30dd10be1267b277f6fa5fd1814862b7f09dae720ba518a24059,8e395b8f0b050a9060a7ffcefe4d59d0a050eacf84cc99ace55990bf950683e4,a5a8fcc541ddf99df07d10a5f7eb2603eb56ed63fa583ce5518519257cd7d6bc,46869bff483234f8050b655e274f1d712dee68f3f02a853d6bd041e627073318,43714a40686a3b7b8fe6df55116806c43299f5acfce043894abc55ee9bb79ac8,63ab6469686f3727a20124b3dfa195974743d44c455d5e18e1f1a7097d1dd35a,e950a6aebd089887f3245c1d9c6b1c7b9c50160c13d9d129b8b0e30257c0131e,087cbc11f986bc9fb136f827d07a81f74b3896f8eb980ad60998e58d89783dfa,HMAC-SHA256-DEMO,AUDIT-2026-05-STEP3
63,a13b889650730f7ccf992c38,2026-05-27T11:33:00Z,REQ-000063,ce1b63fb3ee51890894fc213,STATE_01_DIST_01_PS_02,34c63fb4a90f2aefe4cd515c,deny,DENY_STALE_CASE_ASSIGNMENT,P-2026-05-STEP2-ORACLE,069b6ec1562e4b8a7e1d0e66efe7cf3121cad99eb63a2a1941d02e8e37085167,b4293d0078cb7b0a72cf17f9d52f0a1ed0c6d96c4730611c91a391291747feb7,4f1201558025df92ef34fca4d827e09c3d0220974b80a60ff1c098ebe82fbea4,f217297bc953ebe74d7bf568575b37c8da66663db0736b2a6fbab42666d924ba,457d568a35c4cd14b4a5d1d412a8814fddf590f47c05bc9cb84f4d34951bc5f1,e950a6aebd089887f3245c1d9c6b1c7b9c50160c13d9d129b8b0e30257c0131e,22c6d50710879358222fac3c8ec33999e3d718d8896903ef0c6e8a887acf2e6d,e1bdff1fcc06d69c10f724338b3958acf183f7e8f86b13b7a1528919d0da4350,HMAC-SHA256-DEMO,AUDIT-2026-05-STEP3
64,8f1d98a3919d687189b9feeb,2026-05-27T12:48:00Z,REQ-000064,100ec956e3b5dce60e3db6a6,STATE_03_DIST_02_PS_03,6db7c5075e1c51bf79a23ffe,escalate,ESCALATE_CROSS_JURISDICTION_SENSITIVE_RECORD,P-2026-05-STEP2-ORACLE,841963b75e15bdfe438f5220803f0673832f4da61e98137a02d6369f3fcdcd6e,08555033d9b76345aa208ac6bded1c9b79c83139418b7532a48b394327a78e65,740fb6e23706ebb9b540218f3d3c1a4bd78f5bccbe86b74a403399af321425b2,e701cf56f902cd93761864383da0e26998c8fc69e0d73a20c5547725223a157b,469cd04cae98bb2c9acebb82560548f0ee609ba7c829dc56c600b8fe060a76e0,22c6d50710879358222fac3c8ec33999e3d718d8896903ef0c6e8a887acf2e6d,50f900dcab477aca8cc296ce8a9003ad7624167a18c16e9f1eeabed5aa113c3e,f5bc28ba24768621b8459736160e17ee9a6c0fc09136def6048d31e7ec435282,HMAC-SHA256-DEMO,AUDIT-2026-05-STEP3
65,294dff4b031586f70450a944,2026-05-27T06:30:00Z,REQ-000065,006fa23a737e20e3625debb8,STATE_03_DIST_04_PS_03,957a61b122db170092250b9c,deny,DENY_CLASSIFIED_SHARE_WITHOUT_VALID_APPROVAL,P-2026-05-STEP2-ORACLE,d7b615af6ffb489f6436fe0e89303248c0878b504d0f0b9481626206e63ff5a0,04a1294fc11541e371e71fd0a8f9c726a388776ec682ac094b212eb3903e1995,ef9ec46b0bbbe949181879267d7c901836b4dad13cac4a1961ed58a90558099e,d91d95b5c50aed60353f97d659b79bf8687e03178cbdf6f8d96fdfcabb257966,de2f2ef0bb1ea26074a80fec24848af000c2d6495b96e6ef4d07c9d49dbe5ca0,50f900dcab477aca8cc296ce8a9003ad7624167a18c16e9f1eeabed5aa113c3e,a8c4b671863735ae7f2c777d2979031d39f9d0515b99df454a6041ae6608e410,c1b2c0558baddf42068eae0c54cc4c40d35793214bf8e5f5507ccb83c4f5f154,HMAC-SHA256-DEMO,AUDIT-2026-05-STEP3
66,1a12285af4ac6f19a7166379,2026-05-27T12:06:00Z,REQ-000066,b012e7e4d1319033c362fb26,STATE_03_DIST_01_PS_03,0e67d609ea46cf7a4eb4513b,escalate,ESCALATE_SEALED_RECORD_REVIEW_REQUIRED,P-2026-05-STEP2-ORACLE,2fabcf33e9970ee4615a5a86dc5437e4138903c564d8c6f3d272692648b90f60,b04fb2fe202e6e60bd210dc27b650eaee5bad026be49268fd18018f7f41c90fd,e69ea4b02abb2b043f5d45ec542e08059ea01c14abdfadba67390b9d77be6d86,af85faa3152581284942c801bbd394e9d4ed02498bdd99599ce7ad13c8f7c072,94cf97e1819a9f9e17aab258fbea14dd10fa26506dd6ff2f796af3736c103f40,a8c4b671863735ae7f2c777d2979031d39f9d0515b99df454a6041ae6608e410,4e47864c4c1e62ccf00e2d24ad568cb1717a1e557e0a74a9e2fec044dd796f41,2f11f98d72bdcd12cc1a50488b84530b3ecb74b0b8797a116920b34952ff4496,HMAC-SHA256-DEMO,AUDIT-2026-05-STEP3
67,1bcc1db3c4b7d62b503137b6,2026-05-27T03:21:00Z,REQ-000067,f1533940112c34367e3740e3,STATE_03_DIST_02_PS_01,118bf6e235079ff659306fe5,escalate,ESCALATE_PRIVACY_SENSITIVE_RECORD,P-2026-05-STEP2-ORACLE,eb830b204ef71e3d7406a8be4178e4e04b446d83ee5e93d83250890dc10667f5,d741f123a8c80db76b0c029d9aadc4c56ce8ceae69ffc10f0a9ee7e9456ddd9e,91749239084e84659d3d1bfec06c2a69fc0963842db12b5241950ac9b412ff77,7439d5f14a0320376f388fc40b5283ad706a15090e6ad299c2cf510a644a8a4c,e605ca47015c2b6249349643e38f90fe2a49732fd0ec1495b1766150db05fa60,4e47864c4c1e62ccf00e2d24ad568cb1717a1e557e0a74a9e2fec044dd796f41,748fca68e676e3ce3a9adf308a6a87d55b57f2abec137e0925a0a75938e18b33,3ede5efbc556eaa8bbb5f4aedaa92b5b07f1d834cebf7be5fe66b2bee9970548,HMAC-SHA256-DEMO,AUDIT-2026-05-STEP3
68,cc8025e73f26d6b5c7722195,2026-05-27T07:56:00Z,REQ-000068,7527b25e318154df01ec7550,STATE_01_DIST_04_PS_02,5856a99a0397a4932c6b65c2,escalate,ESCALATE_PRIVACY_SENSITIVE_RECORD,P-2026-05-STEP2-ORACLE,efff20fdc18036d94f391fc4ef54f660f823270fa3ab8501fdbb2f044caaf0c8,bbd4ba8f87c04d9d4039ea3528ff6b9d5d793fa57cd99d4c325ea099da769868,270eae84688bff6597080f19cd629cd314c9e9e64a1fa986a3053b38c82f50d9,1a291c65f3894e4b755c95914f4bb8d25b362cd0d00e47eb809b2878563f21a1,4211dea706c62811e799f82b23a28ac1abbcc947d99b1b1a4cc32b4618386a02,748fca68e676e3ce3a9adf308a6a87d55b57f2abec137e0925a0a75938e18b33,ca8efc52c4fc7a86fa39c05cdaeac2d780dcefc57e683c7de166facda0c821fa,0e5097d92189c710c6de143bd8acecd98205895ae6d346ca0bf54c010290b77c,HMAC-SHA256-DEMO,AUDIT-2026-05-STEP3
69,837eff546181edcc56ff74fd,2026-05-27T09:12:00Z,REQ-000069,74d33cea72e21de2b8f5e545,STATE_03_DIST_01_PS_03,425abada7c0fed7e831ee20d,escalate,ESCALATE_CROSS_JURISDICTION_SENSITIVE_RECORD,P-2026-05-STEP2-ORACLE,be4192d7ab2a2caf6b6287a1ceb11c420278da6b2bbcd35d2f2969fda5be5d7a,ddf9578e9553b65e01c72ea097656b18b98f2e0369d3823872dc23481e9640f9,fb455716ae1ffd4eaa7b8b68cf3ccacc443c177a3f8dd39f5bd0283b51782dca,a72e0a5b4644075ac3ec3a65d4bdad8ad5300cf5b60d57ce37776a4c4123e72a,3b25e7548a62aee475f94ba73eca7e8f14cf1f7c420334d07409a264f2934085,ca8efc52c4fc7a86fa39c05cdaeac2d780dcefc57e683c7de166facda0c821fa,8a9736458f708e0c18d4e4f43613ded2da2269e6e6cf03da946f1293c99e69a2,8f57cad4094488f927431fd2720f0e37d6ab4273d301409a118ebdcd1b0f8e46,HMAC-SHA256-DEMO,AUDIT-2026-05-STEP3
70,5aa2d054fbd21f2a67c14fd7,2026-05-27T03:30:00Z,REQ-000070,86505bfb457a23f7a0108287,STATE_01_DIST_01_PS_03,abfd23e434f0f6d490ebb742,deny,DENY_STALE_CASE_ASSIGNMENT,P-2026-05-STEP2-ORACLE,f0a8722634317f80ea2bb02cfe495ecfe3a200daa640d30bcdc647277b2149ae,84aed2b98d3aec7f067d45ea5712330cb3e60ccd67eb6595e22677da097d449e,44e5fd1c10b47668003a264997b0503a1031291455a93147582180d2f389846f,c60357c308c0ec189c55f2fe0d42d4f64b5b26f44c5bf041d59bd603e15048bc,583b228b5098b46ee2c66fb85d1a8e17cd045e4dfe4068fada9f57808b0e2c1a,8a9736458f708e0c18d4e4f43613ded2da2269e6e6cf03da946f1293c99e69a2,d98029dea8033213bbb81303c7537ea0499205af0a0c6e030c95c710ab9ea160,6f1b3434c7c2e8b13e737144682b33225ee36604f5192342e77ba6058ec0d40b,HMAC-SHA256-DEMO,AUDIT-2026-05-STEP3
71,1182feb9c0b3006f95e47a09,2026-05-27T11:50:00Z,REQ-000071,b012e7e4d1319033c362fb26,STATE_03_DIST_01_PS_03,e5d687012599ae15945a2fb8,deny,DENY_STALE_CASE_ASSIGNMENT,P-2026-05-STEP2-ORACLE,4a33f318b1e4fd74cb5d3a1ca7ecf81d180134cc7d8f59e85d512efde53232eb,1fa6b26411359969ea36a299a95bd5ac8f74f48d9c4b866430d7d95c063c1314,b848509ace5f01fe280c31c49d9f75c6612f19bd13da6092d6d965aa6fa3d72b,25e77fad06db4ee39d18ebb5c693df70ac6e5f67410fcbf7d65ef9d702993e01,53a8ca414f6864160494fe46e4065e0fcc7dc9ff551d6e0aac24a86a2ecde6fa,d98029dea8033213bbb81303c7537ea0499205af0a0c6e030c95c710ab9ea160,d7d2fc6808c2838187234a03cd0faae078cd52620179ed0e37eeae0626b8b7db,cd12ffab5f53634433459958d672435ad7791e3875bdd14973c877b9ea0602a8,HMAC-SHA256-DEMO,AUDIT-2026-05-STEP3
72,e3918e0bb77cde0101189839,2026-05-27T14:24:00Z,REQ-000072,90740f6d12084e4c579f3454,STATE_02_DIST_03_PS_02,168a1c2b3087fff6a8185d0d,deny,DENY_INACTIVE_CREDENTIAL,P-2026-05-STEP2-ORACLE,2a441bf850272b03aa27a3c50787513b39109cdc0a2e89038efb432f604d3652,40fd8b9db7d91a55b0446fac45a1e27d598cd375f6a7aef7e05ce577583ea920,ea8e5d2419e76384768a4b0aa468256536e3b5af8a28c390d0b4dafa513ded51,01069bddc2d16f7a9f809b01bb3337eb246af7c95c66188f0b52a4a7711b46f4,b3cf966e3347d6477ab72faa27d1f3b6cdc985d526bfe899ab94258b8f74899e,d7d2fc6808c2838187234a03cd0faae078cd52620179ed0e37eeae0626b8b7db,f807f25db8e86862f49eee77d9243a6456413b0836e7a105c1e2bee05122dc77,bf9982731a7d76808146cbf7db510f9cc402a3c8fbea41c1343f8766fb37739b,HMAC-SHA256-DEMO,AUDIT-2026-05-STEP3
73,dc7e785bb78703f6e5832887,2026-05-27T18:15:00Z,REQ-000073,f733b89b991cd7dc6791cabb,STATE_03_DIST_02_PS_02,514216f8601919c64b5e89c6,allow,ALLOW_ROUTINE_CONTEXTUAL_ACCESS,P-2026-05-STEP2-ORACLE,50bddfec18e645a2997ff5d631c8879910c30e9c1293b80fc2aa1892a6ffacb8,92186802923cb820b3aea34d3e6b11fc4ff614d142ba53f4caea50f92348b041,1cbad33a66ff669f9c21a9d194ea347d5885bd42dc07fd9481cec218af790b2d,7a600b5229ca61a7e762a0eb6204245808603dd7f1d313ab17f055d91fc9b138,0ea04c3b9c759d6467bf4014ee294070985d6f8cb7ebcebdf2624edb5c7c6832,f807f25db8e86862f49eee77d9243a6456413b0836e7a105c1e2bee05122dc77,c592f25d9b5cae08ca791b9d4ed6aad5dfcf43b818e44d354a342ce20acca573,8cd91ef0958e4a6d72876edcb0d55d2c8a2a636195b033252d1c52c030506722,HMAC-SHA256-DEMO,AUDIT-2026-05-STEP3
74,d9b1f76ccb6df9cbbbc4cc96,2026-05-27T07:24:00Z,REQ-000074,bacbc9ea0ca5c88caca1fb35,STATE_03_DIST_01_PS_01,d67455c45a07a17b5f35d785,deny,DENY_STALE_CASE_ASSIGNMENT,P-2026-05-STEP2-ORACLE,0dcdbde9757725f1505ccd6d08980a380beddd38402dfd7a3bbbb80bb7618bcf,26944f8e740b2d11ac53752da6766acfea9562d609ea6fadd78564018e0707fa,67401dfc9c691edb102cb598c81786c3f2d0dec3bacf6841c5144d176434df48,4c8438a7659882642ae4bae33712f138e1681ae79984885c307291fd14ebd925,f114c42217920c539cf6f2f5d72047a7ce139fc56216910ce5437c265e2a4774,c592f25d9b5cae08ca791b9d4ed6aad5dfcf43b818e44d354a342ce20acca573,cd1cedd2c3faf110d03d6856da94dc754feeaf3ce572a0542dc76fda85e2c995,e399047930b08625cfc7e612771b0bb91846f13025c6190c996f91634df48de2,HMAC-SHA256-DEMO,AUDIT-2026-05-STEP3
75,b9c7fb8a34f5bc67d1649e76,2026-05-27T18:45:00Z,REQ-000075,b9583c7e99cc3289ea585d73,STATE_02_DIST_02_PS_03,72792f684de2062672fc64d0,allow,ALLOW_ROUTINE_CONTEXTUAL_ACCESS,P-2026-05-STEP2-ORACLE,cfb8c48f61ab88e09376f7c49a3c0bba68fd6d01b24dda8411b3b0555533d851,d5dfa01a23741e59e3dc5a68ddada32ebbeef9ee7e77885d78d2fb0b3e2a7886,ebb4fec55facb73f751dc473b7d571ff7c4ebd176e50339a53b8eb5f08d0ab0f,487cb2a4314d3f4b5237e7278566f80abcd115ff8ecc46aa680820f87d355aeb,5ef426e777823b5a95744b21457d67f6f610ea4414262360348a49e9530c396a,cd1cedd2c3faf110d03d6856da94dc754feeaf3ce572a0542dc76fda85e2c995,c17f2227391f15450c7c8030f667865bba6d5eb0ccc3c1c61dfb6b842a556c24,333dd1ec81fcf2104b59da53816c3c463c2873a309ddf7df9d8fe9602d1f629c,HMAC-SHA256-DEMO,AUDIT-2026-05-STEP3
76,ab5a1a5f47b2fb219c329eda,2026-05-27T07:36:00Z,REQ-000076,516e122c203e5dd62fd9ee93,STATE_03_DIST_01_PS_03,1453d16ff68c935811a922d5,escalate,ESCALATE_CROSS_JURISDICTION_SENSITIVE_RECORD,P-2026-05-STEP2-ORACLE,f96c4dc3ee0264e233c973068160950a9aab6913782fe78681fec928b7e60940,ee8506788b98422533700f9f66db602a53d0a0306a547d145fe3431dd7865df9,4cab6abcc15cf324d88c4561abea67bdd079d85773e78c1c2d745f15e88515bb,e851ec4f22a1eaf01d7f391c8e6d09b3dd543dd81ca74968c1abd7a8ccb75354,0cb9c12a87d60b773a50d5aec183627d34a842ad7aca46fcce232ad410e64ceb,c17f2227391f15450c7c8030f667865bba6d5eb0ccc3c1c61dfb6b842a556c24,3792b12a82a7698feee9d39bf5896b06c950fb9e57fb88478c9a5d8d2fbdacb8,b4d79c87c72dd3fcb61c30a4356b0d19cb207d4f6d4bd22ff91babeb7fd3431d,HMAC-SHA256-DEMO,AUDIT-2026-05-STEP3
77,60d4fc64446fd071ba6c23db,2026-05-27T05:08:00Z,REQ-000077,c6c5d38ea874865e512ea30c,STATE_01_DIST_04_PS_02,3cef4d9f8d92d3f7cc295a2a,escalate,ESCALATE_PRIVACY_SENSITIVE_RECORD,P-2026-05-STEP2-ORACLE,24d20a5e355fdda9db7375d8c319c788f7a3a4c5c798e9ec38848d48dd342a56,a2791fa8e50e3b196ba3a5bcffd0ac6f50011bec148c5ccb6b82c22643172edd,dbd872c9d66706221b482c80206d0f78e4f0ea40603b1ba38cca788a403366ce,062f4740a2f98244bc4e94f8094a4aba30712d413ce429da96855c76d3425fe1,6781c41bcbdac99e7cad308508d205032e2d0c85c5204dfddd7ab07734ef75e5,3792b12a82a7698feee9d39bf5896b06c950fb9e57fb88478c9a5d8d2fbdacb8,c9253aea1fb1e07119d1fb5f96b6eb518317083f4eee0cb96dd2e15a563b8d37,d0afea2769b574608eee68e8b3183cf7844e0cf2c4e3bd5117aaf96263306cba,HMAC-SHA256-DEMO,AUDIT-2026-05-STEP3
78,6637a1f8174d2d538faf9b28,2026-05-27T05:12:00Z,REQ-000078,6d335433b612a148a4921389,STATE_03_DIST_03_PS_02,5ca844b2848b805c696a09e9,deny,DENY_SEALED_RECORD_WITHOUT_COURT_CONTEXT,P-2026-05-STEP2-ORACLE,17b86de9a399ecf3727fd6eb26e8a75d2d024b0ce10ad9d3ef6cfc7cdec29cf7,9aa2f1cc01d63a8bb6903cdec2075eb8f26f5804cd2db663486ff36d4e6c2ed1,c81f76e6be110ed8d0443f57dbf1972e7d0ec2eb7216012340c19a2db73abe3c,d018bc6544571108a5df1b0f6c6115842c271a51340d89dad4ed6016caf7b31a,77886f26ecfc79cf59a2f44a52f1ac6143cf55000c2179cbcb8e426f67c9e4d4,c9253aea1fb1e07119d1fb5f96b6eb518317083f4eee0cb96dd2e15a563b8d37,f163b44c4a46c3b63434b1f49deb3dc889ab81d50938ae6df57d8f8945f2eadb,47f6fb6d888c731119778df73a182f8aca312e7b79d28a58c15ade647e0480b5,HMAC-SHA256-DEMO,AUDIT-2026-05-STEP3
79,8c0d2f2caf0c0c3ebdb69f70,2026-05-27T15:48:00Z,REQ-000079,43619f9291295cde078ede73,STATE_03_DIST_04_PS_02,db0304cd11153fe986b9f40e,escalate,ESCALATE_PRIVACY_SENSITIVE_RECORD,P-2026-05-STEP2-ORACLE,e411ea96c982844beb813389c6af89f745f34a0069732b83dd2ae09da46a2cad,a08d052825617e57db23206a1041ab52cd322a63178b36d87bb093fc26c9a221,eb5798a461fa77c7adeb559c6554517e098c54622ba25788fb0b777c0950059c,5d0ff34b2cc668cae8ad9a5923540631d7aa83eaf1977fdf0e3e8640ba0c9908,857bd54ad74f9bcad75faecc67f2c3873cc63fa9bf9a8802405dfbd889483ad0,f163b44c4a46c3b63434b1f49deb3dc889ab81d50938ae6df57d8f8945f2eadb,1da7fac78bb52505a9c5345aba9009bf9c355c366e188492cdfda143a640a8c1,a690bbe2425c4699fd5533cece61b3c47781174e8485a6c2132b4bfb75809886,HMAC-SHA256-DEMO,AUDIT-2026-05-STEP3
80,6251544947fdaec704cde025,2026-05-27T06:40:00Z,REQ-000080,3573eec47a61bb4c69e2b339,STATE_02_DIST_03_PS_02,198325ea87b957803b3bf480,deny,DENY_INACTIVE_CREDENTIAL,P-2026-05-STEP2-ORACLE,9d6a02a3136062d95f801e14866e9e42ea08b2f7827419cb450d65e74feed4f2,c7205dee68eba19caf8cf11ba6dddc9c30cb347de202008cfd85ad39c8c1c27a,d4d25741b79841bce007946d0eb9421f00a91fc5e12e0e8ef1818ed204b2f6b2,85d3657b512ec6020454bfcd4b5d7c94a4aebffa1b17af87c91d2082b9e264f0,626a3fb13f94607e519d7e4e794c0bb4edd806561c3a6154d04c9c8d5dbd8ea7,1da7fac78bb52505a9c5345aba9009bf9c355c366e188492cdfda143a640a8c1,82c798a2f0bc0e1cc82a764882d26dd0dab5cf8320a4c3e8de49f85ff36197f9,a4f5865a51b89d1a409eacc3f8948560388650d600b0e3a5736574fe384d0d11,HMAC-SHA256-DEMO,AUDIT-2026-05-STEP3
81,c25f4449e507726f97dc5dd2,2026-05-27T10:48:00Z,REQ-000081,47e9daa6a9eddbbbae1d0bd7,STATE_01_DIST_03_PS_01,ff2fe9cdc866d8723406901d,deny,DENY_SEALED_RECORD_WITHOUT_COURT_CONTEXT,P-2026-05-STEP2-ORACLE,27ef9d4f446f5a2904cfe79207492df85a6ab18038234468f097e11cb7738b9d,f8fc6f6e79b0f8aa37746dc7581cfa6f9746a90600813d2d7bbbd1be7c2826b7,43725e9a3bb4e80bd15ebcb2e184863808a901ae1ae374b23deea282c3857ff3,a3c3f925b71e912935efa1644c5282791778fbacd545f3115cb29709cdc282ab,df69d2d8d384f5174834ecf7d0180e91f7f3881d54edc960e6c3a2e9d8e46844,82c798a2f0bc0e1cc82a764882d26dd0dab5cf8320a4c3e8de49f85ff36197f9,421559cff935c31b999ac2e8830b79e96d41fd9db0400305a3514b84a448f6b7,597845e7f2e5fb501a04c455c611a80e7d9c3997a61fcf531028c34b7a2d3f72,HMAC-SHA256-DEMO,AUDIT-2026-05-STEP3
82,01cbee338ab97bb947cf6e92,2026-05-27T21:52:00Z,REQ-000082,f57ebd05797c0d495cf5ad8e,STATE_02_DIST_02_PS_01,14e6805622a63d5a065797bd,escalate,ESCALATE_PRIVACY_SENSITIVE_RECORD,P-2026-05-STEP2-ORACLE,522b267b95e4cb96989dcdf326c21dbb32da5fa18614547324a388199b56fd0c,57cf676782e723ee6bdee45031d044e2147092cc3334f8a384ebed05a56d01e9,44a3990ef555ecc10853818dcf5894c10ce59f88d683f319548d829fe8fcafd2,dff4d4aed80edca0c72c16d2ac0d579e9166293ef9ff9f7c2d2df29afb7b4a90,8dfc56b2dad059e532f237abde9ae93773a0e19061f3a7dc1728936feb1cdb8a,421559cff935c31b999ac2e8830b79e96d41fd9db0400305a3514b84a448f6b7,9e000d3fae7b061bc8ccf01499407f2939d91d92ef30e62dcd3ff80ea5a410a4,d5345dc5b0f0d230f6c708282c412da52e2ea688a7d481378ba0b6219b2ace1e,HMAC-SHA256-DEMO,AUDIT-2026-05-STEP3
83,af3691f06ad5bb62f727bfc0,2026-05-27T11:04:00Z,REQ-000083,f30bb583158115d6451ff1ba,STATE_03_DIST_02_PS_01,9917dc83548405dcdfa48501,allow,ALLOW_ROUTINE_CONTEXTUAL_ACCESS,P-2026-05-STEP2-ORACLE,9e8bb65f5c387bcc6445d00d176f0881f6a8cddec0f5dbcfb80842c6a671e0c4,c2bdb17e74d6c5b7aeac5524f0b408fe2fb5dd8f61fbcde1a5837b930ea6f669,c4c3c5124350ffdb5082d2743a711c3090247fe0079d4a822338e6c169b8f2fc,19618b9b621db51f4aeeaf8a67722e06b02204b7fc2f9541b79674a695d9ee81,fb8baedad8f3db48a8e4d648140048126b93feb4afa433e334e386d12b35def0,9e000d3fae7b061bc8ccf01499407f2939d91d92ef30e62dcd3ff80ea5a410a4,7309389e8f431ffccb9a759e4af541608037c1a3804b33c31d914468e401b07a,ae4bc9ec2bb2b00ff0d77684ea7746811ab562a6aa99227e9297f2ad41ee91e4,HMAC-SHA256-DEMO,AUDIT-2026-05-STEP3
84,00cb2af8e1e9f6a95d8c57ba,2026-05-27T23:48:00Z,REQ-000084,4718492e22f05239e76383dd,STATE_02_DIST_02_PS_01,57e7af8bd7cdc6920752e182,deny,DENY_EXPIRED_APPROVAL_TOKEN,P-2026-05-STEP2-ORACLE,f3764c2b8e8b7d1b1128400d7a9ed5f0f299c0a9768cfa6370ad03ea26c69532,adab3e08653734af645e8c3d5087c0f8c00aa0ed38cbfea4e0d0145a39a7d58b,057084efafaf89b45acb62cc292744dd36bd6b47197e1a1c11d3dd1e9de6ccf7,1bc5a6323ea991235f23ef6afd1b3a54530379e5a35ad7134c0e1c0e4ec07b0d,db7b890a925ed1b305d41eb14e5f9ccf6f474c176407aef58c7d5a14283e9ee4,7309389e8f431ffccb9a759e4af541608037c1a3804b33c31d914468e401b07a,8f8d0bb676432a2bfd51405b5217fc1a6043e2fd94f172e5329c541636d6f992,735b260a5243defaa01489edeb6af1c227210f3119462920abb4d17d7c4f6aad,HMAC-SHA256-DEMO,AUDIT-2026-05-STEP3
85,9b96a79ae0a375809f844a6a,2026-05-27T08:30:00Z,REQ-000085,071c750c420d0b5f044d6ae7,STATE_02_DIST_03_PS_02,550a42b9a5b45fa2817e763a,escalate,ESCALATE_EMERGENCY_REVIEW_REQUIRED,P-2026-05-STEP2-ORACLE,bbeb9d13e064a60ce69f5ab6cb88d00500a973f48bc92e88c816d30e1273548f,bc1540a3be6613645b42be3d7a6ad2414f8a72867b7fcbe9ac38d9dd782513b7,df8d8188c5d4bcde6e61ea9d7d493dc4e580850ca91074ef81750feb957dced3,42117bc18d94c204cb82fefd6f25fc83d1cd5047c4f4b3743c3a0eac903376b6,d618a329e73137eb91ba2e10ad10bf46758f700073762b3b1a297558484bc039,8f8d0bb676432a2bfd51405b5217fc1a6043e2fd94f172e5329c541636d6f992,2000b8dc1816df60aca951dae684fd5f91293b43f6809e6965d3ec60157a1e7b,02fd31e980de50f2f9313d664761159e062d203e6ceef12f4049df6b3dc0a0d0,HMAC-SHA256-DEMO,AUDIT-2026-05-STEP3
86,466be6cdd776a81ef7b107ac,2026-05-27T20:04:00Z,REQ-000086,d4da98f8bbaf8c84670817a6,STATE_01_DIST_04_PS_03,e6ddc948280fadfeea10e9d1,escalate,ESCALATE_SEALED_RECORD_REVIEW_REQUIRED,P-2026-05-STEP2-ORACLE,aba2e2d97bc0ce8d44180906346d7bed03a2918b353c09403538a073c7b6bf4e,b9fe0f9e9437900d593a90385cf9c8b081805ef76cdca6304aaa0aceb99d55ab,e2dfd8976ef2da7e9be367d3dd3dcc77e4f5f3ea04094da4b7908b328ea9a3ac,d62caccd3180e536aec576ccc19ef8d27abe71ced0ea1359eceddb26646661cf,0ced8261797bc62d9a911f03c89e3a9fdd25bfe7905a6f5223bc1050ba1f2330,2000b8dc1816df60aca951dae684fd5f91293b43f6809e6965d3ec60157a1e7b,c58cbf30284dc048da99dffb5e67aaf5f19024636d8267659714b26f515a2606,9c94b7eac1cd04cde087c86053c525649ffbc9240f63e2723494ee415b339ae8,HMAC-SHA256-DEMO,AUDIT-2026-05-STEP3
87,67304e9db89da8a8fada86d5,2026-05-27T05:48:00Z,REQ-000087,7fa77f7b07565190b1b9a0af,STATE_03_DIST_02_PS_03,13b2a2a0db1373b8363e1c5a,deny,DENY_EXPIRED_APPROVAL_TOKEN,P-2026-05-STEP2-ORACLE,8a8d66e3e6e958f3f4bff0e8c3ecf924534232aae378120dc4aaa4121b7aedcd,79e34c04619a4e5bfd39f9fe6b1ac826f0381f5c85f21606e3359f046370a444,999003cd3ecedc14d5af9aee92eb15254f577c2db98f40ca5f78634a75ecc739,bf031b91610b62aaaba80b1183132c79e06349b432eeb4153c4a4c871a7f5dd5,22263947c0a85fbce989e0a463f12fea8e388da4bc3429b43da92137526424ca,c58cbf30284dc048da99dffb5e67aaf5f19024636d8267659714b26f515a2606,8fb5e8b6d1bc5e80260cc715bcb0f5cc2db85fa02a745859b9a5b3cf9b678619,bba352fa9d099af558283b7192c5fe625fb9a74e450c625a7e5a55f5bdec3de6,HMAC-SHA256-DEMO,AUDIT-2026-05-STEP3
88,39206904aaa9288171a6ceaa,2026-05-27T10:16:00Z,REQ-000088,d58ac64e32ce6bc751285238,STATE_03_DIST_01_PS_02,cfbb7cb7295b99ad06465bc9,deny,DENY_EXPIRED_APPROVAL_TOKEN,P-2026-05-STEP2-ORACLE,951befadf93538d93ac0073f2517d316527ec900a146b7ac531fb244f3df67e6,b4d6463f6d0f56a309346169e87a918a79d7f6466cd6d718987ac24c3e8a87aa,855925eab7da87e0e48f58b9c8d659004843616bd73b7937deae3f1fe34156b5,87f40262a24496a3db1b80e8b0cf03da28661d5cacb3445c2156f6cee70b5dcf,a7252aef217a926a057bb83a26e3b780612d02544380773cc2be63bc603501d5,8fb5e8b6d1bc5e80260cc715bcb0f5cc2db85fa02a745859b9a5b3cf9b678619,1ea441b11fbae3749862523ecefea7d6bde0f81facce171a25db9ee628129e61,9348bed84e386bf3958d9201b0601cc6b6e808ae23c1275a1a747ae950419bed,HMAC-SHA256-DEMO,AUDIT-2026-05-STEP3
89,0d6109ecc0caccb896ba5210,2026-05-27T22:15:00Z,REQ-000089,e35de54e8ce29e22aa4fb84d,STATE_01_DIST_02_PS_01,65c13ca172c0e8f26de94b13,escalate,ESCALATE_PRIVACY_SENSITIVE_RECORD,P-2026-05-STEP2-ORACLE,b3fb8be38f8ff4c51559ed4101733ed1a1ea4180e49163eaf9f9bc522e59668a,2102f992bdb7d56676d7c50467a2ad01b09c9972179987d9fd439d7c78fbb2d9,69e3a3c695d26b5a6a4fbad8e36b07fb9252b742e63f21c51bfe6696d2bda694,66a5de4f5ab0bbe5eee561f81d2f6d1a733dd790d2f334fbc7871eb9997b7e6e,e6dd51ff9578e016ff1f06be3fde1952d8c44b173e0a6413c62f526f046c3868,1ea441b11fbae3749862523ecefea7d6bde0f81facce171a25db9ee628129e61,e531a312d0ceda2bf0149430f6b21eaaebdcd2f204f675d1e230ac8a38ec278f,c4de9322130fec9d9bbb357694972fcb765cbc1297be0651fc2da4a890d65520,HMAC-SHA256-DEMO,AUDIT-2026-05-STEP3
90,85b0612d0b7dfb47431d608e,2026-05-27T07:30:00Z,REQ-000090,4f04697319f636cd795e5d1b,STATE_03_DIST_03_PS_01,f7151781855b8ca96dc2f997,allow,ALLOW_ROUTINE_CONTEXTUAL_ACCESS,P-2026-05-STEP2-ORACLE,87e6799b1cf054845cb4bc64c247f45de1a807819ee24754114ecd227ad2d521,3f24c24f9542d2ef184b517b10ec2459ccfdc49686aa39c1a1b252c9d8647346,e5a18cc0b8a69a8243f381f079f52106a1b84f658590f105637b536a3ee40528,e27c906a559cec4536e2cc73295a477c3d0dc452193117d032deeaea45df4714,139ff0a7732e3bfcb6b4766c3c788b6824be29a6771c82568fed4f6eee7467ff,e531a312d0ceda2bf0149430f6b21eaaebdcd2f204f675d1e230ac8a38ec278f,5da0ea84f84958c4fdf69df9e8c5f0611f8bb314668ad244291c2d8f3e4d0052,75b18a826aca2def68140899e3a292fa8bfa1c71df04230ce5b352f4da7b63ac,HMAC-SHA256-DEMO,AUDIT-2026-05-STEP3
91,1a6545ac7f622a7161cd4dc9,2026-05-27T10:37:00Z,REQ-000091,614c14e8c660d73ace97d265,STATE_01_DIST_01_PS_03,24b2390d4286ceb3b5cac194,deny,DENY_SEALED_RECORD_WITHOUT_COURT_CONTEXT,P-2026-05-STEP2-ORACLE,f0d3abe146c6915dc182d01fe3706da075f2a625d09a77e3291df7c00b93152a,b364181bb4bccdf358397d4bd12bcc349407b930d35c0fbec510881b29859537,22a276f3aa731ea95fef5bfbba961c1fe574453cadf144e23ca2c92c34e2bfe6,2c3c8878e5ed07ab35f075f8ed19c2af090d42e0fdbeaa2ae113a6e36b679134,45b3afc3ed894c6e5f007078e7fbe7f9e69d4e2897a488001df0d46bad84903d,5da0ea84f84958c4fdf69df9e8c5f0611f8bb314668ad244291c2d8f3e4d0052,13cda9671a8980c76d4629b17a00cd8c83c2ce9b7d17c4e331cabd355c8eccda,c5af699d64f55a61f47643f2459f01b1ad138a41565832c91a4af21068ccd290,HMAC-SHA256-DEMO,AUDIT-2026-05-STEP3
92,1ceef5622b2f1f399dc98e7b,2026-05-27T03:04:00Z,REQ-000092,4bb363d085866d6dbe19f005,STATE_02_DIST_03_PS_03,2b5c0f81a93bb857349468a0,escalate,ESCALATE_PRIVACY_SENSITIVE_RECORD,P-2026-05-STEP2-ORACLE,49235b81012972992141e3bfb73ee368429b1217809b298e8a4b91cd45136466,030602365e5bfa205c1adabdad9a32003c2dd481e59639a5b5c74e34101f702d,74c3bb43b4130a5712ed3066e0ed646c28a6f2cfc4694e9c137755c78365dfea,64e138bdb53391c12d7f509411fbbbd5b180de390ff8d73adf3e0c54a94c7df1,4f1ba9e4aacfb54da022e85ed551d9775e96fcaacc9afa969d8346127ce8827b,13cda9671a8980c76d4629b17a00cd8c83c2ce9b7d17c4e331cabd355c8eccda,8608462bbe13e8ba4b502c33e54789ef2095ff7c52291f4248b394cd361bd4d1,1af3614e80705b9cf2b14a2199a077bcca4a64950ede82d5fefcdef7ada6ca79,HMAC-SHA256-DEMO,AUDIT-2026-05-STEP3
93,a3dbefb0753e357d4bbc3d5c,2026-05-27T21:42:00Z,REQ-000093,7e2b88d260bb5ef29585a94e,STATE_02_DIST_03_PS_02,3ccd34687090d2923fc32e3b,escalate,ESCALATE_PRIVACY_SENSITIVE_RECORD,P-2026-05-STEP2-ORACLE,eef6dfed3e387512bd89f641e843b1aced9818692896489d9036ac3dc7ea5714,fc5778d80167042adc4a77151d2a0d9901288f315212d1df7c133f8ce71c1647,7b6904b6eccecbf22d391a51482b44ae9ac34aff18c43af290bbe70eac40969e,f37ae62845fefa7b7b8abfe0504844dca610be571915d9454c7d4aa7d9424c2c,dc7e8e290ff5555115d8014a4819f5ea45af7d9d342294d8a8b85fca547b50d4,8608462bbe13e8ba4b502c33e54789ef2095ff7c52291f4248b394cd361bd4d1,73ff891494d78c047ba3e9b164f32bc361d9337544c334031e12a44e5c8c37dd,fdc470cdc7efc86616a1cd183d1e422520d9a85b84bcbaa17dc7b82aa79bed2a,HMAC-SHA256-DEMO,AUDIT-2026-05-STEP3
94,c26dca3fa50eba3618c8c8ee,2026-05-27T14:06:00Z,REQ-000094,ccfa52e7df949ec76b129260,STATE_02_DIST_01_PS_03,148f5201e446b9e7af6ac7c4,escalate,ESCALATE_SEALED_RECORD_REVIEW_REQUIRED,P-2026-05-STEP2-ORACLE,652f8fb7b4c78e6355a4d6447b5e00c8b84b112082bf4bca3fdc85843f51eb66,8baeb38a2cea18b3ece89c56a905f0a56a73cbd1a7d1c73f1148ba062fc93443,331089f00309031e2f4cffe45ccb2be54569dde6778a33068e5e8257765407f6,dd1a5a4373c1e2f7158dd9665b0a6ba900766aa4ef510ce19a619b51dc682caa,1b8c1303e234f67b32716597399e783857dadda760db4ffc0d885510f3ed74f3,73ff891494d78c047ba3e9b164f32bc361d9337544c334031e12a44e5c8c37dd,2878786ea50fc89a94cda7d951255cc46804b1da2702831b89b724e43c978435,b6d4db05d66fdfda92f676f6962c200beb40fe660e866986b492ac8f6d21e94f,HMAC-SHA256-DEMO,AUDIT-2026-05-STEP3
95,8d0fdf5ca424abed4590e218,2026-05-27T07:55:00Z,REQ-000095,614c14e8c660d73ace97d265,STATE_01_DIST_01_PS_03,f8d01d9519981fbe6119c784,escalate,ESCALATE_PRIVACY_SENSITIVE_RECORD,P-2026-05-STEP2-ORACLE,7a08554c344c57a7a85e5a694f8ff17718009caf218117104a4a1bf071da9454,a6c1d327ac4947105e8d8f3557cb898f4ed6f1d65b716c21ac66d678c1b8fee1,7930579dd09d340fd1795986788e66bf751d38bdb9f4c5be2a965e1d1f95b108,175fa3f4902e26cc369102ad2c7f008cb64def4467e2bdc86580220e4f7f1b13,caddbbb66ed508105039cd94defb1475c8680153fd87a3505818779dc4fe59ad,2878786ea50fc89a94cda7d951255cc46804b1da2702831b89b724e43c978435,2d0dff31eff77711c8e86c48dbd506d6bbb246e96efb4c570e8b1f5eae129e39,181de4766b1fd7e929997f34fa7520cbe1bbf46bb221cf319d5fffc148e89028,HMAC-SHA256-DEMO,AUDIT-2026-05-STEP3
96,854c9ce27578065ab28a7d00,2026-05-27T19:12:00Z,REQ-000096,88db5c4f1341722984d72ca6,STATE_01_DIST_01_PS_03,e5385c525aa0b8f6bd09732a,escalate,ESCALATE_CONTEXTUAL_REVIEW_REQUIRED,P-2026-05-STEP2-ORACLE,8c71fe202d790352f239589e0485d0a6509d31d55866084d0ad1149fd7061bda,81b1acea50ed34a785293465e556df3e44be9ab7c21ec752fb6e4ea5db92a411,07303bc7b9a5820920bcb5757605ab0cc316abd387c7cc6006428d0a46ed3133,8979b5b39092b55eef5a282102af693fccecf6d424a105fb87d54a39e4d00fd6,391473fcc227644f142dce4eb3e87bb028bf5f53107a5c7de08752075d284bf8,2d0dff31eff77711c8e86c48dbd506d6bbb246e96efb4c570e8b1f5eae129e39,ad2a01b280f093a80fd61adc61e5c90c5e6907cbe86bd0a7fbaea9d704563609,d043746d62f5c12855cc7a058e027866ade51abab16ce988375bdf3a308cb203,HMAC-SHA256-DEMO,AUDIT-2026-05-STEP3
97,7ade3f5fed153802b388069b,2026-05-27T16:10:00Z,REQ-000097,e35d3d5ab37a57023a757cf4,STATE_03_DIST_04_PS_01,c3ad82ff84dfe0275c582cf5,escalate,ESCALATE_SEALED_RECORD_REVIEW_REQUIRED,P-2026-05-STEP2-ORACLE,94dcd4944b85181ee1ae85a16ed62f7625447b35163ad14c0eb155f77cca16e2,cd9f78482caf8835d8d7c84d1b6a68e235f03e7ec8f7a83a90cfb68faab4e00c,c85888a61b9a85ce852a890f0b996a4dec6dde540f79a233f8c065fd83786fe1,26d77e1c0a5dbf48ac7a6713eaad65ecc8c2c617318ee81d1463f87b90b47d72,d1ad6c5670938d121417d62168f3964889195b4db2941162fa0d02d95d2b4536,ad2a01b280f093a80fd61adc61e5c90c5e6907cbe86bd0a7fbaea9d704563609,79caa5a2be347b9c83285e38b0b2ce090a1d144773d205ebfdb0c886067b46f3,6a940d06c7b03a873965a57aacc86f87696240d6365d8da4e9bed1a1207e66f5,HMAC-SHA256-DEMO,AUDIT-2026-05-STEP3
98,37a7e583b9ed469fcd2ff3e3,2026-05-28T03:46:00Z,REQ-000098,cd7bb6b37a4bf493a6fadfea,STATE_01_DIST_01_PS_02,87b096587a2f7133a6e4ac06,allow,ALLOW_ROUTINE_CONTEXTUAL_ACCESS,P-2026-05-STEP2-ORACLE,1e7b5dbc5d756daf80a42225350d0513a270f43853b204723d30a7ce6315db04,888d23b8318eccb98a081fba3e6c6e3ae21d6d5f9c6e1c008a6ddf8d95121ac9,4833bf8708fae861b813edffea2d34e031bb8c7249380f83251c3339dd546e72,99ee3b2b3475825eccc5f5652049531be0dea47da956e2b4752083412e40fc93,921ab7ec12e2da902deb4f5c638f43bda149a480bb7dc278b9a532fff86d5188,79caa5a2be347b9c83285e38b0b2ce090a1d144773d205ebfdb0c886067b46f3,8917dc10c00e1a34e8267d027a0ec4b99debba94b588b60cb4f5a17cf0c2a1f1,b493c9d62a33a8faa3418f6645b85a333e1db2887c9feee2fc2a69768b182844,HMAC-SHA256-DEMO,AUDIT-2026-05-STEP3
99,75730fb33ee978bc7285f9cb,2026-05-27T19:48:00Z,REQ-000099,f250eda449687032c1f3ce21,STATE_01_DIST_01_PS_01,8cd436b23498bf982d16d8f4,deny,DENY_INACTIVE_CREDENTIAL,P-2026-05-STEP2-ORACLE,439406c49d2ba49d6da659e1f17906509ba28fdcf8aaf85e7da9019869330f07,744a19320a7e4591f9e925320f435c2ab91e42570f88c9b8039d32aca205ea63,f765abf7490412a7f449da14e230b3413169ed2b9c14ad588d76282b6a660a8f,2b349085ace2e63cb6ed2c66658f72a81e5d7c3a4d8d7ac58311c6cf78fb5fc5,6ff755d2dce15a70df3cf9f07741522fc09d24ac6400c92608cdc1318ae47247,8917dc10c00e1a34e8267d027a0ec4b99debba94b588b60cb4f5a17cf0c2a1f1,56c3848b08d2b16d9c78a6049171975923eb9fa5c963edde7221e59d725f6fff,657aeab3fd2e64838a7fc5e2cf5a9153a989f5b9371d3ba5f87ab60e11059cec,HMAC-SHA256-DEMO,AUDIT-2026-05-STEP3
100,669cbc1141aa148d9a832740,2026-05-27T21:40:00Z,REQ-000100,5e223aae914ba42e97c387c1,STATE_03_DIST_04_PS_02,079b6d98e9cc6186cca480fe,deny,DENY_APPROVAL_ACTION_WITHOUT_SUPERVISOR_RANK,P-2026-05-STEP2-ORACLE,5ab650cdde81c0696508c0dd8c45e7b4daddf347d31bc13a16304bed7cf86c31,b0a3040155ff4604d4011123c71aaf60cc1bbe14452464aba69593cf5f06d3ee,044c73446af14c901c6e55d9cae1fea034eec5a8ecdd65e5d7c30065db347293,e58d67a4eb6ac3556a7587eaa12a3e0480260509a47ab59d7fe141079f9c8d40,5a6d97d2726aad36a4fe88a4d0b48764a03457a38fd6707490a614d61ee9c014,56c3848b08d2b16d9c78a6049171975923eb9fa5c963edde7221e59d725f6fff,c459755888e591212448ae2636278c7089f23a6d16d172a7368ef37c2ae25c45,d69d7625c0d265dce4d01a7c5e26a33ae59679e2dbb4d1a8fd88a5bd0aafa871,HMAC-SHA256-DEMO,AUDIT-2026-05-STEP3
101,4f5f9c4025bbf3fd5de3fef1,2026-05-27T13:28:00Z,REQ-000101,8fe1499c5ed9142abbac6485,STATE_02_DIST_02_PS_02,f918883e0652f9e5806aa095,allow,ALLOW_ROUTINE_CONTEXTUAL_ACCESS,P-2026-05-STEP2-ORACLE,8b903c6b389ae6a25a3f6bc229acb3ba934c53a267ad018b4bcc3f8176158bd0,c6eb30e8f346752bd48bfe1645fd900340e6b22a7d4c9d678a3c61e4dc51e49a,dca56de6947598adc88272eaf6118b6879f328cd0decf64f33c0ac3b2a043599,6c7568bb72cd4f781f1b2bdb7a5274349e2ebea652bc12e1f2a429c383aa835e,f09fad4f4c489a4f7147fbc04a62fdf392f7046159627ba247cc334f86d4d66a,c459755888e591212448ae2636278c7089f23a6d16d172a7368ef37c2ae25c45,b133d36cd331623e64f4c61b2a19bc17fca501aafd6ddfb3ec41ab2a578c3bfc,a61f46d87e938882689af228be864385508bf1a8cf0508bdee8ae0eb68d53955,HMAC-SHA256-DEMO,AUDIT-2026-05-STEP3
102,2230ab8e386681a84af56ec7,2026-05-27T22:06:00Z,REQ-000102,93ea324e5b0159f974ae2ac9,STATE_02_DIST_01_PS_01,e7b2a26cabc70803d3186378,allow,ALLOW_ROUTINE_CONTEXTUAL_ACCESS,P-2026-05-STEP2-ORACLE,502025e2eb588f26a00bea3bd1a5e59f269e67806a6a3375ed033b754a7cf795,1ed7a500f8939c7fdce35dcb84658486648dfed5ec2f0be3147344a6f9e56aee,a5aab21f5d2a6b45de845de02932444d36f320628b40876f5cbc8776dc7a09c8,d05d5c788eac9bae6e502002440ee6f23b9d91e8b1de8dac9c6e6388510ac422,191d2ed50c9b4ee92d5c385af05609e6a2019cf0556e8b98430b5e14bb0ced20,b133d36cd331623e64f4c61b2a19bc17fca501aafd6ddfb3ec41ab2a578c3bfc,58d351d3f97440845549141100549f4014cd3c777224fa0d29e1a610c063d7f8,b4df89708bc6e2493323ffff4f4508d2a709a74d46c37936f82e785a6f47dd65,HMAC-SHA256-DEMO,AUDIT-2026-05-STEP3
103,374f7e90493a5baf91302460,2026-05-27T08:35:00Z,REQ-000103,c078db1796c2d8c169b84669,STATE_01_DIST_01_PS_01,5193567c38e42b9a685bdbe1,allow,ALLOW_ROUTINE_CONTEXTUAL_ACCESS,P-2026-05-STEP2-ORACLE,648e795b9dedb55d6b39c1d824370f46f044fd21b403855df2ce1e07bc583d01,fc5b313766aaa74e0d32d5d9ec7ca13b5d924f1cd8ccf5217139691838426806,45f1c32212b7103257385171d45430a0540101aa9b86d5d3a41be5fde522487a,b0ae5d06b16aa38e657d656a7627e1873cdeb5b66358141d911fd5eee69b0b6c,730d3be3fd86cea51c6241442757d93d5678c989dc547f462b87fdc207575d8b,58d351d3f97440845549141100549f4014cd3c777224fa0d29e1a610c063d7f8,041d8e0376b8ea8b246bba1107e34718e366cdef3de36a7d904b7e8233e01ad5,28759d47fbc6a90c89031a37bb757dfba4ea957da8800eeef7093224710d766d,HMAC-SHA256-DEMO,AUDIT-2026-05-STEP3
104,222c7aa2889ee4db7f221652,2026-05-27T12:08:00Z,REQ-000104,e35de54e8ce29e22aa4fb84d,STATE_01_DIST_02_PS_01,70fff4617104a1f3b3122c7c,deny,DENY_STALE_CASE_ASSIGNMENT,P-2026-05-STEP2-ORACLE,155763cc53d638aee8b1f72f5b8e4192a0f9d69d64f289467dea767ac723beb7,40043516414c1e3ec7817c10a0af14f0ea48813114920c08817b4ec087e168d7,bed365d4c975044a20ddd28c239e69a2d10f49ea17d3413cf5264dd2f91e26cc,01448c87a61dd0d827b07ab34261f6aef4f7be02484689414f3b0c83a1f4563d,99dfb56776e56f454673e6505660b166e9f25d4c1ab733ffe6321a77746cac69,041d8e0376b8ea8b246bba1107e34718e366cdef3de36a7d904b7e8233e01ad5,5343a73b6ec79ace680ef77b41a9f2ad1b7802855df7edb689c38bef02dcff5b,a603ae3e8aaf9e0a61af6744c251c5826bb216c9ce727e26ae2c5de891b34df8,HMAC-SHA256-DEMO,AUDIT-2026-05-STEP3
105,da00a627ca207cd69a2033fa,2026-05-27T08:45:00Z,REQ-000105,2f283926393a08241f4c19ba,STATE_01_DIST_03_PS_01,0b15ec81d0d8ac95910c8dbb,deny,DENY_SEALED_RECORD_WITHOUT_COURT_CONTEXT,P-2026-05-STEP2-ORACLE,d6a6dddb68cfbc31d5ec41beba497907333788d525c684fa759d862ed5070b11,12358bdb15edb8dd67a2932c7159525865bdd158b0c01df61b44e18b6b3d686e,071c60d32645b8293705f6b642f4e393534ea03e5c4a5bdb94b8ffcf15a1ff59,ba3526ee49c632570785ebfcc2b98534cd6d63ff4a1972c2afc7c4ac33d64eed,34f5dc64b1d1c1667789c99ac6ac2a8a0353d15615fe2d66edb64642c9c12356,5343a73b6ec79ace680ef77b41a9f2ad1b7802855df7edb689c38bef02dcff5b,7bb2c50ecfb3f2ec239c11e972bf55afb679a160775c63faa344d991ef97f5e1,257a632a5d706f030d11bc4531d5f9d1efedd49e319ee1ae01589a6e28ea4a73,HMAC-SHA256-DEMO,AUDIT-2026-05-STEP3
106,181f41e224f26d2c7e6448fd,2026-05-27T12:22:00Z,REQ-000106,0d9d0f67e217f12f80467acf,STATE_02_DIST_04_PS_03,71e0d974adfaea423315288d,deny,DENY_STALE_CASE_ASSIGNMENT,P-2026-05-STEP2-ORACLE,8507af108febcee42a48cb8f464928d314cc9b97ea7a0dd958c86ba48026ebf5,611b0a4f2c47861b10cb1831b6407fab5926dd2466c0dbbbe099f29062467966,59d24a5808c1b0e5ff318738c10d900fb45e00c28bc44d381cd4237d79930b5f,799e396bbef12083572b07c5baed52de33ea3a44daf85f7a67eee16a9ddf2a06,3019ad368e0f02735c4c559c16aa393ac78bdc9dcdd4709e5c2b1f1ed5e7da25,7bb2c50ecfb3f2ec239c11e972bf55afb679a160775c63faa344d991ef97f5e1,d2da5eec038976d094d453629e9265ef1bf97ebd84edec60a350944ca77ba848,9fc310b34f2a8a69d86d25a22492d7d240cd43155294e977e3ce52c8e9072bc2,HMAC-SHA256-DEMO,AUDIT-2026-05-STEP3
107,aa8b2d9a2b31326c47907638,2026-05-27T21:24:00Z,REQ-000107,84a9b6fb8d6efe7cd09043f6,STATE_03_DIST_04_PS_03,41f7269b735abf118e1ceb74,escalate,ESCALATE_EMERGENCY_REVIEW_REQUIRED,P-2026-05-STEP2-ORACLE,a2703aec231fa6412d1121ca23f976b9861e329f9df4de418d3571d6e1b1a97a,968a55f07fccb1bfca9336827e087903a6bcbd7dcf73dba52dd1631f9c9a5d1e,91f5f2fe2afae6d005d40f5e7127dd3ead8634c488e658510bacfd4035a0c36f,5c57572b47a2233f2523535955265f26703bccd04a5494b39315631008267edc,ad946bc3c7e0655ee76140250516ccc4bfb963f5cd44cb0180631c0f35e68bb6,d2da5eec038976d094d453629e9265ef1bf97ebd84edec60a350944ca77ba848,7704102eeed8d9822b355990f1dff877ac58f6b9394cad5ee5089fb2587d08c2,c87aaf770f122fb79c7e9ce0a09f1073d631c531a61485f9da74ac50c684ace1,HMAC-SHA256-DEMO,AUDIT-2026-05-STEP3
108,737af3939cfc010c5538d25f,2026-05-27T05:24:00Z,REQ-000108,3a0f3bfd087110a0cbe914c5,STATE_01_DIST_04_PS_01,63c910ce62e656e7950b3fc5,escalate,ESCALATE_PRIVACY_SENSITIVE_RECORD,P-2026-05-STEP2-ORACLE,12005f49b97b48153863b77bff73b8c09c0906defb0906b908a648b121ae789a,8ffd2ad1f144c77f3990ae0548ff17249f2aae86eb4579072191c6b6c7a4f322,321c853c22b1598a20b87702f16cf8d29bce06a39043cf4f0546adc672d95fb5,965f26fca46528700cefb7b16ae6c6e53a369d4f94b44cceef821744f46bd925,ee16c71a71c7c091a9891ab4960258212e907246978136482f8259c6149493bc,7704102eeed8d9822b355990f1dff877ac58f6b9394cad5ee5089fb2587d08c2,262457e4a0a14448fef14c01166033269e2e2546aef2965d597265dea94978f3,ff89bcde809a79ebd449655a2140be45a7e9f8ccf1be999255a82816470bf9db,HMAC-SHA256-DEMO,AUDIT-2026-05-STEP3
109,969b19a685862d2b7eea0717,2026-05-28T06:53:00Z,REQ-000109,4718492e22f05239e76383dd,STATE_02_DIST_02_PS_01,5b3c9fb228bd8b29719c1a5a,allow,ALLOW_ROUTINE_CONTEXTUAL_ACCESS,P-2026-05-STEP2-ORACLE,51b654540f024c37e7d2fd401a8b90592935c43d0923ff84de4341f78cedace4,89cace47fddb32a0579350c6a4282a23b9cecf8717ee1dc7f0779dc6bfd07c61,0632d2143c7ffb120c5be155ff1194413f53fa387043f76ea67821ea7f6eb92f,c614285f468ab02ed2f34644aec4041a392278ef36959ec509c7dfc2fecfc042,ac995a153b724c7b6abf659d0c5518f9a15f7207ce9c9adb6c59255ab643ac25,262457e4a0a14448fef14c01166033269e2e2546aef2965d597265dea94978f3,c633dc9a62b5c01d300979e8145ef89f966c2b93f8d36b131363d0fa285dbe42,b68d886965a6f06276493a19e961eece3b84cc98cc22b0b0c4c7ab1c57b62409,HMAC-SHA256-DEMO,AUDIT-2026-05-STEP3
110,a067cb12d8432d8d6663b752,2026-05-27T14:40:00Z,REQ-000110,e35d3d5ab37a57023a757cf4,STATE_03_DIST_04_PS_01,5a8ac217886c2fc1fa2bcbb6,allow,ALLOW_ROUTINE_CONTEXTUAL_ACCESS,P-2026-05-STEP2-ORACLE,70b7eabc4708306d7e2102e3a2e236c04398f1376771fd227d5ec28ac06e5970,462371d90e046cdd5c06e25bb3a1a1561f2b9e12c7c23060d28642a4098572ec,fab4040d041333edf230ad34be20a85811e0e3ece641e94b754992bff41590a0,2bb066c755090fdc6dc977ec281487a4061b6327e4f563b25be60f2e301703e8,09cba5eb7364e39a9d12564f72480b564c9d284b964eef985c2ed9ff3df8f70b,c633dc9a62b5c01d300979e8145ef89f966c2b93f8d36b131363d0fa285dbe42,6c0f81696b08cb66b2a7207c4acd638c61998a6632c74afef028a8255fe0befe,618515948f3634a6e7134d4365969d7c2cc50fbbe106b3143fb3755212fa1b4e,HMAC-SHA256-DEMO,AUDIT-2026-05-STEP3
111,0583d7bc1df2d7391317084f,2026-05-27T18:30:00Z,REQ-000111,721eda836388e57ee154e383,STATE_03_DIST_01_PS_02,e5d687012599ae15945a2fb8,escalate,ESCALATE_PRIVACY_SENSITIVE_RECORD,P-2026-05-STEP2-ORACLE,30866bc3f7ac8eef27befcdc71469c1812c1ccb2aff303750432519b95107253,fbd9f85e9414e95ff864adb6b5877995cc1c0784c350f18bf61ac0a50a6c9522,486d49835eec208ea7185f5daa1f57db99e848bf289b55c1edc7ad0bfc60cc3b,2f9684841f2dd440810d13a81376627c78ae90694f65826480f867b40dc30022,3d415dcf288847db97cb78dac0d8b5e490cf724fd8679783e01ae2acb13ee4a4,6c0f81696b08cb66b2a7207c4acd638c61998a6632c74afef028a8255fe0befe,2033e0a918a516fcfeaa8b187f9ca685562f68e3d202ec2b7099c743a88774c1,7329adbe2bf80da8b5f42951a6e8bb47eb19c5fab7806df46d2c05d8e70e6574,HMAC-SHA256-DEMO,AUDIT-2026-05-STEP3
112,c8e15c2224ecf33f1e1ceb27,2026-05-27T07:28:00Z,REQ-000112,816d13ffa68e60a160c3810f,STATE_01_DIST_02_PS_03,e6432b84b4aeaadc5136f9f0,deny,DENY_SEALED_RECORD_WITHOUT_COURT_CONTEXT,P-2026-05-STEP2-ORACLE,31a1d53c0c01041eb67174e2f46a41e0780e4e367b17cf8c0bf3c0b02910837d,e0a828fe3cff295ef2941fd4eb38dbb33fd5983d850ea8351eac090b34c2b6fc,80004323a82a736cab36d627a11f0b48235c63584954ce1aed2297c1a91972c7,bc043e9cad1f81c85873f9909e7d2488c89b3132a0c5db2ddb8836e1c9add451,441893c1193ef246aa06a2c83a50e940c1ae7e47e262e5067b7117f2e2829baf,2033e0a918a516fcfeaa8b187f9ca685562f68e3d202ec2b7099c743a88774c1,07bff7e7e075ba3dc5036b0b74629a1b90be6c7d83d1e5b5ce9027b20ea6e2f1,b3071aafff126b37f875b0bddb114f08927a6810ef27cb5145f4333e4f512401,HMAC-SHA256-DEMO,AUDIT-2026-05-STEP3
113,f5986b59712590f3e9cf8dc9,2026-05-28T08:01:00Z,REQ-000113,36f9518be85535c10000ffd5,STATE_03_DIST_04_PS_01,2e977ba934961ac3b1ab490d,deny,DENY_SEALED_RECORD_WITHOUT_COURT_CONTEXT,P-2026-05-STEP2-ORACLE,e12b4304e09185bd74e3b8291163b0ae016b30ef8e308bbcce51f766f29dbf15,05ed42941eaa00f0973a53deb21bda67bcda32de7ba05f4cd2256d53bf2153c0,5fd630d7439e70d6b5a61b60439bedb5df63ffae27a437185b32f8cf0ea62e53,f0ecb70120e89fb5ea5cd527471d8edb84739ca38d578e81b61d28e006b0d3ac,483591c016a5a1b2abf92565f22e08ab79c44ea0e69396ba84b368f5246a8ee4,07bff7e7e075ba3dc5036b0b74629a1b90be6c7d83d1e5b5ce9027b20ea6e2f1,fe3d2751514ccddbc40ab13b97ae4c468daf073d974b9621e14a53396a02b0c9,79e2898348d91517a8765ff1c9fad8e3aacd6c8c78b55beaa6372e8df828d474,HMAC-SHA256-DEMO,AUDIT-2026-05-STEP3
114,5e1b95c5eae59bd532a15503,2026-05-28T04:30:00Z,REQ-000114,eb2cec3f8312decabe6f3925,STATE_02_DIST_04_PS_03,19c0033126dabf1c18a8e634,deny,DENY_SEALED_RECORD_WITHOUT_COURT_CONTEXT,P-2026-05-STEP2-ORACLE,a9a3591441198066e849862799f82bbddfbc7f85bafdc720f771474a71e84613,121dd49eca1157752dc7506535fe6eb6aeb845ec455e252147a920cd0b40a9b0,d2cf58726bb3c56046daaec0ca68023fcbebd6b9783db35cb435466eadff2143,90b55e6b3e0c5b76c0a2824a80f7e4468911980b5e926afc819ef3ce2605666a,8510887925257fc846adeb94611d3744a5a0660d24496a006e29e6ab3bcf3470,fe3d2751514ccddbc40ab13b97ae4c468daf073d974b9621e14a53396a02b0c9,a9feab5d5b6cdb945024c5a5da59cb6c3d33fbc4958ce711d2c754a42e1d4a10,5aa78ab0a7cb4274c0a47f7c35b666166204952cecf4cd416b01e966da16e4e9,HMAC-SHA256-DEMO,AUDIT-2026-05-STEP3
115,3af4af9bf93cf0666dc3a80e,2026-05-27T03:50:00Z,REQ-000115,36f9518be85535c10000ffd5,STATE_03_DIST_04_PS_01,9fcede7ff666ed17edf127ac,escalate,ESCALATE_CROSS_JURISDICTION_SENSITIVE_RECORD,P-2026-05-STEP2-ORACLE,687186f55c33d49605826655d2ebb24f6c26c8b160841a3732eb87254f1adb69,f1df6b290c63d4ca30e118d7212ac1ad58b826bc11e6e57c0130980466fb2e8b,cdeb510e655a032373815b54c88b697560351e343a26975ccd4459e680927c97,d298acad0c577873b010bc7288bf5c7a2eab9eaebc8299af3e6fcf6f03ca9ac8,a2851a4e66eb785fa90621c02e2deea5abe587a4d89f81f9adaba3b39023de37,a9feab5d5b6cdb945024c5a5da59cb6c3d33fbc4958ce711d2c754a42e1d4a10,e38ccef07387ccb8f08808b3460e67c8839a233941141c8659c64e9a60e98530,16bb6d89ec3bf8f13ae29ee4380c2cc540b5f3fe7be955a0ea3bb28f9d487f17,HMAC-SHA256-DEMO,AUDIT-2026-05-STEP3
116,3dbdcd6c4fb3f3dc985f467a,2026-05-27T11:36:00Z,REQ-000116,006fa23a737e20e3625debb8,STATE_03_DIST_04_PS_03,36cbeb78e0fd147f27cbda56,allow,ALLOW_ROUTINE_CONTEXTUAL_ACCESS,P-2026-05-STEP2-ORACLE,cb03ffc1252401b897ba7039840ae23dbb018e282e372025be93a010b700c7cd,9c748e7047d0b9e0302df0994f0211333bc46a4ace4def3407f6432f066f935f,aa3447ca1c0b2e3819f8f797678c413433d105ab4a04d9a960b0d28b3015597c,97fede1a299db72d6c7eb4fdeb22cb82fe49537b73068624f323ef6b3af3a6cb,75d957e8a08aa1393cc72294a534145600c13b63adad1330d2543e3df49b88c6,e38ccef07387ccb8f08808b3460e67c8839a233941141c8659c64e9a60e98530,a61496b691811f12272f1137502569a835136c481428ee131e0bf24b60eba7d8,1cd8b683fd58a8278aea50ec2eec177221fe741e73e1ada08191aa5435592269,HMAC-SHA256-DEMO,AUDIT-2026-05-STEP3
117,422757a558625686a112f354,2026-05-27T05:51:00Z,REQ-000117,ed345e57c83b3d1c5b2c2660,STATE_03_DIST_04_PS_01,dcd08b3ca22c6a94ae8a5f03,deny,DENY_STALE_CASE_ASSIGNMENT,P-2026-05-STEP2-ORACLE,db9c2423ee0bee35151934108c4344ce0a8185f8b9d184d00e021e5138c5d4e3,7867ec20e70b03a01e6cb71e0cb46c89fa315490fc9831576722d2d9e306abde,09db2fbd877a94befece8a694fe97ea4566be2bd06189d24e602943abac52f94,564b281bc743fdb2090d461c9c8a5dc8b5feaaea9da9922d73eb0f1548ca3594,779ab66d52dc8c390cee51201f0f81c285a5dcdfd42b29de02c7c2001dfd2abd,a61496b691811f12272f1137502569a835136c481428ee131e0bf24b60eba7d8,187dc4c5ca8bb460088d721c0563df6c665b43dd098f8bfd97fbc2c62a84b133,8e4456b0b4e8486f89654be82a121368aa9cfa7767723bb18e2d35e2e56e5f11,HMAC-SHA256-DEMO,AUDIT-2026-05-STEP3
118,106f15d13a24b268f212eea9,2026-05-27T19:40:00Z,REQ-000118,59295c95c257a05519b6f91d,STATE_01_DIST_02_PS_01,1aa08103e3c7e97cf82499a7,allow,ALLOW_ROUTINE_CONTEXTUAL_ACCESS,P-2026-05-STEP2-ORACLE,b140b0335ec478259c727ca69338404406ac0339978281ffe0ed634024a936f0,e4bbb9ff9196f8cc9fa0b68cc23646ab6bf689fe97ba99cf9cfa02e13b4829e1,99163156983aa82ecb4b8ab51c03a2552e51d221dddc51edef0815abc4560172,0a5baa8181b1d21b2a0bfd52fc8a9cab77d6f483e93f03a767f3b42da4dc0d00,fd33349c8e2001ab88b7785f3a5f8bd772dc2a7516acd681e9090f7953b111cd,187dc4c5ca8bb460088d721c0563df6c665b43dd098f8bfd97fbc2c62a84b133,4c9650316a3c5d3d92d64f405d444e4fa1635a10f39c76d7f96e175ca106aeea,6ecdcbb2c8ad09a6f5f44190e2af93b2de24b258e9c7242ab592a5e34ca79858,HMAC-SHA256-DEMO,AUDIT-2026-05-STEP3
119,ab92e6e9d32cf389f3e7c33b,2026-05-27T17:51:00Z,REQ-000119,6d335433b612a148a4921389,STATE_03_DIST_03_PS_02,c12b0ac38401f3270a04423b,escalate,ESCALATE_PRIVACY_SENSITIVE_RECORD,P-2026-05-STEP2-ORACLE,315816d81efd0711c3e51613d669efb8fa7395e507dc1f9fdb2d6e5897b91fd8,daa5dc8215b83f96dc9f7c1260e764594d2698b58fe0eb35ee43c17016d3357f,63a9a9822fd16091ce681c46616d7c9834670c310b09b2836233a073e892c613,d8ae97c4b46ee98a50c3efeab6ae5b47767faee0cff19d61571012d9e5b6da53,970be6d436b5bb9ba1dbc6cd2b8a9c65dd3819c7cb016a96644cdbdda474a029,4c9650316a3c5d3d92d64f405d444e4fa1635a10f39c76d7f96e175ca106aeea,3b7dd9ca779c3e753f1e97f001efb66d63139c6e0b9dc6b07c24f393243d1dd5,319c36d38151baae56fe4a56a6eb75807f200b59b69e1eb2e8ca2594f8231bfc,HMAC-SHA256-DEMO,AUDIT-2026-05-STEP3
120,4c56076bd474adcfbe6c7f1a,2026-05-28T04:00:00Z,REQ-000120,30e751c660922e5216d51c20,STATE_03_DIST_01_PS_03,eab4af4926a38ff2604ec8dc,deny,DENY_SEALED_RECORD_WITHOUT_COURT_CONTEXT,P-2026-05-STEP2-ORACLE,2197c0cd4bc4fa8f9d0c7b832e0dcf9a728b5dc5a0b041d6c95f1e9d749bc03a,b95654d165b3a268ae18054b9d65d9d531a762d0bd3e74205e4312c6e99e8137,209dbb2737953608a4f0f54ddd3ce17b80be06de94c3db08870300d46c56ce6c,31750cadbf9ac8e7342c2a30f785ee3907d07cf86af5ab70e2213db60369798a,52c722c4e75169c1ec96de3642238b4331da09f12fa1954e392cabcc645a0717,3b7dd9ca779c3e753f1e97f001efb66d63139c6e0b9dc6b07c24f393243d1dd5,0a3c4f64d29459a879b250830a090c161c1cbd8fe4340d1304290f0e281ac07e,277e2c31fe1d2e97a58302f6282a37a22571ff737951a76f2dc9018a6ee3c820,HMAC-SHA256-DEMO,AUDIT-2026-05-STEP3
121,9f88ebada5f50fac3daea4e1,2026-05-28T00:12:00Z,REQ-000121,d57f9cfca107b054602e3afe,STATE_01_DIST_04_PS_03,35bc703759f57f410bdca3fc,allow,ALLOW_ROUTINE_CONTEXTUAL_ACCESS,P-2026-05-STEP2-ORACLE,a155791dcce8b9f7251eecf3a56fd2b00e6ce37b43db0866aae18fef9a2ee79e,f9f949db10345beb3acf590285419c62a0ba88e74f9580a864f50f7b617de248,4c5973c762076ec6bda1a1afbb7713371f2c3f2d5fa9c42547c6d1f35ba37e09,1dcdb301fd18171fdf7654149e3ab08ca96330ba905495281fc1d3a78a044c33,50d00a3984284b892427828203742ccfee50c393577c9c31f14b99324fa4aded,0a3c4f64d29459a879b250830a090c161c1cbd8fe4340d1304290f0e281ac07e,d3ceb0d9283a11fd0a04496a605814f9d0373a93486a65445cb0738f5ba7fcbc,d8f4a8ef15262b5343dd5ce2b17d5ed75e6581ac7fd1fa18f88967e2a122cc81,HMAC-SHA256-DEMO,AUDIT-2026-05-STEP3
122,da1478b30fb949c14c769c4a,2026-05-28T04:28:00Z,REQ-000122,fad5d40018942c6b0ef2d75c,STATE_02_DIST_04_PS_03,079b6d98e9cc6186cca480fe,deny,DENY_INACTIVE_CREDENTIAL,P-2026-05-STEP2-ORACLE,134258c7ea0eff2c2278f8f8215b43265c0acdc2df9c24915435074606f6c760,d6c945226e2483b0b9af89201582f5a003cd43c47f6cb73a383604a4babe75cb,b089722e3880ec839712f8da66cc2482a4a63ae6c38ce6c0c1ffbe87717fbefa,1d1b35c6f26850bb65e04b5d549fff2143e20ab90068bd9700e39cde9932a681,ae0351ca818aa20882426f2509659f583d9527afa2fa78bf240dd45907fc6594,d3ceb0d9283a11fd0a04496a605814f9d0373a93486a65445cb0738f5ba7fcbc,0c657bbdec1468392b4bc400e94b43c5b9440d38dad0d2a85366b1eaa171fa6c,c5accfe9d10b9d30144728db66c98c05c2df560ae2670078562dabe1d97239ac,HMAC-SHA256-DEMO,AUDIT-2026-05-STEP3
123,5989fa7c2056a884f042329e,2026-05-27T20:30:00Z,REQ-000123,fad5d40018942c6b0ef2d75c,STATE_02_DIST_04_PS_03,b10eeff052ba452504a54f88,deny,DENY_INACTIVE_CREDENTIAL,P-2026-05-STEP2-ORACLE,7418051b361597147900db0712ae0f8504f5a67d7722ce3312cf72ffcd018b4b,af6daae5a4d34898d892c4d3f4eba9bc16717d6f006f78179683dbebe55f74cc,0479ad071683faf790444b5e6e5a652c017e83b53ff2beace005d6f5faf4e475,fe874ba2363a438fe72811471d62ed56e0dd068d6f0222a1d456eb3741accef2,30c7a89be5a826472878b66d55857306e7ba0ee861682a3f4ebdc713c5b34a39,0c657bbdec1468392b4bc400e94b43c5b9440d38dad0d2a85366b1eaa171fa6c,cfd51242eec207b582ed1fc54459cd729321e408a7e08ef2a9f5f1325a18f6ce,85ee94da7601fd41a33ec9840a8f6695fc2ce302c349e22e6bfd51a55c4d4f7d,HMAC-SHA256-DEMO,AUDIT-2026-05-STEP3
124,3ebd54ab919cc58f7ec4e4e7,2026-05-28T00:48:00Z,REQ-000124,0f7c12f84c6ccd771a655279,STATE_03_DIST_02_PS_03,008cb02f48fda282db462c68,deny,DENY_INACTIVE_CREDENTIAL,P-2026-05-STEP2-ORACLE,6be7c4a80eb0ce391a81608899703970c354d062b57a7e905d68adfe70105125,f530f495eaec08005f25ebc7b6dc508212dfdbcd684062a218787e16bffcaa26,1cfc9031c7954c17fd87aaa7fb98c44168330a48a7cc5b8e185b4488cc80ee59,d40e8abca43f8869eb169453d52e9889e6459a7b7bd35f8f31338c9383b419e3,a4a127544b5de5fd4959834a380830a1be943c076e1d508b0848db85f2134f34,cfd51242eec207b582ed1fc54459cd729321e408a7e08ef2a9f5f1325a18f6ce,d115c678317f83c2c59e526cffe76c2caf33d2b84a100cf24c0c5f1dac08fd7c,8a29973d7313a6a826d15be0f19d5bdd8ea2c317123bf5d284e8228fdbca367d,HMAC-SHA256-DEMO,AUDIT-2026-05-STEP3
125,b9427afc3d369270e5328ca1,2026-05-27T12:30:00Z,REQ-000125,ed345e57c83b3d1c5b2c2660,STATE_03_DIST_04_PS_01,6acc6042dd574d412fb83e2d,escalate,ESCALATE_PRIVACY_SENSITIVE_RECORD,P-2026-05-STEP2-ORACLE,89cf67fe8c015ce123e1a86e3305208ded45c4a0a437de4abfa5c4b58cd43cfc,649b73259d857fd8bb535e130006bf1effe0b7423722c10634dcadaf3c9243e6,091863a65ce05121e819b9e50adcc7d938a276e0344cf0446298fc5f4284166d,f7f9df4093c2d3b9290640f9e603bf35478a115f3a2cd2182fbe5d372be4905d,13a5eee5bc028012b20f0aef340fac71ed6dadefeedc40f2659b4c99e84cc340,d115c678317f83c2c59e526cffe76c2caf33d2b84a100cf24c0c5f1dac08fd7c,3f17e9f36d2c235e6ca27312e555f6ec483497d21b8e3c06afdd51ab37b25d4f,b8c26e216c00e8e4ffa73d3273fa68d0b02fe7b0d086ffe15ad9e8d2ae8069d1,HMAC-SHA256-DEMO,AUDIT-2026-05-STEP3
126,f59d6601a102b46fab7a6f9f,2026-05-27T18:54:00Z,REQ-000126,ade36a17fa7aeeef7c2513ee,STATE_01_DIST_04_PS_01,80b0b04a04631a2d56ecbd71,escalate,ESCALATE_CROSS_JURISDICTION_SENSITIVE_RECORD,P-2026-05-STEP2-ORACLE,2f96bfae18a34e1a5d96ed0f2c280e04f1d316159e154f4955b4e5e166b8d91d,f3861c62cff992106ca129e3e91f8a426e81248ff869b12af85aa0da1508e131,5586269b3e73641f4dbb53848560f0dfb9b28a627aee9436836fe3a92280d406,f1810866dad1bcd10d110f35e0d34e2dfa7d71a5da295d58cf0ec4987eb15d85,813246de7ca35b8ebb32e877fc401b17fed8a71dc26422068bf9accfb4c69ed0,3f17e9f36d2c235e6ca27312e555f6ec483497d21b8e3c06afdd51ab37b25d4f,cac3c7af76ebb87d70248406033482af5e6f3a7a12afc7c93addf84f60743d3b,99d1e4c7628f0f32cbada3a01384a6e01d1769bd329b9c509491df59d88277ec,HMAC-SHA256-DEMO,AUDIT-2026-05-STEP3
127,48bc796c9cdd713e8ed70f73,2026-05-27T10:35:00Z,REQ-000127,2be0332c4385b770ea00150b,STATE_01_DIST_01_PS_02,698b4ee210401c7be744cc1d,deny,DENY_STALE_CASE_ASSIGNMENT,P-2026-05-STEP2-ORACLE,b4fc78ab2e5f7c0a20e548b150193b7ae703237669d43b2ec6701c65b5056a66,9af17e07efdc5241d5cc4c4abb335c76a2ea80f49140d4b31889d68fd8f58014,71eea7a426a582bec92f31ce0c6ffc05c6f05acbaf6edd3f5e41d5d42175ca31,d7af6a1b4450c5089b5c331b81a3a024ffc73e3c3fdf080e546d083c159c19df,8b45389ee1d5e0b382901be5fee026e1255b8294a377c9e899eca31c6192ed07,cac3c7af76ebb87d70248406033482af5e6f3a7a12afc7c93addf84f60743d3b,0548a8a95f90bd3f4a7ce3a4fea03085fe27248a5daa99ec7b94a3fda88d45df,63293c87773be0efef397325e6fe6f41548ad80c5bd73e3e23c83837620935b3,HMAC-SHA256-DEMO,AUDIT-2026-05-STEP3
128,747a561b045d9eed2eb5445a,2026-05-28T03:44:00Z,REQ-000128,4ee0497be96c65e5642e3a72,STATE_02_DIST_04_PS_01,507553af0e7c5d05b119e50a,escalate,ESCALATE_PRIVACY_SENSITIVE_RECORD,P-2026-05-STEP2-ORACLE,25a212f6c8c2950eba5d533d8318f8e6144e4f717640d4df832559f45779a457,564c60fe9bd49cbedf2622d3f826611fe0f3bd3d17745ff26b380ebe45a12373,85c7784259a8e266ff0fb66fd965e39b689ab0e9c4dd72ec907ae78563e8f94a,6a2e308f4969958c51a7082383460bf484320214ecd6ab8dc2dd3e2a1b0332f1,40fbfd9cd9172e66ac83885e8c39a74bbf8415a1349cfcd9afa6873a0d4a9ef9,0548a8a95f90bd3f4a7ce3a4fea03085fe27248a5daa99ec7b94a3fda88d45df,7c5a80bc4b7503e966632050b4a0bb1d7680da98ad2e5de79cd80745c6c16c73,cb2810088ff913dc7af733db524105ae15eb27a61aaacbd8857fc9a6ebacf326,HMAC-SHA256-DEMO,AUDIT-2026-05-STEP3
129,097bd974348d104d6bd44afd,2026-05-27T04:18:00Z,REQ-000129,6734000e8363d6ae298dddfd,STATE_03_DIST_03_PS_03,34b421fa7c4bcf173b3fb1b8,escalate,ESCALATE_PRIVACY_SENSITIVE_RECORD,P-2026-05-STEP2-ORACLE,7c70d4c3d9fccee5b696cc4393b2c5b94ea669869c5a27bd33c5cd153cb8e18b,80710d1d899b52c2451e9fa5511c1491fc5d7fd9626df903954a5e7e29531c82,d61cde05af94457373953e76f083672815a312d66723f660a9816f917e2ceae5,c37b6bab626547dc8acc87a6c90706359ad33483f690c16bae74df66afac575d,9a3d85cf40161ee1b3a5b0871ddbf405bfd83bb936ab36a279dab0364ef30bd3,7c5a80bc4b7503e966632050b4a0bb1d7680da98ad2e5de79cd80745c6c16c73,0d6db5c6e4e3ef4524610e85f6d174b54a15a827ab4367525cd78148fccba818,c081534085d901d22225c66fd2288e4ab9ca6fccd1a7d6e7feafb129374bb7b1,HMAC-SHA256-DEMO,AUDIT-2026-05-STEP3
130,600feee3ec1c03354b63343f,2026-05-27T08:40:00Z,REQ-000130,6b0d84a1d858aa1335aacb1b,STATE_01_DIST_01_PS_02,ab08e3d48cf6370ef4f838ad,allow,ALLOW_ROUTINE_CONTEXTUAL_ACCESS,P-2026-05-STEP2-ORACLE,6576af306c408670fb454f48148204edb62086820efad6064003808729c0addf,90ca7a61d3082cae816f04265c6913f24cbab1e7883b877af7009d677eadba8d,bc5ec7916d3d9ebe1e30c7296e06a317282cd06d5aa06d1bc259a06f5e24b61b,141a78e9d1d2f716b26c26073be655b2a4fd2338624eb72fd7dded4ee3e7f94a,5e569f9da5cbfb06e801f20adc4bdbd6ff47f5f5b35a928d02d82d331583569b,0d6db5c6e4e3ef4524610e85f6d174b54a15a827ab4367525cd78148fccba818,6a49464245f48ab6079afc99dc8235469ec4f1e402c1cd02f277fcc769a4b277,74728a8497e60c15ed45fff4930d502abb6ed2c9f77a4734367efb75e9f15ca5,HMAC-SHA256-DEMO,AUDIT-2026-05-STEP3
131,c24f894772201cfc9533d6b3,2026-05-27T13:06:00Z,REQ-000131,30e751c660922e5216d51c20,STATE_03_DIST_01_PS_03,29c6b3e6eb3337cb1c09848c,deny,DENY_STALE_CASE_ASSIGNMENT,P-2026-05-STEP2-ORACLE,6a39cd6be81f14416c00854e10c78f79db658ddd387b396c905866f3f5e0576f,ab025857bdf42e658d8a0934750fcdded830a39997822d894b9a72a9cf4f825b,f25da6b3a97d225ce81674c3b09bde2bd9017564ec91596ca77a7541beffc1a5,b66b39f4d4dcbaaa9dfecb7c0adda51534e41e82be58d898dc2c2f8767bb6d14,8fa7f25348797fdf748465fb311b198f266e78cc42f899f5704a7fb143ae097f,6a49464245f48ab6079afc99dc8235469ec4f1e402c1cd02f277fcc769a4b277,80703daf1d3dace87be5d6ff92a51f173cf54d581398b8dbc6c96992c84a03cc,e433e0680dcb9b668855c4658e6705b32d12a1d74c2f251eaf9f2d0ecb36fa6f,HMAC-SHA256-DEMO,AUDIT-2026-05-STEP3
132,8e92ff9507640ad39cbc33b7,2026-05-28T02:24:00Z,REQ-000132,362db027dc02e204d8d16948,STATE_02_DIST_03_PS_03,5ace8dc7e04de95336593c34,deny,DENY_EXPIRED_APPROVAL_TOKEN,P-2026-05-STEP2-ORACLE,7e1f5e71e11bbf2f5694720e5dc8a83525eb76ab02473cca8e0c15bba2f564b2,7cc31a057e37a65c3a0168ba59a7bf9ff00ee3c9dc82e1cac1e7f92930bdbffc,f7ba7ff5e9059f8b7ca3fc82108c154f9cef730cd1449956eeb2322701b5f907,172e1278fa6be4163877a2f07d7ae76fa8ba1181459ccf7d755d84eed5919e30,ee4e282438dd9644d2614e5c15ff5d9e32abf7b1c458b8e87a21466108054046,80703daf1d3dace87be5d6ff92a51f173cf54d581398b8dbc6c96992c84a03cc,32f6accdc79569b6767bcd425f84f0011e9858d5751c834717971b680ef967d0,d6afa96af7468e71c0bb2d23e0276dc8e33b56c237b9ec47cdba0340d7163de2,HMAC-SHA256-DEMO,AUDIT-2026-05-STEP3
133,4dd77a9d3ad4f21a4f38c1ce,2026-05-27T19:57:00Z,REQ-000133,4150a8ceaba40e213683ea41,STATE_03_DIST_04_PS_02,1a7a075d9c96c7650482fbad,escalate,ESCALATE_NODE_STATUS_DEGRADED,P-2026-05-STEP2-ORACLE,17f4defdeec5274ea184b9a18ce643863e6ff9973c5b09757c9be68afd4cd8f4,d5c2942f65bd1aeb001d1ecedbc1195c11d479bae2f2c96e28c5747e47a28f94,7b25cddd411a704f27fb419881ef4d3ada6e8c7cf68b280130d3f376197ae684,912e3c0d319d3223f094ff39708428640e13517de7a49f3e3b98a4013ab22cf7,6f4255aff6cd56c64df4a28a1dfe85ffc4c9c9476fa83ec088c3a00bbdeff90e,32f6accdc79569b6767bcd425f84f0011e9858d5751c834717971b680ef967d0,244a38eb62f30bcb084042f0012e480d9ffe6db285a5fe81928f504054fc260a,26a40a744538cb8cf807f75d17b5e1d17640dcbf677e0f5d0dfea80ecaee39c1,HMAC-SHA256-DEMO,AUDIT-2026-05-STEP3
134,f25677704656f161c9401f7b,2026-05-27T11:10:00Z,REQ-000134,05c3cda35f4947118d9b39ea,STATE_02_DIST_02_PS_02,f918883e0652f9e5806aa095,allow,ALLOW_ROUTINE_CONTEXTUAL_ACCESS,P-2026-05-STEP2-ORACLE,2d51ffbce11886db61b7be787b7e2eba07a5e5f54216718ef5807255e41e65de,31d51296bb0e3867477d839143370e260895fb7f1b27ea2233aad623c1f6eb84,e558d0545fcffce3310c4c53871fb8569f94b1b8551a2a30272ccf57c50dbf98,1ae615c4f986429a9a34cb17b5774f72f2b2bb313988cc466295170f9fc70c75,152629936fc4081cd706faf00d643f7557fe2e77231417ae7da67ce4f593138f,244a38eb62f30bcb084042f0012e480d9ffe6db285a5fe81928f504054fc260a,dda94676e926ccbe558134a86c01c7b1fd664471cb8a67ceaf4c4bdb539df2e3,983cbee08222dccb659b0cc9186cb2d5c19365617a17c3d40bb85a9897294558,HMAC-SHA256-DEMO,AUDIT-2026-05-STEP3
135,7517a1a13efde711cd5fdd84,2026-05-28T07:30:00Z,REQ-000135,a2651cd5c21b20cc4d4edc22,STATE_02_DIST_03_PS_01,7d234b848bd150ce84069ce3,deny,DENY_INACTIVE_CREDENTIAL,P-2026-05-STEP2-ORACLE,0a8ea95ddb684216a7d1dbb522ae3342313b47c9ac785e3cb99edd4863b29d59,b12ef6cbe97cf233e1c282d167d2b46e8322950f3105617ad7d055c92d975807,1f5803cde8ebd468e4af1bdafe4d48a0e15150bc86ef8041ec46b7bcde993f7e,03f1c2d54135e92e500fb45032f104b57898c7245f8da1b12d882b70eeabb130,61e4150f6de6ab82aed7d57d8099320488e873a74dc7ae1d5a79ddcf24896a8a,dda94676e926ccbe558134a86c01c7b1fd664471cb8a67ceaf4c4bdb539df2e3,0c146e044265042f433b865bc0ea7159fe45cb16139e5e58aafb96bb5126c839,872320f6ede66eeb4b53487d7a4a5a4778281303216d2666a669f992d653bfcc,HMAC-SHA256-DEMO,AUDIT-2026-05-STEP3
136,60414f374cd74d9bf0d26174,2026-05-27T04:32:00Z,REQ-000136,058b6ca906f6f017cad2b2fa,STATE_02_DIST_03_PS_01,19d91561ded3d1723d97b056,allow,ALLOW_ROUTINE_CONTEXTUAL_ACCESS,P-2026-05-STEP2-ORACLE,95f6de6cb26c45e5a218d7f476e8143ec82a2183aa4837301fa6fe5a76663189,4bd96f0850b3b420c7a692333fe67c17b2a3f271a85084df2727775cdcdebe57,1eea09df5010be268fa1943c9d2de9219134d70c12a2c632e688fec7280a69df,e684faf63cd6e8a9921d879c2b5390eb5fac69bdd35ded9b2ac1c7df4a76a558,b32acda30a578d8b05299084654e3cf6f53ce6f4fcfa4b82627db88124b417b0,0c146e044265042f433b865bc0ea7159fe45cb16139e5e58aafb96bb5126c839,e854d8aa982c080766df7de1d69d5ad9f58bd4ac28f4da2df33a30253089693d,cda115922dae742d76bee5a7da9f645d985aa4fe045b979e1a996c8a17c1daee,HMAC-SHA256-DEMO,AUDIT-2026-05-STEP3
137,5f1c0eab4af77bce93b0f2f7,2026-05-28T14:49:00Z,REQ-000137,4fe847ab79de841540c7b990,STATE_03_DIST_01_PS_02,3cb075189a11cbfaeb6ef8ac,escalate,ESCALATE_PRIVACY_SENSITIVE_RECORD,P-2026-05-STEP2-ORACLE,aa85efa8eb8371a0098ae4def7c0e37cd6630840354b90d22c1ceaacc7fee7d7,a461b9e89fd993e0779ea8511560bffc417649396955e0b0532a8fae7f4e16f4,8742bbb19c63914ba896f60fcc670a5d8fd6d791eb87f8f441fca95244e7fa5b,9b66d5419731e28a3061bb4125f86190c7c20079bc0ca058dba3cf0401b2ae17,26a237e7adfa39b02e09210173309dbbeac7a4a1a7316fa8de0109c03b0991a2,e854d8aa982c080766df7de1d69d5ad9f58bd4ac28f4da2df33a30253089693d,13f616c30077cf5a977a97633630b7e8685c734768a6de1c51a0854d9e410ce1,458560aaed638267f3b9058cbb7f658eb2720bf07a08362a6cea7c3073eeb9c3,HMAC-SHA256-DEMO,AUDIT-2026-05-STEP3
138,dd907e921f12b72c37641e76,2026-05-27T11:30:00Z,REQ-000138,b6791729f7de52114f8f5aba,STATE_03_DIST_01_PS_01,86cf9537924a3bb27fd6a3c9,escalate,ESCALATE_PRIVACY_SENSITIVE_RECORD,P-2026-05-STEP2-ORACLE,b75bae9b085f81d01c47d73eb9ebf541c47be21bd9376191d9cc0f46144840cd,a5dcf4fb54602618a028f9152ee51b114de072f6e81b0b3838349a950ea357a8,7331e8db6e4cdf4c448be58406f0a4d43a5681cd12a98a1d68021faca627f5d2,59dfe6a7e5201299b957e45d787838bb058a282a5d0fdb856aaeeefbac9197bd,c9ddbe99258721bc9705ff855d71fa9baed9bb08661837e577c7bf1057e1597d,13f616c30077cf5a977a97633630b7e8685c734768a6de1c51a0854d9e410ce1,a54d820b8be1acf45562b7cc98df3a80626eb6edc4d70d5946c698d25eb689b3,5f0687dd8325c84a37a7fa723a8634cdbd7653a7882538e2a527d44ac57f2a37,HMAC-SHA256-DEMO,AUDIT-2026-05-STEP3
139,afcba3f946f3197109c2a419,2026-05-27T18:32:00Z,REQ-000139,29e63067f87e22c26e60f375,STATE_03_DIST_01_PS_02,95de19451c2ca7264b0032ce,deny,DENY_INACTIVE_CREDENTIAL,P-2026-05-STEP2-ORACLE,f91171638f540c0318e243b69e6c8bab797677f26409f5c3d9f42eaf5ccd9d55,bd74fc2c6df75005dd149973b7b88a82cccec66f9749edfad343d31c1d42811b,e9ed05a8a7c162ef0bb6ca8a3ae21e5d6457988edfe0635cc85de11c93da2fcb,e7c74391edadadc5df97131a96d1b238241b4e59adf437dc3f1e6089f7d598c9,ff4e24d5625f3a91e754c46b2ded798ca7a79767a07038bac3edb8cc0163065d,a54d820b8be1acf45562b7cc98df3a80626eb6edc4d70d5946c698d25eb689b3,f62613f7cc957a9289a0dd66afa3ea43eccded3ed9565a4e5dfd551b2ceed955,82b55561f2feba2399a059c3df11dcce94f48f8ad7781761120d844fa5e5e22b,HMAC-SHA256-DEMO,AUDIT-2026-05-STEP3
140,deb343e95e845e24c05ce8c2,2026-05-27T18:40:00Z,REQ-000140,fe341f3994ddbba307367393,STATE_03_DIST_03_PS_01,e21aeeb1f4ca7a4082790d31,allow,ALLOW_ROUTINE_CONTEXTUAL_ACCESS,P-2026-05-STEP2-ORACLE,3b074d837d4bd79ae1ca727c0c2353c34b612ac27a0cd3d7ccdc937095f826f1,bb95a49be43af6e7d0037291c684ac1ac8bf753d9b75bfe0a3fce0085680470a,855e680ee9829eb172a85a801d703a05977e433f47ac3a668fb7c94ef552b739,68fb241e31c9dd86ad263c5d8a78a2c07b5052c28a0bf14ba2eafb9690997170,4985eae15ced0b08bd7b7d50119529aaaed9d7a85e26ed3f5f6bf6d7904e1e3f,f62613f7cc957a9289a0dd66afa3ea43eccded3ed9565a4e5dfd551b2ceed955,fbfb070d795a2747005d096a39abd1a388867cf9aea6cf1cab5e3405fa665ab0,572544067afe92ee233052dc562eeb522c1e8db7929e7c6b5b829089bac56eb5,HMAC-SHA256-DEMO,AUDIT-2026-05-STEP3
141,da754539678d5be4ddafd21e,2026-05-27T21:09:00Z,REQ-000141,b5c2c2becf92b9e253d997f4,STATE_02_DIST_01_PS_02,3721d7269c2dde832027fa61,escalate,ESCALATE_PRIVACY_SENSITIVE_RECORD,P-2026-05-STEP2-ORACLE,e4981f71a1529d256a2190faf686d2da85585bbfdf6ef50945278aacc684d7cc,92600b2b282349c5803faa3ce5e49a1daf1443ad94407ce72a012757934414de,18bf5968e75715b863e1284496756cea87b63635aca7f27c38d54bb1435a84d4,d7840e698f91e469bcc05754280e914920e565f8f01e6eca5dc2f1adaac09ed7,abafabfa7af661a8d841fdfc8a7882c743d87622f4280b363d83e200160a8c97,fbfb070d795a2747005d096a39abd1a388867cf9aea6cf1cab5e3405fa665ab0,7c732ddff94d16738363e1bae3aaffdca9d469d0457420f3f17bfabd6f8614b5,1723a480b1163b74c24bc32143a2ab66d6aa40b243d5383f3d3e3c1471b35d45,HMAC-SHA256-DEMO,AUDIT-2026-05-STEP3
142,c2a982ea9758ef760e2c83f2,2026-05-27T23:40:00Z,REQ-000142,7ea4c7cce178f9ad9715431c,STATE_03_DIST_02_PS_03,9ef7805d5e451525d9e7038e,escalate,ESCALATE_SEALED_RECORD_REVIEW_REQUIRED,P-2026-05-STEP2-ORACLE,1af348a3378d334b13e88efaeecf6b4a3c61f4321d2412bc2680002c7d2131cf,3a5ba2dca5809a1a127a7a97f8492077e177a102862960765d37191f33c575ca,6ae3902a535ec6f861dc741e3a3a6b60e9f194c0dd60591ad2f29431d8826bdc,bb27e4f481ac0f257450f8993d5d5ea5e6ec3867ae706dd289992e317566294a,a6a92045db4e536ada3e08423c04fa8a978a56420872eb53634f34b376f1aa23,7c732ddff94d16738363e1bae3aaffdca9d469d0457420f3f17bfabd6f8614b5,b69c35d1c45d30447fcadaceb7e664d100e9ac328d71ca1fd2d0d8e90e9d17f6,5ce6a74e9be646a4ddaf03a7d3f2606d3acd12baac2c6889a4a39cd1022a916d,HMAC-SHA256-DEMO,AUDIT-2026-05-STEP3
143,a9fb3009d8d1ee0846efc3cc,2026-05-27T21:27:00Z,REQ-000143,1dfcf9ccdf6fab5303a9e921,STATE_02_DIST_02_PS_03,1fc56dd6be6f6936ed29a781,escalate,ESCALATE_CROSS_JURISDICTION_SENSITIVE_RECORD,P-2026-05-STEP2-ORACLE,fa7767e735a97c78ea6cb4d408ff6b4dd1b60bf04502ceded779f6b7dc9c1b9b,6a713006681befdf64ae164d351c8dd054f62fafccfb908454b55f3fae4d756c,62d7b0e9c0dd84c5a21b281e974971120a3beeba61cb634538c25bf46c68b5ac,94daecd663d47e7ce76ac7cf3777dfe1f21b79345f28f8b8328bcc8e2bc3225a,5b90c09903fe43510aa034bab05444bba596c661d28fc998efdf39c0e10a16be,b69c35d1c45d30447fcadaceb7e664d100e9ac328d71ca1fd2d0d8e90e9d17f6,2a95f2139f901b144f3eb09ca664835ec1c88e7d6e163e92bed7a19dc019fde7,254b26a6e45a36cf87e2a9f5ccb7e72ad2f824345f4316a290de0533ea420729,HMAC-SHA256-DEMO,AUDIT-2026-05-STEP3
144,8e138e75e70b724cb957ff2e,2026-05-28T02:24:00Z,REQ-000144,a2651cd5c21b20cc4d4edc22,STATE_02_DIST_03_PS_01,08442f216d5a7556f4be1bca,deny,DENY_INACTIVE_CREDENTIAL,P-2026-05-STEP2-ORACLE,7a4b2cdebf690ca862a2a3e44e9c848a144bdb60913c0772cc8ef21c436a3f05,2a4bda087fba33a175604929b5bf31a5cbb7402e3dc0cf908b0e9c08832e6a42,fc6ff1d9f42b87597e9234c7f22dec6be7f1c4049e9564d359eebecc89ca224a,9011a89aa065ead26186e9d90f7bec83432cfec2c2e0e6f2693d893fb16deb60,489f02ec1f1a3c61f7bbf57f5bb17a7f2220cdd978c5bdc811e5cc75edf6c732,2a95f2139f901b144f3eb09ca664835ec1c88e7d6e163e92bed7a19dc019fde7,7a194463886a1ad8c34344455b13427d68f4f310abcf4477d5d41a6b1cea439b,ccd2c524033e35657e27092b8abba1bdb7626c3908435e48c944445112848140,HMAC-SHA256-DEMO,AUDIT-2026-05-STEP3
145,698cc33c4f604b74c9932a3a,2026-05-28T14:40:00Z,REQ-000145,6d2396ea39d60a2c9554602a,STATE_02_DIST_04_PS_01,715cb0d4c70f21586aa29ac0,deny,DENY_INACTIVE_CREDENTIAL,P-2026-05-STEP2-ORACLE,a769cc68bde85409a663e2a508885cfabf5e34b841ecd82712e914fbafaa30ab,3b7fec9c47bed43bf95ebf98c87778ef8f494175de38d21f116e4deb8f1ba852,edef2c4e24d2e6daa73e622900b09641c5045741984c85ec920bae397e057e01,30dcd8b9dc4641c7f90bb379cd94989c93ad27c9a52ab7c3354596390eb780d6,49faf7d9c3e147442786a5034dcf5342d00a28e5d2b5e7c8f1df18bd955aecfe,7a194463886a1ad8c34344455b13427d68f4f310abcf4477d5d41a6b1cea439b,3952065ee68360459622023f8b3ce7dc3e51df325b7b7626774b3bff671d5a18,a3447add44b1719bb1dbd4dedce350abc1c2cc42a9dcb6d8799df515f41f3de3,HMAC-SHA256-DEMO,AUDIT-2026-05-STEP3
146,3c49c8d801d86bc74c7f061d,2026-05-28T00:20:00Z,REQ-000146,05c3cda35f4947118d9b39ea,STATE_02_DIST_02_PS_02,e5c055800da6250fb67db7ab,escalate,ESCALATE_PRIVACY_SENSITIVE_RECORD,P-2026-05-STEP2-ORACLE,98a09789ef2dd42c8226171500516848a66cc5b65e7ed481ecceaa57a7094e42,875f3f2df45e3857de83a010bb31f7b5f2e364a6683b66d34409fe79cac2fa9f,1f768948c9b26d1c905e7225834d5fe40b691d2129f9afc8d1e7578af1f1076c,8fefec514726ed2245efc372ffba29dd573a7cef318725c0bde1886c715d5f01,af0229b6cc33118ef44c2f0032d339cd806e28719b537199ad7682e911a84555,3952065ee68360459622023f8b3ce7dc3e51df325b7b7626774b3bff671d5a18,55455a43fc98ed6ac4c3fc44edf8bbc54ed3b4e2eb2dd5c04d30929d9b3a2fb2,a6b205925ec1b37bf3046a64e195807848be6c41d41264871fdfeb9a4409c748,HMAC-SHA256-DEMO,AUDIT-2026-05-STEP3
147,61848899182f1618a7410f61,2026-05-28T12:45:00Z,REQ-000147,bacbc9ea0ca5c88caca1fb35,STATE_03_DIST_01_PS_01,b1ef8bd2a5615b92e3c7daa5,escalate,ESCALATE_PRIVACY_SENSITIVE_RECORD,P-2026-05-STEP2-ORACLE,51de168505365103e48e8fd4997d51171abf124311993e5fc9fb25b457d57d91,bca788ed2f6e5fb4ae3dce6bf27876051cca5a87181b7f0d1edd1248125cab7b,43654ea00e4c8ae3fdc659e80664e245085af16be513be13758f869a7187f93e,7ceb41601a11ff06042bd5be55b4159f3e9d972a22b4ef9a0b66bc278035b7bb,8746931771b7adc159839650d760bf068c9ed37189a84dcefae99ac00b163b91,55455a43fc98ed6ac4c3fc44edf8bbc54ed3b4e2eb2dd5c04d30929d9b3a2fb2,e1e2ccf6e363839076c781b8380a4c3cdf0e2981cbc598fa18f6da15890c461e,c871fd5e75ca5c2014b880447057662f86195f5a59b77dc4225a6d3382d21dd6,HMAC-SHA256-DEMO,AUDIT-2026-05-STEP3
148,f05099f3c727f13eb12769a6,2026-05-27T17:16:00Z,REQ-000148,e35de54e8ce29e22aa4fb84d,STATE_01_DIST_02_PS_01,3d33aeac9a024f9da6d7ccf9,allow,ALLOW_ROUTINE_CONTEXTUAL_ACCESS,P-2026-05-STEP2-ORACLE,639179f91babda76c55acc13e4a3a414adfbba4e57917ecfece3a6ffe62a2f26,c5201595c2b064e5dd4a779b92868bfb2d4dbe0dfe28e09d04313d665defd53e,dc60f3a3ac8fd7af049bdc89d21790694fa61fdfa5297a9df39e7f041d483d3f,a98e06465cde048e7be89c0e6e07e53fe9b7d0602cbc4855747f93c615e35a7e,49093443ac30719945b8b5133e64518f1febe8ba40c0400204429001e1725f1c,e1e2ccf6e363839076c781b8380a4c3cdf0e2981cbc598fa18f6da15890c461e,674a238c0109a87dbfb584649373d502afde510d0e4a502a488eb3a1739887bc,50e670d4a6bdb515d9028e884cfe7a7ee8ac8d5561bfc2c2d142faed0a69dc2d,HMAC-SHA256-DEMO,AUDIT-2026-05-STEP3
149,6be547e1c931879f49ae19eb,2026-05-28T03:19:00Z,REQ-000149,0f7c12f84c6ccd771a655279,STATE_03_DIST_02_PS_03,b1ef8bd2a5615b92e3c7daa5,deny,DENY_INACTIVE_CREDENTIAL,P-2026-05-STEP2-ORACLE,79a141c5b60950f46bcf8ca4cc0a41c30cd480efa6f3fb86c29036dbd8cc6177,2b7b23d09b6229e5fa015a7b9d1af78f4cce43dd86d308d5acb7259c2c8412d3,f1887b8534f4b61cfa70342bac5018238defb4c226619bef00eb8c572dde1188,856707c83d5650baa651dd5bdb8676ca1d0bc55f24cdb3c12a3a5d807b7cf093,8f2e17b07e616bd66b53b6e24351b655fce02a991b923af1ca7314fa377ed911,674a238c0109a87dbfb584649373d502afde510d0e4a502a488eb3a1739887bc,609f52cacacb270aebb1bc922ab91a427e66848c42fb18497daf383ee3d7fa28,51b250043aca0f8ce8481b68c3fdfd5975aa03396f558e4fe47f95e1b19e8ba6,HMAC-SHA256-DEMO,AUDIT-2026-05-STEP3
150,088aead063c98a82aebebb43,2026-05-28T03:30:00Z,REQ-000150,750741a21ba1ad37a768df1b,STATE_03_DIST_01_PS_01,8d196118f5537bf44adff98a,deny,DENY_SEALED_RECORD_WITHOUT_COURT_CONTEXT,P-2026-05-STEP2-ORACLE,cce16d80851c8d89c1758072998cd007335ac02f9485524f94b02045d6b1ca52,83ec093292a3112f07812642e1e1b58dfc76e66a14077224768a342f1f1fa4ff,6a2c6e756210b5a2720e3d4830c71f4a5c0315d55a10b1e5f8b20de8596f409d,52c5d19e9a96e3faf1f7a961e19ea756827ed74e5aa6f5590276ca876b34f711,f80570a9903a4cf9088c6b21273fb6d114aeeba21d5925e8278b8623fb34e597,609f52cacacb270aebb1bc922ab91a427e66848c42fb18497daf383ee3d7fa28,dfab2b294f162e04cbea7cb77a104f6aec5cb0971d829124e0ce69dfa5f3c10a,2771acbe48e4e4dd72352c421727315822ace75880bb1d72ff2035a416f68d1f,HMAC-SHA256-DEMO,AUDIT-2026-05-STEP3
151,2369d0167d0826f5d8abaa7c,2026-05-27T12:35:00Z,REQ-000151,da8724df1e30e5c801778777,STATE_03_DIST_02_PS_03,b729cf6c219827bfc5d59f70,allow,ALLOW_ROUTINE_CONTEXTUAL_ACCESS,P-2026-05-STEP2-ORACLE,7c91ae3c29691d739b128f7673033662df7825e9cd02a4fbb707a44f79af80c9,1a19f0f70a2baa769b8c18edade1512e62b94a168f6beaaec8a8b760b68cfadf,50a7082d7a9d261e81424a2c4e618820738544fa84fddfbc524e157c3ebf2286,0a61eba2c275486507612fddb59ac201ad0e7909e5569434a6a98634c11a43f0,e122a3659ecb98e876f735908b1bac8ae5e809651dd65be767658de21656777c,dfab2b294f162e04cbea7cb77a104f6aec5cb0971d829124e0ce69dfa5f3c10a,aceca020f8502d8c9075836f0cfe8e18fb865372a383661234b2a809b66fa479,fdb3fb3b31c1f19d9af8cb8b585df857bc060ec36b6a298699a368253e55a696,HMAC-SHA256-DEMO,AUDIT-2026-05-STEP3
152,5b512d5954de8985258f9e38,2026-05-28T16:32:00Z,REQ-000152,90e9de18363ee212ab55f392,STATE_02_DIST_01_PS_01,428efc3efd7b1b0a60e8d834,allow,ALLOW_ROUTINE_CONTEXTUAL_ACCESS,P-2026-05-STEP2-ORACLE,1f68d70c745432e7b6711f8914590fa462624d5e8ef487ecaee2a13ce5e5591f,6fd4deceeee5f0effc5b9cb1407d2d9ab0163c135c73592d363998a127d3ac15,61c5405335f4664f191cd9ebb4d4be6ce8ead11925750517f5f3ed9dcef56928,3bba3f1ca4d2a795d3d8acadb3bced235b0ed810d672a226ff2db03d46573cea,913aa5525854fc59681f09b45a0780bffac0c427ec1b3b4c3652f8615a1a77cb,aceca020f8502d8c9075836f0cfe8e18fb865372a383661234b2a809b66fa479,c3302b43c7f8c47d37be25ef812bb807df5f96d45a1448f504b501f1b37c327b,8e00981c9faa5794937841cc8146980d6062b917e6e09f1788b4bfca5eac3c78,HMAC-SHA256-DEMO,AUDIT-2026-05-STEP3
153,46abeb97dfa16f8885fc0ea8,2026-05-28T09:09:00Z,REQ-000153,b012e7e4d1319033c362fb26,STATE_03_DIST_01_PS_03,e1148c15109211a512b9f29b,deny,DENY_SEALED_RECORD_WITHOUT_COURT_CONTEXT,P-2026-05-STEP2-ORACLE,510d45f4b221e4b237bef96287f9dfbbc1c2698a31e4150902058e4d40039c25,02cee5575d36096751f1465083e576ba4bd12e8585eddd27c2f7a5819249fc31,d5599565d0438a484fc1a239ecd64697dca5b16f21c4ed903282608a02d63d70,9812fb474ec0e9ec089f3949d37381de57a24f188aa9baac2c79d81fb8ed2534,dbbc4183ec4b7fa9ebe6f8b7da19797598066be1b9a97fbb8eaa8aa85c144fd8,c3302b43c7f8c47d37be25ef812bb807df5f96d45a1448f504b501f1b37c327b,4bcdba3dff389ac18191b9ca65cb67a3c2750483252aa36339b032b6c1a75e85,cd4e94517c6d1bb6d9856428ffe797f4c41e854ef09de6d6de6a86f298b2344f,HMAC-SHA256-DEMO,AUDIT-2026-05-STEP3
154,eef04f2899b40f2da47a011d,2026-05-27T23:06:00Z,REQ-000154,f1533940112c34367e3740e3,STATE_03_DIST_02_PS_01,27e8ef36fb20ac5bc4e6fdf5,escalate,ESCALATE_PRIVACY_SENSITIVE_RECORD,P-2026-05-STEP2-ORACLE,3e42769ffda7c321eed9156d91abccd1d2b98b0880a95b95dadb33202649280a,24202860230244d72d2a5cab242fd72c2b9223303fff70a7a18c0294babf7eda,e064e164f23fc67cb10f405f6ccb3c29daa4e9b48a58650624124cfdbbf11eaf,c637d513a827027c97889e644a90dcc52f9ed1f7d3167806bd2cc5948927ea8e,1cb5d78449ab179a4535b850e4f9f54ef4f0f44ca47523efa607cd30782eaa71,4bcdba3dff389ac18191b9ca65cb67a3c2750483252aa36339b032b6c1a75e85,11bdb6e749f512e0871bbe2be211a4c4870597293f3f93dd1b5896eb21ac307f,3bf2a4d0993a04e72caeb2ea0bd7264c068acfe5d5244946be2571c2d8e76703,HMAC-SHA256-DEMO,AUDIT-2026-05-STEP3
155,c0a5dd48793fc98817619a39,2026-05-28T07:00:00Z,REQ-000155,426f43bdc9c73b5f3d8480a4,STATE_01_DIST_02_PS_02,28eb3655e909b804912a3867,allow,ALLOW_ROUTINE_CONTEXTUAL_ACCESS,P-2026-05-STEP2-ORACLE,fec25f710e597401c1a59eb43ae9fcf392c9dc48bd6c79e70bc191f595745ad2,fc6b39257e69468b32dc9f2803334258a07f828f697d1ecc826b6482c32bfb02,bd65098133e3e4907ae450cfc8870b781fd6b28dce65a754609a9bb29b25e73a,0cd42d1388e6cd27d7f3da13cb6640f9607fbe7e00393f347823836597ce5465,56f6fbd1e1033ad3230da6a8dfe5a13dc845e4be29374d1d9cf05d0099a1dd72,11bdb6e749f512e0871bbe2be211a4c4870597293f3f93dd1b5896eb21ac307f,a732e890faf86376e1acfbeee30c6c8d40d581754f78370317bc806e52a73aae,53bb033548350ac1adbcb8256541a2a4d4b25f8e3cca152db4ceb4adcc3406f4,HMAC-SHA256-DEMO,AUDIT-2026-05-STEP3
156,db92521ec413e3b0d5fe4325,2026-05-27T10:24:00Z,REQ-000156,fdc97c18ce18a70d495aa065,STATE_02_DIST_03_PS_02,64ea53e96d98bd809e79a9ef,escalate,ESCALATE_CROSS_JURISDICTION_SENSITIVE_RECORD,P-2026-05-STEP2-ORACLE,80b4e18a9fbd36495c9d1a1db0b8262f79c49d420749e3058c7605d384c9111d,d7f64fd0d549b6de57360db3943540c6b692dd3040ff36e99684ab236dbb05ac,eaf2ddc5dcfaabab45f376dd0bffcd298077ec690b1959f39f64fe012b0b8215,8d3f70949abd7e64c9221ccba490ee27e2f9ab508e1e61625948818beeab2fd8,00476338417384820a4a93371dc2da2d4bc5a29b898f38ad45eaee8d92b6f962,a732e890faf86376e1acfbeee30c6c8d40d581754f78370317bc806e52a73aae,6c019346a20812664ebffec5e2fa818a94543c36f37421295af80af5f417b0a4,d09bb7bd10454ac1883a2c925add0f6bacbd1043775dc96649e7c7238d6b643e,HMAC-SHA256-DEMO,AUDIT-2026-05-STEP3
157,284809ce4d0682af5207a09d,2026-05-28T02:10:00Z,REQ-000157,750741a21ba1ad37a768df1b,STATE_03_DIST_01_PS_01,ade265794cead86e3a593cc9,deny,DENY_SEALED_RECORD_WITHOUT_COURT_CONTEXT,P-2026-05-STEP2-ORACLE,bb68c41d78adf91716bd5d7048f3b27ff4d650984f005da1a3ee4ad0b985d29a,c8f242b47400672736fadfb1fb6f478e4b9c9a3c2663ea70f60b80a64a104558,b2ab89b5bf10be48c3bef7bfb163ddb83b2f46abf6d9d2569addd32e70010d1f,d7af919f8204de48871e4dc53d5b6cd5bc87f60c41d493b7b85d4d9ec4c22ec0,35ae3a852c13539dc5ab12b4ab1e409433bf26964e43107163432d8b0244b98c,6c019346a20812664ebffec5e2fa818a94543c36f37421295af80af5f417b0a4,2612a77589ffed6c206a43bdfecc87870c33ad82ac8cc0d19e2dc6d39cf71755,53e4193490eb19ebe2a57bd76c8d98ab4d8e7d432c5071f93cd95461e75c5219,HMAC-SHA256-DEMO,AUDIT-2026-05-STEP3
158,5f19bc4c28dd6e228a9f36fd,2026-05-27T10:32:00Z,REQ-000158,8d450ebb6d2a4135d240f974,STATE_03_DIST_04_PS_01,e6ddc948280fadfeea10e9d1,deny,DENY_STALE_CASE_ASSIGNMENT,P-2026-05-STEP2-ORACLE,cc90745a77c2d50fa82e33eb217dce07a1c4bba810a88d28cc7e2cdb1b8a2959,c25a8f7ee131c9c448fc2e1399361f324801de3e183337a777495c7f98a29048,ab1d0d136c848fde36ed733d03319b6c59f77761c62ae2ed762c0cb50fe8867c,76e1f85a6b4572ba44cf170c108a2215b54f6e3ba32ac5a1104e0006123d0148,fe40f53cd604d91351e2611d3ed7029a48047f9b0baf1b7ac25e28e6f89247d0,2612a77589ffed6c206a43bdfecc87870c33ad82ac8cc0d19e2dc6d39cf71755,fb02d08736dad9a7582f1ce02bb74fc63f0bf1c15a5aecb44a407d3e6b72d125,bbf81984589a9a2df5afdd771bc7789a9b356c7780bf24f9e7f8fdc50cd692c3,HMAC-SHA256-DEMO,AUDIT-2026-05-STEP3
159,d2088eaecfc8dfec9171dd2d,2026-05-27T10:36:00Z,REQ-000159,1f84d906e82c7901ab98337e,STATE_02_DIST_04_PS_01,c6a572862caa5832f9d55a39,escalate,ESCALATE_PRIVACY_SENSITIVE_RECORD,P-2026-05-STEP2-ORACLE,d1f52a794cf6c36232ff1e88592de91bcae155bb0581f2e1ed4d28f3f9e6dfb9,0ec9215788067013af395dca32db92c58843186e21e4f1925337867a49ac35f6,e11ed4b4709830ac6cbfac33f97ea8497562fd36b331357d13f680cd545684fc,8f8481a5dced6ea8a2d7a769f6d2e8231ebda4c8f1b1283a803761673ca2bbef,37ec19767197eef4a376084c400afe885529f647f497911a5ca6e5e7ce69d23c,fb02d08736dad9a7582f1ce02bb74fc63f0bf1c15a5aecb44a407d3e6b72d125,348a1e9304ef7d16dfa77550a0140dc3a55c62fe97cef363855aa35782e6a4a6,6382455c20f28791e4ad5d6967d0061341012b032f5f299b89376143426cdbe9,HMAC-SHA256-DEMO,AUDIT-2026-05-STEP3
160,8531ac80b98c6cd24df2998b,2026-05-27T05:20:00Z,REQ-000160,8e0a9feb90e3ea8a4997b70d,STATE_03_DIST_03_PS_01,3b274e811b747441ea332f7c,deny,DENY_STALE_CASE_ASSIGNMENT,P-2026-05-STEP2-ORACLE,4857c4e41d0554a6f71ea9f101c950269982c08fc327f5a1f979b43c7a00e6a6,27ba1fe8c25a8dfb718daaa0d36770f63444b4aedb2c88dab7910021791ecd83,fe5e11e9aba3a18fe1bde0cb4c737bbac56cad2595f1bf42e9594d6de9a54cf9,5f4fe15d6c8b26dc3362308356309b05c7721a9b9d94396742ad208b8c6d8df2,a2beb21890ce1f745d6942bf409b35702c7b2b0bea5a75921fd4e1054d15861e,348a1e9304ef7d16dfa77550a0140dc3a55c62fe97cef363855aa35782e6a4a6,765e8808b9276a7c356f7dd78d4302550b1320fdc4b06779763f93fda17ca338,050caebeb15634ea6fef895dc4d14c6cb79132f807d9e0e933356f3f792d56bb,HMAC-SHA256-DEMO,AUDIT-2026-05-STEP3
161,7939692f5fcc8016eeaf0a65,2026-05-27T08:03:00Z,REQ-000161,e246494264abad2f32845507,STATE_01_DIST_03_PS_02,8cd436b23498bf982d16d8f4,escalate,ESCALATE_PRIVACY_SENSITIVE_RECORD,P-2026-05-STEP2-ORACLE,33cb15fabfb11945e1a0271c0d25ddcf838bfd08e2e9ff32331bda440497bee8,7e74ebf3308b330f0ec099411ba8dffa2fa649738b0436b29f04ca3d965d2642,1a418826bcca8e2d9e4c0ec3ff7f5a55e628ff727adda77429823abb97458795,e43d3c0704ecceed5ac9236d49e70492e94f4777bd14ad3133533cd34495e4e0,be441691438b45b4d34fe171f57c5210c851167ad81e40ca5bd2b6df7aa53848,765e8808b9276a7c356f7dd78d4302550b1320fdc4b06779763f93fda17ca338,721fdf00b27403ac85135a5435695d98ac9f9435e8e3aa41682be7cf5acaaff0,66d03ac6b620abf6fcbdcd979cc49893dcc6c52781c35b91006be07eeaa56563,HMAC-SHA256-DEMO,AUDIT-2026-05-STEP3
162,5ed6a7bf4814fbef77f9a536,2026-05-28T19:12:00Z,REQ-000162,871e4c8cc36e0fafb27ef560,STATE_03_DIST_04_PS_03,c14c6c27edacd158510d86ae,deny,DENY_SEALED_RECORD_WITHOUT_COURT_CONTEXT,P-2026-05-STEP2-ORACLE,8c0dbe0aaa9fae7825b8e1fc83b7d00f128f673ca59151e49540ebe4eb260494,1ec38b8beeb05c0837eafcc24b1733d0581e3d121ac79fec0395024683c4d4fc,ca587d6cc0345d8c6d59290b0e7e1c313397dd1fa46f605da1feabd6bee8b193,6cd70ed33f75d4853ea3805bbab854a6ada3704c2a2f4c2b6da43ab39d4c3b76,8929815e2b07632b156bd7c0b12497813e34d52bd40685ff38a2e79cd9cebf25,721fdf00b27403ac85135a5435695d98ac9f9435e8e3aa41682be7cf5acaaff0,c64be239e35a3cce70329ac2bb6583a611de79b28fc1bd6120e9c2fc40e239c3,21daec07144e161446f5411489e62e55a1ba41e8337a9f2a7981dce86b3d93f8,HMAC-SHA256-DEMO,AUDIT-2026-05-STEP3
163,9f26ef79dc6c8e1687433645,2026-05-28T19:28:00Z,REQ-000163,73518b37a439a4d90b18903d,STATE_02_DIST_01_PS_01,05fbaffbdcc8ed96f536c6a1,deny,DENY_INACTIVE_CREDENTIAL,P-2026-05-STEP2-ORACLE,c333799420b78d4e5cd7bcc7ba2c067b867fd426028d8e4c76bd3ad7ce3f37ad,fd440f6c41872f496af29b6ab83b14d63d655bb7dd7e2fc2ef81f0506111ab49,404ad5b65baa6fa4a5a84dc5807f48e7290bd803a1a407fa5a538b86452938a8,d2bf05e4c21a21ef87a7a536909cb18991b3e543a2924d0fe70095280ae4ff74,818f9c3ec9daad610dd5d29fde03d7298ad2e3125de5a77e3ed80f299142c3c4,c64be239e35a3cce70329ac2bb6583a611de79b28fc1bd6120e9c2fc40e239c3,ce57d477865449411bde5e9e28fa93c5db1fedf96f017b35ed82a4e641cf17bb,447240f3b8e6ce8469b8d4c0c40d602e892de0af9f8d073cc51cae7b4d1d1cb5,HMAC-SHA256-DEMO,AUDIT-2026-05-STEP3
164,a417f22cdc92939dd0d8d8fc,2026-05-27T16:24:00Z,REQ-000164,4f04697319f636cd795e5d1b,STATE_03_DIST_03_PS_01,9770c21f3a7c95d8dcd7a099,deny,DENY_SEALED_RECORD_WITHOUT_COURT_CONTEXT,P-2026-05-STEP2-ORACLE,3dc20c299c5a703ae621bf40bda721f3e2280e9d7caf339ffd79af1cd5b1bef6,1a180836964fc178d5f0f3ca4c5ce336ec7dc364e7e383f1e9f9439f80829b94,2a0e5856b4175cb033eea9108745c19bea5d57e82ada664b9576938b79ac6e9a,2bd93e1eb2428da9fcb1010146f6be2d71310b07cf8d4220de24231552980c12,74c40e2aae3817f735ddd4dc26a55a59d795e212d82e50e1f6114a6f4a7ee2ba,ce57d477865449411bde5e9e28fa93c5db1fedf96f017b35ed82a4e641cf17bb,c70ae7ad14e3f532f12f9b1cb9c3510284981fad7dbc46235a9f5702af84f261,e6b78d8efd9adef401d59ccbd5b1edff0cee613655eb3c80eed27bffcc948aae,HMAC-SHA256-DEMO,AUDIT-2026-05-STEP3
165,ffb02fa0dbd91dc2ff4bfe82,2026-05-28T03:30:00Z,REQ-000165,1086c897162d91ce96d22b8e,STATE_02_DIST_03_PS_02,efc254275269a6226b4fd601,deny,DENY_CLASSIFIED_SHARE_WITHOUT_VALID_APPROVAL,P-2026-05-STEP2-ORACLE,11489b47c10537cc63d3df64e21e793752d57dab1ee79a4b9e86bd565ca59992,9ff2294925a8800f73c4944e133ecc32376974166d9433ce8a553c773f6c07dc,2cc555ba50dcf81c029b23a2ce2c268a01bd48d4a18fee42cb5198e84afb0cf2,e05c59c845fbdc7a118e96fc85da03834fbcedaebeef29d9e0bfce1ad4dc32d4,5f0384ab2e440a14d609a47b4b98b6111eb9021d226475b83f016fb8eccb7d9e,c70ae7ad14e3f532f12f9b1cb9c3510284981fad7dbc46235a9f5702af84f261,aeb7b79f9a76363f5d13a81545d4467f6ec2335dc4c8bbcad3774aaf6bf779bd,6971e88c70608b2cafd42c3b02d21d23df86c2bce9153699afd8c2d2a7407c32,HMAC-SHA256-DEMO,AUDIT-2026-05-STEP3
166,d2d35c64ac409f23c5eb31c2,2026-05-28T06:26:00Z,REQ-000166,c5c5b540de8f1dde6964dc89,STATE_03_DIST_01_PS_03,2d15673f9d6e48a538d2d1fd,escalate,ESCALATE_PRIVACY_SENSITIVE_RECORD,P-2026-05-STEP2-ORACLE,158d259db0006462ac0bd19487b70b7c8e2fa27b726a155cb5b3ddb407cd247d,5a97885ffce0c4548504026b9ba67d4acc2bfe697c36a5d2203646cd460dd86c,8ab68d1709bf97b56c73cacc63f7396d35a43e07ee3a20af8dfb9ed3d3cd2f58,c90c0207ff704309d127f2434178041ad72d756e3c96719052b008e65a5e1879,18b718d68a15ebf92426f24a28a4137142619a1c71618dea66cc173923c96367,aeb7b79f9a76363f5d13a81545d4467f6ec2335dc4c8bbcad3774aaf6bf779bd,b71d6fc9e74af108fb2e6a390d3cafacdb6b5c22c68b120cd58f8f38a5bddd5b,8610ed636b7cad9ac308c8f39eb6c0d913a0898af1e8df15f3417da67a76f3ad,HMAC-SHA256-DEMO,AUDIT-2026-05-STEP3
167,d29264313aaa0c4c5929bcfd,2026-05-28T06:37:00Z,REQ-000167,4bdedd9e1ddefe7a1e6434d1,STATE_01_DIST_01_PS_02,0c701e7e7cf1230d4b57b73a,escalate,ESCALATE_PRIVACY_SENSITIVE_RECORD,P-2026-05-STEP2-ORACLE,3d6831ce9ee71cd8dfd2b0f963c87ba5c912ce55c85d330caa36b83730e521f7,68a5058b1630a6d98a8122eef2a255d00a5a884edbae8118232dba4a695d2b24,882fb06c1291f62c66963077b776cbe3a46e7739e51381512de4834fbbe32c21,ade7d1b3e052ce7a2278bf76b00b1b8485138c5b840858dd4002631e435606bc,4e7deb332f7cfd31a0a43da1aedc820c36c294be8a9bf403171faf3426293153,b71d6fc9e74af108fb2e6a390d3cafacdb6b5c22c68b120cd58f8f38a5bddd5b,180acb40bd7b775918d83d04446d6964328e9733a6ba4d1e5db718d59ceb2d63,5c597ee93261525df38b658708e8cc5398f545fe2d04342deae4616a5538a8cf,HMAC-SHA256-DEMO,AUDIT-2026-05-STEP3
168,676382885a7693f7a6291063,2026-05-27T05:36:00Z,REQ-000168,a2651cd5c21b20cc4d4edc22,STATE_02_DIST_03_PS_01,898f4538ce2725a5c586c365,deny,DENY_INACTIVE_CREDENTIAL,P-2026-05-STEP2-ORACLE,db211c3425a2b86abbf5793f77006441fc8c6648702993cb59bc90cd8c14d611,77482df3d8033a9f5424b085a3bac7bb2db2ea957bcb3cbac5269cb953025a82,2f46ab4dc0a50a2e922ba450fdec29a6fc9c036faa92ebb73379457b23a62fbb,ae0ee8ed6335a1c7130937b52bdf71b97c42e37d75cd7f2b2516df5f0c96927c,9f7313bc4752696a5a45c32dffe65cc782cb01ff9071500e40901fd847ee07d4,180acb40bd7b775918d83d04446d6964328e9733a6ba4d1e5db718d59ceb2d63,175045478e71ae49c67a04bbb47d8a2431cdba26d95356de77f56f1c98dff94c,6eca8a13ac66446a5102be98456a1c3073a7c693feeee5688b940d78b339bca3,HMAC-SHA256-DEMO,AUDIT-2026-05-STEP3
169,144dba4acd23a43b2d5cc6a2,2026-05-28T18:15:00Z,REQ-000169,6aacb3c44032122c078cc506,STATE_01_DIST_02_PS_01,a2fd9c36ffa85f313129726c,deny,DENY_SEALED_RECORD_WITHOUT_COURT_CONTEXT,P-2026-05-STEP2-ORACLE,f9ac1fa6dc443f3d899716088ae1deb1b075def084dd20b6f6cb1661ceeccb7a,969d4ba0d7da99bda98b3702961de17b8fb6ca22e37b6b9dfdb3b6e7645e935e,66d34d49619aed74deebba962a303632e4df491f1a4296db7211600201912af8,08487a968822413332bec4b1d1089fb6312f3c6c0fe63e27c64e64fb9adcfb81,0c056c3ea7806e6b7caaf1b3ec81e62646f9b6bb039492bcdb8b6b68eca4571e,175045478e71ae49c67a04bbb47d8a2431cdba26d95356de77f56f1c98dff94c,83d81b23f2af508f5eb4989db2f8d1de0c4dae08224e8488619e6ec344123f50,f47c836191868880261ecb6b0f2d9566840b24456c87221abf699935a9f5866b,HMAC-SHA256-DEMO,AUDIT-2026-05-STEP3
170,3619edc5970fe02df3a82715,2026-05-28T07:10:00Z,REQ-000170,5f5d03cad2864eb9986177dd,STATE_03_DIST_01_PS_03,9fcede7ff666ed17edf127ac,escalate,ESCALATE_CROSS_JURISDICTION_SENSITIVE_RECORD,P-2026-05-STEP2-ORACLE,327430c5ce9c1e233dd82060cb15a591d5f0776c18c4ae88877f48dc4e980969,a056b0d1e1689b481b1b168bfffc275cd248f204d0bc35c24234054f917dcfcc,f7e128dc33a0ab1ae04057b30748dbb0b8bf57c7669ec95bff1d0cdbd0dd44fb,577b4eb3b9e7a9ef9e56fbce822e60d05f36f1de91864bc2694517755c0cb312,977b9933a8958bcf803802b164469e0cdf02e20a85313ed1d9de1c5f84a79deb,83d81b23f2af508f5eb4989db2f8d1de0c4dae08224e8488619e6ec344123f50,d94691283116ff9ba7816d598b9de6214de339521c9f2869a620d416a065475e,d131c6e05fd473be0e9a81c74c7e03b0e4e1498eaabb968e32f406a8e3812bc0,HMAC-SHA256-DEMO,AUDIT-2026-05-STEP3
171,136fdc7c80328ce81f716e5e,2026-05-28T10:12:00Z,REQ-000171,fe341f3994ddbba307367393,STATE_03_DIST_03_PS_01,eb98737f534a00bfebfcce9c,escalate,ESCALATE_EMERGENCY_REVIEW_REQUIRED,P-2026-05-STEP2-ORACLE,2bd6ad6602cb225374a58fe04e3a9a9fc52101a34f9f161077905d429350a2c9,f36e471caf5a3e3d279b2eab9e2253c7ec93a5c5ba35f08f2ced5d430be5dc0a,84a18d5a12057955a235dcbfa54c8bbee05cf056c011df3bb00fee5cae51a190,58a35c195070d7ab16c194ba797238c46f977e16e072bbd5dbc5ee1ae22516ac,e9e325d9c62f07390cf18be770f2a20bbe792a44b5053649f1d1cc592bf41524,d94691283116ff9ba7816d598b9de6214de339521c9f2869a620d416a065475e,d09656d0cc397a1b90cc9497b0c46a53a445a8941fdf3025a9ef07144af5ec74,2ea06258153baa1d37ef9bd91546ffcb2f278c3aa7619b7d98db36e4ecc5470b,HMAC-SHA256-DEMO,AUDIT-2026-05-STEP3
172,a084facc250d185a0095e268,2026-05-27T08:36:00Z,REQ-000172,30e751c660922e5216d51c20,STATE_03_DIST_01_PS_03,7d60c16d6ecbadcdbdfa7d7b,deny,DENY_SEALED_RECORD_WITHOUT_COURT_CONTEXT,P-2026-05-STEP2-ORACLE,379a32901ed5e03936f4d8f97dea7ee210af17f4fc74e76b967ef334d2aea7da,1e6d75a9d99173091dcdf1da5adc137f7c5510d6fdd2e02019b912b6b62bd069,578510906bba5b0b6cff1d81b717db2359bd72babc2133c6a0acd0341024f300,32753777f045b74e68e02118857685217c0cd9d36816e663426da851f69bf7d7,86acc734862cf7b01f93d8b84641ee50b2f648bab263d230edbc52d8d2f910c1,d09656d0cc397a1b90cc9497b0c46a53a445a8941fdf3025a9ef07144af5ec74,e3294debd939b607f76e8efe06f2476a222ae84c31bafa81d5321bfe8954a1dd,fb98362ddb0c3d4a102a95dddcf9259a33d0a6bcc1bea4170ad949c20b8e601d,HMAC-SHA256-DEMO,AUDIT-2026-05-STEP3
173,8e72cc7d050dcaa13e791da6,2026-05-27T14:25:00Z,REQ-000173,47e9daa6a9eddbbbae1d0bd7,STATE_01_DIST_03_PS_01,dfb0e94f858b759ef429abc3,escalate,ESCALATE_CROSS_JURISDICTION_SENSITIVE_RECORD,P-2026-05-STEP2-ORACLE,d56c7c834128474ee0422b850b30ebab97ba2713de09729134b9345206112bd0,1fdf46bafdd9324ec8c271b980fcabd6002572c25cde072fed8573a33dc39b09,a8c92b635228aa577a84e478f65704566df0ff3c5087d9a06440ca41171b017e,f8c9fcd64288f9b7c1cab2b6e7b54d16d9ed1f548336d3cee61ddbff144b9b08,8e7d6f7f974ed3ae95f0990c867f8820438b220a0e5d35ce7b23b86d32950d1c,e3294debd939b607f76e8efe06f2476a222ae84c31bafa81d5321bfe8954a1dd,0171851bc09272de6b52b924a104350ef295dbaad81362842e8159ed5ce07098,f66c2f66815bd115ff67e0b39cc44407b69a86dfeb85b37449be7241476bc3a1,HMAC-SHA256-DEMO,AUDIT-2026-05-STEP3
174,e44c00d881a98217126d5323,2026-05-27T14:30:00Z,REQ-000174,071c750c420d0b5f044d6ae7,STATE_02_DIST_03_PS_02,c037395aee2e6c54b7bdb5ce,allow,ALLOW_ROUTINE_CONTEXTUAL_ACCESS,P-2026-05-STEP2-ORACLE,12d72b62be7afe552c21f139950cd87e205c2119e249d6790acf2179ae2aad9c,37a542eebce60f45ebaec288147046cdcb82205f071715752090d479d0373a23,9e26b01e9922ef606d5539bb60e1213132fe44a2db3e15c828d83534ca4a4988,e44fe918e4a5bc4e0cff7f7d622d8362e1942892e3203464c345dbdde6e8f19c,e85d7ed25a08679bc6cf564fe39d6be59e693a06c3349dc30dd9eb296977cfd3,0171851bc09272de6b52b924a104350ef295dbaad81362842e8159ed5ce07098,76f22fddbc5346e6900a401268def7f4801c8619182fc0e8a2094f10cfeaa1c7,c9024969eb1d9f4a1c87f7b9abdffaaf9c98031464f27a9b7e6c677d004a114b,HMAC-SHA256-DEMO,AUDIT-2026-05-STEP3
175,98a9d293cad5889d7c51d21c,2026-05-27T23:20:00Z,REQ-000175,0d893c2441da140e8c46fc54,STATE_01_DIST_03_PS_03,62c4bd5e3c46d322ca954d3d,escalate,ESCALATE_PRIVACY_SENSITIVE_RECORD,P-2026-05-STEP2-ORACLE,384020f9a2187840328f31d06edb15bd24fcf2a4362f923c4f7973010c03ee71,a9c4a44bb02780ffe9b952310675d44f12d0f23f5159f5a0df79493cce115db8,f93f5717f285e04dd0cb14f28c3a3ea4b03c84d07c914dc03c4da6ec08ead44e,b807d06263dfa3a69a855270ce67346d0974302e69a127af6319046c6597d103,05fd5a27084f72cbeb39d1391d2cb312971dd4f23dc1a21fe7bf62023f0824e0,76f22fddbc5346e6900a401268def7f4801c8619182fc0e8a2094f10cfeaa1c7,a9ed8503c8367ef4cdf7dbd7de303ed40b6a048bc2240e16a46310a6024b9977,fe9fb119c93e57bda62cefd8ce760a6bcb65a2b83a7d49b6eff6ea14a0c6e8bb,HMAC-SHA256-DEMO,AUDIT-2026-05-STEP3
176,2d13c93ba0b1fc5f485b17b5,2026-05-27T11:44:00Z,REQ-000176,116125532167435d32c323d1,STATE_02_DIST_04_PS_03,cdbff94eb4945538043436c1,escalate,ESCALATE_CROSS_JURISDICTION_SENSITIVE_RECORD,P-2026-05-STEP2-ORACLE,53f2d92061135a6c179b65c21a96a38485878b84b26cd9114b974477105f58a8,a14739358ebbdea58203cba95de871049e8e8e1cf2a28af16ef58b327b07ba67,a9df9e8d3d8f43a6f75457adebd32bd526ed5ee6d0b708e2851d110256bf0c38,fe00007a70016a07d7321248b1b9c922e6792a3b5e278b40b9e96f8a9cd5b118,bb41356da6cb0bbdc42fe38c6bc1e094700f4945067744ae3a54a9d53f4dd949,a9ed8503c8367ef4cdf7dbd7de303ed40b6a048bc2240e16a46310a6024b9977,86bd4f71ee1ecf754f1d494841e10f2ff5a21a2a35135ed0db8cefbf6d25834f,79fac3e45f4ddc017921846be3260413cd8b70484e604aa3ad37f374b5a79562,HMAC-SHA256-DEMO,AUDIT-2026-05-STEP3
177,494033f486563d20a5e625e9,2026-05-27T14:45:00Z,REQ-000177,90e9de18363ee212ab55f392,STATE_02_DIST_01_PS_01,72f5852134754e41109c673f,deny,DENY_STALE_CASE_ASSIGNMENT,P-2026-05-STEP2-ORACLE,242d86d65a74e7216fd3afc1f7d80fa8ec701f2210f07ba8b964cb06407ea5fa,17cb7de20ec61921ec7da5b477329d0dc5bd6e3a5993ba3e007d80f3807b7424,f01f5f51e458d4feb148599a74e392438354861fe94b1f027d82bb7fa3dc439b,bfcef07600f1bedab6bde239c1a92968ca489d122a2595b536222c4711b11c43,1f9b3767aa238a8d8700edc336815da2df609f26589bec81473399cab504289a,86bd4f71ee1ecf754f1d494841e10f2ff5a21a2a35135ed0db8cefbf6d25834f,8a1b29d8fb98491cb82d0550b1d960490b2403c42d80a50b2074054b4e06047d,715d8c55751ea1aa82312997c9b116b19c3519bedb9d1feeef7c82c046a69de5,HMAC-SHA256-DEMO,AUDIT-2026-05-STEP3
178,6b23c4ed852f448b73901126,2026-05-28T17:32:00Z,REQ-000178,84a9b6fb8d6efe7cd09043f6,STATE_03_DIST_04_PS_03,cdb882c54c3acb7a40310dbd,escalate,ESCALATE_CROSS_JURISDICTION_SENSITIVE_RECORD,P-2026-05-STEP2-ORACLE,2deb66c6edb1237e3f4a05e44cdfda05139ca013366070415391bc85bf628f1a,5c3c435e0ed85077dd708af6e846960fccf1ef101519e384ab5ecb8df7f17d1e,f760809fdf8354ccbbad67b7e0a10d61aae30ed5f0d89c93f57dd033dac3388f,cc41c495e8e6ec7f5fd9db00633ef72031f2ec2f4fa6b92ce7d118d8162763c8,aa8d510b3c6b3b2bbfe4b9fd0e38df4c8cdd88196e4226925bb0d9e0a37617c4,8a1b29d8fb98491cb82d0550b1d960490b2403c42d80a50b2074054b4e06047d,38459b0a4464f858e45813f6112aa4cf6fd73c6c1fe17d4596c5618ae77be567,03b2234cbfe21fcfb9fb46fd4fb70e8a4d908adda4f661ab079848f74781bca3,HMAC-SHA256-DEMO,AUDIT-2026-05-STEP3
179,d927b471282f9bce0d6726fb,2026-05-29T02:43:00Z,REQ-000179,100ec956e3b5dce60e3db6a6,STATE_03_DIST_02_PS_03,bf2181704489a082cfccfcaa,escalate,ESCALATE_EMERGENCY_REVIEW_REQUIRED,P-2026-05-STEP2-ORACLE,b7e25374e911a058d9c2dcc91d069c0d7789e39c729d14c759d91ea9e14e5ff9,6eb16f07c8f7d6de5f9c4ff348002ec6e1936e073ae784bc2fc821ad73097ef7,eee2f93d2b89fa19004980d84a8818db034a60b25afa7e07b5783d2b2be50d0d,30c181875d11f491d97366b43c19f14c949299fe2ef030587b2e19d9caa89cc1,010a9653684ea006d4b55aac8716572291c2afdde71f0b7b3476eb022c8084d1,38459b0a4464f858e45813f6112aa4cf6fd73c6c1fe17d4596c5618ae77be567,354a0726399d072c127f10ed5cf085937a3af5c60211251b540d669cadb80087,85d7d98cf7dbdb51617c2b3bc3db87b2cd886b668bde2b0b94d7defcfbe20773,HMAC-SHA256-DEMO,AUDIT-2026-05-STEP3
180,7c01fe28142eccdd6102b061,2026-05-28T18:00:00Z,REQ-000180,97ea02f4f8fba926781c7fc5,STATE_03_DIST_01_PS_01,c3ad82ff84dfe0275c582cf5,deny,DENY_SEALED_RECORD_WITHOUT_COURT_CONTEXT,P-2026-05-STEP2-ORACLE,224303640b873e092c215859025fbe539829f60dc8af046079bf0fa19bd59b46,5265410cea4217f47c658829d43eeb44e080494fb4dfe46db1e9867cdf90cadc,a66c6613c1fa5901a95c857a9100fb3da1d56b2ae85c7b9073a6ded6caa80575,0ffd866b503a78ade6f30d07d7edc730835e3b56e1e6572affcd97528210d21a,00d535406816df0f9a6368ee030433358ae63ff4572e41b9efba6eab5a1d7b6e,354a0726399d072c127f10ed5cf085937a3af5c60211251b540d669cadb80087,c850033e5665882d1bd1b66e8cea4ca440ba609bbc6d4d1271c9b125ebb85f48,b0df3e1a2cbba43ff7d548d22dbbee68ac40022f2a3f4e610cb6954be6b53074,HMAC-SHA256-DEMO,AUDIT-2026-05-STEP3
181,f58343cf4b8c189cef077572,2026-05-28T00:08:00Z,REQ-000181,7eb01572e4f979827683d0ca,STATE_03_DIST_04_PS_03,a7b62695b85e36e1524ccb5b,escalate,ESCALATE_PRIVACY_SENSITIVE_RECORD,P-2026-05-STEP2-ORACLE,8ecf76c107beedc624a93de9f65c0f8c4e7876f07f582fafe9cb5dd04a31ec56,a5d1f47a6b3b7a3c211f83102042375c0f1099382153b0195bf8ea0e6ac74e1d,ec8fe8e408441a8839fe921d5d0450ee56981aa1e34b9f25f59adb46402172a0,0f034026fe6dfa7a5df364005f337b98a6dd8d47a6b2d29d0a62726d758fd19c,f148d16f01f4885a3d60ab6aafdabb78146da3ef10ba802fb4ec0ebd07619817,c850033e5665882d1bd1b66e8cea4ca440ba609bbc6d4d1271c9b125ebb85f48,f468ecd7c8f8368570ef554943704f89e00df110ddcc82217a14f6829efbde1b,d785a7ec616fc4477886a208d85c02b322c9788b5a81de885d11d9003c1c0ba9,HMAC-SHA256-DEMO,AUDIT-2026-05-STEP3
182,869f678330a33a3e0771afd6,2026-05-27T09:06:00Z,REQ-000182,cad50d4d8a49a83faad951a4,STATE_01_DIST_04_PS_02,34c63fb4a90f2aefe4cd515c,escalate,ESCALATE_SEALED_RECORD_REVIEW_REQUIRED,P-2026-05-STEP2-ORACLE,8fdefd28321a562935066b1501e420856fee8965f4d94df2329206af5e960818,a4ea248be7812179e0d0f9a18392b7d5c9b3f3ab994e4e42b357e088060792c8,83083fbf550f68976a9dc0ccbafa8ccef693d11b6b48a0680bf09012bf1e61e9,8fa4b950c5abd5a22c956a049fdb90f28188d418a2d2a0128651f9352b2fc491,85f0c6f2a72542b8396d0fe34e8b5277ccae9c5e58aae917027ce1892e519436,f468ecd7c8f8368570ef554943704f89e00df110ddcc82217a14f6829efbde1b,416edf0c63f82031f9eec0fa7b2bd8078ccfb8d2ad6fde38c678b8e399111108,ee5f3c1a7e3abdab35913d4506cafb397015875c4753e48d29468d5c0a2cbc5c,HMAC-SHA256-DEMO,AUDIT-2026-05-STEP3
183,90df380d1c9f1e59f8be9a13,2026-05-28T12:36:00Z,REQ-000183,aba84a984ee3606ae0d30a0a,STATE_01_DIST_04_PS_01,8e1a3ca6a9114e1881bc48b7,escalate,ESCALATE_SEALED_RECORD_REVIEW_REQUIRED,P-2026-05-STEP2-ORACLE,34ad992fa40f32e0978cd371e60333015b26e2a26b465bd9cdc5d6b8b06d09d2,ace25b15fc3de0e06fab703d3c0efaac13f580dd02d075854d9a4d35231ab89e,5315e93ddeab62557f81c8233ec68cffca67465c4c9b2af9f349331cbe0687d7,e2d88f139dcbc5f51cb86517ebf10370fdac5e53ea4383168af10d26677e7b43,3573e052d1324dedf702115de356b6f881ad69c616e0c32cb8d69cbf9a55776c,416edf0c63f82031f9eec0fa7b2bd8078ccfb8d2ad6fde38c678b8e399111108,525b28653b36caa544076aaa74dc3dd9fec7489f77348adf81d9ea9020fd21f5,c457eb0ec32ec4c6f6c64d871ceea7385c2583638af82f3de2291b6b141bfd87,HMAC-SHA256-DEMO,AUDIT-2026-05-STEP3
184,8adc4134531d581ad0ec5381,2026-05-27T06:08:00Z,REQ-000184,4ee0497be96c65e5642e3a72,STATE_02_DIST_04_PS_01,c3c560b7671d3f284c65f621,deny,DENY_SENSITIVE_UPDATE_WITH_LOW_RANK,P-2026-05-STEP2-ORACLE,4b429d9b7465d931626456c2e1e57a417a13e89ac65f25a1a5cd2b73c5a9321f,03c644d7ece3b690304752bb730667bf7f57baa67c03dd6d693038907e722156,fecf087479b1d1dfed7d78e70ea3ccc39bd9fbf16e08ade1274e5c2268f1c9aa,b374ed9aee6771ae2ae23b748aad1b57350493ff99b10a75c70be4ddeea696bf,5962c0bcf121038e9a8ad461c629b4dba5203e2637008762c183cca7d753d6f4,525b28653b36caa544076aaa74dc3dd9fec7489f77348adf81d9ea9020fd21f5,8653eff8c650dfe45a46dba80d1ab47a5c19cf66b664c58ea71503e43bf2ab7c,08b9a6bb8b49ba2e4b3025f7224f42f1c3284b26915fbced92f866df3d552527,HMAC-SHA256-DEMO,AUDIT-2026-05-STEP3
185,6da7932288183ed588ea4855,2026-05-29T01:20:00Z,REQ-000185,0f7c12f84c6ccd771a655279,STATE_03_DIST_02_PS_03,0ed03201c38222181d07677f,deny,DENY_INACTIVE_CREDENTIAL,P-2026-05-STEP2-ORACLE,2a779de0e5bd9ffe3d7af393e8f0a34ab6727133269f33b58d4eb2d9753dc5ae,dc67de9a7bdb2a7eab5410974a7f6d1834ecec4b6890194207fc8b2e1c8afbed,2755f6d698b0240c873b60574f85fe9d578b556e38ad498cfe551c7931aa3db8,ac04e4dbb2d2b57c9255e158d1d42e610316b4fb9707d4c0b3ef381c49c10cd5,3232d775603b7a0c99a27406b05776d4df783ebb540ccc419afd1aae90d3ea4e,8653eff8c650dfe45a46dba80d1ab47a5c19cf66b664c58ea71503e43bf2ab7c,ab5ecffab76737837bdc75a67a3599112066b87ee5795a8787d28824a0f7370f,27e28811af39d575668cc310e4c7b4a3aa46bbfbdc4187bbdd410690beed29c8,HMAC-SHA256-DEMO,AUDIT-2026-05-STEP3
186,ffe0a40fac707f1dcea48593,2026-05-28T13:12:00Z,REQ-000186,6d2396ea39d60a2c9554602a,STATE_02_DIST_04_PS_01,804f341ba0075b398eb34543,deny,DENY_INACTIVE_CREDENTIAL,P-2026-05-STEP2-ORACLE,f72e467aebb22222168ae9f0d29923f9cdc0567c1794b7eb784ef10e49614953,651d09c822e55f5d4dbe1b2dc03848e689dab3a6d502735d75c0e57c264f93b9,1ca48b26b2e65d0d9aeec2d4f499123dbc4098695d97e8063c7233b84fe6bc6a,21aaa507eff8f895c460900dcb5e06a75489f3368d9f00cf71eb748006a805ce,7b2e174fb6b6f2df018324f09dbf3c420168d79916dfebc447f93a278b1fb4b0,ab5ecffab76737837bdc75a67a3599112066b87ee5795a8787d28824a0f7370f,bb5aaf3d2420f6f339425d921cbbe3455e93e4e1b2ce77d7170567822cbd7e42,70c7831f0fb415d5decdd285231bb545d41df1c42092b0cb00f84cec7cb63f20,HMAC-SHA256-DEMO,AUDIT-2026-05-STEP3
187,b6f86df354ed493444913c84,2026-05-28T00:56:00Z,REQ-000187,46b29e30bec752302a2d886e,STATE_02_DIST_02_PS_01,ca599d02bf178b76d92d8a98,escalate,ESCALATE_EMERGENCY_REVIEW_REQUIRED,P-2026-05-STEP2-ORACLE,fa82d2ea8794d6888758015e78ab1737160ae0e7173b9df5a0dccd1ca64afb6e,7a3f64ed711a5a8504f0989cac3abceab434fdfa612c2bf59b7a329d08e9b600,66979287ea47ca7a68c79f7f8f08de21efdcb132a50b0e94c9d62df2a8da79ac,b9f3a43f65802869268d19cadd3fa0c337c7cf90fc57487189300ac69c356755,7409fe40bebe3aab04ae8d0cab0d27b26f9258592cacf384e01327d81cd962d1,bb5aaf3d2420f6f339425d921cbbe3455e93e4e1b2ce77d7170567822cbd7e42,c6dc84b021d2dd531b460a420a27876132aa00a1278736d0a36b2db3281e0d80,b11817890151a81c962daa068ace3ca5bfeb69320c69db2fb2390dfc98f57f55,HMAC-SHA256-DEMO,AUDIT-2026-05-STEP3
188,f3f9a0d3f00b0716f7ee66c4,2026-05-27T12:32:00Z,REQ-000188,d4da98f8bbaf8c84670817a6,STATE_01_DIST_04_PS_03,6acc6042dd574d412fb83e2d,deny,DENY_STALE_CASE_ASSIGNMENT,P-2026-05-STEP2-ORACLE,a3d6f8314ea2ab63cc317ff12ade6632a0d622314fbc7711d712f2553a9595e7,fd33b0ffecad2e0476baa91159df6aab956931b7a07b567d55b561dca8161c45,5019630820a96a783b7a42208ce0d28c3437b847b4ebe5b4df7d69568d9f23da,6a7a78840dbc72b7f4314d020baa162138adef47fdca5a9fb0f48767f850c871,fc59f2b3e01ee1d2b5f1480069c23b80791499192031dd39d706a5c976db837c,c6dc84b021d2dd531b460a420a27876132aa00a1278736d0a36b2db3281e0d80,9ae57757924c9b2f4af199b7ae8aad6def387e109c7f7802eb36cd088eea9957,e6e80adf453b17de2790136fa92bf63ec542583fe1cd9429406476d8d45780b8,HMAC-SHA256-DEMO,AUDIT-2026-05-STEP3
189,33cab8d4d297fcc1ca069fec,2026-05-29T05:33:00Z,REQ-000189,05c87980613cb5db42b892f9,STATE_02_DIST_04_PS_03,7ee8de49d1fbda970c1c712f,deny,DENY_STALE_CASE_ASSIGNMENT,P-2026-05-STEP2-ORACLE,9e3e24223adf990f76f56d7668ae095f1356a263c4af1181442b42ae0eb79e5c,4b69cc10b43ec14a3dc3ec634cb54ef3f1e46f3092ac578e591f3038287e9990,761a61e69cf05f098a04087e14d9cec0556d8c3e241b70d2db4a7df828813cd4,7fe78dcf3fb8492c379cd717641a2eb80dcf048427be6f923c288418cceb704b,704662f20753282c4003836db506b6c3246b23eb0ffe4bdbfb0f601265bbfaa9,9ae57757924c9b2f4af199b7ae8aad6def387e109c7f7802eb36cd088eea9957,5592430c28fc112cc5f3e3be53d7a4d2c1b734fd6d8fc625946790864bf28e7f,8f4827793a919392442e6fe1b4003d1e9fc9842b922cc34d7588e51d8f3747e3,HMAC-SHA256-DEMO,AUDIT-2026-05-STEP3
190,0bdfe003ef2f8de4ca694906,2026-05-28T10:50:00Z,REQ-000190,a4932d929933c3c8b03681a3,STATE_01_DIST_01_PS_01,192d3abc4719be38c5ecb6be,deny,DENY_EXPIRED_APPROVAL_TOKEN,P-2026-05-STEP2-ORACLE,3b20a40622411671b86c3ff629a7e1e8f3dbbe024da2675ab8daa1bf5a225d36,425033548aad97a94d0db4a42292217ee5a034d4fb69190bc333fa0de25e761f,501546cb6e604edf95b2a9773f3cded9b9121afc1ddec3b1dbcf97f4f27d8ba3,b4fc27208661edc4aca05e1721000953e5c1be192ff19c8a4172fef7974a05c2,0dad468a65a549322eaba370961c8338836a795a058821dab9c3c0645b636990,5592430c28fc112cc5f3e3be53d7a4d2c1b734fd6d8fc625946790864bf28e7f,962d6167041878ade6352e62b2f504fd8da76134b3331e28e352561f74607202,91d4cce9df4f87f4ffd57e427cbb255b7a59eec62317413262c917aeb2d770fb,HMAC-SHA256-DEMO,AUDIT-2026-05-STEP3
191,0a94e2b7f698b39f9d325de8,2026-05-29T02:56:00Z,REQ-000191,5d29ee05d50fe82bba4375d8,STATE_02_DIST_02_PS_02,4a81b7a88a623e390137c284,escalate,ESCALATE_CONTEXTUAL_REVIEW_REQUIRED,P-2026-05-STEP2-ORACLE,35d5b928e5f426ef96ed4977da7f7e9f047bd378724887b39b078737dbf81665,c073c4d1f162b6df804b651e7a7d8cf5bda6017ff0fb85067688a611058bb64a,c615dd044dc131e346661d92219ced8951873898623e3aab455adfd48d942c61,7513121da96c6f4f80e8e7873b9d9c9fe00e953e828da9ac1a8af55a2499fc4f,8467454885ca76e4392b04eb21ddf48d38ed17f1dce0f429515438414e6f96ad,962d6167041878ade6352e62b2f504fd8da76134b3331e28e352561f74607202,50c388859bd4ca934d8d9450c322a9c21a851c66e55480cff2a3a1b50d643879,e5433445f125ae6a5a6a66a70bc7d96618eb7cc387f9d68bade878ad05f6a8e3,HMAC-SHA256-DEMO,AUDIT-2026-05-STEP3
192,1b35978337c61fa57fa4dc64,2026-05-28T20:48:00Z,REQ-000192,21f9b37fcb4f7d2db6857d62,STATE_03_DIST_03_PS_02,2f7541feada906826bfe2619,deny,DENY_STALE_CASE_ASSIGNMENT,P-2026-05-STEP2-ORACLE,9f39875b7d7f75f77d8009ec1927dd7e3c713f3af8dba07cb530effa7a53dfa2,6d637d196591c1e17c08fd3de60fe7e059e42ce32fc241b6d96aed6e8c256eb1,fc2318b01ce70aaeb77797382c13d6f0803899b8528e40bfd9d317e98bf07728,638e147f392bf96b8b630e8d82ababf9f58f49c57f672c4a339974921f419808,55ec7c7930b7a5c5141ea9b132b22a5ae88c311255efc9b07b021fd1f03b8392,50c388859bd4ca934d8d9450c322a9c21a851c66e55480cff2a3a1b50d643879,0e138399d4c7a4defc799abb070d28ea7e837c6c511bacd22249f0c046c67609,efc5b31d08a890dc7d15404b0f108880f406a4384dd14c0d33d57553881466f6,HMAC-SHA256-DEMO,AUDIT-2026-05-STEP3
193,5bba91707bfb4c7a1972f74c,2026-05-28T01:44:00Z,REQ-000193,8e0a9feb90e3ea8a4997b70d,STATE_03_DIST_03_PS_01,1f26606290f205ce6ede37d1,deny,DENY_SEALED_RECORD_WITHOUT_COURT_CONTEXT,P-2026-05-STEP2-ORACLE,e8917faf8d488fa95d2274749c7f3f606275056b3c324e9caaa1321689100fce,012b3ede95ba53b1f4a680bf1320a93f94e226459bd77bf1ac255ea1b78df9b8,deba841c5c09119cea38e1824ab34d0eefbc585248873b37ba51e614d4391523,d8842b43cb66642ff9c8ccdd4a94304cb9c11b81c0e6aedad5fbeee9a3314080,159f8ffefaad83a6a53fcd28c5e3a8b4d87c5a7fff267e3296408ae6e1f6c7cd,0e138399d4c7a4defc799abb070d28ea7e837c6c511bacd22249f0c046c67609,0684f9bb24ae24fe0888f0cc4e647f53e65d2d9b12d5df59a1d7211607822d4a,4ee9369d5a710d3533d8c5beb7f1a462be68f855e3cafade37eee8ca6242a634,HMAC-SHA256-DEMO,AUDIT-2026-05-STEP3
194,12fc44f2ee69667a8d2d12f0,2026-05-29T03:44:00Z,REQ-000194,61fb1f33fe73b6361966f242,STATE_02_DIST_02_PS_01,b0e996b4ecdf66ce33e6405c,deny,DENY_EXPIRED_APPROVAL_TOKEN,P-2026-05-STEP2-ORACLE,3a8a7fc822910e293da7c36895846a1eed848a38486376f91a4d12deb577f840,b8aab5ed885e7903112fc832a8e9ecf710f3a8c6adceaac432250bd61f1a9d5d,34f64a46275a198c7605977e0d709d80bab8b30b237c0f292d1260987f1048bd,b100d08205afee27e272f89f46aeff90f0d9a16db34ddc1968d18c17a597da97,6f6a354fb5c6f1e0c41196a0632d77aafad66ae64335cd6f2db1eb9cb0a6efcc,0684f9bb24ae24fe0888f0cc4e647f53e65d2d9b12d5df59a1d7211607822d4a,dde550fdd44a83e8ced95614bdc1a1b59bd4a4fc27299b3e1cd097c1b2a17e80,a98f44f063fecbf57359219d885e2518dcbc00e1412ccc206c0f3f6aa96c0667,HMAC-SHA256-DEMO,AUDIT-2026-05-STEP3
195,20ac84dc6bfbc384616cabd6,2026-05-27T09:45:00Z,REQ-000195,81023882823dba8b6e04e6a8,STATE_01_DIST_03_PS_03,e4a86290e5a510bf01d1ff81,deny,DENY_STALE_CASE_ASSIGNMENT,P-2026-05-STEP2-ORACLE,be593399306a2971ea26f365242c8bce81db95d3f4cc7fd510bc341ec15da067,6436d51ee17080b3e431fdf40b10a3be85ed46288876e3ab46d3df640a2f8b1f,89fed8c530407040ec06b6499678307d5f23bb98a578404c71669695468011e9,e4565a681b134380ca63c1903a0ecbfa6a06215a3e0cb707a8dca23474833473,b3e5fad538c350822b2dc18ddf0ea088ca8c4641144b7cd961ce74e7c0625ac5,dde550fdd44a83e8ced95614bdc1a1b59bd4a4fc27299b3e1cd097c1b2a17e80,2bc1e33edddfd09d969865b8c33126fe2b281cd62958ff00357ecc4524c70d1d,2dc013a0e453195d2af59428ed97de0ba7d5add0bd12648c59410b722e3ff2db,HMAC-SHA256-DEMO,AUDIT-2026-05-STEP3
196,72bb7906eea94edfe24b9a33,2026-05-28T02:08:00Z,REQ-000196,c424bf9aa5cd573d3066b2f0,STATE_01_DIST_03_PS_01,ca8fc35650ee04e7cf5447f3,escalate,ESCALATE_PRIVACY_SENSITIVE_RECORD,P-2026-05-STEP2-ORACLE,ecbec3710209fe73413338667a844f8be4975f6bf2267b2eda8b478dda49645a,71a79ee96e2f40a5c93b1de24f9c356974b203e8d903f31e8318f0d3f55e0f0b,f1b993bd290ae96f47637723d6864b7c2291a64b58eccc945e9a14e4fb1b4e17,171492d9f6b3bac7da209bdc578aa74cb701f208428aa5c038dd79da992d64bc,88f5e78743c4f094bfaa640e627f665b33f0ec9f31081ad071296ce80ccdbe91,2bc1e33edddfd09d969865b8c33126fe2b281cd62958ff00357ecc4524c70d1d,464fb3f3a13174142cd2c314076b99344985dfe7c443aad85e0428825ec3ac71,1d1b6ba45f89bf7cdd320d3e98d7f02d36f42d76234ed29557069b7626629ee6,HMAC-SHA256-DEMO,AUDIT-2026-05-STEP3
197,7ab245f3838dbd0907fa2159,2026-05-28T21:58:00Z,REQ-000197,fad5d40018942c6b0ef2d75c,STATE_02_DIST_04_PS_03,db0304cd11153fe986b9f40e,deny,DENY_INACTIVE_CREDENTIAL,P-2026-05-STEP2-ORACLE,192ef3d15fe9a4b5f53f01eab16f5e1cf4f8420b566bec36970f0c85e4941215,c2fb39fab1d54f942f55262786f443e2aae75c374ee36e3bc33856a1d72793f2,0fe9121a733964bcd91f803df190a3515d4289a8a399932cf28641df0dcf0267,5d920c5bdb56e49c5743f348845004083c4cc4112f06b33669429f63adf98706,562136851d804a5144588e45f19fd3c005d847d72ab2dbddb0730f176a54296f,464fb3f3a13174142cd2c314076b99344985dfe7c443aad85e0428825ec3ac71,8c8eb0cbf0edef00d1dfbf3094f6ce405d2b7fa686dce5c07ee1e8b9c7299b7a,0db72b639697757bc5bd03a2777b8374c2e923bac3f71dc4f5486f54b574bf10,HMAC-SHA256-DEMO,AUDIT-2026-05-STEP3
198,97e00cafcbe41661226418cb,2026-05-29T04:48:00Z,REQ-000198,b2c7b3b76aeb981b1bd8756b,STATE_01_DIST_02_PS_03,ee2e764d1a9ea993ed80e6a3,deny,DENY_STALE_CASE_ASSIGNMENT,P-2026-05-STEP2-ORACLE,35420d3bb881edc3aac2aed1ec51de3397704abc14057afdfaf5b611f596e2f9,725dcb5cfb7f340400b4e670752f6fa94cc42ca2a3a8d6125af31409b54bf55e,859c5e224f55844e9dd836fb627c0017e0ac0f41249e9d23aa4e0609f3dc026d,3eb97de52e45204651c64e2b5f24471e8feaeba574842fe7f486c8eab5dfb93f,f4b8fc3e9dfdb90d55041cdc906eb72b06cfe916337b1d4fd8760f921da43755,8c8eb0cbf0edef00d1dfbf3094f6ce405d2b7fa686dce5c07ee1e8b9c7299b7a,f7563a9884bf981e4078cd2e48b3db27fda2bbfdc935702d798bcdfdb026f52d,39fb47783512d273e440aae24b729bf8e5e343679e7ad21fddfd35c37fbdd8f4,HMAC-SHA256-DEMO,AUDIT-2026-05-STEP3
199,80dcbd329452e8c3746fd8df,2026-05-28T22:26:00Z,REQ-000199,4718492e22f05239e76383dd,STATE_02_DIST_02_PS_01,ad93e2928b72a7e21702b4ea,deny,DENY_STALE_CASE_ASSIGNMENT,P-2026-05-STEP2-ORACLE,4f3f10422e023d8acc2a77d83a9579762c82602ae1362a921d45cacebd9ffba1,8e24e6031d6be733c338f4763dc07e4dce2c327c90cc95ca1476711f67fa98b4,db306b6bbf54d8392512333acf2af2c4d8d01f9b839765555b590d52ba4f1ea3,a0a822d36983e0216a416cb1e33077946582411e3c4875039285ed6e0069bae6,0d7cbeca1d02b1e4feed6039bb10927d2755353e9e4d4402cf0b16bc8a55c1e4,f7563a9884bf981e4078cd2e48b3db27fda2bbfdc935702d798bcdfdb026f52d,9add5328604457fa805f6f69eddfa3872c774c7ec88f790aedad0b13a00c9985,a6d0dea8e33e0ecc3686519eb088ba52c821891be3931f8a8dd34cefcb33225f,HMAC-SHA256-DEMO,AUDIT-2026-05-STEP3
200,59cb091991232845ea9df485,2026-05-28T06:00:00Z,REQ-000200,3388bd23d03d7e43b3bd8d53,STATE_03_DIST_04_PS_02,dbdfbc01fd0c4b39b898ed5b,deny,DENY_INACTIVE_CREDENTIAL,P-2026-05-STEP2-ORACLE,6c5dc25fd756ec162d5eb544cb0ce75f8bc7de1c8a534eab1f21a37652dbd362,a9f80783d4f51bd793b8fc96c14370f6ca791927fae758240f9a98f1f3556495,42a35ce9e8c4e0bf04c7dffb6fdb7d42227fb75db9c280e5d92a2e6849848ea5,68f30bb37d9e6b9c2c9e20b4eeb6a04ac6cdddb189d53177ddacd3ae0a04f109,5faf83a22d396d1cb4194e1733c1624382e6dce7d0dc15eb740499b4699d316c,9add5328604457fa805f6f69eddfa3872c774c7ec88f790aedad0b13a00c9985,1781441ac6783df1948dab8fcfefcacc608f86d1c36662e952b3d8c62874130e,cd8c6c3e17ddf3c991a34254f564470682e82f4da51c9ea3e7a425fdccbb9832,HMAC-SHA256-DEMO,AUDIT-2026-05-STEP3
201,889fcf46230c66371078b854,2026-05-28T12:51:00Z,REQ-000201,c3da23329ac65eb7b3af694c,STATE_03_DIST_01_PS_02,05c7c986bc49b426bf6cd52e,escalate,ESCALATE_NODE_STATUS_DEGRADED,P-2026-05-STEP2-ORACLE,26552396d3866a738c604aeac76471337e5eb8b1cdfd070254c2c66505418745,df664014bff767abb4fcb5a59e1c597c3989ef51aed32d31c4553944feb2d0ee,90b481f4f1266980c9c0e8159fe58ca3f634810de894f541a07d077255ec5895,30cd845f025cfee333575cf44ab10fd281b9f897f242546ba6dcbfd34e0a9066,9db5baeeb4e067fba5efdd4bd5d5c8c4271096c4693368899731f25c2a5e037f,1781441ac6783df1948dab8fcfefcacc608f86d1c36662e952b3d8c62874130e,64e9ed72063a9935b1d30edb1d4b4f0a89985186e88a680b7ff7444fa02ba24f,43fcd72ff35d0fd48af66c397c738ce3c1c8ce53804eaa62b10473790b4e214f,HMAC-SHA256-DEMO,AUDIT-2026-05-STEP3
202,8b5b328c3b706efba37eff13,2026-05-29T05:52:00Z,REQ-000202,73518b37a439a4d90b18903d,STATE_02_DIST_01_PS_01,b633e7b814cf174a43cb626e,deny,DENY_INACTIVE_CREDENTIAL,P-2026-05-STEP2-ORACLE,ab0e785da4dd1d36b40c42dec923971ed2523a2b0044b7b051314b19bedbceb2,9282204158c00ac637cb7532c3854bd33d258910ad095871dbb5f52718fb71d8,6fd676f65f0ba58c17b7f8f73b230cca87693522626b653e8ab35eb1da4dff09,659c51b071ce27a1df7d0059002f1fb776806523a2999397832c04193916363f,93e41903bf9e1d2ccf28867d56778f311095e658840ebfc9840d4c5aba94a2b0,64e9ed72063a9935b1d30edb1d4b4f0a89985186e88a680b7ff7444fa02ba24f,cb252b4cff559be46038dc13a55d6cadb144f4ba0f975cf1d481126a1745933e,017ea390e8e3877c75caa610bf0639d9466deb9bd5f87a373cadd9c9b5cd4489,HMAC-SHA256-DEMO,AUDIT-2026-05-STEP3
203,e0ff904da851f9425e381dfa,2026-05-27T06:46:00Z,REQ-000203,4b271c3dc209eac61d05dd4f,STATE_02_DIST_02_PS_03,7d60c16d6ecbadcdbdfa7d7b,deny,DENY_SEALED_RECORD_WITHOUT_COURT_CONTEXT,P-2026-05-STEP2-ORACLE,c424f3cc2d30b4902150914ca9c7d6ab53036db14c7481ae2fbf32cf2f243ab3,6007f4a06832fa63007980da153b28da826bd1a539f2b585c5a87181c3567425,ab70537b3c49ba586f69d8f3bb93cc2c434df7751a7c8f87ebd87e18ee14d785,921a9bfef34d989af9af4ca622369bd5bc0e03fd3975b51befe2ac4f3418c0ea,e18f8fa4c441f0aa67824f9697483470faa6c3cf35a47b5caf37903b65bc1a33,cb252b4cff559be46038dc13a55d6cadb144f4ba0f975cf1d481126a1745933e,5e2db038521885e88bad2b64ab0ca02a2299f4a0ddafb254e48dbf4acccd00b7,995b751ccb0c08d89e2786927899088fa75428cf8842727df255e264579102a9,HMAC-SHA256-DEMO,AUDIT-2026-05-STEP3
204,e0085c2bc3596a12bdf3bd38,2026-05-27T17:00:00Z,REQ-000204,acd11cf62713639d9ec501cd,STATE_02_DIST_02_PS_03,65b119681a10677745fef3d9,escalate,ESCALATE_PRIVACY_SENSITIVE_RECORD,P-2026-05-STEP2-ORACLE,4b528f4cc8b8f984d9be1da1eea5c60977dc51b4143239943e67b5e641b543c6,df8817185fccded2826a8e589853a2f092f59e1e645e88769b9fe7cec8f2c80c,f0f69dc666329283653bf0917b8456abc0e3ba0af984d610a473a44bc85a16a1,9c9fa4b9e7072d766572363327eec0658d4faa4b2fc85068ac2b5370114a929c,869ef4ed159118c7fd2c437b55ce98fb7128c2a882eb15b5234f1c21c683c561,5e2db038521885e88bad2b64ab0ca02a2299f4a0ddafb254e48dbf4acccd00b7,9c4001a826b09c4359f271098054ada5dd0d96d10846551c041f40151b7f8b9a,f6c34245ec5742f6370f1a9fa3ca28b97576ca200421404297a25c78c7e482f3,HMAC-SHA256-DEMO,AUDIT-2026-05-STEP3
205,e5075fe28f6b137201474740,2026-05-27T10:15:00Z,REQ-000205,43619f9291295cde078ede73,STATE_03_DIST_04_PS_02,b2fe1d7e7f491d2222d662d6,deny,DENY_STALE_CASE_ASSIGNMENT,P-2026-05-STEP2-ORACLE,9aaa2745131c95eb3a36464831eda0f604c5f7722b737ba99191f6ff8a4201fc,8fb787469088d517aaba91d31537cb142e3c600255ee6dfe02b393028fab7620,80bd774ef5e3594ad2ccb5dd8f4116d6e63f35aa7137c13c501065503ccb0933,305521c73f5c2df17333548f66b9d307a70fa88060f33da82e2b4021afd218ac,7152283baeebe978cf4c5dd7bcca7ebfc7b0817162cb3de6d94e794584c06b5f,9c4001a826b09c4359f271098054ada5dd0d96d10846551c041f40151b7f8b9a,2d5d96d188a0921700ef4ca3a32a9e40218518a0a32eee55f35dbb51ec6575a1,0eb3d6996bdcb4bd4aa6bb4acb79a0e1486a96da1e56c5fb1de47662c3382acb,HMAC-SHA256-DEMO,AUDIT-2026-05-STEP3
206,439cc70224dbd745a00b91cb,2026-05-29T03:30:00Z,REQ-000206,61f9c30ebf940f606c1a2520,STATE_03_DIST_03_PS_01,76f11b624b1e439ab531c33c,escalate,ESCALATE_SEALED_RECORD_REVIEW_REQUIRED,P-2026-05-STEP2-ORACLE,0275dfab4e18e44bfce081b51eae76a0136b191a1f1d19abbe5cb9d115dda583,a36c7d295c3a321796bbe63328dcd851afdfa3276d685e5c6bcfd54392a26944,bb009ddcc0bf9a65afb252945bdfe12702b8d4b166478a27a868982c09689548,493c755c934f24acf51f5323c0fc133392565eba7ac214f9850982be9e8a6a06,c445f1beea517ff788a20b084c5dc51e893bbe4d5e67c6a94ea279d2ce34bb46,2d5d96d188a0921700ef4ca3a32a9e40218518a0a32eee55f35dbb51ec6575a1,5d480cf1636570545340ff034cb26a969616c9e7cb795a38e0b990a4cdf5de98,9343c8a7ae7ef4cf273c144e3d33ced0b93c2b35e3187d17438bd66075e80358,HMAC-SHA256-DEMO,AUDIT-2026-05-STEP3
207,175ffb5e0fbd8cc7e40a751c,2026-05-28T00:09:00Z,REQ-000207,29e63067f87e22c26e60f375,STATE_03_DIST_01_PS_02,6197a206f9aa2b3df21b2fe7,deny,DENY_INACTIVE_CREDENTIAL,P-2026-05-STEP2-ORACLE,0e924651a137e6a7afff45995cdfe3ab4ca4f0a7f27c2d9f7485192ebfffe5b1,4fda30a1e139bf61075bc8482c12b6c97168524e2f7fe3865bce7ed6b16ee10f,bd11b3e21c1df1b22412fd57a1e992997ad7a26f6343280b6472bed7b8c86eb0,ba301297fdb2eaf37b7806359dcef276f69826ac8367c3b0c727fc9baaf8e3e3,dba089e0bea3f131c60ec9f3946eab73fe74300c82c7a6a4b78ded32821f0728,5d480cf1636570545340ff034cb26a969616c9e7cb795a38e0b990a4cdf5de98,dcc9f18a3a9173ce6f8a8370835e3632337221161073f078d5f87b6ad908b272,18e3c45023a86c1fbfefe59788447a3685b0926101facbad6cc7590f878f78d3,HMAC-SHA256-DEMO,AUDIT-2026-05-STEP3
208,263f4ba9790864c2263b4e77,2026-05-28T07:12:00Z,REQ-000208,9a1678400f682a3201830c3a,STATE_02_DIST_02_PS_02,ff2fe9cdc866d8723406901d,deny,DENY_STALE_CASE_ASSIGNMENT,P-2026-05-STEP2-ORACLE,cd31451c5cac2d1cb9df835fa3104dc24b23fe2e2873da1a0ef619502c9eb3d6,e1988b44da7affe632de500b7305bc04b03cb02c405cdcc9a537cd00bda6da02,305ff2daa971fcadb472e3feb77de908d054991f8b635a64410c24728c5a131b,2dc33b53c9e25b59f5b66aaf9152f172aaaf4a6fcb8829c53cca71c95ee10e21,bc75e6ba05d41e16a2857810efd476e5a306dbd07568c82bdd03dae0ceb04a57,dcc9f18a3a9173ce6f8a8370835e3632337221161073f078d5f87b6ad908b272,b1ba8667984a002e5a82faaec595c938321a0c6127e068011419f6ab4b25d660,1142c840c8b86655714864d980b2dc70b2a1fe691c33b92661e02b575ffbe5ba,HMAC-SHA256-DEMO,AUDIT-2026-05-STEP3
209,7e5ba777e1c658822d205dd8,2026-05-28T17:48:00Z,REQ-000209,b6791729f7de52114f8f5aba,STATE_03_DIST_01_PS_01,aecc4eeab743055519b9afaa,escalate,ESCALATE_SEALED_RECORD_REVIEW_REQUIRED,P-2026-05-STEP2-ORACLE,019fb7b8a9888b736e71c6367ac780ddf6c201d26059afb9c792028ec00b75e7,e453824dffd9ac1d8d5c1b1dfc5fe900b295337792bd8ea5724767c52c6e39ab,bdb4591ac3ea020307aba3e296081402669fecc0c0ab9add2cdfc8fc3b734462,775c189dab23ed01daa03b4c0acff042f8f584367429690793647b6f806b6d95,8d922c1a329f892f9cfb53cabfad94633a21b3d08268e4c1ef725d13059d1311,b1ba8667984a002e5a82faaec595c938321a0c6127e068011419f6ab4b25d660,b52a591fd85c6b319e7ba9afc40802a6065167c3617c55bb718cb4b6fb845fbb,056476913c965603762b8c7dda8aaad498db2e2cc0c16d196182d75f39096fc4,HMAC-SHA256-DEMO,AUDIT-2026-05-STEP3
210,5e9dd27da424294ed9f2ae44,2026-05-29T04:30:00Z,REQ-000210,73518b37a439a4d90b18903d,STATE_02_DIST_01_PS_01,55503cf4baba214afaaf17a5,deny,DENY_INACTIVE_CREDENTIAL,P-2026-05-STEP2-ORACLE,0835d8a5fd221387e0897fe0e4cdd364a07fd41ccc57c0b166c47fb0f756fdb5,9757e29dbbfb7a80c66361fd75ea7f635c47ee168ccf4e8ba1241c8d9a712230,ea2bb658ca3cde1a769dd66a1917554ff80b003d90a8dac27ed74045dece9a2c,74bbd934aa334d25a31b0c197bc3cfdd9cc59d38e9a29c3528dbff73bf5a8cd7,dfb8bb33e90cca0a65c89766c0a41847e30704f6a00956e9f232a435152ce374,b52a591fd85c6b319e7ba9afc40802a6065167c3617c55bb718cb4b6fb845fbb,9051e2543726502fa566bbc2c33b127a58caf9d344bbdde872a7efdfff82c757,216a16f67465277661554ee1c51a014f183a0157c3319ad2b17635ec88988f7a,HMAC-SHA256-DEMO,AUDIT-2026-05-STEP3
211,a7a0b6cbfc0ae5df2c2f8451,2026-05-28T11:10:00Z,REQ-000211,17c3357ea795f04352db1db0,STATE_03_DIST_04_PS_01,e2ab6a19944224989c13a294,escalate,ESCALATE_PRIVACY_SENSITIVE_RECORD,P-2026-05-STEP2-ORACLE,3f908a61dcf60a94f795661d432171337449180483246fd86154a8e8def733b9,6eba26838ed61c1266d0a9901a365d61da3abc3ca567d8b8be87f8fa5b0213ad,2a09761a267148b8c49c342e028838e3b2ba1f90eb164238d9357ee666a7ed7e,b220e5e2a32e89a26783bd91f6e89f3c83aca424a85fe0a58966f9ca4f5c67d4,6a9ba4f91bf88ea9be463824925a9f42afa3bd27cf183e04cede2d3a669e3808,9051e2543726502fa566bbc2c33b127a58caf9d344bbdde872a7efdfff82c757,8916fb36eb2309b54324b6c97ace32352c11c04700cca277f8801c290033cfee,218e551b73a8a613618431a9a759b9e78205c60654d1053fe514acc0868c77ae,HMAC-SHA256-DEMO,AUDIT-2026-05-STEP3
212,4e0b6a588b22d54c9d7d8847,2026-05-29T08:32:00Z,REQ-000212,74d33cea72e21de2b8f5e545,STATE_03_DIST_01_PS_03,df2072e9cce45f58ab9712de,deny,DENY_STALE_CASE_ASSIGNMENT,P-2026-05-STEP2-ORACLE,8c095bc8d6a4b2a19836c006f44285f771490fdf271adfba341a8e4ed4220ba3,bb935944bfc2adae9693cbd5989e99e146e04c26b3fc7daa58216771299d548e,62021b6d2b88ae3c10a525177da4f8ae27a6ea16ee057543ba472db0689589fb,f5d79e01480e44ca4f02adf4d5b5680ffc67a01da83e514e4a16dc4198f1cd9d,d5b93080f53e2bb8e3bdbe71f33d73ec45654e9b2f5ee01935f026878c2479e7,8916fb36eb2309b54324b6c97ace32352c11c04700cca277f8801c290033cfee,3de9834b224ca56fc8bd1791d388f4ea9717d09a7629dc4c5404e82c58fda33b,79d113fad05a4c0c53181b52a34d0e699489474f02faa9817c041f169d413a0b,HMAC-SHA256-DEMO,AUDIT-2026-05-STEP3
213,6eb4e72b788c054e1ebab500,2026-05-28T18:36:00Z,REQ-000213,3cc947c5caadabb45a541b46,STATE_03_DIST_01_PS_03,8cd04623158a527d67db5be4,escalate,ESCALATE_SEALED_RECORD_REVIEW_REQUIRED,P-2026-05-STEP2-ORACLE,8511d963a23640d5bb78064765ccc837c3e6c13cedb4a6ef966b0215bd28ad03,b6d9c3f43cfd817068f429d968978f7a2200e29ed7e945a5dbfedc747181eeca,6906f7fc3fce4d720807f1ef41393a6a919f1ef35cd25a7ba3887a92789d2979,a93e7d851cb100dd1663bc6a9ad9d513866fd99e8039d3519c139a8342faffc6,46444123863bb18c8e00aabcce4574e0553e216afbb922ae70b89ea0f796f3d0,3de9834b224ca56fc8bd1791d388f4ea9717d09a7629dc4c5404e82c58fda33b,66fd13546ce19946a1fea37abbb3b2665c89d749e74836b37c5e24ebfe08ac7e,84b0b1f1cc63d2efae4a9263bb28415358848c58759314318849747791efaa42,HMAC-SHA256-DEMO,AUDIT-2026-05-STEP3
214,53e221ca630b3e6d01c4f263,2026-05-27T17:50:00Z,REQ-000214,43619f9291295cde078ede73,STATE_03_DIST_04_PS_02,2c24224a41485b2b9a03da20,escalate,ESCALATE_PRIVACY_SENSITIVE_RECORD,P-2026-05-STEP2-ORACLE,04799954c11e1f17d8d7c309f6c184cb6bf602bcb87b376038481353fd9c5463,e323510dc536667cf0196110e4e9d5c319ed9625d99540c0976cafb0d7558933,74863cdb70904ce33eab5de9628c3659225122eff2849be5c2621230508c1421,1e8fb78376c8493452c0989ab1294df09e72de983959a631c851acd2b747cb27,c921bb39c8e9c394788741a57bc21d7c240dd478059bf00723364f631a1e6eab,66fd13546ce19946a1fea37abbb3b2665c89d749e74836b37c5e24ebfe08ac7e,3deb17860bd3ced4b90668c027d0decb1d629c425736b0b62c3dad2914ad4a66,3a33860a7b81d94bdb5fc60050e9c0d6a25a8aead2e3f8ca46cdf69ec1ea634a,HMAC-SHA256-DEMO,AUDIT-2026-05-STEP3
215,af5cea9085b8677844bf4923,2026-05-27T07:10:00Z,REQ-000215,a07f98edb4eac55d9fa73ffe,STATE_02_DIST_04_PS_01,9a67ff28795c9b0a3b72e121,deny,DENY_STALE_CASE_ASSIGNMENT,P-2026-05-STEP2-ORACLE,248cb3c283b22ad54523551dd836610ed32d35afa23509c0fbb2243730a4051e,49a07647b059fd9976f17664be3eb6f0d169067ead7d2053be41df171013f039,0f235c5b877db7e53ac053e5e54549b2f0d5dfec70a4758a7afa578e20e8208b,aebc0c8c5a812b305e219cd20922b3cf6ab5fdf6f20e1f161f9bde8ee902dfd1,a9cf5c692a55c536afd145e522eadf8ae1d0ebcf227aa219ad8cc2a0fe1af5a6,3deb17860bd3ced4b90668c027d0decb1d629c425736b0b62c3dad2914ad4a66,75cd3c8513f26eb4ecda58da27b8fded7ae309653850bda8e66c40caff15c385,dd41e4dd25df82770b88921ea4ecf43c0c410de77c1b2d45d328a02b1cf8230c,HMAC-SHA256-DEMO,AUDIT-2026-05-STEP3
216,0d272143c49f557a473594c1,2026-05-28T01:12:00Z,REQ-000216,69527641f80b28a01bb229b7,STATE_01_DIST_03_PS_03,0fb3737ffbea66c7996ec849,escalate,ESCALATE_EMERGENCY_REVIEW_REQUIRED,P-2026-05-STEP2-ORACLE,951086d92f6118d6da059cc830e3822a9b237fed4ad8b7532c6ecf50d3000620,c324e25d4ffb2a5f6ad7e26519d970a40fcfb2522554b62f7c6736ade060f365,deaa11a09ae0feaf252a3c6ffe496ad037eccbc205567f15ba34f092b97a8fb0,81851c276b7812a61061f9331e96f6fe8aad3a06f58fc40b278128c9de895850,a249e51884470c147ff8122c764a3136d12d0747b62e140e7df11869b7b09e0b,75cd3c8513f26eb4ecda58da27b8fded7ae309653850bda8e66c40caff15c385,5858ffc2f6ad92ce9d8468994f7580409a4a8a0508202ae31dccf1d22e20a249,45915da55d883312beb42f3dd39d6e9024b870b0bdc034f2539ab1351b33fc09,HMAC-SHA256-DEMO,AUDIT-2026-05-STEP3
217,6dfb85767910729dee8bc00e,2026-05-29T09:52:00Z,REQ-000217,7dd10e346a2e773cbf9da071,STATE_03_DIST_04_PS_02,2ddaa1320a373931336701cf,deny,DENY_EXPIRED_APPROVAL_TOKEN,P-2026-05-STEP2-ORACLE,d230b6cd2b3e3fe66adc6f0a433e60c3cf46cbb9da5ae47c31d1731b6f99b2da,937f7067ece31e27ac641cf97b1839ccefbf5ed872eab1e6a2a6814c4719dcd0,9db03a75e4a0ddfab4cd68df579fc55ead29159ba4398a9f81de6530c4640c99,a74d3d7d72dcbc636443cd15edd59d42a4caad5ce74e7f6519fc7fe7725f4d1c,6b4f35f4b3fa2eb6d64be945e497e7423ce8f691cc48f5566ec8bbad1ecfc00e,5858ffc2f6ad92ce9d8468994f7580409a4a8a0508202ae31dccf1d22e20a249,97a5a44536de4abe4c777bd356e6373103953aa1b9239ca5845e7e7766aeef97,985486b4c8654120d74a724ab01f07a657075bbf46f0941b1e18a2c3489b4763,HMAC-SHA256-DEMO,AUDIT-2026-05-STEP3
218,b31be6a7076a609aa26d2957,2026-05-28T15:58:00Z,REQ-000218,5f299dc3f248e4c74232aab4,STATE_03_DIST_03_PS_01,8a6b763636cb267428784251,escalate,ESCALATE_EMERGENCY_REVIEW_REQUIRED,P-2026-05-STEP2-ORACLE,1c2670037283a126ab9bc536de017486b5cff3a2ceea8230197233f4eb4a4680,198967d32bd5fecb93b6edb07db73156ff3f258088af7636d780c77f2335b294,14361950d697bb9a0af199cda542213228ad03ebbc819d29d68b45c4d7497839,e9ddafbb158a6dfc005420eb90acc5b596ad1d2431f6e36074868fab5f00a713,3ad0c511fc571c4042997b0e6dd56300641ab5df24d41301c9722ddac1f36e9b,97a5a44536de4abe4c777bd356e6373103953aa1b9239ca5845e7e7766aeef97,c263bccb8f90f80919815fea5cc069f7e7a1fd03635a47f01e05666110b07452,0c3b5203434bef158826e0b71442efc810cd70741d5eb45812db3fb84ebbece3,HMAC-SHA256-DEMO,AUDIT-2026-05-STEP3
219,b5874e6bb9a5a5ffdfc98d3b,2026-05-27T18:15:00Z,REQ-000219,d3ba9e82379b9a1fa09b884a,STATE_01_DIST_04_PS_02,d94f39756f13edae41f5ef09,allow,ALLOW_ROUTINE_CONTEXTUAL_ACCESS,P-2026-05-STEP2-ORACLE,62f4174c2d0f3bfab022fa0a78d2d2df157dc5b2f96188888f00e90d6baf5558,0e551c1b263ba627d503f5a645115b91722d0ded88c77371bd963319399b96d4,41456b1b08b426e1bfe38520b0567ab21df29c3ea6e52ec39d47ac7996395b2e,14334fffc5ff450325b94c7e921a1c2a75d5f94f85814b7223bff93ced60ada7,a5bef4834e7d84eaaa5a61c585c20435eb87d380f71d51c79a4fcd8b7c478c1c,c263bccb8f90f80919815fea5cc069f7e7a1fd03635a47f01e05666110b07452,ca97d930b6b460b02b590a13de43570881489e9c1219734ef4b6ed739d487ec8,cf2f0b6c4fe2d51887b4fa599eb84ec57ab2954496db9aaded78dfbebe0f6255,HMAC-SHA256-DEMO,AUDIT-2026-05-STEP3
220,fde79272b6d090e151f9043a,2026-05-28T09:00:00Z,REQ-000220,0f7c12f84c6ccd771a655279,STATE_03_DIST_02_PS_03,1ae63c6c5896953b40aa34aa,deny,DENY_INACTIVE_CREDENTIAL,P-2026-05-STEP2-ORACLE,66053d35adde78fa6085db1f937173c8c62a5e386b957649a3a488c9fcc6800d,e7f11876933b68c66a9390fd89c0d797a3a6b46cce2aef7a7c853e12ee794069,59be5f12b2b6d062b6a4705bda6986686d97a97c9bfc2fe55568849ffd64341e,850c9804ea4576785cea92b18d0dc84027238bd4848b20e67a0dc3d93acfb7aa,4533af339d82a48354c5f63162734cb6c604550dbe7604899069c5bf42efe834,ca97d930b6b460b02b590a13de43570881489e9c1219734ef4b6ed739d487ec8,c54fc7de6bf8a3a3954ed7b046e682d88dece414946b719ddfc145b2e07f5d22,bffc8e9b30ac2348708be25d7fecdb59360f81327259cb5db5afdc1d3137855f,HMAC-SHA256-DEMO,AUDIT-2026-05-STEP3
221,7ab946289a26d1214bcc6bca,2026-05-27T14:44:00Z,REQ-000221,d3ba9e82379b9a1fa09b884a,STATE_01_DIST_04_PS_02,10ab373cd6bb33aba4e71b3e,escalate,ESCALATE_PRIVACY_SENSITIVE_RECORD,P-2026-05-STEP2-ORACLE,49a1645896d1e4ccc6ab395184d78e13a2f5aa44c1e056a60f81453e9fe043b6,31e1386e2ddf331b7e6913fbdf8acc39a610b1dea11a37e5f4f4670c6e52a86f,bdc912aaad7b1dc76a4af2cb70ae4660f6ea614135725c5defce2e1660f6bd39,1b33a55a793b4025ce642f4714dc075165c5d6115f9346be0b25cf1f1744b16a,26c5cde712ba3e3f19934d22b4a1a295dbd13c3aa594a0ff7448c96352844c1c,c54fc7de6bf8a3a3954ed7b046e682d88dece414946b719ddfc145b2e07f5d22,00af280a499b73d8db282a7c58407512afe3d72cb855196d29df2ff227d42473,8a156e520a2b72a1a69371e844847460563b129841ece2e5eb26a75ebe409567,HMAC-SHA256-DEMO,AUDIT-2026-05-STEP3
222,8965da32afe00bbc83889cea,2026-05-28T09:18:00Z,REQ-000222,86b6682cd665b74e9695ec29,STATE_01_DIST_01_PS_02,ab08e3d48cf6370ef4f838ad,allow,ALLOW_ROUTINE_CONTEXTUAL_ACCESS,P-2026-05-STEP2-ORACLE,8dbefe539bef5d1d35d56d75ef98f532cf1ce4886e57a871029d626882849aec,9a57918a9a2c1cd5ff62eca181c6b4370933009798e8a3b7ab2fb7e22cf40b8a,331f19e55503b44ee3e062be5008d7136d3bf6b179cc1f0ad094b1db1a4c1877,7b11f0db781581f4bc32718c3b594d539d6160e10240aca12e21704b2bc91b1e,bb51bbf8a07890c2319ac2a81f63d32e411e20c63d1c60c353e40c0ae67bb1a9,00af280a499b73d8db282a7c58407512afe3d72cb855196d29df2ff227d42473,82214f09e97612c890fecb6e70c2ec6f47ae26109f9dc86f681c283bc2f6cc55,851fa2a320373dc16d0605ede40c456627fe7d7e5583e5db378f30348def31d4,HMAC-SHA256-DEMO,AUDIT-2026-05-STEP3
223,16eb9cd27041067d5b12139c,2026-05-28T16:53:00Z,REQ-000223,81f27590363500d418d0fc7b,STATE_02_DIST_04_PS_02,0fb3737ffbea66c7996ec849,escalate,ESCALATE_PRIVACY_SENSITIVE_RECORD,P-2026-05-STEP2-ORACLE,68c62c0a27d0353bba9539ceea0368e5e1ee0d66ebd8d65d47e274bae3dfc848,7c156196607724fd28355c5d990c9dc6ab64bce8fed30c9f5d542927cd8d0671,96c1fa4a63767a3e5f45207003abe8c2906d010dd7c607c0392a9428665f7a9b,9527578a559a7d4d97fbe55cdd9fa9aabf4e7777c3a4f82c95b0c4996679dddd,989f981055ee00924c7d9810695c9bbe074151ba045e8fc90ae84f9a2c635441,82214f09e97612c890fecb6e70c2ec6f47ae26109f9dc86f681c283bc2f6cc55,f0ff2434835b541c81212092a43cdd604d60ca40c635af2040d212de8164846f,bdf59c4bee3470320d610556075a073cef20c55a42bb57099e9962bda8635bf3,HMAC-SHA256-DEMO,AUDIT-2026-05-STEP3
224,1fd499dceba0b9dd69d1d96b,2026-05-28T13:20:00Z,REQ-000224,c424bf9aa5cd573d3066b2f0,STATE_01_DIST_03_PS_01,b1cba9b450fb8d5bb630c5a5,escalate,ESCALATE_CROSS_JURISDICTION_SENSITIVE_RECORD,P-2026-05-STEP2-ORACLE,3aed752de5c6460405b00ec8f4b55d66c0486bb3e5937e29e146310cce4e2e31,30cef2948f7b3038abf737ca326628335bf8a5bc8a1e1d5d4b0514cc42ffc1c2,774106d95d9ab088da6bed771c604b9a72083dd85299d10178ae1e95c37249e3,ae227441a7203bf619b57e9088271568910d1a39b1e19f1f45d6e6aa9989a742,b6807bb58411cf7a350bd504fe2e5b7f03d388a468efd0c3e65ca5402058df17,f0ff2434835b541c81212092a43cdd604d60ca40c635af2040d212de8164846f,00a05a34afdfa66be452745ca2379ea00cfda49a2f86de955ed55f1cadce0729,6bdfc909dc7dff7436d0411bb4b09c9d10755853ce83018b10b34881a10a1962,HMAC-SHA256-DEMO,AUDIT-2026-05-STEP3
225,4a3a0054d44bb928579579fd,2026-05-29T08:15:00Z,REQ-000225,86505bfb457a23f7a0108287,STATE_01_DIST_01_PS_03,2ba4339d45b004134829f8df,deny,DENY_STALE_CASE_ASSIGNMENT,P-2026-05-STEP2-ORACLE,adf124ec8127d4d5834e69dfaaea3ec8e869ebce5992edb5c32d26fd3fedf272,c08e5577de91b678862fd22a209230f6c49e6db494bfadccfbbd35435bf2b574,55d3c6f76e5ba4429da325ff0aef75af6608751819aec017fb7634471b29f044,8e91f1ea1967ea8354476340787deeeb5386882055d87b288a87927a8ccab7fc,d5954059506609aabeb92a7d63b59918739ff9ee166c1c45f19861c464aee8cd,00a05a34afdfa66be452745ca2379ea00cfda49a2f86de955ed55f1cadce0729,e301c09bf3244a24659ad4dab660ebe38bb29217c235117f453f7153453daa71,e3951ede4bd7d9bb8a81ec8234f4986dc36bc1c370eee2b0c6cff30d9241598a,HMAC-SHA256-DEMO,AUDIT-2026-05-STEP3
226,4cdeec1971415484f80edbce,2026-05-28T09:54:00Z,REQ-000226,6adbebf965a8665f8e3dd8db,STATE_03_DIST_04_PS_01,52069d243f6adcab391e83cc,deny,DENY_INACTIVE_CREDENTIAL,P-2026-05-STEP2-ORACLE,cc3df88c6db32241e8e566d19394ba4f8eb80703c923d5be3b572b6037accf9c,9a3e8ede483e327f924418152562da6cee1c8b346b284fc0c094b3e9515ec79c,4a2d8f14e237d77df4bf44a4ea728338ac7f1482d9df2320889de823c28838d7,c1494e7cb22ebb0a9fc10d56c184a72eb5833d07e25abf0b72e193c3902b220a,a0a3f05932146000a4a1ea44b8f007cb71c684281ff64e6af63aed04c43148a0,e301c09bf3244a24659ad4dab660ebe38bb29217c235117f453f7153453daa71,56d6420c976bb0b1350bb9179d78c399f778be856c53dcbcb37f112d0f719835,47d4e8e2e3e9c1d18d9058434fc833327a95aaf861f839119996e0975f87eb09,HMAC-SHA256-DEMO,AUDIT-2026-05-STEP3
227,4e35736fd9d561f7f8a1eb52,2026-05-29T12:32:00Z,REQ-000227,0cef9a18606529b664cb0b3f,STATE_02_DIST_03_PS_03,9f2756d9a164d273be443708,escalate,ESCALATE_EMERGENCY_REVIEW_REQUIRED,P-2026-05-STEP2-ORACLE,ef4553abdc1603b0492759bec0d285bbe1f5178c61f5dbb726bdac3820aad827,133ca26742d5e0993a7880c4127b52daf06a8e11d5c044fa1a2cb441a336b9fd,05d2f5a634aaa0854ae18d7299152b907b0dae8ddf9c0e60adbe03fb0cd7cba4,88834241138b3b52b6ff0a77e5ea5db582f39208d2a12cec264cacce74060e38,4997fd2165643a921fb6f05b91b3e137cab14cea841321f6d13307a8ab617498,56d6420c976bb0b1350bb9179d78c399f778be856c53dcbcb37f112d0f719835,806a2a90e7a3b4624d278a2bbf96c539d35b3f8c787334dddb85846ac7f41c32,eb7620e73dffc51a17dff5e2494e4039cf8017b20189b8fd42417cd8a8f9b7e7,HMAC-SHA256-DEMO,AUDIT-2026-05-STEP3
228,260c38a859692dafc02c5592,2026-05-28T17:48:00Z,REQ-000228,fe341f3994ddbba307367393,STATE_03_DIST_03_PS_01,72dd84998fce687b117e7ec0,deny,DENY_EXPIRED_APPROVAL_TOKEN,P-2026-05-STEP2-ORACLE,ae3228e0d6fde90eb86416e7c1a7c59e00abd0d58caa92ce042378c3ed96ce27,1d17943b515e9466febb399d13a537d02b4c09a1a861e30985e841d11c75e22a,1f6d031b92c218b97243276d9f79aa92d3b744daa4d55d3eb589a4702148a284,5938a654e37657bae08c3b6742f88defaa344c6f15fed780b79a861e50db7c19,197bb18efd0ba8d506b88c9c41687eb5c1e38388a3502fac01a70dda6a5f004e,806a2a90e7a3b4624d278a2bbf96c539d35b3f8c787334dddb85846ac7f41c32,04696b6e6a6a1d7464c3400f9db79ed9e4f87605e1cac60b4e169d9682b64c32,83498edd96227dfbcf7d252b61883f9f31ac81c346a4a83ea4f0bee5298bab5d,HMAC-SHA256-DEMO,AUDIT-2026-05-STEP3
229,1039526d9647bae30e6c4092,2026-05-29T05:26:00Z,REQ-000229,8ec325482a0f9259719128c5,STATE_02_DIST_02_PS_02,b4476e72e12a7120e87a4bfb,deny,DENY_INACTIVE_CREDENTIAL,P-2026-05-STEP2-ORACLE,ad9d7f6b9cc3e389975ccae8e616fdc6437e782f77ee4e7efe9b586d3feeb46d,0f8a23bdc37c660851ccd9df1a4a6aa290477893f5ad76abba703e3c52fe1298,cbd6a0d20b89164870d84c2ecedc08c6dbd89bbfb29c113d7a63910849bf0ad3,3c4f67967af6accde9ce628489f743c5a003eb2c75da98b3c60dd0f4da21142c,990d42bdaf2ed4e6a8ff0b27e78b5edbe1aee31df539f2b88964dbb029eaba9e,04696b6e6a6a1d7464c3400f9db79ed9e4f87605e1cac60b4e169d9682b64c32,3bc25ea2df51157a99f6e4a5e4a85a2db68bc72c313df811731e6e9a21740004,ec342f05c2c184d09dc02f12c00a78cc8fce5a2e8d9d3f7cc886b9b49064afe4,HMAC-SHA256-DEMO,AUDIT-2026-05-STEP3
230,fb14e8f0148b979aba4c19f0,2026-05-29T17:10:00Z,REQ-000230,2be0332c4385b770ea00150b,STATE_01_DIST_01_PS_02,f34566a66a686c1db1f13e6c,escalate,ESCALATE_PRIVACY_SENSITIVE_RECORD,P-2026-05-STEP2-ORACLE,d7a8018f56e9aa78ad53c12a0690a1fa6ba1528d25acae074180fb5e1a828ac4,43a8ec5bcd81f8fc91d5d3bfa69e03018dc21942aa44d014e2dc6735df259cad,82ad3676ab9a5697b49ad297ce8772c34e9091d0544534ae3bf3c8487f68f681,8ef4a5af94e856b774fb5386bb7edc1b63a7d84484a62d44c33fe90c236e0244,0409edfddcae863a0eee7b3e01b39a124f1b895b18a86e3513e2c10494301395,3bc25ea2df51157a99f6e4a5e4a85a2db68bc72c313df811731e6e9a21740004,22a94211b89df6d04779cfb427923a0d379927f147713fd39c2940bca4c7d35a,d3f4f62115623def6618a555d6d50b7a88092b604e186b2fefba569a943fb686,HMAC-SHA256-DEMO,AUDIT-2026-05-STEP3
231,53813a237a584f03480b1406,2026-05-28T22:12:00Z,REQ-000231,05c87980613cb5db42b892f9,STATE_02_DIST_04_PS_03,8a3a2306312e0f1c773316f1,allow,ALLOW_ROUTINE_CONTEXTUAL_ACCESS,P-2026-05-STEP2-ORACLE,684b166dd498e7e6e0b2da1d78d616b07d1de179fdfd6255ea497ecef77ef459,92ddeafbc055f0b15a656b6ee5aead932cd1ce59b3ccc860e4cc31c6ee60965f,818f5fe25d95a02b9f96fcd0eb2139d7407ff888cb6042d8bb0915424cc38748,17f62ef42b30d717f868c876f06866d5555658e9871dac92ff4a082e5a1cf0c5,37ab36d406334ff841f2e3de2c0cf2855208de8f8a9582026a1e472a4f9a4bac,22a94211b89df6d04779cfb427923a0d379927f147713fd39c2940bca4c7d35a,01149453eb2c4d485a2a4f19df9f9ca8f6fca0f41e22901f5e4c3557eb8d0bd6,63cde38f5e6b62be2347f428c1e1b90402939adb17dac35d14890f40f4aad8d8,HMAC-SHA256-DEMO,AUDIT-2026-05-STEP3
232,8df026e6bd4cfa0968f626df,2026-05-29T02:16:00Z,REQ-000232,90e9de18363ee212ab55f392,STATE_02_DIST_01_PS_01,ca211788ec4162bcf6922ba1,deny,DENY_EXPIRED_APPROVAL_TOKEN,P-2026-05-STEP2-ORACLE,d8df0c7a939e326cc426f9861355a44b9e180e7e29bb10f0f6b6b3cf9fabce71,bac04dfd7190398317c3f9fc3cf87892484c24cee7bc7b62b71a49292fe9eecf,6827d0fd30146ecad08b299abe0a8640f03be6301fab3515c32dc390bce49d07,7a76e2c7d29eb7fa7bcf7d8e3e039c5988b26419692405d5a6707cf8fa489fb3,d48ee50bbb2a3f6f4993ef1b3fd696fcbe54b2538847d2f12ee34063f8b21a47,01149453eb2c4d485a2a4f19df9f9ca8f6fca0f41e22901f5e4c3557eb8d0bd6,4bb7c066495198a48d8ed4964a0188e47037d73372cffb7f0b307f11f8cdc0ec,64d04ef3487289dc63d1668520c443c946108020bfe5444b4f9a0ce57824ee51,HMAC-SHA256-DEMO,AUDIT-2026-05-STEP3
233,1bf1b26c0ff1a549787a4b9f,2026-05-27T19:25:00Z,REQ-000233,22d2f79089811df3a4aeb9a5,STATE_03_DIST_04_PS_01,92872ffb7c6c9c30fc3afc0f,deny,DENY_STALE_CASE_ASSIGNMENT,P-2026-05-STEP2-ORACLE,3afe80dc01fe90bd3ba898ba5fb38f90812a569833cee0a067416eebfd29ca55,4b397d3167be37126b91bceaede5b2ae9de77b9614fb35c1ae59c98720ea8993,0911dda87fafef9e62783e56102253f9068fcbc4bcfb26c741719f177feae5d3,8a1edc4839b66cb77cde35f5c3438d6da4262ad29a1ed65e5cf9f7a4a76751af,2e411f332294f00547edd4054874b868b5778d94311ebe47b523e0d1e7f32a3e,4bb7c066495198a48d8ed4964a0188e47037d73372cffb7f0b307f11f8cdc0ec,af181f6e0ddda20dbe1edcc219a175617cf1eab0608ea8cfd6e25538f49b2191,79ee1a944cb4f8379c45f42d1fe5296bd8e015e0d732756f8b4111b676d66b89,HMAC-SHA256-DEMO,AUDIT-2026-05-STEP3
234,bfc58b577210135101c19d93,2026-05-27T07:48:00Z,REQ-000234,22d2f79089811df3a4aeb9a5,STATE_03_DIST_04_PS_01,7ac6a8505413a1abfe9c2c38,escalate,ESCALATE_PRIVACY_SENSITIVE_RECORD,P-2026-05-STEP2-ORACLE,fbf7a38233f6f2dd65414e38f6f70db0ad4ae5ddbe441c0b525dc6eae8e3773e,567f2650b3e3d1c52e37c3eab298db84b6e9291245a1581c604a72878bc6745d,101a09d09d039496de03eaca4fba3686b5dc2f9ad4afeb71537ab9725c4178de,cd2f9a510161ac124f563e3edd3f6cdfde8c0d81c5e17bf279e52f5502c58270,cd9c442298ad930588c7ea0d4776018d2245b8bafbec32b603d03036972d780d,af181f6e0ddda20dbe1edcc219a175617cf1eab0608ea8cfd6e25538f49b2191,0482d46835d3af5579ee0ad32f225b1f8b0fc744cff97f4576a46a33367d8d82,1253d6a06ebcce2e4eeae3b6ae914131d71c10e86651866d83065eb4eec12145,HMAC-SHA256-DEMO,AUDIT-2026-05-STEP3
235,8a538aa9e1a4efa1d2440898,2026-05-29T02:55:00Z,REQ-000235,030fbe8b71b501096276a8ab,STATE_03_DIST_03_PS_03,95ee8d5d62c6fbce3b7000ee,deny,DENY_SEALED_RECORD_WITHOUT_COURT_CONTEXT,P-2026-05-STEP2-ORACLE,53ed43398e14ec1605dc2344e9f79f45065be43c5ddf313efcd48d61848a8de0,9960bf0eed840a0f4520372d3ce8099a4171c92f3974e5ec82b87918e9693121,20c6497949ef0b09a508f117e409936617444268ec809f70f2c0782f9f48fe17,c4b89caaea5013427096e26f49173055369d894e5c3581589c0db371065ef261,03e016950fc6fa6820cca9003a72592263ddb0fd780b7abf4acb9ad7dc1841e2,0482d46835d3af5579ee0ad32f225b1f8b0fc744cff97f4576a46a33367d8d82,98659d7310d37361a59301766e25fe456910f719d042fcbbb7f2219dccb60703,e174f89ae75fc262cf84e269c56883c6c814f779e1e65642e7ce3799f5f617af,HMAC-SHA256-DEMO,AUDIT-2026-05-STEP3
236,a77bae5d1e2e5c9139940452,2026-05-28T11:24:00Z,REQ-000236,90740f6d12084e4c579f3454,STATE_02_DIST_03_PS_02,db6a2cf39ae4810f63b6b02e,deny,DENY_INACTIVE_CREDENTIAL,P-2026-05-STEP2-ORACLE,b0bae2d8e42cd104ce5d2438826cdc897320a2c30029676a5e7cb26376287a22,c4adcf87fa949cb9a44caf4702cfbc728234057176071d9032945b4cb602ed44,10005d9b7a88a07cc695357721b63eaa5bc4df93600b40187f685154b9d80015,14711d27c53d06fa7fbe91088c7bde9d3e632a4fd03281ea64b9b64b6b263fcb,477c7f5dab0316c74a9c68a83b664ff77b1fe39192b921c3e8a6601452204e27,98659d7310d37361a59301766e25fe456910f719d042fcbbb7f2219dccb60703,9f2e9ba5946c8d9f62751f45fcb64e418e2e24992b6b9265a7046c62b1f73287,7f72e6890ac8514402d98ed42edca4aa9128920f3163ee901265704dbc8c21a2,HMAC-SHA256-DEMO,AUDIT-2026-05-STEP3
237,5a2c39b869d46a741138cf85,2026-05-28T07:36:00Z,REQ-000237,1086c897162d91ce96d22b8e,STATE_02_DIST_03_PS_02,9628ec353c72a2aa57abba92,allow,ALLOW_ROUTINE_CONTEXTUAL_ACCESS,P-2026-05-STEP2-ORACLE,f41bbd4202b3396a0f1938d4a68ab3287104ccf632acdd1604c3e3701265e440,0bfbf7adec43be82fe1e59fe4fb1e0b8e4353d844be8686961ac53e0cdb39e1d,1ccf70e796022e9e158cc0c8ad309b5c7bce51461481c577e7f65db4ea0350c3,eaab56d02322a5a12aeebced6f029ba70f063b0b91cd40ace0c4ed1698603632,9a11c7f65a79c8eb046fd977530dfbbddf00e3dd3ea3bcec53b0c770de350513,9f2e9ba5946c8d9f62751f45fcb64e418e2e24992b6b9265a7046c62b1f73287,b94aa4d9bf315b9d46d37705f7519510439cc6e6c33543f722f3f6fc4a2cf979,22970bb0931cf962d09fa6ca8dd8b1b2f6669455095bcfdebcb27a8b3ff46160,HMAC-SHA256-DEMO,AUDIT-2026-05-STEP3
238,585842b5dbc990052959a616,2026-05-29T19:26:00Z,REQ-000238,bacbc9ea0ca5c88caca1fb35,STATE_03_DIST_01_PS_01,673ba424a3a4663dda643f8d,deny,DENY_SENSITIVE_UPDATE_WITH_LOW_RANK,P-2026-05-STEP2-ORACLE,78b822427908c5e8cfa4541356ddd260732feefd2d535f5ebc389bf63465604c,842dbe0db2b8e421e4d6cb01639eccb1d0930fe148e6c1d6486374ae5256ebdb,95bf5d5c356e745795b8f6d52d2f3c8bee677053ad72afbc274681837752c8df,39c77b51e2679ce0c70fb81aefb1e4395674395014c596812441e0d36ad84369,59c9936143544f39966506d9cafd00d76b4e9c3b0835367da7c818399262e5c0,b94aa4d9bf315b9d46d37705f7519510439cc6e6c33543f722f3f6fc4a2cf979,d83e688db30270b98714a4269efbb2cc574de51bf79521ddc269fef0161773b1,71a5b574d55674a9a24b0a7d1fa1d4ce32ea0b20a3ca5c2188d870365d5bd027,HMAC-SHA256-DEMO,AUDIT-2026-05-STEP3
239,d910eb35d8f1239b80ccdc5c,2026-05-29T07:46:00Z,REQ-000239,e432fb8e9e7dd060765bcd20,STATE_02_DIST_01_PS_02,206ecfa615baf8d96316ecca,deny,DENY_STALE_CASE_ASSIGNMENT,P-2026-05-STEP2-ORACLE,46460288ec58440ee60eccb2af6617cddcc764412471f1150e5cd02172eaf0eb,1a631fdfbe08b5c8726ea54d3a7e5eb54e2270f2e6f5def50d42bc0febf99cce,98b6e3ba47d37fc406f814e7276f7365f6cc365c521f9e12a187deb5fe177652,ffe03d602f6460b41ef56abfce3ec175114bcfbfccb26dc22e48fe2be09dcdb9,f3d859da80e30fd9e5a5ac76b19c417e16aa3a305304e2ad98726288a98055e0,d83e688db30270b98714a4269efbb2cc574de51bf79521ddc269fef0161773b1,afb2ced2ada794b29b0e558b09dc8dc3a5808477a7f9670ef40fe28136248388,6e1b83c370f2021f018bc169f6a6289a2f2acfd4dfc8f17b0a80c88da53ff438,HMAC-SHA256-DEMO,AUDIT-2026-05-STEP3
240,d3bd4397262604f2d1e903ca,2026-05-29T04:00:00Z,REQ-000240,eff0953046ce4a5fb1d8ee91,STATE_03_DIST_02_PS_03,e11cd5a6c9ec9e77c31803ca,escalate,ESCALATE_CROSS_JURISDICTION_SENSITIVE_RECORD,P-2026-05-STEP2-ORACLE,79fa39fb2c75400a7fe2081d45ba52541749d41840bcf082f4f82c0527da30f5,387e7c0f286d3e23193654711f1592134c4471657fa6618546cccb0cd01cf9ef,2c3f482e8db0dcae04f1195bf0bc320465a75de03f5ab9f0ae7f4a64344eddf4,fb8faf6a403b42afa38398fc22dd96d4b7436cfdb140fbaa1ae2b5b5fcc09de4,bfee112cdd492131c5e92032c360f8e23d36247372d98d42c41b7d30781182be,afb2ced2ada794b29b0e558b09dc8dc3a5808477a7f9670ef40fe28136248388,8a571d3a89270b0477018796e40ce20d9ecbb99cd74ca299123d58a5eff94c4c,8ef201dd65c5d67dcaa947342827199c9122718f96c1b45c2ef2aa146550c3cc,HMAC-SHA256-DEMO,AUDIT-2026-05-STEP3
241,754e40c9fddea1bce77646dc,2026-05-28T08:08:00Z,REQ-000241,6adbebf965a8665f8e3dd8db,STATE_03_DIST_04_PS_01,ade265794cead86e3a593cc9,deny,DENY_INACTIVE_CREDENTIAL,P-2026-05-STEP2-ORACLE,91a6346bb0750775e3575965c235bfca9aca60ca0d7ffd3e97811f070db9925b,5150b1fe0730b6dfbf59b06c7c6357451a62c8e945997f7115b70af47d091cc8,167c7aa66699a690d64e60e1a29a388e87303878804e0ae9fdc6de521071fceb,9c8a9e714d92a9952990cdd7a1c8b0d40dcad7d29cc59548e7a23e1784f47746,ba89632d0c3a35a4fed99a1fd1c7ad517033905c7ca89d1e72d105fc07ca5847,8a571d3a89270b0477018796e40ce20d9ecbb99cd74ca299123d58a5eff94c4c,69a466a4fe40a67ff7021b7e0ccae6dcacec51e2d5671a05af277b4af63b0fdb,be064bc5bc7d2d4320cc27cc2a54ab7b2a160f50fc34ffe1db09047312010b10,HMAC-SHA256-DEMO,AUDIT-2026-05-STEP3
242,01abab4489f355ce89541554,2026-05-28T00:12:00Z,REQ-000242,ed345e57c83b3d1c5b2c2660,STATE_03_DIST_04_PS_01,71f432c3cd7c3375e794a73c,escalate,ESCALATE_CONTEXTUAL_REVIEW_REQUIRED,P-2026-05-STEP2-ORACLE,5ac05ea88031346aad44b30a579a57ac22697e7b2fd9c1aee8a4cd0e52ccc316,af713596046b74124ad5f7fe851e73ec37836185188375ca60a185c07385c41f,34f85f768e126532df1a48dbf127b11c44912b4d841074300a1f2ae56e6083eb,876c41315e2cf9aadc8a7cd25b86ebb65ebb0a01fe5ff1330a28d2b4fcbdc3bb,f85a8ec3ffd0e133385dd63ba2f5c40397e280f648123d1f9be870335fb46891,69a466a4fe40a67ff7021b7e0ccae6dcacec51e2d5671a05af277b4af63b0fdb,daf2ccc570e56f8a158815fa0199d1a27cf4857ef2314f72961225b0caa848e2,18a59fb9496f6a3a97419bc17c6fbc74448f68c2b573e2dfff3aa7c0a34e6aea,HMAC-SHA256-DEMO,AUDIT-2026-05-STEP3
243,f1a796f34b0195c1fc004e87,2026-05-29T16:48:00Z,REQ-000243,1df1233ec54fa0732a43c292,STATE_01_DIST_03_PS_02,c6e09784d51abbf2b3753b68,escalate,ESCALATE_EMERGENCY_REVIEW_REQUIRED,P-2026-05-STEP2-ORACLE,e1095c323563f27ac44a112ecad1b1e5a22e2229ec7bbeb37cecd3514eb1e978,47f1577ccfc5c01a43c73b91e715c1f3febd92c0d7daa94ef022d6e65859cd74,f5608e3dc252e8edfaefaa880b0c7f5daa0bc9a7d5768b3633dfe71df759da37,032548616ec785b8e94eaaf03cd7b390dd6ad1f8bd5cfc064fc298ff964dcc8c,c8c5f93ded7a3b9e4bdd7eb2ed2d7749fc479beef47b5ebedb7a1ce21741d24b,daf2ccc570e56f8a158815fa0199d1a27cf4857ef2314f72961225b0caa848e2,882bb3e4b304f08d220e7adc70171a9fababf9f47a1b615163daa0c4280a2b14,b8b7f1f0f03051b13d579eba225e6fc8c46af4ec7c1c3fa788afac7117f1eae6,HMAC-SHA256-DEMO,AUDIT-2026-05-STEP3
244,eca1f3105505110a630b998e,2026-05-27T08:08:00Z,REQ-000244,0f7c12f84c6ccd771a655279,STATE_03_DIST_02_PS_03,b29b01f14568ba1dcdc4e111,deny,DENY_INACTIVE_CREDENTIAL,P-2026-05-STEP2-ORACLE,6e94a38876f2c3c4e9084231de40e415db4cb6b3b9c680bd50f0f4c37e635056,95e3d6e31ae288783b55840fddcc86352e5784428d552de337eeb46a6e2bce8a,fb02bb208d64d4ab06cff602793b6e42182dabee9a46f0a625aba292b87791d1,0479eeb96c0f10ce89e176b76b79c80d186d2456745d620b7efc128e8cf22f49,e2bacbe20c304552b0ff2e564686c9489606515554099ae963c95504a597c15c,882bb3e4b304f08d220e7adc70171a9fababf9f47a1b615163daa0c4280a2b14,264a846ffafce5dbbd6758576f2280a944675b46a8e38b6817f7a4a3c4dc220f,7aa7f4ecae8f4a03987cad110b7bb614bc68d67d956f5a5e86be3a0d114fc110,HMAC-SHA256-DEMO,AUDIT-2026-05-STEP3
245,3b36da2c9d1ba079910d31f8,2026-05-29T13:15:00Z,REQ-000245,1abb810c99dd60558b095f4d,STATE_02_DIST_02_PS_03,baf10ec9465354fe201f4e39,deny,DENY_EXPIRED_APPROVAL_TOKEN,P-2026-05-STEP2-ORACLE,6d42e4d815f5e40f8e45d6c70dce4928bfb7156d181dab249d566f46dc7cc7a8,72793a69090e455a64306cc90a2cccaa87447c38050b614925b91e760489eb86,e15643ff68e2d71fcb456fb1a2f294355af38221a12007da8631ac94d74e3a10,7c67a7fbdbb3250b0ee0245e112346bb3f7f06daf360a8dfc83c58f83cba5151,c46cd14071899a80754784f0162e8177dc6f50e95adb85986973d99db7cfd899,264a846ffafce5dbbd6758576f2280a944675b46a8e38b6817f7a4a3c4dc220f,2175cf848cb37a7c3b2ecab4a4284a59d95326512ee37c93d5df61ca85c7097e,fa58f74fa4399d8d70285a10a99587d02988b2661d062d7bf7038e0e98eea23f,HMAC-SHA256-DEMO,AUDIT-2026-05-STEP3
246,97708334761d17d7aa3dde64,2026-05-28T00:36:00Z,REQ-000246,6b0d84a1d858aa1335aacb1b,STATE_01_DIST_01_PS_02,7e2aedceb6118ffd11b5c74d,deny,DENY_STALE_CASE_ASSIGNMENT,P-2026-05-STEP2-ORACLE,5d8f3c9e1d9a906e94add0f6beb6c9dc358fde11b4571ee6387aca29e669740d,20f12ced8fa033a2b043965a118f7b3970e65c78adfab6a8d3589efc9a9b25e3,a0e596e43dc0bd7fa5e9687b7883285705ec22c7dbc0730bfc23b83a198de7c4,98f4de6ba14ec77adac8baa38b5af006fc63ae014f29f5a61afc21768f695c23,6420e7e2f45364a90b3351d82b8a89eb6c683e3a972c98d5d6ae0e1361d99bdb,2175cf848cb37a7c3b2ecab4a4284a59d95326512ee37c93d5df61ca85c7097e,445f271d420ffee41070bb4046118fc2ad6d83d4517ab3a7136faad135006112,9cf2c5b61af9eae81b73ef2c38d86fdb6660ee9e27588630a5fc52ecf43ed257,HMAC-SHA256-DEMO,AUDIT-2026-05-STEP3
247,3ec77b33d9d569c4b752cc26,2026-05-29T13:45:00Z,REQ-000247,0c912fab59a9f46b26c259dd,STATE_03_DIST_03_PS_02,6db7c5075e1c51bf79a23ffe,deny,DENY_EXPIRED_APPROVAL_TOKEN,P-2026-05-STEP2-ORACLE,70348584a379f42677daa3292271bdf7c074dc9779f09dc83e66cf6913dca232,3b92a2664d0bb6ad820046682c6d4cd831643800017a831a52fe2754049e8bd0,92fb860622ba26b3a5fd9ce8cfe546a65fdd92ec3b87b301d8f0dc982124edb9,4994ce095a4b141cbf11e00b9ccd1c8f366c70f9e90ae0e6f7f29146f0abc450,4301e547635b861eff6ecf1c7b2cf852e9375899640f38c211acb4bf10c3f3d9,445f271d420ffee41070bb4046118fc2ad6d83d4517ab3a7136faad135006112,b5ae303119fe5d69a79b9971d1335b3b24d7cda7b2da6ca8a318e23a65e0c594,6032534711cef36abd18eaee87c8f6a6845a438f00a71e86e019fcde81bfc029,HMAC-SHA256-DEMO,AUDIT-2026-05-STEP3
248,fb0642db93bb62ac99d174b5,2026-05-28T21:28:00Z,REQ-000248,95ff51d542090c1b60accce5,STATE_01_DIST_02_PS_01,f6dc1c49d5353e8c0fc3271b,escalate,ESCALATE_CROSS_JURISDICTION_SENSITIVE_RECORD,P-2026-05-STEP2-ORACLE,064d0b4c95782dda68b2810c7c691321e5a35219c7f9e094d3fb1d623b5bf722,614c7346b9a336a7b447321803559c95086f05670cdfdb69faf8ee7d2d2b5413,c13c34cf36b9ded3c2c3eb4f95cee904804a32e999bd0202d3e506bbec4af915,6268df7b4d4335d99988f626a759636090fc6ae5b638a3aaca795d958e9afa47,f919c4d166d19807977ffb043c4db0c9aed7a8762a1faa993930c515b41caf61,b5ae303119fe5d69a79b9971d1335b3b24d7cda7b2da6ca8a318e23a65e0c594,61cb3caf9335ad1460d77d81cc8b33fe4e9baaf0d1e0e227d335a241bf8f44d2,b9779cc4dd507f4ec1d6260bc350b706c2af711bb5feb8a7a883c96f290ed999,HMAC-SHA256-DEMO,AUDIT-2026-05-STEP3
249,c5d588a8594ba70671470d1f,2026-05-28T13:21:00Z,REQ-000249,0333fdd2d35c528a38a1dbe4,STATE_02_DIST_04_PS_03,6286f9bfeeaa6f51551b41ff,escalate,ESCALATE_PRIVACY_SENSITIVE_RECORD,P-2026-05-STEP2-ORACLE,7be1fca125df8160ae9955717f5845343f68174e6a9b2572b5653120b895c46a,ca5ecd892df79dae65ac3bcb4c2ff31c906cab036597afbe26a2cd187560dbf6,30eaaea9cbd94294cc2527aebfb759efa0fdcd22937652663f9e8596179ae450,c3575fd920daa3b7940fb1c9d42573fd62d0531a89420fa2bfb1eaeb425498a1,1774dd53fbc964e4bf21db9c0d81a80d3d85e64f9c8494632568eee49f28db2e,61cb3caf9335ad1460d77d81cc8b33fe4e9baaf0d1e0e227d335a241bf8f44d2,bb271c4bbb3f61735832bc51223083f921a72f47d14d4f88f37b49cba8ea4de1,c59ead656fcff47b10380ceceb9ba716aa19680d5167309c095f8aca1345fe1e,HMAC-SHA256-DEMO,AUDIT-2026-05-STEP3
250,69c91cf12b0ef40007b3b42e,2026-05-29T14:30:00Z,REQ-000250,816d13ffa68e60a160c3810f,STATE_01_DIST_02_PS_03,57feb3c60423fddfa0461895,escalate,ESCALATE_PRIVACY_SENSITIVE_RECORD,P-2026-05-STEP2-ORACLE,baa0e3c4c6e2c064b18ef94ff700f42fdac6d6cac85a30bb391441a77b544180,73ade2e3452b2da3e1b018745053782bd0ffd43c7705f70c4f7ba3372771075c,78bc3b2b3dcfe31e4471dcbd25c14379d027e6085050c2485a1c86a47d059b15,225b538afa1dce9e5b9e4f2bc026f809cd0e60f205b7f430cf0476c29a904381,ee77293456746decfd723aa5300e1cab8c38a8d3a4ab331d354894a3a79999ef,bb271c4bbb3f61735832bc51223083f921a72f47d14d4f88f37b49cba8ea4de1,94ad29bd0b47b0952d2c822910523c0213ab74dc6fd8733aabce25c222def783,fc57eb088eec1afd5fd0e72a06bbdce1cceca78ee7ebb07ff098871dbc1d15fe,HMAC-SHA256-DEMO,AUDIT-2026-05-STEP3
251,80d8e7ee103542ed3f076951,2026-05-29T10:34:00Z,REQ-000251,05c3cda35f4947118d9b39ea,STATE_02_DIST_02_PS_02,4cfcb99871492acc92ea42ae,escalate,ESCALATE_SEALED_RECORD_REVIEW_REQUIRED,P-2026-05-STEP2-ORACLE,708f6471e095b580af755887505a413b724353acf27f32df351831aa70497627,ace0518fd7cbc006768b31e4fe58eec842beed8dccfe4c01c44546dd608ca763,0b73a56051015e453518c968a984d7d4dbaec0e59a21cc1cdd087f04044d3930,8d2570bcba1ddd95668e46c97a373282d18377846e70b92fe831627deeb1946f,c82ca5c52fb6956298a8297fbc54f6031aac05b84b6008ef87a0015dc345af21,94ad29bd0b47b0952d2c822910523c0213ab74dc6fd8733aabce25c222def783,3cd075e9a127239477072f81c138161bee7c799d4a3b32fd3a1d99414796c183,2d02dadcb01634f8f676792f5376c28d79aa7d280a00c6ada66026dce1e386f1,HMAC-SHA256-DEMO,AUDIT-2026-05-STEP3
252,12d1501ac62ed9a24f61c008,2026-05-29T06:36:00Z,REQ-000252,5ce4d64c20eb4b8a7537a1f7,STATE_01_DIST_03_PS_02,e3756b6206a69f17c5ab1d23,deny,DENY_SEALED_RECORD_WITHOUT_COURT_CONTEXT,P-2026-05-STEP2-ORACLE,533237bda64efd49b51cc774f6c9810c3c50223870e3baee607ef71756cc7161,456570225cf844c3577a1a0eba3fbac92301ba84c92a61a1618fb763d2fca081,d75f6ca7a122cb73060a213297b7f4d2bdbb558efe0168dd1158599a9f6376db,9d9112f61b10e8dde2beaac106f5811ad89766a09fc1177c6036addb1218f58b,3f8770e8ec6bf35f726e3de4f3fe010cdd56e665c3cc9fad2119d06a72b4306d,3cd075e9a127239477072f81c138161bee7c799d4a3b32fd3a1d99414796c183,14192d9b8b7331d04a7a90dbb3ff93318babd8fd87777c51ee400a84d02d913a,28af16f4e9b982736baaca310aa7af6f7f5e15bd9b8eee9116b84462989937a6,HMAC-SHA256-DEMO,AUDIT-2026-05-STEP3
253,eae2b50b6e1e42641353ff00,2026-05-28T05:31:00Z,REQ-000253,0d9d0f67e217f12f80467acf,STATE_02_DIST_04_PS_03,d45ef8c0ab200ac9b4c7a89e,escalate,ESCALATE_PRIVACY_SENSITIVE_RECORD,P-2026-05-STEP2-ORACLE,4a3a4e808d0d47612a9d7aab6b3edf448e5b4e459062a75112d7a2159715e548,634ab2268c1899648841c4cc8774e1a4098b43eacea1ef6a4c9ccd20c1423dfe,d93e291bf072a8f272c334fb3de61891a0ae870118c769454c4ece4bac104a22,8ca1ea6cd597e8610dac9091c094982d93f0017d1c884c10f0dd753437716331,2c9e4dbf27acf3f3fffd26ef9f2e78e373b151174054cfa308d454c5cf229ebf,14192d9b8b7331d04a7a90dbb3ff93318babd8fd87777c51ee400a84d02d913a,4bb6887cf7cf60c332917373632daeaa1ec53999775f3c0af010f980698b4353,01b70a961e3318e53c88a12f0f12a18f5e39f5b469f29b85adf9454597838ff7,HMAC-SHA256-DEMO,AUDIT-2026-05-STEP3
254,b8be16cf590d879c53aa950a,2026-05-28T05:38:00Z,REQ-000254,b0f05da9786602e3afcbd606,STATE_01_DIST_01_PS_02,1c6ecb2d745c985d50c99379,deny,DENY_CLASSIFIED_SHARE_WITHOUT_VALID_APPROVAL,P-2026-05-STEP2-ORACLE,7be3ce3d057c57d6e32a0862d89b9386f31dfab2895d843da30992f58f0d00c8,0cf369be9e8ec6193c1390e220f3883225b6df3e665da75f00e859099c5529f8,9a28d05ad9d996f291a2bfd9648d12ad9f34f9986dd01276011f389f838c2181,9e9e51fc35c9aa8b8e540f07b745bafaa29b9db5a897cbf55eab02f64df0ca4f,1c46507bc0e583f8d5ec788c105fe090bc6f484d9fbc90772f62cb834939c123,4bb6887cf7cf60c332917373632daeaa1ec53999775f3c0af010f980698b4353,2b147a83505df2c9d80714b962e5bb43fcf5c238849244c605d30f54fd3a661c,86502c2f51766c2008e8ded3d180069f64e95ff2b17aef9c8b89315a45677d8f,HMAC-SHA256-DEMO,AUDIT-2026-05-STEP3
255,311aa83ba2f7ec1bbee20415,2026-05-28T22:45:00Z,REQ-000255,0c912fab59a9f46b26c259dd,STATE_03_DIST_03_PS_02,1aa08103e3c7e97cf82499a7,escalate,ESCALATE_CONTEXTUAL_REVIEW_REQUIRED,P-2026-05-STEP2-ORACLE,1f77839bc6e2e7ccf776559973085d3d709ec3ec46f29021284a0dff1cfc880b,67f52450853ae21ca4a318cabc6a0f1dbd697a8f991dcfa122dbe938c8dc4488,23d52e723cd95407442a9ce5a90efa1cc594e1e0f62129ea19b4c2b9225b48d4,bd2705a4bfe4f5ab08fc7f2870fbd5d53bb52fd3ffc2ad16a4913d83e4038bd8,d609e32e06b1895de1e8ddf4682423e3da75712410ee95cccfb69a51d52e76df,2b147a83505df2c9d80714b962e5bb43fcf5c238849244c605d30f54fd3a661c,a731ddaeac1f3ceb360c8eea8be394aa8783da6fb4a91b0b368443fcf002e806,802e635bff35e8412747f0fc4e6bee225cdaa4a3d15171dd69bf2e3e33085a8d,HMAC-SHA256-DEMO,AUDIT-2026-05-STEP3
256,614a7b86eac91c14bf78bee6,2026-05-27T08:32:00Z,REQ-000256,4bb363d085866d6dbe19f005,STATE_02_DIST_03_PS_03,42a91652eab7d0965c774e59,escalate,ESCALATE_PRIVACY_SENSITIVE_RECORD,P-2026-05-STEP2-ORACLE,52a9df3245eb760ac59cb9468ac4b58b11e1d8457542cf4896d1da0154a67f41,faa5200a9e1a879a4f00c2d81740dbebbd44b37a995efda9de11740b1b49632b,ac673d9ec4489c9beaf19c18a82c13d2c2ae61fe6a62079186092f5b59207fdc,8dca33b0d0547928f74ad47b489187f3ebd46c0e042d357089fc5195ff19a2dd,237a85ef27dbd1b968f73a1457bb1ed278fea1f320596ec5582451803abb6b26,a731ddaeac1f3ceb360c8eea8be394aa8783da6fb4a91b0b368443fcf002e806,b974fe479b6bb6c08ae677cade026e148b2b3480dad9cdacbd107a96fe6b533d,298d7cc994d5e5425fd49a3c949495929f2b0e9b285a318795b9fcf0d29b7a96,HMAC-SHA256-DEMO,AUDIT-2026-05-STEP3
257,61ee54610d76941b18192de4,2026-05-27T17:08:00Z,REQ-000257,8ec325482a0f9259719128c5,STATE_02_DIST_02_PS_02,4ea55cba83dc306bfa955910,deny,DENY_INACTIVE_CREDENTIAL,P-2026-05-STEP2-ORACLE,e99a3c4bd9e57dfb83837e96c96052eda7e2ed51128c0ccf54473972fe6a92fe,40ecbf44df99420ed8786720983cf075279ea8951df511b9706c52b6caca48f9,fd8ad971bfc9b272eaf464d1ecd3d9a9db40293d263868e09552d2cc02ca3d37,e0ec8af9cec531af860b303c52facb3c3edbf1c9ea6166145738a2e60b4522b1,97d57b8623631a054247b04762bf06e3aa05cee03020839a87d26312ce164e1a,b974fe479b6bb6c08ae677cade026e148b2b3480dad9cdacbd107a96fe6b533d,7f1ec06b4bfe789b427f629a5df0e32b1435693023513d7a3d8f039b2fcb98df,3e4138046ebfd138e5e0bf0735ff854a4f6dc135296886a2676d48a3f65d4d16,HMAC-SHA256-DEMO,AUDIT-2026-05-STEP3
258,fce6e18cb872fdb6769cc99e,2026-05-29T20:48:00Z,REQ-000258,8c053db99a24095548996524,STATE_02_DIST_03_PS_01,d45ef8c0ab200ac9b4c7a89e,escalate,ESCALATE_PRIVACY_SENSITIVE_RECORD,P-2026-05-STEP2-ORACLE,553e60e76158769ce85f47427cd3dd8563851cf345991ff1e6919903f5692321,8c657017fbf382edc0845ca5d170f4512c8fc06f0669f76ad865d7528f2978fc,5a10ad4e1374ed34c31de45cb6ca6158ce74b81d2ef102ac3d9b6e37b02bccff,e2b1240cccf0ccba896043919ea27a9b8f7fd3f8b42c67b74bcc364b8e14fca2,1afe15833a569be46b03c0dd4ce64d454a09a28ebba117f272b2d817ea01960b,7f1ec06b4bfe789b427f629a5df0e32b1435693023513d7a3d8f039b2fcb98df,0ce5e15493f6ec5c172cfec016184f3b011d63cc286771cff9754a41b7ef3306,926f261ad0e0f8702908d03f29658938a9cbd3f6e6e4fe3a9ee9980a45fd41cc,HMAC-SHA256-DEMO,AUDIT-2026-05-STEP3
259,dd6f6d17287c8410fe40ab89,2026-05-29T12:26:00Z,REQ-000259,90e9de18363ee212ab55f392,STATE_02_DIST_01_PS_01,be9170f1e4ef771dd8f13b83,deny,DENY_SENSITIVE_UPDATE_WITH_LOW_RANK,P-2026-05-STEP2-ORACLE,7c5126d4784a3a0931eb49b37d1cf2a5bb171c97f1c24511c0ab5434dcc1ebe9,bfbd04d4f01677d8fc738e35fe4ccefcc7674583d2e9a76caf583548139d4fe4,aa1fdf99a42233e9c5a60268c0f4ec0d5585bd89175ddb666c36ba2296b886e1,47259363bed589c3d348fd5ec10139e543e37258ebc20b3723405f260dd98991,3c598bced5fea3857c4b0c7a3b348798caebb9b8f959bd794b2f140b21847438,0ce5e15493f6ec5c172cfec016184f3b011d63cc286771cff9754a41b7ef3306,cf066b1f2f7d38bfcf2dcb45b8c42e38660a99800ea856da5141ceeec596c1e9,b4202a353722ed71afb77e5abc33c1cc9c0d4ea66d664231e0a26da58c33fd34,HMAC-SHA256-DEMO,AUDIT-2026-05-STEP3
260,bd8a1132eda0f758f34b8262,2026-05-28T19:20:00Z,REQ-000260,8fe1499c5ed9142abbac6485,STATE_02_DIST_02_PS_02,f34566a66a686c1db1f13e6c,deny,DENY_STALE_CASE_ASSIGNMENT,P-2026-05-STEP2-ORACLE,0d6fa91f08770b639450129fd69c978ae96db67846d4e480b1c06c3e792e62c4,1fab5502495b75763942737d4dcbb5573ea5a0577b608c61a62d9a189cef1446,ab57aae7ff0ec2c219fa214d990b9df9c351e5553d319175a5874c5658ee210f,303f7a8ffedf73ef41124c9825533868dd22b0416526ae79af8d6a4849d2a185,736e1a0ecd4235f6eee7700d676da5257a69fa6f8cb921e1c48aa58e93499392,cf066b1f2f7d38bfcf2dcb45b8c42e38660a99800ea856da5141ceeec596c1e9,04e7307d1aba31b0baefcea9778d58c456637413dbbbcf34b556f1cce2927a0a,cb28830f44afd7bc1a33a857f46e133407ebf3ddf7e4977be04d15d84c7ddb41,HMAC-SHA256-DEMO,AUDIT-2026-05-STEP3
261,19ac83b4696aa09d868b0da0,2026-05-29T21:36:00Z,REQ-000261,0d893c2441da140e8c46fc54,STATE_01_DIST_03_PS_03,e1083b56bf8aea3261c52dbd,escalate,ESCALATE_CROSS_JURISDICTION_SENSITIVE_RECORD,P-2026-05-STEP2-ORACLE,b00674649f83115165949213f7ab43dce608ecdbc2f2a2cfbdd87e26493223a7,fbdb3cf26df3f6a69c13f85586eb7324860d664142cbe9453882601b7b5bae96,2cf9c094184de4b4fb2c804f7a43370a8b40a6acd123bbf798cd79d575cb4fed,713a0c6208460e642eeae82cb39fbaf5b3ef0b9c3249ee3f9d2f4ed8d9d4f4f9,6e57c106665d675c4e917e99a9c9372adb631fce254cad0bb54ad6f28ebdafe7,04e7307d1aba31b0baefcea9778d58c456637413dbbbcf34b556f1cce2927a0a,206329ca8f6996f522f1f76848aa312d0bf6626f6c3f70c01b8ca7b94b698088,e97f127c1c5b2c8c132f3a058fa830a8efc16b559556333185914c8fd1bfb575,HMAC-SHA256-DEMO,AUDIT-2026-05-STEP3
262,34c86cefb3126652af8750a5,2026-05-29T13:08:00Z,REQ-000262,d60f48d22e03c3316a18fa6d,STATE_01_DIST_02_PS_02,66c1f1634fd4515b8f74f8fa,deny,DENY_SEALED_RECORD_WITHOUT_COURT_CONTEXT,P-2026-05-STEP2-ORACLE,4620105738e882fe8cce9490cee3b69870a79c59f629a17f8b930c1f05a09ac5,5d66a8f9caa12a197a72c4b0ec98cf8eb9665d40d54cb37e907c0af5504e3937,fd59984d9112b25dd4b8510ef5853269d6c549636b371cef16e025c5b7e53c8b,8703c7419767c0bc0b8de186c7d32c5c728ec76e2ec35ebde357a15b6b513214,17fc36fbe310f5f4073618338ffbb41d8ab4ad6bba4ec1060efcf440ecb0dac0,206329ca8f6996f522f1f76848aa312d0bf6626f6c3f70c01b8ca7b94b698088,18ba487b549cace0b7be8137935ff2fac629cb1cf3ffa563e18ae8d4de219ce8,0fa2b5a59109a82f66af9f98d98a7ff05845d44910e221bc8ff349c2cc4a08e4,HMAC-SHA256-DEMO,AUDIT-2026-05-STEP3
263,3c329d5039534f7503b6b643,2026-05-29T04:36:00Z,REQ-000263,318fd1a9b080d018ffb85691,STATE_02_DIST_01_PS_01,f603fdd3a2db93afcae05d4c,escalate,ESCALATE_PRIVACY_SENSITIVE_RECORD,P-2026-05-STEP2-ORACLE,e6488a92d89e6c69274d425bb3ef7ccf6043f5a9365729218b5c25d0447f9d49,b87b9902bf77712c108e2395772f2cf06f654207703e2ff7a1e4884c4880d8ad,3c9938197b4225d280c7895c17d671d10e67c8237ded66d84d0d39c15580945b,a9e04765502a72d237efaa31b10ae64f842d67d577add5ca0d7047565f1369fa,862d0f49b2298e868b07c93b030396f1926ecd3971e303d99f54b37c00e18ffa,18ba487b549cace0b7be8137935ff2fac629cb1cf3ffa563e18ae8d4de219ce8,af6d663ac6df9f7848799396a6465132a52461cef7b61f747024d68b80fe702c,18ad2cb1265059b88b4637d79cd2cfb70d15b24f3ce47f8d4d98902c16aa40b4,HMAC-SHA256-DEMO,AUDIT-2026-05-STEP3
264,82098412ecb4e3e0b1ded496,2026-05-29T09:12:00Z,REQ-000264,88db5c4f1341722984d72ca6,STATE_01_DIST_01_PS_03,cd65b26ee8307185d4869ab4,escalate,ESCALATE_EMERGENCY_REVIEW_REQUIRED,P-2026-05-STEP2-ORACLE,1be8defd21f05d8a30fe2b69a80632f402a06ef3b5503706ac800ca5b959b940,eb3153c2dd4c5171122d3fd47328d077c8daccaa9772ae7b0e253c853a05276f,4a71042f6c526ba94e5d2ad5304fa6598a04192e539de713663e45a4ccc37af0,9a386a6a30db7a4df1f22fc385186075dc13db829cf0629339f95ca264aa9676,3e366c975fd95178f24e1048025547cfb93c055f8baad5d57634ff81940ab869,af6d663ac6df9f7848799396a6465132a52461cef7b61f747024d68b80fe702c,8064d824c9fd2dd6e717f1fceb17ded92e1ff5b9284cfe99b70aeab327b3067e,b36cbc4a0ba76cc52688d565fa0233703a21a9548d3802f93360315029b70abd,HMAC-SHA256-DEMO,AUDIT-2026-05-STEP3
265,d39436d288c8a4857722eb84,2026-05-29T05:00:00Z,REQ-000265,d57f9cfca107b054602e3afe,STATE_01_DIST_04_PS_03,76f11b624b1e439ab531c33c,deny,DENY_SEALED_RECORD_WITHOUT_COURT_CONTEXT,P-2026-05-STEP2-ORACLE,49861f94a5ac1030442db1c6d82748d1a8054e198fc5ad943815370656fdfe16,2c8ca4a687a1e03778c5697ecb7b896489640234cd5511b7ea7228a7f111ac6f,472ac89117b5c3efde6dcec598437ad2af86174003ccefaaa620c3822588a805,a375747b92d88e1c3955f56af3f64381432434c3d572def560f07bca68fbb1b7,771b5cda59e674b83b9f33073161fb6d0708fcb9fad33d35522320d60cc19b57,8064d824c9fd2dd6e717f1fceb17ded92e1ff5b9284cfe99b70aeab327b3067e,76e9f7f64ed77f4eba15ddec3bcbc5f5ee50778939f8cfd464f972eefaaad7cf,b63b101d80ca8f90a420ea85c609f0262cd024e8f9546285e2b38257e40eeb25,HMAC-SHA256-DEMO,AUDIT-2026-05-STEP3
266,f8edcbb8dcca4001e7d86af4,2026-05-29T14:04:00Z,REQ-000266,c424bf9aa5cd573d3066b2f0,STATE_01_DIST_03_PS_01,4a81b7a88a623e390137c284,allow,ALLOW_ROUTINE_CONTEXTUAL_ACCESS,P-2026-05-STEP2-ORACLE,8188345fe4a361f01759b124841479d9d9b07abeae5a7af4c5c83f6df7ee21a4,fa297821a6c98659eecaae05dff4ba039303c34bce7e63335ab68e24dd9c04ad,c30fe40d926e702d94de698e3269022873bf296b8517105707e7316a29c6d3e5,b6a0cbf6ad8d3c9b0297da625f31dc8e8536553a922447d2c2a3fd1cad2cbcb0,9764b78f9f14c9a2bb2cf71788a67d9d34bb92566a8f90fc15eaa5dd8bc4e593,76e9f7f64ed77f4eba15ddec3bcbc5f5ee50778939f8cfd464f972eefaaad7cf,406d78ae5948d60f5a4ff6e73c424009b7012610b75878a5440558adaa7aa6e2,2dcd822a4a563b803d2d289054bf7207990d8bf287ced8088fe79d89f39db316,HMAC-SHA256-DEMO,AUDIT-2026-05-STEP3
267,b489f485261ba4d7db745e1d,2026-05-29T14:18:00Z,REQ-000267,733b1499389b250473119b5c,STATE_01_DIST_03_PS_01,be1c97c5c56e77b750e46471,escalate,ESCALATE_CONTEXTUAL_REVIEW_REQUIRED,P-2026-05-STEP2-ORACLE,547feaf8f7a1a9e087d2918088025cbbaf109bcadab60925934c7f63a49562f6,441abfc72dafc39cd7a35eace6cc8a73c8254b95a2bae6c4b4ab698dda96aede,4c95e6a6b22e925bef977643638900a2e1566b20073f4afb5589ec7fcd793b04,9c5e2a950ae7e25fff429ec237089e4176903c7b96b57d814dd415eac50e3a44,2eb20d7a0ee166c60ab84defe1f59426c28b78e975dea700c2c8266d963b45ee,406d78ae5948d60f5a4ff6e73c424009b7012610b75878a5440558adaa7aa6e2,587f2a8d76452c4e2443c47ee05037118f0a152f5e337cc0a94a7cb8856276db,5407e992a2a6410d90d9b213056815f5c7d4a1f893c76cc7e2889337ac95322e,HMAC-SHA256-DEMO,AUDIT-2026-05-STEP3
268,3a4af6e6d1b968a969501761,2026-05-28T20:40:00Z,REQ-000268,7527b25e318154df01ec7550,STATE_01_DIST_04_PS_02,31d4edd023a1e32e08b15bb2,escalate,ESCALATE_PRIVACY_SENSITIVE_RECORD,P-2026-05-STEP2-ORACLE,31cad87deffe68da6091945ed61be89a2281f02f0c2dbbc37207282118711994,0e2b759166ca202607e88b9745bfff1b3bdd5020e6e1064f25902b2b071bafb0,79ac70d7702ab2c34138699fe7198d50ea95b9e23789b6cf2e15ae54bc64567e,318266d156f0660bad227feb22663fc505d2e428fcc80fc82bef6d1ca5180df8,27a2cdbb0ffb28dbd12d4c177160759fb71006717564a2e531550319790ca8ee,587f2a8d76452c4e2443c47ee05037118f0a152f5e337cc0a94a7cb8856276db,93c8f856ace12b04c09dd380dfe517a1fe612d48bf1987e44792e9eeede252f9,a560983df3def3aff5b3aa58192437bada1880f574746dec1f7406a95f857924,HMAC-SHA256-DEMO,AUDIT-2026-05-STEP3
269,1337dab8bb62caac5dbb3a05,2026-05-29T10:17:00Z,REQ-000269,fb4c90a703ac874dae2f1454,STATE_01_DIST_03_PS_03,85d4f1d703df76e03a0cb3a3,escalate,ESCALATE_CROSS_JURISDICTION_SENSITIVE_RECORD,P-2026-05-STEP2-ORACLE,844051388e75672684d88ebfb5a2b6d0d7153f01cbd28f297665dc5eae14f7e4,e1daba3ac6011b163b8c602febf36fee885cd284305653b66fceeb8cb7b3a3c0,0fd18988de79764a5034129c8a87a9cead2ecd732c2b40d295d9bb475e387672,8a12093e6fe4c059d3992c7387043dff0d023c06145bc4ca94d2ecbc398fe70e,59bbd5b8a62c62800989fe3c47728ccacebe5284fc53b972b708e9fca653651a,93c8f856ace12b04c09dd380dfe517a1fe612d48bf1987e44792e9eeede252f9,625bfbbb6610f4634e5a7ccc0b8378826521e47704861ceec13df942e3660fd1,96fad649a0f0495163817c1e87a6605a1d3aa1cadd280fba1133ba95b06d6f28,HMAC-SHA256-DEMO,AUDIT-2026-05-STEP3
270,4e0fa7a2aa7ea0262f9a9d0d,2026-05-27T22:30:00Z,REQ-000270,362db027dc02e204d8d16948,STATE_02_DIST_03_PS_03,2b5c0f81a93bb857349468a0,escalate,ESCALATE_PRIVACY_SENSITIVE_RECORD,P-2026-05-STEP2-ORACLE,279129c2eef8226e6237ae8e94b7b639f0534ac248d90b2e576c681fbc320848,81069127e9528673a89bf0911081dee3df52f553fcc7acebeb69b8691a29fa48,dce22933870142ca3c117f23190ffc169da5418505826488533bf1c7018f515d,be10e0cc4465b5028866e1d72e60b0b477c756fcf7609e33d470df33522ca199,6196a58f86ecf9698093ac3c9252a78d5001e8f2ed8d26580f7c6200d55a631c,625bfbbb6610f4634e5a7ccc0b8378826521e47704861ceec13df942e3660fd1,d16b1c1ddef6b17304942b895b8b7331d734e26642e6decd651840895150eb26,01bfd20c7543eb0e0b90c20433ada6ad684e796c12fe96b873824b1c6965ca6f,HMAC-SHA256-DEMO,AUDIT-2026-05-STEP3
271,b1e470a8edc304ea3cf7ae45,2026-05-29T15:14:00Z,REQ-000271,adb77e6ea2a2edb0afc7410d,STATE_03_DIST_04_PS_03,118bf6e235079ff659306fe5,escalate,ESCALATE_PRIVACY_SENSITIVE_RECORD,P-2026-05-STEP2-ORACLE,344b8ad2bf77c7ef606fe5b6879778fb213c1f04a956d76311296d6d491353b3,87547ae95c942277c3327d8ae36dbaf43df88bbfb3087e3d18da36a1b3882d2b,54380f814eaf228de61229baeaf4598e8bcbe5aac17c8769b60a064764aa9a2c,304d3394c93f465d2e226ef9f1378c95406d222cbbc311eb4be0107fad346d3e,c1550356d73d14b60a6c4db21eb69c4541671823dad536667a5b273370e8ad50,d16b1c1ddef6b17304942b895b8b7331d734e26642e6decd651840895150eb26,8d6af5a9657555d60f24f8f4bb0cc43c29a65bf9719ac1cdaebd5371d84627df,c4489791b84eb659a22d2106558c18eff6dd71bdb4ffe566b3e6f79c8fc84b7e,HMAC-SHA256-DEMO,AUDIT-2026-05-STEP3
272,8ca9afe199fa9258a79f4313,2026-05-29T01:52:00Z,REQ-000272,6adbebf965a8665f8e3dd8db,STATE_03_DIST_04_PS_01,ab08e3d48cf6370ef4f838ad,deny,DENY_INACTIVE_CREDENTIAL,P-2026-05-STEP2-ORACLE,daa5a4db9a6dcad664873e33f83dadf304a10beb89cb863ba27cbab01f7ce8cd,402d9e5fef5928bc0c4ecca3555b1bd57b85e65908004eaf4bf3455f34f3707a,ae9ec50b36e8b259509ed30c3bc17793a772bfbf984a1b776eb5b8a70e0ff367,5357548672afa935255a21024551dfd971ca69d340187f808b5882699daa9761,f9143c2ec7f6c64af0f1dd6cb645218d8e508105399af2fe9e26585cfe025dc2,8d6af5a9657555d60f24f8f4bb0cc43c29a65bf9719ac1cdaebd5371d84627df,de29c9b76376ed5f2d056c27d44d6528f0e3e657405e19ca7b54aafc99ea3002,ac55147e7fdac6b8d75028ff41c2022f4d7952993044de6f55cc770476c87c34,HMAC-SHA256-DEMO,AUDIT-2026-05-STEP3
273,d61f9113b9ed2d6300689061,2026-05-28T21:30:00Z,REQ-000273,bb454708489db5641c11f4b0,STATE_01_DIST_02_PS_02,7e9348f391ef3580bb2ca07e,deny,DENY_STALE_CASE_ASSIGNMENT,P-2026-05-STEP2-ORACLE,94685ef38952a827c878c545a03389f5950efa9064da2c6706827bea70542e85,d20edb3b238648585df7da0d5205ba45af1f56ff07d59d0b84ee80ef09c4ccf7,c1253b38efe2c585b595b5f87bac4223496744670740b771e93571b42eb0138b,d5b48567bf36fe0a276b78e1dbcfbe77516d868f16409d98c99dac808fa809b0,37090d26898830ca066d5274ef3e6668af960edebffc0862f41692e639dea422,de29c9b76376ed5f2d056c27d44d6528f0e3e657405e19ca7b54aafc99ea3002,a70efc2e41ebc23d68cf2ce513f64bdb782a92ba9f7377f80b11217ec7de1798,ffedf12ddbb7658dc65c3d3929b8d6d9067bc33f94700aa5037b27ddfbe62622,HMAC-SHA256-DEMO,AUDIT-2026-05-STEP3
274,14d25f919095be0e557a45ed,2026-05-28T12:32:00Z,REQ-000274,d4da98f8bbaf8c84670817a6,STATE_01_DIST_04_PS_03,94045736c42ce267b600c772,escalate,ESCALATE_EMERGENCY_REVIEW_REQUIRED,P-2026-05-STEP2-ORACLE,95f214090eeefe916686e8ed9e32e9e34330271d1ace71d26f1c72341ba9dbcd,0edfbc7d5839a56b329ddb7446c21f6d47623e5ac5f5c8e496dfd622d46b804c,28effd64ba3cb973b2dc34ea8c81b42da332bddcd7ed67b0acba37340f30cdaf,f79b3096bd6c02ded78999d4a0a7076edc024714f6aed29b8139adf3e3b34ba5,e451558e14bcbb3360d639eaa24fa62db5f61196445fd02459bcf97871fc5aeb,a70efc2e41ebc23d68cf2ce513f64bdb782a92ba9f7377f80b11217ec7de1798,36ace3fc7cc7d2b1e8f26cf1fffddcc0abf2c8d84a03b4f66f119afd892bbc14,90fe88e55922a8e7ed6528858795442b60f1278a98972cf88f15785b2c59892e,HMAC-SHA256-DEMO,AUDIT-2026-05-STEP3
275,c30635a56a67cd537ebacc64,2026-05-28T12:40:00Z,REQ-000275,4bb363d085866d6dbe19f005,STATE_02_DIST_03_PS_03,19c0033126dabf1c18a8e634,escalate,ESCALATE_SEALED_RECORD_REVIEW_REQUIRED,P-2026-05-STEP2-ORACLE,46994dabcc01c5e5dbb1286aac8bc61904d639b7aae05b2e6f6337d78b946b7e,9d16ac831d3adcf57f27da637d821fce47595f88ec8cad5de571b31e2abdc0a0,019989961dbea88dc95a3ebcf60a6fc4e6697658c4e0465e3b9de8685f550f6e,3445a9a9b9d660f0d74535847f15bf00fd144b4218cdccb6c4d2f505a85bf809,93c644cdfa8caca3e7bbf9de9e5c3de26b1de0a7dea06b96fc07df5dd093b97b,36ace3fc7cc7d2b1e8f26cf1fffddcc0abf2c8d84a03b4f66f119afd892bbc14,4f15e10f86d9092e4a994bb2a7769326e33a2cbcc9951736d795915fc23d340f,ae3de1c9390cec93ca1506f32dd278a7d855e7e56772c7055a3202bae69e0f19,HMAC-SHA256-DEMO,AUDIT-2026-05-STEP3
276,4171a32407bee3b58b4a167a,2026-05-28T17:24:00Z,REQ-000276,e1441290962ca2a8517d8d0f,STATE_02_DIST_02_PS_03,b1369cfe83c9b50aaaf08c20,escalate,ESCALATE_PRIVACY_SENSITIVE_RECORD,P-2026-05-STEP2-ORACLE,77a026580c048fc44d712f55be9e1e8f97560f37d7c3866ee8afb409a47e7a7c,3d9d980bcb38a0f9efb0a8adc752a4bf35facffd67e30a011651b2cab3abfae6,56a90c862a8fc3e20672cff728d65d11488b2543edfdde2e5c862b9cc7d5989f,476cc8016960e362081598cad94d2f3df39d98e07d7e5cfe89b4e9811d9f0bf5,c76a3f2878180efde822579983ae13d176965829dc76c5041d6d0577aef227d9,4f15e10f86d9092e4a994bb2a7769326e33a2cbcc9951736d795915fc23d340f,df38eb2bd468ebe158ea4a5ef54c7f77ac504b1e09f14be11ef3edc936961630,b2670d77fd9a1ade17d8aa06e331a172fff3732c28abe15360ec7bf0771f9c36,HMAC-SHA256-DEMO,AUDIT-2026-05-STEP3
277,73c76b9ece22af3ce6517624,2026-05-28T08:19:00Z,REQ-000277,769c0f71f92a8b49e252746c,STATE_03_DIST_02_PS_03,f38571fab98970e83b278f4c,deny,DENY_TRAINING_PURPOSE_FOR_SENSITIVE_RECORD,P-2026-05-STEP2-ORACLE,c076d09cda06e75fd94c5e0e3e236ab793418658de16965d1e2364c1c0517dbe,55bd731c57b2a2296b0e996d8211eebf04c36ebecddd32f2db833650bd2e7ebe,f6458d0ef7dbd781e88f1f8f55866e9d42f9f351e142e95f87df55b402619cfc,c0c0512ec8ee134ee25dd0d1851ae692631c7aaedb0b97d49f9b45975d8d2f7b,a3d4ffe0dced25241dab7a4e2f9d6699cc1f87d740fa671a34f232648efb2414,df38eb2bd468ebe158ea4a5ef54c7f77ac504b1e09f14be11ef3edc936961630,f27f63ff807fe92bc9561824ff77b1fb17b6e93d555446bbbbb0c3a709e17628,59e435247ed4a6f64b34fd9e92a26c1fe340f59683c8baa473b3e6a94eaeb285,HMAC-SHA256-DEMO,AUDIT-2026-05-STEP3
278,b5b21dc540da9fa82ed899e6,2026-05-28T13:04:00Z,REQ-000278,ebff240f6e7e32e7e9713294,STATE_01_DIST_02_PS_03,b2fe1d7e7f491d2222d662d6,escalate,ESCALATE_EMERGENCY_REVIEW_REQUIRED,P-2026-05-STEP2-ORACLE,ae59cfc549a0aab8b31324ddeaa57e0ca0f4d2c6239ce6ebf6df9eda18d1aec7,4243b6cbd466d66dafd2b335bfbbb3cda2d31bfb479ffa84199376094bc78216,bc5cfb2548eeed63d6d5fa1769e1535918297bef9fdb9b611cb7bbb82df288bb,e64477a8d2f4ca3eb080a8846e05ba047dbf9207b8fb774a66a51871376e039a,3fd7916e712630fb4b3318befe696454883a75c39f5cfce362c741254dc6cbc4,f27f63ff807fe92bc9561824ff77b1fb17b6e93d555446bbbbb0c3a709e17628,4e100390158a12f0c410fba715eac4595672de9dcd7ef6af34971d73b7002cb6,4cec037a1991b75a5f0b94fda1289ffd136a0ce7235a9c0b06ef33152a06cf5d,HMAC-SHA256-DEMO,AUDIT-2026-05-STEP3
279,cfb1c2a5089791390cabc790,2026-05-28T03:54:00Z,REQ-000279,f8755a48fce2988e7e892881,STATE_02_DIST_01_PS_03,88b72e520b29734a6950a1ba,escalate,ESCALATE_SEALED_RECORD_REVIEW_REQUIRED,P-2026-05-STEP2-ORACLE,b1e746f4975920bcc7f813c11b9e61ab2fdca4926b0ee3a007da07c781fb4cca,3cb5c561afef3ec2e18e2c9303057cc8975ea98de809f984161aae02be44f497,718a441a2617dd91b5e235f6c86c93fba8525280bde04ef764cbe6b6843c156e,24402d6c27d9756bd4ae44af1c38a7db95a693d05762036e09af68145f0a5d35,50588ecd7c7fef48e9c34d5b878518a2a12f9a3482c167aab120714966f41ee0,4e100390158a12f0c410fba715eac4595672de9dcd7ef6af34971d73b7002cb6,24462498cd45096f880497ae368c1e916b6b215092c8473ebe64d031e768f3ce,6cc028d9ae687353244be1c17916f65d039045052666adb12a81bac2b375d530,HMAC-SHA256-DEMO,AUDIT-2026-05-STEP3
280,dbe4918ecd3874e567a474e8,2026-05-29T17:20:00Z,REQ-000280,816d13ffa68e60a160c3810f,STATE_01_DIST_02_PS_03,792f09352a2c672d41256513,allow,ALLOW_ROUTINE_CONTEXTUAL_ACCESS,P-2026-05-STEP2-ORACLE,83f3473fab1f4d5e2589f7bd9283b53d2bd872f3f02fb0b13c4ad03a0e94e021,5a078f8df973fd8d55fa91f7c5edeb2b9a6e7b4602b40104646a0fa94a132cde,e1cab6bd5275ca849bf516b3715dd0e22d41548843c2be6ce199dddc4ef68e02,681ef6bdcd34d5de88739a16b0dcffaea7951ed13b30245b395c4ddaef4861fa,00dc39e0c815dffb8c76082fc5fe9e985eb311b11ce5e76fb037f23066023ec9,24462498cd45096f880497ae368c1e916b6b215092c8473ebe64d031e768f3ce,3acc3a1d8e440f30e240ee3076095c0de255594f39393a93f80a5fec624661ef,5c432e3f5a4385d705926aaf2a289b43403c24f5f50c650468f4ea91e888c5d9,HMAC-SHA256-DEMO,AUDIT-2026-05-STEP3
281,a23fffde0108240856711558,2026-05-27T18:44:00Z,REQ-000281,3a0f3bfd087110a0cbe914c5,STATE_01_DIST_04_PS_01,7153ab50007993dfad81d7c5,escalate,ESCALATE_PRIVACY_SENSITIVE_RECORD,P-2026-05-STEP2-ORACLE,aad9a056de08b122044fe002e2caa402ed7659f62c770acaf22bac19e323c932,814dc1b6acf400f29ca3102b5b6ac4891eaa15defb5c1723d0923bae757114a5,7ad69cb94f22563cba658419cc03a8154289f83b04eb62d738020fd0091d2ea2,bc71763dba48dc4d8170ca522ed6eb87a3944dbd91fb86747e9ed65fe9b41577,afadf4f405679d2f4e0eb71a75b9b0da9593c70442fe63b895edc865d12439a3,3acc3a1d8e440f30e240ee3076095c0de255594f39393a93f80a5fec624661ef,7de9266d58ec3f9943fbe3853ed4171601bb9fe2d8a54e6fe8922342cb784e22,bf69cd1565ec3c61ad8359b4753db01d17b6466ef4e5e8dfbc00a2091f9cae96,HMAC-SHA256-DEMO,AUDIT-2026-05-STEP3
282,aa70c6cc67669b76793d33a6,2026-05-29T17:48:00Z,REQ-000282,5f299dc3f248e4c74232aab4,STATE_03_DIST_03_PS_01,0de583999fee751f0b57b1a4,deny,DENY_SEALED_RECORD_WITHOUT_COURT_CONTEXT,P-2026-05-STEP2-ORACLE,29f256b76f5631a127e6c0bdd004610d2d33c619e391688948921a3a3b4a24db,7a778a7d9c53c62e1d3c592d3b77fc0a603a913d7ab15a7229bd7f7091af53be,fd57421f7f0e73f95fec4eca69cf59df08b7393e32ad85dbb59ce702e3e96e0a,fa1fbd993761a34bddb45b7d0ff658071bd7405c87bf224aebba927ef1308eaa,a6914ab532e0a913d73ca8d8863fddaecff968611cb377cef46dad7e7f5b80c9,7de9266d58ec3f9943fbe3853ed4171601bb9fe2d8a54e6fe8922342cb784e22,05f6a594a6769a5fa6f6d7a7c25af8be5253ff7153713ed7c7861d3f50bd8ccc,5b0889c62f1edf4fcf3999269e8e1626284b0aacb0c4f1ff39db06eee9b06659,HMAC-SHA256-DEMO,AUDIT-2026-05-STEP3
283,996dc86d649353352518d228,2026-05-29T08:36:00Z,REQ-000283,48f5470b8ce4df5af3e82ab0,STATE_03_DIST_04_PS_01,7c5a32c9e66cd2cd800b2f7b,deny,DENY_SEALED_RECORD_WITHOUT_COURT_CONTEXT,P-2026-05-STEP2-ORACLE,0ecc78708eae07cb9519a845e5f2a9121dcbab62c235bae140fc92564af949b5,dda3667337f9652f43bdc4f4d16cc8bc74b3ab260fdcc4f4da28aac1e0438597,b0cbd3dcefbb52a92ca50a0f9f3c818f72ead556d68f7a9a43f4b30e9961f62d,85e177e25ea54e7efe27de8e04e948e3c0c123c04e45b2147e885528250591b2,5e251202634a6700021c5a44f768802005246e2f4ead5c22f733612c9402674a,05f6a594a6769a5fa6f6d7a7c25af8be5253ff7153713ed7c7861d3f50bd8ccc,22b1367f4582300b3d04ca3f67b82a0889495b62167bc5eb45e436e5fb192955,6a1c097b6c9cb2e95ba2b27e67d4ef8b788d1a6569ccdd9697e8e94f93528b56,HMAC-SHA256-DEMO,AUDIT-2026-05-STEP3
284,992b43827abf1db522a701d7,2026-05-29T04:04:00Z,REQ-000284,17c3357ea795f04352db1db0,STATE_03_DIST_04_PS_01,a3640fe0710c163f60be131f,escalate,ESCALATE_EMERGENCY_REVIEW_REQUIRED,P-2026-05-STEP2-ORACLE,a243784704f318a0f5ffd8878abbdbbe05560bd9b67cd83d38fbf95b9b198a67,057ba206f46134982647319c0fcb7831de24c0e0a5680acc2169ce8b409987d7,8f86938877875f1e1def774add3ab68c8d68a7da09e598313285b277fa5282a6,5904d46ccdd1084e47deefb7302731877cfa6b67fb55203d1f5006f9b20f0a90,987e83e7230357d164fc7cb697dd40c324db5d85d9c26f4829f8dc84f0a602db,22b1367f4582300b3d04ca3f67b82a0889495b62167bc5eb45e436e5fb192955,866ed50fa7f86105a25ef85c53e8768e2056381f58a6366a6005aa3e3a6778c6,1bd7a991fc773915b21820bf071ba349f6b3032dfa5c6a368f17266014b038dd,HMAC-SHA256-DEMO,AUDIT-2026-05-STEP3
285,7fd7c0a76ecf7c14e81233b2,2026-05-30T08:45:00Z,REQ-000285,73518b37a439a4d90b18903d,STATE_02_DIST_01_PS_01,5a2346d627dc5abc734fab91,deny,DENY_INACTIVE_CREDENTIAL,P-2026-05-STEP2-ORACLE,3d59bf06715262116a554fc14f7175266a1f8bdf2fa4260f521783564ca5c08a,5e39b0f1e1e8c27f53db3d78c8eac0b27fbfa4d95cda71400fedb714e0aca816,140aeacb8dbb05b0b42ab9e66c3245cff61747f350d5b82c12aa11f22f413535,545e0405e30813e73b898de0608d8e1a06eb952878a6c669245cd36a44b46e87,371947d1f1f299e69064e8ec4210bdaf93ce068e88975c176d9eb3ab033ba759,866ed50fa7f86105a25ef85c53e8768e2056381f58a6366a6005aa3e3a6778c6,c0de9efa41052e69e15abed61c88aabb4ddb3217c02e6c616e6678a3d0f30209,b4930df18da33f50ee34eb4e185b946dc1454719f5ff0cf91353d26732d3cbf0,HMAC-SHA256-DEMO,AUDIT-2026-05-STEP3
286,5098c721404be1132a5a6dc5,2026-05-28T09:22:00Z,REQ-000286,adb77e6ea2a2edb0afc7410d,STATE_03_DIST_04_PS_03,eab4af4926a38ff2604ec8dc,deny,DENY_STALE_CASE_ASSIGNMENT,P-2026-05-STEP2-ORACLE,984f68f4ae1c5851d4f08fc07179e817d56a2b8e7b3f44bf7af5259dbed7866b,eebfea6b36861468b8a75d5d5889cb0251dc9ad1a8da6a8f82f5ffcc063f4145,230778dfe5e2c18945173b0032ec4b050527380668a98597a1e1e7125921f18c,c24da248121d4a1ecf4d78073733e9f5adf3a07c5fa7cd07e34beb388ac0d084,7ec755ab80a4751731b48edba44236cb277b5624ba8e3726264d0a7b1992cc38,c0de9efa41052e69e15abed61c88aabb4ddb3217c02e6c616e6678a3d0f30209,18bcc709ee04be3c345303120c89c3a76d90c16ff662e3cd6956c3fb9c55ad57,4fc105dc72bc33e3bd2ae5d7c47feaf756aa52ad4ac3a2ac14fcf55ff387de23,HMAC-SHA256-DEMO,AUDIT-2026-05-STEP3
287,390b3fb162e9e15788cdb93a,2026-05-30T04:32:00Z,REQ-000287,1f0d6f8c17d7221984909f27,STATE_01_DIST_04_PS_03,2a44ea7167c606e1a50fbc7d,escalate,ESCALATE_CROSS_JURISDICTION_SENSITIVE_RECORD,P-2026-05-STEP2-ORACLE,dc07ae3a0ea7747225420d7b2d24d8ba62cb1e2b3bf7015e12949d2be8bb22c6,08eddf2c70287fbb409a42441db42ad31325119b3cd1a9546305e69f3a922a2a,47b6d5c1636bbb6f8d7c2f38b04b6169df1d96bccbed9b4d78ab1eb4edb1423e,1288c6f34dad9429dd2ab64bad6fb85b34bd05537e34dd124d3a28470faa58d3,00775eb4a182973bb6279d494fc4b69364d3fff781ab5d0781d029251d6fefcb,18bcc709ee04be3c345303120c89c3a76d90c16ff662e3cd6956c3fb9c55ad57,f8a1d7841166bf7fb446ccaf5d386eb090c1e2c669bc490b9fa87877d9830d04,89591a425bfa543f8a9153bfee2c8abc1f72d67c431609f6158b7d24b2afb464,HMAC-SHA256-DEMO,AUDIT-2026-05-STEP3
288,c43b5ea0ec982f1abcedad52,2026-05-28T09:36:00Z,REQ-000288,4857d6398585bfa5b41baddd,STATE_02_DIST_04_PS_03,fc913d05603cd852d4140f75,deny,DENY_STALE_CASE_ASSIGNMENT,P-2026-05-STEP2-ORACLE,e1b19facb9a2ad2ab0c81be30a2b284da7f426e3e87128ee99fe81f8244388f2,346d66bef51e59f2c4761fd6be7bb66bdbe23f4836ea3d117e09c84d3a255ba8,d6f4b2140abfc6e23c05563efed589c0be407d82b3f4cc898f1755a339822b87,7ce227c5d84b5fa52ed991b937d6413da6d5071e92fe11eb27ac3ead6f6ad53c,add2218a38ad239bce9488b8a0501c39057535acffeb18405ae061cc06e7d2bb,f8a1d7841166bf7fb446ccaf5d386eb090c1e2c669bc490b9fa87877d9830d04,dfbb8ed374b0f73043551aa22d28a7269b6eff45f08fe5e419869e860bbc973b,5d31c7d69b7a2f2305bc799fefb3fc786edcb2016593ea8c690d68387b1a29e7,HMAC-SHA256-DEMO,AUDIT-2026-05-STEP3
289,aa1bd455a1d13c4c280b60cb,2026-05-27T09:38:00Z,REQ-000289,46b29e30bec752302a2d886e,STATE_02_DIST_02_PS_01,215ab041d7ba027eff82f6d6,escalate,ESCALATE_PRIVACY_SENSITIVE_RECORD,P-2026-05-STEP2-ORACLE,9a477f5870280d1f73481645ca661c886dee30f0bdd3b0a0a59ace96caa6581d,f5b9802da040be56580e2b3b476fd4b6582766792a0eda40dac1a00a2494165f,f1236aa44a0e0f3219e49d3caeeef7c7b23262859b2262de1fe0994a279be242,dfa9d62881d9d859a42225a1cf352d08fadabe098e59afdbff3da13b224a6317,6a322c576d9375df7ae54e3208f193e40c35ef1b3ce2dd02effa325f3ced74c5,dfbb8ed374b0f73043551aa22d28a7269b6eff45f08fe5e419869e860bbc973b,418038ab50701b7541b93c2c010ea2c9f1d698148b9dfe27ff182b821825e37b,3770da6e521790d4460569906456ff575caa06b1f6837fa7a0e14aff11f8996f,HMAC-SHA256-DEMO,AUDIT-2026-05-STEP3
290,3fcb15731054fe8bff5f6670,2026-05-30T00:30:00Z,REQ-000290,c3da23329ac65eb7b3af694c,STATE_03_DIST_01_PS_02,17c8611dfefa058b391351b2,deny,DENY_STALE_CASE_ASSIGNMENT,P-2026-05-STEP2-ORACLE,40f0507c202c89b66bdc908ea18c39279a67583c4850ea34ca9232179df2d426,114c6a6e11f265348427c751634a5d91508062400c2c410ff6ed768fe6d69115,0a064a5f6a1abf636d9c03544bc32a2b9ae546e707a7f8cd6a046bdef4ca4e28,fd4fcbd0358b8b321567931cb266722978a5c440ace0be1e02a9f338f9a15c55,0add7972d14db6fbe84fa6db4ea74dc3995a57a1a05d2319f5594f14a85746e2,418038ab50701b7541b93c2c010ea2c9f1d698148b9dfe27ff182b821825e37b,7287d781531087d6cb907a5a80553084b911505f06ed771e360f910752d0bd39,ae4591cf43a8b7b2f5312f0e1b64905fe40f1f86c1aead96f7fd0b0b47ca7e82,HMAC-SHA256-DEMO,AUDIT-2026-05-STEP3
291,ce6b02750790597008345e67,2026-05-28T00:15:00Z,REQ-000291,6b0d84a1d858aa1335aacb1b,STATE_01_DIST_01_PS_02,d95f9c5d640c8816f3f8bfe6,deny,DENY_SEALED_RECORD_WITHOUT_COURT_CONTEXT,P-2026-05-STEP2-ORACLE,e6035d06a952182e4c23b217791171d65524da9617cafe5cffe9cf2d9f4f5b7d,93e3ebb3a24a305535d0f34447c1898e64ced8f9b2f87177cb9fe483a225c4ad,e53e239ed130f828ef0608d1ba183f5a3ff56fe924a71429cc5f9610c24aa26a,2728718ac7c6cba49d9f0d12c6a5865946a3ede30ec42ce2fbb80e03552a4930,5ab0330f596dd910727864d31b869992bdf768b67250d5342d10a6a7a2ba3be9,7287d781531087d6cb907a5a80553084b911505f06ed771e360f910752d0bd39,669b815cf018c46a28d7d62864f6fe059f49eb7100a35472366dd09611b88ef5,a07c6fc6720941a25fa598fed757054ddb016d6453af865aff2d05eb3f8d0bb4,HMAC-SHA256-DEMO,AUDIT-2026-05-STEP3
292,56d1c00c73016552b3523cc7,2026-05-29T05:32:00Z,REQ-000292,7fa77f7b07565190b1b9a0af,STATE_03_DIST_02_PS_03,17c8611dfefa058b391351b2,deny,DENY_EXPIRED_APPROVAL_TOKEN,P-2026-05-STEP2-ORACLE,9f27eff76528a7642afaae04e6d45d1766a3952bff936564ec38e2f186a2fb91,49c2e7e2accefdffe497a2eb98af602ece0ec802be6eae5571c5cf30817e44d5,190422e9c12fc34daaf33d5676d8ce079dfd8e17e68e196564a38cdeb15dd2a3,86fb97b86fc8b47868642883317d0f1c46d339e02623987dd4a9b9198ed89076,e3c77beb3abb61579414ab6af87fe8456c9f215d35040f9fb8fbbb8e5d637ee0,669b815cf018c46a28d7d62864f6fe059f49eb7100a35472366dd09611b88ef5,5461c6b20f01b3554a09a79151216976cd6160e7018ec9425ffabf77312a2397,5e7ae7bdd0c34774c9eb5d902f6a806c24b5e254f1062cf55e5c3a562a7a4c71,HMAC-SHA256-DEMO,AUDIT-2026-05-STEP3
293,bab9d7d4003ea32037bc1a14,2026-05-30T06:08:00Z,REQ-000293,f59f4c244c14d1c05b3b5fef,STATE_02_DIST_04_PS_02,31a9bc92fe67a1f3c2a37133,deny,DENY_STALE_CASE_ASSIGNMENT,P-2026-05-STEP2-ORACLE,6727ce3fe5e0117fb609e8de1e29e9281f45fffe2c9eb0fd95209a91f2d99e52,b58be225ae21d829e58dd6c45dae10fd223139be9cc11a661405641d55833e1e,27db7d7d6bbe047deda991c59c778b6804cccf92f6a592b5f880632fd35dfc78,742b268f6f0fff4eed32f82149079f21076fda0565f606aa2bf175c99d631395,cdc3060219ae64bdeaae3f68e18c34160e0d1a03b5542c8c5bfcc49127990391,5461c6b20f01b3554a09a79151216976cd6160e7018ec9425ffabf77312a2397,4e93a2baef6f9bce5d51606a4756d340112b4fbe9e6d66a43fc1d37ef91fc469,0e7adbe59d5a354eb6e3015f39cfc1804d275cc601111e7d306d1d33d76086ca,HMAC-SHA256-DEMO,AUDIT-2026-05-STEP3
294,a67972f178bf8e282feebb93,2026-05-28T20:06:00Z,REQ-000294,b6791729f7de52114f8f5aba,STATE_03_DIST_01_PS_01,ca153ea0d75435e5b8a9b538,escalate,ESCALATE_PRIVACY_SENSITIVE_RECORD,P-2026-05-STEP2-ORACLE,ff505deb8973a701473ebd967cc6d6b86aea2db237f4e4cafe972e0fd640143e,67cbfae45c69bfa15c1a6f2bb250168b369a625f93debeac82a6009cb9123951,6d916bc677f810cc58cb3b901d68a90f6b9e34f199442ec5ea58ffb127249208,b14af9c2b13a027e94150efe2911b21321d11680aa18484dae12b0ae3bbef2be,d1199713c79199eff8fe7a6f0bd6e0016c86675c084947d08c7c231237688510,4e93a2baef6f9bce5d51606a4756d340112b4fbe9e6d66a43fc1d37ef91fc469,ea7e0ad87ce3d12f5b4834fd21e20f2c2eb62affd44b7f68cbb5548f78e46a22,96399bae7f36ce0be26bc7bc6f27f513e5aee27674593ecb6cb13c261f6316ff,HMAC-SHA256-DEMO,AUDIT-2026-05-STEP3
295,98a0e8441b6b10efd78bcb42,2026-05-29T20:50:00Z,REQ-000295,3d55943653d0579351b1bb1c,STATE_03_DIST_03_PS_01,9fce236a36075cd6bcd8860b,deny,DENY_SEALED_RECORD_WITHOUT_COURT_CONTEXT,P-2026-05-STEP2-ORACLE,62a135f7fb0eba14706ec13cc1ca5418c2cf9fb85c7b1fefb929318005aed2e1,0bb56fb466a4f6c94bbed65618d68ab9059488857a64b74b29078e5cd29d9e17,f981c1b47894ced7656a1275aea64edf4baf5723f98792b0cd6c0eef926abb23,ce4a432dd6144baa52804cc697901d5cb3ec82de4a8379217b84b06b221dcadf,20a78942e613ac3c651d0145cfbafeba0216f39a958d7a4316d1179c595ec4c9,ea7e0ad87ce3d12f5b4834fd21e20f2c2eb62affd44b7f68cbb5548f78e46a22,aafe3e68b72ebad42503651477f3e240be4248b708a9b2775b928cc093711fbe,6eec7d832fe443c3ad12bd7a764bcbd6e3c72419068e34dd3ea1a25848d60701,HMAC-SHA256-DEMO,AUDIT-2026-05-STEP3
296,f2324b4685d3db1c16f0c2a2,2026-05-28T10:32:00Z,REQ-000296,750741a21ba1ad37a768df1b,STATE_03_DIST_01_PS_01,14cac1db740ca3069e8c9406,allow,ALLOW_ROUTINE_CONTEXTUAL_ACCESS,P-2026-05-STEP2-ORACLE,9ec7042202b2c266fd1ee3b9286c961991c6bdb97cb79cc34830d2c4a5870f20,9193a2503bda9d25d412821ba16128107cd1b136e27af7e632e6a479750a9faa,6391196a4fe7191421a85a7a03fbaf6a8c92424d6621edb68773cd0e8d6cc2d3,59d45f5a733c8f575ad570edbaef9f36d34ba74171ade851ba57bfde9aba6aa8,c5101737ba48eba6f1803a777a58e9bd878f84d1eb1df2adcdbca7f8044f3b3a,aafe3e68b72ebad42503651477f3e240be4248b708a9b2775b928cc093711fbe,af4956479927ac90dc7930d2be624d3d14885234eabcc9b0b20ec119814508c0,40f99a82c66effde5308031fac12b701db678c7fab3d82ac8f45883221d98b56,HMAC-SHA256-DEMO,AUDIT-2026-05-STEP3
297,4886dcd09505d27572cc72fc,2026-05-28T00:45:00Z,REQ-000297,b1ddf55c2af537d97ad1287a,STATE_01_DIST_01_PS_02,425abada7c0fed7e831ee20d,escalate,ESCALATE_CROSS_JURISDICTION_SENSITIVE_RECORD,P-2026-05-STEP2-ORACLE,92a21347c9f9cae68c224310e09ddf57d8f194e64c10c657a8df1b6e854bf13d,d43a55d0482d7c576fe66a4df03d05ff51162e0ea76ab0f2b45fee32aec7fd72,715554838e8fe2f4b25312c5bc3bad6282f1c00a53aceeab3e8a79e7f3bf53d5,f94f0c4c4b41a010c152dec1d77d0405080167da86c897d01bad60c8b32d3fcb,45ad392ddd10de873ca22704c35a43b6604cc999c5a0b1e83b4df79e60b61276,af4956479927ac90dc7930d2be624d3d14885234eabcc9b0b20ec119814508c0,05e70f3063870d89bbca938bd495e9cfb7d9ec36c5e64f51a5d29f8bc352a1d8,10ea6e30cdae46758a0a9a01079fb6676630d01aab7fbf79ad2a015df8970711,HMAC-SHA256-DEMO,AUDIT-2026-05-STEP3
298,9ceb19b4ba7bf519d83cce01,2026-05-29T21:32:00Z,REQ-000298,b5c2c2becf92b9e253d997f4,STATE_02_DIST_01_PS_02,0a4ebe96de8201efc315bad5,allow,ALLOW_ROUTINE_CONTEXTUAL_ACCESS,P-2026-05-STEP2-ORACLE,ba45998a7b4a329ec396ac28d4e0151631b30ed7c84ebd251b18ea599722fb5f,a7d314f077c2af888b8e9ec8a77c4373990fd913032e5482b774f0a0acb12cd7,55dca48d6c4a4bdbed6522ae6efdfe9056e33a385e75e85aa513546bbf6cb5bc,bac67545d72a38252095c0c061e8aad66d4672b74f67a13bd8858b46dd55abab,6b569c1884c123751523ba21279a507b7cc06a7f5f82a586c927ec2628210821,05e70f3063870d89bbca938bd495e9cfb7d9ec36c5e64f51a5d29f8bc352a1d8,edce12fadb27f37b353e276d8052176ab09488c5e3b93b190177d036f3a16d5d,7e34fbef958adb3009eb8062cf1011f320b0d1b5ce7ed7a2836ecd0654571fce,HMAC-SHA256-DEMO,AUDIT-2026-05-STEP3
299,9c0a9542f6e5d0f0cc089129,2026-05-29T21:46:00Z,REQ-000299,b5c2c2becf92b9e253d997f4,STATE_02_DIST_01_PS_02,7ac6a8505413a1abfe9c2c38,escalate,ESCALATE_PRIVACY_SENSITIVE_RECORD,P-2026-05-STEP2-ORACLE,bff0c60c9694560e446f6d25dc53a5454f07aef782819cc3f2681d0f1787cb66,dce45fb267e23dccadf4c69fff317d70b36ef1061aa91fe680e6ff1ae7a36586,2186b1bcde3c22ed1d777174a8fae83ae56cf3d762ef476dbdc6bf285303f17a,fa79a4c715ef2e64d2525a3e91157c3d8c2381baa23a94a772eb2d4d22702f3e,44601218604e6adba2531da005a85b7ac8a6577c1c851144f45a297fc1f4fbe4,edce12fadb27f37b353e276d8052176ab09488c5e3b93b190177d036f3a16d5d,192891ea0ec84998e6909ff1bab519d02f10c333884d163fce4ea6e416b777dc,3d0c1e0651621f7336a712f203bdb6e5c8df75dce293f50e5d121a3911a1d203,HMAC-SHA256-DEMO,AUDIT-2026-05-STEP3
300,9c72755613403d1a963e3718,2026-05-28T01:00:00Z,REQ-000300,f920410d24c1d513e4b5b45f,STATE_02_DIST_01_PS_01,6a2e764a7c5c098cd2bd4b1e,escalate,ESCALATE_PRIVACY_SENSITIVE_RECORD,P-2026-05-STEP2-ORACLE,4d41436c8aa222191e1379791060297913798a717ab88b6a9737781052ff7a5c,21f21ce4205b5ae0bd8111144f29081174af10dd01889b595918b0e4167244a9,f887955ad694e21faef7aa59cf8e760b659409ae7f3422727458755f5875988b,c29ba589f3ee691bfa992caceeb5371273fa928a65ff1f61e0579eb11a2367c0,6d208cdb5adf5d4c99d79b3dd2bfe94b57ae1d632294a47d6099bf6ca00f0a61,192891ea0ec84998e6909ff1bab519d02f10c333884d163fce4ea6e416b777dc,919966936e61d730d04b5b76953b03b9a0be30b25eb9af6758cd167bfb946b22,8f5f91f40e1ace42504cea44b1072d4cd27d991451991df69317c507200e439f,HMAC-SHA256-DEMO,AUDIT-2026-05-STEP3
301,367f75cb77ebfd8bd575d0b1,2026-05-27T20:04:00Z,REQ-000301,1f84d906e82c7901ab98337e,STATE_02_DIST_04_PS_01,7dee870272acf5645d4ab84c,escalate,ESCALATE_PRIVACY_SENSITIVE_RECORD,P-2026-05-STEP2-ORACLE,c8a6add5940f8d9a2c3911b0df12d0657d121ed0d0083b971feb4170a6068b30,0c7613e4e49c6a15219e09bb0c350dd74b84df83af1695657fb3e3d276d7b015,a5889f4a188064867dad8faa8ebbd3402d5757ce13b34bf50c810fe36d0c5595,132bb94227489ed465e35242b5d78a8cdfaf60a751a1e7607daf0f7e2353e5d0,9f2b7ca321e6f543190c4c5232f2ed13fd2657ff60f2930abb7044e1a5d4d13b,919966936e61d730d04b5b76953b03b9a0be30b25eb9af6758cd167bfb946b22,4de2bd5ce2e72e22ed04f280aa369163682c999f3be7d4d61dfda80095a6762e,144d1b3f9385bafce739e1c35efc70a45afef19b7d73f8ee891dbdc442d94be0,HMAC-SHA256-DEMO,AUDIT-2026-05-STEP3
302,3c3cc0883fb78c5d5855a3ae,2026-05-29T12:24:00Z,REQ-000302,8d48fc84d688aabaae7c6986,STATE_01_DIST_03_PS_03,71bbf19d311d6a56e619166e,deny,DENY_STALE_CASE_ASSIGNMENT,P-2026-05-STEP2-ORACLE,d782d437642c135dac8cca6d31c26b1e9063e556adee7f69a1831fa52f8e540b,8a79d648258e4a0d235b7f164b34f5d995ce0c8fbee52916c16f5fea4a56ffc9,52fd23d703a2a34ecfc55022cfbefd72ed1e904eff052d735bdd0168d226a254,082079ddcc96540232b4fe8392eaf44b0946b005c588cfb140345e2aafb1e65a,9b16b2e1fbe7a2705092067937708d5eb6e864c0f61f25c46fc1044f24273ae3,4de2bd5ce2e72e22ed04f280aa369163682c999f3be7d4d61dfda80095a6762e,322f49258c6ecc867b7d64fa88cd1689725f5723bdaf7eef45df5004aef2a66f,c533f6160c9130e01f6f9e931faba5757b6c6c6afa5530e7e6f7b2e38bc6da5f,HMAC-SHA256-DEMO,AUDIT-2026-05-STEP3
303,34e0caf3d808be23cbe288e8,2026-05-28T11:21:00Z,REQ-000303,cad50d4d8a49a83faad951a4,STATE_01_DIST_04_PS_02,824a794b4e624def85c96265,escalate,ESCALATE_EMERGENCY_REVIEW_REQUIRED,P-2026-05-STEP2-ORACLE,6906d2b22b05e14bfbcf348cf71e193ecb83c42792c52e266b43a2eab8409c1c,300f32e8b2afcaef9abfa4b878f2d053755f828960b0c297554a298952e160bb,83891f44f5c599439a96a35810cf0f39ffa688466df1835b685bdfe80bdbc1b1,3647cc541ff6a1c13b11f4e5bc65456eec591df9c4e5d634df4abc5549466a55,e2e189aa87c53cc3d0ed9e2298761e5dea32a8ab4947c93ed1a6bfecec28e7b3,322f49258c6ecc867b7d64fa88cd1689725f5723bdaf7eef45df5004aef2a66f,fcdd46a4f061ed9cfa41ef8a55357ab2fea98085fd3d471874e2bae1b7075fdb,b99ceb589fa392468d70b0ffc9ca7263ab7817e94c3ab0ba689318a7b46d7a92,HMAC-SHA256-DEMO,AUDIT-2026-05-STEP3
304,c1f01f629bbb5bdfe52a165a,2026-05-29T22:56:00Z,REQ-000304,ade36a17fa7aeeef7c2513ee,STATE_01_DIST_04_PS_01,3cb075189a11cbfaeb6ef8ac,escalate,ESCALATE_PRIVACY_SENSITIVE_RECORD,P-2026-05-STEP2-ORACLE,579842093501a1e3562f433dd6299543c91198bab74f4fd00653ccc19f7d9e9e,abe5ebb3b9cba9e9ee525c0b35e9b1b9f0c8a4686e7779ae5a01d842126990d5,bf4a802e3cf931c43635e7680a06d2fde00bf58444eca23419469ff5dd6655eb,ce51257921699209bb19495da7133e1070c9fa64fc9136c5dfc9315914e5b89e,0f68952badbccd8e0f7a1408fbf2e1a44b311b19098455d80dabaf16dc6bb635,fcdd46a4f061ed9cfa41ef8a55357ab2fea98085fd3d471874e2bae1b7075fdb,2ccb6af6c849d32d269ce351f039eded216a125baeb6ff4d0c3969e748b50cbf,21ef2b265b0424d25bcd635164f953d42eab8842adcaebf632fdf4f26b41b6d2,HMAC-SHA256-DEMO,AUDIT-2026-05-STEP3
305,0b5888409b3f398f83019d9d,2026-05-27T10:10:00Z,REQ-000305,f250eda449687032c1f3ce21,STATE_01_DIST_01_PS_01,e5302f38762e2bdba2121487,deny,DENY_INACTIVE_CREDENTIAL,P-2026-05-STEP2-ORACLE,4ca01977b5d016f25a9e4adc900c9d2b944f185e25520a8cedc265eb5369f3e0,db4cd0ea77a716bf68ec873e33f6ce89087beb888c53b0cbcda260d67e82097c,52945244e7476ff61de4787fbca28eb5224c6ed1acdb61eaf7c83e923181bb38,494c2518b724735cdbb0c4bd189b577e7968bcdc552bdd9357f24da5c510e29b,1bd4d3a37173684bacea5097d8b098d8d31ccd531418d0e2063c96cb2861e2f1,2ccb6af6c849d32d269ce351f039eded216a125baeb6ff4d0c3969e748b50cbf,39a2008db4118ac62c075944f3b0cce129a5d51c580f50914344070a31ba7346,f3df93ccfe026f52a87c238185c7528000d7855a035e4877e238df00bf93906c,HMAC-SHA256-DEMO,AUDIT-2026-05-STEP3
306,b01b964f20041a126ce36cef,2026-05-28T01:30:00Z,REQ-000306,4150a8ceaba40e213683ea41,STATE_03_DIST_04_PS_02,6311a0f47a8698c4f4a12070,allow,ALLOW_ROUTINE_CONTEXTUAL_ACCESS,P-2026-05-STEP2-ORACLE,40f4e0bfa9ece9fb0b874aebe1f4b910f97c9d5bbbac1ae64f6523f92ffb960c,cafc5d71ac9e271c8979ce29f9cbd154d39c8293997966049cbb99dbd7e56177,9bc4e0ad688ceaa6cdedbf48deeab4fe2f3c55fe64a2836752f2dd8a310c5a16,b2e2bd13ce98d1a7a18edd9fb23e874db13fd643950faaf94f768b5f2dde0965,d41212f3d71a0e1a9b63aec9714dfb61942978b952fa7fee3fcf04acaf798217,39a2008db4118ac62c075944f3b0cce129a5d51c580f50914344070a31ba7346,48720a264075a51e464db067accf5895a1e893b39ef514b2f9457c67583a3dfc,6836e5abd468e0bf668d27de96d6b569ffef489d09dfc60a9f1de368f6449b78,HMAC-SHA256-DEMO,AUDIT-2026-05-STEP3
307,56b8cea79fcd65614483fe17,2026-05-28T22:03:00Z,REQ-000307,1086c897162d91ce96d22b8e,STATE_02_DIST_03_PS_02,a677cce772515d48d3a1528e,deny,DENY_SEALED_RECORD_WITHOUT_COURT_CONTEXT,P-2026-05-STEP2-ORACLE,43cd491c1e23d2b2994e4a371186b92ed8bb8ecfa15d33a045325b04a5c6912e,e8a435225cf1e422e36bd9d0c5d15b004212396b16762b8001bbb623e9a92ad5,f2ea4d7da23a8cd10b186b902d68ea1a19e4e3545d54a14a40e7406eb96ff0bb,3af1bfe790a2ac37bc667d9a5fde77c40ea94f78f1b09cda8b9a0c98e58d6e02,7b87bf35ae7b91e4ae8e4df2fd6db3c4eecabc7cf64b7e69215ef75f9fba00b9,48720a264075a51e464db067accf5895a1e893b39ef514b2f9457c67583a3dfc,bdcb02654f18489d76cc97228c7d54efd32a27b625b7574058acefa8ddfa849c,01c0b55eb3289cd680a7a79350597fe85a1d8a9a07c1fc75fe66f8470d6d8ca4,HMAC-SHA256-DEMO,AUDIT-2026-05-STEP3
308,1e4ba47ce9f178c5ee783fd8,2026-05-28T17:04:00Z,REQ-000308,9f1a046129b76f0cd0f13803,STATE_03_DIST_01_PS_01,14cac1db740ca3069e8c9406,allow,ALLOW_ROUTINE_CONTEXTUAL_ACCESS,P-2026-05-STEP2-ORACLE,0d8addb608993f2dc3913b86694a4ed7155ede892ed67e91a2e68bb03494add5,527e4b2e95bfd8531eae83675115fa993f1f91cea5c67ef22d1ab5e9924de8ed,28dd0d1eff56b113f4f5bb9d84108fe0b4f59eb28941764e2898201a5f4a6aef,2879da4d6215355c6c97b30bce0b23f50f69b142e98258db06a8306948e102a0,66f10c07ac7b1f425114eef315938982d45166dda654aebbec8b9bdfec1ac184,bdcb02654f18489d76cc97228c7d54efd32a27b625b7574058acefa8ddfa849c,b72ecd22b1d5c1d4450f2441f5320fb7f24581b269cb876b970f7f7f6e44b4b2,903cb593207bab73340bdcc7cc844b510896baadcc1fdb07751d3304822fe1dd,HMAC-SHA256-DEMO,AUDIT-2026-05-STEP3
309,32a8d78a0c107910dcd96bc2,2026-05-27T10:18:00Z,REQ-000309,eab5f274c3e036f9a382d87d,STATE_02_DIST_04_PS_01,7e8ccab175c754a03694eafa,escalate,ESCALATE_PRIVACY_SENSITIVE_RECORD,P-2026-05-STEP2-ORACLE,435d198c633796a2b0c79bc50ab9fe970786e7c2031102f39d3549fa7c301724,ce6bd10486d0f1f4babaac42a3ded6e69dad3073f2c5993139d6dc614d0275ab,f3a7bebf2d4b3295e9fb044f96b4b5fb527a75c353e79a91a41a99747a798e7a,d573dceab88b7960ce71adfd03b92c0e4bf6e45ef4d66ca6c6111b22b895e4ff,da285f238bf311b1d7b4d31a10b77d9815471364d245c4b9dd043bfcefcd6bc5,b72ecd22b1d5c1d4450f2441f5320fb7f24581b269cb876b970f7f7f6e44b4b2,6465904c92a814853eb92f5ec8126f6d5d0660aa7b63deb1bf9f88f178266de9,f03c903cd354e53bc09fbe99a6e3184f724e0b0583449c24b86c88fbfbbc72e3,HMAC-SHA256-DEMO,AUDIT-2026-05-STEP3
310,ba2977b6d5dab68afd183608,2026-05-29T14:00:00Z,REQ-000310,c0fc3111ae7a563a9f54250e,STATE_01_DIST_01_PS_01,cf8ebeb85a2905cc60220b74,allow,ALLOW_ROUTINE_CONTEXTUAL_ACCESS,P-2026-05-STEP2-ORACLE,28799ccaaf0587fe4864acf9444ec63fffd4aebb00cb48cbaa72a8ef7304f16f,0b21acc7a5c720fef1e8ab52fad0ac21c958d725a31c5abc24a5bc4efbac0bbd,77b9e01bdf1ba653b11f137a30d92bcd1943748d59e11ac358fea322e090ada6,88625b584d3a8fe9729b84872f4d39bf2a63ad2540d3687fe11edef073ecd77c,aebfa0feafbb03eaee9fb10c6c4ce6d0431191096775dd06bee1df3a1093ddf3,6465904c92a814853eb92f5ec8126f6d5d0660aa7b63deb1bf9f88f178266de9,6c2d2f95fa4ef2c861549360da606f7e5b8d8eb4ee760889566724891d3881a1,7fea46cc2e66a2834a665d33f8889f2a88caac8a46f1fc1fa91344e2839e3073,HMAC-SHA256-DEMO,AUDIT-2026-05-STEP3
311,d5c49f00c73ebcb7264b71ff,2026-05-28T22:39:00Z,REQ-000311,59295c95c257a05519b6f91d,STATE_01_DIST_02_PS_01,c3ad82ff84dfe0275c582cf5,deny,DENY_SEALED_RECORD_WITHOUT_COURT_CONTEXT,P-2026-05-STEP2-ORACLE,85f9c6348e957e9935db0a9b13702b022cd4cf76c9515f2b2fca8b952b6a7936,671877dc801376b03c52e39d24ae5ccd6b8a4a55944166bc00a92666d66fc524,7f27a4d97652b2c6f15c0669189f540626152949fb483adc228a307f5804cc8f,90dd1b4a208390c1f203ab0c19df32715b854666b7f909e539420805f4a10332,70f0b31e8c91592921b9c1b765d63b182a7721380e4c00db9cbc140dd9ba55ac,6c2d2f95fa4ef2c861549360da606f7e5b8d8eb4ee760889566724891d3881a1,6b64deee305b88ad046f60298c20a4bac2c129c4bdca17af5cb0fbdf345d158c,f53facf1b7985fb039d9504452d721e35873349cfe19fa4bef6f795ad8f05959,HMAC-SHA256-DEMO,AUDIT-2026-05-STEP3
312,f2e6983db898332525106571,2026-05-30T11:12:00Z,REQ-000312,ccfa52e7df949ec76b129260,STATE_02_DIST_01_PS_03,1aa08103e3c7e97cf82499a7,allow,ALLOW_ROUTINE_CONTEXTUAL_ACCESS,P-2026-05-STEP2-ORACLE,2aa8060c3213ed7860eb476c0fda21e8abd95e44413adb600cbe5ae5c74a0085,b0690d6d294fe76391e3ef939187061043edc1a5bc589418aceae4552c3b11f2,77ffb9606e2216baf6898572d9c980665fb4b9d19c96e6d55ea82fe67cb3e41f,920bafeb150ea8b66f6e1a3b8d2529f4a8d86bae366d5e1779f38d136237ea21,ded84b82f7d5676da6e1218236df206b72bdc64f406142ca6f36b148d79f6df9,6b64deee305b88ad046f60298c20a4bac2c129c4bdca17af5cb0fbdf345d158c,e664d02d5fc24bde94a98029b7e1bf151a41ea0a734425f6efffdcc4f53434a6,eea6867fb12c0b85b0ae53716873f2c9981374a687dc9b6004f953895fcfebc6,HMAC-SHA256-DEMO,AUDIT-2026-05-STEP3
313,c1ac7c181e0455eb100c9383,2026-05-28T07:18:00Z,REQ-000313,3d55943653d0579351b1bb1c,STATE_03_DIST_03_PS_01,9e07dff2b8dc1dd1a0637d25,escalate,ESCALATE_PRIVACY_SENSITIVE_RECORD,P-2026-05-STEP2-ORACLE,af6ee52b0d98f3088a189cbb8678432713bcd69bc90dffcf27cc602357f8fe12,ec78a91b83546d1b88834519680dd6ee5917cce3a8424a7679c0e4dc0ec26222,5c96be1dc1c19612e8c6589720a05a0ef5163c0505c1611e7285f5d560f0ce85,41f3758c710bcb4562824e1e894af623b7cf607e03ae95d58600f27f6ecd466f,e34810283e03fda894158d106d76fa772ecd47242c6510ff6615310c17924e90,e664d02d5fc24bde94a98029b7e1bf151a41ea0a734425f6efffdcc4f53434a6,8b5dbd97aa6ff880e253e53d27cd12ed4e2b9ff94a875ef3bb7d5f7e9f289cf0,4e4de67a628a49c0dfe8eda51fc09ccc0a3b065b2601607617a05e02dc90a7dc,HMAC-SHA256-DEMO,AUDIT-2026-05-STEP3
314,6f94ad1ae6373b192b89d9eb,2026-05-29T04:20:00Z,REQ-000314,fad5d40018942c6b0ef2d75c,STATE_02_DIST_04_PS_03,2f7541feada906826bfe2619,deny,DENY_INACTIVE_CREDENTIAL,P-2026-05-STEP2-ORACLE,96221b45bd74d5ea08298a600e101cb16d7faf7b7f16fad402062afe79a3e1d4,2a9863d7142ed50d4ae708e500fb2bf3245c44191e7dd10335f407e549b971f3,06648edef36bb5f52ae122b67ebd05f39828d9c7c8b6dc7caf3cdc1377711575,588b93469fa78b83303df84f7e929ab23a2d976741077050aa9cc3260d45bd36,6f788d7c177f0dd247264aecd3fee9c8b30bf569957c6c1afb9d241cf847191e,8b5dbd97aa6ff880e253e53d27cd12ed4e2b9ff94a875ef3bb7d5f7e9f289cf0,eaf72db14f751a71dc4ab2f190756d023e6f12f01cdfb3a1d52d443dde635612,a5408f7ffbf850317c32c3ca793554a8ee52cfd88e77a20991608beea6ed9d49,HMAC-SHA256-DEMO,AUDIT-2026-05-STEP3
315,be9d66a88f3e63173870a2e2,2026-05-30T01:30:00Z,REQ-000315,e432fb8e9e7dd060765bcd20,STATE_02_DIST_01_PS_02,4020825f360cc30925138d2c,escalate,ESCALATE_EMERGENCY_REVIEW_REQUIRED,P-2026-05-STEP2-ORACLE,f5da56022a885f6e92931ae6452ccd049b64f22eb8b4fb6e0cf48c97969f96dc,2027c65eb4560da5dea1428b1634a0a5a38d831dcd69915c1b1c82867bf5a40f,a454fd274a7ea7ed9026710eb71a346793b2867b35e4b466c7e701ab8ac0cc98,23cf3f843c7fbc4de5a55843106f2e5532071874e897811c7a91e851be9c1f71,080093ebeb8059b69aa5de7741ac7c6cec9d695510e6cd17dc1b639a56371f4d,eaf72db14f751a71dc4ab2f190756d023e6f12f01cdfb3a1d52d443dde635612,c28d19a6e55c040a26e387394f3e2d84927e4421761e496c89c05927a844cf2c,e2acb13e036ff5a10bf98409def6db75d58b1226142119531b296fe0027a39b4,HMAC-SHA256-DEMO,AUDIT-2026-05-STEP3
316,e48f5e384443a2b9bd6c4c2f,2026-05-30T07:00:00Z,REQ-000316,e246494264abad2f32845507,STATE_01_DIST_03_PS_02,d20d4ecc7bc1250633dbd895,deny,DENY_SEALED_RECORD_WITHOUT_COURT_CONTEXT,P-2026-05-STEP2-ORACLE,498dbb326239df8bc180e904134ce978631c17da7ace7353747b9a1a328fe446,e3dd1dfd279add9840dccc84bd3eaa2c25d65108a071e63f5c12013a3f3df20f,83fefe5bb786b7ec4e30f65362b889bd6c42ec055942ca132315f8d9cb46741f,e875a113fcae3c0e609ac0121eb39ed5eb05636b8b3a0bd3131a3b6375d91557,2b9392c6ca4f511b5403807afd45a5c9d7d6f59ad79097c208c50c8dd8cf8134,c28d19a6e55c040a26e387394f3e2d84927e4421761e496c89c05927a844cf2c,105dcaf3b7f7dfd115f959316f2fdb82e64d475820d03df97c169243dcfa0016,90c9b554038691e54190e1390dc3560072543bd7c8e15f3c1818fc220cca4826,HMAC-SHA256-DEMO,AUDIT-2026-05-STEP3
317,f7cf3e837f536546371fc342,2026-05-27T21:08:00Z,REQ-000317,90740f6d12084e4c579f3454,STATE_02_DIST_03_PS_02,fdb7034b483c7023be0c105f,deny,DENY_INACTIVE_CREDENTIAL,P-2026-05-STEP2-ORACLE,262251999e7244953adeb1cee33055ee79198cb46aa2ee526fe000ff666a2cda,85fb03dd5a773e1a9cba853ddce3d3cff7281345a2ef4c1a5a359575765b42d3,08aa9e497fe07cccb2fde7568dd872a5a4f35e5fb8589a4846355619e59010fb,0d3e62e4a84e1a1ba697a6ee38ca8fc373405efa99942956bca59bef63966ac4,b62cad8cf09f220268a1b96e2700b9ba6f7053f34075ab1e16d0ace755aa9ad4,105dcaf3b7f7dfd115f959316f2fdb82e64d475820d03df97c169243dcfa0016,3c613f9e67536514abcafabc87ffe45edbd848372247ddec59a30a94a7588a11,5e2107fd868b1fbd0d6e19888339e330e76ea21a41f8af75e9ac6c7472d3e415,HMAC-SHA256-DEMO,AUDIT-2026-05-STEP3
318,be3ce0e03376e67a695d0dfd,2026-05-27T15:54:00Z,REQ-000318,1dfcf9ccdf6fab5303a9e921,STATE_02_DIST_02_PS_03,3fad45ed842e9179a901ac73,deny,DENY_STALE_CASE_ASSIGNMENT,P-2026-05-STEP2-ORACLE,4dfdeec9274b1bfb8a497bb54cd10e970912c2ea78ada14cd56ca2a1cb58548f,985e2855e0fb560399f403287c4139e712a888932208d6b8f6eaa69f8c862387,7f67b8d927fd67fdd6440e63ca24879c7f98fdab5808aac9ecee7bb7bc4d8a7b,d26e0f61cbf1efe34e82f8491c355ed0e44ae4e321ddb02842e1c291e9a2e038,be2daaa8af0ebc6d7992b61b6653d7ea288f4fc5b678d4c985539f87091d0ef2,3c613f9e67536514abcafabc87ffe45edbd848372247ddec59a30a94a7588a11,df77f0f0fe23ac936d51ad498d72cd82c921f2860e32c101b9df57168d39906f,c996a1794be6b970b5937afca44672cb88b8aa50e7751da7d65c46a98ddf0539,HMAC-SHA256-DEMO,AUDIT-2026-05-STEP3
319,e4959a7d5f2b54ed196c6f1c,2026-05-29T15:48:00Z,REQ-000319,cad50d4d8a49a83faad951a4,STATE_01_DIST_04_PS_02,3cef4d9f8d92d3f7cc295a2a,escalate,ESCALATE_PRIVACY_SENSITIVE_RECORD,P-2026-05-STEP2-ORACLE,3d9fc4ee9cc23192b6a63bf4e5589879bb7a19f4131f2f73ece765e99fbe9a96,55412b6e74bf00d6e8c8828e60bc11e10d5f5075376f2c0a52fd3bfb92610ea6,e0dc54d006ea1e7d710a86fd94c34f216b9c920340a90037664e0620720e27d3,bc43543e7a5b8ed77cfb0388728a8bd24edcb0f19d1c34f2431d9b6e9284c180,f3bf3ca980d261cdcef7956f3ebe7fa538bde1ed64a8a605cfe766c74d6065bb,df77f0f0fe23ac936d51ad498d72cd82c921f2860e32c101b9df57168d39906f,864e78c18a8037d11da45e6ef97298fb95f5c8670e926ee74b0e2ec9c5b23101,135118498c7f2134c4ba7ea781ed817c000be940bc014db4057223bb30bfbe5f,HMAC-SHA256-DEMO,AUDIT-2026-05-STEP3
320,185c91153bef49394b21ccb1,2026-05-28T02:40:00Z,REQ-000320,5e223aae914ba42e97c387c1,STATE_03_DIST_04_PS_02,361a07f3293bb4a0066f3f14,deny,DENY_SEALED_RECORD_WITHOUT_COURT_CONTEXT,P-2026-05-STEP2-ORACLE,726f4107dd9b5f75b18a1cc9d3b03e7dc561b6d5485db8d006a9094d1d76644f,bad7fb7783bc9f7a6d92ceb933be0e5f73bc64b6b1da6e90594013b6266f2f82,b69551578dc1cf55b1383db9b422aafca182038612834d5e4351aee7fc50c4f0,8493815cd71924c1197cc12edff8ebf248daef8224a5d2f4f9dffee342f52735,135f7d5fd47b145c873f734b2afe8a878897dc4034a0c918b90cd09cf4b6c388,864e78c18a8037d11da45e6ef97298fb95f5c8670e926ee74b0e2ec9c5b23101,71f9b9440bafcf425a83d982e6425bf39a319e4a43d8cc3afaa286e91947e69a,86b0223046aa67f2635006acc60644312d3d8c738bb78d8820494dfc634961aa,HMAC-SHA256-DEMO,AUDIT-2026-05-STEP3
321,2e64c8266f6beca5b844028e,2026-05-28T02:45:00Z,REQ-000321,871e4c8cc36e0fafb27ef560,STATE_03_DIST_04_PS_03,1fa4d6bca4118e64a6aa1c12,escalate,ESCALATE_CROSS_JURISDICTION_SENSITIVE_RECORD,P-2026-05-STEP2-ORACLE,9d20b50f221cd47778fe5d1cda1a7dd2a1f5f29474662a247f4611ea206befb7,01f73c4fb991f3aa0c8142dfe57a9e424f666e7b280d5569c123ed2258c00b3c,d4e4c3405ee75d898f40c7a940e5510ce052b8e43951729d9ff54b5a0b044a92,53d91055a4ec8e9c56d0970101050268c1052b5c0634b0e1b5eb98f24a6f74ed,4dc0bf5fd1fab0c0b985768e2f99175566849e85536f416786cb3e8ff5f8e5b4,71f9b9440bafcf425a83d982e6425bf39a319e4a43d8cc3afaa286e91947e69a,026600f90b19ee8c15da8ec36003ceef3b13f5915d5eb1b5f60a777b0ef57cfe,d25e59deca06c10838bd56f44c8af503040a3862b061ea8b1eed296355ee4103,HMAC-SHA256-DEMO,AUDIT-2026-05-STEP3
322,e03bd829b62506e44bbb9278,2026-05-29T21:46:00Z,REQ-000322,5d29ee05d50fe82bba4375d8,STATE_02_DIST_02_PS_02,eec522c5b9b600387b5fa262,escalate,ESCALATE_PRIVACY_SENSITIVE_RECORD,P-2026-05-STEP2-ORACLE,212c27a4a88c451166b1c68680157c2281789e91140a39100c63c73f2deba9e3,ffb178578dd53cebe8bd7201041e60d7de938ae306f1ef60a367c25723002594,49aefe81c8679f4bb3109a91f9fcd6999a79067e12d9f575c0b0e0f6ec9b4bb4,80ea50a06e315c6b6840aa7924f2c5bd8dfcec29747df4ecab2cd2b8511ddae7,6d78e9334ee350f9b3cbc541305bbc8851138c033cad74e62f5ad9730fcb4cc2,026600f90b19ee8c15da8ec36003ceef3b13f5915d5eb1b5f60a777b0ef57cfe,23b0261081b73821bbe0589f4269dea30cf6233cc1bd5feae7f4daabf5203549,235a029bd6a0c97a918d7cc2dd54ce809f393e59c7fdcb19e00caccbe4a8645b,HMAC-SHA256-DEMO,AUDIT-2026-05-STEP3
323,4301a050327c2bbf418b3cf3,2026-05-29T21:59:00Z,REQ-000323,cad50d4d8a49a83faad951a4,STATE_01_DIST_04_PS_02,3cef4d9f8d92d3f7cc295a2a,escalate,ESCALATE_PRIVACY_SENSITIVE_RECORD,P-2026-05-STEP2-ORACLE,b91130425d9348a2bd7ebf4db41cc848cea6ddfd4cee6dd32719a92d4b8d2c73,3274daaf5cfb91929ba975a75d62b9495e45d8f0a09d5624c9c96406a4eca20a,c661eb51fb03ba71c53909053bcfc328ecf48fa8faff4d14f9412c10ca2a63de,2344b4ab7a67f43ee653ae442ed1f5b7686e5164eee4003024805780b9dc258f,5b3e1949090c7640878ada62f1ac675fd5d33d5a22f6db3b547fe60f06071859,23b0261081b73821bbe0589f4269dea30cf6233cc1bd5feae7f4daabf5203549,06376ce8c2224f7a6df50d066f96fb6e5ce8debeb9cc988e973eed84bddd2de0,403ee8ae23fb56d9b1339e5b7b246974b577366cfa2159ffe8465016581556b6,HMAC-SHA256-DEMO,AUDIT-2026-05-STEP3
324,05bf4ea78ee27485aea6fd71,2026-05-30T09:00:00Z,REQ-000324,6734000e8363d6ae298dddfd,STATE_03_DIST_03_PS_03,9917dc83548405dcdfa48501,allow,ALLOW_ROUTINE_CONTEXTUAL_ACCESS,P-2026-05-STEP2-ORACLE,8bcac27795fd4c80ebdc2276b2bbe50a749d687c99e23b30e7d5842e132469ad,08ce2b130d37e77ae2b36efb835211f126573ef4a62545ad26cc3c9ee1d23950,dbc10596feeb4d083139abd01fd2a81c2be4c96b5af74ef4fce1580cab99a41a,5db08951e1c8de33d1f78834c27bb719d82b214f1290925b016c398ecccd1132,3aa760b023d9dd1f6f02895dbdc2e51f1256fc70ee56e0425f00b070c83f1301,06376ce8c2224f7a6df50d066f96fb6e5ce8debeb9cc988e973eed84bddd2de0,7dace549c9f5db352d54a951c2e302669e2795d9ec8cf94a71b30d4490871874,6561a31cd5e9561eab3f8569bf8aac82e5d40dac764ca654121b853ce967af8b,HMAC-SHA256-DEMO,AUDIT-2026-05-STEP3
325,bf47288d8166308f985692f2,2026-05-29T00:45:00Z,REQ-000325,ebff240f6e7e32e7e9713294,STATE_01_DIST_02_PS_03,bcdd4e65fa53d7cacf44a3e3,escalate,ESCALATE_CROSS_JURISDICTION_SENSITIVE_RECORD,P-2026-05-STEP2-ORACLE,6b902b59536280ea1731a6ea7f97c4fb3600e8a1a6b1a71904eb49dcd59fabf9,cb46d5096d4e2ca1d33a7982d6b23757caeae2fccc2b2a49947cf80c7c58d7f7,c61cbff437952cc203d2d98fee14194bcdef7828c0d95ef395deb11b4aa96dd4,08624fe387482530752ee22d845f1a476d856243d912ce2959f39268d06d1dd8,893a270bf8e9767e1d044c5a825252c1b0499a3fcb1ebc9204b8486fdc9e8ef4,7dace549c9f5db352d54a951c2e302669e2795d9ec8cf94a71b30d4490871874,c29e7df3e4523308c205cef78d16329eb12730077c13fad1d75f7226dc95ab7d,454683c308ca110092d75f1a1d31b23bdf592350fbcc2dea08938dc6d8756dd8,HMAC-SHA256-DEMO,AUDIT-2026-05-STEP3
326,e60ad73fd9b1170ff6d65b1b,2026-05-28T08:36:00Z,REQ-000326,012f7330673a61c61f1d0ef9,STATE_01_DIST_02_PS_03,68b8678d168a8566901805c2,allow,ALLOW_ROUTINE_CONTEXTUAL_ACCESS,P-2026-05-STEP2-ORACLE,7f5a0a112bee00719a68d888f4243c0496f2613db0dc38aa0edf3e4c0b1afc86,42f92cb2fc7ac9a66c2ee7b65c6307a851eecddaa1ebc66728cb65a3404d18d9,161a64d3754bf4df60e024cdf0ae135250bd5db3ecf32c6b917b7b890d705aa8,99d72e34f1162392b54aa1a5c35108cd58da76249a9a2a94bced36e2591a47f5,7b550c931a25ea540f934edea6684ede62d86f3f1dc39d714ec9ad161e80ca88,c29e7df3e4523308c205cef78d16329eb12730077c13fad1d75f7226dc95ab7d,6165e39959320d52fe76cf7f5d5ad8b426de8ebe993dc6c97b543730a53eb71d,eaeba44cec6405db204c10fac236e4289af096dbc4087fb41c4cdb522acf442d,HMAC-SHA256-DEMO,AUDIT-2026-05-STEP3
327,f804b58f80273276a24792f2,2026-05-27T21:48:00Z,REQ-000327,46b29e30bec752302a2d886e,STATE_02_DIST_02_PS_01,29c6b3e6eb3337cb1c09848c,deny,DENY_EXPIRED_APPROVAL_TOKEN,P-2026-05-STEP2-ORACLE,f14e04c9eebaf4b2a52dd7e6b3baef7cfbdf46c3021440324c651e0a12dfc82a,d6e7c27abeff8e03441ba3532c04c0536fc96488fed0dd08066b39f80c5c0dfe,fe1e09d8ae83cb4769eb1ae9a9566cf4f0b17eac40507b692a294f781622950f,55d9351cc3a36ce669469cffe53e5892abdb4593c2c04d9c4033ad705924b117,c712f7a28b3c2537a72b9aed05a5170c3eeeb7835b5331d5d154a46a1ae5dc31,6165e39959320d52fe76cf7f5d5ad8b426de8ebe993dc6c97b543730a53eb71d,aba7211ed13d02c811c82a3aead85d90e2520d49d1d22011bf6f190cee5f2947,0b8b326ab14cacf776523fde8f14b7fc5e910afab1fe2521d50ce8dfb9a69a45,HMAC-SHA256-DEMO,AUDIT-2026-05-STEP3
328,cea2ca6b5a06d1dc4997b8a6,2026-05-30T20:56:00Z,REQ-000328,d58ac64e32ce6bc751285238,STATE_03_DIST_01_PS_02,66184ff814d37e76579d534f,deny,DENY_APPROVAL_ACTION_WITHOUT_SUPERVISOR_RANK,P-2026-05-STEP2-ORACLE,69cf8e4c233b6132b65676fe8d1102c507224a041f8be2d5bcb5795ce1c9619e,7e01e9414c2d904158c1d9564776d75ca9fedf5fdad1f94348c3db1599eeafd3,f88821de0d9e8464543ae459fa3e90410ca4c983bc6668dd370b8ae6d06c8fcd,25af6e93c55e2d029a993b4cbfb3427c7fa63a17963217aa307ded9685e74ebc,2daa12238c335a667bdaa007e1a1ba5a2a9f7b2faa6f4f4fc6d7f6e082fa2f69,aba7211ed13d02c811c82a3aead85d90e2520d49d1d22011bf6f190cee5f2947,9fb32992cb8991beab1561ae65ddd82670f5925de5353df60525c7e4fc7bed15,64385f631fa24e9873d4f5729b309781f73e6dbc14c22887ad8b6a67edde79ee,HMAC-SHA256-DEMO,AUDIT-2026-05-STEP3
329,d1558cbe49b00c155282c333,2026-05-29T06:50:00Z,REQ-000329,7ee6e3366f554e7379c63997,STATE_01_DIST_04_PS_03,9da541f8b8af7d40230d7193,deny,DENY_CLASSIFIED_SHARE_WITHOUT_VALID_APPROVAL,P-2026-05-STEP2-ORACLE,bb39022f849b888bc16446fab9d95fd9f5ba5e9912c6bc1acd3cdb901c98c0ef,0643f8d6333e9967f71bbfa233015acbaf4cd7a1b4e0ccfbf1fcecadc970d333,9da382da60072b7b0d65175e39deb843c3e9dec75bf66a6668309e31fa53751e,7a9ad3b6eadbc1b800b921e1c2053dca6f20f8661994bea075bb55cb9e0e100e,878a5ace15641a2abf71fe8c518a2208065c092bf515a299cf6864f76d7ba727,9fb32992cb8991beab1561ae65ddd82670f5925de5353df60525c7e4fc7bed15,3f7ba3c6430765edbbca03ec07e116c499eec9ccfc9d606e34362e476e152595,8abaf159205da77666da80066dc9565af32684d26101264452b5178f7d6c9177,HMAC-SHA256-DEMO,AUDIT-2026-05-STEP3
330,1e324c9d15dada138bf270cb,2026-05-27T11:00:00Z,REQ-000330,88db5c4f1341722984d72ca6,STATE_01_DIST_01_PS_03,ee55c8a6a4e3f5ecb860e4be,escalate,ESCALATE_SEALED_RECORD_REVIEW_REQUIRED,P-2026-05-STEP2-ORACLE,1950b374630ab394bc4518c8b3296ca8377dd6e6ff7b65f9dd1f84134e230761,c3fb925d1bef551b1b1c6c451e3e62394505d6d2d0c2fa91f0c5a8f4e3674d38,981e39081170e0318b43460df93fdc1811fe2d18d616d6c59848926ccc3fff47,a3ca7815e0f7da3fe56e681e1b082345ba4c9da6d34fca1d1b0569c08035212b,628e64801ecdd4129f944f42b456f1e298be9f6971261d55b3759fd4586f8d22,3f7ba3c6430765edbbca03ec07e116c499eec9ccfc9d606e34362e476e152595,a048029dda372c2e87166cef0ed96313382a5a470d54f7839725a65ad8d7f730,51d2bba1e3520eb1588b7762f15dc882c106bd1f031ba1051ecf5a143d40ba67,HMAC-SHA256-DEMO,AUDIT-2026-05-STEP3
331,1fca4966280ba1688bd31b0f,2026-05-29T07:10:00Z,REQ-000331,2747b4371f8a7719020e45ce,STATE_01_DIST_01_PS_02,2efca3bea97d54995e702601,deny,DENY_SEALED_RECORD_WITHOUT_COURT_CONTEXT,P-2026-05-STEP2-ORACLE,f1b0ade4732123a962e10eee323ccc5392f644116e0cf0f79395b48d0b41995b,919a0f89016b7695f4d2408c2f564d1a8610710a44a5e26983caaa7fa7811283,bff17d3fa2f90585857075ffd668f93695bf09a3bbe444c7ae1b9e22ea91bb69,2393aa6a89c67a662024d5e2852cfa62d51e2ca2caba8be5025636bcdc6c9bf0,160369e0592301a1b5f711f2bbf451b50bf16f5050be3e070075af0c018b152f,a048029dda372c2e87166cef0ed96313382a5a470d54f7839725a65ad8d7f730,517dd5fb1bb8f85c686e2ead971f3233c00d78e6b4af96b2c4ce0d5ed0cd189d,1d17958e47fc81c8df75f8d397435c9603b2a7d3142f8f5b6dec1503be70d9f0,HMAC-SHA256-DEMO,AUDIT-2026-05-STEP3
332,bb62620a8d73ace706d16aae,2026-05-29T23:56:00Z,REQ-000332,816d13ffa68e60a160c3810f,STATE_01_DIST_02_PS_03,c3f180cb72fe055ae1475896,escalate,ESCALATE_CROSS_JURISDICTION_SENSITIVE_RECORD,P-2026-05-STEP2-ORACLE,05dd27fe58f477b632000b2570cf4caecd49d0baa19259485d13f2b5f038987e,f69bfe73eda37f650e2d329f650132a02d73d9a44e9c244a00941d613826e983,cd2696aaad19d550eb40f29c7b093be06ccdd62a3e88fb00bfe1a70d914800ff,764844499a536f899d03d62e5711bc87ee1cdf0d348849668ca88c18d488ab75,0159bbb61ca82b21bbf2b38f20efc4f5ef4f6ea5fcc3ea4c88c81118b5183a0e,517dd5fb1bb8f85c686e2ead971f3233c00d78e6b4af96b2c4ce0d5ed0cd189d,53efd59eab824fc080491f29d6a55074a70ca97d4e05256e1d3b7f3e7d910b8c,2183155597bb787f0c7074d5872d227628dbeff8ec75dfab2276f650627609a6,HMAC-SHA256-DEMO,AUDIT-2026-05-STEP3
333,295951d5a19339fd7011817d,2026-05-28T09:18:00Z,REQ-000333,aba84a984ee3606ae0d30a0a,STATE_01_DIST_04_PS_01,ca599d02bf178b76d92d8a98,deny,DENY_STALE_CASE_ASSIGNMENT,P-2026-05-STEP2-ORACLE,578ef13254582fae9f2f43f0327b11d60a46a1374b43150a002a6388305da1a0,3c47ad2e33030b62d50a8b8f08487d9a2f9492885012aa64a0be5d1aa2d80529,59ed514ef47551bb96d55ee113a88411ff17cd725b8723ae3a41bd358eb524e9,63490569a3f2cc46650b4bdad580a69ffeded2ad7cae331f9f96b3fb2a116f0d,2576fad3256a14d5483d7b337b450145df1c20d090caf927f4caa603fd680bbd,53efd59eab824fc080491f29d6a55074a70ca97d4e05256e1d3b7f3e7d910b8c,3ca41dd7060cd0f11674e6b64928d27aa3e62df84636b09b7fde355c612071a0,db795247a16d86ca445bdb7c0b30607ff69b0fad0aeb6d46f28b42da39c47e2f,HMAC-SHA256-DEMO,AUDIT-2026-05-STEP3
334,f5688481ae638dc84b7f0ae6,2026-05-28T09:24:00Z,REQ-000334,94b2d412892c95cbfdbe73cd,STATE_02_DIST_03_PS_03,a677cce772515d48d3a1528e,deny,DENY_SEALED_RECORD_WITHOUT_COURT_CONTEXT,P-2026-05-STEP2-ORACLE,50642367253a83ab52b85d452b2cd63aee48f183e3d8a2196e5712b147351210,a4506355af13c223e1ae2dee7d8dc6b1667510bfaa3f8041ec016ccc1076de89,3fec620fbe5d139ef084fa79a9d9d468be3d7e31c660edb7e5ee0889d2680a91,2205c5e812e03451639900dac7338d43449bc4e3d2139d337a431c4401ec8623,2972649f9f1583d13e14a00f03cce2da35aabda8eeb4a1a286cf7236f6a655a9,3ca41dd7060cd0f11674e6b64928d27aa3e62df84636b09b7fde355c612071a0,0b8594da1a88ace31fd2b5b9216f0b422d4c7a8cf37fed5462f24c760fc922e1,fd6f8cf2c90f67e55dc498baf6078601006dd2c3d502e1a9f8fdeb69b23dbf43,HMAC-SHA256-DEMO,AUDIT-2026-05-STEP3
335,195cd5997ecdfe0c54561a0d,2026-05-29T19:00:00Z,REQ-000335,871e4c8cc36e0fafb27ef560,STATE_03_DIST_04_PS_03,f34566a66a686c1db1f13e6c,escalate,ESCALATE_PRIVACY_SENSITIVE_RECORD,P-2026-05-STEP2-ORACLE,9d3ccca62d116c59de39f9568bf7be619435265fe6a2a094857cc5abcd709fd8,1ea24e1b82b97407b99042fb8d3c8c01605b3db960f9a37b9b1861186291e2dd,9da77db89b2bd5a96dc924d45e94eac5a13d81b3a770cc1daf3f774853e4fb93,adc704e38f9ed282ed0ecea616185c7ded4b0780a37fc19f66939296cb1fc17f,f224cd2194f2b41926a847ecd0e20bdabc030275b3bdee9f5edab6a2834edb7e,0b8594da1a88ace31fd2b5b9216f0b422d4c7a8cf37fed5462f24c760fc922e1,b0b85e102f355aac910bcb1fa2f6ed8a3bd184fbf81c16c87692cb21f5b500e6,d76e0f18694685977a5e19948b0b9d5b55491a9fc5fe27cbaa37862881327a42,HMAC-SHA256-DEMO,AUDIT-2026-05-STEP3
336,3f63d32dc05cd7f0e91d4b6a,2026-05-30T06:24:00Z,REQ-000336,116125532167435d32c323d1,STATE_02_DIST_04_PS_03,647ffa3febbf13259187b4c9,escalate,ESCALATE_PRIVACY_SENSITIVE_RECORD,P-2026-05-STEP2-ORACLE,b82e056cea16ca3b954ceaed411fb576c49b7403006e60e422f842338444cfe1,8aaf1c816ec6ffc9e8abb4f26e77123c3809ede0f1e42f88a7dbcc9bce50a15b,3b8d18a75daae75191d8250919f3dc18f74104ac65edcfc8ac51a7c1f5276180,f844e0d224b135977f2c7feecb159dd605a4cb53237e3f1355e964c9217689e2,d7da2d3deaed3b0154905f3b7d52ae8ff9807e7f94ed4b727698cacf030ad55e,b0b85e102f355aac910bcb1fa2f6ed8a3bd184fbf81c16c87692cb21f5b500e6,4ad88a197d24d4dc8bc72e35789b2b5a747668c21f9a7ae33e26fe64bf51ccac,8fd3eeca6c8ca09e48d1c4d270872227b9b46d9c897b2a864102b88d922144d2,HMAC-SHA256-DEMO,AUDIT-2026-05-STEP3
337,a2a772cda1dc625d3a78b84a,2026-05-29T19:24:00Z,REQ-000337,4ee0497be96c65e5642e3a72,STATE_02_DIST_04_PS_01,611df5ff59543174c9f30992,deny,DENY_SENSITIVE_UPDATE_WITH_LOW_RANK,P-2026-05-STEP2-ORACLE,170f53f7feb3587b398f9729e02dff11fc3170cabc6d5b1bafc408381c0220fa,6ff5eca9dd0b287001aebe133323482208a27d9d257ad88891826bebd863087c,49160fe7fa67580ea74db635df37e8a25a5c684a10a0e6bb88a1135987d1885a,1363cebaeafdfc2364b63d04457fd68524d2a93ab3165323aebc0fcae23f0315,0d04e13396b08f71fc412148bd96dc56afebf1df7b534befd1b1151fd52cf345,4ad88a197d24d4dc8bc72e35789b2b5a747668c21f9a7ae33e26fe64bf51ccac,cdb321ab48acc87493e260c56109e370a9029252e896998293c93139f21b9a75,b5e19c9c68886842deb2580b269c17ac8f0907a1208417ff310bbb9453c7b30e,HMAC-SHA256-DEMO,AUDIT-2026-05-STEP3
338,f34c0db18ff348541ac18f54,2026-05-28T09:48:00Z,REQ-000338,858f20314a8c64995d905a33,STATE_02_DIST_03_PS_03,bd05b7562eae2d678359c483,escalate,ESCALATE_CROSS_JURISDICTION_SENSITIVE_RECORD,P-2026-05-STEP2-ORACLE,5e40bd44e23f9255c76262cf39e82748a1053d95ab3d7113fe24a63a7fab83d7,50c075cd55c6e9698279f4376aa33d729edd861e6cae5ba5a23590619ecf0806,efb0768ce46565c9a6fbe99749022a17705f655c773ceb6afe919b1bd4b97deb,ca53fb8a686c8815f7b0b187f95425bad6f3aff1a19284d4f6f4c5858a9b7993,ddcebae52f8f95e7da46fc477ba7f9383dd5580ed46079969715e7baff50a7c1,cdb321ab48acc87493e260c56109e370a9029252e896998293c93139f21b9a75,866848aaf5acc57884870cf5cf99114f8c15c311d3d581be88cc2487523e7018,6200bb3470d2bcb922157cd63c1b57e711d844b7d3bffe028a8690ffb0a5283d,HMAC-SHA256-DEMO,AUDIT-2026-05-STEP3
339,21cf5b657fd191ee10987986,2026-05-27T11:18:00Z,REQ-000339,81f27590363500d418d0fc7b,STATE_02_DIST_04_PS_02,4bbf1e120418854fcea6448a,deny,DENY_SEALED_RECORD_WITHOUT_COURT_CONTEXT,P-2026-05-STEP2-ORACLE,5ebb13e8c43fcc3d4861755177926afe19cfa9ec9a9ebf6b14fc53f877d28c08,a3244f44bd935799334de7b66d67a9424ef1478b877c71af8a8a044767a07ca8,b3bc3fd6b35338e051d6d0ef6140987baaeda713d339736de4c2ca698f9ef182,109846ab33b546db07d09f736bf1850afda3a8e61eb60f5aa6391d5a3e41bf1e,a03aa8feaf2ba3fb3a94c5c23d584a606f61ccec0bf4c84b7f6867038881badb,866848aaf5acc57884870cf5cf99114f8c15c311d3d581be88cc2487523e7018,701bcd5d1743869bfacb162935088a8ec1464e2bd0a1a9232f1b011dc11ed38c,d1c75f4baefa4d625334a1616c72aaaf074132fac0d2b1943a2299928ec782d1,HMAC-SHA256-DEMO,AUDIT-2026-05-STEP3
340,e2c9539958c209456e60966e,2026-05-27T22:40:00Z,REQ-000340,1086c897162d91ce96d22b8e,STATE_02_DIST_03_PS_02,ef42f5a6dc2c41267c313d66,allow,ALLOW_ROUTINE_CONTEXTUAL_ACCESS,P-2026-05-STEP2-ORACLE,90c96b7c27eea5f1979cee8914aebfd3006ae217ec9b4a9b972261e84a12d08d,2728b2d984ec3498b39dce02639701265a7655633fd17b114c22f0d496f8c465,86f7598ea8c784a980bfddad32a2d50ec12aceae1151dd2c7c5701a3b12d432e,ff369ddc3ab29bbdad98266183c6ce64073c6852198b68293665d58c87fb2df5,3a8726383d86734110ca609f294d3c6ea128254bc16b2b4e57f5db152bcade05,701bcd5d1743869bfacb162935088a8ec1464e2bd0a1a9232f1b011dc11ed38c,388997ceca933bc77b428730c808f42de657e8c237b36e68bd833586fc2444bb,91363c7285e5178c0c606a76826b687289e91f691f84a9a86828e4348ec43cd8,HMAC-SHA256-DEMO,AUDIT-2026-05-STEP3
341,a01ddae08837d3a446470490,2026-05-30T13:15:00Z,REQ-000341,f1cd31d43c526f5a63bbd87e,STATE_01_DIST_03_PS_02,13fd779a365088776f6d0456,escalate,ESCALATE_PRIVACY_SENSITIVE_RECORD,P-2026-05-STEP2-ORACLE,6a4fd18884019ade951083d4ee5957909db532e1bf1ee72e50f7cb67363ae92c,87c165966fb07d59e33106ff334a6c2419ab18b38f5b1594f601633006bb1abb,715e04196890f010d0091acad50dd7840e20e47fd4b2bf3c6679538ef9616f7b,d369a11453eef0b48a23f3f98910a2c44531498ac8fde8409d1a20aea8a065ac,6faa179c9991fd2c39ea2fe3cce8fceccdc6752f9b824a03a5702293b6c06ae6,388997ceca933bc77b428730c808f42de657e8c237b36e68bd833586fc2444bb,14e495f5cce37d6214b10bec3b03cd00acde6110b849318e76dc636afa0bda33,ba812cb1e982681392a7f90a9161185b77872a0f8b31645171de78b91ac2cc4e,HMAC-SHA256-DEMO,AUDIT-2026-05-STEP3
342,7bc7ff198c459aa609eaa693,2026-05-30T13:30:00Z,REQ-000342,05c87980613cb5db42b892f9,STATE_02_DIST_04_PS_03,bbe429bf8ae90c1182e92d2e,deny,DENY_EXPIRED_APPROVAL_TOKEN,P-2026-05-STEP2-ORACLE,a74ffdcf6f2e3c15c215cf6410e360f3b2ffeb1ab5ec274c1ed0c3dcad992325,ebd19b90c038d980bb7dff19b84f96c610bee150604d1dcb5d69abb3624ef281,ffe97c5b6979ced9a42d2ee66a7a42f4a6e0d681fe24a80f13007a1b4db4f6e6,ddba1796fc3f4d9f24740bc39ca8c7bd697a1427ddc17f575acc7d0e3d60c480,a27859050d19f1ad9192d77d74e601c691395732c5c0938e49e5f693169950e6,14e495f5cce37d6214b10bec3b03cd00acde6110b849318e76dc636afa0bda33,c194fd9bc14d6cb61136fcc973a1809f78e6ab030277b11a6abd97ed7faa51ca,e99e42315498dc97306829b022973dae17fdea4030e40599eb6f0bcaf054c4a2,HMAC-SHA256-DEMO,AUDIT-2026-05-STEP3
343,39c0708084829fea62693380,2026-05-28T16:01:00Z,REQ-000343,910fbfbd952d337d55470015,STATE_01_DIST_02_PS_01,c029e206494d47d41682de9a,deny,DENY_SEALED_RECORD_WITHOUT_COURT_CONTEXT,P-2026-05-STEP2-ORACLE,3aab20fbca6ab724b9b30e34f0486a4d3760360eb734df5fdfa4377c2a28ae5f,15d71aeec175bd3d2b5428b9684f1afa638c696e848797004aded5cbd4df2028,2736f45d258922c8132faa98b1cd71c447660f3496121ef90a300e087f3123b9,c9a009b23009d9d96d6355ef003dc5305810d6b47a805a866939d24934ace1a8,680f013f1995cd4418f9a068f7ae4d8e4ab11b84009415098a79522bd4cd2543,c194fd9bc14d6cb61136fcc973a1809f78e6ab030277b11a6abd97ed7faa51ca,7971464ba9783dbaa40862943b365107c4458c5bcfee219844474e92f930647b,7de98f5a433381b9f96b26f7af7aa9cfcd65c36c2baef82a8d0b3d4cc7858d63,HMAC-SHA256-DEMO,AUDIT-2026-05-STEP3
344,0ded27d0957f52621920e820,2026-05-28T16:08:00Z,REQ-000344,a07f98edb4eac55d9fa73ffe,STATE_02_DIST_04_PS_01,e08af898025ee582a6c2db1f,escalate,ESCALATE_PRIVACY_SENSITIVE_RECORD,P-2026-05-STEP2-ORACLE,8281acee1ede75acecfadd16f582e0099318bafaba0d5f9a8f5394e2e0228e84,aaa9397cbb0b9f14799b1c5e9f317abcd6cdc7a38be1e04d7d9b583f67ed8532,a74ac33faee607c83676a118d8716d210fff6c7cc1b1b3e4d9f3eccb1c98270a,78bd76774fdfeb3678420f261c9bbcb25edf5ee15c538fe55957922e1b3408d0,2c4e5baa45f1e3bae7c48e0f39d595bf0a11555ae8db98c51340151f0d50faf0,7971464ba9783dbaa40862943b365107c4458c5bcfee219844474e92f930647b,91bc28d5dfc94944fd81f9b97eea38825d4ba680639b0689f1e42a2dcfbd3256,39ea05ddc0fbe0caf7661b9e9c06c0b3874b8532e8a9c136332431ff102ff8e1,HMAC-SHA256-DEMO,AUDIT-2026-05-STEP3
345,66e61dd509805ccf543489ea,2026-05-28T22:00:00Z,REQ-000345,f920410d24c1d513e4b5b45f,STATE_02_DIST_01_PS_01,4cfcb99871492acc92ea42ae,escalate,ESCALATE_SEALED_RECORD_REVIEW_REQUIRED,P-2026-05-STEP2-ORACLE,c92c2258e5209d920770f60edcba77f31878c3fdea886a4cfb420b60cd2f4095,a37d8faac939e06bcca25db05ac1d8a5a2878f1b44660459aba3082e14b42963,77404abd418fb246b8c925e1fa2a1e7e1077e0746a72abee52b608f613d1f40a,2194574ac598705b6291e9f9aa929bf5bfa8ebee68b1cc4a94396c341fb12dd9,a5b15dd594f5dcc8502b1f48d1c7dcc76672aea9cfc66b8faa7ebf216ec6dabf,91bc28d5dfc94944fd81f9b97eea38825d4ba680639b0689f1e42a2dcfbd3256,598107148433017c5198b49a923093a4ce68ad1fb60f1975c643876be442029b,2735e1fafcb7107b35fb0dafd6892fd99771b77fea66a67e615116f3cc666d1c,HMAC-SHA256-DEMO,AUDIT-2026-05-STEP3
346,e03fa13230390dd77fd2889c,2026-05-30T08:44:00Z,REQ-000346,2deed09bfdff4831b0bfcd1c,STATE_01_DIST_02_PS_03,61e633b0b3b0ef9d8ed2391c,escalate,ESCALATE_PRIVACY_SENSITIVE_RECORD,P-2026-05-STEP2-ORACLE,9c151be02e8347ab36c24b137ee5deaf1264062f40b721c8d441e51157fe0cb0,16b23802109bb3b72ee2a445b1ebc5a3b52e89740d6a035673f8f19152d32c7c,8e20094dbd5c0859946356362786a296bdd3e874f4db82a48446fefe90fc9c28,b2cebb0717f37a3f9f3258fd52d76141b888db334ea0f9cf9d1a40a302c39016,60daca8c9e3272eac4f9ec0b9ed09e91b7309f8832953b860b8ba7d2bdc1fcf1,598107148433017c5198b49a923093a4ce68ad1fb60f1975c643876be442029b,7b3d06f0546aedba98c93a45146e58157496f8cb05fca007efbd21f4c97258b8,98f5606f0f3363677326b3319f7c9aa814b3595c0cd53146c4e4b91e50d46fed,HMAC-SHA256-DEMO,AUDIT-2026-05-STEP3
347,466484e8165bb6151aafd781,2026-05-29T09:50:00Z,REQ-000347,058b6ca906f6f017cad2b2fa,STATE_02_DIST_03_PS_01,19d91561ded3d1723d97b056,allow,ALLOW_ROUTINE_CONTEXTUAL_ACCESS,P-2026-05-STEP2-ORACLE,e3ad21db959524b3b55102b7061188b2b2d3e4ea3facf3c023dbabbe9d3ed22d,c7e087a982276b22cc0cfeb27940052e1177e6706bce042fa627b4503b1f405b,d40223f69792b8a2ef6fe6848bdf5ed0c6ba6ec1d1e4f4e41776e936c55ea0b6,1e7e5a2cb42e76f3fb0bc32db39659ca0db9fff6b8b1c6d823acc203ff327139,b0757123dc68d8bad1364ce4585e62338adbb3b0cd9554da676d7b1896734f21,7b3d06f0546aedba98c93a45146e58157496f8cb05fca007efbd21f4c97258b8,6c9604900b54f1343d434861a9b824f994014be51d11634ad2524e5278da3ae9,e6d63096bd25ff656eaf5ab6aab10d18fbf72aebcd3214e18800069ea1e3f6bc,HMAC-SHA256-DEMO,AUDIT-2026-05-STEP3
348,810a774f2b37b29687fcefb9,2026-05-27T17:24:00Z,REQ-000348,0d893c2441da140e8c46fc54,STATE_01_DIST_03_PS_03,5a5456b695cba3207b5bffdc,escalate,ESCALATE_PRIVACY_SENSITIVE_RECORD,P-2026-05-STEP2-ORACLE,466b6e3aa504e7c86e812cab66985d12f3a7229c309fca3baf419566dd051920,31868652c9df5f6bbb12fe4ddfae2919415f528347c60ccb90dbe634347123f8,7722375ffcef09e6558f07eb73547ff699811637e47c81fa775056eb19de57b2,0443edd138983f45b5c72de9a60d6a30f242a47b12b99be0d25fd61b173da8ca,651696b739f567866eb7ab7e956eb8f163c2fa4a6ba0f5dddc71aff2fb92cf5b,6c9604900b54f1343d434861a9b824f994014be51d11634ad2524e5278da3ae9,b3452a10c76821b405f318d3cd585f4070d1562ef480f29ba9cb1edfead195bc,5e6c3614fe3989ee4cce8a97e2747666d52036a0163170ee6819794873e19d1b,HMAC-SHA256-DEMO,AUDIT-2026-05-STEP3
349,f6787e19718088f586315b52,2026-05-30T15:15:00Z,REQ-000349,2b64c21367370d53935a5e0d,STATE_01_DIST_01_PS_02,580ccae8746e99f501c78975,deny,DENY_STALE_CASE_ASSIGNMENT,P-2026-05-STEP2-ORACLE,5122f37888f44e0a493b556bbe298b21e1e242a9a41262cac8495e75a552c946,181c7f0d230577638ba2d9c84597ae13f4a4534ab2a7843ada576414d7fcbe55,cf2a469d4892ee567c33ed2f04f59dc12e1918f8c91b96bee0a3a48acd1dfc17,851e3494c4bab74bbb90c11c595f7f549ab264d1aa7153d56c9562405003516f,54fd1cc4c9507123f4dc7fcd7d2581cabc2f7cc01f95ef277dcb9e882ed847ef,b3452a10c76821b405f318d3cd585f4070d1562ef480f29ba9cb1edfead195bc,4baedb40f6710a5f1b2cd59fda74c85cca38e0a6cdb12218b6a74fbac072e3b3,f02dbae93f8d466be6889d25f3642115bd946139be07bac60759e0918aed6a99,HMAC-SHA256-DEMO,AUDIT-2026-05-STEP3
350,1d9deedfa277a7af12989e9d,2026-05-29T10:20:00Z,REQ-000350,fe7f0fee4990978ba985ec2d,STATE_03_DIST_01_PS_01,18d1592d4e115ec7275f6778,allow,ALLOW_ROUTINE_CONTEXTUAL_ACCESS,P-2026-05-STEP2-ORACLE,62d40cc90a39bbd0708bb81bcfa3a6584023a1e376d68d10ffbc8fbee6146594,b1220fd53e254fd5df28a8fa70f54c6128eebe569681e080cc423e46eaa43ef9,3d46cf356f9fecf2c9e2a3c4fe863bd3f4c9fbe9a81df21749275d4e0999edbe,311029c035f9eae9e908844246138809666dcfde422fd02e6cb881c3f05f3a14,05b5d19a4d17698884b328c35d65ff99218e6844b0108f41b4808fc5fcbb610c,4baedb40f6710a5f1b2cd59fda74c85cca38e0a6cdb12218b6a74fbac072e3b3,420bf1252267456554ce7b996988b9fc74f1dff3f2356f8759ce416076320696,ebd982613f149375279534bfd8cd9a2f5fc875d49ed086103866f00f3d5faed8,HMAC-SHA256-DEMO,AUDIT-2026-05-STEP3
351,fac48621f3c7720194205257,2026-05-28T16:57:00Z,REQ-000351,fad5d40018942c6b0ef2d75c,STATE_02_DIST_04_PS_03,e15a915636ae7f0b702750b3,deny,DENY_INACTIVE_CREDENTIAL,P-2026-05-STEP2-ORACLE,2019b178f7ab42b0508a4de5df560c19563de53de0cf76c42301ff19be64cfe8,3c39a6d8e37da0bfb0e2b37f2db8c8669e9e5d6d7d8461de3dc3f506199dbdb6,a413e922d1fe3c7af2fd60affe2e0e26522c3704ab5c3b0f15c170b402786e3f,945c281b7e6d812dd75eac9d9277ccc40640d77f232b38cdbec217bff807b7ba,af8f1dce0468f1f4f11e0596fafb6896edd6cd8ffb410c61270e188ae9476b88,420bf1252267456554ce7b996988b9fc74f1dff3f2356f8759ce416076320696,b327542b26daf0d519440dfbb4624d3799afd3c07c316613a51fabf683867bb5,0729da84dd91948ad374adf45f363bf4ab4d28b84f8d25203086b9e90cb144c6,HMAC-SHA256-DEMO,AUDIT-2026-05-STEP3
352,ae48cc1aad2564c15c91dae4,2026-05-29T16:32:00Z,REQ-000352,6d335433b612a148a4921389,STATE_03_DIST_03_PS_02,be8cf0b2d2aedc05e13844a3,escalate,ESCALATE_PRIVACY_SENSITIVE_RECORD,P-2026-05-STEP2-ORACLE,d673867d14a6139f74c23906a9e877d0e19b0b914ab6f0dc9e4f484784d595b5,4c2f9c10f4ff20fcfc89ca8180a290c574254fe57d1c9429721d0494287d6bbb,4141ea1ead1b576aff3b3d8b1caf7a46370b8cfa56c816eaa1a248c60bc9dd6f,91a6068ff91a62ca5f0ceb84c2e239b97fe0d90b736292c13f5f70d4a9a0d209,7283b79a8fd571ba630b8570f64437a44e2f283cba266602b4b9fe89e6e62908,b327542b26daf0d519440dfbb4624d3799afd3c07c316613a51fabf683867bb5,5965c7512c96964f8dfd694f39339c83373072bbc2fa40c750c8451aa17646b9,8011be9be2b5c06b414d2bf33e45967f7761d8690bdce8ef0bfe23acdab614cb,HMAC-SHA256-DEMO,AUDIT-2026-05-STEP3
353,153d090be6d5371caea54019,2026-05-28T17:11:00Z,REQ-000353,3928cce83c394fe536f56bf5,STATE_01_DIST_03_PS_01,5d20a2d5caff676d0afb5185,deny,DENY_STALE_CASE_ASSIGNMENT,P-2026-05-STEP2-ORACLE,7c4cf7f4d463c8d2096fed42578d396c39718f2fcc20ff63856e7a83d85b92ed,ff7487218ccef9b499d0edac29a0b6775f94ad3cce2cacd58a962fd3aca80723,d5c49ecb873bcf6175398a84264d9e20995236e8f101242f2b4bf4f492f5f382,2d35ff09d94e6379a369fb2be501a50e55ca04e5a10875023b9567d5cd67931d,ad6b3cea19108b99f52e87135ef619bac83d705f5316adf8f69d48d75d0a64dc,5965c7512c96964f8dfd694f39339c83373072bbc2fa40c750c8451aa17646b9,edb931226ab2b30b1a0988031ae218ab42f38617790fcdb2e2fc37545030b930,e3f267c3b2805627b29f4c7351582b6d4b5eec6f875ca75aac3f4d6a4f189ef1,HMAC-SHA256-DEMO,AUDIT-2026-05-STEP3
354,cc8c7acdc43ada7ca1de0e05,2026-05-28T11:24:00Z,REQ-000354,5d29ee05d50fe82bba4375d8,STATE_02_DIST_02_PS_02,945f4f7b3a236a35a569de92,escalate,ESCALATE_PRIVACY_SENSITIVE_RECORD,P-2026-05-STEP2-ORACLE,4a708417617810e2876360f6363e0474b8e5acf8825725b258b63897df2fcc8c,90153a6ac661a822a955dccfc5d0753c368dfb7998c1cad8c343fb2b360690cc,1fa29e641b710366c1dd72af4ea844c9ebed0ef692a890b9559076a60d42a3a1,0315bcff7523a8248cba7a4a2e3503738060f4ac711794c9ff3f508ae96220e8,36240631e59e83f743f0409224921d1a426432f8daa77b2ca089730e224481cf,edb931226ab2b30b1a0988031ae218ab42f38617790fcdb2e2fc37545030b930,b9166e77e92f0151e3288ed0952844c83cd717502612f2f2cf7121d5e0a1572a,0e96a26f976ab1a8286c667c8a2fd12c05185397951be44c00a944d49757cd7d,HMAC-SHA256-DEMO,AUDIT-2026-05-STEP3
355,755f0112defee6e7287d7d57,2026-05-29T23:00:00Z,REQ-000355,8fe1499c5ed9142abbac6485,STATE_02_DIST_02_PS_02,2a72e9e4ca2925b1a4edb88a,escalate,ESCALATE_PRIVACY_SENSITIVE_RECORD,P-2026-05-STEP2-ORACLE,c9da3b178f400ceb3b70dda8172b228eaa4b841c185f80514917270a5db4642e,9a5323019c29187fb0b0f20fd3e80cb0e6bf0e61f63bf15e9bfab0e5b1dda75d,1e4c75c51cdad29a94ca0899d054415fee997ea80d727f971afac39c4855993e,0fbae90c677838525f583a940876ba0fe4013488b7c5c1dd5e522b5bc2984b1e,23f8396c57263f1dd7b54bcb9fdc1b196fb3db44da795a514f67d7ff436a056b,b9166e77e92f0151e3288ed0952844c83cd717502612f2f2cf7121d5e0a1572a,213b08b79edcee4f3b0a1bbaf08e27275dbbe7826983c543d664b2647d485cac,83c61c3891752b1d0db30ffcab26cf85374995e339028fd3091c36859b0c9dd2,HMAC-SHA256-DEMO,AUDIT-2026-05-STEP3
356,07b66bb06d28fec9d63eaaed,2026-05-28T11:36:00Z,REQ-000356,fcd532f0d95281220fe7337b,STATE_03_DIST_02_PS_03,7e2aedceb6118ffd11b5c74d,deny,DENY_EXPIRED_APPROVAL_TOKEN,P-2026-05-STEP2-ORACLE,c283d3cca86134dac2e27cc0dfce72f6555fcbde02f851e68d1d1e06f7db1e2f,67fb78f79486b08ba2bdf9150359efdec7d6849e6eaa9f0d3fa8bfa39b068b7c,f220e1f35b3800b78b05a62d6ad926b42e97d7a00dfb21a2e96b72ad4a5214da,5fe6753c8b8d9530a3633016afe99b01879884f7ec0dc8c613869b451f4f14cd,1e63e53e603e9bf5f6c9d6c24403085b8338022caff34b6299d3d167d2d6cc26,213b08b79edcee4f3b0a1bbaf08e27275dbbe7826983c543d664b2647d485cac,acb1335dab34847d30a2ed731eb2e137a43e779f544c4ff3757728b3a5ca9341,ddc85083f11cdde0338d92c78e6ae24129b6d0dc579087bff831a8f8fbf0a058,HMAC-SHA256-DEMO,AUDIT-2026-05-STEP3
357,711b0fccf7532ede6cad9cda,2026-05-29T23:24:00Z,REQ-000357,ecaec2b1bb689d9a6ebf8cca,STATE_01_DIST_01_PS_03,f34566a66a686c1db1f13e6c,escalate,ESCALATE_PRIVACY_SENSITIVE_RECORD,P-2026-05-STEP2-ORACLE,f1ca48fc3ee671e902b20683fe0715bfae5aee9167621fdb9befdcb44a116191,be7aa32f3fb86d5e0985ad33ab173975a75c44a44c475a4356e9758f2029b194,5264b9c4be612abb885878099bfabeee5699e94192c71b89a5a6e37b46c2ddfc,9e09f01bef3242ebe3cf140831c9bc1616c8a0652a89836cd657b9b25f35da09,ff6e84fd13934d945821dbd83ddf52b93f1c45f8ff63c71710a95ad50c7b75ff,acb1335dab34847d30a2ed731eb2e137a43e779f544c4ff3757728b3a5ca9341,347f51d032dd36b83f4e306b03ca3c97a4ec35517897125b6172a1a14f0cd425,c7966fc9cfd1896d0a692a3131297115bd6b871784808ddc1a3a3b55dea3e183,HMAC-SHA256-DEMO,AUDIT-2026-05-STEP3
358,13744b3cc5f245b4f84999f9,2026-05-28T05:50:00Z,REQ-000358,2b64c21367370d53935a5e0d,STATE_01_DIST_01_PS_02,8fecb6c3c0ade75d415c3694,deny,DENY_SEALED_RECORD_WITHOUT_COURT_CONTEXT,P-2026-05-STEP2-ORACLE,54ca2e0b5e8183305aa82559c4299da8bd5c9a3f346357cfb0fa027423bca28f,1779ef4a146afa233e10c17c73f558310e0c3aab8e32d8153f2c67dde03e2dcb,a2081c0887dd2fa0adfe9bbb6b2ae88e9e700bdf78476a838392048339d61148,d5777526a581173e3ed912828edf4d76eea916511ff0be401cec0edfeac9d1fd,30cdee72d9e97dd35574bed35a0d681f42c47bbca87ba64d7739f36f82ffd903,347f51d032dd36b83f4e306b03ca3c97a4ec35517897125b6172a1a14f0cd425,e94d2b789bdaea95fee8726a8a44ef556a2d23d73e5a8782fda4476a747ffa32,84a70162c6f0eeda869d791f5b9e6ca0a26db65570a27c067c6d83a7b33a2163,HMAC-SHA256-DEMO,AUDIT-2026-05-STEP3
359,b53ad973191c37f7062d0950,2026-05-28T05:55:00Z,REQ-000359,fcd532f0d95281220fe7337b,STATE_03_DIST_02_PS_03,4ffb3f05d4241456901410f6,escalate,ESCALATE_EMERGENCY_REVIEW_REQUIRED,P-2026-05-STEP2-ORACLE,3688dee80ec3c8fd861179d9517d0de72433da5a2e897f5e8b14f04c288d6317,7cc3d4ec425d88080f825c950056dde7a1bb1e409bb21150b125864565ca1c97,fb52d1eec0a9f5063a703380b989b2b7ee655c632a3c046e0e81f0da703e5b46,d423b224b2f84b5ed86c7ea10efb266bdb01ecd239015485cee3bef43a6043e6,34b7e8f6db07e752d3a90f88e2392ebc50af4f49ebb7812e85ab08f80bf4276c,e94d2b789bdaea95fee8726a8a44ef556a2d23d73e5a8782fda4476a747ffa32,9b57e3c9a524cee146972dd42169767f11fd5354f61f1582eef19365de122e08,e706b320ed8b0adfde1cef426fb7595e3a5597b01e2fbbcda18e8a7c35b9dc1f,HMAC-SHA256-DEMO,AUDIT-2026-05-STEP3
360,dfc33d110efc85654fb42988,2026-05-28T00:00:00Z,REQ-000360,b6791729f7de52114f8f5aba,STATE_03_DIST_01_PS_01,66c1f1634fd4515b8f74f8fa,deny,DENY_SEALED_RECORD_WITHOUT_COURT_CONTEXT,P-2026-05-STEP2-ORACLE,1f1391d1171102cc68fcbbbc6e95f326482ff1d27ed9e35b3220ddb2ba665e08,7476bd0386f0bf3ae5a3488c3923ef66c01861a35dc35ae9c1a26eac7e11da6b,756f168b1bc10ee9a65f4f00c4b0a886db4191176da3a7fcccea64093a4f45e1,ef414735730d9541935d1051a8762d61f70da99e7b221f02be254ddab4487690,cf089ebcc6ccf014e9e49422bff5064c9fe99641c6ac119efa7e1438d551e046,9b57e3c9a524cee146972dd42169767f11fd5354f61f1582eef19365de122e08,f97c8d189252530022448ccfb29f62b7fc7ef318cd268ed7aee381605b2afdd3,8138d8a0add4ec412a9a5f884994e08a0caf92c185dd6cecabb12cf8f0023bdb,HMAC-SHA256-DEMO,AUDIT-2026-05-STEP3
361,385f3e965c7d31457aa7a339,2026-05-30T06:13:00Z,REQ-000361,b91bac32e23ee5afdb826394,STATE_03_DIST_01_PS_02,431cd98dd82eaadeaea9ba71,escalate,ESCALATE_CROSS_JURISDICTION_SENSITIVE_RECORD,P-2026-05-STEP2-ORACLE,bde00fe007d1fe0eca67a75fb8bd0879c306014d6ced6ccc1721fc1ca51b203e,11e4d4aa420782db77691b040963d3a8e8b257d30e5c86b5bea18c861c89bf1b,f0b5fbd9a49743723916f7e92e588f04ececc9988c1ce181d8c2481e2df73a82,cff215dcd4101d18a979424faead205bfc68f840977d7db009f33cab5e9b08c7,eae915e193a70e7940bf855f8be9a0576241b8f0515c7c18646096f7eb00e2e2,f97c8d189252530022448ccfb29f62b7fc7ef318cd268ed7aee381605b2afdd3,cfcb06c2ba397b443ef0974f44190571c856adb9f82e8b47cd9c692eb7750680,b93933e3d4d8bce7388c5ebc05af26d615dbc16043681925753d527a7d99186b,HMAC-SHA256-DEMO,AUDIT-2026-05-STEP3
362,3e122ad7abe142c4af894f16,2026-05-27T18:06:00Z,REQ-000362,7fa77f7b07565190b1b9a0af,STATE_03_DIST_02_PS_03,862f89895c928d14000a1111,escalate,ESCALATE_CROSS_JURISDICTION_SENSITIVE_RECORD,P-2026-05-STEP2-ORACLE,71dbec0e3205af4b04ce82361fb8f3040b995f26d5445f95c9e07714bce5d0a2,69e096ac96670e7adf2f88374a758df2eecf64717ed66e457c39bb978b1c3f16,77b491ecc03f85c45aee093c33197be8af3fec6ba79e8e2917666b9d3bb2494e,d2e6c24ea8832c4078d94d5d5108b2495a65b05709b4728212da4990e861b749,0977901ae6a0415a0049b1021061e7d6f1a7f058807d91cb8634df2019ce136f,cfcb06c2ba397b443ef0974f44190571c856adb9f82e8b47cd9c692eb7750680,31cadd38913c52d34099f26fc958141b478e0c68a2be87362ed8aa84c04168d9,8242905c5ac042aa84836d614afb0db8a439c87edaddb8d7258341c88d512480,HMAC-SHA256-DEMO,AUDIT-2026-05-STEP3
363,8090c59d475b80b0d7c78e74,2026-05-30T18:45:00Z,REQ-000363,74d33cea72e21de2b8f5e545,STATE_03_DIST_01_PS_03,d95f9c5d640c8816f3f8bfe6,deny,DENY_SEALED_RECORD_WITHOUT_COURT_CONTEXT,P-2026-05-STEP2-ORACLE,d5425269307ac440f9495a033ebc6ddbeeaf761ed0f739d3537a4797c4388602,098e027bc21527511beef1af166571cd889d711dfcac920f8fe8cd95dfd8869c,e6870c88bcbf4ea3be127c8a1339c5aa84ffb33793ee64c26b127bc2cb8815f2,c703155dade2f0fc7ac20b44c34fef90f50d6f0fe7f6326b1f51e2baec658086,75ae20dcd12adeee21b64db7075de5c9b9019d51564c0377ab69914536d273db,31cadd38913c52d34099f26fc958141b478e0c68a2be87362ed8aa84c04168d9,f58b5697eed12a943ffc63ce8e40c616b29f762a12fdf327ce8d0f0d6e387041,56816032c38fe12bb573e18de35adc6f33f1593ad6299066414faa960c90dccc,HMAC-SHA256-DEMO,AUDIT-2026-05-STEP3
364,33fa6a0ca46f2f66f34e13b4,2026-05-31T01:04:00Z,REQ-000364,c5c5b540de8f1dde6964dc89,STATE_03_DIST_01_PS_03,d45ef8c0ab200ac9b4c7a89e,escalate,ESCALATE_PRIVACY_SENSITIVE_RECORD,P-2026-05-STEP2-ORACLE,0be2666722f50b8adcfcd7c1229a5d38271a7ff00774a2ac8f6c99a719f14c5c,1a31f391aba47a1191ff9508449b5ba889df805cc67e4eb36082c87a8a65a209,f25fb30b8358d8c33831f43a490cd4aa629c4189720c233f00d73dabca27b2c8,aae273461b2fe6e8cb60444aabe021434ea4a02c79400342e8490489ff013934,c26f07e719652181e3c93f6bad350af1b9a0bc86db41d228a735697d7daec659,f58b5697eed12a943ffc63ce8e40c616b29f762a12fdf327ce8d0f0d6e387041,2107144bb923901bc9ceb864e782f632305e50b8c942651a6c5cd9e09dbf9e1b,57e096694f13bd2e7a42b4b6eed1d24336754ef5828279b0e3c2e543d1528777,HMAC-SHA256-DEMO,AUDIT-2026-05-STEP3
365,25f2dd4410b91eb562642c20,2026-05-30T13:10:00Z,REQ-000365,721eda836388e57ee154e383,STATE_03_DIST_01_PS_02,1f26606290f205ce6ede37d1,deny,DENY_SEALED_RECORD_WITHOUT_COURT_CONTEXT,P-2026-05-STEP2-ORACLE,5741894eb9255a2544a2c9764d8face384884dfceb073ca57fdb8534ce0a3082,c316b538cbee79815ccb26f20979dc4069e47fe176ccf07e7107fc96167513dc,f21df53725ddefd042134e2edda92f81ce64ac83ca0deae99089d33796f993e5,2e60783249c042f3720ae50e5b4d5e610a1aa4d16e6d3bee7c070f42cd363c93,ba8d2dd5b4f55a0599f32fb915246fdb65364d255aa940add5e68184305dd9c3,2107144bb923901bc9ceb864e782f632305e50b8c942651a6c5cd9e09dbf9e1b,f676f0dc6f0bc7667203b8b05f8e0f2e1c6d48d3bf1b3aea02ac06ef93944de5,725b6ecf90341a8247199f2fcd0d2af759c29d51b1a825c8c21ebb679695544a,HMAC-SHA256-DEMO,AUDIT-2026-05-STEP3
366,106cda74521c18b1f9242601,2026-05-31T07:42:00Z,REQ-000366,2747b4371f8a7719020e45ce,STATE_01_DIST_01_PS_02,0031d7cc69231177ee5472a8,escalate,ESCALATE_PRIVACY_SENSITIVE_RECORD,P-2026-05-STEP2-ORACLE,f25f4d1b04bc6659b882b7564671229a12f38e3942c36dc766abb5dd6808fd44,9f565af685312531a66dbc9e9ac97d0a5fa43ffd766d8d1c4dca31a0c3babddf,578fc8ac773054d305afdd867c61af1faed603c44621f89ce3abb8344a6f0152,cff9d7d243b908b8b836dc9097a6ed99b0ae082528b226239fe839fd89fbed54,6dbd51d989d29296acfa28a7747eb04d5605a4f278d3a1236feacc5e84243e23,f676f0dc6f0bc7667203b8b05f8e0f2e1c6d48d3bf1b3aea02ac06ef93944de5,c69bdba045719580b5d6fd4fc7d63288f9e975368963999a601b221731b53130,f5d1a60909d54b10e43c276d3773d7c79d1524d0e8ee7dc0c22c3caf3aeca9a2,HMAC-SHA256-DEMO,AUDIT-2026-05-STEP3
367,036ebdea7858b29958dfedc8,2026-05-30T07:31:00Z,REQ-000367,ccfa52e7df949ec76b129260,STATE_02_DIST_01_PS_03,6c5b59ecdcc1ae78ab5302cb,deny,DENY_SEALED_RECORD_WITHOUT_COURT_CONTEXT,P-2026-05-STEP2-ORACLE,15b3323c1bd6940bf7ea082696020d2f6ea1e94ff63d719337b60e9342845130,be4ab87a1f136ec11344edc7381f889c31f3c03b543648ad0307149e6cb3b877,ec4dbde6fb31ac20f5d50f460fea2f7cea709e360e17cb3bf3904e55db8d4953,8a1e62857f7cbfbc1af0ac057b70f3a609704c7db4af71128c56f11e9c4341c6,c2fac0a6efe9447292272e6abf1593f38cd976e2072371debbc58e8060aeb455,c69bdba045719580b5d6fd4fc7d63288f9e975368963999a601b221731b53130,6fc079ba0f19fc75cb7b7af39336ee1ecc81b50e104758c69806a7d858edaf17,7229bc0a0c6be25463b53f67d06740fb54d7a135e33cb9f6c3a1c0c7b69260f9,HMAC-SHA256-DEMO,AUDIT-2026-05-STEP3
368,43a98eae32fe98ee1498eb61,2026-05-27T12:16:00Z,REQ-000368,4150a8ceaba40e213683ea41,STATE_03_DIST_04_PS_02,5fdca183eefc3a91401863c7,escalate,ESCALATE_CROSS_JURISDICTION_SENSITIVE_RECORD,P-2026-05-STEP2-ORACLE,f4cad4d59c39eb698bb2c98a6231e52b0e52c449aecf306e4bf423004c5fdcf3,4ef94a26af427e5f27f2981166dc827c1689547296e2b6f7d74a76a49a8a98bf,7332876e26f97636416fa17037a8793aa6c8651ef4094f357bcbfbfb50d5ea42,906186f8dbe16112e4a853013a1b83143f5beddee464af23218955e720c0fbe5,c104ac7d81b7faa38743d20a01d319e4a381cb9fdb6f07e1dfac0cb7220d9669,6fc079ba0f19fc75cb7b7af39336ee1ecc81b50e104758c69806a7d858edaf17,403fc00a85aa1a5ec396ef8a15b2341b00be700d7695b84ead3d2b2894cc88fd,294e0d10ae1488381048b9f82d2b3e1a647be9e031cef8a9e69e8b19d44b1ade,HMAC-SHA256-DEMO,AUDIT-2026-05-STEP3
369,22178f659efb417a0d04389a,2026-05-29T13:30:00Z,REQ-000369,f04272809174dac17c3936fd,STATE_03_DIST_03_PS_01,361a07f3293bb4a0066f3f14,deny,DENY_SEALED_RECORD_WITHOUT_COURT_CONTEXT,P-2026-05-STEP2-ORACLE,5cfd315970f1354b44a391b9b08b44e1941e5e6a6c1087491b58ef37d2dce22d,de4c598144a9e1c9ed5cc5340ceabe8fc37712cfbc627488802ea78b8aa12d60,76acc9d212253941548e8092e44c50f943f846f94720238a96dda7a62c3ef3c0,05e87d4821993ad00db6ee81964f75c7a0d6f2c3d6ab5ba18e6a205ea261a1d3,cd9bd89fb345c253590f4d29368a023d7fd62c79a55bee854a97ba3a6c316d2c,403fc00a85aa1a5ec396ef8a15b2341b00be700d7695b84ead3d2b2894cc88fd,2a446776cecf0718bd56bd9dd1cc5b4e2f294c8cb7e0f5543f5acbbdabf17d96,8fdb5cdee50c379beaf7b749b5fd4aec0b491ea02d41fa2923e986b68d487150,HMAC-SHA256-DEMO,AUDIT-2026-05-STEP3
370,8dd2f0f13730681f89117144,2026-05-28T13:00:00Z,REQ-000370,05c87980613cb5db42b892f9,STATE_02_DIST_04_PS_03,d4e159d315d1a164a192bf77,deny,DENY_EXPIRED_APPROVAL_TOKEN,P-2026-05-STEP2-ORACLE,0a0877ea9dd7c032695661a2a14ee2f2bbac2e224c06d2d931f050e123c74640,30f71b582b090485d37a8020e93a42cd66fee60d18fffe9e5c07eab76112eec7,7f7a6eea4ae32bbb40579ba3b447d1c103669fd1d31bdcaf4af0c8a8d3d85ae8,97b5e2add2dfe4e7142d8710c7e6af9ccc5288259ad199cba387306a813f1aab,38a6741f57e93c4084dec8bff7163c070930bbf27a2909b6e1aad1c2a48ed80a,2a446776cecf0718bd56bd9dd1cc5b4e2f294c8cb7e0f5543f5acbbdabf17d96,e39c70219bbe5df20d670896eea08e045b3c841667ace8e2bb3fe40ec1e98578,015a2fe486a76e9b5a5c2f8e6f6ab114f749d7f0283aa54f88bf0076daa369ca,HMAC-SHA256-DEMO,AUDIT-2026-05-STEP3
371,58a1ed59e6be2923e32fb1c2,2026-05-30T02:12:00Z,REQ-000371,5d49251d25024e2ef906fcfa,STATE_03_DIST_01_PS_02,dad96ab404cb3162880756ed,deny,DENY_STALE_CASE_ASSIGNMENT,P-2026-05-STEP2-ORACLE,2853d615812a59289d23e28ccb80e7b77716861deed50439ecc5070850813fd4,dea8fc88cb21882df668c535d11db49b69d620568cc9c96f070f3430cae8eb21,8907ed89a48794e2028f262ef065947d6cf1afe89cfecef3674f1dc09e1e848e,ed19e1b70a17fc8dd7f12edd577803b3838c9e5d68f0a0ee50e7107bab4386d6,0f1a929b9aea77bc51c83a0df1b53b30625c04b0c84b70679cafb40120060b97,e39c70219bbe5df20d670896eea08e045b3c841667ace8e2bb3fe40ec1e98578,65a2e855440ee2c1d7b51f6fe1d0f117a7b1e0e0ad3566f8a857e0da3a95775d,f9ce53ec0e908c2220545d1a61449b4275f35c7ffe167d42a8dd6acc4da9c961,HMAC-SHA256-DEMO,AUDIT-2026-05-STEP3
372,24ddeb6d3c81bf2d180443f3,2026-05-30T08:36:00Z,REQ-000372,8d450ebb6d2a4135d240f974,STATE_03_DIST_04_PS_01,4020825f360cc30925138d2c,escalate,ESCALATE_PRIVACY_SENSITIVE_RECORD,P-2026-05-STEP2-ORACLE,4148a88dae2b1e5ce4df3718c8e5e251e7db82ba70fb47d091a3e7636f32eccb,b35feb4d27293b1db76f740f6aba6f8e30d3fba2f31e04d054d1a918c88c9575,31c597afd489077f69b940128db87a60bff0fdaa09ba3a185721c616c22f25d8,ce440decfd9fd42421949db9be3357eaa11ba3dff98f1c285ae65cc7be42b163,e70df64649becfde01c89d3829292254e9897c039ceeb16aff8dcdf7afda5ff4,65a2e855440ee2c1d7b51f6fe1d0f117a7b1e0e0ad3566f8a857e0da3a95775d,5cc739aad08469f7f1bde684bb1e69d1a94af4c4cc8a35e7ba119f766bd065ea,de2a2d0c00b33426e830e74ba69710cfd3cc00582365cae2a25f8261c7ddf5d4,HMAC-SHA256-DEMO,AUDIT-2026-05-STEP3
373,0acba863b163cca7e14ec16f,2026-05-31T03:28:00Z,REQ-000373,5ce4d64c20eb4b8a7537a1f7,STATE_01_DIST_03_PS_02,9f6ce3dfb42b871dbeea3ce4,deny,DENY_EXPIRED_APPROVAL_TOKEN,P-2026-05-STEP2-ORACLE,8f7174027304bfe861fc9bf1da75f5de043b75bcef6b567fec3ca4ffc83a31d7,cf936b78637c3a24eee8e00a8a3fe99e2e576124fbd2f07c5458b0d868cd5b08,156a1974314f2373dc177fd044bafd43cf4ef632970d1227fabbb6b3abd2c05b,d4d441b0438ea74744a6b3f7903b9c4d074c3f89f369f95fcc91779aef1c36b8,9d2aff98c5e7762897c31e1801185d27a43c8035927b78513e29dae2022b389f,5cc739aad08469f7f1bde684bb1e69d1a94af4c4cc8a35e7ba119f766bd065ea,8db5ea9afe934f56093de8aade58e9faeb5280eefa21ba8251ab48da3dbfceaa,cc0ba338558dcd9a2f98ba94329753e527140044c94ec234d83ffbd8f299f68a,HMAC-SHA256-DEMO,AUDIT-2026-05-STEP3
374,219174f3554aceedf2e9d0ca,2026-05-29T08:06:00Z,REQ-000374,e48c526210cf797e3886d5ef,STATE_03_DIST_01_PS_02,76eebcbd721d1571cb5fcac8,deny,DENY_STALE_CASE_ASSIGNMENT,P-2026-05-STEP2-ORACLE,ad9e50709b87565557ed2ae8667e2edd1f1991ab00407d7f76d01f615ec9b528,ed8eecf12ccc0a8482f42e716643b15a9c12317c8c9d339d2a2617f0b08c995d,3059972f416ecdb492977aa6319cfeca90dec82183eece9c1a93cde7a070d46a,3bcbc78fa0442ab8cc254fc09abcc64e8aafe8536ba3fbc17d6e54263939e2c3,13742ce5f35fe2a01fe3dfbe9dd81b442ec82a4644caacb59fd5fa946e9d6a66,8db5ea9afe934f56093de8aade58e9faeb5280eefa21ba8251ab48da3dbfceaa,bde2c58c3faf666b0841eecfbb1c505c33fd90bdbf2c707a7e7b774a43b879d2,86f632019b76331438542e17975481ae9c7013d4a043ce181794c81133e56938,HMAC-SHA256-DEMO,AUDIT-2026-05-STEP3
375,1e5da9f833203d210135d2bb,2026-05-30T15:30:00Z,REQ-000375,f7c9b924c136028c31a62c8c,STATE_02_DIST_02_PS_01,27937d1ca81b65088a41774e,deny,DENY_STALE_CASE_ASSIGNMENT,P-2026-05-STEP2-ORACLE,e530f10a35c116d5c436f90198ae0e4120d5ea1e6024ecac828c883591963359,65eb56ece75cc2955fc94adf0e42137148b9da70016f0e1bd2dcdccd70614cf4,ad21407259902179283d2613d62d7fa29d56581d20db87b02b2c162f506b5551,960745458b62f799d480e634682000a96dff0c214baee1d578c4d690b1caabed,69a85dcdd8fb33a25159047f4b41f4377575d94dc0eb7e2f64df91576d344a3a,bde2c58c3faf666b0841eecfbb1c505c33fd90bdbf2c707a7e7b774a43b879d2,990277dc55c8b86bacaa6e71e1208e7de26213fc7de285dbc7c8bf5e82ff22fd,e0e40af5e0f6ea3c251a6d8a37f5851cf7d5cba07f0b4bb0191c972aa70fb79e,HMAC-SHA256-DEMO,AUDIT-2026-05-STEP3
376,3945e5a9e2605ea51e64ef6b,2026-05-28T01:04:00Z,REQ-000376,e35d3d5ab37a57023a757cf4,STATE_03_DIST_04_PS_01,d021b181a8195460c1a8a206,escalate,ESCALATE_SEALED_RECORD_REVIEW_REQUIRED,P-2026-05-STEP2-ORACLE,ce20b83f2539e47ba06d3d470f5bf235965290c7a9bf393a6316e37c343a53a5,103ac27f73ff6346977cc0b09f3fe132b432b69569f510b42b4423ad3feffa27,423e43391f28a26c88abe0704e8664c3c705794ab306e3e51fe7f68c3befe36f,d97fd1ba668f8afe66cfe996d0e47ea29644248c8a2b3653114b375f2ed89120,496e673cb7c8c824a82d10aa5c8046d5179f94e63b064fe2bd6b2ee1ece111cb,990277dc55c8b86bacaa6e71e1208e7de26213fc7de285dbc7c8bf5e82ff22fd,8df21c0a9972c52842bb5a065b2f54b0a39810391cdc1f9b8677bac1f6933f1c,3d8a5d5501ff4bf98d88514063e7281a60286a6179d74ee7b241f03d8f3b756e,HMAC-SHA256-DEMO,AUDIT-2026-05-STEP3
377,5d1236ba815b4043f4a308bc,2026-05-30T15:58:00Z,REQ-000377,3928cce83c394fe536f56bf5,STATE_01_DIST_03_PS_01,19f9edd30f8406ca598631a4,deny,DENY_STALE_CASE_ASSIGNMENT,P-2026-05-STEP2-ORACLE,14e96bc17df837519087ecf74bbac803b5f4f9b049d45ca57625edc83c67fd65,dd4baa0bde6508b74fc8132e69bd3a19923a809e4ee5b1d6bfc654505feb54d1,153cdb47f09cee1645737093b90a89ae2b4cf5b00499bbc722866416fb934989,8be13c6776fe17dcf391d9dab7361e770db895f25093a2af8264e55ceb7f934f,adbf9c165ea22c4c5c08c5a8bd40357d9c2d8450f495fdac0278cc34870d2bd5,8df21c0a9972c52842bb5a065b2f54b0a39810391cdc1f9b8677bac1f6933f1c,bb1c4040bec3d20fe248bb41737e07efc8c783154759063606b4939a51e03314,30717a0d1b032d419fa4dee950d4e9ba9d30e31147bbc900bc7f9e2f07176c35,HMAC-SHA256-DEMO,AUDIT-2026-05-STEP3
378,d303e3fc7c097cb321057c5f,2026-05-31T11:06:00Z,REQ-000378,bcb4468affef262ed92897ea,STATE_03_DIST_03_PS_03,6c5b59ecdcc1ae78ab5302cb,escalate,ESCALATE_SEALED_RECORD_REVIEW_REQUIRED,P-2026-05-STEP2-ORACLE,58d92bf75c83a7787574ac02bed4956fea8b332ded3acf215f9f84b643b6f0b3,2129d693872691f2264728cc35ac3c3e6eb5b6ec5ab322781bf37dc75c89061b,b0416bf6fe9ae2f10355dd164d9d756b6dc73cb4ee492ba6ad19f13fa172d32d,47ec20c8c533502da3e11c215a763e7d9e9cbff467e35cdbc183ad58d7168514,7467c632b8d3e49988ea23a81094461ab0471927f2576c00a1aa05d4e0578698,bb1c4040bec3d20fe248bb41737e07efc8c783154759063606b4939a51e03314,92e0fd18f2bbf871fed5623cec37eb1f17341b509e66ae59c82ac4d6a589289e,2dcb732cd6d4196e432c463152396124cd9b01b03b3508ca10409c8f380fe954,HMAC-SHA256-DEMO,AUDIT-2026-05-STEP3
379,276a022a43ba29259dc16348,2026-05-28T13:54:00Z,REQ-000379,81f27590363500d418d0fc7b,STATE_02_DIST_04_PS_02,2b5ed92b73d41d7d7ad6f4ce,escalate,ESCALATE_PRIVACY_SENSITIVE_RECORD,P-2026-05-STEP2-ORACLE,ac58f7b42321dbc2ead4ea9f6f3722667798c2036271fbf1c655d5a398c1c05d,d2ff0963f82e95abae91438840b662f14b8a3639c84a72990c7b2ea94ddb8e3e,b2c6eac5517bc794dca9324bc654f21bca173ab169105b5383f08224a4ff57f9,19957712390b719618cfe689df9013d4092829459eeba06e10e0e3658619e1b4,175bd3a44fd33b2343406f8ac320bcb2d27b6f0c41d9483bd7bf1f8fad41c88f,92e0fd18f2bbf871fed5623cec37eb1f17341b509e66ae59c82ac4d6a589289e,c0b8da83a7d504c7c3f6583bbbb1289289f99b42c61ef5f3e39a808189627eee,0d7a412079d53b8f4e22676c0c0ccac8b32ddc7b24a87f6001e63d803f52c3f6,HMAC-SHA256-DEMO,AUDIT-2026-05-STEP3
380,6a208cc97631624c3da99926,2026-05-31T05:20:00Z,REQ-000380,871e4c8cc36e0fafb27ef560,STATE_03_DIST_04_PS_03,5735e1f43cfb1d05ceef90b4,escalate,ESCALATE_PRIVACY_SENSITIVE_RECORD,P-2026-05-STEP2-ORACLE,511cb1f9ff634a9d968a0066f3049a6988b90ad79829f15b36179562902730e3,3d301b92bb461fe159ac8ac0443d9a98589be09d44014af78b9e1459695ada03,627bec1ac4f895790dfe76ccccf76272d45da6705448bf4e267ce379043649be,44aee662889f608353a9258158391b73739a157f5be5d83edfc9ec92f4efb9db,cd99613b7db69882419a1d4eb3dfb6106153b1bec6591cb61f64157818d86a04,c0b8da83a7d504c7c3f6583bbbb1289289f99b42c61ef5f3e39a808189627eee,ad53e915ce899ae20aba98bd546ba7c0e75808961fc6e9550c3acdf087e5be7f,8c999690571b67b66b976094ff6d320f101591291a116e75b851a8977733b4af,HMAC-SHA256-DEMO,AUDIT-2026-05-STEP3
381,a5b937ecce57ded53f5fbb80,2026-05-27T12:42:00Z,REQ-000381,5f5d03cad2864eb9986177dd,STATE_03_DIST_01_PS_03,f9bc8573a426e646d493c5fc,deny,DENY_STALE_CASE_ASSIGNMENT,P-2026-05-STEP2-ORACLE,32c59906e5e36c1f5157ff55772c5703882c392e05a9f19d9c41e71b7dc461b1,d65129c03efb439a8024015d9bb612ca7c80f8e34386de6e1d347287fdb531c0,c18379d674debf5064daa46e5764cf7206dabceeaf284a8ca13fb42704dfbf0e,5ad03628d69d6ef67849ef03d3974d48416d7cde235caeb2d921074873875ca7,eebfa1449b21da9be175975aaae6e69ad5e5344d24e863a0d9d9233009e2d54f,ad53e915ce899ae20aba98bd546ba7c0e75808961fc6e9550c3acdf087e5be7f,8478c719597827dbb1306a689d1ddb0cae51e8bd2a5f2bda77f9fb059fbeaff8,c2ca12ecef246fb6556b3c051b488847473d5d8b1e3001e6ddd35d74c816b6f1,HMAC-SHA256-DEMO,AUDIT-2026-05-STEP3
382,05157a2a19942e528b88cd6b,2026-05-29T22:02:00Z,REQ-000382,a1e23926bdb89d718dc0ff23,STATE_01_DIST_01_PS_03,0b15ec81d0d8ac95910c8dbb,escalate,ESCALATE_SEALED_RECORD_REVIEW_REQUIRED,P-2026-05-STEP2-ORACLE,7c5f156d33581f95fb88e51fc961bbc82d77590e893d3d71d3438fdeae1f11df,cca0d8463898291472060907aef40116ac88b0c72a7ad83c44d8b58a127560fc,11abf8d1b1c1d0d9cb365bb7645350f766ad2f3653db46833e342182fa276dbc,8fc90b27fe30fcaa740ae9e19dd39b7931af3355da49d0b75ac913706c132981,701b4ebf2a7596b8717f3b87e71e199b8dd333ef2c60909d85ef13f9c47a0585,8478c719597827dbb1306a689d1ddb0cae51e8bd2a5f2bda77f9fb059fbeaff8,a027545f2a1a36e5e66255ff3faed9008fcdf0831a854ba7ad0ce854b7c63fc1,c91a10ef2d47d242f2be21fa4ec609a516e32516a38bc1f5db256c8b8e023757,HMAC-SHA256-DEMO,AUDIT-2026-05-STEP3
383,5d665c2c27de15471b2d004c,2026-05-29T03:04:00Z,REQ-000383,6aacb3c44032122c078cc506,STATE_01_DIST_02_PS_01,39a638e6937d73cd596e9733,deny,DENY_SENSITIVE_UPDATE_WITH_LOW_RANK,P-2026-05-STEP2-ORACLE,f600f4798529b49926e1270f365cf8c6671ffa4fa0e19f71ad7583041d4ea5c4,cb4505dc3c73a9f87713f20e1e3397ad12d9d3870ac4b4ed5e1ba74be6ae815c,2e815b0d986108ede1d3a32f136a169f1476c20f182bd347e38a7342b4fa344f,9e77be0844af84544df46bb71841340afc12e6c2849aea7cee5015eaf9391eb1,2b9e4ed79017dedb2912d1bca688c7eb38df61a3607b5b1f750eef568e6ca5dc,a027545f2a1a36e5e66255ff3faed9008fcdf0831a854ba7ad0ce854b7c63fc1,97385d016ea2054b3a16d57f2d96fd42c53269025828a89f220e38cd387e4075,0df5a0ba5e9e4b952ebc02898a3e1ad8b61a384c30e6ef635059062f54fab817,HMAC-SHA256-DEMO,AUDIT-2026-05-STEP3
384,d98f140a697fe08598af5a7f,2026-05-29T09:36:00Z,REQ-000384,f57ebd05797c0d495cf5ad8e,STATE_02_DIST_02_PS_01,c0cd6baa4f06c293515ad310,deny,DENY_SEALED_RECORD_WITHOUT_COURT_CONTEXT,P-2026-05-STEP2-ORACLE,be81ad76a299bfecf5733f8d47e228b90d17e07133270a56c5c5914d372ad0f6,6694486a3898abcc6ab153bce0c1ff9950fc0cb9e884f360dd2d7ab558b25c68,f063804f60d1bf1e2ff93ac248e20b6069149b91a07b99b365501a15f8ca779d,e8b8c65a7e666304e7a2c9b765e3b4e682c282da0a1bb461edcf69bb3f35ed65,fe418a67990e5559bceb117df3bbe4c64619a71b5698ea87271ee8fb8ab94b15,97385d016ea2054b3a16d57f2d96fd42c53269025828a89f220e38cd387e4075,0caff3499db605689491f17a4abc35b6cf1f7b91e60768256d6b9106b42a34f1,8b52eebf5d2dfc9f10781f54d1963746f96b520b1a55bfbf3062e216299da618,HMAC-SHA256-DEMO,AUDIT-2026-05-STEP3
385,e53b861fd862adcdf8608928,2026-05-29T16:10:00Z,REQ-000385,97ea02f4f8fba926781c7fc5,STATE_03_DIST_01_PS_01,ebb25f911f77c3f1d4019b67,deny,DENY_STALE_CASE_ASSIGNMENT,P-2026-05-STEP2-ORACLE,70daf5d74556ffab9cb242d4a810b86e4ed88c21b3a8f1d89fbb45870a479d54,538258c36ac5f30a267d0b2111dbc99daee371a189fcce5bf5bb6e93341fda5c,64c58ca0fe42b106fc13db9374380427922a5033b29827b0bf4d2efb65d0f5dd,7063db183fbb7855e40f54e2fe62e7758370c0b7bbd7e996f4bb20355f0380a5,0cd3392e2c338bb7e258aea724054dd2e95c736aa9fddd265f68a4281a91684f,0caff3499db605689491f17a4abc35b6cf1f7b91e60768256d6b9106b42a34f1,b07402ca31074fede7111a32cdb8d5404660773dbafdbdf5792096c6b011c6c8,d32553a1228d9e00890a77d1b685e8472f8663f264036a6fb683a0a9155d6f46,HMAC-SHA256-DEMO,AUDIT-2026-05-STEP3
386,c860c4b3e9e17a59916c7497,2026-05-28T21:02:00Z,REQ-000386,eff0953046ce4a5fb1d8ee91,STATE_03_DIST_02_PS_03,68994c9b44433265a4ba8f45,allow,ALLOW_ROUTINE_CONTEXTUAL_ACCESS,P-2026-05-STEP2-ORACLE,0c367e11702fb3515610031eca048479685a05d4953fca5d69f313abaf0113a8,0bd53203ad737e0eeb87c280aa75c4db2ce69e3446a178d3b65a4e3a7e359832,6ae065be4b33a32b3cd99d7cd8827956c97f5106afd919cab68c8dc4af71370b,cc33b6943db17c123d9b9ddc242d3c03baba027c42aa01fe24d4abb88203c281,29cee89412dfda214e64af5eb0fc4ba36ea3377120df84e6ba76651a86c0148f,b07402ca31074fede7111a32cdb8d5404660773dbafdbdf5792096c6b011c6c8,d6a861f8e82dadbc4a35a29084333e4ca2180ce1a5e1c2347ca3163288a59e44,72cd17326af40f1583851bf564a7992877d7ea17797c20213c9c1423065e18b4,HMAC-SHA256-DEMO,AUDIT-2026-05-STEP3
387,3fb45f57fb2eb3c0647e95c7,2026-05-31T13:39:00Z,REQ-000387,bbef3f90be1083101e51c0b0,STATE_01_DIST_03_PS_03,2bb01093000cff150787fcc9,allow,ALLOW_ROUTINE_CONTEXTUAL_ACCESS,P-2026-05-STEP2-ORACLE,6d1e28b1b63f1ec99a6fb8aba9c31c4dff42f2e4087fd7714d9a64805330d763,0dfc57a5d7d4798d3fb513ee6488ccd910839bedc272959a48655ce804a3a5fa,b7b3c4507f25c7a889add1171614e8fd3d5bae22c6dae7a232059b9467cb555e,2a6204c7b76f796df98d308eeef3d08d3943d48c28012d2569d656b99e7648a6,f4dc20f0e7e564ce77714a813373704129ab5fcb084aeceb3e586f7d8235d3fc,d6a861f8e82dadbc4a35a29084333e4ca2180ce1a5e1c2347ca3163288a59e44,78dd410938dadf303884a4b6ac8631cb15f6de727480d595f6740662d5e96420,891d5cd8c76a6c4fb1e27d64d8d28139c3c6720c1f69de53ef9c83e1c6386c5f,HMAC-SHA256-DEMO,AUDIT-2026-05-STEP3
388,a72ada940be52468c3e0679c,2026-05-29T23:08:00Z,REQ-000388,030fbe8b71b501096276a8ab,STATE_03_DIST_03_PS_03,5856a99a0397a4932c6b65c2,escalate,ESCALATE_PRIVACY_SENSITIVE_RECORD,P-2026-05-STEP2-ORACLE,fea1f14485add116882758c328a5de3484ba2d4165c5a91dbfcfae12ce93ff92,e71ff89e03de683fe3de71843961bc34e2d3ce62176dbe29f3f3205804ee5f55,e7191845342bbc33a6794a4a0e5d25e2c569821e11c28fd2da34fcd25523edc1,607be3dc466397efc37ba5440b0a85247c7337ea62bdf2e2a299ac17d60828aa,16daf96b6cfec07219d31c9fdb6591f462ebdb019b24c951b1cf75b87e45c932,78dd410938dadf303884a4b6ac8631cb15f6de727480d595f6740662d5e96420,afcf721b9a61051becc0a37a66e223a07f9e7ae02b463bf5b8aa4131677bac2d,d209ecf7af06547ad641b6480cd9ddd6b11a755b9b9497eb7ff5f5c2ad4349a2,HMAC-SHA256-DEMO,AUDIT-2026-05-STEP3
389,bfad9d7ef17fc5cdf4621389,2026-05-27T19:27:00Z,REQ-000389,cf4f97b5eda3195f8d5d3726,STATE_02_DIST_02_PS_02,57e7af8bd7cdc6920752e182,escalate,ESCALATE_CROSS_JURISDICTION_SENSITIVE_RECORD,P-2026-05-STEP2-ORACLE,9f1149db122ff4384cc87d50cca1aa9bad08645068347267c5db97dcec25ae8c,5f7e07bcfa1023c85459d92bbb73729497f81f5898147ae6b458324faaaca2f6,49bbe0e7c332610470b03459fb0daf7b1a98f3e37ab7c17321472207392abe3f,65198a9bbe38c0f21c3c373eebbc3126401f60e3d0b44dfdcd8d0181c50f0b00,aef6cb2e863c1b82177cddff2514599c2a70dabf917858b3e7905d8c6991bd71,afcf721b9a61051becc0a37a66e223a07f9e7ae02b463bf5b8aa4131677bac2d,1e33fb738a9e90397942b9f90cb3f307cd29ea81d1be27cb82fd95b7a1a47ed3,71ca5b1cced179a41adc4fa776c55ae12b5e22f135a9f91dc5d0338c5b654ccb,HMAC-SHA256-DEMO,AUDIT-2026-05-STEP3
390,807838bee1c646ae1ecd53cc,2026-05-28T15:00:00Z,REQ-000390,3cc947c5caadabb45a541b46,STATE_03_DIST_01_PS_03,b3438785218344505dbd3e7c,escalate,ESCALATE_PRIVACY_SENSITIVE_RECORD,P-2026-05-STEP2-ORACLE,2621f506033b8582643e745b00160654a36136ff78c12f1e04b3bf7ee65655d4,0e0fa660b555b951b32466addf2aae5c3afd7fd772e9952d32b6cfaf6b4ad638,c0bd75179a688176226acf7c5d999befae4fd89517745382923d96996d4052c5,d6a396f04fcf5db2c8f98afe5b7d52e128717a4299605030193244f9894ec6fa,c7a1387cb5260ce0e7588337e3510e0a177bab99824e22efd65e22214dd855b0,1e33fb738a9e90397942b9f90cb3f307cd29ea81d1be27cb82fd95b7a1a47ed3,952ba45d3e9702f123026bcf35c4386943442c6f03a35c2daf934d85d6b820b9,47f83a768cfb7956af5110962fe00ffb7017350b1fa79e0ef76309baebebe1f3,HMAC-SHA256-DEMO,AUDIT-2026-05-STEP3
391,24ca6b1270dbb68dd19032bf,2026-05-31T14:47:00Z,REQ-000391,86505bfb457a23f7a0108287,STATE_01_DIST_01_PS_03,956aca67b33c2620ff186459,escalate,ESCALATE_PRIVACY_SENSITIVE_RECORD,P-2026-05-STEP2-ORACLE,5d002952d9ef8d1bf06cc252a350f2e9cffc5da52509b85e76fcb7c0558b13d0,be2c94806e3978966e2315aa52ee2ed7ee0f0ea1b7cfbfb57dd74f2e3ac47132,d359f773602332d78e26d1877b456c0025b1359d8e5dda6aadc9c95fec0a0e34,9b04d45960ed6e30cb2941378224cf84c640afb114bd942689085c28814584bc,5c3dc0970370eae5d81cffc25d31ff8b0028c419ee63619023a1b35cfa22e072,952ba45d3e9702f123026bcf35c4386943442c6f03a35c2daf934d85d6b820b9,4ff7581a034391db7a0565ff75cb003a158d5e9939cc8fa9dafb7c47b74d6e37,c695248311825cdbec6029666b20732e3a38cf2afa1cad526b2b849ad1a684c3,HMAC-SHA256-DEMO,AUDIT-2026-05-STEP3
392,ff0895375d5b7b096a150b2a,2026-05-31T08:32:00Z,REQ-000392,100ec956e3b5dce60e3db6a6,STATE_03_DIST_02_PS_03,68b8678d168a8566901805c2,deny,DENY_STALE_CASE_ASSIGNMENT,P-2026-05-STEP2-ORACLE,b8095ea83c4427618e3dc741033a8f4665f1f3f6e60996b1f2367e22909f8ca2,753bd6a93592c93ee3c8fa73fb8f5d6cb1c7b69ede246f7aa3c3197babb0e7dc,38fedf1f6c3846b7159de96b1fc4b6d64973219cb16f71c0e0ff186d5895651e,fd66c5cbf48334176b4cb425d14253f20daa127cd550353d6580bc658df6781d,92b649b93aca4fbae9f0ec32336b17cc87d8194816738435b8b2bbd6e8b2a0d8,4ff7581a034391db7a0565ff75cb003a158d5e9939cc8fa9dafb7c47b74d6e37,4b2fef94c63082d8313fb0cac9ba5321adb0ade870d8d42b142caf0b82038d7f,4f5273103b288150707c357a09234909a0171ab72919709aa65f158b78bacff2,HMAC-SHA256-DEMO,AUDIT-2026-05-STEP3
393,a6e2ae6d2b2faab3e25c235f,2026-05-30T19:42:00Z,REQ-000393,cf4f97b5eda3195f8d5d3726,STATE_02_DIST_02_PS_02,db6a2cf39ae4810f63b6b02e,deny,DENY_EXPIRED_APPROVAL_TOKEN,P-2026-05-STEP2-ORACLE,5afe9f41823e2479d28dcb93a6bad6036da12918d9d5858fd9372efcd0bbaa4b,ba79b0af75eeebd4fd986aeb33bbadd5937d75cde0c4c02f67bb6a8052fd70b0,fe5de015f83eb46b3563926ce65c3713bc1cc4e3cca217dbf532276c74adcff4,78906439e404b6773f244b5113d66c51ff948e7a15892e7950c1f985c1c97441,7758a80588506c931925465f600878fd1800d44cb459dc9c198ed0de5669dbcb,4b2fef94c63082d8313fb0cac9ba5321adb0ade870d8d42b142caf0b82038d7f,7c3c2999e96f9c67b69a5f71bcd17719fad9a983e80f14f0e9a9f58709fd9b63,c64d637e8542a51621ee6a11176f0e1f49ac72521d3a75625cf8dc7b85929e19,HMAC-SHA256-DEMO,AUDIT-2026-05-STEP3
394,4034563e65332a522b317e1f,2026-05-29T17:40:00Z,REQ-000394,16a2d504d34232bf9551d690,STATE_02_DIST_03_PS_01,d94f39756f13edae41f5ef09,deny,DENY_APPROVAL_ACTION_WITHOUT_SUPERVISOR_RANK,P-2026-05-STEP2-ORACLE,9dfdea42a9eb53bde275d87ec3062ef3c2d2dc8a8c88feb1e4411af94c62c813,965d80cb39b37df69e69790a7fb4b5ca95f1b5eab25940d513301b2899b5cf56,e139b0b6312548ef78cfac9b886de694b13d22cd934b7a2708793eec46b13771,0447e17d924e7162c1edfa8c5dca3946510051aeb60a8ea102f28c1c6e6f4fcf,6c92b850e3c2c0afc02e9f4147a47cc9a5f35e1da0252cc7574edf257076e38e,7c3c2999e96f9c67b69a5f71bcd17719fad9a983e80f14f0e9a9f58709fd9b63,ad459b302b09316263c073e4b7830cc65e3db9a5364f6736af770c121235565f,cdcac5a9d9a43eb2f21c7a40296f8419345f5d1d914e74f0eeea736d98e13dff,HMAC-SHA256-DEMO,AUDIT-2026-05-STEP3
395,fae50512abfe5cd843a183ce,2026-05-30T20:10:00Z,REQ-000395,5e4ff04af077f5ff22cd6cd0,STATE_02_DIST_02_PS_01,428efc3efd7b1b0a60e8d834,allow,ALLOW_ROUTINE_CONTEXTUAL_ACCESS,P-2026-05-STEP2-ORACLE,a53b9f0d5bee4b29bb436f6362ff347c2359aff1eab94398362fe035595a87a5,be153cac00a403d61739296ef3be5684315a5d389cf4754e674d6f207266bc01,7162476d5fc435d03d5aab2f8a43674a51da0e66fa04c7a5f3ea2e0335b845be,b5a3441d5a4a86a784b2f2ca724b68320c9ec5d1775eb253bed3b1fdb1fae4a1,cc80900d22e138b09c276b75be31ced5bbd45560bfbb824daf8e6d9611d4d672,ad459b302b09316263c073e4b7830cc65e3db9a5364f6736af770c121235565f,fbe77510a335d4b57ab35cc3690605c66027febd2b7dd27995901554668b705f,89ab41af2eb0da3ebd84b303aae23327983bb2e336da83c7926468e7ddde9f87,HMAC-SHA256-DEMO,AUDIT-2026-05-STEP3
396,985ff41672e2fb59092dac50,2026-05-29T11:24:00Z,REQ-000396,2be0332c4385b770ea00150b,STATE_01_DIST_01_PS_02,4ea55cba83dc306bfa955910,escalate,ESCALATE_PRIVACY_SENSITIVE_RECORD,P-2026-05-STEP2-ORACLE,df8f410572b270042c4f308b99ee8fbb12e3fe10021aa6f0e6fd455f98426230,517bf58008ec0f775458a3b7a776a94e02bb84b710979fddb6562efc759b0731,5f3dcb04e0a04e5c9e5b723788b238df82a16c59ff756aa76a681cebaeab0c21,7001f4fa8b9f6f60dcacaa186225a4ceb678a10f776658296a369878f20e5397,1a9a008774a2e215782df9e3102fdf3ecda1166aad637f952d3e92dffae5ccb3,fbe77510a335d4b57ab35cc3690605c66027febd2b7dd27995901554668b705f,0cf7b1826b28c3140a0575d0ad869477e7180a1e55990dfdb69b6879485f0bd8,f5eddd1a5cd31e66fd02fdf428151562a5aecd8a1eba557d364b5b01d995c490,HMAC-SHA256-DEMO,AUDIT-2026-05-STEP3
397,cfc5b89809dfa1e9e34799fd,2026-05-31T16:29:00Z,REQ-000397,ade36a17fa7aeeef7c2513ee,STATE_01_DIST_04_PS_01,1453d16ff68c935811a922d5,deny,DENY_SENSITIVE_UPDATE_WITH_LOW_RANK,P-2026-05-STEP2-ORACLE,55a6c525c670e36e7585167e31e8f5edc2ee4b49675cf6df2ae1fc49bff3c33f,91aba1da184d9a3b1d7ff264fc3ef44ee237193b0bc3745469fbed92195af47f,ca1ba94a90417decca9054c6e9923d8ee23fd27f2ff4f32313702bd6165a1927,0212461b8096de84b2d567a03cbb54a801873d3968f41a966d84796247235de6,2f8fbd37bb746215694f51e386bd14da2961b976542630adda7007ec8221bf24,0cf7b1826b28c3140a0575d0ad869477e7180a1e55990dfdb69b6879485f0bd8,719c1f5d48f07aa5a54bf235ac9c0f406b7c03997355be452379da9c41884857,2443d51b3a8e8bee06fa026952a5916c46a4e64047a7a0559e4d23d34708b2b8,HMAC-SHA256-DEMO,AUDIT-2026-05-STEP3
398,d11beb00b8d2de9d99957a42,2026-05-30T20:52:00Z,REQ-000398,d4da98f8bbaf8c84670817a6,STATE_01_DIST_04_PS_03,959023c7a7959b976063535a,deny,DENY_SENSITIVE_UPDATE_WITH_LOW_RANK,P-2026-05-STEP2-ORACLE,351f74e572db28a70decd796851b44dc96728bffe2e1c361ad1914eeb64f08c4,ba028db03bbea19758bd1bddb18a1524f559df390e396e83f97ac298430a96fe,3cf0e00d71cb8fee69bf5263e8cda892eb42553a0aba69bd76ed0d5cf2b8c9d0,28e89c6cad486b1204d46a3bbf3ab2222ea840e3e8c0f92d9d432e0d39928402,cdc80f0a67fdb37ad1e3cdf43d7c44a23a38ba26c6bff9054a681fbe87b965b9,719c1f5d48f07aa5a54bf235ac9c0f406b7c03997355be452379da9c41884857,83f521a8d34e58ae62072601cd44f84f10ed99be960f0eaaefd44b3a87416178,f2af5609c79fe851802c05ad44a56144f049cacf57272d03ed4bab1c218f05db,HMAC-SHA256-DEMO,AUDIT-2026-05-STEP3
399,704ecb2446e7c3fee4c78cac,2026-05-28T22:33:00Z,REQ-000399,17c3357ea795f04352db1db0,STATE_03_DIST_04_PS_01,7901587342e6e798839b3eb3,escalate,ESCALATE_PRIVACY_SENSITIVE_RECORD,P-2026-05-STEP2-ORACLE,afb4e9107a9dd929f6bdadd95ceef12d46b73207244594469a7a62dec83cd89d,9501c368116215b1869e728775cd38faadce00ae07dad30632ccffc90c3dfe67,7afa70b8f50a0829e7369de2a3afadd4ee38a54cd13e180864be0d1d558bbdcd,4b68aa67a0bce44003739e02254f54a3278cc936ab6649b2e41d26a54f66fb92,8e10bef01a84aa929d5c49843ca394b8bab100db12d7b9acb10e28b48a85e858,83f521a8d34e58ae62072601cd44f84f10ed99be960f0eaaefd44b3a87416178,e022e0679fe301ae5a8bf7ba5d0e7480b09a8139044512e0aa9911975d502728,7436dd2de83c026b4e5e6ee6675ecd85453dfd69d3490471794b56d4d8d5962b,HMAC-SHA256-DEMO,AUDIT-2026-05-STEP3
400,f215c47b24f63f25b539d49a,2026-05-28T22:40:00Z,REQ-000400,f30bb583158115d6451ff1ba,STATE_03_DIST_02_PS_01,4020825f360cc30925138d2c,escalate,ESCALATE_PRIVACY_SENSITIVE_RECORD,P-2026-05-STEP2-ORACLE,dede9f752d0168947d24a6ac1570fcda27f676c2b526ccbafcb3e5082266a3b0,bd8d919baed5e8de10ed3660ac7fee322e91dac7d078bc6cf465d258602c7c14,fc313f18bf15ea43a9a9a6c9c02758d38338530b59d564d619c6181e51896679,b679d6561664f80e388090654958cea80b5f51d3351f40b5f0879e01d7c8ebc1,3a3e15808dc10ee5459fb1b15109d21686ea4c54d1465e70113b2cb0567d57bf,e022e0679fe301ae5a8bf7ba5d0e7480b09a8139044512e0aa9911975d502728,89a6d1a1ba1761006683298680494ad3d37993a3e45ba3b2cd945f131cd317e8,aa69d211419fa6fcd0e4a0c58e4434515fe61986709a110b3a205b752944d69d,HMAC-SHA256-DEMO,AUDIT-2026-05-STEP3
401,20a91ab32ce345916b7af9e4,2026-05-30T01:31:00Z,REQ-000401,910fbfbd952d337d55470015,STATE_01_DIST_02_PS_01,31a9bc92fe67a1f3c2a37133,deny,DENY_SEALED_RECORD_WITHOUT_COURT_CONTEXT,P-2026-05-STEP2-ORACLE,903d8d214537fc4a225be755440508e311f4e2acf0a5107d9d0e1c36d778071a,7b2e3d9adad0417f35913f0431046c1089052476af9692f49bee76909bfbf670,962e835be84e2d959b60a07b193647c15cd6b3284353a33783a43225f0b5fc60,edb94af36c90361c1652bdcae0ffd1f8bd923f427c41e337480d176d0c1984b8,d599f667743710cea2a8cc8757300ce8ac7abcaf403a5d8fd57e9dfa5ff29911,89a6d1a1ba1761006683298680494ad3d37993a3e45ba3b2cd945f131cd317e8,7d48372b6af56e4bc860305ec97abc92ec7631d4cd0c2d559a8f6f98321f4e30,07cbcdd270b05310813da3cb813156a66fa114a987a6e0b26a26c8375f0e4b21,HMAC-SHA256-DEMO,AUDIT-2026-05-STEP3
402,b5d2c9d37f57080a57b2b596,2026-05-29T12:18:00Z,REQ-000402,b9583c7e99cc3289ea585d73,STATE_02_DIST_02_PS_03,198325ea87b957803b3bf480,escalate,ESCALATE_PRIVACY_SENSITIVE_RECORD,P-2026-05-STEP2-ORACLE,14edab41a92dc8538ed1467b1830857d2d3f458d5a2fdb74ce96814d6da96427,91f276c1a6860481bdd39c94c9f1582c62f0b782134f59d6c90168fb241f396b,f3f5c3d4eccd634824514661d4a022d30f909fc687a0b7f76839e30ac39c81c7,fb8a65cfa70a4af404285678ef27a1716171c9a4d131ab53439490971f6417b7,e359aeb59e96a74ac5ef7bedf950c62c9e2c887a92e695e5c57877a6d55e9244,7d48372b6af56e4bc860305ec97abc92ec7631d4cd0c2d559a8f6f98321f4e30,897c555befbd50c9ddcc1189f93d60787681ab67a963eec0ae5d53f4b60867d2,d9420731e7eae613eadbe6de75cb33d21fc2d5b1e0f9b6b3e701bc0644376796,HMAC-SHA256-DEMO,AUDIT-2026-05-STEP3
403,1599ba5007bbdfdb5eec3999,2026-05-28T09:35:00Z,REQ-000403,a4932d929933c3c8b03681a3,STATE_01_DIST_01_PS_01,d3396f3cbd7762ada5e22661,deny,DENY_TRAINING_PURPOSE_FOR_SENSITIVE_RECORD,P-2026-05-STEP2-ORACLE,8a9f74442993e79453e4e089863c148c52b41b8e2814738cd85e1a13c6d32da8,1dfc103f356f73684c4394b42b4694613511611dde168b0559521309e1b58929,a9328096d7130a77a0052097c8902e83ae57326c79b2974a3cd2400314b857f7,b4e09e2b5be4121164c2135862356353ded7c3b8597a3b581d4fa6dc00b564c3,fbac06b46cacdcd7e0a6cdc99de012f18d426bfe04bd885544039acc8b644f8b,897c555befbd50c9ddcc1189f93d60787681ab67a963eec0ae5d53f4b60867d2,0cbac4662de9ce87b6c8f2f84422cc574c472fe7c0149048bf0dc567fbf045ba,8cfe4eb7b3b7ffd354159067092f2f795b3397d129eaa22d562c061fc5fb2f66,HMAC-SHA256-DEMO,AUDIT-2026-05-STEP3
404,cb829f4823b829cbfa4769fb,2026-05-27T20:12:00Z,REQ-000404,1df1233ec54fa0732a43c292,STATE_01_DIST_03_PS_02,6db7c5075e1c51bf79a23ffe,escalate,ESCALATE_CROSS_JURISDICTION_SENSITIVE_RECORD,P-2026-05-STEP2-ORACLE,de34c20a75c8e021b86c6f3fca55f1578476377b03d8dd5bf8998992b14f9c5d,34fcfd535afe0588c7b02695546d8361b02b2099cdc6e7da90f937363cb98f7b,c8299635d94ceaf2996123b8a40cc510a1b9913c22f3ade72a1baf3d984d14ae,e573bdd9cabb6d820bfbba52122b06041f87dd30a6989342f72759628d0079d5,676e7468df34e881b47c310f0e40e9f7d737115fc83a079a4643ef12977bcfcd,0cbac4662de9ce87b6c8f2f84422cc574c472fe7c0149048bf0dc567fbf045ba,70b8bb5719b1a6c002323598a2cc675ed6576e4ace7bf6604b81020ef251fc69,ffd08360305878c4574765570385e72002f954f610911ab3ff440ca221a96317,HMAC-SHA256-DEMO,AUDIT-2026-05-STEP3
405,4d305aced9fb0a6ce1c800f9,2026-05-31T18:45:00Z,REQ-000405,2f283926393a08241f4c19ba,STATE_01_DIST_03_PS_01,03f212b73922acdb68669f19,deny,DENY_SEALED_RECORD_WITHOUT_COURT_CONTEXT,P-2026-05-STEP2-ORACLE,0e3d42118779606ee1212603e11d69b40b8d51e982f08d22c99489c90ca891fd,72f39eb2f8dee137dacbcade6760bb5dc0b010b5d30e424712dd01f99ee73c73,645e1d1971735722801bb5dc9d2c9969e882e46f29d40882ba0b523f3d818f81,03a24dad6b8b9170e0121f4119d447cd47a8a33625043f6ffed5e307d780aeaf,864ebdf562ab1f81b5e2fa1291e530ff4d9939f0feff701824f44bde4b32e8d5,70b8bb5719b1a6c002323598a2cc675ed6576e4ace7bf6604b81020ef251fc69,f923765344c2a80e9c48a6ee63a35f48acf3d908af949c423c7aceee6394ed13,e3b0b26b20a04bda70d744bb98bec052aa03c9e9bef882c5bc0ac3775c60e11a,HMAC-SHA256-DEMO,AUDIT-2026-05-STEP3
406,9c5ffd32cc43f656a5b354d6,2026-05-30T02:26:00Z,REQ-000406,6b0d84a1d858aa1335aacb1b,STATE_01_DIST_01_PS_02,ab08e3d48cf6370ef4f838ad,allow,ALLOW_ROUTINE_CONTEXTUAL_ACCESS,P-2026-05-STEP2-ORACLE,9f5add1aef4ca4a5916c08cd699c1a803d548086297bee7b287f7968933185be,e59e8ae725c9691b400439deaf1e36bfcd0715f2eb8ae6c36cd7339e322a4a9d,0fade009d080b75be79f88c9697a8a508e46ceadf69473e208ba3eac8094c20f,989370aad7e504aef87f43f6b271825253110b592822fa50d6edcefcdd64ba16,ee8c535ea9ab3b07ef3e79a5841bc9884c30b464c58b5c98369c35854b1936d5,f923765344c2a80e9c48a6ee63a35f48acf3d908af949c423c7aceee6394ed13,c2fcbefe44eeba6afb8a206555de3b65dc8bb0a60e734a8fc4b9cd74f49ba18e,f562ddb52487452f36d99d820ba62c805938de8851339c28f9fe496b4db8fd9f,HMAC-SHA256-DEMO,AUDIT-2026-05-STEP3
407,38605a15cd7968fc0f44384d,2026-05-28T09:55:00Z,REQ-000407,8ec325482a0f9259719128c5,STATE_02_DIST_02_PS_02,f6f606c409b171df8e67b6a2,deny,DENY_INACTIVE_CREDENTIAL,P-2026-05-STEP2-ORACLE,1862b53e9126512868fda08a6976b442be44d5d0115ca1a48a7700b54d0721b5,38b030238a30edfb9138e54bdf9602883b8cad866b11fc6289a3db94669adb0b,898342a17b557fcb24223f3aa04d2592e38e0aff150460d411455b36adc5dd50,c51105b1285e03fab14a98537252513c00a2a8e02c0a9ec6caec550b6e70f178,21e7c721866164b6cb7a0f97d2610a7211933fc4ace1bb09aa6e14dd869b6a91,c2fcbefe44eeba6afb8a206555de3b65dc8bb0a60e734a8fc4b9cd74f49ba18e,995230390e75da0f6615254cfcbe17259aa76c59bbd7735d50db281b3bb8729a,15e85a7692d0b9f0c0aa2a3039e2a1a1df7d5124a9ae6167dff6dce4089ee1d1,HMAC-SHA256-DEMO,AUDIT-2026-05-STEP3
408,fcd5fcdb2cbe09ebbd10680c,2026-05-27T13:36:00Z,REQ-000408,6adbebf965a8665f8e3dd8db,STATE_03_DIST_04_PS_01,3becdfa7ff5a42c711468de9,deny,DENY_INACTIVE_CREDENTIAL,P-2026-05-STEP2-ORACLE,418fa1e986b147c4fa42cb926737818c18d0be1b0c0616588096fd19075854d8,ce026bb8155ae6269fb29febfa969ec3aad8306a6cbb49b18b418c7b9870fa6f,c3eb4db2c839fcd2255e4d7a414ded9791441d09a715c32caf0537c0e5d66053,69a0adb78415be678eeab8bffdfdda55a552034725695857ed76088fcfba3175,4b8c296a2a7b1767bee0ff345c1d1920e85e2677be9e0ee9faec499d016ae1c0,995230390e75da0f6615254cfcbe17259aa76c59bbd7735d50db281b3bb8729a,bac255c1385dda5d4b891d07abbebfbc3a605363f3ae7e215ed65e0170a3a46e,36921f9f22749aab58bde28895dbc4a65678e874ecd8f2d607f68c985df6d99a,HMAC-SHA256-DEMO,AUDIT-2026-05-STEP3
409,3c5bef5d9553203320a3eabc,2026-05-30T09:48:00Z,REQ-000409,934e26f772b73b1d824939e2,STATE_03_DIST_02_PS_01,f34566a66a686c1db1f13e6c,escalate,ESCALATE_PRIVACY_SENSITIVE_RECORD,P-2026-05-STEP2-ORACLE,a0122475bf3b8ec6103f01a2a39f2531d535bb44ab2673fde1fde77d7c257453,6cf642a35454f433a3f2149547add6b98aec2b0d1914be391653173c37421aed,916db2d81ad9428ecb1aff3c5e811092e19bb8942ae6b0dc3ce250be7575e490,4c55f6e43556ed8c5eca820799fe7fb8669329015afdebd6d52f0f68edf9ba81,9a6fa5816f64ef2758039367e82c172c78436f559013ba53f3d780772cbde7bf,bac255c1385dda5d4b891d07abbebfbc3a605363f3ae7e215ed65e0170a3a46e,8b043710916ebbedbbcf83e8d6807406e5426f1e2f0b18a40cba770fc88e2d30,f3599b116478c39e9965663e3feea8ec8f3aa0aa3c6c56ceefde7080ebf1b270,HMAC-SHA256-DEMO,AUDIT-2026-05-STEP3
410,066e8123f84e257bb6048cf5,2026-05-29T13:30:00Z,REQ-000410,782ce33054ac702eb25bdce6,STATE_03_DIST_01_PS_03,121319e5c742c9826335312f,escalate,ESCALATE_PRIVACY_SENSITIVE_RECORD,P-2026-05-STEP2-ORACLE,368c6f5374816ea173233711067cd639a6b8e831d3f6268109bdae7c24c100ae,1948acce8d2ac450635c6308751c06624108295f89a4a2d416b194dbbf03aa6b,186a2a17f637cd12bc6074b945f290eaa2615e112d3986b14f57820b4265305d,72af87cfd6eae5c1ef37a75a835f67c62df599856227ba754ef2b0d46c1d288a,930869797e784ff852f62233e4ea08e8678f6fa9cadb1415c3ac6730be4476c2,8b043710916ebbedbbcf83e8d6807406e5426f1e2f0b18a40cba770fc88e2d30,eafdf5b9cd117635eadab22ca5e181f2b8f10fca5860ef06ba67ca1d2ca2d582,9cd84b41381f59ba99d6c4d9e155e4e9a90f6f1364684c3cd5bf3e49ec00cbfe,HMAC-SHA256-DEMO,AUDIT-2026-05-STEP3
411,95086f8db13770d9b37381e4,2026-05-29T13:39:00Z,REQ-000411,a2651cd5c21b20cc4d4edc22,STATE_02_DIST_03_PS_01,cccc11295402cd9a4c3a9b77,deny,DENY_INACTIVE_CREDENTIAL,P-2026-05-STEP2-ORACLE,2f412b1b4533001adb3dc2b0913b021f1b2f2b0b15f72e019fdb488e2604a97d,c7a026f90c41b8ae0f794fb1dd91f6ebca83776ab9fa8f1286013e401318ce72,f9df69cc870cdc3dc4d23ab3c2bc0cf10591a67249f0bfb919b70ad0438e8605,80ee05732e8773fc279e84618b58e17d58abfb52ff0755ca123ff0acedc24a49,a03f8523de679d71b96fc64d6798c5e47c50d348ae9943663d59b92787750d7e,eafdf5b9cd117635eadab22ca5e181f2b8f10fca5860ef06ba67ca1d2ca2d582,68a95d1962d0350cc90e4652262952f312b60f59de07689817bfc420c336d7f5,7098f60d020581102adf50f9c57b39ee17875a3bf06388d87882039ec881cf34,HMAC-SHA256-DEMO,AUDIT-2026-05-STEP3
412,713ee601120af1e22e793f73,2026-05-31T00:08:00Z,REQ-000412,7e2b88d260bb5ef29585a94e,STATE_02_DIST_03_PS_02,9628ec353c72a2aa57abba92,allow,ALLOW_ROUTINE_CONTEXTUAL_ACCESS,P-2026-05-STEP2-ORACLE,9ef827e858022999f04fd5f463d416dfc58ea407d9e2cc043960d0d03a2ee972,8dde7576912586a576836af5f1e3cc8f5e0aa10cf16ce4a036e46d27c725c47d,846f38149b6c41d5d34a964bcac1c50a3fe1b4c670d92b8fe9f52c4659f7a083,19d3b8af24b065084541084bbf576a1386a419484f1535b0182bf6e2e94f0d46,b3f0f1180508dcba9b3e300c25dc056b461da1adbb2778f4b8ae83e35aae330f,68a95d1962d0350cc90e4652262952f312b60f59de07689817bfc420c336d7f5,74e4b8415d228d2edb70806a4b03e4112e3fae2dc2bd147d246ccb6f1545bfbf,b7655dc88afb0338889bd3c84762dda8d7667cc2f13450830ddca4007c14043e,HMAC-SHA256-DEMO,AUDIT-2026-05-STEP3
413,3f73ecf694e51bf2e91566b4,2026-05-30T03:43:00Z,REQ-000413,6d2396ea39d60a2c9554602a,STATE_02_DIST_04_PS_01,514216f8601919c64b5e89c6,deny,DENY_INACTIVE_CREDENTIAL,P-2026-05-STEP2-ORACLE,f7fe8cda5608e033acef224e2d9c2e173445d7e7385c90efb78d137ceac6a355,25ade302d23740e6589408a483e9a3dbb1d9e01654f596c437b9e586c974f5c2,053a848a2819ef099a5bc381090a37a877e9e97101000c9beb4b0b6638d1e459,adfeb406315a71b4578798bb0601b98d0170c6a773ab32d20367e4dccb731a10,ed0ccd4b2ad7563b59b5172109cec5a44ced45d0f24ed1c4081311280db5dfd0,74e4b8415d228d2edb70806a4b03e4112e3fae2dc2bd147d246ccb6f1545bfbf,45be8eebc1f7ea4d6d7e7bccd0fa28204d1f7b4a9a89131aeeb442ae98078606,3d99ab93f308b70a7fc25daa339ca54e11aaad51c39bafd9d876733d95fb2d21,HMAC-SHA256-DEMO,AUDIT-2026-05-STEP3
414,167dc657d7a0f0e2810f1a71,2026-05-28T17:24:00Z,REQ-000414,fb4c90a703ac874dae2f1454,STATE_01_DIST_03_PS_03,4ee73ace57928929f1ba50f2,escalate,ESCALATE_SEALED_RECORD_REVIEW_REQUIRED,P-2026-05-STEP2-ORACLE,131ab5b76a957b7f27bac815cde32a4b053bb1974342cca31272877b9bf193bb,6f0e5a787b67035efd43f3b23cec06c1b1accb28b1bd357bc2e43611ab350564,c0f1a40b857cccd1b633f4981319e67e324e0f6e79b2a02b539f3daa066d981b,601ed00779ad4e2e8f1753e6e0b3f01070319283b1283a35d0255dcc11f3dfd1,b5bac3b54131a3d178362d8b335e78d2499188e8decb502a69fd52766b1797c6,45be8eebc1f7ea4d6d7e7bccd0fa28204d1f7b4a9a89131aeeb442ae98078606,ce5d17e556e7fe760dd5f9bbcfd4ef8844a3d770294153bdaf25c5dec039790c,5a244c6a1cf6f1c3cb0cb36f4e22fc0b31a783e759f35c50dd07f1467db0a428,HMAC-SHA256-DEMO,AUDIT-2026-05-STEP3
415,8475ee6979b273bed2c59bba,2026-05-28T17:30:00Z,REQ-000415,63cd4d5013242ca51327d961,STATE_01_DIST_03_PS_01,7dee870272acf5645d4ab84c,escalate,ESCALATE_PRIVACY_SENSITIVE_RECORD,P-2026-05-STEP2-ORACLE,b17be5c3c868ab41a91cc3c0ef953827f9513a5e4a1dd355c1555a0ef909f957,47a36a538afd7031cfca293e317ce0a4fbfe7232b4eda6dd25f8baa914d1abaa,fd542e872fdf5c12f73a297325ec48f609768d0b6bce5270f4f94e3d6ae0ff33,4afb9b84d9fb8efa449b1e6bb6d308c0a3435e7dad835049748df8dda6cd1330,61ac5302b91558f457b24e192986dc3de2490afd4278dd84502fb36daacf2d85,ce5d17e556e7fe760dd5f9bbcfd4ef8844a3d770294153bdaf25c5dec039790c,c4046de9555e93ae943fca1f34e917f68825690e911aa99238f2f1a68311c1c9,1e4bec1a3591ba17d251f5008d572960698f834ad57bf303d14823face7e34ef,HMAC-SHA256-DEMO,AUDIT-2026-05-STEP3
416,5e937b9ca621a977f01d3c80,2026-05-29T14:24:00Z,REQ-000416,5f299dc3f248e4c74232aab4,STATE_03_DIST_03_PS_01,2b2d7ab4e1a9781372404fec,escalate,ESCALATE_PRIVACY_SENSITIVE_RECORD,P-2026-05-STEP2-ORACLE,49687be0bb0db7482541e8b110eb183fc371dbecb496c125ee7bcf5b0dee132d,f641478d842d69a0e76c419bc2e4baa3e4647a80c5e876463c962c2cd195ff90,5d4119959ee530366ab206e60b2212f4dd0e620dd40b2824fb7684db73dc5fba,0e3190b955a2e8e15a089c51da2dc929ef36596f09f1ac60d6914f47e8cf75cf,b0619739465fd85fc65ad410d8dd27b35b322240bdcf23eb8f0ffdee59707541,c4046de9555e93ae943fca1f34e917f68825690e911aa99238f2f1a68311c1c9,a7cdfada7563a7867ef0320d2ee2cadc5d7ac1de995b79dfc183832aca4e9d09,3b6d74511d099d8d18e973cdcd831a2d4cbea3b1a7b75e0db536654b9d9b1342,HMAC-SHA256-DEMO,AUDIT-2026-05-STEP3
417,c59fb0816b741c9251eac229,2026-05-29T00:39:00Z,REQ-000417,3cc947c5caadabb45a541b46,STATE_03_DIST_01_PS_03,16baa3e2081d8d2c21cf5879,escalate,ESCALATE_EMERGENCY_REVIEW_REQUIRED,P-2026-05-STEP2-ORACLE,30d19f3cc83c130b3ca94bff546d5f46012d12137b2cd2a6f810f2d666b0ad3f,254e9f38482417b82f691c8c548a7d5754b7bbbf65b7533cf2e5e1cf12ec9503,3c94886e1d76dcaf9177a47a34218a6a7afbd095870ae77db232b4a32d6e39a3,ebd3de52a81322424916c1672aab24543f8a9c0ff69633e50c29280f2fbb66cd,06416a65ddd382fc8d3c55bc96cd1b3179bec54613136dca77d20b4e7402f25a,a7cdfada7563a7867ef0320d2ee2cadc5d7ac1de995b79dfc183832aca4e9d09,b86c3759e0f4406e2b5f8c9700fb807fa6633fb0f105854ce26e8d636f078c94,68298fc4e74815cd19b9bf75afd9ce124a64eea237b93acebae916c8759d2549,HMAC-SHA256-DEMO,AUDIT-2026-05-STEP3
418,e65f98a5776e7dbcebc0f7ca,2026-05-30T04:38:00Z,REQ-000418,86b6682cd665b74e9695ec29,STATE_01_DIST_01_PS_02,ebee7338989614ba92eb1548,deny,DENY_EXPIRED_APPROVAL_TOKEN,P-2026-05-STEP2-ORACLE,0c52619cba7d4df13103adb2e45d144c54172f43e3dbb9f0f1ee7d22d3171c3d,4308552fef0eafd34ca4d95386844fb6c0b275f2ec5ae28a603a1d8a93810b8d,10f5785d2ec85fdd2bebeb117c3412fa1f83e8e8e90075ec1364a660199ddc0c,091c0d6b12a73e1b5545be469421e2a6a6d780057ef688ace544e3e1e06dd94b,02653e3653bfa8ee50b32d45a999a97cc13bae8aea6655d2d4c013c095904471,b86c3759e0f4406e2b5f8c9700fb807fa6633fb0f105854ce26e8d636f078c94,bdb3dcd8a9bc214c6338de6f20029b0bbad0894fff8c1f95c5546bad53aec10b,3051ed5fa28bc88d0bdcf06d1f7b4ae7714a715573e05781513f75d430ee82e3,HMAC-SHA256-DEMO,AUDIT-2026-05-STEP3
419,15407e6ab9f985df1c7bff09,2026-05-29T00:53:00Z,REQ-000419,b5c2c2becf92b9e253d997f4,STATE_02_DIST_01_PS_02,3cef4d9f8d92d3f7cc295a2a,escalate,ESCALATE_PRIVACY_SENSITIVE_RECORD,P-2026-05-STEP2-ORACLE,f3439455f9a544438661ce4f076e9c32d5a843f3f9554ba0ec41bb3d3de86e18,5b1204f622f0ccad1c321019a0b10e3231c7fbbffb9ceca155025c70cc67434c,1100c536ada014a5aa7e4082183077366334cc62595adfb6e5582011c15d4b8a,95b0136ff6ed50800159fe7ad0333446ad0c70944b0261610549e1bcd7252296,2066743c541cc32d2975722e38ad1c1f7b798fb32cc97a6f32c4ead2255add92,bdb3dcd8a9bc214c6338de6f20029b0bbad0894fff8c1f95c5546bad53aec10b,ce8c3195d6b607a85d76a5f3b1e9932f2660f2b384f957e6d9c5986a19e4e38f,7e21bcce937ced231f261c723cb62ae66f58abf9e603d4cf6591ebdabfe503ee,HMAC-SHA256-DEMO,AUDIT-2026-05-STEP3
420,057a091a8e2f50205de5f7f8,2026-05-30T12:00:00Z,REQ-000420,b5c2c2becf92b9e253d997f4,STATE_02_DIST_01_PS_02,c3c560b7671d3f284c65f621,deny,DENY_SEALED_RECORD_WITHOUT_COURT_CONTEXT,P-2026-05-STEP2-ORACLE,4bd297ab7f0bbcb46f5863b8c3586f756f6ce036a6c0864dab082b8334cb7bfb,0b48d85f2acec27934b52414fed299633add5e75115f3764c1b2caf9a306df66,0eb0288501e12fa0ec152e14eb7342394fa6d7b0f9d81aa5f398ccecb4b73142,fc2dc0bdc158b77ff8f8cdf383df9b3f6fa5297ce7c78ad8c597b989f4e36bc9,cece8460e75c415f573e206309b4fbc521bb87a0892f87b3e2b253ff0958eb14,ce8c3195d6b607a85d76a5f3b1e9932f2660f2b384f957e6d9c5986a19e4e38f,8ee5e70b0d54b42052d11b3b9954201b7a0fe1634874edbae899868c5509630b,d85f1e166fe2f71be58892d34d84bd0ca4cbf5fcaf95e3fcece63c8c4ec993a3,HMAC-SHA256-DEMO,AUDIT-2026-05-STEP3
421,4b0d2741f70f90fc3c902ae4,2026-05-28T11:05:00Z,REQ-000421,90e9de18363ee212ab55f392,STATE_02_DIST_01_PS_01,ff2fe9cdc866d8723406901d,escalate,ESCALATE_SEALED_RECORD_REVIEW_REQUIRED,P-2026-05-STEP2-ORACLE,7d76703c586e73941b2fa5cd374a68d7e3f9d51d50617a8a8d4c7ebf4429ef09,863523e2151f994c2b388f5bf17b7893e0f37dd8519b13745970ebda6fc9e265,50bdb831ccf2f15d6acf0970fdaf5f7d39c40d77aab3d300efd7ef86de33c199,5ae83982a2291f8a017ad14732cfbf006b22d51627aa3137e0e6cd059c5de400,2a0792c18f3ec87acb266cb0119909f9b68cee198b56030273aee6f1fb373488,8ee5e70b0d54b42052d11b3b9954201b7a0fe1634874edbae899868c5509630b,af94058d10bc12317bba47624dbf16e968afdab3007ccb7fe70bee807670bd00,7f8364b1dde32c139d76140fa2813f8854540d0b91410a5fd01c97f72a4beec1,HMAC-SHA256-DEMO,AUDIT-2026-05-STEP3
422,b36b7b9e4b831ab82984bb56,2026-05-29T22:20:00Z,REQ-000422,6f9812bdfd1847e653ec5454,STATE_02_DIST_02_PS_02,7cde120b6e55c28ec650e2f7,escalate,ESCALATE_PRIVACY_SENSITIVE_RECORD,P-2026-05-STEP2-ORACLE,a32adcd0b4a28601c38d85eb17459e6a408f784c1bd40062eaa1976c9180d5cc,ed16472b84ba0479fc88ce13f25787c41d50953ab3488ddfd07695befb46dd06,b1e284db3885438494ddf4078cb06e9e6bb1f491a8a7dfa0ebf975d60815ee19,0973da99ed80a0531d2f58467ce4ae2cb67c3276b62351424267b5f50941fa77,c2c0b90f0e38ad0db2f3a0aa14d542dea2c42f834990467f7e2196adee9e55f1,af94058d10bc12317bba47624dbf16e968afdab3007ccb7fe70bee807670bd00,335467a30efee5ab8570521847fae2b84a35cc852c5fbccfedf725c94cfc5c05,3edb00ab40f6f7f84a4bd0c3efe60d3f3781d90460cb998f07943411fcd8c2f0,HMAC-SHA256-DEMO,AUDIT-2026-05-STEP3
423,abc5879b48ef97d26163dfec,2026-05-31T02:42:00Z,REQ-000423,74d33cea72e21de2b8f5e545,STATE_03_DIST_01_PS_03,c3ad82ff84dfe0275c582cf5,deny,DENY_SEALED_RECORD_WITHOUT_COURT_CONTEXT,P-2026-05-STEP2-ORACLE,f237975d00a5f4875b28dabcad1e7593d4f33cc2a55f0b62eaa5ca4e180560ea,835ac35eba5172aa9790ef0e05d5e34aceebeae76dca568918565dc77128940b,4f10e8c0c4f25f50f7bce8ce759c56cca110099db224dc127bc72476ad4753c9,a0780228ba07fa2481a9fa3ea0fee3b123d64c6c9020f2f058be508a5ad1b22c,1a69822cc56c663caa6f0b3917311d549d5da0d5626117530652763eabd0b7d2,335467a30efee5ab8570521847fae2b84a35cc852c5fbccfedf725c94cfc5c05,8b65d7e50180a227e6bd94839ccdd83485798117d4753c956bf2a7283aec88cf,98e39f5eb9ca2537f73f4ba1411446d3efbbac5b41076f5c5c300a448d6d2f53,HMAC-SHA256-DEMO,AUDIT-2026-05-STEP3
424,6ac15d380359ce158ce49535,2026-05-30T12:48:00Z,REQ-000424,90740f6d12084e4c579f3454,STATE_02_DIST_03_PS_02,cd66005fffbf2859a1f3a83c,deny,DENY_INACTIVE_CREDENTIAL,P-2026-05-STEP2-ORACLE,75f8b59379f944d3523bdc400b690e274556d78cf17f96bb9a04930b641d02d0,f9c9f341b2543ad670a58bebd456bde462e37e93d745f9dc0b69d30013d13788,34de8a8c6e6fd568428e67e05abb7349e36d7cad4b8331e4562306d56972a568,0618b0aab3be571514a2d00dbf838cf2b55227ba3968848cc5841d041b768d73,2691b9b5d6195d8cdc28d554cf6e1e5bf325afb478b8a33727c726042be64e19,8b65d7e50180a227e6bd94839ccdd83485798117d4753c956bf2a7283aec88cf,5f22a17b88209e57b343aab893b7628fc46c64d8341bdd20edf54d5ab02ee922,fd3bc13f0c2b8a257a91d5d198ba66996720becb5942d565e2b20edd22f81d86,HMAC-SHA256-DEMO,AUDIT-2026-05-STEP3
425,b926293df4a5adc94f8e43f6,2026-06-01T00:25:00Z,REQ-000425,acd11cf62713639d9ec501cd,STATE_02_DIST_02_PS_03,72792f684de2062672fc64d0,allow,ALLOW_ROUTINE_CONTEXTUAL_ACCESS,P-2026-05-STEP2-ORACLE,78ffc52d4460b95b29ffb353899615c4369e92dec70d4a38665f10d5a1b65558,fcd1a666f84458ba6f964fd91f0b4a489d9a165b1c87e290bca547121c58fb94,45b4c864e51429cf9f0d5c21dbbdaf1297b37202fb9797a8f5f53fb52d51cd79,c1e43ac58fa9694f3a3bfc160080bc5eb5c2066c1493c166bd98e2b8898ec536,723295902427328f0ff9819f76eedf80b6c4ae53417036e83e535d5b27457d6a,5f22a17b88209e57b343aab893b7628fc46c64d8341bdd20edf54d5ab02ee922,5a36f9a381284c8b6558c05a807ae594bd6014eca2872842026ed6c4fcd6a00d,2ac5b99892cbac3aaca5590f1926d12dc3808d5d5e8b6facc328c86ae556354f,HMAC-SHA256-DEMO,AUDIT-2026-05-STEP3
426,30545d3f8f5161a6b6d9e4b0,2026-05-31T03:24:00Z,REQ-000426,6aacb3c44032122c078cc506,STATE_01_DIST_02_PS_01,227c461d84e121aa1f3cf1a9,allow,ALLOW_ROUTINE_CONTEXTUAL_ACCESS,P-2026-05-STEP2-ORACLE,38bbc7a288dd90c9e9cf38857e4e1ee0bcb957eadbf79ab94c1cb05b52bd9941,de57610e3a9b6c805c5b63d3d0f09465d8dabe637e6ee79fd711f7a9694022f0,50416cc959b6bfbf99658f59759f97592aa5066e368c1b89b9ed47599ff5c853,ce06ac00dc2f5eaaa80196eb48bb4f7d25e6b373e1f3aff2616a300811981ddd,d0ed297c206749fe7520b33aef0c1a97cf544797044e61b5e28c7cd564a4fdd7,5a36f9a381284c8b6558c05a807ae594bd6014eca2872842026ed6c4fcd6a00d,257a832f8f7629c016fd3d48ec49e532512797880efe6c80555329119c200684,aba5fe913e51e1b103f2d75810e65b7e48c40cf524aac8332eb328bfa1f865b6,HMAC-SHA256-DEMO,AUDIT-2026-05-STEP3
427,5249e3f3c35679bfe1984f2d,2026-05-27T14:14:00Z,REQ-000427,d57f9cfca107b054602e3afe,STATE_01_DIST_04_PS_03,6197a206f9aa2b3df21b2fe7,escalate,ESCALATE_CROSS_JURISDICTION_SENSITIVE_RECORD,P-2026-05-STEP2-ORACLE,6215cf82cb174fe775ada81093946bdc9b728ba0d3e9333ad41072f0e9caf743,8092e5e45f6c63fb266f15d938abdf56318a3bc3da776332675d65cfb853859d,4f4f15082e9b8a94eebffa2aa8e2cf73ce6ab2f510a65bd48ca0e62fe16ed8d8,00d55d8deb7ebf05c37511970eb631c4ac27d3ce7d7c1218d014c9291e535d90,625135122b5d3273de5268899aecfc8a34ee0c266c0b3933ee71c72c38254908,257a832f8f7629c016fd3d48ec49e532512797880efe6c80555329119c200684,b5e865765fc637c85f8ebf15348362d16a466d97ed627a35368a53ddf1b78a54,241935b49b76556a1d94fc3641f9f36d70c0c22d26dded6cc927ca34ca897f52,HMAC-SHA256-DEMO,AUDIT-2026-05-STEP3
428,cf993549c6b08f282a2dc020,2026-05-28T18:48:00Z,REQ-000428,1df1233ec54fa0732a43c292,STATE_01_DIST_03_PS_02,f34566a66a686c1db1f13e6c,deny,DENY_STALE_CASE_ASSIGNMENT,P-2026-05-STEP2-ORACLE,13c77cff000be3addc67da57bb765bd8c55bd2a2868e7b3016dd4dea147bf48e,ab55cf652fe22c9c0d11c7699a01e4afbbf9a5dff1f385466504418595eee6f0,803bc236cd9e222767a0ee50521808e8430b5ac25035cc5287885b7574d05e79,7955ac149bcb735e53e189a953c63c160df576f749bbbdbe80ba621e36c685fb,176e7eb7a00173352c28b2bd9a25f429335da1a9515e71df2e05528d4b872380,b5e865765fc637c85f8ebf15348362d16a466d97ed627a35368a53ddf1b78a54,b917db0ad414d54e1c3ee020ba68de8d2f4753f7d1d56072fdc0811007d92988,f366e8b784213d22b03b41dcc06ceb96387093e719e6d9fc0047fa21ed49e18b,HMAC-SHA256-DEMO,AUDIT-2026-05-STEP3
429,0151661515738977ea0f3349,2026-05-30T13:48:00Z,REQ-000429,9a1678400f682a3201830c3a,STATE_02_DIST_02_PS_02,9770c21f3a7c95d8dcd7a099,deny,DENY_STALE_CASE_ASSIGNMENT,P-2026-05-STEP2-ORACLE,3620b7ee0919ce2b64738e97a7bacc8110a8744b348cef7f96b954464bc083d5,6e127590a2c4617402ea8c90299a9907db5acccae3066b9c93a73dc07fb4824a,7960846c26e28681656a15376f4dda7bb9d548527d2bbaed49affb2efb42e6ff,11658f82b15892527cb53dc37498f01498a24fd965dcab59e0c47af3a595a664,6e58fdf2234ff57c2d8393ec25fea8a0a9a53fa787e277ab99b73b8f69bfb57b,b917db0ad414d54e1c3ee020ba68de8d2f4753f7d1d56072fdc0811007d92988,45b3ee8314bd82d15a4c3fd080d3b0090fdfc69312743e17f2a5c9a3d596e616,d417ec1e865dc6ba6b676a02197b8e764d86bbe7a6adb68cada5d26c221b5a93,HMAC-SHA256-DEMO,AUDIT-2026-05-STEP3
430,8868696df169a6f3ec5541a8,2026-05-30T21:10:00Z,REQ-000430,6d335433b612a148a4921389,STATE_03_DIST_03_PS_02,834c1d76a17a3ab249dc2b1f,escalate,ESCALATE_CROSS_JURISDICTION_SENSITIVE_RECORD,P-2026-05-STEP2-ORACLE,ce4d3c1866b5b6b048c3bc03228885979d3dd02a97b3b3594640520251ad5964,77f5c6ba27f291b290732b0ddc7e2bffabdeadbb86c367d5ec782ac241cfe196,4b48e8ebfe8545e0cd395872a922a58b4f0877f5c8197c9b8a1f23697a73476c,9963cd08872df1ea4bb4d4cc361f3d258a3e518ee5a0796bf1633c8a428053f6,57ca76ebdd561aacdc001e8b1f42b063af68bac9ba3477d4de6d0a07657adbe7,45b3ee8314bd82d15a4c3fd080d3b0090fdfc69312743e17f2a5c9a3d596e616,783175d6dbcbbfbc51d8828a388fa015479f6c58b26adcfc652ada0ea5e10057,3ad5021ad0168d554067455c64fe70db2af3baf0ab6a3e27dd804d089615c2c1,HMAC-SHA256-DEMO,AUDIT-2026-05-STEP3
431,7c5a885c1cbdd816f48a1a55,2026-05-29T02:17:00Z,REQ-000431,0d9d0f67e217f12f80467acf,STATE_02_DIST_04_PS_03,3681056168083735834ca5ed,escalate,ESCALATE_PRIVACY_SENSITIVE_RECORD,P-2026-05-STEP2-ORACLE,898fe9cd82b0155ee692b41a2884a475955976e24f72e7bd9f0547b002286a2e,1537e8d9a3931a049e7fa1091bb57f58de93078d40e951d89fe887d8831ffbb4,a16b0a74c701a2a7aa75aaae93a39da5db6068950b8392e77703d48647ce4be2,ceb4284847e9f3adf3c6baa852f6e48714b61870dcbc00fe2300466ae1aef6f6,c8351c537fb53377e2123adec18ce6fe3c2382b90c38845b4bef6da97e51f21d,783175d6dbcbbfbc51d8828a388fa015479f6c58b26adcfc652ada0ea5e10057,d3cd5875568450e5fdfcff5d597039cc8051cab87c5dbfd75c4da712e9112bf6,445192e5aed2fe2f3b6ab80c68e417a8d2f6a58f0729a1b02bf3ed3b6c87992e,HMAC-SHA256-DEMO,AUDIT-2026-05-STEP3
432,0bc2bdfc54c4e1f1d4473f15,2026-05-29T09:36:00Z,REQ-000432,97ea02f4f8fba926781c7fc5,STATE_03_DIST_01_PS_01,34b421fa7c4bcf173b3fb1b8,escalate,ESCALATE_PRIVACY_SENSITIVE_RECORD,P-2026-05-STEP2-ORACLE,b013977d4ce93ffad8828b13334257f399d77013947118e48f5e41458e33c686,911b14613a5fa7c8114a10010c927fb1646befd81bbb2d730e44ef0253fb5dde,1df76de88833fc47c09e9addbb9d709b01565f412e47ddf5adf96240596b3744,cff0db8198dbe0cade1ee1ae92e1dd836651f910d74b9b947e215eb2d18406f5,0bf474e51a2f97eceec3d4c34dc562268f687855078cef21a5e89ad34a16fdc7,d3cd5875568450e5fdfcff5d597039cc8051cab87c5dbfd75c4da712e9112bf6,89ccf03c0f5f302b8d020a2aef738a6ffc28ffa2cac0365922c1f1ffff31ee60,e9f592b0b4498d8d279182a53095809b1e06666b7d17b47aa58d89e4c4eda5fd,HMAC-SHA256-DEMO,AUDIT-2026-05-STEP3
433,ef3b1ece832a1f7012cf1cae,2026-05-28T12:05:00Z,REQ-000433,8d48fc84d688aabaae7c6986,STATE_01_DIST_03_PS_03,68994c9b44433265a4ba8f45,escalate,ESCALATE_CONTEXTUAL_REVIEW_REQUIRED,P-2026-05-STEP2-ORACLE,b7ff09a6ac0586ea244d34c5b814e11506c17e20e9ed98fbdde1475e43a9724e,55e0fffd77d804712f34c5218f18fd5277e8ec8957593b2d578bd6163eadaf06,14d40802d13f2963fe7bca2010eaad79f4f8695048aaa69a8d065d8cc4c8f234,e45a7a35854de291bdd9a52ebd09cd565852baf4d2f435fb87e9c2b9546775c6,ab6392c61ff8e710c7e506f70894d148269cd03c10907379692955be29ec8f8c,89ccf03c0f5f302b8d020a2aef738a6ffc28ffa2cac0365922c1f1ffff31ee60,965114108109a6e6570d411f27d87e90f764ed2f8e1f7ed9509d3d27936b308f,3826dba7b0aa1cb3da6a10ba684caee673df0379640154b360690076b785ff9d,HMAC-SHA256-DEMO,AUDIT-2026-05-STEP3
434,aa7a07f5005161efc0773593,2026-05-30T00:20:00Z,REQ-000434,e35d3d5ab37a57023a757cf4,STATE_03_DIST_04_PS_01,fdb597969d2538b4f7c706e9,escalate,ESCALATE_PRIVACY_SENSITIVE_RECORD,P-2026-05-STEP2-ORACLE,9aa48c1654e16ad6384684cd1f3fb0d0edd67ebf0cf8aa838f154b8bf7230032,484103e5b188198c2da9e87f1d011236dcbd5f37bcb64bf0605b69da02681b24,31c8a7d0c56284c6430de245f91c7e7b61a7b2d8f26d74873185a227a0c59860,b97d064906db852ecd8ccf7c362486da7fe0ef417690fc071a99f8efb1dd719c,100771b6726ea8457c6623f560901aee783a6b92a5e1a9a43f8a9274877c8564,965114108109a6e6570d411f27d87e90f764ed2f8e1f7ed9509d3d27936b308f,d4acaddefbaa16a2bee864ea8696c74ec506d5f599c9ca6177a04fd17f94ccf5,78744483520dc11c76d6f5d1758b32ea07c90530b24de8fd590dcf899f8da6f7,HMAC-SHA256-DEMO,AUDIT-2026-05-STEP3
435,a52b7d2be1d9a4835d9ae4fa,2026-05-28T12:15:00Z,REQ-000435,c3da23329ac65eb7b3af694c,STATE_03_DIST_01_PS_02,04bb3bbec77f28b17144322b,escalate,ESCALATE_PRIVACY_SENSITIVE_RECORD,P-2026-05-STEP2-ORACLE,ccffe877730f8d5a19195a196a0e2b64001ebc210b8fc0be2baea0272864a865,31772b5d705b0f782fb089308eb08b770410499b324b0edd9d58e7feaa3212b6,5dac8eba5378c82311a29cb1208119a83dbdbccb871685028f97dfe3e4bc9e3c,14317ae35b1f026a01e02daee15e76860296632d6d3e7a50ab23f54813632388,ac975fc4143f86309bbb9705610263ae8467f552780afa1018155bd944231110,d4acaddefbaa16a2bee864ea8696c74ec506d5f599c9ca6177a04fd17f94ccf5,e2165bf13342931bb05d416ee6088ba1e8a38429509bc5b69d465f7a1ac85778,8bc97ceb4bbd5e49cb8ccd730612595cdf00885b232dad66ca6d8a056a856878,HMAC-SHA256-DEMO,AUDIT-2026-05-STEP3
436,6f0c099b8aecc295e6754ee9,2026-05-30T15:12:00Z,REQ-000436,71ae00fed2507668078d658b,STATE_02_DIST_02_PS_01,8d196118f5537bf44adff98a,deny,DENY_SEALED_RECORD_WITHOUT_COURT_CONTEXT,P-2026-05-STEP2-ORACLE,2a8f458743e938eab95eb3026ce8f7821edc8d437003ba1da396d1f9e7a42afc,daa220ca354c791f212420c1a698918e75513e086e90aad4262ea294b47df241,9ae94697b0e7e398c4544d2a942f51075ca1ab86db3dde7fc9b8fb35d3f50ab1,5cc115a6a6cb4c494b14bde43556ef95920aee914f4234aa19f2716ab94b3f4a,fad542aed8c42e4a4b03987e30b9ecb3b21bfa34d64579f4fd30fbbf9291f504,e2165bf13342931bb05d416ee6088ba1e8a38429509bc5b69d465f7a1ac85778,8f08758360fad9fe6c7f6cbbc244af519904c89b3d255b563c86a84bbff42af6,74c5c6df76798402a0626440bd5fdba9d25264d6f72ac0736499c36eed052280,HMAC-SHA256-DEMO,AUDIT-2026-05-STEP3
437,13282504d96b26b1b7febfce,2026-05-31T20:32:00Z,REQ-000437,0d9d0f67e217f12f80467acf,STATE_02_DIST_04_PS_03,3598d6c5148550cfc8339fda,escalate,ESCALATE_CROSS_JURISDICTION_SENSITIVE_RECORD,P-2026-05-STEP2-ORACLE,986dca3bc8b6ff1317a3f36afcd836755608acee1b2979204d35a1c7b9be5846,42733741eeb2969e3bc4cc4d1be29bb0850126123526014c51e8809a7b2192a2,74eacecbdf2976a3d3531ab21475f2b6ebba864a383f32c1d35141853eab2174,a0ade8cf9f2c0e7c22a19375b7bd4711a1c4b12e5f7c182a115e7791ebcb6ccc,b4d8333dc5db323b2bebcced4239d66b9811608e8344e1cbb251b24cc95e8c4b,8f08758360fad9fe6c7f6cbbc244af519904c89b3d255b563c86a84bbff42af6,3635e3c982eeaec9171fa1f3f466b233bcca33951e236ea7d8eec0b075525521,86629ef711ad43c94bdc0fbba2ded4ffc3c197a0d50cf85c6e7a175aca75f572,HMAC-SHA256-DEMO,AUDIT-2026-05-STEP3
438,266f08215af0894ded49bb3e,2026-05-28T12:30:00Z,REQ-000438,d60f48d22e03c3316a18fa6d,STATE_01_DIST_02_PS_02,e15a915636ae7f0b702750b3,escalate,ESCALATE_CROSS_JURISDICTION_SENSITIVE_RECORD,P-2026-05-STEP2-ORACLE,b536402cd940d4b3bb1682fb1a1b051a82f619bb0abf595177a07919c96356c9,145b01e50db7fa4cfbf18df243fb95054edba80f6ca8f64495a0d0abc0853f6c,1aa878ef598ff3bf6d4979ce3892ac53c2625efaf0754b28b5f42bc577fbb444,b5477443f1fc8a678a0a750b8ab173424104223201440191d96365f9871c9880,860056a1ada5a0756fb73eab8025d92c753689ac7b345cc0097a05234ec1f0ec,3635e3c982eeaec9171fa1f3f466b233bcca33951e236ea7d8eec0b075525521,9aadc0dbb7eba4aa33deecb38da24edb1b8665fbb2568e3d78f9bc7d8d1dd191,8676c33b9891e6dfbe231770f5cb55f89c2a91d0a4dc55d2baf8154e89e70f2e,HMAC-SHA256-DEMO,AUDIT-2026-05-STEP3
439,8b00665edb9f3db46db38d10,2026-06-01T04:23:00Z,REQ-000439,0d893c2441da140e8c46fc54,STATE_01_DIST_03_PS_03,3b085a1d745c31eb8625296d,escalate,ESCALATE_PRIVACY_SENSITIVE_RECORD,P-2026-05-STEP2-ORACLE,fbede69e7d3118a9308b33bccd278375b39164c1e46c44dc824a5bd72de1c2ea,84f94f5b8b3c8d28e5752148b8e7764abb4da18a7cc954d998d4b57051649eba,54b739209887b8a3d991c4ec06cea6f1df3982c0e4078b5c0e8ee1e31350d5f6,a6be10ee8b0f421ee1f5a813914bdb6dcf379496c73e82b3ccfbc49d55307314,e8021496929bfa9a7c4b29bec61e0eef85ea8a67dc1a759745f40ea3b0f060eb,9aadc0dbb7eba4aa33deecb38da24edb1b8665fbb2568e3d78f9bc7d8d1dd191,51693b799b74dbabb7f5911749edfa452fcd02951880c3cb334c1dc5efc3ca14,ec342a5165875c6ef3f6bf5df675141dbc4f22288338c4782fddd73787cfdc6a,HMAC-SHA256-DEMO,AUDIT-2026-05-STEP3
440,be112fc342c7056e2e8cb7e4,2026-05-30T08:40:00Z,REQ-000440,733b1499389b250473119b5c,STATE_01_DIST_03_PS_01,dea11452e75842355e8f6dca,escalate,ESCALATE_PRIVACY_SENSITIVE_RECORD,P-2026-05-STEP2-ORACLE,843b66936081f47b7c18c2d5581134457195d6ec5c7a95dad2c84d621ab218ae,467793a1b23166b5e80cb8a6a6af89369df238db4415c8feb49649c3079dcc86,0d99b3c580e3d65bbcf65b4013246dd46cbef525724f2305729986bb6eeff988,f85375dba9048449420f54e49b4b102509a32c119c8d226b4006003abd06b0ce,52afeffca048c7984d0dce59ab659ad5fbd8a9da1260cce0a60fbf469ca56234,51693b799b74dbabb7f5911749edfa452fcd02951880c3cb334c1dc5efc3ca14,b2822f5039fad0033bed39f56a83f138aaccdd916ccd174ea251c618261c6f1e,3d02d6f9a85de5b8c14b4e102e38d3b7c074cc7636dff1b0b4c0ec1df8b62b7a,HMAC-SHA256-DEMO,AUDIT-2026-05-STEP3
441,973364391dacc8d9e8d35ed4,2026-05-27T14:42:00Z,REQ-000441,05c87980613cb5db42b892f9,STATE_02_DIST_04_PS_03,d87443e05911b2d34de3a269,escalate,ESCALATE_CROSS_JURISDICTION_SENSITIVE_RECORD,P-2026-05-STEP2-ORACLE,cad214b4de18140741da3a9a92cbcfb605d0cd9ad48a78b851daa210056190e3,198a3fed7ff09f9d53967e3860d18314081dc94065c0c9ba8f2d3cd88f00918f,8b606e61badaa6477906782753502cdbf0737bfde5d8e4435e13e4d2c4ae62a9,264334de43666ba4239d04e28aaee7d4f12f62707d2122e0a1097b800caee536,a356dec7929746d9ddafde6f4801848ffd570d8a7e6ed36ff16c95c9095745de,b2822f5039fad0033bed39f56a83f138aaccdd916ccd174ea251c618261c6f1e,4231278f3a6e7b394c3655e9102b2c4220499bc3c0ba7d96961dcc031791761c,29411537a4ffe0e13895abf584ec72fac5bcdc49d634754f328cfb39bdd40b95,HMAC-SHA256-DEMO,AUDIT-2026-05-STEP3
442,817a5dc0d00fa7f1a2a12a8b,2026-05-29T03:34:00Z,REQ-000442,c5c5b540de8f1dde6964dc89,STATE_03_DIST_01_PS_03,d45ef8c0ab200ac9b4c7a89e,escalate,ESCALATE_PRIVACY_SENSITIVE_RECORD,P-2026-05-STEP2-ORACLE,948a1164d76d36871a9e9d22ef3123697965a00d4fb073653492981251c7776a,d0f42298168c98570517b65a96785221ce763ec743b47662f8c591b6bf7bd34d,5b768ed8552be7517ccb7a76094cf379dd81f7daaf986729b627ad90a67ff7e7,63a2ae4ab219ba7e7e4c4bc557b2ecf0fbbd31fcf9800043880fa1af7627cb6f,73a954faa0e3b47f54123b8c2ff524d5d78c3ed21b7d8f62bb5de663f123ea6e,4231278f3a6e7b394c3655e9102b2c4220499bc3c0ba7d96961dcc031791761c,ae06ccbfcbeada1c1e76a26a1e648f56d9205043466b15e1317b42e391ecd7f1,1df5fcb8597bbf94fc392e6f5adc9fa017a37b59e3cb751d9eee7cc447172cab,HMAC-SHA256-DEMO,AUDIT-2026-05-STEP3
443,dd00c859bae5979f49d8ecec,2026-05-31T14:45:00Z,REQ-000443,a1e23926bdb89d718dc0ff23,STATE_01_DIST_01_PS_03,f8d01d9519981fbe6119c784,escalate,ESCALATE_PRIVACY_SENSITIVE_RECORD,P-2026-05-STEP2-ORACLE,97a4456effe0b5dbb80935d12ddbf5c91193964fe206bad6d34411987fd289d8,c948959fdb1afe4f703ab4ef46a57257a8865080f75a754443470ee0c761ffa8,98b7fd024e5ac9ddf09b2ddc8f02b87901f4e7447d7a224da1bba81112b7a5d8,2efb15196b9e9f0f691fb299c638fd435fcaaef2a4b6cbbed38f1992651dd021,67f55ddc861703347c09d557d4d70ef06212a99956f2fa71fdcf0d2fb407a011,ae06ccbfcbeada1c1e76a26a1e648f56d9205043466b15e1317b42e391ecd7f1,36c35d1a8b9f36acb73b3879fb8831c82b25b952978482b21bccdcda2178187a,33e1c8b80ba3ad8e1f8bc7c1b3efe5a09fadda8695dd424b60000def195fa43a,HMAC-SHA256-DEMO,AUDIT-2026-05-STEP3
444,dad7ae9157b63037f1b1ebbd,2026-05-29T11:12:00Z,REQ-000444,f57ebd05797c0d495cf5ad8e,STATE_02_DIST_02_PS_01,5ca844b2848b805c696a09e9,deny,DENY_SEALED_RECORD_WITHOUT_COURT_CONTEXT,P-2026-05-STEP2-ORACLE,12651ea36c463e95ed9fd9a0718a4ec55289ced2980f8f362522258265310ce1,4431598ccf3f6d4dc244934b8f7a32ae646c357af752c93aa54bcf31cbb4bd05,5449bb4b55897443bea0892dc462c9f1c1252c67af8a1f447061df715e071f0e,71fa45103409e83cd6f8cc3f8822e86ae881bad4c32943e70f8c95ff82831fbb,d02b9108e5622df9b8286df137205472037614daa1500489c28ad6cebcb5aacb,36c35d1a8b9f36acb73b3879fb8831c82b25b952978482b21bccdcda2178187a,ff8b8bcebc4b9a67467513f80f84877cca5846f5c79575d44a48202192085322,f6f8059893244ab1bc79053fc095ea1481a48a12eb135bab282087577b147f75,HMAC-SHA256-DEMO,AUDIT-2026-05-STEP3
445,cfd4d5025859d54f57202dac,2026-05-31T07:50:00Z,REQ-000445,030fbe8b71b501096276a8ab,STATE_03_DIST_03_PS_03,0dc2c7ba3a4eee4a67c0382e,escalate,ESCALATE_PRIVACY_SENSITIVE_RECORD,P-2026-05-STEP2-ORACLE,e8651d7fab3f52de87a64da71e6c220626d40dded63e61476543326de7618add,67b25ae6a1d5655d85f5cfb3baad4fb28a447c9a805129382060ee24eff3031c,61caabf0036f7c4b711ba250bdccd709270a50991ea4ba7b5095440c94da92b5,d8731a1161144da39f0172fb38664bc3ee2ced558dd9371a6131203fef4fbc0e,f6795517a9cfc8721847d7f36b709ad4fa46baf7b60d274b4b58cdf90f5bb419,ff8b8bcebc4b9a67467513f80f84877cca5846f5c79575d44a48202192085322,19118f1219a70ab358813407a16169c39bee3df12d3a5c833f5c9dfcfaf375e2,eab7c7d8cc555f6e75634ffea43e7a8b37db468bf03ee168deba03df0eacbc6a,HMAC-SHA256-DEMO,AUDIT-2026-05-STEP3
446,b11c6c17c3d5ca221a4125f2,2026-05-31T00:38:00Z,REQ-000446,3dd77930332ffbb4fb60fb78,STATE_02_DIST_01_PS_03,e3756b6206a69f17c5ab1d23,deny,DENY_SEALED_RECORD_WITHOUT_COURT_CONTEXT,P-2026-05-STEP2-ORACLE,b3c97549f2f199688f37eb5a5253d6d156da5c16eb61e1eee380a9abb41bbe05,a8e826ef7e3eb729e69dcae06cb6862b78286f4f5a249d0df55cbe31b2ccecee,4b6a34481513095a6820fcba57fc7fcce749275f5bb0fe22ee05855f4825bffd,ae8167c40476e8ba355472c956ad775ac8829994b57f16df0ef619abe5a80de9,20bab17afef0810ac87f7812f76a2b82161a74e3e8d346b990dc801eee554b6f,19118f1219a70ab358813407a16169c39bee3df12d3a5c833f5c9dfcfaf375e2,6c01278f84d4bf8d9b6c3fb71cf99b1c2f9885964f33a3d410c8af030859c164,f68470c3c66bace859881a0f7e3bb64d0f54118e1c38417cf3b68333e1b7cd85,HMAC-SHA256-DEMO,AUDIT-2026-05-STEP3
447,a0a7c1c6308e83cb3e4f3162,2026-05-27T14:54:00Z,REQ-000447,2f283926393a08241f4c19ba,STATE_01_DIST_03_PS_01,bcf0da0b6da0cc65eed4d85d,allow,ALLOW_ROUTINE_CONTEXTUAL_ACCESS,P-2026-05-STEP2-ORACLE,689a332595b76fde990d53c4d7d19f41125c7a7d691ba43c573f5752804ec3ec,407aad9303b48ab8f7ae1084e4c8f2b0d3aad45d9b3ecaca62394cb963df6fdb,e4b2612b49ce8816de657d8779b6e6bc0c95a49230b037331c43cd4c680b34b3,78d99c2806407a9f1dd597f425989a2e41530f1a39a7c69880df8b60ab3176a2,2f0c69cdf1c0c38c57e14c6011c9e17d4fb808098ae22252e2c3ee8706ce7d2b,6c01278f84d4bf8d9b6c3fb71cf99b1c2f9885964f33a3d410c8af030859c164,3bc814db7ab53e2350ea49e2f4ac74991c3fd749bae38cd7f096ff48100f2b72,dedab74413570edf0d5693cd5d31a993c1c648470034c9e8883d122c95d0f461,HMAC-SHA256-DEMO,AUDIT-2026-05-STEP3
448,29444ca359f450139057c550,2026-05-27T22:24:00Z,REQ-000448,006fa23a737e20e3625debb8,STATE_03_DIST_04_PS_03,77fd029c8d0f86d28ab13758,escalate,ESCALATE_EMERGENCY_REVIEW_REQUIRED,P-2026-05-STEP2-ORACLE,0bf7ee93fbcdb285e47028893587da0be76eadeaaf73de20173a3db8342da9c5,7161af3be97150abe5efe5d18f103296ffcc78d159ce7220e16dab6fc1829f22,54232bbda8665a64e217530146ff23da7eaf8e0fe114fb214de9edaff2e7d117,47123e5e7987316f642928223aa174b564e9e091a199be885e5353fd737e533a,f3cb7f682f406547d1878b71d829d3d30ef76652b7d7fa0ad57c0e201a8cf8ae,3bc814db7ab53e2350ea49e2f4ac74991c3fd749bae38cd7f096ff48100f2b72,393f4865baee1eb3dffaeab788a274d173a6835f5d30ded71d57956ce9642cce,9fccbd0e4258874de24d95342b7874ba4815f525fc1658265342b3045d176db6,HMAC-SHA256-DEMO,AUDIT-2026-05-STEP3
449,f81a610a022682bc5ada745e,2026-05-31T16:15:00Z,REQ-000449,63cd4d5013242ca51327d961,STATE_01_DIST_03_PS_01,80b0b04a04631a2d56ecbd71,escalate,ESCALATE_CROSS_JURISDICTION_SENSITIVE_RECORD,P-2026-05-STEP2-ORACLE,56d1c9ddaf7006d559fcf65b52ba88071fb0ae3cdfcae6f8fdf4be863614f8b3,3341a5890e88d37989af799dc64087b437db0b448de6e4a8fde2ab2b75e7c202,dc62543bd6f991fe276ebe3f9156c7bdf3f8d60cd67f36d777f0f1d84bff7191,4a18e61282d4df0364340a1964fb7d022edc5a5a0021d75de2a3674bbde3ea9f,fc12993eac44c9cb07824d0c5ca12f21feb58812c0e62977f56253aeeabe0a8f,393f4865baee1eb3dffaeab788a274d173a6835f5d30ded71d57956ce9642cce,7c16468c522f8932970175e79c301aca0c339d430aaddfdc12d2ad259fb9b465,abc0cf695059a675f37186dbfb79eb06963aee76d2450efe9881858373ececfe,HMAC-SHA256-DEMO,AUDIT-2026-05-STEP3
450,5d29fa0ff630f72d0dff42c5,2026-05-31T09:00:00Z,REQ-000450,2be0332c4385b770ea00150b,STATE_01_DIST_01_PS_02,8fe8ed23e88afdf428466ba5,deny,DENY_EXPIRED_APPROVAL_TOKEN,P-2026-05-STEP2-ORACLE,485c697ad67d4b96857e17dcb8fcc2b36c8e47011e9b740e3b261be40186fc1b,37ec666b6aad399bc2d51bf33bcb21255b2453b825fd8735cd4554aa18ed8611,02973c9cce96c0120fddc123ea006b06d1fe8ea99c9414f4e9cc4b0b6ee4792b,5ede7da85a30de50b1fabe69721e782c42eb42035dd4c692c84af4a2283490b1,1b76c188d25403232d6b0613414d1b74edf29ce59f3b812964502203115d030a,7c16468c522f8932970175e79c301aca0c339d430aaddfdc12d2ad259fb9b465,b9c234320c52519889a7eeb566f827a6af8fbc27b15fa8fbd3740f69f2188f57,308e63a431b3b1abb4bc5aa05f3e322c8addea00787c14ee637b0ee09e62090c,HMAC-SHA256-DEMO,AUDIT-2026-05-STEP3
451,d33f10813dc361551fcb1055,2026-05-29T12:08:00Z,REQ-000451,ed345e57c83b3d1c5b2c2660,STATE_03_DIST_04_PS_01,1922b95ccc37339a4045c508,deny,DENY_EXPIRED_APPROVAL_TOKEN,P-2026-05-STEP2-ORACLE,282017125f19e873e1cd35b36f30e77b566d83f75102ddbc1bc27ec94884a675,81a82358d9518da32ff5daa58171e291dea4b0b3306d47c449aeec716da9874e,e72e336976a4124f42c0a2407baedad31f16b4e65457887993fa1d6fcf2f61aa,a6506ce08a3e36f8a8022702cc0a78e40a320681b6080d7d4a0dacdad2273288,3ecf6b4141c65341d56b273ddd07898c897e9d746394cbbd3f8006e8cf925bc6,b9c234320c52519889a7eeb566f827a6af8fbc27b15fa8fbd3740f69f2188f57,a6f7ecddb10fa297167ac82da04bdcd5a166c8acbd863b92dc941827f72a2ead,838c2f6609010e354258cd0c8f9d7573150bb5ef99ac44134fc211ae4e2f5a73,HMAC-SHA256-DEMO,AUDIT-2026-05-STEP3
452,e44b309c8a2fb438a4ca87a7,2026-05-28T13:40:00Z,REQ-000452,2deed09bfdff4831b0bfcd1c,STATE_01_DIST_02_PS_03,2867d85e6650cddfa2049599,escalate,ESCALATE_PRIVACY_SENSITIVE_RECORD,P-2026-05-STEP2-ORACLE,6175fd010da40b8dc693b59191c7ce647f81d7b4c53ab2a62aef18e47c7a7392,d38d2f92750e1d9ebde463d70274a030f8c6af0655082a3eae859d7a0d632651,cff933b0aef4d410844848cb3790e481c29e576a0dbfbe2e4e87287c97b77e17,0d8ebceceacef4c8f25bcb48aafce3c4b7a05a36238b1c81557595089dfe2368,1b35be42d397074a14e4295411548edc5dec2a5fd37f7b14356a6254a7d30195,a6f7ecddb10fa297167ac82da04bdcd5a166c8acbd863b92dc941827f72a2ead,47572036b44e58826ecca3644aeca5ce77ffcf099422f993c7101d930d47f1ce,0853fb57fc9ea76d24393ff81199afc60fcfa4fac043a3207113a63d9fe8df91,HMAC-SHA256-DEMO,AUDIT-2026-05-STEP3
453,bbc61388773f4a5fce4b24c0,2026-05-30T03:30:00Z,REQ-000453,f920410d24c1d513e4b5b45f,STATE_02_DIST_01_PS_01,0b15ec81d0d8ac95910c8dbb,deny,DENY_SEALED_RECORD_WITHOUT_COURT_CONTEXT,P-2026-05-STEP2-ORACLE,7fb1c9db918d0f762f766fdea670af987e45ec743e25a3decc39c0299774d369,73383d862334975d2fca38d73bc2b785d0a7010c5620da89c3af6aa1d6fba411,0367ac3e09230903bb940b884b78946d70b4c6a505b9ff5c29203d5c8f3e3b47,a30d81550a1c36362471de7abe06ae510293ffaf78b17bd8d3779abaa6fc6bff,9f4a60f17a8ef23bd9f7140cca580db0fffa69e1c399fafd274c0832e3015c17,47572036b44e58826ecca3644aeca5ce77ffcf099422f993c7101d930d47f1ce,02e36a87e5e242c2e42d323c40a6fdec485c634b0b4aa79f92aace55950f1c8d,0b240af415ae6b21de9fcaea3526aecdba0d52ba18724e4c530554c8efba1380,HMAC-SHA256-DEMO,AUDIT-2026-05-STEP3
454,ceceb92b22b6b3c037616812,2026-05-30T11:14:00Z,REQ-000454,9f1a046129b76f0cd0f13803,STATE_03_DIST_01_PS_01,7582da5fbf1d280dcf845424,escalate,ESCALATE_PRIVACY_SENSITIVE_RECORD,P-2026-05-STEP2-ORACLE,352277ea6714fa7695ea19a671c0ec8ed0da1a454eae1cc2977f3f370852a48b,3404ebf43d41117e7854d34f767c025ba3ebdbea70bcae1fd19c8d56168c9366,f04ccde14e3ae20b6aa232b2a7b537ab2b62f2068e5aac934a56849df8b9cfbc,110f8264c72c6d26f80a4e7e30dc604eb1fc29f0abcb55b8ca6e21951c52823d,b811e1883e6c3caecb9a81e3bb0b5a801619cab129c8c1d022fa095a99d3b447,02e36a87e5e242c2e42d323c40a6fdec485c634b0b4aa79f92aace55950f1c8d,75f2755831da04f5a16c51109ce6989491ffe0570731dfbfae19b731758eea8d,4a482e987e6808fc02a861e28c09e9b0cf898df7e8a4ac78a864a3adbc53fd54,HMAC-SHA256-DEMO,AUDIT-2026-05-STEP3
455,54417b10da7f0076b0988b36,2026-05-29T12:40:00Z,REQ-000455,cef54734e093447c3864ede7,STATE_02_DIST_03_PS_01,c6e09784d51abbf2b3753b68,deny,DENY_STALE_CASE_ASSIGNMENT,P-2026-05-STEP2-ORACLE,df385da7baa05b68589e772e4ea97067929c73d017dcf65ecda88934f5196b98,c6ffa49b5b32957247f418c372b4a810f8a4d30be488c206296b38bc5c9c3af8,c230a3f5655c6213306bedcd01e5363b846ef6273abe422c41c72851d8265f5a,4b10bef711ea49b05afcaf460ce4ab5b1eba49567690ce5f40d8586b4875660a,43b2d5d6f4ce29676af1ad3e29298ca927e787002344618a23a886cb24db459d,75f2755831da04f5a16c51109ce6989491ffe0570731dfbfae19b731758eea8d,9425c4c97efefd5b9980bb420670b8b26353ac6802e7185f0e0df1239e340ac4,5d03fb3acb10ebbf484e03c85b2dbf80aca15e7fa6c2a2d57d66358d9df83a20,HMAC-SHA256-DEMO,AUDIT-2026-05-STEP3
456,9f50b38a43b1f68702814173,2026-06-01T01:36:00Z,REQ-000456,4fe847ab79de841540c7b990,STATE_03_DIST_01_PS_02,501ec7976756cb1bbf632fc6,allow,ALLOW_ROUTINE_CONTEXTUAL_ACCESS,P-2026-05-STEP2-ORACLE,ad5404f7d8183254e01497953ef91afe25a81a646f0009255931f90d9c4b8568,c57dac9c8d5747a360f4af6c07f5cb6939ccdda36f7b9132f7d02b81f4749765,76e96dbf64b9f426014d5b413b21512d59ad64055f43c8911096eb025fbbdda9,f5485bf70786ee49fa4f0bf29605cab7fdaccccc071f898ce712deb0a30529ed,b0adfa92636e5ecfca26c47e17885792e1a8ae19271d3402a4f3ddcdae0dc310,9425c4c97efefd5b9980bb420670b8b26353ac6802e7185f0e0df1239e340ac4,fe146c26af9576fccc22aff3b2ccf5ad273ed95f796d38e11a803958f9ad6bd7,f9af8efd3fe2e26209f2c56798e4fd859fcfeee86a473022921ffbd671962f3c,HMAC-SHA256-DEMO,AUDIT-2026-05-STEP3
457,fab8c0948dcc131ca9179d47,2026-05-28T21:42:00Z,REQ-000457,ccfa52e7df949ec76b129260,STATE_02_DIST_01_PS_03,1aa08103e3c7e97cf82499a7,allow,ALLOW_ROUTINE_CONTEXTUAL_ACCESS,P-2026-05-STEP2-ORACLE,be5dab1a4aabb18cdf6b11104e82e1982136e113d062b84ba1dde8266a345649,8c2bc51a575357f9f418b3efd26826d77d195010af2a92cb0c54dfb693e0241c,5bfebb66b4485c518b7fb95a9c010749ec50dcdb0a29214bbac012f12192e0d5,b943ff20e2445f080143fa047d9d8d456ce0c161e14893675d160a4c527dd0e3,99b3c63025b8a786e483b902785a87fd6486a297648b78f663d2c1cf5530dd1d,fe146c26af9576fccc22aff3b2ccf5ad273ed95f796d38e11a803958f9ad6bd7,4f848c0cc4e1554f463bf60d3917dda3bd0109c5b0fe11189d1d96e3392d54db,18441fdf81d123cefd114ee8731a75a370d1461351d1a8ebbdcb986a0a5d9d02,HMAC-SHA256-DEMO,AUDIT-2026-05-STEP3
458,c692d33a1c1312544dc80d3e,2026-05-29T20:42:00Z,REQ-000458,90740f6d12084e4c579f3454,STATE_02_DIST_03_PS_02,e75112487c579ac4b3944b49,deny,DENY_INACTIVE_CREDENTIAL,P-2026-05-STEP2-ORACLE,906600842d1f5833593ca8ae07b90557b8bbfd7aed36539abea3f52efa2ba8a1,7bb73d5798d201d23adc5abcb92e0487f20adf6f4aea59642d8a69b896f911f8,57051ba53b21e259c7ccbb75fd2755892986a516d3f0751f32801b708f21f990,60842991e54c0e1b8d0539aa6f6a8b21931d6f8c3d0a39a6ce12785e8073374d,78b4b70d94029168496ac5d3fdbca5fa7ada10748fcc42fef23f5b3c16708df6,4f848c0cc4e1554f463bf60d3917dda3bd0109c5b0fe11189d1d96e3392d54db,fec5bed3d65f4a2016ca9ffccf34f95c562c96581b9cf8f910dc9130b0cb8ea8,f20afbb39f4258a190af7202aff0e1b8670400d4cff58ebedb1afd7d7467cd69,HMAC-SHA256-DEMO,AUDIT-2026-05-STEP3
459,04cedae5baf7c862515a6c29,2026-05-30T12:09:00Z,REQ-000459,816d13ffa68e60a160c3810f,STATE_01_DIST_02_PS_03,893a5e5117f43af57c7ba373,deny,DENY_STALE_CASE_ASSIGNMENT,P-2026-05-STEP2-ORACLE,9185aedc953aedc44ce71fb1f8023f3cfc664a8e6e68c318e4a0edbd1489df6d,79a03031f772859fbab050f2d258e613778942f7160dc5e2738c96f00fdb395a,cada74f2704da58de13dab2b955be2ae779a1889a881537cee6d2082efd2c1e2,a9d6098b7e4cb47ef21a1bcecabb2c4891a70d279a0f0e7a13ffc5624f1de06f,ca11907b5af6fd7b619c9c1358a2f306f7d52fff3f00b0542d0ead96485d480c,fec5bed3d65f4a2016ca9ffccf34f95c562c96581b9cf8f910dc9130b0cb8ea8,a535f27e3126916268f9a453d1309648dd664177cce216302405d77dba90adf3,3e43d930fdd85a6f4069a49df31d050f85123861d60b92d2e8655f59b9d30d4a,HMAC-SHA256-DEMO,AUDIT-2026-05-STEP3
460,2578a6107b43a49fab77c5db,2026-05-28T06:40:00Z,REQ-000460,871e4c8cc36e0fafb27ef560,STATE_03_DIST_04_PS_03,e5c055800da6250fb67db7ab,escalate,ESCALATE_EMERGENCY_REVIEW_REQUIRED,P-2026-05-STEP2-ORACLE,1c0c58f4ef3c679096cd98b702be4b5b903ff674d5f1d34c98f40d31d47e4bc4,7c79c1e944aead4cf51e0b0935e7ac17fcfc49560b835f853530a0a388325e3e,31601e4e46710160eb1bb9270e57035cf51e7aeb922225b77cc3346bbb6f0bae,058c5b39a437493051d4f7ae3e1b9057ca1b85d15f04909ac8665ef0b84b8660,0830416fe5a79bd94dbc2dc60597e5ff0d41cdacfc45ebb948f50a7f48e08ef8,a535f27e3126916268f9a453d1309648dd664177cce216302405d77dba90adf3,c0a63ad4550a32aa712058127ee7441d500c40e5499639c708678a7a2b6eefee,ea0172a9e741252d12d1f5a7d4085eccc3e93fa1f7e6aae81927b639c39c3ebe,HMAC-SHA256-DEMO,AUDIT-2026-05-STEP3
461,0b9773c879c6b86c4a1aa289,2026-05-31T11:34:00Z,REQ-000461,4f04697319f636cd795e5d1b,STATE_03_DIST_03_PS_01,993302f952e97c82aaeeeeba,deny,DENY_STALE_CASE_ASSIGNMENT,P-2026-05-STEP2-ORACLE,6f015b765a6f14a736b745548508f4dab7b299650cb5056aa836ef1cc0dbf57b,eaa8952babae97f18a9a357abdcbb8b116c990ffe6357d74a0462637ce0dbbe3,880bcf190b972b82fd3395a1c17f671a4218a517ea7983533b4c4a900a40383b,540c0f3c0a2a2c717394c21cbd7657383b25ebafa765b9193c997090ce6553e4,0da70f2fb937457ba0b03f73a981d5ce060e7df32b0c3b318c52f8730987e94f,c0a63ad4550a32aa712058127ee7441d500c40e5499639c708678a7a2b6eefee,2db08c39f666b0091c5a209ed7edec83b2bd34b292c5225723e99e2cf02caa4a,ee8d0ac540f40c40d44641861675ef596241e005e13745e9859f00d631532ebe,HMAC-SHA256-DEMO,AUDIT-2026-05-STEP3
462,4ce8b95970a0f657be4a9727,2026-05-28T06:48:00Z,REQ-000462,7527b25e318154df01ec7550,STATE_01_DIST_04_PS_02,2a72e9e4ca2925b1a4edb88a,deny,DENY_STALE_CASE_ASSIGNMENT,P-2026-05-STEP2-ORACLE,e76e77231fe49dd657d65edb1af91754097fa04c0ed95719a726130aceaf3a05,0ea24fec12f65ede82dcbbd14997f725b99683f5e84bbac2004b3b03d1491bdf,8ac8f5956435b8faf29325354a82f950a43f2bbb6aa91b15fd610f5eff5cfcc7,caf2106479407e8df045c53dcfac69b840fb0b01a8f0ad85f1d5fff070afa2c5,497dc9606499d328362aefb010ce34d24d6fd83dd734d81c486bae3b9effad9f,2db08c39f666b0091c5a209ed7edec83b2bd34b292c5225723e99e2cf02caa4a,7ef432acc78eb55149c3eeb83963a7f15a69680d2881dd77240acd31aab94fb2,9c2345cfcc83c52cdb49c0cdad1cd0f3ededca9c39615298c434676110a7598a,HMAC-SHA256-DEMO,AUDIT-2026-05-STEP3
463,6811d51fcd21e10ca13fe366,2026-05-29T13:44:00Z,REQ-000463,ce1b63fb3ee51890894fc213,STATE_01_DIST_01_PS_02,9770c21f3a7c95d8dcd7a099,deny,DENY_SEALED_RECORD_WITHOUT_COURT_CONTEXT,P-2026-05-STEP2-ORACLE,f4b3e8517b07d496943b4ad7218a84dfc2c9df9743987c68efcda84ad3ab8d32,13308c1fc2b2e9c9f8ea73acc8800e9fd4236ab41410e1f6ee2dc430d25b8793,7bfd6ee1f2a44ca2e5d81f5d16b350a1452bc891a45ab7302dc9bc36e4f2c6d8,665771e69df4272035b69712e71a4694a26cb58568d365e272099268d08a1800,da94ef788f47cc28a3802b2200a0f995ef86a3254db98796dcae6d10ee422be5,7ef432acc78eb55149c3eeb83963a7f15a69680d2881dd77240acd31aab94fb2,b2f71bdab548b125386c25ab6eb988a3ada82633fc00af0d5a8ed445f52d07fa,73fc531c9c433c9aab6615420c6476253e5250c8f73c982414ad1ec29818c215,HMAC-SHA256-DEMO,AUDIT-2026-05-STEP3
464,c61f1895ce09d1782c10e61c,2026-05-30T13:04:00Z,REQ-000464,5250e04b75f9aa481b9f2c6e,STATE_02_DIST_04_PS_01,3387ee3b0be0919f165e192f,escalate,ESCALATE_PRIVACY_SENSITIVE_RECORD,P-2026-05-STEP2-ORACLE,2f3684b80164960d023903641f70bfd596baf40175a6c962bc93dcd35f5060fd,e3707d990bed513bba9e3e0c76ee7f123a03ef7b8ac747a89a5380d022e0cc4a,ec0be3211afd4af9f1a6e9ebf8b58c65d199cfb2deaac592f095440399ed7b84,bba933bac346b368eb44b300ca9de5f3709adee45719788f694896822f6ebf66,2777fccb4351c52b42857419670d6781d2618122d09626d05f9585dc63c8fd51,b2f71bdab548b125386c25ab6eb988a3ada82633fc00af0d5a8ed445f52d07fa,2a32a7680a199d1c296de527933261dd8527c8e907db24c879c911149cfbab30,d244fda061795f0860664c0c92922a01405eae827a336df7a5c5939b6f885bf4,HMAC-SHA256-DEMO,AUDIT-2026-05-STEP3
465,6d0243b9131fd7c39c01d376,2026-05-30T13:15:00Z,REQ-000465,3a0f3bfd087110a0cbe914c5,STATE_01_DIST_04_PS_01,3e9010be4bbcdbae1d9cd520,deny,DENY_SEALED_RECORD_WITHOUT_COURT_CONTEXT,P-2026-05-STEP2-ORACLE,c5e4ca02de43ebc2ba89967266c5d8aedb0b31534907e620eaee0e4fabc1f6c2,0382f484b9ea2af5111cc213c7e78e0ed450c7f95f38d94258e18d50798f145e,8b0d2f3d1ca977a0e0f78d9d4e67f6b80c3ae300dde62e33d82d8df390b8818f,31a429d77a4ffe708231cabd8e143242cfc0a61c37652de49beef2902d7ac60b,9b21efe3fed127be7bc95fc23575cf8cceff381e77c4ed38a03912f999d4e1a2,2a32a7680a199d1c296de527933261dd8527c8e907db24c879c911149cfbab30,42d9e85e8c064cd8071c91ea3daf8d64fd45776e6e5adb770552081cc42ddc2b,ea9b1f6e41a669b33f5c800ac445a1886555f24ea4c0385f6a3fb1868a69710e,HMAC-SHA256-DEMO,AUDIT-2026-05-STEP3
466,3338b7696e3fd69639081046,2026-05-31T20:30:00Z,REQ-000466,bacbc9ea0ca5c88caca1fb35,STATE_03_DIST_01_PS_01,3ccd34687090d2923fc32e3b,escalate,ESCALATE_PRIVACY_SENSITIVE_RECORD,P-2026-05-STEP2-ORACLE,ad002adb0f49af4f921c520199545e5b926e9f47bb414dab5ada608381479c23,876675f11fcbc20116caa766e20860bcae9bb638a629a39acfafa0abd8ee36d6,c1c4dda49dc9f7d4a1098546094651daf684f4e2626e6799c38eaf1ac11f6edd,4c093c21bbb8c47ad00410b5bcd2bbdd49d5d999c9b575eafbc1315dc2401633,7d0963ae44627f739398678de50ade1927ba911903e57a78bc2d1115fe9ceb36,42d9e85e8c064cd8071c91ea3daf8d64fd45776e6e5adb770552081cc42ddc2b,aa8ba1b08d931c2a23bbcf5243a358ddf627446986fb60f1c0a0475e91af09c6,b28e19d557ab800ffc5e0bb5a332c3fcd8934a39facdc475b0352228cc507efc,HMAC-SHA256-DEMO,AUDIT-2026-05-STEP3
467,6e46bd647113f15edc9c1414,2026-05-31T12:58:00Z,REQ-000467,a07f98edb4eac55d9fa73ffe,STATE_02_DIST_04_PS_01,7afceb4a34e1bbb7c6eb147f,escalate,ESCALATE_CONTEXTUAL_REVIEW_REQUIRED,P-2026-05-STEP2-ORACLE,9f4fa3d2f3d041513b110a7c60931bcd7aa92175d68c25cffa0e1e7a5c382ce1,80c2e41f0de5fffa7ebd5739cdcdaeca2400e1d3d4cbfb92dd5ce29197615613,12f77ef1828ab7ab4ec095885e64095031b31d693dc010d5f08322268a9f53b7,72e9f2931402ecc43dc9bd615eae7a663db1277617f7571e2d4a1180737b3856,48712019863e471900e04c05fd7f812991346b16554eeface112c96281ee13ce,aa8ba1b08d931c2a23bbcf5243a358ddf627446986fb60f1c0a0475e91af09c6,e757bc190e13ec015707f955b761464f9f18f920257d32c8f373f69d217719f9,f20b20c61d82e79fd0dbf979a56cf92f1a774dfcb157345c4bc2a121c14e7d5f,HMAC-SHA256-DEMO,AUDIT-2026-05-STEP3
468,a194bdf8e5549a113cfc31d8,2026-05-27T23:24:00Z,REQ-000468,5d49251d25024e2ef906fcfa,STATE_03_DIST_01_PS_02,19a7c92363fbe8fe785c9ff8,escalate,ESCALATE_PRIVACY_SENSITIVE_RECORD,P-2026-05-STEP2-ORACLE,4370aa58bac8b0f9c0e6531a42180cd00e23acfd326d398ab2d537812273d6cb,ade2697b766ef7b595a80853b6668d036740f80d5248d4808fa692dbfc64a665,a4c4e29e3379f6080a65577e2f86562771a2d2b4144848325787c5f86b4f9b77,46ff2cf695e8d2815438661932887e385c2f1ecd7922d9e8d4f92e7258c45077,39f5b634574ba3390e9be836e08617f1454afa77a33a4a6bb5d23acf272576b5,e757bc190e13ec015707f955b761464f9f18f920257d32c8f373f69d217719f9,eb3537c0dda5f1006f14f142a5a0811fd84cc84672202b6e15b8353c33444e6a,e735637e605a8a7d3f4e63ca817640156469dc44cf791d54329a99f7b53241d4,HMAC-SHA256-DEMO,AUDIT-2026-05-STEP3
469,d7f1d86cfbf56f46de09e103,2026-05-28T22:54:00Z,REQ-000469,b0f05da9786602e3afcbd606,STATE_01_DIST_01_PS_02,685db473c8326fc6f2ce18dc,escalate,ESCALATE_CROSS_JURISDICTION_SENSITIVE_RECORD,P-2026-05-STEP2-ORACLE,0bb8185eebeeb5de5b28269f90abd42d8c990a567630748037b4bda22e004e6c,885347225d6e383ae4395864855ea3682853ae3f7335da6060028eb6ba3a32cc,0ca116bde717e2c2601cf254e10838b2495944109bf006c8303d1bb7df9763be,3a73b9a7a44b0f90954643360b5c51633306448c901e38e407c4ed0a675c1501,3300855b532ec41236213e3d4d8dbc5f5995ae6beed7f91d4081466b4a2d71eb,eb3537c0dda5f1006f14f142a5a0811fd84cc84672202b6e15b8353c33444e6a,7514645a5a66c71f3d9eaab67f28ad97df20d3a3bbe21bb4ee2e0e97ecbb50bc,b4b6f8ea3f773f1e0eb5ca67c4a0f4faf77915afd99db2ec847c29f19a171c2e,HMAC-SHA256-DEMO,AUDIT-2026-05-STEP3
470,2ff9011637154882bdb9eb18,2026-06-01T13:10:00Z,REQ-000470,1df1233ec54fa0732a43c292,STATE_01_DIST_03_PS_02,d54e59d1e5b8752743ec8dd1,escalate,ESCALATE_PRIVACY_SENSITIVE_RECORD,P-2026-05-STEP2-ORACLE,4d44c072a09c647b1b180bc7b25ad8c456b528d7db2ed15d61d6774c3c9537fd,d1e1d4d50b44fa97572c161b144021fd939f2b8a6e95cb64ca8db6379ea5f587,bc7a6f6c71a08b473f363d667d192c29002cf39b872faa2d80f9fb3bd3dca66f,e750d621cbc5832107554f515eec8742931e52cf34b7bdc5ef5b9b082ce33ad2,8baf6ec2db71bab8a8e4796b7e44c12ee3e76d932e1e4c503d041b6693ad9d73,7514645a5a66c71f3d9eaab67f28ad97df20d3a3bbe21bb4ee2e0e97ecbb50bc,2e270bd495593dec5c014bd44100fd79baeaaac6877bd4dde500fa306fa270d4,b59134421c5823c7457e0ccdc11281cbcf5293be6953bfe172aba64f1450cca4,HMAC-SHA256-DEMO,AUDIT-2026-05-STEP3
471,d5be92dc7641f6e61c9b67f5,2026-05-29T14:48:00Z,REQ-000471,43619f9291295cde078ede73,STATE_03_DIST_04_PS_02,804f341ba0075b398eb34543,escalate,ESCALATE_PRIVACY_SENSITIVE_RECORD,P-2026-05-STEP2-ORACLE,9d390438c22380319fb2383db3752c7d2d988f35f7bb4add87e16e9bc101b06d,679cd30e977171ce18c1174489c07bbe72e990e4fa07a531e66cdb6b65f4d09a,d12cbdb5b067b768fcf143c1ddcbb78893053d74bbb67bc8fe5152d7ccc88c8b,909ccf6f4a4e878f75b940f253f951b606378a7565bde6da3af800c9df2314ff,3af684ea838d7f31966898321559a95c8e38bbdf5cc128a8511070ec44b8eec4,2e270bd495593dec5c014bd44100fd79baeaaac6877bd4dde500fa306fa270d4,6e8a29bcc3a17551c36380d3be584f35bd3a878ecac72a3e23b9b6981d6a4783,7e9502da85be1dd3beed0da6eeaeb4b5af0063dac9f195b7a91e7c794cd247fa,HMAC-SHA256-DEMO,AUDIT-2026-05-STEP3
472,3fb80c5ca7a7ee1e67f52e69,2026-05-31T06:16:00Z,REQ-000472,fe341f3994ddbba307367393,STATE_03_DIST_03_PS_01,cd65b26ee8307185d4869ab4,escalate,ESCALATE_PRIVACY_SENSITIVE_RECORD,P-2026-05-STEP2-ORACLE,73a0fa34d90578fc85c70116bf453541b4b214c8fae8dccd2b23b3fdfa3ab027,8624a5855f8e9d811c9edc9c96aebc68d9f6226064f412950341109909fc911b,1ea1569611fa9f92cb9db9d4f7ac681b2d3aad7b170031edbfdcf08265fa16db,9aafc289fa54426bf73ed6f0ae030cb2f8a3d57ea7b89e0a90783824b7ed4252,33512a0f1cff94167f79ffd3f10452abe6228cac8b21183096f5aca8eb019e32,6e8a29bcc3a17551c36380d3be584f35bd3a878ecac72a3e23b9b6981d6a4783,eef6a0c369a57d978bcfdfa860c8a8a88c6cd0125ec477705ca93c9d151f0747,416047cdff349c29f2f8489811b09e9a17f834d9834ddc69cc0edc3dfe6dfb74,HMAC-SHA256-DEMO,AUDIT-2026-05-STEP3
473,43b0364f038fcbab7e369271,2026-05-28T15:25:00Z,REQ-000473,36f9518be85535c10000ffd5,STATE_03_DIST_04_PS_01,570eb7fa38bcf5f5722f7399,deny,DENY_SEALED_RECORD_WITHOUT_COURT_CONTEXT,P-2026-05-STEP2-ORACLE,4d9d01fc519ab8be50186b8a168e4f496c8f420eb47d2abdb8465325804626ba,ca9214081396663a162cf9474baf4f4fbf06a1db0288a2f8c761ef7699b44d87,1bad4567864429c0cf9800562ad01868516da31bfbbb98d428a8db9fb00c035c,3b2318b98be56a27eb3db379162bb1208ec214e631f8b49034d5d0d2de609eda,99bf38c626cd3e9a6b3b89196dae6313df100564f5932696d16e7d97151f7963,eef6a0c369a57d978bcfdfa860c8a8a88c6cd0125ec477705ca93c9d151f0747,7c4f0337fb1830c09210a70ae03d6b35008dcd8f012ea44cad74e5c21b21777c,a5e5e9f18adc2b96280bc5b9c516497f2daf5210b2421cd25c0f8d5b9238b7f9,HMAC-SHA256-DEMO,AUDIT-2026-05-STEP3
474,e41f26c1af15a14847a6f4aa,2026-05-31T22:30:00Z,REQ-000474,cf4f97b5eda3195f8d5d3726,STATE_02_DIST_02_PS_02,9f6ce3dfb42b871dbeea3ce4,deny,DENY_EXPIRED_APPROVAL_TOKEN,P-2026-05-STEP2-ORACLE,86840cd9ce57dacf4d499b93afbeb570441e7b71e2eedd44b7cd3a04446f6960,1cf4a34cd31d0a89d0cae32cef27e0f217fbaf9940861e65ab6540837b95df82,44a8f9d5dbbcddeb74edf080f065d50872abd225b7251391e59757e1a0b864a7,af9d6ccbcf85bb7c1c193e4da8d29bf6ac2dad7477f4e6e7bb8aa809483b2027,bc83d0f2a10f84b32026aef31a2ab366c06b04061e00bc3d065aa6b1e86b1637,7c4f0337fb1830c09210a70ae03d6b35008dcd8f012ea44cad74e5c21b21777c,5c8e9e4cbf96905401d057952091bde3b41263b15cbdcc7f99464a8eac470431,384ab740cecd07405a5caa9a078e366f6162ab6bf5274000393f6f3ccd638d6a,HMAC-SHA256-DEMO,AUDIT-2026-05-STEP3
475,8c140aa91ed068d258fcf7fe,2026-05-27T23:45:00Z,REQ-000475,05c3cda35f4947118d9b39ea,STATE_02_DIST_02_PS_02,fb8dce77863a67f68042baad,deny,DENY_SEALED_RECORD_WITHOUT_COURT_CONTEXT,P-2026-05-STEP2-ORACLE,f7a8c5a4262ab0bf116b40ad89d2b4f17c5679ade226762bdff50a71d4581409,bd069bb2db644aee9b2f5686a6a9ec12bd85c9f9d47f6f1ba2b5c4e2cf4af879,c9c6581d46f899998685e321b239bad849325df5697f88df4f01631661f98fb0,da1b5b0414c23fda05dfe0e44a87a9c5e2af46bc8e63bfd976afe20c3d37b125,5dd3d385016116cc32bc69bc664948d8d5fbf642fdf4fea772f9a7c8cfdc9a3e,5c8e9e4cbf96905401d057952091bde3b41263b15cbdcc7f99464a8eac470431,aef4792bd6315fc177bcd856480d912ed450b97b5cc805b7202e792ad64b5a3b,fb0eb9cb5505dfaf481a8e0a3972cd9f643e843efb0f4f03cb5476b2210a2698,HMAC-SHA256-DEMO,AUDIT-2026-05-STEP3
476,bd3be5152843ea085351a132,2026-05-29T07:32:00Z,REQ-000476,ed345e57c83b3d1c5b2c2660,STATE_03_DIST_04_PS_01,b8d1eb1153320f7d00fed69a,escalate,ESCALATE_PRIVACY_SENSITIVE_RECORD,P-2026-05-STEP2-ORACLE,8e094b4ab130a1fb64a5071e331898ca18899ce526b6df2e315b94c5626e6853,6546dbeff2b29c3304b3a4cdf8fcc4d27ffccbd4a2fdd07e9324f9faf64df716,97f5041c485ba8777c87ac48777c6d42cbd42438b5dd3fd70289d6ba1bea2562,6dbdeb1a76f34156a3fb00a0f68bcc162cdb8a984d0bf40f878b8cf53238c5d2,b2a45bcbc96f4473bcba31935c291d93a5205634c808c5b949981f261d9857c5,aef4792bd6315fc177bcd856480d912ed450b97b5cc805b7202e792ad64b5a3b,24c943bff9cb38bd5e48e0a29190dae25c0e63859355a86129891e7751332302,d57b246d38170ffc4da72569710cf5a13bac2b8099eece6a65fec9c5dd636711,HMAC-SHA256-DEMO,AUDIT-2026-05-STEP3
477,ca52022a25dbc83577710dc2,2026-05-29T23:33:00Z,REQ-000477,b5c2c2becf92b9e253d997f4,STATE_02_DIST_01_PS_02,550a42b9a5b45fa2817e763a,deny,DENY_STALE_CASE_ASSIGNMENT,P-2026-05-STEP2-ORACLE,b8d2fc5f3c387e9ed6df1db7f2889c8e6274449725ccd4f929e288d24746da0f,6b089818455e355b681a86c290f5f0264f787f52e798b9fc3c950eb0d552a774,3917b4f4ef6c40cef000911d4181eabe41226bad723557d8d452caf71bf60413,a20286c6dfbadd01207309543ed9aa700ac17c0cfd7c2ee06d809f7d934625af,577eca56627b2ad60cd3e9f24e80aa6d361c42bd675623e9eb125253073f0fb6,24c943bff9cb38bd5e48e0a29190dae25c0e63859355a86129891e7751332302,b11493d48167de4cd9247242017435a519cfde6abdf3842ac8f5c1af80177a93,d24d5cc742d26f2c1def79959478a10e51153de11d1d14e411f9f1e929b2ad25,HMAC-SHA256-DEMO,AUDIT-2026-05-STEP3
478,57117ef1f611ca033b6d0b5d,2026-05-29T15:44:00Z,REQ-000478,b91bac32e23ee5afdb826394,STATE_03_DIST_01_PS_02,2c24224a41485b2b9a03da20,deny,DENY_STALE_CASE_ASSIGNMENT,P-2026-05-STEP2-ORACLE,1dbee692b3db0606c18bf687496cede84459ee6beee4f5deaf999a2817bd59f8,a134f86003ec59309bdb50bdb22f52ba2d576c48f233be482eca191e90042fe0,8747dc5479c29051879ca3c9143810f278969099bd87c6597e8409c0dc4f1077,fc462d24c7683d8a7bda778f2d9e8d430474c23b153f9713efd9d321cc3ce174,adfffb9c69d17f176b678a5c784014c3af637944965a1de65ec584dd64441e04,b11493d48167de4cd9247242017435a519cfde6abdf3842ac8f5c1af80177a93,8b53e65a9cb25b42153bcf7a9e47953b0a9f3b057f5a2cf3068baa941208eed3,aa1041b6ff9f20f4ebf46547891369e0b58f29e4e02f46d4908d2b752b218324,HMAC-SHA256-DEMO,AUDIT-2026-05-STEP3
479,519411c2294a15836e1995b1,2026-05-28T15:55:00Z,REQ-000479,f250eda449687032c1f3ce21,STATE_01_DIST_01_PS_01,e718380dbd29859ea007b2be,deny,DENY_INACTIVE_CREDENTIAL,P-2026-05-STEP2-ORACLE,e766ef020c5e91d7abe8eb9c164ddbe7830e050ca07df1cccc8e40509d6d7c42,4f9511da0ec07a384677f4c5cbe2f23d7ed001a986e6485bffa8dd03b9e76653,557ace846f5a14fd9677230ec81104830407c64d4f6cf84c0ab2d4d254679f34,5571c147864108cafb03404fe8ec8f62543f90b7b14f88e3fd7a0949a3716bc6,ec551cd56ca7ea1dde1c79b889acf1e1f5812c87e7381ac1dfd4e695cdab3dd5,8b53e65a9cb25b42153bcf7a9e47953b0a9f3b057f5a2cf3068baa941208eed3,9c0b5d9d5be5c0a8d70f6730ad1e820cd87ab3310fa6a613cf29a3b9b1c86eb1,9724dad3fb4ac6f38776944c3009584a5f8fe367db89c3948dafeb07cc773019,HMAC-SHA256-DEMO,AUDIT-2026-05-STEP3
480,0673f1cfb5b7cfa25897d2b5,2026-06-01T16:00:00Z,REQ-000480,7fa77f7b07565190b1b9a0af,STATE_03_DIST_02_PS_03,634985427cd8688fee2b98d0,deny,DENY_SEALED_RECORD_WITHOUT_COURT_CONTEXT,P-2026-05-STEP2-ORACLE,b569e07e44b15bb5e58fc9de948301733e17e2641848b052081d6407fd7d8232,679fe6e472386a633106f4f24f7e32bfd740a407d42876d4adcb71602d678585,8fc70735f0601f18afa170eff4b97490c16349113a7e9c9ee7f6c78932c8b11f,6380d07e5a0c3b2aa2c5104caf55d1020a6308bb0cb2ed91d39e0ee6b8d202ec,f38878015429e6f08f3c946286fdef8e3d4cbc84d4140cd3e31103be28a58c61,9c0b5d9d5be5c0a8d70f6730ad1e820cd87ab3310fa6a613cf29a3b9b1c86eb1,36a903bfc6877f7160d8f06a7dd530c17c09b43d56fc160f1ec375849448d40f,2f1f2a2e2a17940f80abf1520869fdac70701e32e4da59368782221eef237970,HMAC-SHA256-DEMO,AUDIT-2026-05-STEP3
481,bb4d5b2a97698d4350cdc64d,2026-05-29T08:07:00Z,REQ-000481,4b271c3dc209eac61d05dd4f,STATE_02_DIST_02_PS_03,07debdecd74e17e4c743b353,escalate,ESCALATE_CROSS_JURISDICTION_SENSITIVE_RECORD,P-2026-05-STEP2-ORACLE,4f847407c221ed94cef5be9c2ea9d454e1059750956715585390e93d39f10e83,1900e1a209332c255946c3be0ecc7515651bd37ff8afead86575013e4b4193eb,129d3f078efcedaf96128d8c17bdb91d9d93962dba8901559c9df7bb0be474f2,1d55acc8d1f314fa1655f35d64c22b87996e3b2d8c4dffaa10b17d2da9d2d975,068b70ad827ea58ad7a5fbc7d2e8f1db8fb71fc1dfba1eb469950594c792025c,36a903bfc6877f7160d8f06a7dd530c17c09b43d56fc160f1ec375849448d40f,86971a8fbd67ed141808886ac9b95d33b62aec75a0fe77863597de6ca74c8410,98d3a79ad0079f79f04ceb8d73cec95980a35c6f79b89eccde353f1d09d5c107,HMAC-SHA256-DEMO,AUDIT-2026-05-STEP3
482,fad1a362bf4ebe8077249080,2026-05-27T16:04:00Z,REQ-000482,cef54734e093447c3864ede7,STATE_02_DIST_03_PS_01,fc498ccdbed501011d0e55db,deny,DENY_SEALED_RECORD_WITHOUT_COURT_CONTEXT,P-2026-05-STEP2-ORACLE,fc61c656112577191aad996b6be52fb17402fdc4ae9110de58e0b83314f14501,46db5c9c6530234886e69cde394387de8a43f7968d66665deb29ac21ce9d26e3,335e00b5b8f33f66c9fd789f1a8d719cf51431abab4fc4359826590abdacee56,86fb8f16ba298f3b4707acd45d9f3415529ca408529fd220a303342bf2560ba6,33e75ed3f492f1933049cabe74f34315f228630aa0cbd2c1eb441008ebfc2a99,86971a8fbd67ed141808886ac9b95d33b62aec75a0fe77863597de6ca74c8410,0d111160ea83ce90e183ccdd396bb53bdf1b280167a64b84c3be058e351cb511,1c02fd3643d7da62c3c2162763a30fe5be07b38d98e977795a4e8db569e4cc24,HMAC-SHA256-DEMO,AUDIT-2026-05-STEP3
483,ab9887e45400463629f9f0a0,2026-05-31T08:39:00Z,REQ-000483,6d335433b612a148a4921389,STATE_03_DIST_03_PS_02,76eebcbd721d1571cb5fcac8,deny,DENY_STALE_CASE_ASSIGNMENT,P-2026-05-STEP2-ORACLE,79fb9577fb3f8e65635b34bc49bad51a706bb697545f1b8ec5cf45048a0236b8,c1fe538aa1ab9fda727b14aeb00f240ef3cabba2092d0f5b197af70ab354096a,65e1acc27ec003b68b125829f35f07b37e153699467a7a705d2073bdf6eff175,61d82f877a74458a2c696f83eb6703a5baa96e54e546fc3c5b6ae128c48ba925,f4373b0f40e6941cb1fe4da3b6ec7160dee030ce94ef3bf8f62981037816d3c8,0d111160ea83ce90e183ccdd396bb53bdf1b280167a64b84c3be058e351cb511,b78a9b66e185fbd023b5e83578d01356250e4435d22773ea81f38cb203b095db,48a9fcfdb74d2a1d859f9cab98ebfcdcd33800d1ce20ca4e74fbb238db150194,HMAC-SHA256-DEMO,AUDIT-2026-05-STEP3
484,94d7abf2c81f1af3cededa61,2026-05-29T16:32:00Z,REQ-000484,05c87980613cb5db42b892f9,STATE_02_DIST_04_PS_03,bbe429bf8ae90c1182e92d2e,escalate,ESCALATE_PRIVACY_SENSITIVE_RECORD,P-2026-05-STEP2-ORACLE,64c8f0d2203ec0b430afa43b82c9b046cfb1f5db1be7224aa6cf0a68643fe12d,726cdab5027fa0942ceb15f7fd885787cee911e7bf3ff2dfd991f43865ea49cb,acdac4ca6977bbe0581f98588e02c988a4734ef1a57baf35dc1fdd0c5e7a8374,479e3eb0f00b3a1c6d52e69d41acb752f6a9dff5550cd65e4708c2dda3d2bdcc,0acad92b162ad27defc966fb790b806c829406be173aed06ebc3e5fdc223a776,b78a9b66e185fbd023b5e83578d01356250e4435d22773ea81f38cb203b095db,fcf89fd9a4fdeb343e3023f1ebe5c0bb8f4643ba2ddc33a92da9eec66a472685,33b8cd7536753c12496462c0b25de4d6969a4d0a4393a9071f36e8c396e6c6bc,HMAC-SHA256-DEMO,AUDIT-2026-05-STEP3
485,b65ca5fe2ac11ccbf2c92eb6,2026-05-30T08:50:00Z,REQ-000485,a4932d929933c3c8b03681a3,STATE_01_DIST_01_PS_01,68520c08a4184e2a8bbcc4c1,deny,DENY_STALE_CASE_ASSIGNMENT,P-2026-05-STEP2-ORACLE,06a9791c49f49faba8af29713435ff16ac243fe8cb7229e896cfbddb32de789f,59a9894ad6b15d578f3ba01526544c6aa37c8d3fdb5d9a821ab0f2796858d41c,da5f655edf36c449330e929658c81e4103288eefc2bb7a742a358c592f028964,0b74568b885c3b2cc721707ce2154a89f785128f562ae07032b9319bb043b10b,f555bba37d716f8a45f780c205630108975e6f3b9becbcbb17b07c97ecc89f0e,fcf89fd9a4fdeb343e3023f1ebe5c0bb8f4643ba2ddc33a92da9eec66a472685,fe311dfbf06a722c15f25e03c0a2109220c8c7906cae80ba20fa632d15139996,3c9dcda247b3ac22f3c814f03dc276337598237419a96f872f3899b50ef7c1a0,HMAC-SHA256-DEMO,AUDIT-2026-05-STEP3
486,7181b9bd408325c3242c9304,2026-05-29T08:42:00Z,REQ-000486,0c324b29f9a967adb599bde0,STATE_03_DIST_04_PS_02,ec013d89dbc3d07ad6443ccb,deny,DENY_STALE_CASE_ASSIGNMENT,P-2026-05-STEP2-ORACLE,d642e860f6963ba5e4dc90ba9aec3bb5eded580ebdb8dc9a743f4f9f1fb0f07d,9ea421d10f8df582ddee1e9ac64822dfb25cb05cd32a0740e601fde99383bb55,411c3d1a514d1b8a846bed16a0583cd7f55135d2da551242dbe4eaa739bbd903,5db03010742f0882ba43bb902017c7912e56a59d322899980233664ade8b2acd,a905dee7a957366bda95cd4bd2474598b5df0b6cf4168a35543eee81cad130e9,fe311dfbf06a722c15f25e03c0a2109220c8c7906cae80ba20fa632d15139996,894554af5d9a2d20831600f771f61df549f8c0cacb660664907c6225432eeac0,6d39065ae3eb6f7c7088a6eabe729c3e13050e924ea3688d53ea5e148631c965,HMAC-SHA256-DEMO,AUDIT-2026-05-STEP3
487,c5e93be75442a762a34aab73,2026-05-28T00:21:00Z,REQ-000487,5f299dc3f248e4c74232aab4,STATE_03_DIST_03_PS_01,349bcb479fce8a34c6e4b574,deny,DENY_APPROVAL_ACTION_WITHOUT_SUPERVISOR_RANK,P-2026-05-STEP2-ORACLE,f3bc489e8ef2ec1c08107ab59d614cc4bb7356e2e8d9e19cf8a3c8219d6facb8,9603e989cfdb20e97cbcebae7197e3c1a6af4dbb1bc0d2f7447044ece6701e8f,00f1b7b70ce33d16c0d77e38fef9de1ddd0f0e43f59552ab725f2bab427c0454,8ad3358662060ad2542984b224cac74782cf834dfc97e2505d9c45f0514bc061,5d7aef2d42d532ecaf560200fada0c8ab51f3b1931b8a67e1d4ef33fc06f45d1,894554af5d9a2d20831600f771f61df549f8c0cacb660664907c6225432eeac0,21b4155796c56a178fb3ec5cb3294ee7415c58ab33f7dd6ae6b3f96f6f3377db,4ff2af7e75642fdabb32980734b1c33c63a7b93004f955a29289c128640901e1,HMAC-SHA256-DEMO,AUDIT-2026-05-STEP3
488,e5f3c43fbcc98bd4a52e3be4,2026-06-01T18:16:00Z,REQ-000488,cdb37082bd33066e73ce6a23,STATE_02_DIST_01_PS_02,19ed51c598418f3a839728dc,escalate,ESCALATE_EMERGENCY_REVIEW_REQUIRED,P-2026-05-STEP2-ORACLE,91e4c43bdd7b01f7820d3458312ba532992c1dc4b53610c4002ed84bb9e372f3,63db10c1877ca11689bce7992b6cfd1083938c78e768e3bf0829de4575f6fc47,de95556722ad6943e1e40798267c3cdf6699eb595f907dd342fde07bc8766b0b,8ea3aeabdadeeb77f6fab787b814b458a4c7a09e6164871c33b23126eb651ed3,be3c7181cc8cb3150a2e01325e42ce0365f211f742debcd0e5593b843ca4d94a,21b4155796c56a178fb3ec5cb3294ee7415c58ab33f7dd6ae6b3f96f6f3377db,a974aac1829c9a81fdc7ca5809598f30649a52b683fb529031dc814b33eac2c1,69535ceeea751ffbb97f079cf37ed8653a09a2897bd85f45f1d3f3de924a6832,HMAC-SHA256-DEMO,AUDIT-2026-05-STEP3
489,0598eef13dd2ee312f1b5d7f,2026-05-30T09:30:00Z,REQ-000489,3d428018fa91d9e32fcf8296,STATE_03_DIST_03_PS_03,19a7c92363fbe8fe785c9ff8,escalate,ESCALATE_PRIVACY_SENSITIVE_RECORD,P-2026-05-STEP2-ORACLE,84a2a695df8f28a0b9b8fb5a8e3f8b7a295e2b2ec85bc0b9303c6ce30ca59611,81e4f9fe4ac8aef73e092bc284aff1bc8b2e42323f1f45de2324ffc520ffc266,65dad4a318d2b39138e57b6753a31f900089e500c14d0295aa21c1a9356e581f,b5479b39c2ec5415db31bd86cabdce22f768f5e8b2062b6396ca2ed14aabc355,27c78f3b11626d95c1c7486f95bd30a84e3ac72e9b35442445c2e4ccbece9bb7,a974aac1829c9a81fdc7ca5809598f30649a52b683fb529031dc814b33eac2c1,f28cbcf4d46da35dbceb91f9140fefeb511a1c9757ee72ebbe796dda1e7330f6,a7acbcec1c758ad4073e5cfc560ff09f7e9db4a357f02b6331f7e80390876050,HMAC-SHA256-DEMO,AUDIT-2026-05-STEP3
490,ff3cf85685541a53d4817f7e,2026-06-01T10:40:00Z,REQ-000490,61fb1f33fe73b6361966f242,STATE_02_DIST_02_PS_01,742c0a071ca55694989e712c,deny,DENY_STALE_CASE_ASSIGNMENT,P-2026-05-STEP2-ORACLE,61380a4985ea7913858996759b8748e40159ee0e7790599e342bd52cd40b596d,020e11e90ec398c411e03cf24068af9d854a631df2c7450ad79b92a6df37ad66,e6755ddda4b05b366b778b0995bd5f65b61d90c4b7282e248e23813e6b721a88,a46ddf6c11bd40c0ca31756af9748eada65a6635502de10f6dddbc404f1f69b1,f02b9b1ea82aba1c7646b45c8fedf8410baa440f8eba441244545b5bd9a6c26a,f28cbcf4d46da35dbceb91f9140fefeb511a1c9757ee72ebbe796dda1e7330f6,4c5d32c632e6ac727ccc5606792a73acb36e5e2b9c738101f9aaff09feb483d0,756c79848278f4d98832a6b95044ab7dd648325d6dcc00f6b7ee44d7bbb3d5fe,HMAC-SHA256-DEMO,AUDIT-2026-05-STEP3
491,77888b1100cea37381b65e67,2026-05-28T08:44:00Z,REQ-000491,80474f2be101fe342f3d27b8,STATE_03_DIST_03_PS_01,9322ab1e6956dec6b780efa5,escalate,ESCALATE_PRIVACY_SENSITIVE_RECORD,P-2026-05-STEP2-ORACLE,28b9acc468e322b5b5d0c69fe7ce23144b7f920d256b35b3bb4f41100e365fbb,1121d6347498ad92f10b4faeaac4f50b16de34948375ac9130257a1e97da4572,260ea75011c151011d4f1794852637ecca5d9c387c6faf2adf0ed41bbeaa1f0a,2d716ff37cb4b8c56d1b463ac476354d3353731c9aa5672b390e75245b6914ac,70da151d57a88c0b83663e4516089fecdd62eda421181e406c59706a8039113f,4c5d32c632e6ac727ccc5606792a73acb36e5e2b9c738101f9aaff09feb483d0,e8bc92c52c4706840f87b73bbb73838111eafd0cd4780be16076e0b2d7fbb01b,e28ea20ae36aecaeca25bdd75c690cce5a91f0b1a51960e1bbd027b5a65a95e9,HMAC-SHA256-DEMO,AUDIT-2026-05-STEP3
492,7d30dda02ea769b29ae27822,2026-05-28T17:00:00Z,REQ-000492,59295c95c257a05519b6f91d,STATE_01_DIST_02_PS_01,7ab9fa00902faedfec4f6eaa,escalate,ESCALATE_SEALED_RECORD_REVIEW_REQUIRED,P-2026-05-STEP2-ORACLE,48ef768891ac2ecc314bf5f1e3202b777cc8e6acca3a6cc040b80c8bf91fcd99,f0da2a4fb1565970a5fdc62560f895da1cf8e177054f4f3f8a226a5386f7ea8f,c9efc1860d0acd04f40d4c97bb065cc871126523e259ddf4fd86a3817fde4100,53d6d28e061aac5cfa8bbccebc15fd28c21f2f2b142087d0f39450b8378544d1,e578d53f0161e600eb7906621b8ae30eac98c2c4fe1a746ca1477ef2ea29e0f1,e8bc92c52c4706840f87b73bbb73838111eafd0cd4780be16076e0b2d7fbb01b,bb26483d179eb7076f14be3a3e2171fd94d887e643b4b1655660a278a866597e,efe1110834d81d5e564acf5e60d96bf3bf5afb75f921cb497fd3c450e3d23798,HMAC-SHA256-DEMO,AUDIT-2026-05-STEP3
493,3ce6795b244e9dc7b269cfcd,2026-06-01T19:41:00Z,REQ-000493,a07f98edb4eac55d9fa73ffe,STATE_02_DIST_04_PS_01,c6a572862caa5832f9d55a39,escalate,ESCALATE_PRIVACY_SENSITIVE_RECORD,P-2026-05-STEP2-ORACLE,91cbb2e8b6a9a9d38f2275876d87b7a78e84a1d1575b766906c472de9003356e,2c5d33ff806baf304992146819bb292d99ae5459a13783be13fdc9dcb1b8d079,34b5da80e0e575861480cd378167d7ca9a84dadced7fe4c9f94220cb39770719,4f40ed5f220c94fa3b0790fe0a9b4ad3e61cf87912c10dc2e719fcdf55a78ed5,644598c2dc9f25d85bc373ead9fe381da1addae139130311653ce6c72fb038fa,bb26483d179eb7076f14be3a3e2171fd94d887e643b4b1655660a278a866597e,b1617dc74b22ca63aa02250726deed6b37f3e0e560b282eaf4c56e6605c2dc71,e97e2370d44598b0f9bc15a7e2a252aa22f4bde4b53026011ab24aea4ca3684f,HMAC-SHA256-DEMO,AUDIT-2026-05-STEP3
494,d0572ef63986a1877e31d90d,2026-05-31T02:48:00Z,REQ-000494,5e223aae914ba42e97c387c1,STATE_03_DIST_04_PS_02,db6a2cf39ae4810f63b6b02e,deny,DENY_EXPIRED_APPROVAL_TOKEN,P-2026-05-STEP2-ORACLE,58ef00877255a2cd1f9e7564b4389695cbcc522d1fe9e89722ca5b3d584a16a3,91bd3c76c1e3be01077e9b09a7622e90dd5a358a316d7d4ecbf846bd38d39fb9,d2263b92f87e5e509896ea32a4fdec6342530b7210dce5c0768cf991e1864ab8,6dc97ce05b7109db8bb98fe315041594d4dffb486ec670718e97bced3bbad075,803df2d001409448a1e7b6bc72bb56e5a1010add451847798db4a2d6f13b2c13,b1617dc74b22ca63aa02250726deed6b37f3e0e560b282eaf4c56e6605c2dc71,b91c92b195fd237119f4e1a3c65ba4c41f16db2dab87d22ca9eaa781cfa4c469,1412e9a3e152b96bb46ecbb9d154388f7d19baa2cb6fea29917160bd9b553fce,HMAC-SHA256-DEMO,AUDIT-2026-05-STEP3
495,dab0ed3bcbceec0f270a3e4f,2026-05-31T11:15:00Z,REQ-000495,b6791729f7de52114f8f5aba,STATE_03_DIST_01_PS_01,6a40e28a9342f16dc5165083,escalate,ESCALATE_PRIVACY_SENSITIVE_RECORD,P-2026-05-STEP2-ORACLE,98800fbbfc2750d4cba52db57ba6a8c91c2bd8de625a1429cd4f190a52715753,d4a4293ce109d9108450777e6a4dc5d654bc35ce0bdd23ba3c8be0d376977276,239ff097e03772e6af4edb065551f0a1758b7101422614a3b4d01045cea491d2,965ebb551d300624a50f276b7bd97424bfbb6e852a8d903122d27e8608cdaef5,3af110bbc4ea12fea9c0872adbba22665ef087798046c128cd85339b201a6797,b91c92b195fd237119f4e1a3c65ba4c41f16db2dab87d22ca9eaa781cfa4c469,6e83c29b6e5d1fc9f8c244b5d7ce4b85e89ad316e83c522891f0a2016bc75da6,9ae6d655c7d8b16b717604db7865714ac8c5083282bc305905edeed75e885aca,HMAC-SHA256-DEMO,AUDIT-2026-05-STEP3
496,d2ea001071db0e59fd2b2bd3,2026-05-28T17:20:00Z,REQ-000496,e432fb8e9e7dd060765bcd20,STATE_02_DIST_01_PS_02,3fa5524fcb236c672926f273,escalate,ESCALATE_CROSS_JURISDICTION_SENSITIVE_RECORD,P-2026-05-STEP2-ORACLE,230405bb500210c4d783da3459067d68b1930f58ef68aeb92411e9966df31e1a,917a275193361f950fd956e0493644551160261f2e9c17d3835acd2bc3a311f9,19f01652f87b3372f85a4aec10d3e747df19014197806fc07851241789761f15,ba9605e8864c9d84f8e0a379217802d826879e3692e21c6e6549c040d0289698,b811db20dbc13dd6fd509c539a24b4c4aa178be4a0d9eb83959dccab8ecf254d,6e83c29b6e5d1fc9f8c244b5d7ce4b85e89ad316e83c522891f0a2016bc75da6,f3c3378c226214740ad2594ed8bc058d42af94ce0017346d0a1dc3001463d194,c681f828ca75f0e88256514daae4225ff58bfcd1cc0448b670ac60a2765184d3,HMAC-SHA256-DEMO,AUDIT-2026-05-STEP3
497,6248a4e5d6a8c2ca30a6e095,2026-05-27T16:34:00Z,REQ-000497,030fbe8b71b501096276a8ab,STATE_03_DIST_03_PS_03,7afceb4a34e1bbb7c6eb147f,allow,ALLOW_ROUTINE_CONTEXTUAL_ACCESS,P-2026-05-STEP2-ORACLE,304345f95edd2819cb333884ae882096a95a905d03ce85b9fa61513d692e201a,251c66aa6e6c576a75fb4e81c2aaa2bf3b9a5bfeb1f44739e8c81f43d120cd81,47f73018a6bc7cd427c767140a305329acff2d7e7bf6fa1c09f32608ddb6205f,feef7d3aad489401fbf7121912288af77eb2f65399f60a9a5f3c940b51d17d4a,9422e855b1ad768ccff502e4339c871d8cb41b05061bc9f91890f65ab7b967b3,f3c3378c226214740ad2594ed8bc058d42af94ce0017346d0a1dc3001463d194,8d2473b5b97dcc84c505bca9f4fd6abc0fd11a0879f74d234442adf1ae39cf05,8b3eab1f6184c697ee8771d3facfcaa2e1ea0007be7de9f2d1036eff6690d5e3,HMAC-SHA256-DEMO,AUDIT-2026-05-STEP3
498,dcca8b8c5ef7313933c5b793,2026-05-28T17:30:00Z,REQ-000498,3d55943653d0579351b1bb1c,STATE_03_DIST_03_PS_01,c3ad82ff84dfe0275c582cf5,deny,DENY_SEALED_RECORD_WITHOUT_COURT_CONTEXT,P-2026-05-STEP2-ORACLE,ea0978771dcca0cddfd253f982e182dd471a6e48847c31524decd9c54c8e25c5,b6477823bc73ef3daef77e9e021c54ab5b678cdc782a2b96b47aad028056e853,448264a024621737ef9394e6f94b80ef1af72ecd2f3ab16b5a1d188e1b4d3462,87008771262c29624df0272ed00d45eaf66ca708019603ca59110773bd4fe846,b1d9fae633ba37d2cac88936adf601f2ae039cb88c4362ff78279b9fcd8adc65,8d2473b5b97dcc84c505bca9f4fd6abc0fd11a0879f74d234442adf1ae39cf05,67f676ba12ca881c727b8434a7461a9c91da0f73ee8ee5c59119cd3c15984849,f29eeb34fc37bd4b65efb4978c44b681320d178e0674378e21e16da1f894de67,HMAC-SHA256-DEMO,AUDIT-2026-05-STEP3
499,fbb3b7a467583ce9636690d1,2026-05-29T01:54:00Z,REQ-000499,bacbc9ea0ca5c88caca1fb35,STATE_03_DIST_01_PS_01,48cf890fe5e2b35e37ba9f33,escalate,ESCALATE_PRIVACY_SENSITIVE_RECORD,P-2026-05-STEP2-ORACLE,aef1c9a9b6539588840178147cf103a5ee7dbb65c682a50ac6b8740bf9814188,9ffb07096b66e31dc45a6d9238ba8d02c566bdf83802ae891d5029e791bd1df7,952ce72def4475636b84e87cd8cbf555caaff0ceaae988115a0f665969eda614,5abaede803e5b8ecd82d5b753aa95bdb0ff3a64daec50e249c6a317829f4f9be,a4b06abce589f245e2cdec48d219e29de738c243d5a3675c51a35cbe1682545e,67f676ba12ca881c727b8434a7461a9c91da0f73ee8ee5c59119cd3c15984849,55c39165f7e2f6fb146bb8e343f9f9c7da262fe22f2b336201020f1b12270870,d4c44e588f321a18b781605f17644acb8cba6e04daaaa21ce7f718c7e7ed77ff,HMAC-SHA256-DEMO,AUDIT-2026-05-STEP3
500,238eaeb4b24e03bf71721b81,2026-05-30T19:40:00Z,REQ-000500,b4afcf069d55876dc928c9fe,STATE_03_DIST_02_PS_03,c36ad04b5ef75b66d4db8068,escalate,ESCALATE_EMERGENCY_REVIEW_REQUIRED,P-2026-05-STEP2-ORACLE,9d088abf1ce4b11053fc33ab7cfa8d9806716c31dd407f9047f508cab105a626,8c24089b97dc2b348033dc14c092e24104d027d4d3ab4585e3848dec6ea25692,b49bc67e05dc1f59cf70c0129f00df4597860919f8337426795d223524d09134,56dc9535b8057e97777402869606616a9300c508c5cf4d7c5b5766908353154a,004ed39ca5a67d44de2a508cdb701cff4cc1afd13d929a73aa67ee7efae5b075,55c39165f7e2f6fb146bb8e343f9f9c7da262fe22f2b336201020f1b12270870,96778396e023611277d28be82e375b3a44f67eac0872a272ae58012e9e89c56a,de187509e5b72dc046b678a35e4247f61e98d914c9a70e2214e0f0c99fe7ac58,HMAC-SHA256-DEMO,AUDIT-2026-05-STEP3
501,8c141fbf06eb48b0b0a2ed7c,2026-06-01T13:36:00Z,REQ-000501,a1e23926bdb89d718dc0ff23,STATE_01_DIST_01_PS_03,121319e5c742c9826335312f,escalate,ESCALATE_PRIVACY_SENSITIVE_RECORD,P-2026-05-STEP2-ORACLE,dff8e5d8a174efe1d9fe48656ee2b1bb8bbcf93684d241e50e4608756bdb9625,ab4fb19d9ed8b710a3812ef546108f72406215de4dd47715124da77a8463e1dc,4c69d6dd66de5230cea103a7c0ab1c6925f1488f13c3357f4c09d236d507907b,ae265f3f550524ad1c2f9455a2db2856decccc6fcd3a072aeeb22eb68f28700c,1302ddc64f48a35d8d59dd08c8bddb3ee5eb3655c9af7a4bdd8224067dc86452,96778396e023611277d28be82e375b3a44f67eac0872a272ae58012e9e89c56a,8349a335187a4488ac24de407a7906bf10a771bc48aaf7ac21b416f8a16799c7,7f108603330c24dc78abb2396fe8edd07877686c6166b46fc376c1445be3b870,HMAC-SHA256-DEMO,AUDIT-2026-05-STEP3
502,398269a55587922e3cdfa2fa,2026-05-30T20:02:00Z,REQ-000502,1abb810c99dd60558b095f4d,STATE_02_DIST_02_PS_03,c51983dca46d517bbf8c1eec,deny,DENY_STALE_CASE_ASSIGNMENT,P-2026-05-STEP2-ORACLE,f4425e357ab83355d3f18f6d4a0bc1205fbad8ea6403a43e62f4de3b53623153,5287ddb198916b78532cfa14939d797a5edd39d6228aeb6f62ffbaed765a197a,61f66850440672c667737840666ac296ea7300d5062e0a1ea479d350a1344018,914f23bbf23c7d85faa2bd7c9e5002f6351e08e07119dbaffc4aca963a055ebf,889b6fe60b63ef97cffae8e4e4d662daa2f02c5b0748d8a9073b770b9f2c57c7,8349a335187a4488ac24de407a7906bf10a771bc48aaf7ac21b416f8a16799c7,9a2213f469b9cdd95a6ec82c8a0a451ee448264bf54799040472422afc2c64ef,612a2edf65c7a07a154c71133db8d811ae271b5efc3fcf45d63eadff41c79123,HMAC-SHA256-DEMO,AUDIT-2026-05-STEP3
503,7799083540ca5cb8c5175d1b,2026-05-30T03:27:00Z,REQ-000503,81f27590363500d418d0fc7b,STATE_02_DIST_04_PS_02,a0a8de077091113ec63f9414,allow,ALLOW_ROUTINE_CONTEXTUAL_ACCESS,P-2026-05-STEP2-ORACLE,717b40462b1b8ba43d69eb095779c46099f03549935f6b2929d5b76ad6178a33,50e340b80fc1dc0d683ace58461955b6951e6f816481cde2b78753bd9d379fc4,6f20a493f3562671bb3b7f31ba5259342ca8d5193f83b3bf3b00d4e90ad9ab86,74e089fd49ed7591f24e47bbaf5b7c2171463236cd785835c94124f069fe17d8,bed142a0a9267e7d15927193544be870eb99b8076e0d39a2201032035ca5816e,9a2213f469b9cdd95a6ec82c8a0a451ee448264bf54799040472422afc2c64ef,bc664086bf9379374d50acb633c68cff3075ebec1417060184f7c4aeda28d61a,d2e3e4a1efdda0323894443f786a6b39a29c2640b11dc8935517264d004db676,HMAC-SHA256-DEMO,AUDIT-2026-05-STEP3
504,5b4779898d698a00cc99e57a,2026-05-29T19:12:00Z,REQ-000504,12eb6ff70063628bed70540f,STATE_02_DIST_02_PS_03,04edc1d43e8b573e63bbb971,escalate,ESCALATE_NODE_STATUS_DEGRADED,P-2026-05-STEP2-ORACLE,e84307cbbf397f2ec4f9dd3de1dc9b592412502ccf710fa2b572b3bdc6839489,c4e2da9ab7349a67b0f218aa4581e94728d31ac5dababef6b85bb9c49ffacfd4,036f79176024415e1ac09ffb5d65809c563d5b33df51335cb8723b0f0e45ef61,b2d7d31f11396a9fa87c0ed46a4737c351cd0008797e8a38c557438d98fc2fad,a73b5363fd34a9a5ca9b93f6b85aeb17a5fe8fd643c49ec7c707e91802006b51,bc664086bf9379374d50acb633c68cff3075ebec1417060184f7c4aeda28d61a,fe0295173be572f63d2f7c8ee91466687f444d5e2e28be5561276c9b8b6f24f0,df86fbfa11d8ceff3668c43202dd32263f8da45e54ea421f908739e7c0a171e1,HMAC-SHA256-DEMO,AUDIT-2026-05-STEP3
505,012e060e2e9923066edc0f62,2026-06-01T23:05:00Z,REQ-000505,782ce33054ac702eb25bdce6,STATE_03_DIST_01_PS_03,097a777f9c4bd6dbc56eef69,deny,DENY_SEALED_RECORD_WITHOUT_COURT_CONTEXT,P-2026-05-STEP2-ORACLE,24039d558e8a37e182fc59fbe3b4e388800f253e64954db92bf89fff3133c40a,712165fe66af9f3daec98294959a50f2bea56c9082fb03075de03037708f00d1,c4b7e8f2c75c05cab6a0fdfc2c89e22007f6a3d9e5ebb0314275494dc0005d45,eb53adf0d86d609845065efd03f4746e09ce6189fe9c0922ecbe4ea518121a0e,fe3064147b0ac16ef7aa98b78ae6d871f94af669ea714e74bad5d26b49f86054,fe0295173be572f63d2f7c8ee91466687f444d5e2e28be5561276c9b8b6f24f0,123a369c31efe9ab5eae788536821f7277c5141bf5e629ff2d0d97ac13f2242d,5df976d21b1d7ffda6027e9b3ec08cd252b0690f3c7238ca05b7db1a2cc1f3f0,HMAC-SHA256-DEMO,AUDIT-2026-05-STEP3
506,c0384ed98da1de4bfdd3e0e7,2026-05-30T20:46:00Z,REQ-000506,0c912fab59a9f46b26c259dd,STATE_03_DIST_03_PS_02,a638e70808e21ac763018336,deny,DENY_TRAINING_PURPOSE_FOR_SENSITIVE_RECORD,P-2026-05-STEP2-ORACLE,a003d6bc3ec1e6111ba380a253d179b212b1118f00b6c0a075edc7e68da54a60,5996a2514b0fa82fb10637b126e5f176260a38d904d1bc051e8d573d3dd690ce,f0e89dad6c85e08757a2628e262df0f6f3aac311dd5d63944c1ed95ecd2eff0f,e896394a41a8b4cf24c99fd96263d6269a1b8decc241935eb8fcdb0b84bf7773,acb1be81e42b54c0f25ee7bca2f5b673866ac0cc5f8174b108035bd0919d2add,123a369c31efe9ab5eae788536821f7277c5141bf5e629ff2d0d97ac13f2242d,304d40cc024ef52ce71e80e7172fb85228f43d9937595b4e5a15be2136e16701,622a92e2714e9275335956d01ba98857abfbfcbc562a3477f3b04002443a3044,HMAC-SHA256-DEMO,AUDIT-2026-05-STEP3
507,1641a1a8b7fd1027ded46d28,2026-05-28T01:21:00Z,REQ-000507,3a0f3bfd087110a0cbe914c5,STATE_01_DIST_04_PS_01,65d9efe8345b7c1563e6df73,escalate,ESCALATE_CROSS_JURISDICTION_SENSITIVE_RECORD,P-2026-05-STEP2-ORACLE,ee895bdb45eec8dca78e655abcc7b430512686f75506590e759dd439a0eb6c9f,9b2b038a1808a4ed8fcfe89affd1fa526a08f5aa28b1931db848239e91aff0e1,5c0e584dd4637edef604dfae01761f6d295b10c760f89e4eacdaddd10439a4a8,6b8f1289842fe978916dd4cfbde664529923de2b59db8d01b84ca4e9cebe0f2e,05606c9d6ac7716a7a64ec057d89dce106346546d65a8933634e8236a30121e7,304d40cc024ef52ce71e80e7172fb85228f43d9937595b4e5a15be2136e16701,0d2850de4a72ad9e8809a7f206ac27eaaef603ef5e659e492d92278aa8f7b899,04e60c36b7414db90d876c94db0f9ae4d52fe4c9c222e9279b840ee011616fe3,HMAC-SHA256-DEMO,AUDIT-2026-05-STEP3
508,8b017ee8f979906d31f59823,2026-06-01T15:28:00Z,REQ-000508,c5c5b540de8f1dde6964dc89,STATE_03_DIST_01_PS_03,7d6809442b1af0c7365e116d,deny,DENY_STALE_CASE_ASSIGNMENT,P-2026-05-STEP2-ORACLE,b6bbe0b4451fdf4d46179ba73670037543beabd463e516bb2bb3af5d86a4d725,45ce6ca96b10c62c7ba7de9d4e82df0a44b0e5623f62a3b6aba1f10805d4b4c7,bf16954092f62e0fa99cce7e17d1fc9220355d7e4222b63117d23eef033a0a83,8920234d4f4ee146a76e2e1eefe527de0b57db484afb80a4315dab158379c8cf,e7d2ece9e6a5591e80460321bf0bd8c12a3ce054b14c89690286a6a69ddf7539,0d2850de4a72ad9e8809a7f206ac27eaaef603ef5e659e492d92278aa8f7b899,4ba40285c6fff8adcc8dee15e11bb0fe780bc49259df026fa93b212e00cb0a94,e711949b18211d776fe56b576dc108879a0c293d359c4806ea0fd8f06d5ba6b6,HMAC-SHA256-DEMO,AUDIT-2026-05-STEP3
509,a7743f81c0aae94c5b6d9fd2,2026-06-01T15:44:00Z,REQ-000509,e35de54e8ce29e22aa4fb84d,STATE_01_DIST_02_PS_01,82c782797dfec3a3d7607e70,escalate,ESCALATE_PRIVACY_SENSITIVE_RECORD,P-2026-05-STEP2-ORACLE,1ff1962f8c367b16a401fa6fb0bc51cb737e65929c7a477bd9e5d58ca5d254da,6c7cbdacc4b174b7a6ed5017d394f6ff9986b68da9a00a14bc94faf1aa304cc9,9e554afc3a05038489b77653e459a1c41da10255a14744deb020134427162464,ebab6076d0075e50185caca1210e1f91e847cdd6e6787101dc347ede81c933a3,c211ca6a5d8df6c187d11591a86bb88539e8c347c4d37a1d22439be735710aa3,4ba40285c6fff8adcc8dee15e11bb0fe780bc49259df026fa93b212e00cb0a94,abf206df4153312c50a1ba0a028eb15f607e8ff9ae71bfc7706ca2917ece7d4e,1927635b22147744067dcd183c7c004b516fcaa01589fb7038199ee6060084e0,HMAC-SHA256-DEMO,AUDIT-2026-05-STEP3
510,6fa081100e8056b56c42b851,2026-05-31T14:30:00Z,REQ-000510,05c3cda35f4947118d9b39ea,STATE_02_DIST_02_PS_02,f00953fe3c0b73fa1844aab5,deny,DENY_STALE_CASE_ASSIGNMENT,P-2026-05-STEP2-ORACLE,cbfa4e8890e9aa0adffb4c38413a7f422a4a91ecf2a7f60556cb83875ec90955,8068b3e099d4887d74519e8cdf7ba62a7883f70bcde6d17cb2ce506fcc56f4b2,a70d7197f6ea04a9bdd526263bfd9616547ba5e53c754c1f1fdf87dc9125d15f,c21865a1f288312e86f4e7b4a79f14ed841eecf5d6c6bb3a22a0c8f4fb4a3d9a,e81d364d385561ea0c7ad31337dd1e11e224116e4bb6ffa81522a00fb954cf6e,abf206df4153312c50a1ba0a028eb15f607e8ff9ae71bfc7706ca2917ece7d4e,4375b9061432b0f18fcd2524ce0c283cb449442586cee0140859e61f4315596d,d12b5dc1c5a3a68328b3ff1dcba649bc8311a146c6965b63b4501ef3380a0d27,HMAC-SHA256-DEMO,AUDIT-2026-05-STEP3
511,a88df66545bd691535a4d8da,2026-06-02T00:47:00Z,REQ-000511,f1533940112c34367e3740e3,STATE_03_DIST_02_PS_01,9da541f8b8af7d40230d7193,deny,DENY_CLASSIFIED_SHARE_WITHOUT_VALID_APPROVAL,P-2026-05-STEP2-ORACLE,ee7bc353b424de096c375383bf876516db66c0abb12fd10f8b7c1394f80b7a0f,814789fc56222277a7140ecce8093f88b24c95604c6522aabce1217b127a7694,e4fa9127efb2bde36d7d1f7e652d1a11236b7dd9f630df465ccc1dc610b5506d,0f1d7cca2b13565a151072737d76d11e399adbeb7787b348cfc1369c3378bfcd,68f6f54996817895916283b564efa6839f09eb90aa3178e6563e0b08e3743db7,4375b9061432b0f18fcd2524ce0c283cb449442586cee0140859e61f4315596d,915ed42c3bf9e5bcd6c1c7c4a10e3dfccfe5b85844bd8b56f8fac95b954dd58a,9a28c37c711d4804e6aaf398d66c490f2a1b10b8b87c5ecb03dbc77adc7a3a3a,HMAC-SHA256-DEMO,AUDIT-2026-05-STEP3
512,7fab7ec4455659bdd8030585,2026-05-28T18:40:00Z,REQ-000512,d60f48d22e03c3316a18fa6d,STATE_01_DIST_02_PS_02,fdb7034b483c7023be0c105f,deny,DENY_SEALED_RECORD_WITHOUT_COURT_CONTEXT,P-2026-05-STEP2-ORACLE,cdb7d122307ce2beb087ea352160062099b6a6fb433b0a6534ccaa7d419ae538,a4c0f25ad07e641790d38f0709b8e1d6804b80eeb38e9ff19390abfa98d2dc35,e25d1f151704bae061cd90648bd8c3a7a97b99defe10bcb8c75a19c00f166184,750189e61c5d429f894dfbc7f46743cc95ab7a9a0f7b8295668ae57236f9342a,4dd22fa6c5c27fe237a2c9a4555ec1e3ae75e92d46d1c5a2ef20e5370dcc4fce,915ed42c3bf9e5bcd6c1c7c4a10e3dfccfe5b85844bd8b56f8fac95b954dd58a,845bfe76b4792530675ec46a63f131f291f87ef5e52f3a6061caf39f0d8b6f46,61f39e50c98620e8fb4948dfc2c0ab01ca5bae205587fa9de4605ffa6af1d2f2,HMAC-SHA256-DEMO,AUDIT-2026-05-STEP3
513,c94d9210f7ebdc3fe1d09aec,2026-06-01T08:15:00Z,REQ-000513,86b6682cd665b74e9695ec29,STATE_01_DIST_01_PS_02,c289388229db506c0792742b,deny,DENY_STALE_CASE_ASSIGNMENT,P-2026-05-STEP2-ORACLE,6134f25a9dcbc882a083ad19afb9c992ac2ceb3b8c0a2a2f9c0239653c82d798,081689c5f3a23a3fe5170e20820084cdc731d6db25a0e7db9f8cd544591c9ad9,49ac760a8f4b8976134584ce1738d734e7a88d012e713f378925a1e2cc70f16d,1f312895fc266084b0200fade6c7d77dba404dc4bd4cafabaa9c76d666a98bf5,847b1096428a581aa997cebcfefcc6b1f3469fbb17fe578f398c87de2e8082f2,845bfe76b4792530675ec46a63f131f291f87ef5e52f3a6061caf39f0d8b6f46,eb0e7e2a8213fef38a9362af3aeca7ec38f8a172e64cbba620036603dc0e0e15,1105084f4ba85c3c898915fc2db0ec3a6e581fc239c5a6860a78c6002763770a,HMAC-SHA256-DEMO,AUDIT-2026-05-STEP3
514,1a6a1a664a5eb7d63392a854,2026-05-31T15:22:00Z,REQ-000514,4be2947fa44b5e03c9285de0,STATE_02_DIST_03_PS_02,239e7251c7efe936aa3f69a3,allow,ALLOW_ROUTINE_CONTEXTUAL_ACCESS,P-2026-05-STEP2-ORACLE,58d64c27f865697ee9080756b3ac6b0f77525014fc3cf6b516984e3c3999608b,49c6379d741fa0342e63d5b82f862f2a6bf31e2f65500680e936273b9547ad74,519dce75ef9ec91726c9ac697f20843b1b1f3978f1bbaf4526fafa7ad33a7bb9,d3532172d312984ecea931aa4e1f1d79e94330cc877429a281e195548f39618f,5bb65cd2666dba060e869066a320721892376e181a510adf258ee70b5152a744,eb0e7e2a8213fef38a9362af3aeca7ec38f8a172e64cbba620036603dc0e0e15,7b9c43ad2f0872533475a01018a73be98a8fbe5be3cb714bf4383ff5933bb49f,dc77307d01c48e71b98eb14fa7e19ba8aa6b1c343245416e0237767f60a2a15a,HMAC-SHA256-DEMO,AUDIT-2026-05-STEP3
515,a4996e436e8e99bcd0c71847,2026-05-31T07:00:00Z,REQ-000515,614c14e8c660d73ace97d265,STATE_01_DIST_01_PS_03,9f6ce3dfb42b871dbeea3ce4,escalate,ESCALATE_CROSS_JURISDICTION_SENSITIVE_RECORD,P-2026-05-STEP2-ORACLE,9775ac0aba0aaaea7e392eae65bdf5f01bf02251d4b6d3beaf83c801961fe0ec,e250b1f58a490dc4e0fe2d6b9ac6afbd9e76f1b81fae23f60c823c591687d684,05cf542a5c4833036f9ec8f59bc33f0fc257d391dbbbdb6ca654a5f3873c84bc,f96e3d3353e012b39fdcfcee1b947d14da026b63709ec6e2123a6a82af853cde,aa80176f1b160a3affd021b0393911a8b1c77f67262da2f10a695f8fa894cafe,7b9c43ad2f0872533475a01018a73be98a8fbe5be3cb714bf4383ff5933bb49f,300b5285011b847040e615d1651f71a14fd5a0ee0679182810304b5c59cbbd9e,81b9def14064b4acda4f443bd026f3b161435034d19804208a833a4c265f813f,HMAC-SHA256-DEMO,AUDIT-2026-05-STEP3
516,00056e1471e42b3c1d583137,2026-05-27T17:12:00Z,REQ-000516,6adbebf965a8665f8e3dd8db,STATE_03_DIST_04_PS_01,85d4f1d703df76e03a0cb3a3,deny,DENY_INACTIVE_CREDENTIAL,P-2026-05-STEP2-ORACLE,6d88ff3168a91ad76762456bba1256946d1902e845ce60afea9b4d88451f5a0c,fd640df0444862ae43c497d119011cc156ebd6c7d1dedcc3f533cc2b0ab25b41,455549468951a880e2f80ec6ce1fd49ab1186e2368935cffd4f49032d13585af,fb74a29736d894cff41195df5519cacaa3838bb767f958e6abb8c8d4891b8a79,4fb71b1350a5199744bdc1a5fe3f6c48826102a1e0cd326b3742a67f36be2a72,300b5285011b847040e615d1651f71a14fd5a0ee0679182810304b5c59cbbd9e,fc8f04454c574fa1d90f4f713c021f565703332f554448bf7bd70868239819d4,ede8daba6a647bbbdacf68b4b3347c67f692355157a2c0956cae66f899cf8ba4,HMAC-SHA256-DEMO,AUDIT-2026-05-STEP3
517,9e69a8d9fa03a22fa16841e4,2026-06-01T00:38:00Z,REQ-000517,f30bb583158115d6451ff1ba,STATE_03_DIST_02_PS_01,97f42bc6dfe2ee0b0bd40826,escalate,ESCALATE_EMERGENCY_REVIEW_REQUIRED,P-2026-05-STEP2-ORACLE,b9b4c2c46b19392154e440d4db151c8048cc88c56cf772932177c6b0602454d9,bd4bae260dd05a8b037ed9b7290fb8e9dde7dfd7eaa046ada1d8fca3355d53e7,8154d561ad874d143998cf12df02ed3a011ccb02731e634934bc5466437287de,88cff0235abfd679528d40bf75cbc63a6f9700193e71b745aeed35c78fd59cba,03b11e0b21fe00789fcb69538638d7f612197c2b8db7bbae31a776498c899f85,fc8f04454c574fa1d90f4f713c021f565703332f554448bf7bd70868239819d4,dc5919884668d1fb01e39519e388685990f7f041250f119b2e7844ac60a9142d,f4eaaa3f4452d740b2a4386785b83f0773c0cfcb603e5205b08bf306715c5a02,HMAC-SHA256-DEMO,AUDIT-2026-05-STEP3
518,59d8a47f8a4430358711d3e9,2026-05-29T21:04:00Z,REQ-000518,4718492e22f05239e76383dd,STATE_02_DIST_02_PS_01,c02c0ee944942d75bb6e6167,escalate,ESCALATE_CROSS_JURISDICTION_SENSITIVE_RECORD,P-2026-05-STEP2-ORACLE,528eee2ba0141d653648ad2d252b154023ae48bb697752582d800e3d85b04e26,51670a8383f7c0f6a56d90a4afd22590ed7c98e0c7c009feed9568c6cae3dcd7,9651d36b97a56096ae271bd3372ac6ff9b443fda9978627117b5a8807f9d8183,8ebad2b013f84bbcb1d1e7b38287f5f5735bd508c5ac44498b131f8344882739,c984cb6ec9c677bfe815fc8da681e3d093dfe7a27347b66de55b670e54c96379,dc5919884668d1fb01e39519e388685990f7f041250f119b2e7844ac60a9142d,7e6c5b047c59382fbb38e48c5deeb9a01a161eb190a6e9cc06e9580b9585c075,1b168a551f104066106b630a1681d6e56b7560cddb75cde88a74b6f38651a9f1,HMAC-SHA256-DEMO,AUDIT-2026-05-STEP3
519,a0f8a24e901fe4d561436986,2026-05-30T14:30:00Z,REQ-000519,816d13ffa68e60a160c3810f,STATE_01_DIST_02_PS_03,7921bc5ddad3de91e53b3781,deny,DENY_TRAINING_PURPOSE_FOR_SENSITIVE_RECORD,P-2026-05-STEP2-ORACLE,7e6f54dac9bc667c9836f89b6107c1e4fa4a5c8863aa6159b809ed2e26ce116a,885ac84bd6b0f951268a71c64919ecaee60314039e5b71ce9c64974640569958,acbd301f75053f75feea1fcdd93bdb07f0e1d627a22eb0c3b165c8bab84d9ace,d2b9b2a20b9a81f789db6ba8fdc5c74535274c6dd651352e83f9a98ee393a73e,5a7d591019cb2d09175747788812481aec44b65ac6bcaa6320f77fdcdd785b98,7e6c5b047c59382fbb38e48c5deeb9a01a161eb190a6e9cc06e9580b9585c075,99f54d1536d7a300ab502f99d79bb0bc8ad4eb56d0988bf194c9d182f0d7de3a,9bf0d327c799b4d4c75bbf496a39f1f71008a319c11d4f339995ba232cbbb2f0,HMAC-SHA256-DEMO,AUDIT-2026-05-STEP3
520,00ffe257b376520e326a6370,2026-05-27T17:20:00Z,REQ-000520,6d335433b612a148a4921389,STATE_03_DIST_03_PS_02,7ce5d3c68a1d4bf9a69dd131,deny,DENY_SEALED_RECORD_WITHOUT_COURT_CONTEXT,P-2026-05-STEP2-ORACLE,b3135b56e73ea11f35f3d8e083514a57e1462032f52c4d730c96ebd9a5359180,ebc3609cb4eb282aa90de98ca0123fa899fa55ad7a6444b34827b5159065d1d3,534e9f73289bb19133a2eff8bc94c6ac80e9b5f54f350de83d122672672b5a98,28212bd8090b08a14b4a723e19df0f360981cfd927a565d2cf6249272520fed3,f725bb6d1af5bc9fe0edc088a039d92d53ba8ce5e4b7f42bc6956195586933ea,99f54d1536d7a300ab502f99d79bb0bc8ad4eb56d0988bf194c9d182f0d7de3a,24b4960572c311cf9683c9368781d420bb6b7146d6369182390b335e95fc6c5c,d002211d283d2aff32391468d07a5ea2e29e7bf4fd56d577034edee0ee20fed6,HMAC-SHA256-DEMO,AUDIT-2026-05-STEP3
521,a701b8e5fa5c6376ce05f49d,2026-05-29T12:47:00Z,REQ-000521,fe7f0fee4990978ba985ec2d,STATE_03_DIST_01_PS_01,865e1a4e9bd8f6f99acdf7fe,escalate,ESCALATE_EMERGENCY_REVIEW_REQUIRED,P-2026-05-STEP2-ORACLE,7d4aeccb84e4c467d90c215a40fe1c84a306c7f97542d08b37ea021068b6cb3d,10381430baaa62f7c734621e92e821a60dba13d22c2008c6cca5a670617cbab7,0b1c17422e6be9738a88a3f62ed7a020c082e86a3cdd14f440e58427972acc04,b3789643858ccfe462eee6ac115e16c75a16be682a02d105ae63b42ba3b0e388,232bb461e0e1f19d91cddd82f56a05fcbb8cfaeb7c625720c1c6b34ed5ad8b9f,24b4960572c311cf9683c9368781d420bb6b7146d6369182390b335e95fc6c5c,37985c1b5b11a8e4d4dedc6ca2969773003aef3c4fbd600d47e3769f2d03f718,86e1979f793d0c07dd530e869bc9f55efd580796f81d9c75bddbc009eb4efb4e,HMAC-SHA256-DEMO,AUDIT-2026-05-STEP3
522,0f835687cb75055db6329f54,2026-06-01T10:30:00Z,REQ-000522,f1533940112c34367e3740e3,STATE_03_DIST_02_PS_01,68520c08a4184e2a8bbcc4c1,escalate,ESCALATE_CROSS_JURISDICTION_SENSITIVE_RECORD,P-2026-05-STEP2-ORACLE,427741ef708adfccab79048a2bd9f00dc422d1554ed1ababaa43cc84293afe2e,a3f29afdf1952bb5be65eecc42c6b0258d6dfcc2af6de08f5c0d19ddffa66947,85e0e2df6d1542b1bb3a0dd3c614cd2dcfd37ae7801d0ee5d7c7de8f836ab7bc,c1e91d9141ecfc338a175889d4d90f07524ad3ad71ba08782cddf68ee1a6a79c,50be90ca1a8f73e5444577725e8ff1d3ac1cffb8e210755a99450c79b3f44f70,37985c1b5b11a8e4d4dedc6ca2969773003aef3c4fbd600d47e3769f2d03f718,4b1c593801c0782cd47aa30ebb4b4f6fb3a7ded4bc40c9f7ed656037740bd181,183bb997f4461d3771f3d51ea347899b2bdd8f6d82b63e047601d898261c7161,HMAC-SHA256-DEMO,AUDIT-2026-05-STEP3
523,7c14e5174f6c03c67ab67a3a,2026-05-27T17:26:00Z,REQ-000523,7ea4c7cce178f9ad9715431c,STATE_03_DIST_02_PS_03,097a777f9c4bd6dbc56eef69,escalate,ESCALATE_SEALED_RECORD_REVIEW_REQUIRED,P-2026-05-STEP2-ORACLE,1a2dc3c18b5834ddbd198fc6b2759db7e8309fcfbd0a3a598d5f94739610d13c,16da14469f1c358ff5fe987e848bd0aa63bb31638a647c6eaf19fc4e2777df71,50d78feabd11ea312de6f0223bfb6016ff01b2a15fcaea14e6a9e8e486b5bc6c,7479eed95a2018f869b9628573a8e2a726e4c7ce7d97aac1be16ba9e3d7142d2,aae35c83b6499d65e504c5dd42613baadca597e0a89f6e476073e31ef7d83057,4b1c593801c0782cd47aa30ebb4b4f6fb3a7ded4bc40c9f7ed656037740bd181,058529c8d18c8286145c0769eebf0aa9b5822460b16a5717d8bbc158799d404e,b418d1fb05230fb314d6b139160fa8a5639991e398829834b175d346f1e8236f,HMAC-SHA256-DEMO,AUDIT-2026-05-STEP3
524,b528b42123184c84af8cee86,2026-05-28T02:12:00Z,REQ-000524,fe341f3994ddbba307367393,STATE_03_DIST_03_PS_01,31a9bc92fe67a1f3c2a37133,escalate,ESCALATE_SEALED_RECORD_REVIEW_REQUIRED,P-2026-05-STEP2-ORACLE,5bc049986f5b03e68716657750428087fac9be3dce7aefed1cb06d1a08c600ba,496f779918e545f141ee2989b040754daa9ab25c8138d87a6facfd6faf6c599d,83956b3888b340d721932be47688460688ad33b294fa05d06838559199204489,34d884636c767bb9d4c866bd21d801eb1986ebceb8d18fafa4f846358ff16463,4b1222fd5b5961b6b2687c337d6b4eedc2ee340741aa29c39742df2f5227d614,058529c8d18c8286145c0769eebf0aa9b5822460b16a5717d8bbc158799d404e,8356d2317f96597d923a77aeb943354c4df76f510dd3f812d5eca1040a13a66c,bb470a918fb80f26d9fc2245affca540a645133148e335c4e6bb5cba8f4bc3e7,HMAC-SHA256-DEMO,AUDIT-2026-05-STEP3
525,c7291868bc19c5f52f8f7e77,2026-05-28T19:45:00Z,REQ-000525,63cd4d5013242ca51327d961,STATE_01_DIST_03_PS_01,f9e897560da536cbed545b58,escalate,ESCALATE_PRIVACY_SENSITIVE_RECORD,P-2026-05-STEP2-ORACLE,515bcf0d9e6e267308c1b244beac1593766f31dd752c525c1e13b6d051084cac,b3849bb0b9894ab809dc4f24bca7a69f350677ae3c8e1491b438cc3e21b2a82f,681cd685a8442920bb1467555ba1effddab84c7cfe286ccb524872bd847584de,e0f3929e8d7b342e172e987a25d7e0c368db2e0d7e9c368c7f4e379744125719,18533c7ce5753daa2789dbd032f22fd39fed4dbc2c490f2dee246377ebef692c,8356d2317f96597d923a77aeb943354c4df76f510dd3f812d5eca1040a13a66c,456d3296fc740d1da3480b9a5187e9ba464e66e9a5d29eaec2344b9ce500fb6a,7e4c53e1da6fbff591c44f150ef67bf7e6a6151d5ff91064d2fdde7d69e1ee2e,HMAC-SHA256-DEMO,AUDIT-2026-05-STEP3
526,3313a398cd3777722e4304f2,2026-06-01T11:30:00Z,REQ-000526,b20f60775fe6a25591c31932,STATE_02_DIST_03_PS_03,34b21675c93019fd5a4c0262,allow,ALLOW_ROUTINE_CONTEXTUAL_ACCESS,P-2026-05-STEP2-ORACLE,121eb4a2146bbc480545dc0e1b59bb30e4f33a8146c164a57da69b5e00b76c97,4ebb145590a80d771f501a4934a841f2d47f4e9afb9932c93c134ad2dde616b6,b3f060e2e283df27b6d497d126de2b7c9830938927241cc42f4d809f88fa60c9,754d1d95490944779a70901c43cd33aff83ad8bd0c1d4f4a5b96b3916ca6c535,387ffd2760e282b016f36b5feabc1b1b7266e6d90101f0a3b32c5f63b672a714,456d3296fc740d1da3480b9a5187e9ba464e66e9a5d29eaec2344b9ce500fb6a,6868a78aeff7c05c252ae3fd23b48ad034c9b4c79e289fbf999bb0eb01f64cde,3380322d99df1c46d678a2508576146ab8981a0ba834e382db2f1547b735c302,HMAC-SHA256-DEMO,AUDIT-2026-05-STEP3
527,1e87b5d38b376860996c8a85,2026-06-01T20:32:00Z,REQ-000527,3928cce83c394fe536f56bf5,STATE_01_DIST_03_PS_01,008cb02f48fda282db462c68,escalate,ESCALATE_CROSS_JURISDICTION_SENSITIVE_RECORD,P-2026-05-STEP2-ORACLE,dce4af92f78af3594c1039ff1d7c6c14dcb9adc3fc0f9126d13ad0cdf8f2d8c7,4ba5d042e914e94a6c688c83ceeb4a9d0916d51c713e6a06cb068d9016232077,2284c6d6d270a44c91d3ccf7b22163509a57d60f73f7b824685939411d63c206,6c3efd09156a78b78c5c3f6630812e0a43c6cd3b70d9971d7ab13146535dac24,10f48f233433cb663742b25c3690a4cd326d3f0bba36b7f434370b25491fcd84,6868a78aeff7c05c252ae3fd23b48ad034c9b4c79e289fbf999bb0eb01f64cde,e1322e32548a4a0fe70d2a209cd1e085ac712e0097ce3e012419131c71f09f90,7cd7ce4f7f9186f162ef736589e9acbbaadfe7b8560ba5f75b20021b347e6d34,HMAC-SHA256-DEMO,AUDIT-2026-05-STEP3
528,f1c1808b0cce4f2e0153cf43,2026-05-28T11:12:00Z,REQ-000528,871e4c8cc36e0fafb27ef560,STATE_03_DIST_04_PS_03,fe9058bed6465d20bca094d3,allow,ALLOW_ROUTINE_CONTEXTUAL_ACCESS,P-2026-05-STEP2-ORACLE,2a9165c739ce27e5bceff0eb7d7d716bb8f81a99220cdb2ac2a04ffdb11ea34f,9327fe665aa2e9cdc9cb729a4ce81a31347e803062e0533af06bab6550637aa2,0b8d47c2c68ff239d4720058c474df50f429dd44a5bbe0b7268f66cdf9c6985b,6cbcd7108b8552db27417e2ae191b3789a2638dc89d24e78c702efe4a9f4d30a,38b8876de1b76b752522ed73bdb2b8471244fab1ea723d3be1f040793700af5d,e1322e32548a4a0fe70d2a209cd1e085ac712e0097ce3e012419131c71f09f90,b0fcfa672c44e7979caa1967f517a5d0bde24a55c36f6318d775c23c14d22d9e,475675cdddbcea3e77375e305f99c1bee848dda063b7b9cc939fb3d7d69ef636,HMAC-SHA256-DEMO,AUDIT-2026-05-STEP3
529,c9a7731d6bf2a89bebb26b5d,2026-05-30T07:21:00Z,REQ-000529,614c14e8c660d73ace97d265,STATE_01_DIST_01_PS_03,bf2181704489a082cfccfcaa,deny,DENY_APPROVAL_ACTION_WITHOUT_SUPERVISOR_RANK,P-2026-05-STEP2-ORACLE,8aa67f147ff81b3862fc2660bbce3a8921409d56b8adc6ef49eaa39e3177e7a1,23b7ab4ec437312670b42f8f3837c1620102b33fe04d38967452eea578f57673,beb27f7132f0984bc653116a61d08c24512ce0ffbc13e05436e2b8b78f8daa5c,24272c567eb82db215fbb8c0ceaedd17704211f579487b25bebec039587d8b8e,b06ebb436d1584bf3af061066333d8c394212971758bb1da885bbd52472e35a1,b0fcfa672c44e7979caa1967f517a5d0bde24a55c36f6318d775c23c14d22d9e,0743a8a733754ce32df6ac76f2b17ded51c31cb46820232ca66adf760277b96e,8532919b2ab2ff954eaac0f9529f0103cea988ede49f3775b8440903e3b3d9e9,HMAC-SHA256-DEMO,AUDIT-2026-05-STEP3
530,ac090ea608076d1ac6061004,2026-05-27T17:40:00Z,REQ-000530,7e2b88d260bb5ef29585a94e,STATE_02_DIST_03_PS_02,c037395aee2e6c54b7bdb5ce,allow,ALLOW_ROUTINE_CONTEXTUAL_ACCESS,P-2026-05-STEP2-ORACLE,6a33372a535b8baeaee9495036fbb81eeb48f0350743f598044f974680de3931,7daba51bc366de398f062d5990c21a7992b60d555ee0a457ec5287e1536a8d28,98e74b8b3d8227ac8d631dc803f6f4b71c2187491d4eb71699ef2209a56a7d68,0df5cbf467087ec48f2fd18ca54347e2d8d4ee94275d98ab731c92b4d433c04d,611a3393e3ac18dfc28e2eeb36f21050b9f5cae14e0e8b9e390a1b0e5d47b7a5,0743a8a733754ce32df6ac76f2b17ded51c31cb46820232ca66adf760277b96e,561715f00215e007a606f047fc2eac284cc8b1c0a7d42f86bfab09cbde5f4cb1,cbaa78b99e283ac685644aa39a150ff93f5581e2392b98a61bc06c1932ca65c9,HMAC-SHA256-DEMO,AUDIT-2026-05-STEP3
531,da6c9488edb10621854e48c6,2026-05-28T02:33:00Z,REQ-000531,b0f05da9786602e3afcbd606,STATE_01_DIST_01_PS_02,88e881af6978d550ae09d130,escalate,ESCALATE_EMERGENCY_REVIEW_REQUIRED,P-2026-05-STEP2-ORACLE,b5082037a2d92a4fb344a152f5c5d4224088fc05540d7912dd916c38e4dcc46b,cd19cddd9497292961e7ad54ae5e580edc7dec6fe31971632f5eaa60e9bd8aa5,49ea2ec979535d0c633f712b1e569dfa95f989a00c177d027710007c11e46745,07d22d6b96808dd93fd06abbecdb9b4d2fd14924526ae29fdd31962d880471ba,9b4e04d0cf9dd097276400a435f47dfd16d487fa4daeeaafe72b4efe134a8054,561715f00215e007a606f047fc2eac284cc8b1c0a7d42f86bfab09cbde5f4cb1,a1bee9270df012c7d87785644f542c50001788d41fac8023f63e8da58a608f3e,081da02c5531333347a8a8fa7a5f9b059c0f34973459cfc4d01ce4c3acb636e4,HMAC-SHA256-DEMO,AUDIT-2026-05-STEP3
532,0514f30e98f0289a474d9279,2026-05-30T07:48:00Z,REQ-000532,6d2396ea39d60a2c9554602a,STATE_02_DIST_04_PS_01,c7a1cb7711a9318d95ea172b,deny,DENY_INACTIVE_CREDENTIAL,P-2026-05-STEP2-ORACLE,41e7c226aec37ccc6f09dfe9024720d5b2b6754360777e78b214c32b75e7bb15,b1fa058088002ef1eccac35cee67e616f80999057bcbc971ad1358fed1d193e1,d82aad70f059881eb833e516e00e3b4164ac862796a4a489f705d0c6fa85b88d,6e111b4cc1a057a23dee01c33f6d7681f4d0031b9716f878b6d40c62dcb38300,59a07a6c1055866c69a9f4dfe0feef7b650187c4df0f50657c6ad771bbe9e686,a1bee9270df012c7d87785644f542c50001788d41fac8023f63e8da58a608f3e,4f774fb9e594513bdc4b3f79fb327582447302fc39e18f6a7409e1b0ddffce53,be6fe07344a12ced681df47111d7f6345467d9c9b51061d0bca8cca89f2ae33d,HMAC-SHA256-DEMO,AUDIT-2026-05-STEP3
533,3facbd0a0c344ecc778c710b,2026-05-28T20:25:00Z,REQ-000533,0c324b29f9a967adb599bde0,STATE_03_DIST_04_PS_02,954f1d5e0ce6e0787f569931,escalate,ESCALATE_EMERGENCY_REVIEW_REQUIRED,P-2026-05-STEP2-ORACLE,50bf69e92998a96c972bc3d8734e67707db0c7b076b56dde3ab04002f146a044,ead1f661010672673a3aa97bef65e383d2a373a4c12d8c41e5e53be9af2abf4b,6bd619f21d68296be4c3638b3304119bb53c9f704846dcab74fa6c1d26478fea,e42caff63a9f033aa121fce1c6b81ea7be493235ae7de72bd09537a0320061d7,2d525ecb7ba5e5615b01b99184c72436c6cae6cf0c1f1bb17ac771aa2ccdb924,4f774fb9e594513bdc4b3f79fb327582447302fc39e18f6a7409e1b0ddffce53,e501d1754b579cb48ff1f764513c7d73805a032f549a0349079c1c119f0ffc5e,67c2d5f2481a331374d916f9207004ff56928df31690e97ab2852fb1e0b7d4d1,HMAC-SHA256-DEMO,AUDIT-2026-05-STEP3
534,5c189aa40a51d667b6b048e9,2026-06-01T22:24:00Z,REQ-000534,fe341f3994ddbba307367393,STATE_03_DIST_03_PS_01,513c9be258a43ca7947c0ca7,escalate,ESCALATE_PRIVACY_SENSITIVE_RECORD,P-2026-05-STEP2-ORACLE,ae76d420def4437b204537fd1aecda21862449258ff2f619797399f80c78b7b3,c1f7a8f9d8f2e5df9f150de0606b752eb4d392565bf559c924e3ac555ba8d282,a3077f556e536e8b13a867ce85dc581af2d3b783cb5b3696101b6f23eba198bb,9304b26888e83360fe4ad035f845c5b21cc24ad6e63539212fc12bc6cbca584d,904855e12ad766bcccfe222d7694f41b69d1d6b9ddd14126b554977b393fcf36,e501d1754b579cb48ff1f764513c7d73805a032f549a0349079c1c119f0ffc5e,b64b9e7ed32b1ec4e6dd8cc4a8bb19df3fc847cf8952b60f312815d82eabbf96,9e275ddd157adfa58271e14ae2639c0b2e43703f770e4a725540e7ef28b26937,HMAC-SHA256-DEMO,AUDIT-2026-05-STEP3
535,693eee99c8dc855fec9930db,2026-05-29T14:25:00Z,REQ-000535,aba84a984ee3606ae0d30a0a,STATE_01_DIST_04_PS_01,2e977ba934961ac3b1ab490d,deny,DENY_SEALED_RECORD_WITHOUT_COURT_CONTEXT,P-2026-05-STEP2-ORACLE,ec76499b325f495591b487499248543a5caad0b2c13f8011877633fbec7c5ad3,27170aee6dae6a82fea1365665a432bf7535a29bde040b49ea06e254bc632c41,4beeaa907d64e7af4580994e0f2e6db8a5a3bdf1408dae201f407a0323297b4e,548d90bcb66019139f35d121c8c61bbd08f11b4564eecdd763bcad114bb720af,13188e33db83c6dd737d5237a68d3b8b20a0858fde5f3054ceffe2ef30a6b719,b64b9e7ed32b1ec4e6dd8cc4a8bb19df3fc847cf8952b60f312815d82eabbf96,44c77db6fc1213f2559893ffd3d2fea178157863927be2d1cde25094baf1f205,a020df3ec523eb60d948a39377ca08302332c9584d0da9e5b5ed0b0cb4036050,HMAC-SHA256-DEMO,AUDIT-2026-05-STEP3
536,7b6513917c0af282d0d68a81,2026-05-28T02:48:00Z,REQ-000536,5226641dfbffc5688ec0818a,STATE_03_DIST_02_PS_02,12044d787ebe89f0a9bd0dff,escalate,ESCALATE_NODE_STATUS_DEGRADED,P-2026-05-STEP2-ORACLE,e549a4ee0dc806ec91b9fd4e77e9573de024071c31f4470f4d11f120521b83c6,6150c96ffc6c63805e082ec4909bdf8bca6697bfe852a637c9026a04c88d2a7f,e2380c0e177276dc76ae9f7bbbec9c2177f041fe6b9a0628c17e8d672fd134cd,43bc87f838a444500d26eba2706df4266d51f1008c3ca1d6c2131e4a63e44d5f,332126c1820a0320f8f4923573feb844d1c7f6569023ea0568ab8f18f1d0e4d3,44c77db6fc1213f2559893ffd3d2fea178157863927be2d1cde25094baf1f205,688f335a42d662fbbe65226ed0900a443f28f3559f6b15db3ec0130e27f66490,b73ee01c509ea197d460d17f460fdc302d5e9ea3c41e3795ce2a8b03b7456c0c,HMAC-SHA256-DEMO,AUDIT-2026-05-STEP3
537,349170531ee67fae1f935076,2026-05-28T11:48:00Z,REQ-000537,6adbebf965a8665f8e3dd8db,STATE_03_DIST_04_PS_01,aa5d5e9574a1ce5800dc6459,deny,DENY_INACTIVE_CREDENTIAL,P-2026-05-STEP2-ORACLE,20dbd8aed8320049467bcd5447c39bd158f279830cb573245b8d80529ac3d10c,90f4c92b387cefeef385429648fa8e34cd57b69fd58930466ab1464cc4cc4855,f7968440aba86ba1ca64699e8c8d6c3492b18f5a3aa7c77d608e9f01a540c36e,014dff25d40f9aca4708f1a6bd603f80dcc257ef4fa7441e6600a6cb753148cf,2dd459bbe9eb2dd81498bf53b8ae16d8566ad0cbc12752d3bd72a4615f78f93b,688f335a42d662fbbe65226ed0900a443f28f3559f6b15db3ec0130e27f66490,ba34d54d021372e26ac7e21d25ed3194545c9f6562e362de5727d14f60727580,34fd6cdd6e93bd36584d17aefee12e8ca1ac08faaf8b6d1490416615f47ef091,HMAC-SHA256-DEMO,AUDIT-2026-05-STEP3
538,4316cf0a54904d9c99640a71,2026-05-29T14:46:00Z,REQ-000538,9764196f496c1b6c2299d105,STATE_02_DIST_04_PS_03,647ffa3febbf13259187b4c9,escalate,ESCALATE_PRIVACY_SENSITIVE_RECORD,P-2026-05-STEP2-ORACLE,d9ad5f2e8e0cc7240ec1cd7a30233e83068e5e740baf4ad4dbceb3ad5626c464,50b7496eb7b75d1249b03503aaf199361a3aba149fa96cb98856e2010a7b8ce8,ed50208e5733e718996f6912b163872bad141b98cd546e3d3a1ed29207cf1fcc,ed732e7eb5ae84f5ee8faa0b1cb25a1c6a67d23095ab1f4747eb1dc601ad5c5f,6e9b0a309896d8dd55172ddcef272ebf117fa5c1e923fbafd40a06652d40b9bf,ba34d54d021372e26ac7e21d25ed3194545c9f6562e362de5727d14f60727580,d7d38323fcf83b0bec88692e7dff071ee94487b7cbcca174ae7fd933f7634fed,92257f34d0c76351f4f436997dccea9f4cea9b779e4c2454f38ec1de07ab5d30,HMAC-SHA256-DEMO,AUDIT-2026-05-STEP3
539,9e16df96a528e92a79d68c65,2026-05-31T20:47:00Z,REQ-000539,956b1c8673c706b9098bdcd1,STATE_01_DIST_02_PS_03,ebb25f911f77c3f1d4019b67,escalate,ESCALATE_CROSS_JURISDICTION_SENSITIVE_RECORD,P-2026-05-STEP2-ORACLE,f0479863eff070d9ec085d7bef812b0a756130e9b8d5c5c50bac208a6325dec3,29a391885dca2918d758df94b42d545f99fe3e1efa8dab3285645aadae6ef1b4,bec5e0aad09e46e3c0ba177c5bc309556fe5055e738d4628ad646bac69cc9ca2,c7db0574f9c1a8243eae680b09df4c4a07b511b02fb27eea0f383edcd603ff14,3c090fa476bc46f86bb7037a95c95f7cb35d27ed2751b5e419143962539fbd95,d7d38323fcf83b0bec88692e7dff071ee94487b7cbcca174ae7fd933f7634fed,412844cef14d1e56c305f6cfafc2618a5a6c91616655194299e4a6d4b95606d2,74998beda679f7f157ce1460bb48aa4cc8d3fb079225da4b1e6f19dbbf913a84,HMAC-SHA256-DEMO,AUDIT-2026-05-STEP3
540,e375069f5dcc4abe4bb6271d,2026-05-29T15:00:00Z,REQ-000540,4f04697319f636cd795e5d1b,STATE_03_DIST_03_PS_01,3c448fe6bc8192a79adae014,allow,ALLOW_ROUTINE_CONTEXTUAL_ACCESS,P-2026-05-STEP2-ORACLE,b491c35da8b93c7b9f6ce166b3207b8c75620ab405c7e2a81cffada99d45959b,0d50baedd09111670ee95259f2ca3d70a7cd0d96a2eafd6a4f74c088104a192d,496bdedc2b51e881516f7d799035ee6b6c70fa38e59f805e576ae27371939a1e,d1607f12ff25285eed3bc963a148b9feac8f58b54891e8f37e31cf35a6004511,6292ede4fab9f328cac8e8cf02c2c1c4e605b8119c58a90f4987773b7f2b880a,412844cef14d1e56c305f6cfafc2618a5a6c91616655194299e4a6d4b95606d2,6f64132e22fa8bd5f1a556b1446b9a0e07d6a27471b9314d2cf987486c11a5b1,153647c763f1502c170a818a99b38ab67c6ad820ebf56bf608b944374e5e6191,HMAC-SHA256-DEMO,AUDIT-2026-05-STEP3
541,4de6893f14bb93d53815c087,2026-05-31T21:13:00Z,REQ-000541,4abc3e055d213fe06ce85aef,STATE_03_DIST_03_PS_03,ed2e4026b7249509166c6691,escalate,ESCALATE_CONTEXTUAL_REVIEW_REQUIRED,P-2026-05-STEP2-ORACLE,a31f2ea2d6aa639af341627d6610f22caa2be8e556b03c68c95f99ee640d8e97,ed0257783d9f7668f93004681ee8aa05ff01bb068300cbee35ab9223562d4ffb,afad62b56afcc617a83e1356941b1ea9e53f26ad2ffe11dd49616247981644c4,3437009717b857b3fe7ab13a574faaa33576675d1d66efbcd9e9aaa2c7298203,ffc2a3517cdccb60c5777e6a02d23a3f4176b3d0859da753a5fb9660274f41b0,6f64132e22fa8bd5f1a556b1446b9a0e07d6a27471b9314d2cf987486c11a5b1,bb9e4b3ae01b2c81debe8c410ea00595707d6bfdb4df53ba8ccbdbd69ca97723,2c4fc5bd9fdd50ca2aee64e22165913bb7a0ca549e4e78077be7d5d16ec42313,HMAC-SHA256-DEMO,AUDIT-2026-05-STEP3
542,ea80ecb1b134a79c93fc6c37,2026-06-02T09:34:00Z,REQ-000542,1f84d906e82c7901ab98337e,STATE_02_DIST_04_PS_01,50360c189958ca7d43254c7c,escalate,ESCALATE_CROSS_JURISDICTION_SENSITIVE_RECORD,P-2026-05-STEP2-ORACLE,0f9f4eabcbce66c71467e22d3b4f7ce78c59be0e678bd1a16ecc6ef71283699b,61187cafb11985328c7eab8b789db035cc6f49e2a3256d0ee9ee808383ef7c95,f69849923f165f0509cdf9208f05e861df3245b82642360856281974d7c1df3b,201c70c8ce9ab9bd1578b16d9785a320d7481cbc66f36d7ff88d9dc5f131e4d6,7023a20b32170fefb5d46cc62af19482063f7a0305f481ab8b79c4e812cb8e33,bb9e4b3ae01b2c81debe8c410ea00595707d6bfdb4df53ba8ccbdbd69ca97723,94e821e881938094f0ab25c294eceded5119b9c7fc98ca9d44e4ad4874ef4acc,fd89f6383513219eb3a1cdd2e611914e7389560688d7d8508a8c523a11495977,HMAC-SHA256-DEMO,AUDIT-2026-05-STEP3
543,b1f4834c9a4d201dfe798e2f,2026-05-30T00:24:00Z,REQ-000543,7c415028a69bb19f488fe7d8,STATE_02_DIST_01_PS_02,2e977ba934961ac3b1ab490d,escalate,ESCALATE_SEALED_RECORD_REVIEW_REQUIRED,P-2026-05-STEP2-ORACLE,a2ba073223677076e7ea9696ca8367c6cbf61b8d66ef11b0d2225e1603cee0e6,e493058fd548db567c2f8647ebc30fecf5a4f60e4bc548dfabcd9d5cb3e2916a,2d81b6aed3320bade97e5546673ba456f22b6b10d9dfc01eee65705e9208e81c,de8569bc1428d716dcda73bbbf4382e50d6317252882177332ad8df91788a405,8998d2c63763f3c8a28ea8b1f7e54bf43d5f45efceb2e886d6d4402bfe559d01,94e821e881938094f0ab25c294eceded5119b9c7fc98ca9d44e4ad4874ef4acc,d5dd21db8f25cae1b4d5bac64f620be563abc1dec3c3d1bd336fca68d51d93ec,f42356154c1342e57c0868653e0465353d4c888da470147d85e0e0289b235ed7,HMAC-SHA256-DEMO,AUDIT-2026-05-STEP3
544,5dd2f6040f8361be1b2bd981,2026-05-28T03:12:00Z,REQ-000544,0d9d0f67e217f12f80467acf,STATE_02_DIST_04_PS_03,9b8a6086df4407004a417807,escalate,ESCALATE_PRIVACY_SENSITIVE_RECORD,P-2026-05-STEP2-ORACLE,ed4d37670fa7abd7e15cf0af2cc08b0d825c0a61d408be226b01099fd189b986,f4fb0c9ad229594a697f55bd36720f3842bdf3ef1f9b674e1fcbcc327cacda1b,bc6c9333eec50a7f60559a21c50c96d5418a052509dd7fd141111e8c73d67b99,d065562e8693cb1f84786c9d9dee1bba616820d9b74e4da2f63de427b3a9136d,e86a674211b95c951a2b2874631723baccde390dd1fd228a0c0b3a45753fc389,d5dd21db8f25cae1b4d5bac64f620be563abc1dec3c3d1bd336fca68d51d93ec,b699425c687a84ca1609334466f414589458ceb080076c6992c17714f5874178,f426e04dab818a8bad62eafcb3c0d0281b5c8e727eb9fae5f4692789f29abadb,HMAC-SHA256-DEMO,AUDIT-2026-05-STEP3
545,557cd3abd364c9ecca9d3c92,2026-05-30T09:45:00Z,REQ-000545,5d9a86e9bbd1b3774caee2db,STATE_02_DIST_02_PS_01,2ddaa1320a373931336701cf,escalate,ESCALATE_PRIVACY_SENSITIVE_RECORD,P-2026-05-STEP2-ORACLE,d4482c61ea50df927ccd5f1204dc01deb09ae45b1aa0c5490a45f86eabbb75cf,d90585d64d0a4ff5af7b53585cd4e7368b20c614408fd9f2a9d088b8ae99c512,80c02349d15f386dfc5600069bafdec5bbc058c59bed42f59383c67918ffbb23,e7b50708eaffcfbb77fdb41b3fdb28260909e2e0f4253a6948b03f38e07e1d94,28c02c4a0bda55fa8e39f1dbdd51c4a86a2508b6a9debb7a18198f6e2efac7ec,b699425c687a84ca1609334466f414589458ceb080076c6992c17714f5874178,f42fb90d3f2f31acd1b11b0d7da4e6b83a15a7ac9c58a7aa46f48481ae20f4cd,74ea71cd9cac946158ef58d16e4afbbc5a4de69dcc5617b97b4c0fca233cd7a2,HMAC-SHA256-DEMO,AUDIT-2026-05-STEP3
546,02e8f7dbc95ad4a13f4cd8ac,2026-06-02T10:42:00Z,REQ-000546,c5766246d7388485ac5c149e,STATE_01_DIST_04_PS_01,cd65b26ee8307185d4869ab4,deny,DENY_INACTIVE_CREDENTIAL,P-2026-05-STEP2-ORACLE,a6739018522a4d15acd06943a4554764f2b15c6fa2cf275a23287ed6fa98caa2,eac05288d9b228c3d7000e04c8ad8ee2a3e4c8b8013cf0a88be3bf930718ec65,d2a0c28cd99eff69c688008aabdd47a1a785bf438fa6b9930c9d7ae3a51bf53d,4c9f25301d13ebec7d0631e225a83c7aa409bc0e3e824d3161ec9ef7e4a7579d,7f51eb837f92001bc212c4848a554689e861028ec031d08fc2efd0a7efaef89a,f42fb90d3f2f31acd1b11b0d7da4e6b83a15a7ac9c58a7aa46f48481ae20f4cd,23d2d341ddf66dd220f2bd19b8d9b6801d0fe5f33c518a0b1c6a2fe0631dfbf3,9b789d3845cd2a3a274890962ea3c1429965442d66a8bc26f6ba4759f803a054,HMAC-SHA256-DEMO,AUDIT-2026-05-STEP3
547,183f80d68a5bd5ffdfeecd50,2026-05-30T00:56:00Z,REQ-000547,7fa77f7b07565190b1b9a0af,STATE_03_DIST_02_PS_03,7ac6a8505413a1abfe9c2c38,escalate,ESCALATE_PRIVACY_SENSITIVE_RECORD,P-2026-05-STEP2-ORACLE,2a40419a70d8288a48b371c7151e2f6935744aea33b92307620a13ff13c4ba46,428b1fb842f307e041c69907e482df0aeb884c05b4fce337dab23770775f00b0,331ae1ea2b77e18c10864cc26c9c580ceaa7ced5b2b2e13075c3ed8d04db4804,04b8e412dea80af27c883b827fc35f7341323dbc000a98003740a50cf6bf4e12,71aeefdc6a542a1c79f28e60b632be9242bac9d081f2d92f5be94af2747315f5,23d2d341ddf66dd220f2bd19b8d9b6801d0fe5f33c518a0b1c6a2fe0631dfbf3,8f46a98a3a4aa66220d4f3d2516f115f5aba1d103930d413c3d1680317ca3967,ac604fd808485de79d47e37662a7deff6336a0bf0b02390ee196646f3aca0bb0,HMAC-SHA256-DEMO,AUDIT-2026-05-STEP3
548,e73b2d111e185cef340787fa,2026-05-28T03:24:00Z,REQ-000548,f1533940112c34367e3740e3,STATE_03_DIST_02_PS_01,6d530f6e96b5b93268a775f8,escalate,ESCALATE_CONTEXTUAL_REVIEW_REQUIRED,P-2026-05-STEP2-ORACLE,80e68579a59eddbb901b461da47489f980d0e3095d001552318e0d0eef64013d,bd673b2a6ca505ca05fe5c64580177e146c885bbeaddb931017c0ae1f36ad835,5a7dd937e6f8d08e3a7f83d2058a92e317a15153b712fb55d9c24a5987ba08f3,3319ea7654b07207f0079b48ad275b76ae1da28f06b49e108a90c70a846c7573,bdccb474211af689eec0c5d681da750b8ff7ce9d1c984f02713552408762781c,8f46a98a3a4aa66220d4f3d2516f115f5aba1d103930d413c3d1680317ca3967,cc3d474187bde8f00a7bd823de563f91bccf4eb930ec11896fe4d99ba7ccd795,d261ebeff6655f3473b9be62416404ee605b6bbad3d03e18c3e3f9acf5de67dd,HMAC-SHA256-DEMO,AUDIT-2026-05-STEP3
549,b9f331bedb7604e083893f46,2026-05-27T18:18:00Z,REQ-000549,ccfa52e7df949ec76b129260,STATE_02_DIST_01_PS_03,8542907be82d8ebf3ebccb80,deny,DENY_STALE_CASE_ASSIGNMENT,P-2026-05-STEP2-ORACLE,4bc99535653a677664d4f809605171df8cbcb090a8f1b22ab87d5f9c9522421b,eb5b157cd4cf682c20c9070860a266595aaeddc380b0232912f8b7439ce3fed6,e6b16ba1809b20d8fddb15c608e5af469e3dd271a8fce4bd027c2b88fa01b048,8972e35222e5c557cfcaa0029aaa2a593523c3ac195d3fc45af8f846776cfe7f,fede60d7bb58fa7a7f1a03b5684954da36dfb206dee92216cd3b377e72e568fc,cc3d474187bde8f00a7bd823de563f91bccf4eb930ec11896fe4d99ba7ccd795,8c941190d9013de8c30fee849fd25125637fe27ea54d9220b2ba02c61341817c,8b2926e5bf14601e0469878f802492a1175245d132d51a43c147cba8164e1e70,HMAC-SHA256-DEMO,AUDIT-2026-05-STEP3
550,d3f8c5a957f6998f11c4f400,2026-06-01T08:20:00Z,REQ-000550,43619f9291295cde078ede73,STATE_03_DIST_04_PS_02,03db1b138a3912e8b9ba6c90,escalate,ESCALATE_EMERGENCY_REVIEW_REQUIRED,P-2026-05-STEP2-ORACLE,6124fa9e80a36c2c23572df492a0db7121ae63ed27d5785eec9ca0cb7d259e8a,40371884feb4652aad72822958957dbeeafe34066de664d52ff8d71850461988,3d702636427e461a5999e2c665255b9f466ebd3180d838fd09f6689d37be60d2,a94dfb11b3129cd96d09d443438800fd933101bb9d732e98ae8e6547373d5db0,6404695249a28057aed6affb15c70a82d9debf36d05aff5bf5418666947bdab3,8c941190d9013de8c30fee849fd25125637fe27ea54d9220b2ba02c61341817c,df4b5654d0499f9bb3097d1e05f0aa467fcf9e59a488bae11f1732243262f947,4e48d7c30e848af392ea53ee79264b478bf7972d830a28c3625821b09adf66b4,HMAC-SHA256-DEMO,AUDIT-2026-05-STEP3
551,9cd0a213e527c54f217a5dbd,2026-06-01T17:45:00Z,REQ-000551,da8724df1e30e5c801778777,STATE_03_DIST_02_PS_03,b729cf6c219827bfc5d59f70,escalate,ESCALATE_NODE_STATUS_DEGRADED,P-2026-05-STEP2-ORACLE,2611b823819a3bf43fc789ddee39a123da580b91dcddc4557624b9986ee1ebac,cedf80897acfe156d1c53e61f041dac9d091fd79da232619b180eb3aa8174437,e710d97b64e2142759fc2ed43519b49bd5ffba33a631be7834dcdaf84d574fef,58ac6df07530f6121c4ea739adff930f86a1f1057b6822895ee643c5f0d4f2b2,93d5655d261e0be47cae248c00f3d654c4a5b5740e4d035afe3303d36ad87205,df4b5654d0499f9bb3097d1e05f0aa467fcf9e59a488bae11f1732243262f947,446aff615c13a489223965959a66fa3c3988cb1247648303058c28235de940cc,6ed816f67853ffcd43a59dea46d081defc2883f9cfb3524377871187f49fc0de,HMAC-SHA256-DEMO,AUDIT-2026-05-STEP3
552,74d3d19c9039a7a2cf58fe51,2026-05-30T01:36:00Z,REQ-000552,fdc97c18ce18a70d495aa065,STATE_02_DIST_03_PS_02,7ab9fa00902faedfec4f6eaa,escalate,ESCALATE_SEALED_RECORD_REVIEW_REQUIRED,P-2026-05-STEP2-ORACLE,f819d1f6615fdf9620910f1a645cf68461385c474f08985837a0dbea8baa4cee,891fe2621427019d0b0d9ed4358f0620b99d9b834378679eb76977daf336df80,4a9a82d6a469b1332adc91c1bd6c34850903f622496fc64fda950124be4bfa34,989927797792a6692b328e2c8f5ab1be0b674a8c70a44bae6b9e5f732beb92fc,db3ee6455a9a424388b7a7239e83d9cb772ced56af8a72df913dbca2c1f9b783,446aff615c13a489223965959a66fa3c3988cb1247648303058c28235de940cc,4750c45762a568fd4045235f04a813e6b53e118f126865e318831c2441959e92,6968ea4695486bf3088c36d98ea82902bf018628be8f97f5110e48709e245af6,HMAC-SHA256-DEMO,AUDIT-2026-05-STEP3
553,c09631bfe57d3314ae3192b7,2026-06-02T03:28:00Z,REQ-000553,5ce4d64c20eb4b8a7537a1f7,STATE_01_DIST_03_PS_02,198325ea87b957803b3bf480,escalate,ESCALATE_PRIVACY_SENSITIVE_RECORD,P-2026-05-STEP2-ORACLE,8e2206b878cf419109e1c3e296ae2ae5672886da29f943205e875e21c75717cd,9fc318ec9f4a9fb3c7febe4c86b059cf51d4770505fe69183b1bb90972f7f983,f9320f761313900af7b9130a5303fccf67515377869a077cbe930cb6a2eb022a,74630e19d1a169c7b7bd53501c0f13ddcff0cdf8b47d2cf378cb6ce811f3949e,b93db1b090d777f993119595ebced9501474e29c33e7af0186ea7d5c8b7c93e4,4750c45762a568fd4045235f04a813e6b53e118f126865e318831c2441959e92,c946ffc1f21edd2cba5e5b32b3dbb872bad01d7bfd25711bd8653323c7ce33ba,c34ba3d898f7213467910a276b9228feb11f58912af83327efdf66a9c93b9fef,HMAC-SHA256-DEMO,AUDIT-2026-05-STEP3
554,336ec556a9da5ce57d86f385,2026-05-28T03:42:00Z,REQ-000554,d4da98f8bbaf8c84670817a6,STATE_01_DIST_04_PS_03,175d5a935eeacb3276aa0ab5,allow,ALLOW_ROUTINE_CONTEXTUAL_ACCESS,P-2026-05-STEP2-ORACLE,aad787ba354819834ab2eaa590fda6fa00fa91f9402883a61581f8c698f72f85,602703a650f8f548bbafc639d6c3aebae80632b62fbc7564d58145e6fd25c5cf,7130cd68150e4570cf138cbaed759faad6c6ac574d46d71c8f6f0dc8e098ae4e,e352887115e4bbd1f84791838bf231745e265fe74e002e18fa558c6a3e2dd1ff,d000853692b026a3db9e7f1ad6bb6c7e2d48bea733fd5677933972ff074778bd,c946ffc1f21edd2cba5e5b32b3dbb872bad01d7bfd25711bd8653323c7ce33ba,549b3d6048b418727faf7d691d8ce195f5ccb35172515c0dc09a5a4bc23a763a,08efb8f25882436015364ba85b620ebee84934beb75c48c3a85f0b434aff4162,HMAC-SHA256-DEMO,AUDIT-2026-05-STEP3
555,bb7e214041ac12d71c779f95,2026-05-28T13:00:00Z,REQ-000555,6aacb3c44032122c078cc506,STATE_01_DIST_02_PS_01,bd50a8e4e50ac9f99d20af26,allow,ALLOW_ROUTINE_CONTEXTUAL_ACCESS,P-2026-05-STEP2-ORACLE,883589ccc519fcc4bcc3d5a21851ef656294d062435834f8188f2e8b91075550,6c0732b96861acc68cc4e4afad9e110b84dce9fe91540b063bdcab76a05a7d26,853ef9b8a4f966a4a991e35c2935fad51ed7f97e42d35d5d191432c11ed10781,030777372a51ab98a04acc668afb488089a44262c3c8f19083365483a982ff48,0ca98a42af7e8ca8062f75548d793e9563b2193688e19160474d4f9e177394de,549b3d6048b418727faf7d691d8ce195f5ccb35172515c0dc09a5a4bc23a763a,052cd6ea8ce90b5499511c4931030189106b0ca09f0ab2a838efbb26735ba7ed,557c670e3afd508a56b50b022945a95250b79da495121a4d785b3ad5e6febc2c,HMAC-SHA256-DEMO,AUDIT-2026-05-STEP3
556,390236fe92ba470323b2a601,2026-06-02T04:16:00Z,REQ-000556,782ce33054ac702eb25bdce6,STATE_03_DIST_01_PS_03,6969bc27b1c05b9059519252,escalate,ESCALATE_PRIVACY_SENSITIVE_RECORD,P-2026-05-STEP2-ORACLE,ffcfd0f469fb86645c37f4754267b0ca1e46ba4bb03e70378a8039a18c58e373,7a8cdd6a362c9fde28af216158c8ac77919f0e33b99a2275a889fd6756fdafbf,f715b340c39502bb27539f9f40edb1ddd0978de2b20559310da72e50acbe997f,9f3a7a0bb2ac71b3b0d9104ee67212e11fdf2ec4d38956c0079cb26b7a94110d,cfd5146ac4b9318256cb1284d013d5dde3283eba70571c2cad99bbdad378eb81,052cd6ea8ce90b5499511c4931030189106b0ca09f0ab2a838efbb26735ba7ed,9239e8e1c0e81fdc361121d77e578eeb871b1678ea7266b572a231c96863edf8,199df5318e2a9de9645cfda1187d6214a8c592b0ba0bbad8e4b4bf5eff0ca20c,HMAC-SHA256-DEMO,AUDIT-2026-05-STEP3
557,aeb89695498508c37d815a7d,2026-06-02T13:49:00Z,REQ-000557,f65ad458155d09405f8da86c,STATE_02_DIST_03_PS_02,118ea5c95a4302f5e6598a30,escalate,ESCALATE_EMERGENCY_REVIEW_REQUIRED,P-2026-05-STEP2-ORACLE,17d4b32a3756c15c88a2ff180812d5f4e8de4785142085e8e390d8be93078ff4,e704823d97b01f0c9e3a17317ef9e61f15a19a4e40285a9c193f42446ab643c0,65ed8559c883d6f91a5a3cbb0d1cf8560d33d1d1b1b265dcd353dccee2516e6d,a867e87a55395f90e3432b165d1e329c1e1dcca5f8233a2ebbf5173b034979a1,b0d206a77d57c4d60b8ed4a4f3e42eced598d6c1d065ab08953accc5889a23a7,9239e8e1c0e81fdc361121d77e578eeb871b1678ea7266b572a231c96863edf8,ecd71e954e8d44dcd8e45931e7d2a6c024c2f0cbc787ffc8e51e577331404897,d6a9aca9a2a7bce381cd3210d228ba5c11aa332f9b169482fca0d0188fdf8770,HMAC-SHA256-DEMO,AUDIT-2026-05-STEP3
558,c128a7b3f1432818506aa4c2,2026-05-28T03:54:00Z,REQ-000558,f1cd31d43c526f5a63bbd87e,STATE_01_DIST_03_PS_02,25579b73e0cca8193764a119,escalate,ESCALATE_PRIVACY_SENSITIVE_RECORD,P-2026-05-STEP2-ORACLE,4f3673ed49ce0fa91f186b83283459b9c16514cfa19d0021da10b89d79dbe63a,d4d6a1f58d6be9bbb41e5d025ac009a2ac4fdea1de4490b07dcbb3401bef3a42,784741f1ecfab29a767a2dd0e5418b7814428ba826ceb77ff199172bfe52aed1,87b6530fcb6040b577036ae044c3243b5dda0ca6c7a640ffc506b27a8e8c469e,adfb09b90d66bd07cdf650abae8103b51a4df56294e037839f1950514342fc1a,ecd71e954e8d44dcd8e45931e7d2a6c024c2f0cbc787ffc8e51e577331404897,bd35396917422298bfbb6f31cbe2b63ee55f43c9bcd7ba317efa41717036123b,fdff8515343716f6988161e0a822860873978f03782d7df5e151cc6d91e83a1e,HMAC-SHA256-DEMO,AUDIT-2026-05-STEP3
559,be86684b872bfb734155153b,2026-05-30T02:32:00Z,REQ-000559,bcb4468affef262ed92897ea,STATE_03_DIST_03_PS_03,698b4ee210401c7be744cc1d,escalate,ESCALATE_PRIVACY_SENSITIVE_RECORD,P-2026-05-STEP2-ORACLE,5f7c2bfacc77a3452a56d73364e2a39965f0d2e264fb19a1ca7f8c1cebc9756e,6cfe7e60ff229f916e21132bc0a04cbf4579fb9908991ad71a34c1cc21582d6a,0991ddd12d25b36fb5be7de9765b77944de732548ec3c111b0c67fbcaebac24f,fb8e79b123685b34133c2d52619fdb3343d762c6cfa015f8a3e9111bc1bc7073,8d4b09f5365ae86bc766a66a888edce0719c3b11988308e3c43ad3c65d795c75,bd35396917422298bfbb6f31cbe2b63ee55f43c9bcd7ba317efa41717036123b,94312f8237f45fab6e9106cdf196a4c335ff26fb15cf67eb9fe72433d5d9433d,90ccef3bee1fa1f9e8dc42d8c6df8c642b6a740852809835057e8cc7919178cd,HMAC-SHA256-DEMO,AUDIT-2026-05-STEP3
560,9c224f09b42d36f1e1baa4c5,2026-05-29T17:20:00Z,REQ-000560,6aacb3c44032122c078cc506,STATE_01_DIST_02_PS_01,4ee73ace57928929f1ba50f2,deny,DENY_STALE_CASE_ASSIGNMENT,P-2026-05-STEP2-ORACLE,15498a228dd8e7182c0ee5f70f7a2e478bdfd5e42159af357dd1f242c0a43470,fd1958788ce5caeaa6c73ce85d55357e35c5cc04158b3d2ab21835268a012854,2bb01e203aa0db35e17dbe05aa6b8a611e82610f32d48123f0224d14faced4b9,1d7ecbd5de40203969ee89ecc86c8f816daef8f1a2b7fa89e4d1755892273be2,c1c96db3768d770ac37704e8d7ae47c288bc2b3a6cde0b5377cd4403b7261cba,94312f8237f45fab6e9106cdf196a4c335ff26fb15cf67eb9fe72433d5d9433d,7ea63f2363d408a58cd04902fc7116ff14c8c94816b3b6962cd4f56d8e07162d,e4085edfbbbba257d69fd2104dde617b1ca769ee04edfa58341a7af9953222f1,HMAC-SHA256-DEMO,AUDIT-2026-05-STEP3
561,e1638e804ca183bdf1601ae0,2026-05-29T08:06:00Z,REQ-000561,c5766246d7388485ac5c149e,STATE_01_DIST_04_PS_01,e3e5b4041ee0b486122ef35b,deny,DENY_INACTIVE_CREDENTIAL,P-2026-05-STEP2-ORACLE,313b80c13da815237b3cba72281fe23ce00b737daa2a8b68d1579fd28c21bb0f,28d2fff648c72a68f379f8d1f1795865c74ee6f27f8f1004b23c278557728ebe,b04c3a8e701d7c9d236cfced1c83eddc3f939a3229be8a2846689d8680fdf4c5,356e0d073e98d207280579cc7d5cfa9e868fa1f53589f4567cc094d89816685a,380a4ffe967ef3f4626cd459a2cf420aac4953292102d79b80b03ff479fbc858,7ea63f2363d408a58cd04902fc7116ff14c8c94816b3b6962cd4f56d8e07162d,41c8fb93a536f34001d39738af2be8d9975fc98269c3d17f3ba9ad7f73698dae,8a801032e48adb3ca7f6c98d03fc950ca52d0073af1098af3c310c797b713bdf,HMAC-SHA256-DEMO,AUDIT-2026-05-STEP3
562,66250ae531f960789f3f00c9,2026-05-31T16:24:00Z,REQ-000562,8fe1499c5ed9142abbac6485,STATE_02_DIST_02_PS_02,ca90f42fb360620381782a1e,escalate,ESCALATE_EMERGENCY_REVIEW_REQUIRED,P-2026-05-STEP2-ORACLE,f915c5ea02f732d3c33f971b07cc9de5f32aefee1cf93f2f1a46704d55004b25,466082baa94b0dc0c1e39bfd9720210b3bb837794bacf5fbf7c761f405cdd4c6,3542f4a9b14f51b5d745eb7600fc3564fc3b30ac2a0744331f51e79dd7d7d755,c8b7b3de050c3a5ee826f53b7ed76aa109cc7675773177fdc0f73e28db87643e,892bcbe1c479d81b68b8f3489acef01c73c02520e04db66c500e99a0fd587606,41c8fb93a536f34001d39738af2be8d9975fc98269c3d17f3ba9ad7f73698dae,16c0a222b19fa76d9593f5403a9a9feb51348310c400079fd563abe8da4b5822,a99f7ac82ba0888fdb6870acb540d3b53a9c5ce85db026c814b1557ee21f8dbb,HMAC-SHA256-DEMO,AUDIT-2026-05-STEP3
563,f684e6e49ef747a5580ff12d,2026-05-31T07:13:00Z,REQ-000563,97ea02f4f8fba926781c7fc5,STATE_03_DIST_01_PS_01,ca599d02bf178b76d92d8a98,deny,DENY_EXPIRED_APPROVAL_TOKEN,P-2026-05-STEP2-ORACLE,3fba6e0361f27807303dddf1358e7575554a6d7e8fb78d0244851b45903b300e,ceca75f816af753c4fb71dd3d270c9f458f24a964bcce86939804636a0a39b19,2f0dd6e7047d397c1459ec2582badcb215ff8b8ba71aaf1deb26d2dc6786db60,a7219556e8cb82c5599cd64d596f4a4596f1e4b23b32c3044fe6f60fe6389a51,a94fd18c8d60e3d093f21d354c19e66796df711ad5831c39d306bb177f7a2b78,16c0a222b19fa76d9593f5403a9a9feb51348310c400079fd563abe8da4b5822,c08b40676686c36c158f18dbce04c0bf8000ac0e911e6b6cf0e4844849295e3a,e04d38831ee9fb1f68b4a869d3cc61cf93d02984721278bb95c8a542d9ac692d,HMAC-SHA256-DEMO,AUDIT-2026-05-STEP3
564,d95453a945e9a0fafcdb2084,2026-06-01T02:12:00Z,REQ-000564,69527641f80b28a01bb229b7,STATE_01_DIST_03_PS_03,c1740ac718e7a67336db95d9,escalate,ESCALATE_PRIVACY_SENSITIVE_RECORD,P-2026-05-STEP2-ORACLE,f8a5da8951757ab00f58185cb9b0a5481bbc1753d418acbaac48974cb5bd7404,5dca56963a7fb0648d4b3b256f34bd79265f22b479bc6c6b996a2b9778020e0c,4acec008e68825b8d1e9f12253cb8b217b593adf696565fadc0f9471dd939b7b,b13c238487560b5568bd29c9d0174541c8d91ec43ad1d46a0152416442548a37,e11c6117b5b8089d31c0dddb836cdbf9553ba5f59e576448ac2c042dabca3312,c08b40676686c36c158f18dbce04c0bf8000ac0e911e6b6cf0e4844849295e3a,18c925a5dbda76b66ca99be77450596186d05d1bbf7ed5c58bd24af00f871b44,bc4c00fe4decf235e753e83c7c80dc791412322f6f744125210379f1a0d07c45,HMAC-SHA256-DEMO,AUDIT-2026-05-STEP3
565,c6e353613a0bd8d268ac337e,2026-06-02T06:40:00Z,REQ-000565,7e3146ebb6c4e9a4f7f4cfaa,STATE_02_DIST_03_PS_02,97b25092037eea00eafba145,escalate,ESCALATE_PRIVACY_SENSITIVE_RECORD,P-2026-05-STEP2-ORACLE,37523cbb8b919a433b2426d14c6781829056bb000505c3266fb4578ce9367352,4f0364a78ad0ba3d5109d1475c9285eb4b6f9cb946139f417f7c035737638800,006ebef3016e559ae7838c0b53c1c3846f364c5b8add406a2149af58b4ac7f67,3e6fd0a8c5c801e449aac9e3ee309685783a3994c645100cea655d3b01949e46,79747da0fdb2d0353a11bdb27d7128c57dee39c1a71459f2267f3a0e2cb7a14e,18c925a5dbda76b66ca99be77450596186d05d1bbf7ed5c58bd24af00f871b44,bf36d2e82036f08190abf6f8b916646775340fe48a123707a5f9a5fe57eb0636,e70616fceb81dba815f6204e4223b75934cf227ca32af1402533f18143606d1c,HMAC-SHA256-DEMO,AUDIT-2026-05-STEP3
566,3da7d301a6d3ed03d95d63d4,2026-06-01T02:38:00Z,REQ-000566,7dd10e346a2e773cbf9da071,STATE_03_DIST_04_PS_02,233ab22bf4c19087bd09c1f9,escalate,ESCALATE_PRIVACY_SENSITIVE_RECORD,P-2026-05-STEP2-ORACLE,eaab52c77e515e14374016e1bff293571efdebfde3ce09ca0d1c74ce574c5275,073804b01cc73c30541291d4a669a09c42760718e2a191be915a96e4a20d8dd0,bf6136d151462c6cdb14617a6db2a7a5bc219fb7421564baa86670e296600bb8,e0f997c3a064ea402fdcbbe682c04acf6b27d25b08ee261113758476a6c96a81,4aedaa26e1c57ac472f6096159ceaaaa846a0091c1b69b2c2b32bf9c5337919e,bf36d2e82036f08190abf6f8b916646775340fe48a123707a5f9a5fe57eb0636,4799cca369ac016f360c7d69377f81b49b675deb975a060e97a3d96d2f9d6c46,f34ead7a8f3fff82fd5af4a8168fcda63e49cc739fe24df6bf47ce401463385e,HMAC-SHA256-DEMO,AUDIT-2026-05-STEP3
567,63bc87de44f9ecc8a1f1ee60,2026-06-02T07:12:00Z,REQ-000567,100ec956e3b5dce60e3db6a6,STATE_03_DIST_02_PS_03,0031d7cc69231177ee5472a8,escalate,ESCALATE_PRIVACY_SENSITIVE_RECORD,P-2026-05-STEP2-ORACLE,8d320867e48ee85ca25364ffada8b6344d33d6d32e3e6627f9c6d9434dbb1699,a63d2b5e0a193dfaf6598bc57721654665f66c5c1180b05457a2915591f169a5,4f38d4a02aed160fa7483561a436e9ce0afdfa92872453cd3f431ce315215ceb,0d41172957d1e2a9205cc184fc70f45f1067265c3c67e5eefd79146c1a811a49,13dced3b566367814b5e22ec9fac338da926bec57bc95213db2e0185049d9074,4799cca369ac016f360c7d69377f81b49b675deb975a060e97a3d96d2f9d6c46,a63cfe7b2831ea2680ca9c8e915ddda971c71fe4b8b319a465d90e6c32e753d9,b3774c21c4b5c0d42accb1704b3d09f8546c5510e566eb6a0f9a3da557134c6a,HMAC-SHA256-DEMO,AUDIT-2026-05-STEP3
568,05466413e3c5ec3b492c1d4b,2026-05-30T03:44:00Z,REQ-000568,3a0f3bfd087110a0cbe914c5,STATE_01_DIST_04_PS_01,097a777f9c4bd6dbc56eef69,deny,DENY_SEALED_RECORD_WITHOUT_COURT_CONTEXT,P-2026-05-STEP2-ORACLE,6cdd89a4f4bcd5fa7b45ef7186633a8e963e0e9b4a41a0c8e65613ca489be846,10b22365a5345060fc18bd64b3fffe2e98a16949c592fc015931f9275ee1b70c,97edc8b408751dd70b4d011c4ce7e1e48f44906da4b1e87043400f2bb3cf3918,5853df556019c8d9506a5cee62b9dbf3355081824453a4282915863041b1a701,233858081dcabdb72c42076b7dda7144a98f3fc2288fea7be4529d037d0032fc,a63cfe7b2831ea2680ca9c8e915ddda971c71fe4b8b319a465d90e6c32e753d9,c2cd927b368b63047a1e6e9fec73997b755062fc16fad248aae080f6d457f21f,6ac7f754da5480c9a87783d380a33ecbadbf7b8cbffb71fb201acfeb4a7cde5b,HMAC-SHA256-DEMO,AUDIT-2026-05-STEP3
569,49aa86840a2172cd06919918,2026-06-02T07:44:00Z,REQ-000569,058b6ca906f6f017cad2b2fa,STATE_02_DIST_03_PS_01,7ab966a49d5dae7d5e0635ee,escalate,ESCALATE_CROSS_JURISDICTION_SENSITIVE_RECORD,P-2026-05-STEP2-ORACLE,0bf80b0544359a011acdfdfb4e33a36b907dacd03cac8fdba1d5d462ef68521f,420c580bff81da425605e6682bd78727192caec89d880d9971da6916582eadd5,f002a6c837700687201c3fa3b30f71172a1ab24d8dfef41d8fc18a4923017fa1,cfd2a65056538787bc55ba86e38abb35bd70534ad29ce6d6d195992cb25fa98c,914199fb187bd077986761fdfc775f70d47f0490d01cc426d9b02ac9beccf73e,c2cd927b368b63047a1e6e9fec73997b755062fc16fad248aae080f6d457f21f,03400277b7b7a11c80cdac38555644cd3fa22e9ca9bab83e732c02079201a668,e901977bd4d56a27b9e5dc349ab7407725a8e95380af911f5431bda3872d422a,HMAC-SHA256-DEMO,AUDIT-2026-05-STEP3
570,f447ce6ba754578597d5bb39,2026-05-30T13:30:00Z,REQ-000570,7ea4c7cce178f9ad9715431c,STATE_03_DIST_02_PS_03,7bfd9dd528a8617439385c28,deny,DENY_SEALED_RECORD_WITHOUT_COURT_CONTEXT,P-2026-05-STEP2-ORACLE,0ddf2a7e7c1940cc89bbaa7917e552ea9f69f5134b86ae677dbf171e6691b81d,d66510c9f2deac18f4a0600b0cb01dcfacfff792f8ac2de2caf69847a4b1fe45,e621ad1511cd660c7e4d175dff1aff86bd06106278cfabc784aca9846fe0514d,ba610d314ec124eed07aadd451b4bf21b31d527ad9c5dd6462a491edf09af17d,8771f31fab2d18a4a8726321dd5c3640df610f9a354211ae28f5d897f01d3908,03400277b7b7a11c80cdac38555644cd3fa22e9ca9bab83e732c02079201a668,214efca1855f76e866ea8da6ed7c5611784f4b8810993f835959b269aac223bd,2396d07e0aa20feb597ac2413622811f0c64e43cf8008780025f07892e0aae5f,HMAC-SHA256-DEMO,AUDIT-2026-05-STEP3
571,9e9e183349242fcf5935007c,2026-05-28T04:33:00Z,REQ-000571,0cef9a18606529b664cb0b3f,STATE_02_DIST_03_PS_03,603952239175b0f17942d266,deny,DENY_SEALED_RECORD_WITHOUT_COURT_CONTEXT,P-2026-05-STEP2-ORACLE,7be5de2d45f0461e8cf6d58ef4cdc1c0437e19fa477adfe142802a54f0e403f9,b99e1075246b074e0d89b94b82e98856ff07952a8581c8b089425b2592b9cf0e,595299f39a490421741bb3e0d96e4728b3f721fabf2ad6f768fc700e638685e5,10672d939bff06f508ff09c3f6b86a1c696e543b3310d0041b799652bcf9cfd9,dcaf0d3564d8c7bbd8560a4f3c7fd6f4b1a41cd11d84472fd5c9859efc196eb0,214efca1855f76e866ea8da6ed7c5611784f4b8810993f835959b269aac223bd,46ccb41c8a08a6a722dbfa85fe5487f611ba3241c0ed268433c3ddadf30d9736,04c93ba19e4404bd804d60d09568030e5ec03ace8c0b632f40606207f521d378,HMAC-SHA256-DEMO,AUDIT-2026-05-STEP3
572,82178ee3ea42b7c43b2f8dcd,2026-05-30T13:48:00Z,REQ-000572,69527641f80b28a01bb229b7,STATE_01_DIST_03_PS_03,3122cf020041be5f8f33a172,escalate,ESCALATE_PRIVACY_SENSITIVE_RECORD,P-2026-05-STEP2-ORACLE,94b0df7abd35edd4db52abd6ad37310aa8e4dc6fdfb48153ac2b2550c90bbf56,287294afb6a400b08cddb3f6f0ca53976728bffe887d9503920e6944ecf710e7,ef211bebfc258325e96526428b3ba5c8a6ed4c6508952ab4e8d88ff93a059650,e599046a03de769b5d4f0a8e382851cba1b28c18fc0d942a458a576ff31de03c,ea1fc1a5cce32ccbce5feffa266a49a266e3cfee9811e6784c9889108d17a7aa,46ccb41c8a08a6a722dbfa85fe5487f611ba3241c0ed268433c3ddadf30d9736,1e75cd5ebc05273f45e5ad955d0b618850ea0c59162c76555c1bb8c7b2560ef3,04cb3adf3d68351013e37dd19cdd33f70791394f0ae23c0974376cfaf7e0ff2d,HMAC-SHA256-DEMO,AUDIT-2026-05-STEP3
573,caf2cc805fce85b801f05169,2026-05-28T14:12:00Z,REQ-000573,116125532167435d32c323d1,STATE_02_DIST_04_PS_03,05c7c986bc49b426bf6cd52e,escalate,ESCALATE_CONTEXTUAL_REVIEW_REQUIRED,P-2026-05-STEP2-ORACLE,daa08de96c7495a0114c7be707f34902cdce2cf8dc55b896a6089dcf9c510415,f9538de191e7a96ca7265e460f9b5152b3bef5aa5738665fc64e491440f647d8,ecb8b53f9bc54880c016111b3ee74f258924a36f23d181a7dae8092b7428da8c,5d464d72e110089be9f6ed6bb8ef03975ec36de15321383c37f33c3f82f3e769,67a28ca2646e48a9c536fd0e81d3f19ab3e66bddb3f32819732e37d4c617590b,1e75cd5ebc05273f45e5ad955d0b618850ea0c59162c76555c1bb8c7b2560ef3,6a9006bad757e113b6f7e3abc0ec267660f536949a294f87cde646c2e622d973,06f10e36d60ff10f2f07ba178b3e762de6e8ccfd04dc48fb600925e4526842bb,HMAC-SHA256-DEMO,AUDIT-2026-05-STEP3
574,ba437ca1df01c4939b31bed9,2026-05-30T14:06:00Z,REQ-000574,fcd532f0d95281220fe7337b,STATE_03_DIST_02_PS_03,b729cf6c219827bfc5d59f70,allow,ALLOW_ROUTINE_CONTEXTUAL_ACCESS,P-2026-05-STEP2-ORACLE,21c22e7a5d3ef00a4c497cedd51fa725eb2a365866c148a51aeb453c9611d2a1,c3c2c1f3b7b8de789a40f6a1b0b3cab4b6454ebd9ca46edc923d08c192d2acb9,f8968a742a6d686d3c6ac9ec22feaf6e9b63e60e7e76db86b4cb2868943ba52a,323b655592044f0d0fd581e5aef4ae4e15e9ad67dc4699bd0b451b79b3c829f7,48d79af21132e4a2652a515839784eafb1d4ab944badc00b241187560acbc1a3,6a9006bad757e113b6f7e3abc0ec267660f536949a294f87cde646c2e622d973,858b909c4089ab97354b19ebffc9e50a092c593770eb3cd18aee31565cb6d693,7c99ea71b71a2103823129a3c7ff43932c1aa02944ded13117f289919972e7d3,HMAC-SHA256-DEMO,AUDIT-2026-05-STEP3
575,f16016c648e04b9d46a5dd0c,2026-06-01T14:10:00Z,REQ-000575,e432fb8e9e7dd060765bcd20,STATE_02_DIST_01_PS_02,9628ec353c72a2aa57abba92,escalate,ESCALATE_CONTEXTUAL_REVIEW_REQUIRED,P-2026-05-STEP2-ORACLE,b778868ac2dcdb2ac17849fe6c0f062a841fb12f72f9f8f43b36feaf16f2c2ed,0d5b3f12bb70cf763b990cc92be9562bf9ba4a9183b759ee1912d1535bda9ac3,cd9757b10a0d48f068a23fae48b1af180023201c3277692c7a01a2df8f208a19,201822db8276cd7ecbc7fcb7c9c5059eeecc8f84cb568f5278ff431b115b164f,52cd280866866e012aeaddeb7b9cbf52a365bd52b2bec26f31179fa64eb2361a,858b909c4089ab97354b19ebffc9e50a092c593770eb3cd18aee31565cb6d693,2327e0b99da131ec9f46d6f5604cdaf8b70e14f5b3c93605f9978d60dcc03e91,f38420592623dcfcc4ec9ccb9a5765fcf8199432f746663ddc8fb27d606aa3b0,HMAC-SHA256-DEMO,AUDIT-2026-05-STEP3
576,d8b06d76c220f06774c639b2,2026-05-28T04:48:00Z,REQ-000576,ebff240f6e7e32e7e9713294,STATE_01_DIST_02_PS_03,1bc2e281d22a91714360d0b5,escalate,ESCALATE_CROSS_JURISDICTION_SENSITIVE_RECORD,P-2026-05-STEP2-ORACLE,2661a4c7a3fed9d076360c950f8fdbda38a634456ddadb79bb012870063efe52,d86801f178d01a6cdc7ae07da23837fe28d683f9c467dc53f3cdbe2eac5719f1,55009a52ccc90bac7b2670c1f6682626fe683acf0bd3da17c7bab4c9a0ff7bc4,72a6f69bd0bef3803c67918f38bcca0820d7295da9274069cd5ef55cf09d4dd8,a7971b7e924bb0409ebdae12ee1a028d56a69c990ff95c048b98c843990c487e,2327e0b99da131ec9f46d6f5604cdaf8b70e14f5b3c93605f9978d60dcc03e91,fcf0db8b51d2ff0f5d9b2e48d81fcfe025bfe67321038ca4b83a1a8b70b46f8a,2477811d2f2394ad20dae1353f1aed1bea14341bde28b1a13a57f5dafc094785,HMAC-SHA256-DEMO,AUDIT-2026-05-STEP3
577,48c78a30f202cd7c3681faa1,2026-06-02T09:52:00Z,REQ-000577,4150a8ceaba40e213683ea41,STATE_03_DIST_04_PS_02,824a794b4e624def85c96265,escalate,ESCALATE_PRIVACY_SENSITIVE_RECORD,P-2026-05-STEP2-ORACLE,dfca39526706fa360c859c934ddf89e2134b97a3adec85962cc1efb7baad3f40,e8fb018a86bc6b40aa20273b5ccd049e43c9bb00779348bb7f6a12fe91d6dde9,0f21125df35a5eba9b6b440182bfa81302660e21f3911f8267c3b096f2fcd247,b3e288636d3249021ee4fb0f242b77fd9d254195d1b6c0aaa5a2f00ea727ccb4,07d3550b484a2618aafe5be725e05919bd4b972deef2a38fd7a9df3a0e9a6b4d,fcf0db8b51d2ff0f5d9b2e48d81fcfe025bfe67321038ca4b83a1a8b70b46f8a,05f9d1f8656ed3c9208c274ad1f639f732ae173345cf7de70694fbfee981418a,9fa95d3e5aaeeca1380952081e13af56957066824363de4dbec95ee28a833396,HMAC-SHA256-DEMO,AUDIT-2026-05-STEP3
578,467e7c3d52b71b240a3c38ad,2026-06-02T00:30:00Z,REQ-000578,5d29ee05d50fe82bba4375d8,STATE_02_DIST_02_PS_02,61e633b0b3b0ef9d8ed2391c,escalate,ESCALATE_PRIVACY_SENSITIVE_RECORD,P-2026-05-STEP2-ORACLE,b0c7b9fc76ab14e209a1bd429711a50fe4467c2ce14b34648951c38e0b0d5791,36e0fdb662e36c3e6615605c270d550400d2fcbc0e2ce96852e544451fb91391,a46cefa6f0f4ae92c77ae6d559000b903b01dfae87fccdc856563348ac9c9a57,f57a44f9787473916c598595d05a8ba8e66de5ef4db1976dc57d78a8fd4204e5,dba7484395acd787dca999f261b59a772b52e83c3bd92e884fe628ee8b84c464,05f9d1f8656ed3c9208c274ad1f639f732ae173345cf7de70694fbfee981418a,96a4bfce0d76d766c831f3ce055fae458cece94eec6e24305fc4b292e8b2a071,800babb33317fe346ac3f52d51ec3406e17163a24da7c882251988091e81cef3,HMAC-SHA256-DEMO,AUDIT-2026-05-STEP3
579,033631368c145544e9ce1e5e,2026-06-02T00:45:00Z,REQ-000579,1dfcf9ccdf6fab5303a9e921,STATE_02_DIST_02_PS_03,ca599d02bf178b76d92d8a98,deny,DENY_APPROVAL_ACTION_WITHOUT_SUPERVISOR_RANK,P-2026-05-STEP2-ORACLE,0d5f1b244ed816a5dafcbb57d6e6074b07924c0ac699eee096c70b4d0b438d7d,b2e201cf0aa8d7063d5f42afefae1af4111670b8f961ea1e610c86bd01037619,2fb2bf39147b9ead553a3da915b2c4db8d44bf0611173e447f926a23fac3d78b,872559fa764c2a080565dbe5bbbe83165597e8e4441d9341222ed8067686b178,7855b91f179b23822fa0c764eea7c1fbaa3b8025e7ca9d6be05c62ac6020664b,96a4bfce0d76d766c831f3ce055fae458cece94eec6e24305fc4b292e8b2a071,69143cd36dce5c3f744e461a353983296f63c43ac4aba06134537c4057d1359b,d288e5db9c3c440172b799e90e9d0a366319f95865f198711619f4eadf9c5637,HMAC-SHA256-DEMO,AUDIT-2026-05-STEP3
580,72d4ec6685da5488c7e2c4d6,2026-05-31T00:40:00Z,REQ-000580,29e63067f87e22c26e60f375,STATE_03_DIST_01_PS_02,fa5da650d6cfd54f2bc102af,deny,DENY_INACTIVE_CREDENTIAL,P-2026-05-STEP2-ORACLE,9adbc218e399e66b0d32261164ea92a80b52633527a587bba82bedc3440758a2,5e00d62d1a99920ae87835b11b178d6d749cf9c935f855c0756cccf5110be373,34681f3626df041b6c953e6173188a32e0427d553d7b93201f975e31a421cb9a,15ebe4a8f6b49ccebf807b3cd35926cf2dbcc166094ba340dd3dd05862f4194e,35501f5e003af8f844d0e19963cf86997fc392a716ec4f359dc5623e0bddfd06,69143cd36dce5c3f744e461a353983296f63c43ac4aba06134537c4057d1359b,e730853bf99b30c65f0147fa24cb99ff12b415b3dc471045f73afaa7e4031dec,fe8f2ceb8e2ecb8be100d1159104389e5b5facb83d1a5072d515c45f4d72dae4,HMAC-SHA256-DEMO,AUDIT-2026-05-STEP3
581,5300354d9d027dca9799e35c,2026-05-27T19:22:00Z,REQ-000581,ed345e57c83b3d1c5b2c2660,STATE_03_DIST_04_PS_01,e6432b84b4aeaadc5136f9f0,deny,DENY_SEALED_RECORD_WITHOUT_COURT_CONTEXT,P-2026-05-STEP2-ORACLE,4a8248940dc9907d283956123228d01cc00a874ff529a38b09cd263d27d0142a,d650be1ab5b147deea77b14199f3e32daa0b056b332991e5fd035a1a71bcbe66,cc8b64a2b6b8106dad613c584e120defd6c40292c2d973d8e8b9be868077a266,c2ce227ea74ec1df6b90ee9285ec3189108e3e62f49614ec618a19b3fba7845c,35999751a50ab2ef91afcce033b13089b6b963f5f1e085e47747dee7578e1d12,e730853bf99b30c65f0147fa24cb99ff12b415b3dc471045f73afaa7e4031dec,134da521ea3d4bd8982997846849abf626c034122c212b93bea70bb20748408a,aeb624963b9dca319c3bf8a5035d6db9f88011d483cd436e1b199d5dc71d5fe5,HMAC-SHA256-DEMO,AUDIT-2026-05-STEP3
582,c51ab34cb1d9e8a021cbfd40,2026-05-27T19:24:00Z,REQ-000582,1abb810c99dd60558b095f4d,STATE_02_DIST_02_PS_03,04edc1d43e8b573e63bbb971,allow,ALLOW_ROUTINE_CONTEXTUAL_ACCESS,P-2026-05-STEP2-ORACLE,90dfefc90e6f3f56f7b834786a30c06ce42d129a7ed38532c2908e7815d3c34e,3dfcd3f20d2e6f6d91540106ace37c559057929755e50e3a1c9362b08a8cedb9,3f318e43f87f23bd85b6b687ef826f5997a56dff5e0c24ec209213753745bff3,ebaa0abff86a0fa45ce32826c08c50340448d472960ba09d9c9aedabf9f9857f,a747d67c854fcbc167eb6d829a4e9c057de75d9f78a04f55dce10de0e15b916f,134da521ea3d4bd8982997846849abf626c034122c212b93bea70bb20748408a,03e9ca013efc7ebeebbf09492d3b9280178ea5c45a9fc21fdecebc439dd1f00c,be82ed372d9e8d8548aa87800051fcf4060ef91d962047b2f33dbce9334a3c77,HMAC-SHA256-DEMO,AUDIT-2026-05-STEP3
583,b27f780b97e0cae1f29fe8b0,2026-05-27T19:26:00Z,REQ-000583,cdb37082bd33066e73ce6a23,STATE_02_DIST_01_PS_02,9d51801e576eca4c5772ef00,escalate,ESCALATE_CONTEXTUAL_REVIEW_REQUIRED,P-2026-05-STEP2-ORACLE,82695b84908f00b368f41501bee605690b4037c3f9267b2d1d45ce3c4f370155,289d6c9618c06c399777f307aee4e8145313c1add6b2031184214914677d67af,836af7dd1ab96f6fe1a49700cf070dc91309e53f06eeda8955cc51f43218ea92,fbfc766a8cfdbd509d5205aa87a8e2e93aa57efe80ab309db4b93a7695573b6c,2238151e0e9b72c6503593856370e8de78d399f06c0a7f40d11503cd2741056e,03e9ca013efc7ebeebbf09492d3b9280178ea5c45a9fc21fdecebc439dd1f00c,5c0f66101030fbd7f76c464933f676fe0b23df4d60d5b2e654bb2ae0993e655a,8457d562855cf2bdafe6fbda874b46806142360b8a30ae5296494d2197dce8c5,HMAC-SHA256-DEMO,AUDIT-2026-05-STEP3
584,74ec8f343b34544f106597b3,2026-05-31T11:04:00Z,REQ-000584,2deed09bfdff4831b0bfcd1c,STATE_01_DIST_02_PS_03,2867d85e6650cddfa2049599,escalate,ESCALATE_PRIVACY_SENSITIVE_RECORD,P-2026-05-STEP2-ORACLE,2808312ed04b43e0b5a6b1a77086c3d2f90751c02ec73cbe4c75b991af277a25,b5b5e3112e4610dd89b57aadfacd47655323594d4e50c48023c2381c20e89c9b,c08e288ea1d598e78f1c2a0169b7295a919d32cc62d09ece16ad49ae1662d91a,b029a06813a72d647da1ff63bee9e97e73b85166ce178885a28c741e551a229d,926713f625ad7d894e81d21a279a09bff4dd6f63a7b6ffae8ccb3e6d7c90c720,5c0f66101030fbd7f76c464933f676fe0b23df4d60d5b2e654bb2ae0993e655a,c072d358900678cf449c4831e81114e00b9477220f40c543f80a1e587221aa36,7edb22ca3ee04c7650a59cb11fcfdb9df32df3674b1956a69055e97fe341e781,HMAC-SHA256-DEMO,AUDIT-2026-05-STEP3
585,b7e6594a516b8c73733c9bc6,2026-05-27T19:30:00Z,REQ-000585,b0f05da9786602e3afcbd606,STATE_01_DIST_01_PS_02,be9170f1e4ef771dd8f13b83,deny,DENY_APPROVAL_ACTION_WITHOUT_SUPERVISOR_RANK,P-2026-05-STEP2-ORACLE,7101567f19453309e6c5b5c19414819cc945c9da6c23ab405919a39d3a2749e4,592b7c2b16c3a4c14f9cd1c7653fe2386bf359dca93dc15335d918c552b55b57,c1159b07acb54cdb7f105b80eb1ae41f0513236619b46f293d278622781e9e04,f2760b9c2fe8991cdbc8e2a4e5815f3cb72f0be11376ce67a08a2b9ea5bd0930,c16247810df96ee8575fc32ccd590d3990fbdfd54e28ebb7e61ae64c0fd17d6a,c072d358900678cf449c4831e81114e00b9477220f40c543f80a1e587221aa36,a439bc7b5cb2bd983b12b33c4dd5b1dba0de6cb06a204fea513282adf7005d90,2c75320d0f1030ae582f4cdfb0a199c1f0932378dc522caa5847b17f083e544d,HMAC-SHA256-DEMO,AUDIT-2026-05-STEP3
586,755da895d27329540b37c655,2026-05-31T11:26:00Z,REQ-000586,d3ba9e82379b9a1fa09b884a,STATE_01_DIST_04_PS_02,73a955fe3375c918a3bfc978,deny,DENY_SEALED_RECORD_WITHOUT_COURT_CONTEXT,P-2026-05-STEP2-ORACLE,a5775303802c62550bb75f8467249d75a6fb0fc3b4f695d680d5d3fcbec400ba,9296d2898b4ed4bfb2a4ea1a726d7e39da534776668f38c160146986871311f5,40b8a44275cec789c46a0af1dab7c24f1f38b8204858d13d31028d25373216f1,3ac478d2d2a4f9d48bf77039402da1e31d36a7dec3f061104500f768f3efbb3f,211d20737011500f2f8a4f7a2bb806852e966d8567fd39cd4b9f0cec0496aeee,a439bc7b5cb2bd983b12b33c4dd5b1dba0de6cb06a204fea513282adf7005d90,dbb21628ada7a5ece23f1c733f18e3faaeabde82c9daf8aade8a4fa09820944e,6d25291c5538a771406b6d799d0d74919b855a9aee51a600cc92763845ab88be,HMAC-SHA256-DEMO,AUDIT-2026-05-STEP3
587,50fad21a81346a78e92b85cb,2026-05-29T10:42:00Z,REQ-000587,4abc3e055d213fe06ce85aef,STATE_03_DIST_03_PS_03,914f52ed6bc74e7b0a273b32,deny,DENY_SENSITIVE_UPDATE_WITH_LOW_RANK,P-2026-05-STEP2-ORACLE,a6d5dbf07065ad633ef2c0690856a7e4d5aa19ae3277c0b6996e52fc0d40dd9a,0513171bc46956309765430fee5d2f0f4adf0786d4eca508b8cf1ea8d2c104ba,6edab676ff7999a49149385ba45998b7331bf3665fbc8f6581365e98e5f4a48d,3a6aa68ca8eea90f600cf0b30452e099a43db79140a905b2fae6ea33fdb2fa2c,89f9608033501ea81379b79a42ad066f272b2a324310209ac235d533a6c5d2cf,dbb21628ada7a5ece23f1c733f18e3faaeabde82c9daf8aade8a4fa09820944e,ebdd46822b9c21b606a21a510e0c56ad9cf721e067c6908a9e85642dc55e9487,abce98eeba0bdf0fda03211004feb33847adc33f6f2a5df4b012cb7da1e26eb9,HMAC-SHA256-DEMO,AUDIT-2026-05-STEP3
588,e97bcb72b08def54c9447d5e,2026-05-27T19:36:00Z,REQ-000588,ccfa52e7df949ec76b129260,STATE_02_DIST_01_PS_03,48cf890fe5e2b35e37ba9f33,escalate,ESCALATE_PRIVACY_SENSITIVE_RECORD,P-2026-05-STEP2-ORACLE,9af6faf9f775a6e6d07920ffc15fd837c7c98f3c11043ec8255ed73efd6c44af,519e63f5259c471df6e83c0014d80e9f717fdb50ffd23e1f6dc06e3c4042eb59,fda783f5724b9fd2317db3b7059f305b62517201009bb13ba953c2b191c16474,cac747f830cb0331efb28f936de20023dcc30fbfd3e3cdea3ea4c2b87308529d,a60548554b6d099083439ea1e2875fdb3bc7a677309c4aaa126693e7ada810d2,ebdd46822b9c21b606a21a510e0c56ad9cf721e067c6908a9e85642dc55e9487,2f007669a510f774f9a3221737543052a7b39935a6646467d6fe8cd356eb3a2e,724ed1e4c6c6c87abaaaa868e87449ac3155b65fec14f41afaa3ad3aa5d29932,HMAC-SHA256-DEMO,AUDIT-2026-05-STEP3
589,2f46e017cc6dc45c04e1eb88,2026-05-28T05:27:00Z,REQ-000589,0d893c2441da140e8c46fc54,STATE_01_DIST_03_PS_03,e114683a25bff76e8e848d9c,escalate,ESCALATE_PRIVACY_SENSITIVE_RECORD,P-2026-05-STEP2-ORACLE,8a14c4aff1a03e329b158797b67e36594b9b830e815e4814c8aa3fc717b5d0aa,4865259d91e8dbd9809cde1c1baaf6f4e654a0c619f4acfd7aa93101bc6402af,816a4d9261b3fa6e1ed92fb0463244839f57f0092618a79997fc2154545f834d,a6108a19cda5d9a373ff5a49ff274f5dda5dc9a2f7b8cd4bf9589a8c5a7dadfe,bd72cb64b6a0838a833238c8ba80a53876a8f6ccc5c69f71875db2dec0ca1726,2f007669a510f774f9a3221737543052a7b39935a6646467d6fe8cd356eb3a2e,d8119c657cbbfded162768558a4c501008926da12430a6a2876d7916a16e7f88,c33017768a6c9cf150251d896e027a876e6a8f279cc483e55e248f86bc3b2a31,HMAC-SHA256-DEMO,AUDIT-2026-05-STEP3
590,e6c937adf04e05bcc4693721,2026-05-30T16:30:00Z,REQ-000590,b5c2c2becf92b9e253d997f4,STATE_02_DIST_01_PS_02,19a7c92363fbe8fe785c9ff8,deny,DENY_TRAINING_PURPOSE_FOR_SENSITIVE_RECORD,P-2026-05-STEP2-ORACLE,04dd3c5806f7c138a07a418b4e43174b3a3df8733bc362f0f8373c47c82dd32c,061b9289ebb78d8d965d64b29d976382f6252cf80c7d41da5f3f39655eedcc4b,30ebaf9f69f9d8879913cf583b4540aa4c83cc90dbd9b0ca03dc42abcc8ce8d4,1088eb7e0fce52ad564ba678a6043e92d0cbc88f03a8a0647086d4d28079d3f1,355f390a7f7df5faf27055221fa6e5855172478ddfbe00bc1d712c824f9246e9,d8119c657cbbfded162768558a4c501008926da12430a6a2876d7916a16e7f88,f16a0c2632bb32c2651443fa80a5995fe34525f0044c996bc2e56c58b4c4881e,92ec976cfd59faec201b9409acca07ad271f01ca2d19b42780c839be75f285a4,HMAC-SHA256-DEMO,AUDIT-2026-05-STEP3
591,f4c7a2de49a08b3ba289a20d,2026-06-02T13:36:00Z,REQ-000591,f1533940112c34367e3740e3,STATE_03_DIST_02_PS_01,570fcb5882c79818b6fa7ccd,escalate,ESCALATE_PRIVACY_SENSITIVE_RECORD,P-2026-05-STEP2-ORACLE,b0d4022e8c3ad5aecd6c910d08230bf30d4ddf984fb98c16c55c4e77d3ec938c,7547d1aff0ceb49e51f2db8cb2ed51faba5d7de2592ec2b2c8db8e92083604d2,05061ca1aaa0c1312d1dbf9ea1764e74519569fc7569759237515fe6b63501f5,c97c2b6fbbaf740536c2a34fa6f4ebac9cc553939a99aed06d374715802a8361,fc7800f23dfa455e0a85061a5fe22c74b45a9bb65812267d989a41647e455d2c,f16a0c2632bb32c2651443fa80a5995fe34525f0044c996bc2e56c58b4c4881e,719eb0cd97a436b86412e509fa667f0f5e03e5e79f4897be4f5ef8025e919bc3,9809429e095b57dd9bf8e90f7e6e21b16adf19d638a10f5324561d6e45eefd6c,HMAC-SHA256-DEMO,AUDIT-2026-05-STEP3
592,6a7108e434aef1bb54e67dde,2026-05-28T05:36:00Z,REQ-000592,2deed09bfdff4831b0bfcd1c,STATE_01_DIST_02_PS_03,dd426d66ef5f5ae466c5867b,escalate,ESCALATE_PRIVACY_SENSITIVE_RECORD,P-2026-05-STEP2-ORACLE,ad5fd06afd27e2865d5e31740898fd6aa4fa44c998e132b90432afaa4f8bf1f4,a787beb929d95b8a2e3082c981b29b5dc2eff74edd97d1aec886fdeac1e78cc6,1e2067ae8e2d20425c20a49c5e3c6e9ca41b91ef9e1cfa031c8199c645bb64f5,b3c11a13e595abcfe1039e175fedf11790b34d1118a168c93a9eb9209fe23769,3a31a3fad79f55c03ea90704087ed18d823786495cfc045ca5353b0a1ce3c7e9,719eb0cd97a436b86412e509fa667f0f5e03e5e79f4897be4f5ef8025e919bc3,3f4308f8d6794b6205a056f0abba0cc211438faabba9563f4f3dc4c42adfc319,9d169382f7426f7b62fd7a70028c141c03e8489f59145eb8c7b0eb0decfbd74f,HMAC-SHA256-DEMO,AUDIT-2026-05-STEP3
593,2f36c560213461839c871b9b,2026-05-29T21:11:00Z,REQ-000593,ebff240f6e7e32e7e9713294,STATE_01_DIST_02_PS_03,31a9bc92fe67a1f3c2a37133,deny,DENY_STALE_CASE_ASSIGNMENT,P-2026-05-STEP2-ORACLE,e0f1c4e22c8422fefeb2c10eef11abb66b0e6af6a185c7922842370efd519e5a,3a6fcd9f05646fa907a2663197a97e9d6636318e6e88f52814931768baf7ea1c,dcf031a45219f60a73dd16a6acd1db56ad7b2841f4a39ff66dba352cc67e7e31,305af97d1ca70e80be23d6cf57243a45a7c73fdccea6a7a3178a1103c7cbb538,17916359c40963f728e912d1a4d0c624c3d16ffc7fa9a12d4ac826bd004c5ac8,3f4308f8d6794b6205a056f0abba0cc211438faabba9563f4f3dc4c42adfc319,27b1db89ca41777687c37f4faabe7dd8aca14c7758e088f33a6fe7a77dd54774,fe34153cd6d18aeee4ae01d2c06773eee290d7da0fc57e857d756f02ef3bf3c2,HMAC-SHA256-DEMO,AUDIT-2026-05-STEP3
594,17134b1a83c0e9ba86a5eb6a,2026-05-29T01:30:00Z,REQ-000594,fcd532f0d95281220fe7337b,STATE_03_DIST_02_PS_03,98b22e3931eb5eac488f143b,escalate,ESCALATE_EMERGENCY_REVIEW_REQUIRED,P-2026-05-STEP2-ORACLE,8b5c3ce39c3ba0ab37bc4dbbb36b05cedc82d58baac894605017bd46c5ece200,fbeb0f8784097ad5bb20e8ff0fb329b6ebc17e7c10488b78ca6edfcefbccf34a,059f72bdea00cf3e1d03faf93fdc881dafb4beef8798e54d6177202e647be779,f8e3d775dfb084844fc230847abe3b044578b9a58ccc40dfadcb2f967a2857c4,8ff12f20ee7cdb628ce0c3bdd669d8a5869584a7d53ee596a313eae32b2d727e,27b1db89ca41777687c37f4faabe7dd8aca14c7758e088f33a6fe7a77dd54774,8172718564e63ac40c48464d52f8a2d0e2e1b9c8671083c9a85d58522450bc7a,e8b38153d6750577ef0e5f334e132964223c209d1c862a118d48fe4672892037,HMAC-SHA256-DEMO,AUDIT-2026-05-STEP3
595,f7f62aa611bb42a0c0e33c1b,2026-05-31T03:10:00Z,REQ-000595,cdb37082bd33066e73ce6a23,STATE_02_DIST_01_PS_02,5d055af90a40e6e2604a6787,escalate,ESCALATE_PRIVACY_SENSITIVE_RECORD,P-2026-05-STEP2-ORACLE,ecf72d223604b2dd106887ad318f79bd8971cd9edae7ebd2833752a305ef7f6d,d083caa09185b393da685415d96c53f069f286b22a7e37a6242ca4c86a4325e1,ab371e7e136d7ada528bf3aec92259d3fca9b4b53b3fb4a1a89685e0c190b14f,aba3e5bb634d79d527d031857b59abc0d7689facce62aaf8a26956bdbf5c4ee0,8a7e9cfe828a82fb08c9118840d3364270a2882ab78fe5031b930708686fdd2d,8172718564e63ac40c48464d52f8a2d0e2e1b9c8671083c9a85d58522450bc7a,25a1a6301583b3b2855becfd25f42edcf9380a8a5aa8806c7a90e90d53e6637e,efdadea95798214ac65934e3aa51a49dc53ed600ae071b4a100e7cb98c6081ce,HMAC-SHA256-DEMO,AUDIT-2026-05-STEP3
596,786cfe716c5959606a98d309,2026-06-02T14:56:00Z,REQ-000596,36f9518be85535c10000ffd5,STATE_03_DIST_04_PS_01,634985427cd8688fee2b98d0,escalate,ESCALATE_SEALED_RECORD_REVIEW_REQUIRED,P-2026-05-STEP2-ORACLE,ddb0ed01c4f1f388b038784d14dcb9fb6b369acf190662e286563816c40fe453,2e89029edebe33136341cd635de32710bbf9d279e384a79178af69a9938e7bff,9442840c4c3d9b13206454ebc0ba9a9e11a5017713686a54b325ed5ad9fc77e0,b3cab04c5dfdf5f7e08f90b692d418923018c592277c1cea97d8f66297ba598b,fa5678ff5670a7608d5a6bfc5b3046c0320ff3a85c8e6318960fcfa645fd80fc,25a1a6301583b3b2855becfd25f42edcf9380a8a5aa8806c7a90e90d53e6637e,e56c75d46ca977cf3837d7bb14322f0e6c70eb26a6572868faeb87a85af8e2c8,2e34e2ac83a67e46e22e16eed6d6d5c244eacc8ad6ccccdd4db98a32716147a6,HMAC-SHA256-DEMO,AUDIT-2026-05-STEP3
597,9d35f29a8a6a013adcb185e3,2026-05-30T17:33:00Z,REQ-000597,46b29e30bec752302a2d886e,STATE_02_DIST_02_PS_01,0031d7cc69231177ee5472a8,deny,DENY_EXPIRED_APPROVAL_TOKEN,P-2026-05-STEP2-ORACLE,cfc395cb9a09f7238409d8783e6f5ba7bd2594bc8c3f2336fbb559f0df2d2500,36d635baa4d25fdeb0f390625bb430652d2b61830756f224e2c659c7b0dbdd6e,be043fc35551e93afdc8493438f21dc1fd528b29ad7d926af3822f3ce779a298,cedf56946dd8747a7e64dfe69a5f31692a0a1ca832fc530e7e2aaa629e42ea1f,155b28379ffc13568928e655f1f502adca68a58dc5b6be169aa77693407ccffc,e56c75d46ca977cf3837d7bb14322f0e6c70eb26a6572868faeb87a85af8e2c8,c501ff416025ef144c7d55231b499816df6a42524ad467be4bd0beafb00ae337,a156f9156b0f75484b04505e5a8d3c8f10cb63093b838ce83554c43177bae404,HMAC-SHA256-DEMO,AUDIT-2026-05-STEP3
598,bd8aed8e58e621cab858f3ff,2026-05-30T07:44:00Z,REQ-000598,d4da98f8bbaf8c84670817a6,STATE_01_DIST_04_PS_03,4ea55cba83dc306bfa955910,escalate,ESCALATE_PRIVACY_SENSITIVE_RECORD,P-2026-05-STEP2-ORACLE,f2e81399fe76b3a4c0c1884681cc0bb4856f6e91095a9b79010e76f882b0d6bd,6b8b975f67930119b762018015204b75b16406932d00557d43a0b5a44a3ec8aa,9850c7d9cae866e5ee36fb1a4e922af6e51b31371d918fceed9f2b84ed46df49,50f75d74da2396ce7bbcf729e0484cd2768c66d125554495b31c6c0c3611ed99,9a0f96721091cc86f43163d53368e5644d36cd8dd8327b04ced93820fd6144f0,c501ff416025ef144c7d55231b499816df6a42524ad467be4bd0beafb00ae337,f00c1fb0be659fbed6834d325956f0d86e534b370208e6d6182204e8b31d8428,b8cda20be90f32e414aacd01906e2913c4ec4903da9caef410fa23dcff61c08d,HMAC-SHA256-DEMO,AUDIT-2026-05-STEP3
599,13ef00397eafd96d1a512a45,2026-05-28T15:56:00Z,REQ-000599,4fe847ab79de841540c7b990,STATE_03_DIST_01_PS_02,a2fd9c36ffa85f313129726c,deny,DENY_STALE_CASE_ASSIGNMENT,P-2026-05-STEP2-ORACLE,0fcb9761e1ff719692c33a2fea51a45c85d38033f512c7c9d99215b5999914f6,400202d42c17f5710fd9ff85f4ce7dd772e63c2270736cacc468bbd911a4a9fd,b0ff3e1b25ceee970e3c6f5dff3d2589e00d880e0b002c3f1980713c2734bb18,a8ce484796f410dd7267c7a24325b192d19384daf06c6520a4f709dfcfc15757,c3032166bf701e96d6d5182b373b0a006a1b286d45675cd708c07fa8f2d2757b,f00c1fb0be659fbed6834d325956f0d86e534b370208e6d6182204e8b31d8428,a1e1a2ec5f41cf3fd5c431ea414d73d2cf4a08a598d520884e0fcc25bae55d16,a05cb090f38aea0463d508b64bdc33a1f6361d4f7f60a451a49d77eb2f63689c,HMAC-SHA256-DEMO,AUDIT-2026-05-STEP3
600,6a6ca473014632a1322e260b,2026-06-02T16:00:00Z,REQ-000600,cef54734e093447c3864ede7,STATE_02_DIST_03_PS_01,7bfd9dd528a8617439385c28,deny,DENY_SEALED_RECORD_WITHOUT_COURT_CONTEXT,P-2026-05-STEP2-ORACLE,6c79381147a28f4063cc27bdb023d26099a04ad1b4d0e0f1ad8f63d2356d12bd,a5d6b8bd39491c576ea59c43239021f3adc9b20d3d3731b9b8987e3483f6744e,dc60a97b74bb10863874e684e6f794929e147bedd92d7bdeac64bd53db47fd57,c390cf2f46bc61beeeec0a3ca3d114f4623146053ca5623394cb719ba77aef0d,777e1bfc2695fa9d099a3e1ca72ae5e1fe0ca6c8216910241242f79733610b78,a1e1a2ec5f41cf3fd5c431ea414d73d2cf4a08a598d520884e0fcc25bae55d16,f19ccfe9b20f34d9b962f4c419067b5bc0616d68fee158953cd63b1e4a9afd29,f3f810df9440ec7ca91b5551e11ef6a998c1975e6a5722d76e902fbc41144b5f,HMAC-SHA256-DEMO,AUDIT-2026-05-STEP3
601,67e2fb3871b5eadbbb6a3ba7,2026-05-28T06:03:00Z,REQ-000601,cdb37082bd33066e73ce6a23,STATE_02_DIST_01_PS_02,a769243f3130615bff92a92a,escalate,ESCALATE_PRIVACY_SENSITIVE_RECORD,P-2026-05-STEP2-ORACLE,4754ae26f3dc8041a364c245716cd08918e8f59cfc2be09370b1dee397d344bd,89796edcee0c819d3261fcf8124fbe8e45aaf73fb096af39eb52d254535218a1,f88f40676090ff6e99fadda566eca992e8c3892fb530f90c930a17cf79069dad,5d10958e14963ebf54a876f444a18a37a004e05e9cc652040a276048afdbde52,62b3d7d6d783b6775b861bc90de318e3253881b45bddd2c00b75858620555df4,f19ccfe9b20f34d9b962f4c419067b5bc0616d68fee158953cd63b1e4a9afd29,aa2fe441c596466332fa3eefd0107b2e8f6403ddb663dee67ddbf13401d8f536,f68ff5c93b20fafc27769ee2382d4f81bc7e337904d372b9c8dae5145c11ed10,HMAC-SHA256-DEMO,AUDIT-2026-05-STEP3
602,7cf78a1ed87706595a7ce6f8,2026-06-01T00:24:00Z,REQ-000602,0c912fab59a9f46b26c259dd,STATE_03_DIST_03_PS_02,198325ea87b957803b3bf480,escalate,ESCALATE_PRIVACY_SENSITIVE_RECORD,P-2026-05-STEP2-ORACLE,eb58f8a3e59fc6e513eae37c056e3e56245508e377755d06cdfaf6d4b37d67ef,03a35966daa939efebb9d1bc8a243ab32ea2add326fc2cbbee804937762b40ee,0f46e09de936c3a8f5e68783a2c15244b8b596f32be5db765c48b4c0c739d004,c995d80aa7df239faba6ccd519c7e1fa5541804575f57a2bca98987c26327b25,4cbad88c9d885a0c53b68cfddcd26b9a09ff4b60fd3816f67e41023e4b932738,aa2fe441c596466332fa3eefd0107b2e8f6403ddb663dee67ddbf13401d8f536,c4dba3fe72df6639cdee216cc7c5ba43a7302fcf5bff9b908deb6b44ccf96b47,5d440c8b5a6ea59bb8ea92b72fa82e0ea44b6bc128ddae2b133043fb7dfec8a2,HMAC-SHA256-DEMO,AUDIT-2026-05-STEP3
603,c4ae9b1c1e8679c15bd69fb4,2026-05-30T18:27:00Z,REQ-000603,e35de54e8ce29e22aa4fb84d,STATE_01_DIST_02_PS_01,d7d8d1e7e58fe0de6096f7ff,escalate,ESCALATE_SEALED_RECORD_REVIEW_REQUIRED,P-2026-05-STEP2-ORACLE,5778054333a6bcf1430555b379cdb9c0858eb2dcd9eafe2f3036c4971cd59a3d,be0ce00b3ba771854c4be94abaf5b774907fbddee0e29c876318a17136f5309b,b49c4149af3538a31c62b44a180f672a1e4ab767622d2a4bb0f0f14152e77cfb,7281720b982bdae011ad48d4b38c7e716a082c232ddf8ad2cf75220e42b744d9,54b3e8f207769ab86b466aec1e618fb092ce2ad45ad58520a70128a1b1bf25c0,c4dba3fe72df6639cdee216cc7c5ba43a7302fcf5bff9b908deb6b44ccf96b47,0608989177fd61586001c0e575830a0286da651c2d5152da21971372bb562586,a61f523b90c4b821a56d076f2a652dbb913686d5069d69781e390820b9d1355b,HMAC-SHA256-DEMO,AUDIT-2026-05-STEP3
604,ac02dbcfe826d21f91de3263,2026-05-28T06:12:00Z,REQ-000604,bbef3f90be1083101e51c0b0,STATE_01_DIST_03_PS_03,2bb01093000cff150787fcc9,allow,ALLOW_ROUTINE_CONTEXTUAL_ACCESS,P-2026-05-STEP2-ORACLE,a2dfe128e771980ed956c086aeea93a6667758ae0e1d2cd6e1b20e9406dc87a1,1edb6c6b8c7d4a5c531f3c2eab84a39a61d1c9197576b5ef519d3e521eb74e58,102545ecfd18e42591bc28750d4214a83ce2f596a4d3745b413d4dae68a2f766,cb3aabc775a988b8b20bb143fd054452fbeaee0f67be65dafbb07c3ce1e17ade,893315a00fc043b763930e6817f778c5998ddc8223ade01424ad56edb6c6e932,0608989177fd61586001c0e575830a0286da651c2d5152da21971372bb562586,a349170db70dee1a7983404a6cd2589306f179086c2548d028f81bb289828cb3,b092ba8a83e8fd1daec2c3620fcfc84aec9e8cdc549f547ac75553c74bd19b5c,HMAC-SHA256-DEMO,AUDIT-2026-05-STEP3
605,ad9384532cf81ee00b108197,2026-05-31T14:55:00Z,REQ-000605,0d9d0f67e217f12f80467acf,STATE_02_DIST_04_PS_03,092c1f9963d0656d1838f128,deny,DENY_EXPIRED_APPROVAL_TOKEN,P-2026-05-STEP2-ORACLE,ad3da08b7d4e599e9d6703a5ec273ff4896db57bcc313a45d434b6982cca3039,e8fdd594e4d70df83d557cfe979f1f3daae2b69792aac080b094e2215d3d13a8,8a3edd5db43d019cfaf17dedf70d25a8605030fbab5c448a200911604f755556,1d518306801076b6c1afca44bf04808386d21dad4855bea8116b1e180ae8190f,284fd50290f68ba60c4ac60bd4680adfbd942b6b4a04e35137960d3e7fdd3d75,a349170db70dee1a7983404a6cd2589306f179086c2548d028f81bb289828cb3,95b8f072b0b3c68bc7916f215d3a1fdfcb653549e01744bd0c439fe909460a36,a80509f283d7dfb91f3ce6857ffa6fadec13ea262d189b0ed3ec055db47c234f,HMAC-SHA256-DEMO,AUDIT-2026-05-STEP3
606,d0071619565b38577c83ba13,2026-05-28T06:18:00Z,REQ-000606,0f5e28fd8c1c5a758d17ef19,STATE_02_DIST_02_PS_02,371a23d91f7294df8b697c77,deny,DENY_INACTIVE_CREDENTIAL,P-2026-05-STEP2-ORACLE,333e25d110c13b54c55460f766c8875a5c29495d31635d39ab765ddd17dd0cff,6c3eec04e31da8cd1e399058ecf4b8307ceef2359501d486a6d3dc9ab4d35afc,40fca7c7f8089e6232ffc2d603fc69bec3f8a487b49cc6b710bf3a4f0bc97e99,47e560532f26742c3e37f7078f51049515f2fa0e78c1ec8bc038786f7c82daa5,4a4678ee319494cffe634679c5f5de8722d1a61dfb13075b0621a8bc65a2a576,95b8f072b0b3c68bc7916f215d3a1fdfcb653549e01744bd0c439fe909460a36,0f7365c937e92a66112722702f3c935596ae30ad3cb5fb4243697933a6c0467e,03b60a95484a6422b641d41a87d656e9a98f4b876aaaffbf5af5a9f22cfc5e10,HMAC-SHA256-DEMO,AUDIT-2026-05-STEP3
607,785fad6738f12cb1ecc3b957,2026-05-28T16:28:00Z,REQ-000607,f59f4c244c14d1c05b3b5fef,STATE_02_DIST_04_PS_02,a0a8de077091113ec63f9414,allow,ALLOW_ROUTINE_CONTEXTUAL_ACCESS,P-2026-05-STEP2-ORACLE,159f63f5447eb9b1ecfcef39eaf6cd1ba63318e442d9ed8d73156ef6d742538a,f82705383baacba96360485af5f7ae9629cd15c010d3da3c1723a818eb4d784b,6881020d2a01c4e8972f8d6697c74baef53ab16e2cd488a232d40270afc052d7,ae19f3b0a0c2839fb0d5c7facbedb6ab85ac0f34656d16c09080ba495d206d08,00ea290023c4202104fc831c86330da17806283af87a3cfb1cad09e879967f7d,0f7365c937e92a66112722702f3c935596ae30ad3cb5fb4243697933a6c0467e,b9a943393ac01e1df6285677c6c97f55e9869c705ef6da77cc00a4fde91636d8,0ff52e4a5d38e86ce7ef444d22303952659c403a6cd9d1cfc9163114ce22e64e,HMAC-SHA256-DEMO,AUDIT-2026-05-STEP3
608,31dc68b38992b62dbbb64d28,2026-06-01T01:36:00Z,REQ-000608,1df1233ec54fa0732a43c292,STATE_01_DIST_03_PS_02,873c7de1d90814943680a90d,escalate,ESCALATE_EMERGENCY_REVIEW_REQUIRED,P-2026-05-STEP2-ORACLE,0d9fa2446449e9601a5f245362e7fa7a7070e8dfb8571ad1135bc4009101b8eb,9deb7508b46aefebd296add2d3c31d0aaa047d3ddbc188b01d26428fe1e70e2e,bfb294b33dc66a7e44b0f74126de5606dd7638505409408a71176dd710d3b71e,b7da5eb0fae8940c803d08cf117b1227abf497d3e94474010578eb83be00dacf,ccabd735ac7e3a0c12f5b98a002febe02f666daa81ad83ebd9ef51992dc86d73,b9a943393ac01e1df6285677c6c97f55e9869c705ef6da77cc00a4fde91636d8,df075b7178c3316d0ee4d0db346a42562f2bb3ba5aceb2e6a3c6977330b2948c,ecb8b8f81ac46f6528fb5f818f17845fe492c4fa52e61b8e35dbdd5ac8ea0b5a,HMAC-SHA256-DEMO,AUDIT-2026-05-STEP3
609,12cff4fa0a61e387d187a696,2026-05-28T16:36:00Z,REQ-000609,bcb4468affef262ed92897ea,STATE_03_DIST_03_PS_03,c36ad04b5ef75b66d4db8068,escalate,ESCALATE_PRIVACY_SENSITIVE_RECORD,P-2026-05-STEP2-ORACLE,62cfa810f82489a6c51c04778498901e0bc7948e0a741adc72285d3dfd6e1045,925ee52eb94684dee54cae1e7478848f72306ae97900161a9edd6d0cc4d37eea,5701cd2cd6bf36027049ffc2b2e67c152f31d10927496f169ffd4c576afe0d85,ab1764327747c5828ca23b50fefe5ccc84b32f6598208c1a03339dbbb8364f8e,cba7d2e1489c2d8eb3e047b5a1cddb6d84529c0cbdc3849a376255f0e7c87bc4,df075b7178c3316d0ee4d0db346a42562f2bb3ba5aceb2e6a3c6977330b2948c,51e0c38389acaa441a6231a311a0b5be20741a404284f3c278fa70b83f17b009,0332948b261ace8ea4d76a589fe9e4ffb9fa697cb93256e10b4aca9bd5f35968,HMAC-SHA256-DEMO,AUDIT-2026-05-STEP3
610,6ba4e19f14fe7c334fbd5999,2026-05-29T13:00:00Z,REQ-000610,3928cce83c394fe536f56bf5,STATE_01_DIST_03_PS_01,5ca701958e9a1da7521ce158,deny,DENY_TRAINING_PURPOSE_FOR_SENSITIVE_RECORD,P-2026-05-STEP2-ORACLE,85ed8ab3b5197cfac12ce011bb0ba626321f932d2402a872e3d26206b8fad097,5e884f3b6cd8f8efb5dd95ebc8f3fe61081d20f7566b65693f510838ad6762f6,d608619c2803606f5f9fb9b04af6157853897f55319d54cc4100c1d09091ab35,fcc2b9b4fbebaeddc4056d16275d7bc3b2de8566953e3c538aabd8492efcd6c6,c1d2a09a3f61a8724ec02b4baabec18b60725350bcae41200955fe5351ca0560,51e0c38389acaa441a6231a311a0b5be20741a404284f3c278fa70b83f17b009,7e746e1933071d62d0dbb207091b9e20794b24d504f09b50d5680cca69c07ae1,6b23b3ee27f96228b3580d6ae0079decb062df6ce5d4c3c8e1e9abc5160c7c9e,HMAC-SHA256-DEMO,AUDIT-2026-05-STEP3
611,ced4ce38e6e7e61b98cb70ce,2026-05-28T16:44:00Z,REQ-000611,ebff240f6e7e32e7e9713294,STATE_01_DIST_02_PS_03,6806ba66b352cd0ace2dc62d,deny,DENY_STALE_CASE_ASSIGNMENT,P-2026-05-STEP2-ORACLE,a8eafb72affe5e81a2f4459270c84c9303ceb6f1ba9de242d409f0223405d41f,f25f0ec329911305e7a411e7d8f7c5a8f4e2afdd3b0f722609a1e599f6a43428,388a12e585cf69cbde49d159508f63d6b16785d261842976d628706ce1103341,5e3bcf2410e96fdd18055ece4077a9605e35198375f85444e73ef07b4914a1e9,54eeea80de31272275833f38825d34cf91f2016a55a36b906d216f2fe722afa1,7e746e1933071d62d0dbb207091b9e20794b24d504f09b50d5680cca69c07ae1,2e602839401f63c307e2795ab6e93d51b6fdf6768061f5c414107eadb514bc2b,c3bf689f87f05d6d269fb71b738e32bd6cc6709847d05a5ad87f2696379ae93c,HMAC-SHA256-DEMO,AUDIT-2026-05-STEP3
612,9503d435157e63acaa245356,2026-05-30T09:36:00Z,REQ-000612,2deed09bfdff4831b0bfcd1c,STATE_01_DIST_02_PS_03,24f613e6fadac797ca776657,escalate,ESCALATE_EMERGENCY_REVIEW_REQUIRED,P-2026-05-STEP2-ORACLE,60ed2a52872d798e29d4275aa4e4b3585592afbb982480bef4040df2d94c1e8c,d51f3a0ed3c91af1960e6a1362bcdc5f899ec9f553eb850cda633e46a4c8e4d6,4732ef8b0c4ad93fe1b0c7ae5fe547287897ab355aba18e80df410a9886d8909,88caa24893b89d0b5c4f6e46e548df37a8bdeddfabed8fc88977f103288a5114,50b1b602c7a256cb0f22bee1388803120aee22480a850ffa51b572a2df119586,2e602839401f63c307e2795ab6e93d51b6fdf6768061f5c414107eadb514bc2b,3f026dfd354d1cee892341a2817e5f3ada079840172d50debe8702173c303dd8,702744c458598cd5d9339699a2f723d67950d4f406eb597c567cac385a37b59a,HMAC-SHA256-DEMO,AUDIT-2026-05-STEP3
613,f5b979d1960cb70ddbd0a040,2026-05-31T16:23:00Z,REQ-000613,fb4c90a703ac874dae2f1454,STATE_01_DIST_03_PS_03,c3ad82ff84dfe0275c582cf5,deny,DENY_SEALED_RECORD_WITHOUT_COURT_CONTEXT,P-2026-05-STEP2-ORACLE,edc949f8523e3f572841a10f972d07f951bce041cd4168f632b3492bb7f3bf6d,3a2b3f2e3d3f74d6d752bb7ca07eed968119346755d79484cb7548cee04ca426,7b8230ead0e547a0e06071c270c5ccf072e2a7c822931426df7373977c66da42,1d773abb7f091ee2aad49f85f74375de91fbb09eacc9187ad98526a9378b7132,b68aad362e4a0ca6c20bb5047a7214319a7ad74ad8bafed5a4a8d1df949c4c37,3f026dfd354d1cee892341a2817e5f3ada079840172d50debe8702173c303dd8,4ba089f1e792e969dfeb2e2592f582fa904f6b2bbfdc9713968a3eda3d28aa1b,21cafa8ab781ecab780babcf7ba69e1a72770484ee0504d6c67c1386b83bc3b2,HMAC-SHA256-DEMO,AUDIT-2026-05-STEP3
614,78ce09087c915e88312141c1,2026-06-02T09:30:00Z,REQ-000614,b4d11e5f08de15f8b7a05319,STATE_03_DIST_03_PS_03,7e8ccab175c754a03694eafa,escalate,ESCALATE_PRIVACY_SENSITIVE_RECORD,P-2026-05-STEP2-ORACLE,ed2ba2e5fd1d6a7accee3884f1c1d9a136be115da6e38b62cc7b911d3f44456d,ecd33be6107743217e8da636348e4c22af66c3050b5cd1c2eaa9ec88f21e9bb1,e6cb5aca944ecd89fe1c50ac0386b398ac80344c1cf4dbaee513af96fb738b2d,ee07a3ee46222a27e62cd85607f2e009e69b3c77e84e1cea5c65e8cea6c949a3,66b0526100094a6cdab72a7b5b1bc3d26cf45a30f7f301cf315aead4933a9b71,4ba089f1e792e969dfeb2e2592f582fa904f6b2bbfdc9713968a3eda3d28aa1b,878152aa5e426a94622538c11ab71efaaadf502554df010a3c34622ce9c954d8,1874b5c578f6e62e64698ffb1fdf2474bb67ca43bd8b3c35b00ef4ee2237d8bd,HMAC-SHA256-DEMO,AUDIT-2026-05-STEP3
615,986e09b9d6956319dd22ef96,2026-05-29T23:45:00Z,REQ-000615,95ff51d542090c1b60accce5,STATE_01_DIST_02_PS_01,721cb530e83c85d882fb2f2a,deny,DENY_EXPIRED_APPROVAL_TOKEN,P-2026-05-STEP2-ORACLE,5d5151284d565c32fbad70a9a2ccd0577f28f816ca6fd162e28ebf57448ade2c,881c7bc6cbb762216e21627fa8d059557b473ff274059c0a8845424f2b940fe1,56292b57f5ae2837f5dc0b8a95c0858f3933cad7b41a07ebe3353f37e730a421,3501142f350a43c6c3b459c3775fb9157b3bc5267d1cf36b3d8a6fa27c96bf3b,226ac3f128d4c2c65d50adefac6dd78c8e55d5ac8a536bcde42c5f510c39be52,878152aa5e426a94622538c11ab71efaaadf502554df010a3c34622ce9c954d8,8e5b2bca256aac2239f6fe8c6d7e1e9d328eb4d3c94dd6b154e1e5ec463f5686,5087875eb88f7e3a87bbde1a4e46114803c023c5bded7c78b11e594f5de86d59,HMAC-SHA256-DEMO,AUDIT-2026-05-STEP3
616,af72646b7ae19c87a0f42a9a,2026-05-31T16:56:00Z,REQ-000616,750741a21ba1ad37a768df1b,STATE_03_DIST_01_PS_01,634985427cd8688fee2b98d0,deny,DENY_SEALED_RECORD_WITHOUT_COURT_CONTEXT,P-2026-05-STEP2-ORACLE,65100d346396ff0cc810914f25d59dd029e073ba76717a8f2ed682a3b2c847dc,a1347f37e99be8165aa1324ba07f8e8ac40c1b6e0d3bf78048d648537541f667,46bac625450ecfad10b150c28bd1f6127844ebfde6476d845fdb3b8ccf7ff372,391a4f4b66403210e21dbef63f1741d83f1a65397ceffb3a55faa746dec0da9f,89326084cadd29c88280cbe834831989b82cb4eb8aed39f42fe88829023be478,8e5b2bca256aac2239f6fe8c6d7e1e9d328eb4d3c94dd6b154e1e5ec463f5686,e8cfad5bce35555c6860a322cc05f032805980ebd7a7dd6e1ab72c53c8dcd5db,007d1df252d187d76f9a085c3078ef16bfba98093932ed151368ec141a7a2cdb,HMAC-SHA256-DEMO,AUDIT-2026-05-STEP3
617,02231e20e7a7c88aae2f28d0,2026-06-02T10:15:00Z,REQ-000617,6adbebf965a8665f8e3dd8db,STATE_03_DIST_04_PS_01,3598d6c5148550cfc8339fda,deny,DENY_INACTIVE_CREDENTIAL,P-2026-05-STEP2-ORACLE,ecfdd366f549c00a9ee33073277180e17c8300c62a32ae4785f763386d04aa12,a0ae0938dc44530b369d5b60a7a72a8de9a6774d7526b13472dde4f412cf3322,29561dd5d4f258c22bcc59addb0cb72c2b71b20628a5a9b76599658fe1ea2a1f,9f704297ac7fe244c44dff7310229958e0eb415662d2d73507954dc6a35d6b59,5690ccb4024ac702471a4b54c2937146dffc5fd6ba33c1ed023ec9e4e568b521,e8cfad5bce35555c6860a322cc05f032805980ebd7a7dd6e1ab72c53c8dcd5db,ce1608bfd604320341413fa13c60c798768fbe68a989a7f18c1bb24664ab6e98,d40b6acb67bfa1bf81706ffaa9cbede967f39d72f6e2add2bdf17d7de4d7a1b4,HMAC-SHA256-DEMO,AUDIT-2026-05-STEP3
618,28387ea17c010d12a68e02ca,2026-05-30T20:42:00Z,REQ-000618,0f7c12f84c6ccd771a655279,STATE_03_DIST_02_PS_03,b7b5cfe71c035e42e7255112,deny,DENY_INACTIVE_CREDENTIAL,P-2026-05-STEP2-ORACLE,396a94f719f017ac069ef7df56b04778cd3c44b4db8fe5af54b7453165c149be,e71d2a2aaaa5b09c14a831023ce67f31a44cb89715b47452b41ce15385546660,f8b8a7d7766c8ea71e5456a6004239710fd41f1810d3fc83b5c375d7f5141781,22ab63ebe5d327783a9cb07095859aee309772c83fc0bb4c0a87a37b8b6e23dd,ec5cd34d279ba42aac85e980ef34779251c992ef7de5f27f9e58ab5614d43997,ce1608bfd604320341413fa13c60c798768fbe68a989a7f18c1bb24664ab6e98,bdcb6d50ef659237fdd976fcb9655b20f505033feef371f58cb1c12d0554ebba,5f5da07d80caf2ea04140438835f3cf4d11fbdee69089b50b7f40e581fa37f28,HMAC-SHA256-DEMO,AUDIT-2026-05-STEP3
619,052e1e77c8ba7eb26e005b92,2026-05-31T07:10:00Z,REQ-000619,b20f60775fe6a25591c31932,STATE_02_DIST_03_PS_03,9d828451fa91e0118c922412,deny,DENY_TRAINING_PURPOSE_FOR_SENSITIVE_RECORD,P-2026-05-STEP2-ORACLE,f59340e3dfdbd899874c7a378339dd665ef5dcefc8b2914f892062d6c23d9525,7bb885b5cd732ca6d131b7827e1a372fb5c1907d6ed63639af9698a2c87bdc4d,b50402a4de034e9595387a101e0a7019053a1d9f25aeaee271f17d2272f61b73,9f7375b52876fff9251a21fa049de9ca30c95c4f5b0bec5cbf22a694d65e3dc1,7bb852ca557db8233561a4420e622ede6ccd19f90057d10e87d6bba7030a02f7,bdcb6d50ef659237fdd976fcb9655b20f505033feef371f58cb1c12d0554ebba,987faa487d81f1581bbcf60065fac24b7c2d0b3324edb9ced2ebf61d13457757,b788731470ccfef19e0330ad6acd013b917762a54b98c26e453ce9d9868b9032,HMAC-SHA256-DEMO,AUDIT-2026-05-STEP3
620,30c3f81203c41de409a3737b,2026-05-27T20:40:00Z,REQ-000620,b9583c7e99cc3289ea585d73,STATE_02_DIST_02_PS_03,72792f684de2062672fc64d0,allow,ALLOW_ROUTINE_CONTEXTUAL_ACCESS,P-2026-05-STEP2-ORACLE,d93c1bd4f61259b7972e67b56334d496bec5b880902f8faa9ec92f2fef1f8ec0,9511fcf9685cf89ccf263dbbe91beac447a867c3c81a9f718240fc49edac0244,2b96cdf14923d4187d1c8c6fb5868682639c492e04e5b36ba4a446709ec2dfdf,651d68e026b68ee2637c978932973c2336e387ff2db8d762c6494df2f6b7dded,ecd3309605b7ba8ffa275a69b1a52d60de3811235f9048de372bbf36390a40ce,987faa487d81f1581bbcf60065fac24b7c2d0b3324edb9ced2ebf61d13457757,c0a649909643fadb635b4be51a97e5b5d7396d2b00b305d801f61cce4755ac90,f3a8ff05a1ea7cf7c9d4a1a8670652a876109721bdb1c8d331e2facd5dcf3604,HMAC-SHA256-DEMO,AUDIT-2026-05-STEP3
621,b94d6e6d0b7ce30969654899,2026-05-30T10:48:00Z,REQ-000621,36f9518be85535c10000ffd5,STATE_03_DIST_04_PS_01,5a8ac217886c2fc1fa2bcbb6,allow,ALLOW_ROUTINE_CONTEXTUAL_ACCESS,P-2026-05-STEP2-ORACLE,06c64fc75a6c7687dda51693c8ff3dc155f981c2c78b8f2d3781057734e5c25b,dbcfc93dec23d27d71d04051b749d4457f65a6f133096c2659e6b8b0d9a38f4a,6ad54942b46137ea278046e9cf2831bce141829dda9206c226cd78c3f8c5aab9,9ea0155288d65c1ce0b2e2194ad70e8f3c519dc42cb0070a676f676e94db1cb8,8751eae446451a1a5efff49599f78e58955502defc56c9d2a0bdee6d7493ba9f,c0a649909643fadb635b4be51a97e5b5d7396d2b00b305d801f61cce4755ac90,3ba3a58420118fde11b857003c1b15a882247242cc343305ff63ee293c1c4112,d940e5f5a13c47d47d173b755dca89b8faa6e9bf5a6bcc4d876ade03bb83b55f,HMAC-SHA256-DEMO,AUDIT-2026-05-STEP3
622,5e3bcc4ed04392d4f24dacc4,2026-05-30T10:56:00Z,REQ-000622,b4afcf069d55876dc928c9fe,STATE_03_DIST_02_PS_03,c14c6c27edacd158510d86ae,deny,DENY_SEALED_RECORD_WITHOUT_COURT_CONTEXT,P-2026-05-STEP2-ORACLE,f0a546720cea135fcaffc6d2b06b635e3c8121a9a1b2fc26db74040cf8a033f9,e638f40c9119c69fa69900a76fdba26b49cb73b70f640320578f8cd57280a1ff,9f1a16550263405c5c7098fa8d53cec2106941ae7454a5d41e22b3d0828e8d91,88ed0d5d570e6836f22f9ce2ea788ec99c2456fcea2d4360909caecc911f1928,7e9c5ef194c3d997b0431af2dc61492e6417ef16b981e27fa17f9ac2d86c031b,3ba3a58420118fde11b857003c1b15a882247242cc343305ff63ee293c1c4112,ee1288451fe101045708cefd2efd69d2acfdf1977e6ddd1385850b16885e0a37,5f7c1ff13a0314802368054db0714c96b75a36c4852e84743c176dc04afc6272,HMAC-SHA256-DEMO,AUDIT-2026-05-STEP3
623,e5cef99b3a31ac0a5e2e7fec,2026-06-01T14:59:00Z,REQ-000623,012f7330673a61c61f1d0ef9,STATE_01_DIST_02_PS_03,29d9aeede8e69bbf19fc8398,escalate,ESCALATE_PRIVACY_SENSITIVE_RECORD,P-2026-05-STEP2-ORACLE,62d756ae2cc74741b843d38d3789f777158e7d1aba9a899326c2d1380b5cc7cc,3fb88557750dace12073ccaa0b723238a29c33a61dcf4ea6be98fd36514b5f9f,0396a9909ad31049ea067efe93c38a778bfdd8cc842db0207ae3a5083c26c858,c0df5f5671e56e01f9db8a733656babf214cb754cdb3c349ef16ddd442beb49a,85de3cf6b401033c0fe867d92a216ee201235a9893acdc0f2d22f6dc15d6bc0b,ee1288451fe101045708cefd2efd69d2acfdf1977e6ddd1385850b16885e0a37,3fd06094554c46f2dda3bccb281a8981725cfa4ddb377db57de2ce9367cba37b,e2bf3ca3175a013696cd87a97d4b81bb04884dcbf7bdb8549f1aee00ea361210,HMAC-SHA256-DEMO,AUDIT-2026-05-STEP3
624,408db8424d1616108ec94f9f,2026-05-29T04:00:00Z,REQ-000624,94b2d412892c95cbfdbe73cd,STATE_02_DIST_03_PS_03,b7b5cfe71c035e42e7255112,allow,ALLOW_ROUTINE_CONTEXTUAL_ACCESS,P-2026-05-STEP2-ORACLE,878db7def506fa7bd4e21b25f32671f3694bb6c795b35a9bbe196c1a39563502,a666f4cc54e78047ea0a681d335201077c91265232dad59725b3fa3403cab379,cf7680f7fbe56e0cb4eb06433c2d9b07e1e639792fa45fc27f1618c072fba7ec,da042cb1b9858f3842f917b574d9d7bd0155634660839ccfeb09b3a7777de448,441bb11defec4ad85c39fcff4399d1fcd0097522ed333d1f941b5c08448d4c83,3fd06094554c46f2dda3bccb281a8981725cfa4ddb377db57de2ce9367cba37b,8afb212d4aa4df7f1b016dec2c45f147cc898726375d1cac864b254343299166,c5628d2aa9344f809ff711cd8d56ff86007a0fcf577e5aa9027e0a7353fc1a17,HMAC-SHA256-DEMO,AUDIT-2026-05-STEP3
625,0a00e01981c9c8b30d9d52a4,2026-05-31T18:35:00Z,REQ-000625,47e9daa6a9eddbbbae1d0bd7,STATE_01_DIST_03_PS_01,685db473c8326fc6f2ce18dc,escalate,ESCALATE_CROSS_JURISDICTION_SENSITIVE_RECORD,P-2026-05-STEP2-ORACLE,ed45dbac9a496e638ead9969f547c68908ed3d4b4d6b4ed0ab2b076bb86974e5,2d920e3da93f3951c925898adac8b82a8112f32e0b7257022b15056fa2b5c63f,577f1c6549c01f0b09838aef982d0128c9d7ca66436823cf809c5b8997d9c114,69583f960285cc66e23b7389852cd0f39ef0a1b1b2863a3d29ef94730a1a389d,01b51596bdb7198f0ecd301d8714be77fe5ae78098aa63969000ec339b38c902,8afb212d4aa4df7f1b016dec2c45f147cc898726375d1cac864b254343299166,07ee7d2b2a16e347afdb041cdc3ef6084f6c6c9c3916d7d39a4a5fda7b55169d,caf6b1d90fb3ea4cb2d4757468a11dd72c72d5be7df88d9afd6d6ec52d9292e5,HMAC-SHA256-DEMO,AUDIT-2026-05-STEP3
626,87fcc0fa908ea3ba67bdf0f0,2026-06-02T22:56:00Z,REQ-000626,a07f98edb4eac55d9fa73ffe,STATE_02_DIST_04_PS_01,c6a572862caa5832f9d55a39,escalate,ESCALATE_PRIVACY_SENSITIVE_RECORD,P-2026-05-STEP2-ORACLE,271a1b742b5313af4e406f144573812e4772da93f828bc3baa3132f21d038875,60658bebf24d421b3ff46a4e5e99fb09e00330c79aab3352017630d75c20ec76,6cfe9479717bed2fd441a7ca6344a1133e0f23ca32a77029a0f2209171abd8f2,0267a232cef0b552fbf4ee24d80107cc62d30aaf4107750abf78b4116390c1ba,219f40977eb3c8d89a9e5930c39acffc068bb8c083d2e60c7d1415dc929f1139,07ee7d2b2a16e347afdb041cdc3ef6084f6c6c9c3916d7d39a4a5fda7b55169d,6ecfb8fe4bda19ea5941e59d371e629f4303a81538914aab3aca1e4f4392026f,e352fa620c64ad6fc97c0559fd6e0e2b96d4c65b7856f2b1d0596cb387a655b0,HMAC-SHA256-DEMO,AUDIT-2026-05-STEP3
627,58c2e16b7c4de948ac6cd3ca,2026-05-31T18:57:00Z,REQ-000627,0c324b29f9a967adb599bde0,STATE_03_DIST_04_PS_02,611df5ff59543174c9f30992,escalate,ESCALATE_SEALED_RECORD_REVIEW_REQUIRED,P-2026-05-STEP2-ORACLE,a6289487066dd0143d7cc5f07615d9bfa00387fea47ef87f4cb71c6f0fa54c89,0df2ee63952ffe339d0fa63f69aba3a3902913b05335ba6c6d1144440d199101,e1c15b441ddff7777751bba519feb4e19ff3ca1fc2561c94ec6cba427df53ef7,b55c4428a9f1db3e009dce6e9fc13e2bf7a97d15000e66b23d86cd46ce7966e2,5c86243f5a765efe3f7272ec1c08fc33f8cbb0b4e4c8a2011b394dbaba6c7008,6ecfb8fe4bda19ea5941e59d371e629f4303a81538914aab3aca1e4f4392026f,c407b7c3adc8ff70f3655525de0f1c4b9fabf14556ca5e8c55e8947b4c3c17fe,17dad1b53dbac9924ae531088b4b3002ae8bc09602a9b15ab262a905181d669f,HMAC-SHA256-DEMO,AUDIT-2026-05-STEP3
628,a79171d368f89a2e534d6db0,2026-05-30T01:16:00Z,REQ-000628,ce1b63fb3ee51890894fc213,STATE_01_DIST_01_PS_02,7d60c16d6ecbadcdbdfa7d7b,deny,DENY_STALE_CASE_ASSIGNMENT,P-2026-05-STEP2-ORACLE,61e3cfcd51f8db370088c0818fda6e97f74253fef71a5c4e74bfff1c10cf5c17,6953f709fc685bbcaadd99c51729d3fcb8910b01eaecd1c04d625f604d6d6c15,c7766e03fc0147195e598b2a1686b584323a3d18567e01fade86678f129b75a1,b8ffabab8e2cbbd34b57a78003b9bda1d009f0023cb4f4a720172774f6c899b4,9ba5e9c1be7cf5a86444fbefee706b0e42d7c3dfa39492ea8154213aebbd6d1b,c407b7c3adc8ff70f3655525de0f1c4b9fabf14556ca5e8c55e8947b4c3c17fe,c9ff99472a207b97100ae17bcc10d2f147345ba17f2f3a22cf4afbef6b36b553,c1fb103b3dc821a6f3bc4eaad75e95e83dd98cf85446172804bf39b8ba50b50d,HMAC-SHA256-DEMO,AUDIT-2026-05-STEP3
629,dfd7ff48690e1a60233d4562,2026-05-31T08:50:00Z,REQ-000629,fb4c90a703ac874dae2f1454,STATE_01_DIST_03_PS_03,7ab9fa00902faedfec4f6eaa,escalate,ESCALATE_SEALED_RECORD_REVIEW_REQUIRED,P-2026-05-STEP2-ORACLE,9599a0065616894ab61798bdd35659c543f50f25f5dc45384dd8aaea7d05482c,635e1b3408111f4f67f1e0211027505233c99995ea1f06758a2f641aa86adc8c,72dd3f710e4ac04cc257494bda0c5771fcccdb65dcf054ffa8cff2371b2b84e8,6bf1060b267363db0ed4726877d1aa4324d41051bf2ff7409da35441a297cccd,d2e74f8495239237e8c14e9b1695e80eb623df2af872344150c34f0d57ec8235,c9ff99472a207b97100ae17bcc10d2f147345ba17f2f3a22cf4afbef6b36b553,3dedc8f24f0fed173f7dbe98f3544668fcd7e98a921a55b04a3e377df2586ee6,917166d1cb5a1d252e3725b59377d43ee106fcd3fca2268d3658842973fb7f9a,HMAC-SHA256-DEMO,AUDIT-2026-05-STEP3
630,5424dde57cc5e8e0077278cc,2026-06-02T13:30:00Z,REQ-000630,7ea4c7cce178f9ad9715431c,STATE_03_DIST_02_PS_03,2efca3bea97d54995e702601,escalate,ESCALATE_SEALED_RECORD_REVIEW_REQUIRED,P-2026-05-STEP2-ORACLE,29673ae324d24fce4570b4007f445bbcf2faa86e368fa6619db0f1bb78177493,a65e94472f53dbd402663d04c084de1b3d00e41b55a0819111c80ada2d9da500,db2e2587a814fd9588f18464a7ea4c359b4604158aee783add0a0f626b32d678,5ac65d351b938f563c3f120e7642d1e9abc3b4036dd04e3e4e73ae8a8195b04d,80a275ea3b6e73f6c28b1132d644b704479392e843c06b4bfb478cdeb51a52c2,3dedc8f24f0fed173f7dbe98f3544668fcd7e98a921a55b04a3e377df2586ee6,12267240e41e825c7ced6f2e8a08e9844211e535f1dad7a8097d3ecc4a01170b,afca352578035c01902e3a2fac68bb85e198dae33e2b40a2b051c45a50a6a534,HMAC-SHA256-DEMO,AUDIT-2026-05-STEP3
631,2cf8c0c40a4e5f554ce81a37,2026-06-03T10:47:00Z,REQ-000631,3cc947c5caadabb45a541b46,STATE_03_DIST_01_PS_03,ed34cedaaff932ef71e53810,escalate,ESCALATE_SEALED_RECORD_REVIEW_REQUIRED,P-2026-05-STEP2-ORACLE,c0f021c92d921760458459b0aa40131daacf85833cb2752fa9e8637236e31d14,d2d854801a7db4c23a66337fefa2b67f7864e955740b3b0dc994823d8d57d9a7,e6f1feb2f967e303e1e48878b503d214592007189aa9890aab0cef873718e21e,4ad68010a7ddcde365419d27e8a981f91da7432c2f7421fa4d4d2b41cc3d59eb,2f727ade4c65a409c2a88fb3729104128216192a60c7321f7386307661f62958,12267240e41e825c7ced6f2e8a08e9844211e535f1dad7a8097d3ecc4a01170b,e671c84f0d59882d7a45a7e7a5b5b2fbdc3c9a9f8f999f5c91f9755cccb6b07e,105ca169b8e887c07d77caa4c7cc347cc82ae2f8f04bdd0d19ee7dbad4c99acb,HMAC-SHA256-DEMO,AUDIT-2026-05-STEP3
632,bb6c39f05c95ff16ef833c93,2026-05-31T09:20:00Z,REQ-000632,46719ed3c0b1ab7f0fbf5f90,STATE_03_DIST_02_PS_01,ed34cedaaff932ef71e53810,escalate,ESCALATE_SEALED_RECORD_REVIEW_REQUIRED,P-2026-05-STEP2-ORACLE,19883949a7160389d373dcfc597c0c7f626b160e1bc2a4bf04d9235365fe3c73,326e7f60ce0b8f98fd2f13a42110629b870506cb272bc9583b1c6153dbea79ce,7a1118b151d0ad30c3f6346e0e8923af9e96727a50fdfd58f26c822e64dfdc41,f6bb99c29a691c5a74e07dec851a3672c94326c8d1153c5ab19c867185b76bd1,ab7a0b7243b5a57ff446f95be5dd03f80d4a7c0b492161e21f9ad1a235bc5d71,e671c84f0d59882d7a45a7e7a5b5b2fbdc3c9a9f8f999f5c91f9755cccb6b07e,6740451e4cd0ebe85c5aaed724cb9d39833cc2126b074effea82e6e0e87473ee,ef4f3a98f738f9cc406edccd8e6aac12d621aea8e76ab5faa3e7f4781e69e926,HMAC-SHA256-DEMO,AUDIT-2026-05-STEP3
633,2fb3507bb1b10d5e46b94a3a,2026-05-29T04:45:00Z,REQ-000633,3928cce83c394fe536f56bf5,STATE_01_DIST_03_PS_01,e5c055800da6250fb67db7ab,escalate,ESCALATE_PRIVACY_SENSITIVE_RECORD,P-2026-05-STEP2-ORACLE,34b5fc3152781c1f9a91760b5cb4d5f2a759344fa85bbaed3a587e15bb478f45,d1c8579068fc665d8816a06002e1acd131a764a9f27c81ee5ed836d084355873,9cf81ae4af171a5a04cdb89a5e5658838cba558521b8f7aabd5e601b3fd8e0b7,fae535d1f07a394831af051ecc26586a0534c79309f527055b4e92db34805ce5,3d98da7c3d198180cc8f4ce90fe477177e6992e20e7039072242636f1bf596bd,6740451e4cd0ebe85c5aaed724cb9d39833cc2126b074effea82e6e0e87473ee,4cb1c915af7cb7adfb6c1c6c1fdf0ed77dd0c2f19ee5387d5cc1a39cac0d8e42,f5a577accb7d8ea536b05bd621e8f99ecbebad818c98204ce322fe996ebe514c,HMAC-SHA256-DEMO,AUDIT-2026-05-STEP3
634,15ceba9c09e0be37eb0956f4,2026-05-29T04:50:00Z,REQ-000634,b5c2c2becf92b9e253d997f4,STATE_02_DIST_01_PS_02,29c6b3e6eb3337cb1c09848c,escalate,ESCALATE_PRIVACY_SENSITIVE_RECORD,P-2026-05-STEP2-ORACLE,0b74f44166aec4173f4f32f1391920fe112640c0c2c3399e809ab0d7afd075cd,e21022074659c9dc237de0c1bcc62db1e9f8a1acccbddd7d14bbdc4bf7682d21,cd274fa9ca6f48b24eab96ee38644b278fee86dd700f8c9258d27e5ddb436ae6,890ace6f6e77455a0f9622bab066a3c6a49b150c844da06695dc3c2ac8c00f6e,b371efde33938f9b473c5a92909f953cf3bf32c639f2168ca642ca54de8a53e2,4cb1c915af7cb7adfb6c1c6c1fdf0ed77dd0c2f19ee5387d5cc1a39cac0d8e42,76b75a47a2f7d2a720d3dfa59c17bfb45e21e80a8373582ad64fb7a85ca2666b,afce878713ef51692ac4467afa4db0ceef203c163254b5c7938a10fe061b433f,HMAC-SHA256-DEMO,AUDIT-2026-05-STEP3
635,01340f4f7930a1008ca9e0d1,2026-05-28T07:45:00Z,REQ-000635,858f20314a8c64995d905a33,STATE_02_DIST_03_PS_03,65c13ca172c0e8f26de94b13,escalate,ESCALATE_PRIVACY_SENSITIVE_RECORD,P-2026-05-STEP2-ORACLE,7459d4271212164cd1d372ce700c69c01d5bf8a5a397d69ab94cd3ab03578633,cecd66e7e32c98c24f35e6a6d1f9ba73f36e358dfd6ef7bb1c22da6d8dc54883,a5c5ae485a2d9247ff1fbbc1f7c5b522f12a24ac49c0c9d80a24554c9ad311f0,bcc929ecafa88eb390d379ac7efb59edc2616c2f168d107967920f2200d76ded,3a413612328c2b0bf0ac03c7a00f315184b71b922188de6f5f7c769e7410ab46,76b75a47a2f7d2a720d3dfa59c17bfb45e21e80a8373582ad64fb7a85ca2666b,9ec76b9c543c624240248f946bfe8ce1675e6744cdc07d567fe7e1a17095faab,3a016e2b8883ccf1bbde5ffb8a7dcfc29d22c49c7daf1f98c80ca33a7e2d3e1a,HMAC-SHA256-DEMO,AUDIT-2026-05-STEP3
636,952606278110e69a57158c10,2026-06-03T12:12:00Z,REQ-000636,ebff240f6e7e32e7e9713294,STATE_01_DIST_02_PS_03,3cef4d9f8d92d3f7cc295a2a,escalate,ESCALATE_EMERGENCY_REVIEW_REQUIRED,P-2026-05-STEP2-ORACLE,b47b24ab1b5c9fa464c57ac83491da9f0136bca80dd3fdcecbb11646b22ca1ce,e0afcf97a8f2b41693ab0540b89a031501215ef14774a77cd290cfefe1de4918,d12a0e18e75e5d9144b2f86dc5ee35d34a0ea091194e6483c896a64c7fc95866,fe08724fa4f05a21763803cd52877c928f25bc8e6d4662de32158178fef9fefa,89e82a150a1a4ca72bce918aaf279cc7e1c3b52cc5a501cb9bf605e5a336de98,9ec76b9c543c624240248f946bfe8ce1675e6744cdc07d567fe7e1a17095faab,1c72bd468810dda587bd09e26abd7e78db4be027e2df6749d635bba1270c6ba1,20ce946ad02353059e9f2f4b15aac0f6ac3f63dc15442393585141384f7b68cc,HMAC-SHA256-DEMO,AUDIT-2026-05-STEP3
637,ef21dd55168a89fb4e55d20d,2026-05-31T10:10:00Z,REQ-000637,362db027dc02e204d8d16948,STATE_02_DIST_03_PS_03,165537a7bd124a847522b908,deny,DENY_STALE_CASE_ASSIGNMENT,P-2026-05-STEP2-ORACLE,4d5c85b98d74de2f71d2eb2dd5c3457deefab7231fc789d747405bbf402f6b09,e419eec18fb3a6a8dcc9756e408cb601b9a8a3292b937da93967093978a7db6e,4daef91f77cd6a392e3ce2ddfbac71670b180b11be5dec76d5d42d1cc6617a50,c3dde9c92a3d528f25b387f7f7cee060b6a5619807ba003213894ffde1a86187,cf619d3337590520653260f1b18baaf8f1ce1da9e28ff7c78047682bd6580307,1c72bd468810dda587bd09e26abd7e78db4be027e2df6749d635bba1270c6ba1,1436df24b1449cff43d2701f4007b0cf3f870926a77abb191c2b857b8ac18745,eadcd9078f5fe715b1f62867b8a12ae20ce7f88fa2861fc4f6bc5c6c2800aad4,HMAC-SHA256-DEMO,AUDIT-2026-05-STEP3
638,a347b7401f2c2132f3654711,2026-05-29T15:48:00Z,REQ-000638,ad021cf14b60633e375d65f6,STATE_02_DIST_03_PS_01,25cf43974f4cf53c05dbceca,deny,DENY_STALE_CASE_ASSIGNMENT,P-2026-05-STEP2-ORACLE,2acc959ec33b725aae33c11913f68d13fccdbc680e05a146f5b67a9c5de27652,9978ad3be519a22e25d1b00c4b1cbd38a32a0b6a665984e03eafd347056a13b5,eedcd44bea769658bdac9fcd8faef428e58b6ef5f6c0aff693a0ed21bd744bb7,4ca36720c6c044fc3b8596967dac48b9cd053b6b2f3c67cb4655be860f98f91a,90155e45f15aa3bdb7089dc7c8846c4a3180605c21ca1e09bf64a86e76bab1ab,1436df24b1449cff43d2701f4007b0cf3f870926a77abb191c2b857b8ac18745,d644568e6224c283edb4adaee778d6b256fb7b2936e989f9d4f31a28da2d9357,016174521de4fb7e2ecce8e9cc73d3499adc8d6bd8f88e258d3f0d13f918d928,HMAC-SHA256-DEMO,AUDIT-2026-05-STEP3
639,79e48c2f2e8f654a7b165238,2026-05-29T05:15:00Z,REQ-000639,b1ddf55c2af537d97ad1287a,STATE_01_DIST_01_PS_02,e6432b84b4aeaadc5136f9f0,escalate,ESCALATE_SEALED_RECORD_REVIEW_REQUIRED,P-2026-05-STEP2-ORACLE,df85ee045e134cc4526539cd7d43d5b3281b2ebb4ec719c5e38037c2a3c978c0,c0cf69600eeebddfdb98cfad7f427775155e06c2eddf7c6d1a0381036cccd771,6f56931c36e7dac87d1174886b460e1d29e7c58b181b9a054a2ec7b058d4a1a9,3540ff792a866fdff155dc14c1c97bc50867ed79898ec9b7114f3ec9a65a71e2,a89fdeb75d25351b0d1acfab84743ca673882bbb457dfbe443d6d3de6c4200f7,d644568e6224c283edb4adaee778d6b256fb7b2936e989f9d4f31a28da2d9357,9731e4f5620d61c6f5711b772db20e8ec26e3e6c5a84641e861cf7dfc0522cce,4556838e1c0138f4f4d558d5b201e4465c9d623a058c843a151b2a22e91117e5,HMAC-SHA256-DEMO,AUDIT-2026-05-STEP3
640,640d7e6c3bbebf4e40a628a9,2026-05-29T16:00:00Z,REQ-000640,782ce33054ac702eb25bdce6,STATE_03_DIST_01_PS_03,097a777f9c4bd6dbc56eef69,deny,DENY_SEALED_RECORD_WITHOUT_COURT_CONTEXT,P-2026-05-STEP2-ORACLE,12a4bc04821b6fd854fc5737d6a55118ea38e4568b18ff467fc4f3b5821848e2,d298ab0b33b8333929e8b8e082d34277fd65d41910d3eacbbdb908f18bd46914,82c4f552a3c7f4e4f14508b2ee3717b99f1603fea222b2534cd8127fd8e25f9c,9e96820b53e80a523ba8b7dd22f9e7ebfe22c50a95ac53bba7bca39dd4fd616f,1e8b654e472ebd8a2ae1978358ba2738f8f5c9ccdd1dc19a389a37055d4f661a,9731e4f5620d61c6f5711b772db20e8ec26e3e6c5a84641e861cf7dfc0522cce,88da64c5595fba1197b58adfb5083644967c5c0426a5069ca68090bb9f5dd3eb,fa248ce3572b523ddb48e345246d489312aaa4fee6c1f30d72484e066c61013a,HMAC-SHA256-DEMO,AUDIT-2026-05-STEP3
641,2756ee3260e02d17d481b6a3,2026-06-01T08:12:00Z,REQ-000641,f65ad458155d09405f8da86c,STATE_02_DIST_03_PS_02,6d12fa3584ddb2f01bc14091,allow,ALLOW_ROUTINE_CONTEXTUAL_ACCESS,P-2026-05-STEP2-ORACLE,f00c01fc4d20e087791a87bc203b7c7005471717151323f0bf3aefb823698ef1,60d71bda8c093397ca8ec1e3b3225a852100c3868870d575e123357f03f90003,72604ade76a15418b090e9bf46e3f20c3a9660c1b4b5b0cf923ecd552580a879,21a1b6fef683790fba14e46bbe43c5fc8e01f38aedcd657e224a1ae460827399,916f0641c6baef1b39bffd8c27f19346f251d9b62a246c691f1088fdb909548d,88da64c5595fba1197b58adfb5083644967c5c0426a5069ca68090bb9f5dd3eb,c9d228ee9dbcb520ca4b25fac7fba49fe029c5d04d6f8570497a891b5f6094b8,083f5a6eb3e815de8c246edff6eb62e7fb6e22c94a7520887d10a2ec782be237,HMAC-SHA256-DEMO,AUDIT-2026-05-STEP3
642,82aaa203973fe4758b4ceb11,2026-05-27T21:24:00Z,REQ-000642,f30bb583158115d6451ff1ba,STATE_03_DIST_02_PS_01,081f8b348eb32537b20fc451,escalate,ESCALATE_PRIVACY_SENSITIVE_RECORD,P-2026-05-STEP2-ORACLE,36b1926c550d29df01961a9cc1a7c9ce5929653c75855d9b60418429acc09717,f85df0c5cff8baa51922037733c64a1da228f61bfb085f56e92499155a91bd54,cb9a4c4714e553d644656cac30680d5f66477f7bff9a22be15baaf45e1169b6f,186a1e0713e02c71774f5c6867875a01430d078ddcc268c3c9b36b34b8260349,ae682d713f69d548f794274704bd5b095dded15d8210f8e804aa1c4dceaee955,c9d228ee9dbcb520ca4b25fac7fba49fe029c5d04d6f8570497a891b5f6094b8,16344b0e5eb5966cb491026469d8b22cb0c03be8eb41c48b50cf4ab0a6c7c905,3ffe6ab3791a5d3e0a7b46b11ae28475ea2d98b369c5f8e636e440a2e863658f,HMAC-SHA256-DEMO,AUDIT-2026-05-STEP3
643,c919fe7a770f977733115310,2026-05-31T11:10:00Z,REQ-000643,4abc3e055d213fe06ce85aef,STATE_03_DIST_03_PS_03,58336e9663acff35aa7b3832,escalate,ESCALATE_PRIVACY_SENSITIVE_RECORD,P-2026-05-STEP2-ORACLE,36f58555e1f3f5f92c537b4d0b4ac76538b25f5015c7104f9b02f15a23eddcd3,40cfd961534b8ee28f0587793c3f05dc94d7b58ad69b36ea72b3d966d1560eaf,b10355c58a0153e50de810b585d4a6ae5d4c98b1ba492cd33df3a6dedb072230,457e28ee560b2d2edf69a8724bb57a84decc9151827ee6b9450c642ba0b726b2,2a7edc3ed5ffdf5197c7863e169745e874ad67d06b7f2d12356fa02fc28f06ed,16344b0e5eb5966cb491026469d8b22cb0c03be8eb41c48b50cf4ab0a6c7c905,b44f5b3989a3c3f8300abb471adefd178740b8738b9c8198050950f184cb6d78,51576de41501cb0be8959a99976142bbe92d0fa94222212cdaca3fe518d1abac,HMAC-SHA256-DEMO,AUDIT-2026-05-STEP3
644,1eee2e4fe5fd37ffe48d4198,2026-06-02T06:16:00Z,REQ-000644,fad5d40018942c6b0ef2d75c,STATE_02_DIST_04_PS_03,79f13e95fa10de3dec2246a2,deny,DENY_INACTIVE_CREDENTIAL,P-2026-05-STEP2-ORACLE,ba78334bea2a06fd5b047e127131eb5ae64bedb5a1619441a006a1d4f24a0dae,50aab5b69a3e3a8a31b6c87e0c552f2cf475f9286942240b3dc7856b1cf4f0f0,b562b12615c57d7c1d2606cce0b52b380625e987234ec509f58873fca0bba9b1,ace955e54474877e0c39d45ac6127a7429ed2099857261884e249d0b087ea0ec,c0a4faf902c239b4409ac9b23b90d5865d787b9cfbf3651820c695ec76651063,b44f5b3989a3c3f8300abb471adefd178740b8738b9c8198050950f184cb6d78,936fcdaa5b9bad1b535dce4b36c0411e65c613beb88d0e223e3b0cc45ad4f583,1caa97e3ff9efca9e9efad59ad63095c5b31522cbd99737bc8897ddf55c2ec32,HMAC-SHA256-DEMO,AUDIT-2026-05-STEP3
645,7b1ad1ea5e709922e7ddc7a3,2026-06-01T09:00:00Z,REQ-000645,5f5d03cad2864eb9986177dd,STATE_03_DIST_01_PS_03,4f7b0b0cacce32a385a1e42a,escalate,ESCALATE_PRIVACY_SENSITIVE_RECORD,P-2026-05-STEP2-ORACLE,8fd80b0866b4c10748284ae4f32ca678c09c93fb3c33196c9e38433213938bfb,a8b46ef2a0bfa4f82f9e4cb5dd349bc08abb9beea8c231870c68604b1ce12b84,534da04591c7437e0e09abb4e062e8138694411593590f0f9a0bd8c37a90d9cb,7052a09b426eaea5621ab308f2a78a786e8c9fa7056950e51f699bed19454d1d,f4b3f4d53cee63756a84c7711f45464670d7a1f0035fa3cebddd4ccf523fcb8a,936fcdaa5b9bad1b535dce4b36c0411e65c613beb88d0e223e3b0cc45ad4f583,de517add738630d8f69e9fca10d6fdffac2ea500451ce01d101368fb465bd20f,fbd420081f8803c083b891f285056b1c4ca4e56932609bd738447d5eeef000cb,HMAC-SHA256-DEMO,AUDIT-2026-05-STEP3
646,33d0fcc4d7bf0268ac3dcbb0,2026-06-03T04:16:00Z,REQ-000646,fad5d40018942c6b0ef2d75c,STATE_02_DIST_04_PS_03,8a6b763636cb267428784251,deny,DENY_INACTIVE_CREDENTIAL,P-2026-05-STEP2-ORACLE,a115c8f12277edc606314911b4ed11bdd94657a8ffa4db7629dca7d32ccaca78,e4f86cbf3a612c3762c83951e563ae02681e30d4c7e55ca929c387153e5a4ba7,dbddbe895bce741ff8a6dc1c191438a277cc9ec4d5ad1399a3de128c45c448ff,1e81b2c7365dcea8e5fd99298daaf91c09da15f0c3e9bdf07b759bd5d8f18365,f4b1026b8bc8dcb8ab1a12825a478ad6dcbb58e070be630c8267f5197e54e319,de517add738630d8f69e9fca10d6fdffac2ea500451ce01d101368fb465bd20f,f84ed418362696a6ef6d2bd320fc310a8a03601d636a4a36f745b29354a4fb95,eefe12fe1cce676169247fb2c612e35014433238da06a226c25dbcb38177c1a1,HMAC-SHA256-DEMO,AUDIT-2026-05-STEP3
647,e88788342e3860aea550c867,2026-05-29T05:55:00Z,REQ-000647,1f0d6f8c17d7221984909f27,STATE_01_DIST_04_PS_03,35bc703759f57f410bdca3fc,allow,ALLOW_ROUTINE_CONTEXTUAL_ACCESS,P-2026-05-STEP2-ORACLE,35a0011ee6d2fdc77766a78d7297f456cde1ae04d4cfb11caeb120ee02753b6b,4c28cf39dc73962bdaaf77933cec01588c64fbedb7997fb2679f74fdab76b34b,54421e5e931527b0c55a73d1ce860e548e149b0c5c4d6adbaa9f1a10c4c28d63,4ec745d4578998a9f0cf41288b7cfb68c659ab23f334c5162060dc5db28ceddd,0714c7a8067ce76ce4eb5234bf430059cf4111a3973d0d40f6202cffe9e27c3d,f84ed418362696a6ef6d2bd320fc310a8a03601d636a4a36f745b29354a4fb95,ed5e117f803190718dbfc5e2438cd596906af31106513caca68d25fce85fd768,5321cc95d41533dd4a01ceee583768e5b1bd421d401a0b2381312fef2b2fa335,HMAC-SHA256-DEMO,AUDIT-2026-05-STEP3
648,3a5160cadb76329bfbe972d7,2026-05-30T14:24:00Z,REQ-000648,8d450ebb6d2a4135d240f974,STATE_03_DIST_04_PS_01,4e7134702bd63d6d5ef9939e,deny,DENY_EXPIRED_APPROVAL_TOKEN,P-2026-05-STEP2-ORACLE,93a51033265441c822011b6f98f0a93f1907d38ff7a753c05dbbd2840816f0e2,b89b4659b22e79e584a38e763fd146468aa1eaa3577ec62648c0c59aefd2954d,9c2ca7c52602e908fb55f8be690318cfdc9e5b6ad2fba49839c1de23158111bc,317a06db0c3595ea2f326b41a4fd8e31fe38255a8b446da98e68b9825e2c4857,409d67e6ed205c1e6664f5c4ba0725916871f2aa9afd0c6c08908dbcb36b2fc8,ed5e117f803190718dbfc5e2438cd596906af31106513caca68d25fce85fd768,d32a47228ab2f0a54d9adca14e37c728c54a7bd0d5bcf838c1938277484b4e48,c2844b876302241774f005bd7b2b5a79e7d73791e7a37b1d9cbf0f89e197da97,HMAC-SHA256-DEMO,AUDIT-2026-05-STEP3
649,c13b914d6fbf116ba8b66aa5,2026-06-01T20:37:00Z,REQ-000649,02df4864bc93f0037e94de95,STATE_03_DIST_01_PS_02,0e67d609ea46cf7a4eb4513b,deny,DENY_SEALED_RECORD_WITHOUT_COURT_CONTEXT,P-2026-05-STEP2-ORACLE,77e61fae1426238ecc252e9ffa2736d867205e13ae5ca2c8bbb09ac7a9effcaf,8ba1f6fcb53475655a4cf83ca60c059c537c8998d26d1ed6d198edf382337f7f,ec448cfcfd25fc1078229a099ecfb34d5aa1d062c705b83833d591814b169890,aaaff593a6205067cb320e6d7add9dfcef556d71c6dd46d5b523617070d2b284,615877a15bcc2997049411f43869a747d999cb663a1ab85073ae3ab87e7c19fd,d32a47228ab2f0a54d9adca14e37c728c54a7bd0d5bcf838c1938277484b4e48,ffe5d83d5957a3bdf95dd8b64b66d59ccc6e65ecd5da70c74a0d5d0f67fa1417,a9ff78b2e2cda46a1aed8afe72e7aa46ba1db32ea053551eedec8a36e97cbf6b,HMAC-SHA256-DEMO,AUDIT-2026-05-STEP3
650,ecb217a391b59cd23f2ab711,2026-06-02T18:30:00Z,REQ-000650,95ff51d542090c1b60accce5,STATE_01_DIST_02_PS_01,8cd436b23498bf982d16d8f4,escalate,ESCALATE_PRIVACY_SENSITIVE_RECORD,P-2026-05-STEP2-ORACLE,a8b14151812d3026946bd55ac9850cf11750cd92d97d9be87868b1e7f0a6ee80,4eb289c750e64294aebd0bf5edfa19aec1056182a265b247b76addefa19e9ee7,d86c4ec91ed0f95ea318c30f69aeff32f626fbc1b38936acbdbac217a7360908,7ea6a399bbdf55d77b476e2255365a9b0bfc87955b1c95a60754a0d9509b3ece,cfed6ac6e21af8f7085ece63466fcf125e728a03edd1ad9da4980d52312d0bdc,ffe5d83d5957a3bdf95dd8b64b66d59ccc6e65ecd5da70c74a0d5d0f67fa1417,94fe771df2f5e9b323dfffa6e859abcc576fc5f36452635dfee4a247278ab843,c39c2da34e979fb7b2ba81b76f25b41d95571a81f69384d2dbfc5bb213ba5ea7,HMAC-SHA256-DEMO,AUDIT-2026-05-STEP3
651,f59b029595d639cbe7bf671b,2026-06-02T07:54:00Z,REQ-000651,a2651cd5c21b20cc4d4edc22,STATE_02_DIST_03_PS_01,cd84e4f0dd8740713e22e1aa,deny,DENY_INACTIVE_CREDENTIAL,P-2026-05-STEP2-ORACLE,64a6f9decb7038c79ee1ff542352378188d7552a4e76b46e3056b846b20d29de,85f06ea6c974e28bca765814fe4badc71a51f42833261bbaf810fec170901c83,8fee4fcb19580946603b702d43f57cdb6dbefbe9447088da19fb3d9eaf37ac90,3df92e4db90b29362e4c58730de6b65b947908d5aef34c3227248b97a012ac41,a84871c7a773ea018cff04760775dd7263ab146404bd35c5175a407773f96f77,94fe771df2f5e9b323dfffa6e859abcc576fc5f36452635dfee4a247278ab843,966521b2fb6084641265fffeaa1304ebe2973dc10f85284a595ac13d149d17a4,fa50979c563b16d2de6083baa07831437ad1f197355e665250a9ffc4f5fcfa48,HMAC-SHA256-DEMO,AUDIT-2026-05-STEP3
652,b4af5971d49320a45f0b4ee9,2026-05-27T21:44:00Z,REQ-000652,0d893c2441da140e8c46fc54,STATE_01_DIST_03_PS_03,72f5852134754e41109c673f,escalate,ESCALATE_PRIVACY_SENSITIVE_RECORD,P-2026-05-STEP2-ORACLE,00bb1c7d051b3f4e72c23967a09b7768225e829dfa8cb5552a62e4363b730a60,90f1841175f6b8820f70339bc60fd515d5a68953b6a6e8904ba7615fba1d44e7,3fa271e4ab1e95f53cd95fd957e8520ecb4c3f239b7b35a66e9c7e88057a93c8,4bbc352065af3fd2b2f4536280e9f78cbd1fc66e1476b1ee794f563d3f58e3be,3ddd112abfeb0b7ae6b7807f1915cc271ac6c0a3f707975fe26960aacb1d0b29,966521b2fb6084641265fffeaa1304ebe2973dc10f85284a595ac13d149d17a4,8a9615a76af2b1add7572fa8e4d24216fdf2a76b568685a8e765bd01fba6afb4,df2d9f697e054322196075768d3c24e02b82cf7c857bc6800e0956298cfe36ef,HMAC-SHA256-DEMO,AUDIT-2026-05-STEP3
653,d0e0f3775a21db1861fe7504,2026-06-03T06:08:00Z,REQ-000653,d3ba9e82379b9a1fa09b884a,STATE_01_DIST_04_PS_02,10ab373cd6bb33aba4e71b3e,escalate,ESCALATE_PRIVACY_SENSITIVE_RECORD,P-2026-05-STEP2-ORACLE,b814d9b4e25fb0805bf6c03d89399a2bfc67d88bc4d65b10b3a962723106b465,d78a9da0cb97b6076b8ac864cd192caad95a755b202c1825a358ac4e257fe41a,3ab79bbc3b5c81c3a996ab85a8a32b2b62a0c3ad259149e24ced66a30565ef40,1d4d53962a7b59f5c473c6c8e5d8d9e70b565a00334c3b708023285bcc294267,a8a0987b1f441ceb8d2bbff7b7fd93dc3f4ab17708068dbce91674c83a2cbf1f,8a9615a76af2b1add7572fa8e4d24216fdf2a76b568685a8e765bd01fba6afb4,01ba6b6272077e9a37054a2afffd05bccc7e95eadfb5fd18b2cc1b6475e3e90b,8ff08967c656bdbb94945afdd29c6cb7f16d0b18e14648423b0193650e4f9e3d,HMAC-SHA256-DEMO,AUDIT-2026-05-STEP3
654,51a8cf0854c0e0e6fe67c32e,2026-05-31T13:00:00Z,REQ-000654,f59f4c244c14d1c05b3b5fef,STATE_02_DIST_04_PS_02,4486a471677828660c3b0e02,escalate,ESCALATE_PRIVACY_SENSITIVE_RECORD,P-2026-05-STEP2-ORACLE,eaeafab445b9302a8f0d97090833b90a462c8c267662871896dfc7e5034986f3,b8bdaecf959eb337ae9e868ce3e1225207bf4f0b67f239318f621b7f66a16134,e5d86564f307a6b62bebf1c00b22bc955316838dd1a87c1cdaa9eb9f3735e1da,993e9f786bc12961e1c40100fec667133cda2a5d21d1ae7c194120b51025eb73,f9dd7dee6f62e61a9b4fd93fee9c63d369f9b7cbd3487f4f8024794ca86a3069,01ba6b6272077e9a37054a2afffd05bccc7e95eadfb5fd18b2cc1b6475e3e90b,380caf0667999a8eebde29c4f6150b17f8290f0620782a0bcb1cb3e602bcd917,9e2c491d73797acb2aef6617434552b5e355611bf62a0a38f813bdc0add11c4d,HMAC-SHA256-DEMO,AUDIT-2026-05-STEP3
655,b6120b52e78244dbb954970d,2026-05-30T15:20:00Z,REQ-000655,0d9d0f67e217f12f80467acf,STATE_02_DIST_04_PS_03,013db09002c5359870535b51,escalate,ESCALATE_PRIVACY_SENSITIVE_RECORD,P-2026-05-STEP2-ORACLE,7b5649bdeaf56f448647106ed911b0e7206ab828661834678d2e7ef640ef1cf7,4544672456b5c38600d4edb16edee63bbe047f3d5781b9ece33f0bcfd304aa84,a1c25c44b226aa5a5ea090b1f32cfc866d9f85818530fc67fdf4ea595b29e824,b7f09a223f8acc274b96f52d2da09b3fafc4e49f043853921510033ded18e351,28716ad63b24b938e7dfaa1d2f4749555e329426cae93cd6e9247ca00a67b4d1,380caf0667999a8eebde29c4f6150b17f8290f0620782a0bcb1cb3e602bcd917,e70d91c6466fd03006bd89c58432f9160ef9740632d389e827ef377849f44ac4,3fdb624aa655e5404d1697e3e38b4e7ddc49165ed7f37ef4a5c2825e82c94f6d,HMAC-SHA256-DEMO,AUDIT-2026-05-STEP3
656,ece92dd608be66a4f66cf903,2026-05-30T15:28:00Z,REQ-000656,b5c2c2becf92b9e253d997f4,STATE_02_DIST_01_PS_02,3112e0ab29be6240dec84019,escalate,ESCALATE_PRIVACY_SENSITIVE_RECORD,P-2026-05-STEP2-ORACLE,4327e9ba6f4b212cdebd9cfe557437470e26474811f50f45468b9c0a5a5e779f,8784278da8810d5f8d2e135ca8332e2cf4161e500ad6aa9d8f614245a17101f7,bddf534ea7ecdeb75eb95c55330a601717ae28df873a9ec3bf3f9e193784b718,9c81c8f61655d6ffbb44a462c643640315790385238cbbbbc9ba4fe2c71ee25e,459425a859a1dcb1c605b682e120dabe526c41669c70c6cda74658dc6a07d092,e70d91c6466fd03006bd89c58432f9160ef9740632d389e827ef377849f44ac4,a88a47252209d1579ae324cb82e641d415f25c399b1b36494921f0909214e4da,1b7b3104be08a32a6434744fad761228951db883bb18b98098c72a4152caeeb3,HMAC-SHA256-DEMO,AUDIT-2026-05-STEP3
657,aa02aab0d8b01dd82c9f114e,2026-05-31T13:30:00Z,REQ-000657,fcd532f0d95281220fe7337b,STATE_03_DIST_02_PS_03,b729cf6c219827bfc5d59f70,allow,ALLOW_ROUTINE_CONTEXTUAL_ACCESS,P-2026-05-STEP2-ORACLE,34b38256a7ca898f937ce3dc201e3c2ff0445599ee4efd73bdfd18d327d5a577,170c7aeaf05496e17d2456c5dfeb3dbb969398a9f6f52853edbcb22250c5c8a7,fb1fe3b87faaf3b64a6511df7b6a828bbc4401e5bca567302a1bf5094da21cfa,1b1f67b6a87642bfdb0849203779691600607fae365b52fee7558719b941ad82,da0da029e4607fd86b841f385c303f589f76047117b7e73a30f8f2abfdb9c9d9,a88a47252209d1579ae324cb82e641d415f25c399b1b36494921f0909214e4da,dfbea5846bae748995f6a0c443574d947244f7837d6d48c79557566b4c148805,4f8af3400ac8074ba63c87d6f9e5a4afc4b0ae1b5fb5557f47892a5dc5f9184e,HMAC-SHA256-DEMO,AUDIT-2026-05-STEP3
658,eccd196d2e8bc58e69e702f7,2026-06-01T22:34:00Z,REQ-000658,7eb01572e4f979827683d0ca,STATE_03_DIST_04_PS_03,36cbeb78e0fd147f27cbda56,allow,ALLOW_ROUTINE_CONTEXTUAL_ACCESS,P-2026-05-STEP2-ORACLE,6a0f7ebf49f3758eb3a04054cb14b4e51460b2322d0ff49315aa38c07d113703,9eae01930d7d9b2f69733c660e2149c7f81f97b309212e33b7fd948b46e7ce60,8c82a37daf036a3a6ab7e3323cb367520f029e38dbf44c80ef73e503a633b734,4ad29e7593df25ad934d0306d0f9f75e2c4ed87d4535309ef717c3efcef7ca19,a339cffc8e1b8b901bb50575e868e7a99e4d6e8753148f15c6a623582f9354b9,dfbea5846bae748995f6a0c443574d947244f7837d6d48c79557566b4c148805,431633aa9f660f44598c6b331e2a19f36a6d23bb6db42b13f333f10a6a288b01,13fc3ea014b9763751c330ceb5c8eafe9f3fb0ce1c307a187853143d235eff01,HMAC-SHA256-DEMO,AUDIT-2026-05-STEP3
659,3f55be7d23eddd156bfd9ca1,2026-06-02T20:45:00Z,REQ-000659,934e26f772b73b1d824939e2,STATE_03_DIST_02_PS_01,051a9a81984800460d52eac9,escalate,ESCALATE_CROSS_JURISDICTION_SENSITIVE_RECORD,P-2026-05-STEP2-ORACLE,c4a5d5b7f50182d494289c107153a321125acbc578ef82ca77220050eb566d25,3e6ab37da45a8d6a1fb073f3e54b9f8653a7987f1bf3a846e6adf3abbce40b79,7a6e6a3a7ff6063c3cd03a4dfddd373e12c10f4558c6b6197bd0d93a271e15ee,1af4dd193062bb63e1f8e6b09b3fc535f30a5b5adee64ce758a5f5583b825105,1c5202e303b58de415d9e51ca47073ee3d45505288c3686305d4856c2777bc59,431633aa9f660f44598c6b331e2a19f36a6d23bb6db42b13f333f10a6a288b01,42e445657db128ffb629fb553851c89ecb01bc39d3dcb0824f06d229002e0401,317c15729d02d31a2732887261f0f06193c562bba3b478b9a3a373ee96f87fb9,HMAC-SHA256-DEMO,AUDIT-2026-05-STEP3
660,0180da4cd4c58c9fc86f03cb,2026-05-28T20:00:00Z,REQ-000660,5d49251d25024e2ef906fcfa,STATE_03_DIST_01_PS_02,925484446f2fcc1a58b1ca54,escalate,ESCALATE_CROSS_JURISDICTION_SENSITIVE_RECORD,P-2026-05-STEP2-ORACLE,5d440c345e28eddc95461123b4144618e4e47145484852d879c2e4414fbfe7b2,1f0df643340836a77c81cfbcaefc484e09bbf36a7589a0c47f81f54e0140888c,8ffde87b3836092acdd23c9bb1084188650c83aa150a3a58970d949f42138544,9db28a7cdf3a1b1436851b85266dd5ea55dec4a4a3061cd8d354a0329eef5116,0eff515c64edc42a20d263d4fa268d42cc8c3284fc6e6f1f2319be37f1e364de,42e445657db128ffb629fb553851c89ecb01bc39d3dcb0824f06d229002e0401,c4fd82092be7eac099aa654f20c5f3d68f4d7d5b9a4d7d6614c04d2debcc204e,23d3d3615a56cd9bd49043bb174e4c1bc0ebb4487462a252db8b8b1150c1ff62,HMAC-SHA256-DEMO,AUDIT-2026-05-STEP3
661,ae28985fdc29615bd4277e2d,2026-06-02T21:15:00Z,REQ-000661,3d55943653d0579351b1bb1c,STATE_03_DIST_03_PS_01,f7151781855b8ca96dc2f997,allow,ALLOW_ROUTINE_CONTEXTUAL_ACCESS,P-2026-05-STEP2-ORACLE,fb89ef66062e8315ce1b01561b93d2248c264a88fac2d3121842663da2bcfc5d,898b27094b17d5fe3e858025e1a0baaab5ff75e87977b516fc51b030c96e6dba,c6c1c0d1e22b01932724a340a4f2af72f6342c7ae6cc812c5967d52018fc095d,161b0fd09bc24669722ea5ea340455379e8aeb13349ec391b8ad8cec12df9a36,4f9423f28f385f85ebb4a360236cb5e7f4d5b213fd2800fdeb6e865817532884,c4fd82092be7eac099aa654f20c5f3d68f4d7d5b9a4d7d6614c04d2debcc204e,00c5d134ff23b241fad2ff9d18fb9bcd14d426feb3c939b24c4a09fc01fc7cf9,91cdecbb174e1f3d046456e4643949d96ef3a1a17ae11f078717523376e50876,HMAC-SHA256-DEMO,AUDIT-2026-05-STEP3
662,84211b7770f1288210309202,2026-05-31T03:18:00Z,REQ-000662,ecaec2b1bb689d9a6ebf8cca,STATE_01_DIST_01_PS_03,d182fb36e66626609d08c673,escalate,ESCALATE_PRIVACY_SENSITIVE_RECORD,P-2026-05-STEP2-ORACLE,736dd9a78a8b4c9c00928d18f26e179f37c714e47e96cfc61c0b80c373f925a9,e48878621f1468bcc75bf47ca05ab3032242db3473db8ee6026650e4104058a9,6d963af1c970a12fed1c8202333d9eedf56937b512213f7b7c26532894b3356a,7de9c1f6856016b8027c145d25ebf2bf65f1500d4687a8ac4259d5fc18c32be6,2aa884a9c16261f7fc54bed4c51e3ffc9bfc949e38787eeccd268759128f2650,00c5d134ff23b241fad2ff9d18fb9bcd14d426feb3c939b24c4a09fc01fc7cf9,6b13c35db4605762227c2af1bf6aec557e1fb5345e2c88ed93276de526290b04,21e80cbdcf95fd059fe0d0d5b8ed329d02e4017dc781ddef64e54d0548ee0f05,HMAC-SHA256-DEMO,AUDIT-2026-05-STEP3
663,0db67ec43f0317369721ecd3,2026-05-31T03:27:00Z,REQ-000663,816d13ffa68e60a160c3810f,STATE_01_DIST_02_PS_03,c4075db33966cb270b3f46bb,escalate,ESCALATE_PRIVACY_SENSITIVE_RECORD,P-2026-05-STEP2-ORACLE,8d3acc8cb3420cd6e0bccc3620ef205dd6e16a3900dc549e23d84e4d401b3d2f,f70b4bea2a0590a7ae09efbb9236afa28fc7a3a3784b59eea612926d69761430,a51aec47b8077622abfe864147fe20710878d65932f88dec2c744e5343b2b143,88724444eba22e4d412587fc91f199ae44551947c89290f624c9b720051e0f30,daa9de7921e195da7eba8132e8f2b872249f2ae508934e9ccb0cf41899383e86,6b13c35db4605762227c2af1bf6aec557e1fb5345e2c88ed93276de526290b04,95b986ad633b3fcdab1135e8b653bea0d293c1cbd4510e73f766e16871be4c11,989ed58701ff1b1b93fb9f1680ed66fda94c774bf1a96692c516e3466f407802,HMAC-SHA256-DEMO,AUDIT-2026-05-STEP3
664,39bad1a399157454dfa96e37,2026-05-31T03:36:00Z,REQ-000664,90740f6d12084e4c579f3454,STATE_02_DIST_03_PS_02,3f62490bb6003e08aff86a5d,deny,DENY_INACTIVE_CREDENTIAL,P-2026-05-STEP2-ORACLE,fb30d33b5d0e11f3e7bc0ef7cd4b265c331fa7e99a775b189b8133e6452fe9ce,b6e727c4e9365dbab017de37b9252e6cd05f64725f1dcb66e4523b839aa652eb,d828d71573c4141519f4ef6ea942e45d97f568a16f44e08dbf12cbcdd037a72b,372548df4d40ba7d993a5194bbc933f16d5475ed6151c00714624584a6cbee2d,50a0a8cfa4ae698a794a1a1edf4a4b7f16ca725688d62c4085134c27545e52f5,95b986ad633b3fcdab1135e8b653bea0d293c1cbd4510e73f766e16871be4c11,97b9af56009c4e64aa6d6872c6ea12614c20f436a09088ffda4f5ef38710d338,56f87df13b61f89b6b43d3a47853316f3b2d20ff976b009a3171908baa0e663c,HMAC-SHA256-DEMO,AUDIT-2026-05-STEP3
665,2bf23221ac03c73c1665a435,2026-05-27T22:10:00Z,REQ-000665,5ce4d64c20eb4b8a7537a1f7,STATE_01_DIST_03_PS_02,165537a7bd124a847522b908,deny,DENY_STALE_CASE_ASSIGNMENT,P-2026-05-STEP2-ORACLE,aaf2b07e5d8424e69337d7bd7c4ec699a32a2f1bcfe37ae1affa8b6d8da1fac7,982c2117c6db0738f8b554f7311080c30fa25bb79ff58c8d30997e62f317c126,594e793e0e62ade327c821d3082f97f69c69fa318f80c5d74d0aea86add719a1,c139c5ab173c9a57f9bb16813521d9f458efd8b5ecdc85d40dc081770213e2ee,5f4bacc383e63a3056cf002bf19d2aa420ef8ed0f0bf524ba2ebc53ef7af5b2d,97b9af56009c4e64aa6d6872c6ea12614c20f436a09088ffda4f5ef38710d338,7e7819e5d45d4447e1895972d5fced9e86b9b43ad8b8f8bed7c58908e682afb4,7c6d40249e824b8268965893586ca68d8feb0b0a32aded296eb6170ea2dbf7a9,HMAC-SHA256-DEMO,AUDIT-2026-05-STEP3
666,1bb69e5e5673af0ce416afe6,2026-05-30T16:48:00Z,REQ-000666,63cd4d5013242ca51327d961,STATE_01_DIST_03_PS_01,d182fb36e66626609d08c673,escalate,ESCALATE_PRIVACY_SENSITIVE_RECORD,P-2026-05-STEP2-ORACLE,fad56809eae5673a0231e4c2cdd7ca04acaf7f88021f64f8b3cb516b0b1d4a5c,0387a8e743ed98494b314f9bfd01c99ea3d680072e0fe0085fbe3eebe782760c,9ec80535c9964011a623d06d837a5b9ade1913cb10e2bbf29acc231e2af1062d,5f98b6adde39437e7ec7bc0f297a81bf5497dcb74bcef98fa525374192380f87,7afc1aa8e66284ae9c173d08657d3eab33710a598728f2f85c777bcb7470b6b0,7e7819e5d45d4447e1895972d5fced9e86b9b43ad8b8f8bed7c58908e682afb4,33036ea3f1c337038fd9402db060f1c5cb539d264c8080991ac44b16d213d423,eebd520152d0c2093d65b1d5f4cda9a453305aeef0dc96045dbf3456e343f203,HMAC-SHA256-DEMO,AUDIT-2026-05-STEP3
667,88479f4479dde821b74713b6,2026-05-31T15:10:00Z,REQ-000667,7527b25e318154df01ec7550,STATE_01_DIST_04_PS_02,c12b0ac38401f3270a04423b,deny,DENY_CLASSIFIED_SHARE_WITHOUT_VALID_APPROVAL,P-2026-05-STEP2-ORACLE,df0e15149404512068a1fd5e83049225d28f3c4de12835e3872cb9384c339206,fa3bc30178e9e553569a2e049618e225fde2ebfa7c8e94ffc3e3b483b48461b2,6e808159711af9f17b591bc065d3abd3008b3fe3a3c1d6616f1373f6c1a2fff0,16720a7414d948816d2f5af3e780dcdfc22ee3337c736663a65f782531186c40,53caabee1efa75c10757ebba3203cc61c3cfd232d8b08fc3de8f5457ff24b4e2,33036ea3f1c337038fd9402db060f1c5cb539d264c8080991ac44b16d213d423,728eb62064b2cb4fe40a23ca34adb4d679ca701ccf3c107db8ebb40221f8c9b0,1b8b3482699687a5c9113e87c2062fbea722c18e94f7363d3fb083ed3f870b15,HMAC-SHA256-DEMO,AUDIT-2026-05-STEP3
668,fd7ef1bd2b8ac3a7bf9e171d,2026-06-01T13:36:00Z,REQ-000668,0f5e28fd8c1c5a758d17ef19,STATE_02_DIST_02_PS_02,7f416b45cddf9fa50b2b67c2,deny,DENY_INACTIVE_CREDENTIAL,P-2026-05-STEP2-ORACLE,1e2943a0489de5321e1279b9395635afd67d0c905d9c9b107f3597a0897c364a,168780c7eab8270243c0c33543dfa9e86cdcd76b8d0883cc8c226aa89d993651,48bee352aac734c82d934d4b10033a84531fe0bb77e8633e234a7a854f15ae83,7f723eaabad922b0e2b1a927c56f3b32641c96a824fbbc0f5f47a763e9f3c7c2,047391c39165fd2db35ee3ca5691aae0371bc82cfcfe7d0c2b3f3af71df82858,728eb62064b2cb4fe40a23ca34adb4d679ca701ccf3c107db8ebb40221f8c9b0,086316d0f8a6802f6d4270a96f1ae29a7f8d2ed53fc3048ee3cb5e60ae071d78,d815b386b928b156134fbd5613abe7c8376a771cf6e9cd1e6dbb17710a8e748b,HMAC-SHA256-DEMO,AUDIT-2026-05-STEP3
669,6180fb9bfadbe4bfa651d90d,2026-05-29T07:45:00Z,REQ-000669,0c912fab59a9f46b26c259dd,STATE_03_DIST_03_PS_02,f6dc1c49d5353e8c0fc3271b,deny,DENY_EXPIRED_APPROVAL_TOKEN,P-2026-05-STEP2-ORACLE,e8f89c4fb9fe23f0cbfad019e6de972b6b8f13cf5fd58d05c2d0313fb3ad20ef,7d3e13af1f4e48a707a37c3159b29e0b500b884d6b7ef0c859a434af151f5da9,3165d2430796ccecb4a494db9f27c1b33b436881ef0c476dedcc6fc617c73614,d50f41a2aeeac2faa59df1df838dfdc2576c965b9c7e6223a524d72ba22621fa,2f73bcb63e4aa929c6707429df9f9328a59d9a39af52193e6b7775189f493c5d,086316d0f8a6802f6d4270a96f1ae29a7f8d2ed53fc3048ee3cb5e60ae071d78,40aa17a950b99147e88de3eb21bd55dfe890f9e5dff48abbf30b9d9228c65c29,a1e8613034eb56f41069629dd953141e0758278d0ceaf00281a7e7698ffecdac,HMAC-SHA256-DEMO,AUDIT-2026-05-STEP3
670,0947d0b8ac95738162f94ae8,2026-05-29T07:50:00Z,REQ-000670,4abc3e055d213fe06ce85aef,STATE_03_DIST_03_PS_03,4644ab9bab94b2012e83fa80,deny,DENY_APPROVAL_ACTION_WITHOUT_SUPERVISOR_RANK,P-2026-05-STEP2-ORACLE,c10dc7ac1127c6a35a66e69d811beebaaaa3d8bd442406647cc94e57d17cfc18,4ec4762f6981baafe839ac99aff8e84f9df73918e51145b5fb607221ca053d7b,8ac9f6588aa3d87273fef0e738bd112d217e1423b776242a01cec00d97f5834a,075601d4bc57c81aff2ef9bd2ea501a697bd589ec993299d93a79de0f194f563,20d89f0589e194acfc6dc6823e2f3d68337578fa143d38c9bcf701751f6acdcf,40aa17a950b99147e88de3eb21bd55dfe890f9e5dff48abbf30b9d9228c65c29,9b9f95bd63441df526a94ae8b990c4397f2db574804fd25e9433e18970c4fc3b,75fba52ea7d86c1a3af45c56e1d6a9c3df1ca1701e4ed25ec4390925308e23d4,HMAC-SHA256-DEMO,AUDIT-2026-05-STEP3
671,fd2c82efdb462c60d368d948,2026-06-02T12:34:00Z,REQ-000671,a4932d929933c3c8b03681a3,STATE_01_DIST_01_PS_01,e5c055800da6250fb67db7ab,escalate,ESCALATE_PRIVACY_SENSITIVE_RECORD,P-2026-05-STEP2-ORACLE,5a3b8528e6a87e2b5c3d1b68e02d9e679283dd5b94073e61575c33d2d31c89a7,25a2f7f8554efa5def0a2b2cdf156f9d24a4b22eb6b8973cd86f618379138918,97392120f99fa470c7066deac3f640161fdee967778bc3b1062347dcb434277d,c1bb85733974764e627f2c69c42f5b4e820e681d8d7c7758e4639908229ff396,e407f7792e243e2f1671a7c85ecc4b372050c60bf5f823abaca10884bbffa759,9b9f95bd63441df526a94ae8b990c4397f2db574804fd25e9433e18970c4fc3b,c815d5e6ed251fb9053cfdacb2b08970d37507ee0f47acbae65756399c6719bf,2b8acb9a1a6ae83b7d79a956f2e5a39dddc7326270935dd02b03d5a62a0945ff,HMAC-SHA256-DEMO,AUDIT-2026-05-STEP3
672,30a9f6b501682f3bb483c04d,2026-06-03T11:12:00Z,REQ-000672,2deed09bfdff4831b0bfcd1c,STATE_01_DIST_02_PS_03,0e67d609ea46cf7a4eb4513b,escalate,ESCALATE_SEALED_RECORD_REVIEW_REQUIRED,P-2026-05-STEP2-ORACLE,505defea5daf1346dde01d8dc8fb897c450e98d72145382bfb9b77333bfda918,498768e07dd86aaf59d9f9a5bccb1ce767d787edd694b1d8e9baa12cbe11c9c0,36dc1ecb53dab7ad458d84d0a91cab89e7bdf73fb04aaaf588bcb09c7c5a9f80,c019a7c612882d5ca6cf7bbef209ea3409053b4ebb2efa726013b69d03c87428,a1f9d9bbffcb24727abcf02e624d4b6e70cc8d6ad2688c83969c85a8c5371643,c815d5e6ed251fb9053cfdacb2b08970d37507ee0f47acbae65756399c6719bf,4a629cafc40147a329e2e744ff809c52b950c7c0d20ef2731ae0f7e798fd061c,e475c28beff4762c8c950bb3e598eaa5425ae26d2e3c5f80da515e6c822b0c9b,HMAC-SHA256-DEMO,AUDIT-2026-05-STEP3
673,d4eaee10ecefef565c0da28f,2026-05-27T22:26:00Z,REQ-000673,893580185d14634211eb9a59,STATE_01_DIST_02_PS_01,227c461d84e121aa1f3cf1a9,allow,ALLOW_ROUTINE_CONTEXTUAL_ACCESS,P-2026-05-STEP2-ORACLE,ea4c7766b89de899511a4226d00459a6702ec00d1e6969c7dd9cc5431f849699,4a50b3b932849abf5b0adeef54227da52b44ba33dfe38465a6bebc0107d011a7,bc352ee0d8a058492abe6be94ea83f97ce94bdc53ca762874050c395ec256f05,883e8e2532d29a7a46f20edefd2673184fed03935ab753d9dda4d159bea0a3f4,5a0595616e3716b6232d096c752a2708def08293d1c43af4c43e0f47f8c4456a,4a629cafc40147a329e2e744ff809c52b950c7c0d20ef2731ae0f7e798fd061c,43413f07d4d1915fc8c7b058afc93f2c84fafa9da8f61deff443addb5d360f17,74d9c25dec295a4e3ff5552231d927f14fa53ae11eb77da5cb88244bd673ce31,HMAC-SHA256-DEMO,AUDIT-2026-05-STEP3
674,1f47adcf8b182d5d4e620d2c,2026-06-01T14:48:00Z,REQ-000674,5250e04b75f9aa481b9f2c6e,STATE_02_DIST_04_PS_01,fb9b68002468d3dcf43099d5,escalate,ESCALATE_SEALED_RECORD_REVIEW_REQUIRED,P-2026-05-STEP2-ORACLE,3ad086d568d8666c3a241ff32d3ebbf4fa6f7fb9ed921e4d613c32a23a8f6f9d,7ff9f251729705973616f1f06ce7759a76e89f87b4bf6b916c46453dfd3e5727,3a2be1fd9803d535d79553ee626c1d1993441e6e85227a2b160fba6ce6948381,c1527ad02eb2dbd17a73e55fc412455b5e3464a996294fbc2c11844d9b6fed86,b240ce62ad7cf9ff82af40963ff5ad4339354fe9ab92fe547289c43b20112756,43413f07d4d1915fc8c7b058afc93f2c84fafa9da8f61deff443addb5d360f17,ebcff525fe5f69963c71e7947ed5a74049a242824c3781ef99e32e51399c7b09,8e37a69853a7685e7b565f722702a4bb2878ce558dd2822349b97eb8f041a096,HMAC-SHA256-DEMO,AUDIT-2026-05-STEP3
675,32f9984d4d0866715be2a231,2026-05-30T06:45:00Z,REQ-000675,a7db164c4af844793a01db35,STATE_02_DIST_01_PS_03,0a4ebe96de8201efc315bad5,allow,ALLOW_ROUTINE_CONTEXTUAL_ACCESS,P-2026-05-STEP2-ORACLE,9df049a149dda37902f5bbde02c3b7deebc6824b24f32903e445fe3b5d65b29e,3fc136655d1337cd6cc7e370ce60f5eb3aa67a8bbd153ef6fb6b743aae7d63e7,ee1c2c99e7d166c8f48868f01c14664d03a8cb025aa439ff9394e625662df654,0727137f33d6821c33d1331cd747d242d223fd68d02521328b373b1ba5c16270,fbd18f8d99754542dcbd0d7c2c3d99de8997aedd7d9de0e1cef97ae61e37aae6,ebcff525fe5f69963c71e7947ed5a74049a242824c3781ef99e32e51399c7b09,e3d46b1179c695f0e3b88c03412508cdcc62de1531c62cea15be2973728ef391,2e13158f1f2f1804cfad2d93df7f6b57c4bdf34bc4f7005d85ae588bd3b29d4f,HMAC-SHA256-DEMO,AUDIT-2026-05-STEP3
676,2ed0209bb185ee5b2a03daa3,2026-05-30T06:52:00Z,REQ-000676,006fa23a737e20e3625debb8,STATE_03_DIST_04_PS_03,b011cf5ae48f4ee0fa784772,allow,ALLOW_ROUTINE_CONTEXTUAL_ACCESS,P-2026-05-STEP2-ORACLE,49bb978f54bf85127b269f9d88a7d6afd9bb07864ca8637475ee00b9e7486ec6,6b8ad3eee2c808650cb8ff8d7a3adba6f977241133c708e90fa72d1fe31fb29d,4d0946c3c78155a29bcc24399b3ceaa3fa8244fe4a7ca9c74b1935c87afd14e0,dee296fe121991344db8b10a6672e51bd2c8c28864e1f40d44c0e6db621452ac,0c07eccb3364ce4ff07f15e151705b48160e1a4996743f8cab40e6f06e5a9787,e3d46b1179c695f0e3b88c03412508cdcc62de1531c62cea15be2973728ef391,e9b282481cad156fd051131629028e4c989e9b550c013550c5706c779a969428,7f0b8b3a56d319d7df60c803bd8920f85e39d92498373d7374f651df9a242917,HMAC-SHA256-DEMO,AUDIT-2026-05-STEP3
677,76a85bdef2d5e82ebd9b1dab,2026-06-03T01:15:00Z,REQ-000677,e246494264abad2f32845507,STATE_01_DIST_03_PS_02,8fecb6c3c0ade75d415c3694,deny,DENY_SEALED_RECORD_WITHOUT_COURT_CONTEXT,P-2026-05-STEP2-ORACLE,f2dbc46d6e054aa257a1c5bfc2af6d6d8f2121acdfc30d6248b5ef2510e65ead,20c08ca81ff9d64e54e3bda73d37b3189a3392f891c919e9f90439c37f987bed,483823a302ccbd311895a8f47957c39b6fa6becddb6f17585d017999358ddfc3,661caeb2cb8ba4c47ae110d267f200c15acef57fde1dd75b2bbe93f7beb3618c,7612667faaa30e346612eb34cd8ae659ca94b77c46224cbafd81e88c33d4b54a,e9b282481cad156fd051131629028e4c989e9b550c013550c5706c779a969428,3938429c0d542a1529b3f0c7eafef463054401bed7b00bc55d7607bfb5977adb,7868fff8de1962bbd916d13db69c80b69c4f3c590296bb04060ce05b9b67a4c9,HMAC-SHA256-DEMO,AUDIT-2026-05-STEP3
678,7cae85ac1a5c54527358e33e,2026-05-30T07:06:00Z,REQ-000678,0c912fab59a9f46b26c259dd,STATE_03_DIST_03_PS_02,93085d59bbfcecbde699aaeb,escalate,ESCALATE_PRIVACY_SENSITIVE_RECORD,P-2026-05-STEP2-ORACLE,f1051208c9324dc8e99a6ea53d9ac5171fd7804c69d1f679d57e065c7bcf7625,65c3885baef10e782bb3264ca0638350a8361027099d12d9cf3657cc63f714c1,de9aa2787f46e876122b341730aea1173ecc548121d86fb5832f86a1a15f0499,a2ad0a1f4b5d798f272a72f780c9515da8759cd2f0c79834000d94f45cd0184a,f653e5eb11ed1d27aca16fcba904cfc8b2fda21ec2bfb9eec39705924b7ca2f2,3938429c0d542a1529b3f0c7eafef463054401bed7b00bc55d7607bfb5977adb,76bd6e9f7ddf10805378cd0143e6c7cb6f5ab699cef5f01f0f19c1816593929f,7974e21a67098e2bb75128d32363f1dc52b37707a0104175a2340e9ba0392d7d,HMAC-SHA256-DEMO,AUDIT-2026-05-STEP3
679,22a5a1968646c639a8d5c82b,2026-05-29T19:54:00Z,REQ-000679,5250e04b75f9aa481b9f2c6e,STATE_02_DIST_04_PS_01,3721d7269c2dde832027fa61,escalate,ESCALATE_EMERGENCY_REVIEW_REQUIRED,P-2026-05-STEP2-ORACLE,ad4e60667712c7415acc9ec1f8897a5956ecd0bf680aaa73a579942a3625776d,fe47b5cf2fbe424269ffee2e5fb8e4106067514d7ffd350ac35e5b29cafd3f09,060f78e2f888dc6efe03fad68bd0135419c886487bc9f25075b6d1daec1ebf88,f1afb5de43d8a51a5776f8d220dbc2cef28f732874a728273a1db71fd6cf7d6c,2ac6c4ab57a6029d0e9b62fc314ab08fcc5d94207982feb355e47917524de94d,76bd6e9f7ddf10805378cd0143e6c7cb6f5ab699cef5f01f0f19c1816593929f,723a491d3ce3d7a67257746b3d0c30827e96aad7f77010cb8ae5e4b29987f1aa,20baf14c3c3b46122bab8bee13b552a37d8bebf294e0c350cc7c98a43e9f95c7,HMAC-SHA256-DEMO,AUDIT-2026-05-STEP3
680,36ae21d9633c9dcd641b7f82,2026-05-31T06:00:00Z,REQ-000680,893580185d14634211eb9a59,STATE_01_DIST_02_PS_01,227c461d84e121aa1f3cf1a9,allow,ALLOW_ROUTINE_CONTEXTUAL_ACCESS,P-2026-05-STEP2-ORACLE,6e27d5156079029839c567752d8b3c1a98e888021949d8423068533a5b1f6736,61084016d011d24e525ad3bd1e3efb4e787a5087c62232a6035c3bb73d5eb5ac,6d3ff88066b6f28d427577139a46ddac97321a2728e0b92ead1d1bfde38add62,40a201d0bb6e6a1cadcc485f75aaa16220e948809a6bb80c9c1ef29638be9c0e,f97da6cd38d9726fdc9d620d19aac387f14a6516c7741565a2d19b98f010c674,723a491d3ce3d7a67257746b3d0c30827e96aad7f77010cb8ae5e4b29987f1aa,86c99e645f23cbbd6b65d945b7f11a4bf6c069cfd56135119df444328fa80dbf,9738cc410d0d520face76f0637ccc17b640784b3bd1fe62632cb139f4c9f76e0,HMAC-SHA256-DEMO,AUDIT-2026-05-STEP3
681,1d45ba8058b07ae7f680df74,2026-06-02T14:54:00Z,REQ-000681,006fa23a737e20e3625debb8,STATE_03_DIST_04_PS_03,5820681615acad6176f4144a,allow,ALLOW_ROUTINE_CONTEXTUAL_ACCESS,P-2026-05-STEP2-ORACLE,666d8778bcc8a8d07df8d30e45d3655da9820224d00b98829887e1540ad83a77,ce95464b1bef376de0ec6626810ff272d9a4eed52f8b5328f0b501591a1dd935,80bda16202ae130ac58b3a6e7f59a778491a87bc45502cd99433805b8835d7db,8fb2dd349cd7e7ed4afce8a1b07504f61978d9bb0340334645c18e364975cd52,0308efe1727d3be32f80ac30e71a07aaa43fa74bc9e0289ec7318f6472ff083a,86c99e645f23cbbd6b65d945b7f11a4bf6c069cfd56135119df444328fa80dbf,bfcb52d44586b98fa87788a0394af0d65dbf6429894da48b20da32e5a5d3738a,5a62461ff5b2846825a2228ff6573c3e687b683810efea6ca87e70ed6376cbc7,HMAC-SHA256-DEMO,AUDIT-2026-05-STEP3
682,75d34abca76e009e1cb032bf,2026-05-29T20:12:00Z,REQ-000682,116125532167435d32c323d1,STATE_02_DIST_04_PS_03,fde3e6bafd213b72d810fec8,deny,DENY_SEALED_RECORD_WITHOUT_COURT_CONTEXT,P-2026-05-STEP2-ORACLE,eb5faa6b3f638429e48bad44cbfc81660f14c99552983cbe604850fec3c01eb1,33c8bbac79f876ec11791900a56ce756c92411db51016a3e54df5d6c29548aeb,d1ebfab9cafb49a4a17e4837f779f7fccee997a1b64fe39065c2c25be2a02dbe,c292ad9d773337421befe19a0b1397b091c3bb7e7916a270e3c86376a91c1e40,ee5675932d8e59ed7724f68b0be7af87b60fca1e9793fb62c350f89f0931dcd2,bfcb52d44586b98fa87788a0394af0d65dbf6429894da48b20da32e5a5d3738a,fa15df03cf85ee45b4198b9d2c86dcec6dbbf41cb04f980d76ce3c9f8cc8a3ca,edbfaa95970925f7be17df41759ad234af6266e6d84191d7a9c5102724f1862c,HMAC-SHA256-DEMO,AUDIT-2026-05-STEP3
683,a4fb721027b306bd6acaf6e4,2026-06-03T02:45:00Z,REQ-000683,8a7aea37c451a80fdc290e57,STATE_02_DIST_01_PS_02,19f9edd30f8406ca598631a4,escalate,ESCALATE_PRIVACY_SENSITIVE_RECORD,P-2026-05-STEP2-ORACLE,e83f27d4061fdc324f13a6b3a201435acb620cb5279cf94ec1f2a42cd24204e5,b45c83d7e207c4c893fee47a497e501118a6030e8432a9778b02009625ec1e2f,b6fa149f4a6e77c0da904302529a1d21b5dc5f82df085f54e4b2a6e529a3d9c7,1a5d9f61f248c83bace4acb4bc7b8c371c956149afc0d7e5895915ef19f835d6,3fcf02b6a0d6709a31deccc114550ed2080e61a4c78e9b27bbcfd577820dd0fb,fa15df03cf85ee45b4198b9d2c86dcec6dbbf41cb04f980d76ce3c9f8cc8a3ca,6f15cc61238b2b0eb40598074760e9c2693653f7c25d3fa66b0632f36f50c2ee,f8218dd1ab50c7e34e6d0cfd3e0682bd7fd4fd7f1866decb026b8f751e3d308f,HMAC-SHA256-DEMO,AUDIT-2026-05-STEP3
684,adf7aa18bb7cb3400da045e1,2026-05-31T06:36:00Z,REQ-000684,733b1499389b250473119b5c,STATE_01_DIST_03_PS_01,e1148c15109211a512b9f29b,deny,DENY_SEALED_RECORD_WITHOUT_COURT_CONTEXT,P-2026-05-STEP2-ORACLE,e06ed7b1b8a3394ffa3c6bc7d77812a224c91fbdb4c9d428bca260314aaae330,c650d498c1cf16d8a2a8c28c33354b63d462369f376e4aa6cbc6cb3fc103189c,753fc40a21d3763b751b00a70cb825f5ba768cd253b7e6b1f546a0bb7bdaecee,a07d7a15b2433cafc8432e9846496c47114040e41b4504061e1afdc54f952472,ed3aac6e4089227fb9e0e0d1b80f482f38796553aa81d475c2ffe7370658f7e5,6f15cc61238b2b0eb40598074760e9c2693653f7c25d3fa66b0632f36f50c2ee,0d8e33f3829ee0af122704b4cc6dd241d33e73156b743f7c3190bf256c199fbb,13cf2c9324c4eda4fc34e4ed2e40d144ce028d9c8d02d3abd59e1e00ead09260,HMAC-SHA256-DEMO,AUDIT-2026-05-STEP3
685,e1650ba9e48b748d9a6dae93,2026-05-28T21:40:00Z,REQ-000685,3dd77930332ffbb4fb60fb78,STATE_02_DIST_01_PS_03,f00953fe3c0b73fa1844aab5,escalate,ESCALATE_PRIVACY_SENSITIVE_RECORD,P-2026-05-STEP2-ORACLE,7f09c379db3ed37fcbd08aea89f13f84a4ae3af1f88e5884bd6c15dfcfb3063d,a0566a3fbaf77ac4bdb434d07a848de788c10f9044c6bf19a5a204105df81da7,cc374714d3bcdcee53bf11913bc16045c4411a64ddcc2999f57f15b29df4dc44,ce258650962d24eeac1dfb17e18ef4468f69b728888c0a6408c4979556e289ac,46f0d973cfddd5b0305a7060d3a987e76d2cfeb83543203c8d3c47231a873607,0d8e33f3829ee0af122704b4cc6dd241d33e73156b743f7c3190bf256c199fbb,ed77d95dcca027f62f8484d01e05e1c8758c73515cb0fa811e0a69a1b1406aa9,a89d1ee4df481a05eada98705377aeaccc36a87ca4c311768861a75514b77e02,HMAC-SHA256-DEMO,AUDIT-2026-05-STEP3
686,f3623e7f5cccb2c7f1b5f409,2026-05-30T08:02:00Z,REQ-000686,fad5d40018942c6b0ef2d75c,STATE_02_DIST_04_PS_03,993302f952e97c82aaeeeeba,deny,DENY_INACTIVE_CREDENTIAL,P-2026-05-STEP2-ORACLE,3299ce1a1aae122ac1b982d40bcc53f5040d7036a14b6c9a4acf2865b3d09d78,cc0a58c68e37c7455a5df6184094120656dfee98f40455492a99c5d1a2ba47c9,4f4965dad96fb49c064024673b45d535528547db1073afd68316d3068ab13070,a602f7509787a02b753102c4d89bfaab0f18943a2f4c7bc34d67fccdd048f289,c483be895286831143589e97b56a558885738f8de00aeddfea32ada098274e5d,ed77d95dcca027f62f8484d01e05e1c8758c73515cb0fa811e0a69a1b1406aa9,6a17d13e3dc0da148a2e9a8974c4622093df964338832ce12788b01ab225b817,7866604f265fc55811e4c3a851aff45e6913f1262bf79e03d4476ff6c8d75b7c,HMAC-SHA256-DEMO,AUDIT-2026-05-STEP3
687,729801e1bcc34f163fa6bbbf,2026-05-27T22:54:00Z,REQ-000687,a07f98edb4eac55d9fa73ffe,STATE_02_DIST_04_PS_01,c6a572862caa5832f9d55a39,escalate,ESCALATE_PRIVACY_SENSITIVE_RECORD,P-2026-05-STEP2-ORACLE,a0681920ff027315a957d93f8f98a5d12b385dc3c8ac6955aa587de4fc4e7357,d35997c920af169de01ca55f97a5941c559fff3d5e813d5ce096f8bcfcd58668,edb1232604be6c43699193e26e14534e9467554d1562d2c4a36709095b45e8dd,340e91ab628f4d819aa52d98627b3047846b7e64e579c989c2df815774a27777,7d6e8569daace22c8212aa003481f951f06c478c1df6b845568b9528429bb5fe,6a17d13e3dc0da148a2e9a8974c4622093df964338832ce12788b01ab225b817,f367c7dbc1380317583de5ed0df60e8e614d6dedf4573577bdcd5250f7c67cc0,6ca394441afe1dd3f4234464df66156b9f03db2602151df88a8ab1132fee6441,HMAC-SHA256-DEMO,AUDIT-2026-05-STEP3
688,d299175bed07523d8fb2c3eb,2026-06-02T16:32:00Z,REQ-000688,5ce4d64c20eb4b8a7537a1f7,STATE_01_DIST_03_PS_02,98962a80fa6d073c1494536b,escalate,ESCALATE_PRIVACY_SENSITIVE_RECORD,P-2026-05-STEP2-ORACLE,5109ea8e55831c9434ca192e9844799f78efe089640163f1be72cf148b4413d1,7f8cd5ec8d68c90d023e0fa576af9b5d90807f73afac0f84ca3a07cf1efdd833,928159bfa06cd0a07ad2740d7b87e906ed27b2550263d210bcd34221b7fb4f5f,009559bdae58b3e97b0014273a0680f3645d998e390a58c65c5f36ebb7b14b69,c8822ff969743a4d0fdfc4cd8a3c91dbdcfecfa30dba72538f941ffd9cbf910d,f367c7dbc1380317583de5ed0df60e8e614d6dedf4573577bdcd5250f7c67cc0,6cc89ec9469cc7f6544e2958d448b77c544deaf384193dddaadd1512e1325c13,e4b86f83f911571785ec9331729b7b830bfec4b1eb1d7bfe8c3f24b5457824d8,HMAC-SHA256-DEMO,AUDIT-2026-05-STEP3
689,1b7e907d5d74eb2a5f394d6d,2026-05-28T10:27:00Z,REQ-000689,48f5470b8ce4df5af3e82ab0,STATE_03_DIST_04_PS_01,008cb02f48fda282db462c68,escalate,ESCALATE_CROSS_JURISDICTION_SENSITIVE_RECORD,P-2026-05-STEP2-ORACLE,1680cdebcd865c4226e9d5340a44e75f7d5523f04c5e554e2f0f7132f99019bc,d2df03bb858e3c6520ce8044022785ab36aff4d05356f5158e7e03bb8b6b741b,9bf64bb1cb7aca3eaecfb3e87310b5a1b2b5191a1c8f204322dd2c7791f5f5ce,141162c21dd3a4e551a0a1eafab07ce85a61c80be8530471e7a35c66e5c88a7a,5893297ce8a4b0a80e1e665ffc8f9cd21a66393cd71e84f4831592fdf34e8b79,6cc89ec9469cc7f6544e2958d448b77c544deaf384193dddaadd1512e1325c13,5b019d63ef7d52c74ceef2c6ae1ed1bedebed780d5b12b82a144ad20538a657f,1fa33e9aa261a9b32e9f69d61e7de244a9cc9de4bfd999d843294573ac92e2f9,HMAC-SHA256-DEMO,AUDIT-2026-05-STEP3
690,48c53bab692cc2e7dc2120dd,2026-06-02T05:30:00Z,REQ-000690,b0f05da9786602e3afcbd606,STATE_01_DIST_01_PS_02,ce330aa2f17b5fc410eb92a3,escalate,ESCALATE_PRIVACY_SENSITIVE_RECORD,P-2026-05-STEP2-ORACLE,87f095f1511f687db7c70b4d2b06c2774a0efaac23d2a17d7e3d2e937f69f995,e5d69cafbdbd1420200e9feec6b3c612655834af93cebbcd64cdda05d5c19d56,3894d6a28c2bd99aa85d32963335625fdf87fb4baf3dc09d6fc0392df23933d4,7437cf6639fa3a65b7ed4ce2dd84ef00a2a271af17408a64e37aa3e943b0c1cc,3633501cfa146a21d94d1bbfe019be2b11fdccc6cc73ec631a91049d3301a781,5b019d63ef7d52c74ceef2c6ae1ed1bedebed780d5b12b82a144ad20538a657f,f6e4f9ec5df1b678b9360fede6514c48c223ddc4613dda1414b53bd650ba6189,a9b22f09b6f6c5ffdd71f31a6c873eb0b47a90d4d610cd899cbd1bf0ce1d1f96,HMAC-SHA256-DEMO,AUDIT-2026-05-STEP3
691,6974300406bd73969525a126,2026-06-03T04:45:00Z,REQ-000691,c5766246d7388485ac5c149e,STATE_01_DIST_04_PS_01,2a324b1f1c72134354401324,deny,DENY_INACTIVE_CREDENTIAL,P-2026-05-STEP2-ORACLE,122f1255636a35e8d446c19b80d7c0134656f863e871cf75f566eed258b68b9c,6306d8b5e1607ad96088bbfb4fcda6c353ea58d9453e84554458b24d11560498,c54086d5d45d67dd9965f4bec51e2e517d41b19f0a4d6d0396015f5eb10a0551,78fd50383ed169390021962eaba71a5095e6764877bc558cd56b61ba0d5c2a69,3b5d2227b0d8a60fbd76a264330da014328e1f9db9ccd038c52536a9da8cde95,f6e4f9ec5df1b678b9360fede6514c48c223ddc4613dda1414b53bd650ba6189,a9849320c512db629b0d4f532bfa6ccfd8d9a116aaff3442de4c4ea0945c77b7,1eb15a7cf661b2b718e0500ce445de34e8a927d49668ee83a32283742fc3ce20,HMAC-SHA256-DEMO,AUDIT-2026-05-STEP3
692,1fe79805333ff1e68b1edbc9,2026-06-03T05:00:00Z,REQ-000692,d58ac64e32ce6bc751285238,STATE_03_DIST_01_PS_02,fd3d5cc99a32a0d7670df06b,escalate,ESCALATE_EMERGENCY_REVIEW_REQUIRED,P-2026-05-STEP2-ORACLE,47327b9a3f4cc80b7518c1b0af32aa1034762e20aaa1427d2b822a22efd055ff,455c0ca20d24e7e0a8c44adde553046ff826373459f2cb333902b9ad33481153,e50d80fd1ab15cd7b3b829f15b41a6a4f92cc964b322cfc8b4f872d31b85eab1,adf8667faa3020fdd2fe24b668d890df8a58e2e4d7cae270531c6a6fff8ffc81,a1ed547a2c7178fb06ebbdeb63e70be53bcc893823c7d88d866dcb67d722184c,a9849320c512db629b0d4f532bfa6ccfd8d9a116aaff3442de4c4ea0945c77b7,067ae4fa373edae4ed4537706b88fd4b1259990768c10e1c07d233b9d8547920,3d29ae59d04191289ac09c4767a6a88b981a96e566e9a81e6698fe6c98be9655,HMAC-SHA256-DEMO,AUDIT-2026-05-STEP3
693,1864b4e4b6c213a8116cc7f3,2026-06-01T18:36:00Z,REQ-000693,85642e8c300a0dccea130cc9,STATE_02_DIST_02_PS_03,c8574da02d53b2b3900286b3,deny,DENY_STALE_CASE_ASSIGNMENT,P-2026-05-STEP2-ORACLE,c4f10cba0fc82d1996009a81ff91ac934b7312bcb9b96ca7088d5925347e16a4,4ae9f820de08fc6e9cfea4b4ba6a5711c568d428b04b6c4255a23f7b970c3bba,1553bce0d25da203c488aacf3d0fa7836f7ce74f95d95a75392012a5077ff1c9,f09ff70a1ef07a63735215bd8e83181813a5ea0fcc8cbe21b3b4a6c8468c7ec3,de174455812088f6b8d76d8c76cbdc731521941b698e9cf30b6c6a833f71fcce,067ae4fa373edae4ed4537706b88fd4b1259990768c10e1c07d233b9d8547920,bb5146af7f5f22366ea46cb81f14a613fa9e142050a10716da517886cd6a4d4d,c09a776f14b9238d402bc206526146c2b5428d8c10c6c9d1aa29333b1dc2ad0f,HMAC-SHA256-DEMO,AUDIT-2026-05-STEP3
694,2fcd3025e08d2cb4b3ea5d9b,2026-05-30T20:32:00Z,REQ-000694,fdc97c18ce18a70d495aa065,STATE_02_DIST_03_PS_02,fc913d05603cd852d4140f75,deny,DENY_STALE_CASE_ASSIGNMENT,P-2026-05-STEP2-ORACLE,d46c2476b17d775443f9706c9ade0ac5cfb6642eeea6b771f537a7fa21a8c132,920f9133099149fd30482b942fd2e0ee6e49509bf9d92ff80bffeb2e076ce1ba,40b13be93b2e74467bc23ff0809dafbbfff1d266e91e3a54274ebd38e2c8e37e,d662bf0bd6d529443a2db735d07a688875d8ff486bf944f51bbfb0120b75d039,e3c6282d0f5f9b51131530e59899988d78eb9707bd82ac974d867bb7712d82d1,bb5146af7f5f22366ea46cb81f14a613fa9e142050a10716da517886cd6a4d4d,588cc6e03735da7cf134aa3960ec85ec0d2a57ef626890f6c2fd4cbcea6a07a7,74c60fc1bac18090dac44c4f015fd599e35e86fb1227b281934be1d9a4bd12fd,HMAC-SHA256-DEMO,AUDIT-2026-05-STEP3
695,588d3ac6119066852e49212e,2026-06-01T07:25:00Z,REQ-000695,29e63067f87e22c26e60f375,STATE_03_DIST_01_PS_02,c4075db33966cb270b3f46bb,deny,DENY_INACTIVE_CREDENTIAL,P-2026-05-STEP2-ORACLE,98958527045ee71df263496bb5ff6c112ce8c0f7c08b6c046dc11af1744df348,e5126ea682bbf0d31059d208fe2e6e5e2066dc2bcf77a079cd0022c1b6201624,6cae1bf81d72f9b95f8d1ab53ac11a8da0674e4de571c78da3c6b95b1dc7a93b,59ba8b9318b422ab74792b5958aacc5ab1e16c65faddc074d5e46b0bf88c25f4,c5bcd4a9b200dd04bb69dad40d76d9e24546053e5f12e913596272432020eddc,588cc6e03735da7cf134aa3960ec85ec0d2a57ef626890f6c2fd4cbcea6a07a7,505b82f74536eb5a7a3efe666af94ca563f8fe9d70f7f9df9763bbd7e6f6f0eb,cc0a76c136e026b03300c7328ce6591b696887568b7f677e92c02c7c2cd14199,HMAC-SHA256-DEMO,AUDIT-2026-05-STEP3
696,98a0015c18fae987c4306aea,2026-05-29T21:36:00Z,REQ-000696,4fe847ab79de841540c7b990,STATE_03_DIST_01_PS_02,73a955fe3375c918a3bfc978,escalate,ESCALATE_SEALED_RECORD_REVIEW_REQUIRED,P-2026-05-STEP2-ORACLE,c3cfaafc758b9f688f290ef9848c6e26d28afd289facc00944165e2ed10ce75e,85e78b8a56d30c893dd24083bf6f1078c06ebc368b6ed6e21b9cfc721479700d,8d9f01e29a2e8e508d4422a89ebd7c0fbe5569331be0b486b5ef828947697f0a,d70bdfbe773a1deac340c16cc6f14ca35667801a128e498c6b261b92062371a5,6c99d9e2d7515285b1923138075d29cb1a2a5b5968bd7a310d15cc588c005c29,505b82f74536eb5a7a3efe666af94ca563f8fe9d70f7f9df9763bbd7e6f6f0eb,1ee38d8e34431eca2906361c3ed83331c4a5e6f561ecb887b8e45f744dce37bd,140ac769213db810c39854928132436bd4966bbc14ff1e5865ff37344a195e7c,HMAC-SHA256-DEMO,AUDIT-2026-05-STEP3
697,68387401d7e9f48884347573,2026-06-02T18:38:00Z,REQ-000697,71ae00fed2507668078d658b,STATE_02_DIST_02_PS_01,79e579552b072a213cef497b,escalate,ESCALATE_PRIVACY_SENSITIVE_RECORD,P-2026-05-STEP2-ORACLE,3f98fd605ab7ddace917768edcba087e84f9b35ab8b6198d3e77e9c790d52938,5842793c1b2cb8015398ce1b3a9653ea7de9757f0ed49ca3a27a66a36eb75d1c,93204ccc0fcdcd9b362d8479e141b3e06c43f67502ac9042969a095c95ec4617,2917fb21e86b06470b8f8a460955f9c3d3a2c84cb1397efc73bdaedb84ae8d61,226296d10fd494b2f91b7e7add69983716da146e72607147b5e13d8fcd249b58,1ee38d8e34431eca2906361c3ed83331c4a5e6f561ecb887b8e45f744dce37bd,cba9d80a0b94110d09b266828810718ae7f6b6c00256c129e8dd79d1831c9e82,1333c07a833da119a99b0c34313b40544269d1f4ce14ec685145ceffb4b25245,HMAC-SHA256-DEMO,AUDIT-2026-05-STEP3
698,4fbfdc127b614982d2ae2a1c,2026-06-03T18:08:00Z,REQ-000698,29e63067f87e22c26e60f375,STATE_03_DIST_01_PS_02,6eb3070cc91b9cf830a1ecb0,deny,DENY_INACTIVE_CREDENTIAL,P-2026-05-STEP2-ORACLE,f3c225002ffd8332e7edb3a153653dd1c4255eec79f2714dac334b630ecb3188,198c8daa8f81f226218738f9b7178890d609707d76b8b0cc9a86de73d6fd2b34,7590486b33e8a765d8e2893cace984ac83199e9521ebeebfe4201594ea1c6d76,a5e8663f7e867bc2d503d18f1976928b5f6ed4e9f5c23304b5961ac222877c01,510f02bdc77b21cdcd6e32374a35f3dda62958e1eda6174fc9190e25b712eec0,cba9d80a0b94110d09b266828810718ae7f6b6c00256c129e8dd79d1831c9e82,6b42d06499ccf5fee6764383f1b4fbba0a38f3f098819c69451116d22fea19b8,3d151181a9cf5b2acd243a8d25e3cb64d4e91c37ad77765cec889cc66168f71d,HMAC-SHA256-DEMO,AUDIT-2026-05-STEP3
699,f6900530b55f9d2b1424249d,2026-05-28T22:36:00Z,REQ-000699,9764196f496c1b6c2299d105,STATE_02_DIST_04_PS_03,7ab3e40f2a90e61c28933d11,deny,DENY_SENSITIVE_UPDATE_WITH_LOW_RANK,P-2026-05-STEP2-ORACLE,74a459035915be0e15aa15f22688a4dc77cd667bab0ee4d4454443bdf2c2f58a,23280fb9156fc604fda64c79242cfe0ab6aeb80ba0c7a347b1d358022bc7a082,b048c27df9d0bc16ee78e1b16b0f4603e3cf8e775e8837e5d647adcbf9690f87,ef77ab53d2a316d7d401bec8106aafb863df3876f23570044855b4ee9a09c0a8,8c61c2944249ef04161b916301a7c517c5c2e6e913d20eb245af9eb7935eef0d,6b42d06499ccf5fee6764383f1b4fbba0a38f3f098819c69451116d22fea19b8,d66937d5e3dbabc9cfcd2d53ea2564dea38781cf2d4f0b788ac5504ed24a7fb9,ea1016a86f3af84ffedc66b7236b9520771fcb3df524c9f9dbb669f73b69dec7,HMAC-SHA256-DEMO,AUDIT-2026-05-STEP3
700,616ed9cfda496fa856c9ccaa,2026-05-28T22:40:00Z,REQ-000700,1abb810c99dd60558b095f4d,STATE_02_DIST_02_PS_03,04edc1d43e8b573e63bbb971,allow,ALLOW_ROUTINE_CONTEXTUAL_ACCESS,P-2026-05-STEP2-ORACLE,0f989d93c50bbb427338e8f855e8c4d19097112f957676ce1afde0923df2c1a8,7fd07072b75283a47401fedf208780c58bb5273e8bad2f89ec67a3fff6e79eac,4262b173177ae15c54d1517ae526aa04e09332521f64fb6acb0ea1ea4c0c3a7a,58e207e4c72afa2a83c012aa5d238c02cb5455d89e073821fb780749e0981823,ad70a956b7594e0c4de49cc52ba5d263f5c39f5cd34b42d7c2c249ad3847971e,d66937d5e3dbabc9cfcd2d53ea2564dea38781cf2d4f0b788ac5504ed24a7fb9,871b14dcd45ba4a0313f82a2f02c4107fd10f735ae243e193afd861d3259ba71,39eb851315886f782fea0c50d72474bb19cc3329aa592db5ca40d519eaada044,HMAC-SHA256-DEMO,AUDIT-2026-05-STEP3
701,2e99b9b07e4ac8bbd5288460,2026-05-30T09:47:00Z,REQ-000701,b9a151dcbadde0404b02e5b7,STATE_02_DIST_03_PS_03,013db09002c5359870535b51,deny,DENY_EXPIRED_APPROVAL_TOKEN,P-2026-05-STEP2-ORACLE,8cf073e11d44370f041938a1a62404281309a201ca4bee9b8861b94818de52d1,f781c1e5cf198fe9ba874624e6007016fbd51f9bf5fef78f16ecfa1bec367eaa,1d8cb59f996113df8d57bc1c7b13b043c5d17b7d84a5a3458ccaf25d43e7810d,ee0eb1426dffb6167d8237d42009af0eb06ee4615a575974531f8dd563422041,27697ad39acc26f5c82f63ebd92e8918adf56f7fcd3240c507c07e1d5ab195fc,871b14dcd45ba4a0313f82a2f02c4107fd10f735ae243e193afd861d3259ba71,f2ba8be542cdb4f4b28d8129f9fdd5b94bf56e618c0edaf1e79840c725073046,b95e9a3274b8f938cfffb54bbfcf5f12c50cba6128dfcf2246ea5e0296324720,HMAC-SHA256-DEMO,AUDIT-2026-05-STEP3
702,45b5a00354102756bd3ef8ae,2026-05-28T11:06:00Z,REQ-000702,e1441290962ca2a8517d8d0f,STATE_02_DIST_02_PS_03,04edc1d43e8b573e63bbb971,allow,ALLOW_ROUTINE_CONTEXTUAL_ACCESS,P-2026-05-STEP2-ORACLE,d4a2a39d3f3c437d0d43bec06def4be80d533f7d83006ca4b9b6fb6e0ede60f0,69610d047786e09d9c68219d9da0d466f83fbc9e62c3bd4eed4d3ed89b424c94,7022cab252a224ef07ba6f4f311036719b94e3e9143521e1c031772fbf0532bb,6eafd206b171a8c25cc096939914d147e1388729e84d1f0ac5a5901218e8e22a,98122e145263ad71b5cc8ce3f2145820b8e2e4385d6a407e0fd0b3a84da9cf25,f2ba8be542cdb4f4b28d8129f9fdd5b94bf56e618c0edaf1e79840c725073046,14f11800927da853a3e1b8cbd23af97a9b2c749412a9aa0c4448a54a2a80c375,fbb896ae439aa5f72c03beaa78fd94f5c8e4c9088115b39eb41da28cb752db02,HMAC-SHA256-DEMO,AUDIT-2026-05-STEP3
703,f60e98d95af7d5d82197785d,2026-05-30T10:01:00Z,REQ-000703,73518b37a439a4d90b18903d,STATE_02_DIST_01_PS_01,e5b9726d9f3e2587e6ca9d62,deny,DENY_INACTIVE_CREDENTIAL,P-2026-05-STEP2-ORACLE,8d40a36bc5e66f89e21079906e0805d1d21b0ae206a02e5fd5ca7fe17df38437,d964538032e35c166b2186ac3e307caee6ec8f58bf0abc8b2f83dafda42c9277,1d013093d62d8b83d63940d231ac2e9c411e712c85a6c2aa13485ce9234ede4a,aac5e29abb7fd385c9c853a2cdf0cc685dd42ee476f0638494fffa3d7741c534,466f93d72afbe15e29ffbb30580de66cf93e80e544b096aad7fd0def897bd73d,14f11800927da853a3e1b8cbd23af97a9b2c749412a9aa0c4448a54a2a80c375,02573da8fbd4b6b903cf44b5ab68c1316d23488307f679433edacf1d104e7ccf,ec10dbda6880f535d055296a86a2af968c86cf4dcef8d8c1f236e62dd8a359c9,HMAC-SHA256-DEMO,AUDIT-2026-05-STEP3
704,ddd173cc4c9b88e6baf1afb7,2026-06-01T20:48:00Z,REQ-000704,f250eda449687032c1f3ce21,STATE_01_DIST_01_PS_01,0828f7c8f9d23f5ab736edc6,deny,DENY_INACTIVE_CREDENTIAL,P-2026-05-STEP2-ORACLE,75929f2e09f277bec8ed119618573e5dc5517458f8e654b326c389a73ffa6d24,c0c5e1cb34a4131f574035dcac2f19a1a7d0d15c75ba8200ef21c6a5e1d3c24b,b9927c06374228616ec421288da2c28dc248c9fd1bf2cbbe14a747d858b5ae9c,3d2b449e876709ac1e78831a09f649138e131a7d688e204b2bf46ea7cfebd0e8,a2999634c31c93961190e83bad01478f388e7030b526f6a383bf847a7dd71f89,02573da8fbd4b6b903cf44b5ab68c1316d23488307f679433edacf1d104e7ccf,6f3d591486825ecfe69b773272c4e6fb428033b73b63f0622596efe40779b82c,30de3d149510beb35e1bff33438c4b12dbde7a4b59d854addb8058842c8984f5,HMAC-SHA256-DEMO,AUDIT-2026-05-STEP3
705,0ccf7175f54d7b90262bde46,2026-05-30T10:15:00Z,REQ-000705,b4afcf069d55876dc928c9fe,STATE_03_DIST_02_PS_03,b1ef8bd2a5615b92e3c7daa5,escalate,ESCALATE_PRIVACY_SENSITIVE_RECORD,P-2026-05-STEP2-ORACLE,735124de315fd1559d57642684eb92c6230dfde1a40b7da1ad1f2e3fcd30fbde,8bfecf29bf8b589f8d16a445eba9f7330e4aee677501d9dff68e02564f2829b1,f891c3908082d6bb3b5acc13ca341ef4c84e654ee7b6e846fe6f80d9145cafa6,ed650f3a52759f3e751877df9e6c63149c7423c143c9993eb6dcc41a2281d937,e4847a24060f4df1d0ada8dbc3f0244fce9efe72bc75ff529a1cc023cc1a4a15,6f3d591486825ecfe69b773272c4e6fb428033b73b63f0622596efe40779b82c,48547c41c294fbd97c54e44d3f6262f7fe635a00a7e740a166fa12ec5a21e9d0,c2888f557e5fdf4dc07acb2d1fb7846eb5e3c34d1929f993f42315448a9ab3d1,HMAC-SHA256-DEMO,AUDIT-2026-05-STEP3
706,1ffac198f383bf58be5aab3e,2026-06-01T09:26:00Z,REQ-000706,f733b89b991cd7dc6791cabb,STATE_03_DIST_02_PS_02,514216f8601919c64b5e89c6,allow,ALLOW_ROUTINE_CONTEXTUAL_ACCESS,P-2026-05-STEP2-ORACLE,dfc8585da707d46d5040baf0c05c5647a8c6206703bc47f9066fa7e5e065521d,31072df4755c6e9f413f39de66db5fab7f382f827b9d5ccf66717410757b7b33,55a02241bd833e702071d24033ba016695b23e3cd0e7181cd54eea46cc2db98a,3ec01e13030c51dc82ea0746c16a7d2b73ab855b72fe9443554447d6708ae04c,0b362eee98dec6cb6de672bb7c79818990028cf9e146d64dd0161d3ea8e9eb9f,48547c41c294fbd97c54e44d3f6262f7fe635a00a7e740a166fa12ec5a21e9d0,723be88a3dde353006819d29694920d955d7f60a6fe133126ca40f3980b486b7,b98bb0b7ec0efd3d027879e099cedc4cd11f04ce983c5b805c30df4fad026d70,HMAC-SHA256-DEMO,AUDIT-2026-05-STEP3
707,6301718402f9eabd74fcf337,2026-06-01T21:24:00Z,REQ-000707,bcb4468affef262ed92897ea,STATE_03_DIST_03_PS_03,13b2a2a0db1373b8363e1c5a,escalate,ESCALATE_EMERGENCY_REVIEW_REQUIRED,P-2026-05-STEP2-ORACLE,1c17f3101e91655a70a9c304554888797d14795bdabd1d56740bae354f567a8b,aa20f548beee04246155f4b080223f2984ca2bebc80d5b4c865e0e7f522d8496,066974957b945b3459b5e7f14abd6596d3c90fe5bd6424bff82ac991bd0db627,e81ea2cec8bc0e8f9d86cbd6796b0ff9d1e417156332a4729bd306de5874d6c3,7e623abb30f19186311468d1dafe2e406174ec1f1af35158076689b298b82be7,723be88a3dde353006819d29694920d955d7f60a6fe133126ca40f3980b486b7,89afc15674f838fdc208f00663dbce18d64bb0ad671ad4cee0c44a06836393cf,942ee3f933a57debf97f016378add78b4686670eb073497fed3372a238325103,HMAC-SHA256-DEMO,AUDIT-2026-05-STEP3
708,bada5d2af851b02fc820a721,2026-05-27T23:36:00Z,REQ-000708,2f283926393a08241f4c19ba,STATE_01_DIST_03_PS_01,f2c0ebfdd7531b5c97ba07d9,allow,ALLOW_ROUTINE_CONTEXTUAL_ACCESS,P-2026-05-STEP2-ORACLE,d9f703fca40651e404188f4321c1e062259c52cdcbf3e71fffc44fede8575b40,e0bc63d27452477cdaa1da4f524459b348beee5c67d6cffe314295cb17f6e4bd,f6be4a4242c0ebbc674134b9c43ac8764c0656e2732e61d885b2002fcce8faec,67e082d7320692cbf455eacd51d8c3c1acabded2dcefcb1de1689f37a1557b8a,5980c24050aa65abfc9d5481b44d858315ae7878d2ebac6ea80e323dd61fd30a,89afc15674f838fdc208f00663dbce18d64bb0ad671ad4cee0c44a06836393cf,1c5342f25e47ed1fb1409f11c8892dabb62c3d6e0529068beadaa7e2397a9c12,f6ebcaeee2808fc7a7ba42a8928e03f9018f67dc01d98ad9a3056e9b2fd86fe6,HMAC-SHA256-DEMO,AUDIT-2026-05-STEP3
709,14cb2955b7370414d0f9f563,2026-06-03T09:15:00Z,REQ-000709,071c750c420d0b5f044d6ae7,STATE_02_DIST_03_PS_02,195140358f5d31dec354aa4b,deny,DENY_STALE_CASE_ASSIGNMENT,P-2026-05-STEP2-ORACLE,bd44bc28692e2e674595d8507ad4e0b2ce0d68e2dcf151ece14e620bf3942ef8,7a20d392c91674fd9267923b3c65386290bef08e8ca76ad791acbc2290e682f8,8d0f6decdab42bacf5ad7f24261474fb53acc7f35c9cdbf3744f6eed9d3d91fc,f605441b386eccacdc67973e9d1016bc147d48f41cc60391c614e2885aaa5ef4,cc0d36851b880f75e6b44fee00ae25a5ba5d6bad279c63c613cfe7559b4805fc,1c5342f25e47ed1fb1409f11c8892dabb62c3d6e0529068beadaa7e2397a9c12,812e8d72aa537f6ee761a780937993305c3499d8ad9480d06d260e4d1bab1140,c37ddf53dae7387a51f186fff90e88cef05e2744d7e932d4c3571066d0673473,HMAC-SHA256-DEMO,AUDIT-2026-05-STEP3
710,a9fe14e7a54232c0e6b67481,2026-06-04T09:10:00Z,REQ-000710,cad50d4d8a49a83faad951a4,STATE_01_DIST_04_PS_02,13e3a7ec6adf6a6efb5970ef,escalate,ESCALATE_PRIVACY_SENSITIVE_RECORD,P-2026-05-STEP2-ORACLE,7d19c9a5d83c15961e4b33418caafe5aaeb34396ddfeff98f68a0f97e5f887e6,495edd5fd63977ffd2e0bfe627a50d45e94dab8d42b49681dbd8a09511893ce2,6fb8e266b67e6a668a72899474036a6bf878e6bcd12840b76fcf4c49265a7f63,04f4d8e579e2b4f5af0f3d31afbc0ca0c648c9a048a936831301c8eda01b1698,81efa92e7d7da8e9d0d91b277d04a2ff45153018d4d941912a16f7083375ff87,812e8d72aa537f6ee761a780937993305c3499d8ad9480d06d260e4d1bab1140,8616e9ffc96eb67018d333b60bb0c6656619925db54eb66532323e9207dbc97a,2a7faf33b677b0603faeb3286facdfdd2e5cb0b3d72a756f1d6a5ce6524dee8d,HMAC-SHA256-DEMO,AUDIT-2026-05-STEP3
711,65a1c7de3085a84203aab9a8,2026-05-28T23:24:00Z,REQ-000711,f59f4c244c14d1c05b3b5fef,STATE_02_DIST_04_PS_02,b1369cfe83c9b50aaaf08c20,deny,DENY_APPROVAL_ACTION_WITHOUT_SUPERVISOR_RANK,P-2026-05-STEP2-ORACLE,bdb8e6b58d6f4a5b563ccfc59efef4466ee0b4d0483b8a54926894f8131b5731,f52aca8330ea0a33cbdef8c7be1a6cdf5bd5f1035edd964aca77615d4b840ae1,c0fca71bf80118aebc5be8cd75119151bee4fe87fa4b69b4e76488a8c476b3de,08331badd244f0405f3c5734a741f548ebd101976ca1dc9b3208b0a5738c924a,85e4098b91bea03e805d5d2dee84b6e3a4c3556a2ca6db5429dff7b0e75d0341,8616e9ffc96eb67018d333b60bb0c6656619925db54eb66532323e9207dbc97a,e4ac13df52869e262fad882e2849bbf5fe22cfa4d9ad75213cd941d3d8c8f90e,186773916e929a703eb89c5229cf5678505ead4dedbf092583a1b23e609e3015,HMAC-SHA256-DEMO,AUDIT-2026-05-STEP3
712,67e531e20b84cd9b71fe355c,2026-05-31T22:40:00Z,REQ-000712,eff0953046ce4a5fb1d8ee91,STATE_03_DIST_02_PS_03,fc498ccdbed501011d0e55db,escalate,ESCALATE_SEALED_RECORD_REVIEW_REQUIRED,P-2026-05-STEP2-ORACLE,fa97e5a113313126ec42dc90b98ec715fc11553ea8a85982284f955653375467,6d26d4f889c224a878337b480c74f05676d3da8a484d9fe1ae060223f39f6b68,5aec0e1b6e18c632d8de4960b7470a6ef7f2a3ee8011f652ae273bb47225b8eb,9ff39afe07cd5d57009eb8bffafd65f8c1752d1d31e926c7948733eae5cebffd,bcbaaa221097d674eeb250233cc776e17256a869884a26e6d8b02458d39fb8ca,e4ac13df52869e262fad882e2849bbf5fe22cfa4d9ad75213cd941d3d8c8f90e,68c435130888c10f4cf0e41191c24eacd172f20f0754768db12d0f43f54f329b,0c6821d2a61934ef0a3732767283d270e6bd565130adac32b1bea72083e15395,HMAC-SHA256-DEMO,AUDIT-2026-05-STEP3
713,f9782f4b515232e6410fa3ae,2026-05-30T11:11:00Z,REQ-000713,934e26f772b73b1d824939e2,STATE_03_DIST_02_PS_01,949e9506f350533dfbd08052,allow,ALLOW_ROUTINE_CONTEXTUAL_ACCESS,P-2026-05-STEP2-ORACLE,6bbe2cf2f2b9823f3f8ffdae1cc70843e02d86a96fb6eacf3da8264b36c46fdb,05601f455748f7ffce15640af62973849bbdf1b1c531194f57e7d44d3bb8f529,55061276faff41449ed59e6e7c9b2d159b7bb091d6ea98affc5ebb73badf9841,34deec788cdd16a67cc66ddfd51bc9c9e83ab62890e04024da7c7ac3bdccaef2,2175396d39f757ed358395cf5e710a556ef4d266562c4990eabae95a1bb67f7b,68c435130888c10f4cf0e41191c24eacd172f20f0754768db12d0f43f54f329b,85fc0efea8f2b926e33123f893c195cc2c0af5d90abcb52e45705ccd647b6158,b6d0a474ac13d7e95a6d4aaf8becbe3bff80667bf8854389672dbb682922c860,HMAC-SHA256-DEMO,AUDIT-2026-05-STEP3
714,63d0b7fc3af69d6a726df456,2026-05-29T23:24:00Z,REQ-000714,071c750c420d0b5f044d6ae7,STATE_02_DIST_03_PS_02,685db473c8326fc6f2ce18dc,escalate,ESCALATE_CROSS_JURISDICTION_SENSITIVE_RECORD,P-2026-05-STEP2-ORACLE,97681b4452d02bee66ab5ec91ae03cbe472f430620bc9947db12cae8ab453354,f587d5ce40394985cf58ee5428fe10d47ee17a507282c77c1d0ba0ab9b7c3b7f,5ecc3af8abdf40e4c1234318a362199066b13251617a47b302b1e613acdd90cb,0853b3c3c2301a8a931d6f33f0b4de51be224850f170bd46a047bf220e5869d8,9b49ba1f91e63a2ea50a22d0d77b9115772e208323a91887c19befad04cdd094,85fc0efea8f2b926e33123f893c195cc2c0af5d90abcb52e45705ccd647b6158,7e6102a9510de38bb22da0ad24a87be691dae55b4850f2323a6669365e9426de,7c975b44e7329473833b6483b10508088d1ef96777caa5426bd3fb4de13715c2,HMAC-SHA256-DEMO,AUDIT-2026-05-STEP3
715,ddd76a2078186b25f12ee60e,2026-06-01T11:05:00Z,REQ-000715,316e4edba94c2b3868db8ac7,STATE_01_DIST_04_PS_01,4e7134702bd63d6d5ef9939e,escalate,ESCALATE_PRIVACY_SENSITIVE_RECORD,P-2026-05-STEP2-ORACLE,f83f25e23eeacdd0634f7e81ca60e568191ec8a956a400f9658667fe251874d4,5af51bc34552a1deaf554e612dcae91465b4d0496afae4509d5da2645c2a2043,ba85d74ffa54efa6e1012fd0f1242ee0ef62af3b1110b1db2937943ed8dd4576,61b09d6c22c4cf7682b5c25774f7eea444695ac4ac1ebcad09d881043248bb5d,9f344cd9d880949392bb96b225b4d8a7ca6fde4c03c76a89b6d490b3e528a922,7e6102a9510de38bb22da0ad24a87be691dae55b4850f2323a6669365e9426de,2ce21ca9c152bf5c308563f8e5c3d702245fbad740ec4e7716f6bbcb3b57a4b6,6af53ae21d394ae2e3aba01e3eafe40e7cbf7ee7588e5fa6e91cb3e4f2c265a5,HMAC-SHA256-DEMO,AUDIT-2026-05-STEP3
716,db16e7d8b67512906b495ca9,2026-05-31T23:20:00Z,REQ-000716,90740f6d12084e4c579f3454,STATE_02_DIST_03_PS_02,949e9506f350533dfbd08052,deny,DENY_INACTIVE_CREDENTIAL,P-2026-05-STEP2-ORACLE,7a63cb5600e200e81ed6f26e0b2709eb5229bb87a0f955a0c962ee7b2f0b57e3,34646338b1009296d44e525c3a755a252264891c3a662c322fb248b13be2cc74,79f20768283e988b5359e6dba692633f8fc87227fde5d570e1894be42959ae8c,4bbb0e43982183f4293a1673377763253330f4025b3d6808ed5247024cdaa19e,0e038f7346faccae3034d55b8e91a73742d6621ae519e3df986a5b4663a5b893,2ce21ca9c152bf5c308563f8e5c3d702245fbad740ec4e7716f6bbcb3b57a4b6,a34607c0d5a22004e49e88f37e60eaebe4ce822dab142bd4c35aa6fc08e8e78d,b5890734ce9791567f51ad5dcc73261a250fa5155d5f672cfc9a00c409f2eb7a,HMAC-SHA256-DEMO,AUDIT-2026-05-STEP3
717,4737910cd8a59447fe293d1b,2026-06-02T11:21:00Z,REQ-000717,47e9daa6a9eddbbbae1d0bd7,STATE_01_DIST_03_PS_01,0679ca444beed76eeaaa44db,deny,DENY_EXPIRED_APPROVAL_TOKEN,P-2026-05-STEP2-ORACLE,425e70267b17a5f3d34ef3ad0caa147ff7531c4fb013d47477f92200a6883a39,162b0321070249782f80edfaf3bfb7aab22221b6bb93026b7e295ebeaed244ab,4078fe15660a8e884619464cbfd4fb6036d92d5e0bcfa5891125e8473bb7c370,7c3379572e197d36bc53bded79cbb01e96b41f3626a1bba43cbaf25907129ec7,9c7191f28e8fe63a5f1e15e5c43376406b7bdb7ec9e36c5dffc6fda6dc8ba8cf,a34607c0d5a22004e49e88f37e60eaebe4ce822dab142bd4c35aa6fc08e8e78d,718e8b9e756b456f5c783f1cda2d50c97c85b9058642dbb46bb36f0c3d8759c4,4dec5dbe6186be0d488fd0b33f3d1f63c822ed3fbb290d9ddb7180fcd14e75da,HMAC-SHA256-DEMO,AUDIT-2026-05-STEP3
718,d540741f460b5596f4defa48,2026-05-31T11:42:00Z,REQ-000718,ccfa52e7df949ec76b129260,STATE_02_DIST_01_PS_03,58a9f38a07138e1943c8cd6c,deny,DENY_SEALED_RECORD_WITHOUT_COURT_CONTEXT,P-2026-05-STEP2-ORACLE,41cd01aeeda8f47202630e616146b7c88d2fae711f57ef9bc9460113a2856be0,3e45a8279ef744c399625f240bddffb393718c35b61e4f6656938b7560065578,be564c184b2bdd2edf5f398dc6e9425235c10905a19f4e45c740e780472393dd,94584c2d4849e9166cfeaf8cd3288d74e631454581211e4ccc1ff6df4cd55dda,2e4325638860c115b23c2fd1da2b93199265ed2bc685b188c5501c5f13f91e00,718e8b9e756b456f5c783f1cda2d50c97c85b9058642dbb46bb36f0c3d8759c4,286c5c1cb3e79d9f49bd0f92c53c4e70771715fe4a75a5ff0b01c72ee757d65d,3ff1a43d2beb49f3a48ed47b23e62602a171b73aa31a2dcf166ecf04faa4c037,HMAC-SHA256-DEMO,AUDIT-2026-05-STEP3
719,613c46a0f3112502711da9a3,2026-06-02T23:46:00Z,REQ-000719,4bb363d085866d6dbe19f005,STATE_02_DIST_03_PS_03,5735e1f43cfb1d05ceef90b4,escalate,ESCALATE_PRIVACY_SENSITIVE_RECORD,P-2026-05-STEP2-ORACLE,d16bd52a75f3df2a83d13044dddde7faef461194b6fb17bc38f0aad00886831a,bd24d4ff3abae0c37cd0fcb58240831c222974276f5c36e94918c5094decfa9a,8af5cb621c2a4d9d0cdbc3899a55726a5fa3c075c90fe32d058327db3f090480,45177a11f98f75c7a76094d198b5d133f315ff6dd36eca27fa6ff2b25323c410,f908aee12a850ec14f42e050f8a14403c9729c7495c22614bce1aeaddcea4b02,286c5c1cb3e79d9f49bd0f92c53c4e70771715fe4a75a5ff0b01c72ee757d65d,d935e799c88e0d8bedbdef009f74edea1b98db85f8eebbebcce8dd06b2e12e05,7837c622530ec93e7dd57dc1f9766eba1b8a602470d2aef61802173670d73077,HMAC-SHA256-DEMO,AUDIT-2026-05-STEP3
720,027f49960c0fd02fc2e650d2,2026-06-01T00:00:00Z,REQ-000720,012f7330673a61c61f1d0ef9,STATE_01_DIST_02_PS_03,c3ad49089de0c685eea42246,deny,DENY_SEALED_RECORD_WITHOUT_COURT_CONTEXT,P-2026-05-STEP2-ORACLE,573307e46990b3645fad5507101e8033c0bea61dff6d6aee6320f100eeeed3e0,6caf36a93802b44a683da8121c2ae512757d535c67da00bebd0d86350889a9f4,63e754285c98234913ec740477eb688a4edf6f65f2dafd6015c6d54aa751170a,bd13291d0ba5ff02096ea7a1078e071c25348252cf2a8b93f7f81c07708588f1,eaef2218a6b8477a0a3f1f06abc2db7341bcd8d02c098fff99a399cff67a8c88,d935e799c88e0d8bedbdef009f74edea1b98db85f8eebbebcce8dd06b2e12e05,f3c2933434e35764745fca4726a8330dc226bda4dd191f837732835b9ff4b936,816508d9a3a88d09efff1e6a3a46637ed940a36cf4846ede9f858c9485c6c01a,HMAC-SHA256-DEMO,AUDIT-2026-05-STEP3
721,1748a0067c6f4f6f4e9d0ea6,2026-06-01T00:10:00Z,REQ-000721,61f9c30ebf940f606c1a2520,STATE_03_DIST_03_PS_01,9169482ae7cab0166b265e60,escalate,ESCALATE_EMERGENCY_REVIEW_REQUIRED,P-2026-05-STEP2-ORACLE,5657c257777cecd8daa75b34dcfb7f9564f159b0958a28ea880252194d97e397,61430ec13f8ccad09bd5fd58e71e082703c91260c05029ac30986ab275c2ea1e,14affc15bb0daea5a65a577e11bc491ae20390081e4a69b42387264939ec5bd3,e488f87b7118cf2c4736ada52026d79f2145514747be74e1872279a0f8f1044d,6a9f8c5c778efa8216276ec4652426c9c276b54cf367f58a5c120a8dac6ad938,f3c2933434e35764745fca4726a8330dc226bda4dd191f837732835b9ff4b936,2bfa0e02588d5eff7d175f0c7843d9cf9a48158b1829c2d8b1766d331fda24a0,7161b88335fbbbe1b278e0b0ff827005de30c6cf40801d91fb88c69f0858f763,HMAC-SHA256-DEMO,AUDIT-2026-05-STEP3
722,fe8e6dd90d48d98b09335549,2026-06-02T12:26:00Z,REQ-000722,e432fb8e9e7dd060765bcd20,STATE_02_DIST_01_PS_02,22934e416c5fb7d3a1737ee2,deny,DENY_EXPIRED_APPROVAL_TOKEN,P-2026-05-STEP2-ORACLE,f7422fc6156522c86fa481849f2bfd4f831dec214425214c151a42288a6195e3,c2ac64f53bbe655c6f38dd774df788361e3157931ff4d4d606be7b656cbee466,104399e5738a8f60e227c2535453f6b112fd7e0e71b5e117ce750196c74c5161,8c8db63ceeb02206fe34af75d8d194fd9b9b83714b229780524ecb375ed6935c,8630145521b3f81d9c0f223b6f02e37290417c85b9d09243a9aa8141be8e87a3,2bfa0e02588d5eff7d175f0c7843d9cf9a48158b1829c2d8b1766d331fda24a0,414166b8c095f6b62f0431efb1ab0253e91020fc85b362cc4ce248233b04f652,7557d3f38d39fcbb77e2e2cd3c3d12a18a0d3fad20e2c5c049c555f93c402f9b,HMAC-SHA256-DEMO,AUDIT-2026-05-STEP3
723,b791a75e5868453b67a9df29,2026-06-02T00:36:00Z,REQ-000723,0f5e28fd8c1c5a758d17ef19,STATE_02_DIST_02_PS_02,9a7d44825280d67eab0d8e8c,deny,DENY_INACTIVE_CREDENTIAL,P-2026-05-STEP2-ORACLE,afd1bb1ade5f476f58acb8db5a08f1743bcaa67f68366be292c36ce4c5ca1f7c,ca38a644a586d28a3d7bbee950c142733813dfde3c25d9abee798a93dc5b36d9,7ed647ea7b4ec7dc683cbc4bf38ffcc52a92d0a12523e7d8f2c9a55b8d2a6cde,9de261db538153cd97ee3ddeb039a5ee9dadf5635e3be61502bb2bfb3d50317c,d3137c75920a0effb5853761131bb2b2edceef12a9fed86ae2d75890e920d618,414166b8c095f6b62f0431efb1ab0253e91020fc85b362cc4ce248233b04f652,815296dda18a7b196c2f452caf28666908dc9713868acffe3ab5698867904150,3c04cc1362e5d13124f2a75eb016ffa6324a561a58b4480672f0b0ac97336e5e,HMAC-SHA256-DEMO,AUDIT-2026-05-STEP3
724,df2aec889c61956ad7f6c3e2,2026-05-28T00:08:00Z,REQ-000724,2747b4371f8a7719020e45ce,STATE_01_DIST_01_PS_02,75f04acfcb1add0751aa6da0,escalate,ESCALATE_CROSS_JURISDICTION_SENSITIVE_RECORD,P-2026-05-STEP2-ORACLE,284acec3a8d4269a4e039a5cae5177ec78d2fcc965e022a52efbb9b9f78f4fd7,392f5d674f3c613123df8377d065327ecd158a77aa10c399e89915887739fa95,abc190c008ad40f48a3327e722731c73c33d1e0e016deb6125f0e2e5e5499fe9,11f6062a2bad004b2a47234f8ef2c18a2d297a5e38734124985c9b8ef322ae60,2f40f54e13b29ad20c71fb12ce7f4d7fce7e383c7d00c8ea796088e90c184e76,815296dda18a7b196c2f452caf28666908dc9713868acffe3ab5698867904150,daf7f734e6fb56a70a35593b89331ccb8407b60cef99b1315b5407a721602eeb,1fd3ff3f67a2c5583c2094bba10276a069e8ba8e2a09e7e71b3b093eba964bdd,HMAC-SHA256-DEMO,AUDIT-2026-05-STEP3
725,9177e46e744cbd1266d65231,2026-06-03T01:10:00Z,REQ-000725,b20f60775fe6a25591c31932,STATE_02_DIST_03_PS_03,11ae01e13be999a8c96206da,escalate,ESCALATE_CROSS_JURISDICTION_SENSITIVE_RECORD,P-2026-05-STEP2-ORACLE,4c1d797e35eff43ac5555d188874d2c259c34039fcb1ae212ce7bf2bbc83148f,25186467cafce1c6b03d8ace4ecf11c5b584c3671f3a031f34b4f18e5e620e67,cdab56816399ca4f727e1e76b3796cf40706d2dcf9f7e1bb7ee8ea65de310d4c,b4fc43163ee20fcd51696e9415c1856838d87e362818ea534e2fd3cfa9a972d9,bac1176d05a0c389f70405b0c35aa261b623af4321e5f07b1f567b28148bbfd3,daf7f734e6fb56a70a35593b89331ccb8407b60cef99b1315b5407a721602eeb,20f0457206d2c97f8b9fa77be923fc4876a06a6a002fe2de0a998853c52609a5,694f6ccf150acbfe9c62e5b2181bc2a095b11708e1005f2945b319b70a14b893,HMAC-SHA256-DEMO,AUDIT-2026-05-STEP3
726,4203fef09157ec27d513f5dc,2026-06-01T01:00:00Z,REQ-000726,4bdedd9e1ddefe7a1e6434d1,STATE_01_DIST_01_PS_02,2c24224a41485b2b9a03da20,escalate,ESCALATE_PRIVACY_SENSITIVE_RECORD,P-2026-05-STEP2-ORACLE,867e3444452c3506c606998b7cd9cbd991c2bce26e1225389798e0ca5cdc481d,e875774e77bd8a2419c36a0ae1f13c9d8c20d4f22b94e88095f03da21f19f543,2890fcccdffefc373113eb4821777cc3a43821dc990d76ae4e74ee1fc3b8c7f6,f719a6ec21abb070caffcbf3537f3a1223709edb419423d7f04931cdd06e16d3,786b661fc2051f586f2d01451f8609efb05d08001863ad8391e7c579c9cd634f,20f0457206d2c97f8b9fa77be923fc4876a06a6a002fe2de0a998853c52609a5,398e94e698b0b0e9d563bd9d88c487313887d75982d39206e576580af4caca35,0bfa6202111db4d2c8d0a2977e09105a168ace66072eb2814e7a868a48148fa3,HMAC-SHA256-DEMO,AUDIT-2026-05-STEP3
727,5250af962bd743194782f529,2026-05-28T00:14:00Z,REQ-000727,0d9d0f67e217f12f80467acf,STATE_02_DIST_04_PS_03,aecc4eeab743055519b9afaa,deny,DENY_EXPIRED_APPROVAL_TOKEN,P-2026-05-STEP2-ORACLE,882b1b1e3e49ad3327050752e7f23f85cc908596b968bc60e789a20ac4b00fef,71948a396a075e4d375867806e64729f778bc52fb0acf2fbe56606108b498a05,61f93c1212429617a6a37498819fdee6110e0b102cbccbfacd42206588e5ae97,ea69c06083ea0cd9568f181b1235ce659ac2dca7c48319f74e701019806b0588,724c392e8cd01bb72d4eda272f59b3266533cfe58f88e97aa8e1fbe3b3a0de2a,398e94e698b0b0e9d563bd9d88c487313887d75982d39206e576580af4caca35,a61643ea510e3b806a2ea976845ec25821286ec7ff8b43b2e73e675dd01794e5,470d6dce64bda5050fc2f10003a53b4af12ec231c35140dac6296fcb1acab4a9,HMAC-SHA256-DEMO,AUDIT-2026-05-STEP3
728,1ea7587d8f32c22637929ce6,2026-05-29T12:40:00Z,REQ-000728,956b1c8673c706b9098bdcd1,STATE_01_DIST_02_PS_03,43e3463a3b559634b3353097,allow,ALLOW_ROUTINE_CONTEXTUAL_ACCESS,P-2026-05-STEP2-ORACLE,164317596b20de6a815033648242ca24d552405e15cc7b330378e24be5d25d82,034b1b71f3926f59cdb4dd82c8d9659ef7e85fce5930fa1aba15a47b6889ee44,127d3ce3417f9a8c3bb672bee79ea0620c02d94ab7bf4225988b3827aba0b6e0,87e4f1561df6bb86c0f13d766aefddce2fd3f21342c26ac954999e65f5e2385e,fb6dca4cdb67de32f5d544a173cab6d4092ff67955267b9ab1ec1a49e63032bd,a61643ea510e3b806a2ea976845ec25821286ec7ff8b43b2e73e675dd01794e5,3fc6bb5851040d16266b9ed3311a51abd1fb7fcf519710b23a85eb53aa4e9c33,8d6fe32f3ed0cab20280b81a88432e90af4e847a0cc483bb066d281279e9a697,HMAC-SHA256-DEMO,AUDIT-2026-05-STEP3
729,bafb4af5a67271a128cdda86,2026-05-28T00:18:00Z,REQ-000729,b43730f9ee11d476cccd1130,STATE_03_DIST_01_PS_01,c3ad82ff84dfe0275c582cf5,deny,DENY_SEALED_RECORD_WITHOUT_COURT_CONTEXT,P-2026-05-STEP2-ORACLE,90e101d60819005fc7fbd6fa9fe1805598fc862e9d1ece430cbbb7f7c4f68881,83b6937f47c33526553a489a1cae344803813de09e11220ba112af2c3131129e,2f24584919bd92d67691a859119468a0285351aa65004a7c216e7021f6d79e61,58952385de6497c1af8d1639885a591442bf16e08c0d5e4e84bccd352f090da0,c323a311630102567d22ee687e4e81f58725e3a5217c9df58544388452d17cb8,3fc6bb5851040d16266b9ed3311a51abd1fb7fcf519710b23a85eb53aa4e9c33,b66e630f733da055f97f0dce297390bb3f4e8ee671dd8c80748c272a0cf4088f,c8e029d87a828c7718d52b7e121872093ee88740c758a7d85d3ec7fed52aaca4,HMAC-SHA256-DEMO,AUDIT-2026-05-STEP3
730,1e952a417eafd8cded62bb11,2026-05-31T13:30:00Z,REQ-000730,0c324b29f9a967adb599bde0,STATE_03_DIST_04_PS_02,9f0f7289f61179e609d4afba,deny,DENY_STALE_CASE_ASSIGNMENT,P-2026-05-STEP2-ORACLE,6ac385bfc0ea54154ea7e6932077b1d95051e0dac87fa1ec24d0aef67f122f02,f54105e7a6c81e2aef18d7125e293dc29399325af6faf2fd5eb3719ccb69a5be,b6d74a8250bd0e12c900fb1776e0d23650d49582ea3c1526eae99cd88176c90e,735956a0243756d41ae8f2c784de9a9aa16c666ba25cbbfd6e875e532044067e,cbaab52152df660a7a196ff697e06acd2f4911c34952cf0edebe1b0eb4c7a714,b66e630f733da055f97f0dce297390bb3f4e8ee671dd8c80748c272a0cf4088f,4e96a519b0d40925496cca4a5cba33c2f0ff90b5b7bbfbfc99fef446ec80074d,a813afa8ad1bf63cfa1acea0e701490ad617113b4524b80a409cf6d56f7a4cec,HMAC-SHA256-DEMO,AUDIT-2026-05-STEP3
731,8f22fde64cbd3f592c69c43c,2026-05-31T01:28:00Z,REQ-000731,7ea4c7cce178f9ad9715431c,STATE_03_DIST_02_PS_03,8d196118f5537bf44adff98a,escalate,ESCALATE_SEALED_RECORD_REVIEW_REQUIRED,P-2026-05-STEP2-ORACLE,ff853652a5ed4455c78f95461bfe8b94f087ec2028aa9d75ae4be37475051f31,542941cb02b0e91142da830588da59bcf13d1697879053774cc89442aea84964,eb95523524aa6b197449d7aa5f272775870afd48ffcded687813b9a3bf79e67a,7d4877c78c7a54ab536d4fa86eb5783df219d798b193f3182743c36b00733c4d,58cae2dbe97624332ac07c57e8e03bbc149ecf5cb9bb8c25d61b974290709cac,4e96a519b0d40925496cca4a5cba33c2f0ff90b5b7bbfbfc99fef446ec80074d,243ab90e2a0706eb3a7de59ba70ecd90a069b620660103f61fd1d97bfafb5400,af0515382684d78ce0f3b55de1eecda1d4553305ad2e35a09ce26848d52d11cc,HMAC-SHA256-DEMO,AUDIT-2026-05-STEP3
732,8948c0fc6e53213b53dc0170,2026-05-31T13:48:00Z,REQ-000732,2747b4371f8a7719020e45ce,STATE_01_DIST_01_PS_02,2e977ba934961ac3b1ab490d,deny,DENY_SEALED_RECORD_WITHOUT_COURT_CONTEXT,P-2026-05-STEP2-ORACLE,f64d8611146842997a476cac1ce1b788c47cc39ca6cc90731414523d8403470c,7e04ff6c3e1675d8dbdf5f1880fb0489b9ce436ef116ba51c17d410fe2f1d40d,b108fe8a74921f323f2489dcb958006e0a0ed757d9c1455d19605833f1356aca,f6bb453e46784b1aa0597c043a9090a2e74f0f782de5e40f5c8cbcf0b82a62f9,81edbc2349a8e6722d2683628ad4d1ccc96463cc3913e5fdb4f920bd4dfda7de,243ab90e2a0706eb3a7de59ba70ecd90a069b620660103f61fd1d97bfafb5400,2c97b20b99cd99199cb6af8d81742766cba0c075c26a40bda495e3b212051034,afd3a75dfd00f7e2673bbf25a4f3cff7a8d150d1938c05c16cb39e64f7436d52,HMAC-SHA256-DEMO,AUDIT-2026-05-STEP3
733,b259562253e44d79a91ed12e,2026-06-01T02:10:00Z,REQ-000733,ebff240f6e7e32e7e9713294,STATE_01_DIST_02_PS_03,b551a9d03a67cab2a5cd84fc,allow,ALLOW_ROUTINE_CONTEXTUAL_ACCESS,P-2026-05-STEP2-ORACLE,68ff321cdf32978a1f60c7d63b34ff57b923f503a0c27cb8601e3cdd509df8be,6075faf5498deca3c3df18d4dd644719d839baea89e939a252d32bf511720457,094f75133e9c3f1c280878d5d46060bbcd5560ff74754f2e2754b27b582738d4,3cd2dd6a437be8ed8e2d579d94b4b8ad5aede829e04dbb2035ffcc4e609a019f,40fa93cd7074f04388bb3d84784dec184b186e0df89396086e3608581539f4e6,2c97b20b99cd99199cb6af8d81742766cba0c075c26a40bda495e3b212051034,37dbd142f0e1f70277df918994a96a0b8d6b7674291a14a4ee4717edf8f2ec9f,985c58a9331ae1373b27ebb4205a69ced54f85b2bec268f6b3eadf63411106cb,HMAC-SHA256-DEMO,AUDIT-2026-05-STEP3
734,97d8b7c5c9a4656805c12bf8,2026-05-28T00:28:00Z,REQ-000734,f59f4c244c14d1c05b3b5fef,STATE_02_DIST_04_PS_02,03448ee43768bdde0a74294f,escalate,ESCALATE_CROSS_JURISDICTION_SENSITIVE_RECORD,P-2026-05-STEP2-ORACLE,766069efccf4be3f6ae374394ffc4b6ebff9d4a8a7994a181fb78fdb894935f0,218d038ad8cd397b3a8ccbdb4ce3f3cdc8af0714183b2d769be770ddbb33f874,345f17029816a8b9ec3abdf1dad106994d48ea6062f677fb6388a8c975a61186,5b4ec489fb6e5c7d1157153cb9944c8516e2bbbd015a4a02e1c69b0583890d23,7e52d3b931b1f9391fa5e80fbe4263fb0e7de76ffab8613e01f4314d29bc8348,37dbd142f0e1f70277df918994a96a0b8d6b7674291a14a4ee4717edf8f2ec9f,30c7436278641d1a7fe138e927758506addb6f837c69c6823e280e38ff7c7a12,f8ce49dc15c7d9fcf3a7e34c6ff6cf3c9a753f986d211480e15f1768f460533b,HMAC-SHA256-DEMO,AUDIT-2026-05-STEP3
735,b5aa4b23849e3d78a972a2b2,2026-05-30T01:30:00Z,REQ-000735,02df4864bc93f0037e94de95,STATE_03_DIST_01_PS_02,14e6805622a63d5a065797bd,escalate,ESCALATE_PRIVACY_SENSITIVE_RECORD,P-2026-05-STEP2-ORACLE,68fe8e6e923eae5e31d93c8ff8d074ef61b7de28853178e016dcbc567fb41ea1,1ea269ca99556ea4031b50b419ec3eb5facb471a18fafb9d44816496698e4240,8c5d2cecfea432f20835ce1a56ff4bae084fd88159005d898c195c2e38b545fb,521525909c5fe74ba7ee583683e5ac78fa2cc53039207fee3b3bfe88839a86d0,348c575971fd4d9c44edb9fca54e32d5ff6349724a0890a82867475c3938628c,30c7436278641d1a7fe138e927758506addb6f837c69c6823e280e38ff7c7a12,1fd0e74e8896b5d395ffa18bc22b2042ab776c68445a2b45377a7092708ed339,cebc46a53777ebbbb11f0fa99b0aafa96cca5dbe568175442b1a871f0bc1925d,HMAC-SHA256-DEMO,AUDIT-2026-05-STEP3
736,aa61c9d88f01fa3f7dc71d6b,2026-05-29T13:20:00Z,REQ-000736,0de9124a7d38c17a328e4497,STATE_03_DIST_04_PS_03,7f770a6365675e0331fba489,escalate,ESCALATE_EMERGENCY_REVIEW_REQUIRED,P-2026-05-STEP2-ORACLE,a062c9dd73b4e936fa98e18df4d5f1fd8bc8ca5ef633bcd7f4507987ed1016b9,8ab1d70576f20b4aa4e3088449ec7961dcdd42ce8fdbb24a27b6629bc7a82eb1,7931feaa86ce17b5b2f4078d39b8ddca508b0d4fd03e1ea1ed09583d48d026de,8fd84c849eb1e04f50195d119dbf8657f63b0fc6ff5cf6c31df7ba6db3bad459,7188f2f2241da93ad16d5e3151be3e5c730e30e8fcf83af173a0c4be0113f187,1fd0e74e8896b5d395ffa18bc22b2042ab776c68445a2b45377a7092708ed339,5cb158f1dcef0df5be8dcb4e456ed5908bbde2dc1aad919fe100e95a16efad17,f99b9f45ef33f413459e134183ac47dadac4b5ae1e0fca263ddf4ce9d943bf0a,HMAC-SHA256-DEMO,AUDIT-2026-05-STEP3
737,b68403cc692444f555c78c8f,2026-06-02T15:41:00Z,REQ-000737,893580185d14634211eb9a59,STATE_01_DIST_02_PS_01,233ab22bf4c19087bd09c1f9,escalate,ESCALATE_PRIVACY_SENSITIVE_RECORD,P-2026-05-STEP2-ORACLE,88e0057ee4f488e67ce75ab6ac5fd63cf640be53cd328a85bdfc346c43ffbe4e,578a5948178880cf98efc5b3d5f944eebb264bcec46cb586b0f0be11ebbc9166,538257868858f17bca5e248d97817a358ebdc96345ffc0726f9751584b32c379,4a602966065f3ccc528d1183405500dd78f8054f65c827f9b1d3f974af9819d2,07dd8b0f377cf60c5f513975ac4ddeb4c4f44fe8bc1d9740ccafb3e656a7cf31,5cb158f1dcef0df5be8dcb4e456ed5908bbde2dc1aad919fe100e95a16efad17,ae8b87e107c311702d5d90e09371816b4a7b9debc77196152f6c1fc671d1cec3,912cb092de911326949ed21baca4f2131fa541f88994e0b62ddec93ab4bb6ad4,HMAC-SHA256-DEMO,AUDIT-2026-05-STEP3
738,ef8f62d0be69d73f6b629c45,2026-06-04T17:06:00Z,REQ-000738,5250e04b75f9aa481b9f2c6e,STATE_02_DIST_04_PS_01,5856a99a0397a4932c6b65c2,deny,DENY_STALE_CASE_ASSIGNMENT,P-2026-05-STEP2-ORACLE,938d964480f9c58cf84241cf41fe336163505e38163ebac29333822687478e21,45c2b9ae17e5ce137746cfd3e4721af2f9863f5b4e3bfd228bc055d173314bc4,9d02969a18d5bec75607072671d9b8d7ff4c72dc33e60616891c7efe489c65ac,e6282b83a9de92b5be8475da3250f076eab439893e787ba25274707bd9ba5380,368b6b7d096e1fbcf094ae953f8912b93844730bb5d82794f15c7b0dbb79db26,ae8b87e107c311702d5d90e09371816b4a7b9debc77196152f6c1fc671d1cec3,e5ba67b9b6c8926939c8814dd69e1af7d497a0d452c27bef5d3ce572caaa08ff,b5f584dac1ce63a39726af9c4694ff72babfa4b2c130a454ec67b051c3c24566,HMAC-SHA256-DEMO,AUDIT-2026-05-STEP3
739,7208dc17903bca1649bdb679,2026-05-29T13:35:00Z,REQ-000739,058b6ca906f6f017cad2b2fa,STATE_02_DIST_03_PS_01,7ac6a8505413a1abfe9c2c38,escalate,ESCALATE_PRIVACY_SENSITIVE_RECORD,P-2026-05-STEP2-ORACLE,ce9701cd65c1292b9ba50e04682abe1fdcfa78237dd234cc528f3dc58d353212,896027a06a238bb9f6b708fae52d78116510a030f274fee946076fadd62eacf3,d300a1590d8ecf66f34544b36061f5c5a384c0ab9a3f2b11725566c7cd51fc7a,5165fc2046c63fa2d098033c661e0d5c15453f6855340d2ad603817f2ad81267,a1d5081b2815e76403c3c18bc18147c6cfb4378ccca8facfc4158ad0bff4b20d,e5ba67b9b6c8926939c8814dd69e1af7d497a0d452c27bef5d3ce572caaa08ff,8003dbeda543c2ac7a1b05ba02052ec28ec015c7d649f50ea46bfa44cd7aebf4,eb829f17ecd9f5e835efac3ab08c0be2f754308b0793db86681878edba81a351,HMAC-SHA256-DEMO,AUDIT-2026-05-STEP3
740,f13aa6f92c7f81ff1a009e2c,2026-06-04T05:20:00Z,REQ-000740,b9a151dcbadde0404b02e5b7,STATE_02_DIST_03_PS_03,1b44aa1874391eada80abe9f,escalate,ESCALATE_EMERGENCY_REVIEW_REQUIRED,P-2026-05-STEP2-ORACLE,9fc13bb69500f5ad073fe5f18190f646b2781aab01d7e6c286058d7d3a0430d3,23e45dbc04407608c2758816514d43f5d18c58f5b9c7242483d9f1cfb45def19,b735fb9defc4c0f62df7abdf042afb8994fb9e12244f466f79046d7d052ba540,1a70591d1b24c17b711c682be886019a922215baedb063ed86db27f750acec99,66d4d0e67ad94783a727906db94846c1c050035a23e2c97ee0e620ae4281ecad,8003dbeda543c2ac7a1b05ba02052ec28ec015c7d649f50ea46bfa44cd7aebf4,1f1f73650767f72ea48e7d794b5a2f08441b9ddb58e1874188a4d502b1d93c4d,4b2fffbcd0d8638c20ecdfbc362a98ca97dd3aebb6ec177c3807584fb259cc1f,HMAC-SHA256-DEMO,AUDIT-2026-05-STEP3
741,0be4486d1f57258ca4eb791c,2026-06-04T05:36:00Z,REQ-000741,fb4c90a703ac874dae2f1454,STATE_01_DIST_03_PS_03,eff1115c482447753dc310ac,deny,DENY_STALE_CASE_ASSIGNMENT,P-2026-05-STEP2-ORACLE,52e2f40310d1f85a8ab52dcc38df1095bdb0e67fc028add8453e6eea61c45722,c4a679c6ceaac603fcb644e217fa2c2cc8156cc859ae1b32af0630e1c46b475d,81b10d735aebcaf298c4c93420e5f8195c5520477a7ceb494ff751b45e7db9e0,9c77131d4200d056d839ead237e564f248862b0722efe78a9f9ce9b528621e82,434b428ff19a35f61380813fc8923b3b88a90c16cf3a3010b17bc2ea022338a4,1f1f73650767f72ea48e7d794b5a2f08441b9ddb58e1874188a4d502b1d93c4d,bde773c1e5f879fd395e180474af9eb96a16ff416724cd00ca2a5bd7d4a65ea7,a714918572edef555a81212f099ff936aef7dcad9c57525eaf83523efaa160a5,HMAC-SHA256-DEMO,AUDIT-2026-05-STEP3
742,504cf47a48542a94fab200bd,2026-05-29T13:50:00Z,REQ-000742,a2651cd5c21b20cc4d4edc22,STATE_02_DIST_03_PS_01,03db1b138a3912e8b9ba6c90,deny,DENY_INACTIVE_CREDENTIAL,P-2026-05-STEP2-ORACLE,b14e73db28ba506470310c0597286a692c76752a6590e711da1a198c3e13a83f,9e73f6d47e68ca628be715e13b1964a9361753e4ae00c0d92e9be87ef19e6ffd,381508b6830af8037d3402a3b8daaf7b743a39f0430f39a930f38353bd99717c,c95fbedf2fb9a778baf2c59e6893fef86493fa133a4a5695b1060d9e175216b4,3ae29e2922f871b094c3803cd03d8036b79fa8e718599ced6c1cdac7364685db,bde773c1e5f879fd395e180474af9eb96a16ff416724cd00ca2a5bd7d4a65ea7,a95076ef54f74d6590c93f5a155d9dae34c41bb3a549a3b1d0f0047dd99c008b,1d1d36a0aa89440892ca70fcea583b96d75ddb32062878235f50ef3fb139e751,HMAC-SHA256-DEMO,AUDIT-2026-05-STEP3
743,33f9d000a6d5c1751b420058,2026-06-03T05:22:00Z,REQ-000743,ed345e57c83b3d1c5b2c2660,STATE_03_DIST_04_PS_01,f4bdf526b0854c5ab70a72b2,escalate,ESCALATE_EMERGENCY_REVIEW_REQUIRED,P-2026-05-STEP2-ORACLE,94d1426a9c6e6d3ebd8ae35ac302367b9d97c15c7863fb5dcdc3c867b09aeb37,8e8124ed4e857363a51cee0d257b40edb36c4a1762fced44e55dd035268b7d27,86005a46d783f4b3758544e3fc9831da2c0da1c22bdad741f119a16c423481d3,d4b0994e73fd72627cf55899407af5ba77178f01e033b1fe8da0a31833e34d9c,5ba7bb6c249c43a273ecd1c00ddb94ada2abd46e113fb503e2032d490ea3ab20,a95076ef54f74d6590c93f5a155d9dae34c41bb3a549a3b1d0f0047dd99c008b,f514d567c5f63f2ddc0151842638dababc3f0a49ae8ed10560eb299abefe414f,6cad90729de934b81da687a3ed3b66561810c5a3ef12a6e5816858778f02107b,HMAC-SHA256-DEMO,AUDIT-2026-05-STEP3
744,55e3c654d75f5b258090a969,2026-06-02T17:12:00Z,REQ-000744,516e122c203e5dd62fd9ee93,STATE_03_DIST_01_PS_03,4486a471677828660c3b0e02,escalate,ESCALATE_PRIVACY_SENSITIVE_RECORD,P-2026-05-STEP2-ORACLE,0d04411d854332b55947155e001063476101862079d610ec6d438603216c729b,8117bb691da1ac11b6ce8748994d7cdfe55bfeeb0c45a66a0dc1360689822038,23a362942251431072ca29b5c7089f7283530ad33e3e09e9a40394789b5b7bcf,9879503f4413d85cd72e0217917a5b9f8c33daa4057e97c154ead59200811231,912afcf3fa3287154c916583e4de1ff52ddcfc2e11dc911a569de89e0cd273de,f514d567c5f63f2ddc0151842638dababc3f0a49ae8ed10560eb299abefe414f,0a0e28da736f4abb18b4db6a9333120bb68fb1c06d432a1c2e3ca7568fdd56d1,e20b89bf22a260400534103661b5e25753df163bd57c639676e8bb2af29a9bb6,HMAC-SHA256-DEMO,AUDIT-2026-05-STEP3
745,5cdbb034b994ee2d67376015,2026-06-02T05:00:00Z,REQ-000745,da8724df1e30e5c801778777,STATE_03_DIST_02_PS_03,634985427cd8688fee2b98d0,deny,DENY_SEALED_RECORD_WITHOUT_COURT_CONTEXT,P-2026-05-STEP2-ORACLE,4aa2333655c4797ceea4e765b2036a9c880c94fe954e869b430835cf82b365ad,139ae6d7c1e05583c68e1593b2da28e04158d0739ef1f384923ef708aa7a71ee,c0cb6b0eb0a4b299adbdcf3b308332af6cf72e5ad7c718cb050f6b4d8fa76c9a,2b5e464a67992eaced9b5e70ecd5aa4ff704fc71ae67476e8ad04560f8273641,0dad26961db4d738915dec31af27558fa117a3b6713cc817eaa31a252ab9856b,0a0e28da736f4abb18b4db6a9333120bb68fb1c06d432a1c2e3ca7568fdd56d1,0292d7defb884a4eb3bfa4227e090b480430a667c9e47ddcea33b2a8d533ec02,c1327ad53e6fcb7d0df03ac58cda89f541e2b1557f69e7808269f895f757b2a9,HMAC-SHA256-DEMO,AUDIT-2026-05-STEP3
746,bb530439521598731b9cad83,2026-05-30T15:02:00Z,REQ-000746,95ff51d542090c1b60accce5,STATE_01_DIST_02_PS_01,e7cce0ac8947d10332441258,escalate,ESCALATE_CONTEXTUAL_REVIEW_REQUIRED,P-2026-05-STEP2-ORACLE,af2cede0f7f758b78c1a2f8d07b97c1ce879df18f54710d7f85932af47564186,bffb697145c8abee25eb42c092ae878217a4b55f402ba4accae397c48a56779f,faf3bb3932d5d284a3b902003c1323c62b15aa5994180ae565b19160d2d9b526,c77ca79b6b21b9323a755cccefae0ff4cbb679a1740323515220cd4453b9d596,40e3e0fa95427c33dc59eccba9a64dcc3f4a37d2f81ab69a42aba2e470f92f32,0292d7defb884a4eb3bfa4227e090b480430a667c9e47ddcea33b2a8d533ec02,44a6a8f798cda0ba24a72065d3a3bb6496aa0ccd12f8487b0b09cdc6d002dd63,7f43cecbb9c3065c9d7e3504ef451b7b4c9c319f70922f317fff19f8ef4002e9,HMAC-SHA256-DEMO,AUDIT-2026-05-STEP3
747,f1122bd1a8f618b4c2f9a9ce,2026-05-31T16:03:00Z,REQ-000747,1e6c5e762b98d4b3d94fa258,STATE_03_DIST_02_PS_03,02618a5e4015e753681bdcd2,deny,DENY_EXPIRED_APPROVAL_TOKEN,P-2026-05-STEP2-ORACLE,89b5f66770b833246f95d5cc94ed5c18b7ee35c85c2d44e198e82a95030bbb59,924253ccaa717af0dfb6d98abcaae6745a59aa42321002e86742258eccb1b81c,60c6efd1878b66f2eef1d58cccb6001fe776f8ce76ca0a2244e361d70f7155b7,d3afce6f47bb3b0a40d69c6811b835ece21ca8b7d674cad266892509c01d139a,8789d24d5c6e3d84595b08095cfd7094c890722f40fbca010e1c5305dc95a0e1,44a6a8f798cda0ba24a72065d3a3bb6496aa0ccd12f8487b0b09cdc6d002dd63,33b3268bc48e8ffad479b3f264cdd1f10d73e81d54a3e667e2ac968c6d1f3cae,7cff75282eab053eac16767920dfbcf5e769c5fd338f93e9caa24f55eb984212,HMAC-SHA256-DEMO,AUDIT-2026-05-STEP3
748,e2d090faee1ddb5bc11a813d,2026-05-30T15:16:00Z,REQ-000748,0f7c12f84c6ccd771a655279,STATE_03_DIST_02_PS_03,9d4b84abfc514ab960faaed2,deny,DENY_INACTIVE_CREDENTIAL,P-2026-05-STEP2-ORACLE,11880f37b5affbca4da635d7bebff9ab74a7cd186792998701b4a87e6b381f4b,8f52e974684fbe98fb30dbb68220b3008815efa02805cc2a462cc94ed0ba31d3,a7c42ee2ea5d9d8d9b7c213f73edb21bd1fce797adc048b457284753c4fbbe38,52179e085c2eb6e46aece3085f25cb9bccd77f4acf084172592cd56eb32281b6,945088f76978953308f7591e92ff04859bd8c073b556edae18844c4fbe3037f1,33b3268bc48e8ffad479b3f264cdd1f10d73e81d54a3e667e2ac968c6d1f3cae,080ad0858b48f3d7f9c2390bbce7a3feb50200afbe844a9e93de4180cadb31a4,c304b6c413dd7139591a814389e417d553377a8db98933af413b398672731ef4,HMAC-SHA256-DEMO,AUDIT-2026-05-STEP3
749,23ea3b0aa0ec35f515084e1a,2026-06-03T06:46:00Z,REQ-000749,a2884bcebf8616c20bdb4688,STATE_02_DIST_01_PS_01,428efc3efd7b1b0a60e8d834,allow,ALLOW_ROUTINE_CONTEXTUAL_ACCESS,P-2026-05-STEP2-ORACLE,0629c016b87a6186e06539aa6af439c852c2e99224e4514256cdb4d675b66097,717939de76d3b80c59c24212de78ea3a4774d3480285c4c444ee01edc0fe558e,e5bb2468984bfa9bc0728177b85e1e6f05bef0b2c49162f69e6bcf4f908e3479,80e4e80ea7d262c024a8beaa92f1213db1964bb93c0bce3d9ce0d6150b66cf28,0f2b315fce03dd524984954115fe7239a8cb497fee3f393ab580d9fd860a5e2a,080ad0858b48f3d7f9c2390bbce7a3feb50200afbe844a9e93de4180cadb31a4,70b279fb5723538009b5d817470ab2100852f004a6d64a5506ef60498c101019,cc7535a2362a4b63a412d22b871d740c917411a88e8d20e7481ee9279229befc,HMAC-SHA256-DEMO,AUDIT-2026-05-STEP3
750,b0e530951f8085bae9c74ef3,2026-06-03T19:30:00Z,REQ-000750,f57ebd05797c0d495cf5ad8e,STATE_02_DIST_02_PS_01,570fcb5882c79818b6fa7ccd,escalate,ESCALATE_PRIVACY_SENSITIVE_RECORD,P-2026-05-STEP2-ORACLE,2dd330bc8a35094bf8265a5351e3e3690a06d3d183492af6b2c7ea9cfa437f8a,8e7ed06bd6df1a0b3bb43515ca451b4ae13c994c5bfd5e43dcedc4662438571c,c75cb4df6512c756b069cd9d54bfe64c4219d310bd02691bf39260fec80a39cc,4da7fc91c5cf9cf795ba9f5fc9b35e20c5067f9ed40ccb0413ce4dee21503d4a,a594b382818e9a0c9a930fd7c31411e4e95e9819c56971ef1f1e3753ab1af065,70b279fb5723538009b5d817470ab2100852f004a6d64a5506ef60498c101019,3b9ffc974b2c189cab562fffdf96f8a6c065e01d112ca686436e185ba3478517,760d02eb6c6ddd890d88537604d41ece083a8b07ec5b20db3424579d77a3137f,HMAC-SHA256-DEMO,AUDIT-2026-05-STEP3
751,8f298a8f82b983199950c050,2026-05-31T16:39:00Z,REQ-000751,aba84a984ee3606ae0d30a0a,STATE_01_DIST_04_PS_01,8ba047dcb06061d980da4456,escalate,ESCALATE_PRIVACY_SENSITIVE_RECORD,P-2026-05-STEP2-ORACLE,fc8f5889310463e0d39038d7d7b984bd358ad598e4110a0e1821b531b410c8a0,aa1f0b5e7f310faf55e1ef0a611695800cf7cafed1003b9adb33303dcace452f,08df752a99a1398775bfbe8943efc303c165f572ab9c8827bcdc722f1beaa0ee,61d953155a51b0f35d1ea01e0c893232dcd4dcf3a7238d11b2eeef5e34e2920d,47a8afe3c2866265ba001d40274c15efaeae6fc635673a08035d8a4a7756fcd9,3b9ffc974b2c189cab562fffdf96f8a6c065e01d112ca686436e185ba3478517,650dfee063bf8a0a6de41bd337e5f51666a3b417e536318541490264fe34a353,2c71406411a5ddece8cb3be9e304bc71c7cd50e51c9188d34315d3c1349b9519,HMAC-SHA256-DEMO,AUDIT-2026-05-STEP3
752,dbc4c6633d04070dca6b1d07,2026-05-30T15:44:00Z,REQ-000752,aba84a984ee3606ae0d30a0a,STATE_01_DIST_04_PS_01,aecc4eeab743055519b9afaa,escalate,ESCALATE_SEALED_RECORD_REVIEW_REQUIRED,P-2026-05-STEP2-ORACLE,0ad0d871894127e6cc82e8a9f15384552002c45d30928b274953a210d1a83301,aab6c4ed7eca1b54b7734662616e53a4acd365cb1ddc7cb7a9791f8478138cba,3189ce25003d3358fe831a77f48b14938cf8b80d9ca0b82d8648bd34089aa863,c1f265b1527aaea05319a35ee72904dfcd25dc64930f630c3d4f831633128c3c,18890249639fae41010b5a138a21df8e328e2644f95a82ddb2cad9d2467768b9,650dfee063bf8a0a6de41bd337e5f51666a3b417e536318541490264fe34a353,0efa309ac4dbf8fb648ae614accbc46df5a8b58541e92ed59be7836d744240da,d4a11a803dbaec1af958e1d64a91794adc520404fe5414a76bed123b42b82f77,HMAC-SHA256-DEMO,AUDIT-2026-05-STEP3
753,17ce8e83bf7505c716b2a7d8,2026-06-03T07:42:00Z,REQ-000753,a1e23926bdb89d718dc0ff23,STATE_01_DIST_01_PS_03,24c8c0c8b19638b5e8c5fe9b,deny,DENY_STALE_CASE_ASSIGNMENT,P-2026-05-STEP2-ORACLE,71cf68e753de56885fe54cc18ed970145e95e7395c9bd36327763ca78c0d300d,02d421487d2ec557707035bf880d0b6ec5bba460323dfdfbbd5917dcc0a65f60,958507a4067b3e9e1d84578e9a6895c5d213cae65dd895b3f059a37cf831d594,84c6870d81173d3d6ce5129b96fecd3d30630d6adcf3f7895e1c296033ebba90,b31f9bd10fc2685d74945ac694ea615d709719a8ec7941381c8054428f50b1a8,0efa309ac4dbf8fb648ae614accbc46df5a8b58541e92ed59be7836d744240da,e62cca1a257f32ce745ee889ae37d61f82bf7ba6edd3b940e1ad688f28c8246d,fc393129f526503cb9b793c58003d0791a67eb53d4339e8310fbebc929cbb3e0,HMAC-SHA256-DEMO,AUDIT-2026-05-STEP3
754,4829d1831be42e8fc25b309c,2026-06-02T06:48:00Z,REQ-000754,aba84a984ee3606ae0d30a0a,STATE_01_DIST_04_PS_01,7dbc797b2f28d09c339d0893,deny,DENY_STALE_CASE_ASSIGNMENT,P-2026-05-STEP2-ORACLE,b13110992050012da68a489f1c0653f4b5470d8e13500afccab0a8d36a09ff9a,d210a09ff319c4cd46416c2524236a5d30c9e3764302ed9edbd4f0de4959fbdd,0a21d45b65d0e5ea1da518a8f225c3129ca626d996a908b4c06a42a329ac0c70,9e5e617968e23a4a4a53e2e04c672d70a4f6ee230c8207571da96f4854384bdc,b4af6d0bd095ebbd5b4e6b999cb42e055db34520c3f259cdcc8e8055255439bb,e62cca1a257f32ce745ee889ae37d61f82bf7ba6edd3b940e1ad688f28c8246d,00c2eb5e971bd1eb4dd26eb8f9f2a57167ba46bd992073b81a81b48e6f628f64,95f506a975741462e7b8e153e4cbc1f03aa7b00adc03735519fc6b79bde8211e,HMAC-SHA256-DEMO,AUDIT-2026-05-STEP3
755,bf28f94dc50192652aa82acf,2026-05-28T13:45:00Z,REQ-000755,80474f2be101fe342f3d27b8,STATE_03_DIST_03_PS_01,1fb453252f4bdc939ef6f6df,deny,DENY_SEALED_RECORD_WITHOUT_COURT_CONTEXT,P-2026-05-STEP2-ORACLE,db50a5cc073f2699062f6909c363ce302296fff8b4818e6ccd80f3f798f64968,ce6c463a829cd50b6b336846956971f1dd002008ba0cb0dae6298bdd91c3fe4c,fa5023ec5c7f6a53879e0c4cacea605c3627fcf5d667d3f811523d30e787eb7d,54c67482993cd84d4d15e463d42de674facd0b40a92dcf03b9b4a1ddb0a93821,e3069a5c5c975a24e9eb2eea4c6c6b89c79f0cfc9cdbef4e3ba369f32d8821f8,00c2eb5e971bd1eb4dd26eb8f9f2a57167ba46bd992073b81a81b48e6f628f64,78fb88c088e2ae001c5136369041ec94df1c287bc2a34292471f7c5c2bdbeef2,12260613bf6a86da2e98beb9fdd48d58f270c9831ed2b5e629fa82778b3bee0b,HMAC-SHA256-DEMO,AUDIT-2026-05-STEP3
756,a362f14498d9c05fa8e875d5,2026-05-30T16:12:00Z,REQ-000756,f8755a48fce2988e7e892881,STATE_02_DIST_01_PS_03,40ab0a32b9b194338de4a0a3,escalate,ESCALATE_PRIVACY_SENSITIVE_RECORD,P-2026-05-STEP2-ORACLE,71ecbba6bf14440bc225bea991229864e88b7be16c4cdc1a9d310392e4b77921,3eb5379e5e9ffd99b7add4a7235d019f2c58388624ced7fbad3b6dfb3c92845b,04b84fb4e37878d447c8e7eb2f31545e9d53f8d1dd8929df46d470294320a9ba,0d42cc7e13df194cf951e1d96bf6277d2ad7d78eb7598bf3274f1b2b3577a480,8f43a44c1b2cfef19f23a9a28d6b223a82750b0240c9620fedca9bb34bd92230,78fb88c088e2ae001c5136369041ec94df1c287bc2a34292471f7c5c2bdbeef2,73189fcb15f265e0bef4f7d3cd0e11356bc546430793fb76ef1aebc2b23ffbf7,dc82db79232041326e96b8b064ae4b609c4c51e4b6506b2a495c0b967294946d,HMAC-SHA256-DEMO,AUDIT-2026-05-STEP3
757,3f0b80d0dab01e380ef49101,2026-05-28T01:14:00Z,REQ-000757,b2c7b3b76aeb981b1bd8756b,STATE_01_DIST_02_PS_03,2867d85e6650cddfa2049599,escalate,ESCALATE_PRIVACY_SENSITIVE_RECORD,P-2026-05-STEP2-ORACLE,bb913c3c179473187723c61f3067433858a9df0bf3782b60d4778a68dda3dc5e,57aa54b98ef407410754fff83ea3334e65ceb62825418df2c6cf6278d3c628a5,9061f8e1377251df11f9dc25c10504d337a58e7f90778dc888fb1209df2d6f07,b6515a8bb07013a4ce884625fb1bc629878c30063072c15ec04b956da8b9e3b7,38a72faa52e42db0895c6e000f1cf61580561fbdb38047e8c62bb33cd9fef4b5,73189fcb15f265e0bef4f7d3cd0e11356bc546430793fb76ef1aebc2b23ffbf7,78ebd393f35fa57cdc0cfd4f0c295bc54043d30b524d5e3c1d73f3d60756db4f,ffd0bc5f3f55448334835e5761b9ad92f2cf06aae3317942037a83a1a92150bd,HMAC-SHA256-DEMO,AUDIT-2026-05-STEP3
758,b602b86d43f11c3a5f9de86d,2026-05-28T13:54:00Z,REQ-000758,12eb6ff70063628bed70540f,STATE_02_DIST_02_PS_03,35bc703759f57f410bdca3fc,deny,DENY_STALE_CASE_ASSIGNMENT,P-2026-05-STEP2-ORACLE,2cfec38f42c0208798554bcb63ca64cc44ee0d644592cf8a5fb5815134176cd9,4e38e9b74ec9805978f9bee674096786074bbc7d5ece3795cc9e232310346809,44173165a42f18a3eb0a403a55e36f50abdfa7cda31b67577d4e443a20449f4d,e3d4f63e339012e39d1c23ad614d067231bf46e6d46b7059e479b6e41982c312,64c81654b9ce543d5824911a8659e801f79f124b76b32f236c5512d9503759e6,78ebd393f35fa57cdc0cfd4f0c295bc54043d30b524d5e3c1d73f3d60756db4f,a55449f71cd8a8c9caa11081be1bca9c7a553ea6836d0f5b1d3e01fd6a743284,ec1ed5dac413ca5a05c1c42a2565662868552b9e43723ce0a1cd02079f0663af,HMAC-SHA256-DEMO,AUDIT-2026-05-STEP3
759,9b08d9a0229dcdbd00eef465,2026-06-03T21:45:00Z,REQ-000759,733b1499389b250473119b5c,STATE_01_DIST_03_PS_01,d1bd194f0b0797c0129fc9bc,escalate,ESCALATE_PRIVACY_SENSITIVE_RECORD,P-2026-05-STEP2-ORACLE,e9a60144ad6313d7a05c04e26d2c44816a919b014db23f2d606d95bf554e7c69,46207fcb81b69fa2bf11b7d1047a4bc1e7dc3f0c0abe506623b4411e305133f8,7b2ea5844ae3b2e4a0dfda6638b667b2404aa9649eedcbb7486af551fdd35388,41d007eddd3a9556741125bf3cb108b974fc7160d0fc269f619db5f8923dfd37,a83d1d41941c7c681d056fbeb4e1c737bbf8ba3c7e551c009edcbaf3362f8503,a55449f71cd8a8c9caa11081be1bca9c7a553ea6836d0f5b1d3e01fd6a743284,c0b7abc2799026eabd9bad9ec98ff0268068ad5725b0d1bbef84c714327d31b1,eca5ef159bfc14111d871c83aefafcaa4dc5b99ce77764b470d604498a5818df,HMAC-SHA256-DEMO,AUDIT-2026-05-STEP3
760,c068efd31f74e2d52a4cfd8c,2026-05-30T04:00:00Z,REQ-000760,a2651cd5c21b20cc4d4edc22,STATE_02_DIST_03_PS_01,7a6174ed82b24e39722b5ebe,deny,DENY_INACTIVE_CREDENTIAL,P-2026-05-STEP2-ORACLE,86d8b48ba0e71cb3214c358d4b3dabaf6724006a1eebeff2ba747493988d878d,a35764bfddacbc8ba6a096be4918230cd89ef5b21bfbae39e8926acf6537f892,09a3772f78b3852c37855015415760159f9b31ecad4581ced561275d1fdbbaae,bf795efce59e884e8ec5e784fecc7bdd96c606b16a1b8617a1c234a7c1fe3a13,a7a435082b5fb1fbeead4f18c63572268079b09b676ba77bae5f3dda73baeebf,c0b7abc2799026eabd9bad9ec98ff0268068ad5725b0d1bbef84c714327d31b1,c0bdb55b139b56e9ed9d06d716cdc826962239dba11461989f25093416ee3415,4a4947a880ecdc373d5e1b6c89b23ed3904ef331f707c95930b9a72be07b38cf,HMAC-SHA256-DEMO,AUDIT-2026-05-STEP3
761,b2045146ab7d2a0598ec49a4,2026-05-30T04:06:00Z,REQ-000761,858f20314a8c64995d905a33,STATE_02_DIST_03_PS_03,d12a6a6433534d48c6b83a73,allow,ALLOW_ROUTINE_CONTEXTUAL_ACCESS,P-2026-05-STEP2-ORACLE,11ad0995fc5b2a221faa12d160b46e1049f3e8188b013d57f28a4ffa1527c3b1,8e2b0e917a3266f374f662790d47687363a5b3b27b5a8f20c7efacae05d65046,0397dc22ffef87e2a785fb57f12676285619f9af1791b4c2c7762931822b8d74,6e737e0341a654a23f974096533d77a6ad37d99ce5e13b30044fa16806be5d61,35772262a2ced6968e0facf210bbde2acf2d29058d249985110763d1542d7426,c0bdb55b139b56e9ed9d06d716cdc826962239dba11461989f25093416ee3415,3068e54a306b54691d62b667343cd783bd603eaa3892752126d409d1fc8d8969,8dfc0fc150394a09202497bb7a15d4d7dba8af2699a8228d7f92496b6fb11d92,HMAC-SHA256-DEMO,AUDIT-2026-05-STEP3
762,95e3cab141aa83bc379ef1a6,2026-05-29T15:30:00Z,REQ-000762,5250e04b75f9aa481b9f2c6e,STATE_02_DIST_04_PS_01,6db7c5075e1c51bf79a23ffe,escalate,ESCALATE_CROSS_JURISDICTION_SENSITIVE_RECORD,P-2026-05-STEP2-ORACLE,e8d6a50f36372cc2920ceca107880b6f543afb77878e8fe48b65d7f8377b25c4,ff0e4aeeca19518cc9ee131ee0bb11efad8893e99d30a4ed744c73bfdf6c8c44,199da2c384121e2a93d2d5fe86a0d333bf5293e1aa1adeebe3b9a3546f87d18f,8b73e9b2c24e44bac9aa300adbc5d7e98acaab73aabc15e16eced8664c503d85,65805b46ceb5121d9713fe2891473e30d14c5bf601d93edcf3ecd6a548db7932,3068e54a306b54691d62b667343cd783bd603eaa3892752126d409d1fc8d8969,5d5f0757e0d4448761513074b35f2406a939e9f8b395f91c597af5d742e7ac1a,bdde972db192dc80b345b9a81b16f075c73763ac2ff261a4d00d786cdde6dd66,HMAC-SHA256-DEMO,AUDIT-2026-05-STEP3
763,d1b97dc0d1a58eba5d88c8e8,2026-06-02T08:36:00Z,REQ-000763,006fa23a737e20e3625debb8,STATE_03_DIST_04_PS_03,db675945c3a004fc20e2e374,escalate,ESCALATE_CROSS_JURISDICTION_SENSITIVE_RECORD,P-2026-05-STEP2-ORACLE,e32bc53227402ef9c2e35ae972847b05de7473274b2354300e84f28433f748fb,1d08a1181f8dece716533dfa782a5c235ce9f057fad2265d36b210fd05b63042,338f2f7817f730d6806af4aa65631acab1f80f8f10b4f5adcc0dc515e936a538,3bae7473d2848bc8d635818909ee07ac43a55ab1c6634171f4453619838a87e4,b985ad1f7cc354ac2e6bc4c71536a43b2b10ba90653ff0c33787ff6be76744e6,5d5f0757e0d4448761513074b35f2406a939e9f8b395f91c597af5d742e7ac1a,547264b895808018983a264e3def793a84a29bb4083ea8da21a28884e050839a,fdf12a0b20c775e35ae375b5370c0b6987a1407c64206b1f641a84e52e1f2601,HMAC-SHA256-DEMO,AUDIT-2026-05-STEP3
764,6bf2dcef1633e6c8c83e391b,2026-05-30T04:24:00Z,REQ-000764,9f1a046129b76f0cd0f13803,STATE_03_DIST_01_PS_01,3f62490bb6003e08aff86a5d,deny,DENY_EXPIRED_APPROVAL_TOKEN,P-2026-05-STEP2-ORACLE,0cec9cfc06b1918baa2b3a7275d35c1e999c154951c04b5b2976941750c47dae,9e8f6f8f1f7fa813845047a3024ce4d5f1d00fd5f59eed862746ed158a913938,f9c713fa156f7d6c7dc76c0a02817787c37ea47f0c7667a3ab8b682740c934d7,ea9ca55a20467d59da5ddef5e820198753d8ab05043a07f5740d44741b687345,57482b2174cfd3d27a1031f83027d47d7f8baab6254a015ca61a5a0c3455832a,547264b895808018983a264e3def793a84a29bb4083ea8da21a28884e050839a,d852eadbd10d93b44bc2b22cb48db787e380b8d4a6169554b242256690494836,6eb401297efd8f5a0005f48b1b47cf31d2d85be2eebb585b20b8bcd74480f9b3,HMAC-SHA256-DEMO,AUDIT-2026-05-STEP3
765,b50dcb632c29fe9de1c7064d,2026-06-02T21:45:00Z,REQ-000765,072b2cbde28c17244de8ae4d,STATE_03_DIST_02_PS_03,e1d51408056939f2b7fccbac,deny,DENY_STALE_CASE_ASSIGNMENT,P-2026-05-STEP2-ORACLE,2fa99d6bb4f877b33fd0d8b517ef53c86cec3b1c41996053d6eb82f48047f8bb,56e2d0456cab69998b739fccd284b7bc192623c4d3bd004bbe88a713af7e90b6,f8f89b982d3f574cd794c1ae8bb18ccf5abc32948e7abbe5775d32b9a87ffa82,582e0571c17682d23a263cf2349efe522ee8ebd7dd0a90855947c715a329bd46,98ef72573ebe0836bcd6a9cf5b97354e01e97d26efcb502d426d5b374730552b,d852eadbd10d93b44bc2b22cb48db787e380b8d4a6169554b242256690494836,a1a600b6fece9b9c52ff14f33f9ce8399848a4871aaf9b586a0c9756916832c3,97eac64dc77ada5647b79d37c1a7dcbee06c424aed01c5649705df241fa9e316,HMAC-SHA256-DEMO,AUDIT-2026-05-STEP3
766,76022745a8fa5e6f36fdeca9,2026-06-03T23:30:00Z,REQ-000766,0f5e28fd8c1c5a758d17ef19,STATE_02_DIST_02_PS_02,d7f5f5e94d3e5229dcdcc76e,deny,DENY_INACTIVE_CREDENTIAL,P-2026-05-STEP2-ORACLE,206621bfaebd777bf19fe20e76fc5458ae1653a22807ea84be7c7e8b2f6cf2ae,def7a82f1d06e5ef405075e73faca56021ff08a790f424c57641f9bc24fff7ab,555769059e35a68d4d1c079223275142cd804ee643045e3f0603dd94b0083258,49187b340192a773f7c068ce5f574b02039f8a2a86811eb4eb0b98cd2bb61c83,be101ebe41e89ddc20cee6f9698b1ba79eadbd176db659b2bdf28cc9fbbaaafc,a1a600b6fece9b9c52ff14f33f9ce8399848a4871aaf9b586a0c9756916832c3,c66a0f721d30b8ba4a75eedda6af86b46563f1f35d16affb21acffe3ace4afff,8cff4ef67f376a14d29472b8bc808c55fc47106b7db1c0f67576118df767878b,HMAC-SHA256-DEMO,AUDIT-2026-05-STEP3
767,e05e1627633b424163cd1889,2026-05-31T06:16:00Z,REQ-000767,8c053db99a24095548996524,STATE_02_DIST_03_PS_01,a6951979d6b0ca29c516a2a0,escalate,ESCALATE_CROSS_JURISDICTION_SENSITIVE_RECORD,P-2026-05-STEP2-ORACLE,f6fdb421536240a4a019d1a8712a7a6aaeef771a86bf76fc54bbe4adc4469aa9,1951f75c7ea1c6ea49b40942ff7d0f79c3ee199abfd334144fe0bb290b80f420,cbfbd9d18dcaeb6b8da1ab01d954079f2a21607184fd5b79f5728b6bbd2d0ace,bb20894c25f27e8143493fc2ade3d88428f84a908eff7c3a9b5b3a2d49b7da4d,d709373c74fa6dd9f8543d0e07bea5743bbab283ff213cf08bd87392c84b82c7,c66a0f721d30b8ba4a75eedda6af86b46563f1f35d16affb21acffe3ace4afff,ab075ec050f4a9fb099167c3c707f94d562945352280658bff65e20711878617,d291685ffaefd9358376f3f36a423d825c256470dd1130170776547759bac37a,HMAC-SHA256-DEMO,AUDIT-2026-05-STEP3
768,b52ac834ab6a8fd0fccf3f9d,2026-06-05T01:36:00Z,REQ-000768,ed345e57c83b3d1c5b2c2660,STATE_03_DIST_04_PS_01,6acc6042dd574d412fb83e2d,escalate,ESCALATE_PRIVACY_SENSITIVE_RECORD,P-2026-05-STEP2-ORACLE,d414b6e9c72a3be06d4c07aa7829d8b3e95adf2ccaf4b508fb1e37598d4171bc,5dd09a9792c5f0e2257a81e112e97a0b358407deb9ffd1ec4bb6e6f092b2ab96,9489c1ac759820c8e1241e6f4f91935fe40c4e1cbf0bbd0b22819e838e4fdb25,158abed0298701d50d14d30b16dfc745834afc70a57d73cb65fa6ff1d868e829,d251b3b61aa855529d4bb6c142073fc632e0e411c0d2e01f10335c19af33b4cb,ab075ec050f4a9fb099167c3c707f94d562945352280658bff65e20711878617,f17ced3187d6a237edfb756e9600fd9c4ad68afb30a861961257f76983a9235f,1af6a14621bd2a9f0f9c45a5e68e180ba95eb3e272a731235267acb5a9d8693c,HMAC-SHA256-DEMO,AUDIT-2026-05-STEP3
769,0f4cde20eb7884acd20d3438,2026-05-28T01:38:00Z,REQ-000769,1abb810c99dd60558b095f4d,STATE_02_DIST_02_PS_03,127942772b7096cf80318d9f,deny,DENY_SENSITIVE_UPDATE_WITH_LOW_RANK,P-2026-05-STEP2-ORACLE,bbcf653b87ddfa38527afe10095723935ff0401aed7a1cc4cc3619a7f16dcf5c,d8201dd60c2f998b581fcd236eb4724d2728b6bf5c5e205b9f064e44952dc151,b60836f1dd3b7446ae61f02e958ca391f5ccb435f51a6a0423e419e04b617672,7aa1c741d0e36083714b747455da0118cdbb8b3f715201777770ffefbc169cbb,35017d494b79d0fdfde111f73a2468d50e4d4a677665dd7290a2ab19ea2372ce,f17ced3187d6a237edfb756e9600fd9c4ad68afb30a861961257f76983a9235f,c18722f341759c764ac35b4428c4460a74fa2ffead5e2d63b325bb2037230e0f,3a4783b38cebf4d7afefdd3b23d67499aa73e6e767b85c3485d61b5d100ae58a,HMAC-SHA256-DEMO,AUDIT-2026-05-STEP3
770,1fb1a79f67f027a07ae6066e,2026-05-31T06:40:00Z,REQ-000770,4abc3e055d213fe06ce85aef,STATE_03_DIST_03_PS_03,1253146d42ebe28929ff60a9,deny,DENY_APPROVAL_ACTION_WITHOUT_SUPERVISOR_RANK,P-2026-05-STEP2-ORACLE,b3a0c2241fd521a4de4ccf58144f7bedf995905af9bf61099e73333fe40c5c84,2bd29424e86c549a5f47202a5dab0edaf18f9b0bf15b4cc873bfa1aab04a76b9,b6e092536e7cb7329332db49c26a7e07e2d2619d9499b3718272682c94bf9544,ee20079b71ba8abfbcd47c9e9feaadf46aa04067dc72f68f6555af68f29b406a,e56a074d33385c03392bdc08798c33c2088d66aeee7df6f57922d4edb9553b78,c18722f341759c764ac35b4428c4460a74fa2ffead5e2d63b325bb2037230e0f,c24acd39cc01efe5d112d865f1838fe073d69395ab2d884f2de9907d90f9110d,0d627651832b417965c9edf914a93f7e540ceec7af773ef666d03a732fe4928d,HMAC-SHA256-DEMO,AUDIT-2026-05-STEP3
771,bd3a65a349da93035a2d0f5f,2026-05-29T16:15:00Z,REQ-000771,f250eda449687032c1f3ce21,STATE_01_DIST_01_PS_01,7421d676dad537501affa1f2,deny,DENY_INACTIVE_CREDENTIAL,P-2026-05-STEP2-ORACLE,88cbeedaddf835fd25c0c589a07a4529f7d8ecb8a05ffee11614741d47f25dc8,d4a97f0c62422c61848d36f3d1b1fd0ea532aa7a529c7d4804b5331bd16595b8,fe3f2101dc69309e723f1499952708d51a03732849af3acbf778872df0f744c3,2f8d51d36a122e3d6407c41bc7fab4cfea840e2dc9419b04693c8a00d75eb49e,4d13459591168c768cb0add0fd2f32502f56c3611b17039642970eaf6b9cbce1,c24acd39cc01efe5d112d865f1838fe073d69395ab2d884f2de9907d90f9110d,34eae56635a8cd1a684c366086ee0f95fd20abd68cd8603d6ab8f69cf667a452,63ef84e76e2436251aa8bff8af7d3cc257053ffd3362e7017f4169eecd412711,HMAC-SHA256-DEMO,AUDIT-2026-05-STEP3
772,59a1a2d4dddc9dc62cd708be,2026-05-30T05:12:00Z,REQ-000772,5ce4d64c20eb4b8a7537a1f7,STATE_01_DIST_03_PS_02,eff1115c482447753dc310ac,deny,DENY_STALE_CASE_ASSIGNMENT,P-2026-05-STEP2-ORACLE,7e0bf6951c996c3810aeb47227d428f5daa9c12aa73ceedeebd3bf7db647bf34,81828f95e49fe6d5b02cdead8927963295cc75ed79ef2981d67bd392145ce17c,1a846883562e6742a1dca2c29fa204c84a4b916b152654b3525a948028fd5abf,e12249e60e35e1258443bce5ba5684c3bb2d3dd8827a05c89a896082573cee23,da489b2be7a8f37f0c0a0ce9b134548d2593d898ac155dfa19ca70130c0596ef,34eae56635a8cd1a684c366086ee0f95fd20abd68cd8603d6ab8f69cf667a452,4c7d84484d8ecfee6a38428d2f1e13314bfd33450b8bd1a58ecd8beaaf95a40a,b0267f01ed81d7dd0e2d33dddec228864548203fb23fe3162f718a8d48a2b3be,HMAC-SHA256-DEMO,AUDIT-2026-05-STEP3
773,a692073206b2d4678e65cc87,2026-05-30T05:18:00Z,REQ-000773,17c3357ea795f04352db1db0,STATE_03_DIST_04_PS_01,792f09352a2c672d41256513,escalate,ESCALATE_CONTEXTUAL_REVIEW_REQUIRED,P-2026-05-STEP2-ORACLE,44868feed3eb82fccbcd540516734eed0826e476616fc475d99b189fffc8d006,f069a71cccf7a0e3b418afe9ef1674a30419ef328ef9fe68bb35b92e88c5f5c8,bb4ef2d7380408cf9691899d3c43e4db482da56372ab0d7e113e96cf95319eed,5fe120ec421a503562f79f7d4bf2252267461153f1fd9db3fe9090cf2ac6dfe8,5aad7ac5aacbcec4a8db34f1a4a0484a9ca15fc589198481c4b95b10e98b415c,4c7d84484d8ecfee6a38428d2f1e13314bfd33450b8bd1a58ecd8beaaf95a40a,90fa80afa25af287aa3866d8899a7b78a19ebbb483418915d799dc92b1a039b2,188ec6a247612de3e320eb986e4bbaa582aa53e015348b8dc8db51f5537a621c,HMAC-SHA256-DEMO,AUDIT-2026-05-STEP3
774,84ac24544a6870e12d275362,2026-05-29T03:36:00Z,REQ-000774,614c14e8c660d73ace97d265,STATE_01_DIST_01_PS_03,f8d01d9519981fbe6119c784,escalate,ESCALATE_PRIVACY_SENSITIVE_RECORD,P-2026-05-STEP2-ORACLE,85e1354529295c33eae551116dac624bcecb161d70490071b01d166408215fbe,a97efb04a1968ddfe331bb37c2d9f42b7a5c35b3ee2a557f62273830e5f4511d,686076611db3ffbe237404827bb1ea4e7c12eee9c4555fedfd0b41490279306f,517aaffb12b4dbb7654254d5b3682c497708314793fe747d0a6959868b684a44,7aae7a0bca26246628549ab2df014e091db1e5ce374963ddcc70a9fbae1cd78f,90fa80afa25af287aa3866d8899a7b78a19ebbb483418915d799dc92b1a039b2,f155f9ad0db7db6256f637e6f7a0445477b8a4264088b7587a860f30ad61c915,544ad15649855e7ca60efa15cc5ffd57d7a73d3ee21d82bc16dddc6b4ce973a3,HMAC-SHA256-DEMO,AUDIT-2026-05-STEP3
775,149327938f9d3ed60553cf76,2026-06-04T01:45:00Z,REQ-000775,43619f9291295cde078ede73,STATE_03_DIST_04_PS_02,715cb0d4c70f21586aa29ac0,deny,DENY_SENSITIVE_UPDATE_WITH_LOW_RANK,P-2026-05-STEP2-ORACLE,1b6dce4841d60b2bb2fc5c69fddcc05a240f342d63985b23551a679685cb0405,3182e029a0c273d90bb07f52c23a55232db68238ad94a55e315347f36aeffab4,0102692c6b668ab353d644458497fcd0a19f370756943739699799abe2321b66,a08bfb69d3cb598a0379dd24c6484af4b45da0c5a72d948aee0ab82f11cc5de6,55899e891a84fa489dd0c2f117e13b5b92b413610fc5967b6af5788788abbc9c,f155f9ad0db7db6256f637e6f7a0445477b8a4264088b7587a860f30ad61c915,8738115e2835cd6ab4fce2acce9cca1602cde29a80921996a8c21a042ab7b057,68811c8b4879ef99cbcf0b5e822104c36ded6c23c2c581d61d6fe1d57f21c50a,HMAC-SHA256-DEMO,AUDIT-2026-05-STEP3
776,f250f11671ea3680b19cfb2d,2026-05-28T14:48:00Z,REQ-000776,3928cce83c394fe536f56bf5,STATE_01_DIST_03_PS_01,c14c6c27edacd158510d86ae,escalate,ESCALATE_SEALED_RECORD_REVIEW_REQUIRED,P-2026-05-STEP2-ORACLE,84398f7cec9c94392f058b7376082eb5c60c7c4cd9d751976bd7ac43fd31660e,57991b2e2dc01029daf4f673468736937345ff12dca91c88a205adc561b83baa,cfa8c5584fb9e4b17dc5006558603e3c3e3c37bdf5d4111e4d38271a0840421d,7c01998bd8eab135814eb942acdb2fe0744585c0c4a43c325460886bbf0cbf4b,f437bb7d2da6ac1e662b3c723f312fdea54d473ff5bfb975fd9d5f89bd5a8ae3,8738115e2835cd6ab4fce2acce9cca1602cde29a80921996a8c21a042ab7b057,3b08f43f0dd96ae4b53c153bc164d5f316705a82631dcdc38833b8ed36e8888a,efd13331b5ad9f407da58d9c67e73a5b5cfbe6c68be60dc4f5be0c92a5f5a942,HMAC-SHA256-DEMO,AUDIT-2026-05-STEP3
777,aa5f60e5298d9fba7c0e63d2,2026-05-31T20:33:00Z,REQ-000777,95ff51d542090c1b60accce5,STATE_01_DIST_02_PS_01,f971c17865e1fde3ac01112a,escalate,ESCALATE_PRIVACY_SENSITIVE_RECORD,P-2026-05-STEP2-ORACLE,44824adcf3f26e98c9f02d2b339551131aac289472d2b5e13633c88ab67722e4,7e4975e7d4c232f2581239560dd4b3dea891629a6bedb7bcdbfa30df51d08435,af7c5ce0bf5a9fa72cbca3453621458ba5d2fba883b5a5da71224165b3a0439d,1da8aad0c879509a472a2f2e39cff7fd1a5c854eca37df6d6173b364bf82c1ba,d8d5c7f4816087713548084a40159d68df3abc960e3aac43f667810717fd9633,3b08f43f0dd96ae4b53c153bc164d5f316705a82631dcdc38833b8ed36e8888a,cee73530755fa3a63fd95050442059e579f34178b4d833ccbfac6f3935fe0d7e,41b47d0ce9938e450c674c41865428c92531c384466db134d0a55a2d48719bbc,HMAC-SHA256-DEMO,AUDIT-2026-05-STEP3
778,f76a13a142ec7b26f7718887,2026-05-30T05:48:00Z,REQ-000778,782ce33054ac702eb25bdce6,STATE_03_DIST_01_PS_03,d021b181a8195460c1a8a206,escalate,ESCALATE_SEALED_RECORD_REVIEW_REQUIRED,P-2026-05-STEP2-ORACLE,e1045579c990903b3d94ed4839f35dcca8943528d97420cd60cbfa99dfdd1f69,a47287788c009f5de10b770a79825e6b3c0a3de49197833a59d48a442802f77e,3eec0440dfe34054ddbdbe031d7e814a9e31045871504431d7dc11393ee372ff,4f5f285eb6089e707c1686b8c7d40b05fc6c8b3c88b1b3196202f3ab5dfd9d55,808fd217d77dab1edcf97045e4adf4e88f86e571b849c28ff0ed99a85623b833,cee73530755fa3a63fd95050442059e579f34178b4d833ccbfac6f3935fe0d7e,c1b59429b5500a3bb14d2dc235ffe4ae4bb1033020424e9c965b95165364dd5b,2b39f1fbaaa414ef74046db04bdaf78a8e35f809ef812d8753a2d769fffba8cc,HMAC-SHA256-DEMO,AUDIT-2026-05-STEP3
779,560149d82f5968c482e6328a,2026-06-03T00:47:00Z,REQ-000779,6aacb3c44032122c078cc506,STATE_01_DIST_02_PS_01,215ab041d7ba027eff82f6d6,deny,DENY_SENSITIVE_UPDATE_WITH_LOW_RANK,P-2026-05-STEP2-ORACLE,3bb3ab1d7675a86415e8959daca7b2d6f6f85fcada55738a2fb978f45b3ac853,3c02d1f9b5aa7c09fca884c389adda30db8546921b06a9f857a9d14630c943e7,94e8d279785992aa26a3896f0f4c83bad1655bb19f52b2d8749c9cef73207af6,9a1035d6e08f4654cb0ef424821133db0cbfc1120f814bd2f0bfb28418d53808,93bc657805992dc6f19881b02553173a75b9dcf8e3da2d8d8f02237488076be0,c1b59429b5500a3bb14d2dc235ffe4ae4bb1033020424e9c965b95165364dd5b,d3b43fdd5951e96c957b3c8005e075b3767804d28a8fe1a845dd9bbaeef998ec,1b4eb7aef1770e59cc285338fc201776d7b048ebb23e5853136d7fa84273854c,HMAC-SHA256-DEMO,AUDIT-2026-05-STEP3
780,48b93215cd3b564b63f5fe07,2026-06-04T03:00:00Z,REQ-000780,61fb1f33fe73b6361966f242,STATE_02_DIST_02_PS_01,c386c9aef0d6bac0125fc3eb,deny,DENY_EXPIRED_APPROVAL_TOKEN,P-2026-05-STEP2-ORACLE,e92191b802cd7ab4108ec9f2353e9f452637dac6a487ebca735d78c0c950d7fb,a5ad15ac9ca00a7ca3d4343b107bcd6c4410c435c91106f45eb5bcc73d2d7505,65be18b3c671ce61318eb2b082cceef2074a327d94f84353bcdd2fc19031baec,d37002d6071e24093cb48ff00c8cdb1066dadada046afd08058b792e7b486208,cebee28ada0bf452e38188116904f767c12dd3b5bf76d8684ff6893f82f46638,d3b43fdd5951e96c957b3c8005e075b3767804d28a8fe1a845dd9bbaeef998ec,69f58f04224cf9ac8d63dd460b32b185e4ff092613810cd43ed77465b307335d,ac812f055e812a65f486a04c37ebb0b7f73c3caa1c40fce97954df4509246492,HMAC-SHA256-DEMO,AUDIT-2026-05-STEP3
781,167fdad9b6341b4eedee4539,2026-05-29T04:04:00Z,REQ-000781,90e9de18363ee212ab55f392,STATE_02_DIST_01_PS_01,ee3ca38f34162c711e83a513,allow,ALLOW_ROUTINE_CONTEXTUAL_ACCESS,P-2026-05-STEP2-ORACLE,dacf4d7d66947c271e340bf22743ba81f499756207132778e11edb0b76b1e10b,11bbcd9b17033244a179e047b1c87b70f3a0edae9eac4e73eeebd9f7cfa5631c,45f6d2974ee39e9f4b1035210c13a9063600f3d821fe5bcd86f984d163e1136f,7a6491056bafc76c6af7fb390ad9d449349d39e7114f128d061597b787dc0d88,b890b1b01632e770e0830c89c5a088505fc7c957fee31a5381bdf821bf1eea6a,69f58f04224cf9ac8d63dd460b32b185e4ff092613810cd43ed77465b307335d,bf8c9bde9083ab6208aa74fbffbf8d2a366b05de5ea717785e669d60124b6d49,1a7b885a444c8be59ac4b7fbaa92ebf2f807721d18f640909c1cdc2a263f6dda,HMAC-SHA256-DEMO,AUDIT-2026-05-STEP3
782,882d966f10fd132207020528,2026-06-01T10:20:00Z,REQ-000782,fe341f3994ddbba307367393,STATE_03_DIST_03_PS_01,005e2c4cc11b47aa081b9c83,deny,DENY_SEALED_RECORD_WITHOUT_COURT_CONTEXT,P-2026-05-STEP2-ORACLE,dfe5992454c062b1f9e82457caf2370c262a51c70c1b98add06b0ebd848f0e41,62951c386f8d61b7384b5c1b5f0c3a7e57227ad4c30422047c7de5870dd0346f,a2cc2ad5332bfb2daf485e1bf2b09c41f6c4e14aa49022105f158c2bd10283ef,a243fe78dba64144014d8b4b8fad82e3718290cdbd7c839d2579e63cbf5341a8,8aa04cd0ca3ec8949c08af81cf5e502bfcaecda5ca4fd1baab11aebc6e29e3b4,bf8c9bde9083ab6208aa74fbffbf8d2a366b05de5ea717785e669d60124b6d49,0749533b1be087e0daefecddf3f78bb026f4bd36244b4fd514c93ec7062f88e1,6d81830e118ff8dd0627daaaf3b6fafc24809a4dfb5944518fef1cf08f5ca231,HMAC-SHA256-DEMO,AUDIT-2026-05-STEP3
783,70706b2eccbc753221a38bbe,2026-05-28T15:09:00Z,REQ-000783,1abb810c99dd60558b095f4d,STATE_02_DIST_02_PS_03,b2fe1d7e7f491d2222d662d6,deny,DENY_EXPIRED_APPROVAL_TOKEN,P-2026-05-STEP2-ORACLE,df77875c0f962315aaa188a8b248e51694e1a740321923cea6716327cca0ad21,445ea0a43b62e54a75fe417f640cdbfe2778dd479dca4195de9000cf487a615d,5305a4cc861d4881e87cdace29a408aee127a0a05f50e4f0b54a7ee8137c5bb9,25e640ef676ca3091fcdadab4cec9aa8c1be59ec9005c288cd9344949a1f84f2,0798b43ae1655e09f117b3df36d0ef22f733a3b4f1df754cf01af55e22116368,0749533b1be087e0daefecddf3f78bb026f4bd36244b4fd514c93ec7062f88e1,eb6c2bf561c0b4aff2408617c0d4e27334546c7f710ca3dd3429b5aa83f0fc77,6e9b58d413eecdf2d61ef71d9fcb9efaae53a6f8dcb53e9bbc1b7bf71b7db48e,HMAC-SHA256-DEMO,AUDIT-2026-05-STEP3
784,48930c72ecdc3fa717904c2d,2026-05-29T17:20:00Z,REQ-000784,46719ed3c0b1ab7f0fbf5f90,STATE_03_DIST_02_PS_01,4c70d73b13a1a3705ba4515b,escalate,ESCALATE_EMERGENCY_REVIEW_REQUIRED,P-2026-05-STEP2-ORACLE,9570119c77a32c02f5a3d306cd2a83116b8d1393de37bef9398fcc7b39b71c04,f1d01affec208de25d65110d6058e63bda8fb58e86d51dca6a40d218caff706b,c18cacee159960acaa5ef30f5d7dd0c0a4b6a7df1723dfe90562f5c16da93d05,5251e70b84cef646f09ff47aa55314941647a03ede0a0a7a02cdf0dc3aa46d59,e4cc65babe191982596ae3c69e47c9bd01bd76ca718d1d86c6ecb3428d8340dc,eb6c2bf561c0b4aff2408617c0d4e27334546c7f710ca3dd3429b5aa83f0fc77,a6c06a681f3067d81190f076996c7aa5d163a5e7f64b78b94ccd26064c5583e7,0c3e15f21443454f0fd3e02935bdf0ebf6bc105c28adc8ec5c4c707893363678,HMAC-SHA256-DEMO,AUDIT-2026-05-STEP3
785,a751fc76b20ffdbda6e6bd55,2026-05-28T15:15:00Z,REQ-000785,a1e23926bdb89d718dc0ff23,STATE_01_DIST_01_PS_03,cc5ab6510e3654ea9af3370f,escalate,ESCALATE_EMERGENCY_REVIEW_REQUIRED,P-2026-05-STEP2-ORACLE,27704e33792c54ad0331c560358329cd3af48e61ee5c0da0935a07cd331d52ee,c1e9e3af31652a8b65ada5a6f7d8ef54d7e682a89acc7fc3242c2ef76142885e,36adcf9a2cf86b1e575ff601039217cfdd6652dd5d879d2b42f177ff749e16bd,1393e67b4967a6d4d61cc68cbab4f474709ee5288d913fba5d901b53537317d9,48347143ef34b919576a909abc8ecfde28987b5436cf630f9b418017fd50224b,a6c06a681f3067d81190f076996c7aa5d163a5e7f64b78b94ccd26064c5583e7,6ea873265df9fd9f23274d4b9220fee2b979e4fa43d1b3bc016671b473fe788d,e3b872011f2bc646d995cc6d2d9edd0b0aeb53acf15fc94b17c61b066deaed22,HMAC-SHA256-DEMO,AUDIT-2026-05-STEP3
786,30b16d9fe18be873694f544d,2026-05-30T19:42:00Z,REQ-000786,f1cd31d43c526f5a63bbd87e,STATE_01_DIST_03_PS_02,3721d7269c2dde832027fa61,escalate,ESCALATE_PRIVACY_SENSITIVE_RECORD,P-2026-05-STEP2-ORACLE,ffa856c60021e50f93dd57eb4221abdb8174ad040cb768ffaf46fc2c6afe343a,ebc8334a49fef9c9487a93f4dbe20b94b286d1abe7a4b26639ce379e5a6d5564,b0dd38a9b415236c72926437bc5c27a358b1f65a026d2f0dcb7e0795b492e26e,fe0eba50edb77be439d93d4623af95405cd3106539217ca797bd657b5d72e05a,2f46d702b5c1319cba8f84e7088506c9c270cf2f58c5f89fbf7be5fefff6d9fb,6ea873265df9fd9f23274d4b9220fee2b979e4fa43d1b3bc016671b473fe788d,b962db1395daa181dcda7b3d955702fea9f93d654befece19ddb62f3beb8bf19,40a434e50023c9d3836aaf235fefd7f496549bdd9ba6bbfaf42b80bf48151df3,HMAC-SHA256-DEMO,AUDIT-2026-05-STEP3
787,8ec3f8b89a433e5d14f41209,2026-06-05T06:59:00Z,REQ-000787,cf4f97b5eda3195f8d5d3726,STATE_02_DIST_02_PS_02,4ee73ace57928929f1ba50f2,deny,DENY_EXPIRED_APPROVAL_TOKEN,P-2026-05-STEP2-ORACLE,4ec40ca041aa8efea19bdb66c7431b15d4f36281ba974dba584b3d024fc7b880,baa7760efc5ca23ccbf23000a721f89b42d2f4409aaf554964da876fc7dc0ceb,b2c2d45dc1c4183fefa651da2eeb8e5d697048b677e0a7e37736d0bce563cc6e,e0708cf9fa05e41cc76b7f019a7562912b8038ac95152a0f24ebac7693374608,82b0c1b62bda3538104e473067dc57a66cb567550e01c1f5a174573a80d72690,b962db1395daa181dcda7b3d955702fea9f93d654befece19ddb62f3beb8bf19,96d42c3db42c192a63d1408dc9fdd37ca2b1d9cda3d8b56e826062c8f873f40f,2a72d4ef14d4f640e7da19a96e870ab14b15c4282ac1688e58df16aa31c64796,HMAC-SHA256-DEMO,AUDIT-2026-05-STEP3
788,66a5cf9e49d482c258a746bd,2026-06-04T18:08:00Z,REQ-000788,3928cce83c394fe536f56bf5,STATE_01_DIST_03_PS_01,052bb27e46c08261ae984b1a,escalate,ESCALATE_PRIVACY_SENSITIVE_RECORD,P-2026-05-STEP2-ORACLE,79516ced303b6ab660d5404d3b05df98a74fdbb18e8079f19ba451ffdc51d37c,de8151e454cd8443f16691e22af2b7c3db0f55e0978b71158c6c0c58fc578c0f,698f25b4a9b4cceec492d7fea900fc1121d72a046a2d2828a2dbabd44cc1db85,0b343ae697386ac0623ced5fd6f3e090da3eed1d77b30c53c02c5b03cc998a53,d7ecc545ca617ff51ced1cc201e341bdc08b2c7400a72c17d0d539b0100e7751,96d42c3db42c192a63d1408dc9fdd37ca2b1d9cda3d8b56e826062c8f873f40f,529eb5fba8c75959948de4aacaa3537212cca534c917dfaa11726f5ceb537bd3,6ba766dd72bc7e8ee0a961b71ecf59aa9a647a2cb703241edd37f9202bd4b379,HMAC-SHA256-DEMO,AUDIT-2026-05-STEP3
789,d4f157df2195b378d5aa885b,2026-05-29T17:45:00Z,REQ-000789,07e08d113775d9e409a3ca05,STATE_03_DIST_02_PS_02,046d653f953eb88b47a3ebb0,allow,ALLOW_ROUTINE_CONTEXTUAL_ACCESS,P-2026-05-STEP2-ORACLE,fe350f9933f17a60c4da52d3b617ba70e43b55753e6ac72843059a87cb902d2a,fe1a3ed30efeee095e3138141a35271a76f848d2afa98c841baa1bf07ed544fa,dcfbb26eb605ce04dd31c44c5a6f54af08ef871f30290c997ab81c7ff94a5a46,f2ed49a81a44fa7c4d04400b07bc30f75d649ec4feb54630f029da674a62205a,5b0b7b20aef6490e41154b0a325fda3d10a9c62a15258f3b59eb2f26a04b0dd1,529eb5fba8c75959948de4aacaa3537212cca534c917dfaa11726f5ceb537bd3,2039fa062b2e87631d1df0582f0ead1e418a6646bb7567a05f1e9786d288dd46,b810024ab329490d4e5641253d02b2df876310e122e1b8b6ae757ffc2193a9a9,HMAC-SHA256-DEMO,AUDIT-2026-05-STEP3
790,8755d8a758d0d8098281efcc,2026-06-05T07:50:00Z,REQ-000790,e246494264abad2f32845507,STATE_01_DIST_03_PS_02,95272f463d03a2186ae00bc6,deny,DENY_SEALED_RECORD_WITHOUT_COURT_CONTEXT,P-2026-05-STEP2-ORACLE,a4ad4354b44ce1633fdf2cca8aeb3c3c389538ccd13de6cced0e649e9df78479,4bfa29b8a626e351f4145e9f531a68df6eba4b6f06d95f4ff40ef064a316bb2d,eb558cfe295be54a189e20ddf7683c5e564570aaff1c5104862b8825f6e971ec,af4d70fecba964d3f4e58e0971a6da0210a464537afe623a4d28b75d40e6a7bd,2e9c8b05f941fdde1b73085c15945097fea7321acae44d98c8053bac22d5d1ae,2039fa062b2e87631d1df0582f0ead1e418a6646bb7567a05f1e9786d288dd46,44b4e435e83ac211d9647f38411efbbd6fc1a8a2330e0305be5635b741828b2b,ce738de02ca90a07cd476c7780a3d189245288e83cf5b93db55fe500f6d0f30b,HMAC-SHA256-DEMO,AUDIT-2026-05-STEP3
791,36306a4cc3572ac741967dee,2026-05-31T22:39:00Z,REQ-000791,5f299dc3f248e4c74232aab4,STATE_03_DIST_03_PS_01,04bb3bbec77f28b17144322b,escalate,ESCALATE_PRIVACY_SENSITIVE_RECORD,P-2026-05-STEP2-ORACLE,e82d8857b658b8c81839d11ad4048f9fa4f9ab27ccd695751b71b4ea78e3a313,05d6a67e97ed705dd402a7ee3681826d915fed962c39b06e4ff169c5836581db,e4696a9ad035550e36194d697532251fbd5c9e91792261977b090c612cdc1c1f,bc97aca94bafa40b270b572b137d7acfcde489f4c7318ab659929d9ff7ed7d7c,77b40005d3d0091cd461ea39bb76c869f62c31ec41ee87b2aecfcb5c19a1c736,44b4e435e83ac211d9647f38411efbbd6fc1a8a2330e0305be5635b741828b2b,b8415a18a6bff976631e832b80fa45893acd7f6bd37059005f0fb28b26908cc1,90d59f53467270c9ed7e445b230baaca19cc2a4446c9a9bc1f7cdf20578e5208,HMAC-SHA256-DEMO,AUDIT-2026-05-STEP3
792,cc6d20645c3d73371db9ff54,2026-05-31T09:36:00Z,REQ-000792,6b0d84a1d858aa1335aacb1b,STATE_01_DIST_01_PS_02,ab08e3d48cf6370ef4f838ad,allow,ALLOW_ROUTINE_CONTEXTUAL_ACCESS,P-2026-05-STEP2-ORACLE,6b22c1f7b74f8f828e210cbaa1090556f27ff03aad7a817df107abf4bc789130,8fbab9d0424407d9101abf39f8080df1751f08f43ac80156e741178a853e8b3a,610af28ca993de26df9ceccff1041d41b081bf4be606d16f5c738b944a1779b6,d6b1baa35591b6ebd518eb18c8282f09a3dff3fca47c7d49d2dc22bc6e5a9358,6c825990d5b457d3cceb8f751e7dcaa436d89d7a9edaf5773c6d664b5b3194b7,b8415a18a6bff976631e832b80fa45893acd7f6bd37059005f0fb28b26908cc1,c91d232a3393b35f02078b5b149736fb4ac7141da8e980b4cf22e4f89370744a,93c5fd8c8bd9b306cc2b7aee14599bfb1623aab164c31391a2138d759564a05a,HMAC-SHA256-DEMO,AUDIT-2026-05-STEP3
793,8fb3bde7359c7569def0ea8c,2026-05-28T02:26:00Z,REQ-000793,4be2947fa44b5e03c9285de0,STATE_02_DIST_03_PS_02,ef42f5a6dc2c41267c313d66,allow,ALLOW_ROUTINE_CONTEXTUAL_ACCESS,P-2026-05-STEP2-ORACLE,391b831a80e64547404da07a532dc7511b54aee5ef5ce9b0cccf767d42342f67,6cec57136f41129e23798df99544ad81ba6afbfa9d6e016a78d2a829afd96558,582e0eb44d638c91136b7ea57d1b1d86749d51fae41e1c0f8a9b14dcd1707f89,d24f52faf8b51616df7f4359c58b02ed95b80baeffac65e230163c2e4dbc1f32,b6823547b0ddf7fb17d913f53b6efbb24c80053609f73cbc500d1bfc3590d837,c91d232a3393b35f02078b5b149736fb4ac7141da8e980b4cf22e4f89370744a,da4f99dfd5c5549928bcfa24dd455d67c4492495d83b211a6291d5968f83a2c8,e9bfc95aaea8298a42be0e1452810cf296e06929d4086b2d2f5fe42552fb8e35,HMAC-SHA256-DEMO,AUDIT-2026-05-STEP3
794,700ad1134b5c8c5748933826,2026-05-29T18:10:00Z,REQ-000794,1f0d6f8c17d7221984909f27,STATE_01_DIST_04_PS_03,90c44e5b5f4485801e5b8a18,escalate,ESCALATE_SEALED_RECORD_REVIEW_REQUIRED,P-2026-05-STEP2-ORACLE,f560f77bef522b51ab1512424f53c722c7b1b6f2c7f5d4c3c5676998bc631862,79570ef93706b4101aec5b01d33f3303295883f323ad8778137f94ae7467587f,e6000d25ed60ab8f323fd11e61ad70a588e0a9945c507e3c4d34f6584ce2aa43,23f16b04ed9f8dbf4c4b4408928269cab57a460a2cd02e9cfe644c1f86349b50,bb96b8bdcbcb803b03b04ecdbed686f4baefa8906a2fb0f2d8ce0775ccb31b3b,da4f99dfd5c5549928bcfa24dd455d67c4492495d83b211a6291d5968f83a2c8,dd5d26cd6d0dd5d38f242c3ccc78784621ecc493597aaf538a21a5b6c060b42d,c48c8a4e0d98a86ce001da9d3d51497b7b244ec568ba785f697427d7ff168242,HMAC-SHA256-DEMO,AUDIT-2026-05-STEP3
795,58589562f25f5347adda4ff6,2026-05-28T15:45:00Z,REQ-000795,426f43bdc9c73b5f3d8480a4,STATE_01_DIST_02_PS_02,bb0ee20c0620d29fd7232596,deny,DENY_STALE_CASE_ASSIGNMENT,P-2026-05-STEP2-ORACLE,d6d71592e968df6ff8629023b30e0bac05497b936e1f2a7ee3fdb6bba4568f8d,a8ee788cee0f3a1fb27c1ebb9a8274e102805e00123140c0affe98e2942b17d9,2f209482adbdd12b31fab4b9f67a21aadb71a3a5e7a8a49adf21dab3a6db9da0,c7440e6fa90a97b6dd9e40a6c3f6f0d6dcf65c86aa7e2b5e811e7ce81723e999,1654dc4d295af78a9e787f2e056c53b7568a792e8cc6f8fc35c5502773c636a6,dd5d26cd6d0dd5d38f242c3ccc78784621ecc493597aaf538a21a5b6c060b42d,d5bdbbe111f801275accba8ee6d7b37d3ed00acfc860aa1fd0f13498f7b123fb,0efcbacda604e1d25e72568a3ac1add869dd17bb4393327f9df08ad79dba82f8,HMAC-SHA256-DEMO,AUDIT-2026-05-STEP3
796,d5b930607f0b4ef6166d6615,2026-06-03T04:28:00Z,REQ-000796,17c3357ea795f04352db1db0,STATE_03_DIST_04_PS_01,fb5fe9b5c0b2f6fb1de8118b,escalate,ESCALATE_CROSS_JURISDICTION_SENSITIVE_RECORD,P-2026-05-STEP2-ORACLE,aa60c07c6edc7c63eb565f292ff8171a0977f1c53bf5b27c11e755cd79c9f805,e452c56657b09713a003dd63368310505ea6f2dbc402d54b6d41a895bff31a17,69c1afa2de120a7084fcf9733d04e8f49bd3ae83a66d11c9b7723038287519df,4f2ab2e879b8841f9a8ab532f9bd7787fc0ecf2689d5d5d81728990bd0e40efb,b4b79fd37f903f6ddbe27dd9b4b2ef0f64564e0f0c60638631e9e9ae08fcc19b,d5bdbbe111f801275accba8ee6d7b37d3ed00acfc860aa1fd0f13498f7b123fb,ac15353861990b753653a330f6ace382104ac607aa91d4c17937fd368a4e5326,e5a138bd22013aac5045fea234939556b94db66033fa9ca03efda9f2a87f2119,HMAC-SHA256-DEMO,AUDIT-2026-05-STEP3
797,a5c9763396f96501344f6db2,2026-06-02T15:24:00Z,REQ-000797,893580185d14634211eb9a59,STATE_01_DIST_02_PS_01,7b0cb359d199386905812a3b,escalate,ESCALATE_SEALED_RECORD_REVIEW_REQUIRED,P-2026-05-STEP2-ORACLE,808a26333d9e4c846213e97448b3a0f00e5cadfed176aea80192da1fc2cab12a,2db09f25aee5d82503f86988e390921eefb0c9a2091e60ef1d64d52ba665c406,016e911ed40fbb748d021a41916ca05b2b43478a81f76c634a0b934bc2067251,6f60d0ca99e0160655413408f4c59f6e0fa253a30eb10cb9ce0c969570dbe5a6,7f45377f5533516c57d03d911a507e8beadeb1cb35a4d4dd7ef2e49ee22c4d58,ac15353861990b753653a330f6ace382104ac607aa91d4c17937fd368a4e5326,96d3c296d2f6b1b4546b9b39f929b4fce310f08969f9a4823942eb035884d1d4,5d35dc2d1acd8f0616f0543cd06ce49477dbb2d5a97b53639852e5749540bc72,HMAC-SHA256-DEMO,AUDIT-2026-05-STEP3
798,f4e429b30ce8dff3d662e8c9,2026-05-29T18:30:00Z,REQ-000798,ec1ea596f81353f2d9f85816,STATE_01_DIST_01_PS_02,6bcf6ec8e79fb5cd0b4d23ea,deny,DENY_INACTIVE_CREDENTIAL,P-2026-05-STEP2-ORACLE,5a811b4a5014b13624b36d784cb8aa846f049fd5d8bd4f738953147da0d566fc,10a147e5515a4c6e30cd70a98372b16fc72e45762a2c9dea7c9813f2e95a9dd5,cf17949d7c4b704ee52fd44fee5855ef687055e493a69f9954b86d03f11f8142,c466fadd8f05b21f5d0bb47d9e1ee6f6e7e99a32a1298f489a71a0ffc9705449,28431e21d3ded1b5f9208d1407f22711a674e8a71bbd4bd0d3a66d74f3261976,96d3c296d2f6b1b4546b9b39f929b4fce310f08969f9a4823942eb035884d1d4,055a40aa641041913721e9fc0fb2bb5fddd90061da059802c4e2870a672bfcde,0581318132a21110d0b66d9cd383ee33135a41fa6685fa0e6794b210c1f41d02,HMAC-SHA256-DEMO,AUDIT-2026-05-STEP3
799,33cc5ce0620fd3091f4aca62,2026-06-03T18:26:00Z,REQ-000799,4718492e22f05239e76383dd,STATE_02_DIST_02_PS_01,4ea55cba83dc306bfa955910,escalate,ESCALATE_PRIVACY_SENSITIVE_RECORD,P-2026-05-STEP2-ORACLE,ea92bc9fd7908075431a8fbb1f06545ee56421b94bf23f42d46162f8a94c3c11,4dbced006d345c000c41f63b43e0d54b47c514e99690eedbc2cbba9445f53a1e,11c2a7357c78359e1d828e89c2308aba1f9d0777373d96605179ba0bdc2ea677,f58414d6d9ca20af0d3e496cfc0a8d95caf6e6257baeb3c862ce81a993c69cd7,be46329821fd539a2551d468bc863ee0272a67589f2297e91d18b050ab39953a,055a40aa641041913721e9fc0fb2bb5fddd90061da059802c4e2870a672bfcde,322e6349732fc7693aa8a4c3279b58d68b49f655c29684f44d1d17d49157bf77,90ed011bc50d471d89430a17ca2f4bdbe25ed4228229f0834245c79fb03562bd,HMAC-SHA256-DEMO,AUDIT-2026-05-STEP3
800,84b02b076606b3201cc171b4,2026-05-29T18:40:00Z,REQ-000800,9764196f496c1b6c2299d105,STATE_02_DIST_04_PS_03,63c910ce62e656e7950b3fc5,escalate,ESCALATE_PRIVACY_SENSITIVE_RECORD,P-2026-05-STEP2-ORACLE,94938a8ed5b6f501931073317c0d9cf0317d169a9673127ed23837ae66a3bec7,2152fbb291a2749d652b8199f75d1f9523077b44d37f8b358807ed9ece1c4b70,4c19ac70148b0a40b0ae5f3781f7dcbdbfa100042cb949fdd31b321704279304,38fbb622737b1f7b96358b8ac9aba46701ce59da469938dd043ed1672642db87,d93b41e61d237eb70411cd5a0aab236547bd88b87b710007295c68e9421d6c92,322e6349732fc7693aa8a4c3279b58d68b49f655c29684f44d1d17d49157bf77,4b6f3bdc77bbe1dcb74c0fb9d25c5c0e2712a4c3d9816a221100e11848da840c,2b01ebb5cbc88be4423ce7bc5a96c2f74fe4ec5280519f89bd5164900b4873bc,HMAC-SHA256-DEMO,AUDIT-2026-05-STEP3
801,baa0faec5b4fff194751e252,2026-06-03T05:33:00Z,REQ-000801,5ce4d64c20eb4b8a7537a1f7,STATE_01_DIST_03_PS_02,39d3051b583edb8f08d3ac66,escalate,ESCALATE_CROSS_JURISDICTION_SENSITIVE_RECORD,P-2026-05-STEP2-ORACLE,8034f9971a39bebff8b52110c39680a5bcd2437f1286ef8449d33f5d106ab700,db70a5fcba526aa48f515e5fa0807122ce3ea70b7ef70d319a3e0b39ee124ef2,044a6c64d37b63c3e02b6a78d6dde6b7961824d4d5ad8957af420daa3c7f9e98,98eba22e2d66aff03ca2cbd4a25f0827c7addedef97f137252ea3705ec86acb1,84b3b82bb696744d45c63e9d18b3648ba96aefea58c5a2a20ada6f4e81c1d062,4b6f3bdc77bbe1dcb74c0fb9d25c5c0e2712a4c3d9816a221100e11848da840c,01821ab3df58357b72bcc9f4da7ea17c49a96fb78e90e3a2e3a0c277f5b964dc,9bb00ec344613233bb8d982229f6797e76a28fd16441ba22c4275b34a360ab21,HMAC-SHA256-DEMO,AUDIT-2026-05-STEP3
802,7dc5ecd9ff1d83ee9b382a62,2026-05-28T16:06:00Z,REQ-000802,bb454708489db5641c11f4b0,STATE_01_DIST_02_PS_02,6d465176a0c4bf824f743521,escalate,ESCALATE_CROSS_JURISDICTION_SENSITIVE_RECORD,P-2026-05-STEP2-ORACLE,2b896d63085c3ef7aabdf55526a8b55f9fb9cdb6392092d41fdab1d12b73c9f7,2d86567bc6b642498252c802d8faee2dc9a7b9076121c934a47ed428a8819275,97c637b2bb6a996d644415a92c9b48a84404d2a6f34500f67fb7c13bf1ed18d5,598574c48f29fc5a48696285c7f0b83389a584c0f37f193211a71f855ad6a8e5,ddc73449d39b43dc54b532129aceb5fc46f2e44d4c49f1c9e0965f5d411235eb,01821ab3df58357b72bcc9f4da7ea17c49a96fb78e90e3a2e3a0c277f5b964dc,38973a32d75a98b38652b884303792e243766df2ee1cb79266cc53e1044b0142,13171251702cca9399ee1ca5c731de9b61fc5ba63cb888b12265deec75eed7d5,HMAC-SHA256-DEMO,AUDIT-2026-05-STEP3
803,d5ade48711770e2b01a7d228,2026-05-29T18:55:00Z,REQ-000803,dea3496d0907b239fdcdd5a2,STATE_03_DIST_02_PS_02,05c7c986bc49b426bf6cd52e,deny,DENY_INACTIVE_CREDENTIAL,P-2026-05-STEP2-ORACLE,34c987eec9679c3f9d695838b2b25b7f7e373e6a1b18577adabf56ba61c9a42e,7c2714ed050a467c80a766fca63a6c05c745845160554d1cadb9076d545dd733,19baeaea2126b45b57733b6df0a03072d3eee7ff01afaa26f0dd64632ec3300a,e5c16e26fb6276d7afb30d9c9c0ba6995a675d0701ad806e85f7907e26797884,67bde40834d43703744a0299c481bb75d43e205c3b2aaae03f589c54ac66043d,38973a32d75a98b38652b884303792e243766df2ee1cb79266cc53e1044b0142,3e85d26a43a8099f00d981fc50a6992b81f02d1f5213bc0d34efd843366b2e46,b3a7d92f990aaadf62aec7c244335b848c6bb059c58a768f9def239985e583ce,HMAC-SHA256-DEMO,AUDIT-2026-05-STEP3
804,86b8ba1783b016c535fd38f5,2026-05-28T02:48:00Z,REQ-000804,614c14e8c660d73ace97d265,STATE_01_DIST_01_PS_03,ca153ea0d75435e5b8a9b538,deny,DENY_STALE_CASE_ASSIGNMENT,P-2026-05-STEP2-ORACLE,ee80bc85e8025ce96ad8c8e58d4a7a0b9207dbfa6c19c3c137360bab86e3e57e,a3aff9d855cf496cf4467d3216e521233a7391cdd6d7d0e09c9bd96f6d51f35f,a9d392b5da90c267113891851aa78aacaf574e8c75882aa076b4cb6231c391a4,743d872dfee1f6e6506f0ae80ad2f2d5a3fc44820ce2a5fd94f8615d20a45b5d,98af0059cf86816a1a19e196b5efc365f72167299a621316bfc0c9286c4f1920,3e85d26a43a8099f00d981fc50a6992b81f02d1f5213bc0d34efd843366b2e46,c4588cb2a24b44e47893ee34e60cf1f669a4bf23e0188d54efe9c2a447e2942a,6962e7974aa383fad4e74ccc9e517926a993ed682b3cbd1a80f0d2539bd14748,HMAC-SHA256-DEMO,AUDIT-2026-05-STEP3
805,f61a80d01835b3c039380209,2026-06-02T17:00:00Z,REQ-000805,eb2cec3f8312decabe6f3925,STATE_02_DIST_04_PS_03,19c0033126dabf1c18a8e634,deny,DENY_SEALED_RECORD_WITHOUT_COURT_CONTEXT,P-2026-05-STEP2-ORACLE,edfba43e718430c32b44e7c5f559abf22cebb60b66eb2b2884a92aa2be700101,8aabaa5c0384646119f5f6dc1e6fda98b0d3b4acc9b860e87049c83ce34cb8db,4828244f241cdf702e65e9fad6f5990e9e888785229d3a8d3e83dea70851e5aa,25ce1c673554da2816be77989db987eab234d82a420ff71083ed397d43af5c13,72ee516e98be15f3d2973333dd2ee2babdc37ea500409384d339167dd43ca073,c4588cb2a24b44e47893ee34e60cf1f669a4bf23e0188d54efe9c2a447e2942a,c6aa5b1de87ea80a7dc99690a4387eb64293142705df9364335d82432bbf31d1,7a498a466843b9d318c649afdcbff1f336a59b75d2791162814478928f7f55ee,HMAC-SHA256-DEMO,AUDIT-2026-05-STEP3
806,4dc91bdec0e30813291f4113,2026-06-04T09:30:00Z,REQ-000806,ccfa52e7df949ec76b129260,STATE_02_DIST_01_PS_03,c51983dca46d517bbf8c1eec,deny,DENY_STALE_CASE_ASSIGNMENT,P-2026-05-STEP2-ORACLE,0782bf8d5bc88a15d918d53a458bcab1d0935d3f5e316b147dc2f619539522c8,dfd92457625261cc9c6a5006d5ac4c6e21327a7fca59552a250cc6b0f631f8b5,487bf78ae2f63d851873470c752df885a1c548b43f037078881e3aeece047da1,adfb87eceab3ffa39ce8f2fee8ce5bc601fb504f3f00a25f7e37bcc77e15288d,c0be4e1c09bdfc8eec402bb02d0ae5d008a1090d1e3976a3d697bcf206bfed46,c6aa5b1de87ea80a7dc99690a4387eb64293142705df9364335d82432bbf31d1,c18751f5dfb91b57745e0541d1541869fdbe2fedf2219c25ef2787a5f2117e79,9ec2174eee95970b1926a86c3cb4b61b3dfb2edd666259c54c51a9fa15b9a555,HMAC-SHA256-DEMO,AUDIT-2026-05-STEP3
807,2507d22b62ef630add79bd08,2026-05-28T16:21:00Z,REQ-000807,f733b89b991cd7dc6791cabb,STATE_03_DIST_02_PS_02,c1be72ae2e586a7fecd00956,escalate,ESCALATE_EMERGENCY_REVIEW_REQUIRED,P-2026-05-STEP2-ORACLE,093c1c94d5079c01df528005372f18f5ca645ae0d30ae677e281b69195d1957f,776f846690d3209629f28ce95a7cecae7156ba0b26657a449d97dec5e4ab8ff7,5854113f8026c6d1d38dceb1262be1bdfe999c21fe0af0277dc40c536506151a,92363fdaa18bc989c5d4fb4145efe76a74b37cf7948314fafecfab1c3ad0b48c,d4cc7eb9a7f6d8c43c1963db9061c783689d5267a614d52229354da52a4ca585,c18751f5dfb91b57745e0541d1541869fdbe2fedf2219c25ef2787a5f2117e79,de1b5bf6aa49be1e93e504597e8b2b3feea870923dd8c66ade92b448d05b40a0,8846fa596d339c2cf39f09705dfdc2b8f7014ba161b3913e46f232b44bc5cbec,HMAC-SHA256-DEMO,AUDIT-2026-05-STEP3
808,b6cddb2613e78cae886b510b,2026-05-30T22:16:00Z,REQ-000808,f04272809174dac17c3936fd,STATE_03_DIST_03_PS_01,425abada7c0fed7e831ee20d,escalate,ESCALATE_CROSS_JURISDICTION_SENSITIVE_RECORD,P-2026-05-STEP2-ORACLE,78700a40dbf21ea245aa8ad009c37f415a3bbd9e90b68dcfb3eb138d2dfaea29,ac85c0e9bf760364567d485289da61f83a0deaa3a23f5266124a02d77cd5839f,aa4f9f3bb6c713c29ac6fdd955a87cba414866f74b00a94b6ca4e69ad834809d,fb226f59927db02a06aa8bece9a6220028af1c3351d3fde06455ced1f94b5935,c83464b9fcda5ccf35a0567658030de0ef4cab673adf35399749eb1932d4b5bf,de1b5bf6aa49be1e93e504597e8b2b3feea870923dd8c66ade92b448d05b40a0,75e27e976d70accd2b1a63d1ea4f8c098ad05a2d51b20b281171a12c58861bb3,5bce7fd0fa3ad8ed48bcf7fbdabac9fd1990ad1e4428236c365fc2d4f4952e6b,HMAC-SHA256-DEMO,AUDIT-2026-05-STEP3
809,33408a173099d4ab50d3deb2,2026-05-28T16:27:00Z,REQ-000809,b0f05da9786602e3afcbd606,STATE_01_DIST_01_PS_02,be9170f1e4ef771dd8f13b83,escalate,ESCALATE_PRIVACY_SENSITIVE_RECORD,P-2026-05-STEP2-ORACLE,2655c993be6e107641631ad26e56b42dfe83793b4bba5b5765e46fb36b1e2ed3,8cc3f755f65971480d91a28d01344d3fc4a1b27c8198c305b198233ed61ff63d,713d4040c47ec036e031a1555048181ebb19c04ada8e3edf74b5963a79f9a381,b21b141fac854900358fb1b5f1fcfcfcb7549590f9706babbebb0208107f1689,5ff2fac1f4cb22c66fe1824b41163f2582ae31905a3883411c75dae0c1fbef21,75e27e976d70accd2b1a63d1ea4f8c098ad05a2d51b20b281171a12c58861bb3,d430a4b9725953ad12ede83b963f26f227b72784732f2be18a442bcc1a2ed70b,9a528ecb09f7f52ce918174e788711b1e0a2556f924000b96264884393eebd3f,HMAC-SHA256-DEMO,AUDIT-2026-05-STEP3
810,fa4f5388d7c2d7ce05850ec1,2026-05-29T06:00:00Z,REQ-000810,4fe847ab79de841540c7b990,STATE_03_DIST_01_PS_02,7d234b848bd150ce84069ce3,escalate,ESCALATE_PRIVACY_SENSITIVE_RECORD,P-2026-05-STEP2-ORACLE,3e36e730fb80dae89a91206a8f595061d286ce00f39ec2fc9464e6ad369e6b04,a55e9bb956c45b0e4851850cd7f60aa166015c24d15b2bb02ba7e40b26469491,2b2c91278bbec8e5f15186f7f36b595665d930420100337b9b874c56b0f2ee38,d4eed1677231ffa3698af2e6565643bdb7793f2bf207f5aa9ccd0f4f8ce1873a,37128199544724ecce37c53da0e69c6e2d98621abdc61ce0046fac203e7ab598,d430a4b9725953ad12ede83b963f26f227b72784732f2be18a442bcc1a2ed70b,b907aa35d87621628e32f6d7d3f70b6fa70c0019bb8994b17a0514553dd6562b,b9980ba6c4af78e3db04c21a66682263d5cec4efe54a2078172b03e6ed3cdb55,HMAC-SHA256-DEMO,AUDIT-2026-05-STEP3
811,8b04e1f235ac9fdc430c61d2,2026-06-01T01:39:00Z,REQ-000811,4857d6398585bfa5b41baddd,STATE_02_DIST_04_PS_03,d5992de3faed601edf297932,escalate,ESCALATE_EMERGENCY_REVIEW_REQUIRED,P-2026-05-STEP2-ORACLE,f20b949d9da1601588510652be16f9cfa6afa4ccfbce89a874430137be70b4e1,ca1ebc3eafcf6f8df8d8250f190b1a977e72e88968908059642ca474fb0f6617,57410aee2da4c374c9079b25d407b7b4b953dd87fb01d448f0e471e1650aaf04,eda1c4a5d3fbf99221cd9f807456587c38b75a7802be6743232fff2102ae84cb,672713be2003da3343c567b7c82bba629d898be3fb7695afe08b1ed6073f7731,b907aa35d87621628e32f6d7d3f70b6fa70c0019bb8994b17a0514553dd6562b,2f3d2fa90dd9165fde5f254a508dc5442873959a0fb4c8144e7b69d0b0c6e9c4,1125eb3e6dbe2b5d8c2d5d67c526d9bc88198da4f9db8d4d03e001ccf1e2b9bd,HMAC-SHA256-DEMO,AUDIT-2026-05-STEP3
812,e6f0fc47c4bb9685e0827de1,2026-05-31T12:16:00Z,REQ-000812,426f43bdc9c73b5f3d8480a4,STATE_01_DIST_02_PS_02,c7a1cb7711a9318d95ea172b,deny,DENY_EXPIRED_APPROVAL_TOKEN,P-2026-05-STEP2-ORACLE,16f4bde8f9f0c0c8f92f6668d1eac01a337dbac7fd93f70c7d587c9c94a6114b,79782ed572db02141a189696fa7f5ea0d3b81588d4ea0d66351382ec2f09ae81,01632af9826d80e159a03c5b2cd57e7681ffc2b7292d2f98015b99a740233f80,17546d7036dc3d772f715d3672f9ac43f14f55b61c82cb4ff75eaa4fe9576cfe,618676aee0dd77fa68064552eb14ef477a52209561818169cf1b3fe5b1bcdfe3,2f3d2fa90dd9165fde5f254a508dc5442873959a0fb4c8144e7b69d0b0c6e9c4,8c52050b13636aad88f52c0fd9a11996a1749a8fe47023bcfab5126bc3176c26,297d9eb1e35ecba2c90b24b9bd1402ffa40e0a3c56d26867b2c1ac9d0d7eeac3,HMAC-SHA256-DEMO,AUDIT-2026-05-STEP3
813,4e3dd0472f6542da8fa325cd,2026-05-30T09:18:00Z,REQ-000813,e1441290962ca2a8517d8d0f,STATE_02_DIST_02_PS_03,b1d414a86aab728f35101d37,allow,ALLOW_ROUTINE_CONTEXTUAL_ACCESS,P-2026-05-STEP2-ORACLE,fc8ab5be2a62c7b188d92c650577b05d29564a7813e7625070df4d7f6046cf0c,0fec901bed5c9b4852cb81c466688b7968c66f0b278b0cf39c63fe64d851c535,9ce49af3320244556773359eb63c415ab0671b07edf7952cd1fa11e49e8d8926,4f69db08c7607022493ad285d13ab1583aa53c97d48bf80bf9d8542f142fafe8,b47a92c91f13fdfae1eb45b83b9b0436c3612f21465f00d291097a2e09a078a8,8c52050b13636aad88f52c0fd9a11996a1749a8fe47023bcfab5126bc3176c26,63f9285a0848690047947527c6619c9d9c7f18e9689b492c5370d69d42026b21,8954204b86068864c3d2c298bba842e6a4b782240ea4edcc4045b9a734535933,HMAC-SHA256-DEMO,AUDIT-2026-05-STEP3
814,cff3ab85c3789c4dc23e02b9,2026-06-02T18:48:00Z,REQ-000814,acd11cf62713639d9ec501cd,STATE_02_DIST_02_PS_03,34db2ece38e91ed7d58eda26,deny,DENY_SEALED_RECORD_WITHOUT_COURT_CONTEXT,P-2026-05-STEP2-ORACLE,be691307a4b8a4a2669d1345cf99b794a3db0ca39e7d7382dd4f3d1f1bbb5971,b44062e657d655efd04f1b2ec420165f15b41e03d2757df617afdd6410f50c93,a6377340a93ddbd2cb6a87d443c738ce94dd6a06938070516b47dfabee7666b8,7ec44295b3528cfe66abb71bee0e76290d97af70517fc827d5d021790300d234,619d83de855b50523400250b3f30fe383f8c0621be0a47a41edbc1b96848fc30,63f9285a0848690047947527c6619c9d9c7f18e9689b492c5370d69d42026b21,fca2e220bd990c5359d2519a5e5a8609c6f9a4e6ba579db333ff798f5bef0546,310364c97d41d98696a59ce0aa2fa89756601106bc65425a373ce4b12fb788e2,HMAC-SHA256-DEMO,AUDIT-2026-05-STEP3
815,e0c2af1db55ae1b79d99e392,2026-06-03T08:35:00Z,REQ-000815,72129b83faafabab27729edc,STATE_03_DIST_02_PS_03,9dbbb6a343493bd757013eb2,escalate,ESCALATE_CROSS_JURISDICTION_SENSITIVE_RECORD,P-2026-05-STEP2-ORACLE,a9b345e489bcd65ff8b512fd8a7fb29f8840e1e4b07416b3f8fcd567219f18ae,d28b21089bfc29b4cc6450b1c1a0155de71e75bac20e12dff4073178899337bc,371e164b3a67ac06ba5179a32b55413c83f36e9d4154995de2713c09c3b507de,3c2e443b7ba569159c1128b5aa5d4876b556a31f61e2f094a91545febbdbcba5,a093798ebbae48d94172964722d566c48aa877c51ef4c2c534e88db732cbc25c,fca2e220bd990c5359d2519a5e5a8609c6f9a4e6ba579db333ff798f5bef0546,a5d908f82cbccc433a80646c0401e98b6393b54aede936aa68d03477501b46fc,9e4736e38349c69411d1dff038fdd8336e19eab50708970c014475aa161cbca1,HMAC-SHA256-DEMO,AUDIT-2026-05-STEP3
816,d4a4837734df7de8f9e8b2cb,2026-06-03T08:48:00Z,REQ-000816,72129b83faafabab27729edc,STATE_03_DIST_02_PS_03,98b22e3931eb5eac488f143b,escalate,ESCALATE_PRIVACY_SENSITIVE_RECORD,P-2026-05-STEP2-ORACLE,a7611df8db85a2027f8fe21c59bd68acfe724d08f05e581ed21f402188c8f69c,722c57c1dbfc00d389054b609c2cda2cd7a370e6b7045ada49af3564f1ff8551,c783a6b28929c34a9360a7720e779be74dace18b08690c197feb5e73b3b71820,b579c3229774757a1ee59cae6b89483b2e37782d84286b068aeff41263851462,98d921c98040e6b4b7252c8e6bf71f5d5dfc1d65f0edce998069a6e3cad2d4cc,a5d908f82cbccc433a80646c0401e98b6393b54aede936aa68d03477501b46fc,95d97553bbfaad5c003b73d649b6dcc20a6addf0aac3af9ff513c34849f81e1d,ad78ee838c9d5a582b3a6313ad403b92d2e9b636da74eeec9496c50888495edc,HMAC-SHA256-DEMO,AUDIT-2026-05-STEP3
817,4a94fce756a85f86efd1eb65,2026-06-04T12:15:00Z,REQ-000817,eff0953046ce4a5fb1d8ee91,STATE_03_DIST_02_PS_03,681b4f93de08437e40966100,deny,DENY_EXPIRED_APPROVAL_TOKEN,P-2026-05-STEP2-ORACLE,606f728ebecb17fc135831a9c4939ab76fd54d2ca0469e3545ea3bbc8e78c1ee,249abdbc27710031af1e4a6c55cf73401e35d1456be8335edc2c81bdb234c7d5,c76e72a8b6c54858cf17aa2a752aa717d58550f1d622059aa41208a5311f0729,fbd588299a24f0ecdf80d8adea20644eff6e488541d83bec7f281f8086db5196,dc5fe1d1419f5a2592e3a0afcac44003755138abfffe11b94c3f7153dbf9cf9c,95d97553bbfaad5c003b73d649b6dcc20a6addf0aac3af9ff513c34849f81e1d,b1781a37d6c134dbfac0e4fb6fc827041a616048d09030efadd2f446b9af076d,aae39ea056419e74b21eada5472aa38c3cb370454d797b553e5d6b7c775554f4,HMAC-SHA256-DEMO,AUDIT-2026-05-STEP3
818,7fee8e375eb302992f6ba5f1,2026-05-30T23:26:00Z,REQ-000818,5d9a86e9bbd1b3774caee2db,STATE_02_DIST_02_PS_01,619c64e8eee97cc53178c989,deny,DENY_SENSITIVE_UPDATE_WITH_LOW_RANK,P-2026-05-STEP2-ORACLE,fdcb6ca85141e9ba92f3e8bdcd258b7bb7b468dfff3df5941550255dac773e35,af61d1f00a4c3ab528237bf4263bbecbd57b9a56f5887481651dae6a870ea59c,ad8273b5b4c810bce6397339b75c5f7065d86ba69c91977be756f4916b88314b,548dbbcc09055b4ab3b56c4dd82e562708091c6972cd4bb6c54ae6d0194a2d79,396601bed9700fc9cd23116e7448846ea19d4c9bfb6b78a7b5ecdd6f39fafb72,b1781a37d6c134dbfac0e4fb6fc827041a616048d09030efadd2f446b9af076d,336b3bb2bfcd2ca799e883584dbb4402978ec1d28cacc8d8dda0ae9b9258b970,a05d9a0c49527630f536a7a7cd6251712e3d6e6b3128b99fe576294a2b00139b,HMAC-SHA256-DEMO,AUDIT-2026-05-STEP3
819,72f30f6e7fcab4333ef33770,2026-06-02T19:48:00Z,REQ-000819,88db5c4f1341722984d72ca6,STATE_01_DIST_01_PS_03,f8d01d9519981fbe6119c784,escalate,ESCALATE_PRIVACY_SENSITIVE_RECORD,P-2026-05-STEP2-ORACLE,46735496072c40bfd79da226a12741267a6f9644f1a863f313cc500cbb4b4106,7db30b0f203bbf268c5d434a6b07cf3b491066cc88200ce6f4f6f804a84ef02f,f4ca8b25d0a10cd8f7b5742a119648b5f1528c65811452539b1990f48464947b,cb244135daf526b01e26b8a0607f254fc82ca96db28403b69613792d5049fdb6,1160eaf1b57c718de5849ccc8976d5317401d48acb39048d743d2188e79de762,336b3bb2bfcd2ca799e883584dbb4402978ec1d28cacc8d8dda0ae9b9258b970,ae335b0d684ac297b8d7f3bc2e4aec49b40c7d9a0122280631394f5a56567029,12fd8cb42af0c455eda9702854afa60ccf525e86395e7b8c7129707f6f15ca10,HMAC-SHA256-DEMO,AUDIT-2026-05-STEP3
820,ecdf7e3579d86ffbae91b5a8,2026-06-05T02:40:00Z,REQ-000820,733b1499389b250473119b5c,STATE_01_DIST_03_PS_01,77fd029c8d0f86d28ab13758,deny,DENY_APPROVAL_ACTION_WITHOUT_SUPERVISOR_RANK,P-2026-05-STEP2-ORACLE,e7619f39ccfbe2ce9d62125894c800f5149ce843a05a8ffefcb4617b1091f301,440601562682429b84e5bee4bb2cbc1cfadeff9eb1e36be8f110d64ae04a4998,7aff0611005b6632b4f1e343f4a9eac37a1c335072254dbde919240ddfecc112,08c3262eede028d92f2f6e616b9a9acbe2e649df3adc9e233fc262b40db998cb,b69b45d64e94d44a545db99c344ab737139968770517e8bd3fdbf835e4a74867,ae335b0d684ac297b8d7f3bc2e4aec49b40c7d9a0122280631394f5a56567029,bc29c979ffa138b338d4efd13d8e143876772730edb777bbf568e73bb4f309b4,f1aae06eba7499e13841168bc75b4a9ab4c82a289e8478c01cd55adf8367823c,HMAC-SHA256-DEMO,AUDIT-2026-05-STEP3
821,9580141b3c8f8b3c38f583d3,2026-06-05T16:37:00Z,REQ-000821,1df1233ec54fa0732a43c292,STATE_01_DIST_03_PS_02,9ba3222b46677adfe4b27463,escalate,ESCALATE_PRIVACY_SENSITIVE_RECORD,P-2026-05-STEP2-ORACLE,a2644530acc069998e23ca53954aaa353aba09cedba15de4a28ea3460787c9de,92a4602ae931fcff1f84e0e94e898b051e4ad6d48ca33a165a47c5dd9ae0d1d6,2546baa7255272f6c6a69291e0816263b4e46d370c9a027334b24be8e54390f2,95c87b5ee8ba6924da7c8151a249b1763962003b3c113a3cafcac19058af0436,4042ee32d406bcb4de85688691b057e8a2646d9cd45b238fa63b1549edfc8fd6,bc29c979ffa138b338d4efd13d8e143876772730edb777bbf568e73bb4f309b4,6cf0c3e580f386eac17d365c3e6f5cad209b0a03bc3d8b50e0471b5120f6d41d,b06c9543b18fc2e7431565d4e23a88ecb74ec32f8101386cd990ea591aa3df35,HMAC-SHA256-DEMO,AUDIT-2026-05-STEP3
822,4c6ea368735b79b64bdd4844,2026-06-02T20:24:00Z,REQ-000822,c3da23329ac65eb7b3af694c,STATE_03_DIST_01_PS_02,77385b524212abbfb3cdbdf8,deny,DENY_TRAINING_PURPOSE_FOR_SENSITIVE_RECORD,P-2026-05-STEP2-ORACLE,70eb1658833844f6176eb5deb8934228505a00f8bf8bcfb466778dcddd32af3a,82988fb12dddb1b9d188e77142a53f623f567ba7a4eaa923186d2a133cbe20c1,6695a615ba5a713d65c08be5d7eb8dd650841a605ced55105a65153b9586a3ec,98f5185bf58b9d034512f767658f96d991896aabbbcbc60e6c25a04d66b13f42,10e02a45cfdce873ed487debd60dfe996251f12b077e41cf5de8e5be434af04c,6cf0c3e580f386eac17d365c3e6f5cad209b0a03bc3d8b50e0471b5120f6d41d,1de3d0133c3e404a264e9dde2b400827bdf9bce1f3add798ab9db9a38572c1cf,5ffab320a1f2647a0cc10ad508d60674f44d33ec9f77672c19c374611f5f64a8,HMAC-SHA256-DEMO,AUDIT-2026-05-STEP3
823,8d9ad95cdf2471d01780c705,2026-05-30T10:18:00Z,REQ-000823,b9583c7e99cc3289ea585d73,STATE_02_DIST_02_PS_03,8b7b39325ff9b7c2d5920e98,deny,DENY_STALE_CASE_ASSIGNMENT,P-2026-05-STEP2-ORACLE,1eba36a56718293604a0d23351cde662b6dd104ae80952c9bb778c6a168ee9d7,868f0e0920dab0fbab4536b3692880d9ed457507084e488d9607e506cac6881c,18bb0ad559a04d3fb4c5bbc1ccb551c1bb20d08aa4581f829cfb3a634cae8b75,56dab95253e2f0bdc55e5e0d62b6aec7ad1a85a9da48a0a031e69e027b9fc18b,fd4673dcb5c217e4083d3b04e0838a17c9c1e431c0b7585b6fb08dc612544f31,1de3d0133c3e404a264e9dde2b400827bdf9bce1f3add798ab9db9a38572c1cf,11483265e074fe8fdcf6af914aefff305c42677f5f17e154dfd8546707e10942,7fe70474d171513057786219c665f74221c4073788e2cb57883e1d99cab89410,HMAC-SHA256-DEMO,AUDIT-2026-05-STEP3
824,0e5596c1ca97bb3ab5d595a8,2026-06-02T20:48:00Z,REQ-000824,7eb01572e4f979827683d0ca,STATE_03_DIST_04_PS_03,198325ea87b957803b3bf480,escalate,ESCALATE_PRIVACY_SENSITIVE_RECORD,P-2026-05-STEP2-ORACLE,207e611d1003d12f4e9a5f449b02deea5654c83e4d535edb238f31a6efc39383,2ccca0fb55e329ecf43ccb014ac122f6a43b23ac6a25a2b99a7480cceaab4e02,0cc52cecafd6b6152cd5ed8f9f2d5b041800c4facc7d8f7a97b012d94475ee31,9c95f5db38437d84657f45ca46d274b8c8e6fbcabe03510a27ad21b1075badcd,22f5886213d01d66b5d5d0016cd1b16290e5be973b51765e215d44ae09cc39f9,11483265e074fe8fdcf6af914aefff305c42677f5f17e154dfd8546707e10942,998672047115c3b5c8495a13a027ce9f1137ebb3e0e2fa589f1164f4f760d184,02667557f58c539d3a3b4a8b6f8d078246090a686b7b31587825713e7ea4eac1,HMAC-SHA256-DEMO,AUDIT-2026-05-STEP3
825,33ec99e75fb84f13e655964f,2026-06-05T17:45:00Z,REQ-000825,5d9a86e9bbd1b3774caee2db,STATE_02_DIST_02_PS_01,e8304b66b0ffff3d75b72fb2,escalate,ESCALATE_CONTEXTUAL_REVIEW_REQUIRED,P-2026-05-STEP2-ORACLE,540fcad88605b0ceae6548599c7233a8dc83f1e236e0484b70b4efb734de287a,52a442bf740e0a802dcbc6aee4aca0480fd7967df64fdb6f81dc2ebfeeb607ea,a16e2094c7fc1fbf59620e2345fd6dc587693e559ca7a192d19f74d76f4835d5,f78ac6d77030772a394c49ae2d46e7494e0ca74389140ddbac23dc8ddf7f293f,3436b9ac32a7c24d505b073bfea6752e7d92ee38964bcdbd69ecb821315d7197,998672047115c3b5c8495a13a027ce9f1137ebb3e0e2fa589f1164f4f760d184,02b99201fc944923a5f2656acfaa935433c0ebab3ec3ff55b934e3cc99244ec0,c50d1a7749a9604502d8753944e6b8f53f4c50ab767541b09185bd509e8fc327,HMAC-SHA256-DEMO,AUDIT-2026-05-STEP3
826,630ab48b763fc7ba65f487d7,2026-06-05T04:16:00Z,REQ-000826,02df4864bc93f0037e94de95,STATE_03_DIST_01_PS_02,7a1c1d8011a25f728528d611,deny,DENY_STALE_CASE_ASSIGNMENT,P-2026-05-STEP2-ORACLE,3bf122f45d57ee05b8303a7e5a365d8e23d1c99f8c942a8bb149d8d8918bca8f,e10748bd2857d9b0676872efc285bf7f74b4fe5bc29ef466c5977e8d4e01d060,4494781743957da395df53e41f271d70ac5efae244e237da9002a925ca97a21a,4ef73223311759842f16f885cc74c70cd77c7dfcfafb558810fd45a12313e5c8,a2c1f3e71fc256c84796c28757b0ef32b4f6576c9fb36039aeb11aa139e2f8ad,02b99201fc944923a5f2656acfaa935433c0ebab3ec3ff55b934e3cc99244ec0,07d77e6210fa20bf9169c107ad666b39851e5d9a66ce346222a008c108c94b4e,2943be99c14d8e3b05a6a32c1708497a04a65ac723aeec8144404059a438a8db,HMAC-SHA256-DEMO,AUDIT-2026-05-STEP3
827,6cf52325c28df7cdf8a0bfa5,2026-05-28T03:34:00Z,REQ-000827,bb454708489db5641c11f4b0,STATE_01_DIST_02_PS_02,b2fe1d7e7f491d2222d662d6,deny,DENY_STALE_CASE_ASSIGNMENT,P-2026-05-STEP2-ORACLE,4c325aa815ed431f966f8372d2a0bc129568960df515f563f0db1459457ccc6a,f2b24dcd28cd1aeb3efb8e875f7de717ab83e2caf6f8c06cd00ec76a5202fc8c,aea6ab96e55556affd8d24ceb34ca4400bf349383afe514e5ae07504e975e932,4d46c756d2ebc035002ffcce6730361fd7263fc19b9b0331b4303e248c9fc7f1,f750cb29003abd143bc78aed808d52ffb6b3155022e4b35cd4af614ba5a93640,07d77e6210fa20bf9169c107ad666b39851e5d9a66ce346222a008c108c94b4e,99decc54240be3fa1aea62e76ac915eed0244b7490c35558070bc0ff048f5550,7ce8c268d0ac6d57da669a7d6b1910b319178d9c99bbd147ab0f6cb300b3b8b0,HMAC-SHA256-DEMO,AUDIT-2026-05-STEP3
828,2666a858dd2e8241819bd88a,2026-06-02T21:36:00Z,REQ-000828,426f43bdc9c73b5f3d8480a4,STATE_01_DIST_02_PS_02,7582da5fbf1d280dcf845424,escalate,ESCALATE_PRIVACY_SENSITIVE_RECORD,P-2026-05-STEP2-ORACLE,6516949cb88bf972a5204c978b53bed50bf0dd2b9a04233d768a8bd3ecc929c0,4bc866fdc4e83744fd4dbd2b971bc478b7dd07d1f813bef43e71836975428a7e,80b182bd36d8d0608a6dc4fa4edc331df03dd43aa9dcd6140212ceb702981a68,f202e7b8f673cfca09e6bcbeef9e857f4fd52533e86c32fa0a1e7639ac056742,90651e6d6f1c52e40d879ebb54cad106c16027eda69e63bd5bf6d886e05d4528,99decc54240be3fa1aea62e76ac915eed0244b7490c35558070bc0ff048f5550,23215db77d0ff1a1776d076e42d1bb2edb1935e59f8134bf364591060b01eef3,f11730e08b830edf84c7548cefbe7784d417d32779f0e5a527b87ede65ffdd14,HMAC-SHA256-DEMO,AUDIT-2026-05-STEP3
829,61886fea622fba19149981c4,2026-06-01T18:10:00Z,REQ-000829,6d2396ea39d60a2c9554602a,STATE_02_DIST_04_PS_01,aa4f11dd4800719359ec7aa1,deny,DENY_INACTIVE_CREDENTIAL,P-2026-05-STEP2-ORACLE,bec15beb32c7fde2d5f39695ef45bf4e73740612b2204a27b70f232b6b7b7984,4dfe1e7e2a439b89db8a59e3222832bf13602a86e7988e4158797de1c806d137,57766fabbc8fcd70d8337ac515ef023697aab8fc12d23849c39ca548e51a8795,ff8e16e3550d6c73c05fedf343f3b803070a87cbbcf5c222d95f5fa33ae77176,02ce380abc4ecf0a6e31a40ac5f17bdc77e0fccb3174a51bd9190d20e8f5fa7e,23215db77d0ff1a1776d076e42d1bb2edb1935e59f8134bf364591060b01eef3,bcd61a049c6e390435828753fde263d159ae611e4e0a728fb8fbadf0a17dfc23,17b764c7ff6364a86d120e994d19ad65175cd611ca4ef6826addc9a7749961ad,HMAC-SHA256-DEMO,AUDIT-2026-05-STEP3
830,5f30305730aaa85614e4d438,2026-05-31T14:40:00Z,REQ-000830,e432fb8e9e7dd060765bcd20,STATE_02_DIST_01_PS_02,19f9edd30f8406ca598631a4,escalate,ESCALATE_PRIVACY_SENSITIVE_RECORD,P-2026-05-STEP2-ORACLE,fb41fe6e51b63637b88aa540d90b3d4810c813ddaa4d34bf0df0dc4e5482e87f,eff084d11c6c063ff6e15f0e0a8893abad49e789f6599316606ed51764b6339e,cf56ec0d9322c09409ea04ee2212b14e779d5a500dadf17ea97fccc31b4452b7,d28921e3164d8471787119c2a8b490adacecc0bdc35c2d04986faae4a5c68145,4acfb020c91d945dede5100ac8be7b7f01ef12b88be5da51c6dd22a56455937f,bcd61a049c6e390435828753fde263d159ae611e4e0a728fb8fbadf0a17dfc23,03d928c41ad39f6541160da00ebf38839ddf9379a0474e99609f9f1f9c24d014,87d6e88efa74e5ccbafd3b50445575aacf38f0e7a3e9172f24bdc4e9c20d7ee0,HMAC-SHA256-DEMO,AUDIT-2026-05-STEP3
831,e0ea78a51f8c8d1d841743c2,2026-05-28T03:42:00Z,REQ-000831,316e4edba94c2b3868db8ac7,STATE_01_DIST_04_PS_01,3cb075189a11cbfaeb6ef8ac,escalate,ESCALATE_PRIVACY_SENSITIVE_RECORD,P-2026-05-STEP2-ORACLE,436b035d9eda55141ebd13e403d5be1f8b328df71afa8ed4abb207e11d7a1c35,9c3ac1596f731c3454d7b5e3a6e7e98f21c696cc2cff1d493bb7976ba8f3b550,b101309bbad2033a3a2f23a86cce7280ea740f336e07d2403547cc85bf939831,5139b5bf4336e1297251fce46ac94c7f0f9505ba6e2e8d6b6d47975650ab1d38,f429efce5a48daa562e177037e34b9ffc1a6ab7ea5a8a76d4814dd0d98e530d9,03d928c41ad39f6541160da00ebf38839ddf9379a0474e99609f9f1f9c24d014,a144f17ccfc3ca68b2c0fe41e73f25538de70e56df9f1305e697a4b37b05dbac,5784737cc0efa17798e7fd2863beaef8390acf81ad7495330c7a063753a383df,HMAC-SHA256-DEMO,AUDIT-2026-05-STEP3
832,dfef38e9b548d9196051a6fc,2026-05-31T14:56:00Z,REQ-000832,4718492e22f05239e76383dd,STATE_02_DIST_02_PS_01,8e67f9c2d6007f18c8de9209,deny,DENY_APPROVAL_ACTION_WITHOUT_SUPERVISOR_RANK,P-2026-05-STEP2-ORACLE,fa4027006b84456d41daaaf267698b3aca98d1cafb1ba74da2cf28d1e3e80fc8,41999b83d33feeb897ac57bcca2de819ee6b588a2266f5f050f78605526273a4,f36938f88cf25c93f22815095c1810fb782bb54a84bccd6c170a4a730134d531,81ddd300c3f47763a72f1b1523ad02d92276cf6a942b20af7f24eef13c02b415,2fa40b1569205094b17b3c6891018186c441cd00f0a1b8606d74e5a9be7334d1,a144f17ccfc3ca68b2c0fe41e73f25538de70e56df9f1305e697a4b37b05dbac,c92eaf58cf44b42f11ad58c4d329d726f26bf5eaab4c58dc490a35953c1b14f1,74347be114acfb5aced06b9fb15dc5b54a1e5db7d38360de7073eb438d949bc6,HMAC-SHA256-DEMO,AUDIT-2026-05-STEP3
833,9f04433ace0ec36623cc01f2,2026-06-04T02:22:00Z,REQ-000833,4857d6398585bfa5b41baddd,STATE_02_DIST_04_PS_03,13e3a7ec6adf6a6efb5970ef,escalate,ESCALATE_PRIVACY_SENSITIVE_RECORD,P-2026-05-STEP2-ORACLE,ec38f8bd11eba88d72bc1632b0b04cfcf4d36ae4a80aa809fd9d016229a26b52,03bf0c3a844e33ff8116e1c5324905d6b9e16bc7670400b5e02bacde16b2f87e,fcf5a463a7abe9be225af03caec12928ff5b4569c886b3f8891c808a151aca0a,ee0fa2abbe1bf875cec2f04e190a83391cb54f00043114ed72ec07407359e425,025dc5ae9b71ea4de2a52ad059d42a6cb5ec74d9d6e32f41c0f33a8559459377,c92eaf58cf44b42f11ad58c4d329d726f26bf5eaab4c58dc490a35953c1b14f1,0f3b4dfc5792c58b89fc63bc8a25ebd46086a2df6accbc577b3663e5091490bb,7d28c9fe38f0af9897518c36697407ada313827aec14e42e4cefdb676e055f28,HMAC-SHA256-DEMO,AUDIT-2026-05-STEP3
834,ebf6e0297715deec7813c686,2026-06-03T12:42:00Z,REQ-000834,0de9124a7d38c17a328e4497,STATE_03_DIST_04_PS_03,c41b67b4eb7eaeb0d8a6bb62,escalate,ESCALATE_SEALED_RECORD_REVIEW_REQUIRED,P-2026-05-STEP2-ORACLE,e76a04a241c8232c42a722c5993a7dbf84dc1916e441ce194f0654a2bd8e2e36,71f2b40841d20eeb0c35587b0a68816f1944e2cb41d3f826274315fafddcc58a,2f40cdf8e0bbbc344b67d66ba4b3a0f37ed2a0360eee07ba0b88c1a40b41030a,4cc0a2e2feedb1916f86ed03b323c1662ced451059ec6992e236fcad5432001d,35fe4871b53af62f85e5b79df0c56a71d15de8113348537a74c79b412051e1c8,0f3b4dfc5792c58b89fc63bc8a25ebd46086a2df6accbc577b3663e5091490bb,b8e6f84dbdc184bf266c23ddd5721780c2edf3ed9c90c7200f30c9bfa93c4476,bc732909b04c1d7489c78d80b4ce2c88c6dc464d46e4dc1b9916a8a96f8473cb,HMAC-SHA256-DEMO,AUDIT-2026-05-STEP3
835,521ca7c6541d6a417782d6ab,2026-06-02T09:05:00Z,REQ-000835,1e6c5e762b98d4b3d94fa258,STATE_03_DIST_02_PS_03,804f341ba0075b398eb34543,deny,DENY_STALE_CASE_ASSIGNMENT,P-2026-05-STEP2-ORACLE,62b73479539afd5ea15f0953420360ec661b9d73170cabf0fef95ceea473a2b7,382688bd3f4f958aa643250ad6edffc6ebeda2c596dddb20830ced769038b2d6,d1beb043b778e3034a37dba44a8d9c173f548db82428a3fe4e4ea9e417febff8,7f8602efe7748e452f06ff6cb81ef7690a33b5e58f9f704dc0b94f5fdf079e35,92d028d9194a82455a65c3b65177c5780d9d7f23c5bf0b049150b1f32e17f48f,b8e6f84dbdc184bf266c23ddd5721780c2edf3ed9c90c7200f30c9bfa93c4476,ad4f3e7618c03bd80dd77c9ff58cb04ca5156cd2c3b4a069018f00ca4f04193c,522f8ad82473db84c3fed1c12245ccb5f0a9c9fb49e3a6fe7f77b5546362849c,HMAC-SHA256-DEMO,AUDIT-2026-05-STEP3
836,d8ccad9e55086aaa53467ea0,2026-05-30T11:36:00Z,REQ-000836,47e9daa6a9eddbbbae1d0bd7,STATE_01_DIST_03_PS_01,8e67f9c2d6007f18c8de9209,deny,DENY_SEALED_RECORD_WITHOUT_COURT_CONTEXT,P-2026-05-STEP2-ORACLE,34e9ed06c60a196f6545d031b406db8670e034d3b45ddc9684be1b615663b7d7,df948fc60598782030eb47f404814000371d47ba43b1c0345c85c21b23e5628e,47d2545edc93179ea6dd3c59f9b2d0181417b05855b386353b0f7af9b21454ac,fb0f20d196067e34ce1667ff2f09856e54b55b4915fdd265df4072d87448a2d4,10fbb5136db68f7c4b965fc168fd829871dffbfbe52da9e9c30e50cd7e7fc9fe,ad4f3e7618c03bd80dd77c9ff58cb04ca5156cd2c3b4a069018f00ca4f04193c,a603cad466677e9a696805e6b0b42ba33ca6e104f126725b454d0605e8d5d282,a3b80a02c1897bab1b0df15ff76ea155110b54d76b55a5a42cba387c3111e33b,HMAC-SHA256-DEMO,AUDIT-2026-05-STEP3
837,8b9ab30278cfc953e613f4b0,2026-05-30T11:42:00Z,REQ-000837,5f299dc3f248e4c74232aab4,STATE_03_DIST_03_PS_01,483d8e368e0abb9247f9bc72,deny,DENY_SEALED_RECORD_WITHOUT_COURT_CONTEXT,P-2026-05-STEP2-ORACLE,cc6f9c1b94f2bc666791725a3ab51ae221c0b17ff818627c8428a65280773d4b,aacbbaa02024ffd6f13f237b3758912952979cf5aef9fd82078151ae64a09b7f,a717f462124172b003c6aa7cbe6bb457ce2f93b20f0b33b703bf614d54d4fb51,5eb27692eb085e5ade7bd929f6a4e74c02bc93486fa8746ab9a34407888995a9,f9a5a2f5a502e1e1a8d8c5dbb3d259c97f4b7951a064a5eeb8146831fc7b0810,a603cad466677e9a696805e6b0b42ba33ca6e104f126725b454d0605e8d5d282,2fa718078fdff7dae2ad76b500fe1dad5e1eed5fd2176de62a5576fd2d257719,4bf2180aeb966aa8cd93e0d513caffdaeecca4ce026c2697ce2baccbc3ec244d,HMAC-SHA256-DEMO,AUDIT-2026-05-STEP3
838,c0a94d8245de77c80ab90c81,2026-06-02T23:36:00Z,REQ-000838,2747b4371f8a7719020e45ce,STATE_01_DIST_01_PS_02,87b096587a2f7133a6e4ac06,allow,ALLOW_ROUTINE_CONTEXTUAL_ACCESS,P-2026-05-STEP2-ORACLE,3e26b1e05a5c7f0b2dd12428713534cee2e1ee07464c402f15b6f97ee8a0d9ea,f56790fb29fe106ea033d66c385637676f0b8c6f674b851923e203aad112f47f,d6e83030ad60de849a07c557759c14b6110802e6c9ff0c7cef691bb4fbe049db,27ad28ef4a96b9e3f27391658f23adc5907945331b062f463aa0420765ca3f7c,7372671016c4a5e01df646e43053c3fb0f57a616d79cdf8db9d5b639ad5bdbba,2fa718078fdff7dae2ad76b500fe1dad5e1eed5fd2176de62a5576fd2d257719,64c9b9f16a703f74eb0e9af723df1e756c438aa5300f37d90099e87b031cfd4f,d8a5dc4a1897c9dd57b2ab7cf094e7fc4864d613bee376625affb8907154fc7b,HMAC-SHA256-DEMO,AUDIT-2026-05-STEP3
839,329e6732a0499f12cdef55c6,2026-05-29T07:56:00Z,REQ-000839,f04272809174dac17c3936fd,STATE_03_DIST_03_PS_01,7a1c1d8011a25f728528d611,escalate,ESCALATE_EMERGENCY_REVIEW_REQUIRED,P-2026-05-STEP2-ORACLE,883b1672829686aa3854dda42a8a7c54c68fa93bd1616f2d5e4eb7bc1ba2093c,25e911a79b63020ec6dc7488decb722573cd8ca1bee6511ea67d17268ce06f2b,90e8d649a302b3db8e9e44654cee5e05329955b181a4102d5e11f21d984ba3bf,4f71aa7a8a5599a4691b0f8e85b830ac89993eb1ac49f8444348890781fb3531,589f02916ef74ae8ca59a1c0f7210f3c8d607749a8a6b1e1acb3b13a4ffa4b29,64c9b9f16a703f74eb0e9af723df1e756c438aa5300f37d90099e87b031cfd4f,69074173e91ff34766ae4dbf3ebaa70a940c333474a209601148e8079d162875,b7447a05d772ebba83abb84b6bb7a345919d9250456bb0cbe66d047941215608,HMAC-SHA256-DEMO,AUDIT-2026-05-STEP3
840,4ec279e8b73af8f67646c184,2026-06-01T20:00:00Z,REQ-000840,cac9c828654d5e683b80f1e7,STATE_03_DIST_02_PS_02,a1510bb661687b3ca975e3a9,deny,DENY_EXPIRED_APPROVAL_TOKEN,P-2026-05-STEP2-ORACLE,773c0af81544d8dccf0e29ac9831ae451b948c7fc796ba86f36fc01802dbe0af,6dcd22f728e54134f7f07ebbe2f6317d6998e0d5b3a9727a6f9c574760a5f4bf,3ebe30949dc1e2819cde15b35527a723417275afaec488c8d9a9afec82b2e160,a25c368c39374d71d6689c570fc145379370340a27752b4b490f7a5e491f4e7a,d3de71dbb094e89a8c0b77526ca8eda5c1ce275b30691d031c9b4753db4f741f,69074173e91ff34766ae4dbf3ebaa70a940c333474a209601148e8079d162875,fe12cf2c8a846b286f6f175c368cdd116f077e97c8efd9e8c73809cd0bc08833,25267f7fd63cd53a3355a91b4b19562055683edbc217ab2714913e93716f9ee9,HMAC-SHA256-DEMO,AUDIT-2026-05-STEP3
841,c0fa84b5624025cb7c3e62eb,2026-06-05T22:17:00Z,REQ-000841,e246494264abad2f32845507,STATE_01_DIST_03_PS_02,3681056168083735834ca5ed,escalate,ESCALATE_PRIVACY_SENSITIVE_RECORD,P-2026-05-STEP2-ORACLE,dd880c7352a157b48c2684b6b43faab903c06223e03171b25a7a793673717186,52569e935d67695c6fadd4ed9b30a6d0f4181640a2ad67993bbe2272327d9755,e61ca0bc1f606dc48a269cfe4d1d078881ee316dcd068dbae46c3823edbde2ac,f09d65d2ffb3a84e6b0a678f3d6c58ff43cbafc6373f17739d0735ad2426cac7,bed3dd3947d9dbcd4a2acde7876e99ea9790b6db59841b9d857c963507741feb,fe12cf2c8a846b286f6f175c368cdd116f077e97c8efd9e8c73809cd0bc08833,238f4a446dad6df914d4dde2bef9a21116f933f53cda93d198905855c01a5af9,4286b31b431445f06968c42534003a50032d38d32b753350c12758f450df9954,HMAC-SHA256-DEMO,AUDIT-2026-05-STEP3
842,cd59702ffbd6dac48fc05c57,2026-05-29T08:08:00Z,REQ-000842,5f299dc3f248e4c74232aab4,STATE_03_DIST_03_PS_01,40a93b7fe5ff4f44c4bca7cd,escalate,ESCALATE_PRIVACY_SENSITIVE_RECORD,P-2026-05-STEP2-ORACLE,4ac40064d095dd949be48cd2c2efdaa64fce7d7e058e41b3263b7e92be978350,7d32e4866e457cc17f8422ea6182e3b01647d6dd9366cc9a55d5bfb5d84e61ff,ec197fb5142f1fefbaf1382281d940e96fbb87c46b2882a0a44a48f9e6b094a2,97a16b3f18c280e8fcf0fa60c95811b0d1bf466411cca9e8a2c789779cf33ab0,e28251820905d46d2c930e9844defacd3169b75eea9e6aeb2176e8b176e21b5b,238f4a446dad6df914d4dde2bef9a21116f933f53cda93d198905855c01a5af9,3412f8368485eacc50dbb9e14a1831d8e45a92c6dfb6b8ec18a31858858e3f70,d0fc3507dd9696a854db629ece177e1bc9145d689a8616972fe0abaf6610ccb3,HMAC-SHA256-DEMO,AUDIT-2026-05-STEP3
843,70c4111585c9051202145f71,2026-05-29T08:12:00Z,REQ-000843,17c3357ea795f04352db1db0,STATE_03_DIST_04_PS_01,570eb7fa38bcf5f5722f7399,deny,DENY_SEALED_RECORD_WITHOUT_COURT_CONTEXT,P-2026-05-STEP2-ORACLE,134fe190d61dd1eee4fbcaf7b430c1ab87abd82194e7d62d9984437ebe6e1a6a,5e4f96df532634fb515aeb7a4049cd0a9583ad1ab5339dc3923bb058365fe74a,5444b4b91e5992adf6d9ff0725a02b0d85da73636cde3e3bc0996721101ef5eb,ca3c984db8b636996940483e131ea477e0e8f0a76ea9c95cb23a556513fa3b5d,1ed46fc3d87bf3535f0634db10c4b2f354b6e1a0e8cf007dc004d9f378047ab9,3412f8368485eacc50dbb9e14a1831d8e45a92c6dfb6b8ec18a31858858e3f70,8955f93a01f15f8221a9125bea2f3064ba1b5e2306311cbc9c0984c87ac62e03,1cd392ac65e97a07639554d81b7b1899a4d862bc7ef97e78fa06f537b33e13ac,HMAC-SHA256-DEMO,AUDIT-2026-05-STEP3
844,51c0d940b3c8240ea8b242e5,2026-06-04T04:56:00Z,REQ-000844,b9583c7e99cc3289ea585d73,STATE_02_DIST_02_PS_03,0c1424411003da95fbf32b97,escalate,ESCALATE_PRIVACY_SENSITIVE_RECORD,P-2026-05-STEP2-ORACLE,07816568e0265edf122dbc68f3e11e944c2eb5308f1a978de9d2e4879e7da43f,2d0cc400e09034b58abefb6414c797da463e3b6b3a174a99d6beb869736b432b,d6f483a070fc3cb60faea94d00feb7075bc4e7b744021d61e849d85c9c850613,0563af7e85c56cb7d68b8e8d1fc8de91960c78278965959211eccc0a9512239f,a2e2699b97553fcde50142db9b5ffcbca3b1614d572981ace121c441cd223640,8955f93a01f15f8221a9125bea2f3064ba1b5e2306311cbc9c0984c87ac62e03,702286564c4d45a05eeffb518339a33efac4bc12b11e27109f492b8e7a590d6c,9e1009567524f92b6f9b63d09e97777768044449f0743e0a5e6a8343f48f1da8,HMAC-SHA256-DEMO,AUDIT-2026-05-STEP3
845,1f79917ce917aa718afd074b,2026-06-01T20:50:00Z,REQ-000845,0333fdd2d35c528a38a1dbe4,STATE_02_DIST_04_PS_03,27a2461445cecdd70ffd515e,escalate,ESCALATE_CROSS_JURISDICTION_SENSITIVE_RECORD,P-2026-05-STEP2-ORACLE,74be45090a82500ef53efd8731de2250bbcfcee7c214cc45319158717799cbf4,122a44d6ccb000ff9f730aa79cd3e10bab53de9ce2035842fb2ca631eb674b3a,ff2db18b2cc483cd0d308e5ebef12e4815f1acef422389bacc384b4d5dc291cb,b42f8af51c358c6df65a70327244b7b3251472e85f1d133abff385811739ee3c,d84cc893203d0c1b1141744ee1519245adc173b1d62ac25f837300fe1ee7c7e8,702286564c4d45a05eeffb518339a33efac4bc12b11e27109f492b8e7a590d6c,d46d5a466b3b3ddca73c2cfa97b4f386d2dacf99ff207de1cc93e659cce8c960,84d01b4eab2fb48c36af9e4b0db932fdd71824f7860c183e694a78753ec915d5,HMAC-SHA256-DEMO,AUDIT-2026-05-STEP3
846,53b3451881ae8d406443c891,2026-06-01T06:54:00Z,REQ-000846,1dfcf9ccdf6fab5303a9e921,STATE_02_DIST_02_PS_03,7421d676dad537501affa1f2,allow,ALLOW_ROUTINE_CONTEXTUAL_ACCESS,P-2026-05-STEP2-ORACLE,3694d67bcafaa60251abffb383a8a4f91fff408292e8b5993cfb512ae95b1037,df67c262854a161b5335a285d4009739b8f01365008b1df56c0d746452a1e252,571eaa244de8a654fdb0506928ff7a0cd41778c8d754c9f09bd359b37fd07a3f,d3f55628493b1c476462a90f76035e01376602feb9d5f1ac89d9f208cb47df00,fe043a87eb9518e20ce689113cfab14795eed3cd803cbf9b8bdb07306bbd28dd,d46d5a466b3b3ddca73c2cfa97b4f386d2dacf99ff207de1cc93e659cce8c960,83e5ec233a96327baf5d73aa8f239eab1478cb9a04bdf9a27253a8edc1085ead,6407529d5111c4eeabb9a600bbf9b63dd27aa0aa12f4f72bca5095c52d5e245c,HMAC-SHA256-DEMO,AUDIT-2026-05-STEP3
847,6cd9c8ed4268714671872841,2026-06-05T23:59:00Z,REQ-000847,3d428018fa91d9e32fcf8296,STATE_03_DIST_03_PS_03,a677cce772515d48d3a1528e,deny,DENY_EXPIRED_APPROVAL_TOKEN,P-2026-05-STEP2-ORACLE,8c292db9af687fce50aa5d9fd64d2b97ff9cdd990bad98ee09a43f9de2fd40ca,8daeefc58e97fbab21613a62962eeb633ddae527cd12544a2dc4f7aa1d80a4b6,aaa6d19b61ee277c99f97e7b163867ba02d06ebf2ccb94b27ddbf63c9a355720,90a28663ae640ab2c0712b0764a43d31a5bc9ad1ae049520aa6cb9219f464745,c37713bed0ee527da5f85d997a4d403299d05480f850da09b25b060986f70eb1,83e5ec233a96327baf5d73aa8f239eab1478cb9a04bdf9a27253a8edc1085ead,526ecbfcab7e784c24b71ec692ddc55444a456c7a86c405febf7371840230c6b,3a9948d778db0a783bb952877e72d49b6adee1eb268086674ae31b0abe372c60,HMAC-SHA256-DEMO,AUDIT-2026-05-STEP3
848,b1abd728c0333c459bb89562,2026-06-03T01:36:00Z,REQ-000848,1f0d6f8c17d7221984909f27,STATE_01_DIST_04_PS_03,175d5a935eeacb3276aa0ab5,allow,ALLOW_ROUTINE_CONTEXTUAL_ACCESS,P-2026-05-STEP2-ORACLE,5fde9cb0cd0a181d554ef1767e0633010bd1ad2ec0c87b252fc26a5d681908fe,0180e3f8e1baadcaa52dcf27084a64316aa1a2f0d3e1f303e978a5617755d3f0,5b72122f5d772a0421951e3f52f254e5a29260b55bcd35e0e8b6b2778c9cacc1,b7e659ffce189033b0b35c63218701d38d8066dea1c2b04c5d970e813fbe85c1,f1356562244f3fa400d1e07d68fce0f6f4800489e23e6603ac0feec612286c30,526ecbfcab7e784c24b71ec692ddc55444a456c7a86c405febf7371840230c6b,e9260a57af8c4302ddb1354e91962ffd006974b5ced5498e52c368f714973a2f,92faab52ffff966ebe981fc82650bfbe947eaa611e8ce10bf33eee1459b49539,HMAC-SHA256-DEMO,AUDIT-2026-05-STEP3
849,a2c5d7cf13475719b1df91c8,2026-06-03T15:57:00Z,REQ-000849,3d55943653d0579351b1bb1c,STATE_03_DIST_03_PS_01,f7151781855b8ca96dc2f997,allow,ALLOW_ROUTINE_CONTEXTUAL_ACCESS,P-2026-05-STEP2-ORACLE,b235603baff63b9ea0e5a2169b5ef0540ef09d67a4fc1539d76e0013a7320b73,25b9a92144a6cab815fdfc0096097b9b2fdff1ee6ebc75fa3d58d72dde6b490c,70dd30911547008520714fb0f28cba053fe06641e234958d64294309ba8662d4,2ce3ca65e5ad46e6e9e5a7e3d74e57c12c8091c28aed5980d37084e4fb4fd491,81047c9f3f51f76ee60f74af3302f19867f28a1784b2c693519eab182d35fa01,e9260a57af8c4302ddb1354e91962ffd006974b5ced5498e52c368f714973a2f,b58f7ebff5ab8b6b126c784e663c9d7919b5e700d812af99ecb751039da7d52e,e43f2d5610c01825ab92de19e8177a459d38591a9f70a179ec6787b5708ff92b,HMAC-SHA256-DEMO,AUDIT-2026-05-STEP3
850,3ef6e9d2de4d38497513ebc4,2026-05-31T03:10:00Z,REQ-000850,73518b37a439a4d90b18903d,STATE_02_DIST_01_PS_01,77d1ee9376ed628449b877ee,deny,DENY_INACTIVE_CREDENTIAL,P-2026-05-STEP2-ORACLE,ecc66842ad67ddd96e75684da3ebd6c64e831124e00d580882c9bf3e80e0b8ae,17c7424390a9bf53a88ed9e635fb980c49459a4bec2604633e6732f099f4bf59,a5653d8f1c749a12b8aa84bf65cbe7cf5c7be1542e74527a01d74e57ac0b9148,9d30c066fe3cffdcf6eb8da057ce6e13778be79a24f1e1268e512edf5826799b,76360b8d02cd0b6df60f7cdd61cf9e24b7d9b8b81208eb679bbfa58292a4342c,b58f7ebff5ab8b6b126c784e663c9d7919b5e700d812af99ecb751039da7d52e,5fa5dee44d899b70fbb6fc1a840881fec967dd8ec5d1cfa5e01a7b7aa07e71de,04876a9716a8408339cd9401b65094316009e3319b9bc0618e9950a1575e6872,HMAC-SHA256-DEMO,AUDIT-2026-05-STEP3
851,3b55426b4ba4cde959c35f17,2026-05-29T08:44:00Z,REQ-000851,cd7bb6b37a4bf493a6fadfea,STATE_01_DIST_01_PS_02,eb98737f534a00bfebfcce9c,escalate,ESCALATE_PRIVACY_SENSITIVE_RECORD,P-2026-05-STEP2-ORACLE,f83939282780951fb4167aacab9aa22ac558fbac031998eec8ea991da5d9c7dc,e201e74e4e8e1f186b2f1f32676f0cb8a47a33414ec4827c5900f9a744cccbe2,004f52beee20bbf120fe39b4ae3a76e48c671243cea49261250ed3e12fa70f1c,b11e4a8eacee59d859b3d397258556c0c936131b0cdd605176d60f97ab43fead,fd9d18734976d03c63a8130ecb5d755a5f6f2371baff3523b376cb4fb93f1afe,5fa5dee44d899b70fbb6fc1a840881fec967dd8ec5d1cfa5e01a7b7aa07e71de,2aa74ee5b3ec75848ff8258dbdf5394bab2b0fb45ec3ef659a78a67ffc21cdac,f9d5f9ec20d98d89ed87e6ac5e2e1b1f485b55540b1989f7ed71ce2e8c4127f1,HMAC-SHA256-DEMO,AUDIT-2026-05-STEP3
852,7c1d536f469188edf6fdefcb,2026-05-28T04:24:00Z,REQ-000852,a7db164c4af844793a01db35,STATE_02_DIST_01_PS_03,f2092b03763bf8212c814d3f,allow,ALLOW_ROUTINE_CONTEXTUAL_ACCESS,P-2026-05-STEP2-ORACLE,14f2b527efbcba2b01eb695235bc780f364858b61c29e3cd034dc03348aca528,579d85feed692f83cc56d78f5d5d5b77a0450f7e0d237e37c14c1a300f560558,efbf313be02f75e1080ff465c53a5c2510e4ce2833969e11ad7b0c111dfebe7b,a63e4562bad4e636df8ea8b3d4104f0ce0267d3e5607517eda97c3b5b54b816e,b155d16afe375e5df5fb12acbe8859673b64b8966f4e6ac0c8da3292b829233c,2aa74ee5b3ec75848ff8258dbdf5394bab2b0fb45ec3ef659a78a67ffc21cdac,61498e884e3214c409fe5e40229b24aa5e4d7046b63be1a617eb29c05cbc6167,32761e8de29d2a80955c2287518e62317f3c5e60dc850c484dc0029f270ca147,HMAC-SHA256-DEMO,AUDIT-2026-05-STEP3
853,9bd8587d17c8b0c418f0fd96,2026-06-01T22:10:00Z,REQ-000853,3cc947c5caadabb45a541b46,STATE_03_DIST_01_PS_03,14a811b89adf18999a258ce2,escalate,ESCALATE_CROSS_JURISDICTION_SENSITIVE_RECORD,P-2026-05-STEP2-ORACLE,eb691c4e2138f2c5133a7bb76a60674e25fabdd2b21a3e7fd9ac04d522ee6922,6e9ad5c8cddce94e043410755087ed4c6d5e05def555a1b5cb141b627a4bcbb0,ed12a9774d8e7e82158bfe210b980641b3d82a832db11afc417b5a445992a036,d0742d844c918f691e534be0e2f8c9eefababf31e259dcbe58bf34a22d0957ae,1a5c89fba1ad17e01eac3116d574770b81ea29ad332b92b5e0106e6c585aa46f,61498e884e3214c409fe5e40229b24aa5e4d7046b63be1a617eb29c05cbc6167,7c8e781858703316cbc6b92a505922c9c6d39fbb5b0414dd1db4622c64c283d9,49bdb899fda1a6225a475299aed8f9b95c7237c955fd536670e80769cf869094,HMAC-SHA256-DEMO,AUDIT-2026-05-STEP3
854,6e9eaeddbc242b60f73cd109,2026-05-29T23:10:00Z,REQ-000854,9a1678400f682a3201830c3a,STATE_02_DIST_02_PS_02,efb1f48ed439503d51e29577,escalate,ESCALATE_CROSS_JURISDICTION_SENSITIVE_RECORD,P-2026-05-STEP2-ORACLE,2714caaaec8c7696d82272ad42c635ce65e629083db40dc29dc4cbf623deeffc,885aa4dd3f3f19a4ce496980fc3704e3d4502cc5b15db6482acc2623c6e91ab7,1da51428c020954f653c1d41e8fe923d23b4f8aaccc1e471dfcd27c720f091b0,be2dc3d544184d67a7d06cf8c2cfcf15f3f6e4440c33820b283865b82338c731,f26e4d63f9da1854df3ee0acb1da236776a9701dacd52cc345cf86134f442d8b,7c8e781858703316cbc6b92a505922c9c6d39fbb5b0414dd1db4622c64c283d9,8fa1ee8c8fe1081a50f92bf7130e02158232b3d52d01d1daac5d32dcd27da7ab,9e1a0c337088637ae08333da2e4f1b7dd0b1cfdfc8b5f934c2720630682141a6,HMAC-SHA256-DEMO,AUDIT-2026-05-STEP3
855,d3c526869af646b341a02124,2026-06-04T21:45:00Z,REQ-000855,6734000e8363d6ae298dddfd,STATE_03_DIST_03_PS_03,483d8e368e0abb9247f9bc72,escalate,ESCALATE_SEALED_RECORD_REVIEW_REQUIRED,P-2026-05-STEP2-ORACLE,a53f0772d6d68ae57fa1d6032872fe20a8c6542970c6449f4691a12136f9924a,d4058bd18af371dc81cefd1390ee03c88602cbfdad2ed2a21b876bcd23a6b0b5,673687cd31a1b67c318db80ea7c2e3521458236ea75a11577dd802dd9007954d,6742d3572656b4482991e5784372ca186a12ca52f6f5ff806d2ef8f630204215,58e993bcf9e0d61d2fa886639a38c8ebb961bc827d63ab45a903b5f3908e9ad5,8fa1ee8c8fe1081a50f92bf7130e02158232b3d52d01d1daac5d32dcd27da7ab,83ea0b65610b6a03f69881587f0444e25676434f60ddfbcec6f8c554c6dc09af,3d26adf6eea2972cd683d0db5acaeaec4825bf571e43f7e2e507d4ec3f1a6f54,HMAC-SHA256-DEMO,AUDIT-2026-05-STEP3
856,5620106836d854c2247ce3f1,2026-05-29T23:20:00Z,REQ-000856,5d49251d25024e2ef906fcfa,STATE_03_DIST_01_PS_02,45f266e2d8253ba005720834,deny,DENY_SEALED_RECORD_WITHOUT_COURT_CONTEXT,P-2026-05-STEP2-ORACLE,706dfabcc687d447e6ace62406d2d1d58b97e107e89bc98a52072a4b655ca34d,a2101ce7119f5dc2a35e69e4bd2449ed0def03f48283dc3468affd2fe703cb56,b944ffe40545726f477c23812a4a273e79d69cd51558572aa7bb7e1a160a7a88,3caab5872bfab0ef5a3e37e4043bf4638525c8aeb1c7069aa66529e4a9212e0a,0c665e40a92c8c1b71f14d04758eab8b24aec8a2549786e70a6a250f6facf283,83ea0b65610b6a03f69881587f0444e25676434f60ddfbcec6f8c554c6dc09af,9c34f184a470129a2e45f86ab424d12be9d76bce7a97ec1a0d4aae8b59ec6bd1,4da60e1352fce41118e25384b81a245800ac1ef00f6d9c97029e2b60a295790e,HMAC-SHA256-DEMO,AUDIT-2026-05-STEP3
857,6d01a6dbb5f5156b41d49ce7,2026-05-28T18:51:00Z,REQ-000857,cef54734e093447c3864ede7,STATE_02_DIST_03_PS_01,2e977ba934961ac3b1ab490d,escalate,ESCALATE_SEALED_RECORD_REVIEW_REQUIRED,P-2026-05-STEP2-ORACLE,f0bb39e33ff984f304ecc9d5cdaece81da3149ea6105cca49d1d3d3adb0655a8,a9f3131b3bd949eca694fa61791df84f9fe4b20045cc8422daf320c350bd813f,d53c47f5163e64122b9247d1e2939dc3374181a9ab8b9ee0b4ab7d9ad13fb26f,70b32b0b31426118464ecbf43ea3826a9b8cc2cdb03e52f86158d41212daedc8,cad9b20d19bc10aad698051e61cf875809f1dc82ac7761acbf790b7b1148ef8d,9c34f184a470129a2e45f86ab424d12be9d76bce7a97ec1a0d4aae8b59ec6bd1,961b7b8ffd71c9c301b2005e7cbbfcf8f5e3b71655de73f1fe7875f6317886f1,b90bcf4375991aca6c48de389e47b5061e6b9fe06261a25d5034093ee6a64719,HMAC-SHA256-DEMO,AUDIT-2026-05-STEP3
858,69ca9be541400e5ace714ef8,2026-05-28T18:54:00Z,REQ-000858,f30bb583158115d6451ff1ba,STATE_03_DIST_02_PS_01,04bb3bbec77f28b17144322b,escalate,ESCALATE_PRIVACY_SENSITIVE_RECORD,P-2026-05-STEP2-ORACLE,98c1374b5ca76744cbf546c59a7f476f31d71e0ad2f21562ea2dbe50b2f78cff,f3c965581d3a0c7a783f97dd6d82ccc77985521662ab6adf8bb77f2364a4ce32,28af192e324482ad6711774439afe5109841d45eef8549e01d145324f83fe71a,ace64d9a6f9e79a25ced6a58aac1734f8b3016dda8a51991d5b104d0c5d516d1,0bf485e6e17f83f92786e9289d2007bc7d1a461c0477f18712017fd38e68d782,961b7b8ffd71c9c301b2005e7cbbfcf8f5e3b71655de73f1fe7875f6317886f1,706aba95ccfeeb1a706aedb2580852d089dbda0bd8cda3df18d6f0a9025a14d2,32d3699b0b6c74be0e6ecc0749781a1ae0663183b32f69e278ff0aa7ca17c67c,HMAC-SHA256-DEMO,AUDIT-2026-05-STEP3
859,2f8640629d4d605c2f860fad,2026-06-03T03:48:00Z,REQ-000859,0de9124a7d38c17a328e4497,STATE_03_DIST_04_PS_03,b5c178cd2a1f60090f942166,deny,DENY_SEALED_RECORD_WITHOUT_COURT_CONTEXT,P-2026-05-STEP2-ORACLE,ab2d58bca3dfe6ca8a88f3450a05cea618b84af838e7c2cf2624dbe764cf1b99,afc20073137972df1ef0182c0326ffbd4ad7a32ca1ff593152aee40ce46da853,48fcacb6c36683f8ad3eaa1fd0c234776093f2609517a48470b9f5c235eaf53f,2e838944e15e6abacdbaa8bd32b9874eb5750d02492eebd141eddc3c160c322a,89985dd48348fcbd04f302b5ade8b7694755cf157d1bc9ffe6a58274cabf4d05,706aba95ccfeeb1a706aedb2580852d089dbda0bd8cda3df18d6f0a9025a14d2,d1d4fb9d79d011818cb8a27452e7a39ac68c25bdf6c4d0a25df108fa6a6c8762,e1a0f0002c77a65d069c8635430ac1fcfe2e6199cb1fa881ecd59535b8b9fca7,HMAC-SHA256-DEMO,AUDIT-2026-05-STEP3
860,5fa1fb7453bb7324e99ae230,2026-05-31T04:20:00Z,REQ-000860,bacbc9ea0ca5c88caca1fb35,STATE_03_DIST_01_PS_01,43e3463a3b559634b3353097,escalate,ESCALATE_CONTEXTUAL_REVIEW_REQUIRED,P-2026-05-STEP2-ORACLE,7aeff4d32c759395fbf59a1a2c4dc0d02a0af35278a8c5a8dc6978ce543fd716,d1e667ea2e7e023c811f891edd48901723d7b498ffed16819d934f66d0808888,1f3edd8e6c4db39155376c251447d7c9fccd87e83f61a8de44b934799b3b678b,e9a3e14ee8a2bec2c3c87a740eb12196ef165038d5a77313b15e69376a465950,3849776c531d6bec9541d960d3041fd461b6ae71c2822a340f3d87d199c5370b,d1d4fb9d79d011818cb8a27452e7a39ac68c25bdf6c4d0a25df108fa6a6c8762,22dd3efb868e27d3ee659953c7cdbdfc27e48535926eba793479bf5498337144,a4c71cc0c08b157d320924c27e275166bdb0b3fc31562b34a4cbae3444af8030,HMAC-SHA256-DEMO,AUDIT-2026-05-STEP3
861,6a665bee6a499730e35512d0,2026-05-28T19:03:00Z,REQ-000861,05c87980613cb5db42b892f9,STATE_02_DIST_04_PS_03,fdb7034b483c7023be0c105f,deny,DENY_CLASSIFIED_SHARE_WITHOUT_VALID_APPROVAL,P-2026-05-STEP2-ORACLE,f9064236ca8af8bc81e2e5d89cbbe35a103ccd7248ae33b0495ef48a8e92d833,1f4204e5e8f899a6da0977a7e3e0c58c1d598d63a079a700e1e1c388a3f57468,e6cc8a9235c8aff6778c751f5d15f5bd5baa7caa986c00cebb08d5d5d410d6a3,27c1fd9d9dc8162eea1e936b0265ea67f9c2ff3ac8fc5a7a62581052b9a611fd,71ddaa11cb9a29065d29050293e65c9e827151ea0a2cd21efd260fdbcd42d13f,22dd3efb868e27d3ee659953c7cdbdfc27e48535926eba793479bf5498337144,bf5018fecbd0a2fbdfd198f384700ceb1f817c9c2d87ffc4658e1e920b62f88b,1fbd7d8d3615b7be685d253721a6ac289d9c9164bb85abe0594cbd8cc1dfa77d,HMAC-SHA256-DEMO,AUDIT-2026-05-STEP3
862,c3d8eddf560b22214bacd7b4,2026-06-03T04:24:00Z,REQ-000862,9a1678400f682a3201830c3a,STATE_02_DIST_02_PS_02,48b92ff9ac1a24972931331f,escalate,ESCALATE_CONTEXTUAL_REVIEW_REQUIRED,P-2026-05-STEP2-ORACLE,ee26499c3b89f4a91ce9f8d4abf5550566f5a3b5e555991cdaf59dea765c005c,7cd22cc3620f1a75b73674842a1b7668df87d138afc5f1a5ddfa8c890c3652e7,fd11191acec8270813894c80b4a5e9f86c92582fe3389a9be5623814776f18f8,522070127894472f1574f8e2f74859b1d867d878039cd2682132c5c682dd14dd,3c20417a2a76aae75e2d5ac2dac414be03fe405a0a7cf303bf906d556f28b1e5,bf5018fecbd0a2fbdfd198f384700ceb1f817c9c2d87ffc4658e1e920b62f88b,13aa62951f42bf66e73836fd51cbb419860e3d4fedfb64ad15242628ed273c81,6a67b53d5b636f9b36da8b4b2314e512c4116192568f2f3e3b4eacf017334b64,HMAC-SHA256-DEMO,AUDIT-2026-05-STEP3
863,5052b790d3d181e096262436,2026-05-29T23:55:00Z,REQ-000863,f1533940112c34367e3740e3,STATE_03_DIST_02_PS_01,e3e5b4041ee0b486122ef35b,deny,DENY_STALE_CASE_ASSIGNMENT,P-2026-05-STEP2-ORACLE,4dcba2d4983098d87d9f5ecc74a9356763c6f1bd0f4f612aaa7bc7fad1d8eb77,8aeec4a03117d82705e8826b3b8caa0e4aefb6cdb2274693b0ff157130bddbef,dadf90aea8c2afd3f080f97dcef83689a2192c5af463be1e54d99b8aaea95f9b,ce9bc37458cc4669b144b4f8c53a7a33fefaf84b284295e0a0ff134d92f5730b,9b98e1b9f2aed04f3c7caefb4bfffd3e6eb1421cc19cf4004ad557003a672a6e,13aa62951f42bf66e73836fd51cbb419860e3d4fedfb64ad15242628ed273c81,34e0908710370be15e55d3ddd162724d48c68925dd2f817bfe254d6870e93ff3,b56cc3afbbbec1800b5e2780a47eba6e559b9a7340c96e20b866a52a72114527,HMAC-SHA256-DEMO,AUDIT-2026-05-STEP3
864,830c69596c16ab1d03b12c9a,2026-05-31T04:48:00Z,REQ-000864,e246494264abad2f32845507,STATE_01_DIST_03_PS_02,2d15673f9d6e48a538d2d1fd,escalate,ESCALATE_PRIVACY_SENSITIVE_RECORD,P-2026-05-STEP2-ORACLE,721aa091656cd515b9d71d14971d990264d0c8681f604caa913b9d657bd5e76b,4229d45e104b318c2d356c1995d5930eb70aa0163aac2f4a5d8420dc2e4f814f,dbbded1a5b8ce37117087b2b21b318f368d646db3bd2a3775ac8b7bdf4bede7e,97c85e1bcc4f154cffcf92c64f9970f3150ebb9593ee5f2e910d8cecd4b13c2a,2adc8486c7ce6898c9e67083ca40403e1bdd2f2225964d3d89467edf7581d03d,34e0908710370be15e55d3ddd162724d48c68925dd2f817bfe254d6870e93ff3,f6f80ff8e72b3c9e9209d070554522e13f8c4d151e504b01ec0193d13bc3edc9,f7df1220232d88a34abf3f2f1255024015eb2c8cc2e2bbd1fa81136aa322cfe8,HMAC-SHA256-DEMO,AUDIT-2026-05-STEP3
865,1a4da0e21b8245e9c6fd3c26,2026-06-02T14:35:00Z,REQ-000865,871e4c8cc36e0fafb27ef560,STATE_03_DIST_04_PS_03,914f52ed6bc74e7b0a273b32,deny,DENY_STALE_CASE_ASSIGNMENT,P-2026-05-STEP2-ORACLE,86c6a6a36347e40675a8cf1a4a6ee35792e5e33c20dc43387779f0f1b17becd1,1485f0a4d28db48e921274d1dd0e3a1a994c0a8a1e1fa1de2fb21a5a0f34e589,f325cd84e2654c32b07b23c5c5ba7a9e1ef1eb983d4baf1603aba0bdd4fce768,e66e4515430c9c22d88e66ccb6352efdaed149323ac998369201cec5c21a0a1d,6dfa9906f438dd6864ef1a3ddcc1db4b18b18ff5b36c6797ebea676bf6e707d7,f6f80ff8e72b3c9e9209d070554522e13f8c4d151e504b01ec0193d13bc3edc9,cf6bd9ec6a1f88f8401197703e578b5dd4111c7bd77098a73a8d55245a494639,206c246498d46fcb4e529df86fbda91853f040438205945bfe4aeebf237a37d2,HMAC-SHA256-DEMO,AUDIT-2026-05-STEP3
866,027d4ee6c2ed7c6184c07d62,2026-06-05T00:30:00Z,REQ-000866,0cef9a18606529b664cb0b3f,STATE_02_DIST_03_PS_03,206ecfa615baf8d96316ecca,escalate,ESCALATE_EMERGENCY_REVIEW_REQUIRED,P-2026-05-STEP2-ORACLE,0eb6e1544fd9de3a24f655240f685067ce15bf2497a51119426dcce4f5e96a2f,73fbfc3c87deef03ca42cc7b9538031d05afad56e1e20cb28185594bc5b8d0cf,7f4231b8107e02905f87c8bdfa801f0296c7c039f9aa9e6dc67397cbf986478e,4f2841e1b530af1533ceeb4fd00d4fb73b3b9870e8e68bcb6d7b5cf836f1d691,2e468f34cadaf4181e186b1e097e1d789886f23727bed8c137ab8dd3f19341f8,cf6bd9ec6a1f88f8401197703e578b5dd4111c7bd77098a73a8d55245a494639,02733f73da11ed73f4649306184499a4d800eba11fdeb572068e7f6830874512,a0ec27a13fe765b4742dd648d28b4123106da0da3a1d93945faa1902b6ea1cfc,HMAC-SHA256-DEMO,AUDIT-2026-05-STEP3
867,ebdae2d494a8c650456fa95a,2026-06-04T10:18:00Z,REQ-000867,750741a21ba1ad37a768df1b,STATE_03_DIST_01_PS_01,c14c6c27edacd158510d86ae,escalate,ESCALATE_SEALED_RECORD_REVIEW_REQUIRED,P-2026-05-STEP2-ORACLE,1b41c09b9a0a8b45186e130ad8a9e9a756872087222251c5d72b2662ac41fa23,dc519680a17074241be0249940df0f0259193c8151f31907f726f1cbbe4d9d1b,1e0685078fb0ad86dc5a99e4393b5f44d2795b88ec408796e677f795eea553ab,2e5905d3d90b26583e92aaefbf7bc1a31e886bc83a6fc17436b7168b171f038b,625fe0f867e23b7bc25736c5a8ecf786cd20f1925121e1f6647a91ea3c22a1b5,02733f73da11ed73f4649306184499a4d800eba11fdeb572068e7f6830874512,3a38834595ea385b9dfceb7e18a64c38d9b56524c1dbc73b36e665efeaf719fb,ddadeb82803f5ae935ea1082cf26f364f92fb6459a5c51dd7934b26de21b8f88,HMAC-SHA256-DEMO,AUDIT-2026-05-STEP3
868,fd1599cbdac27d89d99ecfe7,2026-06-01T10:12:00Z,REQ-000868,86b6682cd665b74e9695ec29,STATE_01_DIST_01_PS_02,e850584f79208f7544c625c3,escalate,ESCALATE_CROSS_JURISDICTION_SENSITIVE_RECORD,P-2026-05-STEP2-ORACLE,e208f4df1b37074d53b478792af1031ce5d7ab43d17cbd2898bed4b17af5b4f7,c962a17bbf29c06254e0c44048c03d7c6083511c8e7cec295d1dcad64cd71df2,5b3f29552aced73a6a3d0c5e760e78c53e411e60bdf4f09ba6d9c9b3d6d08df7,2db9d73dad6ee1e238cf9b02b4272ae976116de3d6e9daef47fbf416067c7322,175596a57ae4cf560ab59d224a8e4e306c972db0a6f22d790f570cdbbafe8e09,3a38834595ea385b9dfceb7e18a64c38d9b56524c1dbc73b36e665efeaf719fb,68c177cc865dae34eeb8866cac0d2f15f07c77bafbbe3f32f8591a017bada391,3a172d14efae3d2ca636f32a33b2b245a82788610713ace2a7a804aa1dce1523,HMAC-SHA256-DEMO,AUDIT-2026-05-STEP3
869,48cc76054fedc04961ea1199,2026-05-28T04:58:00Z,REQ-000869,816d13ffa68e60a160c3810f,STATE_01_DIST_02_PS_03,05fbaffbdcc8ed96f536c6a1,escalate,ESCALATE_CROSS_JURISDICTION_SENSITIVE_RECORD,P-2026-05-STEP2-ORACLE,121053099e968cc375c5a7bc1e735a6b4bd8cd6fac8092c830ef8a1c71c95558,967b102042c2f7ad5a8c82f4813a07f180b0d462051e839a719751846d8cd1d9,9862156070d4442d297517694cd523b5fadcfb38eaf2028bf04a5fbb645a4ef3,6a8df79db54f45aea301a4f109dd86eacf3cc38b914978d857596f29a7850199,009e942dfc32fc245db752186338c4b7ddf457f84be52981ba18f55b91750064,68c177cc865dae34eeb8866cac0d2f15f07c77bafbbe3f32f8591a017bada391,46aaa2ff548e2c62f0467bb6ced33f1a0dffc0caead01c88ec67b56e2b4dc859,4870ddee9f645da9ba236e97674e17909acd83c305627187cf09b824c832d385,HMAC-SHA256-DEMO,AUDIT-2026-05-STEP3
870,eff2b0cd4bfd0aa0e2ee60f5,2026-06-05T01:30:00Z,REQ-000870,858f20314a8c64995d905a33,STATE_02_DIST_03_PS_03,2a05bb6a95495218d6bd8508,escalate,ESCALATE_PRIVACY_SENSITIVE_RECORD,P-2026-05-STEP2-ORACLE,6a5cee51f1004a5603e0182296c104b2e8ad772e79787f861f3cce414d939199,1cee1f0b6ad8b363ba75a2eeb8e24306ff36d4e0db15d500c9444d31649fe301,70b19d5c403e81aad3c6c430b221ef828988bf425363a51e5f2b122466c7546a,80e7c8b30578c410cfcf464499c1fd384e194010162135d97316a466d289d0b4,12f6e180b1bf9f530157db2eb1d58ad6f2ed9770a7fa468aea7b2e5b2e040636,46aaa2ff548e2c62f0467bb6ced33f1a0dffc0caead01c88ec67b56e2b4dc859,9eaa5eecb4b37c43c0130b0308aabb25b39366cf9a3172cb25fba52c76fdccc0,563f2b7e3a2f953a38f45bcfcdf77b9ddd02e64f758aae5b424235326eef5131,HMAC-SHA256-DEMO,AUDIT-2026-05-STEP3
871,69f7e5513fd6d8d74be99521,2026-06-04T11:14:00Z,REQ-000871,cdb37082bd33066e73ce6a23,STATE_02_DIST_01_PS_02,d021b181a8195460c1a8a206,deny,DENY_STALE_CASE_ASSIGNMENT,P-2026-05-STEP2-ORACLE,1822c4794ca7c09849e01259a29f377108cd01764516ef12f44c85dea59e9d0a,d8589352a7c7e4267a30d6c7e0377f9c72a985307636566f0fca5508b326403a,f87b784cbc6f8ca3aae81387731db59f9dc194ab1a7f08a6b1f539a6eb5f1dd4,5dd0dfbb72faf2220c9a005c36d4109b2e13a3a8683c0f18b9cbdaa0f2c7d70a,4a3880700df623e3fed8aeb4ec0a301a979c9f7168203dae79f3a81b9f811eb6,9eaa5eecb4b37c43c0130b0308aabb25b39366cf9a3172cb25fba52c76fdccc0,51d42993aa5871c26a27bfd278b7f7923e60aa042f8e483249ee77cd7a2dc0bf,c9a2e44e3085070e0558f4f04570895fade0caf95882c12a3930f3399049aef5,HMAC-SHA256-DEMO,AUDIT-2026-05-STEP3
872,688e188bb93b23eb9ba208e2,2026-05-28T19:36:00Z,REQ-000872,b4d11e5f08de15f8b7a05319,STATE_03_DIST_03_PS_03,729722bb0f927d10ce07afd4,escalate,ESCALATE_PRIVACY_SENSITIVE_RECORD,P-2026-05-STEP2-ORACLE,2c8488a40e18e7e4a405d8840690b3b9c92093f33998f69010674722e4a6f735,487e07f8236efcdb5c9da3835e96b62949ccb1ac2e37e559784913aeb17a6f04,7b5c514fcdd987f199cbcf222350967620ba038262a22e5886449ad921d6daf9,040d37547b3aed55074b2200ec1c4aa8acb472fb56113783a2ab2dd0ffa5fc18,77097e2342bf00a455ad5d0dc9fd4ce5c5c230535f2b1748cbb2fb750f489e16,51d42993aa5871c26a27bfd278b7f7923e60aa042f8e483249ee77cd7a2dc0bf,bac88113570322ba11f9c6f7d1461e7a53712abf034dddaeb0de6b2a56b8b9cb,7adc3a09499a30496f081bdeea1de271c5404d1e4a29b5eb5afc29d6482b4a0d,HMAC-SHA256-DEMO,AUDIT-2026-05-STEP3
873,1a2f857e71a7e29cd97e435d,2026-06-02T01:30:00Z,REQ-000873,46b29e30bec752302a2d886e,STATE_02_DIST_02_PS_01,042d35f4578bbf5ff1ba3965,deny,DENY_EXPIRED_APPROVAL_TOKEN,P-2026-05-STEP2-ORACLE,52de3b5b4952586de83c80531ef2b8a0b2221ad217562b5d6e26d6f1f6e4d407,455f65dade5d6a7e0e48c90101fda7ed3ef8287dec190acd29f6edddf6795f6f,e78387761b6a5d7b83a5104d254b9dfbd313a2740a4227fb8d5d065d2387d1bb,2702ad373d3d9640c3217187f2396f37adb51f6f6ece60f3ff1ff04267819229,07976dadb7a8003c145afa6d868c374c45d875551f82f6368edd8fd5bff87cb2,bac88113570322ba11f9c6f7d1461e7a53712abf034dddaeb0de6b2a56b8b9cb,4d628cd29e09efcc69de3c2d28f51112f295bdec91d1f75281774af1a836cacc,faef36ca53ec7262d0ddb859ff3cea10a0e0fdf5aebfabb1ba5190d934e1e74c,HMAC-SHA256-DEMO,AUDIT-2026-05-STEP3
874,e8eff5bc8ef67d467be03520,2026-05-31T20:32:00Z,REQ-000874,6adbebf965a8665f8e3dd8db,STATE_03_DIST_04_PS_01,4cfcb99871492acc92ea42ae,deny,DENY_INACTIVE_CREDENTIAL,P-2026-05-STEP2-ORACLE,a1a13cd7f11b566eb74ab02001c88ce7c53ac133fac3a3f7659fd76a759d02f3,9ca36bfecb381b6fcdca766b1e95650aca5519ef248c9aa1c5f06e9e6ed22c1a,f25f37ce9e6e5a4a5b8275524df4cd1a86f54d000793dc313d5cce505bfc29cb,86de72ab79d06bdaec5f26539f172914d4a69d61818bfeff740afefeb1a7f528,5272a3321a3d218cb81231928c78b0cbd7b360051f335ccc730ef43dd9612e35,4d628cd29e09efcc69de3c2d28f51112f295bdec91d1f75281774af1a836cacc,4351d2a0ad97da2317b8d674b0f4b455461dd6cd72e8fc60400a77c8c032ace2,9b6c1707e0e71ffa7b7ed7e234e9e918084dea0c28dc40880e9655aafa578672,HMAC-SHA256-DEMO,AUDIT-2026-05-STEP3
875,3236479febcd94e57bff397f,2026-05-30T00:55:00Z,REQ-000875,3d428018fa91d9e32fcf8296,STATE_03_DIST_03_PS_03,427ff405218f63d90bc57611,deny,DENY_EXPIRED_APPROVAL_TOKEN,P-2026-05-STEP2-ORACLE,d894d57f24d13094f6da51ce45588d37218773eaaeba141cc9e4c90eab571533,b6740789317b32818513218d747b481598a5446e1066552827302e8c693b6d7a,8183d84c922b8b33fd8680eb8027cb94ca30fd549f914262a1b2440830c59a72,9af260e11e9d3f6b12e32bc3b7d1b550ccf3b2906102bbf2a4187be1de62ffc7,2f93e327d221320a86cf6e8cd2c1b90f7f318db3578a42825ddb994347816232,4351d2a0ad97da2317b8d674b0f4b455461dd6cd72e8fc60400a77c8c032ace2,58f78423bc683b752abff9623b5160b833062ff3a086aaff5a2e16fc38953faf,c590f4d6560430817b17122d88c901b5cabc2e77d3f322ae41491c4f7e59ecb5,HMAC-SHA256-DEMO,AUDIT-2026-05-STEP3
876,47310618bf792fa1a39f58aa,2026-06-06T08:12:00Z,REQ-000876,cad50d4d8a49a83faad951a4,STATE_01_DIST_04_PS_02,3cef4d9f8d92d3f7cc295a2a,escalate,ESCALATE_PRIVACY_SENSITIVE_RECORD,P-2026-05-STEP2-ORACLE,379bdcbde6a54af590e357e2895535b02c0a48355b778224fd934009b48fbdce,df828c5080e6e6318700cd00fdbf6e173280e4dc506d512cbf9b4bd4f764eb97,27cc52df50b4c97346484faa2d945308708dc441a5c41c157783c04e3ecbf8be,4819061c3260a98de3f58278c7cac2302c95002fcf6577c3126b6d43cccc23d1,d41681e83adcf7423a14b0fec977c075dbaafff363076f561ee6d6464a82d18c,58f78423bc683b752abff9623b5160b833062ff3a086aaff5a2e16fc38953faf,407bdc7cedf252b6dd79d12e20cd6fbf21eb6848648e1f755524f583b66d8335,1e8007c93926855c806cc389c10f4c6083b972ab6e9f937c589886dd066dd40c,HMAC-SHA256-DEMO,AUDIT-2026-05-STEP3
877,9513a5e2d41e863ed0a1327f,2026-06-05T17:52:00Z,REQ-000877,a2651cd5c21b20cc4d4edc22,STATE_02_DIST_03_PS_01,7d6809442b1af0c7365e116d,deny,DENY_INACTIVE_CREDENTIAL,P-2026-05-STEP2-ORACLE,4dd900d7521f6915334c1c4d33eaa9ef7fb12e115d9ae409ac1955efafb9230d,17c38e7f8994982d53140d714316012f6c64071f23f8767e173242c38b9012b5,c82b1ed639b3309788ebe0e30f84c9c0c481c75b7509d08de4d1a9a7183818f9,14a333aed254916651461b619de1abb0241f34ffefcaf33cd72c297e973a97db,b22761e1a79b8e34da5ecf4077500c73c237f32a7a842c56bda8b12823f1de86,407bdc7cedf252b6dd79d12e20cd6fbf21eb6848648e1f755524f583b66d8335,31d069c5ce988951590ca6f99a8fc4a6dbfe526b874020a462f798857503e5d3,3057b2ae65a6dc124a192d181f4009c7c8b131d415f9c3190007131b209d13ec,HMAC-SHA256-DEMO,AUDIT-2026-05-STEP3
878,8b3062f4e259d229906d296a,2026-06-06T08:46:00Z,REQ-000878,0333fdd2d35c528a38a1dbe4,STATE_02_DIST_04_PS_03,94045736c42ce267b600c772,escalate,ESCALATE_CROSS_JURISDICTION_SENSITIVE_RECORD,P-2026-05-STEP2-ORACLE,4baf236644b95b06d1b1f423145f4dafee59de1159cc923865d5b17b23d10011,23039853a919d990ebac5e449a3b8a98a9d8190680591faf21243a264be8aedb,46f768b686fef6be84492585caee7c8d9087e176db30a64f85e1ae978a99a57e,1acf72ba255ae86e9c4a15ac9dc2be9787d3a5f328a496f2e3eec9842993881a,d40d2cceeabba6fdbfcb5c27700e8f327acdfa9d8905b39c7fcbf19ffaa07565,31d069c5ce988951590ca6f99a8fc4a6dbfe526b874020a462f798857503e5d3,668f1e5206a9b9d038bdd50f884a89855625510309302e4f3863e38814d69dbd,29798e614fa73d18b0bc36872826df76cc6ab0ce656bf0ff30f20424c2baf12d,HMAC-SHA256-DEMO,AUDIT-2026-05-STEP3
879,705a0dcf1a613172269b09a2,2026-06-04T13:06:00Z,REQ-000879,eab5f274c3e036f9a382d87d,STATE_02_DIST_04_PS_01,c6a572862caa5832f9d55a39,escalate,ESCALATE_PRIVACY_SENSITIVE_RECORD,P-2026-05-STEP2-ORACLE,7df3c0fb72cda865179b2c9659f144e31d0e07e5cc5b0c61b57363a11fb76033,2e2dc890cd448fdc7ea1a785055e3840c3eb96d4feecdfc2f7268eafcd8cbc27,eb4dc0eae5d638397501ca0ebb0618c9b6fcdb7447e3f75932b569b3bed2d318,4c59231b2f07ad32cef2d0da099e94c96f4373d4de617c6968104bd430c841aa,aa94aedc42a5b362a0e02ed4f09584ba37e1a38adf023f7bc9922b1ac2d0c6ca,668f1e5206a9b9d038bdd50f884a89855625510309302e4f3863e38814d69dbd,a8e17db6b5df0dab8334cf37d4b4a2b31b99321f7cbf64ab8dd40ad87d1ef992,04db5cecb080f8b8f23d399e21e6ccb3975db328ccc8d887152e853f34dbfc53,HMAC-SHA256-DEMO,AUDIT-2026-05-STEP3
880,9f1cc874a14a443ddb48f9ca,2026-05-31T06:40:00Z,REQ-000880,5e223aae914ba42e97c387c1,STATE_03_DIST_04_PS_02,148f5201e446b9e7af6ac7c4,deny,DENY_SEALED_RECORD_WITHOUT_COURT_CONTEXT,P-2026-05-STEP2-ORACLE,421f361443e56f32d98aea7f8cdb359d70ae556e7ceab9cfec30fc15ab2ed951,48a6ff85dc4c876163d7fac478e92bda21da6479b11796c3dfb5de532b3c0bb1,0c2cea659c37a3e6b90677095a5b213418a7ed113910c7e0ae983d30bddf2471,b43dd5663a93d26d15ddcb3b1592173ef322c60ee78571b2614f8df04ca90fda,8fd9602fff2d8f0e2a348ad46b1f30d2f2227cf10cf18f71e546bbcd2565c533,a8e17db6b5df0dab8334cf37d4b4a2b31b99321f7cbf64ab8dd40ad87d1ef992,dc3bb2998a198e3bdfc2a62dae0eeca791f580bd7f2ecf1875700c50c7736461,7fcfd42054fa2f394844337e4488ac4d0137daa704b19198403fd6295e2cc568,HMAC-SHA256-DEMO,AUDIT-2026-05-STEP3
881,be367b8eac58f8f54f728910,2026-06-03T22:53:00Z,REQ-000881,6aacb3c44032122c078cc506,STATE_01_DIST_02_PS_01,2b5c0f81a93bb857349468a0,escalate,ESCALATE_PRIVACY_SENSITIVE_RECORD,P-2026-05-STEP2-ORACLE,a317d2110394387a78999e49f89c88aa9797e5a0fc63f216a7ecc189d0502857,de5edbf3c2751c6352da24150ad86f1b464ce6b9630501a111419b04cfffe556,8cbb65b42d1cc2530293f45a3f34397ce23c2d0c30b9a4611e373b0cdb53bc4b,a753677245f8e10eccf9233a3e9c88b98bd3da00857da6440386de0a79b3ebea,56ba86ab73ec463be6f232e9f0cd6aec25552e59c606ac7eb7bb0ea5d3ea7a1b,dc3bb2998a198e3bdfc2a62dae0eeca791f580bd7f2ecf1875700c50c7736461,3305943d90ebd396e46298d1e63b5550ba71374361cdb1585f13d3cfd1e1de03,186861b40bafc3afdc908f14cba6c621d3e02345af2d0cc0f71e9895fa654ae2,HMAC-SHA256-DEMO,AUDIT-2026-05-STEP3
882,dfd12a91834485fbd3cc5b57,2026-05-31T21:36:00Z,REQ-000882,5250e04b75f9aa481b9f2c6e,STATE_02_DIST_04_PS_01,4d4eedc6995d8719bb69eab8,deny,DENY_SENSITIVE_UPDATE_WITH_LOW_RANK,P-2026-05-STEP2-ORACLE,54c067b87e5cc356e844403d93b1bb33f193a134fbb38756903cded8fe5e3c7d,8c78d12c0c5a80f6b55959ce9667dada85b8f2de7e812077732deb0a5ca2303a,bebad2cd279106dcb7e64b39f258b47a0e556252e07e8e35f56651e0678ef95c,0911f2e501075b5f897e87574f51a7d19aabb6f3d98152c6583a78180e84a49f,496d57cb85023be8138ae4730b345940e7b6ae42374f20930fd08cfad1c501e9,3305943d90ebd396e46298d1e63b5550ba71374361cdb1585f13d3cfd1e1de03,46e24022148b8bfac373d77d1d5385c7fd11ccacc5c821631c6d7a0932bd4f9b,e8aa2e2a476cbb28545f6762ddc7f6ca498253fd85e47de0149823d93aee151f,HMAC-SHA256-DEMO,AUDIT-2026-05-STEP3
883,b13de7b8615b952c35ff6fd8,2026-06-05T19:28:00Z,REQ-000883,8e0a9feb90e3ea8a4997b70d,STATE_03_DIST_03_PS_01,3fa5524fcb236c672926f273,escalate,ESCALATE_CROSS_JURISDICTION_SENSITIVE_RECORD,P-2026-05-STEP2-ORACLE,c115dd3a9a6dd623a7a3b097c5031c06d60e4330179b9ac71d75d6bb77572144,81799d527f6af17fcb65463d33f0695bb8276171d5d56e858c9845efc1369ed6,98d8ebb5e561e6763afef661295c1e664402200a09e7afda9865a61fbf7b0de9,d7bb58ab387ebe801c52e8102779917b86254a1e501249ea7041d5f3cf21c450,08832d967e672f5064e56eff64ef5eb0a1e6a04e3ef8b0d07e633f01bab840dc,46e24022148b8bfac373d77d1d5385c7fd11ccacc5c821631c6d7a0932bd4f9b,fd884f98dfad3b9b2eb66df4e1633235bdf46e5d3fd3adfd9fc1ce7336478981,37f044025740991791244eaf624a3ca474fe9337f4db59b5a61d15862df83662,HMAC-SHA256-DEMO,AUDIT-2026-05-STEP3
884,0de7c778c20a3da245188798,2026-05-30T01:40:00Z,REQ-000884,f30bb583158115d6451ff1ba,STATE_03_DIST_02_PS_01,721cb530e83c85d882fb2f2a,deny,DENY_STALE_CASE_ASSIGNMENT,P-2026-05-STEP2-ORACLE,fc2586fb7648b404bbd8c64586351120887f827c3b7f051342998ef7ed49f7fd,b5471a65ca6ce6ebb81d00c4e21319a10924cf908793c778fbd00f2bea2628bd,e03077181e34d924c39505274cda15680d9457804dbb32df5c80d20f3790a931,de9fefc73d252ba794b416b7e1e43414d184bd44588d2265c9d7125f129fbe75,9c9993428c1c47241a719204f01a77effe80c175860e3014eac389c77d44f8f6,fd884f98dfad3b9b2eb66df4e1633235bdf46e5d3fd3adfd9fc1ce7336478981,bb37d45b7ea7c9e6558cd2a92d61f76f9a2acff678732c7704a869ee76c3726e,e6562ea0fa86a5b4d3369b617bdfc7b46cd966d70a988273657ccf9ef55924fd,HMAC-SHA256-DEMO,AUDIT-2026-05-STEP3
885,b88a599f7582649a24327241,2026-06-03T23:45:00Z,REQ-000885,7e2b88d260bb5ef29585a94e,STATE_02_DIST_03_PS_02,de8441b1623f69a2d75ebd76,escalate,ESCALATE_EMERGENCY_REVIEW_REQUIRED,P-2026-05-STEP2-ORACLE,25786f9cee11d5eea00ec1a8e707c842b5422fa8c529c517074d4faa9c94ba99,23e2adcb6ff949c93c927b231bae45e4005f4022639e526051cf967833004145,ed97c05118e2ae1ffa76e6f4a816b485813c91f7e058b81b6405867991e526db,6deace6fa709750efa5ae49befa5f521685ac8438f1e75c1dbeccbd3d4695b4e,fe61ceb3145482519e9d920028016dd8da0bbee80d00e5319523ae3b6edfd678,bb37d45b7ea7c9e6558cd2a92d61f76f9a2acff678732c7704a869ee76c3726e,4f0ef8379fad98ad617b9bee85c1d6e6cc979f05d645f3110ddd67ebebaa3e30,63dd8217795980e42961707b58d0046dd34be90c0ac2b73f667b81019c1586ce,HMAC-SHA256-DEMO,AUDIT-2026-05-STEP3
886,382c77f0d49d91ec89affbee,2026-05-30T01:50:00Z,REQ-000886,071c750c420d0b5f044d6ae7,STATE_02_DIST_03_PS_02,7ac6a8505413a1abfe9c2c38,escalate,ESCALATE_PRIVACY_SENSITIVE_RECORD,P-2026-05-STEP2-ORACLE,e41405301cb09dfbdf23782fc8fa19d4ddccdbb9ed841d08c39320fdda2b8f33,6e59eefcc2cfb90d80489c0e959d05cd038409ac36a9383cdf6ff297b69f8d79,3584382eb08de38bad5ea06dac60b511441e9fcfb51232263d24783f8c96d7b4,0dea5cffdd02c069c4699560898cfff727125a756e262e75b7ac08c311f15e6d,93083156dadbd1157477755c54e6224201e27fc8a6479f29de9061804fe3eec6,4f0ef8379fad98ad617b9bee85c1d6e6cc979f05d645f3110ddd67ebebaa3e30,1f58e456069484c730d63c1a5b4c553ef002771009e3893915fdfc95cc1ac1d1,a954918f2b645349d35f9a6f78bfff9b9303baabef81a8bf1c26bfb416ebda7c,HMAC-SHA256-DEMO,AUDIT-2026-05-STEP3
887,13db77dd27359fc690bd0c91,2026-06-03T09:24:00Z,REQ-000887,fe341f3994ddbba307367393,STATE_03_DIST_03_PS_01,2ddaa1320a373931336701cf,deny,DENY_TRAINING_PURPOSE_FOR_SENSITIVE_RECORD,P-2026-05-STEP2-ORACLE,961cc31a5ba89b9f897e5834d28e9d1eeae0dab9b11e0e2b0a83165799ca63d7,0b0f7c4169683ebb95e2bf3ce4dc40810ec777157c6ef97bf36ac1aef6827409,1c3d31ef1af0e4a1753d94fb270e403859de7fd90170bf5964665e77825f00fe,c5cbbe526b80375b77f72ce5d4865245f073477183e81cf6237fd6202f3c71e9,c708a5250ad40d2e0834ebc13fcd934b11bf0b351a75eea4acebe99c213a8ebb,1f58e456069484c730d63c1a5b4c553ef002771009e3893915fdfc95cc1ac1d1,b2bd55b8c25a1d27034a301416041bb23b71706f9226d7ceb1374b994648dc35,7b05dd65be5259dbc566b4ee2eb7856912fbbabf4ceef0a630f5d827e8f7040e,HMAC-SHA256-DEMO,AUDIT-2026-05-STEP3
888,ef762cb43c904de1a78b686e,2026-06-04T00:24:00Z,REQ-000888,07e08d113775d9e409a3ca05,STATE_03_DIST_02_PS_02,76adbb3fc2521f255ea8e9c6,escalate,ESCALATE_PRIVACY_SENSITIVE_RECORD,P-2026-05-STEP2-ORACLE,85fec656ccc0286b88a5d0890caca4b96ddf20a108914b83489877b635fabdd2,5419938a979a69de90efdde59853290968132e3dfb34184ec3e1d5dd9f924565,ebf46e3b3ae8e6ba0ef4c70a89261869481344fb63da6acb697b43f2e5ec9bd0,77b1dfeb598a9c18509cec2c5a48c3db78e33767b8b5e7b73a7a6e8085eb2219,feae7291e21e1e7c0abe287b6e906a234649c4404f3ef37fe2bec63ba3a690af,b2bd55b8c25a1d27034a301416041bb23b71706f9226d7ceb1374b994648dc35,73dec173f1c5161bf2d0f33a531486a329d2c65547bac7e73b0abf727dcb8bdb,6cee06f3fbeacb5dc39e35d0a3387a43c23409ec6ac54f88a63b69c8878961c3,HMAC-SHA256-DEMO,AUDIT-2026-05-STEP3
889,35f39b97980acc941594cf27,2026-06-02T18:59:00Z,REQ-000889,93ea324e5b0159f974ae2ac9,STATE_02_DIST_01_PS_01,cfbb7cb7295b99ad06465bc9,escalate,ESCALATE_PRIVACY_SENSITIVE_RECORD,P-2026-05-STEP2-ORACLE,a2317640ceaa1b8107bcb46dcc44717df6a44e853cf26f2c93e6ffd7ad5b37e0,1852e6840582cda7925d89a4caec8096901706726930f82302c9df09d21622f6,3ee10b68fdf27f68fc342d3086183d8dc6bd2556d05ba7123bd85c267bf97fdb,7f83b4944bec254895786270baa5eb063b49f998a4e17568be74f089fc954062,580dbc8f597c9d4f330a5b6236ddd70350196dd0adada42c5a51afd4d2519d73,73dec173f1c5161bf2d0f33a531486a329d2c65547bac7e73b0abf727dcb8bdb,f3e47922d746950a1fb8ff070432eb1eedeeb7fb0a1351ea3d99274a9b67f4d1,d93bc283346d39d15a1c9695c50d725e963d0abe7ed2240380ea94206918cf97,HMAC-SHA256-DEMO,AUDIT-2026-05-STEP3
890,934f2325bfda0c99e44e66bb,2026-06-04T15:40:00Z,REQ-000890,956b1c8673c706b9098bdcd1,STATE_01_DIST_02_PS_03,d7d8d1e7e58fe0de6096f7ff,deny,DENY_SEALED_RECORD_WITHOUT_COURT_CONTEXT,P-2026-05-STEP2-ORACLE,7f37945612440243ac3f6351be0c8110901fd67ae87d93d92d4ee47d3f5504c0,5d85f6695c506fce4e1d53ea5504796dd30f510ccd7c3c66a6c7ef9797099a12,32af73cde3863116097c4cbdb1cd89c9eda9341241cf9fca0e5f0950fbe90603,e6f5712ed3e76fa04a4492229928aafed10aaa8c1fba172baa7137ce594dcea0,6c79bcc44bae88ab6d5d36df72c316c02e3adc2caf5fe96d05719e02ff5c0efb,f3e47922d746950a1fb8ff070432eb1eedeeb7fb0a1351ea3d99274a9b67f4d1,4730445cf7f1f4b800b7bca16d638f205116cce1f2df81b6c25eb5fe4c05cb38,4e38fe2698210ad4a99518eeb403250d529734fde23b92491a8de3cff43ee0a4,HMAC-SHA256-DEMO,AUDIT-2026-05-STEP3
891,3ef723e817df88bb85a12b14,2026-06-01T13:39:00Z,REQ-000891,d3ba9e82379b9a1fa09b884a,STATE_01_DIST_04_PS_02,480dd8d22c5fc6cb6b711fb3,deny,DENY_STALE_CASE_ASSIGNMENT,P-2026-05-STEP2-ORACLE,67419814e52d51a0045c97955b9eb55f609af942d4853ecd8eb4275b310fb876,b7742943ed8cd7e05e19cdfd2613a44a1794790585bae86252f0515913e87f26,a4a1d983825ed8246e1c3ec6b873e714467057335099ad7301ca2507c30dad0f,c100fd1b7252a4cf48a340f6735857c3e48256b29be04d0448f6d3ebe9733052,a20cf29d0718c0418623bfc4470b6ec58c35c84efcf492fc07d3fee75dbeafd7,4730445cf7f1f4b800b7bca16d638f205116cce1f2df81b6c25eb5fe4c05cb38,c82736c781074560ab2d4396ee98be79ff8b689d265e27851d6d054837bdec0c,168651648d565bf19dc6cebb281f17e2e0f2c6698f8cfab448a19df3b62334fe,HMAC-SHA256-DEMO,AUDIT-2026-05-STEP3
892,4dc1cdb8c81fbce687508ba4,2026-05-30T17:12:00Z,REQ-000892,63cd4d5013242ca51327d961,STATE_01_DIST_03_PS_01,8eb06b091b265235ad42db41,deny,DENY_SEALED_RECORD_WITHOUT_COURT_CONTEXT,P-2026-05-STEP2-ORACLE,5442b3fb6c75dd3d8c0a97e8015806879a45aab63ded21ce3ab00fa7adf76bad,ad58b70d1cefce955b3f6ebb290b644ad8ed02a273599199c335b2b87b58a22d,da5bee9b38b4f5ee033d09770ef44f1cd2f807f5a5226beac628550cd50e0346,0ffa1707353f93c3d34abbb46f1c7978dca4c2ce7083bde8a37bc0774e72f2ab,53392de5f442ea834dddd23dac1aee3eb5c204424427b66aacbabdafaea7e5e2,c82736c781074560ab2d4396ee98be79ff8b689d265e27851d6d054837bdec0c,ca3ccb114507a0c89d40f78d19ccab8eeb34663b4c4e75ae60c97cb7683691cf,32f8e6b067fcb08d1c6f7a77a796faed13a47f207f14ad64bf0215656597bf3a,HMAC-SHA256-DEMO,AUDIT-2026-05-STEP3
893,17d018f9495811a3a7a19fb7,2026-06-04T16:22:00Z,REQ-000893,c6c5d38ea874865e512ea30c,STATE_01_DIST_04_PS_02,873c7de1d90814943680a90d,deny,DENY_STALE_CASE_ASSIGNMENT,P-2026-05-STEP2-ORACLE,17c8704f0c8fdbdc73eee4c7ebabdc713d96a722790b46ac0153160b0cbd7e9c,c1df9e289c354e4da3648ac2e6461dd4eaa9ddff554bfab8d54249a2fb972094,979b395daeb9665a806fe40b0eb78c962020a8c8e5220f68d1051f99e87b53e1,7bd076ebfde09be3325a98f33c965283be990ceeed42e2b927c28bc0f348f561,8af2db3a628be585bcd53e5f34a7f6f26920496c6211ee7f9256742c29715ae8,ca3ccb114507a0c89d40f78d19ccab8eeb34663b4c4e75ae60c97cb7683691cf,8d9df25c869b85e517d70b0b2404c053198aef8385846001661deef70c9bbb7a,e8d1ca5e2d06287f8e041964233ff7377bbaf0dd9dfc83900a8fc268d3ab32bf,HMAC-SHA256-DEMO,AUDIT-2026-05-STEP3
894,f16716dabe2ecd8d9fe7d97a,2026-06-04T16:36:00Z,REQ-000894,97ea02f4f8fba926781c7fc5,STATE_03_DIST_01_PS_01,77d1ee9376ed628449b877ee,escalate,ESCALATE_PRIVACY_SENSITIVE_RECORD,P-2026-05-STEP2-ORACLE,e22140cfa09e922e95025942f13cace29ef975baa004450fbc91f4666dfa4ba0,7a09fd1adf618de2a5100d6ea3dfe820dec8a2b7fe8dbd68daea66fbf0240b22,e83e6a60798625daed536b9fc95df5d1ef8213417d686ebeb50e970a1e98f99c,fadbdddfd5b514ef22b48c32e0f3602e39e0ef0fb1f331876dff14dc4a775dde,fcda687bd595883fa0aaae287e3ac816a3d78b7afe4f95f0206973e801c38209,8d9df25c869b85e517d70b0b2404c053198aef8385846001661deef70c9bbb7a,bf908ef702956d1cb11dc4d5b24394802d86a4ef4832a4da5fed656da4656de3,d10acfd003d5a72e53706e10cb6d484b7dbc939f6bbabc91ed9060edb394947b,HMAC-SHA256-DEMO,AUDIT-2026-05-STEP3
895,3032c7295921092a9333501b,2026-06-05T07:45:00Z,REQ-000895,5d29ee05d50fe82bba4375d8,STATE_02_DIST_02_PS_02,baf86b559647425ddbc4733b,escalate,ESCALATE_CROSS_JURISDICTION_SENSITIVE_RECORD,P-2026-05-STEP2-ORACLE,f0e95573659ea047dc852d0ad9595bb5cc196bbbb7771395d4cb5624c6fa364b,32a7ad50fd156646f7a8e1406aa47458376c3dc69bfcb9b4af3ae726a2aa0d9d,3c2ff6488111f502f5d6f0fa7fcdf5463c1db14a865c90ccb9a578dc7931b378,d26a6236ed3ed7fa74c0897d88da44ae8fac95632a7ec75dbb7d72de4edd9b95,e2fa3c4b5080aea743b7ff5239be43e401136603c9bab00517601d67a5894c2a,bf908ef702956d1cb11dc4d5b24394802d86a4ef4832a4da5fed656da4656de3,cc0d7eaef02c3477ba72376d25bf01299999d77cc1509e81c23a31c1cd656dff,057bb5c0a6b09f8ba4b7751758953149132d435135a8ce138f5d52c9a5a39459,HMAC-SHA256-DEMO,AUDIT-2026-05-STEP3
896,f9adde508d6bed8c5cd646d1,2026-05-28T05:52:00Z,REQ-000896,c078db1796c2d8c169b84669,STATE_01_DIST_01_PS_01,97b25092037eea00eafba145,deny,DENY_EXPIRED_APPROVAL_TOKEN,P-2026-05-STEP2-ORACLE,fae9ccd76d0f32d7af4dfaab4d023d2250142147e9e2077e075df9fc7821ce3b,3052c1b15428dc4c5dc6b8d9dba7000c08a4ac0a1b324d82d19df2e9dfc1d89e,bc662d8e780a4a820a2c1bca22d687ca44d7b82ebd1ab26c7a5cfc23bede5dff,da9dabb363218f6130dfa38ee6eebe25386666be3e8b88f095f104251d388402,bd1d1d4d98b156d37decfe5f7a2a285221a8ffadfa78949534a6562ed321f25c,cc0d7eaef02c3477ba72376d25bf01299999d77cc1509e81c23a31c1cd656dff,c6d091294875b8113e3ef358b59068c8ab5ef7e81467212fd91d7c5991eb0f11,18acfe394f76fbf0ceffa820383131ecee7831aae9271832ea82aa443fcba98b,HMAC-SHA256-DEMO,AUDIT-2026-05-STEP3
897,1e145763704cdad90e21d231,2026-06-01T14:33:00Z,REQ-000897,c3da23329ac65eb7b3af694c,STATE_03_DIST_01_PS_02,1ce4791bcfe4088122f5f137,allow,ALLOW_ROUTINE_CONTEXTUAL_ACCESS,P-2026-05-STEP2-ORACLE,54fc8e1391be8daedebbe29b2f5a53a0a14ece0d3d709494c4c27acf2e5aa05d,9791fa6e37a0abd84b6b7118c4f95a80ac8c4f57ac5f641761b0d52be8693590,6bd0f387cc8fc89bea71025190994ea954ce4e163873e11a2e4f98a6fd44ac2e,d6193ec7bd474d2ced3db0e1b2dc6d2266f46f29a336b50c8835c54d54a4f77f,96dc709907900f56fdb23f67e8e7986397e7cef1ff7430ffbbf1765ec9645fd5,c6d091294875b8113e3ef358b59068c8ab5ef7e81467212fd91d7c5991eb0f11,133c7a67c14db4a603fd4f341e7c9c958c10e771ba82af23af83410a8021f9f6,c4691415fdb68c7974b4fada8d186660dc2d51d1593231b11bdaa2c441bbfcf1,HMAC-SHA256-DEMO,AUDIT-2026-05-STEP3
898,7f7756b4d57dff7538f1b86c,2026-06-05T08:30:00Z,REQ-000898,614c14e8c660d73ace97d265,STATE_01_DIST_01_PS_03,f8d01d9519981fbe6119c784,escalate,ESCALATE_PRIVACY_SENSITIVE_RECORD,P-2026-05-STEP2-ORACLE,2de886b71567c22ed6236aa7a310d5c503b58e961df2ea08318d55ac44e17848,b36653cfc0b5236e6b6b19583bbc93fc4b19cecfa94eb6153d351fe4e9f48938,ba2c7a81e43149b4f4481d4057434759fcd8e39a2cfda2aa2f270de63362859d,1c79c7ba42252079740bda7f5455cbb5578abb4400db82c2888b35c546516f7a,9cf92d644577fb1f04de5ed374d69d76082d6a23ba9c96f54d667c55abd08a0e,133c7a67c14db4a603fd4f341e7c9c958c10e771ba82af23af83410a8021f9f6,55c9197625e0b376065b58c5f64060e199878cc05752538e7854209ab0e61677,d91619c7e97a84c290f66fad0d5092bd1038465b34b68bacad22d6352f890917,HMAC-SHA256-DEMO,AUDIT-2026-05-STEP3
899,705e59bae025ea0616483c34,2026-06-01T14:51:00Z,REQ-000899,ce1b63fb3ee51890894fc213,STATE_01_DIST_01_PS_02,2cbda76432e3c7a37d92e1a0,escalate,ESCALATE_PRIVACY_SENSITIVE_RECORD,P-2026-05-STEP2-ORACLE,d0fa6c95fcf84943c212afc9f8f6fc0644b1aaf603da1350f0a3a0dc70eeb56e,252a461c6524d8c54a0fa7935c551772c9c78fa8436c8f033bade281556f6df9,fce811de129e21d2eea4ca7877190ad035c3548b4ee62206f85ce4bc0aaf0fcd,bdc44aa4cb9d7830d27880dc3537ce9b74f25a631af3c75b1cb0dd3fcf576a16,5782cf51ed29bc1ae6d52bdc559a70feac960f84e03cd4ed2100eeb9502fc67f,55c9197625e0b376065b58c5f64060e199878cc05752538e7854209ab0e61677,3dbfe3941a2215841cf6d880e29bcb887e301d84dae87ec758d53e2bcafc6897,91d8c3f6fd9837e7afa64793596d526cecc6184992b7b6f7a2d668f511a8e23e,HMAC-SHA256-DEMO,AUDIT-2026-05-STEP3
900,10645dcae702f20e6dd3f3c9,2026-06-02T21:00:00Z,REQ-000900,9f1a046129b76f0cd0f13803,STATE_03_DIST_01_PS_01,570eb7fa38bcf5f5722f7399,deny,DENY_APPROVAL_ACTION_WITHOUT_SUPERVISOR_RANK,P-2026-05-STEP2-ORACLE,8e4a935d7954aebd523eadde5ccf1da45e5a7b0ceed6cac385809272cd16ef10,516f231a11141e95ee7a3b328ae9ecf2ae77521fe7ef159f48a93f454b6cdf80,d18e5fa084800bf88db751c2d176afcd2478d79209557f59d2eba076227ca996,478a9cf14849e1875ca8d9c08ce662bf28117c2f8973dd59d96f0267f04a613b,251ec4133ba95b2448579ed9b8525c308e0dd674ceb5d9eb8f5e2b537bf81f46,3dbfe3941a2215841cf6d880e29bcb887e301d84dae87ec758d53e2bcafc6897,882d3e42ebae3cb241df9d8705fd962ed2c58a100d3bb7106d1a06251f95c775,f4a010e5990d6b9575c975ee418297b9bb6870f1d9b8437fbcb73b853ebc0c66,HMAC-SHA256-DEMO,AUDIT-2026-05-STEP3
901,d1da9f6c29c07ce49cc41d5a,2026-06-06T15:17:00Z,REQ-000901,2b64c21367370d53935a5e0d,STATE_01_DIST_01_PS_02,f7101a117c40b4575c2fcf36,escalate,ESCALATE_EMERGENCY_REVIEW_REQUIRED,P-2026-05-STEP2-ORACLE,d2224b09870ff0eb37d92602000f3fd5f673334952ac966aef73406d4cc643ac,38fea772e40f09650f643374becd94b832b10430710644a9074331726b0394c9,58f4b9b88bbfd0fa9dd0a89530e8f34137822ddf3124326a72ce37dd4277446d,9b2e6a789ebee79aff79b9b4b355d3353bb3b41fca465f7b5fd85a6c74065eb6,7fb205aab08ee430c4c43dba9b3a310fbdb50bec5bb405cc2c3d804e495a51ed,882d3e42ebae3cb241df9d8705fd962ed2c58a100d3bb7106d1a06251f95c775,dd1256b47e8b00ae0aaac31db6bda769540e5e74f80d669b9594f44c008a675b,08cd4614f051ecbb051ad822b03918b689012de9d4c3bd2791e17b6eee504144,HMAC-SHA256-DEMO,AUDIT-2026-05-STEP3
902,5d3218fd45e0cef04a24f208,2026-06-04T18:28:00Z,REQ-000902,da8724df1e30e5c801778777,STATE_03_DIST_02_PS_03,c14c6c27edacd158510d86ae,deny,DENY_SEALED_RECORD_WITHOUT_COURT_CONTEXT,P-2026-05-STEP2-ORACLE,f3d4ddebf762d89d7334dbcf4f86177c15edf11ba1df894a9eda7c15285cc901,fd893a867280f34d0d6c84524938677df18bcdae52de35518af38f6ee5edf6cb,43edcf7b5203b03bd3542fc183de45f9b0b8d7358e72aadb0913c5d34d1bc092,3d0792ca2f9322bbc32d4775046b99991583c4d2047c5d0ba59feb44e4b08dff,a9e22f07247ec4b91c294c06934cc6894f9ebd967787b6b245336256432c1373,dd1256b47e8b00ae0aaac31db6bda769540e5e74f80d669b9594f44c008a675b,06dd8b32f83e8e5dd93a739105d765fa3ebf2e13aad7e84f08b7f62ab2461fbf,aec3cc195751de7496a8472110ab47975879eaf10677d3348171ace75361ffb9,HMAC-SHA256-DEMO,AUDIT-2026-05-STEP3
903,e2662def290a5db5b0b8d873,2026-05-29T12:12:00Z,REQ-000903,1e6c5e762b98d4b3d94fa258,STATE_03_DIST_02_PS_03,514216f8601919c64b5e89c6,deny,DENY_STALE_CASE_ASSIGNMENT,P-2026-05-STEP2-ORACLE,116a17121083649778ef7e6cd6527e2ce265ca443e6b4915cc753e33f6d01f92,929a34626ea3ba90868106e8afbb3cc810f9402ee588c949cf9738efbcfabb38,e051115d60c9e4fd3323179d826443bc79220cd1b77a5aaa09c4a91f21ae1604,b0a89cfe50b4fcb1408dc8c662a341c6ecad6b9e57a366490ce9c90a3e8f05a5,bd5687c9b7de1fcfc32177598cbe394cba2b9c768689e7dacc7a8494bf5a0792,06dd8b32f83e8e5dd93a739105d765fa3ebf2e13aad7e84f08b7f62ab2461fbf,6dc229f8b5eddc17b3638089f7aafa4d63b1c09e6cc78c6ab09afcb5f4d57676,48f0233d99dcaf2b21463711d4e8885c9c69011ce38311081621fb58570f8645,HMAC-SHA256-DEMO,AUDIT-2026-05-STEP3
904,989264a51aa10658fcd5b5c7,2026-05-28T21:12:00Z,REQ-000904,5d9a86e9bbd1b3774caee2db,STATE_02_DIST_02_PS_01,570fcb5882c79818b6fa7ccd,escalate,ESCALATE_PRIVACY_SENSITIVE_RECORD,P-2026-05-STEP2-ORACLE,522b0224aa9d25576855449cb51272229775b2c018e42d296cf3b629d3287ba2,40d54bb6caa501a2aaac02485f16846128b77d37b1082b3268f65ae94ac5a730,cdaefed5039112d4f398009f2f27b5fdf501f2915dc33df47adfbf7d2ea826ca,ce00a2bb6b659ea5ebd3021a21974ad9a9a0f6ca705b8b09668b4854ca064776,2367f58945f06cd0fecb4a4420ba09adcdf468edaab08d30a14382b33ca5b687,6dc229f8b5eddc17b3638089f7aafa4d63b1c09e6cc78c6ab09afcb5f4d57676,42c4aeb500b22fdf9eb301138af05afcc3214fe68bc543713521b0f48f7d7f4a,d3b283634333ab646b43b332d763a7f961974e7741263cef145743c43f72e3f9,HMAC-SHA256-DEMO,AUDIT-2026-05-STEP3
905,81a3f13fe62d147b4f066314,2026-06-02T06:50:00Z,REQ-000905,f57ebd05797c0d495cf5ad8e,STATE_02_DIST_02_PS_01,6aabf48095821f12d5d59868,deny,DENY_APPROVAL_ACTION_WITHOUT_SUPERVISOR_RANK,P-2026-05-STEP2-ORACLE,ec09efee243b76863d179f9e4c59c5f46dbeb486091228da9447dd4b2389d037,50d1901e29115cb7d97f64f0c54dac533630fad4d89f789ac9d9a9c9877b4337,fdf2f58524d3aa1e1691c0daa81d103fc375cb743f7f67f4e67b9832a6f05408,e39a81283e7b397b524148ba6d3329633b760fb4ee7deef9aaa1b87d48c659ef,305f2506c160297d47662fd3badb9b8575871e4d3b8ec2e8d8e834265da249c4,42c4aeb500b22fdf9eb301138af05afcc3214fe68bc543713521b0f48f7d7f4a,44991f74b5b37f3e634f60c3ed1f55a3f21d99ae3b50b399ab6c5924ea48cc2a,dcaa0046fc7a70fd3471b0d72c5a9afe5de6628ae3d298f0b09813ac672da8e4,HMAC-SHA256-DEMO,AUDIT-2026-05-STEP3
906,b12c37cd679b58722a5cba29,2026-05-31T09:42:00Z,REQ-000906,b2c7b3b76aeb981b1bd8756b,STATE_01_DIST_02_PS_03,13e3a7ec6adf6a6efb5970ef,escalate,ESCALATE_PRIVACY_SENSITIVE_RECORD,P-2026-05-STEP2-ORACLE,bda437fc0fe8e393cf033a8117f26318f96762e0f636876d7582554bdba22f05,524683b68cf2c774514924e2a3d167fa1cc3458e5b38461a96eb7d362a21091e,cbb2ae4e7e8c0fc07843a82facf8524ae75fa71781c4eb08e41bd0b0b202644f,72d822718d85ab14814bca1e319ca0002af5a1ca8aba3a5ac9796368dc8f388a,339c3a8dff841c1d94f2e1b8786da87ec242209b03e6561efb44a726c88c31cd,44991f74b5b37f3e634f60c3ed1f55a3f21d99ae3b50b399ab6c5924ea48cc2a,d1d3759f53f93e2477b01615330fcaaacd55ea834a3827721603f90b64579c8a,3d8d522e683f90790321f43b6f758e452842c0c0e6a9767bc5882c26396e3268,HMAC-SHA256-DEMO,AUDIT-2026-05-STEP3
907,7b99a391068763d16db3bb56,2026-06-05T10:45:00Z,REQ-000907,73518b37a439a4d90b18903d,STATE_02_DIST_01_PS_01,5c4dcd6cb3328632f88609d4,deny,DENY_INACTIVE_CREDENTIAL,P-2026-05-STEP2-ORACLE,33be188e4f1fb7843eff693b3a0e6e198cc2505333e79ab5a1c3c25c7fa454d3,c4f6be96827d0ecb268a3feedb193593d182d2ff12ef7a527a32c9e18c4bbc33,2af856acf3c5a58cb5c88872fd5299e10fe61e938c0c906da5e4ad97aa7f93bb,d84fcc6e633c27fb1002461d72a855134950d2f7532cc34142c44bcdeff74d32,0a480e5ef545754e06cadd463921b55dc86bbd7710eebda65f851f8a53855411,d1d3759f53f93e2477b01615330fcaaacd55ea834a3827721603f90b64579c8a,7f3244f192f339a3a17068715520da447ea703ebbd985576b07555fe992aa07e,d4d60345dfe11458b26a5374090b0e4f2a8069fbbf549cc657b2df94dd3847be,HMAC-SHA256-DEMO,AUDIT-2026-05-STEP3
908,9550c8dde3b0a0cf8b3b7df3,2026-06-01T16:12:00Z,REQ-000908,750741a21ba1ad37a768df1b,STATE_03_DIST_01_PS_01,8141e33806e7c1ff4897751c,escalate,ESCALATE_CROSS_JURISDICTION_SENSITIVE_RECORD,P-2026-05-STEP2-ORACLE,f79a69ce57b6c11baf5916d1dc962e1dbcb173aa38f8059adf15fe0ff320560e,52b57e5369ea00032e257c779e7bd979592f5ff6395727e7717a725339d6812b,68a44487da69b36e7676147251116ce41d7ab494c049fc57e0386f3db03c4741,2048061d5dfbbeb2122dd4cf19a462eddf188e2ca75fa43b91c9f963f3e4b009,e0596b03f1ee46ce264b7681ec39cf5f3e8ef8d8ce2fa6d028844cec56f4c0be,7f3244f192f339a3a17068715520da447ea703ebbd985576b07555fe992aa07e,7b40ec30c078f49fda2ac285dbcca9ac65d6ef2046f0dac42f00412661184697,98ba56bae5be74e1ee7380ccdf333d8f969955dc8d811f1dd95d4a4e7494b1c6,HMAC-SHA256-DEMO,AUDIT-2026-05-STEP3
909,c4600bc7788ff08c408cfc1f,2026-06-05T11:15:00Z,REQ-000909,46719ed3c0b1ab7f0fbf5f90,STATE_03_DIST_02_PS_01,949e9506f350533dfbd08052,allow,ALLOW_ROUTINE_CONTEXTUAL_ACCESS,P-2026-05-STEP2-ORACLE,e7c8a4acac6901cdd2c0deb6ab043cc431b676a734367b87c6f0dc930d8e0eb5,ded406912d9d01ff2832c76489a348e8260f37f62e65592ada3435ea8300ff93,d4d10d54fcb2aafb06b9f80d58eb3e49013dec047fc7a42ea25a0c1f831736ca,afd264752613a028da7e90b52ad71dc50e62eae903957166c9425b5812d47a56,5a27d50d25ee62bd4091dedaab8d8ca839f408d359ffc39549008826520eb57c,7b40ec30c078f49fda2ac285dbcca9ac65d6ef2046f0dac42f00412661184697,45f8ad529563d21c99fb4c0a97d338a6500485427d078b1dc21fd1ad699a135e,41ae27baecbf9c8a4d816a63b2cb8bb04566c8bcf254486d1180ebc4183c3c27,HMAC-SHA256-DEMO,AUDIT-2026-05-STEP3
910,9169e6ae6486c87d3cf79937,2026-06-03T14:00:00Z,REQ-000910,17c3357ea795f04352db1db0,STATE_03_DIST_04_PS_01,a46caf174bd38632a4dabfb2,escalate,ESCALATE_PRIVACY_SENSITIVE_RECORD,P-2026-05-STEP2-ORACLE,a3f28350e2c395e73de2ab2b335d626e34b71fd0451c2efe947309fe7a8e70fd,b7a66153dc0e29b4b38170ced11132618e0dbc2de4744a754ecb1b46f6edcacf,c6bd1a34a1a082a89b540c8c23ab8cdf33e34a2d6812107576531e80ac8f6e77,3411cd24bddd4aa5d848ca0051461264b8f023fab404e457e173cd292a8fc287,7ca59aefbc94f6870aa73e5527ed7c56e3becd4022c2184ea1c7e71325454aa5,45f8ad529563d21c99fb4c0a97d338a6500485427d078b1dc21fd1ad699a135e,74176becc2d86d1f4a1472a97dfd7e9fa531ac164cb4be82f99e117ca4d4378e,6304905038e49ef06ad5914f08f704c4901e65df8c959dd4f26fe0345b880b77,HMAC-SHA256-DEMO,AUDIT-2026-05-STEP3
911,b0c70028fa2cc6058bb46ceb,2026-06-02T23:01:00Z,REQ-000911,aba84a984ee3606ae0d30a0a,STATE_01_DIST_04_PS_01,95272f463d03a2186ae00bc6,escalate,ESCALATE_SEALED_RECORD_REVIEW_REQUIRED,P-2026-05-STEP2-ORACLE,7c355368b406b31007154bb66dbdac6491c9cc4847e8d659f8bcc9b2eace1f59,6a1bb4b973f546fe25115543b095a8fd93e64f5c0b5ad25406f0d5caa4eee6ba,514e6046dd16fdb2dd72fe204ecc50aff7d1b31119c14a3ca07a5c6f5e9f535d,5f7511f75540919c39871e341e73133387ee1fa0c75fdf24f6aea771bdc3bb01,bcc8b3ba8e5cc63ee8684653c4d104e479d6317c589d2e5c46edf3d3feb66d10,74176becc2d86d1f4a1472a97dfd7e9fa531ac164cb4be82f99e117ca4d4378e,f5893db49e46394a80bceea292431b1e6d6067d32d30bf65d5916c5ffb03d058,ab77f86f95cc6ebd2b7c33d0a6cce232ef127fa570faec3736f3d66a6148577d,HMAC-SHA256-DEMO,AUDIT-2026-05-STEP3
912,52f063f6d848e232055bbbaf,2026-05-30T19:12:00Z,REQ-000912,f1533940112c34367e3740e3,STATE_03_DIST_02_PS_01,eb98737f534a00bfebfcce9c,escalate,ESCALATE_PRIVACY_SENSITIVE_RECORD,P-2026-05-STEP2-ORACLE,471b5abd9ecd5cdb0a831ac8c6ba18d6e92f65388b19a9427d34601f582176ab,e2f07096764e6edbb6de6d92ae95abb097a878e71187733c4751691cb818526f,81ad5b0d1c415f18092d9b1ba9181117311e2405de0829f7c91222afca972790,f3278775861acd2687695b6d8a0026d8837fc3546ff5b872af2481104dd17d54,1fe0e3d117affbc63151acd07082c745fa6dd0eb259e15c0f7f0eabd5dcff910,f5893db49e46394a80bceea292431b1e6d6067d32d30bf65d5916c5ffb03d058,c7ef7f5e6b454ef4b31dd57281bf4f9ab3bc00bc98fe6ba30bf4bf69e5341327,2f8b73ba228dbaa7ca2ccc43946b097338381b8f24c2d695ae71f4b4d10402de,HMAC-SHA256-DEMO,AUDIT-2026-05-STEP3
913,7119da8af93e9cbff1ab2612,2026-05-28T21:39:00Z,REQ-000913,86505bfb457a23f7a0108287,STATE_01_DIST_01_PS_03,c546f9235f27603167edda58,escalate,ESCALATE_PRIVACY_SENSITIVE_RECORD,P-2026-05-STEP2-ORACLE,9342f9f5aaa946dfc207b8f05324719f664f9ccf94f9dae315edd3e2343c384a,dbbd6cdfa11cab22b0190410ba558e4db82ef61d053d7aa13abe5c31bae72fe3,c1bc9adb63df81bf7a61f830e1c8f68929335ecc8731f4d65ebf96afe9d777de,bf9d274ee1065edc9c6c1576209bd5a2f195c9ad6817fda98f18b1a011b36495,667c4874e1fdc4f8a3638f702658765c2a4e464ad9f84633a83a5d381381446b,c7ef7f5e6b454ef4b31dd57281bf4f9ab3bc00bc98fe6ba30bf4bf69e5341327,7943dc4c3f592f571f3b2785bb9041a2c3e4a9853ddb73bae6758640b99e692e,514a08f7a483291e56c2e5fe13e85b9e7c66267ae406b4454601d85f8f719f90,HMAC-SHA256-DEMO,AUDIT-2026-05-STEP3
914,e86a627bd085f6de69a36fe8,2026-06-06T03:44:00Z,REQ-000914,f1cd31d43c526f5a63bbd87e,STATE_01_DIST_03_PS_02,19f9edd30f8406ca598631a4,escalate,ESCALATE_PRIVACY_SENSITIVE_RECORD,P-2026-05-STEP2-ORACLE,b0f5c7b3896beb1d459bd5e76bb24e901175da82b75773fb363afa6f4e4e8e53,d2fe998c737f862901150a38762083a5c52c5f71191a5b370182eab4e252991d,9026aa97a8380719e79dc97404403edb106332a2d8ccebf43114150d97dcbd69,2122f4d51a334fe559b2b9be2c42f6ce6ffb125b92a6616f26d1151278efbe17,d99438fa4fa3320f2de175fd12b4a924ea89e1ff38349acf3f9bf226957262e7,7943dc4c3f592f571f3b2785bb9041a2c3e4a9853ddb73bae6758640b99e692e,5ab3e0fcc4cb351320fa034ea0092b6d89a2278f389459242d818c69cc297e3f,d100b363fba5df2da708630e386c9bb0e96e87665fdec8d6b79d2a9ba818568d,HMAC-SHA256-DEMO,AUDIT-2026-05-STEP3
915,b02ef8255f6e6ac5f65387ed,2026-06-01T17:15:00Z,REQ-000915,b2c7b3b76aeb981b1bd8756b,STATE_01_DIST_02_PS_03,e75112487c579ac4b3944b49,escalate,ESCALATE_CROSS_JURISDICTION_SENSITIVE_RECORD,P-2026-05-STEP2-ORACLE,d006969683a8b229aaed57dc63bda2df4a2492244284851b990a6aee5241ccfd,e11a844d5c1edda818dd13a6bc39afdef8bc0ace75144919e830f91e33853018,02d4ade811e38237e77df8a46c2567b4ac33f26a86052e9a9af7d8b2c98d6836,c614abf9c07786a1274c8dd2d4523c599064fa11625f0745f3cfdf2d7c4faf4d,d1d3416adb07b2b1dae1f4eab70781d4d2bf1f4ecf64430acdf6c5c6e142a87c,5ab3e0fcc4cb351320fa034ea0092b6d89a2278f389459242d818c69cc297e3f,e08b12762c491b7c848ed5a4e44da2e094a2740bfa0ff9bdb47e5e55eee33b36,e869b226a7232775f0be3339c729358aa00dc3c608c007e5b4382c509cca9f63,HMAC-SHA256-DEMO,AUDIT-2026-05-STEP3
916,db55b3b4629f8c61c2a487e8,2026-05-29T13:04:00Z,REQ-000916,d57f9cfca107b054602e3afe,STATE_01_DIST_04_PS_03,8542907be82d8ebf3ebccb80,deny,DENY_APPROVAL_ACTION_WITHOUT_SUPERVISOR_RANK,P-2026-05-STEP2-ORACLE,b674e23aba06b161463186691e71c5dbd0f25c6cfcee5ef14507010ffb5adcca,74d12e17774a304f55547edd374f74733835c83cb0cbfa392baffe2f6c0eacab,e9cc89f0b2575577fabedb847c36bdc836bada6f3fecead12551607edbdf5027,f43c1807c3ce555564e18673b49cf2d032855bb9996ddd90259cc29453eefac1,a3ebb802f98b8eef7f67d619f8e154cdd349ce4f44e7dbb354f735190872fb58,e08b12762c491b7c848ed5a4e44da2e094a2740bfa0ff9bdb47e5e55eee33b36,54f79caabb5d8cc33aa7f342aff98bd136f34cf279202c85bb8d3986202fd6cf,32be96042801c9369ddb13eb3e537a1d466892ea79185de755d64b2b9d04eeab,HMAC-SHA256-DEMO,AUDIT-2026-05-STEP3
917,a4bf3f62018f8cf0f0f5b6ee,2026-05-28T21:51:00Z,REQ-000917,eb2cec3f8312decabe6f3925,STATE_02_DIST_04_PS_03,27937d1ca81b65088a41774e,deny,DENY_EXPIRED_APPROVAL_TOKEN,P-2026-05-STEP2-ORACLE,e769b3630424e41eb190770b94fc3da11e75fbaaac5d30a8b152bbdeb3b397ff,494a8bade7d8950b162569c6dbfaffbcd862f43046fc77921d848b97d8c0a6d2,f6d835ef16621305ede66088f7ac91bab717af9a8858f436d2fde24daa35e549,88839340546272aa1b725d8feca32756b07103a4ee84b840199fe4849dbd3264,0f800db23f977882b882d1627a4a45c3a1c5015197d40b61caa60f05627ff595,54f79caabb5d8cc33aa7f342aff98bd136f34cf279202c85bb8d3986202fd6cf,11f7a08ae1a8f06e205064a5ec8007b4a193dbc7525878e2b170ef791d013a07,bbdac121698964753e31b6cc772f95a963cfd1db61bbcbfc619e4bda4e36b4c4,HMAC-SHA256-DEMO,AUDIT-2026-05-STEP3
918,552171b85e8dd6cacc31cea9,2026-05-29T13:12:00Z,REQ-000918,2e90133c615ae26c343ba035,STATE_02_DIST_04_PS_02,673ba424a3a4663dda643f8d,escalate,ESCALATE_EMERGENCY_REVIEW_REQUIRED,P-2026-05-STEP2-ORACLE,c8357887ac0bbdd3bba59208ed9f487bbb9324462acdff1ac5407d28fd3e8542,dfd7c59a9ecc4e5b101674248e2c026d6d48f19580719514f57add6f54010e17,ba26161ec49dcc8128ace9ceeac2a89c36df0a675f79838fe1e4a9708c0eabad,dcd7ab63dc3cc434a6e10f6f824939ffecde55d4bc58bec13196ee2ff9bbd78b,4df270b6c4aa3cc1a8483901929050d49b0f2c8c74e6c5f5482feb89d87e4ff2,11f7a08ae1a8f06e205064a5ec8007b4a193dbc7525878e2b170ef791d013a07,fb8efab84f07df7a76e2431788bff19790981f69fd561c84d413dbc6c69addb0,53e171278f32fac35fff3b7c35f02138f8d9f13332b7bc20b9fc1abbfeae0c60,HMAC-SHA256-DEMO,AUDIT-2026-05-STEP3
919,ac919f43223cca4600fd7673,2026-06-06T20:23:00Z,REQ-000919,12eb6ff70063628bed70540f,STATE_02_DIST_02_PS_03,b4c023d7b119f20e5d0e1666,escalate,ESCALATE_PRIVACY_SENSITIVE_RECORD,P-2026-05-STEP2-ORACLE,c4f064dac7e8f37d87694a85b556fcd6b31edd054f847cd95467020c39ca62b4,a2b379ee61479e001853b4f17917728d050dd3ff1058b0f337055bd4f3ae7767,25ef5e95ab4b1a1a0738ea13c7e9e8b25dffd60b5e003cb2b2c4a0d2faa4690b,cba1ae636d28a6ff4c6c5cf70ec443eb556fcd47511d3eee5b4d3a77e008f5f3,523a949e7791ef29d882492b942d4fb39c8bdf6cef8488073a9595f00f4f2c7c,fb8efab84f07df7a76e2431788bff19790981f69fd561c84d413dbc6c69addb0,2950a6785eb06db2cd3d29f84e9a7dde6d693d3b520855522d924fbe759c1c71,cedcb3e9a43069aec629711c9a43ccb2bbfa220ed999ba9c3101b3d4e55cd36d,HMAC-SHA256-DEMO,AUDIT-2026-05-STEP3
920,d568f9910d9776d7146a42c3,2026-06-04T07:20:00Z,REQ-000920,c3da23329ac65eb7b3af694c,STATE_03_DIST_01_PS_02,9e07dff2b8dc1dd1a0637d25,deny,DENY_STALE_CASE_ASSIGNMENT,P-2026-05-STEP2-ORACLE,b2315b13ba42c4e63802c973addbabfba7eb6c492e109ea8e0732e4ee8ccac21,3dca0e93cd93868462cd4c9ece33280debf9efe78688a432f8513139853fb56b,6ad48b1c8ab935965b85dbda9a04d779c40e263aebcbe88c0e1b65e844f5fefc,cd2e4492f4b1fed884f2e88e3fc3af603abbdf2f58a2edb9a24f101b767b8f1d,858aebe24ce31261c8867580eb4607bf134ce4106f0b4091bb4eb60a0edc370f,2950a6785eb06db2cd3d29f84e9a7dde6d693d3b520855522d924fbe759c1c71,482dabb84b1b3b046a0e6bfe8a0a99ceeeaa79081d58ae4ef0c9c8935227b987,391b95f2514bc83e500e05b211cb72ace7dbb059c6527a284774824e4cbcc851,HMAC-SHA256-DEMO,AUDIT-2026-05-STEP3
921,5b8104bb88856e3223dee639,2026-06-03T16:12:00Z,REQ-000921,2be0332c4385b770ea00150b,STATE_01_DIST_01_PS_02,e4a86290e5a510bf01d1ff81,deny,DENY_STALE_CASE_ASSIGNMENT,P-2026-05-STEP2-ORACLE,f0aad8880afc550990e526915236628d697aad97337d6644a46825003e2557db,4ff907f1d6e43b23865e43d56e035923a2289418dbd5588bade2590145c43fc3,b194e57db0416ab376e0592939e4408760500b6638a0d0b90f7333f1efae9af7,1d7c718ec8c79dc51805e12025cf4457dac25869a62c7060c0962cd023146aa7,037eacb00a47869f0bc465ce1a00c5fa2ece9fdc4473062666a9ea8f8545d7a4,482dabb84b1b3b046a0e6bfe8a0a99ceeeaa79081d58ae4ef0c9c8935227b987,62fbf2b89760e52988a93936b346e5b170b97ef6bbcadb93fc566324f13b8b9d,af0985912f9506efa8666ee5eed1fa99d08bd0831031272fcca7cc98195e441d,HMAC-SHA256-DEMO,AUDIT-2026-05-STEP3
922,e7d1e2e9a9b17877acc2837c,2026-06-04T23:08:00Z,REQ-000922,aba84a984ee3606ae0d30a0a,STATE_01_DIST_04_PS_01,c14c6c27edacd158510d86ae,escalate,ESCALATE_SEALED_RECORD_REVIEW_REQUIRED,P-2026-05-STEP2-ORACLE,4bc24db3a362e0fef01c79e4d2a32a9b9439f876711fc513e4ba4a1c3309cb9e,83462a931adf92bed0017b7a57fcfea136bba8003c32f8ef9685d9ce4709a81a,a00c4111573e856fc08b6548dd4986b78e21bd94674706658e23d3844a6bc054,7e349c2d2799a4b5165a38d4f6256dc3225beac476271574387af2cf63a192e3,375fa13a4cb19fc967498bd859720cbf57004285b65df2065e5cfb0fe92d0620,62fbf2b89760e52988a93936b346e5b170b97ef6bbcadb93fc566324f13b8b9d,53b1387976ec56e08b50aa5231eff2b91776bf33c8d9273c604a82d9febbb138,b0086d3a233859fcc228a0e9f6cea1c9925cc54b73baa6e1f504490190897f6c,HMAC-SHA256-DEMO,AUDIT-2026-05-STEP3
923,988313d36d066fbd0c35bd6b,2026-05-31T11:41:00Z,REQ-000923,e48c526210cf797e3886d5ef,STATE_03_DIST_01_PS_02,aa31525ccbce63a1ef943aba,escalate,ESCALATE_EMERGENCY_REVIEW_REQUIRED,P-2026-05-STEP2-ORACLE,f42b39ddacfeecd06e32657045f2c186baf4c36dca902d4d4a6844a3a8000783,027651b3739cb58647213437c9aab418742098515a5daba67bee914552496cf8,60e8c6137ee777798f875812f860deb89365a84fb891dee096e09c8be318b679,f0ff5ee68aa00a88f3f1bf33fdb9d6ade6bb68947a4efb7f2e4c02c95b4903a0,62847bd9e0926485baed93992398a3262ba19fa382e460fcff96d2c0888a3ac6,53b1387976ec56e08b50aa5231eff2b91776bf33c8d9273c604a82d9febbb138,9ec19ee436540080ef7f35af90b1fbb3b468856d246c74f1fe9c67bea0d8e734,e68eab63f26f0d7f0e91c0b905efa5918085a5eff2ce229894963ee9c25afd78,HMAC-SHA256-DEMO,AUDIT-2026-05-STEP3
924,db0ea4acb4d94c7db7b099bb,2026-05-28T06:48:00Z,REQ-000924,b0f05da9786602e3afcbd606,STATE_01_DIST_01_PS_02,dbc9514c0caf7dba5d34549f,escalate,ESCALATE_EMERGENCY_REVIEW_REQUIRED,P-2026-05-STEP2-ORACLE,61780801ddd79916eca9a3e19b10941cfdf7f9d71a60f6ae1106df497d256b48,aa889382d3738640a3ae239b474a0782ae059fbd109f3c279be8dc5c647ed690,dfd0e44c85bfb32dc3c9bc6785d4d4413973ddfaf58ba3a53ed9d1821d8f0b56,da0ad1143944c8e589db2cec381bf81f67bf4356becaa67da0c72c9ed8221c3f,cc8367bcaf897b06a87324ff54c84f1632242af8ff851e8f601da5fd9fb17fb9,9ec19ee436540080ef7f35af90b1fbb3b468856d246c74f1fe9c67bea0d8e734,db6e6ed55521f22790a491fc97a3fbc53cc46ee8b30e4b6132a7b3c3ed8a4e60,fe7c0fb4308b9fa7099231b0c15dd69a3e2bc0556a66db53009224896569c178,HMAC-SHA256-DEMO,AUDIT-2026-05-STEP3
925,24f32f0cf04b143082e5ecc2,2026-05-28T06:50:00Z,REQ-000925,47e9daa6a9eddbbbae1d0bd7,STATE_01_DIST_03_PS_01,24c8c0c8b19638b5e8c5fe9b,deny,DENY_STALE_CASE_ASSIGNMENT,P-2026-05-STEP2-ORACLE,8efa6ab2ec074a08731fb9fb9637fd30abd55389009bd7cb7e3dd1df297916b1,b3213ddec700d5111925b36fec840077a2950cd6932f222917e5a72c5a75917b,0668a1288b4ab8d23436835ffbcd7efaf4e249fec9304349026a8c9ad1ba8a2d,10fe8818d4f440cb4193de7c1781602ffbac857dc713cecb8f059a55db80bd23,895e3df79cb6a3b63bd454630c01d2637357f905edea336fe33d338d7a9494cb,db6e6ed55521f22790a491fc97a3fbc53cc46ee8b30e4b6132a7b3c3ed8a4e60,4bbe1b58c8acf68666f9f61aa57944de3d7da1112c20b4cfa8e606bfea217774,d1e322f23b541f8685f11bcec96fd543302362ebf346f36b42caab4b0a942736,HMAC-SHA256-DEMO,AUDIT-2026-05-STEP3
926,02d706d083b8b73da0ec106f,2026-06-01T03:28:00Z,REQ-000926,4fe847ab79de841540c7b990,STATE_03_DIST_01_PS_02,5a2346d627dc5abc734fab91,allow,ALLOW_ROUTINE_CONTEXTUAL_ACCESS,P-2026-05-STEP2-ORACLE,a6f8d7a4b2ad9d67f6123075eb203f48faf350f8b3b00ad35516382b1ea1a7d7,b414e6162a814da4c3c1d98abeb68f6d4db490ffb6d9ba60f2de78030987f912,76c7f5860b7312099fd4b400aec16768beffde1ab90840d8d1c9f7db8333b883,d81f4a3d4a4d3ccf2ca24661b196e2e5548ff135a99ce55a8beef8afbcc6714a,7b7076dbddf9fbec595180d8da928ef3015abe168e456ac1d43f94cc8352309f,4bbe1b58c8acf68666f9f61aa57944de3d7da1112c20b4cfa8e606bfea217774,558367869d813252b3f6f1dbc43fc874d470986a1bd5f17aacd0ea10b7144380,e73589108e98a67d05d524e8c60e8c5f088ba168b69aff2ae20bb1cb4d33dc68,HMAC-SHA256-DEMO,AUDIT-2026-05-STEP3
927,8f88a07cee125dfc43ec6253,2026-06-05T00:18:00Z,REQ-000927,e48c526210cf797e3886d5ef,STATE_03_DIST_01_PS_02,ad93e2928b72a7e21702b4ea,deny,DENY_APPROVAL_ACTION_WITHOUT_SUPERVISOR_RANK,P-2026-05-STEP2-ORACLE,f080b3f8a9cbe9a06ad0c46b2343c3ab988fba66e0e7be6d3b0e34d84cb4ef71,bf9e12e0fb56e7589c223eb0925d8a0ffcbfb6257046d46b96d95c4f6742aa6b,ec73f3355e26711296628c9e24bc9fa56fdfaf5c72ad7761b48edaca324b0fb4,d588da315583521861b694658bd08b975441715a82b4e7ce5de40950c7e53f09,cce2ad13343cc758b1a9e123bde0766524e7eec06d83294e87ec539c087e2641,558367869d813252b3f6f1dbc43fc874d470986a1bd5f17aacd0ea10b7144380,44dbcf3a8adaac51b2706cccc886b609ef5dca9cc9d8f9aad1e0a5d36e0eb81e,7cb5e1564bdb9a7f22e301a2ee5d8984b2987c63fb792ef73721f98c817b2594,HMAC-SHA256-DEMO,AUDIT-2026-05-STEP3
928,d50a1caa3e9cc6dc1740c88f,2026-06-04T09:04:00Z,REQ-000928,acd11cf62713639d9ec501cd,STATE_02_DIST_02_PS_03,361a07f3293bb4a0066f3f14,deny,DENY_STALE_CASE_ASSIGNMENT,P-2026-05-STEP2-ORACLE,d345afe0be7ee6d5baf5868cba599babaec99c03a7116a8a570a04b5d7939f44,cf4bfadd300803079369b9898d947fac77b137cad62c05abd1ca4f8f36c44138,0e9c688f5a4f6e0bf5157dcd24d106eba25895fd26905ad23a67b34ca66faafc,a3e4df394858f3cafa5afecf1ecb01e21028b79e45bcc4f549b6e815b149f2bd,ade3a482066456f2ab4e79a2ea406c456aafa3fb1723c634c312a5e600049d40,44dbcf3a8adaac51b2706cccc886b609ef5dca9cc9d8f9aad1e0a5d36e0eb81e,20d3013f7178df4c3920e035cf828c09ca17160eec66dc6f228e708fa429409d,4f004cd3f9c47040c265fe1c44c4305a129e4b709665492e5c4d202f7871d74b,HMAC-SHA256-DEMO,AUDIT-2026-05-STEP3
929,896bf219c38f13b91c6e37bd,2026-05-30T20:54:00Z,REQ-000929,f04272809174dac17c3936fd,STATE_03_DIST_03_PS_01,d94d037bceb6d6ea53e03101,deny,DENY_STALE_CASE_ASSIGNMENT,P-2026-05-STEP2-ORACLE,6ff63268a00f745e17e732ecf0c4a54d8894edec13cf4092752a3a0220f750e7,9d06e06c452c4081b9c3c9354163ff0c61e6da999fbde779882aad98a5b77097,bba43839f84e86648135839005b5cbd08cd39ee1f7a3af2d597fbd204982eaaa,2bee72e0f5f425573195817f703e0d312eb060b3c07832c6636438c85c258900,dfd2be409c7ffc71efc8c58d3b8df9980e12cd712c7d48261f59c62d15a36318,20d3013f7178df4c3920e035cf828c09ca17160eec66dc6f228e708fa429409d,0e832fd8a75bd57a4afb91ed94fa08920ce0329e8f98b16c6f777c8fbbad9091,6a74400f5320bb1968635a86db1d612d177935636ddd2560955a27dd8e4bba44,HMAC-SHA256-DEMO,AUDIT-2026-05-STEP3
930,9d2bf15e9446867da830bf29,2026-06-03T02:30:00Z,REQ-000930,7e2b88d260bb5ef29585a94e,STATE_02_DIST_03_PS_02,17ebb06a599dae60d15c8174,escalate,ESCALATE_PRIVACY_SENSITIVE_RECORD,P-2026-05-STEP2-ORACLE,a0222060abaf14e0113dc2739d49457e60ba6142cbb2355e315ebf1672b62e51,57aa421c54a8a5b73af33e994b6a3e15ccea57b43a2eb2abc0cb338c28940708,9e9f8cbe056551bdaea598a0532c134c9e786ba0ec373f9abb0d1455b68686e3,3916c9583cbe255f5d64e7c3ea3d4b3c761a680e6a9bdc818cae43adb5a5ef8c,403cca3ca1e2dc286c47ab6b9498f5a97ff83614d5a82b7d50402be6139fbbb2,0e832fd8a75bd57a4afb91ed94fa08920ce0329e8f98b16c6f777c8fbbad9091,b59f7da6ab8240b884898c5e6b7339aa067586a609c71cab565d72f64d9bb717,9895be34167286d3fca36d2aebd5638606487c25b4e786659ea277726af54e95,HMAC-SHA256-DEMO,AUDIT-2026-05-STEP3
931,f641b6733ead53370b5f4c49,2026-05-28T22:33:00Z,REQ-000931,7eb01572e4f979827683d0ca,STATE_03_DIST_04_PS_03,5ca844b2848b805c696a09e9,deny,DENY_SEALED_RECORD_WITHOUT_COURT_CONTEXT,P-2026-05-STEP2-ORACLE,4038dbe644c3ef9394a32da2ebf0639c08b5f27e91ab39327fcff6c984f3fb5a,0493414f11afc938f2949b16a8c432ee6268c3366939376dc7a60a30e3291a2c,b27c645a3518a2aff57c20c2fd629cb370507a34f381dc9299c9eca3d6ea8cd7,198a5cc5c9de33e5da42439a00920b5018facf1ee379e9dcf21cac7700a384ec,a01f3663d2ffcef27d19da2eb4f22529b5495653c79817ede905b7dc51e58100,b59f7da6ab8240b884898c5e6b7339aa067586a609c71cab565d72f64d9bb717,52cf8a3c5220616903ad48e7d64304af9cdc39a51109c8a35fb531476a587d35,0b9248054e3fc39cfa067f84987b2a35914137929702890c7191a4c9d2f74194,HMAC-SHA256-DEMO,AUDIT-2026-05-STEP3
932,e6b0234693a2e0dc9fd7c1db,2026-06-04T09:56:00Z,REQ-000932,c0fc3111ae7a563a9f54250e,STATE_01_DIST_01_PS_01,e7cce0ac8947d10332441258,allow,ALLOW_ROUTINE_CONTEXTUAL_ACCESS,P-2026-05-STEP2-ORACLE,b5265f4d9d2593dc67bce7cfc00b95e08d7e366310c181dd5b4d9275a2f5d629,1af7fa757dca134f50309c44391838275d54bf57c47ce22dd76b72845fa704d7,94bd27bf12393b2551e27fc51d2f1101ae8c85bb7c0660538ac27efac6dea1c1,27bdc97d6134aa39f08757e8e979a2c213ff31211cd4553656213284b1ce4641,52c7c4d59821cf427c89b5461345a93a361827f5b12f9d793d01aae5dd4049b7,52cf8a3c5220616903ad48e7d64304af9cdc39a51109c8a35fb531476a587d35,90b0ca21bd20a9369988ec42a25a97c5969d746d59dcba265c62b44f4670d263,6d976a16f03b85f6125d53739214f06d6c6a0fcbd31e9317518104946da483fd,HMAC-SHA256-DEMO,AUDIT-2026-05-STEP3
933,4b0ad5643ac3f234d1b29886,2026-06-03T03:03:00Z,REQ-000933,ecaec2b1bb689d9a6ebf8cca,STATE_01_DIST_01_PS_03,1922b95ccc37339a4045c508,escalate,ESCALATE_SEALED_RECORD_REVIEW_REQUIRED,P-2026-05-STEP2-ORACLE,66e9369d29a22b61b868d627b9c48848ec8c2a2c2d5d15887c96159c3e1368e3,ffd2628ff49035904cf729a0f000937bc453fc3a212b8522cfe164c9ae6afb3b,b6d1cf51a429df09ea813442af95e066b317bff3c0abef99b73f1c7ab2399769,fcbb4fe4fb8f39ea5b4c7efd7d2f90b3f458d0f0969494254651583b9bc74197,b072bc1a403dfb6239fe4ff55634020c387ed6c03b9fdd92d7d4bc030d1154da,90b0ca21bd20a9369988ec42a25a97c5969d746d59dcba265c62b44f4670d263,70a3eef7dc043351499b9d149940d3b3e7acdf2a27b7b9fdecb8e333d5ac5f50,4283df66675d1b9650bb9adb5de46b2104648b1d69a6c798fa237157e389b350,HMAC-SHA256-DEMO,AUDIT-2026-05-STEP3
934,12b940a4452db90fcbd87500,2026-05-29T14:16:00Z,REQ-000934,fe7f0fee4990978ba985ec2d,STATE_03_DIST_01_PS_01,387ce36dfb2809a360448216,deny,DENY_EXPIRED_APPROVAL_TOKEN,P-2026-05-STEP2-ORACLE,31900bf6c742ff7706fe2d6ae545ec23850e0018fde7043eb81a1327b907f9db,31faf5f1b2ad39bff6f801c1da260cf287c3f87ea7111a50172e3138220be7c9,f8359c50db726b9c70145c66e5e272953e82295e61da15a96a4ac79d0c442484,93b050f78ca3e5f0077a75e908d7cac175d5dd3be5493fb763a96dda6f724b98,fcf2a241caedf36224ebd9faeca547d397ff03245ba97b898da8e8413ffc8b04,70a3eef7dc043351499b9d149940d3b3e7acdf2a27b7b9fdecb8e333d5ac5f50,97108b36a2efd5e0dfc0c28483a290b2c46aadffcab57100e41b3cb2f5ebae4b,3680d6c928608d825c114fbc9152bc961e53ef94d2a2badae1ad80360cd229ea,HMAC-SHA256-DEMO,AUDIT-2026-05-STEP3
935,e7d3acbad9433269ae0d8f4c,2026-06-03T03:25:00Z,REQ-000935,316e4edba94c2b3868db8ac7,STATE_01_DIST_04_PS_01,387cbd761dda27638ac4c28c,escalate,ESCALATE_PRIVACY_SENSITIVE_RECORD,P-2026-05-STEP2-ORACLE,b24bb57b1aa9a0ae4e22a60e7c6f86e408daa37272efee572ef0f3d96a45a6cb,661862157f6136aab7081e57ab8d1e8734b5d97f37a224a430b12f496e99e5dc,da8e35095a94f6e3c9b2d537e231b2f32d9003435b24470419b9676a2798b0ca,a33bcf700cbbc5d6f6ecb758fce4910c6452923cae5b65dcb7ab6ffbac48defe,ed71a7f113d4072dc560b466dadc30a2eab57c44c74481b02229321bf1ec8d52,97108b36a2efd5e0dfc0c28483a290b2c46aadffcab57100e41b3cb2f5ebae4b,da3caec5c8a81df28efe7240900e3e2d9c2a16504886a5a2dc07f19485530c83,825e64164ba4b99974d7148e44c78a378ba9f607bf6f1ae7b9cbf9fe67464629,HMAC-SHA256-DEMO,AUDIT-2026-05-STEP3
936,2725ab4dc3296f901cb56182,2026-05-30T06:00:00Z,REQ-000936,eff0953046ce4a5fb1d8ee91,STATE_03_DIST_02_PS_03,7162ae3d12d0223d7f64f413,allow,ALLOW_ROUTINE_CONTEXTUAL_ACCESS,P-2026-05-STEP2-ORACLE,5e432b408cff8650c64bd0f8bd0fb8181bef772c32a64dda0db6acf4e1364a7c,09e34d160edbb59ad481c3c247eacb7f1f4424966204cbe6c0b8654970309510,bbcd170632dcf5c8a4e4462f6e010ec393e65989758eebf19145ff475aee5f32,3550cfb9c6a1e4634da4205c692a6e8ca4f496b33c5ca54f9dea25f526c261c9,2c7bd10a0486b1803ed2a707300416d72475f37529f0d69ef26930c92ab22bbe,da3caec5c8a81df28efe7240900e3e2d9c2a16504886a5a2dc07f19485530c83,ef944c40b718d265589616db9d4c4ef3b5008e7bf9ce4b26f21e31c1a1357f52,40975980377765044abfb77f523b19da19a5ee380592aad8c84a6f606e166a4c,HMAC-SHA256-DEMO,AUDIT-2026-05-STEP3
937,9ecae4a382e274724584af27,2026-05-30T21:42:00Z,REQ-000937,36f9518be85535c10000ffd5,STATE_03_DIST_04_PS_01,fe9058bed6465d20bca094d3,allow,ALLOW_ROUTINE_CONTEXTUAL_ACCESS,P-2026-05-STEP2-ORACLE,96beaaf7ebe6cf33640b663263837b497b30e6c3c5f17df40fb679655924a057,86a013793da5cc4957173d0108afa5d51d04a77d185c1e99c171d4bea7798d11,8e15ab52840e134cf8834fd4af3e2baf06d17bee26fd554baebf2b71a89321c2,fb8680d6fcb8e71d139d429894e90cf298579eda1cf419fc5e78fb87079874f1,3e5f4522ea67ee5a21def37997ba49db370c73086ef13289fbf8b713fd6fd08b,ef944c40b718d265589616db9d4c4ef3b5008e7bf9ce4b26f21e31c1a1357f52,79986a3a736892e4d9971be303d8a082c40250b106d2524b874c868422289b28,90cf45bcba3ce95acf462e0c8a88e440a638a3d21c644c3847a609690dc3fee6,HMAC-SHA256-DEMO,AUDIT-2026-05-STEP3
938,278ce5c81a5d53c755fada5a,2026-06-01T20:42:00Z,REQ-000938,bb454708489db5641c11f4b0,STATE_01_DIST_02_PS_02,425abada7c0fed7e831ee20d,deny,DENY_STALE_CASE_ASSIGNMENT,P-2026-05-STEP2-ORACLE,ad7cdc8871451a07cf1da5bd7de3b9a810215009a652ac642c7aa6e30c8c3458,914a03089720401a43476d81c8fe7eea39f210b88c26f07f7ac036acd277b2f7,d20ce7f2410c42b6909ff4304fe9629af6bff379093466a0457e37b4f9af3ce7,c99570db208ce9206b6f405dcead2880eb437e178218a156cd73af6563dc5061,bfc950c4a397a35d4458df09b4cc7370acc2c1b3ec8464812d99bb2e2dcee34e,79986a3a736892e4d9971be303d8a082c40250b106d2524b874c868422289b28,4399a3a5e8b50e689a710274c52a5bdb1b4295e59c416fd4904a92d767a8ae31,fe07f2a69d00b8c01827fb8eb86b5982b3be16814e350b4795e0ee3cc6593a22,HMAC-SHA256-DEMO,AUDIT-2026-05-STEP3
939,4c9e631014e220e803449057,2026-06-02T12:30:00Z,REQ-000939,7e3146ebb6c4e9a4f7f4cfaa,STATE_02_DIST_03_PS_02,d182fb36e66626609d08c673,escalate,ESCALATE_EMERGENCY_REVIEW_REQUIRED,P-2026-05-STEP2-ORACLE,98299cbfd8a36aec51c7ca7a3ab9cdf1284660e9072e4049650f109bdf172a8d,9bdd0a30772fd3e72eba2e77925f14dc7a863a0593de93484ecdd171b8947e71,16adf6d8823f7c2517aca0b46f5d3438ed6faad6dc06884eb0693de9057a1004,0a05d582105cdf18f5d98a939bba639e6aa916142f4859e781270e69a1061e65,c463505cf707d5094d9c02d143da95f90c16fcf11bb37aa9d24c4ced7b5fb99d,4399a3a5e8b50e689a710274c52a5bdb1b4295e59c416fd4904a92d767a8ae31,da34342579bfe459632c3fd6a442d66b457318c9aa071f5db76babe4ab61ca16,f11cb1f24ba6814470db560bf1d608da8ee01b9ba0406569ed06852751b5a0c8,HMAC-SHA256-DEMO,AUDIT-2026-05-STEP3
940,197a22485d558d95e109ceed,2026-06-01T05:20:00Z,REQ-000940,3388bd23d03d7e43b3bd8d53,STATE_03_DIST_04_PS_02,a6951979d6b0ca29c516a2a0,deny,DENY_INACTIVE_CREDENTIAL,P-2026-05-STEP2-ORACLE,572cf0d1bdf31780d1702974511e4376f73137534f460c8d34603bffab6d2e73,8c5d2e86e8e736c90a548f0c2e99b0a6146fbc27aaa22ac481f09f2138e9a53c,39988fb1aa338a450cb190b1f50993e8eb3006c8c0e595db2829447b759756ca,c1bcd53fbb6342c176d62a70799b9d1f627d88ba06f8ad4d5adbdc6a09db7095,75c46e48fb49cb09186d1f097c00bf4d7322129a268d516889787e387d14ce0e,da34342579bfe459632c3fd6a442d66b457318c9aa071f5db76babe4ab61ca16,608f2b3976063c03840484566c023585c89c0c9321c8048e3d011c25e1f6d6be,eb5152bfca3f85c350f34239a4413b7b54bed3136beb1beb42e01d2401b9c86b,HMAC-SHA256-DEMO,AUDIT-2026-05-STEP3
941,f4df6f319343677a9b41c3b4,2026-05-31T13:47:00Z,REQ-000941,f04272809174dac17c3936fd,STATE_03_DIST_03_PS_01,6286f9bfeeaa6f51551b41ff,escalate,ESCALATE_PRIVACY_SENSITIVE_RECORD,P-2026-05-STEP2-ORACLE,2d1ca227e61b6d0dd62b74f025175a1c4ee238b822d8757d49edad4e29bb8a08,e1af3d1aa1ca69bc893ea4532cc676b7f2882ec5b1ad3c3bd7791d8a6febddf7,96ca57e6662459c09dd43ac33070387a3eba11ab000471cd8ed0ef68459be2d2,920793f7d62d2169c4d5527cd4415360416bb29933f24477f1f82b5bffc7d60d,336ad5ab1d44f7ecc2c903eeb48aa39bea6b2bf2e93b40a8e906985d8f5d9dc5,608f2b3976063c03840484566c023585c89c0c9321c8048e3d011c25e1f6d6be,4a0e377af16e5591d057fb25e05b7a1616e80129230c511e68c686d7c256554b,64b9d1b4c886d77c12f8814f298f19b83e13e3a76523fc7c668541c312882d91,HMAC-SHA256-DEMO,AUDIT-2026-05-STEP3
942,792da607076c5593248f4941,2026-06-03T04:42:00Z,REQ-000942,2be0332c4385b770ea00150b,STATE_01_DIST_01_PS_02,1ed90992e302a5bc0272cda1,escalate,ESCALATE_PRIVACY_SENSITIVE_RECORD,P-2026-05-STEP2-ORACLE,fadd67e3abee2b7804f8ff19bd70579fc2a919bb83ccf07ad799fc5448fc68ac,6c2fbaaad2ceb5b6c4e27de35128b986a5a787c1c186f3fd424de8a8552b7763,e53c1119e55c75739318842b3320728a77e18914244e95f048f53d268ba9f4bb,6f51cc744fbae91e593ee08d72bcd4b61b3073b8d3f5311c4a74fc2fc3f9fab9,bb9fe1ca6856fc35d3459d0805fcb5594133219ffd77d67fe777c646644956ae,4a0e377af16e5591d057fb25e05b7a1616e80129230c511e68c686d7c256554b,98208f2e1390dbd8f85b67fd489dec8075726f159337712c906f0e021496b1d6,24e0016b5a6f341d7f3364ae23a10e5634a278bc3676e3d4c9131cd2034cb99c,HMAC-SHA256-DEMO,AUDIT-2026-05-STEP3
943,b091d213d06191436dc4e8fe,2026-06-03T20:36:00Z,REQ-000943,aba84a984ee3606ae0d30a0a,STATE_01_DIST_04_PS_01,c8f01730ecab5910a8d417bf,deny,DENY_STALE_CASE_ASSIGNMENT,P-2026-05-STEP2-ORACLE,6dedda071b13b9d308ed7adbe998e545fb7f1b07513ddb3f212d53af0f4f59f1,79ed4ed2b0aa057f4b4fe05531b04d2c0c72f812fbcf56dfd0fe120b451d815d,1fd845d9026494c38013936b46d4a0347138c7f352951d9d88d2c5f0702dc29a,32bdcdae61887e6d929b65cb26253c442d52ed02f69704470585891fa429029a,c9914c429ec7019c034cb8cc8396e690449e038d55ebb37d17ebfcd81d940950,98208f2e1390dbd8f85b67fd489dec8075726f159337712c906f0e021496b1d6,69ae5c410e73641b647b7c861de0d293c5910774b11f793200860ad3965d9701,8719290bbf6e9354818d0be1b06af6e98be9ab404854195900360c6e28876bd2,HMAC-SHA256-DEMO,AUDIT-2026-05-STEP3
944,766b9549db1b9f8b6927c0f2,2026-06-07T03:28:00Z,REQ-000944,d57f9cfca107b054602e3afe,STATE_01_DIST_04_PS_03,121319e5c742c9826335312f,escalate,ESCALATE_PRIVACY_SENSITIVE_RECORD,P-2026-05-STEP2-ORACLE,b97ad32fd664d965d5f4981c22f1139a442e9dd10d286bb7d943c964ddc9ffd4,7a182df7dacb680df30c4b32a4e15fd3ba4b26fb829744356e176138569ae02c,e4371161df0e7c5af84a4866c567058ae0c66ab209ee4bfc239268a9b593d6b2,f39537f4c35ff2aa43ae65ab0ccba16a5d4db8a7cfd28d57887e40100f19ae1f,054e8aafd74e59afd332b186b66df7287b0dd12551c20b0e50de65167eff0d66,69ae5c410e73641b647b7c861de0d293c5910774b11f793200860ad3965d9701,56fdbd7be6329c80bc014d54c23514ce0647aa12838c42f17eee8c56d029dbbd,11e7855b38487f363b9d1a347affd192d7740841e7b411592af82915157fe9db,HMAC-SHA256-DEMO,AUDIT-2026-05-STEP3
945,884e1e01cb5f3670be099b97,2026-05-28T23:15:00Z,REQ-000945,c424bf9aa5cd573d3066b2f0,STATE_01_DIST_03_PS_01,3ccd34687090d2923fc32e3b,escalate,ESCALATE_PRIVACY_SENSITIVE_RECORD,P-2026-05-STEP2-ORACLE,656b11b5712cf35d38e114218fbdf4700ee23e8a57d6e1d58c005c7df75eb90d,9cdde408115399aad6acf2ebf65030951db089b9e23508973c753bee8d2c9a01,df97a3957a03b96999874a0ec25dd53b75fa2f101a70febdeff26f7b4ef1d942,634d88d110e33f91c9152c3b6fec07a93b4b2c42c299f0dd8f1269fe3fe014c1,381692d9fd14f22248470e39f0c68d9ed56ea54e4d9c7f8bba020042b3d070c9,56fdbd7be6329c80bc014d54c23514ce0647aa12838c42f17eee8c56d029dbbd,99948443c9dad319eff9abf72bbdbee8e6dbfe5d6cfd60ac81bf98f54888c72f,4bd26e8a4a3581d0b11a2500aa8a45a5b3421d5327d22c753cb4815b015f5fc1,HMAC-SHA256-DEMO,AUDIT-2026-05-STEP3
946,e18e8afb1945f994f164f500,2026-05-28T23:18:00Z,REQ-000946,86b6682cd665b74e9695ec29,STATE_01_DIST_01_PS_02,dd426d66ef5f5ae466c5867b,escalate,ESCALATE_PRIVACY_SENSITIVE_RECORD,P-2026-05-STEP2-ORACLE,cc48e8c225ebce645b356006d0cfbb63331e9fe6357103935c1b7ab005959746,6110150a0c414785ba0b38a63051a2891f972fadedae7ec3431606f82bd45b3c,a546a2449db50702d59d4eac5ff17f1e2fb84f7a3077da7ce773779a187e08be,29e0cdcd1b2245486fb4ffefef047316c3dabad1ae4900d91baa1ab9b3506d4c,6582a2a0f066c6310a006033ce69cb6a880ccbaa0d350847d0294f8f6593e2d1,99948443c9dad319eff9abf72bbdbee8e6dbfe5d6cfd60ac81bf98f54888c72f,c5f68a82e5f3e9a36bf2709ab20faed444dc01b2891996c3134b99866581f479,5767043f81b13772f09d0f79adcc1b9a64c816891425e0d381c772d944ee84a4,HMAC-SHA256-DEMO,AUDIT-2026-05-STEP3
947,a052092e9fa93ce27298fd7d,2026-06-01T22:03:00Z,REQ-000947,1df1233ec54fa0732a43c292,STATE_01_DIST_03_PS_02,ff9622bb7b9b3a8b0b41797e,escalate,ESCALATE_PRIVACY_SENSITIVE_RECORD,P-2026-05-STEP2-ORACLE,575cf3ddf6a5d3a28f73d0de76033278d8f54f67254d1a244c47c302d07af196,e0ecf287f8b0391f23b17edbb0f0435f031dbabb9f2d1138c6a91a74284c97d4,1645ab7679bf689b7b1107cf363af295c34e5a354c5fa80fb31c7f359db5d479,70580a5d3f7ef5fb1e0f4032a56a066a660082a6908fdaa35566aeaa05bd721a,bf7dd8c99fce9fe2bcbf97907ac8d8cb3d3dd03fb420869f77414c280576facc,c5f68a82e5f3e9a36bf2709ab20faed444dc01b2891996c3134b99866581f479,3e20c53514353c6fb758de1fc0290ce9a1e31b8429b8dabb496b7510461e23e2,27da52fe95416feb8ffe5fcbd3aeeb45f5e39cfd2da1ed3d18792bf04dbe4ec2,HMAC-SHA256-DEMO,AUDIT-2026-05-STEP3
948,892341e87162cbf2b6684763,2026-05-30T22:48:00Z,REQ-000948,aba84a984ee3606ae0d30a0a,STATE_01_DIST_04_PS_01,7321a0af5615e095dae2e2e2,deny,DENY_TRAINING_PURPOSE_FOR_SENSITIVE_RECORD,P-2026-05-STEP2-ORACLE,5126f7d410e20d30fa1f65fd37b2b8664bbf866a60c150c346149d1065631a26,ab612ebd92d2ae7882e4c59288f6e8b4e8aa17953ec63f1327ec775b19aba005,22e04554d6e1218402b4313593808fca1bcc58aaadb7c044b92671f6e30126ce,923c0fe934fb38406b09706de92481834c9fbf1a9fef7ede39940e75e1d0ea8d,186965c4831df1ca6a1f0a063e489014fe35f70e266ec1bc1caa06feeee4cc16,3e20c53514353c6fb758de1fc0290ce9a1e31b8429b8dabb496b7510461e23e2,3b1f61721b711b4949443ac85880a7a7826d69cbf59826c576f7dd3185f3c178,8167f4adbebb2957d2427ef3ca599d530609841bf7fd0aa80712857e20a06eb1,HMAC-SHA256-DEMO,AUDIT-2026-05-STEP3
949,170854b76ca55c1ed54ff9d7,2026-06-04T13:37:00Z,REQ-000949,58ae919f19aeb7c7f1527d26,STATE_01_DIST_01_PS_01,6971f605042660df67234258,escalate,ESCALATE_EMERGENCY_REVIEW_REQUIRED,P-2026-05-STEP2-ORACLE,ad324fdd193ca610809ac76cb240a968f30c9151794c468fb3ab64a80866e54a,34692cbbf09ab124e5e28ca6f2820a43f3cf8ae28d22a49d0b62a32d519abb7f,897c42339b8e8db4be407cd79b8f364522860f82a6d9318da73d2a188c122b51,441d2a77ec5a9c5a84869d408d8796f7f8ca94d7650d587421794f74fba02ea1,c6023304469139e62162e3415004bedf874f91a39944cb17174218fc182c5373,3b1f61721b711b4949443ac85880a7a7826d69cbf59826c576f7dd3185f3c178,ab77e79543be977c9c82caaf5673c54e2c730963922e58155bc9a8b03774844b,5389906924aa1c9103654bab02ddb5b7152e2feb521578684e090f554eb1e6c5,HMAC-SHA256-DEMO,AUDIT-2026-05-STEP3
950,43afde1b24dfd76f25ce2644,2026-06-06T13:20:00Z,REQ-000950,88db5c4f1341722984d72ca6,STATE_01_DIST_01_PS_03,1ed90992e302a5bc0272cda1,deny,DENY_STALE_CASE_ASSIGNMENT,P-2026-05-STEP2-ORACLE,7402bf9b6077c1cbc978ada44c027c3bcfb3fedb4e7060030df007e742b95108,c3032c74ec98f822dc6921900faf376f408a07a4c297a62fdf0caf7db65b0644,8f91d1dbd18b0cec810ca10041fa8178551102b4bb6d9dc824473ac2745c670e,083e0300d7255faf636550da49cab68e920d10a3e7aeb6fb710ae6822f51f575,4f082594ba1b67e8efe90e0e990502560b78d209a318ef99ca03214da89c12ec,ab77e79543be977c9c82caaf5673c54e2c730963922e58155bc9a8b03774844b,d2a5ff3069dde465e60b85e514913c59467b8be79140e1f20f084fa1904e7e5a,ae0678b0e219885e8bcc6045f23c65b7e536e45593f8cd996fd0be5ce257c8e3,HMAC-SHA256-DEMO,AUDIT-2026-05-STEP3
951,6b68cbdc37aeddfff4d12fc8,2026-06-05T21:45:00Z,REQ-000951,6d335433b612a148a4921389,STATE_03_DIST_03_PS_02,e21aeeb1f4ca7a4082790d31,allow,ALLOW_ROUTINE_CONTEXTUAL_ACCESS,P-2026-05-STEP2-ORACLE,fef5fc64ea149107808831efe021e641dea8eb12df6502614902df6d06b0902a,295c5d88657a3d22df46ad99d301be14addf145402ac692708e85106be56675c,f99dccd37d8d21e7602ff87de0473cec4ff1c4d3e74891a3723f51270cdf98c1,64379056a028b0a7dc9a41b4549bfe5f4149f52ff60ab17adc250cb0ee170911,ee5ae3748efd0ba9280661bdeb0740b9d2eb9ac49979838380ad8a3b7232e6cd,d2a5ff3069dde465e60b85e514913c59467b8be79140e1f20f084fa1904e7e5a,267869f22a29b97c3d197dbc9a7e6ec46305d057cbf9b0a666908a32c2443154,21f1ba6bf676bd365c087332f1890ffba80120a7e6dfa42e8cadfcb9f2b91711,HMAC-SHA256-DEMO,AUDIT-2026-05-STEP3
952,8d82c82b26d8bd546f504f3e,2026-06-05T22:00:00Z,REQ-000952,5226641dfbffc5688ec0818a,STATE_03_DIST_02_PS_02,264f17522a14cb90f82924b9,allow,ALLOW_ROUTINE_CONTEXTUAL_ACCESS,P-2026-05-STEP2-ORACLE,5d1cf50595e3b86c3baa7167fe3ea2647c061ccb019d5311ea47d8dae0b0d36a,401356150110fdd87e109da5c23e88e162c2e317f13f5ea6a9ceccd74c270132,4a0b2a5e0ae335c1e101e2004cc337faf99f1a2d901eb6e2b7f55e6be29bada0,a7d898b551f69690e193929f92a1d23d7783ba373ba56c91ba1145b7d244b003,3fe5e334350b729a1b162807bdbc34def7f056f929561a37d46168393779eb45,267869f22a29b97c3d197dbc9a7e6ec46305d057cbf9b0a666908a32c2443154,04f17d8b744b7231b4a6181580a87f21c6236a026977b74dadae593437e1d2da,7d1d8fc154f99f859c2b66909f091b82a69b4829531975f52e54ac6658db0f29,HMAC-SHA256-DEMO,AUDIT-2026-05-STEP3
953,7a54734464c8eadd59b50199,2026-05-28T07:46:00Z,REQ-000953,3dd77930332ffbb4fb60fb78,STATE_02_DIST_01_PS_03,f603fdd3a2db93afcae05d4c,escalate,ESCALATE_PRIVACY_SENSITIVE_RECORD,P-2026-05-STEP2-ORACLE,5569a44e19bba77d6bd24b00b1f6fda6882dee26c0e1833fb7e4492c0d35108c,3e48a885f1fa4d385637ff9bf6e083ceabe2a69248351b777e8bf4c80373a8b9,cc17a0e0da600c9308b0bea09866ad88a1c9d0cf0387c69dc47a08cbfec15da9,ad82b02b328f335a5eaf8692ddc8a42d3ca31347532126bb84a8895e79af9068,380c2e4d54146c5238c72b30f340ca6ecd459bd42f1946c093aec88368c5a334,04f17d8b744b7231b4a6181580a87f21c6236a026977b74dadae593437e1d2da,f068b660ce0d511977281968dbad835402976af700b7cdb1f77bdadde2341bb3,c94993fc22af5489bf3dfebed60bafd7127a3d788f781a5ad3bfc6a8b1ad798a,HMAC-SHA256-DEMO,AUDIT-2026-05-STEP3
954,1612de5e6ad91f4660e89cc8,2026-06-05T06:36:00Z,REQ-000954,59518bd254aa8c0d0b7a139c,STATE_01_DIST_01_PS_03,7162ae3d12d0223d7f64f413,deny,DENY_EXPIRED_APPROVAL_TOKEN,P-2026-05-STEP2-ORACLE,a9ef03387fb660b722bf66b442502fc1c15ec7e55aca2ab9545cf06692f572e3,3e922ef86c59b9ae03c28d5b95507e0eb815f692b032e50492e1939a04eb16d6,380f2a01240dff9e50fc6f5ad7af1c2dd7f8ebe623d531acb40f4afb8151ddc8,4a6c463950855d52bd28e4f363c7377a9e720608d1baf4718de5f870cf5361a3,2c39f317b635595ddfa12a1d1f3027281d28ac80ab7b850fe62e789433c6d080,f068b660ce0d511977281968dbad835402976af700b7cdb1f77bdadde2341bb3,e595c429b0c7c8497fb081d9eeb532d3a7f98315c79daa135c39de507ff224d1,c02b385a5f47e9c1f13f5b196f9f8454abfdbec86e8168a26c2b30ae4bf931eb,HMAC-SHA256-DEMO,AUDIT-2026-05-STEP3
955,1be2e0acfe71e903a8367d6b,2026-05-28T07:50:00Z,REQ-000955,59518bd254aa8c0d0b7a139c,STATE_01_DIST_01_PS_03,c6e09784d51abbf2b3753b68,deny,DENY_APPROVAL_ACTION_WITHOUT_SUPERVISOR_RANK,P-2026-05-STEP2-ORACLE,45ef83b51272b3a8d39905822f4665702ffba48dd899731e639bc0f007024b31,0bb4cd22e3e734dffe04efb936eb06f6d2f433ebcc0bff59e20726258f787849,9907dfc43fb3bf2503daedc190ce762c797717473f3edc0551d6efc0d68c2cb9,a77cb0358f2374bdc3a5acf9e9300f336769ffbe616499d477f23f96318028ed,370a1675f0556979014e41079e204ba298753acede07785d9fbced37509dd1be,e595c429b0c7c8497fb081d9eeb532d3a7f98315c79daa135c39de507ff224d1,d9c3fd437bff22757952e1816a62ee42cdc94b918ed9236518a31805d5c3feef,06fd0b89b000983b5f4668de8ccef9b113a898d86b04b19149bcb34eaa5423c1,HMAC-SHA256-DEMO,AUDIT-2026-05-STEP3
956,22fc540855defcfee2878e14,2026-05-30T07:40:00Z,REQ-000956,3dd77930332ffbb4fb60fb78,STATE_02_DIST_01_PS_03,a01b4fff545a372b8d651084,escalate,ESCALATE_CROSS_JURISDICTION_SENSITIVE_RECORD,P-2026-05-STEP2-ORACLE,af02989bf8fcf940e518e32e6d345e30048f7970148968af9a81f5731b9fa981,5e88a52a3910b125253a7154377ea025b040c1d8b09e2af4957a1ba11177f529,3d10ab6791d88282c756992d2efd4c8bc9c95e313c3c340a9298e3c0c1f7713d,e422499af2bee95388dc7afcef49049d77f76afb87b106437c9ed70602e0b33d,c3cc1bdef6a3da0b5e408e0fd02f6f8e69793a2a26260a2c2a0f1f01137cec12,d9c3fd437bff22757952e1816a62ee42cdc94b918ed9236518a31805d5c3feef,ce784619d3986b7510d0237a20d088f19c753eafe4b9d2122145d76f2f9616a0,d7557ffcc787d921d1353b501076000d3f182574c6266161ef07ee999cc66755,HMAC-SHA256-DEMO,AUDIT-2026-05-STEP3
957,a33c1b1b654efcb13bcc56d7,2026-05-30T07:45:00Z,REQ-000957,2b64c21367370d53935a5e0d,STATE_01_DIST_01_PS_02,c3ce957724d4114b3695b46d,escalate,ESCALATE_EMERGENCY_REVIEW_REQUIRED,P-2026-05-STEP2-ORACLE,f869a6e4c1db5158e3293f8ff4ced9b378ec5d5e81a2207698f7aac399ad521c,18004c587e667d837e92382e8e38bc7b31443b4fc08fecf901147b30d8c14b42,b1761c69a7114e34fdccff748373f688b5a08c55a4184de59088acce8482675a,56247e93777c2598ef4fbaf8611672f90253522470ddf0235bda6dd6130e2fe2,f27f14f406eecdb9192f948ec199073d9bc445c2c0c817519765eac9fde5ff22,ce784619d3986b7510d0237a20d088f19c753eafe4b9d2122145d76f2f9616a0,517e658b185ca557253eb07225f2365c1006cc4daef72227ff5000b751c7013a,50e98f653f2e1fc973b9bf0c2587d5b17847846de1ea63866d37740eef6bb3d7,HMAC-SHA256-DEMO,AUDIT-2026-05-STEP3
958,d5cdba899505b241e45fb34c,2026-05-31T15:46:00Z,REQ-000958,a2884bcebf8616c20bdb4688,STATE_02_DIST_01_PS_01,13b2a2a0db1373b8363e1c5a,escalate,ESCALATE_CROSS_JURISDICTION_SENSITIVE_RECORD,P-2026-05-STEP2-ORACLE,132e5acff31d2f47bcdd08a0d9a21f3c695bb64b86b52af4e8fad1943a79ba94,a56b3a31789d96e72558440e2c9254a5b866ff7cc86c8b0fbac254f4ff9145f8,c44b68cf8092f22fe844e5eef427a8f7eab7f9bc68f76057aa7a5727c9d84408,f5f85d3bd067a234ad8e5d0dbbf1f6712fdeaea86cfdeb8f429233e1729ad336,4f4f69fa54a56469a77c354e497c071a5b68a7902d19d935269fe28d9f1952ce,517e658b185ca557253eb07225f2365c1006cc4daef72227ff5000b751c7013a,35330ae4ecfb0a4822eb4db034efd331e30bbea1f5c340b99c1d18045d0401c1,c62d400be4f7fb2cb20ca5400370b288cfbc8ef3415f7a7caca6249fd139d41d,HMAC-SHA256-DEMO,AUDIT-2026-05-STEP3
959,27ceeb1702ba94f9f6d75870,2026-06-01T07:52:00Z,REQ-000959,893580185d14634211eb9a59,STATE_01_DIST_02_PS_01,0b15ec81d0d8ac95910c8dbb,escalate,ESCALATE_SEALED_RECORD_REVIEW_REQUIRED,P-2026-05-STEP2-ORACLE,447eeb4a8272ffeeef6278295df834cad579334e589b02271ca49fc36bf3c8ac,2f6ca6adf6f54a51f2116f917453bb9cfb8b05d15771bd75306e02e8c2ae5af7,05a0b057bd643b1f85458c5e266523cc69fcac30a885f7bd91b0b361d9aa9b84,6cf43fc3c71c561e2de88b8eeee6da429d5ffa2f99da87601a8049fdb09e8b1c,195d631e6f90d83d2dcc34f10c0142ad8f91d8d5d2fc7406cde7a31078f7266c,35330ae4ecfb0a4822eb4db034efd331e30bbea1f5c340b99c1d18045d0401c1,ecef52be6992b0130b8f2507d126abda58352a74e38bb270e2d72f2a1adcf77f,927853c14e7019ee255f32f6b1e9167e7e01a87ab7e564437ded0f27f287bae4,HMAC-SHA256-DEMO,AUDIT-2026-05-STEP3
960,daca4bc2474b5240c35af27b,2026-05-28T08:00:00Z,REQ-000960,69527641f80b28a01bb229b7,STATE_01_DIST_03_PS_03,2e977ba934961ac3b1ab490d,escalate,ESCALATE_SEALED_RECORD_REVIEW_REQUIRED,P-2026-05-STEP2-ORACLE,bdf90f67de4502b2a8683294ad4092e7d85a1afc6481214ececb68c7861d438c,cba274dc2f48d7ec5a51e4cc7cbeec25d342f24257d9e598ac8fa05502a1bfa4,33ca49f69db75666696ff91d570ce4f74e6cba22c7ed01a253e34c18b3562a8d,2f65c1e6ef5bb0474dd0e7ccdd7b0504ac5297a8d63190f326fed61cbcc43fc2,c86cfcdd4e5fad1a3b822045c6d4eed25ee6050a03b1801ad2800290e76589e0,ecef52be6992b0130b8f2507d126abda58352a74e38bb270e2d72f2a1adcf77f,c217e44fdd870ccdf22b66445f76ec0e97a547593051da30a3632f37570506e3,e2d781079dd7dd39d17153cc2fc5827af924b02aa937740cfd5bfc8d5a7d3454,HMAC-SHA256-DEMO,AUDIT-2026-05-STEP3
961,8b099284f52029cc2db435ef,2026-06-02T00:09:00Z,REQ-000961,087843a059da3833acdab60b,STATE_02_DIST_04_PS_03,b1ef8bd2a5615b92e3c7daa5,escalate,ESCALATE_EMERGENCY_REVIEW_REQUIRED,P-2026-05-STEP2-ORACLE,f1e7830e541186b28a6e622c521e29f8f4e55ca22c1bd17b9f6acf97b4dc04dd,0a4e14435431ce92a4b106301c9a2ea5f2153da1c99edac1e171e585d5a1c0ba,c9c13682ff8ed34a9f9bc9b268bf57b7bb48a7023f267ff6a096fc0b4a4a5546,e1d344ab53474249f63b2063f2eb574003573ef0a02719dbf6c50ab2004e28af,36f413177d87d6f164509f2e76a1dc082f5f56b24872ee3908c53d3e0780e854,c217e44fdd870ccdf22b66445f76ec0e97a547593051da30a3632f37570506e3,2339837e1a211ef26465a95ebf6ccaffb00f6985849ae0d0c3bbe70b86ab7715,45e6e15610adf825ba34d07408eb3a0488e36795c3dc7cc07aaa6e87c4d61c06,HMAC-SHA256-DEMO,AUDIT-2026-05-STEP3
962,31d68bc2e1b58f8d3f4d03b2,2026-05-28T08:04:00Z,REQ-000962,f1533940112c34367e3740e3,STATE_03_DIST_02_PS_01,b73b14922b41736415881248,escalate,ESCALATE_CROSS_JURISDICTION_SENSITIVE_RECORD,P-2026-05-STEP2-ORACLE,6af9e246584399a961eafa4bae0e58569c7506cd2ffc76278ed62c81ec9505a0,33f9bf04264070a4f4c1f442ca01605e6accfb963202b2ada53972e7b09f7927,923f955bf77fd9c6d7bd625eca3c2c76d7040ade2cc07eb9faf83381239d6016,411c5e8eed21e267fb3639c6526e504ff73e13afd69631f45e3bb7416ed6a61c,d5c58a53f8893bac7dafb1a2f6c287be70018b7724be5a9c03fd17787e0e99db,2339837e1a211ef26465a95ebf6ccaffb00f6985849ae0d0c3bbe70b86ab7715,f6933543cb8acb3fbb063961053a7afafb2995425fd5ea648cb9808502450ac9,3c7e4cf0a9721dc0d371aa32501e91cc2e645c599862da72187e01b926ee4e25,HMAC-SHA256-DEMO,AUDIT-2026-05-STEP3
963,e6220f4744082d06914c935e,2026-05-29T16:12:00Z,REQ-000963,9f1a046129b76f0cd0f13803,STATE_03_DIST_01_PS_01,17ebb06a599dae60d15c8174,escalate,ESCALATE_PRIVACY_SENSITIVE_RECORD,P-2026-05-STEP2-ORACLE,46ca9530308de82d2dadf2b104d7bd76430d5c6b3b3419905810b68125aa0ab0,0ca5b12fcd0c34f02e0a328f51382e75f2913960e2f5dffc3d71af96b51096e2,e8b7d9a70c8e4ded041ec60b40e3fe7c59e6d9e248ac4da0405ffbb34f238ec0,599e641f45fc8f20fabde780be64db40fa3f66e9031bfb324d6cc5d08362c9cc,92fb965efe4444f2cb4cad96672c1f7ddaf2fe962d91af22716017a2e061d8ae,f6933543cb8acb3fbb063961053a7afafb2995425fd5ea648cb9808502450ac9,1ae531a013d0880237d312eb6afed474a7be252af17f3fa5204e3501a34b32a3,af3b92186e9d086f17c0a6a632c8605c8365ecc22e2579fd49ea09b3b49a87eb,HMAC-SHA256-DEMO,AUDIT-2026-05-STEP3
964,614c75b4e8364cae3c97ae5f,2026-05-31T00:24:00Z,REQ-000964,f1533940112c34367e3740e3,STATE_03_DIST_02_PS_01,092c1f9963d0656d1838f128,escalate,ESCALATE_PRIVACY_SENSITIVE_RECORD,P-2026-05-STEP2-ORACLE,557859bf66b014171e6bd3f5257ddf0c815ba0dd3219f580db0b93207c64721d,8fdae26eb9f339fa26a8bb4351ccbed6cc8ea624c5194409b259c6912ddc901c,5d32dcce019adbd6fda70ba7d7f42b689c068f231bdccafa59d4f8c000b38362,485361997624ce2ad49b70141eec60f35450b0c2e5d1b7637196f36e9f20d051,8131fbf31ebd8ab985d2b299192d5d974bd43941e5410f84eff3679c5c7dd7d1,1ae531a013d0880237d312eb6afed474a7be252af17f3fa5204e3501a34b32a3,41dda6f2efc1f4837e963ffb8be7c77b5b34ad28c9ecd221d4dfb1f77a42bbf1,8dc89fa6b1ea2b4c22f0f0d0c9770d42942cb4536f79ebe419d07ca12d3f3b58,HMAC-SHA256-DEMO,AUDIT-2026-05-STEP3
965,119fe662059b8fb78401e45b,2026-06-05T09:10:00Z,REQ-000965,6d2396ea39d60a2c9554602a,STATE_02_DIST_04_PS_01,ff9622bb7b9b3a8b0b41797e,deny,DENY_INACTIVE_CREDENTIAL,P-2026-05-STEP2-ORACLE,5f824d5f7ba5314c40ab36fa193755ab489f3b325bec07019041578b30aedded,ec6b825a7daebfac6437567368f1d2af85ba14b25c94d8656706d01667657ec0,4728e63b269738cd9d8262bd39991ec91c6a04bef2ababc924a1f2881a57d9cc,a0a10941f242c20ecbee595ee571e7b780546a3216cdf8bce1cf0b76d4d77c35,1eda01c19b314a70d83c0c1bd2d5c8b0bbe43b6914a4a9ac4e8eee55ee38748b,41dda6f2efc1f4837e963ffb8be7c77b5b34ad28c9ecd221d4dfb1f77a42bbf1,fac30769058f98869dcfc7cfda331301d5f86cc4386d18e1ad7bd327254fa30e,867a4bb75f52873b342c4080ea658e32f5926877158325b6d63baecab0cc9ab6,HMAC-SHA256-DEMO,AUDIT-2026-05-STEP3
966,297769af2476111c82db9d2e,2026-06-01T08:48:00Z,REQ-000966,acd11cf62713639d9ec501cd,STATE_02_DIST_02_PS_03,7421d676dad537501affa1f2,allow,ALLOW_ROUTINE_CONTEXTUAL_ACCESS,P-2026-05-STEP2-ORACLE,7d6bc43bf121712dbaca7734ab2c0d4177a5ad520623cbaa3ec23ced0f200a18,4be7dcdbe0ef0386d09b6640b575ba8f60507da11f0a7e67d16642377c795f4d,7d8b0273fc008030be3ea7dabead2d16425a5a5a24a4cb15f5dd18cc2d5062e0,a4bbb7895f91dc763b788994f7a35276a89fc4b0d3326b771ed1540f40283806,544b5f37ff70351e6cbfe63b76b60a0553a5429f48075ad9c7f0b06a93798e34,fac30769058f98869dcfc7cfda331301d5f86cc4386d18e1ad7bd327254fa30e,f411494865ee9fcdfaa5df6102746ab3a10c27212172ce73e54df03dc38affea,5665860e6e46696b20d067698d1b842f15adb90e689bd9dceddc67d3e424aa02,HMAC-SHA256-DEMO,AUDIT-2026-05-STEP3
967,0d071a8bde8e77edd427e535,2026-06-05T09:38:00Z,REQ-000967,0c912fab59a9f46b26c259dd,STATE_03_DIST_03_PS_02,005e2c4cc11b47aa081b9c83,escalate,ESCALATE_SEALED_RECORD_REVIEW_REQUIRED,P-2026-05-STEP2-ORACLE,a90bd1b8396d291598b92a329fbcbc77d580694394b2c0df2e3a2760d8c39250,901fae60dd00d4174e89e75b457b8ec04d4fbd1b1d57f0fb019ae20fd0ed15d3,e3fcc1d490f96988ad3cba877a7b02fce76a883a5689c301d34d5dfd42931417,0ffe05668a990475cf2ce9a617f62ff87bf4f500fb8b34921dc4229e8099ad39,d6cae7e48aec78f06ec5afa7188bf3869075f13ed4b166236bb78616a550796e,f411494865ee9fcdfaa5df6102746ab3a10c27212172ce73e54df03dc38affea,75905ac106dd4ebf8b676a906cf6794542d76a00dc880d22d1d00132e7b55a8c,237dabcb77d8469f1d0cb079d9edb519b22fda3efa700e6b0dfd6d6956b894c9,HMAC-SHA256-DEMO,AUDIT-2026-05-STEP3
968,f243fe764c80c9cca3d7f6e2,2026-05-31T00:48:00Z,REQ-000968,b1ddf55c2af537d97ad1287a,STATE_01_DIST_01_PS_02,9770c21f3a7c95d8dcd7a099,deny,DENY_SEALED_RECORD_WITHOUT_COURT_CONTEXT,P-2026-05-STEP2-ORACLE,a9ce44f1175ded9d99167d623baaea6fe7f105a05db58d5b43aa41c78f6e3716,6d5076e65df59b0613c81bcf57fea8b3aa838cdd46f4526f9fa4d8cb6c44431e,a9a02d08c3a1d101ceceae43dcef23e76f3df23e64d3924cc15af06a3303711c,86b359f8dd295a095d1b85c9e42177425180cba2bc7df0795486ce4a5cdc28a0,e5bfe9a59d20a117c3cdbe2f7b57460ca48d2bece949ce711538955d9c88a60e,75905ac106dd4ebf8b676a906cf6794542d76a00dc880d22d1d00132e7b55a8c,8786f459a01cf42402d61dd1adc094c0a573d607735661709749e1735665213e,4721e14d071d865b6e88d953be31e59b1343ddfb26ed207c3ae11b35f32a9763,HMAC-SHA256-DEMO,AUDIT-2026-05-STEP3
969,39c03029a56f415b603be342,2026-05-29T16:36:00Z,REQ-000969,fad5d40018942c6b0ef2d75c,STATE_02_DIST_04_PS_03,68e25cbf0ce0354dd255dd0e,deny,DENY_INACTIVE_CREDENTIAL,P-2026-05-STEP2-ORACLE,af24d74b5ca215b0c6e32ca9e85dae3ecc4f4928cc327c14dc8ce297a2b789ce,b3c8a69f297de3d4d0c5aed9954461665b3c8d3337d8fc2bbbef0fc62946da54,4de097889523307ae415adc6748f380759fa52d60f41794bd13f80a57e934954,f302265ecf5a12362903f3b5dd5438c7812df2bf6ace4e9974df8d0001a9dbc1,40212a534a8050d7c25d2c3381a2dc4181cd8bf684294ed9dd7f7f8159c6e57b,8786f459a01cf42402d61dd1adc094c0a573d607735661709749e1735665213e,a500f33cbc48d77d4e73f0f169579a58ae807c12929ba1275e71616fad7a33e5,d8dfa421de225e56aa5a5a9a344e644fc61dc148317375c61fa0337d8e59690f,HMAC-SHA256-DEMO,AUDIT-2026-05-STEP3
970,fc2d1b1bafc20e7760dce0b9,2026-05-30T08:50:00Z,REQ-000970,f8755a48fce2988e7e892881,STATE_02_DIST_01_PS_03,13fd779a365088776f6d0456,escalate,ESCALATE_PRIVACY_SENSITIVE_RECORD,P-2026-05-STEP2-ORACLE,1ce7166d2e82366abb350a75222544aaac5bba2cc9c8acd07bf9718ac6be4e73,be9f9d5d45f90c3076afe4aab9be457e0a2f4d144d19b542577a80afc21d1b90,b0bb97f851b647a5357c58cfaebaa655e4fb37080e13a27152e46be182827d94,4cd7a10b5d168daa5e44cc72fce8626a0f441b647e3fcc881c309749408ace8d,080eb64e2a450272e683d80c28e38e524db8caaa8375126203a48362ed06d0a5,a500f33cbc48d77d4e73f0f169579a58ae807c12929ba1275e71616fad7a33e5,2f4eba3538882dd1ee4db3120569d3e0ac26ef16af8155e509ee9fb34b7244b8,9613811c3c3725aa414d3d44b693eedc83ed5652671e6d1c54056352dfc08eef,HMAC-SHA256-DEMO,AUDIT-2026-05-STEP3
971,4fd0c9d644942b56ebad795f,2026-06-02T01:39:00Z,REQ-000971,f57ebd05797c0d495cf5ad8e,STATE_02_DIST_02_PS_01,7ab3e40f2a90e61c28933d11,escalate,ESCALATE_CROSS_JURISDICTION_SENSITIVE_RECORD,P-2026-05-STEP2-ORACLE,73bdce036b5cc52d9ae3b6e5eac569da325c81623be99b901165baece1c07035,08f2668de844c88963b127bc0af6604b3d5a300143a58a382cd47d6e354fdfa6,05f8d39dd07f2796e8b347efd7ba356faefbd26a0fe069dd94e5468a9c69415f,ca83ad8c5f1d876ed290f17e4d062782596d4b6c771c1b574c4bdcee89cdc776,b05ed766b1bd2ebec7ef9e1552e7bc0c83288a1324da8d88f508dbaf3d3f2646,2f4eba3538882dd1ee4db3120569d3e0ac26ef16af8155e509ee9fb34b7244b8,3d2916a32e3f59c7772c0ffa31b18a6f5f7d1d01cd70134943ba7beb0950b59f,e2acac2bc5c1cd6d5f36fa75f802018007c78367a352c82c97194f75b2db8ed6,HMAC-SHA256-DEMO,AUDIT-2026-05-STEP3
972,e5f11479c3454e43c0aa2030,2026-06-06T03:00:00Z,REQ-000972,b5c2c2becf92b9e253d997f4,STATE_02_DIST_01_PS_02,be9170f1e4ef771dd8f13b83,escalate,ESCALATE_PRIVACY_SENSITIVE_RECORD,P-2026-05-STEP2-ORACLE,d4205b84f260f7e748834270afa12f39aca711b6b6365901f8ecaa12b40e7e71,9730898bf4a86de360960ef92c83584dc7bd25ffafd71694ed68c4e71fa1b7d5,c49aff50ff780929c3a03fd49cfaba1b77850decfca93d5ce46df59924a4fdbf,e26d5388a30f7955f2e2cab18398b7099c0afe5dc59509a47f95361fbc657a29,a8f4a809d52994ce80c0b29918ab7e9c8d69deebe2b32460530221399d32a390,3d2916a32e3f59c7772c0ffa31b18a6f5f7d1d01cd70134943ba7beb0950b59f,bce014668e001d284d1d35cad45df3bac3f72ea3ea40bdcdfa0988dd49f4a0af,a78c06b0203c57ffda063ecb5b9af521004e38463faee1baf44b10cc0e37ef76,HMAC-SHA256-DEMO,AUDIT-2026-05-STEP3
973,a7d98dafbbead15ca38c03d6,2026-06-04T02:36:00Z,REQ-000973,7c415028a69bb19f488fe7d8,STATE_02_DIST_01_PS_02,a2fd9c36ffa85f313129726c,escalate,ESCALATE_SEALED_RECORD_REVIEW_REQUIRED,P-2026-05-STEP2-ORACLE,13146f532483456aecb61db0dc0c98e42cf74a288efae7b245f0c7a9f3b6f705,1a20d3b82f8fd82dd2779156aee9c649448b91e31336c171f277ee5cbd7dfdc0,8ef3c24fb9f245968071780b3c14b0f5d88ebf5893c2ce42a331c38db083b9cc,a9eb31585882c4016a3279ee0944076a8e053388317742dbc5fd9accc27ada9e,e839b89e8449fd7a7a936a79bb04cf2ee44bffab418bd4a74cc3bed253df79d5,bce014668e001d284d1d35cad45df3bac3f72ea3ea40bdcdfa0988dd49f4a0af,b87a7c8f226fc29881f27e7339d9b4f03425f1907aca5152fba0398b95b6eeb5,bb44a4d16942d426fdf62f8de69c280a06fb6974670a33aa428c70076070ac91,HMAC-SHA256-DEMO,AUDIT-2026-05-STEP3
974,1b61958d5b4e3090dcb60d0b,2026-06-07T11:58:00Z,REQ-000974,f920410d24c1d513e4b5b45f,STATE_02_DIST_01_PS_01,d9b95c7545a328e01eab7773,deny,DENY_APPROVAL_ACTION_WITHOUT_SUPERVISOR_RANK,P-2026-05-STEP2-ORACLE,18e32a71437c9babc5785362cc42ca87f9f88c5fdce9f49108968d687c91b1ce,4fc646a8c4919acd07dbd5166a31431d54e4229a0fe1c29239c9f84aede309c2,9e9ed30ad4b98c2e2e1270bf62fa5394d0255c631555d2c3921597057e05324c,396bc89844b47c5a51709f80a5c3a35fcb4b59b4dd1878d5280ef325d7aa00ea,18349f8f80f0af2b6d2ec930ed63b6dbda613697a0ff4efab521a23c88a03c15,b87a7c8f226fc29881f27e7339d9b4f03425f1907aca5152fba0398b95b6eeb5,1e23dfa7e171c2837af15488b20bb6dc158c3548abe281ff1de11b61300d7eb0,75428b49c17736d65acfb11abf2051f83a91ce248f5cbd80956fae08ba238847,HMAC-SHA256-DEMO,AUDIT-2026-05-STEP3
975,ecc9233147c31ded2a443220,2026-05-31T01:30:00Z,REQ-000975,5f299dc3f248e4c74232aab4,STATE_03_DIST_03_PS_01,8e67f9c2d6007f18c8de9209,escalate,ESCALATE_SEALED_RECORD_REVIEW_REQUIRED,P-2026-05-STEP2-ORACLE,995b88070d057271dd4d55dd2b01477d68590f533a1cc4885a137191948bc7fb,f2247cf1c60ee557b820bcd018ed2f7b38c5568daa9009a7c4908b84c1bb3289,f34f1dc9eb0277b8c0368529ca3c0a0052237496e01e7fa3da5a5422e7caa686,6404968743926352560e3453d6b518efa891a3ee297123fd06bdd32a350768ce,4ba6360532a613ee4e3c7ae693e8ee4d0350bdcb89ce6071d765621c739c1ef9,1e23dfa7e171c2837af15488b20bb6dc158c3548abe281ff1de11b61300d7eb0,4301ed8f9822d7578364af3b6141227fc5fcf22bf5afe001a6783a0356de933e,0b44c357292c251e5f07f73199232a8b5e82fe027ec008fd1d0a8c74836d164d,HMAC-SHA256-DEMO,AUDIT-2026-05-STEP3
976,693a75319419d0df0601681e,2026-06-06T20:16:00Z,REQ-000976,94b2d412892c95cbfdbe73cd,STATE_02_DIST_03_PS_03,4ea55cba83dc306bfa955910,escalate,ESCALATE_EMERGENCY_REVIEW_REQUIRED,P-2026-05-STEP2-ORACLE,c82221738aaac04e1b08a65eee4d1ea3d87855b372935a70f270b5fa4d776e9b,f2a2760dbeed701070e9776a951123e2ff083f2865007c6462d5de692bbb8d8c,e10d784ddbf048c3f12dac5a835fd43a0dbb35fa393579647efb7759da64ca62,89acf554571f185c34284c23cfec9e2cc57e988f7fb0b8dc4b94b06c284111cc,b31524028439906d7cec5f7ca6530bf0bc7332ffece5fb0e5e684cd975805164,4301ed8f9822d7578364af3b6141227fc5fcf22bf5afe001a6783a0356de933e,4f0a5e20c6c5e9be16135f64043eb59a7de0ffee9e68e20f43bcf3bd297fb9ac,fe71f53daf2a802ef8491e6a01e547984368283f12be4c8a777f4ba556b03d90,HMAC-SHA256-DEMO,AUDIT-2026-05-STEP3
977,5bb2bbe18bd718f475e54d5d,2026-06-07T12:49:00Z,REQ-000977,769c0f71f92a8b49e252746c,STATE_03_DIST_02_PS_03,7d6f478ee9bc86b7332e87fc,escalate,ESCALATE_CROSS_JURISDICTION_SENSITIVE_RECORD,P-2026-05-STEP2-ORACLE,639da9c60cf26e9adde1039d488eb00657b2efdcbadc25d70db47ee99dcaf693,37f3a06f098691ec366d21fd400cbac729782d6bdd2fae2e1bb01e17dbc1f03a,5301038937948b47af11da3d083036c495cad13c7c3fc75eb621dc616ec9dfe9,ac1bb63cbf51fe21877a5fe0e3b6a884dfebd0c24f2a4aca4895ff7d3ab9319c,61f876cf2de6d793f0f924f37aa2ac887aeb54f8a584c176077b7d5ce49f0c4e,4f0a5e20c6c5e9be16135f64043eb59a7de0ffee9e68e20f43bcf3bd297fb9ac,7cc0c6a5478e6488d8e7187d2ec61c3b1ebc4b767ee6cb979a3651df183fbdc9,faa0cf9169d1ff5ac709b06caea76289cc7d367cee8d2e5e961ad25a06f47c99,HMAC-SHA256-DEMO,AUDIT-2026-05-STEP3
978,144f5b69d6e2823bab30d798,2026-06-03T11:18:00Z,REQ-000978,9a1678400f682a3201830c3a,STATE_02_DIST_02_PS_02,fb8dce77863a67f68042baad,deny,DENY_SEALED_RECORD_WITHOUT_COURT_CONTEXT,P-2026-05-STEP2-ORACLE,fceb42aae9a9572b6cb44fb7775a4d56b716c8ef8cfb6c52f9371d0918953698,e7442f61abb3ec4593ee3fef9f52742c5c9df7fa494db4ec2c7579582870be2d,1a1f63cccd3c7205cb817eff35504ba9fd332307ad773bba89f6e73ebc0afcec,3ca474fd551b545e0e40564328e1011b6a9ca5b74dcc126d390eeda09dc243b6,50d44a743a6f3831c1f5553485005120bae67966049c9f444e1f6175d830299a,7cc0c6a5478e6488d8e7187d2ec61c3b1ebc4b767ee6cb979a3651df183fbdc9,74aef8a582cc4608226ff053f66bdc960ff08d2cdcb2fb614b9275c45fd4cd3e,2d4a5746e8f119de8d6b769a68a362bf548c0be96dfd5f5be9382ea884557eac,HMAC-SHA256-DEMO,AUDIT-2026-05-STEP3
979,dd2bf19e648d8e8510372bd6,2026-06-01T10:32:00Z,REQ-000979,ebff240f6e7e32e7e9713294,STATE_01_DIST_02_PS_03,0efb3356caf516ce494a3f41,escalate,ESCALATE_SEALED_RECORD_REVIEW_REQUIRED,P-2026-05-STEP2-ORACLE,85da01e7f49f7e0704294c5f545743e929b2e7fb9ca273f475c3c3ff9bdaf77e,42c7a734f54ce27246ae598903c6b3e5e2fc5993a1067a5367ab21b58fa65665,f1cde4178abf4ede0368166bca3739f330bd3d0a0de209cc9393528e9c7fac1a,08fd1b3dce5887255f2da8c293e2482b30a7e3af663c0b9ad87ada9d80943ecc,bea00ed598c16c8d54effea2ce6cbbb4c09a812f41d52cb521b07abcdf8a6458,74aef8a582cc4608226ff053f66bdc960ff08d2cdcb2fb614b9275c45fd4cd3e,f0f10a2948e315a224bcc4eace8ed77c19504c9c39024d7979395f6838f09f8b,61900398f8530730b774b44068b8faa16e5c34e4f6b7a3765a02e7440ba5c95d,HMAC-SHA256-DEMO,AUDIT-2026-05-STEP3
980,b26004a22dfd63030a991aa4,2026-06-05T12:40:00Z,REQ-000980,4f04697319f636cd795e5d1b,STATE_03_DIST_03_PS_01,371a23d91f7294df8b697c77,deny,DENY_SEALED_RECORD_WITHOUT_COURT_CONTEXT,P-2026-05-STEP2-ORACLE,9ff7260a22f8a5167010cafd40c91666356b87f4181c7e1ad0a47756778a8e4c,56f003f80e7098a880d8be2d22a7761e4978945cd165c404909fbcfce8d7f2ee,7960a9fdd94739e3f24b1000dc7103de9028e34feb23aabc5ee6ca7010cdb954,d03600f0b59d186f18699a5045ea2e3e0301a64ad32fd374f76370725930fb12,540d77d5e61f6e3ed402086f59bf870a34c611ee59439e8026b1659bcf765b80,f0f10a2948e315a224bcc4eace8ed77c19504c9c39024d7979395f6838f09f8b,45a1b717c621ce3627c02e859ba78bd92969546356fe25b5da3aef60ba322ef5,44738499c00dbe3a0b9d3518703e4932cbe66d51f82ee0732fc6253c7942ab6b,HMAC-SHA256-DEMO,AUDIT-2026-05-STEP3
981,03cee1895f80c317dbb162ea,2026-06-06T21:36:00Z,REQ-000981,7dd10e346a2e773cbf9da071,STATE_03_DIST_04_PS_02,c029e206494d47d41682de9a,deny,DENY_STALE_CASE_ASSIGNMENT,P-2026-05-STEP2-ORACLE,f845d35c85582f25b42ce360e619959f37e260f1bf868fb3ffcf877cab4411b1,fc64140d244565f400789f52fcdced1199b4fd9bedadd2fa487b90924fa8d2ed,c189f87f46e8af4f0443c1de73076b974351242ca4f06ac55635288740d5cf59,54f1b18460f78eb878f6df0dfcee4f4a7122f054b45f75ad7d9cc9fd24ceda96,bb557b2d512ac80e1875692b94e9d640e3d9b038f101e855175edae7cf6ae231,45a1b717c621ce3627c02e859ba78bd92969546356fe25b5da3aef60ba322ef5,8c18f1ee2607cf4de236da1779e92797447aba87f78bed21fa17f284e247dcc1,d378bb05452ec4b87724bba5b88edcb6aa3cbe231ccfebbebb5e7b32d6349ed5,HMAC-SHA256-DEMO,AUDIT-2026-05-STEP3
982,13c9e821a05767b27d29519e,2026-06-02T19:40:00Z,REQ-000982,86505bfb457a23f7a0108287,STATE_01_DIST_01_PS_03,56ad840f9fb936d6e9bc5567,deny,DENY_EXPIRED_APPROVAL_TOKEN,P-2026-05-STEP2-ORACLE,cb0fa536938ec2473053b6be841e9f13b2d4076bc25d3058870a34943505d4ee,9a877b7c5b93d21c2cf1c219209ad4b3ece4265f00ab4cc672c261af7cfb0a28,39a060e6d396d3e4a62788ab64940129c2ae502e7047485523bcfa8c62071cc4,1ea0d43e3aaa4ec21e8e82f18acfa6d021603f5902bdd01e958ebcf80c9feaf0,56e7ddb9a05388725db5b9715225969aae98b5ec79e4c18722ba9893caafcdf5,8c18f1ee2607cf4de236da1779e92797447aba87f78bed21fa17f284e247dcc1,fd5867fa44ace0cf4ac820d98a8e88cc5ae482f5ce7a769791e6ad398b700de9,8b9014ef6a26491e0fe82d65e9e0069be7dae7946a38e35e2da47f08a84f3326,HMAC-SHA256-DEMO,AUDIT-2026-05-STEP3
983,c65fff3132f16420f4f1d1b7,2026-05-28T08:46:00Z,REQ-000983,93ea324e5b0159f974ae2ac9,STATE_02_DIST_01_PS_01,cfbb7cb7295b99ad06465bc9,escalate,ESCALATE_PRIVACY_SENSITIVE_RECORD,P-2026-05-STEP2-ORACLE,751596ca65fd1180193cd6443bcf67818a14a989a7106a78de71097a3c98db9e,8787a6ce1deee47c750cf0d8d22e4eaf6611b2cd5d7c08d1e4e9ff5017b2a0e1,c7efaefddfe6c47acc4c7de902004aaeff44f141fd7c301c8d0fe7bb5bb1916d,30b2402a85d40c82c312466533357b52cde31df27a5fb1ed5a8ad92f355345c9,1d070fbf2ee32db182708b273eac73e156b605da77dfcf9163d2a09fc77180a6,fd5867fa44ace0cf4ac820d98a8e88cc5ae482f5ce7a769791e6ad398b700de9,2840156c7e2d97f17a9e0d8555a1852e9c5aafe1c830fda77aa066f6c4ef8375,eea8d4e15bfbd8246c3de4ca7665b142cd90925d6753a38f5426a51ff03dd774,HMAC-SHA256-DEMO,AUDIT-2026-05-STEP3
984,6228b74fc93209c16a553032,2026-06-02T03:36:00Z,REQ-000984,750741a21ba1ad37a768df1b,STATE_03_DIST_01_PS_01,215ab041d7ba027eff82f6d6,escalate,ESCALATE_PRIVACY_SENSITIVE_RECORD,P-2026-05-STEP2-ORACLE,9bbb0621d57acb3f815d282cb3b9af2522376a22851a238b02c81db820db89ed,ce138ebc6fbb3ed4cbc37c6c5dc28e43c23ad73ab860f2def68691f96bd51e2c,80863f970808c2c82839c96eab4597e745126049280f0581f51656edff22b735,fadfd16f3d3aff97fdeefd83fc9112dd0f15f3375e5c8206220083493fd3e35a,792f979c6592f08423d6cf2076747d75bc5738afc5b8b7e2186efb806770da78,2840156c7e2d97f17a9e0d8555a1852e9c5aafe1c830fda77aa066f6c4ef8375,0d76b969bd930fe016b36f2d81f8a7ee095b30068028ea2affa96159cf7c1097,b6e2d33c213b207f1e2b0f039b1bf87018d7a4516154d30dd201ed801ddc239f,HMAC-SHA256-DEMO,AUDIT-2026-05-STEP3
985,9479d742f5e2e147106c7810,2026-06-06T06:15:00Z,REQ-000985,90e9de18363ee212ab55f392,STATE_02_DIST_01_PS_01,ee3ca38f34162c711e83a513,allow,ALLOW_ROUTINE_CONTEXTUAL_ACCESS,P-2026-05-STEP2-ORACLE,0ba7edecb846ca8864bcd1c84032532142715a75f6b2cd902a1343cbda0e3297,3f9a5e5746db2c5200681264306068d2ec6dca3c4f62677e0fccfcfc4e267697,be8315d65756a254239b096d19892d1d665d14f19d90bbce4b39d67398357431,189e3ae1bd847ef6690b08874e9f7f7bfb5bb5e81d2bcf6d7c9ea6b69ea8ee7e,178587471eb85ab3285e40eb93e1c948ade983ff0d3315391b87f86692573d3d,0d76b969bd930fe016b36f2d81f8a7ee095b30068028ea2affa96159cf7c1097,ebb036a7470eea00e4e445b05d8f26cb5d6ef15c73b79c0f91e87aa024de14aa,bcc72a8b79ff847c1e14279feea5a2ead7615a567335f566e30f90e3b25bde2e,HMAC-SHA256-DEMO,AUDIT-2026-05-STEP3
986,975cea00d9702aae699e6b04,2026-06-07T15:22:00Z,REQ-000986,3d55943653d0579351b1bb1c,STATE_03_DIST_03_PS_01,dbc9514c0caf7dba5d34549f,escalate,ESCALATE_CROSS_JURISDICTION_SENSITIVE_RECORD,P-2026-05-STEP2-ORACLE,54da05728a9326f795543ded9abfe3ec2a32cc20be99d39d73f62b8869522f79,d701a0caf714aa08b5eafdce5ffbae8064b234873d53415ca643f810cefcd450,fc09cf50b633d1edb6f01110d926b53d414df6ec6c064a2de82bd7403c4495d1,cce9256bcaa2072843b0b6dacc25e2ad52eda2620f0beae1a5a186c3f05e217a,647dbdaa55e6e182fe2a20b9ce2a1d4a9b991ae02426f09e4dbbf061ef66b9e3,ebb036a7470eea00e4e445b05d8f26cb5d6ef15c73b79c0f91e87aa024de14aa,c6d5adae7da5a20e7143d422c8e0a189c038cd156207b206da4e7efb738dd8ca,6c08be8256854204005045bc9e3fa423e25789dda73125e7e065f808de4621fe,HMAC-SHA256-DEMO,AUDIT-2026-05-STEP3
987,9f828b3783d2254aceb7c5f3,2026-06-06T23:12:00Z,REQ-000987,f59f4c244c14d1c05b3b5fef,STATE_02_DIST_04_PS_02,9fce236a36075cd6bcd8860b,deny,DENY_SEALED_RECORD_WITHOUT_COURT_CONTEXT,P-2026-05-STEP2-ORACLE,aaed3ddbbf91c424fb1b8fc9e4afab4e6bebe1207839201d92187c666d6ee934,7376e31b15f230dca92add85bdec3cf023ef01814a930804f3371209efa44a98,cdccb60a87806f1423b86975e8063cb7ce1782a09a82e0af2c070fd3502a0876,8bd54665686836063344a04ff9abc4400f2507e33e644ba4a85536734dae59ff,676ed5d89822fa3436b99bbac475e8d9d992351a46b40e32c46a2f58472a3c4d,c6d5adae7da5a20e7143d422c8e0a189c038cd156207b206da4e7efb738dd8ca,c7c498855937b7771dc6dd6b5a03a96a1cb8fea51faf56b16d7174361ac71a8b,4ecce6a02f296ac712e74a3f11640557ea740c8d48b634046589e08f7e3ad456,HMAC-SHA256-DEMO,AUDIT-2026-05-STEP3
988,acd1ae1b3a2830115c515409,2026-06-02T20:40:00Z,REQ-000988,69527641f80b28a01bb229b7,STATE_01_DIST_03_PS_03,a01b4fff545a372b8d651084,escalate,ESCALATE_CROSS_JURISDICTION_SENSITIVE_RECORD,P-2026-05-STEP2-ORACLE,ffe8e5b0b8b237d903e060e9da98f798e4ea5d195983c1446a970cbaff77f2c5,573276cc0c4acd54e292b310ef02899d8660a771306f5a947641b645c7a8dcac,f360522f381995727c5553933fde3c38dd034315ac69a6d515a5db4974850c8c,c83e59a1ef68b00f808221de9a6fa24886094f66fca5d1353350213b7bb3c1ff,e9ef12ff8fb416e9cf3a62c24d067b2719e6687247f9b15a47cae57e7b6d9010,c7c498855937b7771dc6dd6b5a03a96a1cb8fea51faf56b16d7174361ac71a8b,0c30825001c55bc21d09d2f9d7ea21385c1e4dc4250ea74926157ca030de5b58,0b92b35503a0c3b80d21cc53268598a58d4120a98a829dd1266571676a8ff3a0,HMAC-SHA256-DEMO,AUDIT-2026-05-STEP3
989,b6a3eb538e7c10a05c2b56ae,2026-06-06T23:44:00Z,REQ-000989,1e6c5e762b98d4b3d94fa258,STATE_03_DIST_02_PS_03,7d60c16d6ecbadcdbdfa7d7b,escalate,ESCALATE_SEALED_RECORD_REVIEW_REQUIRED,P-2026-05-STEP2-ORACLE,6b300345c77c73c03eb0e08739e0574bdcdb6d3b804177bb902fbdec14bb0558,afae45b0c268a0bced2477cb4c2a824f906c3f284182db5c2cb58ec29b5dfcf8,569f5627f79c8b59a0535b472d19e2c093330d745f3ae37401150082b76d67f3,e3e47f985372784af7cd9c1b709fa80610a169799eb2618423a02d394fc08ef5,5305c327abce3e65a85295d12465d9cbe0b112807219c7b82a65645bafe9eadf,0c30825001c55bc21d09d2f9d7ea21385c1e4dc4250ea74926157ca030de5b58,3ac62c0877005c040663732bf2f6d4cf4c9673108013b165dfc2a7bca8fa6987,7450c4a8930bafec9101ad8b6030f0f86664ad5f4019a3edb6b68a1f12f74d1b,HMAC-SHA256-DEMO,AUDIT-2026-05-STEP3
990,30a0833aaa8f90771720a7a6,2026-05-29T18:00:00Z,REQ-000990,95ff51d542090c1b60accce5,STATE_01_DIST_02_PS_01,4f7b0b0cacce32a385a1e42a,escalate,ESCALATE_PRIVACY_SENSITIVE_RECORD,P-2026-05-STEP2-ORACLE,87af26d38bc5debf8b953c43d83aad70b888ab1fdba03f1724c1e8c979ad9369,e1e35b00a690cd8f71fb31880d03d817e91de0a2853d2179912f7878f92cab62,5f1b1fc0d61efbf9885a60caa6877f09bc36f6a557edd5afa0a1ee09a9ee078b,b6b46ab486ad58309d8125ef2c8f2c28c7a8e66004e4eb3acc8812b4da04d28c,beada07b6bbb728cd39f8315752eb718e3917bbe2e51b011299c80f1c8d94668,3ac62c0877005c040663732bf2f6d4cf4c9673108013b165dfc2a7bca8fa6987,6287aae22cd66a5fc44b1182abe8ee3253a29e58e83ca62353ec5f93434e33c0,d8c9190b3f3efe898e1bf9435138f4fdfafe88e3b47ff788c2b35f1ea9432d91,HMAC-SHA256-DEMO,AUDIT-2026-05-STEP3
991,411c634fcb23f48a1645337a,2026-05-29T18:04:00Z,REQ-000991,8287968c0e33f42b2e380e47,STATE_02_DIST_04_PS_03,165537a7bd124a847522b908,allow,ALLOW_ROUTINE_CONTEXTUAL_ACCESS,P-2026-05-STEP2-ORACLE,baf5f5348eb166a801f12e6077647cb0f70187bc7b8304e2465cbea10a6839a7,031f7cdcb916811c429da9a8f6db19711307f25b3c7fb4a2bce6d7ab29f9303b,ac6814de48460f1d65735f857a7c16ff2f313711b9160008407f31b085642007,0b59e83ce743e6e4433c63972206d5093609bdfe65e000d633778af749eb01f5,a64b2a4e7ef6f737a43fb1103a3f6257a8167d97a718a90b9063b22ee7e3e6b6,6287aae22cd66a5fc44b1182abe8ee3253a29e58e83ca62353ec5f93434e33c0,890c2c58ab80a0c642bb7e8824e7c751ceb7d956986a5f410c0f029756be9bd2,d58e979261e7403a07d6c9022547e23e8d59b843cb44419957044ea04fbc11c6,HMAC-SHA256-DEMO,AUDIT-2026-05-STEP3
992,7eb8f5968d2f24f43cfe0ccd,2026-06-04T22:56:00Z,REQ-000992,a07f98edb4eac55d9fa73ffe,STATE_02_DIST_04_PS_01,c6a572862caa5832f9d55a39,escalate,ESCALATE_PRIVACY_SENSITIVE_RECORD,P-2026-05-STEP2-ORACLE,5a550ecc905e108a867c043a746397e32f779f43c3e030565189ef892352a17b,6212a88ad8458ff2b35c609e69f13b350ee09c5cbb6fd55cd4bea4bb8d86d90c,86d7a1e6fedb29e134ac98f0bd5e8d5218b3a82048d36ec834ecbe7567946b52,19a4c08d8fdbc306bb70050f5fc39f06309ce1a36b286acd420ef1b876a82bc8,9fa56c0f85e9432e7ebe6c8680f88ac93911fbcfd718cc948f01db1cced003a9,890c2c58ab80a0c642bb7e8824e7c751ceb7d956986a5f410c0f029756be9bd2,92b095a59eef3c50097434c504efe0498dd6a45554899de66335179ffd459405,e2a1339fcf157cbf556314641b4d58c87c6b12f067be5bc490909acfb5d3d4c1,HMAC-SHA256-DEMO,AUDIT-2026-05-STEP3
993,cfd42af5ee7f4d7eaedd4633,2026-06-02T21:30:00Z,REQ-000993,e1441290962ca2a8517d8d0f,STATE_02_DIST_02_PS_03,86a01f1aea6edb3a8fe86ce4,deny,DENY_STALE_CASE_ASSIGNMENT,P-2026-05-STEP2-ORACLE,9e9045239c09f7f6fdfc8b83b9c17396e9b3a3d86555d2b7b5d2ea902363bfc1,c311217104390ac401b807f7db44f519e8e2aa161d9028a313c04d748b06585a,8d86c69b046692c278df14f137ae35e3b4145b773bc4ed8143afda0f7f552b57,2955813b9e0d4471d73d9440d78bc007b09a94ee91b3b3816374b5448d58e9eb,fce2e40769bf3749c6b748af11487da4f36bb5b4f5c9d33035c540c1b108187d,92b095a59eef3c50097434c504efe0498dd6a45554899de66335179ffd459405,c2795628de06f547ed46dc85207847b9a3eb3526c95089830583519579be3571,eb9f84eac7d4b4a7b6f7283231505ea9988a4aaecdfde5d493e68769018c5bbd,HMAC-SHA256-DEMO,AUDIT-2026-05-STEP3
994,a007e6fce6f0bc7001b77f02,2026-06-02T21:40:00Z,REQ-000994,29e63067f87e22c26e60f375,STATE_03_DIST_01_PS_02,a01b4fff545a372b8d651084,deny,DENY_INACTIVE_CREDENTIAL,P-2026-05-STEP2-ORACLE,083601f38ce77b7d63b87055fbb6430215a89d97eebaf5f4d7a055a56d1c9778,8c227c0f53be7cf745ae332456d577bb2b29472a567965d39edd097935c02d6c,ebd9a783be541afb8e5f37b6b4ed647f217a033676da9f81c74ecf4d1538e7ef,1e7a3bac89d380c06acac40535c27ff43a534af422b613d4473bba6302d815c7,49e3b9a0dedc624b882b19f7278d8c471f5589fd3796184c0ad043937a53bddd,c2795628de06f547ed46dc85207847b9a3eb3526c95089830583519579be3571,5b083d4fa75797efd8099c8fe1632179afed8e97e8aa30bb37a0cad5421d54a5,e7f54f4651b3d1e8165ef8f9f1af1566464230401376238a4d58f6e1931c6c3e,HMAC-SHA256-DEMO,AUDIT-2026-05-STEP3
995,03f81d093fdcfc71c2bb4666,2026-05-31T20:05:00Z,REQ-000995,6adbebf965a8665f8e3dd8db,STATE_03_DIST_04_PS_01,b29b01f14568ba1dcdc4e111,deny,DENY_INACTIVE_CREDENTIAL,P-2026-05-STEP2-ORACLE,d160a69bbe0dac21affa9b7493f71836887a68e877e0c25448b99dd96ef5ffeb,e4e95b2225e6aa429d4842cf9ff462f89065a0eb1ab3990ae32df3c3a03028c1,c8da391913320c04637ca4327aebb59c86ab23d874b8446630b0af89a7ca0ffd,fe786bca55cc601caee97f1bd2fc1d72d14a03cf85db1e47b0af18bfb2aeb938,df9a5127cd3ef6c6982adeaf9eb9b5e4cba8e0be2c239f5ba7fa9fb691654791,5b083d4fa75797efd8099c8fe1632179afed8e97e8aa30bb37a0cad5421d54a5,b5709ec58015e56f34af8f02e63291b95886f89180f05b02af203bdd1c6ba5d9,ab0b83abe87d2c13ebce99f1ab27f4440efaf0aa4d7831b7d6fd852ebb7664c7,HMAC-SHA256-DEMO,AUDIT-2026-05-STEP3
996,2b1f87b6073cb04ce1f86eef,2026-06-04T07:12:00Z,REQ-000996,5226641dfbffc5688ec0818a,STATE_03_DIST_02_PS_02,12044d787ebe89f0a9bd0dff,allow,ALLOW_ROUTINE_CONTEXTUAL_ACCESS,P-2026-05-STEP2-ORACLE,23c899fe153fed7094cb03ba9fca04d9368bd8015ccd9f66b069010531d3ffbf,aa3e67d29d1b399fc74c9a88799afc8babd380850395c65ca58bc9714c48ef6e,22e294fc0c125ded7992169780c8d2f622cb3f2762f2ac9121980a009a0dfbc7,9465a618e727d6376ef1c16afa9e8532834ed9b0f7f733b09efd2bb18df7b277,c44dba2e78e07a53d46228155f5ebfd644d7fdc4243004b7691024b6658f543a,b5709ec58015e56f34af8f02e63291b95886f89180f05b02af203bdd1c6ba5d9,af6bc2786f28eff247d2e42bbcf73ea2ee0da996d36bbdf3084c8b929c91b45f,7ae1dc76628d52db41ac84469e3736ad908e0f0aa012c5c415a0c606d1467742,HMAC-SHA256-DEMO,AUDIT-2026-05-STEP3
997,f6adf85d9a44ec429b3f7d5a,2026-06-01T12:56:00Z,REQ-000997,1f0d6f8c17d7221984909f27,STATE_01_DIST_04_PS_03,361a07f3293bb4a0066f3f14,deny,DENY_STALE_CASE_ASSIGNMENT,P-2026-05-STEP2-ORACLE,64cb49b9441a3c8c5701f0720e67479eaac35e014c6e1a5a8e6b099c9c0352d9,95b8164e1069421a8c24151de72d760ff5e0a8838d7bf0699ad4bce86924d645,5a75b8ab9f76616390adaab8551cc11e7278247a1c5b736e4bff0e6c4b517d35,2ba134d774e35d259856148157d4218c96bf5f4d724ff2f9bdc38050c2329e7a,f3db5d42b1c80fa2757f5b8f4ac0c1292b106207435f2ab0b081582305f7c60d,af6bc2786f28eff247d2e42bbcf73ea2ee0da996d36bbdf3084c8b929c91b45f,39e73acdc366e31b26498f7a50585ed21377ec2b380c71689112a216ff2f44c9,de1d517b094dabe27e35dc40ef60c78144ae8882992b736d6fe5b48c7c0cb9db,HMAC-SHA256-DEMO,AUDIT-2026-05-STEP3
998,4f05a5cfd02ea6acf665ee34,2026-06-03T14:58:00Z,REQ-000998,ccfa52e7df949ec76b129260,STATE_02_DIST_01_PS_03,1aa08103e3c7e97cf82499a7,allow,ALLOW_ROUTINE_CONTEXTUAL_ACCESS,P-2026-05-STEP2-ORACLE,7b3c395091ab11305959ac773736dbff8a83abcd81df488c3a637559495b513a,d2cef54c0bd93927966b6b15d8d87c6691038e098a978568dbb9a992ed8e7323,a3e2b129c2d6b49fb59d071e6de2b87e50fe38413d96d46dacf0870408cecf38,b109e897e8b51bdcad25da30561d9f7eaebf3abe2798f66104a7878b17a8203d,dd7d4822d0e15cd57e71e366357fb34c092718e6be487858f38c8d4bf1cc5cd4,39e73acdc366e31b26498f7a50585ed21377ec2b380c71689112a216ff2f44c9,f6e03d8d1ccfa2892b3bf47b592b18db5bc06a35791328fa5451377eeabf4be4,bbde19eec47971478fc7a1eb21815c941af18e1c766d29ade692627d6053a32d,HMAC-SHA256-DEMO,AUDIT-2026-05-STEP3
999,3af5b9403aaadebddd803147,2026-06-07T02:24:00Z,REQ-000999,e246494264abad2f32845507,STATE_01_DIST_03_PS_02,013db09002c5359870535b51,deny,DENY_STALE_CASE_ASSIGNMENT,P-2026-05-STEP2-ORACLE,621e48ea4e993e3f42d2d1f4d51dfdab40baffbedeb71e006903a0673ba0bcad,861ca5a3279d43ebd972128b80056f6e747ce289f8f3c5eee40ef2bc8cb0ed94,11fd07e92cc1d265ebf4de445bb691fa43afd0139c24893cd9219aa99e1ac990,3ae455fe63de142e11982591116d132c6654ce18c964f98225aaf57858b4e811,1bcc1fe9fbdda774cbecea649358df9882267d2bc1f9888abbe56bf5010d99c2,f6e03d8d1ccfa2892b3bf47b592b18db5bc06a35791328fa5451377eeabf4be4,02c0eb0a3de01418504b05ecba3b218551e15735310a7e8d88df8d582fa3e149,07128ddea2668cbe3a4d104414db9058fad69b83e537e1273d29282c6dc90a1c,HMAC-SHA256-DEMO,AUDIT-2026-05-STEP3
1000,3eb48d6573bc689b950f3996,2026-05-30T11:20:00Z,REQ-001000,5250e04b75f9aa481b9f2c6e,STATE_02_DIST_04_PS_01,b18bf580b9222d64b5f00c0a,deny,DENY_STALE_CASE_ASSIGNMENT,P-2026-05-STEP2-ORACLE,f1d92e5cfa510c39916a65f9ea6a404e2b1f2bb72fda15b6b854912863ec1070,68389c23ff6a983d5bf4e64d634001ee0d26f790315722cbdbd8b930309e6866,a7c9852a25174f4d65c29641dce1410a1721ceffb25bbe00ae83ea951dde1880,ff5ba59b751e7f498e28cbab59a0e12ad747c39eb372235e20cbd4e14fe36a97,a27ff4de67060517c9f9092456a746795691917f0930e94045a97bc68d23e5a4,02c0eb0a3de01418504b05ecba3b218551e15735310a7e8d88df8d582fa3e149,16b3efa875427c9e6e251fad71da0380a215b3ee5e1bd6c105ee6508380e9cd9,84791d67a77e25e027cfaa7212791f1b66af39ddb9eeb8362ff275bef64c8d48,HMAC-SHA256-DEMO,AUDIT-2026-05-STEP3
