component,operation,sample_id,latency_ms,unit
policy_oracle_xai,evaluate_one_request,REQ-000001,0.080333,request
policy_oracle_xai,evaluate_one_request,REQ-000002,0.026125,request
policy_oracle_xai,evaluate_one_request,REQ-000003,0.023458,request
policy_oracle_xai,evaluate_one_request,REQ-000004,0.016875,request
policy_oracle_xai,evaluate_one_request,REQ-000005,0.014666,request
policy_oracle_xai,evaluate_one_request,REQ-000006,0.016833,request
policy_oracle_xai,evaluate_one_request,REQ-000007,0.021959,request
policy_oracle_xai,evaluate_one_request,REQ-000008,0.015375,request
policy_oracle_xai,evaluate_one_request,REQ-000009,0.014750,request
policy_oracle_xai,evaluate_one_request,REQ-000010,0.015250,request
policy_oracle_xai,evaluate_one_request,REQ-000011,0.016333,request
policy_oracle_xai,evaluate_one_request,REQ-000012,0.014916,request
policy_oracle_xai,evaluate_one_request,REQ-000013,0.013708,request
policy_oracle_xai,evaluate_one_request,REQ-000014,0.017166,request
policy_oracle_xai,evaluate_one_request,REQ-000015,0.014625,request
policy_oracle_xai,evaluate_one_request,REQ-000016,0.016709,request
policy_oracle_xai,evaluate_one_request,REQ-000017,0.014292,request
policy_oracle_xai,evaluate_one_request,REQ-000018,0.021083,request
policy_oracle_xai,evaluate_one_request,REQ-000019,0.014709,request
policy_oracle_xai,evaluate_one_request,REQ-000020,0.013416,request
policy_oracle_xai,evaluate_one_request,REQ-000021,0.013417,request
policy_oracle_xai,evaluate_one_request,REQ-000022,0.012958,request
policy_oracle_xai,evaluate_one_request,REQ-000023,0.012375,request
policy_oracle_xai,evaluate_one_request,REQ-000024,0.013958,request
policy_oracle_xai,evaluate_one_request,REQ-000025,0.012708,request
policy_oracle_xai,evaluate_one_request,REQ-000026,0.024875,request
policy_oracle_xai,evaluate_one_request,REQ-000027,0.013916,request
policy_oracle_xai,evaluate_one_request,REQ-000028,0.039209,request
policy_oracle_xai,evaluate_one_request,REQ-000029,0.015042,request
policy_oracle_xai,evaluate_one_request,REQ-000030,0.013625,request
policy_oracle_xai,evaluate_one_request,REQ-000031,0.016375,request
policy_oracle_xai,evaluate_one_request,REQ-000032,0.014958,request
policy_oracle_xai,evaluate_one_request,REQ-000033,0.013875,request
policy_oracle_xai,evaluate_one_request,REQ-000034,0.012917,request
policy_oracle_xai,evaluate_one_request,REQ-000035,0.013209,request
policy_oracle_xai,evaluate_one_request,REQ-000036,0.013459,request
policy_oracle_xai,evaluate_one_request,REQ-000037,0.013667,request
policy_oracle_xai,evaluate_one_request,REQ-000038,0.015791,request
policy_oracle_xai,evaluate_one_request,REQ-000039,0.014125,request
policy_oracle_xai,evaluate_one_request,REQ-000040,0.013375,request
policy_oracle_xai,evaluate_one_request,REQ-000041,0.013000,request
policy_oracle_xai,evaluate_one_request,REQ-000042,0.014208,request
policy_oracle_xai,evaluate_one_request,REQ-000043,0.013750,request
policy_oracle_xai,evaluate_one_request,REQ-000044,0.013208,request
policy_oracle_xai,evaluate_one_request,REQ-000045,0.013084,request
policy_oracle_xai,evaluate_one_request,REQ-000046,0.016167,request
policy_oracle_xai,evaluate_one_request,REQ-000047,0.015042,request
policy_oracle_xai,evaluate_one_request,REQ-000048,0.013708,request
policy_oracle_xai,evaluate_one_request,REQ-000049,0.012458,request
policy_oracle_xai,evaluate_one_request,REQ-000050,0.014166,request
policy_oracle_xai,evaluate_one_request,REQ-000051,0.014834,request
policy_oracle_xai,evaluate_one_request,REQ-000052,0.013875,request
policy_oracle_xai,evaluate_one_request,REQ-000053,0.014875,request
policy_oracle_xai,evaluate_one_request,REQ-000054,0.013791,request
policy_oracle_xai,evaluate_one_request,REQ-000055,0.016458,request
policy_oracle_xai,evaluate_one_request,REQ-000056,0.013875,request
policy_oracle_xai,evaluate_one_request,REQ-000057,0.014375,request
policy_oracle_xai,evaluate_one_request,REQ-000058,0.015375,request
policy_oracle_xai,evaluate_one_request,REQ-000059,0.015041,request
policy_oracle_xai,evaluate_one_request,REQ-000060,0.015709,request
policy_oracle_xai,evaluate_one_request,REQ-000061,0.015208,request
policy_oracle_xai,evaluate_one_request,REQ-000062,0.012542,request
policy_oracle_xai,evaluate_one_request,REQ-000063,0.013625,request
policy_oracle_xai,evaluate_one_request,REQ-000064,0.013792,request
policy_oracle_xai,evaluate_one_request,REQ-000065,0.012625,request
policy_oracle_xai,evaluate_one_request,REQ-000066,0.012875,request
policy_oracle_xai,evaluate_one_request,REQ-000067,0.012541,request
policy_oracle_xai,evaluate_one_request,REQ-000068,0.016625,request
policy_oracle_xai,evaluate_one_request,REQ-000069,0.014666,request
policy_oracle_xai,evaluate_one_request,REQ-000070,0.014750,request
policy_oracle_xai,evaluate_one_request,REQ-000071,0.013500,request
policy_oracle_xai,evaluate_one_request,REQ-000072,0.012667,request
policy_oracle_xai,evaluate_one_request,REQ-000073,0.012584,request
policy_oracle_xai,evaluate_one_request,REQ-000074,0.012791,request
policy_oracle_xai,evaluate_one_request,REQ-000075,0.012000,request
policy_oracle_xai,evaluate_one_request,REQ-000076,0.015625,request
policy_oracle_xai,evaluate_one_request,REQ-000077,0.013667,request
policy_oracle_xai,evaluate_one_request,REQ-000078,0.013292,request
policy_oracle_xai,evaluate_one_request,REQ-000079,0.013208,request
policy_oracle_xai,evaluate_one_request,REQ-000080,0.012542,request
policy_oracle_xai,evaluate_one_request,REQ-000081,0.013500,request
policy_oracle_xai,evaluate_one_request,REQ-000082,0.013750,request
policy_oracle_xai,evaluate_one_request,REQ-000083,0.012667,request
policy_oracle_xai,evaluate_one_request,REQ-000084,0.012458,request
policy_oracle_xai,evaluate_one_request,REQ-000085,0.012292,request
policy_oracle_xai,evaluate_one_request,REQ-000086,0.012333,request
policy_oracle_xai,evaluate_one_request,REQ-000087,0.014875,request
policy_oracle_xai,evaluate_one_request,REQ-000088,0.012959,request
policy_oracle_xai,evaluate_one_request,REQ-000089,0.013208,request
policy_oracle_xai,evaluate_one_request,REQ-000090,0.013083,request
policy_oracle_xai,evaluate_one_request,REQ-000091,0.012791,request
policy_oracle_xai,evaluate_one_request,REQ-000092,0.013042,request
policy_oracle_xai,evaluate_one_request,REQ-000093,0.012459,request
policy_oracle_xai,evaluate_one_request,REQ-000094,0.012375,request
policy_oracle_xai,evaluate_one_request,REQ-000095,0.013000,request
policy_oracle_xai,evaluate_one_request,REQ-000096,0.014583,request
policy_oracle_xai,evaluate_one_request,REQ-000097,0.014125,request
policy_oracle_xai,evaluate_one_request,REQ-000098,0.012917,request
policy_oracle_xai,evaluate_one_request,REQ-000099,0.013750,request
policy_oracle_xai,evaluate_one_request,REQ-000100,0.015084,request
policy_oracle_xai,evaluate_one_request,REQ-000101,0.012584,request
policy_oracle_xai,evaluate_one_request,REQ-000102,0.013000,request
policy_oracle_xai,evaluate_one_request,REQ-000103,0.012500,request
policy_oracle_xai,evaluate_one_request,REQ-000104,0.012375,request
policy_oracle_xai,evaluate_one_request,REQ-000105,0.014125,request
policy_oracle_xai,evaluate_one_request,REQ-000106,0.014709,request
policy_oracle_xai,evaluate_one_request,REQ-000107,0.011792,request
policy_oracle_xai,evaluate_one_request,REQ-000108,0.016417,request
policy_oracle_xai,evaluate_one_request,REQ-000109,0.012666,request
policy_oracle_xai,evaluate_one_request,REQ-000110,0.013500,request
policy_oracle_xai,evaluate_one_request,REQ-000111,0.012750,request
policy_oracle_xai,evaluate_one_request,REQ-000112,0.012500,request
policy_oracle_xai,evaluate_one_request,REQ-000113,0.012334,request
policy_oracle_xai,evaluate_one_request,REQ-000114,0.015166,request
policy_oracle_xai,evaluate_one_request,REQ-000115,0.015667,request
policy_oracle_xai,evaluate_one_request,REQ-000116,0.012583,request
policy_oracle_xai,evaluate_one_request,REQ-000117,0.012708,request
policy_oracle_xai,evaluate_one_request,REQ-000118,0.013458,request
policy_oracle_xai,evaluate_one_request,REQ-000119,0.012208,request
policy_oracle_xai,evaluate_one_request,REQ-000120,0.012167,request
policy_oracle_xai,evaluate_one_request,REQ-000121,0.016083,request
policy_oracle_xai,evaluate_one_request,REQ-000122,0.014333,request
policy_oracle_xai,evaluate_one_request,REQ-000123,0.012750,request
policy_oracle_xai,evaluate_one_request,REQ-000124,0.013958,request
policy_oracle_xai,evaluate_one_request,REQ-000125,0.014791,request
policy_oracle_xai,evaluate_one_request,REQ-000126,0.013667,request
policy_oracle_xai,evaluate_one_request,REQ-000127,0.012000,request
policy_oracle_xai,evaluate_one_request,REQ-000128,0.013333,request
policy_oracle_xai,evaluate_one_request,REQ-000129,0.013417,request
policy_oracle_xai,evaluate_one_request,REQ-000130,0.012750,request
policy_oracle_xai,evaluate_one_request,REQ-000131,0.013375,request
policy_oracle_xai,evaluate_one_request,REQ-000132,0.013542,request
policy_oracle_xai,evaluate_one_request,REQ-000133,0.014833,request
policy_oracle_xai,evaluate_one_request,REQ-000134,0.011709,request
policy_oracle_xai,evaluate_one_request,REQ-000135,0.012875,request
policy_oracle_xai,evaluate_one_request,REQ-000136,0.013209,request
policy_oracle_xai,evaluate_one_request,REQ-000137,0.011791,request
policy_oracle_xai,evaluate_one_request,REQ-000138,0.013500,request
policy_oracle_xai,evaluate_one_request,REQ-000139,0.013417,request
policy_oracle_xai,evaluate_one_request,REQ-000140,0.013166,request
policy_oracle_xai,evaluate_one_request,REQ-000141,0.012417,request
policy_oracle_xai,evaluate_one_request,REQ-000142,0.012875,request
policy_oracle_xai,evaluate_one_request,REQ-000143,0.013958,request
policy_oracle_xai,evaluate_one_request,REQ-000144,0.013333,request
policy_oracle_xai,evaluate_one_request,REQ-000145,0.012917,request
policy_oracle_xai,evaluate_one_request,REQ-000146,0.013458,request
policy_oracle_xai,evaluate_one_request,REQ-000147,0.016041,request
policy_oracle_xai,evaluate_one_request,REQ-000148,0.012333,request
policy_oracle_xai,evaluate_one_request,REQ-000149,0.012167,request
policy_oracle_xai,evaluate_one_request,REQ-000150,0.013000,request
policy_oracle_xai,evaluate_one_request,REQ-000151,0.014083,request
policy_oracle_xai,evaluate_one_request,REQ-000152,0.013417,request
policy_oracle_xai,evaluate_one_request,REQ-000153,0.013041,request
policy_oracle_xai,evaluate_one_request,REQ-000154,0.013208,request
policy_oracle_xai,evaluate_one_request,REQ-000155,0.014000,request
policy_oracle_xai,evaluate_one_request,REQ-000156,0.012250,request
policy_oracle_xai,evaluate_one_request,REQ-000157,0.011500,request
policy_oracle_xai,evaluate_one_request,REQ-000158,0.013125,request
policy_oracle_xai,evaluate_one_request,REQ-000159,0.013167,request
policy_oracle_xai,evaluate_one_request,REQ-000160,0.013167,request
policy_oracle_xai,evaluate_one_request,REQ-000161,0.013708,request
policy_oracle_xai,evaluate_one_request,REQ-000162,0.013042,request
policy_oracle_xai,evaluate_one_request,REQ-000163,0.012167,request
policy_oracle_xai,evaluate_one_request,REQ-000164,0.012875,request
policy_oracle_xai,evaluate_one_request,REQ-000165,0.013125,request
policy_oracle_xai,evaluate_one_request,REQ-000166,0.012375,request
policy_oracle_xai,evaluate_one_request,REQ-000167,0.011750,request
policy_oracle_xai,evaluate_one_request,REQ-000168,0.012542,request
policy_oracle_xai,evaluate_one_request,REQ-000169,0.013125,request
policy_oracle_xai,evaluate_one_request,REQ-000170,0.012542,request
policy_oracle_xai,evaluate_one_request,REQ-000171,0.013250,request
policy_oracle_xai,evaluate_one_request,REQ-000172,0.013000,request
policy_oracle_xai,evaluate_one_request,REQ-000173,0.012083,request
policy_oracle_xai,evaluate_one_request,REQ-000174,0.013083,request
policy_oracle_xai,evaluate_one_request,REQ-000175,0.013167,request
policy_oracle_xai,evaluate_one_request,REQ-000176,0.012166,request
policy_oracle_xai,evaluate_one_request,REQ-000177,0.013000,request
policy_oracle_xai,evaluate_one_request,REQ-000178,0.012458,request
policy_oracle_xai,evaluate_one_request,REQ-000179,0.013000,request
policy_oracle_xai,evaluate_one_request,REQ-000180,0.013333,request
policy_oracle_xai,evaluate_one_request,REQ-000181,0.013042,request
policy_oracle_xai,evaluate_one_request,REQ-000182,0.025916,request
policy_oracle_xai,evaluate_one_request,REQ-000183,0.016083,request
policy_oracle_xai,evaluate_one_request,REQ-000184,0.011791,request
policy_oracle_xai,evaluate_one_request,REQ-000185,0.013833,request
policy_oracle_xai,evaluate_one_request,REQ-000186,0.012792,request
policy_oracle_xai,evaluate_one_request,REQ-000187,0.014584,request
policy_oracle_xai,evaluate_one_request,REQ-000188,0.012334,request
policy_oracle_xai,evaluate_one_request,REQ-000189,0.012916,request
policy_oracle_xai,evaluate_one_request,REQ-000190,0.012375,request
policy_oracle_xai,evaluate_one_request,REQ-000191,0.012042,request
policy_oracle_xai,evaluate_one_request,REQ-000192,0.012333,request
policy_oracle_xai,evaluate_one_request,REQ-000193,0.012459,request
policy_oracle_xai,evaluate_one_request,REQ-000194,0.014708,request
policy_oracle_xai,evaluate_one_request,REQ-000195,0.011875,request
policy_oracle_xai,evaluate_one_request,REQ-000196,0.013334,request
policy_oracle_xai,evaluate_one_request,REQ-000197,0.013750,request
policy_oracle_xai,evaluate_one_request,REQ-000198,0.013083,request
policy_oracle_xai,evaluate_one_request,REQ-000199,0.013458,request
policy_oracle_xai,evaluate_one_request,REQ-000200,0.013916,request
policy_oracle_xai,evaluate_one_request,REQ-000201,0.012625,request
policy_oracle_xai,evaluate_one_request,REQ-000202,0.014583,request
policy_oracle_xai,evaluate_one_request,REQ-000203,0.013792,request
policy_oracle_xai,evaluate_one_request,REQ-000204,0.014417,request
policy_oracle_xai,evaluate_one_request,REQ-000205,0.012583,request
policy_oracle_xai,evaluate_one_request,REQ-000206,0.014750,request
policy_oracle_xai,evaluate_one_request,REQ-000207,0.012083,request
policy_oracle_xai,evaluate_one_request,REQ-000208,0.013375,request
policy_oracle_xai,evaluate_one_request,REQ-000209,0.013209,request
policy_oracle_xai,evaluate_one_request,REQ-000210,0.015834,request
policy_oracle_xai,evaluate_one_request,REQ-000211,0.013667,request
policy_oracle_xai,evaluate_one_request,REQ-000212,0.012916,request
policy_oracle_xai,evaluate_one_request,REQ-000213,0.013541,request
policy_oracle_xai,evaluate_one_request,REQ-000214,0.013958,request
policy_oracle_xai,evaluate_one_request,REQ-000215,0.012417,request
policy_oracle_xai,evaluate_one_request,REQ-000216,0.026209,request
policy_oracle_xai,evaluate_one_request,REQ-000217,0.013250,request
policy_oracle_xai,evaluate_one_request,REQ-000218,0.014208,request
policy_oracle_xai,evaluate_one_request,REQ-000219,0.012625,request
policy_oracle_xai,evaluate_one_request,REQ-000220,0.013875,request
policy_oracle_xai,evaluate_one_request,REQ-000221,0.014167,request
policy_oracle_xai,evaluate_one_request,REQ-000222,0.012125,request
policy_oracle_xai,evaluate_one_request,REQ-000223,0.012875,request
policy_oracle_xai,evaluate_one_request,REQ-000224,0.013125,request
policy_oracle_xai,evaluate_one_request,REQ-000225,0.012958,request
policy_oracle_xai,evaluate_one_request,REQ-000226,0.014375,request
policy_oracle_xai,evaluate_one_request,REQ-000227,0.012375,request
policy_oracle_xai,evaluate_one_request,REQ-000228,0.012916,request
policy_oracle_xai,evaluate_one_request,REQ-000229,0.013000,request
policy_oracle_xai,evaluate_one_request,REQ-000230,0.015875,request
policy_oracle_xai,evaluate_one_request,REQ-000231,0.012459,request
policy_oracle_xai,evaluate_one_request,REQ-000232,0.016042,request
policy_oracle_xai,evaluate_one_request,REQ-000233,0.012709,request
policy_oracle_xai,evaluate_one_request,REQ-000234,0.012750,request
policy_oracle_xai,evaluate_one_request,REQ-000235,0.012917,request
policy_oracle_xai,evaluate_one_request,REQ-000236,0.013291,request
policy_oracle_xai,evaluate_one_request,REQ-000237,0.013000,request
policy_oracle_xai,evaluate_one_request,REQ-000238,0.012583,request
policy_oracle_xai,evaluate_one_request,REQ-000239,0.015000,request
policy_oracle_xai,evaluate_one_request,REQ-000240,0.012250,request
policy_oracle_xai,evaluate_one_request,REQ-000241,0.013416,request
policy_oracle_xai,evaluate_one_request,REQ-000242,0.013125,request
policy_oracle_xai,evaluate_one_request,REQ-000243,0.013208,request
policy_oracle_xai,evaluate_one_request,REQ-000244,0.012750,request
policy_oracle_xai,evaluate_one_request,REQ-000245,0.014416,request
policy_oracle_xai,evaluate_one_request,REQ-000246,0.015042,request
policy_oracle_xai,evaluate_one_request,REQ-000247,0.012417,request
policy_oracle_xai,evaluate_one_request,REQ-000248,0.012708,request
policy_oracle_xai,evaluate_one_request,REQ-000249,0.013042,request
policy_oracle_xai,evaluate_one_request,REQ-000250,0.013042,request
policy_oracle_xai,evaluate_one_request,REQ-000251,0.012917,request
policy_oracle_xai,evaluate_one_request,REQ-000252,0.020459,request
policy_oracle_xai,evaluate_one_request,REQ-000253,0.015583,request
policy_oracle_xai,evaluate_one_request,REQ-000254,0.019208,request
policy_oracle_xai,evaluate_one_request,REQ-000255,0.018625,request
policy_oracle_xai,evaluate_one_request,REQ-000256,0.015459,request
policy_oracle_xai,evaluate_one_request,REQ-000257,0.017167,request
policy_oracle_xai,evaluate_one_request,REQ-000258,0.014292,request
policy_oracle_xai,evaluate_one_request,REQ-000259,0.017625,request
policy_oracle_xai,evaluate_one_request,REQ-000260,0.015833,request
policy_oracle_xai,evaluate_one_request,REQ-000261,0.052583,request
policy_oracle_xai,evaluate_one_request,REQ-000262,0.031542,request
policy_oracle_xai,evaluate_one_request,REQ-000263,0.021125,request
policy_oracle_xai,evaluate_one_request,REQ-000264,0.019041,request
policy_oracle_xai,evaluate_one_request,REQ-000265,0.015291,request
policy_oracle_xai,evaluate_one_request,REQ-000266,0.014583,request
policy_oracle_xai,evaluate_one_request,REQ-000267,0.014209,request
policy_oracle_xai,evaluate_one_request,REQ-000268,0.017959,request
policy_oracle_xai,evaluate_one_request,REQ-000269,0.018000,request
policy_oracle_xai,evaluate_one_request,REQ-000270,0.015209,request
policy_oracle_xai,evaluate_one_request,REQ-000271,0.015917,request
policy_oracle_xai,evaluate_one_request,REQ-000272,0.017792,request
policy_oracle_xai,evaluate_one_request,REQ-000273,0.013417,request
policy_oracle_xai,evaluate_one_request,REQ-000274,0.016708,request
policy_oracle_xai,evaluate_one_request,REQ-000275,0.014167,request
policy_oracle_xai,evaluate_one_request,REQ-000276,0.014333,request
policy_oracle_xai,evaluate_one_request,REQ-000277,0.013458,request
policy_oracle_xai,evaluate_one_request,REQ-000278,0.013333,request
policy_oracle_xai,evaluate_one_request,REQ-000279,0.015041,request
policy_oracle_xai,evaluate_one_request,REQ-000280,0.014625,request
policy_oracle_xai,evaluate_one_request,REQ-000281,0.014000,request
policy_oracle_xai,evaluate_one_request,REQ-000282,0.014458,request
policy_oracle_xai,evaluate_one_request,REQ-000283,0.014000,request
policy_oracle_xai,evaluate_one_request,REQ-000284,0.013541,request
policy_oracle_xai,evaluate_one_request,REQ-000285,0.014041,request
policy_oracle_xai,evaluate_one_request,REQ-000286,0.016416,request
policy_oracle_xai,evaluate_one_request,REQ-000287,0.015250,request
policy_oracle_xai,evaluate_one_request,REQ-000288,0.013875,request
policy_oracle_xai,evaluate_one_request,REQ-000289,0.013833,request
policy_oracle_xai,evaluate_one_request,REQ-000290,0.013375,request
policy_oracle_xai,evaluate_one_request,REQ-000291,0.013208,request
policy_oracle_xai,evaluate_one_request,REQ-000292,0.014250,request
policy_oracle_xai,evaluate_one_request,REQ-000293,0.013083,request
policy_oracle_xai,evaluate_one_request,REQ-000294,0.013084,request
policy_oracle_xai,evaluate_one_request,REQ-000295,0.013834,request
policy_oracle_xai,evaluate_one_request,REQ-000296,0.013125,request
policy_oracle_xai,evaluate_one_request,REQ-000297,0.012709,request
policy_oracle_xai,evaluate_one_request,REQ-000298,0.013792,request
policy_oracle_xai,evaluate_one_request,REQ-000299,0.015542,request
policy_oracle_xai,evaluate_one_request,REQ-000300,0.012625,request
policy_oracle_xai,evaluate_one_request,REQ-000301,0.012625,request
policy_oracle_xai,evaluate_one_request,REQ-000302,0.013959,request
policy_oracle_xai,evaluate_one_request,REQ-000303,0.013208,request
policy_oracle_xai,evaluate_one_request,REQ-000304,0.012667,request
policy_oracle_xai,evaluate_one_request,REQ-000305,0.013709,request
policy_oracle_xai,evaluate_one_request,REQ-000306,0.014625,request
policy_oracle_xai,evaluate_one_request,REQ-000307,0.012708,request
policy_oracle_xai,evaluate_one_request,REQ-000308,0.012792,request
policy_oracle_xai,evaluate_one_request,REQ-000309,0.014250,request
policy_oracle_xai,evaluate_one_request,REQ-000310,0.014000,request
policy_oracle_xai,evaluate_one_request,REQ-000311,0.013541,request
policy_oracle_xai,evaluate_one_request,REQ-000312,0.012667,request
policy_oracle_xai,evaluate_one_request,REQ-000313,0.013667,request
policy_oracle_xai,evaluate_one_request,REQ-000314,0.013875,request
policy_oracle_xai,evaluate_one_request,REQ-000315,0.016459,request
policy_oracle_xai,evaluate_one_request,REQ-000316,0.013083,request
policy_oracle_xai,evaluate_one_request,REQ-000317,0.013000,request
policy_oracle_xai,evaluate_one_request,REQ-000318,0.013375,request
policy_oracle_xai,evaluate_one_request,REQ-000319,0.014083,request
policy_oracle_xai,evaluate_one_request,REQ-000320,0.012500,request
policy_oracle_xai,evaluate_one_request,REQ-000321,0.014500,request
policy_oracle_xai,evaluate_one_request,REQ-000322,0.014292,request
policy_oracle_xai,evaluate_one_request,REQ-000323,0.018792,request
policy_oracle_xai,evaluate_one_request,REQ-000324,0.012667,request
policy_oracle_xai,evaluate_one_request,REQ-000325,0.013041,request
policy_oracle_xai,evaluate_one_request,REQ-000326,0.012500,request
policy_oracle_xai,evaluate_one_request,REQ-000327,0.013292,request
policy_oracle_xai,evaluate_one_request,REQ-000328,0.015375,request
policy_oracle_xai,evaluate_one_request,REQ-000329,0.013583,request
policy_oracle_xai,evaluate_one_request,REQ-000330,0.015209,request
policy_oracle_xai,evaluate_one_request,REQ-000331,0.013417,request
policy_oracle_xai,evaluate_one_request,REQ-000332,0.013291,request
policy_oracle_xai,evaluate_one_request,REQ-000333,0.013208,request
policy_oracle_xai,evaluate_one_request,REQ-000334,0.013125,request
policy_oracle_xai,evaluate_one_request,REQ-000335,0.015791,request
policy_oracle_xai,evaluate_one_request,REQ-000336,0.014458,request
policy_oracle_xai,evaluate_one_request,REQ-000337,0.015334,request
policy_oracle_xai,evaluate_one_request,REQ-000338,0.013500,request
policy_oracle_xai,evaluate_one_request,REQ-000339,0.014208,request
policy_oracle_xai,evaluate_one_request,REQ-000340,0.014167,request
policy_oracle_xai,evaluate_one_request,REQ-000341,0.114042,request
policy_oracle_xai,evaluate_one_request,REQ-000342,0.033834,request
policy_oracle_xai,evaluate_one_request,REQ-000343,0.026375,request
policy_oracle_xai,evaluate_one_request,REQ-000344,0.015791,request
policy_oracle_xai,evaluate_one_request,REQ-000345,0.018583,request
policy_oracle_xai,evaluate_one_request,REQ-000346,0.019084,request
policy_oracle_xai,evaluate_one_request,REQ-000347,0.059000,request
policy_oracle_xai,evaluate_one_request,REQ-000348,0.021875,request
policy_oracle_xai,evaluate_one_request,REQ-000349,0.015708,request
policy_oracle_xai,evaluate_one_request,REQ-000350,0.014167,request
policy_oracle_xai,evaluate_one_request,REQ-000351,0.017834,request
policy_oracle_xai,evaluate_one_request,REQ-000352,0.018833,request
policy_oracle_xai,evaluate_one_request,REQ-000353,0.015042,request
policy_oracle_xai,evaluate_one_request,REQ-000354,0.014625,request
policy_oracle_xai,evaluate_one_request,REQ-000355,0.014583,request
policy_oracle_xai,evaluate_one_request,REQ-000356,0.015333,request
policy_oracle_xai,evaluate_one_request,REQ-000357,0.015125,request
policy_oracle_xai,evaluate_one_request,REQ-000358,0.017375,request
policy_oracle_xai,evaluate_one_request,REQ-000359,0.016375,request
policy_oracle_xai,evaluate_one_request,REQ-000360,0.021625,request
policy_oracle_xai,evaluate_one_request,REQ-000361,0.019250,request
policy_oracle_xai,evaluate_one_request,REQ-000362,0.014166,request
policy_oracle_xai,evaluate_one_request,REQ-000363,0.016750,request
policy_oracle_xai,evaluate_one_request,REQ-000364,0.016375,request
policy_oracle_xai,evaluate_one_request,REQ-000365,0.020417,request
policy_oracle_xai,evaluate_one_request,REQ-000366,0.014417,request
policy_oracle_xai,evaluate_one_request,REQ-000367,0.017375,request
policy_oracle_xai,evaluate_one_request,REQ-000368,0.017041,request
policy_oracle_xai,evaluate_one_request,REQ-000369,0.017042,request
policy_oracle_xai,evaluate_one_request,REQ-000370,0.014292,request
policy_oracle_xai,evaluate_one_request,REQ-000371,0.015667,request
policy_oracle_xai,evaluate_one_request,REQ-000372,0.017167,request
policy_oracle_xai,evaluate_one_request,REQ-000373,0.013791,request
policy_oracle_xai,evaluate_one_request,REQ-000374,0.017209,request
policy_oracle_xai,evaluate_one_request,REQ-000375,0.019292,request
policy_oracle_xai,evaluate_one_request,REQ-000376,0.015916,request
policy_oracle_xai,evaluate_one_request,REQ-000377,0.013042,request
policy_oracle_xai,evaluate_one_request,REQ-000378,0.022250,request
policy_oracle_xai,evaluate_one_request,REQ-000379,0.016709,request
policy_oracle_xai,evaluate_one_request,REQ-000380,0.016375,request
policy_oracle_xai,evaluate_one_request,REQ-000381,0.017167,request
policy_oracle_xai,evaluate_one_request,REQ-000382,0.017459,request
policy_oracle_xai,evaluate_one_request,REQ-000383,0.013375,request
policy_oracle_xai,evaluate_one_request,REQ-000384,0.016166,request
policy_oracle_xai,evaluate_one_request,REQ-000385,0.014834,request
policy_oracle_xai,evaluate_one_request,REQ-000386,0.017209,request
policy_oracle_xai,evaluate_one_request,REQ-000387,0.016042,request
policy_oracle_xai,evaluate_one_request,REQ-000388,0.018250,request
policy_oracle_xai,evaluate_one_request,REQ-000389,0.017209,request
policy_oracle_xai,evaluate_one_request,REQ-000390,0.016083,request
policy_oracle_xai,evaluate_one_request,REQ-000391,0.014125,request
policy_oracle_xai,evaluate_one_request,REQ-000392,0.014041,request
policy_oracle_xai,evaluate_one_request,REQ-000393,0.014708,request
policy_oracle_xai,evaluate_one_request,REQ-000394,0.013792,request
policy_oracle_xai,evaluate_one_request,REQ-000395,0.014292,request
policy_oracle_xai,evaluate_one_request,REQ-000396,0.014250,request
policy_oracle_xai,evaluate_one_request,REQ-000397,0.012875,request
policy_oracle_xai,evaluate_one_request,REQ-000398,0.014500,request
policy_oracle_xai,evaluate_one_request,REQ-000399,0.015709,request
policy_oracle_xai,evaluate_one_request,REQ-000400,0.014708,request
policy_oracle_xai,evaluate_one_request,REQ-000401,0.014208,request
policy_oracle_xai,evaluate_one_request,REQ-000402,0.015291,request
policy_oracle_xai,evaluate_one_request,REQ-000403,0.015250,request
policy_oracle_xai,evaluate_one_request,REQ-000404,0.016584,request
policy_oracle_xai,evaluate_one_request,REQ-000405,0.013417,request
policy_oracle_xai,evaluate_one_request,REQ-000406,0.013875,request
policy_oracle_xai,evaluate_one_request,REQ-000407,0.014416,request
policy_oracle_xai,evaluate_one_request,REQ-000408,0.015041,request
policy_oracle_xai,evaluate_one_request,REQ-000409,0.014125,request
policy_oracle_xai,evaluate_one_request,REQ-000410,0.014333,request
policy_oracle_xai,evaluate_one_request,REQ-000411,0.012833,request
policy_oracle_xai,evaluate_one_request,REQ-000412,0.012458,request
policy_oracle_xai,evaluate_one_request,REQ-000413,0.013791,request
policy_oracle_xai,evaluate_one_request,REQ-000414,0.018667,request
policy_oracle_xai,evaluate_one_request,REQ-000415,0.013916,request
policy_oracle_xai,evaluate_one_request,REQ-000416,0.018334,request
policy_oracle_xai,evaluate_one_request,REQ-000417,0.016834,request
policy_oracle_xai,evaluate_one_request,REQ-000418,0.015292,request
policy_oracle_xai,evaluate_one_request,REQ-000419,0.016708,request
policy_oracle_xai,evaluate_one_request,REQ-000420,0.013709,request
policy_oracle_xai,evaluate_one_request,REQ-000421,0.018833,request
policy_oracle_xai,evaluate_one_request,REQ-000422,0.017875,request
policy_oracle_xai,evaluate_one_request,REQ-000423,0.014750,request
policy_oracle_xai,evaluate_one_request,REQ-000424,0.013542,request
policy_oracle_xai,evaluate_one_request,REQ-000425,0.013333,request
policy_oracle_xai,evaluate_one_request,REQ-000426,0.016375,request
policy_oracle_xai,evaluate_one_request,REQ-000427,0.016250,request
policy_oracle_xai,evaluate_one_request,REQ-000428,0.013833,request
policy_oracle_xai,evaluate_one_request,REQ-000429,0.015041,request
policy_oracle_xai,evaluate_one_request,REQ-000430,0.013167,request
policy_oracle_xai,evaluate_one_request,REQ-000431,0.014083,request
policy_oracle_xai,evaluate_one_request,REQ-000432,0.013625,request
policy_oracle_xai,evaluate_one_request,REQ-000433,0.013083,request
policy_oracle_xai,evaluate_one_request,REQ-000434,0.013000,request
policy_oracle_xai,evaluate_one_request,REQ-000435,0.013917,request
policy_oracle_xai,evaluate_one_request,REQ-000436,0.014083,request
policy_oracle_xai,evaluate_one_request,REQ-000437,0.017000,request
policy_oracle_xai,evaluate_one_request,REQ-000438,0.015167,request
policy_oracle_xai,evaluate_one_request,REQ-000439,0.014542,request
policy_oracle_xai,evaluate_one_request,REQ-000440,0.015625,request
policy_oracle_xai,evaluate_one_request,REQ-000441,0.014958,request
policy_oracle_xai,evaluate_one_request,REQ-000442,0.016666,request
policy_oracle_xai,evaluate_one_request,REQ-000443,0.014083,request
policy_oracle_xai,evaluate_one_request,REQ-000444,0.017500,request
policy_oracle_xai,evaluate_one_request,REQ-000445,0.013542,request
policy_oracle_xai,evaluate_one_request,REQ-000446,0.013250,request
policy_oracle_xai,evaluate_one_request,REQ-000447,0.013875,request
policy_oracle_xai,evaluate_one_request,REQ-000448,0.014208,request
policy_oracle_xai,evaluate_one_request,REQ-000449,0.012875,request
policy_oracle_xai,evaluate_one_request,REQ-000450,0.017208,request
policy_oracle_xai,evaluate_one_request,REQ-000451,0.013125,request
policy_oracle_xai,evaluate_one_request,REQ-000452,0.016500,request
policy_oracle_xai,evaluate_one_request,REQ-000453,0.019500,request
policy_oracle_xai,evaluate_one_request,REQ-000454,0.013542,request
policy_oracle_xai,evaluate_one_request,REQ-000455,0.015000,request
policy_oracle_xai,evaluate_one_request,REQ-000456,0.015000,request
policy_oracle_xai,evaluate_one_request,REQ-000457,0.013708,request
policy_oracle_xai,evaluate_one_request,REQ-000458,0.015916,request
policy_oracle_xai,evaluate_one_request,REQ-000459,0.013291,request
policy_oracle_xai,evaluate_one_request,REQ-000460,0.013959,request
policy_oracle_xai,evaluate_one_request,REQ-000461,0.013458,request
policy_oracle_xai,evaluate_one_request,REQ-000462,0.014333,request
policy_oracle_xai,evaluate_one_request,REQ-000463,0.014833,request
policy_oracle_xai,evaluate_one_request,REQ-000464,0.012709,request
policy_oracle_xai,evaluate_one_request,REQ-000465,0.013875,request
policy_oracle_xai,evaluate_one_request,REQ-000466,0.014375,request
policy_oracle_xai,evaluate_one_request,REQ-000467,0.016500,request
policy_oracle_xai,evaluate_one_request,REQ-000468,0.016958,request
policy_oracle_xai,evaluate_one_request,REQ-000469,0.016000,request
policy_oracle_xai,evaluate_one_request,REQ-000470,0.016417,request
policy_oracle_xai,evaluate_one_request,REQ-000471,0.018209,request
policy_oracle_xai,evaluate_one_request,REQ-000472,0.018375,request
policy_oracle_xai,evaluate_one_request,REQ-000473,0.013292,request
policy_oracle_xai,evaluate_one_request,REQ-000474,0.014917,request
policy_oracle_xai,evaluate_one_request,REQ-000475,0.016375,request
policy_oracle_xai,evaluate_one_request,REQ-000476,0.014083,request
policy_oracle_xai,evaluate_one_request,REQ-000477,0.013333,request
policy_oracle_xai,evaluate_one_request,REQ-000478,0.013833,request
policy_oracle_xai,evaluate_one_request,REQ-000479,0.013541,request
policy_oracle_xai,evaluate_one_request,REQ-000480,0.012625,request
policy_oracle_xai,evaluate_one_request,REQ-000481,0.013542,request
policy_oracle_xai,evaluate_one_request,REQ-000482,0.013833,request
policy_oracle_xai,evaluate_one_request,REQ-000483,0.021083,request
policy_oracle_xai,evaluate_one_request,REQ-000484,0.013666,request
policy_oracle_xai,evaluate_one_request,REQ-000485,0.017750,request
policy_oracle_xai,evaluate_one_request,REQ-000486,0.015625,request
policy_oracle_xai,evaluate_one_request,REQ-000487,0.017042,request
policy_oracle_xai,evaluate_one_request,REQ-000488,0.013375,request
policy_oracle_xai,evaluate_one_request,REQ-000489,0.014167,request
policy_oracle_xai,evaluate_one_request,REQ-000490,0.013958,request
policy_oracle_xai,evaluate_one_request,REQ-000491,0.013500,request
policy_oracle_xai,evaluate_one_request,REQ-000492,0.015208,request
policy_oracle_xai,evaluate_one_request,REQ-000493,0.014542,request
policy_oracle_xai,evaluate_one_request,REQ-000494,0.012708,request
policy_oracle_xai,evaluate_one_request,REQ-000495,0.012667,request
policy_oracle_xai,evaluate_one_request,REQ-000496,0.013500,request
policy_oracle_xai,evaluate_one_request,REQ-000497,0.015417,request
policy_oracle_xai,evaluate_one_request,REQ-000498,0.017125,request
policy_oracle_xai,evaluate_one_request,REQ-000499,0.013791,request
policy_oracle_xai,evaluate_one_request,REQ-000500,0.013667,request
policy_oracle_xai,evaluate_one_request,REQ-000501,0.013416,request
policy_oracle_xai,evaluate_one_request,REQ-000502,0.013083,request
policy_oracle_xai,evaluate_one_request,REQ-000503,0.015542,request
policy_oracle_xai,evaluate_one_request,REQ-000504,0.012209,request
policy_oracle_xai,evaluate_one_request,REQ-000505,0.016584,request
policy_oracle_xai,evaluate_one_request,REQ-000506,0.014375,request
policy_oracle_xai,evaluate_one_request,REQ-000507,0.021375,request
policy_oracle_xai,evaluate_one_request,REQ-000508,0.017500,request
policy_oracle_xai,evaluate_one_request,REQ-000509,0.015334,request
policy_oracle_xai,evaluate_one_request,REQ-000510,0.019084,request
policy_oracle_xai,evaluate_one_request,REQ-000511,0.013792,request
policy_oracle_xai,evaluate_one_request,REQ-000512,0.012958,request
policy_oracle_xai,evaluate_one_request,REQ-000513,0.014875,request
policy_oracle_xai,evaluate_one_request,REQ-000514,0.013542,request
policy_oracle_xai,evaluate_one_request,REQ-000515,0.013791,request
policy_oracle_xai,evaluate_one_request,REQ-000516,0.014666,request
policy_oracle_xai,evaluate_one_request,REQ-000517,0.013458,request
policy_oracle_xai,evaluate_one_request,REQ-000518,0.013250,request
policy_oracle_xai,evaluate_one_request,REQ-000519,0.012750,request
policy_oracle_xai,evaluate_one_request,REQ-000520,0.020458,request
policy_oracle_xai,evaluate_one_request,REQ-000521,0.017292,request
policy_oracle_xai,evaluate_one_request,REQ-000522,0.015667,request
policy_oracle_xai,evaluate_one_request,REQ-000523,0.018667,request
policy_oracle_xai,evaluate_one_request,REQ-000524,0.015250,request
policy_oracle_xai,evaluate_one_request,REQ-000525,0.018792,request
policy_oracle_xai,evaluate_one_request,REQ-000526,0.015958,request
policy_oracle_xai,evaluate_one_request,REQ-000527,0.013917,request
policy_oracle_xai,evaluate_one_request,REQ-000528,0.018292,request
policy_oracle_xai,evaluate_one_request,REQ-000529,0.021125,request
policy_oracle_xai,evaluate_one_request,REQ-000530,0.017791,request
policy_oracle_xai,evaluate_one_request,REQ-000531,0.013292,request
policy_oracle_xai,evaluate_one_request,REQ-000532,0.012875,request
policy_oracle_xai,evaluate_one_request,REQ-000533,0.014292,request
policy_oracle_xai,evaluate_one_request,REQ-000534,0.012667,request
policy_oracle_xai,evaluate_one_request,REQ-000535,0.020042,request
policy_oracle_xai,evaluate_one_request,REQ-000536,0.013833,request
policy_oracle_xai,evaluate_one_request,REQ-000537,0.013958,request
policy_oracle_xai,evaluate_one_request,REQ-000538,0.013709,request
policy_oracle_xai,evaluate_one_request,REQ-000539,0.013083,request
policy_oracle_xai,evaluate_one_request,REQ-000540,0.013750,request
policy_oracle_xai,evaluate_one_request,REQ-000541,0.013458,request
policy_oracle_xai,evaluate_one_request,REQ-000542,0.013417,request
policy_oracle_xai,evaluate_one_request,REQ-000543,0.014625,request
policy_oracle_xai,evaluate_one_request,REQ-000544,0.017459,request
policy_oracle_xai,evaluate_one_request,REQ-000545,0.015000,request
policy_oracle_xai,evaluate_one_request,REQ-000546,0.016250,request
policy_oracle_xai,evaluate_one_request,REQ-000547,0.017083,request
policy_oracle_xai,evaluate_one_request,REQ-000548,0.016833,request
policy_oracle_xai,evaluate_one_request,REQ-000549,0.014000,request
policy_oracle_xai,evaluate_one_request,REQ-000550,0.014917,request
policy_oracle_xai,evaluate_one_request,REQ-000551,0.017291,request
policy_oracle_xai,evaluate_one_request,REQ-000552,0.015917,request
policy_oracle_xai,evaluate_one_request,REQ-000553,0.013625,request
policy_oracle_xai,evaluate_one_request,REQ-000554,0.017625,request
policy_oracle_xai,evaluate_one_request,REQ-000555,0.012666,request
policy_oracle_xai,evaluate_one_request,REQ-000556,0.016000,request
policy_oracle_xai,evaluate_one_request,REQ-000557,0.016125,request
policy_oracle_xai,evaluate_one_request,REQ-000558,0.015500,request
policy_oracle_xai,evaluate_one_request,REQ-000559,0.015542,request
policy_oracle_xai,evaluate_one_request,REQ-000560,0.015417,request
policy_oracle_xai,evaluate_one_request,REQ-000561,0.035791,request
policy_oracle_xai,evaluate_one_request,REQ-000562,0.014625,request
policy_oracle_xai,evaluate_one_request,REQ-000563,0.016042,request
policy_oracle_xai,evaluate_one_request,REQ-000564,0.016292,request
policy_oracle_xai,evaluate_one_request,REQ-000565,0.012667,request
policy_oracle_xai,evaluate_one_request,REQ-000566,0.013333,request
policy_oracle_xai,evaluate_one_request,REQ-000567,0.013750,request
policy_oracle_xai,evaluate_one_request,REQ-000568,0.013792,request
policy_oracle_xai,evaluate_one_request,REQ-000569,0.012917,request
policy_oracle_xai,evaluate_one_request,REQ-000570,0.013250,request
policy_oracle_xai,evaluate_one_request,REQ-000571,0.013250,request
policy_oracle_xai,evaluate_one_request,REQ-000572,0.013209,request
policy_oracle_xai,evaluate_one_request,REQ-000573,0.012000,request
policy_oracle_xai,evaluate_one_request,REQ-000574,0.013666,request
policy_oracle_xai,evaluate_one_request,REQ-000575,0.012625,request
policy_oracle_xai,evaluate_one_request,REQ-000576,0.014708,request
policy_oracle_xai,evaluate_one_request,REQ-000577,0.011875,request
policy_oracle_xai,evaluate_one_request,REQ-000578,0.011750,request
policy_oracle_xai,evaluate_one_request,REQ-000579,0.012167,request
policy_oracle_xai,evaluate_one_request,REQ-000580,0.015667,request
policy_oracle_xai,evaluate_one_request,REQ-000581,0.013125,request
policy_oracle_xai,evaluate_one_request,REQ-000582,0.014625,request
policy_oracle_xai,evaluate_one_request,REQ-000583,0.011791,request
policy_oracle_xai,evaluate_one_request,REQ-000584,0.011958,request
policy_oracle_xai,evaluate_one_request,REQ-000585,0.012417,request
policy_oracle_xai,evaluate_one_request,REQ-000586,0.014459,request
policy_oracle_xai,evaluate_one_request,REQ-000587,0.012042,request
policy_oracle_xai,evaluate_one_request,REQ-000588,0.013667,request
policy_oracle_xai,evaluate_one_request,REQ-000589,0.012542,request
policy_oracle_xai,evaluate_one_request,REQ-000590,0.012542,request
policy_oracle_xai,evaluate_one_request,REQ-000591,0.012084,request
policy_oracle_xai,evaluate_one_request,REQ-000592,0.013083,request
policy_oracle_xai,evaluate_one_request,REQ-000593,0.012583,request
policy_oracle_xai,evaluate_one_request,REQ-000594,0.013041,request
policy_oracle_xai,evaluate_one_request,REQ-000595,0.013083,request
policy_oracle_xai,evaluate_one_request,REQ-000596,0.019459,request
policy_oracle_xai,evaluate_one_request,REQ-000597,0.013084,request
policy_oracle_xai,evaluate_one_request,REQ-000598,0.012208,request
policy_oracle_xai,evaluate_one_request,REQ-000599,0.012833,request
policy_oracle_xai,evaluate_one_request,REQ-000600,0.011791,request
policy_oracle_xai,evaluate_one_request,REQ-000601,0.013250,request
policy_oracle_xai,evaluate_one_request,REQ-000602,0.012667,request
policy_oracle_xai,evaluate_one_request,REQ-000603,0.012541,request
policy_oracle_xai,evaluate_one_request,REQ-000604,0.012250,request
policy_oracle_xai,evaluate_one_request,REQ-000605,0.013292,request
policy_oracle_xai,evaluate_one_request,REQ-000606,0.012083,request
policy_oracle_xai,evaluate_one_request,REQ-000607,0.011916,request
policy_oracle_xai,evaluate_one_request,REQ-000608,0.013625,request
policy_oracle_xai,evaluate_one_request,REQ-000609,0.011500,request
policy_oracle_xai,evaluate_one_request,REQ-000610,0.013792,request
policy_oracle_xai,evaluate_one_request,REQ-000611,0.013041,request
policy_oracle_xai,evaluate_one_request,REQ-000612,0.012208,request
policy_oracle_xai,evaluate_one_request,REQ-000613,0.012875,request
policy_oracle_xai,evaluate_one_request,REQ-000614,0.012792,request
policy_oracle_xai,evaluate_one_request,REQ-000615,0.013000,request
policy_oracle_xai,evaluate_one_request,REQ-000616,0.014041,request
policy_oracle_xai,evaluate_one_request,REQ-000617,0.013000,request
policy_oracle_xai,evaluate_one_request,REQ-000618,0.012166,request
policy_oracle_xai,evaluate_one_request,REQ-000619,0.013167,request
policy_oracle_xai,evaluate_one_request,REQ-000620,0.012750,request
policy_oracle_xai,evaluate_one_request,REQ-000621,0.012917,request
policy_oracle_xai,evaluate_one_request,REQ-000622,0.012834,request
policy_oracle_xai,evaluate_one_request,REQ-000623,0.015292,request
policy_oracle_xai,evaluate_one_request,REQ-000624,0.013875,request
policy_oracle_xai,evaluate_one_request,REQ-000625,0.013208,request
policy_oracle_xai,evaluate_one_request,REQ-000626,0.016125,request
policy_oracle_xai,evaluate_one_request,REQ-000627,0.013791,request
policy_oracle_xai,evaluate_one_request,REQ-000628,0.011958,request
policy_oracle_xai,evaluate_one_request,REQ-000629,0.013500,request
policy_oracle_xai,evaluate_one_request,REQ-000630,0.013917,request
policy_oracle_xai,evaluate_one_request,REQ-000631,0.017542,request
policy_oracle_xai,evaluate_one_request,REQ-000632,0.017625,request
policy_oracle_xai,evaluate_one_request,REQ-000633,0.019792,request
policy_oracle_xai,evaluate_one_request,REQ-000634,0.016083,request
policy_oracle_xai,evaluate_one_request,REQ-000635,0.015333,request
policy_oracle_xai,evaluate_one_request,REQ-000636,0.014042,request
policy_oracle_xai,evaluate_one_request,REQ-000637,0.012584,request
policy_oracle_xai,evaluate_one_request,REQ-000638,0.013750,request
policy_oracle_xai,evaluate_one_request,REQ-000639,0.013250,request
policy_oracle_xai,evaluate_one_request,REQ-000640,0.013208,request
policy_oracle_xai,evaluate_one_request,REQ-000641,0.011750,request
policy_oracle_xai,evaluate_one_request,REQ-000642,0.014625,request
policy_oracle_xai,evaluate_one_request,REQ-000643,0.012791,request
policy_oracle_xai,evaluate_one_request,REQ-000644,0.012583,request
policy_oracle_xai,evaluate_one_request,REQ-000645,0.015084,request
policy_oracle_xai,evaluate_one_request,REQ-000646,0.013750,request
policy_oracle_xai,evaluate_one_request,REQ-000647,0.012500,request
policy_oracle_xai,evaluate_one_request,REQ-000648,0.015500,request
policy_oracle_xai,evaluate_one_request,REQ-000649,0.013500,request
policy_oracle_xai,evaluate_one_request,REQ-000650,0.014125,request
policy_oracle_xai,evaluate_one_request,REQ-000651,0.013167,request
policy_oracle_xai,evaluate_one_request,REQ-000652,0.013625,request
policy_oracle_xai,evaluate_one_request,REQ-000653,0.013167,request
policy_oracle_xai,evaluate_one_request,REQ-000654,0.013042,request
policy_oracle_xai,evaluate_one_request,REQ-000655,0.014000,request
policy_oracle_xai,evaluate_one_request,REQ-000656,0.012416,request
policy_oracle_xai,evaluate_one_request,REQ-000657,0.012334,request
policy_oracle_xai,evaluate_one_request,REQ-000658,0.014834,request
policy_oracle_xai,evaluate_one_request,REQ-000659,0.015375,request
policy_oracle_xai,evaluate_one_request,REQ-000660,0.012250,request
policy_oracle_xai,evaluate_one_request,REQ-000661,0.012542,request
policy_oracle_xai,evaluate_one_request,REQ-000662,0.018333,request
policy_oracle_xai,evaluate_one_request,REQ-000663,0.014042,request
policy_oracle_xai,evaluate_one_request,REQ-000664,0.013041,request
policy_oracle_xai,evaluate_one_request,REQ-000665,0.013209,request
policy_oracle_xai,evaluate_one_request,REQ-000666,0.013125,request
policy_oracle_xai,evaluate_one_request,REQ-000667,0.013667,request
policy_oracle_xai,evaluate_one_request,REQ-000668,0.012916,request
policy_oracle_xai,evaluate_one_request,REQ-000669,0.012417,request
policy_oracle_xai,evaluate_one_request,REQ-000670,0.012916,request
policy_oracle_xai,evaluate_one_request,REQ-000671,0.013292,request
policy_oracle_xai,evaluate_one_request,REQ-000672,0.012041,request
policy_oracle_xai,evaluate_one_request,REQ-000673,0.013833,request
policy_oracle_xai,evaluate_one_request,REQ-000674,0.013417,request
policy_oracle_xai,evaluate_one_request,REQ-000675,0.013250,request
policy_oracle_xai,evaluate_one_request,REQ-000676,0.012083,request
policy_oracle_xai,evaluate_one_request,REQ-000677,0.013125,request
policy_oracle_xai,evaluate_one_request,REQ-000678,0.013666,request
policy_oracle_xai,evaluate_one_request,REQ-000679,0.014041,request
policy_oracle_xai,evaluate_one_request,REQ-000680,0.012417,request
policy_oracle_xai,evaluate_one_request,REQ-000681,0.012333,request
policy_oracle_xai,evaluate_one_request,REQ-000682,0.013167,request
policy_oracle_xai,evaluate_one_request,REQ-000683,0.012834,request
policy_oracle_xai,evaluate_one_request,REQ-000684,0.013833,request
policy_oracle_xai,evaluate_one_request,REQ-000685,0.012583,request
policy_oracle_xai,evaluate_one_request,REQ-000686,0.012958,request
policy_oracle_xai,evaluate_one_request,REQ-000687,0.012458,request
policy_oracle_xai,evaluate_one_request,REQ-000688,0.013584,request
policy_oracle_xai,evaluate_one_request,REQ-000689,0.012333,request
policy_oracle_xai,evaluate_one_request,REQ-000690,0.013625,request
policy_oracle_xai,evaluate_one_request,REQ-000691,0.013417,request
policy_oracle_xai,evaluate_one_request,REQ-000692,0.013458,request
policy_oracle_xai,evaluate_one_request,REQ-000693,0.013708,request
policy_oracle_xai,evaluate_one_request,REQ-000694,0.013083,request
policy_oracle_xai,evaluate_one_request,REQ-000695,0.013875,request
policy_oracle_xai,evaluate_one_request,REQ-000696,0.015875,request
policy_oracle_xai,evaluate_one_request,REQ-000697,0.013750,request
policy_oracle_xai,evaluate_one_request,REQ-000698,0.013750,request
policy_oracle_xai,evaluate_one_request,REQ-000699,0.013500,request
policy_oracle_xai,evaluate_one_request,REQ-000700,0.014959,request
policy_oracle_xai,evaluate_one_request,REQ-000701,0.013583,request
policy_oracle_xai,evaluate_one_request,REQ-000702,0.012167,request
policy_oracle_xai,evaluate_one_request,REQ-000703,0.013334,request
policy_oracle_xai,evaluate_one_request,REQ-000704,0.013500,request
policy_oracle_xai,evaluate_one_request,REQ-000705,0.012750,request
policy_oracle_xai,evaluate_one_request,REQ-000706,0.012625,request
policy_oracle_xai,evaluate_one_request,REQ-000707,0.014791,request
policy_oracle_xai,evaluate_one_request,REQ-000708,0.014833,request
policy_oracle_xai,evaluate_one_request,REQ-000709,0.016958,request
policy_oracle_xai,evaluate_one_request,REQ-000710,0.012916,request
policy_oracle_xai,evaluate_one_request,REQ-000711,0.013583,request
policy_oracle_xai,evaluate_one_request,REQ-000712,0.013708,request
policy_oracle_xai,evaluate_one_request,REQ-000713,0.014209,request
policy_oracle_xai,evaluate_one_request,REQ-000714,0.013125,request
policy_oracle_xai,evaluate_one_request,REQ-000715,0.029000,request
policy_oracle_xai,evaluate_one_request,REQ-000716,0.012791,request
policy_oracle_xai,evaluate_one_request,REQ-000717,0.013542,request
policy_oracle_xai,evaluate_one_request,REQ-000718,0.013541,request
policy_oracle_xai,evaluate_one_request,REQ-000719,0.015375,request
policy_oracle_xai,evaluate_one_request,REQ-000720,0.013792,request
policy_oracle_xai,evaluate_one_request,REQ-000721,0.012875,request
policy_oracle_xai,evaluate_one_request,REQ-000722,0.014041,request
policy_oracle_xai,evaluate_one_request,REQ-000723,0.012833,request
policy_oracle_xai,evaluate_one_request,REQ-000724,0.013667,request
policy_oracle_xai,evaluate_one_request,REQ-000725,0.013416,request
policy_oracle_xai,evaluate_one_request,REQ-000726,0.015541,request
policy_oracle_xai,evaluate_one_request,REQ-000727,0.013458,request
policy_oracle_xai,evaluate_one_request,REQ-000728,0.012375,request
policy_oracle_xai,evaluate_one_request,REQ-000729,0.012292,request
policy_oracle_xai,evaluate_one_request,REQ-000730,0.012292,request
policy_oracle_xai,evaluate_one_request,REQ-000731,0.013833,request
policy_oracle_xai,evaluate_one_request,REQ-000732,0.013542,request
policy_oracle_xai,evaluate_one_request,REQ-000733,0.013875,request
policy_oracle_xai,evaluate_one_request,REQ-000734,0.012583,request
policy_oracle_xai,evaluate_one_request,REQ-000735,0.012708,request
policy_oracle_xai,evaluate_one_request,REQ-000736,0.013000,request
policy_oracle_xai,evaluate_one_request,REQ-000737,0.016667,request
policy_oracle_xai,evaluate_one_request,REQ-000738,0.015667,request
policy_oracle_xai,evaluate_one_request,REQ-000739,0.013667,request
policy_oracle_xai,evaluate_one_request,REQ-000740,0.013708,request
policy_oracle_xai,evaluate_one_request,REQ-000741,0.015042,request
policy_oracle_xai,evaluate_one_request,REQ-000742,0.013000,request
policy_oracle_xai,evaluate_one_request,REQ-000743,0.014541,request
policy_oracle_xai,evaluate_one_request,REQ-000744,0.015125,request
policy_oracle_xai,evaluate_one_request,REQ-000745,0.015208,request
policy_oracle_xai,evaluate_one_request,REQ-000746,0.014875,request
policy_oracle_xai,evaluate_one_request,REQ-000747,0.012333,request
policy_oracle_xai,evaluate_one_request,REQ-000748,0.014041,request
policy_oracle_xai,evaluate_one_request,REQ-000749,0.013417,request
policy_oracle_xai,evaluate_one_request,REQ-000750,0.012792,request
policy_oracle_xai,evaluate_one_request,REQ-000751,0.013333,request
policy_oracle_xai,evaluate_one_request,REQ-000752,0.013708,request
policy_oracle_xai,evaluate_one_request,REQ-000753,0.012584,request
policy_oracle_xai,evaluate_one_request,REQ-000754,0.013208,request
policy_oracle_xai,evaluate_one_request,REQ-000755,0.012334,request
policy_oracle_xai,evaluate_one_request,REQ-000756,0.013250,request
policy_oracle_xai,evaluate_one_request,REQ-000757,0.012709,request
policy_oracle_xai,evaluate_one_request,REQ-000758,0.013625,request
policy_oracle_xai,evaluate_one_request,REQ-000759,0.012541,request
policy_oracle_xai,evaluate_one_request,REQ-000760,0.012583,request
policy_oracle_xai,evaluate_one_request,REQ-000761,0.012291,request
policy_oracle_xai,evaluate_one_request,REQ-000762,0.016500,request
policy_oracle_xai,evaluate_one_request,REQ-000763,0.013542,request
policy_oracle_xai,evaluate_one_request,REQ-000764,0.012459,request
policy_oracle_xai,evaluate_one_request,REQ-000765,0.012500,request
policy_oracle_xai,evaluate_one_request,REQ-000766,0.013125,request
policy_oracle_xai,evaluate_one_request,REQ-000767,0.013000,request
policy_oracle_xai,evaluate_one_request,REQ-000768,0.012500,request
policy_oracle_xai,evaluate_one_request,REQ-000769,0.013334,request
policy_oracle_xai,evaluate_one_request,REQ-000770,0.013459,request
policy_oracle_xai,evaluate_one_request,REQ-000771,0.012417,request
policy_oracle_xai,evaluate_one_request,REQ-000772,0.013459,request
policy_oracle_xai,evaluate_one_request,REQ-000773,0.012625,request
policy_oracle_xai,evaluate_one_request,REQ-000774,0.015084,request
policy_oracle_xai,evaluate_one_request,REQ-000775,0.014792,request
policy_oracle_xai,evaluate_one_request,REQ-000776,0.016167,request
policy_oracle_xai,evaluate_one_request,REQ-000777,0.012292,request
policy_oracle_xai,evaluate_one_request,REQ-000778,0.013125,request
policy_oracle_xai,evaluate_one_request,REQ-000779,0.015041,request
policy_oracle_xai,evaluate_one_request,REQ-000780,0.013958,request
policy_oracle_xai,evaluate_one_request,REQ-000781,0.012666,request
policy_oracle_xai,evaluate_one_request,REQ-000782,0.015125,request
policy_oracle_xai,evaluate_one_request,REQ-000783,0.013875,request
policy_oracle_xai,evaluate_one_request,REQ-000784,0.013458,request
policy_oracle_xai,evaluate_one_request,REQ-000785,0.012250,request
policy_oracle_xai,evaluate_one_request,REQ-000786,0.012750,request
policy_oracle_xai,evaluate_one_request,REQ-000787,0.014584,request
policy_oracle_xai,evaluate_one_request,REQ-000788,0.013292,request
policy_oracle_xai,evaluate_one_request,REQ-000789,0.011958,request
policy_oracle_xai,evaluate_one_request,REQ-000790,0.012000,request
policy_oracle_xai,evaluate_one_request,REQ-000791,0.015292,request
policy_oracle_xai,evaluate_one_request,REQ-000792,0.012583,request
policy_oracle_xai,evaluate_one_request,REQ-000793,0.012416,request
policy_oracle_xai,evaluate_one_request,REQ-000794,0.012709,request
policy_oracle_xai,evaluate_one_request,REQ-000795,0.012500,request
policy_oracle_xai,evaluate_one_request,REQ-000796,0.012459,request
policy_oracle_xai,evaluate_one_request,REQ-000797,0.013458,request
policy_oracle_xai,evaluate_one_request,REQ-000798,0.014458,request
policy_oracle_xai,evaluate_one_request,REQ-000799,0.012333,request
policy_oracle_xai,evaluate_one_request,REQ-000800,0.012334,request
policy_oracle_xai,evaluate_one_request,REQ-000801,0.013042,request
policy_oracle_xai,evaluate_one_request,REQ-000802,0.013541,request
policy_oracle_xai,evaluate_one_request,REQ-000803,0.013250,request
policy_oracle_xai,evaluate_one_request,REQ-000804,0.014875,request
policy_oracle_xai,evaluate_one_request,REQ-000805,0.014166,request
policy_oracle_xai,evaluate_one_request,REQ-000806,0.014958,request
policy_oracle_xai,evaluate_one_request,REQ-000807,0.013292,request
policy_oracle_xai,evaluate_one_request,REQ-000808,0.013042,request
policy_oracle_xai,evaluate_one_request,REQ-000809,0.012917,request
policy_oracle_xai,evaluate_one_request,REQ-000810,0.014750,request
policy_oracle_xai,evaluate_one_request,REQ-000811,0.013250,request
policy_oracle_xai,evaluate_one_request,REQ-000812,0.013375,request
policy_oracle_xai,evaluate_one_request,REQ-000813,0.012791,request
policy_oracle_xai,evaluate_one_request,REQ-000814,0.013292,request
policy_oracle_xai,evaluate_one_request,REQ-000815,0.012958,request
policy_oracle_xai,evaluate_one_request,REQ-000816,0.012958,request
policy_oracle_xai,evaluate_one_request,REQ-000817,0.012625,request
policy_oracle_xai,evaluate_one_request,REQ-000818,0.012959,request
policy_oracle_xai,evaluate_one_request,REQ-000819,0.012292,request
policy_oracle_xai,evaluate_one_request,REQ-000820,0.015292,request
policy_oracle_xai,evaluate_one_request,REQ-000821,0.012750,request
policy_oracle_xai,evaluate_one_request,REQ-000822,0.012334,request
policy_oracle_xai,evaluate_one_request,REQ-000823,0.012375,request
policy_oracle_xai,evaluate_one_request,REQ-000824,0.013417,request
policy_oracle_xai,evaluate_one_request,REQ-000825,0.014417,request
policy_oracle_xai,evaluate_one_request,REQ-000826,0.013208,request
policy_oracle_xai,evaluate_one_request,REQ-000827,0.013583,request
policy_oracle_xai,evaluate_one_request,REQ-000828,0.013291,request
policy_oracle_xai,evaluate_one_request,REQ-000829,0.012750,request
policy_oracle_xai,evaluate_one_request,REQ-000830,0.012167,request
policy_oracle_xai,evaluate_one_request,REQ-000831,0.013125,request
policy_oracle_xai,evaluate_one_request,REQ-000832,0.013167,request
policy_oracle_xai,evaluate_one_request,REQ-000833,0.013292,request
policy_oracle_xai,evaluate_one_request,REQ-000834,0.012208,request
policy_oracle_xai,evaluate_one_request,REQ-000835,0.013209,request
policy_oracle_xai,evaluate_one_request,REQ-000836,0.013125,request
policy_oracle_xai,evaluate_one_request,REQ-000837,0.012250,request
policy_oracle_xai,evaluate_one_request,REQ-000838,0.012000,request
policy_oracle_xai,evaluate_one_request,REQ-000839,0.013125,request
policy_oracle_xai,evaluate_one_request,REQ-000840,0.013000,request
policy_oracle_xai,evaluate_one_request,REQ-000841,0.012541,request
policy_oracle_xai,evaluate_one_request,REQ-000842,0.014625,request
policy_oracle_xai,evaluate_one_request,REQ-000843,0.013709,request
policy_oracle_xai,evaluate_one_request,REQ-000844,0.012917,request
policy_oracle_xai,evaluate_one_request,REQ-000845,0.013667,request
policy_oracle_xai,evaluate_one_request,REQ-000846,0.013125,request
policy_oracle_xai,evaluate_one_request,REQ-000847,0.013584,request
policy_oracle_xai,evaluate_one_request,REQ-000848,0.012583,request
policy_oracle_xai,evaluate_one_request,REQ-000849,0.012875,request
policy_oracle_xai,evaluate_one_request,REQ-000850,0.015250,request
policy_oracle_xai,evaluate_one_request,REQ-000851,0.013084,request
policy_oracle_xai,evaluate_one_request,REQ-000852,0.014334,request
policy_oracle_xai,evaluate_one_request,REQ-000853,0.012750,request
policy_oracle_xai,evaluate_one_request,REQ-000854,0.012166,request
policy_oracle_xai,evaluate_one_request,REQ-000855,0.013083,request
policy_oracle_xai,evaluate_one_request,REQ-000856,0.013583,request
policy_oracle_xai,evaluate_one_request,REQ-000857,0.012417,request
policy_oracle_xai,evaluate_one_request,REQ-000858,0.013000,request
policy_oracle_xai,evaluate_one_request,REQ-000859,0.011834,request
policy_oracle_xai,evaluate_one_request,REQ-000860,0.012542,request
policy_oracle_xai,evaluate_one_request,REQ-000861,0.013125,request
policy_oracle_xai,evaluate_one_request,REQ-000862,0.012500,request
policy_oracle_xai,evaluate_one_request,REQ-000863,0.013042,request
policy_oracle_xai,evaluate_one_request,REQ-000864,0.013208,request
policy_oracle_xai,evaluate_one_request,REQ-000865,0.012375,request
policy_oracle_xai,evaluate_one_request,REQ-000866,0.014750,request
policy_oracle_xai,evaluate_one_request,REQ-000867,0.012667,request
policy_oracle_xai,evaluate_one_request,REQ-000868,0.013208,request
policy_oracle_xai,evaluate_one_request,REQ-000869,0.012500,request
policy_oracle_xai,evaluate_one_request,REQ-000870,0.013083,request
policy_oracle_xai,evaluate_one_request,REQ-000871,0.013167,request
policy_oracle_xai,evaluate_one_request,REQ-000872,0.011959,request
policy_oracle_xai,evaluate_one_request,REQ-000873,0.012791,request
policy_oracle_xai,evaluate_one_request,REQ-000874,0.012959,request
policy_oracle_xai,evaluate_one_request,REQ-000875,0.014083,request
policy_oracle_xai,evaluate_one_request,REQ-000876,0.013125,request
policy_oracle_xai,evaluate_one_request,REQ-000877,0.012250,request
policy_oracle_xai,evaluate_one_request,REQ-000878,0.013125,request
policy_oracle_xai,evaluate_one_request,REQ-000879,0.012458,request
policy_oracle_xai,evaluate_one_request,REQ-000880,0.013042,request
policy_oracle_xai,evaluate_one_request,REQ-000881,0.015375,request
policy_oracle_xai,evaluate_one_request,REQ-000882,0.011667,request
policy_oracle_xai,evaluate_one_request,REQ-000883,0.015333,request
policy_oracle_xai,evaluate_one_request,REQ-000884,0.013042,request
policy_oracle_xai,evaluate_one_request,REQ-000885,0.013375,request
policy_oracle_xai,evaluate_one_request,REQ-000886,0.015208,request
policy_oracle_xai,evaluate_one_request,REQ-000887,0.014416,request
policy_oracle_xai,evaluate_one_request,REQ-000888,0.013083,request
policy_oracle_xai,evaluate_one_request,REQ-000889,0.013459,request
policy_oracle_xai,evaluate_one_request,REQ-000890,0.012583,request
policy_oracle_xai,evaluate_one_request,REQ-000891,0.012334,request
policy_oracle_xai,evaluate_one_request,REQ-000892,0.013083,request
policy_oracle_xai,evaluate_one_request,REQ-000893,0.012209,request
policy_oracle_xai,evaluate_one_request,REQ-000894,0.013333,request
policy_oracle_xai,evaluate_one_request,REQ-000895,0.011959,request
policy_oracle_xai,evaluate_one_request,REQ-000896,0.012375,request
policy_oracle_xai,evaluate_one_request,REQ-000897,0.015125,request
policy_oracle_xai,evaluate_one_request,REQ-000898,0.014875,request
policy_oracle_xai,evaluate_one_request,REQ-000899,0.018417,request
policy_oracle_xai,evaluate_one_request,REQ-000900,0.014834,request
policy_oracle_xai,evaluate_one_request,REQ-000901,0.015584,request
policy_oracle_xai,evaluate_one_request,REQ-000902,0.015625,request
policy_oracle_xai,evaluate_one_request,REQ-000903,0.013791,request
policy_oracle_xai,evaluate_one_request,REQ-000904,0.013875,request
policy_oracle_xai,evaluate_one_request,REQ-000905,0.014500,request
policy_oracle_xai,evaluate_one_request,REQ-000906,0.013791,request
policy_oracle_xai,evaluate_one_request,REQ-000907,0.012834,request
policy_oracle_xai,evaluate_one_request,REQ-000908,0.016083,request
policy_oracle_xai,evaluate_one_request,REQ-000909,0.015708,request
policy_oracle_xai,evaluate_one_request,REQ-000910,0.013417,request
policy_oracle_xai,evaluate_one_request,REQ-000911,0.013667,request
policy_oracle_xai,evaluate_one_request,REQ-000912,0.013375,request
policy_oracle_xai,evaluate_one_request,REQ-000913,0.013042,request
policy_oracle_xai,evaluate_one_request,REQ-000914,0.013500,request
policy_oracle_xai,evaluate_one_request,REQ-000915,0.012542,request
policy_oracle_xai,evaluate_one_request,REQ-000916,0.012125,request
policy_oracle_xai,evaluate_one_request,REQ-000917,0.015542,request
policy_oracle_xai,evaluate_one_request,REQ-000918,0.013833,request
policy_oracle_xai,evaluate_one_request,REQ-000919,0.012666,request
policy_oracle_xai,evaluate_one_request,REQ-000920,0.014500,request
policy_oracle_xai,evaluate_one_request,REQ-000921,0.013084,request
policy_oracle_xai,evaluate_one_request,REQ-000922,0.012500,request
policy_oracle_xai,evaluate_one_request,REQ-000923,0.013500,request
policy_oracle_xai,evaluate_one_request,REQ-000924,0.013667,request
policy_oracle_xai,evaluate_one_request,REQ-000925,0.012708,request
policy_oracle_xai,evaluate_one_request,REQ-000926,0.012375,request
policy_oracle_xai,evaluate_one_request,REQ-000927,0.013250,request
policy_oracle_xai,evaluate_one_request,REQ-000928,0.013833,request
policy_oracle_xai,evaluate_one_request,REQ-000929,0.015667,request
policy_oracle_xai,evaluate_one_request,REQ-000930,0.013167,request
policy_oracle_xai,evaluate_one_request,REQ-000931,0.013083,request
policy_oracle_xai,evaluate_one_request,REQ-000932,0.013250,request
policy_oracle_xai,evaluate_one_request,REQ-000933,0.011958,request
policy_oracle_xai,evaluate_one_request,REQ-000934,0.012875,request
policy_oracle_xai,evaluate_one_request,REQ-000935,0.012292,request
policy_oracle_xai,evaluate_one_request,REQ-000936,0.013167,request
policy_oracle_xai,evaluate_one_request,REQ-000937,0.013417,request
policy_oracle_xai,evaluate_one_request,REQ-000938,0.013708,request
policy_oracle_xai,evaluate_one_request,REQ-000939,0.013084,request
policy_oracle_xai,evaluate_one_request,REQ-000940,0.011958,request
policy_oracle_xai,evaluate_one_request,REQ-000941,0.013541,request
policy_oracle_xai,evaluate_one_request,REQ-000942,0.014459,request
policy_oracle_xai,evaluate_one_request,REQ-000943,0.013416,request
policy_oracle_xai,evaluate_one_request,REQ-000944,0.017875,request
policy_oracle_xai,evaluate_one_request,REQ-000945,0.016375,request
policy_oracle_xai,evaluate_one_request,REQ-000946,0.014083,request
policy_oracle_xai,evaluate_one_request,REQ-000947,0.014292,request
policy_oracle_xai,evaluate_one_request,REQ-000948,0.014458,request
policy_oracle_xai,evaluate_one_request,REQ-000949,0.013750,request
policy_oracle_xai,evaluate_one_request,REQ-000950,0.013625,request
policy_oracle_xai,evaluate_one_request,REQ-000951,0.059208,request
policy_oracle_xai,evaluate_one_request,REQ-000952,0.048708,request
policy_oracle_xai,evaluate_one_request,REQ-000953,0.021417,request
policy_oracle_xai,evaluate_one_request,REQ-000954,0.017417,request
policy_oracle_xai,evaluate_one_request,REQ-000955,0.015584,request
policy_oracle_xai,evaluate_one_request,REQ-000956,0.017625,request
policy_oracle_xai,evaluate_one_request,REQ-000957,0.015000,request
policy_oracle_xai,evaluate_one_request,REQ-000958,0.016584,request
policy_oracle_xai,evaluate_one_request,REQ-000959,0.015291,request
policy_oracle_xai,evaluate_one_request,REQ-000960,0.013917,request
policy_oracle_xai,evaluate_one_request,REQ-000961,0.015917,request
policy_oracle_xai,evaluate_one_request,REQ-000962,0.014375,request
policy_oracle_xai,evaluate_one_request,REQ-000963,0.014750,request
policy_oracle_xai,evaluate_one_request,REQ-000964,0.013750,request
policy_oracle_xai,evaluate_one_request,REQ-000965,0.015208,request
policy_oracle_xai,evaluate_one_request,REQ-000966,0.014375,request
policy_oracle_xai,evaluate_one_request,REQ-000967,0.018000,request
policy_oracle_xai,evaluate_one_request,REQ-000968,0.014000,request
policy_oracle_xai,evaluate_one_request,REQ-000969,0.014958,request
policy_oracle_xai,evaluate_one_request,REQ-000970,0.014584,request
policy_oracle_xai,evaluate_one_request,REQ-000971,0.014917,request
policy_oracle_xai,evaluate_one_request,REQ-000972,0.014625,request
policy_oracle_xai,evaluate_one_request,REQ-000973,0.015333,request
policy_oracle_xai,evaluate_one_request,REQ-000974,0.013667,request
policy_oracle_xai,evaluate_one_request,REQ-000975,0.015667,request
policy_oracle_xai,evaluate_one_request,REQ-000976,0.014042,request
policy_oracle_xai,evaluate_one_request,REQ-000977,0.015750,request
policy_oracle_xai,evaluate_one_request,REQ-000978,0.015459,request
policy_oracle_xai,evaluate_one_request,REQ-000979,0.015334,request
policy_oracle_xai,evaluate_one_request,REQ-000980,0.013458,request
policy_oracle_xai,evaluate_one_request,REQ-000981,0.013416,request
policy_oracle_xai,evaluate_one_request,REQ-000982,0.017958,request
policy_oracle_xai,evaluate_one_request,REQ-000983,0.012583,request
policy_oracle_xai,evaluate_one_request,REQ-000984,0.012500,request
policy_oracle_xai,evaluate_one_request,REQ-000985,0.014667,request
policy_oracle_xai,evaluate_one_request,REQ-000986,0.016250,request
policy_oracle_xai,evaluate_one_request,REQ-000987,0.014083,request
policy_oracle_xai,evaluate_one_request,REQ-000988,0.013875,request
policy_oracle_xai,evaluate_one_request,REQ-000989,0.013709,request
policy_oracle_xai,evaluate_one_request,REQ-000990,0.014209,request
policy_oracle_xai,evaluate_one_request,REQ-000991,0.012958,request
policy_oracle_xai,evaluate_one_request,REQ-000992,0.013875,request
policy_oracle_xai,evaluate_one_request,REQ-000993,0.016166,request
policy_oracle_xai,evaluate_one_request,REQ-000994,0.017166,request
policy_oracle_xai,evaluate_one_request,REQ-000995,0.013083,request
policy_oracle_xai,evaluate_one_request,REQ-000996,0.074917,request
policy_oracle_xai,evaluate_one_request,REQ-000997,0.024416,request
policy_oracle_xai,evaluate_one_request,REQ-000998,0.016875,request
policy_oracle_xai,evaluate_one_request,REQ-000999,0.018584,request
policy_oracle_xai,evaluate_one_request,REQ-001000,0.014791,request
signed_hash_chain,create_one_signed_event,1,0.056458,event
signed_hash_chain,create_one_signed_event,2,0.016875,event
signed_hash_chain,create_one_signed_event,3,0.011209,event
signed_hash_chain,create_one_signed_event,4,0.009375,event
signed_hash_chain,create_one_signed_event,5,0.009375,event
signed_hash_chain,create_one_signed_event,6,0.009041,event
signed_hash_chain,create_one_signed_event,7,0.008667,event
signed_hash_chain,create_one_signed_event,8,0.008666,event
signed_hash_chain,create_one_signed_event,9,0.008583,event
signed_hash_chain,create_one_signed_event,10,0.008834,event
signed_hash_chain,create_one_signed_event,11,0.008666,event
signed_hash_chain,create_one_signed_event,12,0.008667,event
signed_hash_chain,create_one_signed_event,13,0.008500,event
signed_hash_chain,create_one_signed_event,14,0.008500,event
signed_hash_chain,create_one_signed_event,15,0.008375,event
signed_hash_chain,create_one_signed_event,16,0.008375,event
signed_hash_chain,create_one_signed_event,17,0.008875,event
signed_hash_chain,create_one_signed_event,18,0.008542,event
signed_hash_chain,create_one_signed_event,19,0.008625,event
signed_hash_chain,create_one_signed_event,20,0.008959,event
signed_hash_chain,create_one_signed_event,21,0.008458,event
signed_hash_chain,create_one_signed_event,22,0.008875,event
signed_hash_chain,create_one_signed_event,23,0.008666,event
signed_hash_chain,create_one_signed_event,24,0.008500,event
signed_hash_chain,create_one_signed_event,25,0.008625,event
signed_hash_chain,create_one_signed_event,26,0.008667,event
signed_hash_chain,create_one_signed_event,27,0.008584,event
signed_hash_chain,create_one_signed_event,28,0.008416,event
signed_hash_chain,create_one_signed_event,29,0.008459,event
signed_hash_chain,create_one_signed_event,30,0.008291,event
signed_hash_chain,create_one_signed_event,31,0.010334,event
signed_hash_chain,create_one_signed_event,32,0.010834,event
signed_hash_chain,create_one_signed_event,33,0.009083,event
signed_hash_chain,create_one_signed_event,34,0.008625,event
signed_hash_chain,create_one_signed_event,35,0.008750,event
signed_hash_chain,create_one_signed_event,36,0.008708,event
signed_hash_chain,create_one_signed_event,37,0.008917,event
signed_hash_chain,create_one_signed_event,38,0.008500,event
signed_hash_chain,create_one_signed_event,39,0.008459,event
signed_hash_chain,create_one_signed_event,40,0.008541,event
signed_hash_chain,create_one_signed_event,41,0.008500,event
signed_hash_chain,create_one_signed_event,42,0.008750,event
signed_hash_chain,create_one_signed_event,43,0.008666,event
signed_hash_chain,create_one_signed_event,44,0.008750,event
signed_hash_chain,create_one_signed_event,45,0.008583,event
signed_hash_chain,create_one_signed_event,46,0.008625,event
signed_hash_chain,create_one_signed_event,47,0.008542,event
signed_hash_chain,create_one_signed_event,48,0.008542,event
signed_hash_chain,create_one_signed_event,49,0.008833,event
signed_hash_chain,create_one_signed_event,50,0.009208,event
signed_hash_chain,create_one_signed_event,51,0.010583,event
signed_hash_chain,create_one_signed_event,52,0.010417,event
signed_hash_chain,create_one_signed_event,53,0.008833,event
signed_hash_chain,create_one_signed_event,54,0.008750,event
signed_hash_chain,create_one_signed_event,55,0.008708,event
signed_hash_chain,create_one_signed_event,56,0.009000,event
signed_hash_chain,create_one_signed_event,57,0.008792,event
signed_hash_chain,create_one_signed_event,58,0.008750,event
signed_hash_chain,create_one_signed_event,59,0.008792,event
signed_hash_chain,create_one_signed_event,60,0.008833,event
signed_hash_chain,create_one_signed_event,61,0.008709,event
signed_hash_chain,create_one_signed_event,62,0.008833,event
signed_hash_chain,create_one_signed_event,63,0.008792,event
signed_hash_chain,create_one_signed_event,64,0.008583,event
signed_hash_chain,create_one_signed_event,65,0.009000,event
signed_hash_chain,create_one_signed_event,66,0.009292,event
signed_hash_chain,create_one_signed_event,67,0.009167,event
signed_hash_chain,create_one_signed_event,68,0.009375,event
signed_hash_chain,create_one_signed_event,69,0.008792,event
signed_hash_chain,create_one_signed_event,70,0.008833,event
signed_hash_chain,create_one_signed_event,71,0.008792,event
signed_hash_chain,create_one_signed_event,72,0.008917,event
signed_hash_chain,create_one_signed_event,73,0.009250,event
signed_hash_chain,create_one_signed_event,74,0.008875,event
signed_hash_chain,create_one_signed_event,75,0.008833,event
signed_hash_chain,create_one_signed_event,76,0.008667,event
signed_hash_chain,create_one_signed_event,77,0.009083,event
signed_hash_chain,create_one_signed_event,78,0.009750,event
signed_hash_chain,create_one_signed_event,79,0.009459,event
signed_hash_chain,create_one_signed_event,80,0.009875,event
signed_hash_chain,create_one_signed_event,81,0.009334,event
signed_hash_chain,create_one_signed_event,82,0.009041,event
signed_hash_chain,create_one_signed_event,83,0.009084,event
signed_hash_chain,create_one_signed_event,84,0.008833,event
signed_hash_chain,create_one_signed_event,85,0.008917,event
signed_hash_chain,create_one_signed_event,86,0.008792,event
signed_hash_chain,create_one_signed_event,87,0.008833,event
signed_hash_chain,create_one_signed_event,88,0.009042,event
signed_hash_chain,create_one_signed_event,89,0.008958,event
signed_hash_chain,create_one_signed_event,90,0.009042,event
signed_hash_chain,create_one_signed_event,91,0.008834,event
signed_hash_chain,create_one_signed_event,92,0.008875,event
signed_hash_chain,create_one_signed_event,93,0.009417,event
signed_hash_chain,create_one_signed_event,94,0.008875,event
signed_hash_chain,create_one_signed_event,95,0.009000,event
signed_hash_chain,create_one_signed_event,96,0.008917,event
signed_hash_chain,create_one_signed_event,97,0.009625,event
signed_hash_chain,create_one_signed_event,98,0.010833,event
signed_hash_chain,create_one_signed_event,99,0.009125,event
signed_hash_chain,create_one_signed_event,100,0.010459,event
signed_hash_chain,create_one_signed_event,101,0.011000,event
signed_hash_chain,create_one_signed_event,102,0.009334,event
signed_hash_chain,create_one_signed_event,103,0.008791,event
signed_hash_chain,create_one_signed_event,104,0.008792,event
signed_hash_chain,create_one_signed_event,105,0.008917,event
signed_hash_chain,create_one_signed_event,106,0.008667,event
signed_hash_chain,create_one_signed_event,107,0.008792,event
signed_hash_chain,create_one_signed_event,108,0.008792,event
signed_hash_chain,create_one_signed_event,109,0.009084,event
signed_hash_chain,create_one_signed_event,110,0.009333,event
signed_hash_chain,create_one_signed_event,111,0.008958,event
signed_hash_chain,create_one_signed_event,112,0.008875,event
signed_hash_chain,create_one_signed_event,113,0.008708,event
signed_hash_chain,create_one_signed_event,114,0.008708,event
signed_hash_chain,create_one_signed_event,115,0.008791,event
signed_hash_chain,create_one_signed_event,116,0.009042,event
signed_hash_chain,create_one_signed_event,117,0.008667,event
signed_hash_chain,create_one_signed_event,118,0.008583,event
signed_hash_chain,create_one_signed_event,119,0.008750,event
signed_hash_chain,create_one_signed_event,120,0.008500,event
signed_hash_chain,create_one_signed_event,121,0.008709,event
signed_hash_chain,create_one_signed_event,122,0.008416,event
signed_hash_chain,create_one_signed_event,123,0.008709,event
signed_hash_chain,create_one_signed_event,124,0.008875,event
signed_hash_chain,create_one_signed_event,125,0.008667,event
signed_hash_chain,create_one_signed_event,126,0.008708,event
signed_hash_chain,create_one_signed_event,127,0.008958,event
signed_hash_chain,create_one_signed_event,128,0.008834,event
signed_hash_chain,create_one_signed_event,129,0.008916,event
signed_hash_chain,create_one_signed_event,130,0.008583,event
signed_hash_chain,create_one_signed_event,131,0.008709,event
signed_hash_chain,create_one_signed_event,132,0.008833,event
signed_hash_chain,create_one_signed_event,133,0.008625,event
signed_hash_chain,create_one_signed_event,134,0.008708,event
signed_hash_chain,create_one_signed_event,135,0.008750,event
signed_hash_chain,create_one_signed_event,136,0.008791,event
signed_hash_chain,create_one_signed_event,137,0.008791,event
signed_hash_chain,create_one_signed_event,138,0.008459,event
signed_hash_chain,create_one_signed_event,139,0.009125,event
signed_hash_chain,create_one_signed_event,140,0.008625,event
signed_hash_chain,create_one_signed_event,141,0.008625,event
signed_hash_chain,create_one_signed_event,142,0.008625,event
signed_hash_chain,create_one_signed_event,143,0.009042,event
signed_hash_chain,create_one_signed_event,144,0.008417,event
signed_hash_chain,create_one_signed_event,145,0.008625,event
signed_hash_chain,create_one_signed_event,146,0.009083,event
signed_hash_chain,create_one_signed_event,147,0.010375,event
signed_hash_chain,create_one_signed_event,148,0.009292,event
signed_hash_chain,create_one_signed_event,149,0.008458,event
signed_hash_chain,create_one_signed_event,150,0.008416,event
signed_hash_chain,create_one_signed_event,151,0.008250,event
signed_hash_chain,create_one_signed_event,152,0.008667,event
signed_hash_chain,create_one_signed_event,153,0.008458,event
signed_hash_chain,create_one_signed_event,154,0.008458,event
signed_hash_chain,create_one_signed_event,155,0.008542,event
signed_hash_chain,create_one_signed_event,156,0.008500,event
signed_hash_chain,create_one_signed_event,157,0.008458,event
signed_hash_chain,create_one_signed_event,158,0.008417,event
signed_hash_chain,create_one_signed_event,159,0.008500,event
signed_hash_chain,create_one_signed_event,160,0.008709,event
signed_hash_chain,create_one_signed_event,161,0.008458,event
signed_hash_chain,create_one_signed_event,162,0.008417,event
signed_hash_chain,create_one_signed_event,163,0.008500,event
signed_hash_chain,create_one_signed_event,164,0.008666,event
signed_hash_chain,create_one_signed_event,165,0.008459,event
signed_hash_chain,create_one_signed_event,166,0.008333,event
signed_hash_chain,create_one_signed_event,167,0.008417,event
signed_hash_chain,create_one_signed_event,168,0.008583,event
signed_hash_chain,create_one_signed_event,169,0.008292,event
signed_hash_chain,create_one_signed_event,170,0.008458,event
signed_hash_chain,create_one_signed_event,171,0.008250,event
signed_hash_chain,create_one_signed_event,172,0.008459,event
signed_hash_chain,create_one_signed_event,173,0.008583,event
signed_hash_chain,create_one_signed_event,174,0.008375,event
signed_hash_chain,create_one_signed_event,175,0.008292,event
signed_hash_chain,create_one_signed_event,176,0.008292,event
signed_hash_chain,create_one_signed_event,177,0.008375,event
signed_hash_chain,create_one_signed_event,178,0.008458,event
signed_hash_chain,create_one_signed_event,179,0.008541,event
signed_hash_chain,create_one_signed_event,180,0.008375,event
signed_hash_chain,create_one_signed_event,181,0.008500,event
signed_hash_chain,create_one_signed_event,182,0.008291,event
signed_hash_chain,create_one_signed_event,183,0.008167,event
signed_hash_chain,create_one_signed_event,184,0.008125,event
signed_hash_chain,create_one_signed_event,185,0.008209,event
signed_hash_chain,create_one_signed_event,186,0.008166,event
signed_hash_chain,create_one_signed_event,187,0.008291,event
signed_hash_chain,create_one_signed_event,188,0.008250,event
signed_hash_chain,create_one_signed_event,189,0.008167,event
signed_hash_chain,create_one_signed_event,190,0.008250,event
signed_hash_chain,create_one_signed_event,191,0.008292,event
signed_hash_chain,create_one_signed_event,192,0.008208,event
signed_hash_chain,create_one_signed_event,193,0.008250,event
signed_hash_chain,create_one_signed_event,194,0.008291,event
signed_hash_chain,create_one_signed_event,195,0.008208,event
signed_hash_chain,create_one_signed_event,196,0.008209,event
signed_hash_chain,create_one_signed_event,197,0.008166,event
signed_hash_chain,create_one_signed_event,198,0.008250,event
signed_hash_chain,create_one_signed_event,199,0.008416,event
signed_hash_chain,create_one_signed_event,200,0.009750,event
signed_hash_chain,create_one_signed_event,201,0.010458,event
signed_hash_chain,create_one_signed_event,202,0.008583,event
signed_hash_chain,create_one_signed_event,203,0.008375,event
signed_hash_chain,create_one_signed_event,204,0.008500,event
signed_hash_chain,create_one_signed_event,205,0.009084,event
signed_hash_chain,create_one_signed_event,206,0.010667,event
signed_hash_chain,create_one_signed_event,207,0.009541,event
signed_hash_chain,create_one_signed_event,208,0.008542,event
signed_hash_chain,create_one_signed_event,209,0.008709,event
signed_hash_chain,create_one_signed_event,210,0.008458,event
signed_hash_chain,create_one_signed_event,211,0.008542,event
signed_hash_chain,create_one_signed_event,212,0.008750,event
signed_hash_chain,create_one_signed_event,213,0.009209,event
signed_hash_chain,create_one_signed_event,214,0.008666,event
signed_hash_chain,create_one_signed_event,215,0.008709,event
signed_hash_chain,create_one_signed_event,216,0.008666,event
signed_hash_chain,create_one_signed_event,217,0.008666,event
signed_hash_chain,create_one_signed_event,218,0.008625,event
signed_hash_chain,create_one_signed_event,219,0.008542,event
signed_hash_chain,create_one_signed_event,220,0.008667,event
signed_hash_chain,create_one_signed_event,221,0.008833,event
signed_hash_chain,create_one_signed_event,222,0.008708,event
signed_hash_chain,create_one_signed_event,223,0.008625,event
signed_hash_chain,create_one_signed_event,224,0.008500,event
signed_hash_chain,create_one_signed_event,225,0.008417,event
signed_hash_chain,create_one_signed_event,226,0.008417,event
signed_hash_chain,create_one_signed_event,227,0.008458,event
signed_hash_chain,create_one_signed_event,228,0.008625,event
signed_hash_chain,create_one_signed_event,229,0.008584,event
signed_hash_chain,create_one_signed_event,230,0.008458,event
signed_hash_chain,create_one_signed_event,231,0.008709,event
signed_hash_chain,create_one_signed_event,232,0.008666,event
signed_hash_chain,create_one_signed_event,233,0.008583,event
signed_hash_chain,create_one_signed_event,234,0.008541,event
signed_hash_chain,create_one_signed_event,235,0.008709,event
signed_hash_chain,create_one_signed_event,236,0.008791,event
signed_hash_chain,create_one_signed_event,237,0.008584,event
signed_hash_chain,create_one_signed_event,238,0.008541,event
signed_hash_chain,create_one_signed_event,239,0.008416,event
signed_hash_chain,create_one_signed_event,240,0.008750,event
signed_hash_chain,create_one_signed_event,241,0.008416,event
signed_hash_chain,create_one_signed_event,242,0.008625,event
signed_hash_chain,create_one_signed_event,243,0.008667,event
signed_hash_chain,create_one_signed_event,244,0.008458,event
signed_hash_chain,create_one_signed_event,245,0.008500,event
signed_hash_chain,create_one_signed_event,246,0.008542,event
signed_hash_chain,create_one_signed_event,247,0.008542,event
signed_hash_chain,create_one_signed_event,248,0.008625,event
signed_hash_chain,create_one_signed_event,249,0.008583,event
signed_hash_chain,create_one_signed_event,250,0.008375,event
signed_hash_chain,create_one_signed_event,251,0.008500,event
signed_hash_chain,create_one_signed_event,252,0.008791,event
signed_hash_chain,create_one_signed_event,253,0.008708,event
signed_hash_chain,create_one_signed_event,254,0.008500,event
signed_hash_chain,create_one_signed_event,255,0.008625,event
signed_hash_chain,create_one_signed_event,256,0.008708,event
signed_hash_chain,create_one_signed_event,257,0.009000,event
signed_hash_chain,create_one_signed_event,258,0.008666,event
signed_hash_chain,create_one_signed_event,259,0.008584,event
signed_hash_chain,create_one_signed_event,260,0.008875,event
signed_hash_chain,create_one_signed_event,261,0.009083,event
signed_hash_chain,create_one_signed_event,262,0.008750,event
signed_hash_chain,create_one_signed_event,263,0.008584,event
signed_hash_chain,create_one_signed_event,264,0.008791,event
signed_hash_chain,create_one_signed_event,265,0.008500,event
signed_hash_chain,create_one_signed_event,266,0.008500,event
signed_hash_chain,create_one_signed_event,267,0.008833,event
signed_hash_chain,create_one_signed_event,268,0.008917,event
signed_hash_chain,create_one_signed_event,269,0.008916,event
signed_hash_chain,create_one_signed_event,270,0.008625,event
signed_hash_chain,create_one_signed_event,271,0.008667,event
signed_hash_chain,create_one_signed_event,272,0.008584,event
signed_hash_chain,create_one_signed_event,273,0.008625,event
signed_hash_chain,create_one_signed_event,274,0.008542,event
signed_hash_chain,create_one_signed_event,275,0.008583,event
signed_hash_chain,create_one_signed_event,276,0.008625,event
signed_hash_chain,create_one_signed_event,277,0.008583,event
signed_hash_chain,create_one_signed_event,278,0.008541,event
signed_hash_chain,create_one_signed_event,279,0.008542,event
signed_hash_chain,create_one_signed_event,280,0.008542,event
signed_hash_chain,create_one_signed_event,281,0.008542,event
signed_hash_chain,create_one_signed_event,282,0.008625,event
signed_hash_chain,create_one_signed_event,283,0.008667,event
signed_hash_chain,create_one_signed_event,284,0.008625,event
signed_hash_chain,create_one_signed_event,285,0.008541,event
signed_hash_chain,create_one_signed_event,286,0.008458,event
signed_hash_chain,create_one_signed_event,287,0.008542,event
signed_hash_chain,create_one_signed_event,288,0.008667,event
signed_hash_chain,create_one_signed_event,289,0.008708,event
signed_hash_chain,create_one_signed_event,290,0.008542,event
signed_hash_chain,create_one_signed_event,291,0.008709,event
signed_hash_chain,create_one_signed_event,292,0.008667,event
signed_hash_chain,create_one_signed_event,293,0.008583,event
signed_hash_chain,create_one_signed_event,294,0.008625,event
signed_hash_chain,create_one_signed_event,295,0.008666,event
signed_hash_chain,create_one_signed_event,296,0.008542,event
signed_hash_chain,create_one_signed_event,297,0.008542,event
signed_hash_chain,create_one_signed_event,298,0.008958,event
signed_hash_chain,create_one_signed_event,299,0.008500,event
signed_hash_chain,create_one_signed_event,300,0.008500,event
signed_hash_chain,create_one_signed_event,301,0.008250,event
signed_hash_chain,create_one_signed_event,302,0.008458,event
signed_hash_chain,create_one_signed_event,303,0.008667,event
signed_hash_chain,create_one_signed_event,304,0.008333,event
signed_hash_chain,create_one_signed_event,305,0.008250,event
signed_hash_chain,create_one_signed_event,306,0.008208,event
signed_hash_chain,create_one_signed_event,307,0.008250,event
signed_hash_chain,create_one_signed_event,308,0.008333,event
signed_hash_chain,create_one_signed_event,309,0.008458,event
signed_hash_chain,create_one_signed_event,310,0.008292,event
signed_hash_chain,create_one_signed_event,311,0.008292,event
signed_hash_chain,create_one_signed_event,312,0.008292,event
signed_hash_chain,create_one_signed_event,313,0.008166,event
signed_hash_chain,create_one_signed_event,314,0.008166,event
signed_hash_chain,create_one_signed_event,315,0.008125,event
signed_hash_chain,create_one_signed_event,316,0.008291,event
signed_hash_chain,create_one_signed_event,317,0.008333,event
signed_hash_chain,create_one_signed_event,318,0.008375,event
signed_hash_chain,create_one_signed_event,319,0.008458,event
signed_hash_chain,create_one_signed_event,320,0.008167,event
signed_hash_chain,create_one_signed_event,321,0.008334,event
signed_hash_chain,create_one_signed_event,322,0.008333,event
signed_hash_chain,create_one_signed_event,323,0.009834,event
signed_hash_chain,create_one_signed_event,324,0.010375,event
signed_hash_chain,create_one_signed_event,325,0.008584,event
signed_hash_chain,create_one_signed_event,326,0.008417,event
signed_hash_chain,create_one_signed_event,327,0.008291,event
signed_hash_chain,create_one_signed_event,328,0.008416,event
signed_hash_chain,create_one_signed_event,329,0.008500,event
signed_hash_chain,create_one_signed_event,330,0.008417,event
signed_hash_chain,create_one_signed_event,331,0.008583,event
signed_hash_chain,create_one_signed_event,332,0.008500,event
signed_hash_chain,create_one_signed_event,333,0.008541,event
signed_hash_chain,create_one_signed_event,334,0.008542,event
signed_hash_chain,create_one_signed_event,335,0.008459,event
signed_hash_chain,create_one_signed_event,336,0.008375,event
signed_hash_chain,create_one_signed_event,337,0.008417,event
signed_hash_chain,create_one_signed_event,338,0.008542,event
signed_hash_chain,create_one_signed_event,339,0.008458,event
signed_hash_chain,create_one_signed_event,340,0.008541,event
signed_hash_chain,create_one_signed_event,341,0.008500,event
signed_hash_chain,create_one_signed_event,342,0.008417,event
signed_hash_chain,create_one_signed_event,343,0.008375,event
signed_hash_chain,create_one_signed_event,344,0.008667,event
signed_hash_chain,create_one_signed_event,345,0.008250,event
signed_hash_chain,create_one_signed_event,346,0.008416,event
signed_hash_chain,create_one_signed_event,347,0.008375,event
signed_hash_chain,create_one_signed_event,348,0.008708,event
signed_hash_chain,create_one_signed_event,349,0.008417,event
signed_hash_chain,create_one_signed_event,350,0.008375,event
signed_hash_chain,create_one_signed_event,351,0.008583,event
signed_hash_chain,create_one_signed_event,352,0.008459,event
signed_hash_chain,create_one_signed_event,353,0.008708,event
signed_hash_chain,create_one_signed_event,354,0.008625,event
signed_hash_chain,create_one_signed_event,355,0.008459,event
signed_hash_chain,create_one_signed_event,356,0.008416,event
signed_hash_chain,create_one_signed_event,357,0.008416,event
signed_hash_chain,create_one_signed_event,358,0.008791,event
signed_hash_chain,create_one_signed_event,359,0.008458,event
signed_hash_chain,create_one_signed_event,360,0.008375,event
signed_hash_chain,create_one_signed_event,361,0.008458,event
signed_hash_chain,create_one_signed_event,362,0.008583,event
signed_hash_chain,create_one_signed_event,363,0.008583,event
signed_hash_chain,create_one_signed_event,364,0.008625,event
signed_hash_chain,create_one_signed_event,365,0.008500,event
signed_hash_chain,create_one_signed_event,366,0.008375,event
signed_hash_chain,create_one_signed_event,367,0.008333,event
signed_hash_chain,create_one_signed_event,368,0.008500,event
signed_hash_chain,create_one_signed_event,369,0.008334,event
signed_hash_chain,create_one_signed_event,370,0.008375,event
signed_hash_chain,create_one_signed_event,371,0.008333,event
signed_hash_chain,create_one_signed_event,372,0.008459,event
signed_hash_chain,create_one_signed_event,373,0.008500,event
signed_hash_chain,create_one_signed_event,374,0.008250,event
signed_hash_chain,create_one_signed_event,375,0.008334,event
signed_hash_chain,create_one_signed_event,376,0.008375,event
signed_hash_chain,create_one_signed_event,377,0.008792,event
signed_hash_chain,create_one_signed_event,378,0.008625,event
signed_hash_chain,create_one_signed_event,379,0.008375,event
signed_hash_chain,create_one_signed_event,380,0.008417,event
signed_hash_chain,create_one_signed_event,381,0.008458,event
signed_hash_chain,create_one_signed_event,382,0.008584,event
signed_hash_chain,create_one_signed_event,383,0.008708,event
signed_hash_chain,create_one_signed_event,384,0.008417,event
signed_hash_chain,create_one_signed_event,385,0.008375,event
signed_hash_chain,create_one_signed_event,386,0.008458,event
signed_hash_chain,create_one_signed_event,387,0.008500,event
signed_hash_chain,create_one_signed_event,388,0.008584,event
signed_hash_chain,create_one_signed_event,389,0.008375,event
signed_hash_chain,create_one_signed_event,390,0.008583,event
signed_hash_chain,create_one_signed_event,391,0.008417,event
signed_hash_chain,create_one_signed_event,392,0.008708,event
signed_hash_chain,create_one_signed_event,393,0.008875,event
signed_hash_chain,create_one_signed_event,394,0.008583,event
signed_hash_chain,create_one_signed_event,395,0.008459,event
signed_hash_chain,create_one_signed_event,396,0.008500,event
signed_hash_chain,create_one_signed_event,397,0.008375,event
signed_hash_chain,create_one_signed_event,398,0.008750,event
signed_hash_chain,create_one_signed_event,399,0.008333,event
signed_hash_chain,create_one_signed_event,400,0.008584,event
signed_hash_chain,create_one_signed_event,401,0.008500,event
signed_hash_chain,create_one_signed_event,402,0.008500,event
signed_hash_chain,create_one_signed_event,403,0.008583,event
signed_hash_chain,create_one_signed_event,404,0.008459,event
signed_hash_chain,create_one_signed_event,405,0.008458,event
signed_hash_chain,create_one_signed_event,406,0.008541,event
signed_hash_chain,create_one_signed_event,407,0.008625,event
signed_hash_chain,create_one_signed_event,408,0.008750,event
signed_hash_chain,create_one_signed_event,409,0.008292,event
signed_hash_chain,create_one_signed_event,410,0.008500,event
signed_hash_chain,create_one_signed_event,411,0.008459,event
signed_hash_chain,create_one_signed_event,412,0.010375,event
signed_hash_chain,create_one_signed_event,413,0.010833,event
signed_hash_chain,create_one_signed_event,414,0.008625,event
signed_hash_chain,create_one_signed_event,415,0.008500,event
signed_hash_chain,create_one_signed_event,416,0.008542,event
signed_hash_chain,create_one_signed_event,417,0.008541,event
signed_hash_chain,create_one_signed_event,418,0.008500,event
signed_hash_chain,create_one_signed_event,419,0.008542,event
signed_hash_chain,create_one_signed_event,420,0.008792,event
signed_hash_chain,create_one_signed_event,421,0.008542,event
signed_hash_chain,create_one_signed_event,422,0.008541,event
signed_hash_chain,create_one_signed_event,423,0.008500,event
signed_hash_chain,create_one_signed_event,424,0.008625,event
signed_hash_chain,create_one_signed_event,425,0.008708,event
signed_hash_chain,create_one_signed_event,426,0.008500,event
signed_hash_chain,create_one_signed_event,427,0.008458,event
signed_hash_chain,create_one_signed_event,428,0.008875,event
signed_hash_chain,create_one_signed_event,429,0.008666,event
signed_hash_chain,create_one_signed_event,430,0.008709,event
signed_hash_chain,create_one_signed_event,431,0.008750,event
signed_hash_chain,create_one_signed_event,432,0.008833,event
signed_hash_chain,create_one_signed_event,433,0.008542,event
signed_hash_chain,create_one_signed_event,434,0.008584,event
signed_hash_chain,create_one_signed_event,435,0.008625,event
signed_hash_chain,create_one_signed_event,436,0.008667,event
signed_hash_chain,create_one_signed_event,437,0.008667,event
signed_hash_chain,create_one_signed_event,438,0.008500,event
signed_hash_chain,create_one_signed_event,439,0.008709,event
signed_hash_chain,create_one_signed_event,440,0.008708,event
signed_hash_chain,create_one_signed_event,441,0.008500,event
signed_hash_chain,create_one_signed_event,442,0.008875,event
signed_hash_chain,create_one_signed_event,443,0.008833,event
signed_hash_chain,create_one_signed_event,444,0.008667,event
signed_hash_chain,create_one_signed_event,445,0.008583,event
signed_hash_chain,create_one_signed_event,446,0.008708,event
signed_hash_chain,create_one_signed_event,447,0.008667,event
signed_hash_chain,create_one_signed_event,448,0.010667,event
signed_hash_chain,create_one_signed_event,449,0.010292,event
signed_hash_chain,create_one_signed_event,450,0.008833,event
signed_hash_chain,create_one_signed_event,451,0.008916,event
signed_hash_chain,create_one_signed_event,452,0.008958,event
signed_hash_chain,create_one_signed_event,453,0.008833,event
signed_hash_chain,create_one_signed_event,454,0.008708,event
signed_hash_chain,create_one_signed_event,455,0.009125,event
signed_hash_chain,create_one_signed_event,456,0.008667,event
signed_hash_chain,create_one_signed_event,457,0.008833,event
signed_hash_chain,create_one_signed_event,458,0.009083,event
signed_hash_chain,create_one_signed_event,459,0.008916,event
signed_hash_chain,create_one_signed_event,460,0.009000,event
signed_hash_chain,create_one_signed_event,461,0.008916,event
signed_hash_chain,create_one_signed_event,462,0.045416,event
signed_hash_chain,create_one_signed_event,463,0.021208,event
signed_hash_chain,create_one_signed_event,464,0.010709,event
signed_hash_chain,create_one_signed_event,465,0.009417,event
signed_hash_chain,create_one_signed_event,466,0.009208,event
signed_hash_chain,create_one_signed_event,467,0.009083,event
signed_hash_chain,create_one_signed_event,468,0.008959,event
signed_hash_chain,create_one_signed_event,469,0.009000,event
signed_hash_chain,create_one_signed_event,470,0.009125,event
signed_hash_chain,create_one_signed_event,471,0.008875,event
signed_hash_chain,create_one_signed_event,472,0.008750,event
signed_hash_chain,create_one_signed_event,473,0.008791,event
signed_hash_chain,create_one_signed_event,474,0.009000,event
signed_hash_chain,create_one_signed_event,475,0.008792,event
signed_hash_chain,create_one_signed_event,476,0.008875,event
signed_hash_chain,create_one_signed_event,477,0.008625,event
signed_hash_chain,create_one_signed_event,478,0.008917,event
signed_hash_chain,create_one_signed_event,479,0.008959,event
signed_hash_chain,create_one_signed_event,480,0.008917,event
signed_hash_chain,create_one_signed_event,481,0.008625,event
signed_hash_chain,create_one_signed_event,482,0.008833,event
signed_hash_chain,create_one_signed_event,483,0.008625,event
signed_hash_chain,create_one_signed_event,484,0.008750,event
signed_hash_chain,create_one_signed_event,485,0.008625,event
signed_hash_chain,create_one_signed_event,486,0.008708,event
signed_hash_chain,create_one_signed_event,487,0.008667,event
signed_hash_chain,create_one_signed_event,488,0.008791,event
signed_hash_chain,create_one_signed_event,489,0.008959,event
signed_hash_chain,create_one_signed_event,490,0.008583,event
signed_hash_chain,create_one_signed_event,491,0.008917,event
signed_hash_chain,create_one_signed_event,492,0.008958,event
signed_hash_chain,create_one_signed_event,493,0.008667,event
signed_hash_chain,create_one_signed_event,494,0.009000,event
signed_hash_chain,create_one_signed_event,495,0.007875,event
signed_hash_chain,create_one_signed_event,496,0.007875,event
signed_hash_chain,create_one_signed_event,497,0.007917,event
signed_hash_chain,create_one_signed_event,498,0.007958,event
signed_hash_chain,create_one_signed_event,499,0.008083,event
signed_hash_chain,create_one_signed_event,500,0.008042,event
signed_hash_chain,create_one_signed_event,501,0.007959,event
signed_hash_chain,create_one_signed_event,502,0.007959,event
signed_hash_chain,create_one_signed_event,503,0.008667,event
signed_hash_chain,create_one_signed_event,504,0.008084,event
signed_hash_chain,create_one_signed_event,505,0.007916,event
signed_hash_chain,create_one_signed_event,506,0.008125,event
signed_hash_chain,create_one_signed_event,507,0.008083,event
signed_hash_chain,create_one_signed_event,508,0.007917,event
signed_hash_chain,create_one_signed_event,509,0.007875,event
signed_hash_chain,create_one_signed_event,510,0.008208,event
signed_hash_chain,create_one_signed_event,511,0.007917,event
signed_hash_chain,create_one_signed_event,512,0.007958,event
signed_hash_chain,create_one_signed_event,513,0.008083,event
signed_hash_chain,create_one_signed_event,514,0.008084,event
signed_hash_chain,create_one_signed_event,515,0.008041,event
signed_hash_chain,create_one_signed_event,516,0.008291,event
signed_hash_chain,create_one_signed_event,517,0.008166,event
signed_hash_chain,create_one_signed_event,518,0.008250,event
signed_hash_chain,create_one_signed_event,519,0.008209,event
signed_hash_chain,create_one_signed_event,520,0.007833,event
signed_hash_chain,create_one_signed_event,521,0.008250,event
signed_hash_chain,create_one_signed_event,522,0.008083,event
signed_hash_chain,create_one_signed_event,523,0.007958,event
signed_hash_chain,create_one_signed_event,524,0.007875,event
signed_hash_chain,create_one_signed_event,525,0.007834,event
signed_hash_chain,create_one_signed_event,526,0.008416,event
signed_hash_chain,create_one_signed_event,527,0.008083,event
signed_hash_chain,create_one_signed_event,528,0.007959,event
signed_hash_chain,create_one_signed_event,529,0.008083,event
signed_hash_chain,create_one_signed_event,530,0.008000,event
signed_hash_chain,create_one_signed_event,531,0.008583,event
signed_hash_chain,create_one_signed_event,532,0.008041,event
signed_hash_chain,create_one_signed_event,533,0.008000,event
signed_hash_chain,create_one_signed_event,534,0.007916,event
signed_hash_chain,create_one_signed_event,535,0.007875,event
signed_hash_chain,create_one_signed_event,536,0.007833,event
signed_hash_chain,create_one_signed_event,537,0.008041,event
signed_hash_chain,create_one_signed_event,538,0.008250,event
signed_hash_chain,create_one_signed_event,539,0.008333,event
signed_hash_chain,create_one_signed_event,540,0.008084,event
signed_hash_chain,create_one_signed_event,541,0.008042,event
signed_hash_chain,create_one_signed_event,542,0.008167,event
signed_hash_chain,create_one_signed_event,543,0.007791,event
signed_hash_chain,create_one_signed_event,544,0.008042,event
signed_hash_chain,create_one_signed_event,545,0.007959,event
signed_hash_chain,create_one_signed_event,546,0.008166,event
signed_hash_chain,create_one_signed_event,547,0.008125,event
signed_hash_chain,create_one_signed_event,548,0.008167,event
signed_hash_chain,create_one_signed_event,549,0.008125,event
signed_hash_chain,create_one_signed_event,550,0.007917,event
signed_hash_chain,create_one_signed_event,551,0.008542,event
signed_hash_chain,create_one_signed_event,552,0.008084,event
signed_hash_chain,create_one_signed_event,553,0.008208,event
signed_hash_chain,create_one_signed_event,554,0.008292,event
signed_hash_chain,create_one_signed_event,555,0.007917,event
signed_hash_chain,create_one_signed_event,556,0.007917,event
signed_hash_chain,create_one_signed_event,557,0.008125,event
signed_hash_chain,create_one_signed_event,558,0.008291,event
signed_hash_chain,create_one_signed_event,559,0.008209,event
signed_hash_chain,create_one_signed_event,560,0.008333,event
signed_hash_chain,create_one_signed_event,561,0.008041,event
signed_hash_chain,create_one_signed_event,562,0.008375,event
signed_hash_chain,create_one_signed_event,563,0.008250,event
signed_hash_chain,create_one_signed_event,564,0.008333,event
signed_hash_chain,create_one_signed_event,565,0.007875,event
signed_hash_chain,create_one_signed_event,566,0.008208,event
signed_hash_chain,create_one_signed_event,567,0.008000,event
signed_hash_chain,create_one_signed_event,568,0.008666,event
signed_hash_chain,create_one_signed_event,569,0.008459,event
signed_hash_chain,create_one_signed_event,570,0.008625,event
signed_hash_chain,create_one_signed_event,571,0.008791,event
signed_hash_chain,create_one_signed_event,572,0.009042,event
signed_hash_chain,create_one_signed_event,573,0.008709,event
signed_hash_chain,create_one_signed_event,574,0.008708,event
signed_hash_chain,create_one_signed_event,575,0.008458,event
signed_hash_chain,create_one_signed_event,576,0.008708,event
signed_hash_chain,create_one_signed_event,577,0.008584,event
signed_hash_chain,create_one_signed_event,578,0.008542,event
signed_hash_chain,create_one_signed_event,579,0.008833,event
signed_hash_chain,create_one_signed_event,580,0.008750,event
signed_hash_chain,create_one_signed_event,581,0.008625,event
signed_hash_chain,create_one_signed_event,582,0.008458,event
signed_hash_chain,create_one_signed_event,583,0.008334,event
signed_hash_chain,create_one_signed_event,584,0.008750,event
signed_hash_chain,create_one_signed_event,585,0.008583,event
signed_hash_chain,create_one_signed_event,586,0.008334,event
signed_hash_chain,create_one_signed_event,587,0.008417,event
signed_hash_chain,create_one_signed_event,588,0.008666,event
signed_hash_chain,create_one_signed_event,589,0.008666,event
signed_hash_chain,create_one_signed_event,590,0.008709,event
signed_hash_chain,create_one_signed_event,591,0.008917,event
signed_hash_chain,create_one_signed_event,592,0.008542,event
signed_hash_chain,create_one_signed_event,593,0.008708,event
signed_hash_chain,create_one_signed_event,594,0.008500,event
signed_hash_chain,create_one_signed_event,595,0.008333,event
signed_hash_chain,create_one_signed_event,596,0.008750,event
signed_hash_chain,create_one_signed_event,597,0.008583,event
signed_hash_chain,create_one_signed_event,598,0.009166,event
signed_hash_chain,create_one_signed_event,599,0.008958,event
signed_hash_chain,create_one_signed_event,600,0.008959,event
signed_hash_chain,create_one_signed_event,601,0.008625,event
signed_hash_chain,create_one_signed_event,602,0.009333,event
signed_hash_chain,create_one_signed_event,603,0.008625,event
signed_hash_chain,create_one_signed_event,604,0.008583,event
signed_hash_chain,create_one_signed_event,605,0.008667,event
signed_hash_chain,create_one_signed_event,606,0.008708,event
signed_hash_chain,create_one_signed_event,607,0.008583,event
signed_hash_chain,create_one_signed_event,608,0.008750,event
signed_hash_chain,create_one_signed_event,609,0.008708,event
signed_hash_chain,create_one_signed_event,610,0.008500,event
signed_hash_chain,create_one_signed_event,611,0.008750,event
signed_hash_chain,create_one_signed_event,612,0.008625,event
signed_hash_chain,create_one_signed_event,613,0.008333,event
signed_hash_chain,create_one_signed_event,614,0.008417,event
signed_hash_chain,create_one_signed_event,615,0.008625,event
signed_hash_chain,create_one_signed_event,616,0.008583,event
signed_hash_chain,create_one_signed_event,617,0.008459,event
signed_hash_chain,create_one_signed_event,618,0.008375,event
signed_hash_chain,create_one_signed_event,619,0.008334,event
signed_hash_chain,create_one_signed_event,620,0.008583,event
signed_hash_chain,create_one_signed_event,621,0.008666,event
signed_hash_chain,create_one_signed_event,622,0.008416,event
signed_hash_chain,create_one_signed_event,623,0.008500,event
signed_hash_chain,create_one_signed_event,624,0.008333,event
signed_hash_chain,create_one_signed_event,625,0.008459,event
signed_hash_chain,create_one_signed_event,626,0.008458,event
signed_hash_chain,create_one_signed_event,627,0.008416,event
signed_hash_chain,create_one_signed_event,628,0.009041,event
signed_hash_chain,create_one_signed_event,629,0.008750,event
signed_hash_chain,create_one_signed_event,630,0.009000,event
signed_hash_chain,create_one_signed_event,631,0.008459,event
signed_hash_chain,create_one_signed_event,632,0.008417,event
signed_hash_chain,create_one_signed_event,633,0.008458,event
signed_hash_chain,create_one_signed_event,634,0.008375,event
signed_hash_chain,create_one_signed_event,635,0.008417,event
signed_hash_chain,create_one_signed_event,636,0.008709,event
signed_hash_chain,create_one_signed_event,637,0.008375,event
signed_hash_chain,create_one_signed_event,638,0.008416,event
signed_hash_chain,create_one_signed_event,639,0.008500,event
signed_hash_chain,create_one_signed_event,640,0.008709,event
signed_hash_chain,create_one_signed_event,641,0.008583,event
signed_hash_chain,create_one_signed_event,642,0.008375,event
signed_hash_chain,create_one_signed_event,643,0.008750,event
signed_hash_chain,create_one_signed_event,644,0.008583,event
signed_hash_chain,create_one_signed_event,645,0.008458,event
signed_hash_chain,create_one_signed_event,646,0.008458,event
signed_hash_chain,create_one_signed_event,647,0.008542,event
signed_hash_chain,create_one_signed_event,648,0.008792,event
signed_hash_chain,create_one_signed_event,649,0.008458,event
signed_hash_chain,create_one_signed_event,650,0.008333,event
signed_hash_chain,create_one_signed_event,651,0.008792,event
signed_hash_chain,create_one_signed_event,652,0.008833,event
signed_hash_chain,create_one_signed_event,653,0.008500,event
signed_hash_chain,create_one_signed_event,654,0.051958,event
signed_hash_chain,create_one_signed_event,655,0.031583,event
signed_hash_chain,create_one_signed_event,656,0.010625,event
signed_hash_chain,create_one_signed_event,657,0.009166,event
signed_hash_chain,create_one_signed_event,658,0.008667,event
signed_hash_chain,create_one_signed_event,659,0.008709,event
signed_hash_chain,create_one_signed_event,660,0.008583,event
signed_hash_chain,create_one_signed_event,661,0.008542,event
signed_hash_chain,create_one_signed_event,662,0.008542,event
signed_hash_chain,create_one_signed_event,663,0.008459,event
signed_hash_chain,create_one_signed_event,664,0.008458,event
signed_hash_chain,create_one_signed_event,665,0.008417,event
signed_hash_chain,create_one_signed_event,666,0.008375,event
signed_hash_chain,create_one_signed_event,667,0.008375,event
signed_hash_chain,create_one_signed_event,668,0.008500,event
signed_hash_chain,create_one_signed_event,669,0.008875,event
signed_hash_chain,create_one_signed_event,670,0.008417,event
signed_hash_chain,create_one_signed_event,671,0.008250,event
signed_hash_chain,create_one_signed_event,672,0.008583,event
signed_hash_chain,create_one_signed_event,673,0.009292,event
signed_hash_chain,create_one_signed_event,674,0.008708,event
signed_hash_chain,create_one_signed_event,675,0.008500,event
signed_hash_chain,create_one_signed_event,676,0.008292,event
signed_hash_chain,create_one_signed_event,677,0.008416,event
signed_hash_chain,create_one_signed_event,678,0.008458,event
signed_hash_chain,create_one_signed_event,679,0.008334,event
signed_hash_chain,create_one_signed_event,680,0.008333,event
signed_hash_chain,create_one_signed_event,681,0.008916,event
signed_hash_chain,create_one_signed_event,682,0.010291,event
signed_hash_chain,create_one_signed_event,683,0.010625,event
signed_hash_chain,create_one_signed_event,684,0.009417,event
signed_hash_chain,create_one_signed_event,685,0.008667,event
signed_hash_chain,create_one_signed_event,686,0.008500,event
signed_hash_chain,create_one_signed_event,687,0.010416,event
signed_hash_chain,create_one_signed_event,688,0.010875,event
signed_hash_chain,create_one_signed_event,689,0.008750,event
signed_hash_chain,create_one_signed_event,690,0.008833,event
signed_hash_chain,create_one_signed_event,691,0.009042,event
signed_hash_chain,create_one_signed_event,692,0.008833,event
signed_hash_chain,create_one_signed_event,693,0.008916,event
signed_hash_chain,create_one_signed_event,694,0.008833,event
signed_hash_chain,create_one_signed_event,695,0.009042,event
signed_hash_chain,create_one_signed_event,696,0.009333,event
signed_hash_chain,create_one_signed_event,697,0.008833,event
signed_hash_chain,create_one_signed_event,698,0.008959,event
signed_hash_chain,create_one_signed_event,699,0.008750,event
signed_hash_chain,create_one_signed_event,700,0.008792,event
signed_hash_chain,create_one_signed_event,701,0.008625,event
signed_hash_chain,create_one_signed_event,702,0.008833,event
signed_hash_chain,create_one_signed_event,703,0.008709,event
signed_hash_chain,create_one_signed_event,704,0.008583,event
signed_hash_chain,create_one_signed_event,705,0.008542,event
signed_hash_chain,create_one_signed_event,706,0.008625,event
signed_hash_chain,create_one_signed_event,707,0.010708,event
signed_hash_chain,create_one_signed_event,708,0.010084,event
signed_hash_chain,create_one_signed_event,709,0.008667,event
signed_hash_chain,create_one_signed_event,710,0.008791,event
signed_hash_chain,create_one_signed_event,711,0.008709,event
signed_hash_chain,create_one_signed_event,712,0.008875,event
signed_hash_chain,create_one_signed_event,713,0.008833,event
signed_hash_chain,create_one_signed_event,714,0.009125,event
signed_hash_chain,create_one_signed_event,715,0.008833,event
signed_hash_chain,create_one_signed_event,716,0.009000,event
signed_hash_chain,create_one_signed_event,717,0.008708,event
signed_hash_chain,create_one_signed_event,718,0.008917,event
signed_hash_chain,create_one_signed_event,719,0.008667,event
signed_hash_chain,create_one_signed_event,720,0.009084,event
signed_hash_chain,create_one_signed_event,721,0.008875,event
signed_hash_chain,create_one_signed_event,722,0.008834,event
signed_hash_chain,create_one_signed_event,723,0.008667,event
signed_hash_chain,create_one_signed_event,724,0.008750,event
signed_hash_chain,create_one_signed_event,725,0.008792,event
signed_hash_chain,create_one_signed_event,726,0.009042,event
signed_hash_chain,create_one_signed_event,727,0.008791,event
signed_hash_chain,create_one_signed_event,728,0.009083,event
signed_hash_chain,create_one_signed_event,729,0.008750,event
signed_hash_chain,create_one_signed_event,730,0.008750,event
signed_hash_chain,create_one_signed_event,731,0.008834,event
signed_hash_chain,create_one_signed_event,732,0.009000,event
signed_hash_chain,create_one_signed_event,733,0.009000,event
signed_hash_chain,create_one_signed_event,734,0.009000,event
signed_hash_chain,create_one_signed_event,735,0.008792,event
signed_hash_chain,create_one_signed_event,736,0.008833,event
signed_hash_chain,create_one_signed_event,737,0.008791,event
signed_hash_chain,create_one_signed_event,738,0.008917,event
signed_hash_chain,create_one_signed_event,739,0.008625,event
signed_hash_chain,create_one_signed_event,740,0.008875,event
signed_hash_chain,create_one_signed_event,741,0.008959,event
signed_hash_chain,create_one_signed_event,742,0.008916,event
signed_hash_chain,create_one_signed_event,743,0.008709,event
signed_hash_chain,create_one_signed_event,744,0.009125,event
signed_hash_chain,create_one_signed_event,745,0.008916,event
signed_hash_chain,create_one_signed_event,746,0.008959,event
signed_hash_chain,create_one_signed_event,747,0.009125,event
signed_hash_chain,create_one_signed_event,748,0.008958,event
signed_hash_chain,create_one_signed_event,749,0.009041,event
signed_hash_chain,create_one_signed_event,750,0.008916,event
signed_hash_chain,create_one_signed_event,751,0.008958,event
signed_hash_chain,create_one_signed_event,752,0.009000,event
signed_hash_chain,create_one_signed_event,753,0.008709,event
signed_hash_chain,create_one_signed_event,754,0.009000,event
signed_hash_chain,create_one_signed_event,755,0.008667,event
signed_hash_chain,create_one_signed_event,756,0.009000,event
signed_hash_chain,create_one_signed_event,757,0.008667,event
signed_hash_chain,create_one_signed_event,758,0.008584,event
signed_hash_chain,create_one_signed_event,759,0.009000,event
signed_hash_chain,create_one_signed_event,760,0.008792,event
signed_hash_chain,create_one_signed_event,761,0.009333,event
signed_hash_chain,create_one_signed_event,762,0.009000,event
signed_hash_chain,create_one_signed_event,763,0.009084,event
signed_hash_chain,create_one_signed_event,764,0.008750,event
signed_hash_chain,create_one_signed_event,765,0.008792,event
signed_hash_chain,create_one_signed_event,766,0.008875,event
signed_hash_chain,create_one_signed_event,767,0.008875,event
signed_hash_chain,create_one_signed_event,768,0.008791,event
signed_hash_chain,create_one_signed_event,769,0.008875,event
signed_hash_chain,create_one_signed_event,770,0.008625,event
signed_hash_chain,create_one_signed_event,771,0.008833,event
signed_hash_chain,create_one_signed_event,772,0.009125,event
signed_hash_chain,create_one_signed_event,773,0.008791,event
signed_hash_chain,create_one_signed_event,774,0.008708,event
signed_hash_chain,create_one_signed_event,775,0.008542,event
signed_hash_chain,create_one_signed_event,776,0.009209,event
signed_hash_chain,create_one_signed_event,777,0.008583,event
signed_hash_chain,create_one_signed_event,778,0.008750,event
signed_hash_chain,create_one_signed_event,779,0.008875,event
signed_hash_chain,create_one_signed_event,780,0.008500,event
signed_hash_chain,create_one_signed_event,781,0.008583,event
signed_hash_chain,create_one_signed_event,782,0.008416,event
signed_hash_chain,create_one_signed_event,783,0.008416,event
signed_hash_chain,create_one_signed_event,784,0.008584,event
signed_hash_chain,create_one_signed_event,785,0.008625,event
signed_hash_chain,create_one_signed_event,786,0.008709,event
signed_hash_chain,create_one_signed_event,787,0.008333,event
signed_hash_chain,create_one_signed_event,788,0.008583,event
signed_hash_chain,create_one_signed_event,789,0.008709,event
signed_hash_chain,create_one_signed_event,790,0.009291,event
signed_hash_chain,create_one_signed_event,791,0.010917,event
signed_hash_chain,create_one_signed_event,792,0.009625,event
signed_hash_chain,create_one_signed_event,793,0.008875,event
signed_hash_chain,create_one_signed_event,794,0.008875,event
signed_hash_chain,create_one_signed_event,795,0.008709,event
signed_hash_chain,create_one_signed_event,796,0.008500,event
signed_hash_chain,create_one_signed_event,797,0.008750,event
signed_hash_chain,create_one_signed_event,798,0.008709,event
signed_hash_chain,create_one_signed_event,799,0.008541,event
signed_hash_chain,create_one_signed_event,800,0.008750,event
signed_hash_chain,create_one_signed_event,801,0.008500,event
signed_hash_chain,create_one_signed_event,802,0.008625,event
signed_hash_chain,create_one_signed_event,803,0.008792,event
signed_hash_chain,create_one_signed_event,804,0.008834,event
signed_hash_chain,create_one_signed_event,805,0.008750,event
signed_hash_chain,create_one_signed_event,806,0.008542,event
signed_hash_chain,create_one_signed_event,807,0.008708,event
signed_hash_chain,create_one_signed_event,808,0.008417,event
signed_hash_chain,create_one_signed_event,809,0.008625,event
signed_hash_chain,create_one_signed_event,810,0.008500,event
signed_hash_chain,create_one_signed_event,811,0.008583,event
signed_hash_chain,create_one_signed_event,812,0.008625,event
signed_hash_chain,create_one_signed_event,813,0.008708,event
signed_hash_chain,create_one_signed_event,814,0.008792,event
signed_hash_chain,create_one_signed_event,815,0.008666,event
signed_hash_chain,create_one_signed_event,816,0.008791,event
signed_hash_chain,create_one_signed_event,817,0.008625,event
signed_hash_chain,create_one_signed_event,818,0.008666,event
signed_hash_chain,create_one_signed_event,819,0.008500,event
signed_hash_chain,create_one_signed_event,820,0.008667,event
signed_hash_chain,create_one_signed_event,821,0.008500,event
signed_hash_chain,create_one_signed_event,822,0.008667,event
signed_hash_chain,create_one_signed_event,823,0.008667,event
signed_hash_chain,create_one_signed_event,824,0.008792,event
signed_hash_chain,create_one_signed_event,825,0.008542,event
signed_hash_chain,create_one_signed_event,826,0.008542,event
signed_hash_chain,create_one_signed_event,827,0.008667,event
signed_hash_chain,create_one_signed_event,828,0.009458,event
signed_hash_chain,create_one_signed_event,829,0.008875,event
signed_hash_chain,create_one_signed_event,830,0.008666,event
signed_hash_chain,create_one_signed_event,831,0.008625,event
signed_hash_chain,create_one_signed_event,832,0.008833,event
signed_hash_chain,create_one_signed_event,833,0.008458,event
signed_hash_chain,create_one_signed_event,834,0.008834,event
signed_hash_chain,create_one_signed_event,835,0.008625,event
signed_hash_chain,create_one_signed_event,836,0.008625,event
signed_hash_chain,create_one_signed_event,837,0.008666,event
signed_hash_chain,create_one_signed_event,838,0.008792,event
signed_hash_chain,create_one_signed_event,839,0.008750,event
signed_hash_chain,create_one_signed_event,840,0.008750,event
signed_hash_chain,create_one_signed_event,841,0.009000,event
signed_hash_chain,create_one_signed_event,842,0.008750,event
signed_hash_chain,create_one_signed_event,843,0.008792,event
signed_hash_chain,create_one_signed_event,844,0.008667,event
signed_hash_chain,create_one_signed_event,845,0.008500,event
signed_hash_chain,create_one_signed_event,846,0.008833,event
signed_hash_chain,create_one_signed_event,847,0.008416,event
signed_hash_chain,create_one_signed_event,848,0.008708,event
signed_hash_chain,create_one_signed_event,849,0.008542,event
signed_hash_chain,create_one_signed_event,850,0.008750,event
signed_hash_chain,create_one_signed_event,851,0.008625,event
signed_hash_chain,create_one_signed_event,852,0.008833,event
signed_hash_chain,create_one_signed_event,853,0.008917,event
signed_hash_chain,create_one_signed_event,854,0.008667,event
signed_hash_chain,create_one_signed_event,855,0.008583,event
signed_hash_chain,create_one_signed_event,856,0.008542,event
signed_hash_chain,create_one_signed_event,857,0.009208,event
signed_hash_chain,create_one_signed_event,858,0.009125,event
signed_hash_chain,create_one_signed_event,859,0.008791,event
signed_hash_chain,create_one_signed_event,860,0.008917,event
signed_hash_chain,create_one_signed_event,861,0.008709,event
signed_hash_chain,create_one_signed_event,862,0.008791,event
signed_hash_chain,create_one_signed_event,863,0.008708,event
signed_hash_chain,create_one_signed_event,864,0.008667,event
signed_hash_chain,create_one_signed_event,865,0.008625,event
signed_hash_chain,create_one_signed_event,866,0.008708,event
signed_hash_chain,create_one_signed_event,867,0.009041,event
signed_hash_chain,create_one_signed_event,868,0.008333,event
signed_hash_chain,create_one_signed_event,869,0.008459,event
signed_hash_chain,create_one_signed_event,870,0.008417,event
signed_hash_chain,create_one_signed_event,871,0.008500,event
signed_hash_chain,create_one_signed_event,872,0.008459,event
signed_hash_chain,create_one_signed_event,873,0.008333,event
signed_hash_chain,create_one_signed_event,874,0.008459,event
signed_hash_chain,create_one_signed_event,875,0.008500,event
signed_hash_chain,create_one_signed_event,876,0.008250,event
signed_hash_chain,create_one_signed_event,877,0.008417,event
signed_hash_chain,create_one_signed_event,878,0.008458,event
signed_hash_chain,create_one_signed_event,879,0.008500,event
signed_hash_chain,create_one_signed_event,880,0.008666,event
signed_hash_chain,create_one_signed_event,881,0.008458,event
signed_hash_chain,create_one_signed_event,882,0.008250,event
signed_hash_chain,create_one_signed_event,883,0.008500,event
signed_hash_chain,create_one_signed_event,884,0.008459,event
signed_hash_chain,create_one_signed_event,885,0.008416,event
signed_hash_chain,create_one_signed_event,886,0.008500,event
signed_hash_chain,create_one_signed_event,887,0.008375,event
signed_hash_chain,create_one_signed_event,888,0.008583,event
signed_hash_chain,create_one_signed_event,889,0.008208,event
signed_hash_chain,create_one_signed_event,890,0.008542,event
signed_hash_chain,create_one_signed_event,891,0.008375,event
signed_hash_chain,create_one_signed_event,892,0.008875,event
signed_hash_chain,create_one_signed_event,893,0.008875,event
signed_hash_chain,create_one_signed_event,894,0.008458,event
signed_hash_chain,create_one_signed_event,895,0.008417,event
signed_hash_chain,create_one_signed_event,896,0.008709,event
signed_hash_chain,create_one_signed_event,897,0.008291,event
signed_hash_chain,create_one_signed_event,898,0.008417,event
signed_hash_chain,create_one_signed_event,899,0.008583,event
signed_hash_chain,create_one_signed_event,900,0.008292,event
signed_hash_chain,create_one_signed_event,901,0.008417,event
signed_hash_chain,create_one_signed_event,902,0.008666,event
signed_hash_chain,create_one_signed_event,903,0.008375,event
signed_hash_chain,create_one_signed_event,904,0.008416,event
signed_hash_chain,create_one_signed_event,905,0.008375,event
signed_hash_chain,create_one_signed_event,906,0.008500,event
signed_hash_chain,create_one_signed_event,907,0.008583,event
signed_hash_chain,create_one_signed_event,908,0.008750,event
signed_hash_chain,create_one_signed_event,909,0.008375,event
signed_hash_chain,create_one_signed_event,910,0.008708,event
signed_hash_chain,create_one_signed_event,911,0.008584,event
signed_hash_chain,create_one_signed_event,912,0.008375,event
signed_hash_chain,create_one_signed_event,913,0.008541,event
signed_hash_chain,create_one_signed_event,914,0.008458,event
signed_hash_chain,create_one_signed_event,915,0.008459,event
signed_hash_chain,create_one_signed_event,916,0.008541,event
signed_hash_chain,create_one_signed_event,917,0.008375,event
signed_hash_chain,create_one_signed_event,918,0.008750,event
signed_hash_chain,create_one_signed_event,919,0.008417,event
signed_hash_chain,create_one_signed_event,920,0.008541,event
signed_hash_chain,create_one_signed_event,921,0.008250,event
signed_hash_chain,create_one_signed_event,922,0.008416,event
signed_hash_chain,create_one_signed_event,923,0.008500,event
signed_hash_chain,create_one_signed_event,924,0.008333,event
signed_hash_chain,create_one_signed_event,925,0.008500,event
signed_hash_chain,create_one_signed_event,926,0.008416,event
signed_hash_chain,create_one_signed_event,927,0.008416,event
signed_hash_chain,create_one_signed_event,928,0.008708,event
signed_hash_chain,create_one_signed_event,929,0.008459,event
signed_hash_chain,create_one_signed_event,930,0.008792,event
signed_hash_chain,create_one_signed_event,931,0.008458,event
signed_hash_chain,create_one_signed_event,932,0.008542,event
signed_hash_chain,create_one_signed_event,933,0.008375,event
signed_hash_chain,create_one_signed_event,934,0.008541,event
signed_hash_chain,create_one_signed_event,935,0.008583,event
signed_hash_chain,create_one_signed_event,936,0.008708,event
signed_hash_chain,create_one_signed_event,937,0.008416,event
signed_hash_chain,create_one_signed_event,938,0.008666,event
signed_hash_chain,create_one_signed_event,939,0.008458,event
signed_hash_chain,create_one_signed_event,940,0.008459,event
signed_hash_chain,create_one_signed_event,941,0.008500,event
signed_hash_chain,create_one_signed_event,942,0.008416,event
signed_hash_chain,create_one_signed_event,943,0.008375,event
signed_hash_chain,create_one_signed_event,944,0.008333,event
signed_hash_chain,create_one_signed_event,945,0.008625,event
signed_hash_chain,create_one_signed_event,946,0.008458,event
signed_hash_chain,create_one_signed_event,947,0.008458,event
signed_hash_chain,create_one_signed_event,948,0.008583,event
signed_hash_chain,create_one_signed_event,949,0.008458,event
signed_hash_chain,create_one_signed_event,950,0.008541,event
signed_hash_chain,create_one_signed_event,951,0.008583,event
signed_hash_chain,create_one_signed_event,952,0.008541,event
signed_hash_chain,create_one_signed_event,953,0.008417,event
signed_hash_chain,create_one_signed_event,954,0.008584,event
signed_hash_chain,create_one_signed_event,955,0.008750,event
signed_hash_chain,create_one_signed_event,956,0.008584,event
signed_hash_chain,create_one_signed_event,957,0.008375,event
signed_hash_chain,create_one_signed_event,958,0.008584,event
signed_hash_chain,create_one_signed_event,959,0.009500,event
signed_hash_chain,create_one_signed_event,960,0.011125,event
signed_hash_chain,create_one_signed_event,961,0.009333,event
signed_hash_chain,create_one_signed_event,962,0.008875,event
signed_hash_chain,create_one_signed_event,963,0.008833,event
signed_hash_chain,create_one_signed_event,964,0.008709,event
signed_hash_chain,create_one_signed_event,965,0.008667,event
signed_hash_chain,create_one_signed_event,966,0.009083,event
signed_hash_chain,create_one_signed_event,967,0.008583,event
signed_hash_chain,create_one_signed_event,968,0.008792,event
signed_hash_chain,create_one_signed_event,969,0.008541,event
signed_hash_chain,create_one_signed_event,970,0.008458,event
signed_hash_chain,create_one_signed_event,971,0.008375,event
signed_hash_chain,create_one_signed_event,972,0.008875,event
signed_hash_chain,create_one_signed_event,973,0.008542,event
signed_hash_chain,create_one_signed_event,974,0.008333,event
signed_hash_chain,create_one_signed_event,975,0.009292,event
signed_hash_chain,create_one_signed_event,976,0.008709,event
signed_hash_chain,create_one_signed_event,977,0.008584,event
signed_hash_chain,create_one_signed_event,978,0.008417,event
signed_hash_chain,create_one_signed_event,979,0.008458,event
signed_hash_chain,create_one_signed_event,980,0.008375,event
signed_hash_chain,create_one_signed_event,981,0.008458,event
signed_hash_chain,create_one_signed_event,982,0.008625,event
signed_hash_chain,create_one_signed_event,983,0.010416,event
signed_hash_chain,create_one_signed_event,984,0.008583,event
signed_hash_chain,create_one_signed_event,985,0.008375,event
signed_hash_chain,create_one_signed_event,986,0.008417,event
signed_hash_chain,create_one_signed_event,987,0.008541,event
signed_hash_chain,create_one_signed_event,988,0.008583,event
signed_hash_chain,create_one_signed_event,989,0.008375,event
signed_hash_chain,create_one_signed_event,990,0.008459,event
signed_hash_chain,create_one_signed_event,991,0.008458,event
signed_hash_chain,create_one_signed_event,992,0.008375,event
signed_hash_chain,create_one_signed_event,993,0.008542,event
signed_hash_chain,create_one_signed_event,994,0.013500,event
signed_hash_chain,create_one_signed_event,995,0.008458,event
signed_hash_chain,create_one_signed_event,996,0.008667,event
signed_hash_chain,create_one_signed_event,997,0.008292,event
signed_hash_chain,create_one_signed_event,998,0.010500,event
signed_hash_chain,create_one_signed_event,999,0.010416,event
signed_hash_chain,create_one_signed_event,1000,0.008834,event
permissioned_blockchain_style,create_one_block,1,0.383500,block
permissioned_blockchain_style,create_one_block,2,0.349291,block
permissioned_blockchain_style,create_one_block,3,0.342875,block
permissioned_blockchain_style,create_one_block,4,0.342917,block
permissioned_blockchain_style,create_one_block,5,0.364666,block
permissioned_blockchain_style,create_one_block,6,0.339917,block
permissioned_blockchain_style,create_one_block,7,0.341500,block
permissioned_blockchain_style,create_one_block,8,0.340292,block
permissioned_blockchain_style,create_one_block,9,0.341125,block
permissioned_blockchain_style,create_one_block,10,0.348208,block
permissioned_blockchain_style,create_one_block,11,0.346792,block
permissioned_blockchain_style,create_one_block,12,0.339417,block
permissioned_blockchain_style,create_one_block,13,0.344125,block
permissioned_blockchain_style,create_one_block,14,0.593209,block
permissioned_blockchain_style,create_one_block,15,0.403375,block
permissioned_blockchain_style,create_one_block,16,0.383958,block
permissioned_blockchain_style,create_one_block,17,0.366500,block
permissioned_blockchain_style,create_one_block,18,0.357291,block
permissioned_blockchain_style,create_one_block,19,0.368958,block
permissioned_blockchain_style,create_one_block,20,0.357417,block
